ISO-10303-21;
HEADER;
FILE_DESCRIPTION (( 'STEP AP214' ),
    '1' );
FILE_NAME ('Base.STEP',
    '2026-08-24T21:27:58',
    ( '' ),
    ( '' ),
    'SwSTEP 2.0',
    'SolidWorks 2025',
    '' );
FILE_SCHEMA (( 'AUTOMOTIVE_DESIGN' ));
ENDSEC;

DATA;
#1 = LINE ( 'NONE', #6304, #4413 ) ;
#2 = AXIS2_PLACEMENT_3D ( 'NONE', #932, #3340, #4111 ) ;
#3 = DIRECTION ( 'NONE',  ( 0.000000000000000000, 1.000000000000000000, 0.000000000000000000 ) ) ;
#4 = CARTESIAN_POINT ( 'NONE',  ( 42.43524478543762513, 26.00000000000001066, -24.49999999999974420 ) ) ;
#5 = AXIS2_PLACEMENT_3D ( 'NONE', #4744, #3367, #9574 ) ;
#6 = LINE ( 'NONE', #4815, #7944 ) ;
#7 = ORIENTED_EDGE ( 'NONE', *, *, #3674, .F. ) ;
#8 = AXIS2_PLACEMENT_3D ( 'NONE', #117, #5651, #5706 ) ;
#9 = CARTESIAN_POINT ( 'NONE',  ( -66.52214940782297958, 4.000000000000000000, 6.249999999999996447 ) ) ;
#10 = DIRECTION ( 'NONE',  ( 0.9659258262890700886, 0.000000000000000000, 0.2588190451025144667 ) ) ;
#11 = ORIENTED_EDGE ( 'NONE', *, *, #3616, .F. ) ;
#12 = DIRECTION ( 'NONE',  ( 6.217248937900876626E-15, 0.000000000000000000, 1.000000000000000000 ) ) ;
#13 = CARTESIAN_POINT ( 'NONE',  ( -53.56071321407137731, 31.20788311109079771, 12.49999999999999112 ) ) ;
#14 = EDGE_LOOP ( 'NONE', ( #789, #5141, #6507, #6024 ) ) ;
#15 = CARTESIAN_POINT ( 'NONE',  ( 32.31394446327391989, 70.50000000000000000, -18.65646453445032904 ) ) ;
#16 = EDGE_CURVE ( 'NONE', #1770, #7584, #9581, .T. ) ;
#17 = EDGE_LOOP ( 'NONE', ( #7986, #4966, #1630, #200, #1379, #4640 ) ) ;
#18 = CIRCLE ( 'NONE', #4923, 55.00000000000000000 ) ;
#19 = CARTESIAN_POINT ( 'NONE',  ( -18.65508692645726185, 61.00000000000000711, 18.42974732841615193 ) ) ;
#20 = CARTESIAN_POINT ( 'NONE',  ( 0.000000000000000000, 4.000000000000000000, -17.49999999999999289 ) ) ;
#21 = VECTOR ( 'NONE', #2662, 1000.000000000000000 ) ;
#22 = AXIS2_PLACEMENT_3D ( 'NONE', #3466, #3316, #4895 ) ;
#23 = EDGE_LOOP ( 'NONE', ( #4525, #2418, #1521, #5509 ) ) ;
#24 = CARTESIAN_POINT ( 'NONE',  ( -35.21754140102315489, 71.00000000000001421, 31.12434381103031811 ) ) ;
#25 = CARTESIAN_POINT ( 'NONE',  ( 54.94869999545207406, 19.78272942124584688, 2.397206535676285721 ) ) ;
#26 = ORIENTED_EDGE ( 'NONE', *, *, #1210, .F. ) ;
#27 = VERTEX_POINT ( 'NONE', #9683 ) ;
#28 = DIRECTION ( 'NONE',  ( 0.000000000000000000, 1.000000000000000000, -0.000000000000000000 ) ) ;
#29 = DIRECTION ( 'NONE',  ( -0.2646834405156327508, 0.000000000000000000, -0.9643353546960764522 ) ) ;
#30 = AXIS2_PLACEMENT_3D ( 'NONE', #6816, #6770, #4984 ) ;
#31 = ORIENTED_EDGE ( 'NONE', *, *, #4375, .T. ) ;
#32 = VECTOR ( 'NONE', #3305, 1000.000000000000000 ) ;
#33 = DIRECTION ( 'NONE',  ( 1.000000000000000000, 0.000000000000000000, 0.000000000000000000 ) ) ;
#34 = FACE_OUTER_BOUND ( 'NONE', #8400, .T. ) ;
#35 = ADVANCED_FACE ( 'NONE', ( #4902 ), #7332, .F. ) ;
#36 = VERTEX_POINT ( 'NONE', #4240 ) ;
#37 = CARTESIAN_POINT ( 'NONE',  ( -40.79874166949124259, 22.48463208098987565, 13.00000000000000178 ) ) ;
#38 = ORIENTED_EDGE ( 'NONE', *, *, #4066, .F. ) ;
#39 = VECTOR ( 'NONE', #2527, 1000.000000000000000 ) ;
#40 = CARTESIAN_POINT ( 'NONE',  ( 35.61195404750180415, 61.00000000000000711, 30.67227948683667904 ) ) ;
#41 = DIRECTION ( 'NONE',  ( 2.664535259100375303E-15, 0.000000000000000000, 1.000000000000000000 ) ) ;
#42 = CARTESIAN_POINT ( 'NONE',  ( 3.509433644628745519, 70.50000000000002842, -29.49192898902932214 ) ) ;
#43 = VERTEX_POINT ( 'NONE', #2450 ) ;
#44 = ADVANCED_FACE ( 'NONE', ( #1685 ), #4799, .T. ) ;
#45 = CARTESIAN_POINT ( 'NONE',  ( -78.04429881564595917, 44.31128874149274566, 17.49999999999999289 ) ) ;
#46 = VERTEX_POINT ( 'NONE', #8202 ) ;
#47 = EDGE_CURVE ( 'NONE', #5950, #8262, #9827, .T. ) ;
#48 = LINE ( 'NONE', #7850, #3593 ) ;
#49 = DIRECTION ( 'NONE',  ( -0.000000000000000000, 1.000000000000000000, -0.000000000000000000 ) ) ;
#50 = VERTEX_POINT ( 'NONE', #2808 ) ;
#51 = CARTESIAN_POINT ( 'NONE',  ( 29.12645237521085662, 53.50000000000000711, 30.94995592944475504 ) ) ;
#52 = EDGE_CURVE ( 'NONE', #9638, #2692, #9011, .T. ) ;
#53 = VECTOR ( 'NONE', #3580, 1000.000000000000000 ) ;
#54 = EDGE_CURVE ( 'NONE', #778, #8878, #2854, .T. ) ;
#55 = DIRECTION ( 'NONE',  ( -0.000000000000000000, 1.000000000000000000, -0.000000000000000000 ) ) ;
#56 = CARTESIAN_POINT ( 'NONE',  ( -12.49999999999980282, 71.00000000000001421, 53.56071321407141284 ) ) ;
#57 = CARTESIAN_POINT ( 'NONE',  ( 22.39516677087713248, 70.49999999999998579, -6.146855202364192472 ) ) ;
#58 = CARTESIAN_POINT ( 'NONE',  ( -12.49999999999980282, 4.000000000000000000, 53.56071321407141284 ) ) ;
#59 = ORIENTED_EDGE ( 'NONE', *, *, #1428, .T. ) ;
#60 = CARTESIAN_POINT ( 'NONE',  ( 0.000000000000000000, 30.49999999999998934, 0.000000000000000000 ) ) ;
#61 = PLANE ( 'NONE',  #3228 ) ;
#62 = VERTEX_POINT ( 'NONE', #5930 ) ;
#63 = CARTESIAN_POINT ( 'NONE',  ( 0.000000000000000000, 71.00000000000001421, 0.000000000000000000 ) ) ;
#64 = CARTESIAN_POINT ( 'NONE',  ( -27.49999999999953815, 26.00000000000001066, -47.63139720814438505 ) ) ;
#65 = ORIENTED_EDGE ( 'NONE', *, *, #417, .T. ) ;
#66 = ORIENTED_EDGE ( 'NONE', *, *, #2756, .T. ) ;
#67 = DIRECTION ( 'NONE',  ( -0.9643353546960801159, 0.000000000000000000, -0.2646834405156194836 ) ) ;
#68 = CARTESIAN_POINT ( 'NONE',  ( -43.78253914824667703, 51.00000000000000711, -10.39659875787502585 ) ) ;
#69 = EDGE_LOOP ( 'NONE', ( #3205, #8748, #1464, #709 ) ) ;
#70 = DIRECTION ( 'NONE',  ( 0.000000000000000000, 0.000000000000000000, 1.000000000000000000 ) ) ;
#71 = LINE ( 'NONE', #9456, #5728 ) ;
#72 = ORIENTED_EDGE ( 'NONE', *, *, #3992, .T. ) ;
#73 = CARTESIAN_POINT ( 'NONE',  ( 66.52214940782297958, -1.000000000000000000, -4.799999999999997158 ) ) ;
#74 = ORIENTED_EDGE ( 'NONE', *, *, #9427, .F. ) ;
#75 = AXIS2_PLACEMENT_3D ( 'NONE', #678, #6779, #8329 ) ;
#76 = CARTESIAN_POINT ( 'NONE',  ( 0.000000000000000000, 61.00000000000000711, 0.000000000000000000 ) ) ;
#77 = CARTESIAN_POINT ( 'NONE',  ( 0.000000000000000000, 61.00000000000000711, 0.000000000000000000 ) ) ;
#78 = VERTEX_POINT ( 'NONE', #5976 ) ;
#79 = CARTESIAN_POINT ( 'NONE',  ( -43.00858004551384539, 20.67325261188292629, -13.00000000000000000 ) ) ;
#80 = CARTESIAN_POINT ( 'NONE',  ( 52.14163403653552820, 31.20788311109079416, -17.49999999999999289 ) ) ;
#81 = EDGE_LOOP ( 'NONE', ( #4030, #8315, #9103, #4555 ) ) ;
#82 = CYLINDRICAL_SURFACE ( 'NONE', #5383, 29.70000000000000284 ) ;
#83 = ORIENTED_EDGE ( 'NONE', *, *, #3721, .T. ) ;
#84 = ORIENTED_EDGE ( 'NONE', *, *, #7404, .T. ) ;
#85 = DIRECTION ( 'NONE',  ( 0.8660254037844398178, 0.000000000000000000, 0.4999999999999981126 ) ) ;
#86 = DIRECTION ( 'NONE',  ( 0.000000000000000000, 0.000000000000000000, -1.000000000000000000 ) ) ;
#87 = LINE ( 'NONE', #2448, #2967 ) ;
#88 = ADVANCED_FACE ( 'NONE', ( #6799 ), #9113, .T. ) ;
#89 = VECTOR ( 'NONE', #2242, 1000.000000000000000 ) ;
#90 = ADVANCED_FACE ( 'NONE', ( #5206 ), #1939, .T. ) ;
#91 = ORIENTED_EDGE ( 'NONE', *, *, #9834, .T. ) ;
#92 = CARTESIAN_POINT ( 'NONE',  ( -16.52091614407034115, 70.50000000000002842, 16.32135574438676429 ) ) ;
#93 = VERTEX_POINT ( 'NONE', #9732 ) ;
#94 = DIRECTION ( 'NONE',  ( -0.000000000000000000, 1.000000000000000000, -0.000000000000000000 ) ) ;
#95 = CARTESIAN_POINT ( 'NONE',  ( -1.734723475976807094E-15, 61.00000000000000711, -33.04427230315816644 ) ) ;
#96 = PLANE ( 'NONE',  #8864 ) ;
#97 = ORIENTED_EDGE ( 'NONE', *, *, #8568, .T. ) ;
#98 = ADVANCED_FACE ( 'NONE', ( #3473 ), #8251, .F. ) ;
#99 = FACE_OUTER_BOUND ( 'NONE', #6661, .T. ) ;
#100 = AXIS2_PLACEMENT_3D ( 'NONE', #7255, #4061, #2480 ) ;
#101 = DIRECTION ( 'NONE',  ( 0.000000000000000000, -1.000000000000000000, 0.000000000000000000 ) ) ;
#102 = DIRECTION ( 'NONE',  ( 0.000000000000000000, 1.000000000000000000, 0.000000000000000000 ) ) ;
#103 = CARTESIAN_POINT ( 'NONE',  ( 5.204170427930421283E-15, 61.00000000000000711, 37.31292906889989780 ) ) ;
#104 = EDGE_CURVE ( 'NONE', #4962, #4159, #8301, .T. ) ;
#105 = CIRCLE ( 'NONE', #3704, 1.449999999999999067 ) ;
#106 = LINE ( 'NONE', #4710, #9740 ) ;
#107 = ORIENTED_EDGE ( 'NONE', *, *, #2219, .T. ) ;
#108 = CARTESIAN_POINT ( 'NONE',  ( 5.874250626807051567, 70.49999999999998579, 22.46821094675069475 ) ) ;
#109 = VECTOR ( 'NONE', #1870, 1000.000000000000227 ) ;
#110 = CARTESIAN_POINT ( 'NONE',  ( 63.04429881564596627, 31.20788311109079771, -17.49999999999999289 ) ) ;
#111 = ORIENTED_EDGE ( 'NONE', *, *, #1625, .T. ) ;
#112 = DIRECTION ( 'NONE',  ( 0.2646834405156395786, 0.000000000000000000, 0.9643353546960745648 ) ) ;
#113 = DIRECTION ( 'NONE',  ( 0.000000000000000000, -0.000000000000000000, -1.000000000000000000 ) ) ;
#114 = ORIENTED_EDGE ( 'NONE', *, *, #5381, .T. ) ;
#115 = VECTOR ( 'NONE', #6428, 1000.000000000000000 ) ;
#116 = DIRECTION ( 'NONE',  ( -0.7071067811865462405, 0.000000000000000000, 0.7071067811865489050 ) ) ;
#117 = CARTESIAN_POINT ( 'NONE',  ( 0.000000000000000000, 31.20788311109079416, 0.000000000000000000 ) ) ;
#118 = EDGE_CURVE ( 'NONE', #4776, #7983, #4484, .T. ) ;
#119 = EDGE_CURVE ( 'NONE', #3641, #6468, #6753, .T. ) ;
#120 = VERTEX_POINT ( 'NONE', #1324 ) ;
#121 = CARTESIAN_POINT ( 'NONE',  ( -43.08131845707601570, 20.00000000000000000, 13.00000000000000000 ) ) ;
#122 = EDGE_CURVE ( 'NONE', #9244, #282, #2139, .T. ) ;
#123 = CARTESIAN_POINT ( 'NONE',  ( 0.000000000000000000, 71.00000000000001421, 0.000000000000000000 ) ) ;
#124 = EDGE_LOOP ( 'NONE', ( #7889, #1048 ) ) ;
#125 = ADVANCED_FACE ( 'NONE', ( #8408 ), #4293, .F. ) ;
#126 = CARTESIAN_POINT ( 'NONE',  ( -5.172418207862919282, 74.83227724332924424, -25.91293310725792765 ) ) ;
#127 = ORIENTED_EDGE ( 'NONE', *, *, #9880, .F. ) ;
#128 = CARTESIAN_POINT ( 'NONE',  ( 6.633085908507855954, 61.00000000000000711, -25.37065285232711886 ) ) ;
#129 = DIRECTION ( 'NONE',  ( -0.6818880686435331295, -0.7071067811865445751, 0.1871594556563908884 ) ) ;
#130 = ORIENTED_EDGE ( 'NONE', *, *, #7315, .T. ) ;
#131 = CARTESIAN_POINT ( 'NONE',  ( 44.56385867493970210, 14.00000000000000000, -6.250000000000000000 ) ) ;
#132 = PLANE ( 'NONE',  #3451 ) ;
#133 = ORIENTED_EDGE ( 'NONE', *, *, #7882, .F. ) ;
#134 = DIRECTION ( 'NONE',  ( 1.000000000000000000, 0.000000000000000000, 0.000000000000000000 ) ) ;
#135 = ORIENTED_EDGE ( 'NONE', *, *, #2674, .F. ) ;
#136 = EDGE_LOOP ( 'NONE', ( #7758, #6310 ) ) ;
#137 = CARTESIAN_POINT ( 'NONE',  ( 24.24999999999999645, 4.000000000000000000, -19.51666049839546346 ) ) ;
#138 = DIRECTION ( 'NONE',  ( -0.000000000000000000, -1.000000000000000000, 0.000000000000000000 ) ) ;
#139 = PLANE ( 'NONE',  #511 ) ;
#140 = EDGE_CURVE ( 'NONE', #2958, #1188, #4027, .T. ) ;
#141 = ORIENTED_EDGE ( 'NONE', *, *, #6767, .F. ) ;
#142 = DIRECTION ( 'NONE',  ( 0.000000000000000000, -1.000000000000000000, 0.000000000000000000 ) ) ;
#143 = EDGE_LOOP ( 'NONE', ( #7335, #633, #2543, #6377 ) ) ;
#144 = EDGE_CURVE ( 'NONE', #8106, #707, #1742, .T. ) ;
#145 = CARTESIAN_POINT ( 'NONE',  ( 54.70461014035181080, 11.41308995099330126, 5.693135966072854437 ) ) ;
#146 = CARTESIAN_POINT ( 'NONE',  ( -43.08131845707601570, 4.000000000000000000, -13.00000000000000000 ) ) ;
#147 = FACE_OUTER_BOUND ( 'NONE', #9968, .T. ) ;
#148 = EDGE_LOOP ( 'NONE', ( #1403, #2908 ) ) ;
#149 = CARTESIAN_POINT ( 'NONE',  ( -14.00605903845667655, 81.97053539100430442, -11.58692190557133905 ) ) ;
#150 = CARTESIAN_POINT ( 'NONE',  ( 52.14163403653552820, 71.00000000000001421, -17.49999999999999289 ) ) ;
#151 = CARTESIAN_POINT ( 'NONE',  ( 27.49999999999920419, 26.00000000000001066, 47.63139720814457689 ) ) ;
#152 = CARTESIAN_POINT ( 'NONE',  ( -29.35799583531085233, 53.48381987524007286, -31.18149938954473299 ) ) ;
#153 = B_SPLINE_CURVE_WITH_KNOTS ( 'NONE', 3,
 ( #1934, #5052, #1169, #9379, #10145, #8046, #2354, #6451, #2551, #1022, #4141, #242, #3366, #6501, #2031, #5300 ),
 .UNSPECIFIED., .F., .F.,
 ( 4, 2, 2, 2, 2, 2, 2, 4 ),
 ( 6.938893903907228378E-18, 0.0004882818077346302897, 0.0009765636154692536406, 0.001464845423203877100, 0.001953127230938500342, 0.002441409038673123585, 0.002929690846407747261, 0.003906254461876976398 ),
 .UNSPECIFIED. ) ;
#154 = VECTOR ( 'NONE', #3671, 1000.000000000000000 ) ;
#155 = CIRCLE ( 'NONE', #2780, 60.62500000000000000 ) ;
#156 = EDGE_CURVE ( 'NONE', #2961, #7786, #7975, .T. ) ;
#157 = FACE_BOUND ( 'NONE', #9687, .T. ) ;
#158 = VERTEX_POINT ( 'NONE', #2761 ) ;
#159 = CARTESIAN_POINT ( 'NONE',  ( -5.874250626806746034, 61.00000000000000711, 22.46821094675078356 ) ) ;
#160 = CIRCLE ( 'NONE', #5891, 17.12500000000000000 ) ;
#161 = CARTESIAN_POINT ( 'NONE',  ( 24.24999999999999645, 4.000000000000000000, 19.51666049839546346 ) ) ;
#162 = ORIENTED_EDGE ( 'NONE', *, *, #3175, .T. ) ;
#163 = LINE ( 'NONE', #8079, #2823 ) ;
#164 = CARTESIAN_POINT ( 'NONE',  ( 0.000000000000000000, 66.00000000000000000, 0.000000000000000000 ) ) ;
#165 = ORIENTED_EDGE ( 'NONE', *, *, #9955, .T. ) ;
#166 = EDGE_CURVE ( 'NONE', #5522, #2326, #446, .T. ) ;
#167 = CIRCLE ( 'NONE', #7536, 50.00000000000000000 ) ;
#168 = LINE ( 'NONE', #3294, #7827 ) ;
#169 = CARTESIAN_POINT ( 'NONE',  ( -16.87661127446815001, 71.00000000000001421, -16.67275434172498905 ) ) ;
#170 = AXIS2_PLACEMENT_3D ( 'NONE', #77, #5551, #3204 ) ;
#171 = EDGE_CURVE ( 'NONE', #9808, #1045, #6701, .T. ) ;
#172 = VECTOR ( 'NONE', #822, 1000.000000000000114 ) ;
#173 = CIRCLE ( 'NONE', #2954, 48.99999999999998579 ) ;
#174 = ORIENTED_EDGE ( 'NONE', *, *, #8158, .F. ) ;
#175 = CYLINDRICAL_SURFACE ( 'NONE', #9776, 1.300000000000001599 ) ;
#176 = ADVANCED_FACE ( 'NONE', ( #7010 ), #5461, .T. ) ;
#177 = CARTESIAN_POINT ( 'NONE',  ( -34.25000000000000000, 23.30000000000000071, -3.699999999999998401 ) ) ;
#178 = ORIENTED_EDGE ( 'NONE', *, *, #5588, .T. ) ;
#179 = DIRECTION ( 'NONE',  ( -0.000000000000000000, -1.000000000000000000, -0.000000000000000000 ) ) ;
#180 = EDGE_LOOP ( 'NONE', ( #3108, #1617, #610, #9326 ) ) ;
#181 = CARTESIAN_POINT ( 'NONE',  ( 2.108547280816512437, 70.50000000000000000, 35.17860068602902857 ) ) ;
#182 = DIRECTION ( 'NONE',  ( -0.2588190451025181305, 0.000000000000000000, -0.9659258262890689783 ) ) ;
#183 = AXIS2_PLACEMENT_3D ( 'NONE', #5043, #4328, #6634 ) ;
#184 = ORIENTED_EDGE ( 'NONE', *, *, #1800, .F. ) ;
#185 = VECTOR ( 'NONE', #7619, 1000.000000000000114 ) ;
#186 = ADVANCED_FACE ( 'NONE', ( #10076 ), #6852, .T. ) ;
#187 = DIRECTION ( 'NONE',  ( -0.7113902607956420487, 0.000000000000000000, 0.7027971946764646205 ) ) ;
#188 = ADVANCED_FACE ( 'NONE', ( #4534 ), #3157, .T. ) ;
#189 = LINE ( 'NONE', #7161, #185 ) ;
#190 = VECTOR ( 'NONE', #9409, 1000.000000000000000 ) ;
#191 = ORIENTED_EDGE ( 'NONE', *, *, #2928, .F. ) ;
#192 = VECTOR ( 'NONE', #1513, 1000.000000000000000 ) ;
#193 = CARTESIAN_POINT ( 'NONE',  ( 0.000000000000000000, 4.000000000000000000, 12.49999999999999112 ) ) ;
#194 = ORIENTED_EDGE ( 'NONE', *, *, #9705, .F. ) ;
#195 = ORIENTED_EDGE ( 'NONE', *, *, #9141, .F. ) ;
#196 = CARTESIAN_POINT ( 'NONE',  ( -24.49999999999959499, 26.00000000000001066, -42.43524478543770329 ) ) ;
#197 = AXIS2_PLACEMENT_3D ( 'NONE', #5337, #1454, #730 ) ;
#198 = DIRECTION ( 'NONE',  ( -0.5000000000000006661, -0.000000000000000000, -0.8660254037844381525 ) ) ;
#199 = CARTESIAN_POINT ( 'NONE',  ( 0.000000000000000000, 53.50000000000000711, 0.000000000000000000 ) ) ;
#200 = ORIENTED_EDGE ( 'NONE', *, *, #938, .T. ) ;
#201 = ORIENTED_EDGE ( 'NONE', *, *, #9382, .T. ) ;
#202 = CARTESIAN_POINT ( 'NONE',  ( 63.04429881564596627, 31.20788311109079771, 17.49999999999999289 ) ) ;
#203 = VECTOR ( 'NONE', #6566, 1000.000000000000114 ) ;
#204 = ORIENTED_EDGE ( 'NONE', *, *, #3133, .T. ) ;
#205 = CARTESIAN_POINT ( 'NONE',  ( 54.66653962113561249, 12.37021986346526425, 6.047814237810213989 ) ) ;
#206 = ORIENTED_EDGE ( 'NONE', *, *, #6466, .F. ) ;
#207 = CARTESIAN_POINT ( 'NONE',  ( 2.963645253936595397E-15, 68.50000000000000000, -24.20000000000000639 ) ) ;
#208 = LINE ( 'NONE', #3382, #1303 ) ;
#209 = ORIENTED_EDGE ( 'NONE', *, *, #3128, .T. ) ;
#210 = FACE_OUTER_BOUND ( 'NONE', #5666, .T. ) ;
#211 = VECTOR ( 'NONE', #456, 1000.000000000000000 ) ;
#212 = FACE_OUTER_BOUND ( 'NONE', #5049, .T. ) ;
#213 = CARTESIAN_POINT ( 'NONE',  ( 30.66169215719523322, 52.25174752504369025, -32.48519571142915652 ) ) ;
#214 = LINE ( 'NONE', #57, #6320 ) ;
#215 = CARTESIAN_POINT ( 'NONE',  ( 17.50000000000020961, 31.20788311109079771, 63.04429881564590943 ) ) ;
#216 = ORIENTED_EDGE ( 'NONE', *, *, #9884, .F. ) ;
#217 = DIRECTION ( 'NONE',  ( -2.312964634635743450E-16, -1.000000000000000000, 0.000000000000000000 ) ) ;
#218 = CARTESIAN_POINT ( 'NONE',  ( 0.000000000000000000, 71.00000000000001421, 0.000000000000000000 ) ) ;
#219 = ORIENTED_EDGE ( 'NONE', *, *, #4779, .F. ) ;
#220 = CARTESIAN_POINT ( 'NONE',  ( -23.40485743934988250, 61.00000000000000711, 20.98572030646477060 ) ) ;
#221 = CARTESIAN_POINT ( 'NONE',  ( -0.3337243123704481396, 71.00000000000001421, 1.245476089487488558 ) ) ;
#222 = EDGE_LOOP ( 'NONE', ( #2013, #4417, #9963, #5836, #3471 ) ) ;
#223 = EDGE_CURVE ( 'NONE', #1674, #4059, #4897, .T. ) ;
#224 = DIRECTION ( 'NONE',  ( -0.000000000000000000, 1.000000000000000000, -0.000000000000000000 ) ) ;
#225 = EDGE_CURVE ( 'NONE', #2856, #801, #3875, .T. ) ;
#226 = CARTESIAN_POINT ( 'NONE',  ( 13.74999999999999822, 23.30000000000000071, 5.000000000000000000 ) ) ;
#227 = VECTOR ( 'NONE', #1691, 999.9999999999998863 ) ;
#228 = DIRECTION ( 'NONE',  ( -3.965082230804129727E-16, 0.000000000000000000, 1.000000000000000000 ) ) ;
#229 = CARTESIAN_POINT ( 'NONE',  ( -27.50653484719889263, 70.83629404531718876, -11.20511397484421146 ) ) ;
#230 = ORIENTED_EDGE ( 'NONE', *, *, #7402, .T. ) ;
#231 = CARTESIAN_POINT ( 'NONE',  ( 2.097207643539842173E-15, 56.00000000000000711, 17.12500000000000000 ) ) ;
#232 = ORIENTED_EDGE ( 'NONE', *, *, #9744, .T. ) ;
#233 = CARTESIAN_POINT ( 'NONE',  ( 0.000000000000000000, 26.00000000000001066, 0.000000000000000000 ) ) ;
#234 = DIRECTION ( 'NONE',  ( 1.047444401652940007E-14, 0.000000000000000000, 1.000000000000000000 ) ) ;
#235 = CARTESIAN_POINT ( 'NONE',  ( -43.08131845707601570, 20.33847415178962237, -13.00000000000000533 ) ) ;
#236 = CARTESIAN_POINT ( 'NONE',  ( 6.471738182438349973, 70.50000000000000000, -30.76206126766260951 ) ) ;
#237 = ORIENTED_EDGE ( 'NONE', *, *, #2424, .F. ) ;
#238 = EDGE_CURVE ( 'NONE', #455, #6114, #594, .T. ) ;
#239 = FACE_OUTER_BOUND ( 'NONE', #353, .T. ) ;
#240 = VERTEX_POINT ( 'NONE', #8557 ) ;
#241 = ORIENTED_EDGE ( 'NONE', *, *, #4426, .T. ) ;
#242 = CARTESIAN_POINT ( 'NONE',  ( 12.56498084201617260, 53.16885668983581326, 41.91124254058441778 ) ) ;
#243 = CARTESIAN_POINT ( 'NONE',  ( 32.31394446327392700, 61.00000000000000711, -18.65646453445032904 ) ) ;
#244 = CARTESIAN_POINT ( 'NONE',  ( -34.25000000000000000, 23.30000000000000071, 5.000000000000000000 ) ) ;
#245 = PLANE ( 'NONE',  #9519 ) ;
#246 = ORIENTED_EDGE ( 'NONE', *, *, #6755, .F. ) ;
#247 = EDGE_LOOP ( 'NONE', ( #4139, #4008, #7892, #1944 ) ) ;
#248 = ORIENTED_EDGE ( 'NONE', *, *, #4315, .T. ) ;
#249 = EDGE_CURVE ( 'NONE', #8681, #2785, #7835, .T. ) ;
#250 = DIRECTION ( 'NONE',  ( -0.6818880686435455640, -0.7071067811865316965, 0.1871594556563943024 ) ) ;
#251 = EDGE_CURVE ( 'NONE', #6534, #4680, #4090, .T. ) ;
#252 = ORIENTED_EDGE ( 'NONE', *, *, #8567, .F. ) ;
#253 = DIRECTION ( 'NONE',  ( 0.4999999999999859557, 0.000000000000000000, 0.8660254037844468122 ) ) ;
#254 = EDGE_CURVE ( 'NONE', #1313, #9493, #2229, .T. ) ;
#255 = EDGE_CURVE ( 'NONE', #3910, #783, #3718, .T. ) ;
#256 = DIRECTION ( 'NONE',  ( 0.000000000000000000, 0.000000000000000000, 1.000000000000000000 ) ) ;
#257 = VECTOR ( 'NONE', #8796, 1000.000000000000000 ) ;
#258 = AXIS2_PLACEMENT_3D ( 'NONE', #2087, #397, #2906 ) ;
#259 = ORIENTED_EDGE ( 'NONE', *, *, #144, .F. ) ;
#260 = DIRECTION ( 'NONE',  ( -0.3449775664491150362, -0.9386109303896084111, 0.000000000000000000 ) ) ;
#261 = ORIENTED_EDGE ( 'NONE', *, *, #8024, .F. ) ;
#262 = AXIS2_PLACEMENT_3D ( 'NONE', #4650, #2249, #1485 ) ;
#263 = FACE_OUTER_BOUND ( 'NONE', #8868, .T. ) ;
#264 = CARTESIAN_POINT ( 'NONE',  ( -0.4427328229371071400, 61.00000000000000711, 1.652301389379722707 ) ) ;
#265 = AXIS2_PLACEMENT_3D ( 'NONE', #9237, #9952, #6209 ) ;
#266 = B_SPLINE_CURVE_WITH_KNOTS ( 'NONE', 3,
 ( #9824, #5828, #8197, #3664, #491, #1172, #394, #9777, #2757, #5872, #9006, #8248, #9111, #1222, #4338, #7476 ),
 .UNSPECIFIED., .F., .F.,
 ( 4, 2, 2, 2, 2, 2, 2, 4 ),
 ( 7.152448122690996019E-18, 0.0004882819947050140181, 0.0009765639894100208804, 0.001464845984115027743, 0.001953127978820034388, 0.002441409973525040817, 0.002929691968230048113, 0.003906255957640080920 ),
 .UNSPECIFIED. ) ;
#267 = DIRECTION ( 'NONE',  ( -0.000000000000000000, 1.000000000000000000, -0.000000000000000000 ) ) ;
#268 = ORIENTED_EDGE ( 'NONE', *, *, #9136, .F. ) ;
#269 = DIRECTION ( 'NONE',  ( 0.9674806351920929304, 0.000000000000000000, -0.2529450939004439514 ) ) ;
#270 = CARTESIAN_POINT ( 'NONE',  ( 12.88755093684979336, 53.50000000000000711, 43.11509052350583460 ) ) ;
#271 = VERTEX_POINT ( 'NONE', #3774 ) ;
#272 = CARTESIAN_POINT ( 'NONE',  ( 66.52214940782297958, -1.000000000000000000, 7.699999999999994849 ) ) ;
#273 = ORIENTED_EDGE ( 'NONE', *, *, #7275, .F. ) ;
#274 = CARTESIAN_POINT ( 'NONE',  ( 2.108547280816509328, 61.00000000000000711, -35.17860068602901435 ) ) ;
#275 = LINE ( 'NONE', #7194, #4205 ) ;
#276 = VECTOR ( 'NONE', #9566, 1000.000000000000000 ) ;
#277 = VECTOR ( 'NONE', #4659, 1000.000000000000000 ) ;
#278 = AXIS2_PLACEMENT_3D ( 'NONE', #7876, #7826, #945 ) ;
#279 = CARTESIAN_POINT ( 'NONE',  ( 9.719403950192180730, 70.50000000000000000, 42.88251491892219747 ) ) ;
#280 = DIRECTION ( 'NONE',  ( 0.8660254037844370423, 0.000000000000000000, 0.5000000000000027756 ) ) ;
#281 = EDGE_CURVE ( 'NONE', #62, #2119, #2388, .T. ) ;
#282 = VERTEX_POINT ( 'NONE', #8653 ) ;
#283 = DIRECTION ( 'NONE',  ( -1.000000000000000000, 0.000000000000000000, 0.000000000000000000 ) ) ;
#284 = ORIENTED_EDGE ( 'NONE', *, *, #933, .F. ) ;
#285 = DIRECTION ( 'NONE',  ( 0.000000000000000000, -1.000000000000000000, 0.000000000000000000 ) ) ;
#286 = CARTESIAN_POINT ( 'NONE',  ( 17.49999999999919353, 44.31128874149307961, -78.04429881564612970 ) ) ;
#287 = VECTOR ( 'NONE', #985, 1000.000000000000114 ) ;
#288 = LINE ( 'NONE', #2650, #1915 ) ;
#289 = FACE_OUTER_BOUND ( 'NONE', #5700, .T. ) ;
#290 = VERTEX_POINT ( 'NONE', #2955 ) ;
#291 = LINE ( 'NONE', #9672, #8201 ) ;
#292 = ORIENTED_EDGE ( 'NONE', *, *, #1210, .T. ) ;
#293 = VERTEX_POINT ( 'NONE', #7787 ) ;
#294 = PLANE ( 'NONE',  #3952 ) ;
#295 = CARTESIAN_POINT ( 'NONE',  ( 0.000000000000000000, 53.50000000000000711, 0.000000000000000000 ) ) ;
#296 = CARTESIAN_POINT ( 'NONE',  ( -1.209568566442596138, 61.00000000000000711, 1.209568566442608573 ) ) ;
#297 = CARTESIAN_POINT ( 'NONE',  ( -1.652301389379721153, 71.00000000000001421, 0.4427328229371134127 ) ) ;
#298 = ORIENTED_EDGE ( 'NONE', *, *, #3056, .F. ) ;
#299 = EDGE_CURVE ( 'NONE', #1532, #5685, #3007, .T. ) ;
#300 = CARTESIAN_POINT ( 'NONE',  ( 1.209568566442587478, 61.00000000000000711, -1.209568566442616788 ) ) ;
#301 = EDGE_CURVE ( 'NONE', #5688, #5874, #7810, .T. ) ;
#302 = ORIENTED_EDGE ( 'NONE', *, *, #3410, .T. ) ;
#303 = EDGE_CURVE ( 'NONE', #5681, #5847, #5998, .T. ) ;
#304 = CARTESIAN_POINT ( 'NONE',  ( 54.93159324804675236, 8.381575249109497250, 2.768317538618146667 ) ) ;
#305 = VERTEX_POINT ( 'NONE', #9260 ) ;
#306 = DIRECTION ( 'NONE',  ( 0.000000000000000000, 1.000000000000000000, 0.000000000000000000 ) ) ;
#307 = DIRECTION ( 'NONE',  ( -7.852594892236579202E-15, 0.5749972691930270718, 0.8181553278079668479 ) ) ;
#308 = ORIENTED_EDGE ( 'NONE', *, *, #2262, .F. ) ;
#309 = PLANE ( 'NONE',  #9051 ) ;
#310 = ORIENTED_EDGE ( 'NONE', *, *, #8742, .T. ) ;
#311 = EDGE_CURVE ( 'NONE', #4801, #2092, #2235, .T. ) ;
#312 = EDGE_CURVE ( 'NONE', #8974, #7488, #8624, .T. ) ;
#313 = LINE ( 'NONE', #8980, #5023 ) ;
#314 = FACE_BOUND ( 'NONE', #180, .T. ) ;
#315 = ORIENTED_EDGE ( 'NONE', *, *, #7457, .F. ) ;
#316 = PLANE ( 'NONE',  #9022 ) ;
#317 = ORIENTED_EDGE ( 'NONE', *, *, #9524, .T. ) ;
#318 = CARTESIAN_POINT ( 'NONE',  ( 78.04429881564595917, 44.31128874149274566, -17.49999999999999289 ) ) ;
#319 = DIRECTION ( 'NONE',  ( -0.7027971946764645095, 0.000000000000000000, -0.7113902607956420487 ) ) ;
#320 = ORIENTED_EDGE ( 'NONE', *, *, #2930, .T. ) ;
#321 = PRODUCT_DEFINITION_SHAPE ( 'NONE', 'NONE',  #10063 ) ;
#322 = VECTOR ( 'NONE', #9535, 1000.000000000000114 ) ;
#323 = DIRECTION ( 'NONE',  ( 0.2646834405156262560, 0.000000000000000000, -0.9643353546960782285 ) ) ;
#324 = LINE ( 'NONE', #1203, #6821 ) ;
#325 = DIRECTION ( 'NONE',  ( -1.000000000000000000, 0.000000000000000000, -3.491481338843133355E-15 ) ) ;
#326 = PLANE ( 'NONE',  #6175 ) ;
#327 = FACE_BOUND ( 'NONE', #8593, .T. ) ;
#328 = VERTEX_POINT ( 'NONE', #752 ) ;
#329 = CARTESIAN_POINT ( 'NONE',  ( -0.3337243123704493053, 53.50000000000000711, -1.245476089487487226 ) ) ;
#330 = VECTOR ( 'NONE', #4528, 1000.000000000000000 ) ;
#331 = ORIENTED_EDGE ( 'NONE', *, *, #6047, .F. ) ;
#332 = CARTESIAN_POINT ( 'NONE',  ( -42.43524478543762513, 71.00000000000001421, 24.49999999999974420 ) ) ;
#333 = EDGE_CURVE ( 'NONE', #9028, #3867, #8749, .T. ) ;
#334 = PLANE ( 'NONE',  #5748 ) ;
#335 = VECTOR ( 'NONE', #2369, 1000.000000000000000 ) ;
#336 = DIRECTION ( 'NONE',  ( -0.9674806351920929304, 0.000000000000000000, 0.2529450939004439514 ) ) ;
#337 = DIRECTION ( 'NONE',  ( 0.000000000000000000, 1.000000000000000000, 0.000000000000000000 ) ) ;
#338 = VECTOR ( 'NONE', #8302, 1000.000000000000000 ) ;
#339 = AXIS2_PLACEMENT_3D ( 'NONE', #5285, #9340, #6833 ) ;
#340 = ORIENTED_EDGE ( 'NONE', *, *, #6074, .T. ) ;
#341 = CARTESIAN_POINT ( 'NONE',  ( 11.25000000000000000, 21.00000000000000000, -5.000000000000000888 ) ) ;
#342 = ORIENTED_EDGE ( 'NONE', *, *, #6325, .F. ) ;
#343 = ORIENTED_EDGE ( 'NONE', *, *, #7265, .F. ) ;
#344 = AXIS2_PLACEMENT_3D ( 'NONE', #2490, #7205, #8800 ) ;
#345 = CARTESIAN_POINT ( 'NONE',  ( 21.13113162539922030, 53.50000000000000711, -22.95463517963318978 ) ) ;
#346 = CIRCLE ( 'NONE', #1985, 24.20000000000000639 ) ;
#347 = DIRECTION ( 'NONE',  ( 0.000000000000000000, -1.000000000000000000, 0.000000000000000000 ) ) ;
#348 = DIRECTION ( 'NONE',  ( -0.000000000000000000, 1.000000000000000000, -0.000000000000000000 ) ) ;
#349 = VERTEX_POINT ( 'NONE', #2494 ) ;
#350 = DIRECTION ( 'NONE',  ( 0.000000000000000000, 1.000000000000000000, 0.000000000000000000 ) ) ;
#351 = EDGE_CURVE ( 'NONE', #3765, #43, #6387, .T. ) ;
#352 = AXIS2_PLACEMENT_3D ( 'NONE', #5365, #8509, #4648 ) ;
#353 = EDGE_LOOP ( 'NONE', ( #2974, #3788, #9438, #3669 ) ) ;
#354 = CARTESIAN_POINT ( 'NONE',  ( -22.39516677087721774, 70.50000000000002842, -6.146855202363884274 ) ) ;
#355 = EDGE_LOOP ( 'NONE', ( #539, #5024, #5923, #8813, #9945 ) ) ;
#356 = CIRCLE ( 'NONE', #8546, 24.12500000000000000 ) ;
#357 = DIRECTION ( 'NONE',  ( -0.7027971946764646205, 0.000000000000000000, 0.7113902607956418267 ) ) ;
#358 = PLANE ( 'NONE',  #2449 ) ;
#359 = ORIENTED_EDGE ( 'NONE', *, *, #532, .F. ) ;
#360 = DIRECTION ( 'NONE',  ( 0.000000000000000000, 0.000000000000000000, -1.000000000000000000 ) ) ;
#361 = EDGE_CURVE ( 'NONE', #3794, #1723, #9115, .T. ) ;
#362 = VERTEX_POINT ( 'NONE', #5555 ) ;
#363 = AXIS2_PLACEMENT_3D ( 'NONE', #7880, #1416, #9253 ) ;
#364 = EDGE_CURVE ( 'NONE', #5200, #36, #8427, .T. ) ;
#365 = CARTESIAN_POINT ( 'NONE',  ( 25.28817283496548995, 61.00000000000000711, 6.940905523910584130 ) ) ;
#366 = CARTESIAN_POINT ( 'NONE',  ( 60.62599999999999767, 5.000000000000000000, -4.999999999999999112 ) ) ;
#367 = ORIENTED_EDGE ( 'NONE', *, *, #3989, .T. ) ;
#368 = CARTESIAN_POINT ( 'NONE',  ( 0.000000000000000000, 53.50000000000000711, -17.12500000000000000 ) ) ;
#369 = EDGE_CURVE ( 'NONE', #1787, #5975, #288, .T. ) ;
#370 = AXIS2_PLACEMENT_3D ( 'NONE', #63, #9443, #4770 ) ;
#371 = EDGE_LOOP ( 'NONE', ( #858, #6176, #7078, #7839 ) ) ;
#372 = LINE ( 'NONE', #5130, #8232 ) ;
#373 = EDGE_CURVE ( 'NONE', #2890, #5181, #4204, .T. ) ;
#374 = ORIENTED_EDGE ( 'NONE', *, *, #8212, .T. ) ;
#375 = CARTESIAN_POINT ( 'NONE',  ( 1.209568566442612791, 61.00000000000000711, 1.209568566442591031 ) ) ;
#376 = CARTESIAN_POINT ( 'NONE',  ( 0.000000000000000000, 20.00000000000000000, 0.000000000000000000 ) ) ;
#377 = DIRECTION ( 'NONE',  ( 0.000000000000000000, 1.000000000000000000, 0.000000000000000000 ) ) ;
#378 = FACE_BOUND ( 'NONE', #1536, .T. ) ;
#379 = ORIENTED_EDGE ( 'NONE', *, *, #7730, .T. ) ;
#380 = CARTESIAN_POINT ( 'NONE',  ( 0.000000000000000000, 71.00000000000001421, 0.000000000000000000 ) ) ;
#381 = VERTEX_POINT ( 'NONE', #9463 ) ;
#382 = CARTESIAN_POINT ( 'NONE',  ( 19.25000000000000000, 0.000000000000000000, 13.00000000000000000 ) ) ;
#383 = ADVANCED_FACE ( 'NONE', ( #8094 ), #1061, .T. ) ;
#384 = LINE ( 'NONE', #1971, #7723 ) ;
#385 = AXIS2_PLACEMENT_3D ( 'NONE', #2829, #6867, #2203 ) ;
#386 = DIRECTION ( 'NONE',  ( 0.000000000000000000, 1.000000000000000000, 0.000000000000000000 ) ) ;
#387 = LINE ( 'NONE', #2748, #998 ) ;
#388 = ORIENTED_EDGE ( 'NONE', *, *, #8338, .T. ) ;
#389 = CARTESIAN_POINT ( 'NONE',  ( -12.85449208350149242, 51.80555184251707601, -42.99171320317002198 ) ) ;
#390 = EDGE_LOOP ( 'NONE', ( #9852, #6339, #6971, #4056 ) ) ;
#391 = ORIENTED_EDGE ( 'NONE', *, *, #4242, .T. ) ;
#392 = CARTESIAN_POINT ( 'NONE',  ( 27.36180241307265604, 0.000000000000000000, -24.90646038095277959 ) ) ;
#393 = CARTESIAN_POINT ( 'NONE',  ( 24.24999999999999645, 4.000000000000000000, -19.51666049839546346 ) ) ;
#394 = CARTESIAN_POINT ( 'NONE',  ( 12.56423318702805325, 53.17044761530209485, -41.90845225418226505 ) ) ;
#395 = CARTESIAN_POINT ( 'NONE',  ( -3.779627522800058870, 70.66961688690308563, -29.45977688778902248 ) ) ;
#396 = ORIENTED_EDGE ( 'NONE', *, *, #3721, .F. ) ;
#397 = DIRECTION ( 'NONE',  ( 0.000000000000000000, 1.000000000000000000, 0.000000000000000000 ) ) ;
#398 = CARTESIAN_POINT ( 'NONE',  ( 44.93725436089857084, 19.78248284340810415, 2.397797951215106416 ) ) ;
#399 = ORIENTED_EDGE ( 'NONE', *, *, #8945, .T. ) ;
#400 = DIRECTION ( 'NONE',  ( -0.2529450939004239118, 0.000000000000000000, 0.9674806351920982594 ) ) ;
#401 = EDGE_LOOP ( 'NONE', ( #2874, #6913, #3137, #9306, #5265 ) ) ;
#402 = LINE ( 'NONE', #4491, #3684 ) ;
#403 = CYLINDRICAL_SURFACE ( 'NONE', #6866, 1.449999999999999067 ) ;
#404 = ADVANCED_FACE ( 'NONE', ( #7886 ), #4787, .F. ) ;
#405 = ORIENTED_EDGE ( 'NONE', *, *, #2254, .F. ) ;
#406 = VECTOR ( 'NONE', #7806, 1000.000000000000114 ) ;
#407 = LINE ( 'NONE', #6763, #4133 ) ;
#408 = ORIENTED_EDGE ( 'NONE', *, *, #3132, .F. ) ;
#409 = CARTESIAN_POINT ( 'NONE',  ( 6.000723173756798978, 71.00000000000001421, -22.95195126434686728 ) ) ;
#410 = DIRECTION ( 'NONE',  ( 0.000000000000000000, 0.000000000000000000, -1.000000000000000000 ) ) ;
#411 = EDGE_CURVE ( 'NONE', #6720, #8698, #3358, .T. ) ;
#412 = ORIENTED_EDGE ( 'NONE', *, *, #6880, .T. ) ;
#413 = VERTEX_POINT ( 'NONE', #3309 ) ;
#414 = FACE_OUTER_BOUND ( 'NONE', #3430, .T. ) ;
#415 = ORIENTED_EDGE ( 'NONE', *, *, #8507, .F. ) ;
#416 = AXIS2_PLACEMENT_3D ( 'NONE', #660, #3790, #5320 ) ;
#417 = EDGE_CURVE ( 'NONE', #8448, #8324, #6336, .T. ) ;
#418 = VECTOR ( 'NONE', #357, 1000.000000000000114 ) ;
#419 = DIRECTION ( 'NONE',  ( -0.000000000000000000, 1.000000000000000000, 0.000000000000000000 ) ) ;
#420 = DIRECTION ( 'NONE',  ( 0.4074239411274220291, -0.5796748474660727846, 0.7056789662526326001 ) ) ;
#421 = LINE ( 'NONE', #5037, #8475 ) ;
#422 = CARTESIAN_POINT ( 'NONE',  ( 35.61195404750180415, 70.49999999999992895, 30.67227948683667549 ) ) ;
#423 = DIRECTION ( 'NONE',  ( -0.9659258262890674240, 0.000000000000000000, 0.2588190451025239591 ) ) ;
#424 = VERTEX_POINT ( 'NONE', #131 ) ;
#425 = CARTESIAN_POINT ( 'NONE',  ( -12.49999999999977085, 31.20788311109079771, 63.04429881564600890 ) ) ;
#426 = PLANE ( 'NONE',  #9349 ) ;
#427 = AXIS2_PLACEMENT_3D ( 'NONE', #7585, #2710, #546 ) ;
#428 = CIRCLE ( 'NONE', #5508, 55.00000000000000000 ) ;
#429 = LINE ( 'NONE', #3460, #9665 ) ;
#430 = CARTESIAN_POINT ( 'NONE',  ( -31.51983550409799406, 70.50000000000000000, 15.76324483274696142 ) ) ;
#431 = ADVANCED_FACE ( 'NONE', ( #1775 ), #3255, .T. ) ;
#432 = EDGE_CURVE ( 'NONE', #6981, #2015, #6443, .T. ) ;
#433 = ADVANCED_FACE ( 'NONE', ( #4075 ), #5662, .F. ) ;
#434 = ADVANCED_FACE ( 'NONE', ( #5144 ), #3601, .F. ) ;
#435 = ORIENTED_EDGE ( 'NONE', *, *, #5221, .F. ) ;
#436 = CARTESIAN_POINT ( 'NONE',  ( -12.75522294832699366, 52.52341675436967705, -42.62123574707536733 ) ) ;
#437 = ORIENTED_EDGE ( 'NONE', *, *, #1675, .T. ) ;
#438 = ORIENTED_EDGE ( 'NONE', *, *, #3446, .T. ) ;
#439 = DIRECTION ( 'NONE',  ( 0.000000000000000000, 0.000000000000000000, 1.000000000000000000 ) ) ;
#440 = DIRECTION ( 'NONE',  ( 0.7071067811865450192, 0.000000000000000000, -0.7071067811865501263 ) ) ;
#441 = VECTOR ( 'NONE', #1176, 1000.000000000000000 ) ;
#442 = AXIS2_PLACEMENT_3D ( 'NONE', #7257, #5454, #3197 ) ;
#443 = CARTESIAN_POINT ( 'NONE',  ( 0.000000000000000000, 61.00000000000000711, 0.000000000000000000 ) ) ;
#444 = LINE ( 'NONE', #6698, #21 ) ;
#445 = VERTEX_POINT ( 'NONE', #9866 ) ;
#446 = LINE ( 'NONE', #3567, #9764 ) ;
#447 = EDGE_CURVE ( 'NONE', #4769, #4645, #9812, .T. ) ;
#448 = AXIS2_PLACEMENT_3D ( 'NONE', #2016, #5854, #1866 ) ;
#449 = CARTESIAN_POINT ( 'NONE',  ( 44.72526258408439048, 17.81132496864211490, 4.970214114909889069 ) ) ;
#450 = ORIENTED_EDGE ( 'NONE', *, *, #1821, .F. ) ;
#451 = DIRECTION ( 'NONE',  ( 0.4999999999999996669, -0.000000000000000000, -0.8660254037844388186 ) ) ;
#452 = ORIENTED_EDGE ( 'NONE', *, *, #52, .F. ) ;
#453 = CARTESIAN_POINT ( 'NONE',  ( 0.000000000000000000, 0.000000000000000000, 0.000000000000000000 ) ) ;
#454 = CARTESIAN_POINT ( 'NONE',  ( 54.66177557758507533, 12.58124395082355562, -6.090313148009345312 ) ) ;
#455 = VERTEX_POINT ( 'NONE', #5818 ) ;
#456 = DIRECTION ( 'NONE',  ( 0.7071067811865414665, -0.000000000000000000, -0.7071067811865536790 ) ) ;
#457 = EDGE_CURVE ( 'NONE', #4578, #6952, #534, .T. ) ;
#458 = ORIENTED_EDGE ( 'NONE', *, *, #2738, .F. ) ;
#459 = CARTESIAN_POINT ( 'NONE',  ( 0.000000000000000000, 4.000000000000000000, 0.000000000000000000 ) ) ;
#460 = DIRECTION ( 'NONE',  ( 0.000000000000000000, 0.000000000000000000, 1.000000000000000000 ) ) ;
#461 = ORIENTED_EDGE ( 'NONE', *, *, #5995, .F. ) ;
#462 = DIRECTION ( 'NONE',  ( 1.000000000000000000, -2.312964634635743450E-16, 0.000000000000000000 ) ) ;
#463 = ORIENTED_EDGE ( 'NONE', *, *, #5381, .F. ) ;
#464 = DIRECTION ( 'NONE',  ( 0.000000000000000000, 0.000000000000000000, 1.000000000000000000 ) ) ;
#465 = ORIENTED_EDGE ( 'NONE', *, *, #2811, .F. ) ;
#466 = CARTESIAN_POINT ( 'NONE',  ( 31.51983550409822499, 70.50000000000000000, 15.76324483274652088 ) ) ;
#467 = LINE ( 'NONE', #524, #7645 ) ;
#468 = EDGE_CURVE ( 'NONE', #7653, #8333, #6741, .T. ) ;
#469 = CARTESIAN_POINT ( 'NONE',  ( -29.41128822328159842, 61.00000000000000711, -19.41535585328213642 ) ) ;
#470 = DIRECTION ( 'NONE',  ( -0.6123724356957901405, 0.7071067811865484609, -0.3535533905932794485 ) ) ;
#471 = DIRECTION ( 'NONE',  ( -0.2588190451025239591, 0.000000000000000000, -0.9659258262890674240 ) ) ;
#472 = VERTEX_POINT ( 'NONE', #4995 ) ;
#473 = DIRECTION ( 'NONE',  ( -0.4999999999999949485, 0.000000000000000000, -0.8660254037844415942 ) ) ;
#474 = DIRECTION ( 'NONE',  ( -0.4999999999999976130, -0.000000000000000000, -0.8660254037844400399 ) ) ;
#475 = VECTOR ( 'NONE', #7590, 1000.000000000000000 ) ;
#476 = EDGE_CURVE ( 'NONE', #9489, #4335, #5552, .T. ) ;
#477 = CARTESIAN_POINT ( 'NONE',  ( 66.52214940782297958, -1.000000000000000000, -6.249999999999996447 ) ) ;
#478 = DIRECTION ( 'NONE',  ( 0.000000000000000000, -0.000000000000000000, -1.000000000000000000 ) ) ;
#479 = EDGE_CURVE ( 'NONE', #7309, #8521, #9767, .T. ) ;
#480 = CONICAL_SURFACE ( 'NONE', #1307, 50.00000000000000711, 0.7853981633974469467 ) ;
#481 = ORIENTED_EDGE ( 'NONE', *, *, #9507, .T. ) ;
#482 =( BOUNDED_CURVE ( )  B_SPLINE_CURVE ( 3, ( #24, #4678, #4016, #9455 ),
 .UNSPECIFIED., .F., .F. ) 
 B_SPLINE_CURVE_WITH_KNOTS ( ( 4, 4 ),
 ( 2.149939280505394734, 2.162703967960459828 ),
 .UNSPECIFIED. ) 
 CURVE ( )  GEOMETRIC_REPRESENTATION_ITEM ( )  RATIONAL_B_SPLINE_CURVE ( ( 1.000000000000000000, 0.9999864219422722744, 0.9999864219422722744, 1.000000000000000000 ) ) 
 REPRESENTATION_ITEM ( '' )  );
#483 = VECTOR ( 'NONE', #634, 1000.000000000000114 ) ;
#484 = PLANE ( 'NONE',  #9496 ) ;
#485 = EDGE_LOOP ( 'NONE', ( #2798, #7291, #4079 ) ) ;
#486 = EDGE_LOOP ( 'NONE', ( #2357, #7802, #5460, #2491, #2391, #6744 ) ) ;
#487 = CARTESIAN_POINT ( 'NONE',  ( 8.756996203826419745, 61.00000000000000711, 46.17699662695888208 ) ) ;
#488 = CARTESIAN_POINT ( 'NONE',  ( 4.318562348436985054, 71.00000000000001421, 29.38434990335268182 ) ) ;
#489 = ADVANCED_FACE ( 'NONE', ( #2843 ), #2747, .T. ) ;
#490 = AXIS2_PLACEMENT_3D ( 'NONE', #8405, #6796, #4383 ) ;
#491 = CARTESIAN_POINT ( 'NONE',  ( 12.44872017104577644, 53.37243548074318511, -41.47735180960086865 ) ) ;
#492 = ORIENTED_EDGE ( 'NONE', *, *, #9076, .T. ) ;
#493 = EDGE_CURVE ( 'NONE', #8745, #271, #5045, .T. ) ;
#494 = VECTOR ( 'NONE', #7753, 1000.000000000000000 ) ;
#495 = VECTOR ( 'NONE', #1503, 1000.000000000000000 ) ;
#496 = DIRECTION ( 'NONE',  ( -0.000000000000000000, -0.000000000000000000, -1.000000000000000000 ) ) ;
#497 = CARTESIAN_POINT ( 'NONE',  ( 44.91527022534280178, 19.60831002384648869, 2.766066862541341376 ) ) ;
#498 = AXIS2_PLACEMENT_3D ( 'NONE', #4084, #5672, #7274 ) ;
#499 = VERTEX_POINT ( 'NONE', #2025 ) ;
#500 = AXIS2_PLACEMENT_3D ( 'NONE', #4996, #1672, #901 ) ;
#501 = PLANE ( 'NONE',  #1472 ) ;
#502 = VERTEX_POINT ( 'NONE', #5965 ) ;
#503 = AXIS2_PLACEMENT_3D ( 'NONE', #3995, #1692, #256 ) ;
#504 = CARTESIAN_POINT ( 'NONE',  ( -1.209568566442596138, 71.00000000000001421, 1.209568566442608573 ) ) ;
#505 = CARTESIAN_POINT ( 'NONE',  ( 42.84251536342203792, 52.98609450367801799, 10.14472014386524101 ) ) ;
#506 = ORIENTED_EDGE ( 'NONE', *, *, #4633, .F. ) ;
#507 = DIRECTION ( 'NONE',  ( 0.000000000000000000, 1.000000000000000000, -0.000000000000000000 ) ) ;
#508 = CARTESIAN_POINT ( 'NONE',  ( 0.000000000000000000, 31.20788311109079416, 0.000000000000000000 ) ) ;
#509 = AXIS2_PLACEMENT_3D ( 'NONE', #7718, #2989, #8484 ) ;
#510 = EDGE_LOOP ( 'NONE', ( #8020, #8305, #1613, #5431, #6079, #8417 ) ) ;
#511 = AXIS2_PLACEMENT_3D ( 'NONE', #2397, #4698, #1683 ) ;
#512 = LINE ( 'NONE', #1952, #4520 ) ;
#513 = COLOUR_RGB ( '',0.7921568627450980005, 0.8196078431372548767, 0.9333333333333333481 ) ;
#514 = CARTESIAN_POINT ( 'NONE',  ( -12.88755093684977737, 51.33021126696390013, 43.11509052350580617 ) ) ;
#515 = CARTESIAN_POINT ( 'NONE',  ( 53.56071321407137731, 71.00000000000001421, -12.49999999999999112 ) ) ;
#516 = EDGE_LOOP ( 'NONE', ( #1141, #9633, #6782, #965 ) ) ;
#517 = AXIS2_PLACEMENT_3D ( 'NONE', #7693, #663, #325 ) ;
#518 = CYLINDRICAL_SURFACE ( 'NONE', #4585, 1.300000000000000044 ) ;
#519 = ORIENTED_EDGE ( 'NONE', *, *, #5880, .F. ) ;
#520 = FACE_OUTER_BOUND ( 'NONE', #6395, .T. ) ;
#521 = ORIENTED_EDGE ( 'NONE', *, *, #1680, .F. ) ;
#522 = AXIS2_PLACEMENT_3D ( 'NONE', #233, #8137, #897 ) ;
#523 = CARTESIAN_POINT ( 'NONE',  ( -12.88755093684977737, 51.00000000000000711, 43.11509052350581328 ) ) ;
#524 = CARTESIAN_POINT ( 'NONE',  ( -22.39516677087721774, 70.50000000000002842, -6.146855202363884274 ) ) ;
#525 = CIRCLE ( 'NONE', #6259, 55.00000000000000000 ) ;
#526 = CARTESIAN_POINT ( 'NONE',  ( -2.108547280816509328, 70.50000000000000000, 35.17860068602901435 ) ) ;
#527 = FACE_BOUND ( 'NONE', #2603, .T. ) ;
#528 = DIRECTION ( 'NONE',  ( -0.000000000000000000, -1.000000000000000000, -0.000000000000000000 ) ) ;
#529 = ORIENTED_EDGE ( 'NONE', *, *, #9619, .T. ) ;
#530 = DIRECTION ( 'NONE',  ( -0.2646834405156194281, 0.000000000000000000, 0.9643353546960800049 ) ) ;
#531 = EDGE_CURVE ( 'NONE', #8936, #5360, #1973, .T. ) ;
#532 = EDGE_CURVE ( 'NONE', #9119, #4286, #429, .T. ) ;
#533 = ORIENTED_EDGE ( 'NONE', *, *, #4360, .F. ) ;
#534 = LINE ( 'NONE', #7417, #4684 ) ;
#535 = DIRECTION ( 'NONE',  ( -0.000000000000000000, 1.000000000000000000, -0.000000000000000000 ) ) ;
#536 = ORIENTED_EDGE ( 'NONE', *, *, #6059, .T. ) ;
#537 = LINE ( 'NONE', #1411, #7159 ) ;
#538 = DIRECTION ( 'NONE',  ( 0.000000000000000000, -0.000000000000000000, 1.000000000000000000 ) ) ;
#539 = ORIENTED_EDGE ( 'NONE', *, *, #10088, .T. ) ;
#540 = ORIENTED_EDGE ( 'NONE', *, *, #3811, .F. ) ;
#541 = FACE_OUTER_BOUND ( 'NONE', #9917, .T. ) ;
#542 = LINE ( 'NONE', #3663, #4421 ) ;
#543 = VECTOR ( 'NONE', #7754, 1000.000000000000000 ) ;
#544 = CARTESIAN_POINT ( 'NONE',  ( -6.321780100164639649, 71.00000000000001421, -30.20241008561150764 ) ) ;
#545 = VERTEX_POINT ( 'NONE', #6019 ) ;
#546 = DIRECTION ( 'NONE',  ( 0.000000000000000000, 0.000000000000000000, 1.000000000000000000 ) ) ;
#547 = CARTESIAN_POINT ( 'NONE',  ( 44.83956142963968006, 18.96983192875051571, -3.811676255486996290 ) ) ;
#548 = ADVANCED_FACE ( 'NONE', ( #4329 ), #2695, .F. ) ;
#549 = ORIENTED_EDGE ( 'NONE', *, *, #8395, .F. ) ;
#550 = CARTESIAN_POINT ( 'NONE',  ( -40.46294601237035948, 22.50000000000000000, -13.00000000000000000 ) ) ;
#551 = ORIENTED_EDGE ( 'NONE', *, *, #6142, .T. ) ;
#552 = DIRECTION ( 'NONE',  ( -3.965082230804130220E-16, 0.000000000000000000, 1.000000000000000000 ) ) ;
#553 = PLANE ( 'NONE',  #8673 ) ;
#554 = CARTESIAN_POINT ( 'NONE',  ( 13.74999999999999822, 23.30000000000000071, -5.000000000000000000 ) ) ;
#555 = DIRECTION ( 'NONE',  ( 0.000000000000000000, 0.000000000000000000, 1.000000000000000000 ) ) ;
#556 = VERTEX_POINT ( 'NONE', #5096 ) ;
#557 = CARTESIAN_POINT ( 'NONE',  ( -30.20684304058202585, 52.98609450367801799, 32.03034659481596691 ) ) ;
#558 = EDGE_CURVE ( 'NONE', #9231, #5717, #3104, .T. ) ;
#559 = EDGE_CURVE ( 'NONE', #9989, #7343, #1147, .T. ) ;
#560 = ADVANCED_FACE ( 'NONE', ( #2892 ), #3552, .T. ) ;
#561 = DIRECTION ( 'NONE',  ( -0.3449775664491150362, -0.9386109303896084111, -0.000000000000000000 ) ) ;
#562 = CARTESIAN_POINT ( 'NONE',  ( 35.61195404750116467, 61.00000000000000711, -30.67227948683742866 ) ) ;
#563 = AXIS2_PLACEMENT_3D ( 'NONE', #3900, #3078, #3182 ) ;
#564 = ORIENTED_EDGE ( 'NONE', *, *, #4426, .F. ) ;
#565 = DIRECTION ( 'NONE',  ( -1.000000000000000000, 0.000000000000000000, 9.570888143320321804E-15 ) ) ;
#566 = ORIENTED_EDGE ( 'NONE', *, *, #5311, .T. ) ;
#567 = CARTESIAN_POINT ( 'NONE',  ( 44.62700007724173901, 11.60471977572292168, -5.783529534012584072 ) ) ;
#568 = ORIENTED_EDGE ( 'NONE', *, *, #10127, .F. ) ;
#569 = CARTESIAN_POINT ( 'NONE',  ( 6.471738182438351750, 70.50000000000000000, -30.76206126766261306 ) ) ;
#570 = CARTESIAN_POINT ( 'NONE',  ( -23.45718077811456936, 70.83629404531721718, 18.21880096033403973 ) ) ;
#571 = CARTESIAN_POINT ( 'NONE',  ( -17.20174976424518221, 57.80032493103687585, -6.380126249480235323 ) ) ;
#572 = CARTESIAN_POINT ( 'NONE',  ( 17.50000000000024869, 44.31128874149284513, 73.04429881564585969 ) ) ;
#573 = VECTOR ( 'NONE', #7647, 1000.000000000000000 ) ;
#574 = DIRECTION ( 'NONE',  ( -8.881784197001252323E-16, 0.000000000000000000, 1.000000000000000000 ) ) ;
#575 = ORIENTED_EDGE ( 'NONE', *, *, #9832, .T. ) ;
#576 = CARTESIAN_POINT ( 'NONE',  ( -43.70557265773327060, 51.64684645029009147, -10.37597564889770396 ) ) ;
#577 = DIRECTION ( 'NONE',  ( 0.000000000000000000, -1.000000000000000000, 0.000000000000000000 ) ) ;
#578 = AXIS2_PLACEMENT_3D ( 'NONE', #4781, #7982, #7929 ) ;
#579 = EDGE_LOOP ( 'NONE', ( #3509, #9069, #8349, #7816 ) ) ;
#580 = CARTESIAN_POINT ( 'NONE',  ( 32.27764532285537769, 70.50000000000002842, -29.85850818997072409 ) ) ;
#581 = DIRECTION ( 'NONE',  ( 0.9674806351920982594, 0.000000000000000000, 0.2529450939004238563 ) ) ;
#582 = EDGE_CURVE ( 'NONE', #1017, #502, #6593, .T. ) ;
#583 = CIRCLE ( 'NONE', #2558, 1.449999999999999067 ) ;
#584 = ORIENTED_EDGE ( 'NONE', *, *, #5904, .T. ) ;
#585 = DIRECTION ( 'NONE',  ( 0.5030288774786559891, -0.7071067811865603403, -0.4969526621546012657 ) ) ;
#586 = CARTESIAN_POINT ( 'NONE',  ( -12.49999999999977085, 31.20788311109079771, 63.04429881564600890 ) ) ;
#587 = ORIENTED_EDGE ( 'NONE', *, *, #1687, .F. ) ;
#588 = ORIENTED_EDGE ( 'NONE', *, *, #457, .T. ) ;
#589 = CARTESIAN_POINT ( 'NONE',  ( 60.62500000000000000, 14.00000000000000000, -6.250000000000000000 ) ) ;
#590 = CARTESIAN_POINT ( 'NONE',  ( 5.874250626807051567, 61.00000000000000711, 22.46821094675069475 ) ) ;
#591 = VECTOR ( 'NONE', #6677, 1000.000000000000000 ) ;
#592 = DIRECTION ( 'NONE',  ( 0.000000000000000000, 0.000000000000000000, -1.000000000000000000 ) ) ;
#593 = ORIENTED_EDGE ( 'NONE', *, *, #447, .T. ) ;
#594 = LINE ( 'NONE', #9364, #10089 ) ;
#595 = LINE ( 'NONE', #1377, #9831 ) ;
#596 = VECTOR ( 'NONE', #953, 1000.000000000000000 ) ;
#597 = EDGE_CURVE ( 'NONE', #1078, #5950, #1879, .T. ) ;
#598 = AXIS2_PLACEMENT_3D ( 'NONE', #8116, #9743, #9030 ) ;
#599 = ORIENTED_EDGE ( 'NONE', *, *, #3097, .F. ) ;
#600 = CARTESIAN_POINT ( 'NONE',  ( 19.25000000000000000, 30.50000000000000000, 13.00000000000000000 ) ) ;
#601 = VERTEX_POINT ( 'NONE', #580 ) ;
#602 = AXIS2_PLACEMENT_3D ( 'NONE', #8278, #5089, #6628 ) ;
#603 = DIRECTION ( 'NONE',  ( 0.2646834405156262560, 0.000000000000000000, -0.9643353546960783396 ) ) ;
#604 = CARTESIAN_POINT ( 'NONE',  ( 35.61195404750116467, 70.50000000000000000, -30.67227948683742866 ) ) ;
#605 = EDGE_CURVE ( 'NONE', #5520, #1910, #9350, .T. ) ;
#606 = CARTESIAN_POINT ( 'NONE',  ( -9.719403950192171848, 61.00000000000000711, 42.88251491892218326 ) ) ;
#607 = CARTESIAN_POINT ( 'NONE',  ( 73.04429881564595917, 4.000000000000003553, 12.49999999999999112 ) ) ;
#608 = CIRCLE ( 'NONE', #6338, 42.49999999999998579 ) ;
#609 = EDGE_CURVE ( 'NONE', #2427, #810, #5231, .T. ) ;
#610 = ORIENTED_EDGE ( 'NONE', *, *, #6388, .F. ) ;
#611 = VECTOR ( 'NONE', #8548, 1000.000000000000000 ) ;
#612 = EDGE_CURVE ( 'NONE', #2564, #7230, #3147, .T. ) ;
#613 = CARTESIAN_POINT ( 'NONE',  ( -22.87733444822520568, 71.00000000000001421, -6.279196922621682830 ) ) ;
#614 = EDGE_CURVE ( 'NONE', #8165, #9681, #9198, .T. ) ;
#615 = CARTESIAN_POINT ( 'NONE',  ( -27.49999999999999645, 26.00000000000001066, 47.63139720814412215 ) ) ;
#616 = CARTESIAN_POINT ( 'NONE',  ( 0.000000000000000000, 51.00000000000000711, 0.000000000000000000 ) ) ;
#617 = ORIENTED_EDGE ( 'NONE', *, *, #3623, .F. ) ;
#618 = CYLINDRICAL_SURFACE ( 'NONE', #2477, 29.70000000000000284 ) ;
#619 = ORIENTED_EDGE ( 'NONE', *, *, #3733, .F. ) ;
#620 = DIRECTION ( 'NONE',  ( -0.7027971946764645095, 0.000000000000000000, -0.7113902607956419377 ) ) ;
#621 = ORIENTED_EDGE ( 'NONE', *, *, #9707, .F. ) ;
#622 = ADVANCED_FACE ( 'NONE', ( #3757 ), #9148, .T. ) ;
#623 = ADVANCED_FACE ( 'NONE', ( #7618 ), #9958, .T. ) ;
#624 = DIRECTION ( 'NONE',  ( -0.9674806351920947067, 0.000000000000000000, 0.2529450939004371235 ) ) ;
#625 = CARTESIAN_POINT ( 'NONE',  ( -43.78253914824663440, 51.00000000000000711, 10.39659875787507382 ) ) ;
#626 = DIRECTION ( 'NONE',  ( 0.000000000000000000, -1.000000000000000000, 0.000000000000000000 ) ) ;
#627 = CARTESIAN_POINT ( 'NONE',  ( 5.874250626807051567, 61.00000000000000711, 22.46821094675069475 ) ) ;
#628 = PLANE ( 'NONE',  #6975 ) ;
#629 = ORIENTED_EDGE ( 'NONE', *, *, #4536, .F. ) ;
#630 = FACE_OUTER_BOUND ( 'NONE', #8283, .T. ) ;
#631 = CARTESIAN_POINT ( 'NONE',  ( 0.000000000000000000, 4.000000000000000000, 0.000000000000000000 ) ) ;
#632 = DIRECTION ( 'NONE',  ( -0.000000000000000000, 1.000000000000000000, 0.000000000000000000 ) ) ;
#633 = ORIENTED_EDGE ( 'NONE', *, *, #3041, .F. ) ;
#634 = DIRECTION ( 'NONE',  ( 0.7312754151546739800, 0.6533314309053360747, -0.1959446569354346690 ) ) ;
#635 = DIRECTION ( 'NONE',  ( 0.7027971946764645095, 0.000000000000000000, 0.7113902607956420487 ) ) ;
#636 = ORIENTED_EDGE ( 'NONE', *, *, #928, .F. ) ;
#637 = DIRECTION ( 'NONE',  ( 0.000000000000000000, 0.000000000000000000, 1.000000000000000000 ) ) ;
#638 = LINE ( 'NONE', #2278, #5073 ) ;
#639 = ORIENTED_EDGE ( 'NONE', *, *, #5113, .F. ) ;
#640 = EDGE_LOOP ( 'NONE', ( #7015, #3488, #6928 ) ) ;
#641 = DIRECTION ( 'NONE',  ( 0.000000000000000000, 0.000000000000000000, 1.000000000000000000 ) ) ;
#642 = DIRECTION ( 'NONE',  ( 0.9674806351920947067, 0.000000000000000000, -0.2529450939004372345 ) ) ;
#643 = ORIENTED_EDGE ( 'NONE', *, *, #9857, .T. ) ;
#644 = DIRECTION ( 'NONE',  ( -0.9659258262890680902, 0.000000000000000000, -0.2588190451025211281 ) ) ;
#645 = LINE ( 'NONE', #4587, #4266 ) ;
#646 = VECTOR ( 'NONE', #6461, 1000.000000000000114 ) ;
#647 = VECTOR ( 'NONE', #7254, 1000.000000000000000 ) ;
#648 = ORIENTED_EDGE ( 'NONE', *, *, #6370, .T. ) ;
#649 = FACE_OUTER_BOUND ( 'NONE', #1388, .T. ) ;
#650 = VECTOR ( 'NONE', #9372, 1000.000000000000000 ) ;
#651 = ORIENTED_EDGE ( 'NONE', *, *, #2502, .T. ) ;
#652 = DIRECTION ( 'NONE',  ( 0.000000000000000000, 0.000000000000000000, 1.000000000000000000 ) ) ;
#653 = CARTESIAN_POINT ( 'NONE',  ( -63.04429881564596627, 31.20788311109079771, 12.49999999999999112 ) ) ;
#654 = CIRCLE ( 'NONE', #815, 48.99999999999998579 ) ;
#655 = CARTESIAN_POINT ( 'NONE',  ( 1.405698187210978389, 71.00000000000001421, -35.17860068602901435 ) ) ;
#656 = DIRECTION ( 'NONE',  ( 0.000000000000000000, 1.000000000000000000, 0.000000000000000000 ) ) ;
#657 = EDGE_CURVE ( 'NONE', #1567, #4109, #10061, .T. ) ;
#658 = ORIENTED_EDGE ( 'NONE', *, *, #7009, .F. ) ;
#659 = AXIS2_PLACEMENT_3D ( 'NONE', #164, #2420, #7191 ) ;
#660 = CARTESIAN_POINT ( 'NONE',  ( 0.000000000000000000, 66.00000000000000000, 0.000000000000000000 ) ) ;
#661 = AXIS2_PLACEMENT_3D ( 'NONE', #2440, #9464, #6185 ) ;
#662 = AXIS2_PLACEMENT_3D ( 'NONE', #9, #1401, #4513 ) ;
#663 = DIRECTION ( 'NONE',  ( 0.000000000000000000, 1.000000000000000000, 0.000000000000000000 ) ) ;
#664 = CARTESIAN_POINT ( 'NONE',  ( 66.52214940782297958, 0.000000000000000000, -4.799999999999997158 ) ) ;
#665 = ORIENTED_EDGE ( 'NONE', *, *, #9682, .F. ) ;
#666 = CARTESIAN_POINT ( 'NONE',  ( -6.471738182438357967, 70.50000000000000000, -30.76206126766261306 ) ) ;
#667 = ORIENTED_EDGE ( 'NONE', *, *, #6935, .F. ) ;
#668 = VECTOR ( 'NONE', #4565, 1000.000000000000000 ) ;
#669 = CARTESIAN_POINT ( 'NONE',  ( 44.97792106578668125, 7.910874881570120642, -1.423568121986886093 ) ) ;
#670 = CIRCLE ( 'NONE', #5575, 1.449999999999999067 ) ;
#671 = ORIENTED_EDGE ( 'NONE', *, *, #5304, .T. ) ;
#672 = EDGE_CURVE ( 'NONE', #1473, #4657, #2120, .T. ) ;
#673 = VECTOR ( 'NONE', #6026, 1000.000000000000000 ) ;
#674 = CARTESIAN_POINT ( 'NONE',  ( -31.83177678592615578, 71.00000000000001421, -18.78880625470768706 ) ) ;
#675 = LINE ( 'NONE', #10048, #924 ) ;
#676 = AXIS2_PLACEMENT_3D ( 'NONE', #2271, #2992, #7773 ) ;
#677 = EDGE_CURVE ( 'NONE', #5205, #4283, #155, .T. ) ;
#678 = CARTESIAN_POINT ( 'NONE',  ( 25.28817283496548995, 70.50000000000000000, 6.940905523910584130 ) ) ;
#679 = EDGE_CURVE ( 'NONE', #5355, #4827, #4409, .T. ) ;
#680 = DIRECTION ( 'NONE',  ( 0.000000000000000000, 1.000000000000000000, 0.000000000000000000 ) ) ;
#681 = CARTESIAN_POINT ( 'NONE',  ( 24.24999999999999645, 4.000000000000000000, 19.51666049839546346 ) ) ;
#682 = VECTOR ( 'NONE', #9049, 1000.000000000000227 ) ;
#683 = ORIENTED_EDGE ( 'NONE', *, *, #10018, .F. ) ;
#684 = DIRECTION ( 'NONE',  ( -0.7113902607956419377, 0.000000000000000000, -0.7027971946764646205 ) ) ;
#685 = DIRECTION ( 'NONE',  ( 0.000000000000000000, 1.000000000000000000, 0.000000000000000000 ) ) ;
#686 = EDGE_LOOP ( 'NONE', ( #4932, #4749, #2393 ) ) ;
#687 = DIRECTION ( 'NONE',  ( -0.3449775664491150362, -0.9386109303896084111, 0.000000000000000000 ) ) ;
#688 = ORIENTED_EDGE ( 'NONE', *, *, #6884, .T. ) ;
#689 = CARTESIAN_POINT ( 'NONE',  ( -27.49999999999999645, 65.99999999999998579, 47.63139720814412215 ) ) ;
#690 = PLANE ( 'NONE',  #4918 ) ;
#691 = VECTOR ( 'NONE', #3289, 1000.000000000000000 ) ;
#692 = EDGE_CURVE ( 'NONE', #2077, #6064, #6121, .T. ) ;
#693 = ADVANCED_FACE ( 'NONE', ( #2223 ), #5292, .F. ) ;
#694 = ORIENTED_EDGE ( 'NONE', *, *, #7644, .T. ) ;
#695 = LINE ( 'NONE', #2179, #6342 ) ;
#696 = EDGE_CURVE ( 'NONE', #3037, #8698, #7670, .T. ) ;
#697 = EDGE_CURVE ( 'NONE', #5711, #6752, #5956, .T. ) ;
#698 = CARTESIAN_POINT ( 'NONE',  ( 54.66179225012061238, 15.41913483359149062, 6.090161557046945617 ) ) ;
#699 = EDGE_LOOP ( 'NONE', ( #6619, #5250, #2562, #6457 ) ) ;
#700 = ORIENTED_EDGE ( 'NONE', *, *, #6059, .F. ) ;
#701 = DIRECTION ( 'NONE',  ( 0.9674806351920947067, 0.000000000000000000, -0.2529450939004371235 ) ) ;
#702 = CARTESIAN_POINT ( 'NONE',  ( -78.04429881564595917, 44.31128874149274566, 12.49999999999996092 ) ) ;
#703 = VECTOR ( 'NONE', #9935, 1000.000000000000114 ) ;
#704 = EDGE_LOOP ( 'NONE', ( #8664, #9346, #9126, #1902 ) ) ;
#705 = DIRECTION ( 'NONE',  ( -0.3449775664491150362, 0.9386109303896084111, 0.000000000000000000 ) ) ;
#706 = CARTESIAN_POINT ( 'NONE',  ( -3.509433644628745519, 70.50000000000002842, 29.49192898902932214 ) ) ;
#707 = VERTEX_POINT ( 'NONE', #689 ) ;
#708 = FACE_OUTER_BOUND ( 'NONE', #6050, .T. ) ;
#709 = ORIENTED_EDGE ( 'NONE', *, *, #3679, .T. ) ;
#710 = DIRECTION ( 'NONE',  ( 0.2588190451025211836, 0.000000000000000000, -0.9659258262890682012 ) ) ;
#711 = PLANE ( 'NONE',  #9974 ) ;
#712 = CARTESIAN_POINT ( 'NONE',  ( 42.43720763208171576, 53.24713017205800014, -10.03611826456652167 ) ) ;
#713 = ORIENTED_EDGE ( 'NONE', *, *, #8465, .F. ) ;
#714 = AXIS2_PLACEMENT_3D ( 'NONE', #9323, #6253, #4803 ) ;
#715 = DIRECTION ( 'NONE',  ( -0.8660254037844328234, 0.000000000000000000, 0.5000000000000101030 ) ) ;
#716 = ADVANCED_FACE ( 'NONE', ( #6947 ), #3042, .T. ) ;
#717 = CARTESIAN_POINT ( 'NONE',  ( -29.76271277008419602, 71.00000000000001421, 18.80667068319318957 ) ) ;
#718 = DIRECTION ( 'NONE',  ( 0.9659258262890700886, 0.000000000000000000, 0.2588190451025144667 ) ) ;
#719 = ORIENTED_EDGE ( 'NONE', *, *, #6618, .F. ) ;
#720 = DIRECTION ( 'NONE',  ( -0.2646834405156327508, 0.000000000000000000, -0.9643353546960764522 ) ) ;
#721 = ORIENTED_EDGE ( 'NONE', *, *, #7957, .F. ) ;
#722 = CARTESIAN_POINT ( 'NONE',  ( 16.52091614407034115, 70.50000000000000000, -16.32135574438676429 ) ) ;
#723 = EDGE_LOOP ( 'NONE', ( #6268, #1837, #2398 ) ) ;
#724 = CARTESIAN_POINT ( 'NONE',  ( 22.87733444822517725, 71.00000000000001421, -6.279196922622013233 ) ) ;
#725 = DIRECTION ( 'NONE',  ( 0.9659258262890675351, 0.000000000000000000, 0.2588190451025232930 ) ) ;
#726 = DIRECTION ( 'NONE',  ( 0.000000000000000000, 1.000000000000000000, 0.000000000000000000 ) ) ;
#727 = DIRECTION ( 'NONE',  ( 0.000000000000000000, 0.000000000000000000, -1.000000000000000000 ) ) ;
#728 = DIRECTION ( 'NONE',  ( 0.000000000000000000, 0.000000000000000000, -1.000000000000000000 ) ) ;
#729 = EDGE_LOOP ( 'NONE', ( #9863, #5944, #7302, #4018 ) ) ;
#730 = DIRECTION ( 'NONE',  ( 0.000000000000000000, 0.000000000000000000, 1.000000000000000000 ) ) ;
#731 = DIRECTION ( 'NONE',  ( 0.000000000000000000, 1.000000000000000000, 0.000000000000000000 ) ) ;
#732 = ORIENTED_EDGE ( 'NONE', *, *, #2991, .F. ) ;
#733 = EDGE_CURVE ( 'NONE', #6673, #740, #5395, .T. ) ;
#734 = CARTESIAN_POINT ( 'NONE',  ( 0.000000000000000000, 68.50000000000000000, 24.20000000000000639 ) ) ;
#735 = VECTOR ( 'NONE', #3533, 1000.000000000000000 ) ;
#736 = EDGE_LOOP ( 'NONE', ( #9957, #1712, #8217, #8795 ) ) ;
#737 = DIRECTION ( 'NONE',  ( 0.000000000000000000, 0.000000000000000000, 1.000000000000000000 ) ) ;
#738 = ADVANCED_FACE ( 'NONE', ( #3862 ), #6996, .T. ) ;
#739 = CARTESIAN_POINT ( 'NONE',  ( 0.000000000000000000, 71.00000000000001421, -50.00000000000001421 ) ) ;
#740 = VERTEX_POINT ( 'NONE', #8638 ) ;
#741 = FACE_OUTER_BOUND ( 'NONE', #8637, .T. ) ;
#742 = CARTESIAN_POINT ( 'NONE',  ( 54.93064861142627109, 19.60784464666791749, -2.767064641688584015 ) ) ;
#743 = ORIENTED_EDGE ( 'NONE', *, *, #2095, .T. ) ;
#744 = VECTOR ( 'NONE', #8456, 999.9999999999998863 ) ;
#745 = ORIENTED_EDGE ( 'NONE', *, *, #3796, .F. ) ;
#746 = LINE ( 'NONE', #5352, #2660 ) ;
#747 = DIRECTION ( 'NONE',  ( -0.2529450939004439514, 0.000000000000000000, -0.9674806351920929304 ) ) ;
#748 = EDGE_LOOP ( 'NONE', ( #1895, #584, #4987, #4705 ) ) ;
#749 = EDGE_CURVE ( 'NONE', #7391, #1292, #8363, .T. ) ;
#750 = EDGE_CURVE ( 'NONE', #3049, #290, #8789, .T. ) ;
#751 =( GEOMETRIC_REPRESENTATION_CONTEXT ( 3 ) GLOBAL_UNCERTAINTY_ASSIGNED_CONTEXT ( ( #6099 ) ) GLOBAL_UNIT_ASSIGNED_CONTEXT ( ( #5013, #8255, #7282 ) ) REPRESENTATION_CONTEXT ( 'NONE', 'WORKASPACE' ) );
#752 = CARTESIAN_POINT ( 'NONE',  ( -17.49999999999980815, 31.20788311109079771, 52.14163403653559214 ) ) ;
#753 = EDGE_CURVE ( 'NONE', #9001, #9642, #9817, .T. ) ;
#754 = DIRECTION ( 'NONE',  ( 0.4999999999999996669, -0.000000000000000000, -0.8660254037844388186 ) ) ;
#755 = CIRCLE ( 'NONE', #1576, 1.300000000000001599 ) ;
#756 = B_SPLINE_CURVE_WITH_KNOTS ( 'NONE', 3,
 ( #3895, #10045, #2310, #3074, #9281, #2259, #567, #5375, #2208, #6823, #4507, #5327, #4554, #7605, #8522, #1495, #6931, #8620, #7803, #669, #5432, #3028, #2922, #9183, #8575, #3798, #6049, #10147, #9994, #9381, #4459, #5477, #6105, #6157, #6203, #3689, #3124, #7026, #10097, #6256, #4609, #5278, #9944 ),
 .UNSPECIFIED., .F., .F.,
 ( 4, 2, 2, 1, 2, 2, 2, 2, 2, 2, 2, 2, 2, 2, 2, 2, 2, 2, 2, 2, 2, 4 ),
 ( 0.01956397975934469347, 0.02078643162011025586, 0.02139765755049303705, 0.02200888348087582172, 0.02262010941125860292, 0.02323133534164138411, 0.02445378720240694997, 0.02567623906317251584, 0.02689869092393808170, 0.02750991685432086636, 0.02812114278470364756, 0.02934359464546921342, 0.03056604650623477928, 0.03117727243661756048, 0.03178849836700034515, 0.03301095022776591448, 0.03423340208853147687, 0.03545585394929703926, 0.03667830581006260859, 0.03728953174044539326, 0.03790075767082817793, 0.03912320953159374726 ),
 .UNSPECIFIED. ) ;
#757 = ORIENTED_EDGE ( 'NONE', *, *, #8311, .F. ) ;
#758 = CARTESIAN_POINT ( 'NONE',  ( -41.12872042464106670, 22.42349117477083453, 13.00000000000000178 ) ) ;
#759 = ORIENTED_EDGE ( 'NONE', *, *, #2734, .F. ) ;
#760 = CARTESIAN_POINT ( 'NONE',  ( 44.36895025132808001, 61.00000000000000711, 15.50471714012145874 ) ) ;
#761 = DIRECTION ( 'NONE',  ( 0.2646834405156262560, 0.000000000000000000, -0.9643353546960782285 ) ) ;
#762 = CARTESIAN_POINT ( 'NONE',  ( 4.318562348436985054, 71.00000000000001421, 29.38434990335268182 ) ) ;
#763 = ORIENTED_EDGE ( 'NONE', *, *, #7405, .F. ) ;
#764 = VECTOR ( 'NONE', #4972, 1000.000000000000000 ) ;
#765 = DIRECTION ( 'NONE',  ( -0.7027971946764646205, 0.000000000000000000, 0.7113902607956418267 ) ) ;
#766 = LINE ( 'NONE', #7022, #9174 ) ;
#767 = DIRECTION ( 'NONE',  ( 0.000000000000000000, 0.000000000000000000, 1.000000000000000000 ) ) ;
#768 = EDGE_CURVE ( 'NONE', #9067, #899, #5705, .T. ) ;
#769 = DIRECTION ( 'NONE',  ( 0.000000000000000000, -1.000000000000000000, 0.000000000000000000 ) ) ;
#770 = ORIENTED_EDGE ( 'NONE', *, *, #7890, .T. ) ;
#771 = DIRECTION ( 'NONE',  ( 0.000000000000000000, 1.000000000000000000, 0.000000000000000000 ) ) ;
#772 = ORIENTED_EDGE ( 'NONE', *, *, #3752, .F. ) ;
#773 = CIRCLE ( 'NONE', #8801, 47.00000000000000711 ) ;
#774 = CARTESIAN_POINT ( 'NONE',  ( 30.45882641487556342, 52.65204660686487870, -32.28232996910947605 ) ) ;
#775 = FACE_OUTER_BOUND ( 'NONE', #5503, .T. ) ;
#776 = CONICAL_SURFACE ( 'NONE', #7493, 50.00000000000000711, 0.7853981633974469467 ) ;
#777 = FACE_OUTER_BOUND ( 'NONE', #5176, .T. ) ;
#778 = VERTEX_POINT ( 'NONE', #9554 ) ;
#779 = DIRECTION ( 'NONE',  ( 0.4999999999999975575, 0.000000000000000000, 0.8660254037844400399 ) ) ;
#780 = EDGE_LOOP ( 'NONE', ( #2690, #3167, #6432 ) ) ;
#781 = DIRECTION ( 'NONE',  ( -0.000000000000000000, -1.000000000000000000, -0.000000000000000000 ) ) ;
#782 = DIRECTION ( 'NONE',  ( -0.7113902607956419377, 0.000000000000000000, -0.7027971946764646205 ) ) ;
#783 = VERTEX_POINT ( 'NONE', #8839 ) ;
#784 = CARTESIAN_POINT ( 'NONE',  ( 0.000000000000000000, 4.000000000000000000, 0.000000000000000000 ) ) ;
#785 = VERTEX_POINT ( 'NONE', #4773 ) ;
#786 = EDGE_CURVE ( 'NONE', #3781, #5850, #1608, .T. ) ;
#787 = CARTESIAN_POINT ( 'NONE',  ( -27.60687466421266478, 71.00000000000001421, 10.95219025010310077 ) ) ;
#788 = CARTESIAN_POINT ( 'NONE',  ( -9.345701715961425293, 71.00000000000001421, -46.06145741763147328 ) ) ;
#789 = ORIENTED_EDGE ( 'NONE', *, *, #9087, .F. ) ;
#790 = DIRECTION ( 'NONE',  ( -0.2646834405156194281, 0.000000000000000000, 0.9643353546960800049 ) ) ;
#791 = DIRECTION ( 'NONE',  ( 0.000000000000000000, 1.000000000000000000, 0.000000000000000000 ) ) ;
#792 = ORIENTED_EDGE ( 'NONE', *, *, #6637, .F. ) ;
#793 = ORIENTED_EDGE ( 'NONE', *, *, #254, .F. ) ;
#794 = CARTESIAN_POINT ( 'NONE',  ( -4.255079882453870255, 51.16928985660725004, 2.911076509981941562 ) ) ;
#795 = FACE_OUTER_BOUND ( 'NONE', #5988, .T. ) ;
#796 = EDGE_CURVE ( 'NONE', #6040, #6706, #4934, .T. ) ;
#797 = ORIENTED_EDGE ( 'NONE', *, *, #6555, .T. ) ;
#798 = EDGE_CURVE ( 'NONE', #1117, #8858, #3966, .T. ) ;
#799 = CARTESIAN_POINT ( 'NONE',  ( 19.33034050995938102, 62.96354183687369499, -11.16037729695251279 ) ) ;
#800 = CARTESIAN_POINT ( 'NONE',  ( 0.000000000000000000, 71.00000000000001421, 0.000000000000000000 ) ) ;
#801 = VERTEX_POINT ( 'NONE', #2373 ) ;
#802 = EDGE_CURVE ( 'NONE', #903, #7226, #7096, .T. ) ;
#803 = CARTESIAN_POINT ( 'NONE',  ( -23.28831231577568417, 71.00000000000001421, 18.43215965324982264 ) ) ;
#804 = ORIENTED_EDGE ( 'NONE', *, *, #5217, .F. ) ;
#805 = ADVANCED_FACE ( 'NONE', ( #4060 ), #7922, .T. ) ;
#806 = DIRECTION ( 'NONE',  ( -0.2646834405156328618, 0.000000000000000000, -0.9643353546960764522 ) ) ;
#807 = LINE ( 'NONE', #3065, #1796 ) ;
#808 = DIRECTION ( 'NONE',  ( 0.2588190451025180194, 0.000000000000000000, -0.9659258262890690894 ) ) ;
#809 = AXIS2_PLACEMENT_3D ( 'NONE', #4892, #4183, #5559 ) ;
#810 = VERTEX_POINT ( 'NONE', #7193 ) ;
#811 = PLANE ( 'NONE',  #2714 ) ;
#812 = AXIS2_PLACEMENT_3D ( 'NONE', #5054, #9922, #8965 ) ;
#813 = ORIENTED_EDGE ( 'NONE', *, *, #5704, .F. ) ;
#814 = CARTESIAN_POINT ( 'NONE',  ( -42.14480043434167555, 53.37243548074317090, 9.957767992071049790 ) ) ;
#815 = AXIS2_PLACEMENT_3D ( 'NONE', #4882, #5655, #3300 ) ;
#816 = DIRECTION ( 'NONE',  ( -0.4999999999999996669, 0.000000000000000000, 0.8660254037844388186 ) ) ;
#817 = VECTOR ( 'NONE', #9606, 1000.000000000000114 ) ;
#818 = ORIENTED_EDGE ( 'NONE', *, *, #1185, .T. ) ;
#819 = DIRECTION ( 'NONE',  ( 1.000000000000000000, 0.000000000000000000, -3.094973115762720531E-15 ) ) ;
#820 = CIRCLE ( 'NONE', #6557, 1.300000000000000044 ) ;
#821 = VECTOR ( 'NONE', #754, 1000.000000000000114 ) ;
#822 = DIRECTION ( 'NONE',  ( 0.9659258262890645375, 0.000000000000000000, -0.2588190451025347283 ) ) ;
#823 = CIRCLE ( 'NONE', #6718, 29.70000000000000639 ) ;
#824 = CARTESIAN_POINT ( 'NONE',  ( 30.83864482986077249, 51.64684645029008436, -32.66214838409469934 ) ) ;
#825 = CARTESIAN_POINT ( 'NONE',  ( 9.345701715961425293, 71.00000000000001421, 46.06145741763147328 ) ) ;
#826 = VECTOR ( 'NONE', #8297, 1000.000000000000000 ) ;
#827 = CARTESIAN_POINT ( 'NONE',  ( -9.313731387466697598, 53.50000000000000711, -29.77741438812508079 ) ) ;
#828 = ORIENTED_EDGE ( 'NONE', *, *, #6637, .T. ) ;
#829 = AXIS2_PLACEMENT_3D ( 'NONE', #1776, #7268, #1062 ) ;
#830 = CARTESIAN_POINT ( 'NONE',  ( -16.87661127446814646, 71.00000000000001421, -16.67275434172498549 ) ) ;
#831 = CARTESIAN_POINT ( 'NONE',  ( 30.44486301286592678, 53.50000000000000711, 6.822779208491885683 ) ) ;
#832 = VERTEX_POINT ( 'NONE', #1049 ) ;
#833 = B_SPLINE_CURVE_WITH_KNOTS ( 'NONE', 3,
 ( #2201, #1339, #9127, #2916, #2099, #5216, #8366, #7599, #6041, #4453, #557, #9173, #2153, #5272, #1389, #4496 ),
 .UNSPECIFIED., .F., .F.,
 ( 4, 2, 2, 2, 2, 2, 2, 4 ),
 ( 0.000000000000000000, 0.0004882818077346257361, 0.0009765636154692514722, 0.001464845423203877317, 0.001953127230938502944, 0.002441409038673128789, 0.002929690846407754633, 0.003906254461876992011 ),
 .UNSPECIFIED. ) ;
#834 = CARTESIAN_POINT ( 'NONE',  ( 18.65508692645726896, 61.00000000000000711, 18.42974732841616259 ) ) ;
#835 = CARTESIAN_POINT ( 'NONE',  ( 27.60687466421285308, 71.00000000000001421, 10.95219025010259806 ) ) ;
#836 = EDGE_LOOP ( 'NONE', ( #936, #3650, #2993, #3575 ) ) ;
#837 = CARTESIAN_POINT ( 'NONE',  ( -21.13113162539921674, 53.50000000000000711, 22.95463517963319333 ) ) ;
#838 = VERTEX_POINT ( 'NONE', #2479 ) ;
#839 = CARTESIAN_POINT ( 'NONE',  ( 0.000000000000000000, 26.00000000000001066, 0.000000000000000000 ) ) ;
#840 = DIRECTION ( 'NONE',  ( 0.000000000000000000, 1.000000000000000000, -0.000000000000000000 ) ) ;
#841 = VECTOR ( 'NONE', #8346, 1000.000000000000000 ) ;
#842 = EDGE_LOOP ( 'NONE', ( #1709, #4082, #7338, #4843 ) ) ;
#843 = DIRECTION ( 'NONE',  ( -0.000000000000000000, 1.000000000000000000, -0.000000000000000000 ) ) ;
#844 = CARTESIAN_POINT ( 'NONE',  ( 54.74335395521143965, 17.30542022082207154, -5.308306040815199189 ) ) ;
#845 = EDGE_CURVE ( 'NONE', #5847, #7391, #168, .T. ) ;
#846 = EDGE_LOOP ( 'NONE', ( #246, #315, #6608, #1139 ) ) ;
#847 = PLANE ( 'NONE',  #4831 ) ;
#848 = ORIENTED_EDGE ( 'NONE', *, *, #4436, .T. ) ;
#849 = DIRECTION ( 'NONE',  ( 0.000000000000000000, 0.000000000000000000, 1.000000000000000000 ) ) ;
#850 = EDGE_CURVE ( 'NONE', #545, #4261, #608, .T. ) ;
#851 = CARTESIAN_POINT ( 'NONE',  ( 27.60687466421285308, 71.00000000000001421, 10.95219025010259806 ) ) ;
#852 = EDGE_LOOP ( 'NONE', ( #6327, #10118 ) ) ;
#853 = AXIS2_PLACEMENT_3D ( 'NONE', #7984, #950, #7204 ) ;
#854 = CARTESIAN_POINT ( 'NONE',  ( 0.000000000000000000, 61.00000000000000711, 0.000000000000000000 ) ) ;
#855 = LINE ( 'NONE', #7681, #5900 ) ;
#856 = ORIENTED_EDGE ( 'NONE', *, *, #4376, .T. ) ;
#857 = FACE_OUTER_BOUND ( 'NONE', #5789, .T. ) ;
#858 = ORIENTED_EDGE ( 'NONE', *, *, #5679, .T. ) ;
#859 = VECTOR ( 'NONE', #8835, 1000.000000000000000 ) ;
#860 = DIRECTION ( 'NONE',  ( 0.000000000000000000, 1.000000000000000000, 0.000000000000000000 ) ) ;
#861 = FACE_OUTER_BOUND ( 'NONE', #3421, .T. ) ;
#862 = DIRECTION ( 'NONE',  ( -0.000000000000000000, -1.000000000000000000, -0.000000000000000000 ) ) ;
#863 = EDGE_CURVE ( 'NONE', #3141, #6448, #7147, .T. ) ;
#864 = ORIENTED_EDGE ( 'NONE', *, *, #6015, .T. ) ;
#865 = DIRECTION ( 'NONE',  ( -0.2646834405156327508, 0.000000000000000000, -0.9643353546960764522 ) ) ;
#866 = ORIENTED_EDGE ( 'NONE', *, *, #7583, .F. ) ;
#867 = CARTESIAN_POINT ( 'NONE',  ( 0.000000000000000000, 71.00000000000001421, 0.000000000000000000 ) ) ;
#868 = FACE_OUTER_BOUND ( 'NONE', #2222, .T. ) ;
#869 = CARTESIAN_POINT ( 'NONE',  ( 16.52091614407034115, 70.50000000000002842, -16.32135574438676429 ) ) ;
#870 = ORIENTED_EDGE ( 'NONE', *, *, #225, .F. ) ;
#871 = CARTESIAN_POINT ( 'NONE',  ( 9.980980740282994645, 71.00000000000001421, -43.85873278962193211 ) ) ;
#872 = AXIS2_PLACEMENT_3D ( 'NONE', #9036, #2871, #9080 ) ;
#873 = ADVANCED_FACE ( 'NONE', ( #3242 ), #6274, .T. ) ;
#874 = ADVANCED_FACE ( 'NONE', ( #3193 ), #776, .T. ) ;
#875 = DIRECTION ( 'NONE',  ( 0.000000000000000000, 1.000000000000000000, -0.000000000000000000 ) ) ;
#876 = CARTESIAN_POINT ( 'NONE',  ( 17.50000000000019185, 0.000000000000000000, 58.04429881564590943 ) ) ;
#877 = ADVANCED_FACE ( 'NONE', ( #6369 ), #9449, .T. ) ;
#878 = CARTESIAN_POINT ( 'NONE',  ( -30.71555500216633661, 52.10923818192158308, -32.53905855640018530 ) ) ;
#879 = EDGE_CURVE ( 'NONE', #1116, #3025, #888, .T. ) ;
#880 = FACE_BOUND ( 'NONE', #852, .T. ) ;
#881 = ORIENTED_EDGE ( 'NONE', *, *, #9485, .T. ) ;
#882 = DIRECTION ( 'NONE',  ( -3.491481338843133355E-15, 0.000000000000000000, -1.000000000000000000 ) ) ;
#883 = LINE ( 'NONE', #6312, #287 ) ;
#884 = ORIENTED_EDGE ( 'NONE', *, *, #2697, .F. ) ;
#885 = LINE ( 'NONE', #4009, #39 ) ;
#886 = CARTESIAN_POINT ( 'NONE',  ( 32.31394446327431780, 61.00000000000000711, 18.65646453444964337 ) ) ;
#887 = ORIENTED_EDGE ( 'NONE', *, *, #7523, .T. ) ;
#888 = LINE ( 'NONE', #8022, #3550 ) ;
#889 = DIRECTION ( 'NONE',  ( -0.9659258262890663138, 0.000000000000000000, 0.2588190451025279004 ) ) ;
#890 = EDGE_LOOP ( 'NONE', ( #8264, #7821, #8170, #8830 ) ) ;
#891 = FACE_OUTER_BOUND ( 'NONE', #8236, .T. ) ;
#892 = CARTESIAN_POINT ( 'NONE',  ( 27.36180241307265604, 4.000000000000000000, -24.90646038095277959 ) ) ;
#893 = EDGE_LOOP ( 'NONE', ( #3284, #5852, #3904, #4850, #2205, #5955 ) ) ;
#894 = PLANE ( 'NONE',  #8452 ) ;
#895 = ORIENTED_EDGE ( 'NONE', *, *, #4813, .F. ) ;
#896 = VECTOR ( 'NONE', #6264, 1000.000000000000000 ) ;
#897 = DIRECTION ( 'NONE',  ( 0.000000000000000000, 0.000000000000000000, 1.000000000000000000 ) ) ;
#898 = CARTESIAN_POINT ( 'NONE',  ( 27.29547653342059021, 70.49999999999998579, 11.70670580537010430 ) ) ;
#899 = VERTEX_POINT ( 'NONE', #466 ) ;
#900 = CARTESIAN_POINT ( 'NONE',  ( -41.60261462901804919, 22.25738375571086891, -13.00000000000000000 ) ) ;
#901 = DIRECTION ( 'NONE',  ( 0.9674806351920930414, 0.000000000000000000, -0.2529450939004438959 ) ) ;
#902 = ADVANCED_FACE ( 'NONE', ( #5805 ), #4268, .T. ) ;
#903 = VERTEX_POINT ( 'NONE', #8939 ) ;
#904 = DIRECTION ( 'NONE',  ( -0.000000000000000000, 1.084202172485504434E-16, 1.000000000000000000 ) ) ;
#905 = ORIENTED_EDGE ( 'NONE', *, *, #8125, .T. ) ;
#906 = ORIENTED_EDGE ( 'NONE', *, *, #6452, .F. ) ;
#907 = LINE ( 'NONE', #6397, #2639 ) ;
#908 = VECTOR ( 'NONE', #5471, 1000.000000000000114 ) ;
#909 = CYLINDRICAL_SURFACE ( 'NONE', #8196, 6.250000000000000000 ) ;
#910 = CARTESIAN_POINT ( 'NONE',  ( 42.96272214172754644, 52.88380706174487500, -10.17692945303696916 ) ) ;
#911 = VECTOR ( 'NONE', #6489, 1000.000000000000114 ) ;
#912 = ORIENTED_EDGE ( 'NONE', *, *, #798, .T. ) ;
#913 = EDGE_CURVE ( 'NONE', #4792, #3372, #9803, .T. ) ;
#914 = CARTESIAN_POINT ( 'NONE',  ( 14.12622629352413739, 57.80032493103703928, -11.70708916063916227 ) ) ;
#915 = VERTEX_POINT ( 'NONE', #9653 ) ;
#916 = PLANE ( 'NONE',  #7529 ) ;
#917 = ADVANCED_FACE ( 'NONE', ( #4317 ), #5035, .F. ) ;
#918 = CARTESIAN_POINT ( 'NONE',  ( -12.50000000000078870, 4.000000000000003553, -78.04429881564584548 ) ) ;
#919 = CYLINDRICAL_SURFACE ( 'NONE', #3118, 1.449999999999993072 ) ;
#920 = AXIS2_PLACEMENT_3D ( 'NONE', #8499, #1618, #705 ) ;
#921 = EDGE_LOOP ( 'NONE', ( #6943, #1414 ) ) ;
#922 = LINE ( 'NONE', #149, #8724 ) ;
#923 = EDGE_CURVE ( 'NONE', #1345, #1703, #9618, .T. ) ;
#924 = VECTOR ( 'NONE', #7030, 1000.000000000000000 ) ;
#925 = EDGE_CURVE ( 'NONE', #10037, #2664, #1145, .T. ) ;
#926 = DIRECTION ( 'NONE',  ( 0.000000000000000000, 1.000000000000000000, 0.000000000000000000 ) ) ;
#927 = CARTESIAN_POINT ( 'NONE',  ( -31.51983550409799406, 61.00000000000000711, 15.76324483274696142 ) ) ;
#928 = EDGE_CURVE ( 'NONE', #2602, #1543, #7502, .T. ) ;
#929 = FACE_OUTER_BOUND ( 'NONE', #8627, .T. ) ;
#930 = DIRECTION ( 'NONE',  ( 0.7071067811865561215, 0.000000000000000000, 0.7071067811865390240 ) ) ;
#931 = ORIENTED_EDGE ( 'NONE', *, *, #2177, .T. ) ;
#932 = CARTESIAN_POINT ( 'NONE',  ( 0.000000000000000000, 4.000000000000000000, 0.000000000000000000 ) ) ;
#933 = EDGE_CURVE ( 'NONE', #7472, #3643, #4407, .T. ) ;
#934 = AXIS2_PLACEMENT_3D ( 'NONE', #6679, #7355, #9805 ) ;
#935 = CARTESIAN_POINT ( 'NONE',  ( 32.27764532285599586, 70.49999999999998579, 29.85850818997003842 ) ) ;
#936 = ORIENTED_EDGE ( 'NONE', *, *, #3092, .F. ) ;
#937 = DIRECTION ( 'NONE',  ( 0.6818880686435313532, 0.7071067811865450192, -0.1871594556563956069 ) ) ;
#938 = EDGE_CURVE ( 'NONE', #8977, #9808, #1096, .T. ) ;
#939 = LINE ( 'NONE', #886, #5731 ) ;
#940 = ORIENTED_EDGE ( 'NONE', *, *, #2861, .T. ) ;
#941 = CARTESIAN_POINT ( 'NONE',  ( 19.85504925352053363, 74.83227724332927266, -17.43591212063566687 ) ) ;
#942 = DIRECTION ( 'NONE',  ( 0.000000000000000000, 0.000000000000000000, 1.000000000000000000 ) ) ;
#943 = VECTOR ( 'NONE', #8076, 1000.000000000000000 ) ;
#944 = ORIENTED_EDGE ( 'NONE', *, *, #9783, .F. ) ;
#945 = DIRECTION ( 'NONE',  ( 0.9674806351920982594, -0.000000000000000000, 0.2529450939004239118 ) ) ;
#946 = CARTESIAN_POINT ( 'NONE',  ( -27.60687466421277847, 71.00000000000001421, -10.95219025010279346 ) ) ;
#947 = ORIENTED_EDGE ( 'NONE', *, *, #8930, .T. ) ;
#948 = CARTESIAN_POINT ( 'NONE',  ( 1.652301389379721819, 61.00000000000000711, 0.4427328229371135238 ) ) ;
#949 = ORIENTED_EDGE ( 'NONE', *, *, #1563, .T. ) ;
#950 = DIRECTION ( 'NONE',  ( -0.000000000000000000, -1.000000000000000000, -0.000000000000000000 ) ) ;
#951 = CARTESIAN_POINT ( 'NONE',  ( 27.40272893604711513, 70.66961688690305721, 11.45663499230653493 ) ) ;
#952 = ORIENTED_EDGE ( 'NONE', *, *, #7190, .F. ) ;
#953 = DIRECTION ( 'NONE',  ( 0.000000000000000000, 1.000000000000000000, 0.000000000000000000 ) ) ;
#954 = CARTESIAN_POINT ( 'NONE',  ( -35.61195404750159099, 70.50000000000002842, -30.67227948683692418 ) ) ;
#955 = ORIENTED_EDGE ( 'NONE', *, *, #9035, .F. ) ;
#956 = CARTESIAN_POINT ( 'NONE',  ( -12.88335763512846022, 51.32744935920172225, -43.09944090843038822 ) ) ;
#957 = ORIENTED_EDGE ( 'NONE', *, *, #8464, .F. ) ;
#958 = ORIENTED_EDGE ( 'NONE', *, *, #4676, .T. ) ;
#959 =( BOUNDED_CURVE ( )  B_SPLINE_CURVE ( 3, ( #2606, #1843, #7329, #8104 ),
 .UNSPECIFIED., .F., .F. ) 
 B_SPLINE_CURVE_WITH_KNOTS ( ( 4, 4 ),
 ( 2.149939280505396511, 2.162703967960458940 ),
 .UNSPECIFIED. ) 
 CURVE ( )  GEOMETRIC_REPRESENTATION_ITEM ( )  RATIONAL_B_SPLINE_CURVE ( ( 1.000000000000000000, 0.9999864219422722744, 0.9999864219422722744, 1.000000000000000000 ) ) 
 REPRESENTATION_ITEM ( '' )  );
#960 = LINE ( 'NONE', #8101, #1498 ) ;
#961 = DIRECTION ( 'NONE',  ( -0.000000000000000000, 1.000000000000000000, -0.000000000000000000 ) ) ;
#962 = CARTESIAN_POINT ( 'NONE',  ( -78.04429881564595917, 0.000000000000000000, 12.49999999999996092 ) ) ;
#963 = CARTESIAN_POINT ( 'NONE',  ( 43.78253914824664150, 51.33021126696390013, -10.39659875787505783 ) ) ;
#964 = ORIENTED_EDGE ( 'NONE', *, *, #5853, .F. ) ;
#965 = ORIENTED_EDGE ( 'NONE', *, *, #6375, .F. ) ;
#966 = DIRECTION ( 'NONE',  ( -3.965082230804129727E-16, 0.000000000000000000, 1.000000000000000000 ) ) ;
#967 = ORIENTED_EDGE ( 'NONE', *, *, #7579, .T. ) ;
#968 = CARTESIAN_POINT ( 'NONE',  ( 54.98194895068709087, 7.910765233901630999, -1.423096421082707286 ) ) ;
#969 = FACE_OUTER_BOUND ( 'NONE', #1780, .T. ) ;
#970 = DIRECTION ( 'NONE',  ( 0.2529450939004305732, 0.000000000000000000, -0.9674806351920964831 ) ) ;
#971 = ADVANCED_FACE ( 'NONE', ( #3496 ), #9708, .F. ) ;
#972 = VECTOR ( 'NONE', #451, 1000.000000000000114 ) ;
#973 = ORIENTED_EDGE ( 'NONE', *, *, #6638, .T. ) ;
#974 = CARTESIAN_POINT ( 'NONE',  ( 58.04429881564596627, 44.31128874149274566, 17.49999999999998579 ) ) ;
#975 = EDGE_CURVE ( 'NONE', #9403, #6894, #7162, .T. ) ;
#976 = PLANE ( 'NONE',  #2462 ) ;
#977 = LINE ( 'NONE', #1798, #3668 ) ;
#978 = CARTESIAN_POINT ( 'NONE',  ( 17.50000000000020961, 31.20788311109079771, 63.04429881564590943 ) ) ;
#979 = AXIS2_PLACEMENT_3D ( 'NONE', #9000, #8190, #4378 ) ;
#980 = VECTOR ( 'NONE', #2791, 1000.000000000000000 ) ;
#981 = LINE ( 'NONE', #6669, #9720 ) ;
#982 = ORIENTED_EDGE ( 'NONE', *, *, #8697, .F. ) ;
#983 = CARTESIAN_POINT ( 'NONE',  ( -32.27764532285559085, 70.50000000000002842, 29.85850818997050382 ) ) ;
#984 = AXIS2_PLACEMENT_3D ( 'NONE', #2045, #7794, #41 ) ;
#985 = DIRECTION ( 'NONE',  ( -0.8660254037844336006, 0.000000000000000000, -0.5000000000000086597 ) ) ;
#986 = ORIENTED_EDGE ( 'NONE', *, *, #879, .F. ) ;
#987 = LINE ( 'NONE', #272, #4122 ) ;
#988 = ADVANCED_FACE ( 'NONE', ( #1295 ), #8895, .T. ) ;
#989 = DIRECTION ( 'NONE',  ( 0.7027971946764646205, 0.000000000000000000, -0.7113902607956418267 ) ) ;
#990 = AXIS2_PLACEMENT_3D ( 'NONE', #10124, #1619, #8604 ) ;
#991 = VERTEX_POINT ( 'NONE', #8276 ) ;
#992 = AXIS2_PLACEMENT_3D ( 'NONE', #9236, #7814, #779 ) ;
#993 = DIRECTION ( 'NONE',  ( -0.000000000000000000, 1.000000000000000000, 0.000000000000000000 ) ) ;
#994 = LINE ( 'NONE', #4935, #8376 ) ;
#995 = ADVANCED_FACE ( 'NONE', ( #1249 ), #9753, .F. ) ;
#996 = VECTOR ( 'NONE', #6344, 1000.000000000000000 ) ;
#997 = ADVANCED_FACE ( 'NONE', ( #4982 ), #4361, .F. ) ;
#998 = VECTOR ( 'NONE', #4281, 1000.000000000000000 ) ;
#999 = VECTOR ( 'NONE', #769, 1000.000000000000000 ) ;
#1000 = ORIENTED_EDGE ( 'NONE', *, *, #5413, .T. ) ;
#1001 = CARTESIAN_POINT ( 'NONE',  ( 44.36895025132775316, 61.00000000000000711, -15.50471714012239310 ) ) ;
#1002 = DIRECTION ( 'NONE',  ( 0.000000000000000000, 1.000000000000000000, 0.000000000000000000 ) ) ;
#1003 = EDGE_LOOP ( 'NONE', ( #7378, #7979, #958, #9830 ) ) ;
#1004 = DIRECTION ( 'NONE',  ( -0.000000000000000000, 1.000000000000000000, -0.000000000000000000 ) ) ;
#1005 = VERTEX_POINT ( 'NONE', #6581 ) ;
#1006 = DIRECTION ( 'NONE',  ( -0.2529450939004238563, 0.000000000000000000, 0.9674806351920982594 ) ) ;
#1007 = PLANE ( 'NONE',  #8056 ) ;
#1008 = CIRCLE ( 'NONE', #10149, 44.99999999999998579 ) ;
#1009 = VECTOR ( 'NONE', #3310, 1000.000000000000000 ) ;
#1010 = CARTESIAN_POINT ( 'NONE',  ( -42.41529010705292535, 21.67536061021520410, -13.00000000000000000 ) ) ;
#1011 = CARTESIAN_POINT ( 'NONE',  ( -42.43524478543740486, 26.00000000000001066, -24.50000000000014921 ) ) ;
#1012 = EDGE_CURVE ( 'NONE', #8914, #5287, #8559, .T. ) ;
#1013 = EDGE_CURVE ( 'NONE', #3722, #5495, #3588, .T. ) ;
#1014 = AXIS2_PLACEMENT_3D ( 'NONE', #5223, #7603, #565 ) ;
#1015 = EDGE_CURVE ( 'NONE', #4732, #7112, #1350, .T. ) ;
#1016 = ADVANCED_FACE ( 'NONE', ( #8379 ), #6205, .T. ) ;
#1017 = VERTEX_POINT ( 'NONE', #6777 ) ;
#1018 = CIRCLE ( 'NONE', #9850, 48.99999999999998579 ) ;
#1019 = DIRECTION ( 'NONE',  ( 0.000000000000000000, -1.000000000000000000, 1.084202172485504434E-16 ) ) ;
#1020 = ORIENTED_EDGE ( 'NONE', *, *, #7946, .F. ) ;
#1021 = EDGE_LOOP ( 'NONE', ( #3259, #7153, #7899, #2284 ) ) ;
#1022 = CARTESIAN_POINT ( 'NONE',  ( 12.66823144321805295, 52.88262122970323986, 42.29657903018190979 ) ) ;
#1023 = PLANE ( 'NONE',  #7220 ) ;
#1024 = DIRECTION ( 'NONE',  ( 0.000000000000000000, -1.000000000000000000, 0.000000000000000000 ) ) ;
#1025 = DIRECTION ( 'NONE',  ( -0.000000000000000000, 1.000000000000000000, -0.000000000000000000 ) ) ;
#1026 = VERTEX_POINT ( 'NONE', #523 ) ;
#1027 = VERTEX_POINT ( 'NONE', #4658 ) ;
#1028 = CARTESIAN_POINT ( 'NONE',  ( 42.43524478543762513, 71.00000000000001421, -24.49999999999974420 ) ) ;
#1029 = AXIS2_PLACEMENT_3D ( 'NONE', #9084, #7399, #6622 ) ;
#1030 = ORIENTED_EDGE ( 'NONE', *, *, #798, .F. ) ;
#1031 = FACE_OUTER_BOUND ( 'NONE', #9228, .T. ) ;
#1032 = ORIENTED_EDGE ( 'NONE', *, *, #2376, .T. ) ;
#1033 = DIRECTION ( 'NONE',  ( 0.2646834405156262560, 0.000000000000000000, -0.9643353546960782285 ) ) ;
#1034 = DIRECTION ( 'NONE',  ( 0.7027971946764646205, 0.000000000000000000, -0.7113902607956419377 ) ) ;
#1035 = VERTEX_POINT ( 'NONE', #7657 ) ;
#1036 = CARTESIAN_POINT ( 'NONE',  ( -35.61195404750159099, 70.50000000000002842, -30.67227948683692418 ) ) ;
#1037 = EDGE_LOOP ( 'NONE', ( #7921, #5971, #9400, #658 ) ) ;
#1038 = CARTESIAN_POINT ( 'NONE',  ( 1.652301389379721819, 71.00000000000001421, 0.4427328229371135238 ) ) ;
#1039 = DIRECTION ( 'NONE',  ( -0.2588190451025144667, 0.000000000000000000, 0.9659258262890700886 ) ) ;
#1040 = EDGE_CURVE ( 'NONE', #6776, #9731, #10100, .T. ) ;
#1041 = DIRECTION ( 'NONE',  ( -1.000000000000000000, 0.000000000000000000, -0.000000000000000000 ) ) ;
#1042 = ORIENTED_EDGE ( 'NONE', *, *, #5499, .T. ) ;
#1043 = CYLINDRICAL_SURFACE ( 'NONE', #2, 60.62500000000000000 ) ;
#1044 = DIRECTION ( 'NONE',  ( 0.000000000000000000, 1.000000000000000000, 0.000000000000000000 ) ) ;
#1045 = VERTEX_POINT ( 'NONE', #1546 ) ;
#1046 = FACE_OUTER_BOUND ( 'NONE', #8985, .T. ) ;
#1047 = CARTESIAN_POINT ( 'NONE',  ( 2.108547280816512881, 61.00000000000000711, 35.17860068602902857 ) ) ;
#1048 = ORIENTED_EDGE ( 'NONE', *, *, #9997, .F. ) ;
#1049 = CARTESIAN_POINT ( 'NONE',  ( -8.756996203826414416, 70.50000000000000000, 46.17699662695888208 ) ) ;
#1050 = CARTESIAN_POINT ( 'NONE',  ( 27.29547653342034508, 70.50000000000002842, -11.70670580537067629 ) ) ;
#1051 = LINE ( 'NONE', #4170, #109 ) ;
#1052 = CARTESIAN_POINT ( 'NONE',  ( -78.04429881564594496, 0.000000000000000000, -17.50000000000001066 ) ) ;
#1053 = VERTEX_POINT ( 'NONE', #2210 ) ;
#1054 = EDGE_CURVE ( 'NONE', #1266, #6183, #9333, .T. ) ;
#1055 = FACE_BOUND ( 'NONE', #2616, .T. ) ;
#1056 = ORIENTED_EDGE ( 'NONE', *, *, #2199, .F. ) ;
#1057 = PLANE ( 'NONE',  #8230 ) ;
#1058 = CARTESIAN_POINT ( 'NONE',  ( 73.04429881564588811, 44.31128874149274566, 17.50000000000001066 ) ) ;
#1059 = EDGE_CURVE ( 'NONE', #6863, #5711, #3076, .T. ) ;
#1060 = EDGE_CURVE ( 'NONE', #8112, #10011, #2881, .T. ) ;
#1061 = PLANE ( 'NONE',  #1098 ) ;
#1062 = DIRECTION ( 'NONE',  ( 0.000000000000000000, 0.000000000000000000, 1.000000000000000000 ) ) ;
#1063 = ORIENTED_EDGE ( 'NONE', *, *, #1597, .T. ) ;
#1064 = CARTESIAN_POINT ( 'NONE',  ( -78.04429881564595917, 4.000000000000003553, 17.49999999999999289 ) ) ;
#1065 = ORIENTED_EDGE ( 'NONE', *, *, #975, .F. ) ;
#1066 = ORIENTED_EDGE ( 'NONE', *, *, #8654, .F. ) ;
#1067 = CARTESIAN_POINT ( 'NONE',  ( -9.719403950192171848, 61.00000000000000711, 42.88251491892218326 ) ) ;
#1068 = CARTESIAN_POINT ( 'NONE',  ( 0.9117517771170398078, 53.50000000000000711, -0.9117517771170464691 ) ) ;
#1069 = ADVANCED_FACE ( 'NONE', ( #2108 ), #6828, .T. ) ;
#1070 = CLOSED_SHELL ( 'NONE', ( #6944, #3371, #3818, #5921, #7336, #7635, #6569, #8028, #6037, #3018, #5571, #4950, #5687, #5056, #3008, #1995, #4704, #6196, #4544, #6322, #6109, #5935, #2422, #2925, #8596, #4790, #3566, #489, #2973, #8340, #6133, #738, #8179, #4180, #1235, #7956, #2272, #1624, #1482, #8955, #5436, #7973, #995, #4852, #6506, #1823, #2827, #5664, #4231, #6052, #6011, #7446, #8273, #2825, #8286, #3357, #3629, #2513, #6216, #2845, #2375, #5621, #917, #4687, #2511, #6810, #88, #5188, #10125, #1555, #6815, #7121, #3281, #4871, #10138, #9031, #9814, #1804, #7778, #5362, #1413, #2879, #4012, #7443, #2185, #560, #7294, #7511, #3784, #2699, #2944, #4245, #8203, #7646, #8524, #4051, #5610, #5625, #971, #5051, #434, #7593, #1761, #3851, #8908, #3998, #3412, #6170, #9214, #1811, #5566, #186, #8339, #6962, #9838, #7505, #2970, #548, #8487, #6862, #2618, #6995, #7125, #902, #6446, #98, #5565, #623, #3887, #5149, #5170, #8160, #8823, #10087, #8330, #90, #6518, #4486, #3500, #9583, #2746, #716, #6567, #3806, #8639, #1247, #2497, #8391, #2349, #3659, #2122, #3819, #1943, #5883, #8709, #4166, #8592, #874, #4823, #8778, #4988, #2805, #7429, #7130, #3882, #383, #1162, #2609, #7195, #5120, #2037, #3445, #877, #3776, #4599, #1016, #2914, #9300, #8645, #7387, #4221, #1201, #433, #8760, #2055, #1286, #404, #44, #8207, #805, #9032, #1164, #188, #5433, #9757, #10003, #622, #5241, #3005, #4811, #7085, #693, #3024, #9692, #873, #5044, #4951, #6120, #6073, #9318, #9216, #9268, #176, #3625, #2251, #3964, #6442, #6293, #9254, #8836, #10137, #4669, #4557, #431, #3258, #6260, #8880, #2622, #5291, #3908, #2867, #8877, #4937, #8720, #3801, #4628, #3943, #35, #7711, #6806, #9713, #4629, #7215, #7867, #6813, #4784, #5428, #6766, #4952, #2300, #7496, #3498, #5367, #10000, #7904, #7757, #1445, #5368, #4257, #5939, #3189, #3874, #3302, #3849, #8054, #3886, #5182, #1069, #6123, #9564, #8468, #7276, #9950, #6640, #9134, #3447, #7052, #988, #9926, #7071, #5980, #5598, #5475, #4121, #1380, #2165, #4062, #4798, #125, #7846, #1118, #8909, #9179, #7214, #5112, #2110, #3531, #9396, #3063, #1946, #1323, #6611, #7016, #6258, #9335, #1760, #5378, #7809, #4348, #2749, #5294 ) ) ;
#1071 = DIRECTION ( 'NONE',  ( 1.000000000000000000, 0.000000000000000000, -3.491481338843133355E-15 ) ) ;
#1072 = LINE ( 'NONE', #8249, #8870 ) ;
#1073 = ORIENTED_EDGE ( 'NONE', *, *, #2065, .T. ) ;
#1074 = EDGE_CURVE ( 'NONE', #9201, #4900, #5807, .T. ) ;
#1075 = EDGE_LOOP ( 'NONE', ( #3374, #259, #884, #7825, #9154 ) ) ;
#1076 = ORIENTED_EDGE ( 'NONE', *, *, #3493, .F. ) ;
#1077 = CARTESIAN_POINT ( 'NONE',  ( 54.64373248598597144, 13.58678642795416103, 6.250000000000000000 ) ) ;
#1078 = VERTEX_POINT ( 'NONE', #2163 ) ;
#1079 = VECTOR ( 'NONE', #7073, 1000.000000000000000 ) ;
#1080 = DIRECTION ( 'NONE',  ( -0.6337862575779257268, -0.4434297682956728770, -0.6337862575779101837 ) ) ;
#1081 = LINE ( 'NONE', #9589, #6233 ) ;
#1082 = AXIS2_PLACEMENT_3D ( 'NONE', #1851, #6563, #8162 ) ;
#1083 = VERTEX_POINT ( 'NONE', #569 ) ;
#1084 = PLANE ( 'NONE',  #1517 ) ;
#1085 = ORIENTED_EDGE ( 'NONE', *, *, #9385, .T. ) ;
#1086 = DIRECTION ( 'NONE',  ( 0.000000000000000000, 0.000000000000000000, -1.000000000000000000 ) ) ;
#1087 = AXIS2_PLACEMENT_3D ( 'NONE', #7664, #528, #9905 ) ;
#1088 = EDGE_CURVE ( 'NONE', #8153, #4757, #9946, .T. ) ;
#1089 = CARTESIAN_POINT ( 'NONE',  ( -78.04429881564594496, 44.31128874149274566, -17.50000000000001066 ) ) ;
#1090 = ORIENTED_EDGE ( 'NONE', *, *, #5377, .T. ) ;
#1091 = DIRECTION ( 'NONE',  ( -0.000000000000000000, 1.000000000000000000, -0.000000000000000000 ) ) ;
#1092 = ORIENTED_EDGE ( 'NONE', *, *, #2877, .F. ) ;
#1093 = DIRECTION ( 'NONE',  ( -1.000000000000000000, 0.000000000000000000, 0.000000000000000000 ) ) ;
#1094 = LINE ( 'NONE', #9934, #10139 ) ;
#1095 = ORIENTED_EDGE ( 'NONE', *, *, #7212, .F. ) ;
#1096 = LINE ( 'NONE', #375, #7001 ) ;
#1097 = FACE_OUTER_BOUND ( 'NONE', #6090, .T. ) ;
#1098 = AXIS2_PLACEMENT_3D ( 'NONE', #7160, #187, #8906 ) ;
#1099 = VECTOR ( 'NONE', #8987, 1000.000000000000000 ) ;
#1100 = VECTOR ( 'NONE', #9404, 1000.000000000000000 ) ;
#1101 = DIRECTION ( 'NONE',  ( 0.000000000000000000, 1.000000000000000000, 0.000000000000000000 ) ) ;
#1102 = DIRECTION ( 'NONE',  ( -0.000000000000000000, 1.000000000000000000, 0.000000000000000000 ) ) ;
#1103 = FACE_BOUND ( 'NONE', #1885, .T. ) ;
#1104 = ORIENTED_EDGE ( 'NONE', *, *, #6681, .T. ) ;
#1105 = CARTESIAN_POINT ( 'NONE',  ( -34.25000000000000000, 30.50000000000000000, 5.000000000000000000 ) ) ;
#1106 = ORIENTED_EDGE ( 'NONE', *, *, #8772, .T. ) ;
#1107 = CARTESIAN_POINT ( 'NONE',  ( -29.23330679730012704, 71.00000000000001421, 16.87785754872432165 ) ) ;
#1108 = DIRECTION ( 'NONE',  ( 0.000000000000000000, 1.000000000000000000, 0.000000000000000000 ) ) ;
#1109 = VECTOR ( 'NONE', #6878, 1000.000000000000000 ) ;
#1110 = EDGE_CURVE ( 'NONE', #5635, #8172, #2926, .T. ) ;
#1111 = VECTOR ( 'NONE', #5296, 1000.000000000000000 ) ;
#1112 = CARTESIAN_POINT ( 'NONE',  ( -34.25000000000000000, 23.30000000000000071, 3.699999999999998401 ) ) ;
#1113 = LINE ( 'NONE', #2495, #1009 ) ;
#1114 = ORIENTED_EDGE ( 'NONE', *, *, #1747, .F. ) ;
#1115 = FACE_OUTER_BOUND ( 'NONE', #6722, .T. ) ;
#1116 = VERTEX_POINT ( 'NONE', #9186 ) ;
#1117 = VERTEX_POINT ( 'NONE', #6107 ) ;
#1118 = ADVANCED_FACE ( 'NONE', ( #5281 ), #4612, .F. ) ;
#1119 = LINE ( 'NONE', #8194, #2807 ) ;
#1120 = FACE_BOUND ( 'NONE', #7049, .T. ) ;
#1121 = CARTESIAN_POINT ( 'NONE',  ( 25.28817283496548995, 61.00000000000000711, 6.940905523910584130 ) ) ;
#1122 = CARTESIAN_POINT ( 'NONE',  ( 66.52214940782297958, -1.000000000000000000, -6.249999999999996447 ) ) ;
#1123 = EDGE_CURVE ( 'NONE', #9587, #7576, #4509, .T. ) ;
#1124 = ORIENTED_EDGE ( 'NONE', *, *, #312, .F. ) ;
#1125 = ORIENTED_EDGE ( 'NONE', *, *, #6359, .T. ) ;
#1126 = EDGE_CURVE ( 'NONE', #5328, #8112, #5329, .T. ) ;
#1127 = ORIENTED_EDGE ( 'NONE', *, *, #8752, .F. ) ;
#1128 = EDGE_CURVE ( 'NONE', #6776, #1263, #7761, .T. ) ;
#1129 = CARTESIAN_POINT ( 'NONE',  ( 55.00003453691136457, 7.749696075097475045, 0.4084952168510956327 ) ) ;
#1130 = VERTEX_POINT ( 'NONE', #10047 ) ;
#1131 = LINE ( 'NONE', #4248, #4660 ) ;
#1132 = FACE_OUTER_BOUND ( 'NONE', #7930, .T. ) ;
#1133 = ORIENTED_EDGE ( 'NONE', *, *, #6131, .F. ) ;
#1134 = LINE ( 'NONE', #7539, #5114 ) ;
#1135 = EDGE_LOOP ( 'NONE', ( #6179, #9457, #8972, #4087 ) ) ;
#1136 = CARTESIAN_POINT ( 'NONE',  ( 11.25000000000000000, 0.000000000000000000, -12.99999999999999289 ) ) ;
#1137 = EDGE_CURVE ( 'NONE', #9073, #8399, #9284, .T. ) ;
#1138 = DIRECTION ( 'NONE',  ( 1.204482735576602201E-15, -0.9386109303896084111, 0.3449775664491150362 ) ) ;
#1139 = ORIENTED_EDGE ( 'NONE', *, *, #8072, .F. ) ;
#1140 = PLANE ( 'NONE',  #1487 ) ;
#1141 = ORIENTED_EDGE ( 'NONE', *, *, #925, .T. ) ;
#1142 = DIRECTION ( 'NONE',  ( -0.7027971946764645095, 0.000000000000000000, -0.7113902607956420487 ) ) ;
#1143 = ORIENTED_EDGE ( 'NONE', *, *, #4500, .F. ) ;
#1144 = VECTOR ( 'NONE', #6705, 1000.000000000000000 ) ;
#1145 = LINE ( 'NONE', #9090, #5684 ) ;
#1146 = DIRECTION ( 'NONE',  ( 0.1788591911648519661, -0.7071067811865704433, -0.6841121178109788037 ) ) ;
#1147 = CIRCLE ( 'NONE', #4903, 31.20000000000000995 ) ;
#1148 = AXIS2_PLACEMENT_3D ( 'NONE', #7953, #8924, #2515 ) ;
#1149 = DIRECTION ( 'NONE',  ( -1.000000000000000000, -0.000000000000000000, -0.000000000000000000 ) ) ;
#1150 = DIRECTION ( 'NONE',  ( 0.6337862575779209529, -0.4434297682956737652, 0.6337862575779142915 ) ) ;
#1151 = VERTEX_POINT ( 'NONE', #927 ) ;
#1152 = CARTESIAN_POINT ( 'NONE',  ( -46.75000000000000000, 22.50000000000000000, 13.00000000000000000 ) ) ;
#1153 = AXIS2_PLACEMENT_3D ( 'NONE', #3402, #6533, #2643 ) ;
#1154 = VERTEX_POINT ( 'NONE', #6416 ) ;
#1155 = CARTESIAN_POINT ( 'NONE',  ( -42.00257440633905759, 53.43369657167163922, -9.919658642725002196 ) ) ;
#1156 = DIRECTION ( 'NONE',  ( 0.000000000000000000, 1.000000000000000000, 0.000000000000000000 ) ) ;
#1157 = AXIS2_PLACEMENT_3D ( 'NONE', #4449, #9123, #4164 ) ;
#1158 = DIRECTION ( 'NONE',  ( 0.000000000000000000, 0.000000000000000000, 1.000000000000000000 ) ) ;
#1159 = DIRECTION ( 'NONE',  ( 0.9674806351920982594, 0.000000000000000000, 0.2529450939004238563 ) ) ;
#1160 = CONICAL_SURFACE ( 'NONE', #2793, 50.00000000000000711, 0.7853981633974469467 ) ;
#1161 = VECTOR ( 'NONE', #4054, 1000.000000000000114 ) ;
#1162 = ADVANCED_FACE ( 'NONE', ( #1594 ), #3335, .F. ) ;
#1163 = VERTEX_POINT ( 'NONE', #8010 ) ;
#1164 = ADVANCED_FACE ( 'NONE', ( #4762 ), #2465, .T. ) ;
#1165 = DIRECTION ( 'NONE',  ( 0.000000000000000000, 1.000000000000000000, -0.000000000000000000 ) ) ;
#1166 = VERTEX_POINT ( 'NONE', #2359 ) ;
#1167 = VERTEX_POINT ( 'NONE', #3279 ) ;
#1168 = VECTOR ( 'NONE', #2755, 1000.000000000000000 ) ;
#1169 = CARTESIAN_POINT ( 'NONE',  ( 12.88335763512846199, 51.32744935920171514, 43.09944090843037401 ) ) ;
#1170 = CARTESIAN_POINT ( 'NONE',  ( -45.27214940782296537, 4.000000000000000000, 45.27214940782296537 ) ) ;
#1171 = CIRCLE ( 'NONE', #9514, 60.62500000000000000 ) ;
#1172 = CARTESIAN_POINT ( 'NONE',  ( 12.52707044354125721, 53.24713017205801435, -41.76975900734089464 ) ) ;
#1173 = CARTESIAN_POINT ( 'NONE',  ( 19.25000000000000000, 30.50000000000000000, -13.00000000000000000 ) ) ;
#1174 = VERTEX_POINT ( 'NONE', #4708 ) ;
#1175 = VECTOR ( 'NONE', #1839, 1000.000000000000000 ) ;
#1176 = DIRECTION ( 'NONE',  ( 0.000000000000000000, -1.000000000000000000, 0.000000000000000000 ) ) ;
#1177 = CARTESIAN_POINT ( 'NONE',  ( 44.97116462341929832, 20.03917451671256345, 1.622572161571244953 ) ) ;
#1178 = AXIS2_PLACEMENT_3D ( 'NONE', #1122, #348, #4291 ) ;
#1179 = VERTEX_POINT ( 'NONE', #6305 ) ;
#1180 = CARTESIAN_POINT ( 'NONE',  ( 8.756996203826414416, 70.50000000000000000, -46.17699662695888208 ) ) ;
#1181 = EDGE_LOOP ( 'NONE', ( #566, #2488, #10098, #6128 ) ) ;
#1182 = CIRCLE ( 'NONE', #5420, 60.62500000000000000 ) ;
#1183 = CARTESIAN_POINT ( 'NONE',  ( 4.648606151232123729, 51.16928985660612739, 2.229469018346835973 ) ) ;
#1184 = CARTESIAN_POINT ( 'NONE',  ( 42.43820340668348479, 53.24654536646293934, 10.03638508156689824 ) ) ;
#1185 = EDGE_CURVE ( 'NONE', #10090, #6034, #3953, .T. ) ;
#1186 = ORIENTED_EDGE ( 'NONE', *, *, #1542, .T. ) ;
#1187 = DIRECTION ( 'NONE',  ( -0.000000000000000000, 1.000000000000000000, -0.000000000000000000 ) ) ;
#1188 = VERTEX_POINT ( 'NONE', #9432 ) ;
#1189 = AXIS2_PLACEMENT_3D ( 'NONE', #128, #1006, #4175 ) ;
#1190 = LINE ( 'NONE', #3434, #8959 ) ;
#1191 = DIRECTION ( 'NONE',  ( 0.9674806351920947067, 0.000000000000000000, -0.2529450939004371235 ) ) ;
#1192 = ORIENTED_EDGE ( 'NONE', *, *, #3674, .T. ) ;
#1193 = CARTESIAN_POINT ( 'NONE',  ( -46.75000000000000000, 30.50000000000000000, 13.00000000000000000 ) ) ;
#1194 = VECTOR ( 'NONE', #260, 1000.000000000000227 ) ;
#1195 = VERTEX_POINT ( 'NONE', #876 ) ;
#1196 = DIRECTION ( 'NONE',  ( 0.000000000000000000, 1.000000000000000000, -0.000000000000000000 ) ) ;
#1197 = ORIENTED_EDGE ( 'NONE', *, *, #8445, .T. ) ;
#1198 = EDGE_CURVE ( 'NONE', #1167, #7044, #8378, .T. ) ;
#1199 = EDGE_CURVE ( 'NONE', #5287, #7829, #8970, .T. ) ;
#1200 = EDGE_CURVE ( 'NONE', #3778, #3981, #977, .T. ) ;
#1201 = ADVANCED_FACE ( 'NONE', ( #7182 ), #2411, .T. ) ;
#1202 = DIRECTION ( 'NONE',  ( 0.000000000000000000, 1.000000000000000000, 0.000000000000000000 ) ) ;
#1203 = CARTESIAN_POINT ( 'NONE',  ( 24.50000000000000000, 26.00000000000001066, -42.43524478543749012 ) ) ;
#1204 = DIRECTION ( 'NONE',  ( -0.9674806351920982594, 0.000000000000000000, -0.2529450939004239118 ) ) ;
#1205 = FACE_BOUND ( 'NONE', #8364, .T. ) ;
#1206 = DIRECTION ( 'NONE',  ( 0.000000000000000000, 1.000000000000000000, 0.000000000000000000 ) ) ;
#1207 = VERTEX_POINT ( 'NONE', #151 ) ;
#1208 = FACE_OUTER_BOUND ( 'NONE', #2608, .T. ) ;
#1209 = LINE ( 'NONE', #5094, #2309 ) ;
#1210 = EDGE_CURVE ( 'NONE', #6747, #6785, #7029, .T. ) ;
#1211 = VECTOR ( 'NONE', #6617, 1000.000000000000000 ) ;
#1212 = DIRECTION ( 'NONE',  ( 0.000000000000000000, -0.000000000000000000, 1.000000000000000000 ) ) ;
#1213 = CARTESIAN_POINT ( 'NONE',  ( 45.27214940782316432, 4.000000000000000000, -45.27214940782291563 ) ) ;
#1214 = ORIENTED_EDGE ( 'NONE', *, *, #7639, .T. ) ;
#1215 = EDGE_CURVE ( 'NONE', #1456, #6078, #9594, .T. ) ;
#1216 =( BOUNDED_CURVE ( )  B_SPLINE_CURVE ( 3, ( #898, #951, #7264, #851 ),
 .UNSPECIFIED., .F., .F. ) 
 B_SPLINE_CURVE_WITH_KNOTS ( ( 4, 4 ),
 ( 5.610150355514117670, 5.637634353679369603 ),
 .UNSPECIFIED. ) 
 CURVE ( )  GEOMETRIC_REPRESENTATION_ITEM ( )  RATIONAL_B_SPLINE_CURVE ( ( 1.000000000000000000, 0.9999370534776620412, 0.9999370534776620412, 1.000000000000000000 ) ) 
 REPRESENTATION_ITEM ( '' )  );
#1217 = DIRECTION ( 'NONE',  ( -0.000000000000000000, 0.000000000000000000, 1.000000000000000000 ) ) ;
#1218 = VERTEX_POINT ( 'NONE', #2575 ) ;
#1219 = ORIENTED_EDGE ( 'NONE', *, *, #4470, .T. ) ;
#1220 = LINE ( 'NONE', #589, #8386 ) ;
#1221 = PLANE ( 'NONE',  #1327 ) ;
#1222 = CARTESIAN_POINT ( 'NONE',  ( 12.87036604282496022, 51.65832988056627073, -43.05095562588248015 ) ) ;
#1223 = DIRECTION ( 'NONE',  ( 0.2588190451025181305, 0.000000000000000000, 0.9659258262890689783 ) ) ;
#1224 = ORIENTED_EDGE ( 'NONE', *, *, #8635, .T. ) ;
#1225 = DIRECTION ( 'NONE',  ( -1.000000000000000000, 0.000000000000000000, 3.094973115762720531E-15 ) ) ;
#1226 = DIRECTION ( 'NONE',  ( 0.000000000000000000, 0.000000000000000000, 1.000000000000000000 ) ) ;
#1227 = ORIENTED_EDGE ( 'NONE', *, *, #6958, .F. ) ;
#1228 = CARTESIAN_POINT ( 'NONE',  ( 24.24999999999999645, 4.000000000000000000, 19.51666049839546346 ) ) ;
#1229 = EDGE_LOOP ( 'NONE', ( #2705, #1853, #6316, #7449, #1382 ) ) ;
#1230 = CARTESIAN_POINT ( 'NONE',  ( 25.28817283496535495, 70.50000000000000000, -6.940905523911115260 ) ) ;
#1231 = CARTESIAN_POINT ( 'NONE',  ( 54.74310223833938238, 10.69866902672047360, -5.310921899414740466 ) ) ;
#1232 = ORIENTED_EDGE ( 'NONE', *, *, #9392, .F. ) ;
#1233 = VECTOR ( 'NONE', #2621, 1000.000000000000000 ) ;
#1234 = DIRECTION ( 'NONE',  ( 3.491481338843133355E-15, 0.000000000000000000, 1.000000000000000000 ) ) ;
#1235 = ADVANCED_FACE ( 'NONE', ( #4810, #1697 ), #6262, .F. ) ;
#1236 = ORIENTED_EDGE ( 'NONE', *, *, #7524, .F. ) ;
#1237 = CARTESIAN_POINT ( 'NONE',  ( 24.50000000000000000, 26.00000000000001066, -42.43524478543749012 ) ) ;
#1238 = AXIS2_PLACEMENT_3D ( 'NONE', #8875, #4300, #6609 ) ;
#1239 = LINE ( 'NONE', #5125, #3003 ) ;
#1240 = ORIENTED_EDGE ( 'NONE', *, *, #6876, .T. ) ;
#1241 = LINE ( 'NONE', #3582, #4910 ) ;
#1242 = ORIENTED_EDGE ( 'NONE', *, *, #5667, .F. ) ;
#1243 = CARTESIAN_POINT ( 'NONE',  ( 0.000000000000000000, 71.00000000000001421, 0.000000000000000000 ) ) ;
#1244 = EDGE_CURVE ( 'NONE', #4297, #5339, #3230, .T. ) ;
#1245 = ORIENTED_EDGE ( 'NONE', *, *, #2536, .F. ) ;
#1246 = PRODUCT_DEFINITION_FORMATION_WITH_SPECIFIED_SOURCE ( 'ANY', '', #7286, .NOT_KNOWN. ) ;
#1247 = ADVANCED_FACE ( 'NONE', ( #263 ), #9639, .F. ) ;
#1248 = CIRCLE ( 'NONE', #265, 44.99999999999998579 ) ;
#1249 = FACE_OUTER_BOUND ( 'NONE', #6842, .T. ) ;
#1250 = LINE ( 'NONE', #4362, #8304 ) ;
#1251 = EDGE_CURVE ( 'NONE', #2568, #1027, #3389, .T. ) ;
#1252 = CARTESIAN_POINT ( 'NONE',  ( -17.50000000000053646, 71.00000000000001421, -52.14163403653535056 ) ) ;
#1253 = EDGE_CURVE ( 'NONE', #6999, #5271, #8070, .T. ) ;
#1254 = FACE_BOUND ( 'NONE', #9197, .T. ) ;
#1255 = DIRECTION ( 'NONE',  ( 0.000000000000000000, 0.000000000000000000, -1.000000000000000000 ) ) ;
#1256 = ORIENTED_EDGE ( 'NONE', *, *, #7007, .F. ) ;
#1257 = DIRECTION ( 'NONE',  ( 1.047444401652940007E-14, 0.000000000000000000, 1.000000000000000000 ) ) ;
#1258 = CARTESIAN_POINT ( 'NONE',  ( -12.88755093684978270, 71.00000000000001421, 43.11509052350583460 ) ) ;
#1259 = VECTOR ( 'NONE', #644, 1000.000000000000114 ) ;
#1260 = VECTOR ( 'NONE', #5892, 1000.000000000000227 ) ;
#1261 = DIRECTION ( 'NONE',  ( 0.7027971946764645095, -0.000000000000000000, 0.7113902607956419377 ) ) ;
#1262 = LINE ( 'NONE', #6787, #6072 ) ;
#1263 = VERTEX_POINT ( 'NONE', #9189 ) ;
#1264 = CARTESIAN_POINT ( 'NONE',  ( -12.72790463916273218, 52.65204660686486449, -42.51928242929746915 ) ) ;
#1265 = VERTEX_POINT ( 'NONE', #7561 ) ;
#1266 = VERTEX_POINT ( 'NONE', #526 ) ;
#1267 = CARTESIAN_POINT ( 'NONE',  ( -29.31694443973722386, 71.00000000000001421, -9.626382878924166775 ) ) ;
#1268 = DIRECTION ( 'NONE',  ( 0.000000000000000000, 1.000000000000000000, 0.000000000000000000 ) ) ;
#1269 = AXIS2_PLACEMENT_3D ( 'NONE', #653, #3834, #8564 ) ;
#1270 = DIRECTION ( 'NONE',  ( -1.000000000000000000, 2.312964634635742957E-16, -0.000000000000000000 ) ) ;
#1271 = DIRECTION ( 'NONE',  ( 0.9674806351920963721, 0.000000000000000000, 0.2529450939004306842 ) ) ;
#1272 = EDGE_LOOP ( 'NONE', ( #2276, #8722, #2339, #3977 ) ) ;
#1273 = CARTESIAN_POINT ( 'NONE',  ( -31.75000000000000000, 30.49999999999999645, 13.00000000000000000 ) ) ;
#1274 = AXIS2_PLACEMENT_3D ( 'NONE', #8577, #3740, #3644 ) ;
#1275 = CARTESIAN_POINT ( 'NONE',  ( 44.81096381144225660, 18.70818879274982294, 4.130528834826803219 ) ) ;
#1276 = VERTEX_POINT ( 'NONE', #3647 ) ;
#1277 = CARTESIAN_POINT ( 'NONE',  ( -34.25000000000000000, 23.30000000000000071, -6.300000000000001599 ) ) ;
#1278 = VERTEX_POINT ( 'NONE', #6937 ) ;
#1279 = CARTESIAN_POINT ( 'NONE',  ( 78.04429881564595917, 44.31128874149274566, -17.49999999999999289 ) ) ;
#1280 = CARTESIAN_POINT ( 'NONE',  ( 43.65916182791086442, 51.80555184251707601, 10.36353990452674978 ) ) ;
#1281 = ORIENTED_EDGE ( 'NONE', *, *, #6359, .F. ) ;
#1282 = CARTESIAN_POINT ( 'NONE',  ( -9.149713682832139483, 70.83262911084997882, 46.10122267475125568 ) ) ;
#1283 = DIRECTION ( 'NONE',  ( 0.9674806351920947067, 0.000000000000000000, -0.2529450939004371790 ) ) ;
#1284 = ORIENTED_EDGE ( 'NONE', *, *, #351, .F. ) ;
#1285 = DIRECTION ( 'NONE',  ( -9.831427643668527552E-15, 0.3449775664491150917, -0.9386109303896085221 ) ) ;
#1286 = ADVANCED_FACE ( 'NONE', ( #4560 ), #7662, .F. ) ;
#1287 = FACE_OUTER_BOUND ( 'NONE', #3873, .T. ) ;
#1288 = DIRECTION ( 'NONE',  ( -0.9674806351920947067, 0.000000000000000000, 0.2529450939004371235 ) ) ;
#1289 = EDGE_CURVE ( 'NONE', #8453, #2890, #10002, .T. ) ;
#1290 = EDGE_LOOP ( 'NONE', ( #3307, #6301, #194, #7262 ) ) ;
#1291 =( NAMED_UNIT ( * ) PLANE_ANGLE_UNIT ( ) SI_UNIT ( $, .RADIAN. ) );
#1292 = VERTEX_POINT ( 'NONE', #5233 ) ;
#1293 = CARTESIAN_POINT ( 'NONE',  ( 18.65508692645726185, 61.00000000000000711, -18.42974732841615193 ) ) ;
#1294 = ORIENTED_EDGE ( 'NONE', *, *, #4536, .T. ) ;
#1295 = FACE_OUTER_BOUND ( 'NONE', #516, .T. ) ;
#1296 = DIRECTION ( 'NONE',  ( 0.000000000000000000, 0.000000000000000000, 1.000000000000000000 ) ) ;
#1297 = DIRECTION ( 'NONE',  ( 0.000000000000000000, 1.000000000000000000, 0.000000000000000000 ) ) ;
#1298 = LINE ( 'NONE', #422, #3103 ) ;
#1299 = DIRECTION ( 'NONE',  ( -0.000000000000000000, -1.000000000000000000, -0.000000000000000000 ) ) ;
#1300 = VERTEX_POINT ( 'NONE', #3696 ) ;
#1301 = CARTESIAN_POINT ( 'NONE',  ( -42.43820340668350610, 53.24654536646296066, -10.03638508156687692 ) ) ;
#1302 = CARTESIAN_POINT ( 'NONE',  ( -73.04429881564595917, 4.000000000000003553, -12.49999999999999112 ) ) ;
#1303 = VECTOR ( 'NONE', #3272, 1000.000000000000114 ) ;
#1304 = CARTESIAN_POINT ( 'NONE',  ( 0.000000000000000000, 71.00000000000001421, 0.000000000000000000 ) ) ;
#1305 = CARTESIAN_POINT ( 'NONE',  ( 6.633085908507855954, 61.00000000000000711, -25.37065285232711886 ) ) ;
#1306 = AXIS2_PLACEMENT_3D ( 'NONE', #2554, #9576, #8050 ) ;
#1307 = AXIS2_PLACEMENT_3D ( 'NONE', #3648, #8989, #5038 ) ;
#1308 = VERTEX_POINT ( 'NONE', #469 ) ;
#1309 = FACE_OUTER_BOUND ( 'NONE', #5897, .T. ) ;
#1310 = AXIS2_PLACEMENT_3D ( 'NONE', #6786, #5195, #8240 ) ;
#1311 = FACE_OUTER_BOUND ( 'NONE', #1037, .T. ) ;
#1312 = EDGE_LOOP ( 'NONE', ( #4302, #111, #8109 ) ) ;
#1313 = VERTEX_POINT ( 'NONE', #3592 ) ;
#1314 = LINE ( 'NONE', #5202, #7068 ) ;
#1315 = DIRECTION ( 'NONE',  ( 0.7071067811865474617, -0.000000000000000000, 0.7071067811865474617 ) ) ;
#1316 = VECTOR ( 'NONE', #5491, 1000.000000000000000 ) ;
#1317 = CARTESIAN_POINT ( 'NONE',  ( 0.000000000000000000, 61.00000000000000711, 0.000000000000000000 ) ) ;
#1318 = ORIENTED_EDGE ( 'NONE', *, *, #3945, .F. ) ;
#1319 = AXIS2_PLACEMENT_3D ( 'NONE', #6261, #4919, #7181 ) ;
#1320 = EDGE_CURVE ( 'NONE', #9158, #158, #7708, .T. ) ;
#1321 = EDGE_CURVE ( 'NONE', #2568, #7933, #6832, .T. ) ;
#1322 = AXIS2_PLACEMENT_3D ( 'NONE', #5030, #9701, #8933 ) ;
#1323 = ADVANCED_FACE ( 'NONE', ( #2063 ), #1353, .T. ) ;
#1324 = CARTESIAN_POINT ( 'NONE',  ( 41.36667426851339968, 53.50000000000000711, -9.749269714327816416 ) ) ;
#1325 = EDGE_CURVE ( 'NONE', #4805, #4680, #9286, .T. ) ;
#1326 = DIRECTION ( 'NONE',  ( -0.000000000000000000, 1.000000000000000000, -0.000000000000000000 ) ) ;
#1327 = AXIS2_PLACEMENT_3D ( 'NONE', #4337, #440, #6695 ) ;
#1328 = ORIENTED_EDGE ( 'NONE', *, *, #7523, .F. ) ;
#1329 = VECTOR ( 'NONE', #4983, 1000.000000000000114 ) ;
#1330 = CARTESIAN_POINT ( 'NONE',  ( -9.980980740282994645, 71.00000000000001421, 43.85873278962193211 ) ) ;
#1331 = ORIENTED_EDGE ( 'NONE', *, *, #2788, .T. ) ;
#1332 = LINE ( 'NONE', #4447, #2051 ) ;
#1333 = CARTESIAN_POINT ( 'NONE',  ( 41.36667426851341389, 53.50000000000000711, 9.749269714327805758 ) ) ;
#1334 = CARTESIAN_POINT ( 'NONE',  ( 47.63139720814383082, 65.99999999999998579, 27.50000000000049738 ) ) ;
#1335 = FACE_OUTER_BOUND ( 'NONE', #640, .T. ) ;
#1336 = AXIS2_PLACEMENT_3D ( 'NONE', #286, #6685, #3407 ) ;
#1337 = ORIENTED_EDGE ( 'NONE', *, *, #2189, .T. ) ;
#1338 = AXIS2_PLACEMENT_3D ( 'NONE', #199, #9373, #2555 ) ;
#1339 = CARTESIAN_POINT ( 'NONE',  ( -30.89498821139684992, 51.16510438680748507, 32.71849176563078743 ) ) ;
#1340 = VECTOR ( 'NONE', #2850, 1000.000000000000000 ) ;
#1341 = CARTESIAN_POINT ( 'NONE',  ( -12.87036604282495489, 51.65832988056627073, 43.05095562588248015 ) ) ;
#1342 = CARTESIAN_POINT ( 'NONE',  ( 24.99999999999929656, 71.00000000000001421, 43.30127018922234328 ) ) ;
#1343 = VERTEX_POINT ( 'NONE', #9948 ) ;
#1344 = DIRECTION ( 'NONE',  ( 0.000000000000000000, 0.000000000000000000, 1.000000000000000000 ) ) ;
#1345 = VERTEX_POINT ( 'NONE', #9902 ) ;
#1346 = DIRECTION ( 'NONE',  ( 0.5030288774786538797, 0.7071067811865633379, -0.4969526621545991563 ) ) ;
#1347 = ORIENTED_EDGE ( 'NONE', *, *, #1668, .F. ) ;
#1348 = VECTOR ( 'NONE', #4783, 1000.000000000000000 ) ;
#1349 = EDGE_CURVE ( 'NONE', #1559, #1752, #4487, .T. ) ;
#1350 = LINE ( 'NONE', #8528, #2587 ) ;
#1351 = CARTESIAN_POINT ( 'NONE',  ( -23.78604288879165907, 70.50000000000002842, 17.78522318365907751 ) ) ;
#1352 = VECTOR ( 'NONE', #5851, 1000.000000000000000 ) ;
#1353 = PLANE ( 'NONE',  #75 ) ;
#1354 = FACE_OUTER_BOUND ( 'NONE', #3455, .T. ) ;
#1355 = CARTESIAN_POINT ( 'NONE',  ( -12.49999999999972644, 4.000000000000003553, 78.04429881564600180 ) ) ;
#1356 = EDGE_LOOP ( 'NONE', ( #9083, #3149, #2946, #5041 ) ) ;
#1357 = DIRECTION ( 'NONE',  ( 3.491481338843133355E-15, 0.000000000000000000, 1.000000000000000000 ) ) ;
#1358 = CARTESIAN_POINT ( 'NONE',  ( -0.9117517771170418062, 53.50000000000000711, -0.9117517771170466911 ) ) ;
#1359 = ORIENTED_EDGE ( 'NONE', *, *, #4949, .F. ) ;
#1360 = CARTESIAN_POINT ( 'NONE',  ( -16.52091614407034115, 61.00000000000000711, -16.32135574438677139 ) ) ;
#1361 = CARTESIAN_POINT ( 'NONE',  ( 23.40485743934972973, 61.00000000000000711, -20.98572030646493047 ) ) ;
#1362 = EDGE_CURVE ( 'NONE', #7472, #3273, #2167, .T. ) ;
#1363 = ORIENTED_EDGE ( 'NONE', *, *, #5062, .T. ) ;
#1364 = CARTESIAN_POINT ( 'NONE',  ( -17.50000000000053646, 4.000000000000000000, -52.14163403653535056 ) ) ;
#1365 = LINE ( 'NONE', #2751, #4259 ) ;
#1366 = ORIENTED_EDGE ( 'NONE', *, *, #6508, .T. ) ;
#1367 = EDGE_LOOP ( 'NONE', ( #7676, #7490, #593, #5803, #2933 ) ) ;
#1368 = LINE ( 'NONE', #2800, #3785 ) ;
#1369 = EDGE_CURVE ( 'NONE', #1407, #1997, #5384, .T. ) ;
#1370 = CARTESIAN_POINT ( 'NONE',  ( 23.40485743935017027, 70.49999999999998579, 20.98572030646443309 ) ) ;
#1371 = VECTOR ( 'NONE', #1138, 1000.000000000000227 ) ;
#1372 = CARTESIAN_POINT ( 'NONE',  ( -43.28812969620312856, 31.20788311109079771, 12.49999999999999112 ) ) ;
#1373 = EDGE_CURVE ( 'NONE', #7653, #5522, #2046, .T. ) ;
#1374 = ORIENTED_EDGE ( 'NONE', *, *, #7770, .F. ) ;
#1375 = EDGE_CURVE ( 'NONE', #9001, #9674, #6163, .T. ) ;
#1376 = DIRECTION ( 'NONE',  ( -0.9674806351920929304, 0.000000000000000000, 0.2529450939004439514 ) ) ;
#1377 = CARTESIAN_POINT ( 'NONE',  ( 23.40485743934972973, 61.00000000000000711, -20.98572030646493047 ) ) ;
#1378 = B_SPLINE_CURVE_WITH_KNOTS ( 'NONE', 3,
 ( #3675, #2716, #1947, #454, #4301, #7437, #6660, #9024, #8261, #1231, #4347, #3424, #4195, #5016, #2667, #8817, #1739, #7175, #8872, #968, #3269, #8108, #1129, #4856, #8004, #1942, #5835, #4965, #304, #6560, #4094, #9686, #7337, #8159, #5790, #1788, #7231, #145, #1849, #205, #6407, #1077, #4246 ),
 .UNSPECIFIED., .F., .F.,
 ( 4, 2, 2, 1, 2, 2, 2, 2, 2, 2, 2, 2, 2, 2, 2, 2, 2, 2, 2, 2, 2, 4 ),
 ( 0.01955612978506177796, 0.02077809798777233152, 0.02138908208912761177, 0.02200006619048288856, 0.02261105029183816534, 0.02322203439319344559, 0.02444400259590399568, 0.02566597079861454578, 0.02688793900132509934, 0.02749892310268037265, 0.02810990720403564944, 0.02933187540674619953, 0.03055384360945674616, 0.03116482771081202641, 0.03177581181216729972, 0.03299778001487785328, 0.03421974821758839991, 0.03544171642029896041, 0.03605270052165424066, 0.03666368462300952091, 0.03788565282572006754, 0.03910762102843062110 ),
 .UNSPECIFIED. ) ;
#1379 = ORIENTED_EDGE ( 'NONE', *, *, #8253, .T. ) ;
#1380 = ADVANCED_FACE ( 'NONE', ( #6883 ), #2264, .T. ) ;
#1381 = DIRECTION ( 'NONE',  ( 0.7312754151546697612, -0.6533314309053442903, 0.1959446569354226786 ) ) ;
#1382 = ORIENTED_EDGE ( 'NONE', *, *, #1596, .T. ) ;
#1383 = DIRECTION ( 'NONE',  ( 3.965082230804129727E-16, 0.000000000000000000, -1.000000000000000000 ) ) ;
#1384 = EDGE_CURVE ( 'NONE', #1263, #10037, #9092, .T. ) ;
#1385 = DIRECTION ( 'NONE',  ( -0.000000000000000000, 1.000000000000000000, -0.000000000000000000 ) ) ;
#1386 = DIRECTION ( 'NONE',  ( 0.000000000000000000, 0.000000000000000000, 1.000000000000000000 ) ) ;
#1387 = PLANE ( 'NONE',  #352 ) ;
#1388 = EDGE_LOOP ( 'NONE', ( #162, #6298, #1114, #4869, #7192, #3665 ) ) ;
#1389 = CARTESIAN_POINT ( 'NONE',  ( -29.35994236449212380, 53.50000000000001421, 31.18344591872606841 ) ) ;
#1390 = CARTESIAN_POINT ( 'NONE',  ( 41.99704927304802027, 61.00000000000000711, 13.02400672895146094 ) ) ;
#1391 = CARTESIAN_POINT ( 'NONE',  ( -12.50000000000055067, 71.00000000000001421, -53.56071321407124231 ) ) ;
#1392 = VECTOR ( 'NONE', #4105, 1000.000000000000000 ) ;
#1393 = ORIENTED_EDGE ( 'NONE', *, *, #6825, .T. ) ;
#1394 = CARTESIAN_POINT ( 'NONE',  ( -17.50000000000081002, 4.000000000000003553, -78.04429881564578864 ) ) ;
#1395 = ORIENTED_EDGE ( 'NONE', *, *, #9765, .F. ) ;
#1396 = CARTESIAN_POINT ( 'NONE',  ( -41.99704927304782842, 61.00000000000000711, 13.02400672895204714 ) ) ;
#1397 = ORIENTED_EDGE ( 'NONE', *, *, #6618, .T. ) ;
#1398 = DIRECTION ( 'NONE',  ( 0.2646834405156394676, -0.000000000000000000, 0.9643353546960745648 ) ) ;
#1399 = DIRECTION ( 'NONE',  ( 7.852594892236579202E-15, 0.5749972691930270718, -0.8181553278079668479 ) ) ;
#1400 = DIRECTION ( 'NONE',  ( 0.7027971946764645095, -0.000000000000000000, 0.7113902607956420487 ) ) ;
#1401 = DIRECTION ( 'NONE',  ( 0.000000000000000000, 1.000000000000000000, 0.000000000000000000 ) ) ;
#1402 = DIRECTION ( 'NONE',  ( 0.000000000000000000, 0.000000000000000000, 1.000000000000000000 ) ) ;
#1403 = ORIENTED_EDGE ( 'NONE', *, *, #8328, .T. ) ;
#1404 = DIRECTION ( 'NONE',  ( 0.000000000000000000, -1.000000000000000000, -0.000000000000000000 ) ) ;
#1405 = DIRECTION ( 'NONE',  ( 0.000000000000000000, 1.000000000000000000, 0.000000000000000000 ) ) ;
#1406 = AXIS2_PLACEMENT_3D ( 'NONE', #4275, #1206, #2691 ) ;
#1407 = VERTEX_POINT ( 'NONE', #9140 ) ;
#1408 = DIRECTION ( 'NONE',  ( 0.000000000000000000, 0.000000000000000000, 1.000000000000000000 ) ) ;
#1409 = CARTESIAN_POINT ( 'NONE',  ( 6.633085908508379980, 70.49999999999992895, 25.37065285232696610 ) ) ;
#1410 = ORIENTED_EDGE ( 'NONE', *, *, #6074, .F. ) ;
#1411 = CARTESIAN_POINT ( 'NONE',  ( -73.04429881564595917, 4.000000000000003553, -12.49999999999999112 ) ) ;
#1412 = FACE_OUTER_BOUND ( 'NONE', #9629, .T. ) ;
#1413 = ADVANCED_FACE ( 'NONE', ( #6111 ), #2212, .T. ) ;
#1414 = ORIENTED_EDGE ( 'NONE', *, *, #9834, .F. ) ;
#1415 = ORIENTED_EDGE ( 'NONE', *, *, #4327, .F. ) ;
#1416 = DIRECTION ( 'NONE',  ( 0.000000000000000000, 1.000000000000000000, 0.000000000000000000 ) ) ;
#1417 = LINE ( 'NONE', #10025, #6895 ) ;
#1418 = VECTOR ( 'NONE', #4217, 999.9999999999998863 ) ;
#1419 = ORIENTED_EDGE ( 'NONE', *, *, #6236, .T. ) ;
#1420 = CARTESIAN_POINT ( 'NONE',  ( 22.39516677087726038, 61.00000000000000711, 6.146855202363726178 ) ) ;
#1421 = CARTESIAN_POINT ( 'NONE',  ( -17.50000000000059686, 0.000000000000000000, -58.04429881564578864 ) ) ;
#1422 = ORIENTED_EDGE ( 'NONE', *, *, #8381, .T. ) ;
#1423 = EDGE_CURVE ( 'NONE', #9002, #5780, #8761, .T. ) ;
#1424 = FACE_OUTER_BOUND ( 'NONE', #4925, .T. ) ;
#1425 = ORIENTED_EDGE ( 'NONE', *, *, #9125, .T. ) ;
#1426 = VECTOR ( 'NONE', #377, 1000.000000000000000 ) ;
#1427 = LINE ( 'NONE', #3725, #7962 ) ;
#1428 = EDGE_CURVE ( 'NONE', #7541, #7216, #5640, .T. ) ;
#1429 = DIRECTION ( 'NONE',  ( 0.9674806351920929304, 0.000000000000000000, -0.2529450939004438959 ) ) ;
#1430 = CARTESIAN_POINT ( 'NONE',  ( 63.04429881564596627, 31.20788311109079771, -12.49999999999999112 ) ) ;
#1431 = DIRECTION ( 'NONE',  ( 0.000000000000000000, 1.000000000000000000, 0.000000000000000000 ) ) ;
#1432 = AXIS2_PLACEMENT_3D ( 'NONE', #5760, #419, #2778 ) ;
#1433 = ORIENTED_EDGE ( 'NONE', *, *, #6520, .T. ) ;
#1434 = EDGE_CURVE ( 'NONE', #2731, #9644, #6207, .T. ) ;
#1435 = AXIS2_PLACEMENT_3D ( 'NONE', #6267, #4767, #7090 ) ;
#1436 = EDGE_CURVE ( 'NONE', #1951, #9289, #6986, .T. ) ;
#1437 = CARTESIAN_POINT ( 'NONE',  ( -22.87733444822520568, 71.00000000000001421, -6.279196922621682830 ) ) ;
#1438 = DIRECTION ( 'NONE',  ( 0.5000000000000007772, 0.000000000000000000, 0.8660254037844382635 ) ) ;
#1439 = LINE ( 'NONE', #2101, #2186 ) ;
#1440 = ORIENTED_EDGE ( 'NONE', *, *, #5808, .F. ) ;
#1441 = CARTESIAN_POINT ( 'NONE',  ( -0.9117517771170390306, 71.00000000000001421, 0.9117517771170445817 ) ) ;
#1442 = ORIENTED_EDGE ( 'NONE', *, *, #1123, .F. ) ;
#1443 = DIRECTION ( 'NONE',  ( 0.7113902607956420487, 0.000000000000000000, -0.7027971946764645095 ) ) ;
#1444 = ORIENTED_EDGE ( 'NONE', *, *, #1979, .F. ) ;
#1445 = ADVANCED_FACE ( 'NONE', ( #777 ), #3852, .T. ) ;
#1446 = CARTESIAN_POINT ( 'NONE',  ( 19.25000000000000000, 30.50000000000000000, 13.00000000000000000 ) ) ;
#1447 = EDGE_CURVE ( 'NONE', #5522, #7653, #7789, .T. ) ;
#1448 = EDGE_CURVE ( 'NONE', #3298, #4819, #1883, .T. ) ;
#1449 = CARTESIAN_POINT ( 'NONE',  ( 6.250000000000228262, 4.000000000000000000, 67.97214940782295400 ) ) ;
#1450 = CARTESIAN_POINT ( 'NONE',  ( -17.50000000000081002, 44.31128874149307961, -78.04429881564578864 ) ) ;
#1451 = CARTESIAN_POINT ( 'NONE',  ( 43.78253914824664150, 51.00000000000000711, -10.39659875787505783 ) ) ;
#1452 = DIRECTION ( 'NONE',  ( 0.000000000000000000, 1.000000000000000000, -0.000000000000000000 ) ) ;
#1453 = ORIENTED_EDGE ( 'NONE', *, *, #3883, .T. ) ;
#1454 = DIRECTION ( 'NONE',  ( -0.000000000000000000, 1.000000000000000000, -0.000000000000000000 ) ) ;
#1455 = DIRECTION ( 'NONE',  ( 0.000000000000000000, 1.000000000000000000, 0.000000000000000000 ) ) ;
#1456 = VERTEX_POINT ( 'NONE', #58 ) ;
#1457 = LINE ( 'NONE', #3039, #4601 ) ;
#1458 = ORIENTED_EDGE ( 'NONE', *, *, #476, .F. ) ;
#1459 = CARTESIAN_POINT ( 'NONE',  ( 0.000000000000000000, 71.00000000000001421, 0.000000000000000000 ) ) ;
#1460 = CARTESIAN_POINT ( 'NONE',  ( 9.313731387466697598, 71.00000000000001421, -29.77741438812508079 ) ) ;
#1461 = EDGE_LOOP ( 'NONE', ( #4212, #9886 ) ) ;
#1462 = DIRECTION ( 'NONE',  ( 0.000000000000000000, 0.000000000000000000, 1.000000000000000000 ) ) ;
#1463 = CARTESIAN_POINT ( 'NONE',  ( 54.99542619647935027, 20.21013426026171089, 0.8160851209843736909 ) ) ;
#1464 = ORIENTED_EDGE ( 'NONE', *, *, #5257, .F. ) ;
#1465 = ORIENTED_EDGE ( 'NONE', *, *, #8381, .F. ) ;
#1466 = DIRECTION ( 'NONE',  ( 0.2646834405156394121, 0.000000000000000000, 0.9643353546960745648 ) ) ;
#1467 = DIRECTION ( 'NONE',  ( 0.000000000000000000, 1.000000000000000000, 0.000000000000000000 ) ) ;
#1468 = ORIENTED_EDGE ( 'NONE', *, *, #7211, .F. ) ;
#1469 = DIRECTION ( 'NONE',  ( 1.000000000000000000, 0.000000000000000000, 0.000000000000000000 ) ) ;
#1470 = CARTESIAN_POINT ( 'NONE',  ( 22.39516677087713248, 61.00000000000000711, -6.146855202364192472 ) ) ;
#1471 = EDGE_CURVE ( 'NONE', #5850, #6949, #106, .T. ) ;
#1472 = AXIS2_PLACEMENT_3D ( 'NONE', #9930, #400, #3723 ) ;
#1473 = VERTEX_POINT ( 'NONE', #827 ) ;
#1474 = PLANE ( 'NONE',  #6703 ) ;
#1475 = VECTOR ( 'NONE', #9314, 1000.000000000000114 ) ;
#1476 = EDGE_LOOP ( 'NONE', ( #9794, #5000, #4479, #9742 ) ) ;
#1477 = DIRECTION ( 'NONE',  ( -0.1959446569354254264, 0.6533314309053441793, 0.7312754151546693171 ) ) ;
#1478 = LINE ( 'NONE', #760, #4364 ) ;
#1479 = AXIS2_PLACEMENT_3D ( 'NONE', #7152, #1002, #1711 ) ;
#1480 = CARTESIAN_POINT ( 'NONE',  ( 8.756996203826405534, 70.50000000000000000, -46.17699662695888208 ) ) ;
#1481 = CARTESIAN_POINT ( 'NONE',  ( 41.68296851709010298, 53.48381987524004444, -9.834020502804559527 ) ) ;
#1482 = ADVANCED_FACE ( 'NONE', ( #9338, #880, #157, #4004, #7184, #1598, #8674, #1646, #4764, #7137, #1699 ), #3283, .F. ) ;
#1483 = ORIENTED_EDGE ( 'NONE', *, *, #1448, .F. ) ;
#1484 = AXIS2_PLACEMENT_3D ( 'NONE', #9874, #8962, #2083 ) ;
#1485 = DIRECTION ( 'NONE',  ( 0.000000000000000000, 0.000000000000000000, 1.000000000000000000 ) ) ;
#1486 = VECTOR ( 'NONE', #9321, 1000.000000000000000 ) ;
#1487 = AXIS2_PLACEMENT_3D ( 'NONE', #1906, #6671, #8171 ) ;
#1488 = CARTESIAN_POINT ( 'NONE',  ( -43.53742882615515697, 52.10923818192162571, 10.33092164501412924 ) ) ;
#1489 = EDGE_CURVE ( 'NONE', #1278, #7478, #7858, .T. ) ;
#1490 = LINE ( 'NONE', #146, #3490 ) ;
#1491 = ORIENTED_EDGE ( 'NONE', *, *, #4743, .F. ) ;
#1492 = FACE_BOUND ( 'NONE', #7250, .T. ) ;
#1493 = EDGE_LOOP ( 'NONE', ( #2905, #8918, #6642, #191 ) ) ;
#1494 = VECTOR ( 'NONE', #474, 1000.000000000000000 ) ;
#1495 = CARTESIAN_POINT ( 'NONE',  ( 44.91584349413442823, 8.385748868474580675, -2.776796464696404509 ) ) ;
#1496 = VECTOR ( 'NONE', #535, 1000.000000000000000 ) ;
#1497 = ORIENTED_EDGE ( 'NONE', *, *, #223, .T. ) ;
#1498 = VECTOR ( 'NONE', #6254, 1000.000000000000000 ) ;
#1499 = CARTESIAN_POINT ( 'NONE',  ( -35.61195404750138493, 61.00000000000000711, 30.67227948683718708 ) ) ;
#1500 = DIRECTION ( 'NONE',  ( -0.8660254037844328234, 0.000000000000000000, 0.5000000000000101030 ) ) ;
#1501 = VECTOR ( 'NONE', #2327, 1000.000000000000000 ) ;
#1502 = DIRECTION ( 'NONE',  ( -1.000000000000000000, 0.000000000000000000, 1.047444401652940007E-14 ) ) ;
#1503 = DIRECTION ( 'NONE',  ( 0.2588190451025180194, 0.000000000000000000, -0.9659258262890690894 ) ) ;
#1504 = EDGE_CURVE ( 'NONE', #5997, #2370, #8728, .T. ) ;
#1505 = EDGE_CURVE ( 'NONE', #5313, #5355, #5439, .T. ) ;
#1506 = PLANE ( 'NONE',  #8641 ) ;
#1507 = AXIS2_PLACEMENT_3D ( 'NONE', #834, #684, #5489 ) ;
#1508 = ORIENTED_EDGE ( 'NONE', *, *, #5831, .F. ) ;
#1509 = CARTESIAN_POINT ( 'NONE',  ( 13.74999999999999822, 23.30000000000000071, 5.000000000000000000 ) ) ;
#1510 = EDGE_CURVE ( 'NONE', #4335, #838, #9597, .T. ) ;
#1511 = DIRECTION ( 'NONE',  ( 0.000000000000000000, -0.000000000000000000, 1.000000000000000000 ) ) ;
#1512 = ORIENTED_EDGE ( 'NONE', *, *, #5629, .T. ) ;
#1513 = DIRECTION ( 'NONE',  ( 0.7027971946764645095, 0.000000000000000000, 0.7113902607956420487 ) ) ;
#1514 = VERTEX_POINT ( 'NONE', #8780 ) ;
#1515 = DIRECTION ( 'NONE',  ( 0.000000000000000000, 1.000000000000000000, 0.000000000000000000 ) ) ;
#1516 = DIRECTION ( 'NONE',  ( 0.000000000000000000, 1.000000000000000000, 0.000000000000000000 ) ) ;
#1517 = AXIS2_PLACEMENT_3D ( 'NONE', #4970, #2673, #8114 ) ;
#1518 = ORIENTED_EDGE ( 'NONE', *, *, #5006, .T. ) ;
#1519 = FACE_OUTER_BOUND ( 'NONE', #6509, .T. ) ;
#1520 = CARTESIAN_POINT ( 'NONE',  ( 55.00001688600417538, 20.25014859684649693, -0.4057321229279781671 ) ) ;
#1521 = ORIENTED_EDGE ( 'NONE', *, *, #9939, .F. ) ;
#1522 = ORIENTED_EDGE ( 'NONE', *, *, #4255, .F. ) ;
#1523 = CARTESIAN_POINT ( 'NONE',  ( -29.41128822328147763, 70.50000000000002842, 19.41535585328235669 ) ) ;
#1524 = CARTESIAN_POINT ( 'NONE',  ( -12.49999999999972289, 0.000000000000000000, 78.04429881564600180 ) ) ;
#1525 = VECTOR ( 'NONE', #6662, 1000.000000000000000 ) ;
#1526 = ORIENTED_EDGE ( 'NONE', *, *, #1060, .F. ) ;
#1527 = CARTESIAN_POINT ( 'NONE',  ( 6.250000000000228262, 4.000000000000000000, 66.52214940782296537 ) ) ;
#1528 = PLANE ( 'NONE',  #4745 ) ;
#1529 = EDGE_CURVE ( 'NONE', #9390, #8914, #6, .T. ) ;
#1530 = ORIENTED_EDGE ( 'NONE', *, *, #6614, .F. ) ;
#1531 = PLANE ( 'NONE',  #8352 ) ;
#1532 = VERTEX_POINT ( 'NONE', #3136 ) ;
#1533 = CARTESIAN_POINT ( 'NONE',  ( 44.36895025132773895, 70.50000000000000000, -15.50471714012239666 ) ) ;
#1534 = DIRECTION ( 'NONE',  ( -0.9674806351920929304, 0.000000000000000000, 0.2529450939004439514 ) ) ;
#1535 = DIRECTION ( 'NONE',  ( 0.6818880686435313532, -0.7071067811865451302, -0.1871594556563955236 ) ) ;
#1536 = EDGE_LOOP ( 'NONE', ( #9407, #7597, #2027 ) ) ;
#1537 = CARTESIAN_POINT ( 'NONE',  ( -12.50000000000065015, 31.20788311109079771, -63.04429881564583837 ) ) ;
#1538 = LINE ( 'NONE', #4652, #8854 ) ;
#1539 = LINE ( 'NONE', #10094, #3827 ) ;
#1540 =( BOUNDED_CURVE ( )  B_SPLINE_CURVE ( 3, ( #1751, #8931, #5028, #4455 ),
 .UNSPECIFIED., .F., .F. ) 
 B_SPLINE_CURVE_WITH_KNOTS ( ( 4, 4 ),
 ( 5.610150355514117670, 5.637634353679368715 ),
 .UNSPECIFIED. ) 
 CURVE ( )  GEOMETRIC_REPRESENTATION_ITEM ( )  RATIONAL_B_SPLINE_CURVE ( ( 1.000000000000000000, 0.9999370534776620412, 0.9999370534776620412, 1.000000000000000000 ) ) 
 REPRESENTATION_ITEM ( '' )  );
#1541 = CARTESIAN_POINT ( 'NONE',  ( 0.000000000000000000, 56.00000000000000711, 0.000000000000000000 ) ) ;
#1542 = EDGE_CURVE ( 'NONE', #5685, #3234, #9389, .T. ) ;
#1543 = VERTEX_POINT ( 'NONE', #9698 ) ;
#1544 = CARTESIAN_POINT ( 'NONE',  ( 31.51983550409787682, 61.00000000000000711, -15.76324483274717636 ) ) ;
#1545 = ORIENTED_EDGE ( 'NONE', *, *, #7623, .F. ) ;
#1546 = CARTESIAN_POINT ( 'NONE',  ( 29.41128822328133907, 61.00000000000000711, -19.41535585328255920 ) ) ;
#1547 = DIRECTION ( 'NONE',  ( -0.2588190451025233485, 0.000000000000000000, 0.9659258262890676461 ) ) ;
#1548 = DIRECTION ( 'NONE',  ( 0.2588190451025181305, 0.000000000000000000, 0.9659258262890690894 ) ) ;
#1549 = EDGE_CURVE ( 'NONE', #3867, #10030, #2578, .T. ) ;
#1550 = ORIENTED_EDGE ( 'NONE', *, *, #4866, .F. ) ;
#1551 = LINE ( 'NONE', #3138, #9986 ) ;
#1552 = CARTESIAN_POINT ( 'NONE',  ( -0.4427328229371071400, 61.00000000000000711, 1.652301389379722707 ) ) ;
#1553 = EDGE_LOOP ( 'NONE', ( #7174, #5423, #2281 ) ) ;
#1554 = DIRECTION ( 'NONE',  ( 0.000000000000000000, -1.000000000000000000, 0.000000000000000000 ) ) ;
#1555 = ADVANCED_FACE ( 'NONE', ( #4868 ), #7345, .T. ) ;
#1556 = CARTESIAN_POINT ( 'NONE',  ( 44.56324311698489993, 71.00000000000001421, 14.93711360660080878 ) ) ;
#1557 = ORIENTED_EDGE ( 'NONE', *, *, #8395, .T. ) ;
#1558 = DIRECTION ( 'NONE',  ( 0.7071067811865412445, 0.000000000000000000, -0.7071067811865537900 ) ) ;
#1559 = VERTEX_POINT ( 'NONE', #8223 ) ;
#1560 = CARTESIAN_POINT ( 'NONE',  ( 6.249999999999299227, -1.000000000000000000, -67.97214940782305348 ) ) ;
#1561 = CARTESIAN_POINT ( 'NONE',  ( 0.000000000000000000, 53.50000000000000711, 0.000000000000000000 ) ) ;
#1562 = EDGE_CURVE ( 'NONE', #3025, #5279, #7394, .T. ) ;
#1563 = EDGE_CURVE ( 'NONE', #502, #2188, #9745, .T. ) ;
#1564 = ORIENTED_EDGE ( 'NONE', *, *, #845, .F. ) ;
#1565 = CARTESIAN_POINT ( 'NONE',  ( -41.99704927304792790, 61.00000000000000711, -13.02400672895175049 ) ) ;
#1566 = LINE ( 'NONE', #4679, #1801 ) ;
#1567 = VERTEX_POINT ( 'NONE', #4158 ) ;
#1568 = VECTOR ( 'NONE', #9561, 1000.000000000000000 ) ;
#1569 = VERTEX_POINT ( 'NONE', #2626 ) ;
#1570 = LINE ( 'NONE', #7055, #3292 ) ;
#1571 = DIRECTION ( 'NONE',  ( -0.7071067811865494601, 0.000000000000000000, -0.7071067811865455743 ) ) ;
#1572 = ORIENTED_EDGE ( 'NONE', *, *, #4731, .F. ) ;
#1573 = VECTOR ( 'NONE', #7848, 1000.000000000000000 ) ;
#1574 = DIRECTION ( 'NONE',  ( -0.2529450939004239118, 0.000000000000000000, 0.9674806351920982594 ) ) ;
#1575 = DIRECTION ( 'NONE',  ( -0.9643353546960745648, 0.000000000000000000, 0.2646834405156394676 ) ) ;
#1576 = AXIS2_PLACEMENT_3D ( 'NONE', #1105, #5910, #2020 ) ;
#1577 = ORIENTED_EDGE ( 'NONE', *, *, #2058, .F. ) ;
#1578 = VERTEX_POINT ( 'NONE', #4308 ) ;
#1579 = LINE ( 'NONE', #5316, #8629 ) ;
#1580 = CARTESIAN_POINT ( 'NONE',  ( 0.000000000000000000, 56.00000000000000711, -17.12500000000000000 ) ) ;
#1581 = CARTESIAN_POINT ( 'NONE',  ( 0.000000000000000000, 56.00000000000000711, 0.000000000000000000 ) ) ;
#1582 = VERTEX_POINT ( 'NONE', #6571 ) ;
#1583 = AXIS2_PLACEMENT_3D ( 'NONE', #6184, #6911, #5307 ) ;
#1584 = AXIS2_PLACEMENT_3D ( 'NONE', #7305, #8896, #942 ) ;
#1585 = LINE ( 'NONE', #9582, #9751 ) ;
#1586 = AXIS2_PLACEMENT_3D ( 'NONE', #6532, #9609, #2688 ) ;
#1587 = ORIENTED_EDGE ( 'NONE', *, *, #3729, .T. ) ;
#1588 = LINE ( 'NONE', #5427, #6717 ) ;
#1589 = CARTESIAN_POINT ( 'NONE',  ( 0.000000000000000000, 71.00000000000001421, 0.000000000000000000 ) ) ;
#1590 = ORIENTED_EDGE ( 'NONE', *, *, #2252, .F. ) ;
#1591 = CARTESIAN_POINT ( 'NONE',  ( 29.58385367883595762, 53.42042054621737179, 31.40735723306984539 ) ) ;
#1592 = VECTOR ( 'NONE', #8783, 1000.000000000000000 ) ;
#1593 = FACE_OUTER_BOUND ( 'NONE', #1602, .T. ) ;
#1594 = FACE_OUTER_BOUND ( 'NONE', #8064, .T. ) ;
#1595 = CARTESIAN_POINT ( 'NONE',  ( 44.36895025132775316, 70.50000000000000000, -15.50471714012239310 ) ) ;
#1596 = EDGE_CURVE ( 'NONE', #2775, #8257, #5846, .T. ) ;
#1597 = EDGE_CURVE ( 'NONE', #4109, #7983, #4924, .T. ) ;
#1598 = FACE_BOUND ( 'NONE', #3983, .T. ) ;
#1599 = VERTEX_POINT ( 'NONE', #2677 ) ;
#1600 = CARTESIAN_POINT ( 'NONE',  ( 5.874250626806587050, 61.00000000000000711, -22.46821094675082264 ) ) ;
#1601 = DIRECTION ( 'NONE',  ( 0.000000000000000000, 0.000000000000000000, -1.000000000000000000 ) ) ;
#1602 = EDGE_LOOP ( 'NONE', ( #2853, #6568, #4313, #9770, #10032, #6735, #5794, #2858, #9739 ) ) ;
#1603 = PLANE ( 'NONE',  #6250 ) ;
#1604 = CARTESIAN_POINT ( 'NONE',  ( 78.04429881564594496, 44.31128874149274566, 12.49999999999998046 ) ) ;
#1605 = ORIENTED_EDGE ( 'NONE', *, *, #7845, .T. ) ;
#1606 = CARTESIAN_POINT ( 'NONE',  ( 17.50000000000017053, 31.20788311109079416, 52.14163403653547135 ) ) ;
#1607 = ORIENTED_EDGE ( 'NONE', *, *, #5767, .T. ) ;
#1608 = LINE ( 'NONE', #1816, #647 ) ;
#1609 = DIRECTION ( 'NONE',  ( 0.000000000000000000, 0.000000000000000000, 1.000000000000000000 ) ) ;
#1610 = ORIENTED_EDGE ( 'NONE', *, *, #5689, .T. ) ;
#1611 = DIRECTION ( 'NONE',  ( 0.9674806351920947067, 0.000000000000000000, -0.2529450939004372345 ) ) ;
#1612 = CARTESIAN_POINT ( 'NONE',  ( 54.86882784543891489, 18.97005779916210955, -3.811394227176871485 ) ) ;
#1613 = ORIENTED_EDGE ( 'NONE', *, *, #3318, .F. ) ;
#1614 = EDGE_CURVE ( 'NONE', #6656, #10030, #3391, .T. ) ;
#1615 = ORIENTED_EDGE ( 'NONE', *, *, #1655, .T. ) ;
#1616 = CARTESIAN_POINT ( 'NONE',  ( -28.61717926410542034, 70.50000000000002842, 16.52213615157921822 ) ) ;
#1617 = ORIENTED_EDGE ( 'NONE', *, *, #5629, .F. ) ;
#1618 = DIRECTION ( 'NONE',  ( 0.9386109303896085221, 0.3449775664491150917, 0.000000000000000000 ) ) ;
#1619 = DIRECTION ( 'NONE',  ( 0.000000000000000000, 1.000000000000000000, 0.000000000000000000 ) ) ;
#1620 = ORIENTED_EDGE ( 'NONE', *, *, #9780, .T. ) ;
#1621 = DIRECTION ( 'NONE',  ( 0.000000000000000000, 0.000000000000000000, 1.000000000000000000 ) ) ;
#1622 = ORIENTED_EDGE ( 'NONE', *, *, #5978, .T. ) ;
#1623 = FACE_OUTER_BOUND ( 'NONE', #5576, .T. ) ;
#1624 = ADVANCED_FACE ( 'NONE', ( #7445, #314 ), #3486, .F. ) ;
#1625 = EDGE_CURVE ( 'NONE', #8356, #2600, #981, .T. ) ;
#1626 = CARTESIAN_POINT ( 'NONE',  ( 0.000000000000000000, 61.00000000000000711, 29.70000000000000284 ) ) ;
#1627 = CARTESIAN_POINT ( 'NONE',  ( -27.49999999999953815, 26.00000000000001066, -47.63139720814438505 ) ) ;
#1628 = EDGE_CURVE ( 'NONE', #6576, #7999, #4108, .T. ) ;
#1629 = VECTOR ( 'NONE', #1381, 1000.000000000000114 ) ;
#1630 = ORIENTED_EDGE ( 'NONE', *, *, #8614, .F. ) ;
#1631 = CARTESIAN_POINT ( 'NONE',  ( -2.108547280816512881, 61.00000000000000711, -35.17860068602902857 ) ) ;
#1632 = VECTOR ( 'NONE', #3264, 1000.000000000000114 ) ;
#1633 = VERTEX_POINT ( 'NONE', #6522 ) ;
#1634 = CARTESIAN_POINT ( 'NONE',  ( -41.36667426851339968, 53.50000000000000711, 9.749269714327834180 ) ) ;
#1635 = VECTOR ( 'NONE', #6951, 1000.000000000000000 ) ;
#1636 = FACE_OUTER_BOUND ( 'NONE', #6231, .T. ) ;
#1637 = ORIENTED_EDGE ( 'NONE', *, *, #5810, .T. ) ;
#1638 = CARTESIAN_POINT ( 'NONE',  ( 30.71555500216631529, 52.10923818192158308, 32.53905855640019951 ) ) ;
#1639 = CIRCLE ( 'NONE', #9666, 24.20000000000000639 ) ;
#1640 = CIRCLE ( 'NONE', #2953, 45.00000000000000711 ) ;
#1641 = CARTESIAN_POINT ( 'NONE',  ( 27.36180241307265604, 4.000000000000000000, -24.90646038095277959 ) ) ;
#1642 = AXIS2_PLACEMENT_3D ( 'NONE', #10004, #3902, #10052 ) ;
#1643 = CARTESIAN_POINT ( 'NONE',  ( 19.25000000000000000, 0.000000000000000000, 13.00000000000000000 ) ) ;
#1644 = CARTESIAN_POINT ( 'NONE',  ( -30.29484050971587905, 52.88380706174486079, -32.11834406394974906 ) ) ;
#1645 = VECTOR ( 'NONE', #9110, 1000.000000000000000 ) ;
#1646 = FACE_BOUND ( 'NONE', #8651, .T. ) ;
#1647 = EDGE_LOOP ( 'NONE', ( #639, #5047, #866, #4483 ) ) ;
#1648 = CIRCLE ( 'NONE', #8863, 44.99999999999998579 ) ;
#1649 = CARTESIAN_POINT ( 'NONE',  ( -0.3935262687775197277, 51.16928985660712215, -5.140545528328225977 ) ) ;
#1650 = FACE_OUTER_BOUND ( 'NONE', #401, .T. ) ;
#1651 = EDGE_LOOP ( 'NONE', ( #2822, #3661, #8764, #1374 ) ) ;
#1652 = DIRECTION ( 'NONE',  ( -3.491481338843133355E-15, 0.000000000000000000, -1.000000000000000000 ) ) ;
#1653 = CARTESIAN_POINT ( 'NONE',  ( -8.953475847591828796, 70.66596018114297806, 46.13973626746685142 ) ) ;
#1654 = ORIENTED_EDGE ( 'NONE', *, *, #1721, .F. ) ;
#1655 = EDGE_CURVE ( 'NONE', #2961, #362, #1803, .T. ) ;
#1656 = CARTESIAN_POINT ( 'NONE',  ( 0.000000000000000000, 53.50000000000000711, 0.000000000000000000 ) ) ;
#1657 = DIRECTION ( 'NONE',  ( -1.000000000000000000, -0.000000000000000000, -0.000000000000000000 ) ) ;
#1658 = AXIS2_PLACEMENT_3D ( 'NONE', #5391, #10058, #6118 ) ;
#1659 = VECTOR ( 'NONE', #10043, 1000.000000000000114 ) ;
#1660 = EDGE_LOOP ( 'NONE', ( #9889, #7700 ) ) ;
#1661 = CARTESIAN_POINT ( 'NONE',  ( 9.313731387466701150, 53.50000000000000711, 29.77741438812508434 ) ) ;
#1662 = CARTESIAN_POINT ( 'NONE',  ( -27.60687466421266478, 71.00000000000001421, 10.95219025010310077 ) ) ;
#1663 = ORIENTED_EDGE ( 'NONE', *, *, #7893, .T. ) ;
#1664 = DIRECTION ( 'NONE',  ( -0.000000000000000000, -1.000000000000000000, -0.000000000000000000 ) ) ;
#1665 = ORIENTED_EDGE ( 'NONE', *, *, #612, .T. ) ;
#1666 = CARTESIAN_POINT ( 'NONE',  ( -73.04429881564595917, 4.000000000000003553, -17.49999999999999289 ) ) ;
#1667 = CARTESIAN_POINT ( 'NONE',  ( -32.31394446327406911, 70.50000000000000000, 18.65646453445010167 ) ) ;
#1668 = EDGE_CURVE ( 'NONE', #10146, #6034, #8905, .T. ) ;
#1669 = ORIENTED_EDGE ( 'NONE', *, *, #8705, .F. ) ;
#1670 = VECTOR ( 'NONE', #4564, 1000.000000000000000 ) ;
#1671 = CARTESIAN_POINT ( 'NONE',  ( 25.28817283496548995, 61.00000000000000711, 6.940905523910584130 ) ) ;
#1672 = DIRECTION ( 'NONE',  ( 0.1788591911648755861, 0.7071067811865329178, 0.6841121178110114442 ) ) ;
#1673 = EDGE_CURVE ( 'NONE', #9681, #9180, #9796, .T. ) ;
#1674 = VERTEX_POINT ( 'NONE', #4974 ) ;
#1675 = EDGE_CURVE ( 'NONE', #8123, #1005, #8981, .T. ) ;
#1676 = DIRECTION ( 'NONE',  ( -1.000000000000000000, 0.000000000000000000, 0.000000000000000000 ) ) ;
#1677 = ORIENTED_EDGE ( 'NONE', *, *, #6689, .T. ) ;
#1678 = VECTOR ( 'NONE', #2833, 1000.000000000000000 ) ;
#1679 = ORIENTED_EDGE ( 'NONE', *, *, #2107, .T. ) ;
#1680 = EDGE_CURVE ( 'NONE', #2752, #2382, #8117, .T. ) ;
#1681 = LINE ( 'NONE', #137, #5898 ) ;
#1682 = LINE ( 'NONE', #7942, #9005 ) ;
#1683 = DIRECTION ( 'NONE',  ( -0.7027971946764645095, 0.000000000000000000, -0.7113902607956419377 ) ) ;
#1684 = EDGE_CURVE ( 'NONE', #8920, #3622, #1540, .T. ) ;
#1685 = FACE_OUTER_BOUND ( 'NONE', #9165, .T. ) ;
#1686 = CARTESIAN_POINT ( 'NONE',  ( -6.471738182438357967, 61.00000000000000711, -30.76206126766261306 ) ) ;
#1687 = EDGE_CURVE ( 'NONE', #5542, #3617, #5895, .T. ) ;
#1688 = ORIENTED_EDGE ( 'NONE', *, *, #2174, .T. ) ;
#1689 = EDGE_CURVE ( 'NONE', #8322, #9251, #7601, .T. ) ;
#1690 = CARTESIAN_POINT ( 'NONE',  ( -42.57590087892307906, 53.17044761530208064, 10.07328100805333371 ) ) ;
#1691 = DIRECTION ( 'NONE',  ( 0.9674806351920982594, 0.000000000000000000, 0.2529450939004239118 ) ) ;
#1692 = DIRECTION ( 'NONE',  ( -0.000000000000000000, 1.000000000000000000, -0.000000000000000000 ) ) ;
#1693 = ORIENTED_EDGE ( 'NONE', *, *, #4546, .T. ) ;
#1694 = CARTESIAN_POINT ( 'NONE',  ( 29.35799583531083456, 53.48381987524007286, 31.18149938954473299 ) ) ;
#1695 = CIRCLE ( 'NONE', #714, 45.00000000000000711 ) ;
#1696 = DIRECTION ( 'NONE',  ( 0.000000000000000000, 1.000000000000000000, 0.000000000000000000 ) ) ;
#1697 = FACE_OUTER_BOUND ( 'NONE', #5981, .T. ) ;
#1698 = DIRECTION ( 'NONE',  ( -0.2646834405156394676, 0.000000000000000000, -0.9643353546960745648 ) ) ;
#1699 = FACE_BOUND ( 'NONE', #8668, .T. ) ;
#1700 = ORIENTED_EDGE ( 'NONE', *, *, #8280, .F. ) ;
#1701 = CARTESIAN_POINT ( 'NONE',  ( 11.25000000000000000, 0.000000000000000000, 13.00000000000000000 ) ) ;
#1702 = FACE_OUTER_BOUND ( 'NONE', #579, .T. ) ;
#1703 = VERTEX_POINT ( 'NONE', #664 ) ;
#1704 = FACE_OUTER_BOUND ( 'NONE', #2350, .T. ) ;
#1705 = DIRECTION ( 'NONE',  ( 0.000000000000000000, -0.000000000000000000, 1.000000000000000000 ) ) ;
#1706 = ORIENTED_EDGE ( 'NONE', *, *, #3612, .F. ) ;
#1707 = CARTESIAN_POINT ( 'NONE',  ( 31.51983550409822499, 61.00000000000000711, 15.76324483274652088 ) ) ;
#1708 = DIRECTION ( 'NONE',  ( -0.5030288774786606520, -0.7071067811865534569, -0.4969526621546061507 ) ) ;
#1709 = ORIENTED_EDGE ( 'NONE', *, *, #493, .F. ) ;
#1710 = DIRECTION ( 'NONE',  ( 0.000000000000000000, 0.000000000000000000, 1.000000000000000000 ) ) ;
#1711 = DIRECTION ( 'NONE',  ( 0.000000000000000000, 0.000000000000000000, 1.000000000000000000 ) ) ;
#1712 = ORIENTED_EDGE ( 'NONE', *, *, #6325, .T. ) ;
#1713 = CARTESIAN_POINT ( 'NONE',  ( -16.52091614407034115, 61.00000000000000711, 16.32135574438676429 ) ) ;
#1714 = VERTEX_POINT ( 'NONE', #3734 ) ;
#1715 = VECTOR ( 'NONE', #4260, 1000.000000000000000 ) ;
#1716 = CARTESIAN_POINT ( 'NONE',  ( -22.39516677087717511, 70.49999999999998579, 6.146855202364037041 ) ) ;
#1717 = FACE_OUTER_BOUND ( 'NONE', #4377, .T. ) ;
#1718 = VERTEX_POINT ( 'NONE', #5323 ) ;
#1719 = DIRECTION ( 'NONE',  ( 0.000000000000000000, 0.000000000000000000, 1.000000000000000000 ) ) ;
#1720 = PLANE ( 'NONE',  #6725 ) ;
#1721 = EDGE_CURVE ( 'NONE', #6349, #7232, #2052, .T. ) ;
#1722 = VECTOR ( 'NONE', #5118, 1000.000000000000114 ) ;
#1723 = VERTEX_POINT ( 'NONE', #8267 ) ;
#1724 = EDGE_CURVE ( 'NONE', #8588, #3162, #2918, .T. ) ;
#1725 = DIRECTION ( 'NONE',  ( -0.000000000000000000, -0.000000000000000000, -1.000000000000000000 ) ) ;
#1726 = EDGE_LOOP ( 'NONE', ( #3896, #3823, #7655, #5581 ) ) ;
#1727 = ORIENTED_EDGE ( 'NONE', *, *, #8338, .F. ) ;
#1728 = CARTESIAN_POINT ( 'NONE',  ( -6.471738182438351750, 70.50000000000000000, 30.76206126766261306 ) ) ;
#1729 = DIRECTION ( 'NONE',  ( 0.000000000000000000, 1.000000000000000000, 0.000000000000000000 ) ) ;
#1730 = AXIS2_PLACEMENT_3D ( 'NONE', #4092, #7228, #6249 ) ;
#1731 = LINE ( 'NONE', #6550, #8037 ) ;
#1732 = LINE ( 'NONE', #7170, #5752 ) ;
#1733 = EDGE_LOOP ( 'NONE', ( #1932, #1530, #4883, #2709 ) ) ;
#1734 = VECTOR ( 'NONE', #1826, 1000.000000000000114 ) ;
#1735 = ORIENTED_EDGE ( 'NONE', *, *, #9086, .T. ) ;
#1736 = CARTESIAN_POINT ( 'NONE',  ( 0.000000000000000000, 4.000000000000000000, -44.99999999999998579 ) ) ;
#1737 = ORIENTED_EDGE ( 'NONE', *, *, #1738, .F. ) ;
#1738 = EDGE_CURVE ( 'NONE', #7796, #6210, #5175, .T. ) ;
#1739 = CARTESIAN_POINT ( 'NONE',  ( 54.95595106293815491, 8.149772500275744846, -2.208906740837627503 ) ) ;
#1740 = CYLINDRICAL_SURFACE ( 'NONE', #6152, 1.300000000000001599 ) ;
#1741 = FACE_OUTER_BOUND ( 'NONE', #510, .T. ) ;
#1742 = CIRCLE ( 'NONE', #7481, 55.00000000000000000 ) ;
#1743 = ORIENTED_EDGE ( 'NONE', *, *, #7556, .F. ) ;
#1744 = CARTESIAN_POINT ( 'NONE',  ( -12.50000000000065015, 31.20788311109079771, -63.04429881564583837 ) ) ;
#1745 = EDGE_CURVE ( 'NONE', #1130, #4692, #1239, .T. ) ;
#1746 = VECTOR ( 'NONE', #5855, 1000.000000000000000 ) ;
#1747 = EDGE_CURVE ( 'NONE', #8448, #3342, #4400, .T. ) ;
#1748 = PLANE ( 'NONE',  #1319 ) ;
#1749 = CARTESIAN_POINT ( 'NONE',  ( 30.01371032330908761, 53.16885668983582036, -31.83721387754302157 ) ) ;
#1750 = DIRECTION ( 'NONE',  ( 0.000000000000000000, 0.000000000000000000, -1.000000000000000000 ) ) ;
#1751 = CARTESIAN_POINT ( 'NONE',  ( 23.78604288879153117, 70.50000000000002842, -17.78522318365924448 ) ) ;
#1752 = VERTEX_POINT ( 'NONE', #7649 ) ;
#1753 = CARTESIAN_POINT ( 'NONE',  ( 0.000000000000000000, 61.00000000000000711, 0.000000000000000000 ) ) ;
#1754 = VECTOR ( 'NONE', #8689, 1000.000000000000000 ) ;
#1755 = CARTESIAN_POINT ( 'NONE',  ( 24.24999999999999645, 4.000000000000000000, 19.51666049839546346 ) ) ;
#1756 = ORIENTED_EDGE ( 'NONE', *, *, #312, .T. ) ;
#1757 = DIRECTION ( 'NONE',  ( 0.9674806351920982594, 0.000000000000000000, 0.2529450939004238563 ) ) ;
#1758 = FACE_OUTER_BOUND ( 'NONE', #7650, .T. ) ;
#1759 = ORIENTED_EDGE ( 'NONE', *, *, #8265, .T. ) ;
#1760 = ADVANCED_FACE ( 'NONE', ( #4354 ), #5788, .F. ) ;
#1761 = ADVANCED_FACE ( 'NONE', ( #6719 ), #8370, .F. ) ;
#1762 = EDGE_CURVE ( 'NONE', #1026, #7541, #7763, .T. ) ;
#1763 = EDGE_CURVE ( 'NONE', #8569, #3858, #5283, .T. ) ;
#1764 = VECTOR ( 'NONE', #1202, 1000.000000000000000 ) ;
#1765 = DIRECTION ( 'NONE',  ( 0.000000000000000000, -1.000000000000000000, 0.000000000000000000 ) ) ;
#1766 = CARTESIAN_POINT ( 'NONE',  ( 0.000000000000000000, 61.00000000000000711, 0.000000000000000000 ) ) ;
#1767 = EDGE_LOOP ( 'NONE', ( #1905, #2947, #5126 ) ) ;
#1768 = CARTESIAN_POINT ( 'NONE',  ( 3.509433644628745519, 61.00000000000000711, 29.49192898902932214 ) ) ;
#1769 = LINE ( 'NONE', #4829, #7213 ) ;
#1770 = VERTEX_POINT ( 'NONE', #9988 ) ;
#1771 = CARTESIAN_POINT ( 'NONE',  ( 23.78604288879153117, 61.00000000000000711, -17.78522318365924448 ) ) ;
#1772 = ORIENTED_EDGE ( 'NONE', *, *, #4651, .T. ) ;
#1773 = CARTESIAN_POINT ( 'NONE',  ( 0.000000000000000000, 51.00000000000000711, 0.000000000000000000 ) ) ;
#1774 = FACE_OUTER_BOUND ( 'NONE', #9466, .T. ) ;
#1775 = FACE_OUTER_BOUND ( 'NONE', #4396, .T. ) ;
#1776 = CARTESIAN_POINT ( 'NONE',  ( 0.000000000000000000, 53.50000000000000711, 0.000000000000000000 ) ) ;
#1777 = EDGE_LOOP ( 'NONE', ( #8812, #818, #10135, #5618 ) ) ;
#1778 = CARTESIAN_POINT ( 'NONE',  ( 19.25000000000000000, 4.000000000000000000, 13.00000000000000000 ) ) ;
#1779 = ORIENTED_EDGE ( 'NONE', *, *, #9259, .T. ) ;
#1780 = EDGE_LOOP ( 'NONE', ( #3122, #4789, #5719, #8502 ) ) ;
#1781 = CARTESIAN_POINT ( 'NONE',  ( 0.000000000000000000, 56.00000000000000711, 0.000000000000000000 ) ) ;
#1782 = DIRECTION ( 'NONE',  ( 0.000000000000000000, 1.000000000000000000, 0.000000000000000000 ) ) ;
#1783 = ORIENTED_EDGE ( 'NONE', *, *, #1137, .F. ) ;
#1784 = EDGE_CURVE ( 'NONE', #1343, #1017, #7696, .T. ) ;
#1785 = CARTESIAN_POINT ( 'NONE',  ( -1.652301389379721819, 71.00000000000001421, -0.4427328229371135238 ) ) ;
#1786 = FACE_OUTER_BOUND ( 'NONE', #69, .T. ) ;
#1787 = VERTEX_POINT ( 'NONE', #3793 ) ;
#1788 = CARTESIAN_POINT ( 'NONE',  ( 54.73308257624590567, 10.86867463839734604, 5.412862570281879115 ) ) ;
#1789 = ORIENTED_EDGE ( 'NONE', *, *, #2304, .T. ) ;
#1790 = LINE ( 'NONE', #9536, #9909 ) ;
#1791 = PLANE ( 'NONE',  #7555 ) ;
#1792 = AXIS2_PLACEMENT_3D ( 'NONE', #3832, #10080, #5417 ) ;
#1793 = EDGE_LOOP ( 'NONE', ( #9899, #8167, #7146, #2797 ) ) ;
#1794 = DIRECTION ( 'NONE',  ( 0.1959446569354221235, -0.6533314309053588342, 0.7312754151546569936 ) ) ;
#1795 = VERTEX_POINT ( 'NONE', #1342 ) ;
#1796 = VECTOR ( 'NONE', #3016, 1000.000000000000000 ) ;
#1797 = CARTESIAN_POINT ( 'NONE',  ( -3.779627522800071748, 70.66961688690309984, 29.45977688778901893 ) ) ;
#1798 = CARTESIAN_POINT ( 'NONE',  ( 12.49999999999933031, 31.20788311109079771, -63.04429881564609417 ) ) ;
#1799 = PLANE ( 'NONE',  #9274 ) ;
#1800 = EDGE_CURVE ( 'NONE', #6013, #7786, #6817, .T. ) ;
#1801 = VECTOR ( 'NONE', #7828, 1000.000000000000000 ) ;
#1802 = VECTOR ( 'NONE', #8489, 1000.000000000000000 ) ;
#1803 = LINE ( 'NONE', #8073, #1211 ) ;
#1804 = ADVANCED_FACE ( 'NONE', ( #3638 ), #9894, .F. ) ;
#1805 = EDGE_LOOP ( 'NONE', ( #2387, #2238, #5626 ) ) ;
#1806 = FACE_BOUND ( 'NONE', #1181, .T. ) ;
#1807 = AXIS2_PLACEMENT_3D ( 'NONE', #1372, #4482, #6850 ) ;
#1808 = CYLINDRICAL_SURFACE ( 'NONE', #4532, 1.300000000000000044 ) ;
#1809 = EDGE_LOOP ( 'NONE', ( #8824, #6645 ) ) ;
#1810 = LINE ( 'NONE', #7919, #9208 ) ;
#1811 = ADVANCED_FACE ( 'NONE', ( #9129 ), #9940, .T. ) ;
#1812 = CARTESIAN_POINT ( 'NONE',  ( 0.000000000000000000, 68.50000000000000000, 0.000000000000000000 ) ) ;
#1813 = CIRCLE ( 'NONE', #7544, 29.70000000000000284 ) ;
#1814 = ORIENTED_EDGE ( 'NONE', *, *, #225, .T. ) ;
#1815 = AXIS2_PLACEMENT_3D ( 'NONE', #9190, #9391, #6266 ) ;
#1816 = CARTESIAN_POINT ( 'NONE',  ( 14.00605903845680444, 81.97053539100429020, 11.58692190557128932 ) ) ;
#1817 = FACE_OUTER_BOUND ( 'NONE', #5083, .T. ) ;
#1818 = CIRCLE ( 'NONE', #7551, 29.70000000000000284 ) ;
#1819 = VECTOR ( 'NONE', #635, 1000.000000000000000 ) ;
#1820 = EDGE_CURVE ( 'NONE', #5181, #4816, #1439, .T. ) ;
#1821 = EDGE_CURVE ( 'NONE', #8602, #3049, #3994, .T. ) ;
#1822 = CARTESIAN_POINT ( 'NONE',  ( -19.33034050996008091, 62.96354183687349604, -11.16037729695250036 ) ) ;
#1823 = ADVANCED_FACE ( 'NONE', ( #868 ), #3071, .T. ) ;
#1824 = CARTESIAN_POINT ( 'NONE',  ( 24.49999999999930012, 26.00000000000001066, 42.43524478543788092 ) ) ;
#1825 = ORIENTED_EDGE ( 'NONE', *, *, #8434, .F. ) ;
#1826 = DIRECTION ( 'NONE',  ( -0.1959446569354221235, -0.6533314309053588342, -0.7312754151546569936 ) ) ;
#1827 = VERTEX_POINT ( 'NONE', #8572 ) ;
#1828 = DIRECTION ( 'NONE',  ( 0.7071067811865475727, 0.000000000000000000, 0.7071067811865475727 ) ) ;
#1829 = FACE_OUTER_BOUND ( 'NONE', #1855, .T. ) ;
#1830 = CIRCLE ( 'NONE', #8869, 1.449999999999999067 ) ;
#1831 = CIRCLE ( 'NONE', #9684, 1.300000000000000044 ) ;
#1832 = DIRECTION ( 'NONE',  ( 0.000000000000000000, 0.000000000000000000, 1.000000000000000000 ) ) ;
#1833 = CARTESIAN_POINT ( 'NONE',  ( 23.78604288879153117, 70.50000000000002842, -17.78522318365924448 ) ) ;
#1834 = VERTEX_POINT ( 'NONE', #5524 ) ;
#1835 = VECTOR ( 'NONE', #2687, 1000.000000000000000 ) ;
#1836 = CARTESIAN_POINT ( 'NONE',  ( -6.250000000000692779, 0.000000000000000000, -65.07214940782291990 ) ) ;
#1837 = ORIENTED_EDGE ( 'NONE', *, *, #1871, .T. ) ;
#1838 = ORIENTED_EDGE ( 'NONE', *, *, #8501, .F. ) ;
#1839 = DIRECTION ( 'NONE',  ( -0.000000000000000000, 1.000000000000000000, -0.000000000000000000 ) ) ;
#1840 = DIRECTION ( 'NONE',  ( 0.000000000000000000, -1.000000000000000000, -0.000000000000000000 ) ) ;
#1841 = AXIS2_PLACEMENT_3D ( 'NONE', #1509, #6211, #3142 ) ;
#1842 = FACE_OUTER_BOUND ( 'NONE', #3761, .T. ) ;
#1843 = CARTESIAN_POINT ( 'NONE',  ( 35.34997314044132821, 70.83262911085000724, -30.97449582406277457 ) ) ;
#1844 = ORIENTED_EDGE ( 'NONE', *, *, #8591, .F. ) ;
#1845 = EDGE_CURVE ( 'NONE', #6480, #36, #1490, .T. ) ;
#1846 = ORIENTED_EDGE ( 'NONE', *, *, #303, .T. ) ;
#1847 = VECTOR ( 'NONE', #1757, 999.9999999999998863 ) ;
#1848 = ORIENTED_EDGE ( 'NONE', *, *, #1434, .T. ) ;
#1849 = CARTESIAN_POINT ( 'NONE',  ( 54.67988775388879930, 11.97674599890005176, 5.927440102304670333 ) ) ;
#1850 = VERTEX_POINT ( 'NONE', #3947 ) ;
#1851 = CARTESIAN_POINT ( 'NONE',  ( -25.28817283496540824, 61.00000000000000711, 6.940905523910935848 ) ) ;
#1852 = CARTESIAN_POINT ( 'NONE',  ( 6.735557395310442615E-15, 71.00000000000001421, 55.00000000000000000 ) ) ;
#1853 = ORIENTED_EDGE ( 'NONE', *, *, #7527, .F. ) ;
#1854 = DIRECTION ( 'NONE',  ( -0.3535533905932675691, -0.7071067811865484609, -0.6123724356957969128 ) ) ;
#1855 = EDGE_LOOP ( 'NONE', ( #8227, #8539, #5020, #9362, #5247, #8960 ) ) ;
#1856 = DIRECTION ( 'NONE',  ( -0.2646834405156195391, 0.000000000000000000, 0.9643353546960800049 ) ) ;
#1857 = EDGE_CURVE ( 'NONE', #1005, #1956, #1695, .T. ) ;
#1858 = CARTESIAN_POINT ( 'NONE',  ( -32.31394446327419701, 70.50000000000002842, -18.65646453444986363 ) ) ;
#1859 = ORIENTED_EDGE ( 'NONE', *, *, #4809, .F. ) ;
#1860 = FACE_OUTER_BOUND ( 'NONE', #3084, .T. ) ;
#1861 = AXIS2_PLACEMENT_3D ( 'NONE', #6300, #9378, #7023 ) ;
#1862 = EDGE_LOOP ( 'NONE', ( #3686, #6930, #5256, #3208 ) ) ;
#1863 = LINE ( 'NONE', #220, #9533 ) ;
#1864 = DIRECTION ( 'NONE',  ( -0.000000000000000000, 1.000000000000000000, -0.000000000000000000 ) ) ;
#1865 = VERTEX_POINT ( 'NONE', #8719 ) ;
#1866 = DIRECTION ( 'NONE',  ( 0.9674806351920964831, 0.000000000000000000, 0.2529450939004305732 ) ) ;
#1867 = DIRECTION ( 'NONE',  ( -1.000000000000000000, -0.000000000000000000, -0.000000000000000000 ) ) ;
#1868 = EDGE_CURVE ( 'NONE', #3722, #6673, #4605, .T. ) ;
#1869 = DIRECTION ( 'NONE',  ( -0.000000000000000000, 1.000000000000000000, -0.000000000000000000 ) ) ;
#1870 = DIRECTION ( 'NONE',  ( -3.613448206729806209E-15, -0.9386109303896084111, -0.3449775664491150362 ) ) ;
#1871 = EDGE_CURVE ( 'NONE', #8262, #1078, #3840, .T. ) ;
#1872 = DIRECTION ( 'NONE',  ( -0.000000000000000000, 1.000000000000000000, 0.000000000000000000 ) ) ;
#1873 = VERTEX_POINT ( 'NONE', #9426 ) ;
#1874 = LINE ( 'NONE', #1921, #3038 ) ;
#1875 = ORIENTED_EDGE ( 'NONE', *, *, #7694, .F. ) ;
#1876 = DIRECTION ( 'NONE',  ( 0.000000000000000000, 0.000000000000000000, 1.000000000000000000 ) ) ;
#1877 = DIRECTION ( 'NONE',  ( -0.000000000000000000, -1.000000000000000000, -0.000000000000000000 ) ) ;
#1878 = EDGE_CURVE ( 'NONE', #7933, #3781, #2306, .T. ) ;
#1879 = LINE ( 'NONE', #8140, #2128 ) ;
#1880 = EDGE_CURVE ( 'NONE', #2059, #1633, #8738, .T. ) ;
#1881 = LINE ( 'NONE', #8141, #9184 ) ;
#1882 = ORIENTED_EDGE ( 'NONE', *, *, #5885, .F. ) ;
#1883 = CIRCLE ( 'NONE', #6136, 1.449999999999999067 ) ;
#1884 = CARTESIAN_POINT ( 'NONE',  ( 0.000000000000000000, 26.00000000000001066, 0.000000000000000000 ) ) ;
#1885 = EDGE_LOOP ( 'NONE', ( #6789, #7120, #3339, #3169 ) ) ;
#1886 = ORIENTED_EDGE ( 'NONE', *, *, #8025, .T. ) ;
#1887 = CARTESIAN_POINT ( 'NONE',  ( 5.204170427930421283E-15, 61.00000000000000711, 37.31292906889989780 ) ) ;
#1888 = CARTESIAN_POINT ( 'NONE',  ( -43.78253914824665571, 53.50000000000000711, 10.39659875787507914 ) ) ;
#1889 = FACE_OUTER_BOUND ( 'NONE', #3609, .T. ) ;
#1890 = LINE ( 'NONE', #9680, #2318 ) ;
#1891 = ORIENTED_EDGE ( 'NONE', *, *, #7440, .F. ) ;
#1892 = EDGE_LOOP ( 'NONE', ( #3921, #6756, #7012, #3960, #4467, #905, #135 ) ) ;
#1893 = EDGE_LOOP ( 'NONE', ( #415, #982, #2048, #9248 ) ) ;
#1894 = DIRECTION ( 'NONE',  ( 0.000000000000000000, -1.000000000000000000, 0.000000000000000000 ) ) ;
#1895 = ORIENTED_EDGE ( 'NONE', *, *, #4239, .T. ) ;
#1896 = CIRCLE ( 'NONE', #262, 1.449999999999999067 ) ;
#1897 = CARTESIAN_POINT ( 'NONE',  ( -44.56324311698475782, 71.00000000000001421, -14.93711360660122445 ) ) ;
#1898 = CARTESIAN_POINT ( 'NONE',  ( -18.65508692645726896, 61.00000000000000711, -18.42974732841616259 ) ) ;
#1899 = VECTOR ( 'NONE', #3352, 1000.000000000000000 ) ;
#1900 = ORIENTED_EDGE ( 'NONE', *, *, #4835, .T. ) ;
#1901 = CARTESIAN_POINT ( 'NONE',  ( -6.250000000000692779, 0.000000000000000000, -67.97214940782291137 ) ) ;
#1902 = ORIENTED_EDGE ( 'NONE', *, *, #1745, .T. ) ;
#1903 = FACE_OUTER_BOUND ( 'NONE', #6774, .T. ) ;
#1904 = CARTESIAN_POINT ( 'NONE',  ( 22.39516677087713248, 70.49999999999998579, -6.146855202364192472 ) ) ;
#1905 = ORIENTED_EDGE ( 'NONE', *, *, #5878, .F. ) ;
#1906 = CARTESIAN_POINT ( 'NONE',  ( -5.874250626806893472, 61.00000000000000711, -22.46821094675073738 ) ) ;
#1907 = AXIS2_PLACEMENT_3D ( 'NONE', #169, #1708, #5761 ) ;
#1908 = EDGE_LOOP ( 'NONE', ( #9919, #2496, #8026, #2421 ) ) ;
#1909 = CARTESIAN_POINT ( 'NONE',  ( 6.471738182438357967, 61.00000000000000711, 30.76206126766261306 ) ) ;
#1910 = VERTEX_POINT ( 'NONE', #95 ) ;
#1911 = EDGE_CURVE ( 'NONE', #6448, #4579, #6352, .T. ) ;
#1912 = CARTESIAN_POINT ( 'NONE',  ( 78.04429881564594496, 0.000000000000000000, 17.50000000000001066 ) ) ;
#1913 = EDGE_CURVE ( 'NONE', #903, #7620, #7952, .T. ) ;
#1914 = CARTESIAN_POINT ( 'NONE',  ( 18.65508692645726896, 61.00000000000000711, 18.42974732841616259 ) ) ;
#1915 = VECTOR ( 'NONE', #9616, 1000.000000000000000 ) ;
#1916 = VECTOR ( 'NONE', #5947, 1000.000000000000000 ) ;
#1917 = VECTOR ( 'NONE', #1429, 1000.000000000000114 ) ;
#1918 = CARTESIAN_POINT ( 'NONE',  ( -73.04429881564591653, 44.31128874149274566, -17.50000000000001066 ) ) ;
#1919 = FACE_BOUND ( 'NONE', #6603, .T. ) ;
#1920 = ORIENTED_EDGE ( 'NONE', *, *, #5614, .T. ) ;
#1921 = CARTESIAN_POINT ( 'NONE',  ( 9.112691334224241047, 71.00000000000001421, 45.82559802962065731 ) ) ;
#1922 = ORIENTED_EDGE ( 'NONE', *, *, #9256, .F. ) ;
#1923 = CARTESIAN_POINT ( 'NONE',  ( -16.87661127446817133, 71.00000000000001421, 16.67275434172500326 ) ) ;
#1924 = FACE_OUTER_BOUND ( 'NONE', #7376, .T. ) ;
#1925 = EDGE_CURVE ( 'NONE', #1543, #3956, #6936, .T. ) ;
#1926 = VECTOR ( 'NONE', #5386, 1000.000000000000000 ) ;
#1927 = CARTESIAN_POINT ( 'NONE',  ( -6.250000000000692779, -1.000000000000000000, -67.97214940782291137 ) ) ;
#1928 = DIRECTION ( 'NONE',  ( -0.2588190451025181305, 0.000000000000000000, -0.9659258262890689783 ) ) ;
#1929 = EDGE_CURVE ( 'NONE', #6656, #362, #9478, .T. ) ;
#1930 = ORIENTED_EDGE ( 'NONE', *, *, #8910, .T. ) ;
#1931 = DIRECTION ( 'NONE',  ( 0.000000000000000000, 0.000000000000000000, 1.000000000000000000 ) ) ;
#1932 = ORIENTED_EDGE ( 'NONE', *, *, #4036, .F. ) ;
#1933 = ORIENTED_EDGE ( 'NONE', *, *, #5808, .T. ) ;
#1934 = CARTESIAN_POINT ( 'NONE',  ( 12.88755093684979336, 51.00000000000000711, 43.11509052350583460 ) ) ;
#1935 = DIRECTION ( 'NONE',  ( 0.6123724356957958026, -0.7071067811865483499, -0.3535533905932696785 ) ) ;
#1936 = FACE_BOUND ( 'NONE', #7937, .T. ) ;
#1937 = DIRECTION ( 'NONE',  ( -0.1788591911648677590, -0.7071067811865453523, -0.6841121178110006751 ) ) ;
#1938 = VERTEX_POINT ( 'NONE', #918 ) ;
#1939 = CYLINDRICAL_SURFACE ( 'NONE', #258, 31.20000000000000995 ) ;
#1940 = ORIENTED_EDGE ( 'NONE', *, *, #3233, .F. ) ;
#1941 = EDGE_CURVE ( 'NONE', #6217, #2718, #1539, .T. ) ;
#1942 = CARTESIAN_POINT ( 'NONE',  ( 54.97670593428689756, 7.958131010727695021, 1.612582819198530304 ) ) ;
#1943 = ADVANCED_FACE ( 'NONE', ( #9277 ), #2255, .T. ) ;
#1944 = ORIENTED_EDGE ( 'NONE', *, *, #4304, .F. ) ;
#1945 = LINE ( 'NONE', #7436, #418 ) ;
#1946 = ADVANCED_FACE ( 'NONE', ( #1636 ), #10143, .T. ) ;
#1947 = CARTESIAN_POINT ( 'NONE',  ( 54.64830224460087038, 13.18631950469306879, -6.210439269739146617 ) ) ;
#1948 = EDGE_CURVE ( 'NONE', #7587, #46, #4703, .T. ) ;
#1949 = ORIENTED_EDGE ( 'NONE', *, *, #10009, .T. ) ;
#1950 = CARTESIAN_POINT ( 'NONE',  ( 24.24999999999999645, 4.000000000000000000, 19.51666049839546346 ) ) ;
#1951 = VERTEX_POINT ( 'NONE', #4756 ) ;
#1952 = CARTESIAN_POINT ( 'NONE',  ( 17.50000000000026645, 0.000000000000000000, 78.04429881564591653 ) ) ;
#1953 = CARTESIAN_POINT ( 'NONE',  ( -0.9117517771170418062, 71.00000000000001421, -0.9117517771170466911 ) ) ;
#1954 = ORIENTED_EDGE ( 'NONE', *, *, #1820, .T. ) ;
#1955 = SURFACE_SIDE_STYLE ('',( #2726 ) ) ;
#1956 = VERTEX_POINT ( 'NONE', #7906 ) ;
#1957 = CARTESIAN_POINT ( 'NONE',  ( 41.36667426851341389, 53.50000000000000711, 9.749269714327805758 ) ) ;
#1958 = VERTEX_POINT ( 'NONE', #7126 ) ;
#1959 = AXIS2_PLACEMENT_3D ( 'NONE', #2712, #8973, #5063 ) ;
#1960 = CARTESIAN_POINT ( 'NONE',  ( 60.62599999999999767, 21.00000000000000000, -5.000000000000000888 ) ) ;
#1961 = EDGE_CURVE ( 'NONE', #499, #5771, #8005, .T. ) ;
#1962 = CARTESIAN_POINT ( 'NONE',  ( 17.50000000000019185, 44.31128874149284513, 58.04429881564590943 ) ) ;
#1963 = VECTOR ( 'NONE', #3654, 1000.000000000000000 ) ;
#1964 = DIRECTION ( 'NONE',  ( 0.2646834405156395786, 0.000000000000000000, 0.9643353546960745648 ) ) ;
#1965 = DIRECTION ( 'NONE',  ( 0.000000000000000000, 1.000000000000000000, 0.000000000000000000 ) ) ;
#1966 = EDGE_CURVE ( 'NONE', #3916, #120, #5737, .T. ) ;
#1967 = CYLINDRICAL_SURFACE ( 'NONE', #2870, 44.99999999999998579 ) ;
#1968 = AXIS2_PLACEMENT_3D ( 'NONE', #4067, #8029, #7258 ) ;
#1969 = ORIENTED_EDGE ( 'NONE', *, *, #8084, .F. ) ;
#1970 = CARTESIAN_POINT ( 'NONE',  ( -12.49999999999999112, 0.000000000000000000, 1.309305502066174062E-13 ) ) ;
#1971 = CARTESIAN_POINT ( 'NONE',  ( -9.313731387466697598, 53.50000000000000711, -29.77741438812508079 ) ) ;
#1972 = VECTOR ( 'NONE', #8695, 1000.000000000000000 ) ;
#1973 = LINE ( 'NONE', #9099, #6869 ) ;
#1974 = CARTESIAN_POINT ( 'NONE',  ( 52.14163403653552820, 4.000000000000000000, 17.49999999999999289 ) ) ;
#1975 = VECTOR ( 'NONE', #9431, 1000.000000000000000 ) ;
#1976 = VECTOR ( 'NONE', #2985, 1000.000000000000000 ) ;
#1977 = ORIENTED_EDGE ( 'NONE', *, *, #10130, .F. ) ;
#1978 = LINE ( 'NONE', #5249, #3270 ) ;
#1979 = EDGE_CURVE ( 'NONE', #1865, #7269, #8766, .T. ) ;
#1980 = EDGE_LOOP ( 'NONE', ( #8345, #5017 ) ) ;
#1981 = ORIENTED_EDGE ( 'NONE', *, *, #8814, .T. ) ;
#1982 = CIRCLE ( 'NONE', #3282, 50.00000000000001421 ) ;
#1983 = DIRECTION ( 'NONE',  ( -0.7071067811865531239, 0.000000000000000000, -0.7071067811865417996 ) ) ;
#1984 = FACE_OUTER_BOUND ( 'NONE', #8911, .T. ) ;
#1985 = AXIS2_PLACEMENT_3D ( 'NONE', #1561, #4675, #7823 ) ;
#1986 = LINE ( 'NONE', #2904, #5554 ) ;
#1987 = DIRECTION ( 'NONE',  ( 0.000000000000000000, -1.000000000000000000, 0.000000000000000000 ) ) ;
#1988 = ORIENTED_EDGE ( 'NONE', *, *, #1929, .T. ) ;
#1989 = EDGE_CURVE ( 'NONE', #6949, #2752, #9588, .T. ) ;
#1990 = AXIS2_PLACEMENT_3D ( 'NONE', #6599, #9727, #8961 ) ;
#1991 = CARTESIAN_POINT ( 'NONE',  ( 0.000000000000000000, 61.00000000000000711, 0.000000000000000000 ) ) ;
#1992 = CARTESIAN_POINT ( 'NONE',  ( 44.72542671167264672, 17.81313695414410958, -4.968710759876480587 ) ) ;
#1993 = VECTOR ( 'NONE', #7668, 1000.000000000000000 ) ;
#1994 = ORIENTED_EDGE ( 'NONE', *, *, #5499, .F. ) ;
#1995 = ADVANCED_FACE ( 'NONE', ( #969 ), #1740, .F. ) ;
#1996 = FACE_OUTER_BOUND ( 'NONE', #9063, .T. ) ;
#1997 = VERTEX_POINT ( 'NONE', #8211 ) ;
#1998 = CIRCLE ( 'NONE', #3297, 42.49999999999998579 ) ;
#1999 = CARTESIAN_POINT ( 'NONE',  ( 11.25000000000000000, 5.000000000000000000, -4.999999999999999112 ) ) ;
#2000 = EDGE_CURVE ( 'NONE', #5847, #5681, #8938, .T. ) ;
#2001 = CARTESIAN_POINT ( 'NONE',  ( 43.46385081160457275, 52.25174752504370446, 10.31120647543458624 ) ) ;
#2002 = EDGE_LOOP ( 'NONE', ( #4971, #5627, #292, #6525, #8922 ) ) ;
#2003 = CARTESIAN_POINT ( 'NONE',  ( 63.04429881564596627, 31.20788311109079771, 12.49999999999999112 ) ) ;
#2004 = ORIENTED_EDGE ( 'NONE', *, *, #9211, .F. ) ;
#2005 = EDGE_CURVE ( 'NONE', #9158, #9067, #1790, .T. ) ;
#2006 = AXIS2_PLACEMENT_3D ( 'NONE', #4057, #5537, #112 ) ;
#2007 = EDGE_CURVE ( 'NONE', #5495, #8691, #3360, .T. ) ;
#2008 = CARTESIAN_POINT ( 'NONE',  ( 4.066003604646357940E-15, 71.00000000000001421, -33.75571509744843013 ) ) ;
#2009 = CARTESIAN_POINT ( 'NONE',  ( 41.99704927304802027, 61.00000000000000711, 13.02400672895146094 ) ) ;
#2010 = EDGE_LOOP ( 'NONE', ( #340, #1214, #7990, #1844, #4252 ) ) ;
#2011 = DIRECTION ( 'NONE',  ( 0.000000000000000000, 0.000000000000000000, -1.000000000000000000 ) ) ;
#2012 = VECTOR ( 'NONE', #6712, 1000.000000000000114 ) ;
#2013 = ORIENTED_EDGE ( 'NONE', *, *, #2070, .F. ) ;
#2014 = DIRECTION ( 'NONE',  ( 0.000000000000000000, -1.000000000000000000, 0.000000000000000000 ) ) ;
#2015 = VERTEX_POINT ( 'NONE', #207 ) ;
#2016 = CARTESIAN_POINT ( 'NONE',  ( -6.633085908508034478, 70.50000000000000000, 25.37065285232707623 ) ) ;
#2017 = DIRECTION ( 'NONE',  ( 0.000000000000000000, -1.000000000000000000, -0.000000000000000000 ) ) ;
#2018 = CARTESIAN_POINT ( 'NONE',  ( -29.76271277008435590, 71.00000000000001421, -18.80667068319289470 ) ) ;
#2019 = DIRECTION ( 'NONE',  ( 0.000000000000000000, -0.000000000000000000, 1.000000000000000000 ) ) ;
#2020 = DIRECTION ( 'NONE',  ( 0.000000000000000000, 0.000000000000000000, 1.000000000000000000 ) ) ;
#2021 = ORIENTED_EDGE ( 'NONE', *, *, #657, .T. ) ;
#2022 = LINE ( 'NONE', #5963, #9363 ) ;
#2023 = LINE ( 'NONE', #4992, #9512 ) ;
#2024 = VECTOR ( 'NONE', #5075, 1000.000000000000114 ) ;
#2025 = CARTESIAN_POINT ( 'NONE',  ( -34.25000000000000000, 23.30000000000000071, 6.300000000000001599 ) ) ;
#2026 = PLANE ( 'NONE',  #9029 ) ;
#2027 = ORIENTED_EDGE ( 'NONE', *, *, #9890, .T. ) ;
#2028 = CARTESIAN_POINT ( 'NONE',  ( 13.74999999999999822, 23.30000000000000071, -5.000000000000000000 ) ) ;
#2029 = ORIENTED_EDGE ( 'NONE', *, *, #9453, .F. ) ;
#2030 = ORIENTED_EDGE ( 'NONE', *, *, #479, .F. ) ;
#2031 = CARTESIAN_POINT ( 'NONE',  ( 12.32568516090886845, 53.50000000000001421, 41.01817890066018890 ) ) ;
#2032 = PLANE ( 'NONE',  #7861 ) ;
#2033 = ORIENTED_EDGE ( 'NONE', *, *, #753, .T. ) ;
#2034 = DIRECTION ( 'NONE',  ( 0.000000000000000000, 1.000000000000000000, 0.000000000000000000 ) ) ;
#2035 = LINE ( 'NONE', #7528, #338 ) ;
#2036 = EDGE_CURVE ( 'NONE', #9717, #6999, #1945, .T. ) ;
#2037 = ADVANCED_FACE ( 'NONE', ( #8923 ), #3271, .T. ) ;
#2038 = EDGE_LOOP ( 'NONE', ( #804, #7834, #8647, #1922 ) ) ;
#2039 = DIRECTION ( 'NONE',  ( 0.000000000000000000, 1.000000000000000000, -0.000000000000000000 ) ) ;
#2040 = ORIENTED_EDGE ( 'NONE', *, *, #8265, .F. ) ;
#2041 = AXIS2_PLACEMENT_3D ( 'NONE', #1991, #6030, #9924 ) ;
#2042 = FACE_OUTER_BOUND ( 'NONE', #2750, .T. ) ;
#2043 = CARTESIAN_POINT ( 'NONE',  ( 42.96402765492272380, 52.88262122970323986, 10.17727926424330320 ) ) ;
#2044 = ORIENTED_EDGE ( 'NONE', *, *, #9768, .T. ) ;
#2045 = CARTESIAN_POINT ( 'NONE',  ( 0.000000000000000000, 53.50000000000000711, 0.000000000000000000 ) ) ;
#2046 = CIRCLE ( 'NONE', #6294, 1.449999999999993072 ) ;
#2047 = LINE ( 'NONE', #3528, #9541 ) ;
#2048 = ORIENTED_EDGE ( 'NONE', *, *, #5010, .F. ) ;
#2049 = LINE ( 'NONE', #3484, #1916 ) ;
#2050 = DIRECTION ( 'NONE',  ( -0.000000000000000000, 1.000000000000000000, 0.000000000000000000 ) ) ;
#2051 = VECTOR ( 'NONE', #5882, 1000.000000000000000 ) ;
#2052 = LINE ( 'NONE', #1391, #9225 ) ;
#2053 = ORIENTED_EDGE ( 'NONE', *, *, #7720, .F. ) ;
#2054 = FILL_AREA_STYLE ('',( #5127 ) ) ;
#2055 = ADVANCED_FACE ( 'NONE', ( #2565 ), #8819, .F. ) ;
#2056 = EDGE_LOOP ( 'NONE', ( #5466, #6764, #3879, #1410, #9462, #1440, #5226, #6265, #721, #5561, #8344, #9193, #4515, #26, #7452, #9936, #5387 ) ) ;
#2057 = CARTESIAN_POINT ( 'NONE',  ( 0.000000000000000000, 53.50000000000000711, 0.000000000000000000 ) ) ;
#2058 = EDGE_CURVE ( 'NONE', #1582, #3025, #7588, .T. ) ;
#2059 = VERTEX_POINT ( 'NONE', #3329 ) ;
#2060 = VECTOR ( 'NONE', #6887, 1000.000000000000000 ) ;
#2061 = DIRECTION ( 'NONE',  ( 0.000000000000000000, -1.000000000000000000, 0.000000000000000000 ) ) ;
#2062 = CARTESIAN_POINT ( 'NONE',  ( 0.3935262687775197277, 51.16928985660712215, 5.140545528328225977 ) ) ;
#2063 = FACE_OUTER_BOUND ( 'NONE', #2182, .T. ) ;
#2064 = CARTESIAN_POINT ( 'NONE',  ( 17.49999999999937828, 44.31128874149307961, -58.04429881564615101 ) ) ;
#2065 = EDGE_CURVE ( 'NONE', #8033, #2600, #5682, .T. ) ;
#2066 = EDGE_CURVE ( 'NONE', #5780, #1207, #4151, .T. ) ;
#2067 = CARTESIAN_POINT ( 'NONE',  ( 0.000000000000000000, 71.00000000000001421, 0.000000000000000000 ) ) ;
#2068 = ORIENTED_EDGE ( 'NONE', *, *, #8000, .F. ) ;
#2069 = CARTESIAN_POINT ( 'NONE',  ( 29.12645237521084240, 53.50000000000000711, -30.94995592944477281 ) ) ;
#2070 = EDGE_CURVE ( 'NONE', #991, #9442, #3381, .T. ) ;
#2071 = EDGE_CURVE ( 'NONE', #1026, #3956, #4198, .T. ) ;
#2072 = FACE_OUTER_BOUND ( 'NONE', #780, .T. ) ;
#2073 = AXIS2_PLACEMENT_3D ( 'NONE', #3829, #9307, #2285 ) ;
#2074 = CIRCLE ( 'NONE', #7811, 55.00000000000000000 ) ;
#2075 = DIRECTION ( 'NONE',  ( -0.4999999999999976130, -0.000000000000000000, -0.8660254037844400399 ) ) ;
#2076 = CARTESIAN_POINT ( 'NONE',  ( 11.25000000000000000, 30.50000000000000000, 13.00000000000000000 ) ) ;
#2077 = VERTEX_POINT ( 'NONE', #3426 ) ;
#2078 = CARTESIAN_POINT ( 'NONE',  ( 0.000000000000000000, 56.00000000000000711, -17.12500000000000000 ) ) ;
#2079 = FACE_OUTER_BOUND ( 'NONE', #7218, .T. ) ;
#2080 = VERTEX_POINT ( 'NONE', #5792 ) ;
#2081 = ORIENTED_EDGE ( 'NONE', *, *, #7901, .T. ) ;
#2082 = CARTESIAN_POINT ( 'NONE',  ( -3.509433644628745519, 61.00000000000000711, 29.49192898902932214 ) ) ;
#2083 = DIRECTION ( 'NONE',  ( 0.000000000000000000, -0.000000000000000000, 1.000000000000000000 ) ) ;
#2084 = VECTOR ( 'NONE', #5908, 1000.000000000000000 ) ;
#2085 = CARTESIAN_POINT ( 'NONE',  ( 0.000000000000000000, 4.000000000000000000, 0.000000000000000000 ) ) ;
#2086 = ORIENTED_EDGE ( 'NONE', *, *, #104, .T. ) ;
#2087 = CARTESIAN_POINT ( 'NONE',  ( 0.000000000000000000, 53.50000000000000711, 0.000000000000000000 ) ) ;
#2088 = AXIS2_PLACEMENT_3D ( 'NONE', #2732, #2061, #4216 ) ;
#2089 = FACE_OUTER_BOUND ( 'NONE', #5901, .T. ) ;
#2090 = EDGE_LOOP ( 'NONE', ( #2501, #6994 ) ) ;
#2091 = CARTESIAN_POINT ( 'NONE',  ( 9.313731387466701150, 71.00000000000001421, 29.77741438812508434 ) ) ;
#2092 = VERTEX_POINT ( 'NONE', #5018 ) ;
#2093 = DIRECTION ( 'NONE',  ( 0.000000000000000000, 0.000000000000000000, 1.000000000000000000 ) ) ;
#2094 = CARTESIAN_POINT ( 'NONE',  ( 43.53799599156624112, 52.10820305079128900, 10.33107361652797174 ) ) ;
#2095 = EDGE_CURVE ( 'NONE', #2664, #7829, #1131, .T. ) ;
#2096 = CARTESIAN_POINT ( 'NONE',  ( -13.09507021347558542, 62.68429458569846702, -35.17860068602894330 ) ) ;
#2097 = CARTESIAN_POINT ( 'NONE',  ( 0.000000000000000000, 51.00000000000000711, 0.000000000000000000 ) ) ;
#2098 = EDGE_LOOP ( 'NONE', ( #7438, #5859, #4334, #9210, #9897, #7497 ) ) ;
#2099 = CARTESIAN_POINT ( 'NONE',  ( -30.80466974440933114, 51.80555184251707601, 32.62817329864326865 ) ) ;
#2100 = DIRECTION ( 'NONE',  ( 0.4999999999999978351, 0.000000000000000000, -0.8660254037844399289 ) ) ;
#2101 = CARTESIAN_POINT ( 'NONE',  ( -52.14163403653552820, 71.00000000000001421, -17.49999999999999289 ) ) ;
#2102 = ORIENTED_EDGE ( 'NONE', *, *, #6198, .F. ) ;
#2103 = LINE ( 'NONE', #1441, #4761 ) ;
#2104 = ORIENTED_EDGE ( 'NONE', *, *, #9649, .T. ) ;
#2105 = FACE_OUTER_BOUND ( 'NONE', #1290, .T. ) ;
#2106 = VERTEX_POINT ( 'NONE', #3628 ) ;
#2107 = EDGE_CURVE ( 'NONE', #4267, #6839, #6804, .T. ) ;
#2108 = FACE_OUTER_BOUND ( 'NONE', #1356, .T. ) ;
#2109 = CARTESIAN_POINT ( 'NONE',  ( 23.27838489239952935, 71.00000000000001421, -20.50197998886890716 ) ) ;
#2110 = ADVANCED_FACE ( 'NONE', ( #9790 ), #3524, .T. ) ;
#2111 = DIRECTION ( 'NONE',  ( -0.000000000000000000, 1.000000000000000000, -0.000000000000000000 ) ) ;
#2112 = EDGE_CURVE ( 'NONE', #8947, #2564, #4346, .T. ) ;
#2113 = CYLINDRICAL_SURFACE ( 'NONE', #3760, 24.20000000000000639 ) ;
#2114 = CARTESIAN_POINT ( 'NONE',  ( 0.000000000000000000, 61.00000000000000711, 0.000000000000000000 ) ) ;
#2115 = ORIENTED_EDGE ( 'NONE', *, *, #7494, .F. ) ;
#2116 = CARTESIAN_POINT ( 'NONE',  ( -25.28817283496544732, 70.50000000000000000, -6.940905523910762653 ) ) ;
#2117 = LINE ( 'NONE', #3701, #2799 ) ;
#2118 = VECTOR ( 'NONE', #8857, 1000.000000000000000 ) ;
#2119 = VERTEX_POINT ( 'NONE', #6092 ) ;
#2120 = LINE ( 'NONE', #7724, #7540 ) ;
#2121 = CARTESIAN_POINT ( 'NONE',  ( 12.50000000000024514, 4.000000000000000000, 73.04429881564591653 ) ) ;
#2122 = ADVANCED_FACE ( 'NONE', ( #2042 ), #4540, .T. ) ;
#2123 = AXIS2_PLACEMENT_3D ( 'NONE', #7374, #4290, #9061 ) ;
#2124 = EDGE_CURVE ( 'NONE', #5279, #7515, #2146, .T. ) ;
#2125 = CIRCLE ( 'NONE', #5893, 55.00000000000000000 ) ;
#2126 = ORIENTED_EDGE ( 'NONE', *, *, #1549, .F. ) ;
#2127 = DIRECTION ( 'NONE',  ( -0.7071067811865494601, -0.000000000000000000, -0.7071067811865456854 ) ) ;
#2128 = VECTOR ( 'NONE', #336, 1000.000000000000114 ) ;
#2129 = CARTESIAN_POINT ( 'NONE',  ( 0.000000000000000000, 0.000000000000000000, -13.00000000000000000 ) ) ;
#2130 = ORIENTED_EDGE ( 'NONE', *, *, #1436, .T. ) ;
#2131 = ORIENTED_EDGE ( 'NONE', *, *, #696, .F. ) ;
#2132 = CARTESIAN_POINT ( 'NONE',  ( 0.000000000000000000, 61.00000000000000711, 47.00000000000001421 ) ) ;
#2133 = DIRECTION ( 'NONE',  ( -0.7027971946764646205, 0.000000000000000000, 0.7113902607956418267 ) ) ;
#2134 = VECTOR ( 'NONE', #4931, 1000.000000000000114 ) ;
#2135 = CARTESIAN_POINT ( 'NONE',  ( -52.14163403653552820, 31.20788311109079771, -17.49999999999999289 ) ) ;
#2136 = ORIENTED_EDGE ( 'NONE', *, *, #9008, .T. ) ;
#2137 = CIRCLE ( 'NONE', #7873, 24.20000000000000639 ) ;
#2138 = CIRCLE ( 'NONE', #9332, 24.12500000000000000 ) ;
#2139 = LINE ( 'NONE', #5260, #6161 ) ;
#2140 = CARTESIAN_POINT ( 'NONE',  ( 44.67333767066785555, 17.13084261692723587, -5.413171217114664202 ) ) ;
#2141 = AXIS2_PLACEMENT_3D ( 'NONE', #9728, #5105, #9775 ) ;
#2142 = EDGE_LOOP ( 'NONE', ( #7970, #5161, #8979, #3626 ) ) ;
#2143 = AXIS2_PLACEMENT_3D ( 'NONE', #10114, #4572, #4627 ) ;
#2144 = DIRECTION ( 'NONE',  ( 0.000000000000000000, 0.000000000000000000, 1.000000000000000000 ) ) ;
#2145 = ORIENTED_EDGE ( 'NONE', *, *, #4242, .F. ) ;
#2146 = LINE ( 'NONE', #2962, #744 ) ;
#2147 = FACE_OUTER_BOUND ( 'NONE', #6271, .T. ) ;
#2148 = DIRECTION ( 'NONE',  ( -0.2646834405156327508, 0.000000000000000000, -0.9643353546960763412 ) ) ;
#2149 = LINE ( 'NONE', #6193, #703 ) ;
#2150 = EDGE_CURVE ( 'NONE', #2427, #445, #1427, .T. ) ;
#2151 = ORIENTED_EDGE ( 'NONE', *, *, #2744, .F. ) ;
#2152 = VECTOR ( 'NONE', #555, 1000.000000000000000 ) ;
#2153 = CARTESIAN_POINT ( 'NONE',  ( -29.91086614614182082, 53.24654536646293224, 31.73436970037576188 ) ) ;
#2154 = VECTOR ( 'NONE', #3121, 1000.000000000000000 ) ;
#2155 = CARTESIAN_POINT ( 'NONE',  ( 24.24999999999999645, 4.000000000000000000, -19.51666049839546346 ) ) ;
#2156 = CARTESIAN_POINT ( 'NONE',  ( 12.50000000000014211, 31.20788311109079771, 43.28812969620309303 ) ) ;
#2157 = ORIENTED_EDGE ( 'NONE', *, *, #5570, .T. ) ;
#2158 = CARTESIAN_POINT ( 'NONE',  ( 27.50653484719873632, 70.83629404531721718, -11.20511397484459692 ) ) ;
#2159 = VERTEX_POINT ( 'NONE', #8357 ) ;
#2160 = DIRECTION ( 'NONE',  ( -0.9674806351920963721, 0.000000000000000000, -0.2529450939004306842 ) ) ;
#2161 = ORIENTED_EDGE ( 'NONE', *, *, #4077, .T. ) ;
#2162 = CIRCLE ( 'NONE', #2979, 1.449999999999993072 ) ;
#2163 = CARTESIAN_POINT ( 'NONE',  ( 42.97326714374776913, 71.00000000000001421, 13.28558351904228374 ) ) ;
#2164 = DIRECTION ( 'NONE',  ( 0.4999999999999859557, 0.000000000000000000, 0.8660254037844468122 ) ) ;
#2165 = ADVANCED_FACE ( 'NONE', ( #6707 ), #2767, .T. ) ;
#2166 = VECTOR ( 'NONE', #2014, 1000.000000000000000 ) ;
#2167 = LINE ( 'NONE', #8428, #2362 ) ;
#2168 = DIRECTION ( 'NONE',  ( 0.000000000000000000, 1.000000000000000000, 0.000000000000000000 ) ) ;
#2169 = FACE_OUTER_BOUND ( 'NONE', #3558, .T. ) ;
#2170 = ORIENTED_EDGE ( 'NONE', *, *, #1320, .T. ) ;
#2171 = CARTESIAN_POINT ( 'NONE',  ( 0.000000000000000000, 26.00000000000001066, 0.000000000000000000 ) ) ;
#2172 = LINE ( 'NONE', #5289, #6393 ) ;
#2173 = ORIENTED_EDGE ( 'NONE', *, *, #5441, .T. ) ;
#2174 = EDGE_CURVE ( 'NONE', #5676, #455, #402, .T. ) ;
#2175 = DIRECTION ( 'NONE',  ( -0.000000000000000000, -1.000000000000000000, -0.000000000000000000 ) ) ;
#2176 = FACE_OUTER_BOUND ( 'NONE', #846, .T. ) ;
#2177 = EDGE_CURVE ( 'NONE', #2508, #10054, #1332, .T. ) ;
#2178 = VERTEX_POINT ( 'NONE', #5164 ) ;
#2179 = CARTESIAN_POINT ( 'NONE',  ( -6.000723173756947304, 71.00000000000001421, 22.95195126434677846 ) ) ;
#2180 = CARTESIAN_POINT ( 'NONE',  ( 54.71353739756944634, 16.76880544015183716, -5.606985998099934143 ) ) ;
#2181 = ORIENTED_EDGE ( 'NONE', *, *, #6696, .F. ) ;
#2182 = EDGE_LOOP ( 'NONE', ( #6909, #6459, #5801, #2040 ) ) ;
#2183 = CARTESIAN_POINT ( 'NONE',  ( 13.74999999999999822, 23.30000000000000071, -3.700000000000000178 ) ) ;
#2184 = DIRECTION ( 'NONE',  ( -0.000000000000000000, 1.000000000000000000, 0.000000000000000000 ) ) ;
#2185 = ADVANCED_FACE ( 'NONE', ( #9220 ), #8309, .T. ) ;
#2186 = VECTOR ( 'NONE', #6101, 1000.000000000000000 ) ;
#2187 = FACE_OUTER_BOUND ( 'NONE', #8703, .T. ) ;
#2188 = VERTEX_POINT ( 'NONE', #1999 ) ;
#2189 = EDGE_CURVE ( 'NONE', #3855, #5602, #4999, .T. ) ;
#2190 = DIRECTION ( 'NONE',  ( 1.047444401652940007E-14, 0.000000000000000000, 1.000000000000000000 ) ) ;
#2191 = CARTESIAN_POINT ( 'NONE',  ( 44.75413393042388321, 18.13244090824129273, 4.706510629267135037 ) ) ;
#2192 = ORIENTED_EDGE ( 'NONE', *, *, #597, .F. ) ;
#2193 = CARTESIAN_POINT ( 'NONE',  ( 0.000000000000000000, 20.00000000000000000, 0.000000000000000000 ) ) ;
#2194 = ORIENTED_EDGE ( 'NONE', *, *, #8654, .T. ) ;
#2195 = DIRECTION ( 'NONE',  ( 1.000000000000000000, 0.000000000000000000, 3.965082230804129727E-16 ) ) ;
#2196 = CARTESIAN_POINT ( 'NONE',  ( 28.61717926410564417, 61.00000000000000711, 16.52213615157881677 ) ) ;
#2197 = LINE ( 'NONE', #6291, #6386 ) ;
#2198 = FACE_OUTER_BOUND ( 'NONE', #1647, .T. ) ;
#2199 = EDGE_CURVE ( 'NONE', #4165, #7188, #9883, .T. ) ;
#2200 = ORIENTED_EDGE ( 'NONE', *, *, #9385, .F. ) ;
#2201 = CARTESIAN_POINT ( 'NONE',  ( -30.89498821139685703, 51.00000000000000711, 32.71849176563078743 ) ) ;
#2202 = CARTESIAN_POINT ( 'NONE',  ( -12.24022189330255372, 53.50000000000000711, 40.69922564377258567 ) ) ;
#2203 = DIRECTION ( 'NONE',  ( 0.000000000000000000, 0.000000000000000000, 1.000000000000000000 ) ) ;
#2204 = VECTOR ( 'NONE', #1548, 999.9999999999998863 ) ;
#2205 = ORIENTED_EDGE ( 'NONE', *, *, #1878, .T. ) ;
#2206 = FILL_AREA_STYLE_COLOUR ( '', #513 ) ;
#2207 = EDGE_LOOP ( 'NONE', ( #9725, #8488, #6964, #7928 ) ) ;
#2208 = CARTESIAN_POINT ( 'NONE',  ( 44.67290332693530530, 10.87538830471514650, -5.416745552861703672 ) ) ;
#2209 = ORIENTED_EDGE ( 'NONE', *, *, #8445, .F. ) ;
#2210 = CARTESIAN_POINT ( 'NONE',  ( 6.250000000000228262, 0.000000000000000000, 67.97214940782295400 ) ) ;
#2211 = LINE ( 'NONE', #3899, #10091 ) ;
#2212 = PLANE ( 'NONE',  #10059 ) ;
#2213 = DIRECTION ( 'NONE',  ( -0.4074239411274352962, -0.5796748474660489148, -0.7056789662526447016 ) ) ;
#2214 = FACE_OUTER_BOUND ( 'NONE', #7331, .T. ) ;
#2215 = ORIENTED_EDGE ( 'NONE', *, *, #10049, .T. ) ;
#2216 = DIRECTION ( 'NONE',  ( 0.000000000000000000, 1.000000000000000000, 0.000000000000000000 ) ) ;
#2217 = CARTESIAN_POINT ( 'NONE',  ( 0.000000000000000000, 71.00000000000001421, 0.000000000000000000 ) ) ;
#2218 = ORIENTED_EDGE ( 'NONE', *, *, #7936, .T. ) ;
#2219 = EDGE_CURVE ( 'NONE', #2119, #4655, #2859, .T. ) ;
#2220 = VECTOR ( 'NONE', #552, 1000.000000000000000 ) ;
#2221 = CYLINDRICAL_SURFACE ( 'NONE', #9188, 60.62500000000000000 ) ;
#2222 = EDGE_LOOP ( 'NONE', ( #6158, #5615 ) ) ;
#2223 = FACE_OUTER_BOUND ( 'NONE', #8300, .T. ) ;
#2224 = CARTESIAN_POINT ( 'NONE',  ( -24.49999999999959144, 71.00000000000001421, -42.43524478543770329 ) ) ;
#2225 = ORIENTED_EDGE ( 'NONE', *, *, #4311, .T. ) ;
#2226 = DIRECTION ( 'NONE',  ( -0.000000000000000000, 1.000000000000000000, -0.000000000000000000 ) ) ;
#2227 = CARTESIAN_POINT ( 'NONE',  ( -6.249999999999763745, 4.000000000000000000, 65.07214940782301937 ) ) ;
#2228 = ORIENTED_EDGE ( 'NONE', *, *, #9437, .T. ) ;
#2229 = CIRCLE ( 'NONE', #6984, 1.449999999999999067 ) ;
#2230 = EDGE_LOOP ( 'NONE', ( #4202, #3345, #6915, #5167 ) ) ;
#2231 = CARTESIAN_POINT ( 'NONE',  ( 16.87661127446815712, 71.00000000000001421, -16.67275434172499260 ) ) ;
#2232 = CARTESIAN_POINT ( 'NONE',  ( 12.24022189330255728, 53.50000000000000711, -40.69922564377258567 ) ) ;
#2233 = AXIS2_PLACEMENT_3D ( 'NONE', #7807, #8529, #1500 ) ;
#2234 = ORIENTED_EDGE ( 'NONE', *, *, #9331, .T. ) ;
#2235 = LINE ( 'NONE', #4586, #2889 ) ;
#2236 = CARTESIAN_POINT ( 'NONE',  ( -24.50000000000000000, 71.00000000000001421, 42.43524478543749012 ) ) ;
#2237 = EDGE_CURVE ( 'NONE', #27, #6656, #9070, .T. ) ;
#2238 = ORIENTED_EDGE ( 'NONE', *, *, #4168, .T. ) ;
#2239 = DIRECTION ( 'NONE',  ( 0.000000000000000000, 0.000000000000000000, 1.000000000000000000 ) ) ;
#2240 = ORIENTED_EDGE ( 'NONE', *, *, #6902, .F. ) ;
#2241 = AXIS2_PLACEMENT_3D ( 'NONE', #2484, #7926, #3247 ) ;
#2242 = DIRECTION ( 'NONE',  ( 0.7027971946764646205, 0.000000000000000000, -0.7113902607956419377 ) ) ;
#2243 = DIRECTION ( 'NONE',  ( -0.000000000000000000, 1.000000000000000000, -0.000000000000000000 ) ) ;
#2244 = CARTESIAN_POINT ( 'NONE',  ( 11.25000000000000000, 0.000000000000000000, 13.00000000000000000 ) ) ;
#2245 = DIRECTION ( 'NONE',  ( 0.000000000000000000, 0.000000000000000000, 1.000000000000000000 ) ) ;
#2246 = AXIS2_PLACEMENT_3D ( 'NONE', #8622, #102, #8726 ) ;
#2247 = EDGE_LOOP ( 'NONE', ( #4529, #8115, #3813 ) ) ;
#2248 = AXIS2_PLACEMENT_3D ( 'NONE', #9202, #4526, #637 ) ;
#2249 = DIRECTION ( 'NONE',  ( 0.000000000000000000, 1.000000000000000000, 0.000000000000000000 ) ) ;
#2250 = EDGE_CURVE ( 'NONE', #8588, #9531, #3673, .T. ) ;
#2251 = ADVANCED_FACE ( 'NONE', ( #6759 ), #2910, .T. ) ;
#2252 = EDGE_CURVE ( 'NONE', #1083, #1770, #9458, .T. ) ;
#2253 = CARTESIAN_POINT ( 'NONE',  ( -32.27764532285559085, 61.00000000000000711, 29.85850818997050382 ) ) ;
#2254 = EDGE_CURVE ( 'NONE', #1456, #1951, #8505, .T. ) ;
#2255 = PLANE ( 'NONE',  #1861 ) ;
#2256 = ORIENTED_EDGE ( 'NONE', *, *, #4734, .T. ) ;
#2257 = SURFACE_SIDE_STYLE ('',( #9990 ) ) ;
#2258 = ORIENTED_EDGE ( 'NONE', *, *, #1821, .T. ) ;
#2259 = CARTESIAN_POINT ( 'NONE',  ( 44.60880791766194875, 11.98841343608051702, -5.920967050106177965 ) ) ;
#2260 = ORIENTED_EDGE ( 'NONE', *, *, #1689, .F. ) ;
#2261 = DIRECTION ( 'NONE',  ( 0.000000000000000000, -0.7071067811865484609, -0.7071067811865465735 ) ) ;
#2262 = EDGE_CURVE ( 'NONE', #6114, #3162, #8845, .T. ) ;
#2263 = CARTESIAN_POINT ( 'NONE',  ( -25.28817283496540824, 70.50000000000002842, 6.940905523910935848 ) ) ;
#2264 = PLANE ( 'NONE',  #5804 ) ;
#2265 = FACE_OUTER_BOUND ( 'NONE', #1893, .T. ) ;
#2266 = CARTESIAN_POINT ( 'NONE',  ( -12.88755093684978803, 53.50000000000000711, -43.11509052350583460 ) ) ;
#2267 = ORIENTED_EDGE ( 'NONE', *, *, #5978, .F. ) ;
#2268 = DIRECTION ( 'NONE',  ( 0.000000000000000000, 0.000000000000000000, -1.000000000000000000 ) ) ;
#2269 = FACE_OUTER_BOUND ( 'NONE', #4906, .T. ) ;
#2270 = ORIENTED_EDGE ( 'NONE', *, *, #3376, .F. ) ;
#2271 = CARTESIAN_POINT ( 'NONE',  ( 0.000000000000000000, 26.00000000000001066, 0.000000000000000000 ) ) ;
#2272 = ADVANCED_FACE ( 'NONE', ( #2593 ), #847, .T. ) ;
#2273 = ORIENTED_EDGE ( 'NONE', *, *, #3564, .T. ) ;
#2274 = DIRECTION ( 'NONE',  ( 0.000000000000000000, 0.000000000000000000, 1.000000000000000000 ) ) ;
#2275 = CARTESIAN_POINT ( 'NONE',  ( 29.87659562178842521, 61.00000000000000711, 9.776340961197682589 ) ) ;
#2276 = ORIENTED_EDGE ( 'NONE', *, *, #3750, .T. ) ;
#2277 = DIRECTION ( 'NONE',  ( -0.9674806351920963721, 0.000000000000000000, -0.2529450939004306842 ) ) ;
#2278 = CARTESIAN_POINT ( 'NONE',  ( -42.43524478543740486, 26.00000000000001066, -24.50000000000014921 ) ) ;
#2279 = ORIENTED_EDGE ( 'NONE', *, *, #1320, .F. ) ;
#2280 = VECTOR ( 'NONE', #10128, 1000.000000000000000 ) ;
#2281 = ORIENTED_EDGE ( 'NONE', *, *, #9537, .T. ) ;
#2282 = LINE ( 'NONE', #8552, #6743 ) ;
#2283 = CARTESIAN_POINT ( 'NONE',  ( 17.50000000000017053, 4.000000000000000000, 52.14163403653547135 ) ) ;
#2284 = ORIENTED_EDGE ( 'NONE', *, *, #7196, .T. ) ;
#2285 = DIRECTION ( 'NONE',  ( 0.000000000000000000, 0.000000000000000000, 1.000000000000000000 ) ) ;
#2286 = PLANE ( 'NONE',  #3935 ) ;
#2287 = AXIS2_PLACEMENT_3D ( 'NONE', #6023, #9106, #9152 ) ;
#2288 = VECTOR ( 'NONE', #6173, 1000.000000000000114 ) ;
#2289 = EDGE_CURVE ( 'NONE', #4845, #6419, #3782, .T. ) ;
#2290 = ORIENTED_EDGE ( 'NONE', *, *, #4321, .T. ) ;
#2291 = DIRECTION ( 'NONE',  ( -0.000000000000000000, 1.000000000000000000, -0.000000000000000000 ) ) ;
#2292 = AXIS2_PLACEMENT_3D ( 'NONE', #3835, #3986, #2346 ) ;
#2293 = VERTEX_POINT ( 'NONE', #5710 ) ;
#2294 = LINE ( 'NONE', #5268, #3707 ) ;
#2295 = VECTOR ( 'NONE', #94, 1000.000000000000000 ) ;
#2296 = CARTESIAN_POINT ( 'NONE',  ( 5.874250626807051567, 61.00000000000000711, 22.46821094675069475 ) ) ;
#2297 = DIRECTION ( 'NONE',  ( 0.000000000000000000, 0.000000000000000000, -1.000000000000000000 ) ) ;
#2298 = ORIENTED_EDGE ( 'NONE', *, *, #3933, .T. ) ;
#2299 = VECTOR ( 'NONE', #1571, 1000.000000000000227 ) ;
#2300 = ADVANCED_FACE ( 'NONE', ( #7746 ), #7686, .F. ) ;
#2301 = DIRECTION ( 'NONE',  ( 0.7027971946764646205, 0.000000000000000000, -0.7113902607956418267 ) ) ;
#2302 = VECTOR ( 'NONE', #5396, 1000.000000000000000 ) ;
#2303 = CIRCLE ( 'NONE', #8049, 55.00000000000000000 ) ;
#2304 = EDGE_CURVE ( 'NONE', #1703, #2720, #5606, .T. ) ;
#2305 = CYLINDRICAL_SURFACE ( 'NONE', #3772, 31.20000000000000995 ) ;
#2306 = LINE ( 'NONE', #5473, #543 ) ;
#2307 = DIRECTION ( 'NONE',  ( 1.000000000000000000, 0.000000000000000000, -1.007793579344898724E-14 ) ) ;
#2308 = ORIENTED_EDGE ( 'NONE', *, *, #9212, .T. ) ;
#2309 = VECTOR ( 'NONE', #6784, 1000.000000000000114 ) ;
#2310 = CARTESIAN_POINT ( 'NONE',  ( 44.56946473802229036, 13.18603086023064819, -6.210423904392058603 ) ) ;
#2311 = VECTOR ( 'NONE', #808, 1000.000000000000000 ) ;
#2312 = EDGE_LOOP ( 'NONE', ( #4129, #3364, #8902, #7107 ) ) ;
#2313 = EDGE_CURVE ( 'NONE', #8698, #8847, #7154, .T. ) ;
#2314 = EDGE_CURVE ( 'NONE', #2077, #1179, #9421, .T. ) ;
#2315 = AXIS2_PLACEMENT_3D ( 'NONE', #6646, #8296, #4336 ) ;
#2316 = CARTESIAN_POINT ( 'NONE',  ( 11.25000000000000000, 30.50000000000000000, -13.00000000000000000 ) ) ;
#2317 = LINE ( 'NONE', #8578, #277 ) ;
#2318 = VECTOR ( 'NONE', #4237, 1000.000000000000114 ) ;
#2319 = CARTESIAN_POINT ( 'NONE',  ( -28.61717926410553048, 61.00000000000000711, -16.52213615157901572 ) ) ;
#2320 = LINE ( 'NONE', #3079, #1976 ) ;
#2321 = FACE_OUTER_BOUND ( 'NONE', #7441, .T. ) ;
#2322 = CIRCLE ( 'NONE', #2482, 47.00000000000001421 ) ;
#2323 = ORIENTED_EDGE ( 'NONE', *, *, #1880, .F. ) ;
#2324 = DIRECTION ( 'NONE',  ( 0.000000000000000000, 0.000000000000000000, 1.000000000000000000 ) ) ;
#2325 = FACE_BOUND ( 'NONE', #124, .T. ) ;
#2326 = VERTEX_POINT ( 'NONE', #4128 ) ;
#2327 = DIRECTION ( 'NONE',  ( -0.4074239411274238609, -0.5796748474660533557, 0.7056789662526474771 ) ) ;
#2328 = ORIENTED_EDGE ( 'NONE', *, *, #3233, .T. ) ;
#2329 = DIRECTION ( 'NONE',  ( -0.000000000000000000, 1.000000000000000000, -0.000000000000000000 ) ) ;
#2330 = CARTESIAN_POINT ( 'NONE',  ( 12.49999999999919176, 4.000000000000003553, -78.04429881564608706 ) ) ;
#2331 = VECTOR ( 'NONE', #620, 1000.000000000000114 ) ;
#2332 = ORIENTED_EDGE ( 'NONE', *, *, #5588, .F. ) ;
#2333 = CYLINDRICAL_SURFACE ( 'NONE', #442, 47.00000000000001421 ) ;
#2334 = CARTESIAN_POINT ( 'NONE',  ( -1.245476089487488558, 71.00000000000001421, -0.3337243123704413117 ) ) ;
#2335 = ORIENTED_EDGE ( 'NONE', *, *, #4994, .T. ) ;
#2336 = ORIENTED_EDGE ( 'NONE', *, *, #2573, .T. ) ;
#2337 = DIRECTION ( 'NONE',  ( -0.000000000000000000, 1.000000000000000000, -0.000000000000000000 ) ) ;
#2338 = LINE ( 'NONE', #1524, #2299 ) ;
#2339 = ORIENTED_EDGE ( 'NONE', *, *, #5349, .F. ) ;
#2340 = DIRECTION ( 'NONE',  ( 0.2646834405156326953, 0.000000000000000000, 0.9643353546960763412 ) ) ;
#2341 = CARTESIAN_POINT ( 'NONE',  ( 0.000000000000000000, 121.0000000000001563, 0.000000000000000000 ) ) ;
#2342 = ORIENTED_EDGE ( 'NONE', *, *, #6486, .T. ) ;
#2343 = DIRECTION ( 'NONE',  ( -0.4074239411274234168, 0.5796748474660599060, -0.7056789662526423701 ) ) ;
#2344 = EDGE_LOOP ( 'NONE', ( #2170, #7053, #6241, #5403 ) ) ;
#2345 = CARTESIAN_POINT ( 'NONE',  ( -8.756996203826414416, 61.00000000000000711, 46.17699662695888208 ) ) ;
#2346 = DIRECTION ( 'NONE',  ( -0.8660254037844432595, 0.000000000000000000, -0.4999999999999919509 ) ) ;
#2347 = PLANE ( 'NONE',  #8382 ) ;
#2348 = EDGE_CURVE ( 'NONE', #2832, #413, #9508, .T. ) ;
#2349 = ADVANCED_FACE ( 'NONE', ( #3201 ), #4884, .F. ) ;
#2350 = EDGE_LOOP ( 'NONE', ( #6772, #4456, #4686, #9358, #6364, #864, #3703 ) ) ;
#2351 = LINE ( 'NONE', #7900, #6303 ) ;
#2352 = CARTESIAN_POINT ( 'NONE',  ( -43.71840425062330127, 51.65832988056625652, 10.37941386385024956 ) ) ;
#2353 = DIRECTION ( 'NONE',  ( 0.6818880686435421223, 0.7071067811865379138, 0.1871594556563833112 ) ) ;
#2354 = CARTESIAN_POINT ( 'NONE',  ( 12.80215865440932177, 52.25174752504368314, 42.79640218686373032 ) ) ;
#2355 = ORIENTED_EDGE ( 'NONE', *, *, #1721, .T. ) ;
#2356 = CARTESIAN_POINT ( 'NONE',  ( -6.000723173756965956, 71.00000000000001421, 22.95195126434684951 ) ) ;
#2357 = ORIENTED_EDGE ( 'NONE', *, *, #6066, .F. ) ;
#2358 = DIRECTION ( 'NONE',  ( 0.000000000000000000, 1.000000000000000000, 0.000000000000000000 ) ) ;
#2359 = CARTESIAN_POINT ( 'NONE',  ( 12.24022189330256438, 53.50000000000000711, 40.69922564377259278 ) ) ;
#2360 = LINE ( 'NONE', #9285, #5670 ) ;
#2361 = EDGE_CURVE ( 'NONE', #1179, #2077, #6308, .T. ) ;
#2362 = VECTOR ( 'NONE', #8479, 999.9999999999998863 ) ;
#2363 = CARTESIAN_POINT ( 'NONE',  ( -16.52091614407034115, 70.50000000000000000, 16.32135574438676429 ) ) ;
#2364 = ORIENTED_EDGE ( 'NONE', *, *, #9951, .T. ) ;
#2365 = CARTESIAN_POINT ( 'NONE',  ( -66.52214940782297958, 4.000000000000000000, 4.799999999999997158 ) ) ;
#2366 = DIRECTION ( 'NONE',  ( 0.000000000000000000, 1.000000000000000000, 0.000000000000000000 ) ) ;
#2367 = ORIENTED_EDGE ( 'NONE', *, *, #4422, .T. ) ;
#2368 = CARTESIAN_POINT ( 'NONE',  ( 0.000000000000000000, 4.000000000000000000, 0.000000000000000000 ) ) ;
#2369 = DIRECTION ( 'NONE',  ( -0.000000000000000000, 1.000000000000000000, -0.000000000000000000 ) ) ;
#2370 = VERTEX_POINT ( 'NONE', #6436 ) ;
#2371 = DIRECTION ( 'NONE',  ( -0.2646834405156195391, 0.000000000000000000, 0.9643353546960800049 ) ) ;
#2372 = ORIENTED_EDGE ( 'NONE', *, *, #8894, .T. ) ;
#2373 = CARTESIAN_POINT ( 'NONE',  ( 17.49999999999937828, 0.000000000000000000, -58.04429881564615101 ) ) ;
#2374 = DIRECTION ( 'NONE',  ( -0.1788591911648590993, -0.7071067811865612285, 0.6841121178109864642 ) ) ;
#2375 = ADVANCED_FACE ( 'NONE', ( #6917 ), #894, .T. ) ;
#2376 = EDGE_CURVE ( 'NONE', #7179, #6391, #2487, .T. ) ;
#2377 = EDGE_LOOP ( 'NONE', ( #10070, #2764, #4873, #9746 ) ) ;
#2378 = FACE_OUTER_BOUND ( 'NONE', #3183, .T. ) ;
#2379 = EDGE_CURVE ( 'NONE', #6999, #4894, #7103, .T. ) ;
#2380 = EDGE_CURVE ( 'NONE', #3291, #9605, #3303, .T. ) ;
#2381 = CARTESIAN_POINT ( 'NONE',  ( -32.27764532285578269, 61.00000000000000711, -29.85850818997026224 ) ) ;
#2382 = VERTEX_POINT ( 'NONE', #2538 ) ;
#2383 = VECTOR ( 'NONE', #5837, 1000.000000000000000 ) ;
#2384 = ORIENTED_EDGE ( 'NONE', *, *, #7324, .F. ) ;
#2385 = LINE ( 'NONE', #7832, #4117 ) ;
#2386 = LINE ( 'NONE', #1667, #5080 ) ;
#2387 = ORIENTED_EDGE ( 'NONE', *, *, #1471, .F. ) ;
#2388 = LINE ( 'NONE', #5511, #3532 ) ;
#2389 = DIRECTION ( 'NONE',  ( 0.000000000000000000, 0.000000000000000000, 1.000000000000000000 ) ) ;
#2390 = AXIS2_PLACEMENT_3D ( 'NONE', #2932, #6012, #9191 ) ;
#2391 = ORIENTED_EDGE ( 'NONE', *, *, #2403, .T. ) ;
#2392 = DIRECTION ( 'NONE',  ( 0.7113902607956420487, 0.000000000000000000, -0.7027971946764646205 ) ) ;
#2393 = ORIENTED_EDGE ( 'NONE', *, *, #2813, .T. ) ;
#2394 = AXIS2_PLACEMENT_3D ( 'NONE', #376, #3589, #1296 ) ;
#2395 = CARTESIAN_POINT ( 'NONE',  ( -25.28817283496544732, 70.50000000000000000, -6.940905523910762653 ) ) ;
#2396 = LINE ( 'NONE', #5364, #2453 ) ;
#2397 = CARTESIAN_POINT ( 'NONE',  ( -16.52091614407034115, 61.00000000000000711, 16.32135574438676429 ) ) ;
#2398 = ORIENTED_EDGE ( 'NONE', *, *, #597, .T. ) ;
#2399 = AXIS2_PLACEMENT_3D ( 'NONE', #10028, #6134, #3057 ) ;
#2400 = VECTOR ( 'NONE', #6006, 1000.000000000000000 ) ;
#2401 = CIRCLE ( 'NONE', #934, 60.62500000000000000 ) ;
#2402 = ORIENTED_EDGE ( 'NONE', *, *, #6663, .F. ) ;
#2403 = EDGE_CURVE ( 'NONE', #8602, #8920, #5658, .T. ) ;
#2404 = DIRECTION ( 'NONE',  ( 0.000000000000000000, 1.000000000000000000, 0.000000000000000000 ) ) ;
#2405 = CARTESIAN_POINT ( 'NONE',  ( 13.09507021347559430, 62.68429458569865886, -35.17860068602909962 ) ) ;
#2406 = VECTOR ( 'NONE', #9233, 1000.000000000000000 ) ;
#2407 = ORIENTED_EDGE ( 'NONE', *, *, #9699, .T. ) ;
#2408 = CARTESIAN_POINT ( 'NONE',  ( 23.40485743935017027, 70.49999999999998579, 20.98572030646442954 ) ) ;
#2409 = CIRCLE ( 'NONE', #7661, 48.99999999999998579 ) ;
#2410 = PLANE ( 'NONE',  #5398 ) ;
#2411 = PLANE ( 'NONE',  #4814 ) ;
#2412 = CARTESIAN_POINT ( 'NONE',  ( 47.63139720814383082, 26.00000000000001066, 27.50000000000049738 ) ) ;
#2413 = EDGE_CURVE ( 'NONE', #9493, #1313, #5821, .T. ) ;
#2414 = CARTESIAN_POINT ( 'NONE',  ( -12.49999999999973355, 4.000000000000003553, 73.04429881564600180 ) ) ;
#2415 = ORIENTED_EDGE ( 'NONE', *, *, #7524, .T. ) ;
#2416 = PLANE ( 'NONE',  #4416 ) ;
#2417 = CARTESIAN_POINT ( 'NONE',  ( -73.04429881564595917, 4.000000000000003553, 12.49999999999999112 ) ) ;
#2418 = ORIENTED_EDGE ( 'NONE', *, *, #1137, .T. ) ;
#2419 = DIRECTION ( 'NONE',  ( -0.2646834405156395786, 0.000000000000000000, -0.9643353546960745648 ) ) ;
#2420 = DIRECTION ( 'NONE',  ( 0.000000000000000000, -1.000000000000000000, 0.000000000000000000 ) ) ;
#2421 = ORIENTED_EDGE ( 'NONE', *, *, #2877, .T. ) ;
#2422 = ADVANCED_FACE ( 'NONE', ( #2645, #3404 ), #1967, .F. ) ;
#2423 = CARTESIAN_POINT ( 'NONE',  ( -16.52091614407034115, 61.00000000000000711, -16.32135574438677139 ) ) ;
#2424 = EDGE_CURVE ( 'NONE', #1292, #7391, #7303, .T. ) ;
#2425 = CARTESIAN_POINT ( 'NONE',  ( -78.04429881564595917, 0.000000000000000000, 17.49999999999999289 ) ) ;
#2426 = EDGE_CURVE ( 'NONE', #5147, #9638, #6631, .T. ) ;
#2427 = VERTEX_POINT ( 'NONE', #7412 ) ;
#2428 = LINE ( 'NONE', #1661, #9283 ) ;
#2429 = EDGE_CURVE ( 'NONE', #6536, #556, #7136, .T. ) ;
#2430 = CARTESIAN_POINT ( 'NONE',  ( -27.29547653342050850, 70.49999999999998579, -11.70670580537029437 ) ) ;
#2431 = VERTEX_POINT ( 'NONE', #7311 ) ;
#2432 = CARTESIAN_POINT ( 'NONE',  ( 3.031539202662544064, 81.97053539100451758, -17.92306388699253716 ) ) ;
#2433 = ORIENTED_EDGE ( 'NONE', *, *, #1911, .T. ) ;
#2434 = LINE ( 'NONE', #3001, #4933 ) ;
#2435 = DIRECTION ( 'NONE',  ( 0.2646834405156263670, 0.000000000000000000, -0.9643353546960782285 ) ) ;
#2436 = ORIENTED_EDGE ( 'NONE', *, *, #1373, .F. ) ;
#2437 = ADVANCED_FACE ( 'NONE', ( #1055, #2784 ), #4173, .T. ) ;
#2438 = DIRECTION ( 'NONE',  ( 0.000000000000000000, 0.000000000000000000, 1.000000000000000000 ) ) ;
#2439 = EDGE_CURVE ( 'NONE', #4692, #9205, #8616, .T. ) ;
#2440 = CARTESIAN_POINT ( 'NONE',  ( 0.000000000000000000, 53.50000000000000711, 0.000000000000000000 ) ) ;
#2441 = EDGE_LOOP ( 'NONE', ( #8003, #1236, #2942, #6380 ) ) ;
#2442 = VECTOR ( 'NONE', #1225, 1000.000000000000000 ) ;
#2443 = CARTESIAN_POINT ( 'NONE',  ( 0.000000000000000000, 0.000000000000000000, -12.49999999999999112 ) ) ;
#2444 = ORIENTED_EDGE ( 'NONE', *, *, #1871, .F. ) ;
#2445 = ORIENTED_EDGE ( 'NONE', *, *, #6788, .T. ) ;
#2446 = DIRECTION ( 'NONE',  ( 0.000000000000000000, 0.000000000000000000, 1.000000000000000000 ) ) ;
#2447 = DIRECTION ( 'NONE',  ( 0.7071067811865439090, 0.000000000000000000, -0.7071067811865512365 ) ) ;
#2448 = CARTESIAN_POINT ( 'NONE',  ( 22.87733444822528028, 71.00000000000001421, 6.279196922621529176 ) ) ;
#2449 = AXIS2_PLACEMENT_3D ( 'NONE', #5940, #8213, #3479 ) ;
#2450 = CARTESIAN_POINT ( 'NONE',  ( 24.24999999999999645, 0.000000000000000000, -19.51666049839546346 ) ) ;
#2451 = VECTOR ( 'NONE', #7570, 1000.000000000000000 ) ;
#2452 = LINE ( 'NONE', #92, #908 ) ;
#2453 = VECTOR ( 'NONE', #10035, 1000.000000000000000 ) ;
#2454 = ORIENTED_EDGE ( 'NONE', *, *, #8950, .F. ) ;
#2455 = DIRECTION ( 'NONE',  ( 0.000000000000000000, 1.000000000000000000, 0.000000000000000000 ) ) ;
#2456 = DIRECTION ( 'NONE',  ( -0.000000000000000000, -1.000000000000000000, -0.000000000000000000 ) ) ;
#2457 = FACE_OUTER_BOUND ( 'NONE', #8658, .T. ) ;
#2458 = VERTEX_POINT ( 'NONE', #7507 ) ;
#2459 = CARTESIAN_POINT ( 'NONE',  ( 30.66054661586770891, 52.25467878633467222, 32.48405017010158957 ) ) ;
#2460 = VECTOR ( 'NONE', #4517, 1000.000000000000114 ) ;
#2461 = VECTOR ( 'NONE', #1467, 1000.000000000000000 ) ;
#2462 = AXIS2_PLACEMENT_3D ( 'NONE', #7959, #5527, #6470 ) ;
#2463 = CARTESIAN_POINT ( 'NONE',  ( -0.4427328229371420565, 71.00000000000001421, -1.652301389379714047 ) ) ;
#2464 = STYLED_ITEM ( 'NONE', ( #5848 ), #6282 ) ;
#2465 = PLANE ( 'NONE',  #5347 ) ;
#2466 = DIRECTION ( 'NONE',  ( 0.000000000000000000, 1.000000000000000000, 0.000000000000000000 ) ) ;
#2467 = VECTOR ( 'NONE', #642, 1000.000000000000000 ) ;
#2468 = CARTESIAN_POINT ( 'NONE',  ( -6.250000000000692779, 0.000000000000000000, -66.52214940782292274 ) ) ;
#2469 = ORIENTED_EDGE ( 'NONE', *, *, #3925, .F. ) ;
#2470 = AXIS2_PLACEMENT_3D ( 'NONE', #6389, #4076, #3256 ) ;
#2471 = DIRECTION ( 'NONE',  ( 0.7027971946764646205, 0.000000000000000000, -0.7113902607956418267 ) ) ;
#2472 = CARTESIAN_POINT ( 'NONE',  ( 35.12978637015315542, 71.00000000000001421, -30.80462120709523077 ) ) ;
#2473 = ORIENTED_EDGE ( 'NONE', *, *, #2403, .F. ) ;
#2474 = CARTESIAN_POINT ( 'NONE',  ( -29.31694443973714570, 71.00000000000001421, 9.626382878924369280 ) ) ;
#2475 = LINE ( 'NONE', #8019, #5078 ) ;
#2476 = ORIENTED_EDGE ( 'NONE', *, *, #9649, .F. ) ;
#2477 = AXIS2_PLACEMENT_3D ( 'NONE', #7325, #8915, #4083 ) ;
#2478 = EDGE_CURVE ( 'NONE', #1218, #1053, #5011, .T. ) ;
#2479 = CARTESIAN_POINT ( 'NONE',  ( 44.36895025132808001, 70.49999999999992895, 15.50471714012145874 ) ) ;
#2480 = DIRECTION ( 'NONE',  ( 1.776356839400250465E-15, 0.000000000000000000, 1.000000000000000000 ) ) ;
#2481 = AXIS2_PLACEMENT_3D ( 'NONE', #2097, #6920, #3728 ) ;
#2482 = AXIS2_PLACEMENT_3D ( 'NONE', #76, #6954, #849 ) ;
#2483 = ORIENTED_EDGE ( 'NONE', *, *, #9232, .F. ) ;
#2484 = CARTESIAN_POINT ( 'NONE',  ( 0.000000000000000000, 4.000000000000000000, 0.000000000000000000 ) ) ;
#2485 = DIRECTION ( 'NONE',  ( -0.7071067811865455743, -0.000000000000000000, 0.7071067811865493491 ) ) ;
#2486 = EDGE_LOOP ( 'NONE', ( #7550, #5539, #7289, #6487 ) ) ;
#2487 = LINE ( 'NONE', #6140, #89 ) ;
#2488 = ORIENTED_EDGE ( 'NONE', *, *, #9955, .F. ) ;
#2489 = CARTESIAN_POINT ( 'NONE',  ( -30.44486301286591967, 53.50000000000000711, 6.822779208491905223 ) ) ;
#2490 = CARTESIAN_POINT ( 'NONE',  ( 0.000000000000000000, 61.00000000000000711, 0.000000000000000000 ) ) ;
#2491 = ORIENTED_EDGE ( 'NONE', *, *, #9578, .T. ) ;
#2492 = VECTOR ( 'NONE', #8992, 1000.000000000000000 ) ;
#2493 = EDGE_CURVE ( 'NONE', #5874, #5688, #583, .T. ) ;
#2494 = CARTESIAN_POINT ( 'NONE',  ( -17.50000000000065015, 31.20788311109079771, -63.04429881564578864 ) ) ;
#2495 = CARTESIAN_POINT ( 'NONE',  ( -46.75000000000000000, 22.50000000000000000, -13.00000000000000000 ) ) ;
#2496 = ORIENTED_EDGE ( 'NONE', *, *, #1110, .F. ) ;
#2497 = ADVANCED_FACE ( 'NONE', ( #9716 ), #8990, .T. ) ;
#2498 = CARTESIAN_POINT ( 'NONE',  ( 25.24983850318567136, 0.000000000000000000, -37.24843158527672671 ) ) ;
#2499 = ORIENTED_EDGE ( 'NONE', *, *, #6538, .T. ) ;
#2500 = VECTOR ( 'NONE', #5686, 1000.000000000000000 ) ;
#2501 = ORIENTED_EDGE ( 'NONE', *, *, #2361, .F. ) ;
#2502 = EDGE_CURVE ( 'NONE', #2382, #7279, #9807, .T. ) ;
#2503 = CYLINDRICAL_SURFACE ( 'NONE', #2957, 24.12500000000000000 ) ;
#2504 = CARTESIAN_POINT ( 'NONE',  ( -42.43524478543740486, 71.00000000000001421, -24.50000000000014921 ) ) ;
#2505 = FACE_OUTER_BOUND ( 'NONE', #4885, .T. ) ;
#2506 = ORIENTED_EDGE ( 'NONE', *, *, #9334, .F. ) ;
#2507 = FACE_OUTER_BOUND ( 'NONE', #2441, .T. ) ;
#2508 = VERTEX_POINT ( 'NONE', #3456 ) ;
#2509 = EDGE_CURVE ( 'NONE', #7112, #2795, #1874, .T. ) ;
#2510 = FACE_OUTER_BOUND ( 'NONE', #8199, .T. ) ;
#2511 = ADVANCED_FACE ( 'NONE', ( #5770 ), #3503, .T. ) ;
#2512 = DIRECTION ( 'NONE',  ( -0.7113902607956420487, 0.000000000000000000, 0.7027971946764646205 ) ) ;
#2513 = ADVANCED_FACE ( 'NONE', ( #8135 ), #8181, .F. ) ;
#2514 = EDGE_CURVE ( 'NONE', #5771, #8521, #755, .T. ) ;
#2515 = DIRECTION ( 'NONE',  ( 0.000000000000000000, 0.000000000000000000, 1.000000000000000000 ) ) ;
#2516 = ORIENTED_EDGE ( 'NONE', *, *, #6575, .T. ) ;
#2517 = LINE ( 'NONE', #7129, #3308 ) ;
#2518 = VECTOR ( 'NONE', #718, 999.9999999999998863 ) ;
#2519 = CARTESIAN_POINT ( 'NONE',  ( -4.318562348436996601, 71.00000000000001421, 29.38434990335267827 ) ) ;
#2520 = CARTESIAN_POINT ( 'NONE',  ( -18.65508692645726896, 61.00000000000000711, -18.42974732841616259 ) ) ;
#2521 = DIRECTION ( 'NONE',  ( 0.000000000000000000, 0.000000000000000000, 1.000000000000000000 ) ) ;
#2522 = CARTESIAN_POINT ( 'NONE',  ( 44.49968682327401837, 70.83262911084999303, 15.12672685068839229 ) ) ;
#2523 = ORIENTED_EDGE ( 'NONE', *, *, #3752, .T. ) ;
#2524 = DIRECTION ( 'NONE',  ( 1.000000000000000000, -2.312964634635743450E-16, 0.000000000000000000 ) ) ;
#2525 = DIRECTION ( 'NONE',  ( -1.000000000000000000, 0.000000000000000000, -0.000000000000000000 ) ) ;
#2526 = EDGE_LOOP ( 'NONE', ( #2506, #5513, #7142, #3405 ) ) ;
#2527 = DIRECTION ( 'NONE',  ( -0.7027971946764645095, 0.000000000000000000, -0.7113902607956420487 ) ) ;
#2528 = CARTESIAN_POINT ( 'NONE',  ( -29.12645237521087438, 53.50000000000000711, -30.94995592944474438 ) ) ;
#2529 = ORIENTED_EDGE ( 'NONE', *, *, #1762, .F. ) ;
#2530 = CARTESIAN_POINT ( 'NONE',  ( -1.209568566442604576, 61.00000000000000711, -1.209568566442599691 ) ) ;
#2531 = CARTESIAN_POINT ( 'NONE',  ( 44.36895025132808001, 61.00000000000000711, 15.50471714012145874 ) ) ;
#2532 = CLOSED_SHELL ( 'NONE', ( #997, #3544, #4363, #6197, #2437, #2671 ) ) ;
#2533 = ORIENTED_EDGE ( 'NONE', *, *, #6307, .F. ) ;
#2534 = FACE_OUTER_BOUND ( 'NONE', #5351, .T. ) ;
#2535 = CARTESIAN_POINT ( 'NONE',  ( 13.74999999999999822, 30.50000000000000000, -6.299999999999999822 ) ) ;
#2536 = EDGE_CURVE ( 'NONE', #6720, #3037, #8282, .T. ) ;
#2537 = ORIENTED_EDGE ( 'NONE', *, *, #5132, .F. ) ;
#2538 = CARTESIAN_POINT ( 'NONE',  ( 29.41128822328173342, 70.49999999999998579, 19.41535585328193037 ) ) ;
#2539 = ORIENTED_EDGE ( 'NONE', *, *, #5074, .F. ) ;
#2540 = VECTOR ( 'NONE', #7812, 1000.000000000000000 ) ;
#2541 = CARTESIAN_POINT ( 'NONE',  ( 32.99228640346490238, 71.00000000000001421, 30.57314927057892717 ) ) ;
#2542 = CARTESIAN_POINT ( 'NONE',  ( 12.49999999999999112, 0.000000000000000000, -1.309305502066174062E-13 ) ) ;
#2543 = ORIENTED_EDGE ( 'NONE', *, *, #4410, .T. ) ;
#2544 = CARTESIAN_POINT ( 'NONE',  ( 24.24999999999999645, 0.000000000000000000, 19.51666049839546346 ) ) ;
#2545 = FACE_OUTER_BOUND ( 'NONE', #485, .T. ) ;
#2546 = AXIS2_PLACEMENT_3D ( 'NONE', #1279, #2195, #1383 ) ;
#2547 = ORIENTED_EDGE ( 'NONE', *, *, #7770, .T. ) ;
#2548 = DIRECTION ( 'NONE',  ( -0.7085432981232649974, 0.5749972691930578250, 0.4090776639039734874 ) ) ;
#2549 = ORIENTED_EDGE ( 'NONE', *, *, #7324, .T. ) ;
#2550 = EDGE_LOOP ( 'NONE', ( #3717, #2725, #374, #4772 ) ) ;
#2551 = CARTESIAN_POINT ( 'NONE',  ( 12.72790463916273751, 52.65204660686487159, 42.51928242929747626 ) ) ;
#2552 = CARTESIAN_POINT ( 'NONE',  ( 0.000000000000000000, 0.000000000000000000, 0.000000000000000000 ) ) ;
#2553 = VECTOR ( 'NONE', #2301, 1000.000000000000114 ) ;
#2554 = CARTESIAN_POINT ( 'NONE',  ( 0.000000000000000000, 71.00000000000001421, 0.000000000000000000 ) ) ;
#2555 = DIRECTION ( 'NONE',  ( 0.000000000000000000, 0.000000000000000000, 1.000000000000000000 ) ) ;
#2556 = EDGE_LOOP ( 'NONE', ( #6623, #5457, #2181, #9854 ) ) ;
#2557 = EDGE_CURVE ( 'NONE', #6078, #328, #6488, .T. ) ;
#2558 = AXIS2_PLACEMENT_3D ( 'NONE', #8089, #3595, #283 ) ;
#2559 = ORIENTED_EDGE ( 'NONE', *, *, #6388, .T. ) ;
#2560 = EDGE_CURVE ( 'NONE', #5313, #5653, #5657, .T. ) ;
#2561 = CARTESIAN_POINT ( 'NONE',  ( -32.31394446327406911, 70.50000000000000000, 18.65646453445010167 ) ) ;
#2562 = ORIENTED_EDGE ( 'NONE', *, *, #6368, .T. ) ;
#2563 = DIRECTION ( 'NONE',  ( 0.000000000000000000, 1.000000000000000000, 0.000000000000000000 ) ) ;
#2564 = VERTEX_POINT ( 'NONE', #4619 ) ;
#2565 = FACE_OUTER_BOUND ( 'NONE', #1272, .T. ) ;
#2566 = CARTESIAN_POINT ( 'NONE',  ( 78.04429881564595917, 0.000000000000000000, -17.49999999999999289 ) ) ;
#2567 = VECTOR ( 'NONE', #3923, 1000.000000000000227 ) ;
#2568 = VERTEX_POINT ( 'NONE', #8481 ) ;
#2569 = CARTESIAN_POINT ( 'NONE',  ( 9.313731387466697598, 53.50000000000000711, -29.77741438812508079 ) ) ;
#2570 = CIRCLE ( 'NONE', #5014, 47.00000000000001421 ) ;
#2571 = ORIENTED_EDGE ( 'NONE', *, *, #4690, .T. ) ;
#2572 = EDGE_CURVE ( 'NONE', #8123, #9153, #9102, .T. ) ;
#2573 = EDGE_CURVE ( 'NONE', #4081, #7115, #1248, .T. ) ;
#2574 = CARTESIAN_POINT ( 'NONE',  ( -22.99516433957263217, 71.00000000000001421, -20.57602720668720053 ) ) ;
#2575 = CARTESIAN_POINT ( 'NONE',  ( 6.250000000000228262, 0.000000000000000000, 65.07214940782296253 ) ) ;
#2576 = EDGE_CURVE ( 'NONE', #445, #8807, #5493, .T. ) ;
#2577 = CARTESIAN_POINT ( 'NONE',  ( 8.756996203826419745, 70.50000000000000000, 46.17699662695888208 ) ) ;
#2578 = LINE ( 'NONE', #9641, #3510 ) ;
#2579 = ORIENTED_EDGE ( 'NONE', *, *, #9707, .T. ) ;
#2580 = FACE_OUTER_BOUND ( 'NONE', #9700, .T. ) ;
#2581 = AXIS2_PLACEMENT_3D ( 'NONE', #7574, #9915, #2997 ) ;
#2582 = CARTESIAN_POINT ( 'NONE',  ( 2.097207643539842173E-15, 56.00000000000000711, 17.12500000000000000 ) ) ;
#2583 = ORIENTED_EDGE ( 'NONE', *, *, #333, .T. ) ;
#2584 = LINE ( 'NONE', #4163, #1847 ) ;
#2585 = DIRECTION ( 'NONE',  ( 0.9659258262890674240, 0.000000000000000000, -0.2588190451025235705 ) ) ;
#2586 = EDGE_LOOP ( 'NONE', ( #7918, #8871, #986, #9613, #8474, #947 ) ) ;
#2587 = VECTOR ( 'NONE', #5437, 1000.000000000000000 ) ;
#2588 = DIRECTION ( 'NONE',  ( 0.000000000000000000, 1.000000000000000000, 0.000000000000000000 ) ) ;
#2589 = DIRECTION ( 'NONE',  ( 0.000000000000000000, -0.9386109303896084111, 0.3449775664491150362 ) ) ;
#2590 = DIRECTION ( 'NONE',  ( 0.000000000000000000, 0.000000000000000000, -1.000000000000000000 ) ) ;
#2591 = DIRECTION ( 'NONE',  ( 1.000000000000000000, 0.000000000000000000, 0.000000000000000000 ) ) ;
#2592 = ORIENTED_EDGE ( 'NONE', *, *, #9939, .T. ) ;
#2593 = FACE_OUTER_BOUND ( 'NONE', #4064, .T. ) ;
#2594 = EDGE_LOOP ( 'NONE', ( #3828, #261, #2876, #2610 ) ) ;
#2595 = FACE_OUTER_BOUND ( 'NONE', #4402, .T. ) ;
#2596 = EDGE_CURVE ( 'NONE', #3910, #8920, #2885, .T. ) ;
#2597 = DIRECTION ( 'NONE',  ( 0.9659258262890690894, 0.000000000000000000, -0.2588190451025180194 ) ) ;
#2598 = CARTESIAN_POINT ( 'NONE',  ( -42.52539360850408201, 21.55044669933032608, -13.00000000000000355 ) ) ;
#2599 = DIRECTION ( 'NONE',  ( 0.000000000000000000, -1.000000000000000000, 0.000000000000000000 ) ) ;
#2600 = VERTEX_POINT ( 'NONE', #9288 ) ;
#2601 = FACE_OUTER_BOUND ( 'NONE', #9826, .T. ) ;
#2602 = VERTEX_POINT ( 'NONE', #3854 ) ;
#2603 = EDGE_LOOP ( 'NONE', ( #4635, #9229, #10119 ) ) ;
#2604 = LINE ( 'NONE', #8862, #6723 ) ;
#2605 = CARTESIAN_POINT ( 'NONE',  ( -9.313731387466694045, 53.50000000000000711, 29.77741438812508079 ) ) ;
#2606 = CARTESIAN_POINT ( 'NONE',  ( 35.21754140102296304, 71.00000000000001421, -31.12434381103053127 ) ) ;
#2607 = ORIENTED_EDGE ( 'NONE', *, *, #7946, .T. ) ;
#2608 = EDGE_LOOP ( 'NONE', ( #2102, #2355, #7669, #5659 ) ) ;
#2609 = ADVANCED_FACE ( 'NONE', ( #2214 ), #5335, .T. ) ;
#2610 = ORIENTED_EDGE ( 'NONE', *, *, #10140, .T. ) ;
#2611 = CARTESIAN_POINT ( 'NONE',  ( -1.502314598737159307E-14, 121.0000000000001563, -8.673617379884029161E-15 ) ) ;
#2612 = EDGE_LOOP ( 'NONE', ( #870, #84, #6606, #549, #5456, #4024, #8377 ) ) ;
#2613 = DIRECTION ( 'NONE',  ( -0.000000000000000000, 1.000000000000000000, -0.000000000000000000 ) ) ;
#2614 = PLANE ( 'NONE',  #3604 ) ;
#2615 = VECTOR ( 'NONE', #3878, 1000.000000000000000 ) ;
#2616 = EDGE_LOOP ( 'NONE', ( #506, #8838 ) ) ;
#2617 = CARTESIAN_POINT ( 'NONE',  ( 42.43524478543762513, 71.00000000000001421, -24.49999999999974776 ) ) ;
#2618 = ADVANCED_FACE ( 'NONE', ( #8430 ), #9143, .F. ) ;
#2619 = ORIENTED_EDGE ( 'NONE', *, *, #238, .F. ) ;
#2620 = VECTOR ( 'NONE', #2661, 1000.000000000000114 ) ;
#2621 = DIRECTION ( 'NONE',  ( -0.2588190451025180749, 0.000000000000000000, 0.9659258262890690894 ) ) ;
#2622 = ADVANCED_FACE ( 'NONE', ( #2169 ), #628, .T. ) ;
#2623 = CARTESIAN_POINT ( 'NONE',  ( -29.91013718854048165, 53.24713017205801435, -31.73364074277435520 ) ) ;
#2624 = CIRCLE ( 'NONE', #10142, 47.00000000000000711 ) ;
#2625 = AXIS2_PLACEMENT_3D ( 'NONE', #19, #3911, #8438 ) ;
#2626 = CARTESIAN_POINT ( 'NONE',  ( 3.509433644628745519, 70.50000000000002842, 29.49192898902932214 ) ) ;
#2627 = ORIENTED_EDGE ( 'NONE', *, *, #373, .F. ) ;
#2628 = FACE_BOUND ( 'NONE', #6630, .T. ) ;
#2629 = EDGE_CURVE ( 'NONE', #5298, #3765, #10053, .T. ) ;
#2630 = EDGE_LOOP ( 'NONE', ( #4028, #9459, #298, #9789 ) ) ;
#2631 = CARTESIAN_POINT ( 'NONE',  ( 78.04429881564595917, 4.000000000000003553, -12.49999999999993250 ) ) ;
#2632 = EDGE_CURVE ( 'NONE', #9039, #5607, #8134, .T. ) ;
#2633 = CARTESIAN_POINT ( 'NONE',  ( -21.13113162539921674, 71.00000000000001421, 22.95463517963319333 ) ) ;
#2634 = VECTOR ( 'NONE', #8655, 1000.000000000000000 ) ;
#2635 = VERTEX_POINT ( 'NONE', #3747 ) ;
#2636 = AXIS2_PLACEMENT_3D ( 'NONE', #7766, #2168, #7034 ) ;
#2637 = CARTESIAN_POINT ( 'NONE',  ( 31.51983550409787682, 61.00000000000000711, -15.76324483274717636 ) ) ;
#2638 = PLANE ( 'NONE',  #7060 ) ;
#2639 = VECTOR ( 'NONE', #6548, 1000.000000000000227 ) ;
#2640 = AXIS2_PLACEMENT_3D ( 'NONE', #7935, #6594, #6494 ) ;
#2641 = LINE ( 'NONE', #3637, #1835 ) ;
#2642 = CARTESIAN_POINT ( 'NONE',  ( -66.52214940782297958, 0.000000000000000000, 7.699999999999994849 ) ) ;
#2643 = DIRECTION ( 'NONE',  ( 1.224646799147354193E-16, 0.000000000000000000, -1.000000000000000000 ) ) ;
#2644 = ORIENTED_EDGE ( 'NONE', *, *, #8086, .F. ) ;
#2645 = FACE_OUTER_BOUND ( 'NONE', #9522, .T. ) ;
#2646 = ORIENTED_EDGE ( 'NONE', *, *, #7694, .T. ) ;
#2647 = DIRECTION ( 'NONE',  ( -0.2646834405156194281, 0.000000000000000000, 0.9643353546960800049 ) ) ;
#2648 = CARTESIAN_POINT ( 'NONE',  ( -30.44486301286591967, 53.50000000000000711, 6.822779208491905223 ) ) ;
#2649 = AXIS2_PLACEMENT_3D ( 'NONE', #5674, #3987, #3166 ) ;
#2650 = CARTESIAN_POINT ( 'NONE',  ( -66.52214940782297958, -1.000000000000000000, 4.799999999999997158 ) ) ;
#2651 = CARTESIAN_POINT ( 'NONE',  ( -47.63139720814402267, 65.99999999999998579, -27.50000000000016342 ) ) ;
#2652 = VECTOR ( 'NONE', #8401, 1000.000000000000000 ) ;
#2653 = ORIENTED_EDGE ( 'NONE', *, *, #4632, .T. ) ;
#2654 =( BOUNDED_CURVE ( )  B_SPLINE_CURVE ( 3, ( #1351, #6263, #570, #6055 ),
 .UNSPECIFIED., .F., .F. ) 
 B_SPLINE_CURVE_WITH_KNOTS ( ( 4, 4 ),
 ( 5.610150355514117670, 5.637634353679365162 ),
 .UNSPECIFIED. ) 
 CURVE ( )  GEOMETRIC_REPRESENTATION_ITEM ( )  RATIONAL_B_SPLINE_CURVE ( ( 1.000000000000000000, 0.9999370534776620412, 0.9999370534776620412, 1.000000000000000000 ) ) 
 REPRESENTATION_ITEM ( '' )  );
#2655 = DIRECTION ( 'NONE',  ( 0.000000000000000000, 0.000000000000000000, 1.000000000000000000 ) ) ;
#2656 = ORIENTED_EDGE ( 'NONE', *, *, #3586, .F. ) ;
#2657 = EDGE_LOOP ( 'NONE', ( #2996, #8511, #8088 ) ) ;
#2658 = FACE_OUTER_BOUND ( 'NONE', #3724, .T. ) ;
#2659 = DIRECTION ( 'NONE',  ( 0.000000000000000000, 1.000000000000000000, -0.000000000000000000 ) ) ;
#2660 = VECTOR ( 'NONE', #701, 1000.000000000000000 ) ;
#2661 = DIRECTION ( 'NONE',  ( 0.9659258262890645375, 0.000000000000000000, -0.2588190451025347283 ) ) ;
#2662 = DIRECTION ( 'NONE',  ( -0.7027971946764646205, 0.000000000000000000, 0.7113902607956419377 ) ) ;
#2663 = ORIENTED_EDGE ( 'NONE', *, *, #3568, .T. ) ;
#2664 = VERTEX_POINT ( 'NONE', #7767 ) ;
#2665 = VECTOR ( 'NONE', #7251, 1000.000000000000000 ) ;
#2666 = ORIENTED_EDGE ( 'NONE', *, *, #1447, .T. ) ;
#2667 = CARTESIAN_POINT ( 'NONE',  ( 54.91164235560322737, 8.577640928177567403, -3.134822598003529137 ) ) ;
#2668 = ORIENTED_EDGE ( 'NONE', *, *, #9312, .F. ) ;
#2669 = CARTESIAN_POINT ( 'NONE',  ( -34.25000000000000000, 23.30000000000000071, 6.300000000000001599 ) ) ;
#2670 = DIRECTION ( 'NONE',  ( -0.000000000000000000, 1.000000000000000000, -0.000000000000000000 ) ) ;
#2671 = ADVANCED_FACE ( 'NONE', ( #7563 ), #3649, .F. ) ;
#2672 = EDGE_LOOP ( 'NONE', ( #7602, #3868, #4563, #38 ) ) ;
#2673 = DIRECTION ( 'NONE',  ( -0.7071067811865417996, 0.000000000000000000, 0.7071067811865532349 ) ) ;
#2674 = EDGE_CURVE ( 'NONE', #8717, #3156, #3033, .T. ) ;
#2675 = ORIENTED_EDGE ( 'NONE', *, *, #6188, .T. ) ;
#2676 = LINE ( 'NONE', #1237, #764 ) ;
#2677 = CARTESIAN_POINT ( 'NONE',  ( 17.49999999999922551, 4.000000000000003553, -73.04429881564614391 ) ) ;
#2678 = EDGE_LOOP ( 'NONE', ( #3939, #7165, #367, #3735, #8679 ) ) ;
#2679 = LINE ( 'NONE', #6620, #5902 ) ;
#2680 = VECTOR ( 'NONE', #1288, 1000.000000000000000 ) ;
#2681 = ORIENTED_EDGE ( 'NONE', *, *, #5817, .T. ) ;
#2682 = CARTESIAN_POINT ( 'NONE',  ( 18.65508692645726185, 70.50000000000000000, -18.42974732841615193 ) ) ;
#2683 = ORIENTED_EDGE ( 'NONE', *, *, #1880, .T. ) ;
#2684 = EDGE_CURVE ( 'NONE', #4495, #7530, #10078, .T. ) ;
#2685 = DIRECTION ( 'NONE',  ( 0.000000000000000000, 0.000000000000000000, 1.000000000000000000 ) ) ;
#2686 = LINE ( 'NONE', #9901, #2400 ) ;
#2687 = DIRECTION ( 'NONE',  ( -0.000000000000000000, 1.000000000000000000, 0.000000000000000000 ) ) ;
#2688 = DIRECTION ( 'NONE',  ( 0.000000000000000000, 0.000000000000000000, 1.000000000000000000 ) ) ;
#2689 = FACE_BOUND ( 'NONE', #2377, .T. ) ;
#2690 = ORIENTED_EDGE ( 'NONE', *, *, #2007, .F. ) ;
#2691 = DIRECTION ( 'NONE',  ( 0.000000000000000000, 0.000000000000000000, 1.000000000000000000 ) ) ;
#2692 = VERTEX_POINT ( 'NONE', #1355 ) ;
#2693 = LINE ( 'NONE', #7156, #3627 ) ;
#2694 = CARTESIAN_POINT ( 'NONE',  ( -0.3337243123704493053, 53.50000000000000711, -1.245476089487487226 ) ) ;
#2695 = CYLINDRICAL_SURFACE ( 'NONE', #9324, 1.449999999999999067 ) ;
#2696 = CARTESIAN_POINT ( 'NONE',  ( -46.75000000000000000, 30.50000000000000000, -13.00000000000000000 ) ) ;
#2697 = EDGE_CURVE ( 'NONE', #3216, #8106, #7799, .T. ) ;
#2698 = EDGE_CURVE ( 'NONE', #7115, #7939, #6834, .T. ) ;
#2699 = ADVANCED_FACE ( 'NONE', ( #8534 ), #1506, .F. ) ;
#2700 = EDGE_CURVE ( 'NONE', #9158, #8322, #7036, .T. ) ;
#2701 = ORIENTED_EDGE ( 'NONE', *, *, #4063, .F. ) ;
#2702 = VECTOR ( 'NONE', #6732, 1000.000000000000000 ) ;
#2703 = DIRECTION ( 'NONE',  ( -0.000000000000000000, 1.000000000000000000, -0.000000000000000000 ) ) ;
#2704 = ORIENTED_EDGE ( 'NONE', *, *, #1384, .F. ) ;
#2705 = ORIENTED_EDGE ( 'NONE', *, *, #8799, .T. ) ;
#2706 = CARTESIAN_POINT ( 'NONE',  ( 11.25000000000000000, 0.000000000000000000, -13.00000000000000000 ) ) ;
#2707 = FACE_OUTER_BOUND ( 'NONE', #5131, .T. ) ;
#2708 = DIRECTION ( 'NONE',  ( 0.000000000000000000, 1.000000000000000000, 0.000000000000000000 ) ) ;
#2709 = ORIENTED_EDGE ( 'NONE', *, *, #8466, .T. ) ;
#2710 = DIRECTION ( 'NONE',  ( -0.000000000000000000, -1.000000000000000000, -0.000000000000000000 ) ) ;
#2711 = ORIENTED_EDGE ( 'NONE', *, *, #8501, .T. ) ;
#2712 = CARTESIAN_POINT ( 'NONE',  ( 42.43524478543762513, 26.00000000000001066, -24.49999999999974420 ) ) ;
#2713 = ORIENTED_EDGE ( 'NONE', *, *, #8832, .F. ) ;
#2714 = AXIS2_PLACEMENT_3D ( 'NONE', #8663, #7173, #865 ) ;
#2715 = DIRECTION ( 'NONE',  ( 0.2646834405156395231, 0.000000000000000000, 0.9643353546960745648 ) ) ;
#2716 = CARTESIAN_POINT ( 'NONE',  ( 54.64373248598598565, 13.59202540159309613, -6.250000000000001776 ) ) ;
#2717 = VECTOR ( 'NONE', #7534, 1000.000000000000000 ) ;
#2718 = VERTEX_POINT ( 'NONE', #6421 ) ;
#2719 = FACE_OUTER_BOUND ( 'NONE', #8498, .T. ) ;
#2720 = VERTEX_POINT ( 'NONE', #4664 ) ;
#2721 = DIRECTION ( 'NONE',  ( -0.2646834405156395786, 0.000000000000000000, -0.9643353546960745648 ) ) ;
#2722 = EDGE_CURVE ( 'NONE', #46, #7576, #2409, .T. ) ;
#2723 = VECTOR ( 'NONE', #2190, 1000.000000000000000 ) ;
#2724 = DIRECTION ( 'NONE',  ( 0.000000000000000000, 1.000000000000000000, 0.000000000000000000 ) ) ;
#2725 = ORIENTED_EDGE ( 'NONE', *, *, #2348, .T. ) ;
#2726 = SURFACE_STYLE_FILL_AREA ( #2054 ) ;
#2727 = CIRCLE ( 'NONE', #3872, 50.00000000000000000 ) ;
#2728 = ORIENTED_EDGE ( 'NONE', *, *, #364, .T. ) ;
#2729 =( BOUNDED_CURVE ( )  B_SPLINE_CURVE ( 3, ( #2519, #5479, #1797, #3177 ),
 .UNSPECIFIED., .F., .F. ) 
 B_SPLINE_CURVE_WITH_KNOTS ( ( 4, 4 ),
 ( 0.6455509535002186272, 0.6730349516654688946 ),
 .UNSPECIFIED. ) 
 CURVE ( )  GEOMETRIC_REPRESENTATION_ITEM ( )  RATIONAL_B_SPLINE_CURVE ( ( 1.000000000000000000, 0.9999370534776620412, 0.9999370534776620412, 1.000000000000000000 ) ) 
 REPRESENTATION_ITEM ( '' )  );
#2730 = DIRECTION ( 'NONE',  ( -0.000000000000000000, 1.000000000000000000, -0.000000000000000000 ) ) ;
#2731 = VERTEX_POINT ( 'NONE', #3139 ) ;
#2732 = CARTESIAN_POINT ( 'NONE',  ( 0.000000000000000000, 56.00000000000000711, 0.000000000000000000 ) ) ;
#2733 = DIRECTION ( 'NONE',  ( -0.2588190451025180194, 0.000000000000000000, -0.9659258262890690894 ) ) ;
#2734 = EDGE_CURVE ( 'NONE', #8461, #4267, #3341, .T. ) ;
#2735 = AXIS2_PLACEMENT_3D ( 'NONE', #5501, #5654, #1710 ) ;
#2736 = CARTESIAN_POINT ( 'NONE',  ( 25.28817283496535495, 61.00000000000000711, -6.940905523911115260 ) ) ;
#2737 = CARTESIAN_POINT ( 'NONE',  ( 0.000000000000000000, 53.50000000000000711, 0.000000000000000000 ) ) ;
#2738 = EDGE_CURVE ( 'NONE', #7366, #4081, #4695, .T. ) ;
#2739 = DIRECTION ( 'NONE',  ( -0.000000000000000000, 1.000000000000000000, 0.000000000000000000 ) ) ;
#2740 = ORIENTED_EDGE ( 'NONE', *, *, #4106, .F. ) ;
#2741 = CARTESIAN_POINT ( 'NONE',  ( 6.471738182438357967, 70.50000000000000000, 30.76206126766261306 ) ) ;
#2742 = CARTESIAN_POINT ( 'NONE',  ( -6.471738182438349973, 70.50000000000000000, 30.76206126766260951 ) ) ;
#2743 = VECTOR ( 'NONE', #6159, 1000.000000000000114 ) ;
#2744 = EDGE_CURVE ( 'NONE', #5057, #1166, #5592, .T. ) ;
#2745 = VECTOR ( 'NONE', #1044, 1000.000000000000000 ) ;
#2746 = ADVANCED_FACE ( 'NONE', ( #1650 ), #61, .T. ) ;
#2747 = PLANE ( 'NONE',  #8850 ) ;
#2748 = CARTESIAN_POINT ( 'NONE',  ( -17.50000000000081002, 0.000000000000000000, -78.04429881564578864 ) ) ;
#2749 = ADVANCED_FACE ( 'NONE', ( #2321 ), #6831, .F. ) ;
#2750 = EDGE_LOOP ( 'NONE', ( #5732, #2701, #8759, #1422 ) ) ;
#2751 = CARTESIAN_POINT ( 'NONE',  ( -27.29547653342043034, 61.00000000000000711, 11.70670580537048622 ) ) ;
#2752 = VERTEX_POINT ( 'NONE', #935 ) ;
#2753 = ORIENTED_EDGE ( 'NONE', *, *, #2066, .T. ) ;
#2754 = DIRECTION ( 'NONE',  ( 0.000000000000000000, -1.000000000000000000, 0.000000000000000000 ) ) ;
#2755 = DIRECTION ( 'NONE',  ( 0.2646834405156394676, 0.000000000000000000, 0.9643353546960745648 ) ) ;
#2756 = EDGE_CURVE ( 'NONE', #8421, #4172, #7862, .T. ) ;
#2757 = CARTESIAN_POINT ( 'NONE',  ( 12.66788163201169404, 52.88380706174486079, -42.29527351698671822 ) ) ;
#2758 = CARTESIAN_POINT ( 'NONE',  ( -17.50000000000075673, 44.31128874149307961, -73.04429881564577443 ) ) ;
#2759 = ORIENTED_EDGE ( 'NONE', *, *, #3495, .T. ) ;
#2760 = EDGE_CURVE ( 'NONE', #1179, #9415, #5644, .T. ) ;
#2761 = CARTESIAN_POINT ( 'NONE',  ( 29.87659562178842521, 70.50000000000000000, 9.776340961197682589 ) ) ;
#2762 = CARTESIAN_POINT ( 'NONE',  ( 44.60776493419045607, 16.01441548690958783, -5.930623155329194596 ) ) ;
#2763 = APPLICATION_PROTOCOL_DEFINITION ( 'draft international standard', 'automotive_design', 1998, #3539 ) ;
#2764 = ORIENTED_EDGE ( 'NONE', *, *, #679, .F. ) ;
#2765 = CARTESIAN_POINT ( 'NONE',  ( 0.000000000000000000, 61.00000000000000711, 0.000000000000000000 ) ) ;
#2766 = ORIENTED_EDGE ( 'NONE', *, *, #119, .T. ) ;
#2767 = PLANE ( 'NONE',  #3030 ) ;
#2768 = PLANE ( 'NONE',  #2936 ) ;
#2769 = ORIENTED_EDGE ( 'NONE', *, *, #2744, .T. ) ;
#2770 = DIRECTION ( 'NONE',  ( 0.000000000000000000, 0.000000000000000000, 1.000000000000000000 ) ) ;
#2771 = ORIENTED_EDGE ( 'NONE', *, *, #8771, .F. ) ;
#2772 = DIRECTION ( 'NONE',  ( 0.000000000000000000, 0.9386109303896084111, 0.3449775664491150362 ) ) ;
#2773 = CARTESIAN_POINT ( 'NONE',  ( -31.75000000000000000, 30.49999999999999645, -13.00000000000000000 ) ) ;
#2774 = VERTEX_POINT ( 'NONE', #2417 ) ;
#2775 = VERTEX_POINT ( 'NONE', #831 ) ;
#2776 = CARTESIAN_POINT ( 'NONE',  ( 12.49999999999919176, 0.000000000000000000, -78.04429881564608706 ) ) ;
#2777 = ORIENTED_EDGE ( 'NONE', *, *, #1911, .F. ) ;
#2778 = DIRECTION ( 'NONE',  ( 0.000000000000000000, 0.000000000000000000, 1.000000000000000000 ) ) ;
#2779 = LINE ( 'NONE', #7353, #4511 ) ;
#2780 = AXIS2_PLACEMENT_3D ( 'NONE', #4673, #10014, #737 ) ;
#2781 = CIRCLE ( 'NONE', #1148, 44.99999999999998579 ) ;
#2782 = DIRECTION ( 'NONE',  ( -0.7085432981232766547, 0.5749972691930402835, -0.4090776639039780394 ) ) ;
#2783 = FACE_OUTER_BOUND ( 'NONE', #2056, .T. ) ;
#2784 = FACE_OUTER_BOUND ( 'NONE', #5769, .T. ) ;
#2785 = VERTEX_POINT ( 'NONE', #110 ) ;
#2786 = FACE_OUTER_BOUND ( 'NONE', #3261, .T. ) ;
#2787 = DIRECTION ( 'NONE',  ( -0.9659258262890663138, 0.000000000000000000, 0.2588190451025279004 ) ) ;
#2788 = EDGE_CURVE ( 'NONE', #8947, #293, #3958, .T. ) ;
#2789 = EDGE_CURVE ( 'NONE', #9726, #9002, #883, .T. ) ;
#2790 = VECTOR ( 'NONE', #9626, 1000.000000000000000 ) ;
#2791 = DIRECTION ( 'NONE',  ( -0.000000000000000000, 1.000000000000000000, -0.000000000000000000 ) ) ;
#2792 = LINE ( 'NONE', #5917, #4753 ) ;
#2793 = AXIS2_PLACEMENT_3D ( 'NONE', #8009, #101, #5690 ) ;
#2794 = CIRCLE ( 'NONE', #6888, 44.99999999999998579 ) ;
#2795 = VERTEX_POINT ( 'NONE', #9441 ) ;
#2796 = DIRECTION ( 'NONE',  ( -0.7071067811865512365, 0.000000000000000000, -0.7071067811865439090 ) ) ;
#2797 = ORIENTED_EDGE ( 'NONE', *, *, #4739, .F. ) ;
#2798 = ORIENTED_EDGE ( 'NONE', *, *, #9891, .T. ) ;
#2799 = VECTOR ( 'NONE', #3751, 1000.000000000000114 ) ;
#2800 = CARTESIAN_POINT ( 'NONE',  ( 63.04429881564596627, 31.20788311109079771, -17.49999999999999289 ) ) ;
#2801 = DIRECTION ( 'NONE',  ( 0.000000000000000000, 0.000000000000000000, -1.000000000000000000 ) ) ;
#2802 = AXIS2_PLACEMENT_3D ( 'NONE', #226, #3347, #4825 ) ;
#2803 = CARTESIAN_POINT ( 'NONE',  ( 30.89498821139687834, 71.00000000000001421, 32.71849176563076611 ) ) ;
#2804 = CARTESIAN_POINT ( 'NONE',  ( -12.50000000000078870, 44.31128874149307961, -78.04429881564584548 ) ) ;
#2805 = ADVANCED_FACE ( 'NONE', ( #5535 ), #9549, .F. ) ;
#2806 = ORIENTED_EDGE ( 'NONE', *, *, #9744, .F. ) ;
#2807 = VECTOR ( 'NONE', #5781, 1000.000000000000114 ) ;
#2808 = CARTESIAN_POINT ( 'NONE',  ( 0.000000000000000000, 53.50000000000000711, 24.20000000000000639 ) ) ;
#2809 = CARTESIAN_POINT ( 'NONE',  ( 44.56385867493970920, 14.41349076202442703, 6.250000000000000000 ) ) ;
#2810 = CIRCLE ( 'NONE', #30, 42.49999999999998579 ) ;
#2811 = EDGE_CURVE ( 'NONE', #4962, #5298, #6363, .T. ) ;
#2812 = ORIENTED_EDGE ( 'NONE', *, *, #5217, .T. ) ;
#2813 = EDGE_CURVE ( 'NONE', #8259, #7447, #9492, .T. ) ;
#2814 = LINE ( 'NONE', #1277, #475 ) ;
#2815 = ORIENTED_EDGE ( 'NONE', *, *, #1126, .F. ) ;
#2816 = AXIS2_PLACEMENT_3D ( 'NONE', #3343, #5646, #8018 ) ;
#2817 = CARTESIAN_POINT ( 'NONE',  ( 78.04429881564595917, 0.000000000000000000, -17.49999999999999289 ) ) ;
#2818 = CARTESIAN_POINT ( 'NONE',  ( 43.70557265773323508, 51.64684645029009857, 10.37597564889772528 ) ) ;
#2819 = ORIENTED_EDGE ( 'NONE', *, *, #2313, .T. ) ;
#2820 = LINE ( 'NONE', #5942, #4733 ) ;
#2821 = FACE_OUTER_BOUND ( 'NONE', #10065, .T. ) ;
#2822 = ORIENTED_EDGE ( 'NONE', *, *, #3010, .F. ) ;
#2823 = VECTOR ( 'NONE', #3238, 1000.000000000000000 ) ;
#2824 = DIRECTION ( 'NONE',  ( -0.9643353546960800049, 0.000000000000000000, -0.2646834405156195391 ) ) ;
#2825 = ADVANCED_FACE ( 'NONE', ( #1702 ), #7187, .F. ) ;
#2826 = EDGE_CURVE ( 'NONE', #5562, #5355, #5696, .T. ) ;
#2827 = ADVANCED_FACE ( 'NONE', ( #8833 ), #1808, .F. ) ;
#2828 = EDGE_CURVE ( 'NONE', #5039, #8858, #4161, .T. ) ;
#2829 = CARTESIAN_POINT ( 'NONE',  ( 66.52214940782297958, -1.000000000000000000, 6.249999999999996447 ) ) ;
#2830 = ORIENTED_EDGE ( 'NONE', *, *, #5701, .T. ) ;
#2831 = FACE_OUTER_BOUND ( 'NONE', #4636, .T. ) ;
#2832 = VERTEX_POINT ( 'NONE', #2582 ) ;
#2833 = DIRECTION ( 'NONE',  ( -0.000000000000000000, 1.000000000000000000, -0.000000000000000000 ) ) ;
#2834 = ORIENTED_EDGE ( 'NONE', *, *, #3176, .T. ) ;
#2835 = DIRECTION ( 'NONE',  ( -1.000000000000000000, -0.000000000000000000, -0.000000000000000000 ) ) ;
#2836 = DIRECTION ( 'NONE',  ( 0.000000000000000000, 1.000000000000000000, -0.000000000000000000 ) ) ;
#2837 = CARTESIAN_POINT ( 'NONE',  ( 0.000000000000000000, 26.00000000000001066, 0.000000000000000000 ) ) ;
#2838 = DIRECTION ( 'NONE',  ( 0.000000000000000000, 0.000000000000000000, 1.000000000000000000 ) ) ;
#2839 = CARTESIAN_POINT ( 'NONE',  ( 0.000000000000000000, 31.20788311109079416, 0.000000000000000000 ) ) ;
#2840 = ORIENTED_EDGE ( 'NONE', *, *, #1948, .T. ) ;
#2841 = CARTESIAN_POINT ( 'NONE',  ( 22.87733444822528028, 71.00000000000001421, 6.279196922621528287 ) ) ;
#2842 = CARTESIAN_POINT ( 'NONE',  ( 0.000000000000000000, 61.00000000000000711, 0.000000000000000000 ) ) ;
#2843 = FACE_OUTER_BOUND ( 'NONE', #9328, .T. ) ;
#2844 = FACE_OUTER_BOUND ( 'NONE', #1726, .T. ) ;
#2845 = ADVANCED_FACE ( 'NONE', ( #1309 ), #4476, .F. ) ;
#2846 = EDGE_LOOP ( 'NONE', ( #3220, #6726, #540, #1281 ) ) ;
#2847 = CARTESIAN_POINT ( 'NONE',  ( 0.000000000000000000, 71.00000000000001421, 26.70000000000000639 ) ) ;
#2848 = ORIENTED_EDGE ( 'NONE', *, *, #9699, .F. ) ;
#2849 = ORIENTED_EDGE ( 'NONE', *, *, #5301, .F. ) ;
#2850 = DIRECTION ( 'NONE',  ( -0.000000000000000000, 1.000000000000000000, -0.000000000000000000 ) ) ;
#2851 = FACE_OUTER_BOUND ( 'NONE', #3831, .T. ) ;
#2852 = CARTESIAN_POINT ( 'NONE',  ( -63.04429881564596627, 31.20788311109079771, 12.49999999999999112 ) ) ;
#2853 = ORIENTED_EDGE ( 'NONE', *, *, #2380, .F. ) ;
#2854 = LINE ( 'NONE', #3619, #4241 ) ;
#2855 = DIRECTION ( 'NONE',  ( 0.9674806351920947067, 0.000000000000000000, -0.2529450939004371235 ) ) ;
#2856 = VERTEX_POINT ( 'NONE', #3709 ) ;
#2857 = DIRECTION ( 'NONE',  ( -0.000000000000000000, 1.000000000000000000, 0.000000000000000000 ) ) ;
#2858 = ORIENTED_EDGE ( 'NONE', *, *, #6321, .F. ) ;
#2859 = LINE ( 'NONE', #6858, #5649 ) ;
#2860 = FACE_OUTER_BOUND ( 'NONE', #3353, .T. ) ;
#2861 = EDGE_CURVE ( 'NONE', #1567, #4776, #2896, .T. ) ;
#2862 = ORIENTED_EDGE ( 'NONE', *, *, #1504, .F. ) ;
#2863 = LINE ( 'NONE', #5168, #7872 ) ;
#2864 = DIRECTION ( 'NONE',  ( 0.000000000000000000, 1.000000000000000000, 0.000000000000000000 ) ) ;
#2865 = EDGE_CURVE ( 'NONE', #7269, #832, #4576, .T. ) ;
#2866 = ORIENTED_EDGE ( 'NONE', *, *, #7949, .T. ) ;
#2867 = ADVANCED_FACE ( 'NONE', ( #1519 ), #7780, .F. ) ;
#2868 = DIRECTION ( 'NONE',  ( -3.613448206729806209E-15, -0.9386109303896084111, -0.3449775664491150362 ) ) ;
#2869 = PLANE ( 'NONE',  #8532 ) ;
#2870 = AXIS2_PLACEMENT_3D ( 'NONE', #7358, #8946, #1255 ) ;
#2871 = DIRECTION ( 'NONE',  ( 0.000000000000000000, 1.000000000000000000, 0.000000000000000000 ) ) ;
#2872 = ORIENTED_EDGE ( 'NONE', *, *, #4497, .F. ) ;
#2873 = LINE ( 'NONE', #9131, #1659 ) ;
#2874 = ORIENTED_EDGE ( 'NONE', *, *, #6372, .F. ) ;
#2875 = LINE ( 'NONE', #5802, #7416 ) ;
#2876 = ORIENTED_EDGE ( 'NONE', *, *, #2828, .F. ) ;
#2877 = EDGE_CURVE ( 'NONE', #4891, #2635, #3865, .T. ) ;
#2878 = VECTOR ( 'NONE', #5026, 999.9999999999998863 ) ;
#2879 = ADVANCED_FACE ( 'NONE', ( #7000 ), #7673, .T. ) ;
#2880 = AXIS2_PLACEMENT_3D ( 'NONE', #2067, #8385, #10105 ) ;
#2881 = LINE ( 'NONE', #2316, #1109 ) ;
#2882 = FACE_OUTER_BOUND ( 'NONE', #1476, .T. ) ;
#2883 = DIRECTION ( 'NONE',  ( 0.000000000000000000, 1.000000000000000000, -0.000000000000000000 ) ) ;
#2884 = FACE_BOUND ( 'NONE', #5275, .T. ) ;
#2885 = LINE ( 'NONE', #6939, #6807 ) ;
#2886 = ORIENTED_EDGE ( 'NONE', *, *, #7893, .F. ) ;
#2887 = CARTESIAN_POINT ( 'NONE',  ( -42.43524478543762513, 26.00000000000001066, 24.49999999999974420 ) ) ;
#2888 = CARTESIAN_POINT ( 'NONE',  ( 12.49999999999942801, 31.20788311109079771, -53.56071321407150521 ) ) ;
#2889 = VECTOR ( 'NONE', #7739, 1000.000000000000000 ) ;
#2890 = VERTEX_POINT ( 'NONE', #1364 ) ;
#2891 = CIRCLE ( 'NONE', #1584, 45.00000000000000711 ) ;
#2892 = FACE_OUTER_BOUND ( 'NONE', #8934, .T. ) ;
#2893 = DIRECTION ( 'NONE',  ( -1.000000000000000000, 2.312964634635742957E-16, -0.000000000000000000 ) ) ;
#2894 = VECTOR ( 'NONE', #8085, 1000.000000000000227 ) ;
#2895 = ORIENTED_EDGE ( 'NONE', *, *, #1689, .T. ) ;
#2896 = LINE ( 'NONE', #5968, #2903 ) ;
#2897 = EDGE_CURVE ( 'NONE', #9002, #6785, #4631, .T. ) ;
#2898 = CARTESIAN_POINT ( 'NONE',  ( -12.66823144321804939, 52.88262122970322565, -42.29657903018190268 ) ) ;
#2899 = VERTEX_POINT ( 'NONE', #2078 ) ;
#2900 = EDGE_LOOP ( 'NONE', ( #6394, #5937, #6683, #2234 ) ) ;
#2901 = DIRECTION ( 'NONE',  ( 0.2588190451025180749, 0.000000000000000000, 0.9659258262890689783 ) ) ;
#2902 = FACE_OUTER_BOUND ( 'NONE', #7715, .T. ) ;
#2903 = VECTOR ( 'NONE', #8492, 1000.000000000000000 ) ;
#2904 = CARTESIAN_POINT ( 'NONE',  ( -46.75000000000000000, 30.50000000000000000, 13.00000000000000000 ) ) ;
#2905 = ORIENTED_EDGE ( 'NONE', *, *, #9545, .F. ) ;
#2906 = DIRECTION ( 'NONE',  ( 0.000000000000000000, 0.000000000000000000, 1.000000000000000000 ) ) ;
#2907 = CARTESIAN_POINT ( 'NONE',  ( 44.67251958127791056, 17.13226603930008807, 5.423848801699002742 ) ) ;
#2908 = ORIENTED_EDGE ( 'NONE', *, *, #2478, .T. ) ;
#2909 = ORIENTED_EDGE ( 'NONE', *, *, #8514, .F. ) ;
#2910 = PLANE ( 'NONE',  #5979 ) ;
#2911 = CARTESIAN_POINT ( 'NONE',  ( 42.57869116532524600, 53.16885668983581326, 10.07402866304141753 ) ) ;
#2912 = DIRECTION ( 'NONE',  ( -1.000000000000000000, 0.000000000000000000, 0.000000000000000000 ) ) ;
#2913 = DIRECTION ( 'NONE',  ( 0.9386109303896085221, -0.3449775664491150917, 0.000000000000000000 ) ) ;
#2914 = ADVANCED_FACE ( 'NONE', ( #741 ), #9961, .F. ) ;
#2915 = VERTEX_POINT ( 'NONE', #10116 ) ;
#2916 = CARTESIAN_POINT ( 'NONE',  ( -30.83864482986076894, 51.64684645029007726, 32.66214838409470644 ) ) ;
#2917 = CARTESIAN_POINT ( 'NONE',  ( -12.80173935718235079, 52.25467878633467222, 42.79483734830922970 ) ) ;
#2918 = LINE ( 'NONE', #8320, #2680 ) ;
#2919 = ORIENTED_EDGE ( 'NONE', *, *, #5074, .T. ) ;
#2920 = CARTESIAN_POINT ( 'NONE',  ( -45.27214940782296537, 4.000000000000000000, -45.27214940782296537 ) ) ;
#2921 = ORIENTED_EDGE ( 'NONE', *, *, #1878, .F. ) ;
#2922 = CARTESIAN_POINT ( 'NONE',  ( 45.00003886405662712, 7.749720178728479070, 0.4088767433432743403 ) ) ;
#2923 = EDGE_CURVE ( 'NONE', #2508, #6217, #6950, .T. ) ;
#2924 = EDGE_LOOP ( 'NONE', ( #4625, #1328, #7003, #8133 ) ) ;
#2925 = ADVANCED_FACE ( 'NONE', ( #10020 ), #9104, .T. ) ;
#2926 = LINE ( 'NONE', #2980, #6830 ) ;
#2927 = LINE ( 'NONE', #4462, #7978 ) ;
#2928 = EDGE_CURVE ( 'NONE', #5374, #6863, #695, .T. ) ;
#2929 = DIRECTION ( 'NONE',  ( 0.9674806351920947067, 0.000000000000000000, -0.2529450939004371235 ) ) ;
#2930 = EDGE_CURVE ( 'NONE', #4146, #6835, #537, .T. ) ;
#2931 = DIRECTION ( 'NONE',  ( -0.7085432981232548943, 0.5749972691930604896, 0.4090776639039869211 ) ) ;
#2932 = CARTESIAN_POINT ( 'NONE',  ( 0.000000000000000000, 61.00000000000000711, 0.000000000000000000 ) ) ;
#2933 = ORIENTED_EDGE ( 'NONE', *, *, #2071, .T. ) ;
#2934 = DIRECTION ( 'NONE',  ( 0.000000000000000000, 0.000000000000000000, 1.000000000000000000 ) ) ;
#2935 = LINE ( 'NONE', #5338, #668 ) ;
#2936 = AXIS2_PLACEMENT_3D ( 'NONE', #4448, #7594, #5884 ) ;
#2937 = ORIENTED_EDGE ( 'NONE', *, *, #249, .F. ) ;
#2938 = DIRECTION ( 'NONE',  ( 0.7027971946764646205, 0.000000000000000000, -0.7113902607956418267 ) ) ;
#2939 = LINE ( 'NONE', #8439, #7553 ) ;
#2940 = AXIS2_PLACEMENT_3D ( 'NONE', #2964, #7069, #6919 ) ;
#2941 = AXIS2_PLACEMENT_3D ( 'NONE', #2028, #7575, #538 ) ;
#2942 = ORIENTED_EDGE ( 'NONE', *, *, #3487, .F. ) ;
#2943 = DIRECTION ( 'NONE',  ( 0.000000000000000000, 0.000000000000000000, -1.000000000000000000 ) ) ;
#2944 = ADVANCED_FACE ( 'NONE', ( #6022 ), #9151, .F. ) ;
#2945 = CARTESIAN_POINT ( 'NONE',  ( 54.73303263986656475, 17.13049053135148725, -5.413372754708639434 ) ) ;
#2946 = ORIENTED_EDGE ( 'NONE', *, *, #7513, .F. ) ;
#2947 = ORIENTED_EDGE ( 'NONE', *, *, #7401, .T. ) ;
#2948 = DIRECTION ( 'NONE',  ( 0.7071067811865493491, 0.000000000000000000, -0.7071067811865456854 ) ) ;
#2949 = CARTESIAN_POINT ( 'NONE',  ( 21.13113162539923096, 53.50000000000000711, 22.95463517963317912 ) ) ;
#2950 = CIRCLE ( 'NONE', #659, 55.00000000000000000 ) ;
#2951 = CARTESIAN_POINT ( 'NONE',  ( 23.28831231577586891, 71.00000000000001421, 18.43215965324959527 ) ) ;
#2952 = ORIENTED_EDGE ( 'NONE', *, *, #311, .T. ) ;
#2953 = AXIS2_PLACEMENT_3D ( 'NONE', #6912, #10029, #7836 ) ;
#2954 = AXIS2_PLACEMENT_3D ( 'NONE', #4976, #3438, #2011 ) ;
#2955 = CARTESIAN_POINT ( 'NONE',  ( 27.29547653342034508, 61.00000000000000711, -11.70670580537067629 ) ) ;
#2956 = CARTESIAN_POINT ( 'NONE',  ( 44.58601697310103873, 15.41962445121039238, 6.090049454088874548 ) ) ;
#2957 = AXIS2_PLACEMENT_3D ( 'NONE', #1781, #4896, #5622 ) ;
#2958 = VERTEX_POINT ( 'NONE', #5401 ) ;
#2959 = AXIS2_PLACEMENT_3D ( 'NONE', #6541, #2599, #8907 ) ;
#2960 = CARTESIAN_POINT ( 'NONE',  ( -78.04429881564595917, 0.000000000000000000, 17.49999999999999289 ) ) ;
#2961 = VERTEX_POINT ( 'NONE', #8441 ) ;
#2962 = CARTESIAN_POINT ( 'NONE',  ( -35.61195404750159099, 70.50000000000002842, -30.67227948683692063 ) ) ;
#2963 = LINE ( 'NONE', #6093, #6826 ) ;
#2964 = CARTESIAN_POINT ( 'NONE',  ( 18.65508692645726185, 61.00000000000000711, -18.42974732841615193 ) ) ;
#2965 = PLANE ( 'NONE',  #3614 ) ;
#2966 = ORIENTED_EDGE ( 'NONE', *, *, #5631, .T. ) ;
#2967 = VECTOR ( 'NONE', #3215, 1000.000000000000114 ) ;
#2968 = DIRECTION ( 'NONE',  ( -0.000000000000000000, -1.000000000000000000, -0.000000000000000000 ) ) ;
#2969 = VECTOR ( 'NONE', #1983, 1000.000000000000114 ) ;
#2970 = ADVANCED_FACE ( 'NONE', ( #5248 ), #8397, .F. ) ;
#2971 = PLANE ( 'NONE',  #517 ) ;
#2972 = DIRECTION ( 'NONE',  ( 0.000000000000000000, -0.000000000000000000, 1.000000000000000000 ) ) ;
#2973 = ADVANCED_FACE ( 'NONE', ( #3045 ), #6177, .T. ) ;
#2974 = ORIENTED_EDGE ( 'NONE', *, *, #9414, .F. ) ;
#2975 = SURFACE_STYLE_USAGE ( .BOTH. , #2257 ) ;
#2976 = ORIENTED_EDGE ( 'NONE', *, *, #6767, .T. ) ;
#2977 = CARTESIAN_POINT ( 'NONE',  ( 0.000000000000000000, 4.000000000000000000, 0.000000000000000000 ) ) ;
#2978 = VERTEX_POINT ( 'NONE', #6433 ) ;
#2979 = AXIS2_PLACEMENT_3D ( 'NONE', #6990, #781, #2324 ) ;
#2980 = CARTESIAN_POINT ( 'NONE',  ( -42.43524478543762513, 26.00000000000001066, 24.49999999999974420 ) ) ;
#2981 = DIRECTION ( 'NONE',  ( -0.9674806351920947067, 0.000000000000000000, 0.2529450939004372345 ) ) ;
#2982 = EDGE_CURVE ( 'NONE', #5057, #5313, #2428, .T. ) ;
#2983 = CIRCLE ( 'NONE', #3800, 55.00000000000000000 ) ;
#2984 = DIRECTION ( 'NONE',  ( -0.5030288774786674244, 0.7071067811865443531, 0.4969526621546125900 ) ) ;
#2985 = DIRECTION ( 'NONE',  ( -0.000000000000000000, 1.000000000000000000, 0.000000000000000000 ) ) ;
#2986 = DIRECTION ( 'NONE',  ( 0.000000000000000000, -1.000000000000000000, 0.000000000000000000 ) ) ;
#2987 = ORIENTED_EDGE ( 'NONE', *, *, #166, .F. ) ;
#2988 = DIRECTION ( 'NONE',  ( -0.1788591911648675370, 0.7071067811865274777, 0.6841121178110191048 ) ) ;
#2989 = DIRECTION ( 'NONE',  ( -0.5030288774786538797, 0.7071067811865633379, 0.4969526621545991563 ) ) ;
#2990 = ORIENTED_EDGE ( 'NONE', *, *, #9682, .T. ) ;
#2991 = EDGE_CURVE ( 'NONE', #4680, #6156, #3299, .T. ) ;
#2992 = DIRECTION ( 'NONE',  ( -0.000000000000000000, 1.000000000000000000, -0.000000000000000000 ) ) ;
#2993 = ORIENTED_EDGE ( 'NONE', *, *, #3680, .F. ) ;
#2994 = CARTESIAN_POINT ( 'NONE',  ( 0.000000000000000000, 61.00000000000000711, 0.000000000000000000 ) ) ;
#2995 = FACE_OUTER_BOUND ( 'NONE', #729, .T. ) ;
#2996 = ORIENTED_EDGE ( 'NONE', *, *, #10084, .T. ) ;
#2997 = DIRECTION ( 'NONE',  ( 0.000000000000000000, 0.000000000000000000, -1.000000000000000000 ) ) ;
#2998 = CARTESIAN_POINT ( 'NONE',  ( 54.91137962657848703, 19.41583828065621731, 3.126178365308733387 ) ) ;
#2999 = ORIENTED_EDGE ( 'NONE', *, *, #3127, .T. ) ;
#3000 = EDGE_LOOP ( 'NONE', ( #8607, #3771, #7518, #6500 ) ) ;
#3001 = CARTESIAN_POINT ( 'NONE',  ( 22.39516677087713248, 61.00000000000000711, -6.146855202364192472 ) ) ;
#3002 = LINE ( 'NONE', #6130, #6396 ) ;
#3003 = VECTOR ( 'NONE', #10041, 1000.000000000000000 ) ;
#3004 = ORIENTED_EDGE ( 'NONE', *, *, #1059, .F. ) ;
#3005 = ADVANCED_FACE ( 'NONE', ( #891 ), #9558, .T. ) ;
#3006 = EDGE_CURVE ( 'NONE', #8743, #7790, #5603, .T. ) ;
#3007 = LINE ( 'NONE', #6086, #8303 ) ;
#3008 = ADVANCED_FACE ( 'NONE', ( #6374 ), #175, .F. ) ;
#3009 = LINE ( 'NONE', #6135, #7709 ) ;
#3010 = EDGE_CURVE ( 'NONE', #7625, #3713, #9355, .T. ) ;
#3011 = EDGE_LOOP ( 'NONE', ( #3969, #3081, #8956, #8341 ) ) ;
#3012 = CARTESIAN_POINT ( 'NONE',  ( -42.41608388027098187, 21.67445096713359121, 13.00000000000000000 ) ) ;
#3013 = ORIENTED_EDGE ( 'NONE', *, *, #9054, .T. ) ;
#3014 = DIRECTION ( 'NONE',  ( 1.000000000000000000, 0.000000000000000000, 0.000000000000000000 ) ) ;
#3015 = LINE ( 'NONE', #6141, #5843 ) ;
#3016 = DIRECTION ( 'NONE',  ( 0.000000000000000000, 1.000000000000000000, 0.000000000000000000 ) ) ;
#3017 = DIRECTION ( 'NONE',  ( -0.000000000000000000, -0.000000000000000000, -1.000000000000000000 ) ) ;
#3018 = ADVANCED_FACE ( 'NONE', ( #7100 ), #7151, .F. ) ;
#3019 = ORIENTED_EDGE ( 'NONE', *, *, #4611, .F. ) ;
#3020 = DIRECTION ( 'NONE',  ( 0.2646834405156262560, 0.000000000000000000, -0.9643353546960783396 ) ) ;
#3021 = DIRECTION ( 'NONE',  ( 1.204482735576602201E-15, -0.9386109303896084111, 0.3449775664491150362 ) ) ;
#3022 = DIRECTION ( 'NONE',  ( -0.000000000000000000, 1.000000000000000000, -0.000000000000000000 ) ) ;
#3023 = VECTOR ( 'NONE', #2883, 1000.000000000000000 ) ;
#3024 = ADVANCED_FACE ( 'NONE', ( #2534 ), #2333, .F. ) ;
#3025 = VERTEX_POINT ( 'NONE', #8594 ) ;
#3026 = DIRECTION ( 'NONE',  ( -0.7071067811865474617, -0.000000000000000000, 0.7071067811865474617 ) ) ;
#3027 = ORIENTED_EDGE ( 'NONE', *, *, #1199, .F. ) ;
#3028 = CARTESIAN_POINT ( 'NONE',  ( 44.99996073358224180, 7.750282718271911619, -0.4173870313153580369 ) ) ;
#3029 = ORIENTED_EDGE ( 'NONE', *, *, #3980, .T. ) ;
#3030 = AXIS2_PLACEMENT_3D ( 'NONE', #9837, #9023, #9121 ) ;
#3031 = DIRECTION ( 'NONE',  ( -0.9674806351920929304, 0.000000000000000000, 0.2529450939004438959 ) ) ;
#3032 = CARTESIAN_POINT ( 'NONE',  ( 52.14163403653552820, 4.000000000000000000, -17.49999999999999289 ) ) ;
#3033 = LINE ( 'NONE', #4514, #2060 ) ;
#3034 = ORIENTED_EDGE ( 'NONE', *, *, #9578, .F. ) ;
#3035 = CARTESIAN_POINT ( 'NONE',  ( 13.74999999999999822, 23.30000000000000071, -3.700000000000000178 ) ) ;
#3036 = CARTESIAN_POINT ( 'NONE',  ( -66.52214940782297958, 0.000000000000000000, 6.249999999999996447 ) ) ;
#3037 = VERTEX_POINT ( 'NONE', #1565 ) ;
#3038 = VECTOR ( 'NONE', #4223, 1000.000000000000000 ) ;
#3039 = CARTESIAN_POINT ( 'NONE',  ( 3.509433644628745519, 61.00000000000000711, -29.49192898902932214 ) ) ;
#3040 = ORIENTED_EDGE ( 'NONE', *, *, #3179, .T. ) ;
#3041 = EDGE_CURVE ( 'NONE', #9185, #4845, #4828, .T. ) ;
#3042 = CYLINDRICAL_SURFACE ( 'NONE', #5889, 31.20000000000000995 ) ;
#3043 = CARTESIAN_POINT ( 'NONE',  ( 25.24983850318566070, 4.000000000000000000, 37.24843158527674092 ) ) ;
#3044 = VERTEX_POINT ( 'NONE', #121 ) ;
#3045 = FACE_OUTER_BOUND ( 'NONE', #2846, .T. ) ;
#3046 = CARTESIAN_POINT ( 'NONE',  ( 54.90096494027488205, 19.30955566523190114, 3.303534327393903958 ) ) ;
#3047 = ORIENTED_EDGE ( 'NONE', *, *, #750, .T. ) ;
#3048 = AXIS2_PLACEMENT_3D ( 'NONE', #9877, #350, #9782 ) ;
#3049 = VERTEX_POINT ( 'NONE', #7050 ) ;
#3050 = CARTESIAN_POINT ( 'NONE',  ( 9.345701715961412859, 71.00000000000001421, -46.06145741763147328 ) ) ;
#3051 = CARTESIAN_POINT ( 'NONE',  ( -17.49999999999973710, 44.31128874149284513, 78.04429881564600180 ) ) ;
#3052 = VECTOR ( 'NONE', #5587, 1000.000000000000000 ) ;
#3053 =( BOUNDED_CURVE ( )  B_SPLINE_CURVE ( 3, ( #2951, #9967, #9209, #6083 ),
 .UNSPECIFIED., .F., .F. ) 
 B_SPLINE_CURVE_WITH_KNOTS ( ( 4, 4 ),
 ( 0.6455509535002166288, 0.6730349516654686726 ),
 .UNSPECIFIED. ) 
 CURVE ( )  GEOMETRIC_REPRESENTATION_ITEM ( )  RATIONAL_B_SPLINE_CURVE ( ( 1.000000000000000000, 0.9999370534776620412, 0.9999370534776620412, 1.000000000000000000 ) ) 
 REPRESENTATION_ITEM ( '' )  );
#3054 = EDGE_CURVE ( 'NONE', #7829, #9731, #482, .T. ) ;
#3055 = ORIENTED_EDGE ( 'NONE', *, *, #432, .T. ) ;
#3056 = EDGE_CURVE ( 'NONE', #6391, #5215, #3150, .T. ) ;
#3057 = DIRECTION ( 'NONE',  ( 0.000000000000000000, 0.000000000000000000, 1.000000000000000000 ) ) ;
#3058 = CARTESIAN_POINT ( 'NONE',  ( 0.000000000000000000, 68.50000000000000000, 26.70000000000000639 ) ) ;
#3059 = ORIENTED_EDGE ( 'NONE', *, *, #7572, .T. ) ;
#3060 = EDGE_CURVE ( 'NONE', #9717, #1569, #4881, .T. ) ;
#3061 = FACE_OUTER_BOUND ( 'NONE', #5171, .T. ) ;
#3062 = ORIENTED_EDGE ( 'NONE', *, *, #7401, .F. ) ;
#3063 = ADVANCED_FACE ( 'NONE', ( #2378 ), #7980, .F. ) ;
#3064 = DIRECTION ( 'NONE',  ( 0.000000000000000000, 0.000000000000000000, 1.000000000000000000 ) ) ;
#3065 = CARTESIAN_POINT ( 'NONE',  ( -43.78253914824667703, 53.50000000000000711, -10.39659875787502585 ) ) ;
#3066 = DIRECTION ( 'NONE',  ( 0.3449775664491150362, 0.9386109303896084111, 0.000000000000000000 ) ) ;
#3067 = AXIS2_PLACEMENT_3D ( 'NONE', #1960, #6728, #5085 ) ;
#3068 = ORIENTED_EDGE ( 'NONE', *, *, #9465, .T. ) ;
#3069 = DIRECTION ( 'NONE',  ( -0.6818880686435485616, -0.7071067811865300312, -0.1871594556563901668 ) ) ;
#3070 = LINE ( 'NONE', #6199, #1486 ) ;
#3071 = PLANE ( 'NONE',  #4963 ) ;
#3072 = DIRECTION ( 'NONE',  ( 0.000000000000000000, 0.000000000000000000, -1.000000000000000000 ) ) ;
#3073 = EDGE_LOOP ( 'NONE', ( #8406, #7591, #3538, #521 ) ) ;
#3074 = CARTESIAN_POINT ( 'NONE',  ( 44.58600514596405162, 12.58046854293200667, -6.090138188134956998 ) ) ;
#3075 = ORIENTED_EDGE ( 'NONE', *, *, #863, .F. ) ;
#3076 = LINE ( 'NONE', #8476, #3888 ) ;
#3077 = CARTESIAN_POINT ( 'NONE',  ( -73.04429881564591653, 0.000000000000000000, -17.50000000000001066 ) ) ;
#3078 = DIRECTION ( 'NONE',  ( -0.9659258262890689783, 0.000000000000000000, 0.2588190451025181305 ) ) ;
#3079 = CARTESIAN_POINT ( 'NONE',  ( -29.41128822328159842, 61.00000000000000711, -19.41535585328213642 ) ) ;
#3080 = DIRECTION ( 'NONE',  ( 0.000000000000000000, 0.000000000000000000, -1.000000000000000000 ) ) ;
#3081 = ORIENTED_EDGE ( 'NONE', *, *, #5134, .F. ) ;
#3082 = CARTESIAN_POINT ( 'NONE',  ( 8.839592789452583408E-15, 71.00000000000001421, 36.60148627460960569 ) ) ;
#3083 = CARTESIAN_POINT ( 'NONE',  ( 6.000723173757282147, 71.00000000000001421, 22.95195126434676780 ) ) ;
#3084 = EDGE_LOOP ( 'NONE', ( #1133, #1859, #3494, #4389 ) ) ;
#3085 = FACE_OUTER_BOUND ( 'NONE', #7383, .T. ) ;
#3086 = ORIENTED_EDGE ( 'NONE', *, *, #4196, .T. ) ;
#3087 = DIRECTION ( 'NONE',  ( -0.000000000000000000, -1.000000000000000000, -0.000000000000000000 ) ) ;
#3088 = CARTESIAN_POINT ( 'NONE',  ( 0.000000000000000000, 31.20788311109079416, 0.000000000000000000 ) ) ;
#3089 = ORIENTED_EDGE ( 'NONE', *, *, #7131, .T. ) ;
#3090 = LINE ( 'NONE', #6224, #3388 ) ;
#3091 = DIRECTION ( 'NONE',  ( 0.000000000000000000, 0.000000000000000000, 1.000000000000000000 ) ) ;
#3092 = EDGE_CURVE ( 'NONE', #9289, #2692, #4065, .T. ) ;
#3093 = EDGE_LOOP ( 'NONE', ( #6822, #9982, #458, #8292, #1143 ) ) ;
#3094 = AXIS2_PLACEMENT_3D ( 'NONE', #7434, #4344, #8209 ) ;
#3095 = ORIENTED_EDGE ( 'NONE', *, *, #2698, .F. ) ;
#3096 = LINE ( 'NONE', #6129, #190 ) ;
#3097 = EDGE_CURVE ( 'NONE', #9726, #4384, #3090, .T. ) ;
#3098 = LINE ( 'NONE', #8601, #9015 ) ;
#3099 = ORIENTED_EDGE ( 'NONE', *, *, #9710, .F. ) ;
#3100 = VECTOR ( 'NONE', #9980, 1000.000000000000000 ) ;
#3101 = CARTESIAN_POINT ( 'NONE',  ( -23.62310141324695323, 70.66961688690305721, -18.00314189548218380 ) ) ;
#3102 = LINE ( 'NONE', #2341, #7381 ) ;
#3103 = VECTOR ( 'NONE', #8331, 1000.000000000000000 ) ;
#3104 = CIRCLE ( 'NONE', #1310, 1.300000000000000044 ) ;
#3105 = ORIENTED_EDGE ( 'NONE', *, *, #4196, .F. ) ;
#3106 = CARTESIAN_POINT ( 'NONE',  ( -43.30127018922184590, 71.00000000000001421, -25.00000000000015277 ) ) ;
#3107 = CIRCLE ( 'NONE', #8365, 47.00000000000001421 ) ;
#3108 = ORIENTED_EDGE ( 'NONE', *, *, #5441, .F. ) ;
#3109 = LINE ( 'NONE', #1068, #7707 ) ;
#3110 = VECTOR ( 'NONE', #7028, 1000.000000000000000 ) ;
#3111 = CIRCLE ( 'NONE', #662, 1.449999999999999067 ) ;
#3112 = CARTESIAN_POINT ( 'NONE',  ( -24.99999999999960210, 71.00000000000001421, -43.30127018922217275 ) ) ;
#3113 = CARTESIAN_POINT ( 'NONE',  ( 4.049354069084232677, 70.83629404531721718, -29.42391493517827428 ) ) ;
#3114 = VERTEX_POINT ( 'NONE', #2642 ) ;
#3115 = AXIS2_PLACEMENT_3D ( 'NONE', #2395, #6502, #3213 ) ;
#3116 = DIRECTION ( 'NONE',  ( -0.000000000000000000, 1.000000000000000000, 0.000000000000000000 ) ) ;
#3117 = AXIS2_PLACEMENT_3D ( 'NONE', #4136, #9516, #9567 ) ;
#3118 = AXIS2_PLACEMENT_3D ( 'NONE', #7127, #5683, #4859 ) ;
#3119 = DIRECTION ( 'NONE',  ( 0.000000000000000000, 1.000000000000000000, 0.000000000000000000 ) ) ;
#3120 = CARTESIAN_POINT ( 'NONE',  ( 25.28817283496548995, 70.50000000000000000, 6.940905523910584130 ) ) ;
#3121 = DIRECTION ( 'NONE',  ( -0.000000000000000000, 1.000000000000000000, -0.000000000000000000 ) ) ;
#3122 = ORIENTED_EDGE ( 'NONE', *, *, #5727, .F. ) ;
#3123 = VECTOR ( 'NONE', #3812, 1000.000000000000000 ) ;
#3124 = CARTESIAN_POINT ( 'NONE',  ( 44.61831608845093911, 11.78825335642772920, 5.849108799215484211 ) ) ;
#3125 = AXIS2_PLACEMENT_3D ( 'NONE', #8416, #1535, #9271 ) ;
#3126 = ORIENTED_EDGE ( 'NONE', *, *, #4132, .T. ) ;
#3127 = EDGE_CURVE ( 'NONE', #9562, #6835, #7458, .T. ) ;
#3128 = EDGE_CURVE ( 'NONE', #7541, #5562, #4039, .T. ) ;
#3129 = FACE_BOUND ( 'NONE', #6477, .T. ) ;
#3130 = VECTOR ( 'NONE', #3416, 1000.000000000000114 ) ;
#3131 = DIRECTION ( 'NONE',  ( -0.7027971946764646205, 0.000000000000000000, 0.7113902607956419377 ) ) ;
#3132 = EDGE_CURVE ( 'NONE', #7219, #1850, #421, .T. ) ;
#3133 = EDGE_CURVE ( 'NONE', #472, #2890, #8233, .T. ) ;
#3134 = CARTESIAN_POINT ( 'NONE',  ( -17.50000000000075673, 4.000000000000003553, -73.04429881564577443 ) ) ;
#3135 = VECTOR ( 'NONE', #561, 1000.000000000000227 ) ;
#3136 = CARTESIAN_POINT ( 'NONE',  ( 1.405698187211003036, 71.00000000000001421, 35.17860068602902857 ) ) ;
#3137 = ORIENTED_EDGE ( 'NONE', *, *, #8086, .T. ) ;
#3138 = CARTESIAN_POINT ( 'NONE',  ( 21.36739281759001585, 79.38334886522930844, -12.33646999511626596 ) ) ;
#3139 = CARTESIAN_POINT ( 'NONE',  ( 73.04429881564593074, 4.000000000000003553, -17.49999999999999289 ) ) ;
#3140 = CIRCLE ( 'NONE', #7074, 55.00000000000000000 ) ;
#3141 = VERTEX_POINT ( 'NONE', #5856 ) ;
#3142 = DIRECTION ( 'NONE',  ( 0.000000000000000000, 0.000000000000000000, 1.000000000000000000 ) ) ;
#3143 = CARTESIAN_POINT ( 'NONE',  ( 5.510910596163087189E-15, 4.000000000000000000, 44.99999999999998579 ) ) ;
#3144 = ORIENTED_EDGE ( 'NONE', *, *, #301, .T. ) ;
#3145 = DIRECTION ( 'NONE',  ( -0.000000000000000000, -1.000000000000000000, -0.000000000000000000 ) ) ;
#3146 = ORIENTED_EDGE ( 'NONE', *, *, #697, .F. ) ;
#3147 = LINE ( 'NONE', #4571, #483 ) ;
#3148 = CARTESIAN_POINT ( 'NONE',  ( 66.52214940782297958, 4.000000000000000000, -6.249999999999996447 ) ) ;
#3149 = ORIENTED_EDGE ( 'NONE', *, *, #1724, .F. ) ;
#3150 = LINE ( 'NONE', #8644, #1754 ) ;
#3151 = CARTESIAN_POINT ( 'NONE',  ( 54.97753791097002107, 20.04966739482464178, -1.622083091601064897 ) ) ;
#3152 = EDGE_LOOP ( 'NONE', ( #4324, #6347, #9759, #732 ) ) ;
#3153 = ORIENTED_EDGE ( 'NONE', *, *, #7712, .T. ) ;
#3154 = CARTESIAN_POINT ( 'NONE',  ( 8.756996203826414416, 70.50000000000000000, -46.17699662695888208 ) ) ;
#3155 = FACE_OUTER_BOUND ( 'NONE', #2312, .T. ) ;
#3156 = VERTEX_POINT ( 'NONE', #8842 ) ;
#3157 = PLANE ( 'NONE',  #6654 ) ;
#3158 = DIRECTION ( 'NONE',  ( 0.000000000000000000, 0.000000000000000000, 1.000000000000000000 ) ) ;
#3159 = EDGE_CURVE ( 'NONE', #2015, #8193, #5344, .T. ) ;
#3160 = EDGE_LOOP ( 'NONE', ( #9801, #6190, #3377, #7685 ) ) ;
#3161 = CARTESIAN_POINT ( 'NONE',  ( -40.63182033038269481, 22.50000000000000711, 13.00000000000000355 ) ) ;
#3162 = VERTEX_POINT ( 'NONE', #2018 ) ;
#3163 = AXIS2_PLACEMENT_3D ( 'NONE', #2156, #8420, #2972 ) ;
#3164 = DIRECTION ( 'NONE',  ( 0.000000000000000000, 0.000000000000000000, 1.000000000000000000 ) ) ;
#3165 = DIRECTION ( 'NONE',  ( 0.9674806351920947067, 0.000000000000000000, -0.2529450939004371235 ) ) ;
#3166 = DIRECTION ( 'NONE',  ( 0.000000000000000000, 0.000000000000000000, 1.000000000000000000 ) ) ;
#3167 = ORIENTED_EDGE ( 'NONE', *, *, #1013, .F. ) ;
#3168 = PLANE ( 'NONE',  #4499 ) ;
#3169 = ORIENTED_EDGE ( 'NONE', *, *, #6010, .T. ) ;
#3170 = CARTESIAN_POINT ( 'NONE',  ( -43.28561297404282016, 52.52766249937605636, 10.26344779079927250 ) ) ;
#3171 = EDGE_CURVE ( 'NONE', #5328, #3996, #5809, .T. ) ;
#3172 = CARTESIAN_POINT ( 'NONE',  ( 0.000000000000000000, 71.00000000000001421, 0.000000000000000000 ) ) ;
#3173 = ORIENTED_EDGE ( 'NONE', *, *, #3185, .T. ) ;
#3174 = FACE_OUTER_BOUND ( 'NONE', #6287, .T. ) ;
#3175 = EDGE_CURVE ( 'NONE', #6001, #7447, #773, .T. ) ;
#3176 = EDGE_CURVE ( 'NONE', #8387, #2978, #8964, .T. ) ;
#3177 = CARTESIAN_POINT ( 'NONE',  ( -3.509433644628745519, 70.50000000000002842, 29.49192898902932214 ) ) ;
#3178 = DIRECTION ( 'NONE',  ( -0.8660254037844328234, 0.000000000000000000, 0.5000000000000101030 ) ) ;
#3179 = EDGE_CURVE ( 'NONE', #7411, #3643, #9712, .T. ) ;
#3180 = CARTESIAN_POINT ( 'NONE',  ( 9.149713682832182116, 70.83262911084999303, 46.10122267475124858 ) ) ;
#3181 = AXIS2_PLACEMENT_3D ( 'NONE', #1643, #9387, #5691 ) ;
#3182 = DIRECTION ( 'NONE',  ( 0.2588190451025181305, 0.000000000000000000, 0.9659258262890689783 ) ) ;
#3183 = EDGE_LOOP ( 'NONE', ( #8014, #4355, #463, #5597 ) ) ;
#3184 = PLANE ( 'NONE',  #7384 ) ;
#3185 = EDGE_CURVE ( 'NONE', #8569, #6021, #3401, .T. ) ;
#3186 = DIRECTION ( 'NONE',  ( 0.4074239411274437894, 0.5796748474660319284, 0.7056789662526535833 ) ) ;
#3187 = ORIENTED_EDGE ( 'NONE', *, *, #8512, .T. ) ;
#3188 = CARTESIAN_POINT ( 'NONE',  ( 27.29547653342059021, 61.00000000000000711, 11.70670580537010430 ) ) ;
#3189 = ADVANCED_FACE ( 'NONE', ( #5707 ), #9756, .F. ) ;
#3190 = CARTESIAN_POINT ( 'NONE',  ( 35.21754140102353148, 71.00000000000001421, 31.12434381102988823 ) ) ;
#3191 = VERTEX_POINT ( 'NONE', #4319 ) ;
#3192 = ORIENTED_EDGE ( 'NONE', *, *, #2112, .F. ) ;
#3193 = FACE_OUTER_BOUND ( 'NONE', #6367, .T. ) ;
#3194 = DIRECTION ( 'NONE',  ( -0.2588190451025279559, 0.000000000000000000, -0.9659258262890664248 ) ) ;
#3195 = VECTOR ( 'NONE', #6297, 1000.000000000000000 ) ;
#3196 = EDGE_LOOP ( 'NONE', ( #7866, #8919, #8154, #4150 ) ) ;
#3197 = DIRECTION ( 'NONE',  ( 0.000000000000000000, 0.000000000000000000, 1.000000000000000000 ) ) ;
#3198 = CARTESIAN_POINT ( 'NONE',  ( -34.25000000000000000, 30.50000000000000000, 6.300000000000001599 ) ) ;
#3199 = ORIENTED_EDGE ( 'NONE', *, *, #4993, .F. ) ;
#3200 = AXIS2_PLACEMENT_3D ( 'NONE', #453, #3573, #2093 ) ;
#3201 = FACE_OUTER_BOUND ( 'NONE', #7462, .T. ) ;
#3202 = EDGE_LOOP ( 'NONE', ( #127, #8755 ) ) ;
#3203 = CARTESIAN_POINT ( 'NONE',  ( 43.30127018922166826, 71.00000000000001421, 25.00000000000045475 ) ) ;
#3204 = DIRECTION ( 'NONE',  ( 0.000000000000000000, 0.000000000000000000, 1.000000000000000000 ) ) ;
#3205 = ORIENTED_EDGE ( 'NONE', *, *, #5530, .T. ) ;
#3206 = DIRECTION ( 'NONE',  ( -0.2646834405156328063, 0.000000000000000000, -0.9643353546960763412 ) ) ;
#3207 = PLANE ( 'NONE',  #661 ) ;
#3208 = ORIENTED_EDGE ( 'NONE', *, *, #4374, .T. ) ;
#3209 = CARTESIAN_POINT ( 'NONE',  ( 27.29547653342034508, 61.00000000000000711, -11.70670580537067629 ) ) ;
#3210 = ORIENTED_EDGE ( 'NONE', *, *, #9319, .T. ) ;
#3211 = VECTOR ( 'NONE', #5086, 1000.000000000000000 ) ;
#3212 = EDGE_LOOP ( 'NONE', ( #3529, #237 ) ) ;
#3213 = DIRECTION ( 'NONE',  ( -0.2646834405156263670, 0.000000000000000000, 0.9643353546960782285 ) ) ;
#3214 = CARTESIAN_POINT ( 'NONE',  ( 0.000000000000000000, 53.50000000000000711, 0.000000000000000000 ) ) ;
#3215 = DIRECTION ( 'NONE',  ( -0.2646834405156194281, 0.000000000000000000, 0.9643353546960800049 ) ) ;
#3216 = VERTEX_POINT ( 'NONE', #7307 ) ;
#3217 = CIRCLE ( 'NONE', #6333, 42.49999999999998579 ) ;
#3218 = PLANE ( 'NONE',  #4826 ) ;
#3219 = VECTOR ( 'NONE', #1149, 1000.000000000000000 ) ;
#3220 = ORIENTED_EDGE ( 'NONE', *, *, #3185, .F. ) ;
#3221 = DIRECTION ( 'NONE',  ( 1.000000000000000000, 0.000000000000000000, -1.047444401652940007E-14 ) ) ;
#3222 = DIRECTION ( 'NONE',  ( 0.7071067811865412445, 0.000000000000000000, -0.7071067811865537900 ) ) ;
#3223 = DIRECTION ( 'NONE',  ( -0.7027971946764646205, 0.000000000000000000, 0.7113902607956418267 ) ) ;
#3224 = VECTOR ( 'NONE', #4558, 1000.000000000000000 ) ;
#3225 = EDGE_CURVE ( 'NONE', #7197, #271, #4219, .T. ) ;
#3226 = ORIENTED_EDGE ( 'NONE', *, *, #9141, .T. ) ;
#3227 = DIRECTION ( 'NONE',  ( 3.094973115762720531E-15, 0.000000000000000000, 1.000000000000000000 ) ) ;
#3228 = AXIS2_PLACEMENT_3D ( 'NONE', #7815, #4713, #5443 ) ;
#3229 = CYLINDRICAL_SURFACE ( 'NONE', #3443, 1.449999999999993072 ) ;
#3230 = LINE ( 'NONE', #1038, #1233 ) ;
#3231 = CARTESIAN_POINT ( 'NONE',  ( -30.89498821139688545, 51.00000000000000711, -32.71849176563074479 ) ) ;
#3232 = DIRECTION ( 'NONE',  ( -0.9659258262890663138, 0.000000000000000000, 0.2588190451025279004 ) ) ;
#3233 = EDGE_CURVE ( 'NONE', #4732, #5877, #5025, .T. ) ;
#3234 = VERTEX_POINT ( 'NONE', #279 ) ;
#3235 = LINE ( 'NONE', #8730, #7874 ) ;
#3236 = DIRECTION ( 'NONE',  ( -0.7113902607956420487, 0.000000000000000000, 0.7027971946764645095 ) ) ;
#3237 = ORIENTED_EDGE ( 'NONE', *, *, #5315, .T. ) ;
#3238 = DIRECTION ( 'NONE',  ( 0.000000000000000000, -1.000000000000000000, 0.000000000000000000 ) ) ;
#3239 = EDGE_CURVE ( 'NONE', #8453, #7272, #2401, .T. ) ;
#3240 = CARTESIAN_POINT ( 'NONE',  ( 35.48144580774484069, 70.66596018114289279, 30.82380566991803406 ) ) ;
#3241 = EDGE_LOOP ( 'NONE', ( #3146, #3004, #9673, #2029 ) ) ;
#3242 = FACE_OUTER_BOUND ( 'NONE', #3634, .T. ) ;
#3243 = CARTESIAN_POINT ( 'NONE',  ( -5.874250626806893472, 61.00000000000000711, -22.46821094675073738 ) ) ;
#3244 = EDGE_CURVE ( 'NONE', #2370, #7395, #8898, .T. ) ;
#3245 = EDGE_CURVE ( 'NONE', #4530, #3313, #4939, .T. ) ;
#3246 = ORIENTED_EDGE ( 'NONE', *, *, #7525, .T. ) ;
#3247 = DIRECTION ( 'NONE',  ( 0.000000000000000000, -0.000000000000000000, 1.000000000000000000 ) ) ;
#3248 = DIRECTION ( 'NONE',  ( 0.000000000000000000, 0.000000000000000000, 1.000000000000000000 ) ) ;
#3249 = ORIENTED_EDGE ( 'NONE', *, *, #9530, .F. ) ;
#3250 = DIRECTION ( 'NONE',  ( -0.000000000000000000, 0.000000000000000000, 1.000000000000000000 ) ) ;
#3251 = EDGE_LOOP ( 'NONE', ( #2104, #6714 ) ) ;
#3252 = DIRECTION ( 'NONE',  ( -0.8660254037844432595, 0.000000000000000000, -0.4999999999999919509 ) ) ;
#3253 = DIRECTION ( 'NONE',  ( -0.2588190451025180194, 0.000000000000000000, -0.9659258262890690894 ) ) ;
#3254 = ORIENTED_EDGE ( 'NONE', *, *, #8407, .F. ) ;
#3255 = PLANE ( 'NONE',  #5022 ) ;
#3256 = DIRECTION ( 'NONE',  ( 0.8660254037844397068, 0.000000000000000000, 0.4999999999999979461 ) ) ;
#3257 = EDGE_CURVE ( 'NONE', #3778, #7604, #1051, .T. ) ;
#3258 = ADVANCED_FACE ( 'NONE', ( #4985 ), #326, .T. ) ;
#3259 = ORIENTED_EDGE ( 'NONE', *, *, #6538, .F. ) ;
#3260 = LINE ( 'NONE', #193, #5219 ) ;
#3261 = EDGE_LOOP ( 'NONE', ( #568, #5238, #700, #4458 ) ) ;
#3262 = VERTEX_POINT ( 'NONE', #6918 ) ;
#3263 = CARTESIAN_POINT ( 'NONE',  ( -27.49999999999953815, 65.99999999999998579, -47.63139720814438505 ) ) ;
#3264 = DIRECTION ( 'NONE',  ( -0.7027971946764646205, 0.000000000000000000, 0.7113902607956418267 ) ) ;
#3265 = LINE ( 'NONE', #5519, #8704 ) ;
#3266 = ORIENTED_EDGE ( 'NONE', *, *, #7333, .F. ) ;
#3267 = LINE ( 'NONE', #8763, #1573 ) ;
#3268 = ORIENTED_EDGE ( 'NONE', *, *, #6578, .F. ) ;
#3269 = CARTESIAN_POINT ( 'NONE',  ( 54.99528032985070070, 7.791164598601296731, -0.8238912548243111367 ) ) ;
#3270 = VECTOR ( 'NONE', #7622, 1000.000000000000000 ) ;
#3271 = PLANE ( 'NONE',  #5482 ) ;
#3272 = DIRECTION ( 'NONE',  ( 0.2319818708429861598, 0.4434297682956502840, 0.8657681284209149952 ) ) ;
#3273 = VERTEX_POINT ( 'NONE', #4646 ) ;
#3274 = LINE ( 'NONE', #1744, #5601 ) ;
#3275 = AXIS2_PLACEMENT_3D ( 'NONE', #3467, #6749, #9004 ) ;
#3276 = CONICAL_SURFACE ( 'NONE', #9019, 50.00000000000000711, 0.7853981633974469467 ) ;
#3277 = LINE ( 'NONE', #9593, #7048 ) ;
#3278 = CIRCLE ( 'NONE', #2636, 47.00000000000002842 ) ;
#3279 = CARTESIAN_POINT ( 'NONE',  ( 30.89498821139686058, 51.00000000000000711, -32.71849176563078032 ) ) ;
#3280 = CARTESIAN_POINT ( 'NONE',  ( -30.45799312328292174, 52.65338915048491231, -32.28149667751677754 ) ) ;
#3281 = ADVANCED_FACE ( 'NONE', ( #10082 ), #7793, .T. ) ;
#3282 = AXIS2_PLACEMENT_3D ( 'NONE', #2217, #685, #9291 ) ;
#3283 = PLANE ( 'NONE',  #7616 ) ;
#3284 = ORIENTED_EDGE ( 'NONE', *, *, #1471, .T. ) ;
#3285 = VECTOR ( 'NONE', #8490, 1000.000000000000000 ) ;
#3286 = DIRECTION ( 'NONE',  ( -0.9674806351920963721, 0.000000000000000000, -0.2529450939004306842 ) ) ;
#3287 = DIRECTION ( 'NONE',  ( 0.7071067811865455743, 0.000000000000000000, -0.7071067811865494601 ) ) ;
#3288 = ORIENTED_EDGE ( 'NONE', *, *, #3929, .T. ) ;
#3289 = DIRECTION ( 'NONE',  ( -0.7071067811865462405, 0.000000000000000000, 0.7071067811865489050 ) ) ;
#3290 = CARTESIAN_POINT ( 'NONE',  ( 42.43524478543762513, 26.00000000000001066, -24.49999999999974420 ) ) ;
#3291 = VERTEX_POINT ( 'NONE', #8608 ) ;
#3292 = VECTOR ( 'NONE', #10024, 1000.000000000000000 ) ;
#3293 = EDGE_CURVE ( 'NONE', #8356, #8033, #1579, .T. ) ;
#3294 = CARTESIAN_POINT ( 'NONE',  ( -34.25000000000000000, 23.30000000000000071, -3.699999999999998401 ) ) ;
#3295 = CARTESIAN_POINT ( 'NONE',  ( 31.69781693007944057, 71.00000000000001421, 18.30074313730444047 ) ) ;
#3296 = AXIS2_PLACEMENT_3D ( 'NONE', #9315, #7689, #4450 ) ;
#3297 = AXIS2_PLACEMENT_3D ( 'NONE', #9395, #7092, #12 ) ;
#3298 = VERTEX_POINT ( 'NONE', #5467 ) ;
#3299 = LINE ( 'NONE', #9504, #7656 ) ;
#3300 = DIRECTION ( 'NONE',  ( -1.000000000000000000, 0.000000000000000000, -3.491481338843133750E-15 ) ) ;
#3301 = ORIENTED_EDGE ( 'NONE', *, *, #2379, .T. ) ;
#3302 = ADVANCED_FACE ( 'NONE', ( #6967 ), #9221, .F. ) ;
#3303 = LINE ( 'NONE', #6328, #1568 ) ;
#3304 = ORIENTED_EDGE ( 'NONE', *, *, #6462, .T. ) ;
#3305 = DIRECTION ( 'NONE',  ( -0.7027971946764646205, 0.000000000000000000, 0.7113902607956419377 ) ) ;
#3306 = FACE_OUTER_BOUND ( 'NONE', #2247, .T. ) ;
#3307 = ORIENTED_EDGE ( 'NONE', *, *, #7623, .T. ) ;
#3308 = VECTOR ( 'NONE', #9429, 1000.000000000000114 ) ;
#3309 = CARTESIAN_POINT ( 'NONE',  ( 2.097207643539842173E-15, 53.50000000000000711, 17.12500000000000000 ) ) ;
#3310 = DIRECTION ( 'NONE',  ( 1.000000000000000000, 0.000000000000000000, 0.000000000000000000 ) ) ;
#3311 = ORIENTED_EDGE ( 'NONE', *, *, #8697, .T. ) ;
#3312 = LINE ( 'NONE', #9622, #2118 ) ;
#3313 = VERTEX_POINT ( 'NONE', #6191 ) ;
#3314 = VECTOR ( 'NONE', #5841, 1000.000000000000114 ) ;
#3315 = ORIENTED_EDGE ( 'NONE', *, *, #6739, .F. ) ;
#3316 = DIRECTION ( 'NONE',  ( -0.000000000000000000, 1.000000000000000000, -0.000000000000000000 ) ) ;
#3317 = DIRECTION ( 'NONE',  ( 0.000000000000000000, 1.000000000000000000, -0.000000000000000000 ) ) ;
#3318 = EDGE_CURVE ( 'NONE', #9931, #9171, #2963, .T. ) ;
#3319 = EDGE_CURVE ( 'NONE', #4742, #8847, #2294, .T. ) ;
#3320 = LINE ( 'NONE', #6503, #1632 ) ;
#3321 = DIRECTION ( 'NONE',  ( -0.000000000000000000, -1.000000000000000000, -0.000000000000000000 ) ) ;
#3322 = ORIENTED_EDGE ( 'NONE', *, *, #8464, .T. ) ;
#3323 = EDGE_CURVE ( 'NONE', #8059, #2159, #3934, .T. ) ;
#3324 = VERTEX_POINT ( 'NONE', #2196 ) ;
#3325 = DIRECTION ( 'NONE',  ( 0.7027971946764646205, 0.000000000000000000, -0.7113902607956419377 ) ) ;
#3326 = ORIENTED_EDGE ( 'NONE', *, *, #5280, .T. ) ;
#3327 = LINE ( 'NONE', #5632, #646 ) ;
#3328 = ORIENTED_EDGE ( 'NONE', *, *, #9755, .F. ) ;
#3329 = CARTESIAN_POINT ( 'NONE',  ( 4.318562348436996601, 71.00000000000001421, -29.38434990335267827 ) ) ;
#3330 = DIRECTION ( 'NONE',  ( 0.4074239411274215295, -0.5796748474660340378, -0.7056789662526646856 ) ) ;
#3331 = ORIENTED_EDGE ( 'NONE', *, *, #7082, .T. ) ;
#3332 = CARTESIAN_POINT ( 'NONE',  ( 5.510910596163087189E-15, 51.00000000000000711, 44.99999999999998579 ) ) ;
#3333 = VECTOR ( 'NONE', #5274, 1000.000000000000000 ) ;
#3334 = CARTESIAN_POINT ( 'NONE',  ( 11.25000000000000000, 21.00000000000000000, 4.999999999999999112 ) ) ;
#3335 = PLANE ( 'NONE',  #4044 ) ;
#3336 = CARTESIAN_POINT ( 'NONE',  ( 0.000000000000000000, 4.000000000000000000, -12.49999999999999112 ) ) ;
#3337 = EDGE_CURVE ( 'NONE', #4045, #7411, #3015, .T. ) ;
#3338 = DIRECTION ( 'NONE',  ( 0.000000000000000000, 1.000000000000000000, 0.000000000000000000 ) ) ;
#3339 = ORIENTED_EDGE ( 'NONE', *, *, #2572, .T. ) ;
#3340 = DIRECTION ( 'NONE',  ( -0.000000000000000000, -1.000000000000000000, -0.000000000000000000 ) ) ;
#3341 = LINE ( 'NONE', #7141, #8156 ) ;
#3342 = VERTEX_POINT ( 'NONE', #604 ) ;
#3343 = CARTESIAN_POINT ( 'NONE',  ( 0.000000000000000000, 71.00000000000001421, 0.000000000000000000 ) ) ;
#3344 = DIRECTION ( 'NONE',  ( -0.000000000000000000, -1.000000000000000000, -0.000000000000000000 ) ) ;
#3345 = ORIENTED_EDGE ( 'NONE', *, *, #2095, .F. ) ;
#3346 = DIRECTION ( 'NONE',  ( 0.000000000000000000, 0.000000000000000000, -1.000000000000000000 ) ) ;
#3347 = DIRECTION ( 'NONE',  ( 0.000000000000000000, 1.000000000000000000, 0.000000000000000000 ) ) ;
#3348 = VECTOR ( 'NONE', #7430, 1000.000000000000000 ) ;
#3349 = CARTESIAN_POINT ( 'NONE',  ( 0.000000000000000000, 71.00000000000001421, 0.000000000000000000 ) ) ;
#3350 = DIRECTION ( 'NONE',  ( -0.9659258262890676461, 0.000000000000000000, -0.2588190451025227934 ) ) ;
#3351 = ORIENTED_EDGE ( 'NONE', *, *, #7845, .F. ) ;
#3352 = DIRECTION ( 'NONE',  ( -0.000000000000000000, 1.000000000000000000, 0.000000000000000000 ) ) ;
#3353 = EDGE_LOOP ( 'NONE', ( #8491, #9703, #6450, #8586 ) ) ;
#3354 = AXIS2_PLACEMENT_3D ( 'NONE', #9488, #8626, #7913 ) ;
#3355 = CARTESIAN_POINT ( 'NONE',  ( -78.04429881564594496, 44.31128874149274566, -12.49999999999998046 ) ) ;
#3356 = CYLINDRICAL_SURFACE ( 'NONE', #170, 47.00000000000001421 ) ;
#3357 = ADVANCED_FACE ( 'NONE', ( #5419 ), #3726, .T. ) ;
#3358 = LINE ( 'NONE', #7108, #5507 ) ;
#3359 = FACE_OUTER_BOUND ( 'NONE', #5224, .T. ) ;
#3360 = CIRCLE ( 'NONE', #7465, 29.70000000000000995 ) ;
#3361 = ORIENTED_EDGE ( 'NONE', *, *, #5258, .F. ) ;
#3362 = DIRECTION ( 'NONE',  ( 0.8657681284209208794, 0.4434297682956397924, 0.2319818708429842169 ) ) ;
#3363 = ORIENTED_EDGE ( 'NONE', *, *, #4255, .T. ) ;
#3364 = ORIENTED_EDGE ( 'NONE', *, *, #9648, .T. ) ;
#3365 = EDGE_CURVE ( 'NONE', #8735, #7790, #9269, .T. ) ;
#3366 = CARTESIAN_POINT ( 'NONE',  ( 12.52733726054164975, 53.24654536646294645, 41.77075478194267788 ) ) ;
#3367 = DIRECTION ( 'NONE',  ( 0.000000000000000000, 1.000000000000000000, 0.000000000000000000 ) ) ;
#3368 = VECTOR ( 'NONE', #1856, 1000.000000000000114 ) ;
#3369 = CARTESIAN_POINT ( 'NONE',  ( -12.24022189330255728, 53.50000000000000711, -40.69922564377258567 ) ) ;
#3370 = LINE ( 'NONE', #2804, #3950 ) ;
#3371 = ADVANCED_FACE ( 'NONE', ( #8457 ), #7687, .T. ) ;
#3372 = VERTEX_POINT ( 'NONE', #8506 ) ;
#3373 = AXIS2_PLACEMENT_3D ( 'NONE', #329, #471, #423 ) ;
#3374 = ORIENTED_EDGE ( 'NONE', *, *, #5185, .F. ) ;
#3375 = DIRECTION ( 'NONE',  ( 1.000000000000000000, 0.000000000000000000, 0.000000000000000000 ) ) ;
#3376 = EDGE_CURVE ( 'NONE', #9244, #838, #1478, .T. ) ;
#3377 = ORIENTED_EDGE ( 'NONE', *, *, #6738, .T. ) ;
#3378 = EDGE_CURVE ( 'NONE', #9383, #5520, #10099, .T. ) ;
#3379 = DIRECTION ( 'NONE',  ( -0.2646834405156327508, 0.000000000000000000, -0.9643353546960764522 ) ) ;
#3380 = EDGE_LOOP ( 'NONE', ( #2683, #3437, #9996 ) ) ;
#3381 = LINE ( 'NONE', #8110, #8126 ) ;
#3382 = CARTESIAN_POINT ( 'NONE',  ( 3.075523470720660679, 57.80032493103708902, 18.08721541011914979 ) ) ;
#3383 = EDGE_LOOP ( 'NONE', ( #6445, #6545, #5842, #342 ) ) ;
#3384 = CARTESIAN_POINT ( 'NONE',  ( -30.89498821139688545, 51.00000000000000711, -32.71849176563074479 ) ) ;
#3385 = VECTOR ( 'NONE', #7466, 1000.000000000000000 ) ;
#3386 = VECTOR ( 'NONE', #2164, 1000.000000000000000 ) ;
#3387 = EDGE_LOOP ( 'NONE', ( #7348, #5068, #7369, #7253 ) ) ;
#3388 = VECTOR ( 'NONE', #1102, 1000.000000000000000 ) ;
#3389 = LINE ( 'NONE', #8884, #9408 ) ;
#3390 = CARTESIAN_POINT ( 'NONE',  ( -35.61195404750138493, 70.50000000000000000, 30.67227948683718708 ) ) ;
#3391 = LINE ( 'NONE', #8013, #735 ) ;
#3392 = ORIENTED_EDGE ( 'NONE', *, *, #1504, .T. ) ;
#3393 = DIRECTION ( 'NONE',  ( 0.2529450939004306842, 0.000000000000000000, -0.9674806351920963721 ) ) ;
#3394 = VECTOR ( 'NONE', #4124, 1000.000000000000000 ) ;
#3395 = ORIENTED_EDGE ( 'NONE', *, *, #3244, .F. ) ;
#3396 = FACE_OUTER_BOUND ( 'NONE', #5295, .T. ) ;
#3397 = CARTESIAN_POINT ( 'NONE',  ( 58.04429881564595917, 4.000000000000000000, 17.50000000000001066 ) ) ;
#3398 = ORIENTED_EDGE ( 'NONE', *, *, #1820, .F. ) ;
#3399 = DIRECTION ( 'NONE',  ( 0.000000000000000000, 0.000000000000000000, 1.000000000000000000 ) ) ;
#3400 = CARTESIAN_POINT ( 'NONE',  ( -43.78253914824667703, 71.00000000000001421, -10.39659875787502585 ) ) ;
#3401 = LINE ( 'NONE', #6585, #9120 ) ;
#3402 = CARTESIAN_POINT ( 'NONE',  ( 3.269806953723433662E-15, 68.50000000000000000, -26.70000000000000639 ) ) ;
#3403 = EDGE_LOOP ( 'NONE', ( #8390, #6546, #4955, #7200, #8754, #770, #2547, #2583, #10122, #4068, #7428, #184, #8873, #4833, #1125, #688, #8044, #3837, #1620, #8067, #1920, #1994, #5694, #5070, #2225, #599, #6989, #2335 ) ) ;
#3404 = FACE_BOUND ( 'NONE', #9972, .T. ) ;
#3405 = ORIENTED_EDGE ( 'NONE', *, *, #301, .F. ) ;
#3406 = FACE_OUTER_BOUND ( 'NONE', #8210, .T. ) ;
#3407 = DIRECTION ( 'NONE',  ( -1.047444401652940007E-14, 0.000000000000000000, -1.000000000000000000 ) ) ;
#3408 = CARTESIAN_POINT ( 'NONE',  ( 0.000000000000000000, 4.000000000000000000, 0.000000000000000000 ) ) ;
#3409 = PLANE ( 'NONE',  #2640 ) ;
#3410 = EDGE_CURVE ( 'NONE', #9241, #4335, #6859, .T. ) ;
#3411 = ORIENTED_EDGE ( 'NONE', *, *, #4063, .T. ) ;
#3412 = ADVANCED_FACE ( 'NONE', ( #9418 ), #4492, .F. ) ;
#3413 = CARTESIAN_POINT ( 'NONE',  ( -53.56071321407137731, 4.000000000000000000, -12.49999999999999112 ) ) ;
#3414 = ORIENTED_EDGE ( 'NONE', *, *, #4077, .F. ) ;
#3415 = ORIENTED_EDGE ( 'NONE', *, *, #7266, .T. ) ;
#3416 = DIRECTION ( 'NONE',  ( 0.7071067811865455743, -0.000000000000000000, -0.7071067811865493491 ) ) ;
#3417 = FACE_OUTER_BOUND ( 'NONE', #8041, .T. ) ;
#3418 = DIRECTION ( 'NONE',  ( 0.000000000000000000, 0.000000000000000000, 1.000000000000000000 ) ) ;
#3419 = CARTESIAN_POINT ( 'NONE',  ( -5.874250626806746034, 70.50000000000000000, 22.46821094675078356 ) ) ;
#3420 = ORIENTED_EDGE ( 'NONE', *, *, #9018, .T. ) ;
#3421 = EDGE_LOOP ( 'NONE', ( #2483, #3237, #4623, #1020 ) ) ;
#3422 = PRODUCT_RELATED_PRODUCT_CATEGORY ( 'part', '', ( #7286 ) ) ;
#3423 = ORIENTED_EDGE ( 'NONE', *, *, #1059, .T. ) ;
#3424 = CARTESIAN_POINT ( 'NONE',  ( 54.79869194741704064, 9.871842204322843983, -4.710282456661547990 ) ) ;
#3425 = VERTEX_POINT ( 'NONE', #2345 ) ;
#3426 = CARTESIAN_POINT ( 'NONE',  ( 6.249999999999299227, 0.000000000000000000, -67.97214940782305348 ) ) ;
#3427 = PLANE ( 'NONE',  #9316 ) ;
#3428 = EDGE_CURVE ( 'NONE', #7994, #4261, #3109, .T. ) ;
#3429 = TOROIDAL_SURFACE ( 'NONE', #4088, 42.49999999999998579, 2.500000000000000000 ) ;
#3430 = EDGE_LOOP ( 'NONE', ( #7072, #7063, #944, #141, #6612, #3815 ) ) ;
#3431 = CARTESIAN_POINT ( 'NONE',  ( 6.633085908508379980, 61.00000000000000711, 25.37065285232696610 ) ) ;
#3432 = ORIENTED_EDGE ( 'NONE', *, *, #5185, .T. ) ;
#3433 = CONICAL_SURFACE ( 'NONE', #490, 50.00000000000000711, 0.7853981633974469467 ) ;
#3434 = CARTESIAN_POINT ( 'NONE',  ( -17.49999999999975486, 44.31128874149284513, 73.04429881564600180 ) ) ;
#3435 = VECTOR ( 'NONE', #2591, 1000.000000000000000 ) ;
#3436 = DIRECTION ( 'NONE',  ( 0.000000000000000000, 0.000000000000000000, -1.000000000000000000 ) ) ;
#3437 = ORIENTED_EDGE ( 'NONE', *, *, #6146, .T. ) ;
#3438 = DIRECTION ( 'NONE',  ( 0.000000000000000000, -1.000000000000000000, 0.000000000000000000 ) ) ;
#3439 = VECTOR ( 'NONE', #2912, 1000.000000000000000 ) ;
#3440 = EDGE_LOOP ( 'NONE', ( #437, #9292, #7485, #2740, #6675 ) ) ;
#3441 = CYLINDRICAL_SURFACE ( 'NONE', #5774, 36.99999999999999289 ) ;
#3442 = FACE_OUTER_BOUND ( 'NONE', #222, .T. ) ;
#3443 = AXIS2_PLACEMENT_3D ( 'NONE', #8725, #875, #7083 ) ;
#3444 = ORIENTED_EDGE ( 'NONE', *, *, #9377, .F. ) ;
#3445 = ADVANCED_FACE ( 'NONE', ( #3417 ), #1023, .T. ) ;
#3446 = EDGE_CURVE ( 'NONE', #3581, #43, #1681, .T. ) ;
#3447 = ADVANCED_FACE ( 'NONE', ( #1623 ), #5722, .T. ) ;
#3448 = CARTESIAN_POINT ( 'NONE',  ( -22.39516677087721774, 61.00000000000000711, -6.146855202363884274 ) ) ;
#3449 = CARTESIAN_POINT ( 'NONE',  ( 6.000723173756801643, 71.00000000000001421, -22.95195126434687438 ) ) ;
#3450 = VECTOR ( 'NONE', #9207, 1000.000000000000000 ) ;
#3451 = AXIS2_PLACEMENT_3D ( 'NONE', #1011, #6444, #8750 ) ;
#3452 = DIRECTION ( 'NONE',  ( -0.4999999999999974465, 0.000000000000000000, 0.8660254037844400399 ) ) ;
#3453 = CARTESIAN_POINT ( 'NONE',  ( 0.4427328229371187418, 61.00000000000000711, -1.652301389379719820 ) ) ;
#3454 = DIRECTION ( 'NONE',  ( 1.000000000000000000, 0.000000000000000000, 1.047444401652939849E-14 ) ) ;
#3455 = EDGE_LOOP ( 'NONE', ( #2436, #9599, #8090, #2987 ) ) ;
#3456 = CARTESIAN_POINT ( 'NONE',  ( -6.471738182438357967, 61.00000000000000711, -30.76206126766261306 ) ) ;
#3457 = EDGE_LOOP ( 'NONE', ( #7225, #6615, #3606, #1693 ) ) ;
#3458 = DIRECTION ( 'NONE',  ( -0.000000000000000000, 1.000000000000000000, 0.000000000000000000 ) ) ;
#3459 = CARTESIAN_POINT ( 'NONE',  ( -16.87661127446817133, 71.00000000000001421, 16.67275434172500326 ) ) ;
#3460 = CARTESIAN_POINT ( 'NONE',  ( 11.25000000000000000, 4.000000000000000000, 13.00000000000000000 ) ) ;
#3461 = CARTESIAN_POINT ( 'NONE',  ( -31.51983550409811485, 70.49999999999998579, -15.76324483274674293 ) ) ;
#3462 = VERTEX_POINT ( 'NONE', #5563 ) ;
#3463 = DIRECTION ( 'NONE',  ( 1.000000000000000000, 0.000000000000000000, 1.047444401652940007E-14 ) ) ;
#3464 = ORIENTED_EDGE ( 'NONE', *, *, #5498, .T. ) ;
#3465 = ORIENTED_EDGE ( 'NONE', *, *, #3244, .T. ) ;
#3466 = CARTESIAN_POINT ( 'NONE',  ( 13.74999999999999822, 23.30000000000000071, 5.000000000000000000 ) ) ;
#3467 = CARTESIAN_POINT ( 'NONE',  ( -5.874250626806746034, 61.00000000000000711, 22.46821094675078356 ) ) ;
#3468 = VECTOR ( 'NONE', #9145, 1000.000000000000114 ) ;
#3469 = DIRECTION ( 'NONE',  ( -0.8660254037844328234, 0.000000000000000000, 0.5000000000000101030 ) ) ;
#3470 = CARTESIAN_POINT ( 'NONE',  ( -4.049354069084214913, 70.83629404531720297, -29.42391493517827072 ) ) ;
#3471 = ORIENTED_EDGE ( 'NONE', *, *, #9529, .T. ) ;
#3472 = EDGE_CURVE ( 'NONE', #6104, #9205, #5517, .T. ) ;
#3473 = FACE_OUTER_BOUND ( 'NONE', #7346, .T. ) ;
#3474 = AXIS2_PLACEMENT_3D ( 'NONE', #6424, #4820, #1652 ) ;
#3475 = ORIENTED_EDGE ( 'NONE', *, *, #6452, .T. ) ;
#3476 = CARTESIAN_POINT ( 'NONE',  ( 12.50000000000021494, 0.000000000000000000, 78.04429881564593074 ) ) ;
#3477 = ORIENTED_EDGE ( 'NONE', *, *, #3670, .F. ) ;
#3478 = DIRECTION ( 'NONE',  ( 0.9659258262890674240, 0.000000000000000000, -0.2588190451025235150 ) ) ;
#3479 = DIRECTION ( 'NONE',  ( -0.9674806351920929304, 0.000000000000000000, 0.2529450939004439514 ) ) ;
#3480 = EDGE_LOOP ( 'NONE', ( #8099, #8078, #1557, #8656 ) ) ;
#3481 = DIRECTION ( 'NONE',  ( -0.000000000000000000, 1.000000000000000000, 0.000000000000000000 ) ) ;
#3482 = EDGE_CURVE ( 'NONE', #1714, #1116, #5243, .T. ) ;
#3483 = ORIENTED_EDGE ( 'NONE', *, *, #2313, .F. ) ;
#3484 = CARTESIAN_POINT ( 'NONE',  ( -8.756996203826419745, 61.00000000000000711, -46.17699662695888208 ) ) ;
#3485 = EDGE_CURVE ( 'NONE', #3653, #4827, #4958, .T. ) ;
#3486 = PLANE ( 'NONE',  #5128 ) ;
#3487 = EDGE_CURVE ( 'NONE', #4316, #4801, #3985, .T. ) ;
#3488 = ORIENTED_EDGE ( 'NONE', *, *, #2005, .T. ) ;
#3489 = CARTESIAN_POINT ( 'NONE',  ( 0.000000000000000000, 56.00000000000000711, 0.000000000000000000 ) ) ;
#3490 = VECTOR ( 'NONE', #2456, 1000.000000000000000 ) ;
#3491 = ORIENTED_EDGE ( 'NONE', *, *, #4106, .T. ) ;
#3492 = DIRECTION ( 'NONE',  ( 0.8660254037844398178, 0.000000000000000000, 0.4999999999999980016 ) ) ;
#3493 = EDGE_CURVE ( 'NONE', #5602, #5350, #8860, .T. ) ;
#3494 = ORIENTED_EDGE ( 'NONE', *, *, #118, .T. ) ;
#3495 = EDGE_CURVE ( 'NONE', #3981, #1599, #907, .T. ) ;
#3496 = FACE_OUTER_BOUND ( 'NONE', #2526, .T. ) ;
#3497 = DIRECTION ( 'NONE',  ( 0.2319818708429865206, -0.4434297682956470088, -0.8657681284209165495 ) ) ;
#3498 = ADVANCED_FACE ( 'NONE', ( #8047 ), #4847, .T. ) ;
#3499 = DIRECTION ( 'NONE',  ( -0.000000000000000000, 1.000000000000000000, -0.000000000000000000 ) ) ;
#3500 = ADVANCED_FACE ( 'NONE', ( #7894 ), #7116, .T. ) ;
#3501 = FACE_BOUND ( 'NONE', #7433, .T. ) ;
#3502 = ORIENTED_EDGE ( 'NONE', *, *, #8595, .T. ) ;
#3503 = PLANE ( 'NONE',  #7469 ) ;
#3504 = VERTEX_POINT ( 'NONE', #8710 ) ;
#3505 = DIRECTION ( 'NONE',  ( -0.7071067811865493491, -0.000000000000000000, 0.7071067811865455743 ) ) ;
#3506 = DIRECTION ( 'NONE',  ( 0.000000000000000000, 1.000000000000000000, -0.000000000000000000 ) ) ;
#3507 = DIRECTION ( 'NONE',  ( 0.000000000000000000, -0.000000000000000000, -1.000000000000000000 ) ) ;
#3508 = PLANE ( 'NONE',  #6232 ) ;
#3509 = ORIENTED_EDGE ( 'NONE', *, *, #351, .T. ) ;
#3510 = VECTOR ( 'NONE', #9598, 1000.000000000000000 ) ;
#3511 = LINE ( 'NONE', #6643, #4737 ) ;
#3512 = ORIENTED_EDGE ( 'NONE', *, *, #52, .T. ) ;
#3513 = VERTEX_POINT ( 'NONE', #4795 ) ;
#3514 = DIRECTION ( 'NONE',  ( 0.3449775664491150362, -0.9386109303896084111, -0.000000000000000000 ) ) ;
#3515 = DIRECTION ( 'NONE',  ( 0.2646834405156263670, 0.000000000000000000, -0.9643353546960782285 ) ) ;
#3516 = CARTESIAN_POINT ( 'NONE',  ( 73.04429881564588811, 0.000000000000000000, 17.50000000000001066 ) ) ;
#3517 = CARTESIAN_POINT ( 'NONE',  ( -12.49999999999972644, 0.000000000000000000, 78.04429881564600180 ) ) ;
#3518 = ORIENTED_EDGE ( 'NONE', *, *, #1060, .T. ) ;
#3519 = DIRECTION ( 'NONE',  ( 0.000000000000000000, -1.000000000000000000, 0.000000000000000000 ) ) ;
#3520 = CARTESIAN_POINT ( 'NONE',  ( 44.91516645475783776, 19.60748525949649945, -2.767785764378944524 ) ) ;
#3521 = ORIENTED_EDGE ( 'NONE', *, *, #3679, .F. ) ;
#3522 = LINE ( 'NONE', #2960, #4568 ) ;
#3523 = VERTEX_POINT ( 'NONE', #3263 ) ;
#3524 = PLANE ( 'NONE',  #10069 ) ;
#3525 = CARTESIAN_POINT ( 'NONE',  ( 43.76688953317120223, 51.32744935920174356, 10.39240545615372646 ) ) ;
#3526 = VECTOR ( 'NONE', #5267, 1000.000000000000000 ) ;
#3527 = ORIENTED_EDGE ( 'NONE', *, *, #8072, .T. ) ;
#3528 = CARTESIAN_POINT ( 'NONE',  ( 13.74999999999999822, 23.30000000000000071, -6.299999999999999822 ) ) ;
#3529 = ORIENTED_EDGE ( 'NONE', *, *, #749, .F. ) ;
#3530 = DIRECTION ( 'NONE',  ( 0.000000000000000000, 0.000000000000000000, 1.000000000000000000 ) ) ;
#3531 = ADVANCED_FACE ( 'NONE', ( #7168 ), #9523, .F. ) ;
#3532 = VECTOR ( 'NONE', #5356, 1000.000000000000000 ) ;
#3533 = DIRECTION ( 'NONE',  ( 0.000000000000000000, 0.000000000000000000, 1.000000000000000000 ) ) ;
#3534 = ORIENTED_EDGE ( 'NONE', *, *, #1040, .F. ) ;
#3535 = VECTOR ( 'NONE', #8426, 1000.000000000000000 ) ;
#3536 = ORIENTED_EDGE ( 'NONE', *, *, #6638, .F. ) ;
#3537 = LINE ( 'NONE', #5081, #1678 ) ;
#3538 = ORIENTED_EDGE ( 'NONE', *, *, #2502, .F. ) ;
#3539 = APPLICATION_CONTEXT ( 'automotive_design' ) ;
#3540 = DIRECTION ( 'NONE',  ( -1.000000000000000000, 0.000000000000000000, 0.000000000000000000 ) ) ;
#3541 = CARTESIAN_POINT ( 'NONE',  ( -30.44486301286593388, 53.50000000000000711, -6.822779208491868808 ) ) ;
#3542 = AXIS2_PLACEMENT_3D ( 'NONE', #10034, #9371, #3064 ) ;
#3543 = CARTESIAN_POINT ( 'NONE',  ( 78.04429881564595917, 4.000000000000003553, -17.49999999999999289 ) ) ;
#3544 = ADVANCED_FACE ( 'NONE', ( #8809 ), #2503, .T. ) ;
#3545 = DIRECTION ( 'NONE',  ( 0.000000000000000000, 1.000000000000000000, 0.000000000000000000 ) ) ;
#3546 = DIRECTION ( 'NONE',  ( 0.000000000000000000, -0.000000000000000000, 1.000000000000000000 ) ) ;
#3547 = VERTEX_POINT ( 'NONE', #8756 ) ;
#3548 = CARTESIAN_POINT ( 'NONE',  ( 78.04429881564594496, 0.000000000000000000, 12.49999999999998046 ) ) ;
#3549 = CARTESIAN_POINT ( 'NONE',  ( -12.49999999999999112, 0.000000000000000000, 4.364351673553914170E-14 ) ) ;
#3550 = VECTOR ( 'NONE', #993, 1000.000000000000000 ) ;
#3551 = EDGE_CURVE ( 'NONE', #8324, #8735, #7996, .T. ) ;
#3552 = PLANE ( 'NONE',  #3927 ) ;
#3553 = EDGE_CURVE ( 'NONE', #8214, #4283, #2604, .T. ) ;
#3554 = DIRECTION ( 'NONE',  ( -1.047444401652940007E-14, 0.000000000000000000, -1.000000000000000000 ) ) ;
#3555 = EDGE_LOOP ( 'NONE', ( #9317, #2372, #9406, #3062 ) ) ;
#3556 = DIRECTION ( 'NONE',  ( 0.000000000000000000, -0.000000000000000000, -1.000000000000000000 ) ) ;
#3557 = ORIENTED_EDGE ( 'NONE', *, *, #8667, .T. ) ;
#3558 = EDGE_LOOP ( 'NONE', ( #1245, #3572, #2131 ) ) ;
#3559 = FACE_OUTER_BOUND ( 'NONE', #1493, .T. ) ;
#3560 = FACE_OUTER_BOUND ( 'NONE', #9816, .T. ) ;
#3561 = CARTESIAN_POINT ( 'NONE',  ( -66.52214940782297958, 4.000000000000000000, -7.699999999999994849 ) ) ;
#3562 = DIRECTION ( 'NONE',  ( 0.000000000000000000, 1.000000000000000000, 0.000000000000000000 ) ) ;
#3563 = EDGE_LOOP ( 'NONE', ( #533, #2646, #1886, #9636 ) ) ;
#3564 = EDGE_CURVE ( 'NONE', #2600, #6797, #5782, .T. ) ;
#3565 = EDGE_CURVE ( 'NONE', #1873, #8123, #8149, .T. ) ;
#3566 = ADVANCED_FACE ( 'NONE', ( #1120, #2851, #5053 ), #7425, .T. ) ;
#3567 = CARTESIAN_POINT ( 'NONE',  ( -6.250000000000692779, -1.000000000000000000, -65.07214940782291990 ) ) ;
#3568 = EDGE_CURVE ( 'NONE', #2080, #62, #7475, .T. ) ;
#3569 = CARTESIAN_POINT ( 'NONE',  ( 44.89161798264175474, 19.41562618793572170, 3.126541252593844966 ) ) ;
#3570 = ORIENTED_EDGE ( 'NONE', *, *, #8311, .T. ) ;
#3571 = CARTESIAN_POINT ( 'NONE',  ( -42.43524478543762513, 26.00000000000001066, 24.49999999999974420 ) ) ;
#3572 = ORIENTED_EDGE ( 'NONE', *, *, #411, .T. ) ;
#3573 = DIRECTION ( 'NONE',  ( 0.000000000000000000, 1.000000000000000000, 0.000000000000000000 ) ) ;
#3574 = DIRECTION ( 'NONE',  ( 0.2646834405156262560, 0.000000000000000000, -0.9643353546960783396 ) ) ;
#3575 = ORIENTED_EDGE ( 'NONE', *, *, #10075, .F. ) ;
#3576 = PLANE ( 'NONE',  #4946 ) ;
#3577 = VERTEX_POINT ( 'NONE', #5925 ) ;
#3578 = CARTESIAN_POINT ( 'NONE',  ( 63.04429881564596627, 31.20788311109079771, -12.49999999999999112 ) ) ;
#3579 = VECTOR ( 'NONE', #307, 1000.000000000000000 ) ;
#3580 = DIRECTION ( 'NONE',  ( -0.000000000000000000, 1.000000000000000000, -0.000000000000000000 ) ) ;
#3581 = VERTEX_POINT ( 'NONE', #393 ) ;
#3582 = CARTESIAN_POINT ( 'NONE',  ( -12.50000000000044409, 31.20788311109079771, -43.28812969620300777 ) ) ;
#3583 = ORIENTED_EDGE ( 'NONE', *, *, #5315, .F. ) ;
#3584 = DIRECTION ( 'NONE',  ( 0.000000000000000000, 1.000000000000000000, 0.000000000000000000 ) ) ;
#3585 = ORIENTED_EDGE ( 'NONE', *, *, #696, .T. ) ;
#3586 = EDGE_CURVE ( 'NONE', #1151, #1278, #9060, .T. ) ;
#3587 = CIRCLE ( 'NONE', #7042, 54.99999999999999289 ) ;
#3588 = LINE ( 'NONE', #3448, #8804 ) ;
#3589 = DIRECTION ( 'NONE',  ( 0.000000000000000000, 1.000000000000000000, 0.000000000000000000 ) ) ;
#3590 = VECTOR ( 'NONE', #6840, 1000.000000000000000 ) ;
#3591 = AXIS2_PLACEMENT_3D ( 'NONE', #9646, #7595, #2585 ) ;
#3592 = CARTESIAN_POINT ( 'NONE',  ( 6.250000000000228262, 4.000000000000000000, 65.07214940782296253 ) ) ;
#3593 = VECTOR ( 'NONE', #5472, 1000.000000000000000 ) ;
#3594 = FACE_BOUND ( 'NONE', #10068, .T. ) ;
#3595 = DIRECTION ( 'NONE',  ( -0.000000000000000000, -1.000000000000000000, -0.000000000000000000 ) ) ;
#3596 = VECTOR ( 'NONE', #269, 1000.000000000000000 ) ;
#3597 = ORIENTED_EDGE ( 'NONE', *, *, #4779, .T. ) ;
#3598 = CARTESIAN_POINT ( 'NONE',  ( 1.734723475976807094E-15, 61.00000000000000711, 33.04427230315816644 ) ) ;
#3599 = PLANE ( 'NONE',  #6730 ) ;
#3600 = AXIS2_PLACEMENT_3D ( 'NONE', #7326, #1729, #85 ) ;
#3601 = PLANE ( 'NONE',  #6496 ) ;
#3602 = LINE ( 'NONE', #6742, #8699 ) ;
#3603 = VECTOR ( 'NONE', #3554, 1000.000000000000000 ) ;
#3604 = AXIS2_PLACEMENT_3D ( 'NONE', #1898, #4912, #1034 ) ;
#3605 = EDGE_CURVE ( 'NONE', #8443, #9674, #542, .T. ) ;
#3606 = ORIENTED_EDGE ( 'NONE', *, *, #9054, .F. ) ;
#3607 = CARTESIAN_POINT ( 'NONE',  ( 66.52214940782297958, -1.000000000000000000, 6.249999999999996447 ) ) ;
#3608 = ORIENTED_EDGE ( 'NONE', *, *, #2684, .F. ) ;
#3609 = EDGE_LOOP ( 'NONE', ( #2030, #2476, #7783, #6746 ) ) ;
#3610 = VECTOR ( 'NONE', #7985, 999.9999999999998863 ) ;
#3611 = LINE ( 'NONE', #7519, #5585 ) ;
#3612 = EDGE_CURVE ( 'NONE', #1569, #7796, #4751, .T. ) ;
#3613 = DIRECTION ( 'NONE',  ( 0.000000000000000000, 1.000000000000000000, 0.000000000000000000 ) ) ;
#3614 = AXIS2_PLACEMENT_3D ( 'NONE', #7795, #2913, #3066 ) ;
#3615 = CARTESIAN_POINT ( 'NONE',  ( -41.99704927304792790, 70.49999999999998579, -13.02400672895175049 ) ) ;
#3616 = EDGE_CURVE ( 'NONE', #10011, #9868, #9677, .T. ) ;
#3617 = VERTEX_POINT ( 'NONE', #8247 ) ;
#3618 = CIRCLE ( 'NONE', #6085, 1.449999999999999067 ) ;
#3619 = CARTESIAN_POINT ( 'NONE',  ( -3.816391647148975608E-14, 79.38334886522928002, -24.67293999023167572 ) ) ;
#3620 = CARTESIAN_POINT ( 'NONE',  ( 44.95533062768137000, 19.92011259190039496, 2.014109272616285473 ) ) ;
#3621 = AXIS2_PLACEMENT_3D ( 'NONE', #8419, #8130, #4549 ) ;
#3622 = VERTEX_POINT ( 'NONE', #6600 ) ;
#3623 = EDGE_CURVE ( 'NONE', #9630, #8192, #5871, .T. ) ;
#3624 = DIRECTION ( 'NONE',  ( 0.000000000000000000, 1.000000000000000000, 0.000000000000000000 ) ) ;
#3625 = ADVANCED_FACE ( 'NONE', ( #3560 ), #4235, .T. ) ;
#3626 = ORIENTED_EDGE ( 'NONE', *, *, #5311, .F. ) ;
#3627 = VECTOR ( 'NONE', #9510, 1000.000000000000000 ) ;
#3628 = CARTESIAN_POINT ( 'NONE',  ( 43.78253914824666282, 71.00000000000001421, 10.39659875787505072 ) ) ;
#3629 = ADVANCED_FACE ( 'NONE', ( #5203 ), #5005, .T. ) ;
#3630 = DIRECTION ( 'NONE',  ( 0.9643353546960782285, 0.000000000000000000, 0.2646834405156262560 ) ) ;
#3631 = ORIENTED_EDGE ( 'NONE', *, *, #802, .F. ) ;
#3632 = FACE_OUTER_BOUND ( 'NONE', #3160, .T. ) ;
#3633 = DIRECTION ( 'NONE',  ( 0.000000000000000000, 0.000000000000000000, 1.000000000000000000 ) ) ;
#3634 = EDGE_LOOP ( 'NONE', ( #8688, #1679, #3877, #8541, #9550, #856 ) ) ;
#3635 = VECTOR ( 'NONE', #5636, 1000.000000000000000 ) ;
#3636 = DIRECTION ( 'NONE',  ( 3.491481338843133355E-15, -0.000000000000000000, 1.000000000000000000 ) ) ;
#3637 = CARTESIAN_POINT ( 'NONE',  ( -23.78604288879177631, 61.00000000000000711, -17.78522318365891053 ) ) ;
#3638 = FACE_OUTER_BOUND ( 'NONE', #4990, .T. ) ;
#3639 = ORIENTED_EDGE ( 'NONE', *, *, #9870, .T. ) ;
#3640 = FACE_OUTER_BOUND ( 'NONE', #3563, .T. ) ;
#3641 = VERTEX_POINT ( 'NONE', #5827 ) ;
#3642 = DIRECTION ( 'NONE',  ( -1.000000000000000000, 0.000000000000000000, -0.000000000000000000 ) ) ;
#3643 = VERTEX_POINT ( 'NONE', #8195 ) ;
#3644 = DIRECTION ( 'NONE',  ( 0.000000000000000000, 0.000000000000000000, 1.000000000000000000 ) ) ;
#3645 = EDGE_CURVE ( 'NONE', #7279, #6949, #4288, .T. ) ;
#3646 = LINE ( 'NONE', #6627, #1099 ) ;
#3647 = CARTESIAN_POINT ( 'NONE',  ( -78.04429881564594496, 4.000000000000003553, -12.49999999999998046 ) ) ;
#3648 = CARTESIAN_POINT ( 'NONE',  ( 0.000000000000000000, 71.00000000000001421, 0.000000000000000000 ) ) ;
#3649 = CYLINDRICAL_SURFACE ( 'NONE', #4670, 17.12500000000000000 ) ;
#3650 = ORIENTED_EDGE ( 'NONE', *, *, #9781, .F. ) ;
#3651 = CARTESIAN_POINT ( 'NONE',  ( 0.000000000000000000, 71.00000000000001421, 29.70000000000000284 ) ) ;
#3652 = CARTESIAN_POINT ( 'NONE',  ( 78.04429881564595917, 0.000000000000000000, -12.49999999999993250 ) ) ;
#3653 = VERTEX_POINT ( 'NONE', #7520 ) ;
#3654 = DIRECTION ( 'NONE',  ( -0.000000000000000000, 1.000000000000000000, -0.000000000000000000 ) ) ;
#3655 = DIRECTION ( 'NONE',  ( -0.2646834405156328063, 0.000000000000000000, -0.9643353546960763412 ) ) ;
#3656 = ORIENTED_EDGE ( 'NONE', *, *, #311, .F. ) ;
#3657 = CARTESIAN_POINT ( 'NONE',  ( -31.75000000000000000, 30.49999999999999645, 13.00000000000000000 ) ) ;
#3658 = LINE ( 'NONE', #5297, #330 ) ;
#3659 = ADVANCED_FACE ( 'NONE', ( #1984 ), #1221, .T. ) ;
#3660 = ORIENTED_EDGE ( 'NONE', *, *, #6465, .T. ) ;
#3661 = ORIENTED_EDGE ( 'NONE', *, *, #8683, .T. ) ;
#3662 = PLANE ( 'NONE',  #10006 ) ;
#3663 = CARTESIAN_POINT ( 'NONE',  ( -1.734723475976789542E-15, 121.0000000000001563, -3.004629197474328712E-15 ) ) ;
#3664 = CARTESIAN_POINT ( 'NONE',  ( 12.40764239015346426, 53.42042054621737179, -41.32404744424859189 ) ) ;
#3665 = ORIENTED_EDGE ( 'NONE', *, *, #9651, .T. ) ;
#3666 = DIRECTION ( 'NONE',  ( 0.1788591911648718114, -0.7071067811865480168, 0.6841121178109967893 ) ) ;
#3667 = CARTESIAN_POINT ( 'NONE',  ( 44.99430600300844674, 20.20937523851982576, -0.8205761084677938300 ) ) ;
#3668 = VECTOR ( 'NONE', #7084, 1000.000000000000000 ) ;
#3669 = ORIENTED_EDGE ( 'NONE', *, *, #9927, .F. ) ;
#3670 = EDGE_CURVE ( 'NONE', #6952, #7796, #1818, .T. ) ;
#3671 = DIRECTION ( 'NONE',  ( 0.000000000000000000, 1.000000000000000000, 0.000000000000000000 ) ) ;
#3672 = ORIENTED_EDGE ( 'NONE', *, *, #4598, .T. ) ;
#3673 = LINE ( 'NONE', #504, #3526 ) ;
#3674 = EDGE_CURVE ( 'NONE', #5520, #5868, #5973, .T. ) ;
#3675 = CARTESIAN_POINT ( 'NONE',  ( 54.64373248598598565, 14.00000000000000000, -6.250000000000000000 ) ) ;
#3676 = CYLINDRICAL_SURFACE ( 'NONE', #3931, 24.12500000000000000 ) ;
#3677 = CARTESIAN_POINT ( 'NONE',  ( 41.36667426851339968, 53.50000000000000711, -9.749269714327816416 ) ) ;
#3678 = ORIENTED_EDGE ( 'NONE', *, *, #7405, .T. ) ;
#3679 = EDGE_CURVE ( 'NONE', #4655, #2080, #6027, .T. ) ;
#3680 = EDGE_CURVE ( 'NONE', #8120, #8308, #2338, .T. ) ;
#3681 = DIRECTION ( 'NONE',  ( 0.9674806351920982594, 0.000000000000000000, 0.2529450939004239118 ) ) ;
#3682 = VECTOR ( 'NONE', #4904, 1000.000000000000114 ) ;
#3683 = LINE ( 'NONE', #615, #8881 ) ;
#3684 = VECTOR ( 'NONE', #7486, 1000.000000000000000 ) ;
#3685 = DIRECTION ( 'NONE',  ( 0.000000000000000000, 1.000000000000000000, -0.000000000000000000 ) ) ;
#3686 = ORIENTED_EDGE ( 'NONE', *, *, #432, .F. ) ;
#3687 = LINE ( 'NONE', #4505, #8874 ) ;
#3688 = ORIENTED_EDGE ( 'NONE', *, *, #1015, .F. ) ;
#3689 = CARTESIAN_POINT ( 'NONE',  ( 44.64862051554230504, 11.22464695459624551, 5.614757636356261905 ) ) ;
#3690 = ORIENTED_EDGE ( 'NONE', *, *, #850, .F. ) ;
#3691 = AXIS2_PLACEMENT_3D ( 'NONE', #7612, #1299, #4415 ) ;
#3692 = B_SPLINE_CURVE_WITH_KNOTS ( 'NONE', 3,
 ( #7414, #4468, #4325, #576, #9954, #6836, #7463, #8284, #7566, #5042, #3700, #8183, #1301, #1155, #5142, #9762 ),
 .UNSPECIFIED., .F., .F.,
 ( 4, 2, 2, 2, 2, 2, 2, 4 ),
 ( 6.938893903907227607E-18, 0.0004882818077346312655, 0.0009765636154692555922, 0.001464845423203879919, 0.001953127230938504245, 0.002441409038673128789, 0.002929690846407752899, 0.003906254461876982470 ),
 .UNSPECIFIED. ) ;
#3693 = DIRECTION ( 'NONE',  ( 0.2646834405156328618, 0.000000000000000000, 0.9643353546960764522 ) ) ;
#3694 = PLANE ( 'NONE',  #6162 ) ;
#3695 = AXIS2_PLACEMENT_3D ( 'NONE', #7762, #1547, #725 ) ;
#3696 = CARTESIAN_POINT ( 'NONE',  ( 29.41128822328133907, 70.50000000000002842, -19.41535585328255920 ) ) ;
#3697 = DIRECTION ( 'NONE',  ( 0.000000000000000000, 0.000000000000000000, 1.000000000000000000 ) ) ;
#3698 = DIRECTION ( 'NONE',  ( 0.8660254037844388186, 0.000000000000000000, 0.4999999999999997224 ) ) ;
#3699 = ORIENTED_EDGE ( 'NONE', *, *, #2509, .F. ) ;
#3700 = CARTESIAN_POINT ( 'NONE',  ( -42.84251536342204503, 52.98609450367802509, -10.14472014386521970 ) ) ;
#3701 = CARTESIAN_POINT ( 'NONE',  ( 29.28481567633151172, 71.00000000000001421, 18.93161553568587863 ) ) ;
#3702 = AXIS2_PLACEMENT_3D ( 'NONE', #3408, #8852, #1832 ) ;
#3703 = ORIENTED_EDGE ( 'NONE', *, *, #9870, .F. ) ;
#3704 = AXIS2_PLACEMENT_3D ( 'NONE', #8317, #5745, #4207 ) ;
#3705 = CARTESIAN_POINT ( 'NONE',  ( -31.75000000000000000, 22.50000000000000000, 13.00000000000000000 ) ) ;
#3706 = CARTESIAN_POINT ( 'NONE',  ( 29.87659562178821915, 61.00000000000000711, -9.776340961198313195 ) ) ;
#3707 = VECTOR ( 'NONE', #806, 999.9999999999998863 ) ;
#3708 = ORIENTED_EDGE ( 'NONE', *, *, #2632, .F. ) ;
#3709 = CARTESIAN_POINT ( 'NONE',  ( 17.49999999999924682, 0.000000000000000000, -73.04429881564611549 ) ) ;
#3710 = VECTOR ( 'NONE', #3540, 1000.000000000000000 ) ;
#3711 = DIRECTION ( 'NONE',  ( 0.000000000000000000, 0.9386109303896084111, -0.3449775664491150362 ) ) ;
#3712 = EDGE_LOOP ( 'NONE', ( #2433, #6246, #1590, #5003 ) ) ;
#3713 = VERTEX_POINT ( 'NONE', #2283 ) ;
#3714 = CARTESIAN_POINT ( 'NONE',  ( 13.74999999999999822, 30.50000000000000000, 5.000000000000000000 ) ) ;
#3715 = DIRECTION ( 'NONE',  ( 3.491481338843133355E-15, 0.000000000000000000, 1.000000000000000000 ) ) ;
#3716 = VECTOR ( 'NONE', #4872, 999.9999999999998863 ) ;
#3717 = ORIENTED_EDGE ( 'NONE', *, *, #4542, .F. ) ;
#3718 = LINE ( 'NONE', #799, #2567 ) ;
#3719 = CARTESIAN_POINT ( 'NONE',  ( 44.60876727731796620, 16.01075970614035882, 5.921275023242960067 ) ) ;
#3720 = EDGE_CURVE ( 'NONE', #6463, #4297, #5253, .T. ) ;
#3721 = EDGE_CURVE ( 'NONE', #9150, #6468, #7678, .T. ) ;
#3722 = VERTEX_POINT ( 'NONE', #4531 ) ;
#3723 = DIRECTION ( 'NONE',  ( 0.9674806351920982594, 0.000000000000000000, 0.2529450939004239118 ) ) ;
#3724 = EDGE_LOOP ( 'NONE', ( #8732, #1497, #1727, #8808, #7774, #2681 ) ) ;
#3725 = CARTESIAN_POINT ( 'NONE',  ( 66.52214940782297958, -1.000000000000000000, 4.799999999999997158 ) ) ;
#3726 = PLANE ( 'NONE',  #6335 ) ;
#3727 = LINE ( 'NONE', #6860, #7035 ) ;
#3728 = DIRECTION ( 'NONE',  ( 0.000000000000000000, 0.000000000000000000, 1.000000000000000000 ) ) ;
#3729 = EDGE_CURVE ( 'NONE', #7395, #1674, #8447, .T. ) ;
#3730 = ORIENTED_EDGE ( 'NONE', *, *, #6427, .F. ) ;
#3731 = LINE ( 'NONE', #7692, #6798 ) ;
#3732 = CARTESIAN_POINT ( 'NONE',  ( 6.250000000000228262, 0.000000000000000000, 66.52214940782296537 ) ) ;
#3733 = EDGE_CURVE ( 'NONE', #50, #8193, #5459, .T. ) ;
#3734 = CARTESIAN_POINT ( 'NONE',  ( -35.61195404750159099, 61.00000000000000711, -30.67227948683692418 ) ) ;
#3735 = ORIENTED_EDGE ( 'NONE', *, *, #8436, .T. ) ;
#3736 = CYLINDRICAL_SURFACE ( 'NONE', #6727, 55.00000000000000000 ) ;
#3737 = ORIENTED_EDGE ( 'NONE', *, *, #2734, .T. ) ;
#3738 = FACE_OUTER_BOUND ( 'NONE', #3846, .T. ) ;
#3739 = ORIENTED_EDGE ( 'NONE', *, *, #8963, .T. ) ;
#3740 = DIRECTION ( 'NONE',  ( 0.000000000000000000, 1.000000000000000000, -0.000000000000000000 ) ) ;
#3741 = CARTESIAN_POINT ( 'NONE',  ( 32.31394446327432490, 70.49999999999992895, 18.65646453444963981 ) ) ;
#3742 = AXIS2_PLACEMENT_3D ( 'NONE', #9064, #2034, #7526 ) ;
#3743 = CARTESIAN_POINT ( 'NONE',  ( -17.49999999999999289, 4.000000000000000000, 1.833027702892644191E-13 ) ) ;
#3744 = LINE ( 'NONE', #3807, #495 ) ;
#3745 = EDGE_CURVE ( 'NONE', #3262, #5653, #3767, .T. ) ;
#3746 = EDGE_CURVE ( 'NONE', #8521, #5771, #9829, .T. ) ;
#3747 = CARTESIAN_POINT ( 'NONE',  ( -24.50000000000000000, 71.00000000000001421, 42.43524478543749012 ) ) ;
#3748 = ORIENTED_EDGE ( 'NONE', *, *, #1428, .F. ) ;
#3749 = CARTESIAN_POINT ( 'NONE',  ( 60.62599999999999767, 21.00000000000000000, 4.999999999999999112 ) ) ;
#3750 = EDGE_CURVE ( 'NONE', #93, #5279, #3098, .T. ) ;
#3751 = DIRECTION ( 'NONE',  ( 0.9674806351920929304, 0.000000000000000000, -0.2529450939004438959 ) ) ;
#3752 = EDGE_CURVE ( 'NONE', #1154, #6835, #1417, .T. ) ;
#3754 = VECTOR ( 'NONE', #2857, 1000.000000000000000 ) ;
#3753 = LINE ( 'NONE', #10012, #1501 ) ;
#3755 = VECTOR ( 'NONE', #4626, 1000.000000000000000 ) ;
#3756 = ORIENTED_EDGE ( 'NONE', *, *, #8968, .T. ) ;
#3757 = FACE_OUTER_BOUND ( 'NONE', #486, .T. ) ;
#3758 = CARTESIAN_POINT ( 'NONE',  ( 0.000000000000000000, 51.00000000000000711, 0.000000000000000000 ) ) ;
#3759 = VECTOR ( 'NONE', #8298, 1000.000000000000000 ) ;
#3760 = AXIS2_PLACEMENT_3D ( 'NONE', #2737, #3545, #2838 ) ;
#3761 = EDGE_LOOP ( 'NONE', ( #6665, #1759, #5242, #8560 ) ) ;
#3762 = DIRECTION ( 'NONE',  ( -1.007793579344898724E-14, 0.000000000000000000, -1.000000000000000000 ) ) ;
#3763 = LINE ( 'NONE', #2334, #9010 ) ;
#3764 = VERTEX_POINT ( 'NONE', #2232 ) ;
#3765 = VERTEX_POINT ( 'NONE', #7833 ) ;
#3766 = CARTESIAN_POINT ( 'NONE',  ( 0.000000000000000000, 53.50000000000000711, 0.000000000000000000 ) ) ;
#3767 = LINE ( 'NONE', #2949, #3450 ) ;
#3768 = AXIS2_PLACEMENT_3D ( 'NONE', #8389, #9240, #6991 ) ;
#3769 = AXIS2_PLACEMENT_3D ( 'NONE', #2552, #4142, #9470 ) ;
#3770 =( BOUNDED_CURVE ( )  B_SPLINE_CURVE ( 3, ( #2430, #8087, #229, #946 ),
 .UNSPECIFIED., .F., .F. ) 
 B_SPLINE_CURVE_WITH_KNOTS ( ( 4, 4 ),
 ( 5.610150355514117670, 5.637634353679369603 ),
 .UNSPECIFIED. ) 
 CURVE ( )  GEOMETRIC_REPRESENTATION_ITEM ( )  RATIONAL_B_SPLINE_CURVE ( ( 1.000000000000000000, 0.9999370534776620412, 0.9999370534776620412, 1.000000000000000000 ) ) 
 REPRESENTATION_ITEM ( '' )  );
#3771 = ORIENTED_EDGE ( 'NONE', *, *, #9621, .F. ) ;
#3772 = AXIS2_PLACEMENT_3D ( 'NONE', #7905, #2404, #7124 ) ;
#3773 = AXIS2_PLACEMENT_3D ( 'NONE', #1753, #9600, #7247 ) ;
#3774 = CARTESIAN_POINT ( 'NONE',  ( 78.04429881564594496, 4.000000000000003553, 12.49999999999998046 ) ) ;
#3775 = DIRECTION ( 'NONE',  ( 0.4999999999999975575, 0.000000000000000000, -0.8660254037844400399 ) ) ;
#3776 = ADVANCED_FACE ( 'NONE', ( #795 ), #8553, .F. ) ;
#3777 = VECTOR ( 'NONE', #3506, 1000.000000000000000 ) ;
#3778 = VERTEX_POINT ( 'NONE', #6229 ) ;
#3779 = CIRCLE ( 'NONE', #8545, 31.20000000000000995 ) ;
#3780 = CARTESIAN_POINT ( 'NONE',  ( -43.08131845707601570, 20.00000000000000000, 13.00000000000000000 ) ) ;
#3781 = VERTEX_POINT ( 'NONE', #1370 ) ;
#3782 = LINE ( 'NONE', #126, #1734 ) ;
#3783 = CARTESIAN_POINT ( 'NONE',  ( 0.000000000000000000, 61.00000000000000711, 0.000000000000000000 ) ) ;
#3784 = ADVANCED_FACE ( 'NONE', ( #4638 ), #6955, .T. ) ;
#3785 = VECTOR ( 'NONE', #3514, 1000.000000000000227 ) ;
#3786 = DIRECTION ( 'NONE',  ( -0.2646834405156263670, 0.000000000000000000, 0.9643353546960782285 ) ) ;
#3787 = FACE_OUTER_BOUND ( 'NONE', #9736, .T. ) ;
#3788 = ORIENTED_EDGE ( 'NONE', *, *, #4422, .F. ) ;
#3789 = VECTOR ( 'NONE', #4518, 1000.000000000000000 ) ;
#3790 = DIRECTION ( 'NONE',  ( 0.000000000000000000, -1.000000000000000000, 0.000000000000000000 ) ) ;
#3791 = AXIS2_PLACEMENT_3D ( 'NONE', #2841, #9096, #530 ) ;
#3792 = CARTESIAN_POINT ( 'NONE',  ( -42.96272214172752513, 52.88380706174484658, 10.17692945303697805 ) ) ;
#3793 = CARTESIAN_POINT ( 'NONE',  ( -66.52214940782297958, 0.000000000000000000, 4.799999999999997158 ) ) ;
#3794 = VERTEX_POINT ( 'NONE', #5353 ) ;
#3795 = LINE ( 'NONE', #2920, #5578 ) ;
#3796 = EDGE_CURVE ( 'NONE', #10030, #8745, #3002, .T. ) ;
#3797 = ORIENTED_EDGE ( 'NONE', *, *, #4720, .F. ) ;
#3798 = CARTESIAN_POINT ( 'NONE',  ( 44.97150544551642781, 7.958288619649766638, 1.613197670003794881 ) ) ;
#3799 = VERTEX_POINT ( 'NONE', #9921 ) ;
#3800 = AXIS2_PLACEMENT_3D ( 'NONE', #2977, #771, #7654 ) ;
#3801 = ADVANCED_FACE ( 'NONE', ( #2902 ), #9156, .T. ) ;
#3802 = CARTESIAN_POINT ( 'NONE',  ( -8.953475847591876757, 70.66596018114299227, -46.13973626746683721 ) ) ;
#3803 = DIRECTION ( 'NONE',  ( -0.7027971946764646205, 0.000000000000000000, 0.7113902607956419377 ) ) ;
#3804 = CIRCLE ( 'NONE', #9044, 36.99999999999999289 ) ;
#3805 = DIRECTION ( 'NONE',  ( 0.000000000000000000, 0.000000000000000000, 1.000000000000000000 ) ) ;
#3806 = ADVANCED_FACE ( 'NONE', ( #6849 ), #9966, .T. ) ;
#3807 = CARTESIAN_POINT ( 'NONE',  ( 1.245476089487488558, 71.00000000000001421, 0.3337243123704414227 ) ) ;
#3808 = DIRECTION ( 'NONE',  ( 0.4999999999999997224, 0.000000000000000000, -0.8660254037844388186 ) ) ;
#3809 = ORIENTED_EDGE ( 'NONE', *, *, #7364, .T. ) ;
#3810 = CARTESIAN_POINT ( 'NONE',  ( 43.78253914824666282, 51.00000000000000711, 10.39659875787505072 ) ) ;
#3811 = EDGE_CURVE ( 'NONE', #2293, #3858, #7006, .T. ) ;
#3812 = DIRECTION ( 'NONE',  ( -0.7027971946764645095, 0.000000000000000000, -0.7113902607956420487 ) ) ;
#3813 = ORIENTED_EDGE ( 'NONE', *, *, #122, .T. ) ;
#3814 = DIRECTION ( 'NONE',  ( 0.7071067811865537900, 0.000000000000000000, 0.7071067811865412445 ) ) ;
#3815 = ORIENTED_EDGE ( 'NONE', *, *, #6652, .T. ) ;
#3816 = DIRECTION ( 'NONE',  ( 0.000000000000000000, 0.000000000000000000, 1.000000000000000000 ) ) ;
#3817 = LINE ( 'NONE', #4722, #2302 ) ;
#3818 = ADVANCED_FACE ( 'NONE', ( #1774 ), #3356, .F. ) ;
#3819 = ADVANCED_FACE ( 'NONE', ( #3976 ), #6492, .F. ) ;
#3820 = ORIENTED_EDGE ( 'NONE', *, *, #5995, .T. ) ;
#3821 = DIRECTION ( 'NONE',  ( 0.000000000000000000, 0.000000000000000000, 1.000000000000000000 ) ) ;
#3822 = CARTESIAN_POINT ( 'NONE',  ( 54.77541506912859859, 17.81096526823672122, 4.970494434968495412 ) ) ;
#3823 = ORIENTED_EDGE ( 'NONE', *, *, #6681, .F. ) ;
#3824 = ORIENTED_EDGE ( 'NONE', *, *, #5010, .T. ) ;
#3825 = DIRECTION ( 'NONE',  ( 0.000000000000000000, 0.000000000000000000, -1.000000000000000000 ) ) ;
#3826 = DIRECTION ( 'NONE',  ( 0.000000000000000000, 1.000000000000000000, 0.000000000000000000 ) ) ;
#3827 = VECTOR ( 'NONE', #49, 1000.000000000000000 ) ;
#3828 = ORIENTED_EDGE ( 'NONE', *, *, #4436, .F. ) ;
#3829 = CARTESIAN_POINT ( 'NONE',  ( 13.74999999999999822, 30.50000000000000000, 5.000000000000000000 ) ) ;
#3830 = CARTESIAN_POINT ( 'NONE',  ( 66.52214940782297958, 4.000000000000000000, 7.699999999999994849 ) ) ;
#3831 = EDGE_LOOP ( 'NONE', ( #9761, #2830, #1347, #1395, #4620, #2130, #9723, #452, #5092 ) ) ;
#3832 = CARTESIAN_POINT ( 'NONE',  ( -0.4427328229371420565, 61.00000000000000711, -1.652301389379714047 ) ) ;
#3833 = EDGE_LOOP ( 'NONE', ( #3639, #1637, #481, #6932, #3304, #7768, #3210, #107, #4780, #797, #4343, #8470, #10081, #7691, #4575, #5645, #1814, #6979, #4606, #6048, #3988, #4519, #6289, #6956 ) ) ;
#3834 = DIRECTION ( 'NONE',  ( -0.9386109303896085221, 0.3449775664491150917, 0.000000000000000000 ) ) ;
#3835 = CARTESIAN_POINT ( 'NONE',  ( 0.000000000000000000, 61.00000000000000711, 0.000000000000000000 ) ) ;
#3836 = CARTESIAN_POINT ( 'NONE',  ( 11.25000000000000000, 30.50000000000000000, 13.00000000000000000 ) ) ;
#3837 = ORIENTED_EDGE ( 'NONE', *, *, #2756, .F. ) ;
#3838 = PLANE ( 'NONE',  #4663 ) ;
#3839 = CARTESIAN_POINT ( 'NONE',  ( 0.000000000000000000, 4.000000000000000000, 0.000000000000000000 ) ) ;
#3840 = LINE ( 'NONE', #8517, #2518 ) ;
#3841 = VECTOR ( 'NONE', #1191, 1000.000000000000000 ) ;
#3842 = ORIENTED_EDGE ( 'NONE', *, *, #5531, .F. ) ;
#3843 = CARTESIAN_POINT ( 'NONE',  ( 60.62599999999999767, 5.000000000000000000, 5.000000000000000888 ) ) ;
#3844 = ORIENTED_EDGE ( 'NONE', *, *, #3487, .T. ) ;
#3845 = LINE ( 'NONE', #2356, #7909 ) ;
#3846 = EDGE_LOOP ( 'NONE', ( #1605, #3029, #6437, #8805 ) ) ;
#3847 = CARTESIAN_POINT ( 'NONE',  ( -25.28817283496544732, 61.00000000000000711, -6.940905523910762653 ) ) ;
#3848 = CARTESIAN_POINT ( 'NONE',  ( 17.50000000000026645, 0.000000000000000000, 78.04429881564591653 ) ) ;
#3849 = ADVANCED_FACE ( 'NONE', ( #3306 ), #9461, .T. ) ;
#3850 = AXIS2_PLACEMENT_3D ( 'NONE', #7201, #179, #8031 ) ;
#3851 = ADVANCED_FACE ( 'NONE', ( #3920 ), #4785, .F. ) ;
#3852 = PLANE ( 'NONE',  #563 ) ;
#3853 = LINE ( 'NONE', #572, #5410 ) ;
#3854 = CARTESIAN_POINT ( 'NONE',  ( -30.89498821139685703, 51.00000000000000711, 32.71849176563078743 ) ) ;
#3855 = VERTEX_POINT ( 'NONE', #5713 ) ;
#3856 = LINE ( 'NONE', #9344, #4603 ) ;
#3857 = LINE ( 'NONE', #3083, #2460 ) ;
#3858 = VERTEX_POINT ( 'NONE', #6331 ) ;
#3859 = AXIS2_PLACEMENT_3D ( 'NONE', #6781, #6165, #1402 ) ;
#3860 = CARTESIAN_POINT ( 'NONE',  ( 73.04429881564593074, 44.31128874149274566, -17.49999999999999289 ) ) ;
#3861 = ORIENTED_EDGE ( 'NONE', *, *, #7330, .T. ) ;
#3862 = FACE_OUTER_BOUND ( 'NONE', #8612, .T. ) ;
#3863 = LINE ( 'NONE', #9959, #6898 ) ;
#3864 = ORIENTED_EDGE ( 'NONE', *, *, #2897, .T. ) ;
#3865 = LINE ( 'NONE', #7621, #611 ) ;
#3866 = CARTESIAN_POINT ( 'NONE',  ( 54.91123331337401936, 19.41436133860410962, -3.128779251956638863 ) ) ;
#3867 = VERTEX_POINT ( 'NONE', #4730 ) ;
#3868 = ORIENTED_EDGE ( 'NONE', *, *, #4614, .T. ) ;
#3869 = CARTESIAN_POINT ( 'NONE',  ( -29.87659562178835770, 61.00000000000000711, -9.776340961197890422 ) ) ;
#3870 = DIRECTION ( 'NONE',  ( -0.2588190451025179084, 0.000000000000000000, 0.9659258262890690894 ) ) ;
#3871 = EDGE_CURVE ( 'NONE', #9731, #10037, #2386, .T. ) ;
#3872 = AXIS2_PLACEMENT_3D ( 'NONE', #4709, #5639, #8672 ) ;
#3873 = EDGE_LOOP ( 'NONE', ( #4285, #5151, #10096, #438 ) ) ;
#3874 = ADVANCED_FACE ( 'NONE', ( #3155 ), #5661, .F. ) ;
#3875 = LINE ( 'NONE', #7061, #2723 ) ;
#3876 = LINE ( 'NONE', #8558, #6559 ) ;
#3877 = ORIENTED_EDGE ( 'NONE', *, *, #7260, .F. ) ;
#3878 = DIRECTION ( 'NONE',  ( -0.000000000000000000, 1.000000000000000000, 0.000000000000000000 ) ) ;
#3879 = ORIENTED_EDGE ( 'NONE', *, *, #5750, .T. ) ;
#3880 = AXIS2_PLACEMENT_3D ( 'NONE', #7017, #4594, #3164 ) ;
#3881 = DIRECTION ( 'NONE',  ( -0.9659258262890680902, 0.000000000000000000, -0.2588190451025211281 ) ) ;
#3882 = ADVANCED_FACE ( 'NONE', ( #1829 ), #8747, .T. ) ;
#3883 = EDGE_CURVE ( 'NONE', #5500, #1827, #6382, .T. ) ;
#3884 = DIRECTION ( 'NONE',  ( 0.000000000000000000, 0.000000000000000000, 1.000000000000000000 ) ) ;
#3885 = CARTESIAN_POINT ( 'NONE',  ( 0.000000000000000000, 56.00000000000000711, 0.000000000000000000 ) ) ;
#3886 = ADVANCED_FACE ( 'NONE', ( #5609 ), #7932, .F. ) ;
#3887 = ADVANCED_FACE ( 'NONE', ( #6440 ), #1007, .F. ) ;
#3888 = VECTOR ( 'NONE', #9137, 1000.000000000000000 ) ;
#3889 = ORIENTED_EDGE ( 'NONE', *, *, #5133, .F. ) ;
#3890 = DIRECTION ( 'NONE',  ( -0.7113902607956419377, 0.000000000000000000, -0.7027971946764647315 ) ) ;
#3891 = CARTESIAN_POINT ( 'NONE',  ( -43.46228597305005081, 52.25467878633468644, 10.31078717820764723 ) ) ;
#3892 = DIRECTION ( 'NONE',  ( 0.000000000000000000, 1.000000000000000000, -0.000000000000000000 ) ) ;
#3893 = CARTESIAN_POINT ( 'NONE',  ( -12.50000000000055245, 31.20788311109079416, -53.56071321407124231 ) ) ;
#3894 = EDGE_LOOP ( 'NONE', ( #7637, #2454, #7675, #6621, #2728 ) ) ;
#3895 = CARTESIAN_POINT ( 'NONE',  ( 44.56385867493970210, 14.00000000000000000, -6.250000000000000000 ) ) ;
#3896 = ORIENTED_EDGE ( 'NONE', *, *, #369, .F. ) ;
#3897 = FACE_BOUND ( 'NONE', #1809, .T. ) ;
#3898 = CARTESIAN_POINT ( 'NONE',  ( 42.43524478543723433, 71.00000000000001421, 24.50000000000044409 ) ) ;
#3899 = CARTESIAN_POINT ( 'NONE',  ( 43.78253914824666282, 53.50000000000000711, -10.39659875787506316 ) ) ;
#3900 = CARTESIAN_POINT ( 'NONE',  ( -1.652301389379721153, 61.00000000000000711, 0.4427328229371134127 ) ) ;
#3901 = ORIENTED_EDGE ( 'NONE', *, *, #6010, .F. ) ;
#3902 = DIRECTION ( 'NONE',  ( -0.8660254037844399289, 0.000000000000000000, -0.4999999999999978351 ) ) ;
#3903 = CARTESIAN_POINT ( 'NONE',  ( -12.49999999999972289, 44.31128874149284513, 78.04429881564600180 ) ) ;
#3904 = ORIENTED_EDGE ( 'NONE', *, *, #5099, .F. ) ;
#3905 = DIRECTION ( 'NONE',  ( 0.9674806351920964831, 0.000000000000000000, 0.2529450939004305732 ) ) ;
#3906 = CARTESIAN_POINT ( 'NONE',  ( 19.25000000000000355, 21.00000000000000000, -5.000000000000000888 ) ) ;
#3907 = EDGE_LOOP ( 'NONE', ( #5103, #8188 ) ) ;
#3908 = ADVANCED_FACE ( 'NONE', ( #1717 ), #7106, .F. ) ;
#3909 = CARTESIAN_POINT ( 'NONE',  ( 29.31694443973729491, 71.00000000000001421, 9.626382878923967823 ) ) ;
#3910 = VERTEX_POINT ( 'NONE', #9410 ) ;
#3911 = DIRECTION ( 'NONE',  ( 0.7113902607956420487, 0.000000000000000000, -0.7027971946764645095 ) ) ;
#3912 = CARTESIAN_POINT ( 'NONE',  ( 17.50000000000024869, 4.000000000000003553, 73.04429881564585969 ) ) ;
#3913 = ORIENTED_EDGE ( 'NONE', *, *, #4360, .T. ) ;
#3914 = CARTESIAN_POINT ( 'NONE',  ( 22.39516677087726038, 61.00000000000000711, 6.146855202363726178 ) ) ;
#3915 = CARTESIAN_POINT ( 'NONE',  ( 54.68788854622523843, 16.20530735915166787, 5.851587216827226712 ) ) ;
#3916 = VERTEX_POINT ( 'NONE', #8650 ) ;
#3917 = VECTOR ( 'NONE', #1725, 1000.000000000000000 ) ;
#3918 = ORIENTED_EDGE ( 'NONE', *, *, #9572, .T. ) ;
#3919 = LINE ( 'NONE', #794, #8716 ) ;
#3920 = FACE_OUTER_BOUND ( 'NONE', #8913, .T. ) ;
#3921 = ORIENTED_EDGE ( 'NONE', *, *, #9366, .F. ) ;
#3922 = VECTOR ( 'NONE', #198, 1000.000000000000227 ) ;
#3923 = DIRECTION ( 'NONE',  ( 0.7085432981232900884, 0.5749972691930113067, -0.4090776639039951368 ) ) ;
#3924 = CARTESIAN_POINT ( 'NONE',  ( 32.31394446327392700, 70.50000000000000000, -18.65646453445032904 ) ) ;
#3925 = EDGE_CURVE ( 'NONE', #1850, #4254, #1216, .T. ) ;
#3926 = CIRCLE ( 'NONE', #1479, 1.300000000000001599 ) ;
#3927 = AXIS2_PLACEMENT_3D ( 'NONE', #6687, #4280, #4227 ) ;
#3928 = ORIENTED_EDGE ( 'NONE', *, *, #6639, .F. ) ;
#3929 = EDGE_CURVE ( 'NONE', #8977, #1045, #4023, .T. ) ;
#3930 = CARTESIAN_POINT ( 'NONE',  ( -42.94172906236229892, 20.82334303971430245, 12.99999999999999822 ) ) ;
#3931 = AXIS2_PLACEMENT_3D ( 'NONE', #8080, #8360, #4493 ) ;
#3932 = ORIENTED_EDGE ( 'NONE', *, *, #1362, .F. ) ;
#3933 = EDGE_CURVE ( 'NONE', #3617, #4816, #18, .T. ) ;
#3934 = LINE ( 'NONE', #40, #9440 ) ;
#3935 = AXIS2_PLACEMENT_3D ( 'NONE', #1470, #1575, #5412 ) ;
#3936 = AXIS2_PLACEMENT_3D ( 'NONE', #4766, #9643, #8075 ) ;
#3937 = DIRECTION ( 'NONE',  ( -0.7027971946764645095, 0.000000000000000000, -0.7113902607956419377 ) ) ;
#3938 = CARTESIAN_POINT ( 'NONE',  ( -43.08131845707601570, 30.50000000000000000, 13.00000000000000000 ) ) ;
#3939 = ORIENTED_EDGE ( 'NONE', *, *, #9444, .F. ) ;
#3940 = VECTOR ( 'NONE', #2659, 1000.000000000000000 ) ;
#3941 = CARTESIAN_POINT ( 'NONE',  ( 29.12645237521085662, 53.50000000000000711, 30.94995592944475504 ) ) ;
#3942 = VECTOR ( 'NONE', #6483, 1000.000000000000000 ) ;
#3943 = ADVANCED_FACE ( 'NONE', ( #9097 ), #5914, .T. ) ;
#3944 = ORIENTED_EDGE ( 'NONE', *, *, #6696, .T. ) ;
#3945 = EDGE_CURVE ( 'NONE', #7230, #1035, #2023, .T. ) ;
#3946 = CARTESIAN_POINT ( 'NONE',  ( -42.43720763208170865, 53.24713017205799304, 10.03611826456653411 ) ) ;
#3947 = CARTESIAN_POINT ( 'NONE',  ( 27.29547653342059021, 70.49999999999998579, 11.70670580537010430 ) ) ;
#3948 = ORIENTED_EDGE ( 'NONE', *, *, #1373, .T. ) ;
#3949 = CARTESIAN_POINT ( 'NONE',  ( 11.25000000000000000, 5.000000000000000000, 5.000000000000000888 ) ) ;
#3950 = VECTOR ( 'NONE', #6504, 1000.000000000000000 ) ;
#3951 = CARTESIAN_POINT ( 'NONE',  ( 58.04429881564596627, 4.000000000000003553, -17.49999999999999289 ) ) ;
#3952 = AXIS2_PLACEMENT_3D ( 'NONE', #7273, #5474, #8861 ) ;
#3953 = LINE ( 'NONE', #6357, #6668 ) ;
#3954 = PLANE ( 'NONE',  #8791 ) ;
#3955 = DIRECTION ( 'NONE',  ( -0.000000000000000000, -1.000000000000000000, 0.000000000000000000 ) ) ;
#3956 = VERTEX_POINT ( 'NONE', #1258 ) ;
#3957 = CARTESIAN_POINT ( 'NONE',  ( -9.980980740282994645, 71.00000000000001421, -43.85873278962192501 ) ) ;
#3958 = LINE ( 'NONE', #7917, #7993 ) ;
#3959 = CIRCLE ( 'NONE', #9200, 1.449999999999999067 ) ;
#3960 = ORIENTED_EDGE ( 'NONE', *, *, #7682, .T. ) ;
#3961 = DIRECTION ( 'NONE',  ( 0.000000000000000000, 0.000000000000000000, 1.000000000000000000 ) ) ;
#3962 = DIRECTION ( 'NONE',  ( 0.000000000000000000, 0.000000000000000000, -1.000000000000000000 ) ) ;
#3963 = ORIENTED_EDGE ( 'NONE', *, *, #2237, .T. ) ;
#3964 = ADVANCED_FACE ( 'NONE', ( #2072 ), #3599, .T. ) ;
#3965 = ORIENTED_EDGE ( 'NONE', *, *, #531, .T. ) ;
#3966 = LINE ( 'NONE', #7976, #7698 ) ;
#3967 = DIRECTION ( 'NONE',  ( 0.000000000000000000, 0.000000000000000000, 1.000000000000000000 ) ) ;
#3968 = CIRCLE ( 'NONE', #10026, 31.20000000000000995 ) ;
#3969 = ORIENTED_EDGE ( 'NONE', *, *, #4376, .F. ) ;
#3970 = CARTESIAN_POINT ( 'NONE',  ( -34.25000000000000000, 23.30000000000000071, -5.000000000000000000 ) ) ;
#3971 = CARTESIAN_POINT ( 'NONE',  ( -5.874250626806746034, 61.00000000000000711, 22.46821094675078356 ) ) ;
#3972 = ORIENTED_EDGE ( 'NONE', *, *, #2177, .F. ) ;
#3973 = CARTESIAN_POINT ( 'NONE',  ( 0.000000000000000000, 0.000000000000000000, -13.00000000000000000 ) ) ;
#3974 = ORIENTED_EDGE ( 'NONE', *, *, #2576, .F. ) ;
#3975 = LINE ( 'NONE', #2231, #7408 ) ;
#3976 = FACE_OUTER_BOUND ( 'NONE', #4880, .T. ) ;
#3977 = ORIENTED_EDGE ( 'NONE', *, *, #8963, .F. ) ;
#3978 = CARTESIAN_POINT ( 'NONE',  ( 52.14163403653552820, 71.00000000000001421, 17.49999999999999289 ) ) ;
#3979 = CARTESIAN_POINT ( 'NONE',  ( -23.78604288879165907, 61.00000000000000711, 17.78522318365907751 ) ) ;
#3980 = EDGE_CURVE ( 'NONE', #1266, #6463, #4370, .T. ) ;
#3981 = VERTEX_POINT ( 'NONE', #7464 ) ;
#3982 = CARTESIAN_POINT ( 'NONE',  ( -21.36739281758934084, 79.38334886522908107, -12.33646999511570819 ) ) ;
#3983 = EDGE_LOOP ( 'NONE', ( #7299, #9217 ) ) ;
#3984 = VECTOR ( 'NONE', #4550, 1000.000000000000000 ) ;
#3985 = LINE ( 'NONE', #8659, #996 ) ;
#3986 = DIRECTION ( 'NONE',  ( 0.000000000000000000, 1.000000000000000000, 0.000000000000000000 ) ) ;
#3987 = DIRECTION ( 'NONE',  ( -0.000000000000000000, -1.000000000000000000, -0.000000000000000000 ) ) ;
#3988 = ORIENTED_EDGE ( 'NONE', *, *, #2199, .T. ) ;
#3989 = EDGE_CURVE ( 'NONE', #6894, #1834, #5193, .T. ) ;
#3990 = DIRECTION ( 'NONE',  ( 0.000000000000000000, 1.000000000000000000, 0.000000000000000000 ) ) ;
#3991 = EDGE_LOOP ( 'NONE', ( #5191, #4153, #4015, #4717 ) ) ;
#3992 = EDGE_CURVE ( 'NONE', #4792, #8745, #8138, .T. ) ;
#3993 = LINE ( 'NONE', #4755, #6221 ) ;
#3994 = LINE ( 'NONE', #7176, #227 ) ;
#3995 = CARTESIAN_POINT ( 'NONE',  ( 0.000000000000000000, 61.00000000000000711, 0.000000000000000000 ) ) ;
#3996 = VERTEX_POINT ( 'NONE', #8238 ) ;
#3997 = LINE ( 'NONE', #2569, #8239 ) ;
#3998 = ADVANCED_FACE ( 'NONE', ( #8949 ), #5964, .F. ) ;
#3999 = EDGE_CURVE ( 'NONE', #6894, #7343, #9865, .T. ) ;
#4000 = DIRECTION ( 'NONE',  ( 0.000000000000000000, 1.000000000000000000, -0.000000000000000000 ) ) ;
#4001 = CARTESIAN_POINT ( 'NONE',  ( 29.12645237521084240, 53.50000000000000711, -30.94995592944477281 ) ) ;
#4002 = CARTESIAN_POINT ( 'NONE',  ( -30.84803820779838546, 51.65832988056625652, -32.67154176203224125 ) ) ;
#4003 = VECTOR ( 'NONE', #7087, 1000.000000000000000 ) ;
#4004 = FACE_OUTER_BOUND ( 'NONE', #3833, .T. ) ;
#4005 = EDGE_LOOP ( 'NONE', ( #1677, #6255, #6921, #2656 ) ) ;
#4006 = LINE ( 'NONE', #830, #6399 ) ;
#4007 = CARTESIAN_POINT ( 'NONE',  ( 18.65508692645726185, 61.00000000000000711, -18.42974732841615193 ) ) ;
#4008 = ORIENTED_EDGE ( 'NONE', *, *, #2314, .T. ) ;
#4009 = CARTESIAN_POINT ( 'NONE',  ( -18.65508692645726185, 61.00000000000000711, 18.42974732841615193 ) ) ;
#4010 = PLANE ( 'NONE',  #4411 ) ;
#4011 = ORIENTED_EDGE ( 'NONE', *, *, #1925, .T. ) ;
#4012 = ADVANCED_FACE ( 'NONE', ( #4226 ), #4176, .T. ) ;
#4013 = DIRECTION ( 'NONE',  ( 0.5353307582192273761, -0.6533314309053590563, -0.5353307582192370351 ) ) ;
#4014 = CARTESIAN_POINT ( 'NONE',  ( 12.50000000000020961, 31.20788311109079771, 63.04429881564592364 ) ) ;
#4015 = ORIENTED_EDGE ( 'NONE', *, *, #6880, .F. ) ;
#4016 = CARTESIAN_POINT ( 'NONE',  ( -35.48144580774440016, 70.66596018114299227, 30.82380566991854565 ) ) ;
#4017 = CARTESIAN_POINT ( 'NONE',  ( 0.000000000000000000, 66.00000000000000000, 0.000000000000000000 ) ) ;
#4018 = ORIENTED_EDGE ( 'NONE', *, *, #9648, .F. ) ;
#4019 = AXIS2_PLACEMENT_3D ( 'NONE', #4367, #8235, #5140 ) ;
#4020 = DIRECTION ( 'NONE',  ( -0.9659258262890690894, 0.000000000000000000, -0.2588190451025180749 ) ) ;
#4021 = ORIENTED_EDGE ( 'NONE', *, *, #457, .F. ) ;
#4022 = LINE ( 'NONE', #6590, #5266 ) ;
#4023 = LINE ( 'NONE', #7157, #3610 ) ;
#4024 = ORIENTED_EDGE ( 'NONE', *, *, #3811, .T. ) ;
#4025 = DIRECTION ( 'NONE',  ( -0.2646834405156195391, 0.000000000000000000, 0.9643353546960801159 ) ) ;
#4026 = DIRECTION ( 'NONE',  ( 0.000000000000000000, 1.000000000000000000, 0.000000000000000000 ) ) ;
#4027 = CIRCLE ( 'NONE', #427, 1.449999999999999067 ) ;
#4028 = ORIENTED_EDGE ( 'NONE', *, *, #7608, .T. ) ;
#4029 = CARTESIAN_POINT ( 'NONE',  ( -6.633085908508203232, 61.00000000000000711, -25.37065285232701584 ) ) ;
#4030 = ORIENTED_EDGE ( 'NONE', *, *, #361, .T. ) ;
#4031 = VECTOR ( 'NONE', #7183, 1000.000000000000000 ) ;
#4032 = ORIENTED_EDGE ( 'NONE', *, *, #4743, .T. ) ;
#4033 = DIRECTION ( 'NONE',  ( 0.000000000000000000, 1.000000000000000000, 0.000000000000000000 ) ) ;
#4034 = CARTESIAN_POINT ( 'NONE',  ( 0.000000000000000000, 4.000000000000000000, -55.00000000000000000 ) ) ;
#4035 = CARTESIAN_POINT ( 'NONE',  ( 43.18559275655395169, 52.65338915048492652, -10.23664745429633172 ) ) ;
#4036 = EDGE_CURVE ( 'NONE', #5350, #6084, #5861, .T. ) ;
#4037 = ORIENTED_EDGE ( 'NONE', *, *, #223, .F. ) ;
#4038 = CARTESIAN_POINT ( 'NONE',  ( -27.29547653342050850, 61.00000000000000711, -11.70670580537029437 ) ) ;
#4039 = CIRCLE ( 'NONE', #1586, 44.99999999999998579 ) ;
#4040 = ORIENTED_EDGE ( 'NONE', *, *, #255, .F. ) ;
#4041 = DIRECTION ( 'NONE',  ( 0.000000000000000000, 0.000000000000000000, -1.000000000000000000 ) ) ;
#4042 = DIRECTION ( 'NONE',  ( 0.000000000000000000, 0.000000000000000000, 1.000000000000000000 ) ) ;
#4043 = DIRECTION ( 'NONE',  ( -0.7113902607956419377, 0.000000000000000000, -0.7027971946764647315 ) ) ;
#4044 = AXIS2_PLACEMENT_3D ( 'NONE', #2520, #4049, #7911 ) ;
#4045 = VERTEX_POINT ( 'NONE', #8993 ) ;
#4046 = LINE ( 'NONE', #6412, #1194 ) ;
#4047 = AXIS2_PLACEMENT_3D ( 'NONE', #9298, #3762, #6901 ) ;
#4048 = DIRECTION ( 'NONE',  ( 0.000000000000000000, 0.000000000000000000, 1.000000000000000000 ) ) ;
#4049 = DIRECTION ( 'NONE',  ( 0.7113902607956419377, 0.000000000000000000, 0.7027971946764646205 ) ) ;
#4050 = CARTESIAN_POINT ( 'NONE',  ( 0.000000000000000000, 61.00000000000000711, 0.000000000000000000 ) ) ;
#4051 = ADVANCED_FACE ( 'NONE', ( #1924 ), #426, .F. ) ;
#4052 = DIRECTION ( 'NONE',  ( 0.000000000000000000, 0.000000000000000000, 1.000000000000000000 ) ) ;
#4053 = EDGE_LOOP ( 'NONE', ( #4472, #3040, #284, #5824 ) ) ;
#4054 = DIRECTION ( 'NONE',  ( -0.4999999999999919509, 0.000000000000000000, -0.8660254037844432595 ) ) ;
#4055 = CARTESIAN_POINT ( 'NONE',  ( 12.49999999999942979, 71.00000000000001421, -53.56071321407150521 ) ) ;
#4056 = ORIENTED_EDGE ( 'NONE', *, *, #9014, .T. ) ;
#4057 = CARTESIAN_POINT ( 'NONE',  ( 25.28817283496535495, 61.00000000000000711, -6.940905523911115260 ) ) ;
#4058 = DIRECTION ( 'NONE',  ( -0.000000000000000000, -1.000000000000000000, -0.000000000000000000 ) ) ;
#4059 = VERTEX_POINT ( 'NONE', #5773 ) ;
#4060 = FACE_OUTER_BOUND ( 'NONE', #6792, .T. ) ;
#4061 = DIRECTION ( 'NONE',  ( -0.000000000000000000, -1.000000000000000000, 0.000000000000000000 ) ) ;
#4062 = ADVANCED_FACE ( 'NONE', ( #7361 ), #334, .F. ) ;
#4063 = EDGE_CURVE ( 'NONE', #1473, #8387, #384, .T. ) ;
#4064 = EDGE_LOOP ( 'NONE', ( #7483, #5197, #11, #1526 ) ) ;
#4065 = LINE ( 'NONE', #8027, #7987 ) ;
#4066 = EDGE_CURVE ( 'NONE', #1053, #9493, #4278, .T. ) ;
#4067 = CARTESIAN_POINT ( 'NONE',  ( 0.000000000000000000, 71.00000000000001421, 0.000000000000000000 ) ) ;
#4068 = ORIENTED_EDGE ( 'NONE', *, *, #5261, .F. ) ;
#4069 = EDGE_CURVE ( 'NONE', #2775, #7423, #1209, .T. ) ;
#4070 = CARTESIAN_POINT ( 'NONE',  ( 6.249999999999299227, 0.000000000000000000, -66.52214940782305064 ) ) ;
#4071 = EDGE_LOOP ( 'NONE', ( #2537, #973, #9602, #2668 ) ) ;
#4072 = CARTESIAN_POINT ( 'NONE',  ( -66.52214940782297958, 4.000000000000000000, -6.249999999999996447 ) ) ;
#4073 = DIRECTION ( 'NONE',  ( 0.2646834405156263670, 0.000000000000000000, -0.9643353546960782285 ) ) ;
#4074 = ORIENTED_EDGE ( 'NONE', *, *, #9377, .T. ) ;
#4075 = FACE_OUTER_BOUND ( 'NONE', #4661, .T. ) ;
#4076 = DIRECTION ( 'NONE',  ( -0.000000000000000000, 1.000000000000000000, 0.000000000000000000 ) ) ;
#4077 = EDGE_CURVE ( 'NONE', #8245, #4769, #4107, .T. ) ;
#4078 = VECTOR ( 'NONE', #9479, 1000.000000000000000 ) ;
#4079 = ORIENTED_EDGE ( 'NONE', *, *, #1128, .T. ) ;
#4080 = CARTESIAN_POINT ( 'NONE',  ( 54.64373248598597854, 14.00000000000000178, 6.250000000000000000 ) ) ;
#4081 = VERTEX_POINT ( 'NONE', #7667 ) ;
#4082 = ORIENTED_EDGE ( 'NONE', *, *, #3992, .F. ) ;
#4083 = DIRECTION ( 'NONE',  ( 0.000000000000000000, 0.000000000000000000, 1.000000000000000000 ) ) ;
#4084 = CARTESIAN_POINT ( 'NONE',  ( 22.87733444822530515, 71.00000000000001421, 6.279196922621536281 ) ) ;
#4085 = CARTESIAN_POINT ( 'NONE',  ( -31.75000000000000000, 30.49999999999999645, 13.00000000000000000 ) ) ;
#4086 = CARTESIAN_POINT ( 'NONE',  ( 0.000000000000000000, 0.000000000000000000, 13.00000000000000000 ) ) ;
#4087 = ORIENTED_EDGE ( 'NONE', *, *, #3745, .T. ) ;
#4088 = AXIS2_PLACEMENT_3D ( 'NONE', #9368, #8454, #1621 ) ;
#4089 = EDGE_CURVE ( 'NONE', #3916, #991, #2935, .T. ) ;
#4090 = LINE ( 'NONE', #9412, #1259 ) ;
#4091 = AXIS2_PLACEMENT_3D ( 'NONE', #8736, #7304, #6482 ) ;
#4092 = CARTESIAN_POINT ( 'NONE',  ( 0.000000000000000000, 4.000000000000000000, 0.000000000000000000 ) ) ;
#4093 = ORIENTED_EDGE ( 'NONE', *, *, #2923, .F. ) ;
#4094 = CARTESIAN_POINT ( 'NONE',  ( 54.86916190970985241, 9.026242762837641820, 3.806695301486746175 ) ) ;
#4095 = ORIENTED_EDGE ( 'NONE', *, *, #7527, .T. ) ;
#4096 = VECTOR ( 'NONE', #1150, 1000.000000000000114 ) ;
#4097 = DIRECTION ( 'NONE',  ( 0.000000000000000000, 0.000000000000000000, 1.000000000000000000 ) ) ;
#4098 = FACE_OUTER_BOUND ( 'NONE', #81, .T. ) ;
#4099 = ORIENTED_EDGE ( 'NONE', *, *, #3586, .T. ) ;
#4100 = CARTESIAN_POINT ( 'NONE',  ( 30.53121300426885298, 52.52766249937604925, 32.35471655850274431 ) ) ;
#4101 = AXIS2_PLACEMENT_3D ( 'NONE', #7057, #9615, #8849 ) ;
#4102 =( BOUNDED_CURVE ( )  B_SPLINE_CURVE ( 3, ( #825, #3180, #9433, #2577 ),
 .UNSPECIFIED., .F., .F. ) 
 B_SPLINE_CURVE_WITH_KNOTS ( ( 4, 4 ),
 ( 2.149939280505396066, 2.162703967960458940 ),
 .UNSPECIFIED. ) 
 CURVE ( )  GEOMETRIC_REPRESENTATION_ITEM ( )  RATIONAL_B_SPLINE_CURVE ( ( 1.000000000000000000, 0.9999864219422722744, 0.9999864219422722744, 1.000000000000000000 ) ) 
 REPRESENTATION_ITEM ( '' )  );
#4103 = AXIS2_PLACEMENT_3D ( 'NONE', #7586, #4485, #5977 ) ;
#4104 = CARTESIAN_POINT ( 'NONE',  ( -34.25000000000000000, 30.50000000000000000, 3.699999999999998401 ) ) ;
#4105 = DIRECTION ( 'NONE',  ( 0.000000000000000000, 1.000000000000000000, 0.000000000000000000 ) ) ;
#4106 = EDGE_CURVE ( 'NONE', #1873, #7044, #8335, .T. ) ;
#4107 = CIRCLE ( 'NONE', #5087, 31.20000000000000995 ) ;
#4108 = LINE ( 'NONE', #5693, #5952 ) ;
#4109 = VERTEX_POINT ( 'NONE', #4419 ) ;
#4110 = CIRCLE ( 'NONE', #3117, 47.00000000000002132 ) ;
#4111 = DIRECTION ( 'NONE',  ( 0.000000000000000000, 0.000000000000000000, -1.000000000000000000 ) ) ;
#4112 = DIRECTION ( 'NONE',  ( -0.5000000000000006661, -0.000000000000000000, -0.8660254037844381525 ) ) ;
#4113 = ORIENTED_EDGE ( 'NONE', *, *, #2509, .T. ) ;
#4114 = PLANE ( 'NONE',  #2006 ) ;
#4115 = DIRECTION ( 'NONE',  ( -0.9659258262890676461, 0.000000000000000000, -0.2588190451025227934 ) ) ;
#4116 = ORIENTED_EDGE ( 'NONE', *, *, #9525, .F. ) ;
#4117 = VECTOR ( 'NONE', #2337, 1000.000000000000000 ) ;
#4118 = DIRECTION ( 'NONE',  ( -0.2646834405156194281, 0.000000000000000000, 0.9643353546960800049 ) ) ;
#4119 = CARTESIAN_POINT ( 'NONE',  ( -17.49999999999977263, 31.20788311109079771, 63.04429881564602312 ) ) ;
#4120 = VECTOR ( 'NONE', #5990, 1000.000000000000000 ) ;
#4121 = ADVANCED_FACE ( 'NONE', ( #6168 ), #7567, .T. ) ;
#4122 = VECTOR ( 'NONE', #7968, 1000.000000000000000 ) ;
#4123 = ORIENTED_EDGE ( 'NONE', *, *, #3933, .F. ) ;
#4124 = DIRECTION ( 'NONE',  ( -3.491481338843133355E-15, 0.000000000000000000, -1.000000000000000000 ) ) ;
#4125 = EDGE_CURVE ( 'NONE', #1770, #4579, #6017, .T. ) ;
#4126 = LINE ( 'NONE', #3971, #4406 ) ;
#4127 = ORIENTED_EDGE ( 'NONE', *, *, #7608, .F. ) ;
#4128 = CARTESIAN_POINT ( 'NONE',  ( -6.250000000000692779, 4.000000000000000000, -65.07214940782291990 ) ) ;
#4129 = ORIENTED_EDGE ( 'NONE', *, *, #3376, .T. ) ;
#4130 = CARTESIAN_POINT ( 'NONE',  ( 0.000000000000000000, 61.00000000000000711, 0.000000000000000000 ) ) ;
#4131 = CARTESIAN_POINT ( 'NONE',  ( 24.50000000000000000, 26.00000000000001066, -42.43524478543749012 ) ) ;
#4132 = EDGE_CURVE ( 'NONE', #1787, #3114, #6403, .T. ) ;
#4133 = VECTOR ( 'NONE', #1187, 1000.000000000000000 ) ;
#4134 = CARTESIAN_POINT ( 'NONE',  ( -42.17031181353706160, 21.90378409532168291, -13.00000000000000000 ) ) ;
#4135 = EDGE_CURVE ( 'NONE', #7587, #9073, #1982, .T. ) ;
#4136 = CARTESIAN_POINT ( 'NONE',  ( 0.000000000000000000, 61.00000000000000711, 0.000000000000000000 ) ) ;
#4137 = ORIENTED_EDGE ( 'NONE', *, *, #9927, .T. ) ;
#4138 = CARTESIAN_POINT ( 'NONE',  ( 27.49999999999999645, 26.00000000000001066, -47.63139720814412215 ) ) ;
#4139 = ORIENTED_EDGE ( 'NONE', *, *, #692, .F. ) ;
#4140 = EDGE_LOOP ( 'NONE', ( #9671, #643, #1981, #6904 ) ) ;
#4141 = CARTESIAN_POINT ( 'NONE',  ( 12.63567232283998720, 52.98609450367801799, 42.17506673868121680 ) ) ;
#4142 = DIRECTION ( 'NONE',  ( 0.000000000000000000, 1.000000000000000000, 0.000000000000000000 ) ) ;
#4143 = CARTESIAN_POINT ( 'NONE',  ( -9.313731387466694045, 53.50000000000000711, 29.77741438812508079 ) ) ;
#4144 = DIRECTION ( 'NONE',  ( 0.000000000000000000, 0.000000000000000000, 1.000000000000000000 ) ) ;
#4145 = EDGE_LOOP ( 'NONE', ( #621, #9468, #3415, #3570 ) ) ;
#4146 = VERTEX_POINT ( 'NONE', #1302 ) ;
#4147 = CARTESIAN_POINT ( 'NONE',  ( 0.000000000000000000, 0.000000000000000000, 12.49999999999999112 ) ) ;
#4148 = EDGE_LOOP ( 'NONE', ( #9057, #3432, #310, #1092, #435 ) ) ;
#4149 = PLANE ( 'NONE',  #7695 ) ;
#4150 = ORIENTED_EDGE ( 'NONE', *, *, #6015, .F. ) ;
#4151 = LINE ( 'NONE', #7287, #8768 ) ;
#4152 = DIRECTION ( 'NONE',  ( -0.000000000000000000, -1.000000000000000000, -0.000000000000000000 ) ) ;
#4153 = ORIENTED_EDGE ( 'NONE', *, *, #5798, .F. ) ;
#4154 = CARTESIAN_POINT ( 'NONE',  ( -58.04429881564596627, 0.000000000000000000, -17.49999999999998579 ) ) ;
#4155 = ORIENTED_EDGE ( 'NONE', *, *, #558, .F. ) ;
#4156 = DIRECTION ( 'NONE',  ( -0.7071067811865459074, 0.000000000000000000, -0.7071067811865491270 ) ) ;
#4157 = DIRECTION ( 'NONE',  ( 0.000000000000000000, 1.000000000000000000, 0.000000000000000000 ) ) ;
#4158 = CARTESIAN_POINT ( 'NONE',  ( -31.75000000000000000, 22.50000000000000000, 13.00000000000000000 ) ) ;
#4159 = VERTEX_POINT ( 'NONE', #9908 ) ;
#4160 = CARTESIAN_POINT ( 'NONE',  ( 17.49999999999944222, 31.20788311109079771, -52.14163403653571294 ) ) ;
#4161 = LINE ( 'NONE', #4928, #943 ) ;
#4162 = ORIENTED_EDGE ( 'NONE', *, *, #5831, .T. ) ;
#4163 = CARTESIAN_POINT ( 'NONE',  ( 29.41128822328133907, 70.50000000000002842, -19.41535585328255920 ) ) ;
#4164 = DIRECTION ( 'NONE',  ( 0.000000000000000000, 0.000000000000000000, -1.000000000000000000 ) ) ;
#4165 = VERTEX_POINT ( 'NONE', #3652 ) ;
#4166 = ADVANCED_FACE ( 'NONE', ( #2269 ), #6237, .T. ) ;
#4167 = DIRECTION ( 'NONE',  ( -0.000000000000000000, -1.000000000000000000, 0.000000000000000000 ) ) ;
#4168 = EDGE_CURVE ( 'NONE', #5850, #7279, #2117, .T. ) ;
#4169 = PLANE ( 'NONE',  #1907 ) ;
#4170 = CARTESIAN_POINT ( 'NONE',  ( 12.49999999999933031, 31.20788311109079771, -63.04429881564609417 ) ) ;
#4171 = DIRECTION ( 'NONE',  ( -0.9674806351920963721, 0.000000000000000000, -0.2529450939004306842 ) ) ;
#4172 = VERTEX_POINT ( 'NONE', #2888 ) ;
#4173 = PLANE ( 'NONE',  #6641 ) ;
#4174 = VERTEX_POINT ( 'NONE', #10010 ) ;
#4175 = DIRECTION ( 'NONE',  ( 0.9674806351920982594, 0.000000000000000000, 0.2529450939004238563 ) ) ;
#4176 = PLANE ( 'NONE',  #1336 ) ;
#4177 = DIRECTION ( 'NONE',  ( 0.000000000000000000, 0.000000000000000000, -1.000000000000000000 ) ) ;
#4178 = CARTESIAN_POINT ( 'NONE',  ( -52.14163403653552820, 4.000000000000000000, 17.49999999999999289 ) ) ;
#4179 = AXIS2_PLACEMENT_3D ( 'NONE', #613, #3069, #8463 ) ;
#4180 = ADVANCED_FACE ( 'NONE', ( #5389, #2325, #10108 ), #6837, .T. ) ;
#4181 = VECTOR ( 'NONE', #2739, 1000.000000000000000 ) ;
#4182 = ORIENTED_EDGE ( 'NONE', *, *, #1529, .F. ) ;
#4183 = DIRECTION ( 'NONE',  ( 0.5030288774786573214, -0.7071067811865581199, 0.4969526621546028755 ) ) ;
#4184 = EDGE_LOOP ( 'NONE', ( #8504, #6704, #5594, #5376 ) ) ;
#4185 = ORIENTED_EDGE ( 'NONE', *, *, #4500, .T. ) ;
#4186 =( LENGTH_UNIT ( ) NAMED_UNIT ( * ) SI_UNIT ( .MILLI., .METRE. ) );
#4187 = CARTESIAN_POINT ( 'NONE',  ( 0.000000000000000000, 61.00000000000000711, 0.000000000000000000 ) ) ;
#4188 = CARTESIAN_POINT ( 'NONE',  ( 24.24999999999999645, 0.000000000000000000, 19.51666049839546346 ) ) ;
#4189 = DIRECTION ( 'NONE',  ( 1.000000000000000000, 0.000000000000000000, 0.000000000000000000 ) ) ;
#4190 = EDGE_LOOP ( 'NONE', ( #7413, #1846 ) ) ;
#4191 = AXIS2_PLACEMENT_3D ( 'NONE', #380, #6535, #9660 ) ;
#4192 = ORIENTED_EDGE ( 'NONE', *, *, #9245, .T. ) ;
#4193 = EDGE_LOOP ( 'NONE', ( #7020, #949, #2559, #2533 ) ) ;
#4194 = EDGE_CURVE ( 'NONE', #2326, #8333, #1830, .T. ) ;
#4195 = CARTESIAN_POINT ( 'NONE',  ( 54.84513394872567460, 9.295346400449712831, -4.134571575844605107 ) ) ;
#4196 = EDGE_CURVE ( 'NONE', #5064, #9119, #1008, .T. ) ;
#4197 = ORIENTED_EDGE ( 'NONE', *, *, #8772, .F. ) ;
#4198 = LINE ( 'NONE', #7339, #6970 ) ;
#4199 = EDGE_CURVE ( 'NONE', #1827, #2458, #3857, .T. ) ;
#4200 = EDGE_CURVE ( 'NONE', #8245, #4495, #2172, .T. ) ;
#4201 = CARTESIAN_POINT ( 'NONE',  ( 27.49999999999920419, 26.00000000000001066, 47.63139720814457689 ) ) ;
#4202 = ORIENTED_EDGE ( 'NONE', *, *, #3054, .F. ) ;
#4203 = CARTESIAN_POINT ( 'NONE',  ( -17.50000000000044409, 31.20788311109079771, -43.28812969620295092 ) ) ;
#4204 = CIRCLE ( 'NONE', #3702, 55.00000000000000000 ) ;
#4205 = VECTOR ( 'NONE', #1867, 1000.000000000000000 ) ;
#4206 = ORIENTED_EDGE ( 'NONE', *, *, #119, .F. ) ;
#4207 = DIRECTION ( 'NONE',  ( 0.000000000000000000, 0.000000000000000000, -1.000000000000000000 ) ) ;
#4208 = DIRECTION ( 'NONE',  ( -0.2646834405156394676, 0.000000000000000000, -0.9643353546960745648 ) ) ;
#4209 = EDGE_LOOP ( 'NONE', ( #6257, #174, #6411, #3019 ) ) ;
#4210 = FACE_BOUND ( 'NONE', #3212, .T. ) ;
#4211 = VECTOR ( 'NONE', #5346, 1000.000000000000114 ) ;
#4212 = ORIENTED_EDGE ( 'NONE', *, *, #1448, .T. ) ;
#4213 = PLANE ( 'NONE',  #3474 ) ;
#4214 = LINE ( 'NONE', #7350, #9655 ) ;
#4215 = ORIENTED_EDGE ( 'NONE', *, *, #9768, .F. ) ;
#4216 = DIRECTION ( 'NONE',  ( 0.000000000000000000, 0.000000000000000000, -1.000000000000000000 ) ) ;
#4217 = DIRECTION ( 'NONE',  ( -0.9674806351920982594, 0.000000000000000000, -0.2529450939004238563 ) ) ;
#4218 = CARTESIAN_POINT ( 'NONE',  ( -12.52707044354125721, 53.24713017205800014, 41.76975900734089464 ) ) ;
#4219 = LINE ( 'NONE', #3543, #7824 ) ;
#4220 = FACE_BOUND ( 'NONE', #6801, .T. ) ;
#4221 = ADVANCED_FACE ( 'NONE', ( #6212 ), #6116, .T. ) ;
#4222 = EDGE_LOOP ( 'NONE', ( #2579, #320, #5970, #6851, #2663, #8455, #7849, #2115 ) ) ;
#4223 = DIRECTION ( 'NONE',  ( 0.7027971946764645095, 0.000000000000000000, 0.7113902607956420487 ) ) ;
#4224 = ORIENTED_EDGE ( 'NONE', *, *, #8705, .T. ) ;
#4225 = DIRECTION ( 'NONE',  ( 0.000000000000000000, 0.000000000000000000, -1.000000000000000000 ) ) ;
#4226 = FACE_OUTER_BOUND ( 'NONE', #2612, .T. ) ;
#4227 = DIRECTION ( 'NONE',  ( 1.000000000000000000, 0.000000000000000000, -0.000000000000000000 ) ) ;
#4228 = FACE_OUTER_BOUND ( 'NONE', #3480, .T. ) ;
#4229 = ORIENTED_EDGE ( 'NONE', *, *, #6066, .T. ) ;
#4230 = DIRECTION ( 'NONE',  ( -0.000000000000000000, 1.000000000000000000, 0.000000000000000000 ) ) ;
#4231 = ADVANCED_FACE ( 'NONE', ( #9345, #6315 ), #6425, .F. ) ;
#4232 = ORIENTED_EDGE ( 'NONE', *, *, #1489, .F. ) ;
#4233 = ORIENTED_EDGE ( 'NONE', *, *, #1857, .T. ) ;
#4234 = FACE_OUTER_BOUND ( 'NONE', #2002, .T. ) ;
#4235 = PLANE ( 'NONE',  #3275 ) ;
#4236 = CARTESIAN_POINT ( 'NONE',  ( 58.04429881564596627, 44.31128874149274566, -17.49999999999999289 ) ) ;
#4237 = DIRECTION ( 'NONE',  ( -0.2646834405156326397, 0.000000000000000000, -0.9643353546960763412 ) ) ;
#4238 = EDGE_LOOP ( 'NONE', ( #3737, #6868, #6132 ) ) ;
#4239 = EDGE_CURVE ( 'NONE', #282, #8271, #939, .T. ) ;
#4240 = CARTESIAN_POINT ( 'NONE',  ( -43.08131845707601570, 20.00000000000000000, -13.00000000000000000 ) ) ;
#4241 = VECTOR ( 'NONE', #5110, 1000.000000000000000 ) ;
#4242 = EDGE_CURVE ( 'NONE', #2159, #9489, #6855, .T. ) ;
#4243 = PRODUCT_CONTEXT ( 'NONE', #5839, 'mechanical' ) ;
#4244 = ORIENTED_EDGE ( 'NONE', *, *, #2107, .F. ) ;
#4245 = ADVANCED_FACE ( 'NONE', ( #6366 ), #4010, .F. ) ;
#4246 = CARTESIAN_POINT ( 'NONE',  ( 54.64373248598597854, 14.00000000000000178, 6.250000000000000000 ) ) ;
#4247 = ORIENTED_EDGE ( 'NONE', *, *, #5546, .T. ) ;
#4248 = CARTESIAN_POINT ( 'NONE',  ( -35.12978637015333305, 71.00000000000001421, 30.80462120709500340 ) ) ;
#4249 = EDGE_CURVE ( 'NONE', #7541, #5602, #7818, .T. ) ;
#4250 = CARTESIAN_POINT ( 'NONE',  ( -66.52214940782297958, -1.000000000000000000, 6.249999999999996447 ) ) ;
#4251 = VECTOR ( 'NONE', #2343, 999.9999999999998863 ) ;
#4252 = ORIENTED_EDGE ( 'NONE', *, *, #3472, .T. ) ;
#4253 = FACE_OUTER_BOUND ( 'NONE', #3383, .T. ) ;
#4254 = VERTEX_POINT ( 'NONE', #835 ) ;
#4255 = EDGE_CURVE ( 'NONE', #5271, #1569, #2475, .T. ) ;
#4256 = VECTOR ( 'NONE', #347, 1000.000000000000000 ) ;
#4257 = ADVANCED_FACE ( 'NONE', ( #1758 ), #7252, .F. ) ;
#4258 = FACE_OUTER_BOUND ( 'NONE', #3011, .T. ) ;
#4259 = VECTOR ( 'NONE', #1165, 1000.000000000000000 ) ;
#4260 = DIRECTION ( 'NONE',  ( -1.000000000000000000, -0.000000000000000000, -0.000000000000000000 ) ) ;
#4261 = VERTEX_POINT ( 'NONE', #2528 ) ;
#4262 = CARTESIAN_POINT ( 'NONE',  ( -4.066003604646357940E-15, 71.00000000000001421, 33.75571509744843013 ) ) ;
#4263 = AXIS2_PLACEMENT_3D ( 'NONE', #8786, #782, #7039 ) ;
#4264 = ORIENTED_EDGE ( 'NONE', *, *, #796, .F. ) ;
#4265 = CARTESIAN_POINT ( 'NONE',  ( -29.23330679730032955, 71.00000000000001421, -16.87785754872416888 ) ) ;
#4266 = VECTOR ( 'NONE', #7109, 1000.000000000000114 ) ;
#4267 = VERTEX_POINT ( 'NONE', #9445 ) ;
#4268 = CYLINDRICAL_SURFACE ( 'NONE', #8318, 48.99999999999998579 ) ;
#4269 = DIRECTION ( 'NONE',  ( 0.000000000000000000, 0.000000000000000000, 1.000000000000000000 ) ) ;
#4270 = VECTOR ( 'NONE', #2133, 1000.000000000000114 ) ;
#4271 = AXIS2_PLACEMENT_3D ( 'NONE', #7871, #2374, #8590 ) ;
#4272 = CARTESIAN_POINT ( 'NONE',  ( 5.874250626806587050, 70.50000000000000000, -22.46821094675082264 ) ) ;
#4273 = FACE_BOUND ( 'NONE', #9557, .T. ) ;
#4274 = ORIENTED_EDGE ( 'NONE', *, *, #5894, .F. ) ;
#4275 = CARTESIAN_POINT ( 'NONE',  ( -34.25000000000000000, 30.50000000000000000, -5.000000000000000000 ) ) ;
#4276 = EDGE_LOOP ( 'NONE', ( #10112, #4475, #1056, #3678 ) ) ;
#4277 = DIRECTION ( 'NONE',  ( -0.8660254037844415942, 0.000000000000000000, 0.4999999999999949485 ) ) ;
#4278 = LINE ( 'NONE', #7415, #3777 ) ;
#4279 = TOROIDAL_SURFACE ( 'NONE', #2481, 42.49999999999998579, 2.500000000000000000 ) ;
#4280 = DIRECTION ( 'NONE',  ( 0.000000000000000000, 0.000000000000000000, 1.000000000000000000 ) ) ;
#4281 = DIRECTION ( 'NONE',  ( 1.000000000000000000, 0.000000000000000000, -1.007793579344898724E-14 ) ) ;
#4282 = AXIS2_PLACEMENT_3D ( 'NONE', #6848, #9920, #2948 ) ;
#4283 = VERTEX_POINT ( 'NONE', #7969 ) ;
#4284 = CARTESIAN_POINT ( 'NONE',  ( -12.41061082169978214, 53.43369657167164632, -41.33512578159822226 ) ) ;
#4285 = ORIENTED_EDGE ( 'NONE', *, *, #8752, .T. ) ;
#4286 = VERTEX_POINT ( 'NONE', #4716 ) ;
#4287 = LINE ( 'NONE', #2082, #1340 ) ;
#4288 = LINE ( 'NONE', #4382, #1168 ) ;
#4289 = VECTOR ( 'NONE', #2647, 1000.000000000000114 ) ;
#4290 = DIRECTION ( 'NONE',  ( 0.5030288774786636496, 0.7071067811865495711, 0.4969526621546089262 ) ) ;
#4291 = DIRECTION ( 'NONE',  ( 0.000000000000000000, 0.000000000000000000, 1.000000000000000000 ) ) ;
#4292 = ORIENTED_EDGE ( 'NONE', *, *, #3605, .F. ) ;
#4293 = PLANE ( 'NONE',  #5331 ) ;
#4294 = CARTESIAN_POINT ( 'NONE',  ( 44.75373346661311302, 18.12834434814483942, -4.710529168526385924 ) ) ;
#4295 = EDGE_CURVE ( 'NONE', #9989, #9302, #5596, .T. ) ;
#4296 = AXIS2_PLACEMENT_3D ( 'NONE', #5526, #3227, #819 ) ;
#4297 = VERTEX_POINT ( 'NONE', #4771 ) ;
#4298 = FACE_OUTER_BOUND ( 'NONE', #4630, .T. ) ;
#4299 = ORIENTED_EDGE ( 'NONE', *, *, #9507, .F. ) ;
#4300 = DIRECTION ( 'NONE',  ( 0.000000000000000000, 1.000000000000000000, 0.000000000000000000 ) ) ;
#4301 = CARTESIAN_POINT ( 'NONE',  ( 54.66737659671312599, 12.38048198473931905, -6.039992412728515170 ) ) ;
#4302 = ORIENTED_EDGE ( 'NONE', *, *, #3293, .F. ) ;
#4303 = CYLINDRICAL_SURFACE ( 'NONE', #5926, 24.20000000000000639 ) ;
#4304 = EDGE_CURVE ( 'NONE', #6064, #9415, #9499, .T. ) ;
#4305 = ORIENTED_EDGE ( 'NONE', *, *, #8968, .F. ) ;
#4306 = EDGE_CURVE ( 'NONE', #9521, #1343, #8734, .T. ) ;
#4307 = PLANE ( 'NONE',  #6985 ) ;
#4308 = CARTESIAN_POINT ( 'NONE',  ( 6.471738182438357967, 61.00000000000000711, 30.76206126766261306 ) ) ;
#4309 = ORIENTED_EDGE ( 'NONE', *, *, #2066, .F. ) ;
#4310 = DIRECTION ( 'NONE',  ( 0.000000000000000000, -1.000000000000000000, 0.000000000000000000 ) ) ;
#4311 = EDGE_CURVE ( 'NONE', #9674, #4384, #2950, .T. ) ;
#4312 = AXIS2_PLACEMENT_3D ( 'NONE', #3172, #3892, #4042 ) ;
#4313 = ORIENTED_EDGE ( 'NONE', *, *, #7144, .F. ) ;
#4314 = CARTESIAN_POINT ( 'NONE',  ( 12.88755093684978270, 51.00000000000000711, -43.11509052350581328 ) ) ;
#4315 = EDGE_CURVE ( 'NONE', #9587, #9001, #7093, .T. ) ;
#4316 = VERTEX_POINT ( 'NONE', #13 ) ;
#4317 = FACE_OUTER_BOUND ( 'NONE', #5830, .T. ) ;
#4318 = CARTESIAN_POINT ( 'NONE',  ( 28.61717926410529955, 61.00000000000000711, -16.52213615157941717 ) ) ;
#4319 = CARTESIAN_POINT ( 'NONE',  ( -8.756996203826419745, 61.00000000000000711, -46.17699662695888208 ) ) ;
#4320 = FACE_BOUND ( 'NONE', #2657, .T. ) ;
#4321 = EDGE_CURVE ( 'NONE', #3425, #4174, #3107, .T. ) ;
#4322 = EDGE_CURVE ( 'NONE', #10054, #7875, #5447, .T. ) ;
#4323 = CARTESIAN_POINT ( 'NONE',  ( 0.000000000000000000, 53.50000000000000711, 0.000000000000000000 ) ) ;
#4324 = ORIENTED_EDGE ( 'NONE', *, *, #1325, .F. ) ;
#4325 = CARTESIAN_POINT ( 'NONE',  ( -43.76688953317123065, 51.32744935920172935, -10.39240545615370159 ) ) ;
#4326 = EDGE_CURVE ( 'NONE', #7967, #3523, #5538, .T. ) ;
#4327 = EDGE_CURVE ( 'NONE', #832, #4732, #4807, .T. ) ;
#4328 = DIRECTION ( 'NONE',  ( -0.9643353546960745648, 0.000000000000000000, 0.2646834405156394676 ) ) ;
#4329 = FACE_OUTER_BOUND ( 'NONE', #8295, .T. ) ;
#4330 = FACE_OUTER_BOUND ( 'NONE', #10022, .T. ) ;
#4331 = ORIENTED_EDGE ( 'NONE', *, *, #4546, .F. ) ;
#4332 = AXIS2_PLACEMENT_3D ( 'NONE', #7610, #5959, #2929 ) ;
#4333 = DIRECTION ( 'NONE',  ( 1.000000000000000000, 0.000000000000000000, 0.000000000000000000 ) ) ;
#4334 = ORIENTED_EDGE ( 'NONE', *, *, #2174, .F. ) ;
#4335 = VERTEX_POINT ( 'NONE', #1556 ) ;
#4336 = DIRECTION ( 'NONE',  ( 0.000000000000000000, 0.000000000000000000, 1.000000000000000000 ) ) ;
#4337 = CARTESIAN_POINT ( 'NONE',  ( 0.9117517771170398078, 53.50000000000000711, -0.9117517771170464691 ) ) ;
#4338 = CARTESIAN_POINT ( 'NONE',  ( 12.88755093684978270, 51.33021126696390013, -43.11509052350580617 ) ) ;
#4339 = CARTESIAN_POINT ( 'NONE',  ( 29.76271277008408234, 71.00000000000001421, -18.80667068319335655 ) ) ;
#4340 = ORIENTED_EDGE ( 'NONE', *, *, #1088, .F. ) ;
#4341 = CARTESIAN_POINT ( 'NONE',  ( 27.36180241307267025, 4.000000000000000000, 24.90646038095275827 ) ) ;
#4342 = CARTESIAN_POINT ( 'NONE',  ( 44.59278309210461089, 15.61781967271268634, 6.040472829448237491 ) ) ;
#4343 = ORIENTED_EDGE ( 'NONE', *, *, #5853, .T. ) ;
#4344 = DIRECTION ( 'NONE',  ( -0.000000000000000000, 0.000000000000000000, 1.000000000000000000 ) ) ;
#4345 = ORIENTED_EDGE ( 'NONE', *, *, #2493, .T. ) ;
#4346 = LINE ( 'NONE', #8413, #5322 ) ;
#4347 = CARTESIAN_POINT ( 'NONE',  ( 54.77558831484374480, 10.18637320799816770, -4.968647819940263055 ) ) ;
#4348 = ADVANCED_FACE ( 'NONE', ( #8837 ), #7047, .F. ) ;
#4349 = AXIS2_PLACEMENT_3D ( 'NONE', #2839, #2986, #3080 ) ;
#4350 = ORIENTED_EDGE ( 'NONE', *, *, #6788, .F. ) ;
#4351 = DIRECTION ( 'NONE',  ( -0.000000000000000000, 1.000000000000000000, -0.000000000000000000 ) ) ;
#4352 = EDGE_LOOP ( 'NONE', ( #3099, #3699, #9706, #1444 ) ) ;
#4353 = DIRECTION ( 'NONE',  ( -0.000000000000000000, -1.000000000000000000, -0.000000000000000000 ) ) ;
#4354 = FACE_OUTER_BOUND ( 'NONE', #3093, .T. ) ;
#4355 = ORIENTED_EDGE ( 'NONE', *, *, #9890, .F. ) ;
#4356 = LINE ( 'NONE', #9851, #8855 ) ;
#4357 = VECTOR ( 'NONE', #2981, 1000.000000000000000 ) ;
#4358 = ORIENTED_EDGE ( 'NONE', *, *, #5546, .F. ) ;
#4359 = ORIENTED_EDGE ( 'NONE', *, *, #6844, .F. ) ;
#4360 = EDGE_CURVE ( 'NONE', #556, #6536, #820, .T. ) ;
#4361 = CYLINDRICAL_SURFACE ( 'NONE', #2088, 17.12500000000000000 ) ;
#4362 = CARTESIAN_POINT ( 'NONE',  ( 28.61717926410564417, 61.00000000000000711, 16.52213615157881677 ) ) ;
#4363 = ADVANCED_FACE ( 'NONE', ( #3632 ), #3676, .T. ) ;
#4364 = VECTOR ( 'NONE', #8414, 1000.000000000000000 ) ;
#4365 = DIRECTION ( 'NONE',  ( -0.8660254037844329345, 0.000000000000000000, 0.5000000000000102141 ) ) ;
#4366 = FACE_BOUND ( 'NONE', #371, .T. ) ;
#4367 = CARTESIAN_POINT ( 'NONE',  ( 13.74999999999999822, 23.30000000000000071, -5.000000000000000000 ) ) ;
#4368 = EDGE_LOOP ( 'NONE', ( #3502, #3965, #1933, #7903, #5201 ) ) ;
#4369 = PLANE ( 'NONE',  #9526 ) ;
#4370 = LINE ( 'NONE', #2742, #4432 ) ;
#4371 = AXIS2_PLACEMENT_3D ( 'NONE', #8175, #8326, #3399 ) ;
#4372 = DIRECTION ( 'NONE',  ( -0.000000000000000000, 1.000000000000000000, -0.000000000000000000 ) ) ;
#4373 = DIRECTION ( 'NONE',  ( -0.000000000000000000, 1.000000000000000000, -0.000000000000000000 ) ) ;
#4374 = EDGE_CURVE ( 'NONE', #8193, #2015, #1639, .T. ) ;
#4375 = EDGE_CURVE ( 'NONE', #6468, #7398, #8892, .T. ) ;
#4376 = EDGE_CURVE ( 'NONE', #6106, #3504, #6711, .T. ) ;
#4377 = EDGE_LOOP ( 'NONE', ( #5754, #7435, #2704, #8055 ) ) ;
#4378 = DIRECTION ( 'NONE',  ( -0.7027971946764646205, 0.000000000000000000, 0.7113902607956418267 ) ) ;
#4379 = VERTEX_POINT ( 'NONE', #3397 ) ;
#4380 = ORIENTED_EDGE ( 'NONE', *, *, #558, .T. ) ;
#4381 = CARTESIAN_POINT ( 'NONE',  ( -58.04429881564596627, 44.31128874149274566, 17.49999999999999289 ) ) ;
#4382 = CARTESIAN_POINT ( 'NONE',  ( 22.87733444822517370, 71.00000000000001421, -6.279196922622012345 ) ) ;
#4383 = DIRECTION ( 'NONE',  ( 0.000000000000000000, 0.000000000000000000, -1.000000000000000000 ) ) ;
#4384 = VERTEX_POINT ( 'NONE', #1334 ) ;
#4385 = CARTESIAN_POINT ( 'NONE',  ( 29.39442794444036977, 71.00000000000001421, 9.908682681455507790 ) ) ;
#4386 = CARTESIAN_POINT ( 'NONE',  ( 44.87888506282538259, 19.30939703162329124, 3.303788602332998980 ) ) ;
#4387 = ORIENTED_EDGE ( 'NONE', *, *, #9978, .T. ) ;
#4388 = LINE ( 'NONE', #9163, #3754 ) ;
#4389 = ORIENTED_EDGE ( 'NONE', *, *, #8950, .T. ) ;
#4390 = CARTESIAN_POINT ( 'NONE',  ( 0.000000000000000000, 53.50000000000000711, 0.000000000000000000 ) ) ;
#4391 = CARTESIAN_POINT ( 'NONE',  ( 43.28868437181618845, 52.52341675436967705, 10.26427076935225102 ) ) ;
#4392 = ORIENTED_EDGE ( 'NONE', *, *, #2861, .F. ) ;
#4393 = DIRECTION ( 'NONE',  ( 0.000000000000000000, 0.000000000000000000, 1.000000000000000000 ) ) ;
#4394 = CARTESIAN_POINT ( 'NONE',  ( -17.49999999999984013, 31.20788311109079771, 43.28812969620319251 ) ) ;
#4395 = EDGE_CURVE ( 'NONE', #1997, #5448, #5560, .T. ) ;
#4396 = EDGE_LOOP ( 'NONE', ( #6003, #4668, #2966 ) ) ;
#4397 = CARTESIAN_POINT ( 'NONE',  ( 0.000000000000000000, 22.50000000000000000, 0.000000000000000000 ) ) ;
#4398 = FACE_OUTER_BOUND ( 'NONE', #5061, .T. ) ;
#4399 = CIRCLE ( 'NONE', #6379, 44.99999999999998579 ) ;
#4400 = LINE ( 'NONE', #562, #7598 ) ;
#4401 = VERTEX_POINT ( 'NONE', #1047 ) ;
#4402 = EDGE_LOOP ( 'NONE', ( #3730, #9943, #8675, #273 ) ) ;
#4403 = CARTESIAN_POINT ( 'NONE',  ( 0.000000000000000000, 61.00000000000000711, 0.000000000000000000 ) ) ;
#4404 = ORIENTED_EDGE ( 'NONE', *, *, #5135, .F. ) ;
#4405 = VECTOR ( 'NONE', #1782, 1000.000000000000000 ) ;
#4406 = VECTOR ( 'NONE', #4171, 999.9999999999998863 ) ;
#4407 = LINE ( 'NONE', #2637, #5845 ) ;
#4408 = CARTESIAN_POINT ( 'NONE',  ( -6.249999999999763745, -1.000000000000000000, 65.07214940782301937 ) ) ;
#4409 = CIRCLE ( 'NONE', #6383, 45.00000000000000711 ) ;
#4410 = EDGE_CURVE ( 'NONE', #9185, #7875, #9887, .T. ) ;
#4411 = AXIS2_PLACEMENT_3D ( 'NONE', #1604, #9552, #7145 ) ;
#4412 = DIRECTION ( 'NONE',  ( -0.000000000000000000, 1.000000000000000000, -0.000000000000000000 ) ) ;
#4413 = VECTOR ( 'NONE', #7132, 1000.000000000000114 ) ;
#4414 = FACE_BOUND ( 'NONE', #136, .T. ) ;
#4415 = DIRECTION ( 'NONE',  ( 0.000000000000000000, 0.000000000000000000, 1.000000000000000000 ) ) ;
#4416 = AXIS2_PLACEMENT_3D ( 'NONE', #4927, #9490, #4870 ) ;
#4417 = ORIENTED_EDGE ( 'NONE', *, *, #4089, .F. ) ;
#4418 = FACE_OUTER_BOUND ( 'NONE', #4451, .T. ) ;
#4419 = CARTESIAN_POINT ( 'NONE',  ( -31.75000000000000000, 22.50000000000000000, -13.00000000000000000 ) ) ;
#4420 = ORIENTED_EDGE ( 'NONE', *, *, #5798, .T. ) ;
#4421 = VECTOR ( 'NONE', #1935, 1000.000000000000114 ) ;
#4422 = EDGE_CURVE ( 'NONE', #6183, #5339, #2863, .T. ) ;
#4423 = CARTESIAN_POINT ( 'NONE',  ( 19.25000000000000355, 5.000000000000000000, -4.999999999999999112 ) ) ;
#4424 = CARTESIAN_POINT ( 'NONE',  ( 19.25000000000000000, 4.000000000000000000, -13.00000000000000000 ) ) ;
#4425 = AXIS2_PLACEMENT_3D ( 'NONE', #1409, #6219, #6122 ) ;
#4426 = EDGE_CURVE ( 'NONE', #4816, #1154, #6808, .T. ) ;
#4427 = ORIENTED_EDGE ( 'NONE', *, *, #1979, .T. ) ;
#4428 = CARTESIAN_POINT ( 'NONE',  ( 1.652301389379721153, 61.00000000000000711, -0.4427328229371134127 ) ) ;
#4429 = DIRECTION ( 'NONE',  ( 0.000000000000000000, -1.000000000000000000, 0.000000000000000000 ) ) ;
#4430 = ORIENTED_EDGE ( 'NONE', *, *, #1628, .F. ) ;
#4431 = ORIENTED_EDGE ( 'NONE', *, *, #373, .T. ) ;
#4432 = VECTOR ( 'NONE', #8287, 1000.000000000000000 ) ;
#4433 = CARTESIAN_POINT ( 'NONE',  ( 45.27214940782253905, 4.000000000000000000, -45.27214940782325669 ) ) ;
#4434 = CARTESIAN_POINT ( 'NONE',  ( -3.509433644628745519, 61.00000000000000711, -29.49192898902932214 ) ) ;
#4435 = VECTOR ( 'NONE', #1223, 1000.000000000000114 ) ;
#4436 = EDGE_CURVE ( 'NONE', #7732, #8214, #6527, .T. ) ;
#4437 = LINE ( 'NONE', #7582, #3759 ) ;
#4438 = ORIENTED_EDGE ( 'NONE', *, *, #1529, .T. ) ;
#4439 = EDGE_CURVE ( 'NONE', #7380, #6102, #3727, .T. ) ;
#4440 = CARTESIAN_POINT ( 'NONE',  ( 6.000723173757281259, 71.00000000000001421, 22.95195126434676780 ) ) ;
#4441 = CARTESIAN_POINT ( 'NONE',  ( 44.87884862384714779, 19.30906478125731240, -3.304199217296244662 ) ) ;
#4442 = CIRCLE ( 'NONE', #4936, 1.449999999999993072 ) ;
#4443 = ORIENTED_EDGE ( 'NONE', *, *, #7453, .F. ) ;
#4444 = LINE ( 'NONE', #9265, #2615 ) ;
#4445 = ORIENTED_EDGE ( 'NONE', *, *, #6825, .F. ) ;
#4446 = VECTOR ( 'NONE', #3458, 1000.000000000000000 ) ;
#4447 = CARTESIAN_POINT ( 'NONE',  ( -18.65508692645726896, 61.00000000000000711, -18.42974732841616259 ) ) ;
#4448 = CARTESIAN_POINT ( 'NONE',  ( -16.52091614407034115, 61.00000000000000711, -16.32135574438677139 ) ) ;
#4449 = CARTESIAN_POINT ( 'NONE',  ( 0.000000000000000000, 53.50000000000000711, 0.000000000000000000 ) ) ;
#4450 = DIRECTION ( 'NONE',  ( 0.000000000000000000, 0.000000000000000000, 1.000000000000000000 ) ) ;
#4451 = EDGE_LOOP ( 'NONE', ( #4244, #759, #2228, #2053 ) ) ;
#4452 = AXIS2_PLACEMENT_3D ( 'NONE', #318, #9853, #3642 ) ;
#4453 = CARTESIAN_POINT ( 'NONE',  ( -30.29579621170466197, 52.88262122970321855, 32.11929976593859237 ) ) ;
#4454 = CARTESIAN_POINT ( 'NONE',  ( 24.24999999999999645, 4.000000000000000000, 19.51666049839546346 ) ) ;
#4455 = CARTESIAN_POINT ( 'NONE',  ( 23.28831231577550298, 71.00000000000001421, -18.43215965325005712 ) ) ;
#4456 = ORIENTED_EDGE ( 'NONE', *, *, #3010, .T. ) ;
#4457 = LINE ( 'NONE', #4552, #9353 ) ;
#4458 = ORIENTED_EDGE ( 'NONE', *, *, #7972, .F. ) ;
#4459 = CARTESIAN_POINT ( 'NONE',  ( 44.83994267288414193, 9.026709849395478713, 3.807321472363637049 ) ) ;
#4460 = EDGE_LOOP ( 'NONE', ( #3034, #9294, #450 ) ) ;
#4461 = CARTESIAN_POINT ( 'NONE',  ( -13.09507021347559430, 62.68429458569865886, 35.17860068602909962 ) ) ;
#4462 = CARTESIAN_POINT ( 'NONE',  ( 32.18747191632373017, 71.00000000000001421, -18.17272421685429862 ) ) ;
#4463 = AXIS2_PLACEMENT_3D ( 'NONE', #8886, #2724, #7245 ) ;
#4464 = DIRECTION ( 'NONE',  ( 0.000000000000000000, 1.000000000000000000, 0.000000000000000000 ) ) ;
#4465 = PLANE ( 'NONE',  #339 ) ;
#4466 = CARTESIAN_POINT ( 'NONE',  ( 0.000000000000000000, 66.00000000000000000, 0.000000000000000000 ) ) ;
#4467 = ORIENTED_EDGE ( 'NONE', *, *, #7056, .T. ) ;
#4468 = CARTESIAN_POINT ( 'NONE',  ( -43.78253914824665571, 51.16510438680747797, -10.39659875787502230 ) ) ;
#4469 = DIRECTION ( 'NONE',  ( 0.000000000000000000, 1.000000000000000000, 0.000000000000000000 ) ) ;
#4470 = EDGE_CURVE ( 'NONE', #1308, #5676, #1094, .T. ) ;
#4471 = EDGE_CURVE ( 'NONE', #1278, #2564, #7301, .T. ) ;
#4472 = ORIENTED_EDGE ( 'NONE', *, *, #3337, .T. ) ;
#4473 = CARTESIAN_POINT ( 'NONE',  ( -27.29547653342043034, 70.50000000000002842, 11.70670580537048622 ) ) ;
#4474 = CARTESIAN_POINT ( 'NONE',  ( 6.633085908507855954, 61.00000000000000711, -25.37065285232711886 ) ) ;
#4475 = ORIENTED_EDGE ( 'NONE', *, *, #9088, .T. ) ;
#4476 = PLANE ( 'NONE',  #7334 ) ;
#4477 = PLANE ( 'NONE',  #8527 ) ;
#4478 = ORIENTED_EDGE ( 'NONE', *, *, #4322, .F. ) ;
#4479 = ORIENTED_EDGE ( 'NONE', *, *, #255, .T. ) ;
#4480 = DIRECTION ( 'NONE',  ( -1.000000000000000000, -0.000000000000000000, -0.000000000000000000 ) ) ;
#4481 = CARTESIAN_POINT ( 'NONE',  ( -3.031539202662544064, 81.97053539100451758, 17.92306388699253716 ) ) ;
#4482 = DIRECTION ( 'NONE',  ( 0.000000000000000000, 1.000000000000000000, -0.000000000000000000 ) ) ;
#4483 = ORIENTED_EDGE ( 'NONE', *, *, #9264, .F. ) ;
#4484 = LINE ( 'NONE', #1273, #4840 ) ;
#4485 = DIRECTION ( 'NONE',  ( -0.5030288774786573214, -0.7071067811865581199, -0.4969526621546028755 ) ) ;
#4486 = ADVANCED_FACE ( 'NONE', ( #3442 ), #5269, .T. ) ;
#4487 = CIRCLE ( 'NONE', #6625, 54.99999999999999289 ) ;
#4488 = ORIENTED_EDGE ( 'NONE', *, *, #4916, .F. ) ;
#4489 = DIRECTION ( 'NONE',  ( 0.000000000000000000, 0.000000000000000000, 1.000000000000000000 ) ) ;
#4490 = ORIENTED_EDGE ( 'NONE', *, *, #6236, .F. ) ;
#4491 = CARTESIAN_POINT ( 'NONE',  ( -32.27764532285578269, 61.00000000000000711, -29.85850818997026224 ) ) ;
#4492 = CYLINDRICAL_SURFACE ( 'NONE', #5573, 1.449999999999993072 ) ;
#4493 = DIRECTION ( 'NONE',  ( 0.000000000000000000, 0.000000000000000000, -1.000000000000000000 ) ) ;
#4494 = LINE ( 'NONE', #607, #2152 ) ;
#4495 = VERTEX_POINT ( 'NONE', #2633 ) ;
#4496 = CARTESIAN_POINT ( 'NONE',  ( -29.12645237521083175, 53.50000000000000711, 30.94995592944477281 ) ) ;
#4497 = EDGE_CURVE ( 'NONE', #8878, #9201, #4214, .T. ) ;
#4498 = EDGE_CURVE ( 'NONE', #7400, #2856, #2820, .T. ) ;
#4499 = AXIS2_PLACEMENT_3D ( 'NONE', #4147, #4853, #10136 ) ;
#4500 = EDGE_CURVE ( 'NONE', #4657, #3764, #5397, .T. ) ;
#4501 = CARTESIAN_POINT ( 'NONE',  ( -12.56423318702804792, 53.17044761530209485, 41.90845225418226505 ) ) ;
#4502 = AXIS2_PLACEMENT_3D ( 'NONE', #948, #4020, #10033 ) ;
#4503 = DIRECTION ( 'NONE',  ( -0.000000000000000000, -1.000000000000000000, -0.000000000000000000 ) ) ;
#4504 = ORIENTED_EDGE ( 'NONE', *, *, #6508, .F. ) ;
#4505 = CARTESIAN_POINT ( 'NONE',  ( 11.25000000000000000, 5.000000000000000000, -4.999999999999999112 ) ) ;
#4506 = ORIENTED_EDGE ( 'NONE', *, *, #3041, .T. ) ;
#4507 = CARTESIAN_POINT ( 'NONE',  ( 44.72546772243117630, 10.18612248795505515, -4.968422806758804988 ) ) ;
#4508 = ORIENTED_EDGE ( 'NONE', *, *, #8941, .T. ) ;
#4509 = LINE ( 'NONE', #6933, #2406 ) ;
#4510 = CARTESIAN_POINT ( 'NONE',  ( 73.04429881564593074, 0.000000000000000000, -17.49999999999999289 ) ) ;
#4511 = VECTOR ( 'NONE', #8940, 1000.000000000000000 ) ;
#4512 = CARTESIAN_POINT ( 'NONE',  ( 0.000000000000000000, 26.00000000000001066, 0.000000000000000000 ) ) ;
#4513 = DIRECTION ( 'NONE',  ( 0.000000000000000000, 0.000000000000000000, 1.000000000000000000 ) ) ;
#4514 = CARTESIAN_POINT ( 'NONE',  ( -17.50000000000081002, 0.000000000000000000, -78.04429881564578864 ) ) ;
#4515 = ORIENTED_EDGE ( 'NONE', *, *, #9086, .F. ) ;
#4516 = DIRECTION ( 'NONE',  ( -0.000000000000000000, 1.000000000000000000, -0.000000000000000000 ) ) ;
#4517 = DIRECTION ( 'NONE',  ( -0.9674806351920929304, 0.000000000000000000, 0.2529450939004439514 ) ) ;
#4518 = DIRECTION ( 'NONE',  ( 0.7071067811865496822, 0.000000000000000000, 0.7071067811865453523 ) ) ;
#4519 = ORIENTED_EDGE ( 'NONE', *, *, #6960, .T. ) ;
#4520 = VECTOR ( 'NONE', #3636, 1000.000000000000000 ) ;
#4521 = CARTESIAN_POINT ( 'NONE',  ( 0.000000000000000000, 26.00000000000001066, 0.000000000000000000 ) ) ;
#4522 = DIRECTION ( 'NONE',  ( -0.000000000000000000, 1.000000000000000000, -0.000000000000000000 ) ) ;
#4523 = AXIS2_PLACEMENT_3D ( 'NONE', #3349, #6484, #2590 ) ;
#4524 = EDGE_CURVE ( 'NONE', #3504, #8461, #2197, .T. ) ;
#4525 = ORIENTED_EDGE ( 'NONE', *, *, #5750, .F. ) ;
#4526 = DIRECTION ( 'NONE',  ( 0.000000000000000000, 1.000000000000000000, -0.000000000000000000 ) ) ;
#4527 = VECTOR ( 'NONE', #3693, 999.9999999999998863 ) ;
#4528 = DIRECTION ( 'NONE',  ( -1.000000000000000000, 0.000000000000000000, 0.000000000000000000 ) ) ;
#4529 = ORIENTED_EDGE ( 'NONE', *, *, #7765, .T. ) ;
#4530 = VERTEX_POINT ( 'NONE', #1430 ) ;
#4531 = CARTESIAN_POINT ( 'NONE',  ( -28.61717926410542034, 61.00000000000000711, 16.52213615157921822 ) ) ;
#4532 = AXIS2_PLACEMENT_3D ( 'NONE', #7298, #6476, #9601 ) ;
#4533 = ORIENTED_EDGE ( 'NONE', *, *, #2413, .F. ) ;
#4534 = FACE_OUTER_BOUND ( 'NONE', #4053, .T. ) ;
#4535 = DIRECTION ( 'NONE',  ( -0.5030288774786636496, 0.7071067811865495711, -0.4969526621546089262 ) ) ;
#4536 = EDGE_CURVE ( 'NONE', #9278, #9302, #807, .T. ) ;
#4537 = ORIENTED_EDGE ( 'NONE', *, *, #4617, .F. ) ;
#4538 = DIRECTION ( 'NONE',  ( -0.000000000000000000, 1.000000000000000000, -0.000000000000000000 ) ) ;
#4539 = EDGE_LOOP ( 'NONE', ( #1607, #5866, #8268, #4975 ) ) ;
#4540 = CYLINDRICAL_SURFACE ( 'NONE', #9590, 31.20000000000000995 ) ;
#4541 = DIRECTION ( 'NONE',  ( 0.000000000000000000, 0.000000000000000000, 1.000000000000000000 ) ) ;
#4542 = EDGE_CURVE ( 'NONE', #2832, #2899, #160, .T. ) ;
#4543 = DIRECTION ( 'NONE',  ( 0.000000000000000000, 0.000000000000000000, -1.000000000000000000 ) ) ;
#4544 = ADVANCED_FACE ( 'NONE', ( #861 ), #6143, .F. ) ;
#4545 = ORIENTED_EDGE ( 'NONE', *, *, #6769, .T. ) ;
#4546 = EDGE_CURVE ( 'NONE', #1910, #9383, #9270, .T. ) ;
#4547 = DIRECTION ( 'NONE',  ( 0.9674806351920929304, 0.000000000000000000, -0.2529450939004439514 ) ) ;
#4548 = EDGE_CURVE ( 'NONE', #3996, #4286, #6094, .T. ) ;
#4549 = DIRECTION ( 'NONE',  ( -1.000000000000000000, 0.000000000000000000, -3.491481338843133750E-15 ) ) ;
#4550 = DIRECTION ( 'NONE',  ( 0.000000000000000000, 1.000000000000000000, 0.000000000000000000 ) ) ;
#4551 = ORIENTED_EDGE ( 'NONE', *, *, #2252, .T. ) ;
#4552 = CARTESIAN_POINT ( 'NONE',  ( -44.36895025132785975, 70.50000000000000000, 15.50471714012209290 ) ) ;
#4553 = ORIENTED_EDGE ( 'NONE', *, *, #7244, .T. ) ;
#4554 = CARTESIAN_POINT ( 'NONE',  ( 44.81059557405519911, 9.295295577463550174, -4.134511757180725944 ) ) ;
#4555 = ORIENTED_EDGE ( 'NONE', *, *, #5306, .F. ) ;
#4556 = EDGE_CURVE ( 'NONE', #3462, #4401, #8508, .T. ) ;
#4557 = ADVANCED_FACE ( 'NONE', ( #7688 ), #711, .F. ) ;
#4558 = DIRECTION ( 'NONE',  ( -0.000000000000000000, -0.000000000000000000, -1.000000000000000000 ) ) ;
#4559 = CARTESIAN_POINT ( 'NONE',  ( 19.25000000000000000, 21.00000000000000000, -4.999999999999999112 ) ) ;
#4560 = FACE_OUTER_BOUND ( 'NONE', #2207, .T. ) ;
#4561 = LINE ( 'NONE', #627, #9502 ) ;
#4562 = DIRECTION ( 'NONE',  ( 0.000000000000000000, -1.000000000000000000, 0.000000000000000000 ) ) ;
#4563 = ORIENTED_EDGE ( 'NONE', *, *, #254, .T. ) ;
#4564 = DIRECTION ( 'NONE',  ( -0.8657681284209053363, -0.4434297682956621078, 0.2319818708429995102 ) ) ;
#4565 = DIRECTION ( 'NONE',  ( 0.000000000000000000, 1.000000000000000000, 0.000000000000000000 ) ) ;
#4566 = ORIENTED_EDGE ( 'NONE', *, *, #2826, .T. ) ;
#4568 = VECTOR ( 'NONE', #8354, 1000.000000000000000 ) ;
#4567 = CARTESIAN_POINT ( 'NONE',  ( 0.000000000000000000, 4.000000000000000000, 17.49999999999999289 ) ) ;
#4569 = AXIS2_PLACEMENT_3D ( 'NONE', #2994, #8392, #3816 ) ;
#4570 = VERTEX_POINT ( 'NONE', #3112 ) ;
#4571 = CARTESIAN_POINT ( 'NONE',  ( -17.03759824111791232, 81.97053539100456021, 6.336141981422072078 ) ) ;
#4572 = DIRECTION ( 'NONE',  ( -0.000000000000000000, -1.000000000000000000, 0.000000000000000000 ) ) ;
#4573 = AXIS2_PLACEMENT_3D ( 'NONE', #296, #2447, #8712 ) ;
#4574 = CIRCLE ( 'NONE', #1153, 2.499999999999998668 ) ;
#4575 = ORIENTED_EDGE ( 'NONE', *, *, #9034, .T. ) ;
#4576 = LINE ( 'NONE', #6076, #1111 ) ;
#4577 = CARTESIAN_POINT ( 'NONE',  ( 54.99998301926358124, 20.24985056950973217, 0.4102973276012973347 ) ) ;
#4578 = VERTEX_POINT ( 'NONE', #1626 ) ;
#4579 = VERTEX_POINT ( 'NONE', #655 ) ;
#4580 = DIRECTION ( 'NONE',  ( -0.000000000000000000, -1.000000000000000000, -0.000000000000000000 ) ) ;
#4581 = DIRECTION ( 'NONE',  ( 0.2588190451025180749, 0.000000000000000000, -0.9659258262890690894 ) ) ;
#4582 = AXIS2_PLACEMENT_3D ( 'NONE', #590, #747, #8497 ) ;
#4583 = ORIENTED_EDGE ( 'NONE', *, *, #7525, .F. ) ;
#4584 = AXIS2_PLACEMENT_3D ( 'NONE', #7546, #2050, #5174 ) ;
#4585 = AXIS2_PLACEMENT_3D ( 'NONE', #8226, #1091, #7347 ) ;
#4586 = CARTESIAN_POINT ( 'NONE',  ( -63.04429881564596627, 31.20788311109079771, 12.49999999999999112 ) ) ;
#4587 = CARTESIAN_POINT ( 'NONE',  ( -16.87661127446815712, 71.00000000000001421, 16.67275434172499260 ) ) ;
#4588 = VECTOR ( 'NONE', #6737, 1000.000000000000000 ) ;
#4589 = ORIENTED_EDGE ( 'NONE', *, *, #3378, .F. ) ;
#4590 = AXIS2_PLACEMENT_3D ( 'NONE', #4774, #4879, #7148 ) ;
#4591 = CARTESIAN_POINT ( 'NONE',  ( -42.52812026733521833, 21.54719936691239468, 12.99999999999999645 ) ) ;
#4592 = ORIENTED_EDGE ( 'NONE', *, *, #4548, .F. ) ;
#4593 = CARTESIAN_POINT ( 'NONE',  ( 0.000000000000000000, 0.000000000000000000, 13.00000000000000000 ) ) ;
#4594 = DIRECTION ( 'NONE',  ( 0.000000000000000000, 1.000000000000000000, -0.000000000000000000 ) ) ;
#4595 = AXIS2_PLACEMENT_3D ( 'NONE', #8600, #7677, #641 ) ;
#4596 = CARTESIAN_POINT ( 'NONE',  ( 0.000000000000000000, 4.000000000000000000, 13.00000000000000000 ) ) ;
#4597 = CARTESIAN_POINT ( 'NONE',  ( 41.99149606898940590, 53.42042054621737179, -9.916690211178728731 ) ) ;
#4598 = EDGE_CURVE ( 'NONE', #7230, #293, #6244, .T. ) ;
#4599 = ADVANCED_FACE ( 'NONE', ( #7018 ), #9222, .F. ) ;
#4600 = EDGE_LOOP ( 'NONE', ( #4247, #9792, #359, #3105, #7040, #1242 ) ) ;
#4601 = VECTOR ( 'NONE', #6171, 1000.000000000000000 ) ;
#4602 = PLANE ( 'NONE',  #4997 ) ;
#4603 = VECTOR ( 'NONE', #9603, 1000.000000000000000 ) ;
#4604 = CARTESIAN_POINT ( 'NONE',  ( -43.78253914824665571, 51.33021126696390013, 10.39659875787507737 ) ) ;
#4605 = LINE ( 'NONE', #6153, #7432 ) ;
#4606 = ORIENTED_EDGE ( 'NONE', *, *, #4998, .T. ) ;
#4607 = LINE ( 'NONE', #9325, #999 ) ;
#4608 = ORIENTED_EDGE ( 'NONE', *, *, #1542, .F. ) ;
#4609 = CARTESIAN_POINT ( 'NONE',  ( 44.56961045348956674, 13.17803057745439332, 6.209385751412920484 ) ) ;
#4610 = ORIENTED_EDGE ( 'NONE', *, *, #1868, .T. ) ;
#4611 = EDGE_CURVE ( 'NONE', #778, #5215, #9419, .T. ) ;
#4612 = PLANE ( 'NONE',  #9784 ) ;
#4613 = PLANE ( 'NONE',  #3695 ) ;
#4614 = EDGE_CURVE ( 'NONE', #1218, #1313, #2396, .T. ) ;
#4615 = VECTOR ( 'NONE', #5069, 1000.000000000000000 ) ;
#4616 = DIRECTION ( 'NONE',  ( 0.000000000000000000, 1.000000000000000000, -0.000000000000000000 ) ) ;
#4617 = EDGE_CURVE ( 'NONE', #5611, #4286, #4747, .T. ) ;
#4618 = CARTESIAN_POINT ( 'NONE',  ( -6.250000000000692779, -1.000000000000000000, -66.52214940782292274 ) ) ;
#4619 = CARTESIAN_POINT ( 'NONE',  ( -29.87659562178829020, 70.50000000000000000, 9.776340961198105362 ) ) ;
#4620 = ORIENTED_EDGE ( 'NONE', *, *, #2254, .T. ) ;
#4621 = CYLINDRICAL_SURFACE ( 'NONE', #197, 29.70000000000000284 ) ;
#4622 = CARTESIAN_POINT ( 'NONE',  ( -6.250000000000692779, 4.000000000000000000, -66.52214940782292274 ) ) ;
#4623 = ORIENTED_EDGE ( 'NONE', *, *, #6639, .T. ) ;
#4624 = LINE ( 'NONE', #6214, #5915 ) ;
#4625 = ORIENTED_EDGE ( 'NONE', *, *, #7056, .F. ) ;
#4626 = DIRECTION ( 'NONE',  ( -0.000000000000000000, 1.000000000000000000, -0.000000000000000000 ) ) ;
#4627 = DIRECTION ( 'NONE',  ( 1.000000000000000000, 0.000000000000000000, 1.047444401652940007E-14 ) ) ;
#4628 = ADVANCED_FACE ( 'NONE', ( #7748 ), #7896, .T. ) ;
#4629 = ADVANCED_FACE ( 'NONE', ( #10085 ), #6192, .T. ) ;
#4630 = EDGE_LOOP ( 'NONE', ( #3268, #7508, #1030, #8431, #9895, #7054, #6474 ) ) ;
#4631 = LINE ( 'NONE', #6790, #9786 ) ;
#4632 = EDGE_CURVE ( 'NONE', #2899, #6280, #4647, .T. ) ;
#4633 = EDGE_CURVE ( 'NONE', #6280, #413, #9164, .T. ) ;
#4634 = CYLINDRICAL_SURFACE ( 'NONE', #9661, 1.449999999999999067 ) ;
#4635 = ORIENTED_EDGE ( 'NONE', *, *, #6844, .T. ) ;
#4636 = EDGE_LOOP ( 'NONE', ( #3631, #6846, #536, #8244 ) ) ;
#4637 = FACE_OUTER_BOUND ( 'NONE', #1553, .T. ) ;
#4638 = FACE_OUTER_BOUND ( 'NONE', #9611, .T. ) ;
#4639 = VECTOR ( 'NONE', #3478, 1000.000000000000114 ) ;
#4640 = ORIENTED_EDGE ( 'NONE', *, *, #10127, .T. ) ;
#4641 = CARTESIAN_POINT ( 'NONE',  ( 43.28812969620312856, 31.20788311109079771, -17.49999999999999289 ) ) ;
#4642 = CARTESIAN_POINT ( 'NONE',  ( -18.65508692645726896, 70.50000000000000000, -18.42974732841616259 ) ) ;
#4643 = ORIENTED_EDGE ( 'NONE', *, *, #8614, .T. ) ;
#4644 = CARTESIAN_POINT ( 'NONE',  ( -42.80605721125321850, 21.12938559899818713, 12.99999999999999645 ) ) ;
#4645 = VERTEX_POINT ( 'NONE', #6345 ) ;
#4646 = CARTESIAN_POINT ( 'NONE',  ( 29.87659562178821915, 61.00000000000000711, -9.776340961198313195 ) ) ;
#4647 = LINE ( 'NONE', #1580, #5227 ) ;
#4648 = DIRECTION ( 'NONE',  ( -0.8660254037844432595, 0.000000000000000000, -0.4999999999999919509 ) ) ;
#4649 = ORIENTED_EDGE ( 'NONE', *, *, #8142, .F. ) ;
#4650 = CARTESIAN_POINT ( 'NONE',  ( -66.52214940782297958, 4.000000000000000000, 6.249999999999996447 ) ) ;
#4651 = EDGE_CURVE ( 'NONE', #1559, #1265, #9679, .T. ) ;
#4652 = CARTESIAN_POINT ( 'NONE',  ( 12.88755093684978803, 53.50000000000000711, -43.11509052350583460 ) ) ;
#4653 = DIRECTION ( 'NONE',  ( -0.8148478822548572698, 0.5796748474660378125, 5.936985767766308233E-15 ) ) ;
#4654 = DIRECTION ( 'NONE',  ( 0.000000000000000000, 0.000000000000000000, 1.000000000000000000 ) ) ;
#4655 = VERTEX_POINT ( 'NONE', #962 ) ;
#4656 = CARTESIAN_POINT ( 'NONE',  ( 13.74999999999999822, 30.50000000000000000, 3.700000000000000178 ) ) ;
#4657 = VERTEX_POINT ( 'NONE', #3369 ) ;
#4658 = CARTESIAN_POINT ( 'NONE',  ( 32.27764532285599586, 61.00000000000000711, 29.85850818997003842 ) ) ;
#4659 = DIRECTION ( 'NONE',  ( -0.000000000000000000, 1.000000000000000000, -0.000000000000000000 ) ) ;
#4660 = VECTOR ( 'NONE', #7592, 1000.000000000000000 ) ;
#4661 = EDGE_LOOP ( 'NONE', ( #5345, #4443, #4956, #7569 ) ) ;
#4662 = PLANE ( 'NONE',  #992 ) ;
#4663 = AXIS2_PLACEMENT_3D ( 'NONE', #1437, #6195, #3020 ) ;
#4664 = CARTESIAN_POINT ( 'NONE',  ( 66.52214940782297958, 4.000000000000000000, -4.799999999999997158 ) ) ;
#4665 = EDGE_LOOP ( 'NONE', ( #5319, #5814, #9779, #4851, #178, #7281 ) ) ;
#4666 = PLANE ( 'NONE',  #5918 ) ;
#4667 = CARTESIAN_POINT ( 'NONE',  ( 0.000000000000000000, 4.000000000000000000, 0.000000000000000000 ) ) ;
#4668 = ORIENTED_EDGE ( 'NONE', *, *, #5463, .T. ) ;
#4669 = ADVANCED_FACE ( 'NONE', ( #9471 ), #8917, .F. ) ;
#4670 = AXIS2_PLACEMENT_3D ( 'NONE', #5236, #5286, #728 ) ;
#4671 = CARTESIAN_POINT ( 'NONE',  ( 30.44486301286592678, 71.00000000000001421, 6.822779208491885683 ) ) ;
#4672 = ORIENTED_EDGE ( 'NONE', *, *, #2426, .T. ) ;
#4673 = CARTESIAN_POINT ( 'NONE',  ( 0.000000000000000000, 0.000000000000000000, 0.000000000000000000 ) ) ;
#4674 = EDGE_CURVE ( 'NONE', #4769, #7530, #5568, .T. ) ;
#4675 = DIRECTION ( 'NONE',  ( 0.000000000000000000, 1.000000000000000000, -0.000000000000000000 ) ) ;
#4676 = EDGE_CURVE ( 'NONE', #6565, #9681, #1682, .T. ) ;
#4677 = ORIENTED_EDGE ( 'NONE', *, *, #1868, .F. ) ;
#4678 = CARTESIAN_POINT ( 'NONE',  ( -35.34997314044152006, 70.83262911085002145, 30.97449582406255431 ) ) ;
#4679 = CARTESIAN_POINT ( 'NONE',  ( 12.49999999999999112, 4.000000000000000000, -4.364351673553912908E-14 ) ) ;
#4680 = VERTEX_POINT ( 'NONE', #7328 ) ;
#4681 = ORIENTED_EDGE ( 'NONE', *, *, #2250, .F. ) ;
#4682 = PLANE ( 'NONE',  #363 ) ;
#4683 = CARTESIAN_POINT ( 'NONE',  ( 0.000000000000000000, 53.50000000000000711, 24.20000000000000639 ) ) ;
#4684 = VECTOR ( 'NONE', #8289, 1000.000000000000000 ) ;
#4685 = AXIS2_PLACEMENT_3D ( 'NONE', #1766, #9607, #8083 ) ;
#4686 = ORIENTED_EDGE ( 'NONE', *, *, #7890, .F. ) ;
#4687 = ADVANCED_FACE ( 'NONE', ( #1889 ), #6454, .F. ) ;
#4688 = VECTOR ( 'NONE', #843, 1000.000000000000000 ) ;
#4689 = DIRECTION ( 'NONE',  ( -0.2646834405156194281, 0.000000000000000000, 0.9643353546960800049 ) ) ;
#4690 = EDGE_CURVE ( 'NONE', #7044, #120, #9491, .T. ) ;
#4691 = CARTESIAN_POINT ( 'NONE',  ( 0.000000000000000000, 53.50000000000000711, 0.000000000000000000 ) ) ;
#4692 = VERTEX_POINT ( 'NONE', #2504 ) ;
#4693 = LINE ( 'NONE', #3982, #8021 ) ;
#4694 = EDGE_LOOP ( 'NONE', ( #3583, #8784, #2607, #1756 ) ) ;
#4695 = CIRCLE ( 'NONE', #1435, 44.99999999999998579 ) ;
#4696 = DIRECTION ( 'NONE',  ( -0.7071067811865462405, 0.000000000000000000, 0.7071067811865489050 ) ) ;
#4697 = DIRECTION ( 'NONE',  ( 0.000000000000000000, -1.000000000000000000, 0.000000000000000000 ) ) ;
#4698 = DIRECTION ( 'NONE',  ( 0.7113902607956420487, 0.000000000000000000, -0.7027971946764646205 ) ) ;
#4699 = ORIENTED_EDGE ( 'NONE', *, *, #1510, .T. ) ;
#4700 = CARTESIAN_POINT ( 'NONE',  ( -30.44486301286593388, 53.50000000000000711, -6.822779208491868808 ) ) ;
#4701 = ORIENTED_EDGE ( 'NONE', *, *, #4720, .T. ) ;
#4702 = FACE_OUTER_BOUND ( 'NONE', #8991, .T. ) ;
#4703 = LINE ( 'NONE', #7851, #9556 ) ;
#4704 = ADVANCED_FACE ( 'NONE', ( #4898 ), #909, .F. ) ;
#4705 = ORIENTED_EDGE ( 'NONE', *, *, #7765, .F. ) ;
#4706 = PLANE ( 'NONE',  #8077 ) ;
#4707 = LINE ( 'NONE', #8621, #1975 ) ;
#4708 = CARTESIAN_POINT ( 'NONE',  ( 9.345701715961412859, 71.00000000000001421, -46.06145741763147328 ) ) ;
#4709 = CARTESIAN_POINT ( 'NONE',  ( 0.000000000000000000, 71.00000000000001421, 0.000000000000000000 ) ) ;
#4710 = CARTESIAN_POINT ( 'NONE',  ( 1.209568566442587478, 71.00000000000001421, -1.209568566442616788 ) ) ;
#4711 = VERTEX_POINT ( 'NONE', #5623 ) ;
#4712 = DIRECTION ( 'NONE',  ( 0.9674806351920982594, 0.000000000000000000, 0.2529450939004239118 ) ) ;
#4713 = DIRECTION ( 'NONE',  ( -0.7071067811865453523, 0.000000000000000000, 0.7071067811865496822 ) ) ;
#4714 = ORIENTED_EDGE ( 'NONE', *, *, #2738, .T. ) ;
#4715 = FACE_OUTER_BOUND ( 'NONE', #9797, .T. ) ;
#4716 = CARTESIAN_POINT ( 'NONE',  ( 11.25000000000000000, 4.000000000000000000, 13.00000000000000000 ) ) ;
#4717 = ORIENTED_EDGE ( 'NONE', *, *, #9697, .F. ) ;
#4718 = LINE ( 'NONE', #4567, #1993 ) ;
#4719 = VERTEX_POINT ( 'NONE', #4034 ) ;
#4720 = EDGE_CURVE ( 'NONE', #9553, #5868, #3320, .T. ) ;
#4721 = DIRECTION ( 'NONE',  ( -0.000000000000000000, -1.000000000000000000, -0.000000000000000000 ) ) ;
#4722 = CARTESIAN_POINT ( 'NONE',  ( 0.9117517771170408070, 53.50000000000000711, 0.9117517771170452479 ) ) ;
#4723 = ORIENTED_EDGE ( 'NONE', *, *, #1244, .F. ) ;
#4724 = DIRECTION ( 'NONE',  ( -0.9643353546960801159, 0.000000000000000000, -0.2646834405156194836 ) ) ;
#4725 = CARTESIAN_POINT ( 'NONE',  ( 54.96347894080636820, 19.92030535483031528, 2.013537408971480591 ) ) ;
#4726 = ORIENTED_EDGE ( 'NONE', *, *, #5865, .T. ) ;
#4727 = VECTOR ( 'NONE', #2548, 1000.000000000000000 ) ;
#4728 = EDGE_LOOP ( 'NONE', ( #4861, #7722, #2068, #8224 ) ) ;
#4729 = FACE_OUTER_BOUND ( 'NONE', #9182, .T. ) ;
#4730 = CARTESIAN_POINT ( 'NONE',  ( 52.14163403653552820, 31.20788311109079771, 17.49999999999999289 ) ) ;
#4731 = EDGE_CURVE ( 'NONE', #1174, #9201, #5071, .T. ) ;
#4732 = VERTEX_POINT ( 'NONE', #8757 ) ;
#4733 = VECTOR ( 'NONE', #9074, 1000.000000000000114 ) ;
#4734 = EDGE_CURVE ( 'NONE', #8322, #9067, #5007, .T. ) ;
#4735 = CARTESIAN_POINT ( 'NONE',  ( -41.75184436197524462, 22.18309303989457604, -13.00000000000000000 ) ) ;
#4736 = FACE_OUTER_BOUND ( 'NONE', #1075, .T. ) ;
#4737 = VECTOR ( 'NONE', #9771, 1000.000000000000000 ) ;
#4738 = ORIENTED_EDGE ( 'NONE', *, *, #4949, .T. ) ;
#4739 = EDGE_CURVE ( 'NONE', #502, #9521, #1731, .T. ) ;
#4740 = CARTESIAN_POINT ( 'NONE',  ( -43.06358687173207755, 20.33511939776274247, 12.99999999999999822 ) ) ;
#4741 = VECTOR ( 'NONE', #5647, 1000.000000000000000 ) ;
#4742 = VERTEX_POINT ( 'NONE', #4848 ) ;
#4743 = EDGE_CURVE ( 'NONE', #3273, #4045, #8865, .T. ) ;
#4744 = CARTESIAN_POINT ( 'NONE',  ( 0.000000000000000000, 61.00000000000000711, 0.000000000000000000 ) ) ;
#4745 = AXIS2_PLACEMENT_3D ( 'NONE', #4642, #4535, #7011 ) ;
#4746 = VECTOR ( 'NONE', #2307, 1000.000000000000000 ) ;
#4747 = LINE ( 'NONE', #4596, #650 ) ;
#4748 = CARTESIAN_POINT ( 'NONE',  ( -31.75000000000000000, 30.49999999999999645, -13.00000000000000000 ) ) ;
#4749 = ORIENTED_EDGE ( 'NONE', *, *, #9621, .T. ) ;
#4750 = AXIS2_PLACEMENT_3D ( 'NONE', #9563, #2597, #3253 ) ;
#4751 =( BOUNDED_CURVE ( )  B_SPLINE_CURVE ( 3, ( #7372, #6647, #5154, #488 ),
 .UNSPECIFIED., .F., .F. ) 
 B_SPLINE_CURVE_WITH_KNOTS ( ( 4, 4 ),
 ( 5.610150355514117670, 5.637634353679366939 ),
 .UNSPECIFIED. ) 
 CURVE ( )  GEOMETRIC_REPRESENTATION_ITEM ( )  RATIONAL_B_SPLINE_CURVE ( ( 1.000000000000000000, 0.9999370534776620412, 0.9999370534776620412, 1.000000000000000000 ) ) 
 REPRESENTATION_ITEM ( '' )  );
#4752 = CARTESIAN_POINT ( 'NONE',  ( -24.49999999999959499, 26.00000000000001066, -42.43524478543770329 ) ) ;
#4753 = VECTOR ( 'NONE', #4373, 1000.000000000000000 ) ;
#4754 = ORIENTED_EDGE ( 'NONE', *, *, #3319, .T. ) ;
#4755 = CARTESIAN_POINT ( 'NONE',  ( -17.49999999999977263, 31.20788311109079771, 63.04429881564602312 ) ) ;
#4756 = CARTESIAN_POINT ( 'NONE',  ( -12.49999999999973355, 4.000000000000003553, 73.04429881564600180 ) ) ;
#4757 = VERTEX_POINT ( 'NONE', #8151 ) ;
#4758 = DIRECTION ( 'NONE',  ( -1.000000000000000000, 0.000000000000000000, 1.047444401652940007E-14 ) ) ;
#4759 = VECTOR ( 'NONE', #687, 1000.000000000000227 ) ;
#4760 = FACE_OUTER_BOUND ( 'NONE', #8118, .T. ) ;
#4761 = VECTOR ( 'NONE', #8471, 1000.000000000000000 ) ;
#4762 = FACE_OUTER_BOUND ( 'NONE', #8787, .T. ) ;
#4763 = DIRECTION ( 'NONE',  ( 0.000000000000000000, 0.000000000000000000, -1.000000000000000000 ) ) ;
#4764 = FACE_BOUND ( 'NONE', #7271, .T. ) ;
#4765 = ORIENTED_EDGE ( 'NONE', *, *, #5133, .T. ) ;
#4766 = CARTESIAN_POINT ( 'NONE',  ( 0.000000000000000000, 4.000000000000000000, 0.000000000000000000 ) ) ;
#4767 = DIRECTION ( 'NONE',  ( 0.000000000000000000, 1.000000000000000000, -0.000000000000000000 ) ) ;
#4768 = AXIS2_PLACEMENT_3D ( 'NONE', #5445, #2988, #3905 ) ;
#4769 = VERTEX_POINT ( 'NONE', #2605 ) ;
#4770 = DIRECTION ( 'NONE',  ( 0.000000000000000000, 0.000000000000000000, -1.000000000000000000 ) ) ;
#4771 = CARTESIAN_POINT ( 'NONE',  ( -6.321780100164629879, 71.00000000000001421, 30.20241008561147567 ) ) ;
#4772 = ORIENTED_EDGE ( 'NONE', *, *, #4632, .F. ) ;
#4773 = CARTESIAN_POINT ( 'NONE',  ( -12.50000000000078870, 0.000000000000000000, -78.04429881564584548 ) ) ;
#4774 = CARTESIAN_POINT ( 'NONE',  ( -25.28817283496544732, 61.00000000000000711, -6.940905523910762653 ) ) ;
#4775 = TOROIDAL_SURFACE ( 'NONE', #9859, 26.70000000000000639, 2.500000000000000000 ) ;
#4776 = VERTEX_POINT ( 'NONE', #4085 ) ;
#4777 = CARTESIAN_POINT ( 'NONE',  ( -6.116043052040540218, 71.00000000000001421, -30.41066267032437764 ) ) ;
#4778 = CARTESIAN_POINT ( 'NONE',  ( 54.67952153188310405, 16.01383081261893082, -5.930833203286852040 ) ) ;
#4779 = EDGE_CURVE ( 'NONE', #4159, #3765, #5724, .T. ) ;
#4780 = ORIENTED_EDGE ( 'NONE', *, *, #5257, .T. ) ;
#4781 = CARTESIAN_POINT ( 'NONE',  ( -0.3337243123704481396, 53.50000000000000711, 1.245476089487488558 ) ) ;
#4782 = EDGE_LOOP ( 'NONE', ( #4723, #9579, #2367 ) ) ;
#4783 = DIRECTION ( 'NONE',  ( -0.8660254037844415942, 0.000000000000000000, 0.4999999999999950040 ) ) ;
#4784 = ADVANCED_FACE ( 'NONE', ( #1842 ), #4959, .F. ) ;
#4785 = PLANE ( 'NONE',  #6069 ) ;
#4786 = ORIENTED_EDGE ( 'NONE', *, *, #9427, .T. ) ;
#4787 = CYLINDRICAL_SURFACE ( 'NONE', #9434, 47.00000000000001421 ) ;
#4788 = CARTESIAN_POINT ( 'NONE',  ( 42.97326714374744228, 71.00000000000001421, -13.28558351904317014 ) ) ;
#4789 = ORIENTED_EDGE ( 'NONE', *, *, #479, .T. ) ;
#4790 = ADVANCED_FACE ( 'NONE', ( #9157, #5155, #1936 ), #5107, .T. ) ;
#4791 = DIRECTION ( 'NONE',  ( 0.9674806351920947067, 0.000000000000000000, -0.2529450939004371235 ) ) ;
#4792 = VERTEX_POINT ( 'NONE', #3516 ) ;
#4793 = AXIS2_PLACEMENT_3D ( 'NONE', #9178, #5996, #8469 ) ;
#4794 = EDGE_LOOP ( 'NONE', ( #6495, #9204, #9620, #5941 ) ) ;
#4795 = CARTESIAN_POINT ( 'NONE',  ( -53.56071321407137731, 4.000000000000003553, 12.49999999999999112 ) ) ;
#4796 = DIRECTION ( 'NONE',  ( 0.000000000000000000, 0.000000000000000000, 1.000000000000000000 ) ) ;
#4797 = CARTESIAN_POINT ( 'NONE',  ( 66.52214940782297958, 4.000000000000000000, -7.699999999999994849 ) ) ;
#4798 = ADVANCED_FACE ( 'NONE', ( #2707 ), #6648, .T. ) ;
#4799 = PLANE ( 'NONE',  #2041 ) ;
#4800 = LINE ( 'NONE', #1736, #3195 ) ;
#4801 = VERTEX_POINT ( 'NONE', #2852 ) ;
#4802 = CARTESIAN_POINT ( 'NONE',  ( -43.18559275655395169, 52.65338915048490520, 10.23664745429634593 ) ) ;
#4803 = DIRECTION ( 'NONE',  ( 0.000000000000000000, 0.000000000000000000, 1.000000000000000000 ) ) ;
#4804 = LINE ( 'NONE', #5738, #9823 ) ;
#4805 = VERTEX_POINT ( 'NONE', #3615 ) ;
#4806 = CARTESIAN_POINT ( 'NONE',  ( 30.89498821139686413, 51.00000000000000711, 32.71849176563075901 ) ) ;
#4807 =( BOUNDED_CURVE ( )  B_SPLINE_CURVE ( 3, ( #8633, #1653, #1282, #4979 ),
 .UNSPECIFIED., .F., .F. ) 
 B_SPLINE_CURVE_WITH_KNOTS ( ( 4, 4 ),
 ( 4.120481339219126404, 4.133246026674189721 ),
 .UNSPECIFIED. ) 
 CURVE ( )  GEOMETRIC_REPRESENTATION_ITEM ( )  RATIONAL_B_SPLINE_CURVE ( ( 1.000000000000000000, 0.9999864219422722744, 0.9999864219422722744, 1.000000000000000000 ) ) 
 REPRESENTATION_ITEM ( '' )  );
#4808 = EDGE_CURVE ( 'NONE', #9931, #7219, #6875, .T. ) ;
#4809 = EDGE_CURVE ( 'NONE', #4776, #7954, #1986, .T. ) ;
#4810 = FACE_BOUND ( 'NONE', #1793, .T. ) ;
#4811 = ADVANCED_FACE ( 'NONE', ( #8348 ), #2032, .T. ) ;
#4812 = CARTESIAN_POINT ( 'NONE',  ( 9.719403950192171848, 61.00000000000000711, -42.88251491892218326 ) ) ;
#4813 = EDGE_CURVE ( 'NONE', #8421, #7604, #4437, .T. ) ;
#4814 = AXIS2_PLACEMENT_3D ( 'NONE', #9543, #7133, #3131 ) ;
#4815 = CARTESIAN_POINT ( 'NONE',  ( -44.36895025132787396, 61.00000000000000711, 15.50471714012208579 ) ) ;
#4816 = VERTEX_POINT ( 'NONE', #2135 ) ;
#4817 = PLANE ( 'NONE',  #5237 ) ;
#4818 = CARTESIAN_POINT ( 'NONE',  ( 0.000000000000000000, 51.00000000000000711, 0.000000000000000000 ) ) ;
#4819 = VERTEX_POINT ( 'NONE', #3561 ) ;
#4820 = DIRECTION ( 'NONE',  ( 1.000000000000000000, 0.000000000000000000, -3.491481338843133355E-15 ) ) ;
#4821 = DIRECTION ( 'NONE',  ( 0.000000000000000000, -1.000000000000000000, 0.000000000000000000 ) ) ;
#4822 = VERTEX_POINT ( 'NONE', #5255 ) ;
#4823 = ADVANCED_FACE ( 'NONE', ( #6028 ), #3433, .T. ) ;
#4824 = DIRECTION ( 'NONE',  ( -0.000000000000000000, 1.000000000000000000, 0.000000000000000000 ) ) ;
#4825 = DIRECTION ( 'NONE',  ( 0.000000000000000000, 0.000000000000000000, 1.000000000000000000 ) ) ;
#4826 = AXIS2_PLACEMENT_3D ( 'NONE', #4752, #8815, #9475 ) ;
#4827 = VERTEX_POINT ( 'NONE', #2803 ) ;
#4828 = LINE ( 'NONE', #4777, #8316 ) ;
#4829 = CARTESIAN_POINT ( 'NONE',  ( 17.50000000000024869, 0.000000000000000000, 73.04429881564585969 ) ) ;
#4830 = ORIENTED_EDGE ( 'NONE', *, *, #4614, .F. ) ;
#4831 = AXIS2_PLACEMENT_3D ( 'NONE', #3973, #4832, #8692 ) ;
#4832 = DIRECTION ( 'NONE',  ( 0.000000000000000000, 0.000000000000000000, -1.000000000000000000 ) ) ;
#4833 = ORIENTED_EDGE ( 'NONE', *, *, #8526, .T. ) ;
#4834 = DIRECTION ( 'NONE',  ( 0.2646834405156326953, 0.000000000000000000, 0.9643353546960763412 ) ) ;
#4835 = EDGE_CURVE ( 'NONE', #8569, #5450, #6697, .T. ) ;
#4836 = DIRECTION ( 'NONE',  ( -0.8660254037844388186, 0.000000000000000000, -0.4999999999999997224 ) ) ;
#4837 = ORIENTED_EDGE ( 'NONE', *, *, #6755, .T. ) ;
#4838 = DIRECTION ( 'NONE',  ( 0.8660254037844397068, 0.000000000000000000, 0.4999999999999979461 ) ) ;
#4839 = FACE_OUTER_BOUND ( 'NONE', #6874, .T. ) ;
#4840 = VECTOR ( 'NONE', #496, 1000.000000000000000 ) ;
#4841 = ORIENTED_EDGE ( 'NONE', *, *, #6375, .T. ) ;
#4842 = CARTESIAN_POINT ( 'NONE',  ( -19.33034050996019459, 62.96354183687338946, 11.16037729695280944 ) ) ;
#4843 = ORIENTED_EDGE ( 'NONE', *, *, #9088, .F. ) ;
#4844 = AXIS2_PLACEMENT_3D ( 'NONE', #5529, #4922, #4763 ) ;
#4845 = VERTEX_POINT ( 'NONE', #544 ) ;
#4846 =( NAMED_UNIT ( * ) PLANE_ANGLE_UNIT ( ) SI_UNIT ( $, .RADIAN. ) );
#4847 = PLANE ( 'NONE',  #5 ) ;
#4848 = CARTESIAN_POINT ( 'NONE',  ( -29.87659562178835770, 70.49999999999998579, -9.776340961197890422 ) ) ;
#4849 = DIRECTION ( 'NONE',  ( 0.000000000000000000, 0.000000000000000000, -1.000000000000000000 ) ) ;
#4850 = ORIENTED_EDGE ( 'NONE', *, *, #9537, .F. ) ;
#4851 = ORIENTED_EDGE ( 'NONE', *, *, #2007, .T. ) ;
#4852 = ADVANCED_FACE ( 'NONE', ( #7426 ), #6601, .F. ) ;
#4853 = DIRECTION ( 'NONE',  ( 0.000000000000000000, 0.000000000000000000, 1.000000000000000000 ) ) ;
#4854 = AXIS2_PLACEMENT_3D ( 'NONE', #3914, #4724, #790 ) ;
#4855 = ORIENTED_EDGE ( 'NONE', *, *, #7556, .T. ) ;
#4856 = CARTESIAN_POINT ( 'NONE',  ( 54.99541389429257521, 7.789988720371237463, 0.8150052629336980159 ) ) ;
#4857 = EDGE_CURVE ( 'NONE', #3764, #7366, #266, .T. ) ;
#4858 = DIRECTION ( 'NONE',  ( 0.7027971946764645095, 0.000000000000000000, 0.7113902607956419377 ) ) ;
#4859 = DIRECTION ( 'NONE',  ( 0.000000000000000000, 0.000000000000000000, 1.000000000000000000 ) ) ;
#4860 = AXIS2_PLACEMENT_3D ( 'NONE', #5136, #2835, #5957 ) ;
#4861 = ORIENTED_EDGE ( 'NONE', *, *, #8451, .T. ) ;
#4862 = CARTESIAN_POINT ( 'NONE',  ( 30.20383231832469306, 52.98927670248613708, 32.02733587255858794 ) ) ;
#4863 = EDGE_CURVE ( 'NONE', #4894, #4578, #7703, .T. ) ;
#4864 = DIRECTION ( 'NONE',  ( 0.000000000000000000, 0.000000000000000000, 1.000000000000000000 ) ) ;
#4865 = CARTESIAN_POINT ( 'NONE',  ( 29.91086614614184569, 53.24654536646296066, -31.73436970037576188 ) ) ;
#4866 = EDGE_CURVE ( 'NONE', #2458, #9171, #3053, .T. ) ;
#4867 = FACE_OUTER_BOUND ( 'NONE', #5678, .T. ) ;
#4868 = FACE_OUTER_BOUND ( 'NONE', #7388, .T. ) ;
#4869 = ORIENTED_EDGE ( 'NONE', *, *, #5498, .F. ) ;
#4870 = DIRECTION ( 'NONE',  ( -0.9674806351920947067, 0.000000000000000000, 0.2529450939004371235 ) ) ;
#4871 = ADVANCED_FACE ( 'NONE', ( #2187 ), #5303, .T. ) ;
#4872 = DIRECTION ( 'NONE',  ( 0.2588190451025181305, 0.000000000000000000, 0.9659258262890690894 ) ) ;
#4873 = ORIENTED_EDGE ( 'NONE', *, *, #1505, .F. ) ;
#4874 = CARTESIAN_POINT ( 'NONE',  ( 25.28817283496535495, 70.49999999999992895, -6.940905523911115260 ) ) ;
#4875 = EDGE_CURVE ( 'NONE', #5983, #1167, #2781, .T. ) ;
#4876 = CARTESIAN_POINT ( 'NONE',  ( 35.34997314044193928, 70.83262911084993618, 30.97449582406206403 ) ) ;
#4877 = ORIENTED_EDGE ( 'NONE', *, *, #8270, .F. ) ;
#4878 = DIRECTION ( 'NONE',  ( 0.7027971946764646205, 0.000000000000000000, -0.7113902607956418267 ) ) ;
#4879 = DIRECTION ( 'NONE',  ( 0.9643353546960782285, 0.000000000000000000, 0.2646834405156263670 ) ) ;
#4880 = EDGE_LOOP ( 'NONE', ( #9357, #3095, #2157, #9077, #3411 ) ) ;
#4881 = LINE ( 'NONE', #1768, #1100 ) ;
#4882 = CARTESIAN_POINT ( 'NONE',  ( 0.000000000000000000, 26.00000000000001066, 0.000000000000000000 ) ) ;
#4883 = ORIENTED_EDGE ( 'NONE', *, *, #532, .T. ) ;
#4884 = PLANE ( 'NONE',  #578 ) ;
#4885 = EDGE_LOOP ( 'NONE', ( #4537, #10042, #9547, #7470 ) ) ;
#4886 = LINE ( 'NONE', #7313, #8069 ) ;
#4887 = DIRECTION ( 'NONE',  ( 1.000000000000000000, 0.000000000000000000, -1.047444401652940007E-14 ) ) ;
#4888 = CARTESIAN_POINT ( 'NONE',  ( -42.72031695205824064, 21.27877181415115970, -12.99999999999999822 ) ) ;
#4889 = CARTESIAN_POINT ( 'NONE',  ( 24.50000000000000000, 26.00000000000001066, -42.43524478543749012 ) ) ;
#4890 = AXIS2_PLACEMENT_3D ( 'NONE', #5838, #5986, #6708 ) ;
#4891 = VERTEX_POINT ( 'NONE', #4968 ) ;
#4892 = CARTESIAN_POINT ( 'NONE',  ( 16.87661127446817488, 71.00000000000001421, 16.67275434172501392 ) ) ;
#4893 = ORIENTED_EDGE ( 'NONE', *, *, #476, .T. ) ;
#4894 = VERTEX_POINT ( 'NONE', #6467 ) ;
#4895 = DIRECTION ( 'NONE',  ( 0.000000000000000000, 0.000000000000000000, 1.000000000000000000 ) ) ;
#4896 = DIRECTION ( 'NONE',  ( 0.000000000000000000, -1.000000000000000000, 0.000000000000000000 ) ) ;
#4897 =( BOUNDED_CURVE ( )  B_SPLINE_CURVE ( 3, ( #8449, #6234, #3101, #7680 ),
 .UNSPECIFIED., .F., .F. ) 
 B_SPLINE_CURVE_WITH_KNOTS ( ( 4, 4 ),
 ( 0.6455509535002167398, 0.6730349516654687836 ),
 .UNSPECIFIED. ) 
 CURVE ( )  GEOMETRIC_REPRESENTATION_ITEM ( )  RATIONAL_B_SPLINE_CURVE ( ( 1.000000000000000000, 0.9999370534776620412, 0.9999370534776620412, 1.000000000000000000 ) ) 
 REPRESENTATION_ITEM ( '' )  );
#4898 = FACE_OUTER_BOUND ( 'NONE', #4071, .T. ) ;
#4899 = DIRECTION ( 'NONE',  ( 0.000000000000000000, -0.000000000000000000, -1.000000000000000000 ) ) ;
#4900 = VERTEX_POINT ( 'NONE', #5634 ) ;
#4901 = VECTOR ( 'NONE', #470, 1000.000000000000227 ) ;
#4902 = FACE_OUTER_BOUND ( 'NONE', #893, .T. ) ;
#4903 = AXIS2_PLACEMENT_3D ( 'NONE', #1304, #9721, #8336 ) ;
#4904 = DIRECTION ( 'NONE',  ( 0.6337862575779190655, 0.4434297682956531150, -0.6337862575779305008 ) ) ;
#4905 = VECTOR ( 'NONE', #7169, 1000.000000000000000 ) ;
#4906 = EDGE_LOOP ( 'NONE', ( #7869, #1891, #4224, #8762 ) ) ;
#4907 = CIRCLE ( 'NONE', #6885, 47.00000000000000711 ) ;
#4908 = DIRECTION ( 'NONE',  ( -0.7071067811865501263, 0.000000000000000000, -0.7071067811865450192 ) ) ;
#4909 = ORIENTED_EDGE ( 'NONE', *, *, #3245, .F. ) ;
#4910 = VECTOR ( 'NONE', #8888, 1000.000000000000000 ) ;
#4911 = CARTESIAN_POINT ( 'NONE',  ( 8.998878031629686802E-15, 70.50000000000000000, 37.31292906889989780 ) ) ;
#4912 = DIRECTION ( 'NONE',  ( 0.7113902607956419377, 0.000000000000000000, 0.7027971946764646205 ) ) ;
#4913 = EDGE_CURVE ( 'NONE', #5950, #899, #4804, .T. ) ;
#4914 = ORIENTED_EDGE ( 'NONE', *, *, #5301, .T. ) ;
#4915 = DIRECTION ( 'NONE',  ( 0.000000000000000000, 1.000000000000000000, 0.000000000000000000 ) ) ;
#4916 = EDGE_CURVE ( 'NONE', #1163, #9553, #8006, .T. ) ;
#4917 = ORIENTED_EDGE ( 'NONE', *, *, #2576, .T. ) ;
#4918 = AXIS2_PLACEMENT_3D ( 'NONE', #4014, #6430, #2589 ) ;
#4919 = DIRECTION ( 'NONE',  ( 0.7071067811865536790, 0.000000000000000000, 0.7071067811865414665 ) ) ;
#4920 = VECTOR ( 'NONE', #4152, 1000.000000000000000 ) ;
#4921 = DIRECTION ( 'NONE',  ( 0.2646834405156394121, 0.000000000000000000, 0.9643353546960745648 ) ) ;
#4922 = DIRECTION ( 'NONE',  ( 0.000000000000000000, -1.000000000000000000, 0.000000000000000000 ) ) ;
#4923 = AXIS2_PLACEMENT_3D ( 'NONE', #9810, #1877, #7314 ) ;
#4924 = LINE ( 'NONE', #2773, #5148 ) ;
#4925 = EDGE_LOOP ( 'NONE', ( #3187, #3331, #10129, #1491, #9480, #7915 ) ) ;
#4926 = VECTOR ( 'NONE', #862, 1000.000000000000000 ) ;
#4927 = CARTESIAN_POINT ( 'NONE',  ( -6.633085908508203232, 70.50000000000002842, -25.37065285232701584 ) ) ;
#4928 = CARTESIAN_POINT ( 'NONE',  ( 0.000000000000000000, 4.000000000000000000, 17.49999999999999289 ) ) ;
#4929 = VERTEX_POINT ( 'NONE', #7288 ) ;
#4930 = CARTESIAN_POINT ( 'NONE',  ( 5.204170427930421283E-15, 70.50000000000000000, 37.31292906889989780 ) ) ;
#4931 = DIRECTION ( 'NONE',  ( -0.8148478822548507194, -0.5796748474660471384, 6.066050675761151286E-15 ) ) ;
#4932 = ORIENTED_EDGE ( 'NONE', *, *, #3175, .F. ) ;
#4933 = VECTOR ( 'NONE', #1466, 1000.000000000000114 ) ;
#4934 = LINE ( 'NONE', #9497, #6713 ) ;
#4935 = CARTESIAN_POINT ( 'NONE',  ( 31.51983550409821788, 70.50000000000000000, 15.76324483274652088 ) ) ;
#4936 = AXIS2_PLACEMENT_3D ( 'NONE', #3732, #1101, #7354 ) ;
#4937 = ADVANCED_FACE ( 'NONE', ( #1741 ), #6514, .T. ) ;
#4938 = CIRCLE ( 'NONE', #8883, 55.00000000000000000 ) ;
#4939 = LINE ( 'NONE', #9657, #2894 ) ;
#4940 = LINE ( 'NONE', #7199, #9979 ) ;
#4941 = ORIENTED_EDGE ( 'NONE', *, *, #7242, .T. ) ;
#4942 = DIRECTION ( 'NONE',  ( 0.000000000000000000, 1.000000000000000000, 0.000000000000000000 ) ) ;
#4943 = ORIENTED_EDGE ( 'NONE', *, *, #3564, .F. ) ;
#4944 = FACE_OUTER_BOUND ( 'NONE', #6032, .T. ) ;
#4945 = CARTESIAN_POINT ( 'NONE',  ( -22.87733444822523765, 71.00000000000001421, 6.279196922621856913 ) ) ;
#4946 = AXIS2_PLACEMENT_3D ( 'NONE', #2003, #5122, #6613 ) ;
#4947 = CARTESIAN_POINT ( 'NONE',  ( -40.79834094315480542, 22.48461141335135949, -12.99999999999999822 ) ) ;
#4948 = CARTESIAN_POINT ( 'NONE',  ( -35.21754140102338937, 71.00000000000001421, -31.12434381103006942 ) ) ;
#4949 = EDGE_CURVE ( 'NONE', #4401, #5685, #1081, .T. ) ;
#4950 = ADVANCED_FACE ( 'NONE', ( #4098 ), #919, .F. ) ;
#4951 = ADVANCED_FACE ( 'NONE', ( #8063 ), #1791, .F. ) ;
#4952 = ADVANCED_FACE ( 'NONE', ( #2457 ), #96, .T. ) ;
#4953 = ORIENTED_EDGE ( 'NONE', *, *, #2189, .F. ) ;
#4954 = CARTESIAN_POINT ( 'NONE',  ( -78.04429881564594496, 0.000000000000000000, -12.49999999999998046 ) ) ;
#4955 = ORIENTED_EDGE ( 'NONE', *, *, #1668, .T. ) ;
#4956 = ORIENTED_EDGE ( 'NONE', *, *, #4410, .F. ) ;
#4957 = CARTESIAN_POINT ( 'NONE',  ( 45.27214940782310748, 4.000000000000000000, 45.27214940782285879 ) ) ;
#4958 = LINE ( 'NONE', #6453, #7390 ) ;
#4959 = PLANE ( 'NONE',  #6549 ) ;
#4960 = CARTESIAN_POINT ( 'NONE',  ( -6.000723173757121387, 71.00000000000001421, -22.95195126434680688 ) ) ;
#4961 = ORIENTED_EDGE ( 'NONE', *, *, #5704, .T. ) ;
#4962 = VERTEX_POINT ( 'NONE', #9538 ) ;
#4963 = AXIS2_PLACEMENT_3D ( 'NONE', #6200, #5371, #5429 ) ;
#4964 = EDGE_LOOP ( 'NONE', ( #3518, #6644, #8797, #6658 ) ) ;
#4965 = CARTESIAN_POINT ( 'NONE',  ( 54.95628495567504501, 8.146640186397497985, 2.200596183199729161 ) ) ;
#4966 = ORIENTED_EDGE ( 'NONE', *, *, #802, .T. ) ;
#4967 = CARTESIAN_POINT ( 'NONE',  ( -22.39516677087721774, 61.00000000000000711, -6.146855202363884274 ) ) ;
#4968 = CARTESIAN_POINT ( 'NONE',  ( -24.50000000000000000, 26.00000000000001066, 42.43524478543749012 ) ) ;
#4969 = ORIENTED_EDGE ( 'NONE', *, *, #4651, .F. ) ;
#4970 = CARTESIAN_POINT ( 'NONE',  ( 12.49999999999918820, 44.31128874149307961, -78.04429881564608706 ) ) ;
#4971 = ORIENTED_EDGE ( 'NONE', *, *, #3097, .T. ) ;
#4972 = DIRECTION ( 'NONE',  ( -0.000000000000000000, 1.000000000000000000, -0.000000000000000000 ) ) ;
#4973 = EDGE_CURVE ( 'NONE', #27, #3867, #2303, .T. ) ;
#4974 = CARTESIAN_POINT ( 'NONE',  ( -23.28831231577574812, 71.00000000000001421, -18.43215965324975159 ) ) ;
#4975 = ORIENTED_EDGE ( 'NONE', *, *, #5703, .T. ) ;
#4976 = CARTESIAN_POINT ( 'NONE',  ( 0.000000000000000000, 26.00000000000001066, 0.000000000000000000 ) ) ;
#4977 = ORIENTED_EDGE ( 'NONE', *, *, #7720, .T. ) ;
#4978 = CARTESIAN_POINT ( 'NONE',  ( 29.76271277008448735, 71.00000000000001421, 18.80667068319268864 ) ) ;
#4979 = CARTESIAN_POINT ( 'NONE',  ( -9.345701715961412859, 71.00000000000001421, 46.06145741763147328 ) ) ;
#4980 = ORIENTED_EDGE ( 'NONE', *, *, #975, .T. ) ;
#4981 = AXIS2_PLACEMENT_3D ( 'NONE', #2468, #7764, #4052 ) ;
#4982 = FACE_OUTER_BOUND ( 'NONE', #2550, .T. ) ;
#4983 = DIRECTION ( 'NONE',  ( -0.2319818708429861598, 0.4434297682956502840, -0.8657681284209149952 ) ) ;
#4984 = DIRECTION ( 'NONE',  ( 0.000000000000000000, 0.000000000000000000, 1.000000000000000000 ) ) ;
#4985 = FACE_OUTER_BOUND ( 'NONE', #8482, .T. ) ;
#4986 = CARTESIAN_POINT ( 'NONE',  ( 54.66639668068560098, 15.62418717567892124, -6.049095347490228924 ) ) ;
#4987 = ORIENTED_EDGE ( 'NONE', *, *, #3323, .F. ) ;
#4988 = ADVANCED_FACE ( 'NONE', ( #8876 ), #2614, .F. ) ;
#4989 = DIRECTION ( 'NONE',  ( 0.000000000000000000, -0.000000000000000000, 1.000000000000000000 ) ) ;
#4990 = EDGE_LOOP ( 'NONE', ( #7683, #2298, #241, #5476 ) ) ;
#4991 = FACE_OUTER_BOUND ( 'NONE', #1908, .T. ) ;
#4992 = CARTESIAN_POINT ( 'NONE',  ( 0.4427328229371305657, 71.00000000000001421, 1.652301389379717600 ) ) ;
#4993 = EDGE_CURVE ( 'NONE', #8106, #10146, #7235, .T. ) ;
#4994 = EDGE_CURVE ( 'NONE', #1207, #3216, #8111, .T. ) ;
#4995 = CARTESIAN_POINT ( 'NONE',  ( -17.50000000000053646, 31.20788311109079416, -52.14163403653535056 ) ) ;
#4996 = CARTESIAN_POINT ( 'NONE',  ( 6.633085908508379980, 70.49999999999998579, 25.37065285232696610 ) ) ;
#4997 = AXIS2_PLACEMENT_3D ( 'NONE', #6814, #3890, #765 ) ;
#4998 = EDGE_CURVE ( 'NONE', #5450, #9644, #7340, .T. ) ;
#4999 = CIRCLE ( 'NONE', #3200, 44.99999999999998579 ) ;
#5000 = ORIENTED_EDGE ( 'NONE', *, *, #2596, .F. ) ;
#5001 = CARTESIAN_POINT ( 'NONE',  ( 0.000000000000000000, 61.00000000000000711, 0.000000000000000000 ) ) ;
#5002 = ORIENTED_EDGE ( 'NONE', *, *, #850, .T. ) ;
#5003 = ORIENTED_EDGE ( 'NONE', *, *, #8894, .F. ) ;
#5004 = CYLINDRICAL_SURFACE ( 'NONE', #22, 1.300000000000000044 ) ;
#5005 = CYLINDRICAL_SURFACE ( 'NONE', #2141, 60.62500000000000000 ) ;
#5006 = EDGE_CURVE ( 'NONE', #3234, #78, #208, .T. ) ;
#5007 = LINE ( 'NONE', #7223, #4905 ) ;
#5008 = CARTESIAN_POINT ( 'NONE',  ( 0.000000000000000000, 4.000000000000000000, 0.000000000000000000 ) ) ;
#5009 = ORIENTED_EDGE ( 'NONE', *, *, #5304, .F. ) ;
#5010 = EDGE_CURVE ( 'NONE', #5271, #6210, #7177, .T. ) ;
#5011 = CIRCLE ( 'NONE', #7310, 1.449999999999993072 ) ;
#5012 = ORIENTED_EDGE ( 'NONE', *, *, #8700, .T. ) ;
#5013 =( LENGTH_UNIT ( ) NAMED_UNIT ( * ) SI_UNIT ( .MILLI., .METRE. ) );
#5014 = AXIS2_PLACEMENT_3D ( 'NONE', #4050, #6417, #9544 ) ;
#5015 = EDGE_LOOP ( 'NONE', ( #7091, #8631, #6119, #4206, #1610, #5671 ) ) ;
#5016 = CARTESIAN_POINT ( 'NONE',  ( 54.86869360789334138, 9.031393560466820958, -3.813402768362923467 ) ) ;
#5017 = ORIENTED_EDGE ( 'NONE', *, *, #8771, .T. ) ;
#5018 = CARTESIAN_POINT ( 'NONE',  ( -63.04429881564596627, 31.20788311109079771, 17.49999999999999289 ) ) ;
#5019 = DIRECTION ( 'NONE',  ( 1.000000000000000000, -0.000000000000000000, 0.000000000000000000 ) ) ;
#5020 = ORIENTED_EDGE ( 'NONE', *, *, #10050, .F. ) ;
#5021 = CARTESIAN_POINT ( 'NONE',  ( 32.99228640346422736, 71.00000000000001421, -30.57314927057959864 ) ) ;
#5022 = AXIS2_PLACEMENT_3D ( 'NONE', #9515, #5612, #4838 ) ;
#5023 = VECTOR ( 'NONE', #2721, 1000.000000000000000 ) ;
#5024 = ORIENTED_EDGE ( 'NONE', *, *, #3605, .T. ) ;
#5025 = CIRCLE ( 'NONE', #4523, 47.00000000000001421 ) ;
#5026 = DIRECTION ( 'NONE',  ( 0.9674806351920982594, 0.000000000000000000, 0.2529450939004239118 ) ) ;
#5027 = AXIS2_PLACEMENT_3D ( 'NONE', #2530, #5496, #116 ) ;
#5028 = CARTESIAN_POINT ( 'NONE',  ( 23.45718077811439883, 70.83629404531721718, -18.21880096033424934 ) ) ;
#5029 = ORIENTED_EDGE ( 'NONE', *, *, #8220, .T. ) ;
#5030 = CARTESIAN_POINT ( 'NONE',  ( 6.633085908507855954, 70.50000000000002842, -25.37065285232711886 ) ) ;
#5031 = AXIS2_PLACEMENT_3D ( 'NONE', #161, #2525, #7248 ) ;
#5032 = ORIENTED_EDGE ( 'NONE', *, *, #6462, .F. ) ;
#5033 = DIRECTION ( 'NONE',  ( 0.000000000000000000, 0.000000000000000000, 1.000000000000000000 ) ) ;
#5034 = ORIENTED_EDGE ( 'NONE', *, *, #7882, .T. ) ;
#5035 = CYLINDRICAL_SURFACE ( 'NONE', #4860, 6.250000000000000000 ) ;
#5036 = DIRECTION ( 'NONE',  ( -0.000000000000000000, 1.000000000000000000, -0.000000000000000000 ) ) ;
#5037 = CARTESIAN_POINT ( 'NONE',  ( 27.29547653342059021, 61.00000000000000711, 11.70670580537010430 ) ) ;
#5038 = DIRECTION ( 'NONE',  ( 0.000000000000000000, 0.000000000000000000, -1.000000000000000000 ) ) ;
#5039 = VERTEX_POINT ( 'NONE', #5580 ) ;
#5040 = DIRECTION ( 'NONE',  ( 0.4074239411274109823, 0.5796748474660682326, -0.7056789662526427032 ) ) ;
#5041 = ORIENTED_EDGE ( 'NONE', *, *, #8635, .F. ) ;
#5042 = CARTESIAN_POINT ( 'NONE',  ( -42.96402765492275222, 52.88262122970322565, -10.17727926424328366 ) ) ;
#5043 = CARTESIAN_POINT ( 'NONE',  ( 22.39516677087713248, 61.00000000000000711, -6.146855202364192472 ) ) ;
#5044 = ADVANCED_FACE ( 'NONE', ( #147 ), #3427, .T. ) ;
#5045 = LINE ( 'NONE', #5863, #8036 ) ;
#5046 = CARTESIAN_POINT ( 'NONE',  ( 16.87661127446817133, 71.00000000000001421, -16.67275434172500326 ) ) ;
#5047 = ORIENTED_EDGE ( 'NONE', *, *, #5062, .F. ) ;
#5048 = CARTESIAN_POINT ( 'NONE',  ( 5.510910596163087189E-15, 0.000000000000000000, 44.99999999999998579 ) ) ;
#5049 = EDGE_LOOP ( 'NONE', ( #1783, #9799, #1743, #7323 ) ) ;
#5050 = ORIENTED_EDGE ( 'NONE', *, *, #612, .F. ) ;
#5051 = ADVANCED_FACE ( 'NONE', ( #1132 ), #553, .F. ) ;
#5052 = CARTESIAN_POINT ( 'NONE',  ( 12.88755093684978981, 51.16510438680748507, 43.11509052350582749 ) ) ;
#5053 = FACE_BOUND ( 'NONE', #9394, .T. ) ;
#5054 = CARTESIAN_POINT ( 'NONE',  ( 0.000000000000000000, 61.00000000000000711, 0.000000000000000000 ) ) ;
#5055 = FACE_OUTER_BOUND ( 'NONE', #8043, .T. ) ;
#5056 = ADVANCED_FACE ( 'NONE', ( #2860 ), #403, .F. ) ;
#5057 = VERTEX_POINT ( 'NONE', #9885 ) ;
#5058 = DIRECTION ( 'NONE',  ( 0.000000000000000000, 0.000000000000000000, 1.000000000000000000 ) ) ;
#5059 = APPLICATION_PROTOCOL_DEFINITION ( 'draft international standard', 'automotive_design', 1998, #5839 ) ;
#5060 = EDGE_CURVE ( 'NONE', #5711, #5374, #9971, .T. ) ;
#5061 = EDGE_LOOP ( 'NONE', ( #3597, #5869, #465, #2086 ) ) ;
#5062 = EDGE_CURVE ( 'NONE', #3653, #7099, #5886, .T. ) ;
#5063 = DIRECTION ( 'NONE',  ( 0.8660254037844415942, 0.000000000000000000, -0.4999999999999949485 ) ) ;
#5064 = VERTEX_POINT ( 'NONE', #8358 ) ;
#5065 = CARTESIAN_POINT ( 'NONE',  ( -34.25000000000000000, 23.30000000000000071, 5.000000000000000000 ) ) ;
#5066 = DIRECTION ( 'NONE',  ( -0.000000000000000000, 1.000000000000000000, -0.000000000000000000 ) ) ;
#5067 = VECTOR ( 'NONE', #1894, 1000.000000000000000 ) ;
#5068 = ORIENTED_EDGE ( 'NONE', *, *, #3565, .F. ) ;
#5069 = DIRECTION ( 'NONE',  ( 0.000000000000000000, 0.000000000000000000, -1.000000000000000000 ) ) ;
#5070 = ORIENTED_EDGE ( 'NONE', *, *, #1375, .T. ) ;
#5071 = CIRCLE ( 'NONE', #1306, 47.00000000000001421 ) ;
#5072 = DIRECTION ( 'NONE',  ( 0.000000000000000000, 0.000000000000000000, 1.000000000000000000 ) ) ;
#5073 = VECTOR ( 'NONE', #6225, 1000.000000000000114 ) ;
#5074 = EDGE_CURVE ( 'NONE', #7537, #8856, #9122, .T. ) ;
#5075 = DIRECTION ( 'NONE',  ( 0.7071067811865493491, 0.000000000000000000, -0.7071067811865456854 ) ) ;
#5076 = ORIENTED_EDGE ( 'NONE', *, *, #7690, .F. ) ;
#5077 =( LENGTH_UNIT ( ) NAMED_UNIT ( * ) SI_UNIT ( .MILLI., .METRE. ) );
#5078 = VECTOR ( 'NONE', #989, 1000.000000000000114 ) ;
#5079 = ORIENTED_EDGE ( 'NONE', *, *, #5817, .F. ) ;
#5080 = VECTOR ( 'NONE', #2435, 1000.000000000000114 ) ;
#5081 = CARTESIAN_POINT ( 'NONE',  ( 29.41128822328173342, 61.00000000000000711, 19.41535585328193037 ) ) ;
#5082 = VECTOR ( 'NONE', #5308, 1000.000000000000000 ) ;
#5083 = EDGE_LOOP ( 'NONE', ( #388, #5726, #2862, #7629 ) ) ;
#5084 = AXIS2_PLACEMENT_3D ( 'NONE', #9287, #680, #727 ) ;
#5085 = DIRECTION ( 'NONE',  ( 0.000000000000000000, 1.000000000000000000, -1.084202172485504434E-16 ) ) ;
#5086 = DIRECTION ( 'NONE',  ( -0.000000000000000000, 1.000000000000000000, 0.000000000000000000 ) ) ;
#5087 = AXIS2_PLACEMENT_3D ( 'NONE', #8538, #6891, #10056 ) ;
#5088 = VECTOR ( 'NONE', #9617, 1000.000000000000000 ) ;
#5089 = DIRECTION ( 'NONE',  ( 0.000000000000000000, 1.000000000000000000, -0.000000000000000000 ) ) ;
#5090 = CARTESIAN_POINT ( 'NONE',  ( -27.60687466421277847, 71.00000000000001421, -10.95219025010279346 ) ) ;
#5091 = DIRECTION ( 'NONE',  ( 0.000000000000000000, 1.000000000000000000, 0.000000000000000000 ) ) ;
#5092 = ORIENTED_EDGE ( 'NONE', *, *, #6460, .T. ) ;
#5093 = DIRECTION ( 'NONE',  ( -0.2646834405156263670, 0.000000000000000000, 0.9643353546960782285 ) ) ;
#5094 = CARTESIAN_POINT ( 'NONE',  ( 0.3337243123704482506, 53.50000000000000711, -1.245476089487486560 ) ) ;
#5095 = VECTOR ( 'NONE', #632, 1000.000000000000000 ) ;
#5096 = CARTESIAN_POINT ( 'NONE',  ( 13.74999999999999822, 23.30000000000000071, -6.299999999999999822 ) ) ;
#5097 = CARTESIAN_POINT ( 'NONE',  ( -66.52214940782297958, -1.000000000000000000, 6.249999999999996447 ) ) ;
#5098 = VECTOR ( 'NONE', #6167, 1000.000000000000000 ) ;
#5099 = EDGE_CURVE ( 'NONE', #1027, #2752, #8310, .T. ) ;
#5100 = VERTEX_POINT ( 'NONE', #9933 ) ;
#5101 = FACE_OUTER_BOUND ( 'NONE', #3894, .T. ) ;
#5102 = ORIENTED_EDGE ( 'NONE', *, *, #9451, .F. ) ;
#5103 = ORIENTED_EDGE ( 'NONE', *, *, #7808, .F. ) ;
#5104 = DIRECTION ( 'NONE',  ( 0.000000000000000000, -1.000000000000000000, 1.084202172485504434E-16 ) ) ;
#5105 = DIRECTION ( 'NONE',  ( -0.000000000000000000, -1.000000000000000000, -0.000000000000000000 ) ) ;
#5106 = CIRCLE ( 'NONE', #8404, 29.70000000000000284 ) ;
#5107 = PLANE ( 'NONE',  #7373 ) ;
#5108 = DIRECTION ( 'NONE',  ( 0.000000000000000000, 0.000000000000000000, 1.000000000000000000 ) ) ;
#5109 = ORIENTED_EDGE ( 'NONE', *, *, #1110, .T. ) ;
#5110 = DIRECTION ( 'NONE',  ( -2.075066004434990547E-15, 0.5749972691930417268, 0.8181553278079565228 ) ) ;
#5111 = FACE_OUTER_BOUND ( 'NONE', #10027, .T. ) ;
#5112 = ADVANCED_FACE ( 'NONE', ( #9738 ), #358, .F. ) ;
#5113 = EDGE_CURVE ( 'NONE', #7099, #7423, #9693, .T. ) ;
#5114 = VECTOR ( 'NONE', #1283, 1000.000000000000114 ) ;
#5115 = ORIENTED_EDGE ( 'NONE', *, *, #1253, .F. ) ;
#5116 = CARTESIAN_POINT ( 'NONE',  ( 1.734723475976807094E-15, 70.50000000000002842, 33.04427230315816644 ) ) ;
#5117 = ORIENTED_EDGE ( 'NONE', *, *, #1349, .T. ) ;
#5118 = DIRECTION ( 'NONE',  ( -0.5353307582192169400, -0.6533314309053822599, 0.5353307582192190495 ) ) ;
#5119 = DIRECTION ( 'NONE',  ( 0.000000000000000000, 1.000000000000000000, 0.000000000000000000 ) ) ;
#5120 = ADVANCED_FACE ( 'NONE', ( #2147 ), #2768, .T. ) ;
#5121 = ORIENTED_EDGE ( 'NONE', *, *, #8254, .T. ) ;
#5122 = DIRECTION ( 'NONE',  ( -0.9386109303896085221, -0.3449775664491150917, 0.000000000000000000 ) ) ;
#5123 = ORIENTED_EDGE ( 'NONE', *, *, #1088, .T. ) ;
#5124 = CARTESIAN_POINT ( 'NONE',  ( 11.25000000000000000, 4.000000000000000000, -12.99999999999999289 ) ) ;
#5125 = CARTESIAN_POINT ( 'NONE',  ( -42.43524478543740486, 26.00000000000001066, -24.50000000000014921 ) ) ;
#5126 = ORIENTED_EDGE ( 'NONE', *, *, #4439, .T. ) ;
#5127 = FILL_AREA_STYLE_COLOUR ( '', #8687 ) ;
#5128 = AXIS2_PLACEMENT_3D ( 'NONE', #8169, #5749, #410 ) ;
#5129 = ORIENTED_EDGE ( 'NONE', *, *, #7494, .T. ) ;
#5130 = CARTESIAN_POINT ( 'NONE',  ( 78.04429881564595917, 44.31128874149274566, -12.49999999999993250 ) ) ;
#5131 = EDGE_LOOP ( 'NONE', ( #4583, #5922, #8887, #667 ) ) ;
#5132 = EDGE_CURVE ( 'NONE', #1718, #5464, #1378, .T. ) ;
#5133 = EDGE_CURVE ( 'NONE', #9868, #2178, #8921, .T. ) ;
#5134 = EDGE_CURVE ( 'NONE', #6797, #6106, #7382, .T. ) ;
#5135 = EDGE_CURVE ( 'NONE', #7999, #3577, #3327, .T. ) ;
#5136 = CARTESIAN_POINT ( 'NONE',  ( 60.62500000000000000, 14.00000000000000000, 0.000000000000000000 ) ) ;
#5137 = DIRECTION ( 'NONE',  ( 0.7027971946764645095, 0.000000000000000000, 0.7113902607956419377 ) ) ;
#5138 = DIRECTION ( 'NONE',  ( 0.000000000000000000, 1.000000000000000000, 0.000000000000000000 ) ) ;
#5139 = FACE_BOUND ( 'NONE', #5697, .T. ) ;
#5140 = DIRECTION ( 'NONE',  ( 0.000000000000000000, 0.000000000000000000, 1.000000000000000000 ) ) ;
#5141 = ORIENTED_EDGE ( 'NONE', *, *, #1596, .F. ) ;
#5142 = CARTESIAN_POINT ( 'NONE',  ( -41.68562752540102423, 53.50000000000002132, -9.834732981934097396 ) ) ;
#5143 = DIRECTION ( 'NONE',  ( 0.8660254037844363761, 0.000000000000000000, -0.5000000000000039968 ) ) ;
#5144 = FACE_OUTER_BOUND ( 'NONE', #6238, .T. ) ;
#5145 = LINE ( 'NONE', #3706, #1496 ) ;
#5146 = AXIS2_PLACEMENT_3D ( 'NONE', #300, #6554, #5787 ) ;
#5147 = VERTEX_POINT ( 'NONE', #3476 ) ;
#5148 = VECTOR ( 'NONE', #267, 1000.000000000000000 ) ;
#5149 = ADVANCED_FACE ( 'NONE', ( #9735 ), #9586, .F. ) ;
#5150 = CARTESIAN_POINT ( 'NONE',  ( -12.56498084201616550, 53.16885668983582036, -41.91124254058443199 ) ) ;
#5151 = ORIENTED_EDGE ( 'NONE', *, *, #5756, .F. ) ;
#5152 = ORIENTED_EDGE ( 'NONE', *, *, #10064, .F. ) ;
#5153 = FACE_OUTER_BOUND ( 'NONE', #3440, .T. ) ;
#5154 = CARTESIAN_POINT ( 'NONE',  ( 4.049354069084214913, 70.83629404531720297, 29.42391493517827072 ) ) ;
#5155 = FACE_OUTER_BOUND ( 'NONE', #10046, .T. ) ;
#5156 = CARTESIAN_POINT ( 'NONE',  ( -3.509433644628745519, 70.50000000000002842, -29.49192898902932214 ) ) ;
#5157 = ORIENTED_EDGE ( 'NONE', *, *, #6142, .F. ) ;
#5158 = DIRECTION ( 'NONE',  ( -0.8660254037844468122, -0.000000000000000000, 0.4999999999999859002 ) ) ;
#5159 = CARTESIAN_POINT ( 'NONE',  ( -73.04429881564595917, 4.000000000000003553, 12.49999999999999112 ) ) ;
#5160 = VECTOR ( 'NONE', #8744, 1000.000000000000114 ) ;
#5161 = ORIENTED_EDGE ( 'NONE', *, *, #9857, .F. ) ;
#5162 = CARTESIAN_POINT ( 'NONE',  ( -16.52091614407034115, 70.50000000000000000, -16.32135574438677139 ) ) ;
#5163 = ORIENTED_EDGE ( 'NONE', *, *, #749, .T. ) ;
#5164 = CARTESIAN_POINT ( 'NONE',  ( 11.25000000000000000, 0.000000000000000000, -12.99999999999999289 ) ) ;
#5165 = DIRECTION ( 'NONE',  ( 0.8660254037844362651, 0.000000000000000000, -0.5000000000000039968 ) ) ;
#5166 = VECTOR ( 'NONE', #9862, 1000.000000000000114 ) ;
#5167 = ORIENTED_EDGE ( 'NONE', *, *, #3871, .F. ) ;
#5168 = CARTESIAN_POINT ( 'NONE',  ( 16.87661127446817488, 71.00000000000001421, 16.67275434172501036 ) ) ;
#5169 = CARTESIAN_POINT ( 'NONE',  ( -22.87733444822521989, 71.00000000000001421, 6.279196922621851584 ) ) ;
#5170 = ADVANCED_FACE ( 'NONE', ( #2510 ), #916, .T. ) ;
#5171 = EDGE_LOOP ( 'NONE', ( #4738, #1186, #957, #6313 ) ) ;
#5172 = LINE ( 'NONE', #3578, #9435 ) ;
#5173 = UNCERTAINTY_MEASURE_WITH_UNIT (LENGTH_MEASURE( 1.000000000000000082E-05 ), #4186, 'distance_accuracy_value', 'NONE');
#5174 = DIRECTION ( 'NONE',  ( 0.000000000000000000, -0.000000000000000000, 1.000000000000000000 ) ) ;
#5175 = LINE ( 'NONE', #5220, #9384 ) ;
#5176 = EDGE_LOOP ( 'NONE', ( #4649, #3246, #7981, #2445, #3322, #1518 ) ) ;
#5177 = AXIS2_PLACEMENT_3D ( 'NONE', #459, #8885, #6716 ) ;
#5178 = ORIENTED_EDGE ( 'NONE', *, *, #1423, .T. ) ;
#5179 = FACE_OUTER_BOUND ( 'NONE', #3712, .T. ) ;
#5180 = EDGE_CURVE ( 'NONE', #2978, #8856, #6511, .T. ) ;
#5181 = VERTEX_POINT ( 'NONE', #8060 ) ;
#5182 = ADVANCED_FACE ( 'NONE', ( #1031 ), #4149, .F. ) ;
#5183 = CARTESIAN_POINT ( 'NONE',  ( -30.89498821139685703, 53.50000000000000711, 32.71849176563078743 ) ) ;
#5184 = LINE ( 'NONE', #4318, #591 ) ;
#5185 = EDGE_CURVE ( 'NONE', #707, #5675, #9632, .T. ) ;
#5186 = AXIS2_PLACEMENT_3D ( 'NONE', #8177, #8942, #9045 ) ;
#5187 = DIRECTION ( 'NONE',  ( -0.8657681284209096662, 0.4434297682956598874, -0.2319818708429877141 ) ) ;
#5188 = ADVANCED_FACE ( 'NONE', ( #4298 ), #6856, .T. ) ;
#5189 = DIRECTION ( 'NONE',  ( 0.000000000000000000, -1.000000000000000000, 0.000000000000000000 ) ) ;
#5190 = CARTESIAN_POINT ( 'NONE',  ( -24.50000000000000000, 26.00000000000001066, 42.43524478543749012 ) ) ;
#5191 = ORIENTED_EDGE ( 'NONE', *, *, #531, .F. ) ;
#5192 = PLANE ( 'NONE',  #3791 ) ;
#5193 = LINE ( 'NONE', #2694, #4588 ) ;
#5194 = AXIS2_PLACEMENT_3D ( 'NONE', #6005, #9900, #624 ) ;
#5195 = DIRECTION ( 'NONE',  ( 0.000000000000000000, 1.000000000000000000, 0.000000000000000000 ) ) ;
#5196 = FACE_BOUND ( 'NONE', #8494, .T. ) ;
#5197 = ORIENTED_EDGE ( 'NONE', *, *, #5667, .T. ) ;
#5198 = DIRECTION ( 'NONE',  ( 0.7027971946764645095, -0.000000000000000000, 0.7113902607956419377 ) ) ;
#5199 = DIRECTION ( 'NONE',  ( -3.277142547889508921E-15, -0.3449775664491150917, -0.9386109303896085221 ) ) ;
#5200 = VERTEX_POINT ( 'NONE', #550 ) ;
#5201 = ORIENTED_EDGE ( 'NONE', *, *, #5703, .F. ) ;
#5202 = CARTESIAN_POINT ( 'NONE',  ( 11.25000000000000000, 21.00000000000000000, -5.000000000000000888 ) ) ;
#5203 = FACE_OUTER_BOUND ( 'NONE', #890, .T. ) ;
#5204 = DIRECTION ( 'NONE',  ( 0.000000000000000000, 1.000000000000000000, 0.000000000000000000 ) ) ;
#5205 = VERTEX_POINT ( 'NONE', #6802 ) ;
#5206 = FACE_OUTER_BOUND ( 'NONE', #3387, .T. ) ;
#5207 = CARTESIAN_POINT ( 'NONE',  ( 44.95657820933109150, 19.93132396867730805, -2.012429439911420648 ) ) ;
#5208 = ORIENTED_EDGE ( 'NONE', *, *, #4863, .T. ) ;
#5209 = DIRECTION ( 'NONE',  ( -0.000000000000000000, 1.000000000000000000, -0.000000000000000000 ) ) ;
#5210 = ORIENTED_EDGE ( 'NONE', *, *, #5819, .T. ) ;
#5211 = DIRECTION ( 'NONE',  ( 0.000000000000000000, 0.000000000000000000, 1.000000000000000000 ) ) ;
#5212 = CARTESIAN_POINT ( 'NONE',  ( -30.89498821139689966, 53.50000000000000711, -32.71849176563075901 ) ) ;
#5213 = DIRECTION ( 'NONE',  ( 0.2588190451025180749, 0.000000000000000000, -0.9659258262890690894 ) ) ;
#5214 = CARTESIAN_POINT ( 'NONE',  ( -2.108547280816512881, 70.50000000000000000, -35.17860068602902857 ) ) ;
#5215 = VERTEX_POINT ( 'NONE', #1180 ) ;
#5216 = CARTESIAN_POINT ( 'NONE',  ( -30.71597019606350543, 52.10820305079128190, 32.53947375029744649 ) ) ;
#5217 = EDGE_CURVE ( 'NONE', #8262, #158, #7484, .T. ) ;
#5218 = PLANE ( 'NONE',  #9361 ) ;
#5219 = VECTOR ( 'NONE', #134, 1000.000000000000000 ) ;
#5220 = CARTESIAN_POINT ( 'NONE',  ( 16.87661127446814646, 71.00000000000001421, 16.67275434172498549 ) ) ;
#5221 = EDGE_CURVE ( 'NONE', #1752, #4891, #6657, .T. ) ;
#5222 = ORIENTED_EDGE ( 'NONE', *, *, #3365, .T. ) ;
#5223 = CARTESIAN_POINT ( 'NONE',  ( -6.250000000000692779, 4.000000000000000000, -66.52214940782292274 ) ) ;
#5224 = EDGE_LOOP ( 'NONE', ( #3361, #6692, #7533 ) ) ;
#5225 = CARTESIAN_POINT ( 'NONE',  ( -34.25000000000000000, 30.50000000000000000, -3.699999999999998401 ) ) ;
#5226 = ORIENTED_EDGE ( 'NONE', *, *, #9697, .T. ) ;
#5227 = VECTOR ( 'NONE', #4697, 1000.000000000000000 ) ;
#5228 = CIRCLE ( 'NONE', #2287, 55.00000000000000000 ) ;
#5229 = CARTESIAN_POINT ( 'NONE',  ( -9.345701715961425293, 71.00000000000001421, -46.06145741763147328 ) ) ;
#5230 = CARTESIAN_POINT ( 'NONE',  ( 16.52091614407034115, 61.00000000000000711, -16.32135574438676429 ) ) ;
#5231 = CIRCLE ( 'NONE', #8519, 1.449999999999999067 ) ;
#5232 = VECTOR ( 'NONE', #8313, 1000.000000000000000 ) ;
#5233 = CARTESIAN_POINT ( 'NONE',  ( -34.25000000000000000, 30.50000000000000000, -6.300000000000001599 ) ) ;
#5234 = AXIS2_PLACEMENT_3D ( 'NONE', #7431, #9065, #1226 ) ;
#5235 = FACE_BOUND ( 'NONE', #686, .T. ) ;
#5236 = CARTESIAN_POINT ( 'NONE',  ( 0.000000000000000000, 56.00000000000000711, 0.000000000000000000 ) ) ;
#5237 = AXIS2_PLACEMENT_3D ( 'NONE', #159, #3393, #3286 ) ;
#5238 = ORIENTED_EDGE ( 'NONE', *, *, #7644, .F. ) ;
#5239 = CARTESIAN_POINT ( 'NONE',  ( -17.50000000000065015, 31.20788311109079771, -63.04429881564578864 ) ) ;
#5240 = CARTESIAN_POINT ( 'NONE',  ( 0.000000000000000000, 4.000000000000000000, 0.000000000000000000 ) ) ;
#5241 = ADVANCED_FACE ( 'NONE', ( #6757 ), #501, .T. ) ;
#5242 = ORIENTED_EDGE ( 'NONE', *, *, #3551, .F. ) ;
#5243 = CIRCLE ( 'NONE', #3600, 47.00000000000000711 ) ;
#5244 = CARTESIAN_POINT ( 'NONE',  ( 66.52214940782297958, 0.000000000000000000, 6.249999999999996447 ) ) ;
#5245 = CARTESIAN_POINT ( 'NONE',  ( 47.63139720814428557, 26.00000000000001066, -27.49999999999970512 ) ) ;
#5246 = VECTOR ( 'NONE', #3655, 1000.000000000000227 ) ;
#5247 = ORIENTED_EDGE ( 'NONE', *, *, #1941, .T. ) ;
#5248 = FACE_OUTER_BOUND ( 'NONE', #6543, .T. ) ;
#5249 = CARTESIAN_POINT ( 'NONE',  ( -23.78604288879165907, 61.00000000000000711, 17.78522318365907751 ) ) ;
#5250 = ORIENTED_EDGE ( 'NONE', *, *, #9366, .T. ) ;
#5251 = ORIENTED_EDGE ( 'NONE', *, *, #8328, .F. ) ;
#5252 = CARTESIAN_POINT ( 'NONE',  ( 12.50000000000020961, 31.20788311109079771, 63.04429881564592364 ) ) ;
#5253 = LINE ( 'NONE', #4481, #8045 ) ;
#5254 = CIRCLE ( 'NONE', #2649, 48.99999999999998579 ) ;
#5255 = CARTESIAN_POINT ( 'NONE',  ( -4.318562348436996601, 71.00000000000001421, 29.38434990335267827 ) ) ;
#5256 = ORIENTED_EDGE ( 'NONE', *, *, #3733, .T. ) ;
#5257 = EDGE_CURVE ( 'NONE', #4655, #5444, #3522, .T. ) ;
#5258 = EDGE_CURVE ( 'NONE', #915, #4711, #8510, .T. ) ;
#5259 = AXIS2_PLACEMENT_3D ( 'NONE', #7424, #9774, #9059 ) ;
#5260 = CARTESIAN_POINT ( 'NONE',  ( 6.633085908508379980, 61.00000000000000711, 25.37065285232696610 ) ) ;
#5261 = EDGE_CURVE ( 'NONE', #2961, #27, #7636, .T. ) ;
#5262 = CARTESIAN_POINT ( 'NONE',  ( 44.64944209664621155, 16.76907139601372876, -5.606856670322954983 ) ) ;
#5263 = ORIENTED_EDGE ( 'NONE', *, *, #16, .F. ) ;
#5264 = LINE ( 'NONE', #5982, #7202 ) ;
#5265 = ORIENTED_EDGE ( 'NONE', *, *, #3485, .T. ) ;
#5266 = VECTOR ( 'NONE', #9718, 1000.000000000000114 ) ;
#5267 = DIRECTION ( 'NONE',  ( -0.7071067811865512365, 0.000000000000000000, -0.7071067811865439090 ) ) ;
#5268 = CARTESIAN_POINT ( 'NONE',  ( -31.51983550409811485, 70.49999999999998579, -15.76324483274674648 ) ) ;
#5269 = PLANE ( 'NONE',  #3591 ) ;
#5270 = LINE ( 'NONE', #9124, #4120 ) ;
#5271 = VERTEX_POINT ( 'NONE', #5116 ) ;
#5272 = CARTESIAN_POINT ( 'NONE',  ( -29.59196358463925591, 53.43369657167163211, 31.41546713887319342 ) ) ;
#5273 = CARTESIAN_POINT ( 'NONE',  ( -12.32497268177929506, 53.48381987524005154, 41.01551989234928186 ) ) ;
#5274 = DIRECTION ( 'NONE',  ( -0.000000000000000000, -1.000000000000000000, -0.000000000000000000 ) ) ;
#5275 = EDGE_LOOP ( 'NONE', ( #5210, #828, #8893 ) ) ;
#5276 = CARTESIAN_POINT ( 'NONE',  ( 27.29547653342034508, 70.50000000000002842, -11.70670580537067629 ) ) ;
#5277 = ORIENTED_EDGE ( 'NONE', *, *, #3720, .F. ) ;
#5278 = CARTESIAN_POINT ( 'NONE',  ( 44.56385867493970920, 13.58660963042169456, 6.250000000000001776 ) ) ;
#5279 = VERTEX_POINT ( 'NONE', #9881 ) ;
#5280 = EDGE_CURVE ( 'NONE', #8982, #6448, #5879, .T. ) ;
#5281 = FACE_OUTER_BOUND ( 'NONE', #3073, .T. ) ;
#5282 = CARTESIAN_POINT ( 'NONE',  ( 27.49999999999999645, 26.00000000000001066, -47.63139720814412215 ) ) ;
#5283 = CIRCLE ( 'NONE', #872, 60.62500000000000000 ) ;
#5284 = CARTESIAN_POINT ( 'NONE',  ( -6.250000000000692779, 0.000000000000000000, -66.52214940782292274 ) ) ;
#5285 = CARTESIAN_POINT ( 'NONE',  ( -16.87661127446815712, 71.00000000000001421, 16.67275434172498905 ) ) ;
#5286 = DIRECTION ( 'NONE',  ( 0.000000000000000000, -1.000000000000000000, 0.000000000000000000 ) ) ;
#5287 = VERTEX_POINT ( 'NONE', #9020 ) ;
#5288 = DIRECTION ( 'NONE',  ( 0.7071067811865475727, 0.000000000000000000, -0.7071067811865475727 ) ) ;
#5289 = CARTESIAN_POINT ( 'NONE',  ( -21.13113162539921674, 53.50000000000000711, 22.95463517963319333 ) ) ;
#5290 = ORIENTED_EDGE ( 'NONE', *, *, #7589, .F. ) ;
#5291 = ADVANCED_FACE ( 'NONE', ( #1996 ), #8411, .F. ) ;
#5292 = PLANE ( 'NONE',  #2625 ) ;
#5293 = DIRECTION ( 'NONE',  ( 0.000000000000000000, 0.000000000000000000, 1.000000000000000000 ) ) ;
#5294 = ADVANCED_FACE ( 'NONE', ( #7531 ), #8187, .F. ) ;
#5295 = EDGE_LOOP ( 'NONE', ( #4553, #9112, #2145, #8229 ) ) ;
#5296 = DIRECTION ( 'NONE',  ( -0.7027971946764646205, 0.000000000000000000, 0.7113902607956419377 ) ) ;
#5297 = CARTESIAN_POINT ( 'NONE',  ( 0.000000000000000000, 4.000000000000000000, -13.00000000000000000 ) ) ;
#5298 = VERTEX_POINT ( 'NONE', #1228 ) ;
#5299 = ORIENTED_EDGE ( 'NONE', *, *, #7367, .T. ) ;
#5300 = CARTESIAN_POINT ( 'NONE',  ( 12.24022189330256438, 53.50000000000000711, 40.69922564377259278 ) ) ;
#5301 = EDGE_CURVE ( 'NONE', #5635, #1559, #8258, .T. ) ;
#5302 = CARTESIAN_POINT ( 'NONE',  ( 16.52091614407034115, 61.00000000000000711, 16.32135574438677139 ) ) ;
#5303 = PLANE ( 'NONE',  #1807 ) ;
#5304 = EDGE_CURVE ( 'NONE', #5681, #1292, #2814, .T. ) ;
#5305 = ORIENTED_EDGE ( 'NONE', *, *, #6678, .T. ) ;
#5306 = EDGE_CURVE ( 'NONE', #3794, #5874, #4388, .T. ) ;
#5307 = DIRECTION ( 'NONE',  ( -1.000000000000000000, 0.000000000000000000, 0.000000000000000000 ) ) ;
#5308 = DIRECTION ( 'NONE',  ( 0.000000000000000000, 0.000000000000000000, 1.000000000000000000 ) ) ;
#5309 = VECTOR ( 'NONE', #3232, 1000.000000000000114 ) ;
#5310 = ORIENTED_EDGE ( 'NONE', *, *, #1362, .T. ) ;
#5311 = EDGE_CURVE ( 'NONE', #36, #3044, #4399, .T. ) ;
#5312 = CARTESIAN_POINT ( 'NONE',  ( -16.52091614407034115, 61.00000000000000711, 16.32135574438676429 ) ) ;
#5313 = VERTEX_POINT ( 'NONE', #2091 ) ;
#5314 = DIRECTION ( 'NONE',  ( 0.2646834405156263670, 0.000000000000000000, -0.9643353546960782285 ) ) ;
#5315 = EDGE_CURVE ( 'NONE', #5100, #7488, #5264, .T. ) ;
#5316 = CARTESIAN_POINT ( 'NONE',  ( -1.209568566442604576, 61.00000000000000711, -1.209568566442599691 ) ) ;
#5317 = DIRECTION ( 'NONE',  ( 0.7027971946764646205, 0.000000000000000000, -0.7113902607956419377 ) ) ;
#5318 = CARTESIAN_POINT ( 'NONE',  ( 0.000000000000000000, 61.00000000000000711, 0.000000000000000000 ) ) ;
#5319 = ORIENTED_EDGE ( 'NONE', *, *, #5060, .F. ) ;
#5320 = DIRECTION ( 'NONE',  ( 2.664535259100375697E-15, 0.000000000000000000, 1.000000000000000000 ) ) ;
#5321 = CARTESIAN_POINT ( 'NONE',  ( -12.40764239015346249, 53.42042054621737179, 41.32404744424859189 ) ) ;
#5322 = VECTOR ( 'NONE', #5314, 1000.000000000000114 ) ;
#5323 = CARTESIAN_POINT ( 'NONE',  ( 54.64373248598598565, 14.00000000000000000, -6.250000000000000000 ) ) ;
#5324 = ORIENTED_EDGE ( 'NONE', *, *, #9880, .T. ) ;
#5325 = DIRECTION ( 'NONE',  ( 0.000000000000000000, 1.000000000000000000, 0.000000000000000000 ) ) ;
#5326 = ORIENTED_EDGE ( 'NONE', *, *, #1680, .T. ) ;
#5327 = CARTESIAN_POINT ( 'NONE',  ( 44.75374452401919712, 9.871753771505778374, -4.710203206935235087 ) ) ;
#5328 = VERTEX_POINT ( 'NONE', #600 ) ;
#5329 = LINE ( 'NONE', #1446, #3224 ) ;
#5330 = DIRECTION ( 'NONE',  ( 0.000000000000000000, 1.000000000000000000, 0.000000000000000000 ) ) ;
#5331 = AXIS2_PLACEMENT_3D ( 'NONE', #4440, #3666, #1376 ) ;
#5332 = VECTOR ( 'NONE', #420, 1000.000000000000114 ) ;
#5333 = DIRECTION ( 'NONE',  ( 0.000000000000000000, 0.000000000000000000, 1.000000000000000000 ) ) ;
#5334 = CARTESIAN_POINT ( 'NONE',  ( 6.249999999999299227, 4.000000000000000000, -67.97214940782305348 ) ) ;
#5335 = PLANE ( 'NONE',  #2390 ) ;
#5336 = ORIENTED_EDGE ( 'NONE', *, *, #9211, .T. ) ;
#5337 = CARTESIAN_POINT ( 'NONE',  ( 0.000000000000000000, 61.00000000000000711, 0.000000000000000000 ) ) ;
#5338 = CARTESIAN_POINT ( 'NONE',  ( 30.44486301286592322, 53.50000000000000711, -6.822779208491893677 ) ) ;
#5339 = VERTEX_POINT ( 'NONE', #1330 ) ;
#5340 = DIRECTION ( 'NONE',  ( -0.7071067811865494601, 0.000000000000000000, 0.7071067811865456854 ) ) ;
#5341 = EDGE_LOOP ( 'NONE', ( #881, #8074, #7733 ) ) ;
#5342 = CARTESIAN_POINT ( 'NONE',  ( -27.50653484719878250, 70.83629404531720297, 11.20511397484447969 ) ) ;
#5343 = CARTESIAN_POINT ( 'NONE',  ( -58.04429881564596627, 44.31128874149274566, -17.49999999999998579 ) ) ;
#5344 = CIRCLE ( 'NONE', #5186, 24.20000000000000639 ) ;
#5345 = ORIENTED_EDGE ( 'NONE', *, *, #9247, .F. ) ;
#5346 = DIRECTION ( 'NONE',  ( -0.2588190451025181305, 0.000000000000000000, -0.9659258262890689783 ) ) ;
#5347 = AXIS2_PLACEMENT_3D ( 'NONE', #5528, #3, #3178 ) ;
#5348 = CARTESIAN_POINT ( 'NONE',  ( 54.98200163543550190, 20.08971223364031289, 1.421344618747925281 ) ) ;
#5349 = EDGE_CURVE ( 'NONE', #1714, #7515, #4444, .T. ) ;
#5350 = VERTEX_POINT ( 'NONE', #6138 ) ;
#5351 = EDGE_LOOP ( 'NONE', ( #719, #8107, #2342, #7772, #2328 ) ) ;
#5352 = CARTESIAN_POINT ( 'NONE',  ( -6.633085908508203232, 61.00000000000000711, -25.37065285232701584 ) ) ;
#5353 = CARTESIAN_POINT ( 'NONE',  ( -6.249999999999763745, 0.000000000000000000, 67.97214940782301085 ) ) ;
#5354 = AXIS2_PLACEMENT_3D ( 'NONE', #8342, #585, #5198 ) ;
#5355 = VERTEX_POINT ( 'NONE', #6914 ) ;
#5356 = DIRECTION ( 'NONE',  ( 0.000000000000000000, -1.000000000000000000, 0.000000000000000000 ) ) ;
#5357 = CARTESIAN_POINT ( 'NONE',  ( 44.36895025132775316, 61.00000000000000711, -15.50471714012239310 ) ) ;
#5358 = ORIENTED_EDGE ( 'NONE', *, *, #54, .F. ) ;
#5359 = PLANE ( 'NONE',  #1792 ) ;
#5360 = VERTEX_POINT ( 'NONE', #3106 ) ;
#5361 = DIRECTION ( 'NONE',  ( 3.491481338843133355E-15, -0.000000000000000000, 1.000000000000000000 ) ) ;
#5362 = ADVANCED_FACE ( 'NONE', ( #7113 ), #7838, .F. ) ;
#5363 = DIRECTION ( 'NONE',  ( 0.000000000000000000, 1.000000000000000000, 0.000000000000000000 ) ) ;
#5364 = CARTESIAN_POINT ( 'NONE',  ( 6.250000000000228262, -1.000000000000000000, 65.07214940782296253 ) ) ;
#5365 = CARTESIAN_POINT ( 'NONE',  ( 0.000000000000000000, 61.00000000000000711, 0.000000000000000000 ) ) ;
#5366 = ORIENTED_EDGE ( 'NONE', *, *, #468, .F. ) ;
#5367 = ADVANCED_FACE ( 'NONE', ( #857 ), #82, .T. ) ;
#5368 = ADVANCED_FACE ( 'NONE', ( #3061 ), #1474, .T. ) ;
#5369 = CARTESIAN_POINT ( 'NONE',  ( 23.78604288879190065, 61.00000000000000711, 17.78522318365874355 ) ) ;
#5370 = CARTESIAN_POINT ( 'NONE',  ( -23.40485743934988250, 61.00000000000000711, 20.98572030646477060 ) ) ;
#5371 = DIRECTION ( 'NONE',  ( 0.000000000000000000, 1.000000000000000000, 0.000000000000000000 ) ) ;
#5372 = EDGE_LOOP ( 'NONE', ( #9715, #2872, #5358, #9422 ) ) ;
#5373 = CARTESIAN_POINT ( 'NONE',  ( -22.39516677087717511, 61.00000000000000711, 6.146855202364037041 ) ) ;
#5374 = VERTEX_POINT ( 'NONE', #803 ) ;
#5375 = CARTESIAN_POINT ( 'NONE',  ( 44.64911678478778612, 11.23620980350895060, -5.609437973677745326 ) ) ;
#5376 = ORIENTED_EDGE ( 'NONE', *, *, #2760, .F. ) ;
#5377 = EDGE_CURVE ( 'NONE', #3044, #2915, #9918, .T. ) ;
#5378 = ADVANCED_FACE ( 'NONE', ( #708 ), #3429, .F. ) ;
#5379 = CARTESIAN_POINT ( 'NONE',  ( -9.149713682832182116, 70.83262911084999303, -46.10122267475124858 ) ) ;
#5380 = EDGE_CURVE ( 'NONE', #290, #9273, #9310, .T. ) ;
#5381 = EDGE_CURVE ( 'NONE', #3643, #3577, #7684, .T. ) ;
#5382 = DIRECTION ( 'NONE',  ( 0.000000000000000000, 0.000000000000000000, 1.000000000000000000 ) ) ;
#5383 = AXIS2_PLACEMENT_3D ( 'NONE', #8657, #4538, #10031 ) ;
#5384 = LINE ( 'NONE', #10051, #6963 ) ;
#5385 = LINE ( 'NONE', #9949, #5567 ) ;
#5386 = DIRECTION ( 'NONE',  ( 0.000000000000000000, 1.000000000000000000, 0.000000000000000000 ) ) ;
#5387 = ORIENTED_EDGE ( 'NONE', *, *, #2722, .F. ) ;
#5388 = CARTESIAN_POINT ( 'NONE',  ( 78.04429881564594496, 0.000000000000000000, 12.49999999999998046 ) ) ;
#5389 = FACE_BOUND ( 'NONE', #1461, .T. ) ;
#5390 = EDGE_LOOP ( 'NONE', ( #8643, #671, #6552, #1564 ) ) ;
#5392 = VECTOR ( 'NONE', #7308, 1000.000000000000000 ) ;
#5391 = CARTESIAN_POINT ( 'NONE',  ( 0.000000000000000000, 53.50000000000000711, 0.000000000000000000 ) ) ;
#5393 = AXIS2_PLACEMENT_3D ( 'NONE', #839, #2588, #3346 ) ;
#5394 = ORIENTED_EDGE ( 'NONE', *, *, #7420, .F. ) ;
#5395 = LINE ( 'NONE', #8543, #8189 ) ;
#5396 = DIRECTION ( 'NONE',  ( -0.7071067811865492381, 0.000000000000000000, 0.7071067811865457964 ) ) ;
#5397 = CIRCLE ( 'NONE', #984, 42.49999999999998579 ) ;
#5398 = AXIS2_PLACEMENT_3D ( 'NONE', #9386, #2358, #8670 ) ;
#5399 = VECTOR ( 'NONE', #2796, 1000.000000000000000 ) ;
#5400 = ORIENTED_EDGE ( 'NONE', *, *, #6700, .F. ) ;
#5401 = CARTESIAN_POINT ( 'NONE',  ( -66.52214940782297958, 0.000000000000000000, -7.699999999999994849 ) ) ;
#5402 = CARTESIAN_POINT ( 'NONE',  ( 54.97642388059942675, 20.03930301585453577, 1.622087381878805079 ) ) ;
#5403 = ORIENTED_EDGE ( 'NONE', *, *, #2005, .F. ) ;
#5404 = ORIENTED_EDGE ( 'NONE', *, *, #3493, .T. ) ;
#5405 = CARTESIAN_POINT ( 'NONE',  ( -23.40485743935002816, 70.49999999999998579, -20.98572030646459652 ) ) ;
#5406 = DIRECTION ( 'NONE',  ( 0.000000000000000000, 1.000000000000000000, 0.000000000000000000 ) ) ;
#5407 = AXIS2_PLACEMENT_3D ( 'NONE', #4945, #129, #29 ) ;
#5408 = ORIENTED_EDGE ( 'NONE', *, *, #4036, .T. ) ;
#5409 = AXIS2_PLACEMENT_3D ( 'NONE', #9482, #1696, #4048 ) ;
#5410 = VECTOR ( 'NONE', #6061, 1000.000000000000000 ) ;
#5411 = DIRECTION ( 'NONE',  ( 0.000000000000000000, 1.000000000000000000, -0.000000000000000000 ) ) ;
#5412 = DIRECTION ( 'NONE',  ( 0.2646834405156394676, 0.000000000000000000, 0.9643353546960745648 ) ) ;
#5413 = EDGE_CURVE ( 'NONE', #5279, #4757, #4693, .T. ) ;
#5414 = VECTOR ( 'NONE', #1108, 1000.000000000000000 ) ;
#5415 = ORIENTED_EDGE ( 'NONE', *, *, #3060, .F. ) ;
#5416 = CIRCLE ( 'NONE', #8, 55.00000000000000000 ) ;
#5417 = DIRECTION ( 'NONE',  ( 0.9659258262890645375, 0.000000000000000000, -0.2588190451025347283 ) ) ;
#5418 = ORIENTED_EDGE ( 'NONE', *, *, #3568, .F. ) ;
#5419 = FACE_OUTER_BOUND ( 'NONE', #2594, .T. ) ;
#5420 = AXIS2_PLACEMENT_3D ( 'NONE', #9896, #7699, #9181 ) ;
#5421 = CARTESIAN_POINT ( 'NONE',  ( 0.000000000000000000, 56.00000000000000711, 0.000000000000000000 ) ) ;
#5422 = PLANE ( 'NONE',  #3125 ) ;
#5423 = ORIENTED_EDGE ( 'NONE', *, *, #1321, .T. ) ;
#5424 = AXIS2_PLACEMENT_3D ( 'NONE', #4086, #4849, #7998 ) ;
#5425 = FACE_OUTER_BOUND ( 'NONE', #3241, .T. ) ;
#5426 = AXIS2_PLACEMENT_3D ( 'NONE', #1773, #8034, #8388 ) ;
#5427 = CARTESIAN_POINT ( 'NONE',  ( -21.13113162539924517, 53.50000000000000711, -22.95463517963317202 ) ) ;
#5428 = ADVANCED_FACE ( 'NONE', ( #649 ), #6965, .F. ) ;
#5429 = DIRECTION ( 'NONE',  ( 0.000000000000000000, -0.000000000000000000, 1.000000000000000000 ) ) ;
#5430 = CARTESIAN_POINT ( 'NONE',  ( 0.000000000000000000, 0.000000000000000000, 0.000000000000000000 ) ) ;
#5431 = ORIENTED_EDGE ( 'NONE', *, *, #4808, .T. ) ;
#5432 = CARTESIAN_POINT ( 'NONE',  ( 44.99422427446904749, 7.791218856148448779, -0.8243181006609933137 ) ) ;
#5433 = ADVANCED_FACE ( 'NONE', ( #1424 ), #5359, .F. ) ;
#5434 = ORIENTED_EDGE ( 'NONE', *, *, #4194, .T. ) ;
#5435 = AXIS2_PLACEMENT_3D ( 'NONE', #2682, #1346, #1142 ) ;
#5436 = ADVANCED_FACE ( 'NONE', ( #8561 ), #1531, .F. ) ;
#5437 = DIRECTION ( 'NONE',  ( 0.7027971946764646205, 0.000000000000000000, -0.7113902607956419377 ) ) ;
#5438 = DIRECTION ( 'NONE',  ( -0.6818880686435145888, 0.7071067811865636710, 0.1871594556563858647 ) ) ;
#5439 = LINE ( 'NONE', #8580, #2204 ) ;
#5440 = CYLINDRICAL_SURFACE ( 'NONE', #7545, 1.449999999999993072 ) ;
#5441 = EDGE_CURVE ( 'NONE', #8574, #7095, #8753, .T. ) ;
#5442 = EDGE_CURVE ( 'NONE', #1938, #9605, #6447, .T. ) ;
#5443 = DIRECTION ( 'NONE',  ( 0.7071067811865496822, 0.000000000000000000, 0.7071067811865453523 ) ) ;
#5444 = VERTEX_POINT ( 'NONE', #4954 ) ;
#5445 = CARTESIAN_POINT ( 'NONE',  ( -6.633085908508034478, 70.50000000000002842, 25.37065285232707623 ) ) ;
#5446 = EDGE_CURVE ( 'NONE', #2774, #3513, #3260, .T. ) ;
#5447 = LINE ( 'NONE', #8585, #335 ) ;
#5448 = VERTEX_POINT ( 'NONE', #8098 ) ;
#5449 = LINE ( 'NONE', #8540, #192 ) ;
#5450 = VERTEX_POINT ( 'NONE', #9520 ) ;
#5451 = DIRECTION ( 'NONE',  ( 0.000000000000000000, 1.000000000000000000, 0.000000000000000000 ) ) ;
#5452 = CARTESIAN_POINT ( 'NONE',  ( -1.405698187211003036, 71.00000000000001421, -35.17860068602902857 ) ) ;
#5453 = ORIENTED_EDGE ( 'NONE', *, *, #3796, .T. ) ;
#5454 = DIRECTION ( 'NONE',  ( -0.000000000000000000, 1.000000000000000000, -0.000000000000000000 ) ) ;
#5455 = CARTESIAN_POINT ( 'NONE',  ( 2.108547280816512881, 70.50000000000000000, 35.17860068602902857 ) ) ;
#5456 = ORIENTED_EDGE ( 'NONE', *, *, #6884, .F. ) ;
#5457 = ORIENTED_EDGE ( 'NONE', *, *, #1369, .T. ) ;
#5458 = DIRECTION ( 'NONE',  ( -0.1788591911648676203, -0.7071067811865275887, 0.6841121178110191048 ) ) ;
#5459 = LINE ( 'NONE', #4683, #7883 ) ;
#5460 = ORIENTED_EDGE ( 'NONE', *, *, #5380, .F. ) ;
#5461 = CYLINDRICAL_SURFACE ( 'NONE', #9272, 29.70000000000000284 ) ;
#5462 = LINE ( 'NONE', #8450, #2634 ) ;
#5463 = EDGE_CURVE ( 'NONE', #1308, #6040, #7270, .T. ) ;
#5464 = VERTEX_POINT ( 'NONE', #4080 ) ;
#5465 = CARTESIAN_POINT ( 'NONE',  ( -42.72325264508423004, 21.27411097112066685, 12.99999999999999822 ) ) ;
#5466 = ORIENTED_EDGE ( 'NONE', *, *, #1948, .F. ) ;
#5467 = CARTESIAN_POINT ( 'NONE',  ( -66.52214940782297958, 4.000000000000000000, -4.799999999999997158 ) ) ;
#5468 = CARTESIAN_POINT ( 'NONE',  ( -31.03766782674993152, 71.00000000000001421, 15.89558655300478485 ) ) ;
#5469 = CARTESIAN_POINT ( 'NONE',  ( -21.13113162539924517, 53.50000000000000711, -22.95463517963317202 ) ) ;
#5470 = EDGE_LOOP ( 'NONE', ( #9503, #5720, #1512, #952 ) ) ;
#5471 = DIRECTION ( 'NONE',  ( 0.7027971946764645095, 0.000000000000000000, 0.7113902607956419377 ) ) ;
#5472 = DIRECTION ( 'NONE',  ( -1.047444401652940007E-14, 0.000000000000000000, -1.000000000000000000 ) ) ;
#5473 = CARTESIAN_POINT ( 'NONE',  ( 23.40485743935017027, 61.00000000000000711, 20.98572030646443309 ) ) ;
#5474 = DIRECTION ( 'NONE',  ( 0.5000000000000087708, 0.000000000000000000, -0.8660254037844337116 ) ) ;
#5475 = ADVANCED_FACE ( 'NONE', ( #239 ), #7217, .F. ) ;
#5476 = ORIENTED_EDGE ( 'NONE', *, *, #9465, .F. ) ;
#5477 = CARTESIAN_POINT ( 'NONE',  ( 44.81115619448078036, 9.289997156691773839, 4.128440980427069640 ) ) ;
#5479 = CARTESIAN_POINT ( 'NONE',  ( -4.049354069084232677, 70.83629404531721718, 29.42391493517827428 ) ) ;
#5478 = AXIS2_PLACEMENT_3D ( 'NONE', #5992, #6972, #715 ) ;
#5480 = CARTESIAN_POINT ( 'NONE',  ( 30.20684304058204006, 52.98609450367801799, -32.03034659481597402 ) ) ;
#5481 = LINE ( 'NONE', #6934, #4357 ) ;
#5482 = AXIS2_PLACEMENT_3D ( 'NONE', #6409, #2512, #4858 ) ;
#5483 = DIRECTION ( 'NONE',  ( 0.7027971946764645095, 0.000000000000000000, 0.7113902607956419377 ) ) ;
#5484 = EDGE_CURVE ( 'NONE', #7269, #7112, #3312, .T. ) ;
#5485 = EDGE_LOOP ( 'NONE', ( #9844, #1977, #5277, #9631 ) ) ;
#5486 = FACE_OUTER_BOUND ( 'NONE', #1312, .T. ) ;
#5487 = DIRECTION ( 'NONE',  ( 0.000000000000000000, 0.000000000000000000, 1.000000000000000000 ) ) ;
#5488 = ORIENTED_EDGE ( 'NONE', *, *, #6689, .F. ) ;
#5489 = DIRECTION ( 'NONE',  ( -0.7027971946764646205, 0.000000000000000000, 0.7113902607956419377 ) ) ;
#5490 = EDGE_CURVE ( 'NONE', #6673, #6863, #8806, .T. ) ;
#5491 = DIRECTION ( 'NONE',  ( -0.000000000000000000, 1.000000000000000000, -0.000000000000000000 ) ) ;
#5492 = ORIENTED_EDGE ( 'NONE', *, *, #4311, .F. ) ;
#5493 = CIRCLE ( 'NONE', #1087, 1.449999999999999067 ) ;
#5494 = DIRECTION ( 'NONE',  ( 0.000000000000000000, 0.000000000000000000, -1.000000000000000000 ) ) ;
#5495 = VERTEX_POINT ( 'NONE', #7320 ) ;
#5496 = DIRECTION ( 'NONE',  ( -0.7071067811865489050, 0.000000000000000000, -0.7071067811865462405 ) ) ;
#5497 = LINE ( 'NONE', #9199, #1819 ) ;
#5498 = EDGE_CURVE ( 'NONE', #8743, #8448, #2624, .T. ) ;
#5499 = EDGE_CURVE ( 'NONE', #9642, #2431, #6596, .T. ) ;
#5500 = VERTEX_POINT ( 'NONE', #8145 ) ;
#5501 = CARTESIAN_POINT ( 'NONE',  ( 6.249999999999299227, -1.000000000000000000, -66.52214940782305064 ) ) ;
#5502 = CARTESIAN_POINT ( 'NONE',  ( 54.84571374601048888, 18.71161529367768139, -4.127146059064394024 ) ) ;
#5503 = EDGE_LOOP ( 'NONE', ( #1000, #4340, #6523, #7283 ) ) ;
#5504 = VERTEX_POINT ( 'NONE', #2498 ) ;
#5505 = LINE ( 'NONE', #7005, #8062 ) ;
#5506 = CARTESIAN_POINT ( 'NONE',  ( 1.652301389379721153, 61.00000000000000711, -0.4427328229371134127 ) ) ;
#5507 = VECTOR ( 'NONE', #3206, 1000.000000000000227 ) ;
#5508 = AXIS2_PLACEMENT_3D ( 'NONE', #9858, #2836, #4269 ) ;
#5509 = ORIENTED_EDGE ( 'NONE', *, *, #7639, .F. ) ;
#5510 = VECTOR ( 'NONE', #1204, 999.9999999999998863 ) ;
#5511 = CARTESIAN_POINT ( 'NONE',  ( -73.04429881564593074, 44.31128874149274566, 17.49999999999999289 ) ) ;
#5512 = LINE ( 'NONE', #2236, #821 ) ;
#5513 = ORIENTED_EDGE ( 'NONE', *, *, #7110, .T. ) ;
#5514 = CARTESIAN_POINT ( 'NONE',  ( -41.29208312276065840, 22.37726741429985466, 13.00000000000000000 ) ) ;
#5515 = ORIENTED_EDGE ( 'NONE', *, *, #8642, .T. ) ;
#5516 = AXIS2_PLACEMENT_3D ( 'NONE', #4466, #6113, #574 ) ;
#5517 = LINE ( 'NONE', #196, #7058 ) ;
#5518 = CARTESIAN_POINT ( 'NONE',  ( 16.52091614407034115, 61.00000000000000711, -16.32135574438676429 ) ) ;
#5519 = CARTESIAN_POINT ( 'NONE',  ( 13.74999999999999822, 23.30000000000000071, 6.299999999999999822 ) ) ;
#5520 = VERTEX_POINT ( 'NONE', #5778 ) ;
#5521 = DIRECTION ( 'NONE',  ( -1.000000000000000000, 0.000000000000000000, -3.965082230804129727E-16 ) ) ;
#5522 = VERTEX_POINT ( 'NONE', #1836 ) ;
#5523 = CARTESIAN_POINT ( 'NONE',  ( 12.49999999999942979, 4.000000000000000000, -53.56071321407150521 ) ) ;
#5524 = CARTESIAN_POINT ( 'NONE',  ( -41.36667426851339968, 53.50000000000000711, 9.749269714327834180 ) ) ;
#5525 = ORIENTED_EDGE ( 'NONE', *, *, #9245, .F. ) ;
#5526 = CARTESIAN_POINT ( 'NONE',  ( 17.50000000000026645, 44.31128874149284513, 78.04429881564591653 ) ) ;
#5527 = DIRECTION ( 'NONE',  ( -0.1788591911648677590, -0.7071067811865453523, -0.6841121178110006751 ) ) ;
#5528 = CARTESIAN_POINT ( 'NONE',  ( 0.000000000000000000, 61.00000000000000711, 0.000000000000000000 ) ) ;
#5529 = CARTESIAN_POINT ( 'NONE',  ( 0.000000000000000000, 4.000000000000000000, 0.000000000000000000 ) ) ;
#5530 = EDGE_CURVE ( 'NONE', #2080, #1276, #5617, .T. ) ;
#5531 = EDGE_CURVE ( 'NONE', #9251, #1078, #291, .T. ) ;
#5532 = DIRECTION ( 'NONE',  ( -0.000000000000000000, -1.000000000000000000, -0.000000000000000000 ) ) ;
#5533 = ORIENTED_EDGE ( 'NONE', *, *, #3006, .F. ) ;
#5534 = CARTESIAN_POINT ( 'NONE',  ( -31.16841095729533961, 71.00000000000001421, -16.37193000283599886 ) ) ;
#5535 = FACE_OUTER_BOUND ( 'NONE', #8867, .T. ) ;
#5536 = ORIENTED_EDGE ( 'NONE', *, *, #9951, .F. ) ;
#5537 = DIRECTION ( 'NONE',  ( -0.9643353546960745648, 0.000000000000000000, 0.2646834405156395786 ) ) ;
#5538 = LINE ( 'NONE', #64, #1316 ) ;
#5539 = ORIENTED_EDGE ( 'NONE', *, *, #8093, .F. ) ;
#5540 = DIRECTION ( 'NONE',  ( 0.7113902607956419377, 0.000000000000000000, 0.7027971946764647315 ) ) ;
#5541 = DIRECTION ( 'NONE',  ( 0.2646834405156395786, 0.000000000000000000, 0.9643353546960745648 ) ) ;
#5542 = VERTEX_POINT ( 'NONE', #3413 ) ;
#5543 = CARTESIAN_POINT ( 'NONE',  ( 17.49999999999999289, 4.000000000000000000, -6.110092342975480216E-14 ) ) ;
#5544 = CARTESIAN_POINT ( 'NONE',  ( -3.509433644628745519, 70.50000000000002842, -29.49192898902932214 ) ) ;
#5545 = ORIENTED_EDGE ( 'NONE', *, *, #3128, .F. ) ;
#5546 = EDGE_CURVE ( 'NONE', #9025, #5611, #6544, .T. ) ;
#5547 = CARTESIAN_POINT ( 'NONE',  ( -12.49999999999999112, 4.000000000000000000, 4.364351673553912908E-14 ) ) ;
#5548 = AXIS2_PLACEMENT_3D ( 'NONE', #2765, #3624, #9068 ) ;
#5549 = ORIENTED_EDGE ( 'NONE', *, *, #5132, .T. ) ;
#5550 = DIRECTION ( 'NONE',  ( 0.000000000000000000, -1.000000000000000000, 0.000000000000000000 ) ) ;
#5551 = DIRECTION ( 'NONE',  ( -0.000000000000000000, 1.000000000000000000, -0.000000000000000000 ) ) ;
#5552 = CIRCLE ( 'NONE', #7206, 47.00000000000002132 ) ;
#5553 = ORIENTED_EDGE ( 'NONE', *, *, #913, .F. ) ;
#5554 = VECTOR ( 'NONE', #1270, 1000.000000000000000 ) ;
#5555 = CARTESIAN_POINT ( 'NONE',  ( 73.04429881564595917, 4.000000000000003553, 12.49999999999999112 ) ) ;
#5556 = CARTESIAN_POINT ( 'NONE',  ( 0.000000000000000000, 61.00000000000000711, 0.000000000000000000 ) ) ;
#5557 = VECTOR ( 'NONE', #5189, 1000.000000000000000 ) ;
#5558 = ORIENTED_EDGE ( 'NONE', *, *, #5261, .T. ) ;
#5559 = DIRECTION ( 'NONE',  ( -0.7027971946764646205, 0.000000000000000000, 0.7113902607956418267 ) ) ;
#5560 = CIRCLE ( 'NONE', #1157, 24.12500000000000000 ) ;
#5561 = ORIENTED_EDGE ( 'NONE', *, *, #8742, .F. ) ;
#5562 = VERTEX_POINT ( 'NONE', #6497 ) ;
#5563 = CARTESIAN_POINT ( 'NONE',  ( 9.719403950192180730, 61.00000000000000711, 42.88251491892219747 ) ) ;
#5564 = CIRCLE ( 'NONE', #5409, 45.00000000000000711 ) ;
#5565 = ADVANCED_FACE ( 'NONE', ( #1115 ), #8912, .T. ) ;
#5566 = ADVANCED_FACE ( 'NONE', ( #2601 ), #5718, .F. ) ;
#5567 = VECTOR ( 'NONE', #7710, 1000.000000000000000 ) ;
#5568 = LINE ( 'NONE', #4143, #4405 ) ;
#5569 = CARTESIAN_POINT ( 'NONE',  ( 43.28561297404282726, 52.52766249937604925, -10.26344779079925651 ) ) ;
#5570 = EDGE_CURVE ( 'NONE', #7115, #4657, #6664, .T. ) ;
#5571 = ADVANCED_FACE ( 'NONE', ( #5823 ), #8957, .F. ) ;
#5572 = EDGE_LOOP ( 'NONE', ( #1735, #8182, #6223, #3864 ) ) ;
#5573 = AXIS2_PLACEMENT_3D ( 'NONE', #9977, #10131, #4541 ) ;
#5574 = PLANE ( 'NONE',  #6150 ) ;
#5575 = AXIS2_PLACEMENT_3D ( 'NONE', #3148, #1516, #9296 ) ;
#5576 = EDGE_LOOP ( 'NONE', ( #1331, #7359, #5050, #3192 ) ) ;
#5577 = CARTESIAN_POINT ( 'NONE',  ( 0.000000000000000000, 66.00000000000000000, -55.00000000000000000 ) ) ;
#5578 = VECTOR ( 'NONE', #3026, 1000.000000000000114 ) ;
#5579 = DIRECTION ( 'NONE',  ( 0.000000000000000000, 1.000000000000000000, -0.000000000000000000 ) ) ;
#5580 = CARTESIAN_POINT ( 'NONE',  ( -58.04429881564596627, 4.000000000000000000, 17.49999999999999289 ) ) ;
#5581 = ORIENTED_EDGE ( 'NONE', *, *, #6056, .T. ) ;
#5582 = CARTESIAN_POINT ( 'NONE',  ( -41.99704927304782842, 70.50000000000000000, 13.02400672895204714 ) ) ;
#5583 = AXIS2_PLACEMENT_3D ( 'NONE', #3885, #9223, #2297 ) ;
#5584 = CARTESIAN_POINT ( 'NONE',  ( 0.000000000000000000, 61.00000000000000711, 0.000000000000000000 ) ) ;
#5585 = VECTOR ( 'NONE', #2754, 1000.000000000000000 ) ;
#5586 = CARTESIAN_POINT ( 'NONE',  ( 30.80466974440934536, 51.80555184251709022, -32.62817329864326865 ) ) ;
#5587 = DIRECTION ( 'NONE',  ( -0.000000000000000000, 1.000000000000000000, -0.000000000000000000 ) ) ;
#5588 = EDGE_CURVE ( 'NONE', #8691, #740, #1978, .T. ) ;
#5589 = CARTESIAN_POINT ( 'NONE',  ( 11.25000000000000000, 0.000000000000000000, 13.00000000000000000 ) ) ;
#5590 = ORIENTED_EDGE ( 'NONE', *, *, #333, .F. ) ;
#5591 = LINE ( 'NONE', #1649, #7714 ) ;
#5592 = LINE ( 'NONE', #9393, #3716 ) ;
#5593 = VECTOR ( 'NONE', #1357, 1000.000000000000000 ) ;
#5594 = ORIENTED_EDGE ( 'NONE', *, *, #5946, .F. ) ;
#5595 = DIRECTION ( 'NONE',  ( 0.000000000000000000, 1.000000000000000000, -0.000000000000000000 ) ) ;
#5596 = LINE ( 'NONE', #221, #8204 ) ;
#5597 = ORIENTED_EDGE ( 'NONE', *, *, #3179, .F. ) ;
#5598 = ADVANCED_FACE ( 'NONE', ( #5867 ), #6745, .F. ) ;
#5599 = CARTESIAN_POINT ( 'NONE',  ( 22.39516677087726038, 61.00000000000000711, 6.146855202363726178 ) ) ;
#5600 = PLANE ( 'NONE',  #4685 ) ;
#5601 = VECTOR ( 'NONE', #4758, 1000.000000000000000 ) ;
#5602 = VERTEX_POINT ( 'NONE', #5048 ) ;
#5603 = LINE ( 'NONE', #1001, #4688 ) ;
#5604 = DIRECTION ( 'NONE',  ( 0.000000000000000000, 1.000000000000000000, 0.000000000000000000 ) ) ;
#5605 = ORIENTED_EDGE ( 'NONE', *, *, #4471, .T. ) ;
#5606 = LINE ( 'NONE', #73, #257 ) ;
#5607 = VERTEX_POINT ( 'NONE', #2847 ) ;
#5608 = CARTESIAN_POINT ( 'NONE',  ( -23.40485743934988250, 70.50000000000002842, 20.98572030646477060 ) ) ;
#5609 = FACE_OUTER_BOUND ( 'NONE', #7964, .T. ) ;
#5610 = ADVANCED_FACE ( 'NONE', ( #1311 ), #7516, .F. ) ;
#5611 = VERTEX_POINT ( 'NONE', #8398 ) ;
#5612 = DIRECTION ( 'NONE',  ( -0.000000000000000000, 1.000000000000000000, 0.000000000000000000 ) ) ;
#5613 = CARTESIAN_POINT ( 'NONE',  ( -44.36895025132787396, 70.50000000000000000, 15.50471714012208579 ) ) ;
#5614 = EDGE_CURVE ( 'NONE', #8399, #2431, #5228, .T. ) ;
#5615 = ORIENTED_EDGE ( 'NONE', *, *, #9232, .T. ) ;
#5616 = EDGE_CURVE ( 'NONE', #5495, #6752, #1365, .T. ) ;
#5617 = LINE ( 'NONE', #1064, #7704 ) ;
#5618 = ORIENTED_EDGE ( 'NONE', *, *, #7842, .F. ) ;
#5619 = VECTOR ( 'NONE', #7800, 1000.000000000000227 ) ;
#5620 = ORIENTED_EDGE ( 'NONE', *, *, #2596, .T. ) ;
#5621 = ADVANCED_FACE ( 'NONE', ( #5101 ), #484, .F. ) ;
#5622 = DIRECTION ( 'NONE',  ( 0.000000000000000000, 0.000000000000000000, -1.000000000000000000 ) ) ;
#5623 = CARTESIAN_POINT ( 'NONE',  ( -27.29547653342050850, 61.00000000000000711, -11.70670580537029437 ) ) ;
#5624 = PLANE ( 'NONE',  #5424 ) ;
#5625 = ADVANCED_FACE ( 'NONE', ( #6691 ), #4477, .F. ) ;
#5626 = ORIENTED_EDGE ( 'NONE', *, *, #3645, .T. ) ;
#5627 = ORIENTED_EDGE ( 'NONE', *, *, #5894, .T. ) ;
#5628 = LINE ( 'NONE', #1028, #1079 ) ;
#5629 = EDGE_CURVE ( 'NONE', #7548, #8574, #3511, .T. ) ;
#5630 = ORIENTED_EDGE ( 'NONE', *, *, #2982, .T. ) ;
#5631 = EDGE_CURVE ( 'NONE', #6040, #5676, #9056, .T. ) ;
#5632 = CARTESIAN_POINT ( 'NONE',  ( 31.03766782674985691, 71.00000000000001421, -15.89558655300498557 ) ) ;
#5633 = DIRECTION ( 'NONE',  ( 0.8660254037844362651, 0.000000000000000000, -0.5000000000000039968 ) ) ;
#5634 = CARTESIAN_POINT ( 'NONE',  ( -8.756996203826419745, 70.50000000000000000, -46.17699662695888208 ) ) ;
#5635 = VERTEX_POINT ( 'NONE', #5920 ) ;
#5636 = DIRECTION ( 'NONE',  ( 0.000000000000000000, -1.000000000000000000, 0.000000000000000000 ) ) ;
#5637 = DIRECTION ( 'NONE',  ( 0.000000000000000000, 1.000000000000000000, -0.000000000000000000 ) ) ;
#5638 = CARTESIAN_POINT ( 'NONE',  ( 30.88353189804274379, 51.32744935920172225, -32.70703545227665643 ) ) ;
#5639 = DIRECTION ( 'NONE',  ( 0.000000000000000000, 1.000000000000000000, 0.000000000000000000 ) ) ;
#5640 = CIRCLE ( 'NONE', #3354, 2.500000000000002220 ) ;
#5641 = CARTESIAN_POINT ( 'NONE',  ( 44.36895025132808001, 70.49999999999992895, 15.50471714012145874 ) ) ;
#5642 = ORIENTED_EDGE ( 'NONE', *, *, #8465, .T. ) ;
#5643 = DIRECTION ( 'NONE',  ( -0.8660254037844328234, 0.000000000000000000, 0.5000000000000101030 ) ) ;
#5644 = LINE ( 'NONE', #8630, #1592 ) ;
#5645 = ORIENTED_EDGE ( 'NONE', *, *, #4498, .T. ) ;
#5646 = DIRECTION ( 'NONE',  ( 0.000000000000000000, 1.000000000000000000, 0.000000000000000000 ) ) ;
#5647 = DIRECTION ( 'NONE',  ( 0.8660254037844415942, 0.000000000000000000, -0.4999999999999950040 ) ) ;
#5648 = ORIENTED_EDGE ( 'NONE', *, *, #16, .T. ) ;
#5649 = VECTOR ( 'NONE', #5985, 1000.000000000000114 ) ;
#5650 = CARTESIAN_POINT ( 'NONE',  ( 0.000000000000000000, 71.00000000000001421, 0.000000000000000000 ) ) ;
#5651 = DIRECTION ( 'NONE',  ( 0.000000000000000000, 1.000000000000000000, 0.000000000000000000 ) ) ;
#5652 = VECTOR ( 'NONE', #3681, 999.9999999999998863 ) ;
#5653 = VERTEX_POINT ( 'NONE', #6791 ) ;
#5654 = DIRECTION ( 'NONE',  ( -0.000000000000000000, 1.000000000000000000, -0.000000000000000000 ) ) ;
#5655 = DIRECTION ( 'NONE',  ( 0.000000000000000000, -1.000000000000000000, 0.000000000000000000 ) ) ;
#5656 = ORIENTED_EDGE ( 'NONE', *, *, #7190, .T. ) ;
#5657 = CIRCLE ( 'NONE', #3859, 31.20000000000000995 ) ;
#5658 = LINE ( 'NONE', #1771, #8611 ) ;
#5659 = ORIENTED_EDGE ( 'NONE', *, *, #10016, .F. ) ;
#5660 = LINE ( 'NONE', #181, #32 ) ;
#5661 = PLANE ( 'NONE',  #4101 ) ;
#5662 = PLANE ( 'NONE',  #6332 ) ;
#5663 = CARTESIAN_POINT ( 'NONE',  ( -30.89498821139689966, 71.00000000000001421, -32.71849176563075901 ) ) ;
#5664 = ADVANCED_FACE ( 'NONE', ( #2079 ), #8343, .T. ) ;
#5665 = VECTOR ( 'NONE', #33, 1000.000000000000000 ) ;
#5666 = EDGE_LOOP ( 'NONE', ( #3512, #6650, #4299, #4672 ) ) ;
#5667 = EDGE_CURVE ( 'NONE', #9025, #9868, #3658, .T. ) ;
#5668 = DIRECTION ( 'NONE',  ( -0.000000000000000000, 1.000000000000000000, -0.000000000000000000 ) ) ;
#5669 = ORIENTED_EDGE ( 'NONE', *, *, #8595, .F. ) ;
#5670 = VECTOR ( 'NONE', #3803, 1000.000000000000000 ) ;
#5671 = ORIENTED_EDGE ( 'NONE', *, *, #3720, .T. ) ;
#5672 = DIRECTION ( 'NONE',  ( 0.6818880686435089267, -0.7071067811865723307, 0.1871594556563741241 ) ) ;
#5673 = CARTESIAN_POINT ( 'NONE',  ( 0.000000000000000000, 53.50000000000000711, 0.000000000000000000 ) ) ;
#5674 = CARTESIAN_POINT ( 'NONE',  ( 0.000000000000000000, 71.00000000000001421, 0.000000000000000000 ) ) ;
#5675 = VERTEX_POINT ( 'NONE', #6845 ) ;
#5676 = VERTEX_POINT ( 'NONE', #2381 ) ;
#5677 = CARTESIAN_POINT ( 'NONE',  ( -29.12645237521083175, 53.50000000000000711, 30.94995592944477281 ) ) ;
#5678 = EDGE_LOOP ( 'NONE', ( #1085, #2290, #2990, #2549 ) ) ;
#5679 = EDGE_CURVE ( 'NONE', #7530, #3956, #3763, .T. ) ;
#5680 = CARTESIAN_POINT ( 'NONE',  ( 0.9117517771170398078, 71.00000000000001421, -0.9117517771170464691 ) ) ;
#5681 = VERTEX_POINT ( 'NONE', #6126 ) ;
#5682 = LINE ( 'NONE', #4967, #6147 ) ;
#5683 = DIRECTION ( 'NONE',  ( -0.000000000000000000, 1.000000000000000000, 0.000000000000000000 ) ) ;
#5684 = VECTOR ( 'NONE', #7406, 1000.000000000000227 ) ;
#5685 = VERTEX_POINT ( 'NONE', #5455 ) ;
#5686 = DIRECTION ( 'NONE',  ( 0.000000000000000000, 1.000000000000000000, 0.000000000000000000 ) ) ;
#5687 = ADVANCED_FACE ( 'NONE', ( #1412 ), #4634, .F. ) ;
#5689 = EDGE_CURVE ( 'NONE', #3641, #6463, #8597, .T. ) ;
#5688 = VERTEX_POINT ( 'NONE', #2227 ) ;
#5690 = DIRECTION ( 'NONE',  ( 0.000000000000000000, 0.000000000000000000, -1.000000000000000000 ) ) ;
#5691 = DIRECTION ( 'NONE',  ( 0.000000000000000000, 0.000000000000000000, 1.000000000000000000 ) ) ;
#5692 = CARTESIAN_POINT ( 'NONE',  ( 47.63139720814428557, 65.99999999999998579, -27.49999999999970512 ) ) ;
#5693 = CARTESIAN_POINT ( 'NONE',  ( 17.03759824111932630, 81.97053539100433284, -6.336141981422584557 ) ) ;
#5694 = ORIENTED_EDGE ( 'NONE', *, *, #753, .F. ) ;
#5695 = CARTESIAN_POINT ( 'NONE',  ( -24.49999999999959499, 26.00000000000001066, -42.43524478543770329 ) ) ;
#5696 = LINE ( 'NONE', #270, #2745 ) ;
#5697 = EDGE_LOOP ( 'NONE', ( #4506, #2136, #6334 ) ) ;
#5698 = CARTESIAN_POINT ( 'NONE',  ( -25.02746746138370071, 74.83227724332923003, -8.477020986622449072 ) ) ;
#5699 = DIRECTION ( 'NONE',  ( 0.000000000000000000, 0.000000000000000000, 1.000000000000000000 ) ) ;
#5700 = EDGE_LOOP ( 'NONE', ( #9495, #4754, #3483, #9819 ) ) ;
#5701 = EDGE_CURVE ( 'NONE', #8983, #6034, #1566, .T. ) ;
#5702 = EDGE_CURVE ( 'NONE', #6747, #8443, #6390, .T. ) ;
#5703 = EDGE_CURVE ( 'NONE', #9380, #1130, #638, .T. ) ;
#5704 = EDGE_CURVE ( 'NONE', #5464, #1718, #9474, .T. ) ;
#5705 = LINE ( 'NONE', #1707, #10144 ) ;
#5706 = DIRECTION ( 'NONE',  ( 0.000000000000000000, 0.000000000000000000, 1.000000000000000000 ) ) ;
#5707 = FACE_OUTER_BOUND ( 'NONE', #748, .T. ) ;
#5708 = CARTESIAN_POINT ( 'NONE',  ( 54.64373248598598565, 14.00000000000000000, -6.250000000000000000 ) ) ;
#5709 = EDGE_LOOP ( 'NONE', ( #4155, #5840 ) ) ;
#5710 = CARTESIAN_POINT ( 'NONE',  ( 17.49999999999944578, 4.000000000000000000, -52.14163403653571294 ) ) ;
#5711 = VERTEX_POINT ( 'NONE', #1662 ) ;
#5712 = DIRECTION ( 'NONE',  ( -0.000000000000000000, -1.000000000000000000, -0.000000000000000000 ) ) ;
#5713 = CARTESIAN_POINT ( 'NONE',  ( 0.000000000000000000, 0.000000000000000000, -44.99999999999998579 ) ) ;
#5714 = CARTESIAN_POINT ( 'NONE',  ( -42.80526675751499965, 21.13081076877671194, -12.99999999999999822 ) ) ;
#5715 = DIRECTION ( 'NONE',  ( 0.8660254037844363761, 0.000000000000000000, -0.5000000000000039968 ) ) ;
#5716 = AXIS2_PLACEMENT_3D ( 'NONE', #9467, #2291, #2239 ) ;
#5717 = VERTEX_POINT ( 'NONE', #2535 ) ;
#5718 = PLANE ( 'NONE',  #9168 ) ;
#5719 = ORIENTED_EDGE ( 'NONE', *, *, #3746, .T. ) ;
#5720 = ORIENTED_EDGE ( 'NONE', *, *, #6307, .T. ) ;
#5721 =( NAMED_UNIT ( * ) SI_UNIT ( $, .STERADIAN. ) SOLID_ANGLE_UNIT ( ) );
#5722 = PLANE ( 'NONE',  #3115 ) ;
#5723 = VECTOR ( 'NONE', #3937, 1000.000000000000114 ) ;
#5724 = LINE ( 'NONE', #4188, #3922 ) ;
#5725 = LINE ( 'NONE', #9825, #3789 ) ;
#5726 = ORIENTED_EDGE ( 'NONE', *, *, #6663, .T. ) ;
#5727 = EDGE_CURVE ( 'NONE', #7309, #499, #3926, .T. ) ;
#5728 = VECTOR ( 'NONE', #6733, 1000.000000000000114 ) ;
#5729 = ORIENTED_EDGE ( 'NONE', *, *, #2429, .F. ) ;
#5730 = VECTOR ( 'NONE', #4013, 1000.000000000000000 ) ;
#5731 = VECTOR ( 'NONE', #6270, 1000.000000000000000 ) ;
#5732 = ORIENTED_EDGE ( 'NONE', *, *, #3176, .F. ) ;
#5733 = VECTOR ( 'NONE', #2855, 1000.000000000000000 ) ;
#5734 = DIRECTION ( 'NONE',  ( 0.3535533905932730647, 0.7071067811865484609, -0.6123724356957938042 ) ) ;
#5735 = ORIENTED_EDGE ( 'NONE', *, *, #1563, .F. ) ;
#5736 = VECTOR ( 'NONE', #4712, 999.9999999999998863 ) ;
#5737 = LINE ( 'NONE', #7385, #4639 ) ;
#5738 = CARTESIAN_POINT ( 'NONE',  ( 37.01309697042773905, 62.68429458569860202, 6.248636873803212310 ) ) ;
#5739 = ORIENTED_EDGE ( 'NONE', *, *, #7212, .T. ) ;
#5740 = CARTESIAN_POINT ( 'NONE',  ( 29.24319822148064318, 53.49999999999998579, 31.06670177571454161 ) ) ;
#5741 = AXIS2_PLACEMENT_3D ( 'NONE', #8402, #3826, #6907 ) ;
#5742 = ORIENTED_EDGE ( 'NONE', *, *, #9076, .F. ) ;
#5743 = VECTOR ( 'NONE', #2893, 1000.000000000000000 ) ;
#5744 = CARTESIAN_POINT ( 'NONE',  ( 0.9117517771170408070, 53.50000000000000711, 0.9117517771170452479 ) ) ;
#5745 = DIRECTION ( 'NONE',  ( 0.000000000000000000, 1.000000000000000000, 0.000000000000000000 ) ) ;
#5746 = B_SPLINE_CURVE_WITH_KNOTS ( 'NONE', 3,
 ( #2202, #9227, #5273, #5321, #5994, #4218, #4501, #9987, #8467, #6100, #9938, #2917, #9128, #1341, #514, #9711 ),
 .UNSPECIFIED., .F., .F.,
 ( 4, 2, 2, 2, 2, 2, 2, 4 ),
 ( 7.152448122690996019E-18, 0.0004882819947050140181, 0.0009765639894100208804, 0.001464845984115027743, 0.001953127978820034388, 0.002441409973525040817, 0.002929691968230048113, 0.003906255957640080920 ),
 .UNSPECIFIED. ) ;
#5747 = EDGE_CURVE ( 'NONE', #5675, #1795, #167, .T. ) ;
#5748 = AXIS2_PLACEMENT_3D ( 'NONE', #3459, #9719, #5816 ) ;
#5749 = DIRECTION ( 'NONE',  ( 1.000000000000000000, 0.000000000000000000, 0.000000000000000000 ) ) ;
#5750 = EDGE_CURVE ( 'NONE', #9073, #4570, #8359, .T. ) ;
#5751 = ORIENTED_EDGE ( 'NONE', *, *, #1763, .F. ) ;
#5752 = VECTOR ( 'NONE', #7118, 1000.000000000000000 ) ;
#5753 = CARTESIAN_POINT ( 'NONE',  ( -9.719403950192180730, 61.00000000000000711, -42.88251491892219747 ) ) ;
#5754 = ORIENTED_EDGE ( 'NONE', *, *, #1040, .T. ) ;
#5755 = CARTESIAN_POINT ( 'NONE',  ( 23.40485743934972973, 70.50000000000002842, -20.98572030646493047 ) ) ;
#5756 = EDGE_CURVE ( 'NONE', #8555, #6517, #7927, .T. ) ;
#5757 = DIRECTION ( 'NONE',  ( -0.7027971946764646205, 0.000000000000000000, 0.7113902607956418267 ) ) ;
#5758 = EDGE_LOOP ( 'NONE', ( #7665, #1224, #4264, #9058 ) ) ;
#5759 = VECTOR ( 'NONE', #5924, 1000.000000000000114 ) ;
#5760 = CARTESIAN_POINT ( 'NONE',  ( -6.249999999999763745, -1.000000000000000000, 66.52214940782300800 ) ) ;
#5761 = DIRECTION ( 'NONE',  ( 0.7027971946764646205, 0.000000000000000000, -0.7113902607956418267 ) ) ;
#5762 = CIRCLE ( 'NONE', #3621, 54.99999999999999289 ) ;
#5763 = EDGE_CURVE ( 'NONE', #1151, #7478, #4126, .T. ) ;
#5764 = VECTOR ( 'NONE', #8483, 1000.000000000000000 ) ;
#5765 = CARTESIAN_POINT ( 'NONE',  ( 11.25000000000000000, 4.000000000000000000, -12.99999999999999289 ) ) ;
#5766 = CARTESIAN_POINT ( 'NONE',  ( 0.000000000000000000, 71.00000000000001421, 0.000000000000000000 ) ) ;
#5767 = EDGE_CURVE ( 'NONE', #1130, #6104, #654, .T. ) ;
#5768 = CARTESIAN_POINT ( 'NONE',  ( -6.249999999999763745, 4.000000000000000000, 67.97214940782301085 ) ) ;
#5769 = EDGE_LOOP ( 'NONE', ( #3944, #6528 ) ) ;
#5770 = FACE_OUTER_BOUND ( 'NONE', #3251, .T. ) ;
#5771 = VERTEX_POINT ( 'NONE', #3198 ) ;
#5772 = DIRECTION ( 'NONE',  ( 0.2646834405156328618, 0.000000000000000000, 0.9643353546960764522 ) ) ;
#5773 = CARTESIAN_POINT ( 'NONE',  ( -23.78604288879177631, 70.49999999999998579, -17.78522318365891053 ) ) ;
#5774 = AXIS2_PLACEMENT_3D ( 'NONE', #7349, #6577, #8935 ) ;
#5775 = CARTESIAN_POINT ( 'NONE',  ( -6.249999999999763745, 0.000000000000000000, 66.52214940782300800 ) ) ;
#5776 = PLANE ( 'NONE',  #2470 ) ;
#5777 = ORIENTED_EDGE ( 'NONE', *, *, #5484, .T. ) ;
#5778 = CARTESIAN_POINT ( 'NONE',  ( -3.509433644628745519, 61.00000000000000711, -29.49192898902932214 ) ) ;
#5779 = EDGE_LOOP ( 'NONE', ( #1940, #8662, #4113, #1468 ) ) ;
#5780 = VERTEX_POINT ( 'NONE', #8794 ) ;
#5781 = DIRECTION ( 'NONE',  ( 0.7071067811865455743, -0.000000000000000000, 0.7071067811865493491 ) ) ;
#5782 = LINE ( 'NONE', #8916, #3940 ) ;
#5783 = DIRECTION ( 'NONE',  ( -0.000000000000000000, 1.000000000000000000, -0.000000000000000000 ) ) ;
#5784 = FACE_OUTER_BOUND ( 'NONE', #704, .T. ) ;
#5785 = ORIENTED_EDGE ( 'NONE', *, *, #2036, .F. ) ;
#5786 = EDGE_CURVE ( 'NONE', #5780, #4929, #9658, .T. ) ;
#5787 = DIRECTION ( 'NONE',  ( 0.7071067811865561215, 0.000000000000000000, 0.7071067811865390240 ) ) ;
#5788 = TOROIDAL_SURFACE ( 'NONE', #6110, 42.49999999999998579, 2.500000000000000000 ) ;
#5789 = EDGE_LOOP ( 'NONE', ( #4021, #2711, #6296, #7171, #3477 ) ) ;
#5790 = CARTESIAN_POINT ( 'NONE',  ( 54.74353883542956822, 10.69144365821646581, 5.306425198477512595 ) ) ;
#5791 = ORIENTED_EDGE ( 'NONE', *, *, #5763, .F. ) ;
#5792 = CARTESIAN_POINT ( 'NONE',  ( -78.04429881564595917, 4.000000000000003553, 12.49999999999996092 ) ) ;
#5793 = CARTESIAN_POINT ( 'NONE',  ( -6.633085908508034478, 61.00000000000000711, 25.37065285232707623 ) ) ;
#5794 = ORIENTED_EDGE ( 'NONE', *, *, #6624, .T. ) ;
#5795 = CARTESIAN_POINT ( 'NONE',  ( 0.000000000000000000, 0.000000000000000000, 0.000000000000000000 ) ) ;
#5796 = EDGE_LOOP ( 'NONE', ( #3901, #5290, #1663, #7066, #5642 ) ) ;
#5797 = FACE_OUTER_BOUND ( 'NONE', #4145, .T. ) ;
#5798 = EDGE_CURVE ( 'NONE', #1265, #8936, #2125, .T. ) ;
#5799 = ORIENTED_EDGE ( 'NONE', *, *, #4304, .T. ) ;
#5800 = FACE_OUTER_BOUND ( 'NONE', #3907, .T. ) ;
#5801 = ORIENTED_EDGE ( 'NONE', *, *, #5945, .F. ) ;
#5802 = CARTESIAN_POINT ( 'NONE',  ( 17.49999999999924682, 44.31128874149307961, -73.04429881564611549 ) ) ;
#5803 = ORIENTED_EDGE ( 'NONE', *, *, #8280, .T. ) ;
#5804 = AXIS2_PLACEMENT_3D ( 'NONE', #9860, #2984, #1400 ) ;
#5805 = FACE_OUTER_BOUND ( 'NONE', #5572, .T. ) ;
#5806 = DIRECTION ( 'NONE',  ( -0.4999999999999996669, 0.000000000000000000, 0.8660254037844388186 ) ) ;
#5807 =( BOUNDED_CURVE ( )  B_SPLINE_CURVE ( 3, ( #5229, #5379, #3802, #9998 ),
 .UNSPECIFIED., .F., .F. ) 
 B_SPLINE_CURVE_WITH_KNOTS ( ( 4, 4 ),
 ( 2.149939280505396066, 2.162703967960458940 ),
 .UNSPECIFIED. ) 
 CURVE ( )  GEOMETRIC_REPRESENTATION_ITEM ( )  RATIONAL_B_SPLINE_CURVE ( ( 1.000000000000000000, 0.9999864219422722744, 0.9999864219422722744, 1.000000000000000000 ) ) 
 REPRESENTATION_ITEM ( '' )  );
#5808 = EDGE_CURVE ( 'NONE', #5360, #4692, #6376, .T. ) ;
#5809 = LINE ( 'NONE', #7409, #3219 ) ;
#5810 = EDGE_CURVE ( 'NONE', #3799, #5147, #1769, .T. ) ;
#5811 = FACE_BOUND ( 'NONE', #723, .T. ) ;
#5812 = EDGE_LOOP ( 'NONE', ( #1572, #9081, #7878 ) ) ;
#5813 = CARTESIAN_POINT ( 'NONE',  ( 23.91802675695253555, 62.68429458569836754, 28.92996381222462787 ) ) ;
#5814 = ORIENTED_EDGE ( 'NONE', *, *, #697, .T. ) ;
#5815 = CARTESIAN_POINT ( 'NONE',  ( -12.49999999999983835, 31.20788311109079771, 43.28812969620317119 ) ) ;
#5816 = DIRECTION ( 'NONE',  ( -0.7027971946764645095, 0.000000000000000000, -0.7113902607956419377 ) ) ;
#5817 = EDGE_CURVE ( 'NONE', #8146, #5912, #3770, .T. ) ;
#5818 = CARTESIAN_POINT ( 'NONE',  ( -32.27764532285578269, 70.49999999999998579, -29.85850818997026224 ) ) ;
#5819 = EDGE_CURVE ( 'NONE', #2458, #4254, #6877, .T. ) ;
#5820 = CARTESIAN_POINT ( 'NONE',  ( 13.74999999999999822, 30.50000000000000000, 6.299999999999999822 ) ) ;
#5821 = CIRCLE ( 'NONE', #6481, 1.449999999999999067 ) ;
#5822 = ORIENTED_EDGE ( 'NONE', *, *, #9312, .T. ) ;
#5823 = FACE_OUTER_BOUND ( 'NONE', #9518, .T. ) ;
#5824 = ORIENTED_EDGE ( 'NONE', *, *, #6145, .T. ) ;
#5825 = ORIENTED_EDGE ( 'NONE', *, *, #3553, .T. ) ;
#5826 = CARTESIAN_POINT ( 'NONE',  ( -2.108547280816512437, 70.50000000000000000, -35.17860068602902857 ) ) ;
#5827 = CARTESIAN_POINT ( 'NONE',  ( -6.471738182438351750, 61.00000000000000711, 30.76206126766261306 ) ) ;
#5828 = CARTESIAN_POINT ( 'NONE',  ( 12.28295383882361769, 53.50000000000000711, -40.85870343556343443 ) ) ;
#5829 = CARTESIAN_POINT ( 'NONE',  ( -32.27764532285559085, 61.00000000000000711, 29.85850818997050382 ) ) ;
#5830 = EDGE_LOOP ( 'NONE', ( #3536, #813, #5822, #2194 ) ) ;
#5831 = EDGE_CURVE ( 'NONE', #9403, #545, #4940, .T. ) ;
#5832 = DIRECTION ( 'NONE',  ( -0.2588190451025180749, 0.000000000000000000, 0.9659258262890690894 ) ) ;
#5833 = VECTOR ( 'NONE', #3497, 1000.000000000000114 ) ;
#5834 = ORIENTED_EDGE ( 'NONE', *, *, #5878, .T. ) ;
#5835 = CARTESIAN_POINT ( 'NONE',  ( 54.96377877185197036, 8.076912766170110558, 2.005403164639468550 ) ) ;
#5836 = ORIENTED_EDGE ( 'NONE', *, *, #7888, .T. ) ;
#5837 = DIRECTION ( 'NONE',  ( -0.7027971946764645095, 0.000000000000000000, -0.7113902607956420487 ) ) ;
#5838 = CARTESIAN_POINT ( 'NONE',  ( 0.000000000000000000, 51.00000000000000711, 0.000000000000000000 ) ) ;
#5839 = APPLICATION_CONTEXT ( 'automotive_design' ) ;
#5840 = ORIENTED_EDGE ( 'NONE', *, *, #8025, .F. ) ;
#5841 = DIRECTION ( 'NONE',  ( -0.2646834405156326397, 0.000000000000000000, -0.9643353546960763412 ) ) ;
#5842 = ORIENTED_EDGE ( 'NONE', *, *, #4498, .F. ) ;
#5843 = VECTOR ( 'NONE', #2243, 1000.000000000000000 ) ;
#5844 = DIRECTION ( 'NONE',  ( -0.000000000000000000, -1.000000000000000000, -0.000000000000000000 ) ) ;
#5845 = VECTOR ( 'NONE', #7455, 1000.000000000000000 ) ;
#5846 = LINE ( 'NONE', #7295, #9580 ) ;
#5847 = VERTEX_POINT ( 'NONE', #177 ) ;
#5848 = PRESENTATION_STYLE_ASSIGNMENT (( #7448 ) ) ;
#5849 = VECTOR ( 'NONE', #10, 999.9999999999998863 ) ;
#5850 = VERTEX_POINT ( 'NONE', #6485 ) ;
#5851 = DIRECTION ( 'NONE',  ( 0.7027971946764645095, 0.000000000000000000, 0.7113902607956420487 ) ) ;
#5852 = ORIENTED_EDGE ( 'NONE', *, *, #1989, .T. ) ;
#5853 = EDGE_CURVE ( 'NONE', #9562, #7573, #9610, .T. ) ;
#5854 = DIRECTION ( 'NONE',  ( -0.1788591911648622357, 0.7071067811865484609, 0.6841121178109988987 ) ) ;
#5855 = DIRECTION ( 'NONE',  ( -0.7027971946764646205, 0.000000000000000000, 0.7113902607956419377 ) ) ;
#5856 = CARTESIAN_POINT ( 'NONE',  ( 2.108547280816509328, 61.00000000000000711, -35.17860068602901435 ) ) ;
#5857 = CARTESIAN_POINT ( 'NONE',  ( 0.000000000000000000, 71.00000000000001421, 0.000000000000000000 ) ) ;
#5858 = DIRECTION ( 'NONE',  ( 0.000000000000000000, 1.000000000000000000, 0.000000000000000000 ) ) ;
#5859 = ORIENTED_EDGE ( 'NONE', *, *, #5885, .T. ) ;
#5860 = FACE_OUTER_BOUND ( 'NONE', #2230, .T. ) ;
#5861 = LINE ( 'NONE', #9763, #1494 ) ;
#5862 =( BOUNDED_CURVE ( )  B_SPLINE_CURVE ( 3, ( #1595, #7293, #8727, #8071 ),
 .UNSPECIFIED., .F., .F. ) 
 B_SPLINE_CURVE_WITH_KNOTS ( ( 4, 4 ),
 ( 4.120481339219126404, 4.133246026674189721 ),
 .UNSPECIFIED. ) 
 CURVE ( )  GEOMETRIC_REPRESENTATION_ITEM ( )  RATIONAL_B_SPLINE_CURVE ( ( 1.000000000000000000, 0.9999864219422722744, 0.9999864219422722744, 1.000000000000000000 ) ) 
 REPRESENTATION_ITEM ( '' )  );
#5863 = CARTESIAN_POINT ( 'NONE',  ( 45.27214940782274510, 4.000000000000000000, 45.27214940782299379 ) ) ;
#5864 = LINE ( 'NONE', #5966, #5246 ) ;
#5865 = EDGE_CURVE ( 'NONE', #9039, #2015, #4574, .T. ) ;
#5866 = ORIENTED_EDGE ( 'NONE', *, *, #8591, .T. ) ;
#5867 = FACE_OUTER_BOUND ( 'NONE', #7613, .T. ) ;
#5868 = VERTEX_POINT ( 'NONE', #5544 ) ;
#5869 = ORIENTED_EDGE ( 'NONE', *, *, #2629, .F. ) ;
#5870 = CARTESIAN_POINT ( 'NONE',  ( 1.245476089487489224, 53.50000000000000711, -0.3337243123704417003 ) ) ;
#5871 = LINE ( 'NONE', #1888, #8696 ) ;
#5872 = CARTESIAN_POINT ( 'NONE',  ( 12.72759963327105837, 52.65338915048491231, -42.51814413181315189 ) ) ;
#5873 = CARTESIAN_POINT ( 'NONE',  ( 13.74999999999999822, 30.50000000000000000, -5.000000000000000000 ) ) ;
#5874 = VERTEX_POINT ( 'NONE', #5768 ) ;
#5875 = DIRECTION ( 'NONE',  ( -0.000000000000000000, 1.000000000000000000, -0.000000000000000000 ) ) ;
#5876 = CARTESIAN_POINT ( 'NONE',  ( 44.59166652825063437, 15.62477654507598679, -6.048950988391970540 ) ) ;
#5877 = VERTEX_POINT ( 'NONE', #8132 ) ;
#5878 = EDGE_CURVE ( 'NONE', #3141, #6102, #71, .T. ) ;
#5879 = LINE ( 'NONE', #5162, #6542 ) ;
#5880 = EDGE_CURVE ( 'NONE', #3858, #801, #9861, .T. ) ;
#5881 = EDGE_LOOP ( 'NONE', ( #6204, #2909, #9953, #9534 ) ) ;
#5882 = DIRECTION ( 'NONE',  ( 0.7027971946764646205, 0.000000000000000000, -0.7113902607956419377 ) ) ;
#5883 = ADVANCED_FACE ( 'NONE', ( #8178 ), #2113, .F. ) ;
#5884 = DIRECTION ( 'NONE',  ( 0.7027971946764646205, 0.000000000000000000, -0.7113902607956418267 ) ) ;
#5885 = EDGE_CURVE ( 'NONE', #9531, #455, #7356, .T. ) ;
#5886 = CIRCLE ( 'NONE', #4890, 44.99999999999998579 ) ;
#5887 = ORIENTED_EDGE ( 'NONE', *, *, #1562, .F. ) ;
#5888 = LINE ( 'NONE', #5169, #3314 ) ;
#5889 = AXIS2_PLACEMENT_3D ( 'NONE', #9295, #1515, #2274 ) ;
#5890 = EDGE_LOOP ( 'NONE', ( #9513, #2364, #2260, #2256 ) ) ;
#5891 = AXIS2_PLACEMENT_3D ( 'NONE', #5421, #8458, #4543 ) ;
#5892 = DIRECTION ( 'NONE',  ( 0.4999999999999978351, 0.000000000000000000, -0.8660254037844399289 ) ) ;
#5893 = AXIS2_PLACEMENT_3D ( 'NONE', #4017, #8741, #6326 ) ;
#5894 = EDGE_CURVE ( 'NONE', #4384, #6747, #6009, .T. ) ;
#5895 = LINE ( 'NONE', #9848, #3984 ) ;
#5896 = VERTEX_POINT ( 'NONE', #9093 ) ;
#5897 = EDGE_LOOP ( 'NONE', ( #1063, #9107, #4392, #2021 ) ) ;
#5898 = VECTOR ( 'NONE', #8102, 1000.000000000000000 ) ;
#5899 = CARTESIAN_POINT ( 'NONE',  ( 0.000000000000000000, 71.00000000000001421, 0.000000000000000000 ) ) ;
#5900 = VECTOR ( 'NONE', #8500, 1000.000000000000000 ) ;
#5901 = EDGE_LOOP ( 'NONE', ( #8053, #5953, #2777, #6966 ) ) ;
#5902 = VECTOR ( 'NONE', #7397, 1000.000000000000000 ) ;
#5903 = CARTESIAN_POINT ( 'NONE',  ( 0.000000000000000000, 53.50000000000000711, 0.000000000000000000 ) ) ;
#5904 = EDGE_CURVE ( 'NONE', #8271, #2159, #1298, .T. ) ;
#5905 = LINE ( 'NONE', #2062, #5833 ) ;
#5906 = VECTOR ( 'NONE', #9050, 1000.000000000000000 ) ;
#5907 = CIRCLE ( 'NONE', #2802, 1.300000000000000044 ) ;
#5908 = DIRECTION ( 'NONE',  ( -0.000000000000000000, -1.000000000000000000, -0.000000000000000000 ) ) ;
#5909 = CARTESIAN_POINT ( 'NONE',  ( 0.000000000000000000, 26.00000000000001066, 0.000000000000000000 ) ) ;
#5910 = DIRECTION ( 'NONE',  ( 0.000000000000000000, 1.000000000000000000, 0.000000000000000000 ) ) ;
#5911 = STYLED_ITEM ( 'NONE', ( #6103 ), #6439 ) ;
#5912 = VERTEX_POINT ( 'NONE', #5090 ) ;
#5913 = DIRECTION ( 'NONE',  ( -0.6818880686435208061, 0.7071067811865585639, -0.1871594556563826450 ) ) ;
#5914 = PLANE ( 'NONE',  #183 ) ;
#5915 = VECTOR ( 'NONE', #9347, 1000.000000000000000 ) ;
#5916 = CARTESIAN_POINT ( 'NONE',  ( -1.245476089487488558, 53.50000000000000711, -0.3337243123704413117 ) ) ;
#5917 = CARTESIAN_POINT ( 'NONE',  ( -1.734723475976807094E-15, 61.00000000000000711, -33.04427230315816644 ) ) ;
#5918 = AXIS2_PLACEMENT_3D ( 'NONE', #8432, #7864, #3961 ) ;
#5919 = EDGE_LOOP ( 'NONE', ( #6811, #4608, #7185, #1227 ) ) ;
#5920 = CARTESIAN_POINT ( 'NONE',  ( -42.43524478543762513, 26.00000000000001066, 24.49999999999974420 ) ) ;
#5921 = ADVANCED_FACE ( 'NONE', ( #9903 ), #480, .T. ) ;
#5922 = ORIENTED_EDGE ( 'NONE', *, *, #10084, .F. ) ;
#5923 = ORIENTED_EDGE ( 'NONE', *, *, #1375, .F. ) ;
#5924 = DIRECTION ( 'NONE',  ( 0.7071067811865474617, -0.000000000000000000, -0.7071067811865474617 ) ) ;
#5925 = CARTESIAN_POINT ( 'NONE',  ( 31.16841095729513711, 71.00000000000001421, -16.37193000283640032 ) ) ;
#5926 = AXIS2_PLACEMENT_3D ( 'NONE', #9691, #2864, #3633 ) ;
#5927 = DIRECTION ( 'NONE',  ( -0.2646834405156195391, 0.000000000000000000, 0.9643353546960800049 ) ) ;
#5928 = CARTESIAN_POINT ( 'NONE',  ( -35.21754140102338937, 71.00000000000001421, -31.12434381103006942 ) ) ;
#5929 = ORIENTED_EDGE ( 'NONE', *, *, #7777, .T. ) ;
#5930 = CARTESIAN_POINT ( 'NONE',  ( -73.04429881564595917, 4.000000000000003553, 17.49999999999999289 ) ) ;
#5931 = CARTESIAN_POINT ( 'NONE',  ( 44.56961020982614485, 14.81996980622295190, 6.209371406170936858 ) ) ;
#5932 = EDGE_CURVE ( 'NONE', #1207, #9726, #3587, .T. ) ;
#5933 = VECTOR ( 'NONE', #1234, 1000.000000000000000 ) ;
#5934 = ORIENTED_EDGE ( 'NONE', *, *, #9650, .F. ) ;
#5935 = ADVANCED_FACE ( 'NONE', ( #4273, #5235, #327, #7410, #8234, #6680, #4414, #1919, #2689, #4366, #9806, #9142, #2783, #1103, #5139, #7562, #7506, #6586, #378, #4220, #9046, #1205, #3501, #9714, #3594, #527, #2884, #6629, #5811, #8943, #1254, #4320 ), #9758, .T. ) ;
#5936 = CARTESIAN_POINT ( 'NONE',  ( -24.50000000000000000, 26.00000000000001066, 42.43524478543749012 ) ) ;
#5937 = ORIENTED_EDGE ( 'NONE', *, *, #7453, .T. ) ;
#5938 = DIRECTION ( 'NONE',  ( -0.2646834405156395786, 0.000000000000000000, -0.9643353546960745648 ) ) ;
#5939 = ADVANCED_FACE ( 'NONE', ( #8279 ), #6164, .T. ) ;
#5940 = CARTESIAN_POINT ( 'NONE',  ( 6.000723173757280371, 71.00000000000001421, 22.95195126434676425 ) ) ;
#5941 = ORIENTED_EDGE ( 'NONE', *, *, #7572, .F. ) ;
#5942 = CARTESIAN_POINT ( 'NONE',  ( 12.49999999999918820, 0.000000000000000000, -78.04429881564608706 ) ) ;
#5943 = CARTESIAN_POINT ( 'NONE',  ( -17.50000000000075673, 0.000000000000000000, -73.04429881564577443 ) ) ;
#5944 = ORIENTED_EDGE ( 'NONE', *, *, #3410, .F. ) ;
#5945 = EDGE_CURVE ( 'NONE', #8735, #8259, #1551, .T. ) ;
#5946 = EDGE_CURVE ( 'NONE', #9415, #6064, #6063, .T. ) ;
#5947 = DIRECTION ( 'NONE',  ( -0.000000000000000000, 1.000000000000000000, -0.000000000000000000 ) ) ;
#5948 = FACE_OUTER_BOUND ( 'NONE', #6992, .T. ) ;
#5949 = DIRECTION ( 'NONE',  ( 0.000000000000000000, 1.000000000000000000, -0.000000000000000000 ) ) ;
#5950 = VERTEX_POINT ( 'NONE', #6112 ) ;
#5951 = DIRECTION ( 'NONE',  ( 0.000000000000000000, -0.000000000000000000, -1.000000000000000000 ) ) ;
#5952 = VECTOR ( 'NONE', #8829, 1000.000000000000114 ) ;
#5953 = ORIENTED_EDGE ( 'NONE', *, *, #8945, .F. ) ;
#5954 = CARTESIAN_POINT ( 'NONE',  ( 41.99704927304772895, 70.50000000000000000, -13.02400672895233846 ) ) ;
#5955 = ORIENTED_EDGE ( 'NONE', *, *, #786, .T. ) ;
#5956 =( BOUNDED_CURVE ( )  B_SPLINE_CURVE ( 3, ( #787, #5342, #7045, #4473 ),
 .UNSPECIFIED., .F., .F. ) 
 B_SPLINE_CURVE_WITH_KNOTS ( ( 4, 4 ),
 ( 0.6455509535002214028, 0.6730349516654687836 ),
 .UNSPECIFIED. ) 
 CURVE ( )  GEOMETRIC_REPRESENTATION_ITEM ( )  RATIONAL_B_SPLINE_CURVE ( ( 1.000000000000000000, 0.9999370534776620412, 0.9999370534776620412, 1.000000000000000000 ) ) 
 REPRESENTATION_ITEM ( '' )  );
#5957 = DIRECTION ( 'NONE',  ( 0.000000000000000000, 0.000000000000000000, 1.000000000000000000 ) ) ;
#5958 = PLANE ( 'NONE',  #7482 ) ;
#5959 = DIRECTION ( 'NONE',  ( 0.2529450939004371235, 0.000000000000000000, 0.9674806351920947067 ) ) ;
#5960 = CARTESIAN_POINT ( 'NONE',  ( -4.648606151232129058, 51.16928985660609186, -2.229469018346888820 ) ) ;
#5961 = CARTESIAN_POINT ( 'NONE',  ( 12.50000000000021494, 44.31128874149284513, 78.04429881564593074 ) ) ;
#5962 = ORIENTED_EDGE ( 'NONE', *, *, #6739, .T. ) ;
#5963 = CARTESIAN_POINT ( 'NONE',  ( 60.62599999999999767, 21.00000000000000000, -5.000000000000000888 ) ) ;
#5964 = PLANE ( 'NONE',  #8542 ) ;
#5965 = CARTESIAN_POINT ( 'NONE',  ( 19.25000000000000355, 5.000000000000000000, -4.999999999999999112 ) ) ;
#5966 = CARTESIAN_POINT ( 'NONE',  ( -25.28817283496540824, 61.00000000000000711, 6.940905523910935848 ) ) ;
#5967 = ORIENTED_EDGE ( 'NONE', *, *, #166, .T. ) ;
#5968 = CARTESIAN_POINT ( 'NONE',  ( -31.75000000000000000, 30.49999999999999645, 13.00000000000000000 ) ) ;
#5969 = CARTESIAN_POINT ( 'NONE',  ( -12.49999999999983835, 31.20788311109079771, 43.28812969620317119 ) ) ;
#5970 = ORIENTED_EDGE ( 'NONE', *, *, #6427, .T. ) ;
#5971 = ORIENTED_EDGE ( 'NONE', *, *, #2557, .T. ) ;
#5972 = LINE ( 'NONE', #2132, #841 ) ;
#5973 = LINE ( 'NONE', #4434, #1645 ) ;
#5974 = DIRECTION ( 'NONE',  ( 0.000000000000000000, -0.000000000000000000, 1.000000000000000000 ) ) ;
#5975 = VERTEX_POINT ( 'NONE', #2365 ) ;
#5976 = CARTESIAN_POINT ( 'NONE',  ( 9.980980740282994645, 71.00000000000001421, 43.85873278962192501 ) ) ;
#5977 = DIRECTION ( 'NONE',  ( 0.7027971946764646205, 0.000000000000000000, -0.7113902607956418267 ) ) ;
#5978 = EDGE_CURVE ( 'NONE', #3324, #9931, #4561, .T. ) ;
#5979 = AXIS2_PLACEMENT_3D ( 'NONE', #6035, #9166, #603 ) ;
#5980 = ADVANCED_FACE ( 'NONE', ( #2265 ), #4465, .F. ) ;
#5981 = EDGE_LOOP ( 'NONE', ( #4358, #5929, #2815, #6075 ) ) ;
#5982 = CARTESIAN_POINT ( 'NONE',  ( 13.74999999999999822, 23.30000000000000071, 3.700000000000000178 ) ) ;
#5983 = VERTEX_POINT ( 'NONE', #1451 ) ;
#5984 = AXIS2_PLACEMENT_3D ( 'NONE', #9892, #4353, #5072 ) ;
#5985 = DIRECTION ( 'NONE',  ( -0.7071067811865474617, 0.000000000000000000, -0.7071067811865474617 ) ) ;
#5986 = DIRECTION ( 'NONE',  ( 0.000000000000000000, 1.000000000000000000, -0.000000000000000000 ) ) ;
#5987 = AXIS2_PLACEMENT_3D ( 'NONE', #10005, #1452, #6062 ) ;
#5988 = EDGE_LOOP ( 'NONE', ( #5648, #9773, #5934, #6589, #3557, #4551 ) ) ;
#5989 = CARTESIAN_POINT ( 'NONE',  ( -29.87659562178829020, 61.00000000000000711, 9.776340961198105362 ) ) ;
#5990 = DIRECTION ( 'NONE',  ( -0.000000000000000000, 1.000000000000000000, -0.000000000000000000 ) ) ;
#5991 = ORIENTED_EDGE ( 'NONE', *, *, #3929, .F. ) ;
#5992 = CARTESIAN_POINT ( 'NONE',  ( 0.000000000000000000, 61.00000000000000711, 0.000000000000000000 ) ) ;
#5993 = B_SPLINE_CURVE_WITH_KNOTS ( 'NONE', 3,
 ( #1634, #7798, #7076, #9376, #814, #3946, #1690, #10093, #3792, #4802, #3170, #3891, #1488, #2352, #4604, #7951 ),
 .UNSPECIFIED., .F., .F.,
 ( 4, 2, 2, 2, 2, 2, 2, 4 ),
 ( 0.000000000000000000, 0.0004882819947050130423, 0.0009765639894100260846, 0.001464845984115039235, 0.001953127978820052169, 0.002441409973525065537, 0.002929691968230078471, 0.003906255957640085257 ),
 .UNSPECIFIED. ) ;
#5994 = CARTESIAN_POINT ( 'NONE',  ( -12.44872017104576756, 53.37243548074318511, 41.47735180960086865 ) ) ;
#5995 = EDGE_CURVE ( 'NONE', #4757, #1582, #5385, .T. ) ;
#5996 = DIRECTION ( 'NONE',  ( 0.000000000000000000, -1.000000000000000000, -0.000000000000000000 ) ) ;
#5997 = VERTEX_POINT ( 'NONE', #7611 ) ;
#5998 = CIRCLE ( 'NONE', #2399, 1.300000000000001599 ) ;
#5999 = DIRECTION ( 'NONE',  ( -1.000000000000000000, -0.000000000000000000, -0.000000000000000000 ) ) ;
#6000 = VECTOR ( 'NONE', #6879, 999.9999999999998863 ) ;
#6001 = VERTEX_POINT ( 'NONE', #8429 ) ;
#6002 = CYLINDRICAL_SURFACE ( 'NONE', #9702, 47.00000000000001421 ) ;
#6003 = ORIENTED_EDGE ( 'NONE', *, *, #4470, .F. ) ;
#6004 = AXIS2_PLACEMENT_3D ( 'NONE', #6125, #2127, #10066 ) ;
#6005 = CARTESIAN_POINT ( 'NONE',  ( -6.633085908508203232, 70.49999999999998579, -25.37065285232701584 ) ) ;
#6006 = DIRECTION ( 'NONE',  ( 0.000000000000000000, 0.000000000000000000, -1.000000000000000000 ) ) ;
#6007 = VECTOR ( 'NONE', #4112, 1000.000000000000227 ) ;
#6008 = DIRECTION ( 'NONE',  ( 1.047444401652940007E-14, -0.000000000000000000, 1.000000000000000000 ) ) ;
#6009 = LINE ( 'NONE', #6780, #4901 ) ;
#6010 = EDGE_CURVE ( 'NONE', #9153, #1956, #3744, .T. ) ;
#6011 = ADVANCED_FACE ( 'NONE', ( #6208 ), #6938, .T. ) ;
#6012 = DIRECTION ( 'NONE',  ( 0.000000000000000000, 1.000000000000000000, -0.000000000000000000 ) ) ;
#6013 = VERTEX_POINT ( 'NONE', #8384 ) ;
#6014 = PLANE ( 'NONE',  #9695 ) ;
#6015 = EDGE_CURVE ( 'NONE', #9180, #3799, #3853, .T. ) ;
#6016 = EDGE_CURVE ( 'NONE', #1308, #6114, #2320, .T. ) ;
#6017 = LINE ( 'NONE', #9146, #3123 ) ;
#6018 = ORIENTED_EDGE ( 'NONE', *, *, #609, .F. ) ;
#6019 = CARTESIAN_POINT ( 'NONE',  ( -41.36667426851342100, 53.50000000000000711, -9.749269714327786218 ) ) ;
#6020 = FACE_OUTER_BOUND ( 'NONE', #4964, .T. ) ;
#6021 = VERTEX_POINT ( 'NONE', #3032 ) ;
#6022 = FACE_OUTER_BOUND ( 'NONE', #3196, .T. ) ;
#6023 = CARTESIAN_POINT ( 'NONE',  ( 0.000000000000000000, 66.00000000000000000, 0.000000000000000000 ) ) ;
#6024 = ORIENTED_EDGE ( 'NONE', *, *, #4089, .T. ) ;
#6025 = ORIENTED_EDGE ( 'NONE', *, *, #4069, .T. ) ;
#6026 = DIRECTION ( 'NONE',  ( 0.2646834405156394676, 0.000000000000000000, 0.9643353546960745648 ) ) ;
#6027 = LINE ( 'NONE', #702, #2461 ) ;
#6028 = FACE_OUTER_BOUND ( 'NONE', #3991, .T. ) ;
#6029 = EDGE_LOOP ( 'NONE', ( #4786, #5620, #2473, #2258 ) ) ;
#6030 = DIRECTION ( 'NONE',  ( -0.000000000000000000, 1.000000000000000000, 0.000000000000000000 ) ) ;
#6031 = CARTESIAN_POINT ( 'NONE',  ( 44.81124515329309332, 18.71107843754987954, -4.127717536320746561 ) ) ;
#6032 = EDGE_LOOP ( 'NONE', ( #7884, #5222, #5533, #4305 ) ) ;
#6033 = DIRECTION ( 'NONE',  ( 0.000000000000000000, 1.000000000000000000, 0.000000000000000000 ) ) ;
#6034 = VERTEX_POINT ( 'NONE', #6987 ) ;
#6035 = CARTESIAN_POINT ( 'NONE',  ( -22.39516677087721774, 61.00000000000000711, -6.146855202363884274 ) ) ;
#6036 = DIRECTION ( 'NONE',  ( -0.000000000000000000, 1.000000000000000000, -0.000000000000000000 ) ) ;
#6037 = ADVANCED_FACE ( 'NONE', ( #1354 ), #5440, .F. ) ;
#6038 = DIRECTION ( 'NONE',  ( 0.000000000000000000, 1.000000000000000000, 0.000000000000000000 ) ) ;
#6039 = DIRECTION ( 'NONE',  ( 1.204482735576602201E-15, -0.9386109303896084111, 0.3449775664491150362 ) ) ;
#6040 = VERTEX_POINT ( 'NONE', #8533 ) ;
#6041 = CARTESIAN_POINT ( 'NONE',  ( -30.45882641487555276, 52.65204660686487159, 32.28232996910949026 ) ) ;
#6042 = CARTESIAN_POINT ( 'NONE',  ( -63.04429881564596627, 31.20788311109079771, -12.49999999999999112 ) ) ;
#6043 = VECTOR ( 'NONE', #5019, 1000.000000000000000 ) ;
#6044 = CARTESIAN_POINT ( 'NONE',  ( 19.25000000000000355, 21.00000000000000000, 4.999999999999999112 ) ) ;
#6045 = ORIENTED_EDGE ( 'NONE', *, *, #786, .F. ) ;
#6046 = CARTESIAN_POINT ( 'NONE',  ( 27.60687466421261504, 71.00000000000001421, -10.95219025010320912 ) ) ;
#6047 = EDGE_CURVE ( 'NONE', #9390, #6776, #3278, .T. ) ;
#6048 = ORIENTED_EDGE ( 'NONE', *, *, #6466, .T. ) ;
#6049 = CARTESIAN_POINT ( 'NONE',  ( 44.95568025939780199, 8.077233589567349270, 2.006370148654010865 ) ) ;
#6050 = EDGE_LOOP ( 'NONE', ( #9257, #8495, #6803, #6690 ) ) ;
#6051 = AXIS2_PLACEMENT_3D ( 'NONE', #5673, #138, #9527 ) ;
#6052 = ADVANCED_FACE ( 'NONE', ( #8581 ), #4662, .T. ) ;
#6053 = VECTOR ( 'NONE', #2655, 1000.000000000000000 ) ;
#6054 = DIRECTION ( 'NONE',  ( -0.000000000000000000, 1.000000000000000000, -0.000000000000000000 ) ) ;
#6055 = CARTESIAN_POINT ( 'NONE',  ( -23.28831231577568417, 71.00000000000001421, 18.43215965324982264 ) ) ;
#6056 = EDGE_CURVE ( 'NONE', #6940, #5975, #3111, .T. ) ;
#6057 = AXIS2_PLACEMENT_3D ( 'NONE', #8415, #507, #4393 ) ;
#6058 = CARTESIAN_POINT ( 'NONE',  ( 6.633085908508379980, 61.00000000000000711, 25.37065285232696610 ) ) ;
#6059 = EDGE_CURVE ( 'NONE', #8143, #1300, #7663, .T. ) ;
#6060 = CIRCLE ( 'NONE', #6398, 31.20000000000000995 ) ;
#6061 = DIRECTION ( 'NONE',  ( 0.000000000000000000, -1.000000000000000000, 0.000000000000000000 ) ) ;
#6062 = DIRECTION ( 'NONE',  ( 0.000000000000000000, 0.000000000000000000, 1.000000000000000000 ) ) ;
#6063 = CIRCLE ( 'NONE', #1815, 1.449999999999999067 ) ;
#6064 = VERTEX_POINT ( 'NONE', #5334 ) ;
#6065 = DIRECTION ( 'NONE',  ( 0.000000000000000000, -0.000000000000000000, 1.000000000000000000 ) ) ;
#6066 = EDGE_CURVE ( 'NONE', #3547, #3622, #823, .T. ) ;
#6067 = DIRECTION ( 'NONE',  ( 0.000000000000000000, 0.000000000000000000, -1.000000000000000000 ) ) ;
#6068 = EDGE_LOOP ( 'NONE', ( #1577, #461, #6595, #5887 ) ) ;
#6069 = AXIS2_PLACEMENT_3D ( 'NONE', #2542, #4887, #234 ) ;
#6070 = DIRECTION ( 'NONE',  ( 0.000000000000000000, 0.000000000000000000, 1.000000000000000000 ) ) ;
#6071 = PLANE ( 'NONE',  #4271 ) ;
#6072 = VECTOR ( 'NONE', #1928, 1000.000000000000114 ) ;
#6073 = ADVANCED_FACE ( 'NONE', ( #2580 ), #4817, .T. ) ;
#6074 = EDGE_CURVE ( 'NONE', #9205, #4570, #6420, .T. ) ;
#6075 = ORIENTED_EDGE ( 'NONE', *, *, #7013, .F. ) ;
#6076 = CARTESIAN_POINT ( 'NONE',  ( -8.756996203826405534, 70.50000000000000000, 46.17699662695888208 ) ) ;
#6077 = CARTESIAN_POINT ( 'NONE',  ( 54.64841879497147659, 14.81964840806914196, 6.209405958264506253 ) ) ;
#6078 = VERTEX_POINT ( 'NONE', #8782 ) ;
#6079 = ORIENTED_EDGE ( 'NONE', *, *, #3132, .T. ) ;
#6080 = FACE_OUTER_BOUND ( 'NONE', #2672, .T. ) ;
#6081 = CARTESIAN_POINT ( 'NONE',  ( -6.000723173757121387, 71.00000000000001421, -22.95195126434680688 ) ) ;
#6082 = AXIS2_PLACEMENT_3D ( 'NONE', #3860, #5340, #7868 ) ;
#6083 = CARTESIAN_POINT ( 'NONE',  ( 23.78604288879190065, 70.49999999999998579, 17.78522318365874355 ) ) ;
#6084 = VERTEX_POINT ( 'NONE', #1701 ) ;
#6085 = AXIS2_PLACEMENT_3D ( 'NONE', #9303, #4580, #9359 ) ;
#6086 = CARTESIAN_POINT ( 'NONE',  ( 13.09507021347558542, 62.68429458569846702, 35.17860068602894330 ) ) ;
#6087 = CARTESIAN_POINT ( 'NONE',  ( 44.83920544699656574, 18.96672271688703049, 3.816153734694188504 ) ) ;
#6088 = ORIENTED_EDGE ( 'NONE', *, *, #9530, .T. ) ;
#6089 = DIRECTION ( 'NONE',  ( 0.2529450939004305732, 0.000000000000000000, -0.9674806351920964831 ) ) ;
#6090 = EDGE_LOOP ( 'NONE', ( #6699, #4837, #252, #4232, #5605, #1665 ) ) ;
#6091 = AXIS2_PLACEMENT_3D ( 'NONE', #4130, #8694, #3252 ) ;
#6092 = CARTESIAN_POINT ( 'NONE',  ( -73.04429881564593074, 0.000000000000000000, 17.49999999999999289 ) ) ;
#6093 = CARTESIAN_POINT ( 'NONE',  ( 23.78604288879190065, 61.00000000000000711, 17.78522318365874355 ) ) ;
#6094 = LINE ( 'NONE', #2244, #3100 ) ;
#6095 = CARTESIAN_POINT ( 'NONE',  ( 53.56071321407137731, 4.000000000000000000, -12.49999999999999112 ) ) ;
#6096 = ORIENTED_EDGE ( 'NONE', *, *, #6925, .T. ) ;
#6097 = VECTOR ( 'NONE', #2730, 1000.000000000000000 ) ;
#6098 = FACE_OUTER_BOUND ( 'NONE', #7033, .T. ) ;
#6099 = UNCERTAINTY_MEASURE_WITH_UNIT (LENGTH_MEASURE( 1.000000000000000082E-05 ), #5013, 'distance_accuracy_value', 'NONE');
#6100 = CARTESIAN_POINT ( 'NONE',  ( -12.72759963327105304, 52.65338915048491941, 42.51814413181315189 ) ) ;
#6101 = DIRECTION ( 'NONE',  ( 0.000000000000000000, 1.000000000000000000, 0.000000000000000000 ) ) ;
#6102 = VERTEX_POINT ( 'NONE', #6524 ) ;
#6103 = PRESENTATION_STYLE_ASSIGNMENT (( #2975 ) ) ;
#6104 = VERTEX_POINT ( 'NONE', #5695 ) ;
#6105 = CARTESIAN_POINT ( 'NONE',  ( 44.75435378231706096, 9.865197735004242574, 4.704419405434337342 ) ) ;
#6106 = VERTEX_POINT ( 'NONE', #983 ) ;
#6107 = CARTESIAN_POINT ( 'NONE',  ( -52.14163403653552820, 31.20788311109079771, 17.49999999999999289 ) ) ;
#6108 = LINE ( 'NONE', #3848, #3535 ) ;
#6109 = ADVANCED_FACE ( 'NONE', ( #1806, #8628 ), #7139, .F. ) ;
#6110 = AXIS2_PLACEMENT_3D ( 'NONE', #616, #5949, #6927 ) ;
#6111 = FACE_OUTER_BOUND ( 'NONE', #1892, .T. ) ;
#6112 = CARTESIAN_POINT ( 'NONE',  ( 31.16841095729546041, 71.00000000000001421, 16.37193000283577859 ) ) ;
#6113 = DIRECTION ( 'NONE',  ( 0.000000000000000000, -1.000000000000000000, 0.000000000000000000 ) ) ;
#6114 = VERTEX_POINT ( 'NONE', #9548 ) ;
#6115 = LINE ( 'NONE', #3035, #5098 ) ;
#6116 = PLANE ( 'NONE',  #3768 ) ;
#6117 = ORIENTED_EDGE ( 'NONE', *, *, #8567, .T. ) ;
#6118 = DIRECTION ( 'NONE',  ( 0.000000000000000000, 0.000000000000000000, -1.000000000000000000 ) ) ;
#6119 = ORIENTED_EDGE ( 'NONE', *, *, #4375, .F. ) ;
#6120 = ADVANCED_FACE ( 'NONE', ( #5486 ), #8015, .T. ) ;
#6121 = LINE ( 'NONE', #1560, #3755 ) ;
#6122 = DIRECTION ( 'NONE',  ( 0.9674806351920930414, 0.000000000000000000, -0.2529450939004438959 ) ) ;
#6123 = ADVANCED_FACE ( 'NONE', ( #7860 ), #2416, .T. ) ;
#6124 = ORIENTED_EDGE ( 'NONE', *, *, #7007, .T. ) ;
#6125 = CARTESIAN_POINT ( 'NONE',  ( 17.50000000000024869, 44.31128874149284513, 73.04429881564585969 ) ) ;
#6126 = CARTESIAN_POINT ( 'NONE',  ( -34.25000000000000000, 23.30000000000000071, -6.300000000000001599 ) ) ;
#6127 = ORIENTED_EDGE ( 'NONE', *, *, #8507, .T. ) ;
#6128 = ORIENTED_EDGE ( 'NONE', *, *, #1845, .T. ) ;
#6129 = CARTESIAN_POINT ( 'NONE',  ( -43.28812969620312856, 31.20788311109079771, 17.49999999999999289 ) ) ;
#6130 = CARTESIAN_POINT ( 'NONE',  ( 63.04429881564596627, 31.20788311109079771, 17.49999999999999289 ) ) ;
#6131 = EDGE_CURVE ( 'NONE', #7954, #6480, #2794, .T. ) ;
#6132 = ORIENTED_EDGE ( 'NONE', *, *, #4524, .T. ) ;
#6133 = ADVANCED_FACE ( 'NONE', ( #6475 ), #1043, .T. ) ;
#6134 = DIRECTION ( 'NONE',  ( 0.000000000000000000, 1.000000000000000000, 0.000000000000000000 ) ) ;
#6135 = CARTESIAN_POINT ( 'NONE',  ( 0.3337243123704482506, 71.00000000000001421, -1.245476089487486560 ) ) ;
#6136 = AXIS2_PLACEMENT_3D ( 'NONE', #9436, #5532, #10103 ) ;
#6137 = ORIENTED_EDGE ( 'NONE', *, *, #9304, .F. ) ;
#6138 = CARTESIAN_POINT ( 'NONE',  ( 25.24983850318566070, 0.000000000000000000, 37.24843158527673381 ) ) ;
#6139 = VERTEX_POINT ( 'NONE', #4160 ) ;
#6140 = CARTESIAN_POINT ( 'NONE',  ( -18.65508692645726896, 61.00000000000000711, -18.42974732841616259 ) ) ;
#6141 = CARTESIAN_POINT ( 'NONE',  ( 41.99704927304772895, 61.00000000000000711, -13.02400672895233846 ) ) ;
#6142 = EDGE_CURVE ( 'NONE', #9171, #5500, #7297, .T. ) ;
#6143 = CYLINDRICAL_SURFACE ( 'NONE', #6715, 1.300000000000000044 ) ;
#6144 = PLANE ( 'NONE',  #7751 ) ;
#6145 = EDGE_CURVE ( 'NONE', #7472, #4045, #7965, .T. ) ;
#6146 = EDGE_CURVE ( 'NONE', #1633, #9772, #4006, .T. ) ;
#6147 = VECTOR ( 'NONE', #1033, 1000.000000000000000 ) ;
#6148 = ORIENTED_EDGE ( 'NONE', *, *, #928, .T. ) ;
#6149 = CARTESIAN_POINT ( 'NONE',  ( 6.000723173756802531, 71.00000000000001421, -22.95195126434687793 ) ) ;
#6150 = AXIS2_PLACEMENT_3D ( 'NONE', #45, #5521, #966 ) ;
#6151 = DIRECTION ( 'NONE',  ( 0.000000000000000000, 1.000000000000000000, 0.000000000000000000 ) ) ;
#6152 = AXIS2_PLACEMENT_3D ( 'NONE', #5065, #9737, #4097 ) ;
#6153 = CARTESIAN_POINT ( 'NONE',  ( -28.61717926410542034, 61.00000000000000711, 16.52213615157921822 ) ) ;
#6154 = EDGE_LOOP ( 'NONE', ( #6572, #4445, #4040, #9085 ) ) ;
#6155 = CARTESIAN_POINT ( 'NONE',  ( 27.40272893604687354, 70.66961688690309984, -11.45663499230710158 ) ) ;
#6156 = VERTEX_POINT ( 'NONE', #5534 ) ;
#6157 = CARTESIAN_POINT ( 'NONE',  ( 44.72604582108234439, 10.17931718376233086, 4.963255835904872626 ) ) ;
#6158 = ORIENTED_EDGE ( 'NONE', *, *, #7140, .T. ) ;
#6159 = DIRECTION ( 'NONE',  ( 0.8148478822548572698, 0.5796748474660378125, -5.936985767766308233E-15 ) ) ;
#6160 = CARTESIAN_POINT ( 'NONE',  ( -1.734723475976807094E-15, 70.50000000000002842, -33.04427230315816644 ) ) ;
#6161 = VECTOR ( 'NONE', #7479, 1000.000000000000114 ) ;
#6162 = AXIS2_PLACEMENT_3D ( 'NONE', #2263, #5438, #8477 ) ;
#6163 = LINE ( 'NONE', #8531, #8113 ) ;
#6164 = PLANE ( 'NONE',  #5084 ) ;
#6165 = DIRECTION ( 'NONE',  ( 0.000000000000000000, 1.000000000000000000, -0.000000000000000000 ) ) ;
#6166 = ORIENTED_EDGE ( 'NONE', *, *, #9585, .T. ) ;
#6167 = DIRECTION ( 'NONE',  ( -0.000000000000000000, 1.000000000000000000, -0.000000000000000000 ) ) ;
#6168 = FACE_OUTER_BOUND ( 'NONE', #5485, .T. ) ;
#6169 = VERTEX_POINT ( 'NONE', #3957 ) ;
#6170 = ADVANCED_FACE ( 'NONE', ( #7089 ), #3184, .F. ) ;
#6171 = DIRECTION ( 'NONE',  ( -0.000000000000000000, 1.000000000000000000, -0.000000000000000000 ) ) ;
#6172 = ORIENTED_EDGE ( 'NONE', *, *, #7211, .T. ) ;
#6173 = DIRECTION ( 'NONE',  ( 0.9674806351920947067, 0.000000000000000000, -0.2529450939004371790 ) ) ;
#6174 = LINE ( 'NONE', #8544, #7885 ) ;
#6175 = AXIS2_PLACEMENT_3D ( 'NONE', #3453, #710, #3881 ) ;
#6176 = ORIENTED_EDGE ( 'NONE', *, *, #1925, .F. ) ;
#6177 = PLANE ( 'NONE',  #2241 ) ;
#6178 = CARTESIAN_POINT ( 'NONE',  ( 54.96449766385912739, 19.93150808180402223, -2.011859617902363784 ) ) ;
#6179 = ORIENTED_EDGE ( 'NONE', *, *, #2560, .F. ) ;
#6180 = ORIENTED_EDGE ( 'NONE', *, *, #8200, .F. ) ;
#6181 = CARTESIAN_POINT ( 'NONE',  ( 42.43524478543723433, 71.00000000000001421, 24.50000000000044409 ) ) ;
#6182 = DIRECTION ( 'NONE',  ( 0.3449775664491150362, -0.9386109303896084111, 0.000000000000000000 ) ) ;
#6183 = VERTEX_POINT ( 'NONE', #8676 ) ;
#6184 = CARTESIAN_POINT ( 'NONE',  ( -6.249999999999763745, 4.000000000000000000, 66.52214940782300800 ) ) ;
#6185 = DIRECTION ( 'NONE',  ( 0.000000000000000000, 0.000000000000000000, 1.000000000000000000 ) ) ;
#6186 = EDGE_CURVE ( 'NONE', #7584, #8982, #5591, .T. ) ;
#6187 = ORIENTED_EDGE ( 'NONE', *, *, #2150, .T. ) ;
#6188 = EDGE_CURVE ( 'NONE', #3581, #8555, #3235, .T. ) ;
#6189 = DIRECTION ( 'NONE',  ( -0.7027971946764645095, 0.000000000000000000, -0.7113902607956419377 ) ) ;
#6190 = ORIENTED_EDGE ( 'NONE', *, *, #6295, .T. ) ;
#6191 = CARTESIAN_POINT ( 'NONE',  ( 73.04429881564595917, 4.000000000000000000, -12.49999999999999112 ) ) ;
#6192 = PLANE ( 'NONE',  #7542 ) ;
#6193 = CARTESIAN_POINT ( 'NONE',  ( 25.28817283496535495, 61.00000000000000711, -6.940905523911115260 ) ) ;
#6194 = EDGE_LOOP ( 'NONE', ( #1875, #5729, #3089, #4380 ) ) ;
#6195 = DIRECTION ( 'NONE',  ( -0.6818880686435485616, -0.7071067811865300312, -0.1871594556563901668 ) ) ;
#6196 = ADVANCED_FACE ( 'NONE', ( #3640 ), #518, .F. ) ;
#6197 = ADVANCED_FACE ( 'NONE', ( #6773, #5800 ), #316, .F. ) ;
#6198 = EDGE_CURVE ( 'NONE', #6349, #305, #1241, .T. ) ;
#6199 = CARTESIAN_POINT ( 'NONE',  ( 9.719403950192180730, 61.00000000000000711, 42.88251491892219747 ) ) ;
#6200 = CARTESIAN_POINT ( 'NONE',  ( 13.74999999999999822, 23.30000000000000071, 5.000000000000000000 ) ) ;
#6201 = CARTESIAN_POINT ( 'NONE',  ( 0.000000000000000000, 71.00000000000001421, 0.000000000000000000 ) ) ;
#6202 = EDGE_LOOP ( 'NONE', ( #1550, #9238, #8562, #5157 ) ) ;
#6203 = CARTESIAN_POINT ( 'NONE',  ( 44.67287900111221433, 10.86239571635479884, 5.420974546535785699 ) ) ;
#6204 = ORIENTED_EDGE ( 'NONE', *, *, #9444, .T. ) ;
#6205 = PLANE ( 'NONE',  #1274 ) ;
#6206 = CARTESIAN_POINT ( 'NONE',  ( 0.000000000000000000, 0.000000000000000000, 0.000000000000000000 ) ) ;
#6207 = LINE ( 'NONE', #6360, #2540 ) ;
#6208 = FACE_OUTER_BOUND ( 'NONE', #7702, .T. ) ;
#6209 = DIRECTION ( 'NONE',  ( 0.000000000000000000, 0.000000000000000000, 1.000000000000000000 ) ) ;
#6210 = VERTEX_POINT ( 'NONE', #4262 ) ;
#6211 = DIRECTION ( 'NONE',  ( 0.000000000000000000, 1.000000000000000000, 0.000000000000000000 ) ) ;
#6212 = FACE_OUTER_BOUND ( 'NONE', #5372, .T. ) ;
#6213 = EDGE_LOOP ( 'NONE', ( #8900, #412, #4969, #2849, #5109 ) ) ;
#6215 = AXIS2_PLACEMENT_3D ( 'NONE', #1884, #4230, #3463 ) ;
#6214 = CARTESIAN_POINT ( 'NONE',  ( 32.27764532285537769, 61.00000000000000711, -29.85850818997072409 ) ) ;
#6216 = ADVANCED_FACE ( 'NONE', ( #4210, #2628, #1860 ), #6721, .F. ) ;
#6217 = VERTEX_POINT ( 'NONE', #5753 ) ;
#6218 = CARTESIAN_POINT ( 'NONE',  ( 17.50000000000014566, 31.20788311109079771, 43.28812969620307172 ) ) ;
#6219 = DIRECTION ( 'NONE',  ( 0.1788591911648720612, 0.7071067811865469066, 0.6841121178109978995 ) ) ;
#6220 = AXIS2_PLACEMENT_3D ( 'NONE', #7521, #6751, #5974 ) ;
#6221 = VECTOR ( 'NONE', #3021, 1000.000000000000227 ) ;
#6222 = AXIS2_PLACEMENT_3D ( 'NONE', #1193, #7498, #462 ) ;
#6223 = ORIENTED_EDGE ( 'NONE', *, *, #1423, .F. ) ;
#6224 = CARTESIAN_POINT ( 'NONE',  ( 47.63139720814383082, 26.00000000000001066, 27.50000000000049738 ) ) ;
#6225 = DIRECTION ( 'NONE',  ( 0.8660254037844370423, 0.000000000000000000, 0.5000000000000027756 ) ) ;
#6226 = ORIENTED_EDGE ( 'NONE', *, *, #1762, .T. ) ;
#6227 = ORIENTED_EDGE ( 'NONE', *, *, #171, .F. ) ;
#6228 = DIRECTION ( 'NONE',  ( 0.000000000000000000, -1.000000000000000000, 0.000000000000000000 ) ) ;
#6229 = CARTESIAN_POINT ( 'NONE',  ( 12.49999999999933031, 31.20788311109079771, -63.04429881564609417 ) ) ;
#6230 = VECTOR ( 'NONE', #1315, 1000.000000000000114 ) ;
#6231 = EDGE_LOOP ( 'NONE', ( #114, #4404, #4430, #216 ) ) ;
#6232 = AXIS2_PLACEMENT_3D ( 'NONE', #2076, #6688, #478 ) ;
#6233 = VECTOR ( 'NONE', #2670, 1000.000000000000000 ) ;
#6234 = CARTESIAN_POINT ( 'NONE',  ( -23.45718077811463687, 70.83629404531718876, -18.21880096033395446 ) ) ;
#6235 = CARTESIAN_POINT ( 'NONE',  ( 44.56385867493970920, 14.40815781401598450, -6.250000000000000000 ) ) ;
#6236 = EDGE_CURVE ( 'NONE', #8844, #9587, #173, .T. ) ;
#6237 = TOROIDAL_SURFACE ( 'NONE', #9027, 26.70000000000000639, 2.500000000000000000 ) ;
#6238 = EDGE_LOOP ( 'NONE', ( #8834, #9690, #8576, #7312 ) ) ;
#6239 = VECTOR ( 'NONE', #9730, 1000.000000000000227 ) ;
#6240 = CARTESIAN_POINT ( 'NONE',  ( -40.46294601237035948, 22.50000000000000000, 13.00000000000000000 ) ) ;
#6241 = ORIENTED_EDGE ( 'NONE', *, *, #768, .F. ) ;
#6242 = DIRECTION ( 'NONE',  ( 0.9674806351920982594, 0.000000000000000000, 0.2529450939004238563 ) ) ;
#6243 =( GEOMETRIC_REPRESENTATION_CONTEXT ( 3 ) GLOBAL_UNCERTAINTY_ASSIGNED_CONTEXT ( ( #5173 ) ) GLOBAL_UNIT_ASSIGNED_CONTEXT ( ( #4186, #4846, #5721 ) ) REPRESENTATION_CONTEXT ( 'NONE', 'WORKASPACE' ) );
#6244 = LINE ( 'NONE', #5468, #9329 ) ;
#6245 = CARTESIAN_POINT ( 'NONE',  ( -12.88755093684978803, 71.00000000000001421, -43.11509052350583460 ) ) ;
#6246 = ORIENTED_EDGE ( 'NONE', *, *, #4125, .F. ) ;
#6247 = AXIS2_PLACEMENT_3D ( 'NONE', #2155, #9893, #3452 ) ;
#6248 = EDGE_CURVE ( 'NONE', #3291, #7232, #2679, .T. ) ;
#6249 = DIRECTION ( 'NONE',  ( 0.000000000000000000, 0.000000000000000000, 1.000000000000000000 ) ) ;
#6250 = AXIS2_PLACEMENT_3D ( 'NONE', #2171, #10107, #6065 ) ;
#6251 = EDGE_CURVE ( 'NONE', #4316, #3513, #4356, .T. ) ;
#6252 = DIRECTION ( 'NONE',  ( 0.000000000000000000, 1.000000000000000000, -0.000000000000000000 ) ) ;
#6253 = DIRECTION ( 'NONE',  ( 0.000000000000000000, 1.000000000000000000, 0.000000000000000000 ) ) ;
#6254 = DIRECTION ( 'NONE',  ( -3.491481338843133355E-15, 0.000000000000000000, -1.000000000000000000 ) ) ;
#6255 = ORIENTED_EDGE ( 'NONE', *, *, #2112, .T. ) ;
#6256 = CARTESIAN_POINT ( 'NONE',  ( 44.58626628988228902, 12.57228115119150402, 6.088227999518364797 ) ) ;
#6257 = ORIENTED_EDGE ( 'NONE', *, *, #54, .T. ) ;
#6258 = ADVANCED_FACE ( 'NONE', ( #2831 ), #6574, .T. ) ;
#6259 = AXIS2_PLACEMENT_3D ( 'NONE', #508, #3481, #2770 ) ;
#6260 = ADVANCED_FACE ( 'NONE', ( #9082 ), #1140, .T. ) ;
#6261 = CARTESIAN_POINT ( 'NONE',  ( -17.50000000000075673, 44.31128874149307961, -73.04429881564577443 ) ) ;
#6262 = PLANE ( 'NONE',  #3181 ) ;
#6263 = CARTESIAN_POINT ( 'NONE',  ( -23.62310141324685375, 70.66961688690309984, 18.00314189548231170 ) ) ;
#6264 = DIRECTION ( 'NONE',  ( -0.000000000000000000, 1.000000000000000000, 0.000000000000000000 ) ) ;
#6265 = ORIENTED_EDGE ( 'NONE', *, *, #6827, .F. ) ;
#6266 = DIRECTION ( 'NONE',  ( 1.000000000000000000, 0.000000000000000000, -9.570888143320321804E-15 ) ) ;
#6267 = CARTESIAN_POINT ( 'NONE',  ( 0.000000000000000000, 51.00000000000000711, 0.000000000000000000 ) ) ;
#6268 = ORIENTED_EDGE ( 'NONE', *, *, #47, .T. ) ;
#6269 = CARTESIAN_POINT ( 'NONE',  ( 11.25000000000000000, 21.00000000000000000, -5.000000000000000888 ) ) ;
#6270 = DIRECTION ( 'NONE',  ( -0.000000000000000000, 1.000000000000000000, -0.000000000000000000 ) ) ;
#6271 = EDGE_LOOP ( 'NONE', ( #3013, #4701, #7, #10074 ) ) ;
#6272 = PLANE ( 'NONE',  #6082 ) ;
#6273 = ORIENTED_EDGE ( 'NONE', *, *, #9264, .T. ) ;
#6274 = PLANE ( 'NONE',  #5027 ) ;
#6275 = DIRECTION ( 'NONE',  ( -1.000000000000000000, 0.000000000000000000, 0.000000000000000000 ) ) ;
#6276 = AXIS2_PLACEMENT_3D ( 'NONE', #1589, #7077, #767 ) ;
#6277 = ORIENTED_EDGE ( 'NONE', *, *, #8024, .T. ) ;
#6278 = CARTESIAN_POINT ( 'NONE',  ( 54.93979439394657760, 19.69645321407591965, -2.579706880928000157 ) ) ;
#6279 = ORIENTED_EDGE ( 'NONE', *, *, #7457, .T. ) ;
#6280 = VERTEX_POINT ( 'NONE', #368 ) ;
#6281 = DIRECTION ( 'NONE',  ( -0.9674806351920963721, 0.000000000000000000, -0.2529450939004306842 ) ) ;
#6282 = MANIFOLD_SOLID_BREP ( 'Boss-Extrude8', #2532 ) ;
#6283 = CARTESIAN_POINT ( 'NONE',  ( -25.28817283496544732, 61.00000000000000711, -6.940905523910762653 ) ) ;
#6284 = ORIENTED_EDGE ( 'NONE', *, *, #7682, .F. ) ;
#6285 = CARTESIAN_POINT ( 'NONE',  ( 0.000000000000000000, 61.00000000000000711, 0.000000000000000000 ) ) ;
#6286 = CARTESIAN_POINT ( 'NONE',  ( 73.04429881564595917, 4.000000000000003553, 17.49999999999999289 ) ) ;
#6287 = EDGE_LOOP ( 'NONE', ( #5525, #9539, #887, #6284 ) ) ;
#6288 = CARTESIAN_POINT ( 'NONE',  ( -43.08131845707602281, 20.16908320840874680, 13.00000000000000178 ) ) ;
#6289 = ORIENTED_EDGE ( 'NONE', *, *, #913, .T. ) ;
#6290 = CARTESIAN_POINT ( 'NONE',  ( 0.000000000000000000, 4.000000000000000000, 0.000000000000000000 ) ) ;
#6291 = CARTESIAN_POINT ( 'NONE',  ( -22.87733444822520923, 71.00000000000001421, -6.279196922621683719 ) ) ;
#6292 = CARTESIAN_POINT ( 'NONE',  ( 17.50000000000017053, 71.00000000000001421, 52.14163403653547135 ) ) ;
#6293 = ADVANCED_FACE ( 'NONE', ( #7549 ), #9747, .T. ) ;
#6294 = AXIS2_PLACEMENT_3D ( 'NONE', #5284, #1297, #5333 ) ;
#6295 = EDGE_CURVE ( 'NONE', #1407, #1514, #2138, .T. ) ;
#6296 = ORIENTED_EDGE ( 'NONE', *, *, #3060, .T. ) ;
#6297 = DIRECTION ( 'NONE',  ( -0.000000000000000000, -1.000000000000000000, -0.000000000000000000 ) ) ;
#6298 = ORIENTED_EDGE ( 'NONE', *, *, #8095, .T. ) ;
#6299 = CARTESIAN_POINT ( 'NONE',  ( 35.61195404750116467, 61.00000000000000711, -30.67227948683742866 ) ) ;
#6300 = CARTESIAN_POINT ( 'NONE',  ( 1.245476089487488558, 53.50000000000000711, 0.3337243123704414227 ) ) ;
#6301 = ORIENTED_EDGE ( 'NONE', *, *, #104, .F. ) ;
#6302 = LINE ( 'NONE', #974, #3635 ) ;
#6304 = CARTESIAN_POINT ( 'NONE',  ( -24.49999999999959499, 26.00000000000001066, -42.43524478543770329 ) ) ;
#6303 = VECTOR ( 'NONE', #6404, 1000.000000000000000 ) ;
#6305 = CARTESIAN_POINT ( 'NONE',  ( 6.249999999999299227, 0.000000000000000000, -65.07214940782306201 ) ) ;
#6306 = CARTESIAN_POINT ( 'NONE',  ( -29.58385367883597894, 53.42042054621737179, -31.40735723306984539 ) ) ;
#6307 = EDGE_CURVE ( 'NONE', #1017, #7548, #8520, .T. ) ;
#6308 = CIRCLE ( 'NONE', #3850, 1.449999999999993072 ) ;
#6309 = DIRECTION ( 'NONE',  ( 1.000000000000000000, 0.000000000000000000, 1.047444401652940007E-14 ) ) ;
#6310 = ORIENTED_EDGE ( 'NONE', *, *, #2632, .T. ) ;
#6311 = CARTESIAN_POINT ( 'NONE',  ( 12.49999999999999112, 0.000000000000000000, -4.364351673553914170E-14 ) ) ;
#6312 = CARTESIAN_POINT ( 'NONE',  ( 42.43524478543723433, 26.00000000000001066, 24.50000000000044409 ) ) ;
#6313 = ORIENTED_EDGE ( 'NONE', *, *, #4556, .T. ) ;
#6314 = PLANE ( 'NONE',  #8563 ) ;
#6315 = FACE_OUTER_BOUND ( 'NONE', #4600, .T. ) ;
#6316 = ORIENTED_EDGE ( 'NONE', *, *, #5113, .T. ) ;
#6317 = ORIENTED_EDGE ( 'NONE', *, *, #1384, .T. ) ;
#6318 = DIRECTION ( 'NONE',  ( 0.000000000000000000, 0.000000000000000000, -1.000000000000000000 ) ) ;
#6319 = LINE ( 'NONE', #2425, #8625 ) ;
#6320 = VECTOR ( 'NONE', #1698, 1000.000000000000000 ) ;
#6321 = EDGE_CURVE ( 'NONE', #1938, #9117, #7801, .T. ) ;
#6322 = ADVANCED_FACE ( 'NONE', ( #1492, #10095 ), #3736, .T. ) ;
#6323 = ORIENTED_EDGE ( 'NONE', *, *, #1614, .T. ) ;
#6324 = DIRECTION ( 'NONE',  ( -0.7027971946764646205, 0.000000000000000000, 0.7113902607956419377 ) ) ;
#6325 = EDGE_CURVE ( 'NONE', #9117, #7400, #4607, .T. ) ;
#6326 = DIRECTION ( 'NONE',  ( 0.000000000000000000, 0.000000000000000000, 1.000000000000000000 ) ) ;
#6327 = ORIENTED_EDGE ( 'NONE', *, *, #7420, .T. ) ;
#6328 = CARTESIAN_POINT ( 'NONE',  ( -12.50000000000075673, 4.000000000000003553, -73.04429881564583127 ) ) ;
#6329 = ORIENTED_EDGE ( 'NONE', *, *, #9453, .T. ) ;
#6330 = CARTESIAN_POINT ( 'NONE',  ( -31.51983550409799406, 61.00000000000000711, 15.76324483274696142 ) ) ;
#6331 = CARTESIAN_POINT ( 'NONE',  ( 17.49999999999940314, 4.000000000000000000, -58.04429881564615812 ) ) ;
#6332 = AXIS2_PLACEMENT_3D ( 'NONE', #8038, #6493, #1261 ) ;
#6333 = AXIS2_PLACEMENT_3D ( 'NONE', #4397, #5844, #9696 ) ;
#6334 = ORIENTED_EDGE ( 'NONE', *, *, #8994, .T. ) ;
#6335 = AXIS2_PLACEMENT_3D ( 'NONE', #6290, #5363, #7067 ) ;
#6336 = LINE ( 'NONE', #1671, #6819 ) ;
#6337 = FACE_OUTER_BOUND ( 'NONE', #7296, .T. ) ;
#6338 = AXIS2_PLACEMENT_3D ( 'NONE', #1656, #4167, #8684 ) ;
#6339 = ORIENTED_EDGE ( 'NONE', *, *, #4676, .F. ) ;
#6340 = DIRECTION ( 'NONE',  ( 0.7085432981232908656, 0.5749972691930225199, 0.4090776639039783724 ) ) ;
#6341 = ORIENTED_EDGE ( 'NONE', *, *, #2865, .T. ) ;
#6342 = VECTOR ( 'NONE', #2277, 1000.000000000000114 ) ;
#6343 = ORIENTED_EDGE ( 'NONE', *, *, #679, .T. ) ;
#6344 = DIRECTION ( 'NONE',  ( -1.000000000000000000, 0.000000000000000000, 0.000000000000000000 ) ) ;
#6345 = CARTESIAN_POINT ( 'NONE',  ( -12.24022189330255372, 53.50000000000000711, 40.69922564377258567 ) ) ;
#6346 = CARTESIAN_POINT ( 'NONE',  ( 60.62599999999999767, 5.000000000000000000, -4.999999999999999112 ) ) ;
#6347 = ORIENTED_EDGE ( 'NONE', *, *, #9524, .F. ) ;
#6348 = DIRECTION ( 'NONE',  ( -0.000000000000000000, 1.000000000000000000, -0.000000000000000000 ) ) ;
#6349 = VERTEX_POINT ( 'NONE', #3893 ) ;
#6350 = EDGE_CURVE ( 'NONE', #1195, #3372, #9847, .T. ) ;
#6351 = LINE ( 'NONE', #2253, #8040 ) ;
#6352 = LINE ( 'NONE', #2405, #10038 ) ;
#6353 = CARTESIAN_POINT ( 'NONE',  ( 1.040834085586084257E-13, 62.96354183687353867, 22.32075459390473426 ) ) ;
#6354 = ORIENTED_EDGE ( 'NONE', *, *, #9529, .F. ) ;
#6355 = CARTESIAN_POINT ( 'NONE',  ( 5.172418207862919282, 74.83227724332924424, 25.91293310725792765 ) ) ;
#6356 = DIRECTION ( 'NONE',  ( 0.000000000000000000, 0.000000000000000000, -1.000000000000000000 ) ) ;
#6357 = CARTESIAN_POINT ( 'NONE',  ( 12.50000000000017764, 71.00000000000001421, 53.56071321407133468 ) ) ;
#6358 = LINE ( 'NONE', #1136, #1260 ) ;
#6359 = EDGE_CURVE ( 'NONE', #6021, #2293, #9517, .T. ) ;
#6360 = CARTESIAN_POINT ( 'NONE',  ( 73.04429881564593074, 44.31128874149274566, -17.49999999999999289 ) ) ;
#6361 = ORIENTED_EDGE ( 'NONE', *, *, #9136, .T. ) ;
#6362 = CARTESIAN_POINT ( 'NONE',  ( -24.49999999999959499, 71.00000000000001421, -42.43524478543770329 ) ) ;
#6363 = LINE ( 'NONE', #1755, #6007 ) ;
#6364 = ORIENTED_EDGE ( 'NONE', *, *, #1673, .T. ) ;
#6365 = CARTESIAN_POINT ( 'NONE',  ( -1.209568566442604576, 71.00000000000001421, -1.209568566442599691 ) ) ;
#6366 = FACE_OUTER_BOUND ( 'NONE', #842, .T. ) ;
#6367 = EDGE_LOOP ( 'NONE', ( #4274, #5492, #4292, #9623 ) ) ;
#6368 = EDGE_CURVE ( 'NONE', #8717, #7573, #1182, .T. ) ;
#6369 = FACE_OUTER_BOUND ( 'NONE', #9219, .T. ) ;
#6370 = EDGE_CURVE ( 'NONE', #5287, #2664, #2873, .T. ) ;
#6371 = DIRECTION ( 'NONE',  ( 0.9674806351920947067, 0.000000000000000000, -0.2529450939004372345 ) ) ;
#6372 = EDGE_CURVE ( 'NONE', #5653, #4827, #2103, .T. ) ;
#6373 = ORIENTED_EDGE ( 'NONE', *, *, #7402, .F. ) ;
#6374 = FACE_OUTER_BOUND ( 'NONE', #5390, .T. ) ;
#6375 = EDGE_CURVE ( 'NONE', #10037, #8914, #4457, .T. ) ;
#6376 = LINE ( 'NONE', #9505, #8032 ) ;
#6377 = ORIENTED_EDGE ( 'NONE', *, *, #6465, .F. ) ;
#6378 = CARTESIAN_POINT ( 'NONE',  ( -31.51983550409811485, 61.00000000000000711, -15.76324483274674293 ) ) ;
#6379 = AXIS2_PLACEMENT_3D ( 'NONE', #2193, #6033, #2144 ) ;
#6380 = ORIENTED_EDGE ( 'NONE', *, *, #6251, .T. ) ;
#6381 = CARTESIAN_POINT ( 'NONE',  ( 22.87733444822530515, 71.00000000000001421, 6.279196922621536281 ) ) ;
#6382 = LINE ( 'NONE', #7881, #1972 ) ;
#6383 = AXIS2_PLACEMENT_3D ( 'NONE', #1459, #5451, #8589 ) ;
#6384 = ORIENTED_EDGE ( 'NONE', *, *, #6510, .T. ) ;
#6385 = EDGE_CURVE ( 'NONE', #8333, #2326, #7233, .T. ) ;
#6386 = VECTOR ( 'NONE', #761, 1000.000000000000000 ) ;
#6387 = LINE ( 'NONE', #2544, #7319 ) ;
#6388 = EDGE_CURVE ( 'NONE', #2188, #7548, #3687, .T. ) ;
#6389 = CARTESIAN_POINT ( 'NONE',  ( 0.000000000000000000, 61.00000000000000711, 0.000000000000000000 ) ) ;
#6390 = CIRCLE ( 'NONE', #9815, 50.00000000000000000 ) ;
#6391 = VERTEX_POINT ( 'NONE', #7756 ) ;
#6392 = DIRECTION ( 'NONE',  ( -0.8660254037844329345, 0.000000000000000000, 0.5000000000000102141 ) ) ;
#6393 = VECTOR ( 'NONE', #1405, 1000.000000000000000 ) ;
#6394 = ORIENTED_EDGE ( 'NONE', *, *, #4322, .T. ) ;
#6395 = EDGE_LOOP ( 'NONE', ( #8599, #3173, #9787, #8536, #2499, #1848, #9914 ) ) ;
#6396 = VECTOR ( 'NONE', #6182, 1000.000000000000227 ) ;
#6397 = CARTESIAN_POINT ( 'NONE',  ( 17.49999999999933209, 31.20788311109079771, -63.04429881564614391 ) ) ;
#6398 = AXIS2_PLACEMENT_3D ( 'NONE', #7239, #5637, #4864 ) ;
#6399 = VECTOR ( 'NONE', #2471, 1000.000000000000114 ) ;
#6400 = DIRECTION ( 'NONE',  ( -0.000000000000000000, 1.000000000000000000, -0.000000000000000000 ) ) ;
#6401 = LINE ( 'NONE', #6292, #4926 ) ;
#6402 = ORIENTED_EDGE ( 'NONE', *, *, #8827, .F. ) ;
#6403 = CIRCLE ( 'NONE', #7227, 1.449999999999999067 ) ;
#6404 = DIRECTION ( 'NONE',  ( -0.7071067811865492381, 0.000000000000000000, 0.7071067811865457964 ) ) ;
#6405 = AXIS2_PLACEMENT_3D ( 'NONE', #3088, #10015, #5293 ) ;
#6406 = ORIENTED_EDGE ( 'NONE', *, *, #3239, .T. ) ;
#6407 = CARTESIAN_POINT ( 'NONE',  ( 54.64841912484457254, 13.17820806226210983, 6.209420130702394403 ) ) ;
#6408 = CIRCLE ( 'NONE', #1990, 42.49999999999998579 ) ;
#6409 = CARTESIAN_POINT ( 'NONE',  ( 16.52091614407034115, 61.00000000000000711, -16.32135574438676429 ) ) ;
#6410 = DIRECTION ( 'NONE',  ( 0.000000000000000000, -1.000000000000000000, 0.000000000000000000 ) ) ;
#6411 = ORIENTED_EDGE ( 'NONE', *, *, #6652, .F. ) ;
#6412 = CARTESIAN_POINT ( 'NONE',  ( -63.04429881564596627, 31.20788311109079771, 12.49999999999999112 ) ) ;
#6413 = VECTOR ( 'NONE', #3017, 1000.000000000000000 ) ;
#6414 = FACE_OUTER_BOUND ( 'NONE', #3152, .T. ) ;
#6415 = AXIS2_PLACEMENT_3D ( 'NONE', #10055, #5288, #1554 ) ;
#6416 = CARTESIAN_POINT ( 'NONE',  ( -63.04429881564596627, 31.20788311109079771, -17.49999999999999289 ) ) ;
#6417 = DIRECTION ( 'NONE',  ( 0.000000000000000000, 1.000000000000000000, 0.000000000000000000 ) ) ;
#6418 = DIRECTION ( 'NONE',  ( 0.000000000000000000, -0.000000000000000000, 1.000000000000000000 ) ) ;
#6419 = VERTEX_POINT ( 'NONE', #666 ) ;
#6420 = LINE ( 'NONE', #6362, #1161 ) ;
#6421 = CARTESIAN_POINT ( 'NONE',  ( -9.719403950192180730, 70.50000000000000000, -42.88251491892219747 ) ) ;
#6422 = VECTOR ( 'NONE', #8423, 1000.000000000000000 ) ;
#6423 = ORIENTED_EDGE ( 'NONE', *, *, #1447, .F. ) ;
#6424 = CARTESIAN_POINT ( 'NONE',  ( 17.50000000000026645, 44.31128874149284513, 78.04429881564591653 ) ) ;
#6425 = PLANE ( 'NONE',  #8851 ) ;
#6426 = ORIENTED_EDGE ( 'NONE', *, *, #4200, .F. ) ;
#6427 = EDGE_CURVE ( 'NONE', #6835, #1276, #3795, .T. ) ;
#6428 = DIRECTION ( 'NONE',  ( -0.000000000000000000, 1.000000000000000000, -0.000000000000000000 ) ) ;
#6429 = EDGE_CURVE ( 'NONE', #3547, #9273, #6838, .T. ) ;
#6430 = DIRECTION ( 'NONE',  ( 3.277142547889508921E-15, 0.3449775664491150917, 0.9386109303896085221 ) ) ;
#6431 = CIRCLE ( 'NONE', #9352, 55.00000000000000000 ) ;
#6432 = ORIENTED_EDGE ( 'NONE', *, *, #9072, .F. ) ;
#6433 = CARTESIAN_POINT ( 'NONE',  ( -21.13113162539924517, 71.00000000000001421, -22.95463517963317202 ) ) ;
#6434 = CARTESIAN_POINT ( 'NONE',  ( 0.000000000000000000, 71.00000000000001421, 0.000000000000000000 ) ) ;
#6435 = ORIENTED_EDGE ( 'NONE', *, *, #9705, .T. ) ;
#6436 = CARTESIAN_POINT ( 'NONE',  ( -28.61717926410553048, 70.49999999999998579, -16.52213615157901572 ) ) ;
#6437 = ORIENTED_EDGE ( 'NONE', *, *, #5689, .F. ) ;
#6438 = CARTESIAN_POINT ( 'NONE',  ( -66.52214940782297958, 4.000000000000000000, 7.699999999999994849 ) ) ;
#6439 = MANIFOLD_SOLID_BREP ( 'Fillet2', #1070 ) ;
#6440 = FACE_OUTER_BOUND ( 'NONE', #7624, .T. ) ;
#6441 = ORIENTED_EDGE ( 'NONE', *, *, #4863, .F. ) ;
#6442 = ADVANCED_FACE ( 'NONE', ( #2658 ), #618, .T. ) ;
#6443 = LINE ( 'NONE', #7988, #596 ) ;
#6444 = DIRECTION ( 'NONE',  ( -0.5000000000000027756, 0.000000000000000000, 0.8660254037844370423 ) ) ;
#6445 = ORIENTED_EDGE ( 'NONE', *, *, #6624, .F. ) ;
#6446 = ADVANCED_FACE ( 'NONE', ( #4234 ), #294, .F. ) ;
#6447 = LINE ( 'NONE', #7368, #9652 ) ;
#6448 = VERTEX_POINT ( 'NONE', #9676 ) ;
#6449 = AXIS2_PLACEMENT_3D ( 'NONE', #3120, #2353, #8617 ) ;
#6450 = ORIENTED_EDGE ( 'NONE', *, *, #9997, .T. ) ;
#6451 = CARTESIAN_POINT ( 'NONE',  ( 12.75522294832699188, 52.52341675436966995, 42.62123574707536733 ) ) ;
#6452 = EDGE_CURVE ( 'NONE', #9662, #7269, #7995, .T. ) ;
#6453 = CARTESIAN_POINT ( 'NONE',  ( 30.89498821139687834, 53.50000000000000711, 32.71849176563076611 ) ) ;
#6454 = CYLINDRICAL_SURFACE ( 'NONE', #8355, 1.300000000000001599 ) ;
#6455 = CARTESIAN_POINT ( 'NONE',  ( 43.53742882615516407, 52.10923818192161860, -10.33092164501410970 ) ) ;
#6456 = ORIENTED_EDGE ( 'NONE', *, *, #3257, .F. ) ;
#6457 = ORIENTED_EDGE ( 'NONE', *, *, #9212, .F. ) ;
#6458 = CARTESIAN_POINT ( 'NONE',  ( 6.116043052040540218, 71.00000000000001421, 30.41066267032437764 ) ) ;
#6459 = ORIENTED_EDGE ( 'NONE', *, *, #2813, .F. ) ;
#6460 = EDGE_CURVE ( 'NONE', #9638, #9180, #9625, .T. ) ;
#6461 = DIRECTION ( 'NONE',  ( 0.2646834405156195391, 0.000000000000000000, -0.9643353546960800049 ) ) ;
#6462 = EDGE_CURVE ( 'NONE', #8308, #4283, #960, .T. ) ;
#6463 = VERTEX_POINT ( 'NONE', #1728 ) ;
#6464 = CARTESIAN_POINT ( 'NONE',  ( 0.000000000000000000, 61.00000000000000711, 0.000000000000000000 ) ) ;
#6465 = EDGE_CURVE ( 'NONE', #6419, #7875, #7024, .T. ) ;
#6466 = EDGE_CURVE ( 'NONE', #9644, #4165, #1119, .T. ) ;
#6467 = CARTESIAN_POINT ( 'NONE',  ( -3.509433644628745519, 61.00000000000000711, 29.49192898902932214 ) ) ;
#6468 = VERTEX_POINT ( 'NONE', #1067 ) ;
#6469 = CARTESIAN_POINT ( 'NONE',  ( 30.01166769189504180, 53.17044761530210195, 31.83517124612894023 ) ) ;
#6470 = DIRECTION ( 'NONE',  ( 0.9674806351920947067, 0.000000000000000000, -0.2529450939004372345 ) ) ;
#6471 = CARTESIAN_POINT ( 'NONE',  ( 30.29579621170467618, 52.88262122970324697, -32.11929976593858527 ) ) ;
#6472 = VECTOR ( 'NONE', #5187, 1000.000000000000000 ) ;
#6473 = DIRECTION ( 'NONE',  ( -0.9674806351920964831, 0.000000000000000000, -0.2529450939004305732 ) ) ;
#6474 = ORIENTED_EDGE ( 'NONE', *, *, #9319, .F. ) ;
#6475 = FACE_OUTER_BOUND ( 'NONE', #4794, .T. ) ;
#6476 = DIRECTION ( 'NONE',  ( -0.000000000000000000, 1.000000000000000000, -0.000000000000000000 ) ) ;
#6477 = EDGE_LOOP ( 'NONE', ( #8928, #5799 ) ) ;
#6478 = LINE ( 'NONE', #5698, #859 ) ;
#6479 = DIRECTION ( 'NONE',  ( 1.000000000000000000, 0.000000000000000000, -9.570888143320321804E-15 ) ) ;
#6480 = VERTEX_POINT ( 'NONE', #8618 ) ;
#6481 = AXIS2_PLACEMENT_3D ( 'NONE', #7261, #5091, #6682 ) ;
#6482 = DIRECTION ( 'NONE',  ( 0.000000000000000000, 0.000000000000000000, 1.000000000000000000 ) ) ;
#6483 = DIRECTION ( 'NONE',  ( 0.000000000000000000, 1.000000000000000000, 0.000000000000000000 ) ) ;
#6484 = DIRECTION ( 'NONE',  ( 0.000000000000000000, 1.000000000000000000, 0.000000000000000000 ) ) ;
#6485 = CARTESIAN_POINT ( 'NONE',  ( 22.99516433957277073, 71.00000000000001421, 20.57602720668704066 ) ) ;
#6486 = EDGE_CURVE ( 'NONE', #3425, #832, #9573, .T. ) ;
#6487 = ORIENTED_EDGE ( 'NONE', *, *, #8125, .F. ) ;
#6488 = CIRCLE ( 'NONE', #4349, 55.00000000000000000 ) ;
#6489 = DIRECTION ( 'NONE',  ( -0.4074239411274135914, 0.5796748474660681216, 0.7056789662526413709 ) ) ;
#6490 = ORIENTED_EDGE ( 'NONE', *, *, #1013, .T. ) ;
#6491 = LINE ( 'NONE', #332, #1348 ) ;
#6492 = PLANE ( 'NONE',  #4750 ) ;
#6493 = DIRECTION ( 'NONE',  ( 0.5030288774786598749, -0.7071067811865547892, -0.4969526621546052070 ) ) ;
#6494 = DIRECTION ( 'NONE',  ( -0.2646834405156328063, 0.000000000000000000, -0.9643353546960763412 ) ) ;
#6495 = ORIENTED_EDGE ( 'NONE', *, *, #8683, .F. ) ;
#6496 = AXIS2_PLACEMENT_3D ( 'NONE', #8953, #9911, #3507 ) ;
#6497 = CARTESIAN_POINT ( 'NONE',  ( 12.88755093684979336, 51.00000000000000711, 43.11509052350583460 ) ) ;
#6498 = ORIENTED_EDGE ( 'NONE', *, *, #6977, .F. ) ;
#6499 = VECTOR ( 'NONE', #2733, 1000.000000000000000 ) ;
#6500 = ORIENTED_EDGE ( 'NONE', *, *, #3365, .F. ) ;
#6501 = CARTESIAN_POINT ( 'NONE',  ( 12.41061082169978036, 53.43369657167162501, 41.33512578159820805 ) ) ;
#6502 = DIRECTION ( 'NONE',  ( -0.6818880686435088156, 0.7071067811865711095, -0.1871594556563793699 ) ) ;
#6503 = CARTESIAN_POINT ( 'NONE',  ( -16.52091614407034115, 70.50000000000002842, -16.32135574438677139 ) ) ;
#6504 = DIRECTION ( 'NONE',  ( 0.000000000000000000, 1.000000000000000000, 0.000000000000000000 ) ) ;
#6505 = ORIENTED_EDGE ( 'NONE', *, *, #7901, .F. ) ;
#6506 = ADVANCED_FACE ( 'NONE', ( #7221 ), #5004, .F. ) ;
#6507 = ORIENTED_EDGE ( 'NONE', *, *, #7333, .T. ) ;
#6508 = EDGE_CURVE ( 'NONE', #10023, #1834, #6408, .T. ) ;
#6509 = EDGE_LOOP ( 'NONE', ( #6670, #9906, #3534, #331, #4438, #7256 ) ) ;
#6510 = EDGE_CURVE ( 'NONE', #5562, #1166, #153, .T. ) ;
#6511 = LINE ( 'NONE', #5680, #7031 ) ;
#6512 = EDGE_LOOP ( 'NONE', ( #3708, #4726, #9309, #1669 ) ) ;
#6513 = DIRECTION ( 'NONE',  ( 0.9659258262890674240, 0.000000000000000000, -0.2588190451025235150 ) ) ;
#6514 = CYLINDRICAL_SURFACE ( 'NONE', #503, 29.70000000000000284 ) ;
#6515 = EDGE_LOOP ( 'NONE', ( #8294, #6793, #2653, #7755 ) ) ;
#6516 = LINE ( 'NONE', #2408, #9370 ) ;
#6517 = VERTEX_POINT ( 'NONE', #392 ) ;
#6518 = ADVANCED_FACE ( 'NONE', ( #5153 ), #9965, .F. ) ;
#6519 = CARTESIAN_POINT ( 'NONE',  ( 1.734723475976807094E-15, 61.00000000000000711, 33.04427230315816644 ) ) ;
#6520 = EDGE_CURVE ( 'NONE', #7095, #2188, #1314, .T. ) ;
#6521 = CARTESIAN_POINT ( 'NONE',  ( -29.24319822148066450, 53.49999999999998579, -31.06670177571453451 ) ) ;
#6522 = CARTESIAN_POINT ( 'NONE',  ( -4.318562348436985054, 71.00000000000001421, -29.38434990335268182 ) ) ;
#6523 = ORIENTED_EDGE ( 'NONE', *, *, #8930, .F. ) ;
#6524 = CARTESIAN_POINT ( 'NONE',  ( 9.719403950192171848, 61.00000000000000711, -42.88251491892218326 ) ) ;
#6525 = ORIENTED_EDGE ( 'NONE', *, *, #2897, .F. ) ;
#6526 = CARTESIAN_POINT ( 'NONE',  ( 21.36739281758968900, 79.38334886522916634, 12.33646999511557141 ) ) ;
#6527 = LINE ( 'NONE', #9841, #6881 ) ;
#6528 = ORIENTED_EDGE ( 'NONE', *, *, #4395, .T. ) ;
#6529 = DIRECTION ( 'NONE',  ( 0.000000000000000000, 0.000000000000000000, 1.000000000000000000 ) ) ;
#6530 = FACE_OUTER_BOUND ( 'NONE', #4005, .T. ) ;
#6531 = LINE ( 'NONE', #6042, #3135 ) ;
#6532 = CARTESIAN_POINT ( 'NONE',  ( 0.000000000000000000, 51.00000000000000711, 0.000000000000000000 ) ) ;
#6533 = DIRECTION ( 'NONE',  ( 1.000000000000000000, -0.000000000000000000, 1.224646799147353207E-16 ) ) ;
#6534 = VERTEX_POINT ( 'NONE', #1267 ) ;
#6535 = DIRECTION ( 'NONE',  ( 0.000000000000000000, -1.000000000000000000, 0.000000000000000000 ) ) ;
#6536 = VERTEX_POINT ( 'NONE', #2183 ) ;
#6537 = CYLINDRICAL_SURFACE ( 'NONE', #8394, 1.300000000000001599 ) ;
#6538 = EDGE_CURVE ( 'NONE', #2785, #2731, #1368, .T. ) ;
#6539 = DIRECTION ( 'NONE',  ( -1.000000000000000000, 0.000000000000000000, 3.491481338843133355E-15 ) ) ;
#6540 = CARTESIAN_POINT ( 'NONE',  ( -43.08131845707601570, 20.00000000000000000, -13.00000000000000000 ) ) ;
#6541 = CARTESIAN_POINT ( 'NONE',  ( 12.49999999999953637, 31.20788311109079771, -43.28812969620325646 ) ) ;
#6542 = VECTOR ( 'NONE', #9833, 1000.000000000000114 ) ;
#6543 = EDGE_LOOP ( 'NONE', ( #5366, #6423, #5967, #5434 ) ) ;
#6544 = LINE ( 'NONE', #1778, #6053 ) ;
#6545 = ORIENTED_EDGE ( 'NONE', *, *, #7404, .F. ) ;
#6546 = ORIENTED_EDGE ( 'NONE', *, *, #4993, .T. ) ;
#6547 = DIRECTION ( 'NONE',  ( 0.7027971946764646205, 0.000000000000000000, -0.7113902607956419377 ) ) ;
#6548 = DIRECTION ( 'NONE',  ( -3.613448206729806209E-15, -0.9386109303896084111, -0.3449775664491150362 ) ) ;
#6549 = AXIS2_PLACEMENT_3D ( 'NONE', #1121, #7117, #5927 ) ;
#6550 = CARTESIAN_POINT ( 'NONE',  ( 19.25000000000000355, 21.00000000000000000, -5.000000000000000888 ) ) ;
#6551 = LINE ( 'NONE', #297, #4435 ) ;
#6552 = ORIENTED_EDGE ( 'NONE', *, *, #2424, .T. ) ;
#6553 = VECTOR ( 'NONE', #1872, 1000.000000000000000 ) ;
#6554 = DIRECTION ( 'NONE',  ( -0.7071067811865390240, 0.000000000000000000, 0.7071067811865561215 ) ) ;
#6555 = EDGE_CURVE ( 'NONE', #5444, #9562, #8446, .T. ) ;
#6556 = SHAPE_DEFINITION_REPRESENTATION ( #321, #8176 ) ;
#6557 = AXIS2_PLACEMENT_3D ( 'NONE', #554, #6038, #1386 ) ;
#6558 = ORIENTED_EDGE ( 'NONE', *, *, #10018, .T. ) ;
#6559 = VECTOR ( 'NONE', #3775, 1000.000000000000000 ) ;
#6560 = CARTESIAN_POINT ( 'NONE',  ( 54.91207432288765489, 8.573284711484548737, 3.127291375932026884 ) ) ;
#6561 = EDGE_LOOP ( 'NONE', ( #7831, #4592, #7742, #7782, #4765, #2209 ) ) ;
#6562 = AXIS2_PLACEMENT_3D ( 'NONE', #5373, #8372, #720 ) ;
#6563 = DIRECTION ( 'NONE',  ( 0.9643353546960764522, 0.000000000000000000, -0.2646834405156328618 ) ) ;
#6564 = CARTESIAN_POINT ( 'NONE',  ( -22.39516677087721774, 61.00000000000000711, -6.146855202363884274 ) ) ;
#6565 = VERTEX_POINT ( 'NONE', #5252 ) ;
#6566 = DIRECTION ( 'NONE',  ( 0.2646834405156194281, 0.000000000000000000, -0.9643353546960800049 ) ) ;
#6567 = ADVANCED_FACE ( 'NONE', ( #541 ), #3662, .F. ) ;
#6568 = ORIENTED_EDGE ( 'NONE', *, *, #6248, .T. ) ;
#6569 = ADVANCED_FACE ( 'NONE', ( #6080 ), #9206, .F. ) ;
#6570 = PLANE ( 'NONE',  #7652 ) ;
#6571 = CARTESIAN_POINT ( 'NONE',  ( -44.56324311698475782, 71.00000000000001421, -14.93711360660122445 ) ) ;
#6572 = ORIENTED_EDGE ( 'NONE', *, *, #6429, .F. ) ;
#6573 = CIRCLE ( 'NONE', #3296, 44.99999999999998579 ) ;
#6574 = PLANE ( 'NONE',  #1322 ) ;
#6575 = EDGE_CURVE ( 'NONE', #4894, #8729, #4287, .T. ) ;
#6576 = VERTEX_POINT ( 'NONE', #6794 ) ;
#6577 = DIRECTION ( 'NONE',  ( 0.000000000000000000, -1.000000000000000000, 0.000000000000000000 ) ) ;
#6578 = EDGE_CURVE ( 'NONE', #5039, #5205, #9155, .T. ) ;
#6579 = ORIENTED_EDGE ( 'NONE', *, *, #7265, .T. ) ;
#6580 = AXIS2_PLACEMENT_3D ( 'NONE', #5430, #5325, #1344 ) ;
#6581 = CARTESIAN_POINT ( 'NONE',  ( 30.89498821139686058, 71.00000000000001421, -32.71849176563078032 ) ) ;
#6582 = CARTESIAN_POINT ( 'NONE',  ( -47.63139720814402267, 26.00000000000001066, -27.50000000000016342 ) ) ;
#6583 = VECTOR ( 'NONE', #9907, 1000.000000000000000 ) ;
#6584 = CARTESIAN_POINT ( 'NONE',  ( -17.49999999999975486, 0.000000000000000000, 73.04429881564600180 ) ) ;
#6585 = CARTESIAN_POINT ( 'NONE',  ( 0.000000000000000000, 4.000000000000000000, -17.49999999999999289 ) ) ;
#6586 = FACE_BOUND ( 'NONE', #5341, .T. ) ;
#6587 = ORIENTED_EDGE ( 'NONE', *, *, #1349, .F. ) ;
#6588 = DIRECTION ( 'NONE',  ( 0.000000000000000000, 0.000000000000000000, 1.000000000000000000 ) ) ;
#6589 = ORIENTED_EDGE ( 'NONE', *, *, #4439, .F. ) ;
#6590 = CARTESIAN_POINT ( 'NONE',  ( 1.734723475976789542E-15, 121.0000000000001563, 3.004629197474328712E-15 ) ) ;
#6591 = DIRECTION ( 'NONE',  ( 0.000000000000000000, -0.9386109303896084111, -0.3449775664491150362 ) ) ;
#6592 = CIRCLE ( 'NONE', #370, 29.70000000000000284 ) ;
#6593 = LINE ( 'NONE', #4423, #2451 ) ;
#6594 = DIRECTION ( 'NONE',  ( 0.9643353546960764522, 0.000000000000000000, -0.2646834405156328618 ) ) ;
#6595 = ORIENTED_EDGE ( 'NONE', *, *, #5413, .F. ) ;
#6596 = LINE ( 'NONE', #4138, #7377 ) ;
#6597 = VERTEX_POINT ( 'NONE', #487 ) ;
#6598 = ORIENTED_EDGE ( 'NONE', *, *, #493, .T. ) ;
#6599 = CARTESIAN_POINT ( 'NONE',  ( 0.000000000000000000, 53.50000000000000711, 0.000000000000000000 ) ) ;
#6600 = CARTESIAN_POINT ( 'NONE',  ( 23.28831231577550298, 71.00000000000001421, -18.43215965325005712 ) ) ;
#6601 = PLANE ( 'NONE',  #6220 ) ;
#6602 = CARTESIAN_POINT ( 'NONE',  ( 6.735557395310442615E-15, 66.00000000000000000, 55.00000000000000000 ) ) ;
#6603 = EDGE_LOOP ( 'NONE', ( #7522, #8410, #7907, #7059 ) ) ;
#6604 = DIRECTION ( 'NONE',  ( 0.4999999999999859002, 0.000000000000000000, 0.8660254037844468122 ) ) ;
#6605 = VECTOR ( 'NONE', #7547, 1000.000000000000000 ) ;
#6606 = ORIENTED_EDGE ( 'NONE', *, *, #3495, .F. ) ;
#6607 = CARTESIAN_POINT ( 'NONE',  ( 11.25000000000000000, 4.000000000000000000, -12.99999999999999289 ) ) ;
#6608 = ORIENTED_EDGE ( 'NONE', *, *, #2788, .F. ) ;
#6609 = DIRECTION ( 'NONE',  ( 0.000000000000000000, 0.000000000000000000, 1.000000000000000000 ) ) ;
#6610 = DIRECTION ( 'NONE',  ( 0.000000000000000000, 1.000000000000000000, 0.000000000000000000 ) ) ;
#6611 = ADVANCED_FACE ( 'NONE', ( #9109 ), #7626, .T. ) ;
#6612 = ORIENTED_EDGE ( 'NONE', *, *, #3056, .T. ) ;
#6613 = DIRECTION ( 'NONE',  ( 0.3449775664491150362, -0.9386109303896084111, 0.000000000000000000 ) ) ;
#6614 = EDGE_CURVE ( 'NONE', #9119, #5350, #3611, .T. ) ;
#6615 = ORIENTED_EDGE ( 'NONE', *, *, #4916, .T. ) ;
#6616 = DIRECTION ( 'NONE',  ( -0.2646834405156195391, 0.000000000000000000, 0.9643353546960800049 ) ) ;
#6617 = DIRECTION ( 'NONE',  ( 1.000000000000000000, 0.000000000000000000, 0.000000000000000000 ) ) ;
#6618 = EDGE_CURVE ( 'NONE', #4174, #5877, #5972, .T. ) ;
#6619 = ORIENTED_EDGE ( 'NONE', *, *, #3239, .F. ) ;
#6620 = CARTESIAN_POINT ( 'NONE',  ( -12.49999999999999112, 4.000000000000000000, 1.309305502066174062E-13 ) ) ;
#6621 = ORIENTED_EDGE ( 'NONE', *, *, #8814, .F. ) ;
#6622 = DIRECTION ( 'NONE',  ( 0.000000000000000000, 0.000000000000000000, 1.000000000000000000 ) ) ;
#6623 = ORIENTED_EDGE ( 'NONE', *, *, #7808, .T. ) ;
#6624 = EDGE_CURVE ( 'NONE', #1599, #9117, #8246, .T. ) ;
#6625 = AXIS2_PLACEMENT_3D ( 'NONE', #4512, #4464, #3805 ) ;
#6626 = DIRECTION ( 'NONE',  ( -0.000000000000000000, 1.000000000000000000, 0.000000000000000000 ) ) ;
#6627 = CARTESIAN_POINT ( 'NONE',  ( -0.3337243123704493053, 71.00000000000001421, -1.245476089487487226 ) ) ;
#6628 = DIRECTION ( 'NONE',  ( 0.000000000000000000, 0.000000000000000000, 1.000000000000000000 ) ) ;
#6629 = FACE_BOUND ( 'NONE', #1805, .T. ) ;
#6630 = EDGE_LOOP ( 'NONE', ( #6710, #7606 ) ) ;
#6631 = LINE ( 'NONE', #5961, #4181 ) ;
#6632 = ORIENTED_EDGE ( 'NONE', *, *, #2789, .T. ) ;
#6633 = LINE ( 'NONE', #3548, #6916 ) ;
#6634 = DIRECTION ( 'NONE',  ( 0.2646834405156394676, 0.000000000000000000, 0.9643353546960745648 ) ) ;
#6635 = DIRECTION ( 'NONE',  ( -0.8660254037844432595, 0.000000000000000000, -0.4999999999999918954 ) ) ;
#6636 = CARTESIAN_POINT ( 'NONE',  ( 42.43524478543723433, 26.00000000000001066, 24.50000000000044409 ) ) ;
#6637 = EDGE_CURVE ( 'NONE', #4254, #1827, #7578, .T. ) ;
#6638 = EDGE_CURVE ( 'NONE', #1718, #424, #1220, .T. ) ;
#6639 = EDGE_CURVE ( 'NONE', #7488, #8974, #7727, .T. ) ;
#6640 = ADVANCED_FACE ( 'NONE', ( #3559 ), #6694, .F. ) ;
#6641 = AXIS2_PLACEMENT_3D ( 'NONE', #4323, #9760, #7461 ) ;
#6642 = ORIENTED_EDGE ( 'NONE', *, *, #5490, .T. ) ;
#6643 = CARTESIAN_POINT ( 'NONE',  ( 11.25000000000000000, 21.00000000000000000, 4.999999999999999112 ) ) ;
#6644 = ORIENTED_EDGE ( 'NONE', *, *, #7841, .F. ) ;
#6645 = ORIENTED_EDGE ( 'NONE', *, *, #6385, .F. ) ;
#6646 = CARTESIAN_POINT ( 'NONE',  ( 6.250000000000228262, -1.000000000000000000, 66.52214940782296537 ) ) ;
#6647 = CARTESIAN_POINT ( 'NONE',  ( 3.779627522800058870, 70.66961688690308563, 29.45977688778902248 ) ) ;
#6648 = PLANE ( 'NONE',  #2123 ) ;
#6649 = LINE ( 'NONE', #2758, #7560 ) ;
#6650 = ORIENTED_EDGE ( 'NONE', *, *, #10075, .T. ) ;
#6651 = CARTESIAN_POINT ( 'NONE',  ( 1.652301389379721819, 61.00000000000000711, 0.4427328229371135238 ) ) ;
#6652 = EDGE_CURVE ( 'NONE', #5215, #1174, #9017, .T. ) ;
#6653 = CARTESIAN_POINT ( 'NONE',  ( 44.89142723600823359, 19.41405140007798735, -3.129309254497372184 ) ) ;
#6654 = AXIS2_PLACEMENT_3D ( 'NONE', #8603, #1574, #10123 ) ;
#6655 = AXIS2_PLACEMENT_3D ( 'NONE', #6206, #9336, #5382 ) ;
#6656 = VERTEX_POINT ( 'NONE', #10120 ) ;
#6657 = LINE ( 'NONE', #5936, #972 ) ;
#6658 = ORIENTED_EDGE ( 'NONE', *, *, #1126, .T. ) ;
#6659 = DIRECTION ( 'NONE',  ( 0.000000000000000000, 1.000000000000000000, 0.000000000000000000 ) ) ;
#6660 = CARTESIAN_POINT ( 'NONE',  ( 54.69521384182626633, 11.60525908244722970, -5.783751393112545713 ) ) ;
#6661 = EDGE_LOOP ( 'NONE', ( #5453, #133, #8030, #6323 ) ) ;
#6662 = DIRECTION ( 'NONE',  ( -1.047444401652940007E-14, 0.000000000000000000, -1.000000000000000000 ) ) ;
#6663 = EDGE_CURVE ( 'NONE', #4059, #2370, #1570, .T. ) ;
#6664 = B_SPLINE_CURVE_WITH_KNOTS ( 'NONE', 3,
 ( #7938, #7991, #956, #9916, #389, #8243, #7421, #436, #1264, #2898, #9869, #5150, #9724, #4284, #8293, #7471 ),
 .UNSPECIFIED., .F., .F.,
 ( 4, 2, 2, 2, 2, 2, 2, 4 ),
 ( 6.938893903907227607E-18, 0.0004882818077346270371, 0.0009765636154692471354, 0.001464845423203867342, 0.001953127230938487332, 0.002441409038673107105, 0.002929690846407727745, 0.003906254461876987674 ),
 .UNSPECIFIED. ) ;
#6665 = ORIENTED_EDGE ( 'NONE', *, *, #1747, .T. ) ;
#6666 = VECTOR ( 'NONE', #2782, 1000.000000000000000 ) ;
#6667 = CARTESIAN_POINT ( 'NONE',  ( -6.633085908508034478, 61.00000000000000711, 25.37065285232707623 ) ) ;
#6668 = VECTOR ( 'NONE', #8826, 1000.000000000000000 ) ;
#6669 = CARTESIAN_POINT ( 'NONE',  ( -6.633085908508034478, 61.00000000000000711, 25.37065285232707623 ) ) ;
#6670 = ORIENTED_EDGE ( 'NONE', *, *, #1199, .T. ) ;
#6671 = DIRECTION ( 'NONE',  ( 0.2529450939004372345, 0.000000000000000000, 0.9674806351920947067 ) ) ;
#6672 = VECTOR ( 'NONE', #8731, 1000.000000000000114 ) ;
#6673 = VERTEX_POINT ( 'NONE', #1616 ) ;
#6674 = FACE_OUTER_BOUND ( 'NONE', #6512, .T. ) ;
#6675 = ORIENTED_EDGE ( 'NONE', *, *, #3565, .T. ) ;
#6676 = DIRECTION ( 'NONE',  ( 0.7071067811865412445, 0.000000000000000000, -0.7071067811865537900 ) ) ;
#6677 = DIRECTION ( 'NONE',  ( -0.000000000000000000, 1.000000000000000000, -0.000000000000000000 ) ) ;
#6678 = EDGE_CURVE ( 'NONE', #7219, #3324, #2434, .T. ) ;
#6679 = CARTESIAN_POINT ( 'NONE',  ( 0.000000000000000000, 4.000000000000000000, 0.000000000000000000 ) ) ;
#6680 = FACE_BOUND ( 'NONE', #5812, .T. ) ;
#6681 = EDGE_CURVE ( 'NONE', #3114, #1787, #9033, .T. ) ;
#6682 = DIRECTION ( 'NONE',  ( 1.000000000000000000, 0.000000000000000000, 0.000000000000000000 ) ) ;
#6683 = ORIENTED_EDGE ( 'NONE', *, *, #1941, .F. ) ;
#6684 = LINE ( 'NONE', #1923, #3468 ) ;
#6685 = DIRECTION ( 'NONE',  ( 1.000000000000000000, 0.000000000000000000, -1.047444401652940007E-14 ) ) ;
#6686 = EDGE_CURVE ( 'NONE', #1117, #2092, #3096, .T. ) ;
#6687 = CARTESIAN_POINT ( 'NONE',  ( 78.04429881564594496, 44.31128874149274566, 17.50000000000001066 ) ) ;
#6688 = DIRECTION ( 'NONE',  ( 0.000000000000000000, -1.000000000000000000, 0.000000000000000000 ) ) ;
#6689 = EDGE_CURVE ( 'NONE', #1151, #8947, #7105, .T. ) ;
#6690 = ORIENTED_EDGE ( 'NONE', *, *, #4690, .F. ) ;
#6691 = FACE_OUTER_BOUND ( 'NONE', #4728, .T. ) ;
#6692 = ORIENTED_EDGE ( 'NONE', *, *, #7717, .F. ) ;
#6693 = ORIENTED_EDGE ( 'NONE', *, *, #7579, .F. ) ;
#6694 = PLANE ( 'NONE',  #7895 ) ;
#6695 = DIRECTION ( 'NONE',  ( -0.7071067811865501263, 0.000000000000000000, -0.7071067811865450192 ) ) ;
#6696 = EDGE_CURVE ( 'NONE', #5448, #1997, #356, .T. ) ;
#6697 = LINE ( 'NONE', #4236, #4256 ) ;
#6698 = CARTESIAN_POINT ( 'NONE',  ( 0.3556951303978116430, 71.00000000000001421, -36.96153047156166593 ) ) ;
#6699 = ORIENTED_EDGE ( 'NONE', *, *, #3945, .T. ) ;
#6700 = EDGE_CURVE ( 'NONE', #6597, #1865, #2385, .T. ) ;
#6701 = LINE ( 'NONE', #1420, #8788 ) ;
#6702 = LINE ( 'NONE', #5159, #5082 ) ;
#6703 = AXIS2_PLACEMENT_3D ( 'NONE', #5312, #2392, #6189 ) ;
#6704 = ORIENTED_EDGE ( 'NONE', *, *, #692, .T. ) ;
#6705 = DIRECTION ( 'NONE',  ( -0.8660254037844415942, 0.000000000000000000, 0.4999999999999950040 ) ) ;
#6706 = VERTEX_POINT ( 'NONE', #5405 ) ;
#6707 = FACE_OUTER_BOUND ( 'NONE', #7744, .T. ) ;
#6708 = DIRECTION ( 'NONE',  ( 0.000000000000000000, 0.000000000000000000, 1.000000000000000000 ) ) ;
#6709 = AXIS2_PLACEMENT_3D ( 'NONE', #3607, #2703, #1931 ) ;
#6710 = ORIENTED_EDGE ( 'NONE', *, *, #2514, .F. ) ;
#6711 = LINE ( 'NONE', #7641, #5232 ) ;
#6712 = DIRECTION ( 'NONE',  ( -0.9674806351920964831, 0.000000000000000000, -0.2529450939004305732 ) ) ;
#6713 = VECTOR ( 'NONE', #4824, 1000.000000000000000 ) ;
#6714 = ORIENTED_EDGE ( 'NONE', *, *, #5727, .T. ) ;
#6715 = AXIS2_PLACEMENT_3D ( 'NONE', #8609, #8660, #3884 ) ;
#6716 = DIRECTION ( 'NONE',  ( 0.000000000000000000, 0.000000000000000000, 1.000000000000000000 ) ) ;
#6717 = VECTOR ( 'NONE', #2455, 1000.000000000000000 ) ;
#6718 = AXIS2_PLACEMENT_3D ( 'NONE', #7186, #8831, #5643 ) ;
#6719 = FACE_OUTER_BOUND ( 'NONE', #7321, .T. ) ;
#6720 = VERTEX_POINT ( 'NONE', #3869 ) ;
#6721 = PLANE ( 'NONE',  #6222 ) ;
#6722 = EDGE_LOOP ( 'NONE', ( #5178, #2753, #6758, #6632 ) ) ;
#6723 = VECTOR ( 'NONE', #1840, 1000.000000000000000 ) ;
#6724 = DIRECTION ( 'NONE',  ( 0.000000000000000000, 0.000000000000000000, 1.000000000000000000 ) ) ;
#6725 = AXIS2_PLACEMENT_3D ( 'NONE', #5556, #337, #5715 ) ;
#6726 = ORIENTED_EDGE ( 'NONE', *, *, #1763, .T. ) ;
#6727 = AXIS2_PLACEMENT_3D ( 'NONE', #6201, #6929, #3072 ) ;
#6728 = DIRECTION ( 'NONE',  ( 0.000000000000000000, -1.084202172485504434E-16, -1.000000000000000000 ) ) ;
#6729 = LINE ( 'NONE', #1914, #1746 ) ;
#6730 = AXIS2_PLACEMENT_3D ( 'NONE', #2842, #9664, #5143 ) ;
#6731 = VECTOR ( 'NONE', #8954, 1000.000000000000114 ) ;
#6732 = DIRECTION ( 'NONE',  ( -0.000000000000000000, 1.000000000000000000, -0.000000000000000000 ) ) ;
#6733 = DIRECTION ( 'NONE',  ( 0.7027971946764646205, 0.000000000000000000, -0.7113902607956418267 ) ) ;
#6734 = CARTESIAN_POINT ( 'NONE',  ( 0.4427328229371187418, 61.00000000000000711, -1.652301389379719820 ) ) ;
#6735 = ORIENTED_EDGE ( 'NONE', *, *, #8362, .T. ) ;
#6736 = LINE ( 'NONE', #425, #2492 ) ;
#6737 = DIRECTION ( 'NONE',  ( -0.9659258262890674240, 0.000000000000000000, 0.2588190451025239591 ) ) ;
#6738 = EDGE_CURVE ( 'NONE', #1514, #5448, #5505, .T. ) ;
#6739 = EDGE_CURVE ( 'NONE', #8807, #445, #3618, .T. ) ;
#6740 = VECTOR ( 'NONE', #10036, 1000.000000000000000 ) ;
#6741 = LINE ( 'NONE', #1927, #1963 ) ;
#6742 = CARTESIAN_POINT ( 'NONE',  ( -5.874250626806746034, 61.00000000000000711, 22.46821094675078356 ) ) ;
#6743 = VECTOR ( 'NONE', #7784, 1000.000000000000114 ) ;
#6744 = ORIENTED_EDGE ( 'NONE', *, *, #1684, .T. ) ;
#6745 = PLANE ( 'NONE',  #979 ) ;
#6746 = ORIENTED_EDGE ( 'NONE', *, *, #2514, .T. ) ;
#6747 = VERTEX_POINT ( 'NONE', #3203 ) ;
#6748 = DIRECTION ( 'NONE',  ( -0.9659258262890690894, 0.000000000000000000, 0.2588190451025181305 ) ) ;
#6749 = DIRECTION ( 'NONE',  ( 0.2529450939004306842, 0.000000000000000000, -0.9674806351920963721 ) ) ;
#6750 = AXIS2_PLACEMENT_3D ( 'NONE', #1243, #9749, #6724 ) ;
#6751 = DIRECTION ( 'NONE',  ( 0.000000000000000000, 1.000000000000000000, 0.000000000000000000 ) ) ;
#6752 = VERTEX_POINT ( 'NONE', #6906 ) ;
#6753 = LINE ( 'NONE', #6651, #8460 ) ;
#6754 = CARTESIAN_POINT ( 'NONE',  ( 44.99997892803585842, 20.24984828184812713, 0.4105155274181475633 ) ) ;
#6755 = EDGE_CURVE ( 'NONE', #1035, #7577, #3919, .T. ) ;
#6756 = ORIENTED_EDGE ( 'NONE', *, *, #1289, .T. ) ;
#6757 = FACE_OUTER_BOUND ( 'NONE', #6029, .T. ) ;
#6758 = ORIENTED_EDGE ( 'NONE', *, *, #5932, .T. ) ;
#6759 = FACE_OUTER_BOUND ( 'NONE', #7351, .T. ) ;
#6760 = CARTESIAN_POINT ( 'NONE',  ( 0.000000000000000000, 0.000000000000000000, 12.49999999999999112 ) ) ;
#6761 = ORIENTED_EDGE ( 'NONE', *, *, #6876, .F. ) ;
#6762 = DIRECTION ( 'NONE',  ( 0.000000000000000000, 1.000000000000000000, 0.000000000000000000 ) ) ;
#6763 = CARTESIAN_POINT ( 'NONE',  ( -5.204170427930421283E-15, 61.00000000000000711, -37.31292906889989780 ) ) ;
#6764 = ORIENTED_EDGE ( 'NONE', *, *, #4135, .T. ) ;
#6765 = DIRECTION ( 'NONE',  ( 0.000000000000000000, 1.000000000000000000, 0.000000000000000000 ) ) ;
#6766 = ADVANCED_FACE ( 'NONE', ( #4729 ), #4682, .T. ) ;
#6767 = EDGE_CURVE ( 'NONE', #6391, #3191, #2322, .T. ) ;
#6768 = EDGE_CURVE ( 'NONE', #9772, #2059, #3975, .T. ) ;
#6769 = EDGE_CURVE ( 'NONE', #1116, #93, #746, .T. ) ;
#6770 = DIRECTION ( 'NONE',  ( -0.000000000000000000, -1.000000000000000000, 0.000000000000000000 ) ) ;
#6771 = DIRECTION ( 'NONE',  ( -0.7027971946764646205, 0.000000000000000000, 0.7113902607956418267 ) ) ;
#6772 = ORIENTED_EDGE ( 'NONE', *, *, #9330, .F. ) ;
#6773 = FACE_BOUND ( 'NONE', #1660, .T. ) ;
#6774 = EDGE_LOOP ( 'NONE', ( #8739, #9282, #9879, #3932 ) ) ;
#6775 = DIRECTION ( 'NONE',  ( 0.000000000000000000, 1.000000000000000000, 0.000000000000000000 ) ) ;
#6776 = VERTEX_POINT ( 'NONE', #10071 ) ;
#6777 = CARTESIAN_POINT ( 'NONE',  ( 19.25000000000000355, 5.000000000000000000, 5.000000000000000888 ) ) ;
#6778 = DIRECTION ( 'NONE',  ( -0.2646834405156262560, 0.000000000000000000, 0.9643353546960782285 ) ) ;
#6779 = DIRECTION ( 'NONE',  ( 0.6818880686435568883, 0.7071067811865225927, 0.1871594556563873635 ) ) ;
#6780 = CARTESIAN_POINT ( 'NONE',  ( -1.040834085586102243E-14, 121.0000000000001563, 1.802777518484580503E-14 ) ) ;
#6781 = CARTESIAN_POINT ( 'NONE',  ( 0.000000000000000000, 71.00000000000001421, 0.000000000000000000 ) ) ;
#6782 = ORIENTED_EDGE ( 'NONE', *, *, #1012, .F. ) ;
#6783 = DIRECTION ( 'NONE',  ( -1.000000000000000000, 0.000000000000000000, 1.047444401652940007E-14 ) ) ;
#6784 = DIRECTION ( 'NONE',  ( 0.9659258262890675351, 0.000000000000000000, 0.2588190451025232930 ) ) ;
#6785 = VERTEX_POINT ( 'NONE', #6181 ) ;
#6786 = CARTESIAN_POINT ( 'NONE',  ( 13.74999999999999822, 30.50000000000000000, -5.000000000000000000 ) ) ;
#6787 = CARTESIAN_POINT ( 'NONE',  ( 1.652301389379721153, 71.00000000000001421, -0.4427328229371134127 ) ) ;
#6788 = EDGE_CURVE ( 'NONE', #1578, #3462, #2282, .T. ) ;
#6789 = ORIENTED_EDGE ( 'NONE', *, *, #1857, .F. ) ;
#6790 = CARTESIAN_POINT ( 'NONE',  ( 42.43524478543723433, 26.00000000000001066, 24.50000000000044409 ) ) ;
#6791 = CARTESIAN_POINT ( 'NONE',  ( 21.13113162539923096, 71.00000000000001421, 22.95463517963317912 ) ) ;
#6792 = EDGE_LOOP ( 'NONE', ( #9417, #694, #9016, #8598 ) ) ;
#6793 = ORIENTED_EDGE ( 'NONE', *, *, #7898, .F. ) ;
#6794 = CARTESIAN_POINT ( 'NONE',  ( 29.87659562178821915, 70.50000000000000000, -9.776340961198313195 ) ) ;
#6795 = CARTESIAN_POINT ( 'NONE',  ( -1.652301389379721819, 61.00000000000000711, -0.4427328229371135238 ) ) ;
#6796 = DIRECTION ( 'NONE',  ( 0.000000000000000000, -1.000000000000000000, 0.000000000000000000 ) ) ;
#6797 = VERTEX_POINT ( 'NONE', #1523 ) ;
#6798 = VECTOR ( 'NONE', #2968, 1000.000000000000000 ) ;
#6799 = FACE_OUTER_BOUND ( 'NONE', #4190, .T. ) ;
#6800 = CARTESIAN_POINT ( 'NONE',  ( 44.64848047104375439, 16.77345370800536983, 5.615892158704783199 ) ) ;
#6801 = EDGE_LOOP ( 'NONE', ( #4229, #4387, #1393 ) ) ;
#6802 = CARTESIAN_POINT ( 'NONE',  ( -58.04429881564596627, 0.000000000000000000, 17.49999999999999289 ) ) ;
#6803 = ORIENTED_EDGE ( 'NONE', *, *, #7888, .F. ) ;
#6804 = LINE ( 'NONE', #9976, #1722 ) ;
#6805 = DIRECTION ( 'NONE',  ( 0.000000000000000000, 0.000000000000000000, 1.000000000000000000 ) ) ;
#6806 = ADVANCED_FACE ( 'NONE', ( #4637 ), #8848, .T. ) ;
#6807 = VECTOR ( 'NONE', #7713, 999.9999999999998863 ) ;
#6808 = LINE ( 'NONE', #9169, #3439 ) ;
#6809 = CARTESIAN_POINT ( 'NONE',  ( 41.52615206030426975, 53.50000000000000711, -9.792001659848880379 ) ) ;
#6810 = ADVANCED_FACE ( 'NONE', ( #3406 ), #6537, .F. ) ;
#6811 = ORIENTED_EDGE ( 'NONE', *, *, #5006, .F. ) ;
#6812 = TOROIDAL_SURFACE ( 'NONE', #2394, 42.49999999999998579, 2.500000000000000000 ) ;
#6813 = ADVANCED_FACE ( 'NONE', ( #4944 ), #8091, .F. ) ;
#6814 = CARTESIAN_POINT ( 'NONE',  ( 16.52091614407034115, 61.00000000000000711, 16.32135574438677139 ) ) ;
#6815 = ADVANCED_FACE ( 'NONE', ( #2595 ), #1057, .F. ) ;
#6816 = CARTESIAN_POINT ( 'NONE',  ( 0.000000000000000000, 53.50000000000000711, 0.000000000000000000 ) ) ;
#6817 = LINE ( 'NONE', #515, #3333 ) ;
#6818 = ORIENTED_EDGE ( 'NONE', *, *, #2000, .F. ) ;
#6819 = VECTOR ( 'NONE', #4025, 999.9999999999998863 ) ;
#6820 = DIRECTION ( 'NONE',  ( 0.000000000000000000, -1.000000000000000000, 0.000000000000000000 ) ) ;
#6821 = VECTOR ( 'NONE', #5806, 1000.000000000000114 ) ;
#6822 = ORIENTED_EDGE ( 'NONE', *, *, #5570, .F. ) ;
#6823 = CARTESIAN_POINT ( 'NONE',  ( 44.68570829664756872, 10.69788694246527783, -5.310428049711199527 ) ) ;
#6824 = ORIENTED_EDGE ( 'NONE', *, *, #6686, .F. ) ;
#6825 = EDGE_CURVE ( 'NONE', #783, #3547, #7263, .T. ) ;
#6826 = VECTOR ( 'NONE', #7840, 1000.000000000000000 ) ;
#6827 = EDGE_CURVE ( 'NONE', #8172, #381, #6491, .T. ) ;
#6828 = PLANE ( 'NONE',  #5194 ) ;
#6829 = CARTESIAN_POINT ( 'NONE',  ( 24.49999999999930012, 71.00000000000001421, 42.43524478543788092 ) ) ;
#6830 = VECTOR ( 'NONE', #6054, 1000.000000000000000 ) ;
#6831 = TOROIDAL_SURFACE ( 'NONE', #7166, 42.49999999999998579, 2.500000000000000000 ) ;
#6832 = LINE ( 'NONE', #6058, #7454 ) ;
#6833 = DIRECTION ( 'NONE',  ( -0.7027971946764645095, 0.000000000000000000, -0.7113902607956419377 ) ) ;
#6834 = LINE ( 'NONE', #2266, #1926 ) ;
#6835 = VERTEX_POINT ( 'NONE', #1666 ) ;
#6836 = CARTESIAN_POINT ( 'NONE',  ( -43.53799599156623401, 52.10820305079128190, -10.33107361652795042 ) ) ;
#6837 = PLANE ( 'NONE',  #9843 ) ;
#6838 =( BOUNDED_CURVE ( )  B_SPLINE_CURVE ( 3, ( #6046, #2158, #6155, #5276 ),
 .UNSPECIFIED., .F., .F. ) 
 B_SPLINE_CURVE_WITH_KNOTS ( ( 4, 4 ),
 ( 0.6455509535002176280, 0.6730349516654686726 ),
 .UNSPECIFIED. ) 
 CURVE ( )  GEOMETRIC_REPRESENTATION_ITEM ( )  RATIONAL_B_SPLINE_CURVE ( ( 1.000000000000000000, 0.9999370534776620412, 0.9999370534776620412, 1.000000000000000000 ) ) 
 REPRESENTATION_ITEM ( '' )  );
#6839 = VERTEX_POINT ( 'NONE', #5608 ) ;
#6840 = DIRECTION ( 'NONE',  ( 3.491481338843133355E-15, 0.000000000000000000, 1.000000000000000000 ) ) ;
#6841 = DIRECTION ( 'NONE',  ( -0.2529450939004238563, 0.000000000000000000, 0.9674806351920982594 ) ) ;
#6842 = EDGE_LOOP ( 'NONE', ( #8148, #8634, #1433, #5735 ) ) ;
#6843 = DIRECTION ( 'NONE',  ( -1.000000000000000000, 0.000000000000000000, 0.000000000000000000 ) ) ;
#6844 = EDGE_CURVE ( 'NONE', #6156, #6534, #4886, .T. ) ;
#6845 = CARTESIAN_POINT ( 'NONE',  ( -25.00000000000000355, 71.00000000000001421, 43.30127018922193827 ) ) ;
#6846 = ORIENTED_EDGE ( 'NONE', *, *, #9485, .F. ) ;
#6847 = ORIENTED_EDGE ( 'NONE', *, *, #6146, .F. ) ;
#6848 = CARTESIAN_POINT ( 'NONE',  ( -0.9117517771170418062, 53.50000000000000711, -0.9117517771170466911 ) ) ;
#6849 = FACE_OUTER_BOUND ( 'NONE', #1367, .T. ) ;
#6850 = DIRECTION ( 'NONE',  ( 0.000000000000000000, 0.000000000000000000, 1.000000000000000000 ) ) ;
#6851 = ORIENTED_EDGE ( 'NONE', *, *, #5530, .F. ) ;
#6852 = PLANE ( 'NONE',  #920 ) ;
#6853 = CYLINDRICAL_SURFACE ( 'NONE', #5234, 31.20000000000000995 ) ;
#6854 = ORIENTED_EDGE ( 'NONE', *, *, #7451, .F. ) ;
#6855 =( BOUNDED_CURVE ( )  B_SPLINE_CURVE ( 3, ( #7920, #3240, #4876, #3190 ),
 .UNSPECIFIED., .F., .F. ) 
 B_SPLINE_CURVE_WITH_KNOTS ( ( 4, 4 ),
 ( 4.120481339219125516, 4.133246026674192386 ),
 .UNSPECIFIED. ) 
 CURVE ( )  GEOMETRIC_REPRESENTATION_ITEM ( )  RATIONAL_B_SPLINE_CURVE ( ( 1.000000000000000000, 0.9999864219422722744, 0.9999864219422722744, 1.000000000000000000 ) ) 
 REPRESENTATION_ITEM ( '' )  );
#6856 = PLANE ( 'NONE',  #3094 ) ;
#6857 = ORIENTED_EDGE ( 'NONE', *, *, #7949, .F. ) ;
#6858 = CARTESIAN_POINT ( 'NONE',  ( -73.04429881564593074, 0.000000000000000000, 17.49999999999999289 ) ) ;
#6859 = LINE ( 'NONE', #7747, #1917 ) ;
#6860 = CARTESIAN_POINT ( 'NONE',  ( -1.652301389379721819, 61.00000000000000711, -0.4427328229371135238 ) ) ;
#6861 = CARTESIAN_POINT ( 'NONE',  ( -35.21754140102315489, 71.00000000000001421, 31.12434381103031811 ) ) ;
#6862 = ADVANCED_FACE ( 'NONE', ( #4991 ), #8903, .T. ) ;
#6863 = VERTEX_POINT ( 'NONE', #1107 ) ;
#6864 = CARTESIAN_POINT ( 'NONE',  ( -30.44486301286593388, 71.00000000000001421, -6.822779208491868808 ) ) ;
#6865 = FACE_OUTER_BOUND ( 'NONE', #4539, .T. ) ;
#6866 = AXIS2_PLACEMENT_3D ( 'NONE', #4250, #6036, #7386 ) ;
#6867 = DIRECTION ( 'NONE',  ( -0.000000000000000000, 1.000000000000000000, -0.000000000000000000 ) ) ;
#6868 = ORIENTED_EDGE ( 'NONE', *, *, #7280, .T. ) ;
#6869 = VECTOR ( 'NONE', #7512, 1000.000000000000114 ) ;
#6870 = CARTESIAN_POINT ( 'NONE',  ( 0.000000000000000000, 4.000000000000000000, 0.000000000000000000 ) ) ;
#6871 = ORIENTED_EDGE ( 'NONE', *, *, #923, .F. ) ;
#6872 = CARTESIAN_POINT ( 'NONE',  ( -18.65508692645726185, 61.00000000000000711, 18.42974732841615193 ) ) ;
#6873 = EDGE_CURVE ( 'NONE', #4819, #3298, #3959, .T. ) ;
#6874 = EDGE_LOOP ( 'NONE', ( #651, #9476, #6045, #6693 ) ) ;
#6875 = CIRCLE ( 'NONE', #812, 29.70000000000000284 ) ;
#6876 = EDGE_CURVE ( 'NONE', #3037, #4805, #7360, .T. ) ;
#6877 = CIRCLE ( 'NONE', #1968, 29.70000000000000284 ) ;
#6878 = DIRECTION ( 'NONE',  ( -1.000000000000000000, -0.000000000000000000, -0.000000000000000000 ) ) ;
#6879 = DIRECTION ( 'NONE',  ( -0.9674806351920930414, 0.000000000000000000, 0.2529450939004438959 ) ) ;
#6880 = EDGE_CURVE ( 'NONE', #381, #1265, #4022, .T. ) ;
#6881 = VECTOR ( 'NONE', #8122, 1000.000000000000000 ) ;
#6882 = AXIS2_PLACEMENT_3D ( 'NONE', #5506, #8035, #182 ) ;
#6883 = FACE_OUTER_BOUND ( 'NONE', #4352, .T. ) ;
#6884 = EDGE_CURVE ( 'NONE', #2293, #6139, #2693, .T. ) ;
#6885 = AXIS2_PLACEMENT_3D ( 'NONE', #867, #3119, #8515 ) ;
#6886 = CARTESIAN_POINT ( 'NONE',  ( 23.91802675695169356, 62.68429458569851676, -28.92996381222547342 ) ) ;
#6887 = DIRECTION ( 'NONE',  ( -1.047444401652940007E-14, -0.000000000000000000, -1.000000000000000000 ) ) ;
#6888 = AXIS2_PLACEMENT_3D ( 'NONE', #60, #217, #2524 ) ;
#6889 = ORIENTED_EDGE ( 'NONE', *, *, #9525, .T. ) ;
#6890 = FACE_OUTER_BOUND ( 'NONE', #7473, .T. ) ;
#6891 = DIRECTION ( 'NONE',  ( 0.000000000000000000, 1.000000000000000000, -0.000000000000000000 ) ) ;
#6892 = ORIENTED_EDGE ( 'NONE', *, *, #8270, .T. ) ;
#6893 = CARTESIAN_POINT ( 'NONE',  ( -17.49999999999981171, 4.000000000000000000, 58.04429881564602312 ) ) ;
#6894 = VERTEX_POINT ( 'NONE', #2489 ) ;
#6895 = VECTOR ( 'NONE', #7627, 1000.000000000000227 ) ;
#6896 = DIRECTION ( 'NONE',  ( -0.2588190451025180194, 0.000000000000000000, -0.9659258262890690894 ) ) ;
#6897 = DIRECTION ( 'NONE',  ( 0.000000000000000000, 1.000000000000000000, -0.000000000000000000 ) ) ;
#6898 = VECTOR ( 'NONE', #4522, 1000.000000000000000 ) ;
#6899 = AXIS2_PLACEMENT_3D ( 'NONE', #6870, #8573, #4654 ) ;
#6900 = ORIENTED_EDGE ( 'NONE', *, *, #5099, .T. ) ;
#6901 = DIRECTION ( 'NONE',  ( -1.000000000000000000, 0.000000000000000000, 1.007793579344898724E-14 ) ) ;
#6902 = EDGE_CURVE ( 'NONE', #2370, #8146, #8746, .T. ) ;
#6903 = CARTESIAN_POINT ( 'NONE',  ( 54.64373248598597854, 14.00000000000000178, 6.250000000000000000 ) ) ;
#6904 = ORIENTED_EDGE ( 'NONE', *, *, #657, .F. ) ;
#6905 = ORIENTED_EDGE ( 'NONE', *, *, #10073, .T. ) ;
#6906 = CARTESIAN_POINT ( 'NONE',  ( -27.29547653342043034, 70.50000000000002842, 11.70670580537048622 ) ) ;
#6907 = DIRECTION ( 'NONE',  ( 0.000000000000000000, 0.000000000000000000, 1.000000000000000000 ) ) ;
#6908 = CIRCLE ( 'NONE', #5583, 24.12500000000000000 ) ;
#6909 = ORIENTED_EDGE ( 'NONE', *, *, #8095, .F. ) ;
#6910 = VECTOR ( 'NONE', #4516, 1000.000000000000000 ) ;
#6911 = DIRECTION ( 'NONE',  ( -0.000000000000000000, -1.000000000000000000, -0.000000000000000000 ) ) ;
#6912 = CARTESIAN_POINT ( 'NONE',  ( 0.000000000000000000, 71.00000000000001421, 0.000000000000000000 ) ) ;
#6913 = ORIENTED_EDGE ( 'NONE', *, *, #3745, .F. ) ;
#6914 = CARTESIAN_POINT ( 'NONE',  ( 12.88755093684979336, 71.00000000000001421, 43.11509052350583460 ) ) ;
#6915 = ORIENTED_EDGE ( 'NONE', *, *, #925, .F. ) ;
#6916 = VECTOR ( 'NONE', #3505, 1000.000000000000114 ) ;
#6917 = FACE_OUTER_BOUND ( 'NONE', #7094, .T. ) ;
#6918 = CARTESIAN_POINT ( 'NONE',  ( 21.13113162539923096, 53.50000000000000711, 22.95463517963317912 ) ) ;
#6919 = DIRECTION ( 'NONE',  ( 0.7027971946764645095, 0.000000000000000000, 0.7113902607956420487 ) ) ;
#6920 = DIRECTION ( 'NONE',  ( 0.000000000000000000, 1.000000000000000000, -0.000000000000000000 ) ) ;
#6921 = ORIENTED_EDGE ( 'NONE', *, *, #4471, .F. ) ;
#6922 = VECTOR ( 'NONE', #1794, 1000.000000000000114 ) ;
#6923 = CARTESIAN_POINT ( 'NONE',  ( 5.874250626807051567, 70.50000000000000000, 22.46821094675069475 ) ) ;
#6924 = PRODUCT_DEFINITION_CONTEXT ( 'detailed design', #3539, 'design' ) ;
#6925 = EDGE_CURVE ( 'NONE', #810, #2427, #7738, .T. ) ;
#6926 = LINE ( 'NONE', #10040, #494 ) ;
#6927 = DIRECTION ( 'NONE',  ( 0.000000000000000000, 0.000000000000000000, 1.000000000000000000 ) ) ;
#6928 = ORIENTED_EDGE ( 'NONE', *, *, #4734, .F. ) ;
#6929 = DIRECTION ( 'NONE',  ( -0.000000000000000000, -1.000000000000000000, -0.000000000000000000 ) ) ;
#6930 = ORIENTED_EDGE ( 'NONE', *, *, #9196, .F. ) ;
#6931 = CARTESIAN_POINT ( 'NONE',  ( 44.94613841030833612, 8.149877117259753945, -2.209194615778611759 ) ) ;
#6932 = ORIENTED_EDGE ( 'NONE', *, *, #3680, .T. ) ;
#6933 = CARTESIAN_POINT ( 'NONE',  ( 42.43524478543762513, 26.00000000000001066, -24.49999999999974420 ) ) ;
#6934 = CARTESIAN_POINT ( 'NONE',  ( -5.874250626806893472, 70.49999999999998579, -22.46821094675073738 ) ) ;
#6935 = EDGE_CURVE ( 'NONE', #7037, #5685, #5660, .T. ) ;
#6936 = CIRCLE ( 'NONE', #6276, 45.00000000000000711 ) ;
#6937 = CARTESIAN_POINT ( 'NONE',  ( -29.87659562178829020, 61.00000000000000711, 9.776340961198105362 ) ) ;
#6938 = PLANE ( 'NONE',  #1642 ) ;
#6939 = CARTESIAN_POINT ( 'NONE',  ( 5.874250626806587050, 70.50000000000002842, -22.46821094675082264 ) ) ;
#6940 = VERTEX_POINT ( 'NONE', #6438 ) ;
#6941 = CARTESIAN_POINT ( 'NONE',  ( -12.88755093684978803, 51.00000000000000711, -43.11509052350583460 ) ) ;
#6942 = DIRECTION ( 'NONE',  ( 0.7071067811865493491, 0.000000000000000000, -0.7071067811865456854 ) ) ;
#6943 = ORIENTED_EDGE ( 'NONE', *, *, #9105, .F. ) ;
#6944 = ADVANCED_FACE ( 'NONE', ( #8798 ), #9855, .F. ) ;
#6945 = CARTESIAN_POINT ( 'NONE',  ( -42.43524478543762513, 71.00000000000001421, 24.49999999999974776 ) ) ;
#6946 = ORIENTED_EDGE ( 'NONE', *, *, #2429, .T. ) ;
#6947 = FACE_OUTER_BOUND ( 'NONE', #1135, .T. ) ;
#6948 = CARTESIAN_POINT ( 'NONE',  ( 44.56385867493970210, 14.00000000000000000, 6.250000000000000000 ) ) ;
#6949 = VERTEX_POINT ( 'NONE', #2541 ) ;
#6950 = LINE ( 'NONE', #4428, #4211 ) ;
#6951 = DIRECTION ( 'NONE',  ( -0.000000000000000000, 1.000000000000000000, -0.000000000000000000 ) ) ;
#6952 = VERTEX_POINT ( 'NONE', #3651 ) ;
#6953 = EDGE_LOOP ( 'NONE', ( #5791, #4099, #7158 ) ) ;
#6954 = DIRECTION ( 'NONE',  ( 0.000000000000000000, 1.000000000000000000, -0.000000000000000000 ) ) ;
#6955 = PLANE ( 'NONE',  #9500 ) ;
#6956 = ORIENTED_EDGE ( 'NONE', *, *, #6350, .F. ) ;
#6957 = EDGE_CURVE ( 'NONE', #6078, #240, #8948, .T. ) ;
#6958 = EDGE_CURVE ( 'NONE', #78, #1532, #6684, .T. ) ;
#6959 = DIRECTION ( 'NONE',  ( 0.000000000000000000, 0.000000000000000000, 1.000000000000000000 ) ) ;
#6960 = EDGE_CURVE ( 'NONE', #7188, #4792, #6633, .T. ) ;
#6961 = DIRECTION ( 'NONE',  ( 0.000000000000000000, -1.000000000000000000, 0.000000000000000000 ) ) ;
#6962 = ADVANCED_FACE ( 'NONE', ( #1208 ), #4369, .F. ) ;
#6963 = VECTOR ( 'NONE', #626, 1000.000000000000000 ) ;
#6964 = ORIENTED_EDGE ( 'NONE', *, *, #3750, .F. ) ;
#6965 = CYLINDRICAL_SURFACE ( 'NONE', #5716, 47.00000000000001421 ) ;
#6966 = ORIENTED_EDGE ( 'NONE', *, *, #5280, .F. ) ;
#6967 = FACE_OUTER_BOUND ( 'NONE', #8081, .T. ) ;
#6968 = DIRECTION ( 'NONE',  ( 0.2529450939004371235, 0.000000000000000000, 0.9674806351920947067 ) ) ;
#6969 = CARTESIAN_POINT ( 'NONE',  ( 42.57590087892308617, 53.17044761530209485, -10.07328100805332127 ) ) ;
#6970 = VECTOR ( 'NONE', #306, 1000.000000000000000 ) ;
#6971 = ORIENTED_EDGE ( 'NONE', *, *, #7842, .T. ) ;
#6972 = DIRECTION ( 'NONE',  ( 0.000000000000000000, 1.000000000000000000, 0.000000000000000000 ) ) ;
#6973 = CIRCLE ( 'NONE', #416, 55.00000000000000000 ) ;
#6974 = CARTESIAN_POINT ( 'NONE',  ( -66.52214940782297958, -1.000000000000000000, -7.699999999999994849 ) ) ;
#6975 = AXIS2_PLACEMENT_3D ( 'NONE', #2114, #8332, #6988 ) ;
#6976 = CARTESIAN_POINT ( 'NONE',  ( 1.209568566442612791, 71.00000000000001421, 1.209568566442591031 ) ) ;
#6977 = EDGE_CURVE ( 'NONE', #9521, #7095, #2022, .T. ) ;
#6978 = DIRECTION ( 'NONE',  ( 0.000000000000000000, 0.000000000000000000, -1.000000000000000000 ) ) ;
#6979 = ORIENTED_EDGE ( 'NONE', *, *, #8910, .F. ) ;
#6980 = LINE ( 'NONE', #9230, #6422 ) ;
#6981 = VERTEX_POINT ( 'NONE', #7614 ) ;
#6982 = CARTESIAN_POINT ( 'NONE',  ( 0.000000000000000000, 71.00000000000001421, -50.00000000000000711 ) ) ;
#6983 = LINE ( 'NONE', #7706, #7322 ) ;
#6984 = AXIS2_PLACEMENT_3D ( 'NONE', #1527, #9969, #1469 ) ;
#6985 = AXIS2_PLACEMENT_3D ( 'NONE', #365, #2824, #6616 ) ;
#6986 = LINE ( 'NONE', #2414, #4003 ) ;
#6987 = CARTESIAN_POINT ( 'NONE',  ( 12.50000000000017764, 4.000000000000000000, 53.56071321407133468 ) ) ;
#6988 = DIRECTION ( 'NONE',  ( 0.8660254037844397068, 0.000000000000000000, 0.4999999999999979461 ) ) ;
#6989 = ORIENTED_EDGE ( 'NONE', *, *, #5932, .F. ) ;
#6990 = CARTESIAN_POINT ( 'NONE',  ( -6.249999999999763745, 0.000000000000000000, 66.52214940782300800 ) ) ;
#6991 = DIRECTION ( 'NONE',  ( -0.7027971946764645095, 0.000000000000000000, -0.7113902607956420487 ) ) ;
#6992 = EDGE_LOOP ( 'NONE', ( #8396, #8180, #8693, #2937 ) ) ;
#6993 = LINE ( 'NONE', #8636, #5095 ) ;
#6994 = ORIENTED_EDGE ( 'NONE', *, *, #2314, .F. ) ;
#6995 = ADVANCED_FACE ( 'NONE', ( #7509 ), #9809, .F. ) ;
#6996 = CYLINDRICAL_SURFACE ( 'NONE', #9487, 60.62500000000000000 ) ;
#6997 = CARTESIAN_POINT ( 'NONE',  ( 23.78604288879190065, 70.49999999999998579, 17.78522318365874355 ) ) ;
#6998 = AXIS2_PLACEMENT_3D ( 'NONE', #3783, #1385, #9313 ) ;
#6999 = VERTEX_POINT ( 'NONE', #3598 ) ;
#7000 = FACE_OUTER_BOUND ( 'NONE', #736, .T. ) ;
#7001 = VECTOR ( 'NONE', #6676, 1000.000000000000114 ) ;
#7002 = CARTESIAN_POINT ( 'NONE',  ( 54.73235490432516315, 17.13177803386364673, 5.424134728264825789 ) ) ;
#7003 = ORIENTED_EDGE ( 'NONE', *, *, #10016, .T. ) ;
#7004 = ORIENTED_EDGE ( 'NONE', *, *, #4808, .F. ) ;
#7005 = CARTESIAN_POINT ( 'NONE',  ( 0.000000000000000000, 56.00000000000000711, -24.12500000000000000 ) ) ;
#7006 = LINE ( 'NONE', #10121, #9337 ) ;
#7007 = EDGE_CURVE ( 'NONE', #9278, #545, #3692, .T. ) ;
#7008 = ORIENTED_EDGE ( 'NONE', *, *, #1738, .T. ) ;
#7009 = EDGE_CURVE ( 'NONE', #240, #9224, #6736, .T. ) ;
#7010 = FACE_OUTER_BOUND ( 'NONE', #4665, .T. ) ;
#7011 = DIRECTION ( 'NONE',  ( -0.7027971946764646205, 0.000000000000000000, 0.7113902607956419377 ) ) ;
#7012 = ORIENTED_EDGE ( 'NONE', *, *, #3133, .F. ) ;
#7013 = EDGE_CURVE ( 'NONE', #5611, #5328, #9864, .T. ) ;
#7014 = CARTESIAN_POINT ( 'NONE',  ( -42.05038596543160878, 22.01594191037062487, 13.00000000000000000 ) ) ;
#7015 = ORIENTED_EDGE ( 'NONE', *, *, #2700, .F. ) ;
#7016 = ADVANCED_FACE ( 'NONE', ( #2786 ), #5192, .F. ) ;
#7017 = CARTESIAN_POINT ( 'NONE',  ( 0.000000000000000000, 61.00000000000000711, 0.000000000000000000 ) ) ;
#7018 = FACE_OUTER_BOUND ( 'NONE', #3555, .T. ) ;
#7019 = LINE ( 'NONE', #3836, #6413 ) ;
#7020 = ORIENTED_EDGE ( 'NONE', *, *, #582, .T. ) ;
#7021 = PLANE ( 'NONE',  #5478 ) ;
#7022 = CARTESIAN_POINT ( 'NONE',  ( 11.25000000000000000, 4.000000000000000000, 13.00000000000000000 ) ) ;
#7023 = DIRECTION ( 'NONE',  ( 0.2588190451025180194, 0.000000000000000000, -0.9659258262890690894 ) ) ;
#7024 = LINE ( 'NONE', #5826, #7403 ) ;
#7025 = ORIENTED_EDGE ( 'NONE', *, *, #2379, .F. ) ;
#7026 = CARTESIAN_POINT ( 'NONE',  ( 44.60918651624754006, 11.98002978291725462, 5.918117196644449685 ) ) ;
#7027 = ORIENTED_EDGE ( 'NONE', *, *, #6145, .F. ) ;
#7028 = DIRECTION ( 'NONE',  ( -0.000000000000000000, -1.000000000000000000, -0.000000000000000000 ) ) ;
#7029 = LINE ( 'NONE', #3898, #406 ) ;
#7030 = DIRECTION ( 'NONE',  ( 0.7071067811865561215, 0.000000000000000000, 0.7071067811865390240 ) ) ;
#7031 = VECTOR ( 'NONE', #4908, 1000.000000000000114 ) ;
#7032 = CARTESIAN_POINT ( 'NONE',  ( 44.43492165533655935, 70.66596018114292121, 15.31593059754802510 ) ) ;
#7033 = EDGE_LOOP ( 'NONE', ( #10115, #3363, #5415, #8017 ) ) ;
#7034 = DIRECTION ( 'NONE',  ( 0.8660254037844362651, 0.000000000000000000, -0.5000000000000039968 ) ) ;
#7035 = VECTOR ( 'NONE', #5213, 1000.000000000000000 ) ;
#7036 = LINE ( 'NONE', #1552, #5849 ) ;
#7037 = VERTEX_POINT ( 'NONE', #2741 ) ;
#7038 = LINE ( 'NONE', #7817, #1670 ) ;
#7039 = DIRECTION ( 'NONE',  ( -0.7027971946764646205, 0.000000000000000000, 0.7113902607956419377 ) ) ;
#7040 = ORIENTED_EDGE ( 'NONE', *, *, #8285, .F. ) ;
#7042 = AXIS2_PLACEMENT_3D ( 'NONE', #5909, #1965, #3454 ) ;
#7041 = LINE ( 'NONE', #15, #7238 ) ;
#7043 = VECTOR ( 'NONE', #2938, 1000.000000000000114 ) ;
#7044 = VERTEX_POINT ( 'NONE', #2069 ) ;
#7045 = CARTESIAN_POINT ( 'NONE',  ( -27.40272893604693039, 70.66961688690309984, 11.45663499230694882 ) ) ;
#7046 = LINE ( 'NONE', #20, #7726 ) ;
#7047 = TOROIDAL_SURFACE ( 'NONE', #6057, 42.49999999999998579, 2.500000000000000000 ) ;
#7048 = VECTOR ( 'NONE', #4000, 1000.000000000000000 ) ;
#7049 = EDGE_LOOP ( 'NONE', ( #4533, #793 ) ) ;
#7050 = CARTESIAN_POINT ( 'NONE',  ( 28.61717926410529955, 61.00000000000000711, -16.52213615157941717 ) ) ;
#7051 = CARTESIAN_POINT ( 'NONE',  ( 54.84544751078053793, 18.70829301434508452, 4.130428712530549440 ) ) ;
#7052 = ADVANCED_FACE ( 'NONE', ( #5860 ), #6014, .T. ) ;
#7053 = ORIENTED_EDGE ( 'NONE', *, *, #9256, .T. ) ;
#7054 = ORIENTED_EDGE ( 'NONE', *, *, #281, .T. ) ;
#7055 = CARTESIAN_POINT ( 'NONE',  ( -5.874250626806893472, 70.49999999999998579, -22.46821094675073738 ) ) ;
#7056 = EDGE_CURVE ( 'NONE', #349, #9605, #8237, .T. ) ;
#7057 = CARTESIAN_POINT ( 'NONE',  ( 6.633085908508379980, 61.00000000000000711, 25.37065285232696610 ) ) ;
#7058 = VECTOR ( 'NONE', #961, 1000.000000000000000 ) ;
#7059 = ORIENTED_EDGE ( 'NONE', *, *, #9087, .T. ) ;
#7060 = AXIS2_PLACEMENT_3D ( 'NONE', #3243, #8737, #6371 ) ;
#7061 = CARTESIAN_POINT ( 'NONE',  ( 17.49999999999919353, 0.000000000000000000, -78.04429881564612970 ) ) ;
#7062 = DIRECTION ( 'NONE',  ( 0.000000000000000000, 1.000000000000000000, -0.000000000000000000 ) ) ;
#7063 = ORIENTED_EDGE ( 'NONE', *, *, #1074, .T. ) ;
#7064 = CIRCLE ( 'NONE', #1338, 31.20000000000000995 ) ;
#7065 = DIRECTION ( 'NONE',  ( 0.000000000000000000, 0.000000000000000000, 1.000000000000000000 ) ) ;
#7066 = ORIENTED_EDGE ( 'NONE', *, *, #4857, .T. ) ;
#7067 = DIRECTION ( 'NONE',  ( 0.000000000000000000, -0.000000000000000000, 1.000000000000000000 ) ) ;
#7068 = VECTOR ( 'NONE', #5104, 1000.000000000000000 ) ;
#7069 = DIRECTION ( 'NONE',  ( -0.7113902607956420487, 0.000000000000000000, 0.7027971946764645095 ) ) ;
#7070 = CARTESIAN_POINT ( 'NONE',  ( 4.318562348436996601, 71.00000000000001421, -29.38434990335267827 ) ) ;
#7071 = ADVANCED_FACE ( 'NONE', ( #4418 ), #8632, .T. ) ;
#7072 = ORIENTED_EDGE ( 'NONE', *, *, #4731, .T. ) ;
#7073 = DIRECTION ( 'NONE',  ( 0.8660254037844415942, 0.000000000000000000, -0.4999999999999950040 ) ) ;
#7074 = AXIS2_PLACEMENT_3D ( 'NONE', #2368, #2216, #2934 ) ;
#7075 = ORIENTED_EDGE ( 'NONE', *, *, #8436, .F. ) ;
#7076 = CARTESIAN_POINT ( 'NONE',  ( -41.68296851709011008, 53.48381987524005154, 9.834020502804573738 ) ) ;
#7077 = DIRECTION ( 'NONE',  ( 0.000000000000000000, 1.000000000000000000, 0.000000000000000000 ) ) ;
#7078 = ORIENTED_EDGE ( 'NONE', *, *, #10073, .F. ) ;
#7079 = DIRECTION ( 'NONE',  ( -0.9674806351920930414, 0.000000000000000000, 0.2529450939004438959 ) ) ;
#7080 = CIRCLE ( 'NONE', #1029, 1.449999999999999067 ) ;
#7081 = EDGE_CURVE ( 'NONE', #3114, #6940, #8584, .T. ) ;
#7082 = EDGE_CURVE ( 'NONE', #8944, #7411, #7038, .T. ) ;
#7083 = DIRECTION ( 'NONE',  ( 0.000000000000000000, 0.000000000000000000, 1.000000000000000000 ) ) ;
#7084 = DIRECTION ( 'NONE',  ( 1.000000000000000000, 0.000000000000000000, -1.047444401652940007E-14 ) ) ;
#7085 = ADVANCED_FACE ( 'NONE', ( #7716 ), #10008, .F. ) ;
#7086 = CARTESIAN_POINT ( 'NONE',  ( -30.20383231832470727, 52.98927670248612998, -32.02733587255858083 ) ) ;
#7087 = DIRECTION ( 'NONE',  ( -1.000000000000000000, 0.000000000000000000, 3.491481338843133355E-15 ) ) ;
#7088 = ORIENTED_EDGE ( 'NONE', *, *, #4809, .T. ) ;
#7089 = FACE_OUTER_BOUND ( 'NONE', #1777, .T. ) ;
#7090 = DIRECTION ( 'NONE',  ( 0.000000000000000000, 0.000000000000000000, 1.000000000000000000 ) ) ;
#7091 = ORIENTED_EDGE ( 'NONE', *, *, #1244, .T. ) ;
#7092 = DIRECTION ( 'NONE',  ( -0.000000000000000000, -1.000000000000000000, 0.000000000000000000 ) ) ;
#7093 = LINE ( 'NONE', #3290, #4741 ) ;
#7094 = EDGE_LOOP ( 'NONE', ( #7088, #165, #1090, #9398, #940 ) ) ;
#7095 = VERTEX_POINT ( 'NONE', #6269 ) ;
#7096 = LINE ( 'NONE', #941, #5730 ) ;
#7097 = PLANE ( 'NONE',  #9928 ) ;
#7098 = VECTOR ( 'NONE', #4208, 1000.000000000000000 ) ;
#7099 = VERTEX_POINT ( 'NONE', #3810 ) ;
#7100 = FACE_OUTER_BOUND ( 'NONE', #4184, .T. ) ;
#7101 = DIRECTION ( 'NONE',  ( 0.000000000000000000, 0.000000000000000000, 1.000000000000000000 ) ) ;
#7102 = ORIENTED_EDGE ( 'NONE', *, *, #7830, .T. ) ;
#7103 = LINE ( 'NONE', #1713, #5160 ) ;
#7104 = ORIENTED_EDGE ( 'NONE', *, *, #8776, .T. ) ;
#7105 = LINE ( 'NONE', #6330, #9192 ) ;
#7106 = PLANE ( 'NONE',  #8216 ) ;
#7107 = ORIENTED_EDGE ( 'NONE', *, *, #122, .F. ) ;
#7108 = CARTESIAN_POINT ( 'NONE',  ( -25.28817283496540824, 61.00000000000000711, 6.940905523910935848 ) ) ;
#7109 = DIRECTION ( 'NONE',  ( -0.7027971946764645095, 0.000000000000000000, -0.7113902607956419377 ) ) ;
#7110 = EDGE_CURVE ( 'NONE', #1723, #3794, #2162, .T. ) ;
#7111 = B_SPLINE_CURVE_WITH_KNOTS ( 'NONE', 3,
 ( #3677, #6809, #1481, #4597, #7749, #712, #6969, #10086, #910, #4035, #5569, #7278, #6455, #9472, #963, #8758 ),
 .UNSPECIFIED., .F., .F.,
 ( 4, 2, 2, 2, 2, 2, 2, 4 ),
 ( 0.000000000000000000, 0.0004882819947050131507, 0.0009765639894100263015, 0.001464845984115039452, 0.001953127978820052603, 0.002441409973525065970, 0.002929691968230078904, 0.003906255957640085257 ),
 .UNSPECIFIED. ) ;
#7112 = VERTEX_POINT ( 'NONE', #3082 ) ;
#7113 = FACE_OUTER_BOUND ( 'NONE', #8958, .T. ) ;
#7114 = ORIENTED_EDGE ( 'NONE', *, *, #2304, .F. ) ;
#7115 = VERTEX_POINT ( 'NONE', #6941 ) ;
#7116 = CYLINDRICAL_SURFACE ( 'NONE', #8374, 31.20000000000000995 ) ;
#7117 = DIRECTION ( 'NONE',  ( -0.9643353546960800049, 0.000000000000000000, -0.2646834405156195391 ) ) ;
#7118 = DIRECTION ( 'NONE',  ( 0.000000000000000000, 1.000000000000000000, 0.000000000000000000 ) ) ;
#7119 = VECTOR ( 'NONE', #2111, 1000.000000000000000 ) ;
#7120 = ORIENTED_EDGE ( 'NONE', *, *, #1675, .F. ) ;
#7121 = ADVANCED_FACE ( 'NONE', ( #9239 ), #7769, .F. ) ;
#7122 = LINE ( 'NONE', #6458, #8773 ) ;
#7123 = EDGE_LOOP ( 'NONE', ( #7004, #2267, #9297 ) ) ;
#7124 = DIRECTION ( 'NONE',  ( 0.000000000000000000, 0.000000000000000000, 1.000000000000000000 ) ) ;
#7125 = ADVANCED_FACE ( 'NONE', ( #630 ), #1603, .T. ) ;
#7126 = CARTESIAN_POINT ( 'NONE',  ( 9.313731387466697598, 53.50000000000000711, -29.77741438812508079 ) ) ;
#7127 = CARTESIAN_POINT ( 'NONE',  ( -6.249999999999763745, -1.000000000000000000, 66.52214940782300800 ) ) ;
#7128 = ORIENTED_EDGE ( 'NONE', *, *, #7260, .T. ) ;
#7129 = CARTESIAN_POINT ( 'NONE',  ( 1.502314598737159307E-14, 121.0000000000001563, 8.673617379884029161E-15 ) ) ;
#7130 = ADVANCED_FACE ( 'NONE', ( #4715 ), #4666, .T. ) ;
#7131 = EDGE_CURVE ( 'NONE', #6536, #9231, #6115, .T. ) ;
#7132 = DIRECTION ( 'NONE',  ( -0.4999999999999919509, 0.000000000000000000, -0.8660254037844432595 ) ) ;
#7133 = DIRECTION ( 'NONE',  ( -0.5030288774786685346, 0.7071067811865426878, -0.4969526621546138667 ) ) ;
#7134 = EDGE_CURVE ( 'NONE', #1166, #7216, #1998, .T. ) ;
#7135 = CARTESIAN_POINT ( 'NONE',  ( -30.89498821139688545, 51.33021126696390724, -32.71849176563074479 ) ) ;
#7136 = CIRCLE ( 'NONE', #4019, 1.300000000000000044 ) ;
#7137 = FACE_BOUND ( 'NONE', #3202, .T. ) ;
#7138 = ORIENTED_EDGE ( 'NONE', *, *, #4249, .T. ) ;
#7139 = CYLINDRICAL_SURFACE ( 'NONE', #3936, 44.99999999999998579 ) ;
#7140 = EDGE_CURVE ( 'NONE', #7948, #5100, #8556, .T. ) ;
#7141 = CARTESIAN_POINT ( 'NONE',  ( -23.27838489239968212, 71.00000000000001421, 20.50197998886877926 ) ) ;
#7142 = ORIENTED_EDGE ( 'NONE', *, *, #5306, .T. ) ;
#7143 = CARTESIAN_POINT ( 'NONE',  ( -12.50000000000055067, 4.000000000000000000, -53.56071321407124231 ) ) ;
#7144 = EDGE_CURVE ( 'NONE', #4719, #7232, #3140, .T. ) ;
#7145 = DIRECTION ( 'NONE',  ( 0.000000000000000000, -1.000000000000000000, 0.000000000000000000 ) ) ;
#7146 = ORIENTED_EDGE ( 'NONE', *, *, #4306, .F. ) ;
#7147 = LINE ( 'NONE', #274, #115 ) ;
#7148 = DIRECTION ( 'NONE',  ( 0.2646834405156263670, 0.000000000000000000, -0.9643353546960782285 ) ) ;
#7149 = CIRCLE ( 'NONE', #9430, 1.300000000000001599 ) ;
#7150 = ORIENTED_EDGE ( 'NONE', *, *, #5763, .T. ) ;
#7151 = CYLINDRICAL_SURFACE ( 'NONE', #2735, 1.449999999999993072 ) ;
#7152 = CARTESIAN_POINT ( 'NONE',  ( -34.25000000000000000, 23.30000000000000071, 5.000000000000000000 ) ) ;
#7153 = ORIENTED_EDGE ( 'NONE', *, *, #9802, .F. ) ;
#7154 = LINE ( 'NONE', #6378, #1899 ) ;
#7155 = ORIENTED_EDGE ( 'NONE', *, *, #8325, .F. ) ;
#7156 = CARTESIAN_POINT ( 'NONE',  ( 17.49999999999944578, 71.00000000000001421, -52.14163403653571294 ) ) ;
#7157 = CARTESIAN_POINT ( 'NONE',  ( 6.633085908507855954, 61.00000000000000711, -25.37065285232711886 ) ) ;
#7158 = ORIENTED_EDGE ( 'NONE', *, *, #1489, .T. ) ;
#7159 = VECTOR ( 'NONE', #2943, 1000.000000000000000 ) ;
#7160 = CARTESIAN_POINT ( 'NONE',  ( 16.52091614407034115, 61.00000000000000711, -16.32135574438676429 ) ) ;
#7161 = CARTESIAN_POINT ( 'NONE',  ( -16.87661127446817488, 71.00000000000001421, -16.67275434172501036 ) ) ;
#7162 = CIRCLE ( 'NONE', #7989, 31.20000000000000995 ) ;
#7163 = ORIENTED_EDGE ( 'NONE', *, *, #2811, .T. ) ;
#7164 = DIRECTION ( 'NONE',  ( 3.965082230804129727E-16, 0.000000000000000000, -1.000000000000000000 ) ) ;
#7165 = ORIENTED_EDGE ( 'NONE', *, *, #3999, .F. ) ;
#7166 = AXIS2_PLACEMENT_3D ( 'NONE', #4818, #8582, #5487 ) ;
#7167 = ORIENTED_EDGE ( 'NONE', *, *, #2150, .F. ) ;
#7168 = FACE_OUTER_BOUND ( 'NONE', #6154, .T. ) ;
#7169 = DIRECTION ( 'NONE',  ( -0.9674806351920929304, 0.000000000000000000, 0.2529450939004439514 ) ) ;
#7170 = CARTESIAN_POINT ( 'NONE',  ( -17.49999999999981171, 71.00000000000001421, 52.14163403653559214 ) ) ;
#7171 = ORIENTED_EDGE ( 'NONE', *, *, #3612, .T. ) ;
#7172 =( BOUNDED_CURVE ( )  B_SPLINE_CURVE ( 3, ( #7070, #3113, #8051, #42 ),
 .UNSPECIFIED., .F., .F. ) 
 B_SPLINE_CURVE_WITH_KNOTS ( ( 4, 4 ),
 ( 0.6455509535002186272, 0.6730349516654688946 ),
 .UNSPECIFIED. ) 
 CURVE ( )  GEOMETRIC_REPRESENTATION_ITEM ( )  RATIONAL_B_SPLINE_CURVE ( ( 1.000000000000000000, 0.9999370534776620412, 0.9999370534776620412, 1.000000000000000000 ) ) 
 REPRESENTATION_ITEM ( '' )  );
#7173 = DIRECTION ( 'NONE',  ( 0.9643353546960764522, 0.000000000000000000, -0.2646834405156327508 ) ) ;
#7174 = ORIENTED_EDGE ( 'NONE', *, *, #1251, .F. ) ;
#7175 = CARTESIAN_POINT ( 'NONE',  ( 54.96347080299157994, 8.079768470216190934, -2.013818940334287877 ) ) ;
#7176 = CARTESIAN_POINT ( 'NONE',  ( 5.874250626806587050, 61.00000000000000711, -22.46821094675082264 ) ) ;
#7177 = LINE ( 'NONE', #6353, #3579 ) ;
#7178 = EDGE_CURVE ( 'NONE', #4172, #6139, #4938, .T. ) ;
#7179 = VERTEX_POINT ( 'NONE', #7666 ) ;
#7180 = LINE ( 'NONE', #7853, #2500 ) ;
#7181 = DIRECTION ( 'NONE',  ( 0.000000000000000000, -1.000000000000000000, 0.000000000000000000 ) ) ;
#7182 = FACE_OUTER_BOUND ( 'NONE', #4209, .T. ) ;
#7183 = DIRECTION ( 'NONE',  ( -1.000000000000000000, 0.000000000000000000, 0.000000000000000000 ) ) ;
#7184 = FACE_BOUND ( 'NONE', #2090, .T. ) ;
#7185 = ORIENTED_EDGE ( 'NONE', *, *, #299, .F. ) ;
#7186 = CARTESIAN_POINT ( 'NONE',  ( 0.000000000000000000, 71.00000000000001421, 0.000000000000000000 ) ) ;
#7187 = PLANE ( 'NONE',  #5031 ) ;
#7188 = VERTEX_POINT ( 'NONE', #5388 ) ;
#7189 = CARTESIAN_POINT ( 'NONE',  ( -58.04429881564595917, 4.000000000000000000, -17.50000000000001066 ) ) ;
#7190 = EDGE_CURVE ( 'NONE', #1343, #8574, #8537, .T. ) ;
#7191 = DIRECTION ( 'NONE',  ( 1.776356839400250465E-15, 0.000000000000000000, 1.000000000000000000 ) ) ;
#7192 = ORIENTED_EDGE ( 'NONE', *, *, #3006, .T. ) ;
#7193 = CARTESIAN_POINT ( 'NONE',  ( 66.52214940782297958, 0.000000000000000000, 7.699999999999994849 ) ) ;
#7194 = CARTESIAN_POINT ( 'NONE',  ( 60.62500000000000000, 14.00000000000000000, 6.250000000000000000 ) ) ;
#7195 = ADVANCED_FACE ( 'NONE', ( #6890 ), #4621, .T. ) ;
#7196 = EDGE_CURVE ( 'NONE', #3313, #2731, #3856, .T. ) ;
#7197 = VERTEX_POINT ( 'NONE', #2631 ) ;
#7198 = DIRECTION ( 'NONE',  ( 0.7071067811865493491, -0.000000000000000000, 0.7071067811865455743 ) ) ;
#7199 = CARTESIAN_POINT ( 'NONE',  ( -0.3337243123704481396, 53.50000000000000711, 1.245476089487488558 ) ) ;
#7200 = ORIENTED_EDGE ( 'NONE', *, *, #1185, .F. ) ;
#7201 = CARTESIAN_POINT ( 'NONE',  ( 6.249999999999299227, 0.000000000000000000, -66.52214940782305064 ) ) ;
#7202 = VECTOR ( 'NONE', #5209, 1000.000000000000000 ) ;
#7203 = ORIENTED_EDGE ( 'NONE', *, *, #447, .F. ) ;
#7204 = DIRECTION ( 'NONE',  ( 0.000000000000000000, 0.000000000000000000, 1.000000000000000000 ) ) ;
#7205 = DIRECTION ( 'NONE',  ( 0.000000000000000000, 1.000000000000000000, 0.000000000000000000 ) ) ;
#7206 = AXIS2_PLACEMENT_3D ( 'NONE', #8185, #386, #6635 ) ;
#7207 = ORIENTED_EDGE ( 'NONE', *, *, #609, .T. ) ;
#7208 = AXIS2_PLACEMENT_3D ( 'NONE', #443, #7628, #592 ) ;
#7209 = CARTESIAN_POINT ( 'NONE',  ( -40.63194070591454476, 22.50000000000000355, -13.00000000000000178 ) ) ;
#7210 = CARTESIAN_POINT ( 'NONE',  ( -35.48144580774462042, 70.66596018114299227, -30.82380566991828985 ) ) ;
#7211 = EDGE_CURVE ( 'NONE', #5877, #2795, #7240, .T. ) ;
#7212 = EDGE_CURVE ( 'NONE', #810, #8807, #987, .T. ) ;
#7213 = VECTOR ( 'NONE', #2485, 1000.000000000000114 ) ;
#7214 = ADVANCED_FACE ( 'NONE', ( #3396 ), #6314, .T. ) ;
#7215 = ADVANCED_FACE ( 'NONE', ( #8785 ), #4114, .F. ) ;
#7216 = VERTEX_POINT ( 'NONE', #9494 ) ;
#7217 = PLANE ( 'NONE',  #809 ) ;
#7218 = EDGE_LOOP ( 'NONE', ( #6946, #3913 ) ) ;
#7219 = VERTEX_POINT ( 'NONE', #3188 ) ;
#7220 = AXIS2_PLACEMENT_3D ( 'NONE', #4187, #3317, #7222 ) ;
#7221 = FACE_OUTER_BOUND ( 'NONE', #4694, .T. ) ;
#7222 = DIRECTION ( 'NONE',  ( 0.000000000000000000, 0.000000000000000000, 1.000000000000000000 ) ) ;
#7223 = CARTESIAN_POINT ( 'NONE',  ( 5.874250626807051567, 61.00000000000000711, 22.46821094675069475 ) ) ;
#7224 = DIRECTION ( 'NONE',  ( 0.000000000000000000, 0.000000000000000000, -1.000000000000000000 ) ) ;
#7225 = ORIENTED_EDGE ( 'NONE', *, *, #8219, .T. ) ;
#7226 = VERTEX_POINT ( 'NONE', #5755 ) ;
#7227 = AXIS2_PLACEMENT_3D ( 'NONE', #3036, #1455, #8433 ) ;
#7228 = DIRECTION ( 'NONE',  ( 0.000000000000000000, 1.000000000000000000, 0.000000000000000000 ) ) ;
#7229 = VECTOR ( 'NONE', #581, 999.9999999999998863 ) ;
#7230 = VERTEX_POINT ( 'NONE', #2474 ) ;
#7231 = CARTESIAN_POINT ( 'NONE',  ( 54.71364898072224747, 11.22903356069623193, 5.605891964462635713 ) ) ;
#7232 = VERTEX_POINT ( 'NONE', #7143 ) ;
#7233 = CIRCLE ( 'NONE', #1014, 1.449999999999999067 ) ;
#7234 = CARTESIAN_POINT ( 'NONE',  ( -44.49968682327390468, 70.83262911085002145, -15.12672685068876000 ) ) ;
#7235 = LINE ( 'NONE', #1852, #4920 ) ;
#7236 = ORIENTED_EDGE ( 'NONE', *, *, #6575, .F. ) ;
#7237 = CARTESIAN_POINT ( 'NONE',  ( -12.50000000000044409, 31.20788311109079771, -43.28812969620300777 ) ) ;
#7238 = VECTOR ( 'NONE', #2371, 1000.000000000000114 ) ;
#7239 = CARTESIAN_POINT ( 'NONE',  ( 0.000000000000000000, 53.50000000000000711, 0.000000000000000000 ) ) ;
#7240 = CIRCLE ( 'NONE', #2816, 47.00000000000001421 ) ;
#7241 = CARTESIAN_POINT ( 'NONE',  ( 30.71597019606353030, 52.10820305079131032, -32.53947375029743938 ) ) ;
#7242 = EDGE_CURVE ( 'NONE', #7226, #1300, #2584, .T. ) ;
#7243 = CARTESIAN_POINT ( 'NONE',  ( -63.04429881564596627, 31.20788311109079771, -12.49999999999999112 ) ) ;
#7244 = EDGE_CURVE ( 'NONE', #8271, #9241, #8680, .T. ) ;
#7245 = DIRECTION ( 'NONE',  ( 0.000000000000000000, 0.000000000000000000, 1.000000000000000000 ) ) ;
#7246 = ORIENTED_EDGE ( 'NONE', *, *, #4674, .T. ) ;
#7247 = DIRECTION ( 'NONE',  ( 0.8660254037844363761, 0.000000000000000000, -0.5000000000000039968 ) ) ;
#7248 = DIRECTION ( 'NONE',  ( -0.000000000000000000, 0.000000000000000000, 1.000000000000000000 ) ) ;
#7249 = VECTOR ( 'NONE', #1854, 1000.000000000000114 ) ;
#7250 = EDGE_LOOP ( 'NONE', ( #4961, #5549 ) ) ;
#7251 = DIRECTION ( 'NONE',  ( -0.7085432981232795413, 0.5749972691930390623, -0.4090776639039746532 ) ) ;
#7252 = PLANE ( 'NONE',  #4263 ) ;
#7253 = ORIENTED_EDGE ( 'NONE', *, *, #7589, .T. ) ;
#7254 = DIRECTION ( 'NONE',  ( -0.5353307582192280423, 0.6533314309053764868, -0.5353307582192151637 ) ) ;
#7255 = CARTESIAN_POINT ( 'NONE',  ( 0.000000000000000000, 53.50000000000000711, 0.000000000000000000 ) ) ;
#7256 = ORIENTED_EDGE ( 'NONE', *, *, #1012, .T. ) ;
#7257 = CARTESIAN_POINT ( 'NONE',  ( 0.000000000000000000, 61.00000000000000711, 0.000000000000000000 ) ) ;
#7258 = DIRECTION ( 'NONE',  ( -0.8660254037844432595, 0.000000000000000000, -0.4999999999999920064 ) ) ;
#7259 = ORIENTED_EDGE ( 'NONE', *, *, #7315, .F. ) ;
#7260 = EDGE_CURVE ( 'NONE', #8356, #6839, #1863, .T. ) ;
#7261 = CARTESIAN_POINT ( 'NONE',  ( 6.250000000000228262, 4.000000000000000000, 66.52214940782296537 ) ) ;
#7262 = ORIENTED_EDGE ( 'NONE', *, *, #5756, .T. ) ;
#7263 = LINE ( 'NONE', #6381, #4289 ) ;
#7264 = CARTESIAN_POINT ( 'NONE',  ( 27.50653484719897435, 70.83629404531718876, 11.20511397484401961 ) ) ;
#7265 = EDGE_CURVE ( 'NONE', #6534, #4742, #6478, .T. ) ;
#7266 = EDGE_CURVE ( 'NONE', #3617, #9659, #1810, .T. ) ;
#7267 = CARTESIAN_POINT ( 'NONE',  ( -40.46294601237035948, 22.50000000000000000, -13.00000000000000000 ) ) ;
#7268 = DIRECTION ( 'NONE',  ( 0.000000000000000000, 1.000000000000000000, -0.000000000000000000 ) ) ;
#7269 = VERTEX_POINT ( 'NONE', #4930 ) ;
#7270 = LINE ( 'NONE', #4029, #9161 ) ;
#7271 = EDGE_LOOP ( 'NONE', ( #1545, #1127, #1284, #219 ) ) ;
#7272 = VERTEX_POINT ( 'NONE', #7189 ) ;
#7273 = CARTESIAN_POINT ( 'NONE',  ( 42.43524478543723433, 26.00000000000001066, 24.50000000000044409 ) ) ;
#7274 = DIRECTION ( 'NONE',  ( -0.2646834405156194281, 0.000000000000000000, 0.9643353546960800049 ) ) ;
#7275 = EDGE_CURVE ( 'NONE', #1276, #5444, #163, .T. ) ;
#7276 = ADVANCED_FACE ( 'NONE', ( #1046 ), #8733, .T. ) ;
#7277 = CARTESIAN_POINT ( 'NONE',  ( -47.63139720814428557, 26.00000000000001066, 27.49999999999970512 ) ) ;
#7278 = CARTESIAN_POINT ( 'NONE',  ( 43.46228597305005081, 52.25467878633469354, -10.31078717820763124 ) ) ;
#7279 = VERTEX_POINT ( 'NONE', #4978 ) ;
#7280 = EDGE_CURVE ( 'NONE', #4267, #3504, #8121, .T. ) ;
#7281 = ORIENTED_EDGE ( 'NONE', *, *, #9545, .T. ) ;
#7282 =( NAMED_UNIT ( * ) SI_UNIT ( $, .STERADIAN. ) SOLID_ANGLE_UNIT ( ) );
#7283 = ORIENTED_EDGE ( 'NONE', *, *, #2124, .F. ) ;
#7284 = CARTESIAN_POINT ( 'NONE',  ( -22.87733444822521989, 71.00000000000001421, 6.279196922621852472 ) ) ;
#7285 = ORIENTED_EDGE ( 'NONE', *, *, #9072, .T. ) ;
#7286 = PRODUCT ( 'Base', 'Base', '', ( #4243 ) ) ;
#7287 = CARTESIAN_POINT ( 'NONE',  ( 24.49999999999930012, 26.00000000000001066, 42.43524478543788092 ) ) ;
#7288 = CARTESIAN_POINT ( 'NONE',  ( 24.49999999999930012, 71.00000000000001421, 42.43524478543788092 ) ) ;
#7289 = ORIENTED_EDGE ( 'NONE', *, *, #7741, .F. ) ;
#7290 = DIRECTION ( 'NONE',  ( 0.5353307582192253777, 0.6533314309053748214, 0.5353307582192197156 ) ) ;
#7291 = ORIENTED_EDGE ( 'NONE', *, *, #6047, .T. ) ;
#7292 = DIRECTION ( 'NONE',  ( -0.7071067811865491270, 0.000000000000000000, 0.7071067811865459074 ) ) ;
#7293 = CARTESIAN_POINT ( 'NONE',  ( 44.43492165533621119, 70.66596018114297806, -15.31593059754899144 ) ) ;
#7294 = ADVANCED_FACE ( 'NONE', ( #1704 ), #4213, .T. ) ;
#7295 = CARTESIAN_POINT ( 'NONE',  ( 30.44486301286592678, 53.50000000000000711, 6.822779208491885683 ) ) ;
#7296 = EDGE_LOOP ( 'NONE', ( #4074, #2407, #408, #5305 ) ) ;
#7297 = LINE ( 'NONE', #108, #3596 ) ;
#7298 = CARTESIAN_POINT ( 'NONE',  ( 13.74999999999999822, 23.30000000000000071, -5.000000000000000000 ) ) ;
#7299 = ORIENTED_EDGE ( 'NONE', *, *, #361, .F. ) ;
#7300 = CARTESIAN_POINT ( 'NONE',  ( -25.28817283496540824, 70.49999999999998579, 6.940905523910935848 ) ) ;
#7301 = LINE ( 'NONE', #5989, #7532 ) ;
#7302 = ORIENTED_EDGE ( 'NONE', *, *, #7244, .F. ) ;
#7303 = CIRCLE ( 'NONE', #1406, 1.300000000000001599 ) ;
#7304 = DIRECTION ( 'NONE',  ( 0.000000000000000000, 1.000000000000000000, 0.000000000000000000 ) ) ;
#7305 = CARTESIAN_POINT ( 'NONE',  ( 0.000000000000000000, 71.00000000000001421, 0.000000000000000000 ) ) ;
#7306 = CIRCLE ( 'NONE', #1730, 60.62500000000000000 ) ;
#7307 = CARTESIAN_POINT ( 'NONE',  ( 27.49999999999920419, 65.99999999999998579, 47.63139720814457689 ) ) ;
#7308 = DIRECTION ( 'NONE',  ( 0.000000000000000000, -1.000000000000000000, 0.000000000000000000 ) ) ;
#7309 = VERTEX_POINT ( 'NONE', #9551 ) ;
#7310 = AXIS2_PLACEMENT_3D ( 'NONE', #9094, #4942, #6588 ) ;
#7311 = CARTESIAN_POINT ( 'NONE',  ( 27.49999999999999645, 65.99999999999998579, -47.63139720814412215 ) ) ;
#7312 = ORIENTED_EDGE ( 'NONE', *, *, #1614, .F. ) ;
#7313 = CARTESIAN_POINT ( 'NONE',  ( -29.39442794444029872, 71.00000000000001421, -9.908682681455715624 ) ) ;
#7314 = DIRECTION ( 'NONE',  ( 0.000000000000000000, 0.000000000000000000, -1.000000000000000000 ) ) ;
#7315 = EDGE_CURVE ( 'NONE', #4822, #6952, #6592, .T. ) ;
#7316 = CARTESIAN_POINT ( 'NONE',  ( -41.12612270053317332, 22.42406655313087427, -12.99999999999999467 ) ) ;
#7317 = LINE ( 'NONE', #236, #5088 ) ;
#7318 = EDGE_LOOP ( 'NONE', ( #3392, #9266, #5152, #1949 ) ) ;
#7319 = VECTOR ( 'NONE', #4177, 1000.000000000000000 ) ;
#7320 = CARTESIAN_POINT ( 'NONE',  ( -27.29547653342043034, 61.00000000000000711, 11.70670580537048622 ) ) ;
#7321 = EDGE_LOOP ( 'NONE', ( #7167, #7207, #5739, #3974 ) ) ;
#7322 = VECTOR ( 'NONE', #1399, 1000.000000000000000 ) ;
#7323 = ORIENTED_EDGE ( 'NONE', *, *, #5614, .F. ) ;
#7324 = EDGE_CURVE ( 'NONE', #6597, #9662, #885, .T. ) ;
#7325 = CARTESIAN_POINT ( 'NONE',  ( 0.000000000000000000, 61.00000000000000711, 0.000000000000000000 ) ) ;
#7326 = CARTESIAN_POINT ( 'NONE',  ( 0.000000000000000000, 61.00000000000000711, 0.000000000000000000 ) ) ;
#7327 = AXIS2_PLACEMENT_3D ( 'NONE', #2736, #8988, #1964 ) ;
#7328 = CARTESIAN_POINT ( 'NONE',  ( -42.97326714374769097, 71.00000000000001421, -13.28558351904258394 ) ) ;
#7329 = CARTESIAN_POINT ( 'NONE',  ( 35.48144580774418699, 70.66596018114300648, -30.82380566991880144 ) ) ;
#7330 = EDGE_CURVE ( 'NONE', #1578, #7037, #8173, .T. ) ;
#7331 = EDGE_LOOP ( 'NONE', ( #4093, #931, #7501 ) ) ;
#7332 = PLANE ( 'NONE',  #5146 ) ;
#7333 = EDGE_CURVE ( 'NONE', #2775, #3916, #3968, .T. ) ;
#7334 = AXIS2_PLACEMENT_3D ( 'NONE', #3657, #6843, #1462 ) ;
#7335 = ORIENTED_EDGE ( 'NONE', *, *, #2289, .F. ) ;
#7336 = ADVANCED_FACE ( 'NONE', ( #6674 ), #4775, .T. ) ;
#7337 = CARTESIAN_POINT ( 'NONE',  ( 54.79918389295715286, 9.865347623645416064, 4.704577163631958214 ) ) ;
#7338 = ORIENTED_EDGE ( 'NONE', *, *, #6960, .F. ) ;
#7339 = CARTESIAN_POINT ( 'NONE',  ( -12.88755093684978270, 53.50000000000000711, 43.11509052350583460 ) ) ;
#7340 = LINE ( 'NONE', #2566, #6043 ) ;
#7341 = ORIENTED_EDGE ( 'NONE', *, *, #6768, .F. ) ;
#7342 = LINE ( 'NONE', #4394, #5933 ) ;
#7343 = VERTEX_POINT ( 'NONE', #7450 ) ;
#7344 = LINE ( 'NONE', #409, #2878 ) ;
#7345 = PLANE ( 'NONE',  #9243 ) ;
#7346 = EDGE_LOOP ( 'NONE', ( #529, #5012, #8605, #4309, #9849 ) ) ;
#7347 = DIRECTION ( 'NONE',  ( 0.000000000000000000, 0.000000000000000000, 1.000000000000000000 ) ) ;
#7348 = ORIENTED_EDGE ( 'NONE', *, *, #2572, .F. ) ;
#7349 = CARTESIAN_POINT ( 'NONE',  ( 0.000000000000000000, 4.000000000000000000, 0.000000000000000000 ) ) ;
#7350 = CARTESIAN_POINT ( 'NONE',  ( -9.112691334224241047, 71.00000000000001421, -45.82559802962065731 ) ) ;
#7351 = EDGE_LOOP ( 'NONE', ( #9624, #6329, #4677, #6490 ) ) ;
#7352 = CARTESIAN_POINT ( 'NONE',  ( -44.49968682327376968, 70.83262911084999303, 15.12672685068911882 ) ) ;
#7353 = CARTESIAN_POINT ( 'NONE',  ( -17.50000000000059686, 44.31128874149307961, -58.04429881564578864 ) ) ;
#7354 = DIRECTION ( 'NONE',  ( 0.000000000000000000, 0.000000000000000000, 1.000000000000000000 ) ) ;
#7355 = DIRECTION ( 'NONE',  ( 0.000000000000000000, 1.000000000000000000, 0.000000000000000000 ) ) ;
#7356 = LINE ( 'NONE', #5960, #4096 ) ;
#7357 = ORIENTED_EDGE ( 'NONE', *, *, #6957, .T. ) ;
#7358 = CARTESIAN_POINT ( 'NONE',  ( 0.000000000000000000, 4.000000000000000000, 0.000000000000000000 ) ) ;
#7359 = ORIENTED_EDGE ( 'NONE', *, *, #4598, .F. ) ;
#7360 = LINE ( 'NONE', #7931, #4446 ) ;
#7361 = FACE_OUTER_BOUND ( 'NONE', #5919, .T. ) ;
#7362 = CARTESIAN_POINT ( 'NONE',  ( 0.000000000000000000, 4.000000000000000000, 0.000000000000000000 ) ) ;
#7363 = DIRECTION ( 'NONE',  ( -0.7027971946764645095, 0.000000000000000000, -0.7113902607956420487 ) ) ;
#7364 = EDGE_CURVE ( 'NONE', #1674, #5912, #5106, .T. ) ;
#7365 = AXIS2_PLACEMENT_3D ( 'NONE', #9218, #2039, #4489 ) ;
#7366 = VERTEX_POINT ( 'NONE', #4314 ) ;
#7367 = EDGE_CURVE ( 'NONE', #2568, #2382, #3537, .T. ) ;
#7368 = CARTESIAN_POINT ( 'NONE',  ( -45.27214940782341301, 4.000000000000000000, -45.27214940782263142 ) ) ;
#7369 = ORIENTED_EDGE ( 'NONE', *, *, #8579, .T. ) ;
#7370 = EDGE_LOOP ( 'NONE', ( #7804, #6137, #5102, #2834 ) ) ;
#7371 = CARTESIAN_POINT ( 'NONE',  ( -8.756996203826414416, 61.00000000000000711, 46.17699662695888208 ) ) ;
#7372 = CARTESIAN_POINT ( 'NONE',  ( 3.509433644628745519, 70.50000000000002842, 29.49192898902932214 ) ) ;
#7373 = AXIS2_PLACEMENT_3D ( 'NONE', #2085, #9729, #9875 ) ;
#7374 = CARTESIAN_POINT ( 'NONE',  ( 18.65508692645726896, 70.50000000000000000, 18.42974732841616259 ) ) ;
#7375 = DIRECTION ( 'NONE',  ( 0.9674806351920947067, 0.000000000000000000, -0.2529450939004372345 ) ) ;
#7376 = EDGE_LOOP ( 'NONE', ( #405, #8105, #7357, #8061 ) ) ;
#7377 = VECTOR ( 'NONE', #5668, 1000.000000000000000 ) ;
#7378 = ORIENTED_EDGE ( 'NONE', *, *, #9176, .F. ) ;
#7379 = VECTOR ( 'NONE', #1705, 1000.000000000000000 ) ;
#7380 = VERTEX_POINT ( 'NONE', #9800 ) ;
#7381 = VECTOR ( 'NONE', #9308, 1000.000000000000114 ) ;
#7382 = LINE ( 'NONE', #354, #322 ) ;
#7383 = EDGE_LOOP ( 'NONE', ( #955, #763, #206, #7925 ) ) ;
#7384 = AXIS2_PLACEMENT_3D ( 'NONE', #6311, #9439, #882 ) ;
#7385 = CARTESIAN_POINT ( 'NONE',  ( 0.3337243123704485837, 53.50000000000000711, 1.245476089487486338 ) ) ;
#7386 = DIRECTION ( 'NONE',  ( 0.000000000000000000, 0.000000000000000000, 1.000000000000000000 ) ) ;
#7387 = ADVANCED_FACE ( 'NONE', ( #5179 ), #8323, .T. ) ;
#7388 = EDGE_LOOP ( 'NONE', ( #964, #2999, #772, #564, #3398, #5336, #2308 ) ) ;
#7389 = LINE ( 'NONE', #8215, #2012 ) ;
#7390 = VECTOR ( 'NONE', #860, 1000.000000000000000 ) ;
#7391 = VERTEX_POINT ( 'NONE', #5225 ) ;
#7392 = CIRCLE ( 'NONE', #829, 31.20000000000000995 ) ;
#7393 = PLANE ( 'NONE',  #4179 ) ;
#7394 = LINE ( 'NONE', #1858, #3841 ) ;
#7395 = VERTEX_POINT ( 'NONE', #4265 ) ;
#7396 = CIRCLE ( 'NONE', #8058, 17.12500000000000000 ) ;
#7397 = DIRECTION ( 'NONE',  ( 1.047444401652940007E-14, -0.000000000000000000, 1.000000000000000000 ) ) ;
#7398 = VERTEX_POINT ( 'NONE', #9898 ) ;
#7399 = DIRECTION ( 'NONE',  ( 0.000000000000000000, 1.000000000000000000, 0.000000000000000000 ) ) ;
#7400 = VERTEX_POINT ( 'NONE', #2776 ) ;
#7401 = EDGE_CURVE ( 'NONE', #3141, #7380, #8984, .T. ) ;
#7402 = EDGE_CURVE ( 'NONE', #5064, #5504, #7500, .T. ) ;
#7403 = VECTOR ( 'NONE', #6547, 1000.000000000000000 ) ;
#7404 = EDGE_CURVE ( 'NONE', #2856, #1599, #2875, .T. ) ;
#7405 = EDGE_CURVE ( 'NONE', #4165, #7197, #372, .T. ) ;
#7406 = DIRECTION ( 'NONE',  ( 0.7085432981232857585, 0.5749972691930307356, -0.4090776639039753748 ) ) ;
#7407 = LINE ( 'NONE', #7456, #5332 ) ;
#7408 = VECTOR ( 'NONE', #7734, 1000.000000000000114 ) ;
#7409 = CARTESIAN_POINT ( 'NONE',  ( 11.25000000000000000, 30.50000000000000000, 13.00000000000000000 ) ) ;
#7410 = FACE_BOUND ( 'NONE', #5779, .T. ) ;
#7411 = VERTEX_POINT ( 'NONE', #5954 ) ;
#7412 = CARTESIAN_POINT ( 'NONE',  ( 66.52214940782297958, 0.000000000000000000, 4.799999999999997158 ) ) ;
#7413 = ORIENTED_EDGE ( 'NONE', *, *, #2000, .T. ) ;
#7414 = CARTESIAN_POINT ( 'NONE',  ( -43.78253914824667703, 51.00000000000000711, -10.39659875787502585 ) ) ;
#7415 = CARTESIAN_POINT ( 'NONE',  ( 6.250000000000228262, -1.000000000000000000, 67.97214940782295400 ) ) ;
#7416 = VECTOR ( 'NONE', #3584, 1000.000000000000000 ) ;
#7417 = CARTESIAN_POINT ( 'NONE',  ( 0.000000000000000000, 61.00000000000000711, 29.70000000000000284 ) ) ;
#7418 = LINE ( 'NONE', #1213, #9339 ) ;
#7419 = ORIENTED_EDGE ( 'NONE', *, *, #8219, .F. ) ;
#7420 = EDGE_CURVE ( 'NONE', #1703, #1345, #7080, .T. ) ;
#7421 = CARTESIAN_POINT ( 'NONE',  ( -12.80215865440932355, 52.25174752504369025, -42.79640218686373743 ) ) ;
#7422 = ORIENTED_EDGE ( 'NONE', *, *, #733, .T. ) ;
#7423 = VERTEX_POINT ( 'NONE', #1957 ) ;
#7424 = CARTESIAN_POINT ( 'NONE',  ( 6.633085908507855954, 70.50000000000000000, -25.37065285232711886 ) ) ;
#7425 = PLANE ( 'NONE',  #1484 ) ;
#7426 = FACE_OUTER_BOUND ( 'NONE', #9910, .T. ) ;
#7427 = LINE ( 'NONE', #3419, #10001 ) ;
#7428 = ORIENTED_EDGE ( 'NONE', *, *, #156, .T. ) ;
#7429 = ADVANCED_FACE ( 'NONE', ( #414 ), #6002, .F. ) ;
#7430 = DIRECTION ( 'NONE',  ( -0.2646834405156395786, 0.000000000000000000, -0.9643353546960745648 ) ) ;
#7431 = CARTESIAN_POINT ( 'NONE',  ( 0.000000000000000000, 53.50000000000000711, 0.000000000000000000 ) ) ;
#7432 = VECTOR ( 'NONE', #5579, 1000.000000000000000 ) ;
#7433 = EDGE_LOOP ( 'NONE', ( #9647, #7643, #3423 ) ) ;
#7434 = CARTESIAN_POINT ( 'NONE',  ( -78.04429881564595917, 44.31128874149274566, 17.49999999999999289 ) ) ;
#7435 = ORIENTED_EDGE ( 'NONE', *, *, #3871, .T. ) ;
#7436 = CARTESIAN_POINT ( 'NONE',  ( 16.52091614407034115, 61.00000000000000711, 16.32135574438677139 ) ) ;
#7437 = CARTESIAN_POINT ( 'NONE',  ( 54.68037485601404057, 11.98898805843689530, -5.921163561198298453 ) ) ;
#7438 = ORIENTED_EDGE ( 'NONE', *, *, #2250, .T. ) ;
#7439 = CARTESIAN_POINT ( 'NONE',  ( 22.39516677087726038, 70.50000000000002842, 6.146855202363726178 ) ) ;
#7440 = EDGE_CURVE ( 'NONE', #5607, #9039, #8889, .T. ) ;
#7441 = EDGE_LOOP ( 'NONE', ( #1256, #268, #2806, #3690 ) ) ;
#7442 = CARTESIAN_POINT ( 'NONE',  ( 0.000000000000000000, 4.000000000000000000, 0.000000000000000000 ) ) ;
#7443 = ADVANCED_FACE ( 'NONE', ( #520 ), #7552, .T. ) ;
#7444 = UNCERTAINTY_MEASURE_WITH_UNIT (LENGTH_MEASURE( 1.000000000000000082E-05 ), #5077, 'distance_accuracy_value', 'NONE');
#7445 = FACE_OUTER_BOUND ( 'NONE', #6561, .T. ) ;
#7446 = ADVANCED_FACE ( 'NONE', ( #2105 ), #3441, .F. ) ;
#7447 = VERTEX_POINT ( 'NONE', #9327 ) ;
#7448 = SURFACE_STYLE_USAGE ( .BOTH. , #1955 ) ;
#7449 = ORIENTED_EDGE ( 'NONE', *, *, #4069, .F. ) ;
#7450 = CARTESIAN_POINT ( 'NONE',  ( -30.44486301286591967, 71.00000000000001421, 6.822779208491905223 ) ) ;
#7451 = EDGE_CURVE ( 'NONE', #424, #9162, #756, .T. ) ;
#7452 = ORIENTED_EDGE ( 'NONE', *, *, #5702, .T. ) ;
#7453 = EDGE_CURVE ( 'NONE', #7875, #2718, #7759, .T. ) ;
#7454 = VECTOR ( 'NONE', #3031, 1000.000000000000114 ) ;
#7455 = DIRECTION ( 'NONE',  ( -0.000000000000000000, 1.000000000000000000, -0.000000000000000000 ) ) ;
#7456 = CARTESIAN_POINT ( 'NONE',  ( -23.91802675695212699, 62.68429458569835333, 28.92996381222491920 ) ) ;
#7457 = EDGE_CURVE ( 'NONE', #293, #1035, #3845, .T. ) ;
#7458 = LINE ( 'NONE', #1918, #1426 ) ;
#7459 = EDGE_CURVE ( 'NONE', #6013, #4530, #6980, .T. ) ;
#7460 = DIRECTION ( 'NONE',  ( 0.000000000000000000, 1.000000000000000000, 0.000000000000000000 ) ) ;
#7461 = DIRECTION ( 'NONE',  ( 0.000000000000000000, -0.000000000000000000, -1.000000000000000000 ) ) ;
#7462 = EDGE_LOOP ( 'NONE', ( #7737, #629, #6124, #1508, #2215 ) ) ;
#7463 = CARTESIAN_POINT ( 'NONE',  ( -43.46385081160456565, 52.25174752504367603, -10.31120647543455426 ) ) ;
#7464 = CARTESIAN_POINT ( 'NONE',  ( 17.49999999999933209, 31.20788311109079771, -63.04429881564614391 ) ) ;
#7465 = AXIS2_PLACEMENT_3D ( 'NONE', #6464, #8975, #5633 ) ;
#7466 = DIRECTION ( 'NONE',  ( -0.2588190451025179084, 0.000000000000000000, 0.9659258262890690894 ) ) ;
#7467 = DIRECTION ( 'NONE',  ( -0.7071067811865455743, 0.000000000000000000, -0.7071067811865493491 ) ) ;
#7468 = AXIS2_PLACEMENT_3D ( 'NONE', #9733, #9013, #3375 ) ;
#7469 = AXIS2_PLACEMENT_3D ( 'NONE', #8901, #9047, #4989 ) ;
#7470 = ORIENTED_EDGE ( 'NONE', *, *, #4548, .T. ) ;
#7471 = CARTESIAN_POINT ( 'NONE',  ( -12.24022189330255728, 53.50000000000000711, -40.69922564377258567 ) ) ;
#7472 = VERTEX_POINT ( 'NONE', #1544 ) ;
#7473 = EDGE_LOOP ( 'NONE', ( #2323, #2866, #7419, #9820, #1192, #8518 ) ) ;
#7474 = DIRECTION ( 'NONE',  ( 0.000000000000000000, 1.000000000000000000, 0.000000000000000000 ) ) ;
#7475 = LINE ( 'NONE', #1170, #6230 ) ;
#7476 = CARTESIAN_POINT ( 'NONE',  ( 12.88755093684978270, 51.00000000000000711, -43.11509052350581328 ) ) ;
#7477 = CARTESIAN_POINT ( 'NONE',  ( -27.29547653342050850, 70.49999999999998579, -11.70670580537029437 ) ) ;
#7478 = VERTEX_POINT ( 'NONE', #1396 ) ;
#7479 = DIRECTION ( 'NONE',  ( -0.9674806351920929304, 0.000000000000000000, 0.2529450939004438959 ) ) ;
#7480 = CARTESIAN_POINT ( 'NONE',  ( 44.61802249357507577, 16.20592735861580636, 5.851353009405002581 ) ) ;
#7481 = AXIS2_PLACEMENT_3D ( 'NONE', #8969, #3519, #5058 ) ;
#7482 = AXIS2_PLACEMENT_3D ( 'NONE', #3449, #1146, #9091 ) ;
#7483 = ORIENTED_EDGE ( 'NONE', *, *, #7777, .F. ) ;
#7484 = LINE ( 'NONE', #9973, #1629 ) ;
#7485 = ORIENTED_EDGE ( 'NONE', *, *, #1198, .T. ) ;
#7486 = DIRECTION ( 'NONE',  ( -0.000000000000000000, 1.000000000000000000, 0.000000000000000000 ) ) ;
#7487 = DIRECTION ( 'NONE',  ( -1.000000000000000000, 0.000000000000000000, 0.000000000000000000 ) ) ;
#7488 = VERTEX_POINT ( 'NONE', #4656 ) ;
#7489 = CARTESIAN_POINT ( 'NONE',  ( -17.49999999999981171, 4.000000000000000000, 52.14163403653559214 ) ) ;
#7490 = ORIENTED_EDGE ( 'NONE', *, *, #4674, .F. ) ;
#7491 = VECTOR ( 'NONE', #6242, 999.9999999999998863 ) ;
#7492 = CARTESIAN_POINT ( 'NONE',  ( 32.27764532285537769, 61.00000000000000711, -29.85850818997072409 ) ) ;
#7493 = AXIS2_PLACEMENT_3D ( 'NONE', #5650, #1765, #6318 ) ;
#7494 = EDGE_CURVE ( 'NONE', #5542, #3513, #2983, .T. ) ;
#7495 = CARTESIAN_POINT ( 'NONE',  ( 0.000000000000000000, 51.00000000000000711, 0.000000000000000000 ) ) ;
#7496 = ADVANCED_FACE ( 'NONE', ( #3738 ), #8473, .F. ) ;
#7497 = ORIENTED_EDGE ( 'NONE', *, *, #7513, .T. ) ;
#7498 = DIRECTION ( 'NONE',  ( -2.312964634635743450E-16, -1.000000000000000000, 0.000000000000000000 ) ) ;
#7499 = ORIENTED_EDGE ( 'NONE', *, *, #8579, .F. ) ;
#7500 = LINE ( 'NONE', #9040, #2166 ) ;
#7501 = ORIENTED_EDGE ( 'NONE', *, *, #9331, .F. ) ;
#7502 = LINE ( 'NONE', #5183, #1764 ) ;
#7503 = LINE ( 'NONE', #9043, #6499 ) ;
#7504 = DIRECTION ( 'NONE',  ( 1.047444401652940007E-14, 0.000000000000000000, 1.000000000000000000 ) ) ;
#7505 = ADVANCED_FACE ( 'NONE', ( #3174 ), #4706, .T. ) ;
#7506 = FACE_BOUND ( 'NONE', #9591, .T. ) ;
#7507 = CARTESIAN_POINT ( 'NONE',  ( 23.28831231577586891, 71.00000000000001421, 18.43215965324959527 ) ) ;
#7508 = ORIENTED_EDGE ( 'NONE', *, *, #2828, .T. ) ;
#7509 = FACE_OUTER_BOUND ( 'NONE', #6213, .T. ) ;
#7510 = CARTESIAN_POINT ( 'NONE',  ( 12.49999999999933031, 31.20788311109079771, -63.04429881564609417 ) ) ;
#7511 = ADVANCED_FACE ( 'NONE', ( #210 ), #9481, .T. ) ;
#7512 = DIRECTION ( 'NONE',  ( 0.6123724356957925830, 0.7071067811865484609, 0.3535533905932752852 ) ) ;
#7513 = EDGE_CURVE ( 'NONE', #6706, #8588, #922, .T. ) ;
#7514 = CARTESIAN_POINT ( 'NONE',  ( 31.51983550409822499, 61.00000000000000711, 15.76324483274652088 ) ) ;
#7515 = VERTEX_POINT ( 'NONE', #1036 ) ;
#7516 = PLANE ( 'NONE',  #9322 ) ;
#7517 = ORIENTED_EDGE ( 'NONE', *, *, #9891, .F. ) ;
#7518 = ORIENTED_EDGE ( 'NONE', *, *, #9651, .F. ) ;
#7519 = CARTESIAN_POINT ( 'NONE',  ( 25.24983850318566425, 4.000000000000000000, 37.24843158527674092 ) ) ;
#7520 = CARTESIAN_POINT ( 'NONE',  ( 30.89498821139686413, 51.00000000000000711, 32.71849176563075901 ) ) ;
#7521 = CARTESIAN_POINT ( 'NONE',  ( 60.62599999999999767, 21.00000000000000000, -5.000000000000000888 ) ) ;
#7522 = ORIENTED_EDGE ( 'NONE', *, *, #2070, .T. ) ;
#7523 = EDGE_CURVE ( 'NONE', #305, #349, #3274, .T. ) ;
#7524 = EDGE_CURVE ( 'NONE', #4801, #2774, #4046, .T. ) ;
#7525 = EDGE_CURVE ( 'NONE', #5896, #7037, #8065, .T. ) ;
#7526 = DIRECTION ( 'NONE',  ( 0.000000000000000000, -0.000000000000000000, 1.000000000000000000 ) ) ;
#7527 = EDGE_CURVE ( 'NONE', #7099, #2106, #7180, .T. ) ;
#7528 = CARTESIAN_POINT ( 'NONE',  ( 29.41128822328133907, 61.00000000000000711, -19.41535585328255920 ) ) ;
#7529 = AXIS2_PLACEMENT_3D ( 'NONE', #8765, #2563, #4041 ) ;
#7530 = VERTEX_POINT ( 'NONE', #9540 ) ;
#7531 = FACE_OUTER_BOUND ( 'NONE', #10079, .T. ) ;
#7532 = VECTOR ( 'NONE', #7538, 1000.000000000000000 ) ;
#7533 = ORIENTED_EDGE ( 'NONE', *, *, #10009, .F. ) ;
#7534 = DIRECTION ( 'NONE',  ( 1.000000000000000000, 0.000000000000000000, 0.000000000000000000 ) ) ;
#7535 = CARTESIAN_POINT ( 'NONE',  ( 43.78253914824664150, 51.16510438680747797, 10.39659875787504539 ) ) ;
#7536 = AXIS2_PLACEMENT_3D ( 'NONE', #123, #5604, #3248 ) ;
#7537 = VERTEX_POINT ( 'NONE', #3384 ) ;
#7538 = DIRECTION ( 'NONE',  ( 0.000000000000000000, 1.000000000000000000, -0.000000000000000000 ) ) ;
#7539 = CARTESIAN_POINT ( 'NONE',  ( -5.874250626806893472, 61.00000000000000711, -22.46821094675073738 ) ) ;
#7540 = VECTOR ( 'NONE', #6896, 1000.000000000000000 ) ;
#7541 = VERTEX_POINT ( 'NONE', #3332 ) ;
#7542 = AXIS2_PLACEMENT_3D ( 'NONE', #2296, #8565, #1534 ) ;
#7543 = FACE_OUTER_BOUND ( 'NONE', #2924, .T. ) ;
#7544 = AXIS2_PLACEMENT_3D ( 'NONE', #5584, #926, #6356 ) ;
#7545 = AXIS2_PLACEMENT_3D ( 'NONE', #4618, #10104, #3697 ) ;
#7546 = CARTESIAN_POINT ( 'NONE',  ( 43.28812969620312856, 31.20788311109079771, -12.49999999999999112 ) ) ;
#7547 = DIRECTION ( 'NONE',  ( 0.000000000000000000, -1.000000000000000000, 1.084202172485504434E-16 ) ) ;
#7548 = VERTEX_POINT ( 'NONE', #3949 ) ;
#7549 = FACE_OUTER_BOUND ( 'NONE', #7318, .T. ) ;
#7550 = ORIENTED_EDGE ( 'NONE', *, *, #5442, .F. ) ;
#7551 = AXIS2_PLACEMENT_3D ( 'NONE', #9822, #8347, #2801 ) ;
#7552 = PLANE ( 'NONE',  #4452 ) ;
#7553 = VECTOR ( 'NONE', #9351, 1000.000000000000000 ) ;
#7554 = ORIENTED_EDGE ( 'NONE', *, *, #3428, .T. ) ;
#7555 = AXIS2_PLACEMENT_3D ( 'NONE', #5793, #970, #9689 ) ;
#7556 = EDGE_CURVE ( 'NONE', #2431, #7587, #2517, .T. ) ;
#7557 = CARTESIAN_POINT ( 'NONE',  ( 0.000000000000000000, 26.00000000000001066, 0.000000000000000000 ) ) ;
#7558 = FACE_OUTER_BOUND ( 'NONE', #2142, .T. ) ;
#7559 = VECTOR ( 'NONE', #6942, 1000.000000000000114 ) ;
#7560 = VECTOR ( 'NONE', #1987, 1000.000000000000000 ) ;
#7561 = CARTESIAN_POINT ( 'NONE',  ( -47.63139720814428557, 65.99999999999998579, 27.49999999999970512 ) ) ;
#7562 = FACE_BOUND ( 'NONE', #3380, .T. ) ;
#7563 = FACE_OUTER_BOUND ( 'NONE', #6515, .T. ) ;
#7564 = PRESENTATION_LAYER_ASSIGNMENT (  '', '', ( #5911 ) ) ;
#7565 = ORIENTED_EDGE ( 'NONE', *, *, #8012, .F. ) ;
#7566 = CARTESIAN_POINT ( 'NONE',  ( -43.18673105403829027, 52.65204660686487159, -10.23695246018796645 ) ) ;
#7567 = PLANE ( 'NONE',  #509 ) ;
#7568 = VECTOR ( 'NONE', #2100, 1000.000000000000227 ) ;
#7569 = ORIENTED_EDGE ( 'NONE', *, *, #8994, .F. ) ;
#7570 = DIRECTION ( 'NONE',  ( 0.000000000000000000, 0.000000000000000000, -1.000000000000000000 ) ) ;
#7571 = DIRECTION ( 'NONE',  ( -0.000000000000000000, 1.000000000000000000, -0.000000000000000000 ) ) ;
#7572 = EDGE_CURVE ( 'NONE', #4379, #3372, #6302, .T. ) ;
#7573 = VERTEX_POINT ( 'NONE', #4154 ) ;
#7574 = CARTESIAN_POINT ( 'NONE',  ( 0.000000000000000000, 71.00000000000001421, 0.000000000000000000 ) ) ;
#7575 = DIRECTION ( 'NONE',  ( 0.000000000000000000, 1.000000000000000000, 0.000000000000000000 ) ) ;
#7576 = VERTEX_POINT ( 'NONE', #2617 ) ;
#7577 = VERTEX_POINT ( 'NONE', #5582 ) ;
#7578 = LINE ( 'NONE', #9003, #673 ) ;
#7579 = EDGE_CURVE ( 'NONE', #2382, #3781, #6516, .T. ) ;
#7580 = CARTESIAN_POINT ( 'NONE',  ( -25.28817283496544732, 61.00000000000000711, -6.940905523910762653 ) ) ;
#7581 = AXIS2_PLACEMENT_3D ( 'NONE', #7300, #9645, #8891 ) ;
#7582 = CARTESIAN_POINT ( 'NONE',  ( 12.49999999999999112, 4.000000000000000000, -1.309305502066174062E-13 ) ) ;
#7583 = EDGE_CURVE ( 'NONE', #10109, #3653, #7974, .T. ) ;
#7584 = VERTEX_POINT ( 'NONE', #871 ) ;
#7585 = CARTESIAN_POINT ( 'NONE',  ( -66.52214940782297958, 0.000000000000000000, -6.249999999999996447 ) ) ;
#7586 = CARTESIAN_POINT ( 'NONE',  ( -16.87661127446817488, 71.00000000000001421, -16.67275434172501392 ) ) ;
#7587 = VERTEX_POINT ( 'NONE', #7955 ) ;
#7588 =( BOUNDED_CURVE ( )  B_SPLINE_CURVE ( 3, ( #1897, #7234, #9688, #9634 ),
 .UNSPECIFIED., .F., .F. ) 
 B_SPLINE_CURVE_WITH_KNOTS ( ( 4, 4 ),
 ( 2.149939280505395622, 2.162703967960458940 ),
 .UNSPECIFIED. ) 
 CURVE ( )  GEOMETRIC_REPRESENTATION_ITEM ( )  RATIONAL_B_SPLINE_CURVE ( ( 1.000000000000000000, 0.9999864219422722744, 0.9999864219422722744, 1.000000000000000000 ) ) 
 REPRESENTATION_ITEM ( '' )  );
#7589 = EDGE_CURVE ( 'NONE', #1958, #9153, #3997, .T. ) ;
#7590 = DIRECTION ( 'NONE',  ( -0.000000000000000000, 1.000000000000000000, -0.000000000000000000 ) ) ;
#7591 = ORIENTED_EDGE ( 'NONE', *, *, #3645, .F. ) ;
#7592 = DIRECTION ( 'NONE',  ( -0.2646834405156263670, 0.000000000000000000, 0.9643353546960782285 ) ) ;
#7593 = ADVANCED_FACE ( 'NONE', ( #99 ), #3576, .F. ) ;
#7594 = DIRECTION ( 'NONE',  ( 0.7113902607956419377, 0.000000000000000000, 0.7027971946764647315 ) ) ;
#7595 = DIRECTION ( 'NONE',  ( 0.2588190451025236261, -0.000000000000000000, 0.9659258262890675351 ) ) ;
#7596 = CARTESIAN_POINT ( 'NONE',  ( 19.25000000000000000, 0.000000000000000000, -13.00000000000000000 ) ) ;
#7597 = ORIENTED_EDGE ( 'NONE', *, *, #5135, .T. ) ;
#7598 = VECTOR ( 'NONE', #3022, 1000.000000000000000 ) ;
#7599 = CARTESIAN_POINT ( 'NONE',  ( -30.53346142348917525, 52.52341675436967705, 32.35696497772312341 ) ) ;
#7600 = DIRECTION ( 'NONE',  ( -0.8660254037844382635, 0.000000000000000000, 0.5000000000000007772 ) ) ;
#7601 = LINE ( 'NONE', #2009, #53 ) ;
#7602 = ORIENTED_EDGE ( 'NONE', *, *, #2478, .F. ) ;
#7603 = DIRECTION ( 'NONE',  ( 0.000000000000000000, 1.000000000000000000, 0.000000000000000000 ) ) ;
#7604 = VERTEX_POINT ( 'NONE', #8879 ) ;
#7605 = CARTESIAN_POINT ( 'NONE',  ( 44.83942072104414933, 9.031412107342102757, -3.813394664655696431 ) ) ;
#7606 = ORIENTED_EDGE ( 'NONE', *, *, #3746, .F. ) ;
#7607 = DIRECTION ( 'NONE',  ( 0.000000000000000000, 1.000000000000000000, -0.000000000000000000 ) ) ;
#7608 = EDGE_CURVE ( 'NONE', #7179, #778, #407, .T. ) ;
#7609 = DIRECTION ( 'NONE',  ( -0.9674806351920982594, 0.000000000000000000, -0.2529450939004238563 ) ) ;
#7610 = CARTESIAN_POINT ( 'NONE',  ( -6.633085908508203232, 61.00000000000000711, -25.37065285232701584 ) ) ;
#7611 = CARTESIAN_POINT ( 'NONE',  ( -28.61717926410553048, 61.00000000000000711, -16.52213615157901572 ) ) ;
#7612 = CARTESIAN_POINT ( 'NONE',  ( 0.000000000000000000, 71.00000000000001421, 0.000000000000000000 ) ) ;
#7613 = EDGE_LOOP ( 'NONE', ( #1706, #1522, #3824, #1737 ) ) ;
#7614 = CARTESIAN_POINT ( 'NONE',  ( 2.963645253936595397E-15, 53.50000000000000711, -24.20000000000000639 ) ) ;
#7615 = DIRECTION ( 'NONE',  ( -1.000000000000000000, 0.000000000000000000, 9.570888143320321804E-15 ) ) ;
#7616 = AXIS2_PLACEMENT_3D ( 'NONE', #5589, #726, #6418 ) ;
#7617 = ORIENTED_EDGE ( 'NONE', *, *, #3670, .T. ) ;
#7618 = FACE_OUTER_BOUND ( 'NONE', #9840, .T. ) ;
#7619 = DIRECTION ( 'NONE',  ( 0.7027971946764646205, 0.000000000000000000, -0.7113902607956418267 ) ) ;
#7620 = VERTEX_POINT ( 'NONE', #5021 ) ;
#7621 = CARTESIAN_POINT ( 'NONE',  ( -24.50000000000000000, 26.00000000000001066, 42.43524478543749012 ) ) ;
#7622 = DIRECTION ( 'NONE',  ( 0.000000000000000000, 1.000000000000000000, -0.000000000000000000 ) ) ;
#7623 = EDGE_CURVE ( 'NONE', #6517, #4159, #3804, .T. ) ;
#7624 = EDGE_LOOP ( 'NONE', ( #1042, #4855, #2840, #4215, #1232 ) ) ;
#7625 = VERTEX_POINT ( 'NONE', #8166 ) ;
#7626 = PLANE ( 'NONE',  #5259 ) ;
#7627 = DIRECTION ( 'NONE',  ( -0.3449775664491150362, -0.9386109303896084111, -0.000000000000000000 ) ) ;
#7628 = DIRECTION ( 'NONE',  ( 0.000000000000000000, 1.000000000000000000, 0.000000000000000000 ) ) ;
#7629 = ORIENTED_EDGE ( 'NONE', *, *, #7717, .T. ) ;
#7630 = VECTOR ( 'NONE', #10092, 1000.000000000000114 ) ;
#7631 = LINE ( 'NONE', #9925, #5733 ) ;
#7632 = VECTOR ( 'NONE', #9267, 1000.000000000000000 ) ;
#7633 = AXIS2_PLACEMENT_3D ( 'NONE', #8350, #5158, #6604 ) ;
#7634 = ORIENTED_EDGE ( 'NONE', *, *, #2219, .F. ) ;
#7635 = ADVANCED_FACE ( 'NONE', ( #9741 ), #4303, .F. ) ;
#7636 = LINE ( 'NONE', #9788, #154 ) ;
#7637 = ORIENTED_EDGE ( 'NONE', *, *, #1845, .F. ) ;
#7638 = CARTESIAN_POINT ( 'NONE',  ( 43.28812969620312856, 31.20788311109079771, 12.49999999999999112 ) ) ;
#7639 = EDGE_CURVE ( 'NONE', #4570, #3523, #9026, .T. ) ;
#7640 = DIRECTION ( 'NONE',  ( -0.000000000000000000, 1.000000000000000000, -0.000000000000000000 ) ) ;
#7641 = CARTESIAN_POINT ( 'NONE',  ( -14.12622629352466497, 57.80032493103656321, 11.70708916063950689 ) ) ;
#7642 = CARTESIAN_POINT ( 'NONE',  ( 44.36895025132775316, 70.50000000000000000, -15.50471714012239310 ) ) ;
#7643 = ORIENTED_EDGE ( 'NONE', *, *, #2928, .T. ) ;
#7644 = EDGE_CURVE ( 'NONE', #1300, #601, #8927, .T. ) ;
#7645 = VECTOR ( 'NONE', #6778, 1000.000000000000114 ) ;
#7646 = ADVANCED_FACE ( 'NONE', ( #4253 ), #1084, .F. ) ;
#7647 = DIRECTION ( 'NONE',  ( 3.491481338843133355E-15, 0.000000000000000000, 1.000000000000000000 ) ) ;
#7648 = CARTESIAN_POINT ( 'NONE',  ( 32.31394446327392700, 61.00000000000000711, -18.65646453445032904 ) ) ;
#7649 = CARTESIAN_POINT ( 'NONE',  ( -27.49999999999999645, 26.00000000000001066, 47.63139720814412215 ) ) ;
#7650 = EDGE_LOOP ( 'NONE', ( #3861, #7879, #1359, #3249 ) ) ;
#7651 = DIRECTION ( 'NONE',  ( -0.9674806351920964831, 0.000000000000000000, -0.2529450939004305732 ) ) ;
#7652 = AXIS2_PLACEMENT_3D ( 'NONE', #9846, #1285, #2772 ) ;
#7653 = VERTEX_POINT ( 'NONE', #1901 ) ;
#7654 = DIRECTION ( 'NONE',  ( 0.000000000000000000, 0.000000000000000000, 1.000000000000000000 ) ) ;
#7655 = ORIENTED_EDGE ( 'NONE', *, *, #7081, .T. ) ;
#7656 = VECTOR ( 'NONE', #1611, 1000.000000000000000 ) ;
#7657 = CARTESIAN_POINT ( 'NONE',  ( -42.97326714374761991, 71.00000000000001421, 13.28558351904288948 ) ) ;
#7658 = EDGE_CURVE ( 'NONE', #6013, #8681, #525, .T. ) ;
#7659 = LINE ( 'NONE', #3741, #6000 ) ;
#7660 = VECTOR ( 'NONE', #7607, 1000.000000000000000 ) ;
#7661 = AXIS2_PLACEMENT_3D ( 'NONE', #218, #9341, #1601 ) ;
#7662 = PLANE ( 'NONE',  #4332 ) ;
#7663 = LINE ( 'NONE', #6886, #8368 ) ;
#7664 = CARTESIAN_POINT ( 'NONE',  ( 66.52214940782297958, 4.000000000000000000, 6.249999999999996447 ) ) ;
#7665 = ORIENTED_EDGE ( 'NONE', *, *, #6016, .T. ) ;
#7666 = CARTESIAN_POINT ( 'NONE',  ( -5.204170427930421283E-15, 61.00000000000000711, -37.31292906889989780 ) ) ;
#7667 = CARTESIAN_POINT ( 'NONE',  ( 0.000000000000000000, 51.00000000000000711, -44.99999999999998579 ) ) ;
#7668 = DIRECTION ( 'NONE',  ( 1.000000000000000000, 0.000000000000000000, 0.000000000000000000 ) ) ;
#7669 = ORIENTED_EDGE ( 'NONE', *, *, #6248, .F. ) ;
#7670 = LINE ( 'NONE', #7822, #2288 ) ;
#7671 = PLANE ( 'NONE',  #4425 ) ;
#7672 = ORIENTED_EDGE ( 'NONE', *, *, #140, .T. ) ;
#7673 = PLANE ( 'NONE',  #4047 ) ;
#7674 = CARTESIAN_POINT ( 'NONE',  ( 0.000000000000000000, 71.00000000000001421, 0.000000000000000000 ) ) ;
#7675 = ORIENTED_EDGE ( 'NONE', *, *, #1597, .F. ) ;
#7676 = ORIENTED_EDGE ( 'NONE', *, *, #5679, .F. ) ;
#7677 = DIRECTION ( 'NONE',  ( 0.000000000000000000, 1.000000000000000000, 0.000000000000000000 ) ) ;
#7678 = LINE ( 'NONE', #5302, #4270 ) ;
#7679 = EDGE_LOOP ( 'NONE', ( #2516, #7940, #5115, #3301 ) ) ;
#7680 = CARTESIAN_POINT ( 'NONE',  ( -23.78604288879177631, 70.49999999999998579, -17.78522318365891053 ) ) ;
#7681 = CARTESIAN_POINT ( 'NONE',  ( 0.000000000000000000, 4.000000000000000000, -12.49999999999999112 ) ) ;
#7682 = EDGE_CURVE ( 'NONE', #472, #349, #8263, .T. ) ;
#7683 = ORIENTED_EDGE ( 'NONE', *, *, #7266, .F. ) ;
#7684 = LINE ( 'NONE', #7891, #4251 ) ;
#7685 = ORIENTED_EDGE ( 'NONE', *, *, #4395, .F. ) ;
#7686 = PLANE ( 'NONE',  #4502 ) ;
#7687 = CYLINDRICAL_SURFACE ( 'NONE', #6998, 29.70000000000000284 ) ;
#7688 = FACE_OUTER_BOUND ( 'NONE', #5758, .T. ) ;
#7689 = DIRECTION ( 'NONE',  ( 0.000000000000000000, 1.000000000000000000, -0.000000000000000000 ) ) ;
#7690 = EDGE_CURVE ( 'NONE', #328, #9224, #7342, .T. ) ;
#7691 = ORIENTED_EDGE ( 'NONE', *, *, #7741, .T. ) ;
#7692 = CARTESIAN_POINT ( 'NONE',  ( -43.08131845707601570, 4.000000000000000000, 13.00000000000000000 ) ) ;
#7693 = CARTESIAN_POINT ( 'NONE',  ( 0.000000000000000000, 26.00000000000001066, 0.000000000000000000 ) ) ;
#7694 = EDGE_CURVE ( 'NONE', #556, #5717, #2047, .T. ) ;
#7695 = AXIS2_PLACEMENT_3D ( 'NONE', #7284, #250, #3379 ) ;
#7696 = LINE ( 'NONE', #6044, #6605 ) ;
#7697 = ORIENTED_EDGE ( 'NONE', *, *, #10083, .F. ) ;
#7698 = VECTOR ( 'NONE', #4721, 1000.000000000000000 ) ;
#7699 = DIRECTION ( 'NONE',  ( 0.000000000000000000, 1.000000000000000000, 0.000000000000000000 ) ) ;
#7700 = ORIENTED_EDGE ( 'NONE', *, *, #4542, .T. ) ;
#7701 = DIRECTION ( 'NONE',  ( -0.7027971946764645095, 0.000000000000000000, -0.7113902607956420487 ) ) ;
#7702 = EDGE_LOOP ( 'NONE', ( #3328, #3889, #9960, #230 ) ) ;
#7703 = CIRCLE ( 'NONE', #7208, 29.70000000000000284 ) ;
#7704 = VECTOR ( 'NONE', #7164, 1000.000000000000000 ) ;
#7705 = DIRECTION ( 'NONE',  ( 0.2646834405156263670, 0.000000000000000000, -0.9643353546960782285 ) ) ;
#7706 = CARTESIAN_POINT ( 'NONE',  ( -1.040834085586084257E-13, 62.96354183687353867, -22.32075459390473426 ) ) ;
#7707 = VECTOR ( 'NONE', #7941, 1000.000000000000114 ) ;
#7708 = LINE ( 'NONE', #8383, #2702 ) ;
#7709 = VECTOR ( 'NONE', #9261, 1000.000000000000114 ) ;
#7710 = DIRECTION ( 'NONE',  ( -0.9674806351920947067, 0.000000000000000000, 0.2529450939004371235 ) ) ;
#7711 = ADVANCED_FACE ( 'NONE', ( #2719 ), #309, .F. ) ;
#7712 = EDGE_CURVE ( 'NONE', #3162, #9531, #5888, .T. ) ;
#7713 = DIRECTION ( 'NONE',  ( -0.9674806351920982594, 0.000000000000000000, -0.2529450939004239118 ) ) ;
#7714 = VECTOR ( 'NONE', #7916, 1000.000000000000114 ) ;
#7715 = EDGE_LOOP ( 'NONE', ( #9871, #551, #3444, #1622 ) ) ;
#7716 = FACE_OUTER_BOUND ( 'NONE', #7859, .T. ) ;
#7717 = EDGE_CURVE ( 'NONE', #5997, #915, #1134, .T. ) ;
#7718 = CARTESIAN_POINT ( 'NONE',  ( -18.65508692645726185, 70.50000000000000000, 18.42974732841615193 ) ) ;
#7719 = ORIENTED_EDGE ( 'NONE', *, *, #3989, .F. ) ;
#7720 = EDGE_CURVE ( 'NONE', #6839, #6797, #7389, .T. ) ;
#7721 = CARTESIAN_POINT ( 'NONE',  ( -43.78253914824665571, 71.00000000000001421, 10.39659875787507914 ) ) ;
#7722 = ORIENTED_EDGE ( 'NONE', *, *, #1436, .F. ) ;
#7723 = VECTOR ( 'NONE', #1156, 1000.000000000000000 ) ;
#7724 = CARTESIAN_POINT ( 'NONE',  ( -1.245476089487488558, 53.50000000000000711, 0.3337243123704414227 ) ) ;
#7725 = FACE_OUTER_BOUND ( 'NONE', #390, .T. ) ;
#7726 = VECTOR ( 'NONE', #6275, 1000.000000000000000 ) ;
#7727 = CIRCLE ( 'NONE', #8711, 1.300000000000000044 ) ;
#7728 = EDGE_LOOP ( 'NONE', ( #3842, #5536, #8619, #2192 ) ) ;
#7729 = DIRECTION ( 'NONE',  ( -0.000000000000000000, 1.000000000000000000, 0.000000000000000000 ) ) ;
#7730 = EDGE_CURVE ( 'NONE', #5298, #3581, #8978, .T. ) ;
#7731 = CARTESIAN_POINT ( 'NONE',  ( 54.71273670553448909, 16.77289837986154808, 5.616168497545147353 ) ) ;
#7732 = VERTEX_POINT ( 'NONE', #7489 ) ;
#7733 = ORIENTED_EDGE ( 'NONE', *, *, #7972, .T. ) ;
#7734 = DIRECTION ( 'NONE',  ( 0.7027971946764645095, 0.000000000000000000, 0.7113902607956419377 ) ) ;
#7735 = DIRECTION ( 'NONE',  ( 0.9659258262890690894, 0.000000000000000000, 0.2588190451025180749 ) ) ;
#7736 = AXIS2_PLACEMENT_3D ( 'NONE', #9399, #3814, #1558 ) ;
#7737 = ORIENTED_EDGE ( 'NONE', *, *, #4295, .T. ) ;
#7738 = CIRCLE ( 'NONE', #853, 1.449999999999999067 ) ;
#7739 = DIRECTION ( 'NONE',  ( 0.000000000000000000, 0.000000000000000000, 1.000000000000000000 ) ) ;
#7740 = FACE_BOUND ( 'NONE', #1980, .T. ) ;
#7741 = EDGE_CURVE ( 'NONE', #3156, #785, #9842, .T. ) ;
#7742 = ORIENTED_EDGE ( 'NONE', *, *, #7841, .T. ) ;
#7743 = CARTESIAN_POINT ( 'NONE',  ( -41.75906633978834037, 22.19676606319412571, 13.00000000000000178 ) ) ;
#7744 = EDGE_LOOP ( 'NONE', ( #5777, #3688, #1415, #8444 ) ) ;
#7745 = AXIS2_PLACEMENT_3D ( 'NONE', #6872, #1443, #7701 ) ;
#7746 = FACE_OUTER_BOUND ( 'NONE', #5015, .T. ) ;
#7747 = CARTESIAN_POINT ( 'NONE',  ( 44.24247770437784055, 71.00000000000001421, 15.02097682252532884 ) ) ;
#7748 = FACE_OUTER_BOUND ( 'NONE', #7123, .T. ) ;
#7749 = CARTESIAN_POINT ( 'NONE',  ( 42.14480043434168266, 53.37243548074318511, -9.957767992071037355 ) ) ;
#7750 = EDGE_LOOP ( 'NONE', ( #2675, #6435, #7163, #379 ) ) ;
#7751 = AXIS2_PLACEMENT_3D ( 'NONE', #5318, #656, #9981 ) ;
#7752 = FACE_OUTER_BOUND ( 'NONE', #9041, .T. ) ;
#7753 = DIRECTION ( 'NONE',  ( -0.000000000000000000, -0.000000000000000000, -1.000000000000000000 ) ) ;
#7754 = DIRECTION ( 'NONE',  ( -0.000000000000000000, 1.000000000000000000, -0.000000000000000000 ) ) ;
#7755 = ORIENTED_EDGE ( 'NONE', *, *, #4633, .T. ) ;
#7756 = CARTESIAN_POINT ( 'NONE',  ( 8.756996203826414416, 61.00000000000000711, -46.17699662695888208 ) ) ;
#7757 = ADVANCED_FACE ( 'NONE', ( #2821 ), #6144, .T. ) ;
#7758 = ORIENTED_EDGE ( 'NONE', *, *, #7440, .T. ) ;
#7759 = LINE ( 'NONE', #722, #2331 ) ;
#7760 = ORIENTED_EDGE ( 'NONE', *, *, #4249, .F. ) ;
#7761 = LINE ( 'NONE', #3847, #8155 ) ;
#7762 = CARTESIAN_POINT ( 'NONE',  ( 0.3337243123704482506, 53.50000000000000711, -1.245476089487486560 ) ) ;
#7763 = CIRCLE ( 'NONE', #7924, 44.99999999999998579 ) ;
#7764 = DIRECTION ( 'NONE',  ( 0.000000000000000000, 1.000000000000000000, 0.000000000000000000 ) ) ;
#7765 = EDGE_CURVE ( 'NONE', #282, #8059, #2149, .T. ) ;
#7766 = CARTESIAN_POINT ( 'NONE',  ( 0.000000000000000000, 61.00000000000000711, 0.000000000000000000 ) ) ;
#7767 = CARTESIAN_POINT ( 'NONE',  ( -31.69781693007927359, 71.00000000000001421, 18.30074313730495916 ) ) ;
#7768 = ORIENTED_EDGE ( 'NONE', *, *, #677, .F. ) ;
#7769 = PLANE ( 'NONE',  #6415 ) ;
#7770 = EDGE_CURVE ( 'NONE', #3713, #9028, #6431, .T. ) ;
#7771 = CARTESIAN_POINT ( 'NONE',  ( 0.000000000000000000, 68.50000000000000000, 0.000000000000000000 ) ) ;
#7772 = ORIENTED_EDGE ( 'NONE', *, *, #4327, .T. ) ;
#7773 = DIRECTION ( 'NONE',  ( 0.000000000000000000, 0.000000000000000000, 1.000000000000000000 ) ) ;
#7774 = ORIENTED_EDGE ( 'NONE', *, *, #10064, .T. ) ;
#7775 = DIRECTION ( 'NONE',  ( 0.9674806351920963721, 0.000000000000000000, 0.2529450939004306842 ) ) ;
#7776 = DIRECTION ( 'NONE',  ( -0.9674806351920963721, 0.000000000000000000, -0.2529450939004306842 ) ) ;
#7777 = EDGE_CURVE ( 'NONE', #9025, #8112, #9170, .T. ) ;
#7778 = ADVANCED_FACE ( 'NONE', ( #3787 ), #2965, .F. ) ;
#7779 = ORIENTED_EDGE ( 'NONE', *, *, #7459, .F. ) ;
#7780 = CYLINDRICAL_SURFACE ( 'NONE', #2248, 47.00000000000001421 ) ;
#7781 = CARTESIAN_POINT ( 'NONE',  ( -6.471738182438351750, 61.00000000000000711, 30.76206126766261306 ) ) ;
#7782 = ORIENTED_EDGE ( 'NONE', *, *, #3616, .T. ) ;
#7783 = ORIENTED_EDGE ( 'NONE', *, *, #1961, .T. ) ;
#7784 = DIRECTION ( 'NONE',  ( 0.2588190451025181305, 0.000000000000000000, 0.9659258262890689783 ) ) ;
#7785 = DIRECTION ( 'NONE',  ( -1.000000000000000000, -0.000000000000000000, 3.491481338843133355E-15 ) ) ;
#7786 = VERTEX_POINT ( 'NONE', #6095 ) ;
#7787 = CARTESIAN_POINT ( 'NONE',  ( -31.16841095729521882, 71.00000000000001421, 16.37193000283621913 ) ) ;
#7788 = DIRECTION ( 'NONE',  ( -1.000000000000000000, 0.000000000000000000, 0.000000000000000000 ) ) ;
#7789 = CIRCLE ( 'NONE', #4981, 1.449999999999993072 ) ;
#7790 = VERTEX_POINT ( 'NONE', #7642 ) ;
#7791 = CARTESIAN_POINT ( 'NONE',  ( 60.62599999999999767, 21.00000000000000000, 4.999999999999999112 ) ) ;
#7792 = ORIENTED_EDGE ( 'NONE', *, *, #8403, .F. ) ;
#7793 = PLANE ( 'NONE',  #1269 ) ;
#7794 = DIRECTION ( 'NONE',  ( -0.000000000000000000, -1.000000000000000000, 0.000000000000000000 ) ) ;
#7795 = CARTESIAN_POINT ( 'NONE',  ( -63.04429881564596627, 31.20788311109079771, -12.49999999999999112 ) ) ;
#7796 = VERTEX_POINT ( 'NONE', #762 ) ;
#7797 = LINE ( 'NONE', #9984, #573 ) ;
#7798 = CARTESIAN_POINT ( 'NONE',  ( -41.52615206030426975, 53.50000000000002842, 9.792001659848894590 ) ) ;
#7799 = CIRCLE ( 'NONE', #5516, 55.00000000000000000 ) ;
#7800 = DIRECTION ( 'NONE',  ( 0.3449775664491150362, -0.9386109303896084111, 0.000000000000000000 ) ) ;
#7801 = LINE ( 'NONE', #1394, #4746 ) ;
#7802 = ORIENTED_EDGE ( 'NONE', *, *, #6429, .T. ) ;
#7803 = CARTESIAN_POINT ( 'NONE',  ( 44.97120256124426874, 7.960541800136116564, -1.621576509281891232 ) ) ;
#7804 = ORIENTED_EDGE ( 'NONE', *, *, #5180, .T. ) ;
#7805 = B_SPLINE_CURVE_WITH_KNOTS ( 'NONE', 3,
 ( #8828, #6521, #152, #6306, #9640, #2623, #8623, #7086, #1644, #3280, #7912, #8777, #878, #4002, #7135, #3231 ),
 .UNSPECIFIED., .F., .F.,
 ( 4, 2, 2, 2, 2, 2, 2, 4 ),
 ( 4.906538933386797396E-18, 0.0004882819947050064287, 0.0009765639894100154594, 0.001464845984115024273, 0.001953127978820033087, 0.002441409973525041684, 0.002929691968230050715, 0.003906255957640082654 ),
 .UNSPECIFIED. ) ;
#7806 = DIRECTION ( 'NONE',  ( -0.8660254037844336006, 0.000000000000000000, -0.5000000000000086597 ) ) ;
#7807 = CARTESIAN_POINT ( 'NONE',  ( 0.000000000000000000, 61.00000000000000711, 0.000000000000000000 ) ) ;
#7808 = EDGE_CURVE ( 'NONE', #1514, #1407, #6908, .T. ) ;
#7809 = ADVANCED_FACE ( 'NONE', ( #2198 ), #4279, .F. ) ;
#7810 = CIRCLE ( 'NONE', #1583, 1.449999999999999067 ) ;
#7811 = AXIS2_PLACEMENT_3D ( 'NONE', #7442, #8266, #3530 ) ;
#7812 = DIRECTION ( 'NONE',  ( 0.000000000000000000, -1.000000000000000000, 0.000000000000000000 ) ) ;
#7813 = ORIENTED_EDGE ( 'NONE', *, *, #1724, .T. ) ;
#7814 = DIRECTION ( 'NONE',  ( -0.8660254037844400399, 0.000000000000000000, 0.4999999999999975575 ) ) ;
#7815 = CARTESIAN_POINT ( 'NONE',  ( -0.9117517771170390306, 53.50000000000000711, 0.9117517771170445817 ) ) ;
#7816 = ORIENTED_EDGE ( 'NONE', *, *, #2629, .T. ) ;
#7817 = CARTESIAN_POINT ( 'NONE',  ( 4.255079882454420037, 51.16928985660655371, -2.911076509982124083 ) ) ;
#7818 = LINE ( 'NONE', #3143, #9172 ) ;
#7819 = ORIENTED_EDGE ( 'NONE', *, *, #6016, .F. ) ;
#7820 = FACE_OUTER_BOUND ( 'NONE', #17, .T. ) ;
#7821 = ORIENTED_EDGE ( 'NONE', *, *, #3553, .F. ) ;
#7822 = CARTESIAN_POINT ( 'NONE',  ( -5.874250626806893472, 61.00000000000000711, -22.46821094675073738 ) ) ;
#7823 = DIRECTION ( 'NONE',  ( 0.000000000000000000, 0.000000000000000000, 1.000000000000000000 ) ) ;
#7824 = VECTOR ( 'NONE', #228, 1000.000000000000000 ) ;
#7825 = ORIENTED_EDGE ( 'NONE', *, *, #8700, .F. ) ;
#7826 = DIRECTION ( 'NONE',  ( 0.1788591911648588495, -0.7071067811865432429, -0.6841121178110051160 ) ) ;
#7827 = VECTOR ( 'NONE', #224, 1000.000000000000000 ) ;
#7828 = DIRECTION ( 'NONE',  ( -3.491481338843133355E-15, 0.000000000000000000, -1.000000000000000000 ) ) ;
#7829 = VERTEX_POINT ( 'NONE', #6861 ) ;
#7830 = EDGE_CURVE ( 'NONE', #9630, #2602, #6573, .T. ) ;
#7831 = ORIENTED_EDGE ( 'NONE', *, *, #8466, .F. ) ;
#7832 = CARTESIAN_POINT ( 'NONE',  ( 8.756996203826419745, 61.00000000000000711, 46.17699662695888208 ) ) ;
#7833 = CARTESIAN_POINT ( 'NONE',  ( 24.24999999999999645, 0.000000000000000000, 19.51666049839546346 ) ) ;
#7834 = ORIENTED_EDGE ( 'NONE', *, *, #47, .F. ) ;
#7835 = LINE ( 'NONE', #4641, #5665 ) ;
#7836 = DIRECTION ( 'NONE',  ( 0.000000000000000000, 0.000000000000000000, 1.000000000000000000 ) ) ;
#7837 = ORIENTED_EDGE ( 'NONE', *, *, #2557, .F. ) ;
#7838 = CYLINDRICAL_SURFACE ( 'NONE', #8516, 1.449999999999999067 ) ;
#7839 = ORIENTED_EDGE ( 'NONE', *, *, #2684, .T. ) ;
#7840 = DIRECTION ( 'NONE',  ( -0.000000000000000000, 1.000000000000000000, -0.000000000000000000 ) ) ;
#7841 = EDGE_CURVE ( 'NONE', #3996, #10011, #7019, .T. ) ;
#7842 = EDGE_CURVE ( 'NONE', #6565, #8983, #8566, .T. ) ;
#7843 = CARTESIAN_POINT ( 'NONE',  ( -16.52091614407034115, 61.00000000000000711, 16.32135574438676429 ) ) ;
#7844 = DIRECTION ( 'NONE',  ( 0.000000000000000000, -1.000000000000000000, 0.000000000000000000 ) ) ;
#7845 = EDGE_CURVE ( 'NONE', #9150, #1266, #5270, .T. ) ;
#7846 = ADVANCED_FACE ( 'NONE', ( #8361 ), #5422, .F. ) ;
#7847 = ORIENTED_EDGE ( 'NONE', *, *, #4556, .F. ) ;
#7848 = DIRECTION ( 'NONE',  ( 0.7027971946764645095, 0.000000000000000000, 0.7113902607956420487 ) ) ;
#7849 = ORIENTED_EDGE ( 'NONE', *, *, #5446, .T. ) ;
#7850 = CARTESIAN_POINT ( 'NONE',  ( 17.49999999999953815, 31.20788311109079771, -43.28812969620331330 ) ) ;
#7851 = CARTESIAN_POINT ( 'NONE',  ( 24.50000000000000000, 71.00000000000001421, -42.43524478543749012 ) ) ;
#7852 = ORIENTED_EDGE ( 'NONE', *, *, #3999, .T. ) ;
#7853 = CARTESIAN_POINT ( 'NONE',  ( 43.78253914824666282, 53.50000000000000711, 10.39659875787505072 ) ) ;
#7854 = LINE ( 'NONE', #150, #3110 ) ;
#7855 = CARTESIAN_POINT ( 'NONE',  ( 30.89498821139685347, 51.16510438680749928, -32.71849176563077322 ) ) ;
#7856 = CARTESIAN_POINT ( 'NONE',  ( 0.000000000000000000, 61.00000000000000711, 0.000000000000000000 ) ) ;
#7857 = VECTOR ( 'NONE', #5734, 1000.000000000000114 ) ;
#7858 = LINE ( 'NONE', #9546, #5309 ) ;
#7859 = EDGE_LOOP ( 'NONE', ( #3475, #6341, #9509, #2200 ) ) ;
#7860 = FACE_OUTER_BOUND ( 'NONE', #6068, .T. ) ;
#7861 = AXIS2_PLACEMENT_3D ( 'NONE', #1317, #5204, #3469 ) ;
#7862 = LINE ( 'NONE', #4055, #8971 ) ;
#7863 = ORIENTED_EDGE ( 'NONE', *, *, #8281, .F. ) ;
#7864 = DIRECTION ( 'NONE',  ( 0.000000000000000000, 1.000000000000000000, -0.000000000000000000 ) ) ;
#7865 = CARTESIAN_POINT ( 'NONE',  ( 6.249999999999299227, 4.000000000000000000, -66.52214940782305064 ) ) ;
#7866 = ORIENTED_EDGE ( 'NONE', *, *, #6460, .F. ) ;
#7867 = ADVANCED_FACE ( 'NONE', ( #1335 ), #1387, .T. ) ;
#7868 = DIRECTION ( 'NONE',  ( 0.000000000000000000, -1.000000000000000000, 0.000000000000000000 ) ) ;
#7869 = ORIENTED_EDGE ( 'NONE', *, *, #5865, .F. ) ;
#7870 = CARTESIAN_POINT ( 'NONE',  ( 22.39516677087726038, 61.00000000000000711, 6.146855202363726178 ) ) ;
#7871 = CARTESIAN_POINT ( 'NONE',  ( -6.000723173756966844, 71.00000000000001421, 22.95195126434685307 ) ) ;
#7872 = VECTOR ( 'NONE', #5757, 1000.000000000000114 ) ;
#7873 = AXIS2_PLACEMENT_3D ( 'NONE', #4691, #7062, #2389 ) ;
#7874 = VECTOR ( 'NONE', #8269, 1000.000000000000000 ) ;
#7875 = VERTEX_POINT ( 'NONE', #5214 ) ;
#7876 = CARTESIAN_POINT ( 'NONE',  ( 6.000723173756798978, 71.00000000000001421, -22.95195126434686728 ) ) ;
#7877 = CARTESIAN_POINT ( 'NONE',  ( 54.77555798926325537, 17.81290641345452030, -4.968894053905310138 ) ) ;
#7878 = ORIENTED_EDGE ( 'NONE', *, *, #4497, .T. ) ;
#7879 = ORIENTED_EDGE ( 'NONE', *, *, #6935, .T. ) ;
#7880 = CARTESIAN_POINT ( 'NONE',  ( 0.000000000000000000, 61.00000000000000711, 0.000000000000000000 ) ) ;
#7881 = CARTESIAN_POINT ( 'NONE',  ( 19.33034050996011644, 62.96354183687348183, 11.16037729695230851 ) ) ;
#7882 = EDGE_CURVE ( 'NONE', #362, #8745, #4494, .T. ) ;
#7883 = VECTOR ( 'NONE', #5406, 1000.000000000000000 ) ;
#7884 = ORIENTED_EDGE ( 'NONE', *, *, #3551, .T. ) ;
#7885 = VECTOR ( 'NONE', #8640, 1000.000000000000114 ) ;
#7886 = FACE_OUTER_BOUND ( 'NONE', #2586, .T. ) ;
#7887 = DIRECTION ( 'NONE',  ( 0.000000000000000000, 0.000000000000000000, -1.000000000000000000 ) ) ;
#7888 = EDGE_CURVE ( 'NONE', #120, #5983, #7111, .T. ) ;
#7889 = ORIENTED_EDGE ( 'NONE', *, *, #6056, .F. ) ;
#7890 = EDGE_CURVE ( 'NONE', #8165, #3713, #6401, .T. ) ;
#7891 = CARTESIAN_POINT ( 'NONE',  ( 37.01309697042733404, 62.68429458569838175, -6.248636873804336744 ) ) ;
#7892 = ORIENTED_EDGE ( 'NONE', *, *, #2760, .T. ) ;
#7893 = EDGE_CURVE ( 'NONE', #1958, #3764, #8713, .T. ) ;
#7894 = FACE_OUTER_BOUND ( 'NONE', #14, .T. ) ;
#7895 = AXIS2_PLACEMENT_3D ( 'NONE', #9821, #5458, #6281 ) ;
#7896 = PLANE ( 'NONE',  #2292 ) ;
#7897 = CARTESIAN_POINT ( 'NONE',  ( 29.31694443973712794, 71.00000000000001421, -9.626382878924587772 ) ) ;
#7898 = EDGE_CURVE ( 'NONE', #2899, #2832, #7396, .T. ) ;
#7899 = ORIENTED_EDGE ( 'NONE', *, *, #3245, .T. ) ;
#7900 = CARTESIAN_POINT ( 'NONE',  ( 0.9117517771170408070, 71.00000000000001421, 0.9117517771170452479 ) ) ;
#7901 = EDGE_CURVE ( 'NONE', #7732, #328, #1732, .T. ) ;
#7902 = AXIS2_PLACEMENT_3D ( 'NONE', #2887, #473, #4277 ) ;
#7903 = ORIENTED_EDGE ( 'NONE', *, *, #1745, .F. ) ;
#7904 = ADVANCED_FACE ( 'NONE', ( #9420 ), #139, .T. ) ;
#7905 = CARTESIAN_POINT ( 'NONE',  ( 0.000000000000000000, 53.50000000000000711, 0.000000000000000000 ) ) ;
#7906 = CARTESIAN_POINT ( 'NONE',  ( 12.88755093684978803, 71.00000000000001421, -43.11509052350583460 ) ) ;
#7907 = ORIENTED_EDGE ( 'NONE', *, *, #8799, .F. ) ;
#7908 = CARTESIAN_POINT ( 'NONE',  ( 30.84803820779836414, 51.65832988056625652, 32.67154176203224125 ) ) ;
#7909 = VECTOR ( 'NONE', #2160, 1000.000000000000114 ) ;
#7910 = DIRECTION ( 'NONE',  ( 0.000000000000000000, -1.000000000000000000, 0.000000000000000000 ) ) ;
#7911 = DIRECTION ( 'NONE',  ( 0.7027971946764646205, 0.000000000000000000, -0.7113902607956419377 ) ) ;
#7912 = CARTESIAN_POINT ( 'NONE',  ( -30.53121300426886009, 52.52766249937604925, -32.35471655850272299 ) ) ;
#7913 = DIRECTION ( 'NONE',  ( 0.000000000000000000, 0.000000000000000000, 1.000000000000000000 ) ) ;
#7914 =( BOUNDED_CURVE ( )  B_SPLINE_CURVE ( 3, ( #5156, #395, #3470, #8866 ),
 .UNSPECIFIED., .F., .F. ) 
 B_SPLINE_CURVE_WITH_KNOTS ( ( 4, 4 ),
 ( 5.610150355514117670, 5.637634353679366939 ),
 .UNSPECIFIED. ) 
 CURVE ( )  GEOMETRIC_REPRESENTATION_ITEM ( )  RATIONAL_B_SPLINE_CURVE ( ( 1.000000000000000000, 0.9999370534776620412, 0.9999370534776620412, 1.000000000000000000 ) ) 
 REPRESENTATION_ITEM ( '' )  );
#7915 = ORIENTED_EDGE ( 'NONE', *, *, #1628, .T. ) ;
#7916 = DIRECTION ( 'NONE',  ( -0.2319818708429865206, -0.4434297682956470088, 0.8657681284209165495 ) ) ;
#7917 = CARTESIAN_POINT ( 'NONE',  ( -37.01309697042774616, 62.68429458569874413, 6.248636873803945946 ) ) ;
#7918 = ORIENTED_EDGE ( 'NONE', *, *, #8403, .T. ) ;
#7919 = CARTESIAN_POINT ( 'NONE',  ( -43.28812969620312856, 31.20788311109079771, -12.49999999999999112 ) ) ;
#7920 = CARTESIAN_POINT ( 'NONE',  ( 35.61195404750180415, 70.49999999999992895, 30.67227948683667904 ) ) ;
#7921 = ORIENTED_EDGE ( 'NONE', *, *, #6957, .F. ) ;
#7922 = PLANE ( 'NONE',  #9447 ) ;
#7923 = FACE_OUTER_BOUND ( 'NONE', #9835, .T. ) ;
#7924 = AXIS2_PLACEMENT_3D ( 'NONE', #7495, #3685, #460 ) ;
#7925 = ORIENTED_EDGE ( 'NONE', *, *, #1434, .F. ) ;
#7926 = DIRECTION ( 'NONE',  ( 0.000000000000000000, 1.000000000000000000, 0.000000000000000000 ) ) ;
#7927 = LINE ( 'NONE', #892, #5392 ) ;
#7928 = ORIENTED_EDGE ( 'NONE', *, *, #6769, .F. ) ;
#7929 = DIRECTION ( 'NONE',  ( -0.9659258262890676461, 0.000000000000000000, -0.2588190451025227934 ) ) ;
#7930 = EDGE_LOOP ( 'NONE', ( #8792, #5558, #3963, #1988 ) ) ;
#7931 = CARTESIAN_POINT ( 'NONE',  ( -41.99704927304792790, 61.00000000000000711, -13.02400672895175049 ) ) ;
#7932 = PLANE ( 'NONE',  #5407 ) ;
#7933 = VERTEX_POINT ( 'NONE', #9528 ) ;
#7934 = DIRECTION ( 'NONE',  ( -0.000000000000000000, 1.000000000000000000, 0.000000000000000000 ) ) ;
#7935 = CARTESIAN_POINT ( 'NONE',  ( -25.28817283496540824, 61.00000000000000711, 6.940905523910935848 ) ) ;
#7936 = EDGE_CURVE ( 'NONE', #4891, #5635, #1018, .T. ) ;
#7937 = EDGE_LOOP ( 'NONE', ( #5962, #4917 ) ) ;
#7938 = CARTESIAN_POINT ( 'NONE',  ( -12.88755093684978803, 51.00000000000000711, -43.11509052350583460 ) ) ;
#7939 = VERTEX_POINT ( 'NONE', #6245 ) ;
#7940 = ORIENTED_EDGE ( 'NONE', *, *, #10110, .T. ) ;
#7941 = DIRECTION ( 'NONE',  ( -0.7071067811865501263, 0.000000000000000000, -0.7071067811865450192 ) ) ;
#7942 = CARTESIAN_POINT ( 'NONE',  ( 12.50000000000020961, 31.20788311109079771, 63.04429881564592364 ) ) ;
#7943 = CARTESIAN_POINT ( 'NONE',  ( 13.74999999999999822, 23.30000000000000071, 6.299999999999999822 ) ) ;
#7944 = VECTOR ( 'NONE', #4616, 1000.000000000000000 ) ;
#7945 = VERTEX_POINT ( 'NONE', #4797 ) ;
#7946 = EDGE_CURVE ( 'NONE', #7948, #8974, #3265, .T. ) ;
#7947 = LINE ( 'NONE', #914, #3682 ) ;
#7948 = VERTEX_POINT ( 'NONE', #7943 ) ;
#7949 = EDGE_CURVE ( 'NONE', #2059, #1163, #7172, .T. ) ;
#7950 = B_SPLINE_CURVE_WITH_KNOTS ( 'NONE', 3,
 ( #9215, #2809, #5931, #2956, #4342, #3719, #7480, #6800, #2907, #449, #2191, #1275, #6087, #4386, #3569, #497, #398, #3620, #1177, #9828, #8409, #6754, #9878, #3667, #9114, #5207, #8351, #3520, #6653, #4441, #547, #6031, #4294, #1992, #9160, #2140, #5262, #9785, #2762, #5876, #9012, #6235, #9365 ),
 .UNSPECIFIED., .F., .F.,
 ( 4, 2, 2, 2, 2, 2, 2, 2, 1, 2, 2, 2, 2, 2, 2, 2, 2, 2, 2, 2, 2, 4 ),
 ( 0.000000000000000000, 0.001222748734959045727, 0.001834123102438569349, 0.002445497469918092755, 0.003668246204877137831, 0.004890994939836182040, 0.006113743674795226249, 0.006725118042274748353, 0.007336492409754269590, 0.007947866777233792562, 0.008559241144713314667, 0.009781989879672357141, 0.01100473861463140135, 0.01222748734959044382, 0.01283886171706996593, 0.01345023608454948630, 0.01467298481950852877, 0.01589573355446757472, 0.01650710792194709509, 0.01711848228942661893, 0.01834123102438565620, 0.01956397975934469347 ),
 .UNSPECIFIED. ) ;
#7951 = CARTESIAN_POINT ( 'NONE',  ( -43.78253914824663440, 51.00000000000000711, 10.39659875787507382 ) ) ;
#7952 = LINE ( 'NONE', #6976, #8256 ) ;
#7953 = CARTESIAN_POINT ( 'NONE',  ( 0.000000000000000000, 51.00000000000000711, 0.000000000000000000 ) ) ;
#7954 = VERTEX_POINT ( 'NONE', #3938 ) ;
#7955 = CARTESIAN_POINT ( 'NONE',  ( 25.00000000000000711, 71.00000000000001421, -43.30127018922194537 ) ) ;
#7956 = ADVANCED_FACE ( 'NONE', ( #2505 ), #5624, .F. ) ;
#7957 = EDGE_CURVE ( 'NONE', #2635, #8172, #5254, .T. ) ;
#7959 = CARTESIAN_POINT ( 'NONE',  ( -6.000723173757121387, 71.00000000000001421, -22.95195126434680688 ) ) ;
#7958 = VECTOR ( 'NONE', #6348, 1000.000000000000000 ) ;
#7960 = CARTESIAN_POINT ( 'NONE',  ( 29.35994236449213446, 53.50000000000001421, -31.18344591872607552 ) ) ;
#7961 = LINE ( 'NONE', #3336, #4031 ) ;
#7962 = VECTOR ( 'NONE', #8260, 1000.000000000000000 ) ;
#7963 = CARTESIAN_POINT ( 'NONE',  ( 44.56324311698489993, 71.00000000000001421, 14.93711360660080878 ) ) ;
#7964 = EDGE_LOOP ( 'NONE', ( #5079, #2240, #3465, #7565 ) ) ;
#7965 = LINE ( 'NONE', #1600, #5736 ) ;
#7966 = DIRECTION ( 'NONE',  ( 0.9674806351920964831, 0.000000000000000000, 0.2529450939004305732 ) ) ;
#7967 = VERTEX_POINT ( 'NONE', #1627 ) ;
#7968 = DIRECTION ( 'NONE',  ( -0.000000000000000000, 1.000000000000000000, -0.000000000000000000 ) ) ;
#7969 = CARTESIAN_POINT ( 'NONE',  ( -17.49999999999978328, 0.000000000000000000, 58.04429881564603022 ) ) ;
#7970 = ORIENTED_EDGE ( 'NONE', *, *, #364, .F. ) ;
#7971 = EDGE_CURVE ( 'NONE', #5057, #3262, #7064, .T. ) ;
#7972 = EDGE_CURVE ( 'NONE', #7620, #8143, #87, .T. ) ;
#7973 = ADVANCED_FACE ( 'NONE', ( #9577 ), #2347, .F. ) ;
#7974 = B_SPLINE_CURVE_WITH_KNOTS ( 'NONE', 3,
 ( #51, #5740, #1694, #1591, #8770, #9592, #6469, #4862, #8008, #8669, #4100, #2459, #1638, #7908, #8723, #4806 ),
 .UNSPECIFIED., .F., .F.,
 ( 4, 2, 2, 2, 2, 2, 2, 4 ),
 ( 4.906538933386797396E-18, 0.0004882819947050067539, 0.0009765639894100161100, 0.001464845984115025141, 0.001953127978820034388, 0.002441409973525043419, 0.002929691968230052450, 0.003906255957640085257 ),
 .UNSPECIFIED. ) ;
#7975 = CIRCLE ( 'NONE', #3048, 55.00000000000000000 ) ;
#7976 = CARTESIAN_POINT ( 'NONE',  ( -52.14163403653552820, 71.00000000000001421, 17.49999999999999289 ) ) ;
#7977 = CARTESIAN_POINT ( 'NONE',  ( 30.89498821139686058, 53.50000000000000711, -32.71849176563078032 ) ) ;
#7978 = VECTOR ( 'NONE', #7609, 999.9999999999998863 ) ;
#7979 = ORIENTED_EDGE ( 'NONE', *, *, #9991, .T. ) ;
#7980 = PLANE ( 'NONE',  #278 ) ;
#7981 = ORIENTED_EDGE ( 'NONE', *, *, #7330, .F. ) ;
#7982 = DIRECTION ( 'NONE',  ( 0.2588190451025228489, 0.000000000000000000, -0.9659258262890677571 ) ) ;
#7983 = VERTEX_POINT ( 'NONE', #4748 ) ;
#7984 = CARTESIAN_POINT ( 'NONE',  ( 66.52214940782297958, 0.000000000000000000, 6.249999999999996447 ) ) ;
#7985 = DIRECTION ( 'NONE',  ( 0.9674806351920982594, 0.000000000000000000, 0.2529450939004238563 ) ) ;
#7986 = ORIENTED_EDGE ( 'NONE', *, *, #1913, .F. ) ;
#7987 = VECTOR ( 'NONE', #7198, 1000.000000000000114 ) ;
#7988 = CARTESIAN_POINT ( 'NONE',  ( 2.963645253936595397E-15, 53.50000000000000711, -24.20000000000000639 ) ) ;
#7989 = AXIS2_PLACEMENT_3D ( 'NONE', #5903, #9042, #2685 ) ;
#7990 = ORIENTED_EDGE ( 'NONE', *, *, #4326, .F. ) ;
#7991 = CARTESIAN_POINT ( 'NONE',  ( -12.88755093684978625, 51.16510438680749218, -43.11509052350581328 ) ) ;
#7992 = ORIENTED_EDGE ( 'NONE', *, *, #9781, .T. ) ;
#7993 = VECTOR ( 'NONE', #3186, 1000.000000000000114 ) ;
#7994 = VERTEX_POINT ( 'NONE', #5469 ) ;
#7995 = LINE ( 'NONE', #1887, #1175 ) ;
#7996 = LINE ( 'NONE', #243, #2790 ) ;
#7997 = CARTESIAN_POINT ( 'NONE',  ( -0.4427328229371420565, 61.00000000000000711, -1.652301389379714047 ) ) ;
#7998 = DIRECTION ( 'NONE',  ( -1.000000000000000000, 0.000000000000000000, -0.000000000000000000 ) ) ;
#7999 = VERTEX_POINT ( 'NONE', #7897 ) ;
#8000 = EDGE_CURVE ( 'NONE', #240, #1951, #8152, .T. ) ;
#8001 = ORIENTED_EDGE ( 'NONE', *, *, #1325, .T. ) ;
#8002 = FACE_OUTER_BOUND ( 'NONE', #2010, .T. ) ;
#8003 = ORIENTED_EDGE ( 'NONE', *, *, #5446, .F. ) ;
#8004 = CARTESIAN_POINT ( 'NONE',  ( 54.98217230456035054, 7.908750620726051395, 1.414451984842982846 ) ) ;
#8005 = LINE ( 'NONE', #2669, #9066 ) ;
#8006 = LINE ( 'NONE', #869, #9342 ) ;
#8007 = ORIENTED_EDGE ( 'NONE', *, *, #938, .F. ) ;
#8008 = CARTESIAN_POINT ( 'NONE',  ( 30.29484050971586129, 52.88380706174485368, 32.11834406394975616 ) ) ;
#8009 = CARTESIAN_POINT ( 'NONE',  ( 0.000000000000000000, 71.00000000000001421, 0.000000000000000000 ) ) ;
#8010 = CARTESIAN_POINT ( 'NONE',  ( 3.509433644628745519, 70.50000000000002842, -29.49192898902932214 ) ) ;
#8011 = CARTESIAN_POINT ( 'NONE',  ( 3.509433644628745519, 61.00000000000000711, 29.49192898902932214 ) ) ;
#8012 = EDGE_CURVE ( 'NONE', #5912, #7395, #1890, .T. ) ;
#8013 = CARTESIAN_POINT ( 'NONE',  ( 63.04429881564596627, 31.20788311109079771, 12.49999999999999112 ) ) ;
#8014 = ORIENTED_EDGE ( 'NONE', *, *, #7082, .F. ) ;
#8015 = PLANE ( 'NONE',  #3773 ) ;
#8016 = DIRECTION ( 'NONE',  ( 0.7027971946764645095, 0.000000000000000000, 0.7113902607956420487 ) ) ;
#8017 = ORIENTED_EDGE ( 'NONE', *, *, #2036, .T. ) ;
#8018 = DIRECTION ( 'NONE',  ( 0.000000000000000000, 0.000000000000000000, -1.000000000000000000 ) ) ;
#8019 = CARTESIAN_POINT ( 'NONE',  ( 16.52091614407034115, 70.50000000000002842, 16.32135574438677139 ) ) ;
#8020 = ORIENTED_EDGE ( 'NONE', *, *, #5819, .F. ) ;
#8021 = VECTOR ( 'NONE', #6340, 1000.000000000000000 ) ;
#8022 = CARTESIAN_POINT ( 'NONE',  ( -44.36895025132797343, 61.00000000000000711, -15.50471714012176605 ) ) ;
#8023 = CARTESIAN_POINT ( 'NONE',  ( 13.74999999999999822, 30.50000000000000000, -3.700000000000000178 ) ) ;
#8024 = EDGE_CURVE ( 'NONE', #8858, #7732, #8066, .T. ) ;
#8025 = EDGE_CURVE ( 'NONE', #5717, #9231, #1831, .T. ) ;
#8026 = ORIENTED_EDGE ( 'NONE', *, *, #7936, .F. ) ;
#8027 = CARTESIAN_POINT ( 'NONE',  ( -45.27214940782283037, 4.000000000000000000, 45.27214940782307906 ) ) ;
#8028 = ADVANCED_FACE ( 'NONE', ( #5055 ), #9007, .F. ) ;
#8029 = DIRECTION ( 'NONE',  ( 0.000000000000000000, 1.000000000000000000, 0.000000000000000000 ) ) ;
#8030 = ORIENTED_EDGE ( 'NONE', *, *, #1929, .F. ) ;
#8031 = DIRECTION ( 'NONE',  ( 0.000000000000000000, 0.000000000000000000, 1.000000000000000000 ) ) ;
#8032 = VECTOR ( 'NONE', #280, 1000.000000000000114 ) ;
#8033 = VERTEX_POINT ( 'NONE', #5829 ) ;
#8034 = DIRECTION ( 'NONE',  ( 0.000000000000000000, 1.000000000000000000, -0.000000000000000000 ) ) ;
#8035 = DIRECTION ( 'NONE',  ( 0.9659258262890689783, 0.000000000000000000, -0.2588190451025181305 ) ) ;
#8036 = VECTOR ( 'NONE', #8995, 1000.000000000000114 ) ;
#8037 = VECTOR ( 'NONE', #9627, 1000.000000000000000 ) ;
#8038 = CARTESIAN_POINT ( 'NONE',  ( 16.87661127446817133, 71.00000000000001421, -16.67275434172500326 ) ) ;
#8039 = CARTESIAN_POINT ( 'NONE',  ( -8.839592789452583408E-15, 71.00000000000001421, -36.60148627460960569 ) ) ;
#8040 = VECTOR ( 'NONE', #6252, 1000.000000000000000 ) ;
#8041 = EDGE_LOOP ( 'NONE', ( #4589, #4331, #8097 ) ) ;
#8042 = DIRECTION ( 'NONE',  ( -0.7071067811865414665, -0.000000000000000000, 0.7071067811865536790 ) ) ;
#8043 = EDGE_LOOP ( 'NONE', ( #6871, #3226, #91, #7114 ) ) ;
#8044 = ORIENTED_EDGE ( 'NONE', *, *, #7178, .F. ) ;
#8045 = VECTOR ( 'NONE', #10072, 1000.000000000000000 ) ;
#8046 = CARTESIAN_POINT ( 'NONE',  ( 12.82202579550271793, 52.10820305079129611, 42.87054736682542000 ) ) ;
#8047 = FACE_OUTER_BOUND ( 'NONE', #9941, .T. ) ;
#8048 = CIRCLE ( 'NONE', #6405, 55.00000000000000000 ) ;
#8049 = AXIS2_PLACEMENT_3D ( 'NONE', #8721, #6410, #9635 ) ;
#8050 = DIRECTION ( 'NONE',  ( 0.000000000000000000, 0.000000000000000000, 1.000000000000000000 ) ) ;
#8051 = CARTESIAN_POINT ( 'NONE',  ( 3.779627522800071748, 70.66961688690309984, -29.45977688778901893 ) ) ;
#8052 = ORIENTED_EDGE ( 'NONE', *, *, #4875, .T. ) ;
#8053 = ORIENTED_EDGE ( 'NONE', *, *, #6186, .F. ) ;
#8054 = ADVANCED_FACE ( 'NONE', ( #8966 ), #245, .F. ) ;
#8055 = ORIENTED_EDGE ( 'NONE', *, *, #1128, .F. ) ;
#8056 = AXIS2_PLACEMENT_3D ( 'NONE', #4131, #4836, #9511 ) ;
#8057 = FACE_OUTER_BOUND ( 'NONE', #9252, .T. ) ;
#8058 = AXIS2_PLACEMENT_3D ( 'NONE', #1581, #7844, #7224 ) ;
#8059 = VERTEX_POINT ( 'NONE', #8198 ) ;
#8060 = CARTESIAN_POINT ( 'NONE',  ( -52.14163403653552820, 4.000000000000000000, -17.49999999999999289 ) ) ;
#8061 = ORIENTED_EDGE ( 'NONE', *, *, #8000, .T. ) ;
#8062 = VECTOR ( 'NONE', #6228, 1000.000000000000000 ) ;
#8063 = FACE_OUTER_BOUND ( 'NONE', #9132, .T. ) ;
#8064 = EDGE_LOOP ( 'NONE', ( #8312, #3660, #4478, #3972 ) ) ;
#8065 = LINE ( 'NONE', #6355, #6922 ) ;
#8066 = CIRCLE ( 'NONE', #8225, 55.00000000000000000 ) ;
#8067 = ORIENTED_EDGE ( 'NONE', *, *, #8568, .F. ) ;
#8068 = CARTESIAN_POINT ( 'NONE',  ( -47.63139720814402267, 26.00000000000001066, -27.50000000000016342 ) ) ;
#8069 = VECTOR ( 'NONE', #5772, 999.9999999999998863 ) ;
#8070 = LINE ( 'NONE', #6519, #7119 ) ;
#8071 = CARTESIAN_POINT ( 'NONE',  ( 44.56324311698455176, 71.00000000000001421, -14.93711360660186926 ) ) ;
#8072 = EDGE_CURVE ( 'NONE', #7577, #8947, #7427, .T. ) ;
#8073 = CARTESIAN_POINT ( 'NONE',  ( 0.000000000000000000, 4.000000000000000000, 12.49999999999999112 ) ) ;
#8074 = ORIENTED_EDGE ( 'NONE', *, *, #1913, .T. ) ;
#8075 = DIRECTION ( 'NONE',  ( 0.000000000000000000, 0.000000000000000000, -1.000000000000000000 ) ) ;
#8076 = DIRECTION ( 'NONE',  ( 1.000000000000000000, 0.000000000000000000, 0.000000000000000000 ) ) ;
#8077 = AXIS2_PLACEMENT_3D ( 'NONE', #7237, #4915, #9637 ) ;
#8078 = ORIENTED_EDGE ( 'NONE', *, *, #7178, .T. ) ;
#8079 = CARTESIAN_POINT ( 'NONE',  ( -78.04429881564594496, 44.31128874149274566, -12.49999999999998046 ) ) ;
#8080 = CARTESIAN_POINT ( 'NONE',  ( 0.000000000000000000, 56.00000000000000711, 0.000000000000000000 ) ) ;
#8081 = EDGE_LOOP ( 'NONE', ( #4893, #4699, #2270, #6402, #9108, #391 ) ) ;
#8082 = DIRECTION ( 'NONE',  ( -0.000000000000000000, 1.000000000000000000, -0.000000000000000000 ) ) ;
#8083 = DIRECTION ( 'NONE',  ( 0.8660254037844363761, 0.000000000000000000, -0.5000000000000039968 ) ) ;
#8084 = EDGE_CURVE ( 'NONE', #5868, #1633, #7914, .T. ) ;
#8085 = DIRECTION ( 'NONE',  ( 0.3449775664491150362, -0.9386109303896084111, -0.000000000000000000 ) ) ;
#8086 = EDGE_CURVE ( 'NONE', #3262, #10109, #5725, .T. ) ;
#8087 = CARTESIAN_POINT ( 'NONE',  ( -27.40272893604702631, 70.66961688690305721, -11.45663499230672322 ) ) ;
#8088 = ORIENTED_EDGE ( 'NONE', *, *, #6958, .T. ) ;
#8089 = CARTESIAN_POINT ( 'NONE',  ( -6.249999999999763745, 4.000000000000000000, 66.52214940782300800 ) ) ;
#8090 = ORIENTED_EDGE ( 'NONE', *, *, #6385, .T. ) ;
#8091 = PLANE ( 'NONE',  #1189 ) ;
#8092 = DIRECTION ( 'NONE',  ( 0.9643353546960782285, 0.000000000000000000, 0.2646834405156263670 ) ) ;
#8093 = EDGE_CURVE ( 'NONE', #785, #1938, #3370, .T. ) ;
#8094 = FACE_OUTER_BOUND ( 'NONE', #2900, .T. ) ;
#8095 = EDGE_CURVE ( 'NONE', #7447, #3342, #959, .T. ) ;
#8096 = FACE_OUTER_BOUND ( 'NONE', #4368, .T. ) ;
#8097 = ORIENTED_EDGE ( 'NONE', *, *, #605, .F. ) ;
#8098 = CARTESIAN_POINT ( 'NONE',  ( 0.000000000000000000, 53.50000000000000711, -24.12500000000000000 ) ) ;
#8099 = ORIENTED_EDGE ( 'NONE', *, *, #9018, .F. ) ;
#8100 = EDGE_LOOP ( 'NONE', ( #3809, #9428, #1587 ) ) ;
#8101 = CARTESIAN_POINT ( 'NONE',  ( -17.49999999999973710, 0.000000000000000000, 78.04429881564600180 ) ) ;
#8102 = DIRECTION ( 'NONE',  ( 0.000000000000000000, -1.000000000000000000, 0.000000000000000000 ) ) ;
#8103 = CARTESIAN_POINT ( 'NONE',  ( 60.62500000000000000, 14.00000000000000000, 0.000000000000000000 ) ) ;
#8104 = CARTESIAN_POINT ( 'NONE',  ( 35.61195404750116467, 70.50000000000000000, -30.67227948683742866 ) ) ;
#8105 = ORIENTED_EDGE ( 'NONE', *, *, #1215, .T. ) ;
#8106 = VERTEX_POINT ( 'NONE', #6602 ) ;
#8107 = ORIENTED_EDGE ( 'NONE', *, *, #4321, .F. ) ;
#8108 = CARTESIAN_POINT ( 'NONE',  ( 54.99996507435360371, 7.750307345771108913, -0.4177430113354118624 ) ) ;
#8109 = ORIENTED_EDGE ( 'NONE', *, *, #2065, .F. ) ;
#8110 = CARTESIAN_POINT ( 'NONE',  ( 0.3337243123704485837, 71.00000000000001421, 1.245476089487486338 ) ) ;
#8111 = LINE ( 'NONE', #4201, #4078 ) ;
#8112 = VERTEX_POINT ( 'NONE', #1173 ) ;
#8113 = VECTOR ( 'NONE', #4412, 1000.000000000000000 ) ;
#8114 = DIRECTION ( 'NONE',  ( 0.000000000000000000, -1.000000000000000000, 0.000000000000000000 ) ) ;
#8115 = ORIENTED_EDGE ( 'NONE', *, *, #8827, .T. ) ;
#8116 = CARTESIAN_POINT ( 'NONE',  ( 0.000000000000000000, 0.000000000000000000, -12.49999999999999112 ) ) ;
#8117 = LINE ( 'NONE', #1904, #7098 ) ;
#8118 = EDGE_LOOP ( 'NONE', ( #4830, #5251, #9009, #8925 ) ) ;
#8119 = DIRECTION ( 'NONE',  ( -0.000000000000000000, -1.000000000000000000, -0.000000000000000000 ) ) ;
#8120 = VERTEX_POINT ( 'NONE', #3517 ) ;
#8121 = LINE ( 'NONE', #6365, #691 ) ;
#8122 = DIRECTION ( 'NONE',  ( 3.491481338843133355E-15, -0.000000000000000000, 1.000000000000000000 ) ) ;
#8123 = VERTEX_POINT ( 'NONE', #9778 ) ;
#8124 = VECTOR ( 'NONE', #4547, 1000.000000000000000 ) ;
#8125 = EDGE_CURVE ( 'NONE', #9605, #3156, #6649, .T. ) ;
#8126 = VECTOR ( 'NONE', #6513, 1000.000000000000114 ) ;
#8127 = CARTESIAN_POINT ( 'NONE',  ( -44.43492165533632487, 70.66596018114299227, 15.31593059754868591 ) ) ;
#8128 = EDGE_CURVE ( 'NONE', #2915, #1567, #1072, .T. ) ;
#8129 = CARTESIAN_POINT ( 'NONE',  ( -17.49999999999973355, 4.000000000000003553, 73.04429881564601601 ) ) ;
#8130 = DIRECTION ( 'NONE',  ( 0.000000000000000000, 1.000000000000000000, 0.000000000000000000 ) ) ;
#8131 = DIRECTION ( 'NONE',  ( -1.000000000000000000, 0.000000000000000000, 0.000000000000000000 ) ) ;
#8132 = CARTESIAN_POINT ( 'NONE',  ( 0.000000000000000000, 71.00000000000001421, 47.00000000000001421 ) ) ;
#8133 = ORIENTED_EDGE ( 'NONE', *, *, #2380, .T. ) ;
#8134 = CIRCLE ( 'NONE', #3691, 26.70000000000000639 ) ;
#8135 = FACE_OUTER_BOUND ( 'NONE', #4140, .T. ) ;
#8136 = ORIENTED_EDGE ( 'NONE', *, *, #7144, .T. ) ;
#8137 = DIRECTION ( 'NONE',  ( -0.000000000000000000, 1.000000000000000000, -0.000000000000000000 ) ) ;
#8138 = LINE ( 'NONE', #1058, #5906 ) ;
#8139 = CIRCLE ( 'NONE', #6655, 44.99999999999998579 ) ;
#8140 = CARTESIAN_POINT ( 'NONE',  ( 6.000723173757281259, 71.00000000000001421, 22.95195126434676425 ) ) ;
#8141 = CARTESIAN_POINT ( 'NONE',  ( -18.65508692645726185, 61.00000000000000711, 18.42974732841615193 ) ) ;
#8142 = EDGE_CURVE ( 'NONE', #5896, #78, #6551, .T. ) ;
#8143 = VERTEX_POINT ( 'NONE', #4339 ) ;
#8144 = AXIS2_PLACEMENT_3D ( 'NONE', #5775, #9667, #2438 ) ;
#8145 = CARTESIAN_POINT ( 'NONE',  ( 28.61717926410564417, 70.49999999999998579, 16.52213615157881677 ) ) ;
#8146 = VERTEX_POINT ( 'NONE', #7477 ) ;
#8147 = CIRCLE ( 'NONE', #5984, 1.449999999999999067 ) ;
#8148 = ORIENTED_EDGE ( 'NONE', *, *, #4739, .T. ) ;
#8149 = LINE ( 'NONE', #345, #9675 ) ;
#8150 = AXIS2_PLACEMENT_3D ( 'NONE', #9249, #2226, #3821 ) ;
#8151 = CARTESIAN_POINT ( 'NONE',  ( -31.69781693007941925, 71.00000000000001421, -18.30074313730473179 ) ) ;
#8152 = LINE ( 'NONE', #9628, #6239 ) ;
#8153 = VERTEX_POINT ( 'NONE', #5928 ) ;
#8154 = ORIENTED_EDGE ( 'NONE', *, *, #5810, .F. ) ;
#8155 = VECTOR ( 'NONE', #7705, 999.9999999999998863 ) ;
#8156 = VECTOR ( 'NONE', #7966, 1000.000000000000114 ) ;
#8157 = ORIENTED_EDGE ( 'NONE', *, *, #3159, .T. ) ;
#8158 = EDGE_CURVE ( 'NONE', #1174, #8878, #444, .T. ) ;
#8159 = CARTESIAN_POINT ( 'NONE',  ( 54.77606742815356711, 10.17952015371092678, 4.963386702572299747 ) ) ;
#8160 = ADVANCED_FACE ( 'NONE', ( #5784 ), #9062, .T. ) ;
#8161 = ORIENTED_EDGE ( 'NONE', *, *, #9585, .F. ) ;
#8162 = DIRECTION ( 'NONE',  ( -0.2646834405156328063, 0.000000000000000000, -0.9643353546960763412 ) ) ;
#8163 = EDGE_CURVE ( 'NONE', #6720, #4742, #6993, .T. ) ;
#8164 = CARTESIAN_POINT ( 'NONE',  ( 42.00257440633905048, 53.43369657167162501, 9.919658642725027065 ) ) ;
#8165 = VERTEX_POINT ( 'NONE', #1606 ) ;
#8166 = CARTESIAN_POINT ( 'NONE',  ( 17.50000000000019185, 4.000000000000003553, 58.04429881564590943 ) ) ;
#8167 = ORIENTED_EDGE ( 'NONE', *, *, #1784, .F. ) ;
#8168 = LINE ( 'NONE', #6667, #9101 ) ;
#8169 = CARTESIAN_POINT ( 'NONE',  ( 11.25000000000000000, 0.000000000000000000, 13.00000000000000000 ) ) ;
#8170 = ORIENTED_EDGE ( 'NONE', *, *, #10140, .F. ) ;
#8171 = DIRECTION ( 'NONE',  ( 0.9674806351920947067, 0.000000000000000000, -0.2529450939004372345 ) ) ;
#8172 = VERTEX_POINT ( 'NONE', #6945 ) ;
#8173 = LINE ( 'NONE', #1909, #6097 ) ;
#8174 = ORIENTED_EDGE ( 'NONE', *, *, #3319, .F. ) ;
#8175 = CARTESIAN_POINT ( 'NONE',  ( 66.52214940782297958, 0.000000000000000000, -6.249999999999996447 ) ) ;
#8176 = ADVANCED_BREP_SHAPE_REPRESENTATION ( 'Base', ( #6282, #6439, #7468 ), #751 ) ;
#8177 = CARTESIAN_POINT ( 'NONE',  ( 0.000000000000000000, 68.50000000000000000, 0.000000000000000000 ) ) ;
#8178 = FACE_OUTER_BOUND ( 'NONE', #1862, .T. ) ;
#8179 = ADVANCED_FACE ( 'NONE', ( #8486 ), #2221, .T. ) ;
#8180 = ORIENTED_EDGE ( 'NONE', *, *, #7459, .T. ) ;
#8181 = PLANE ( 'NONE',  #8291 ) ;
#8182 = ORIENTED_EDGE ( 'NONE', *, *, #5786, .F. ) ;
#8183 = CARTESIAN_POINT ( 'NONE',  ( -42.57869116532526732, 53.16885668983584168, -10.07402866304139621 ) ) ;
#8184 = DIRECTION ( 'NONE',  ( -3.491481338843133355E-15, 0.000000000000000000, -1.000000000000000000 ) ) ;
#8185 = CARTESIAN_POINT ( 'NONE',  ( 0.000000000000000000, 71.00000000000001421, 0.000000000000000000 ) ) ;
#8186 = CYLINDRICAL_SURFACE ( 'NONE', #8218, 1.449999999999999067 ) ;
#8187 = TOROIDAL_SURFACE ( 'NONE', #7365, 42.49999999999998579, 2.500000000000000000 ) ;
#8188 = ORIENTED_EDGE ( 'NONE', *, *, #6295, .F. ) ;
#8189 = VECTOR ( 'NONE', #7775, 1000.000000000000114 ) ;
#8190 = DIRECTION ( 'NONE',  ( 0.5030288774786606520, -0.7071067811865534569, 0.4969526621546061507 ) ) ;
#8191 = EDGE_CURVE ( 'NONE', #9028, #4379, #4718, .T. ) ;
#8192 = VERTEX_POINT ( 'NONE', #7721 ) ;
#8193 = VERTEX_POINT ( 'NONE', #734 ) ;
#8194 = CARTESIAN_POINT ( 'NONE',  ( 73.04429881564593074, 0.000000000000000000, -17.49999999999999289 ) ) ;
#8195 = CARTESIAN_POINT ( 'NONE',  ( 31.51983550409787682, 70.50000000000000000, -15.76324483274717636 ) ) ;
#8196 = AXIS2_PLACEMENT_3D ( 'NONE', #8103, #8810, #3418 ) ;
#8197 = CARTESIAN_POINT ( 'NONE',  ( 12.32497268177929861, 53.48381987524005154, -41.01551989234928186 ) ) ;
#8198 = CARTESIAN_POINT ( 'NONE',  ( 35.61195404750180415, 61.00000000000000711, 30.67227948683667904 ) ) ;
#8199 = EDGE_LOOP ( 'NONE', ( #1419, #248, #2033, #8274 ) ) ;
#8200 = EDGE_CURVE ( 'NONE', #2092, #62, #9242, .T. ) ;
#8201 = VECTOR ( 'NONE', #3362, 1000.000000000000114 ) ;
#8202 = CARTESIAN_POINT ( 'NONE',  ( 24.50000000000000000, 71.00000000000001421, -42.43524478543749012 ) ) ;
#8203 = ADVANCED_FACE ( 'NONE', ( #3085 ), #6272, .F. ) ;
#8204 = VECTOR ( 'NONE', #4115, 1000.000000000000227 ) ;
#8205 = VECTOR ( 'NONE', #3515, 999.9999999999998863 ) ;
#8206 = ORIENTED_EDGE ( 'NONE', *, *, #9572, .F. ) ;
#8207 = ADVANCED_FACE ( 'NONE', ( #7820 ), #10111, .T. ) ;
#8208 = VECTOR ( 'NONE', #3221, 1000.000000000000000 ) ;
#8209 = DIRECTION ( 'NONE',  ( 1.000000000000000000, 0.000000000000000000, 0.000000000000000000 ) ) ;
#8210 = EDGE_LOOP ( 'NONE', ( #5009, #6818, #9446, #5163 ) ) ;
#8211 = CARTESIAN_POINT ( 'NONE',  ( 2.954460402942989788E-15, 53.50000000000000711, 24.12500000000000000 ) ) ;
#8212 = EDGE_CURVE ( 'NONE', #413, #6280, #9038, .T. ) ;
#8213 = DIRECTION ( 'NONE',  ( 0.1788591911648674815, -0.7071067811865652253, 0.6841121178109802470 ) ) ;
#8214 = VERTEX_POINT ( 'NONE', #6893 ) ;
#8215 = CARTESIAN_POINT ( 'NONE',  ( -29.41128822328147763, 70.50000000000002842, 19.41535585328235669 ) ) ;
#8216 = AXIS2_PLACEMENT_3D ( 'NONE', #6283, #8092, #4073 ) ;
#8217 = ORIENTED_EDGE ( 'NONE', *, *, #9034, .F. ) ;
#8218 = AXIS2_PLACEMENT_3D ( 'NONE', #5097, #7571, #8393 ) ;
#8219 = EDGE_CURVE ( 'NONE', #9383, #1163, #1457, .T. ) ;
#8220 = EDGE_CURVE ( 'NONE', #4900, #778, #5449, .T. ) ;
#8221 = LINE ( 'NONE', #8929, #3368 ) ;
#8222 = MECHANICAL_DESIGN_GEOMETRIC_PRESENTATION_REPRESENTATION (  '', ( #5911 ), #6243 ) ;
#8223 = CARTESIAN_POINT ( 'NONE',  ( -47.63139720814428557, 26.00000000000001066, 27.49999999999970512 ) ) ;
#8224 = ORIENTED_EDGE ( 'NONE', *, *, #7009, .T. ) ;
#8225 = AXIS2_PLACEMENT_3D ( 'NONE', #5008, #2708, #5108 ) ;
#8226 = CARTESIAN_POINT ( 'NONE',  ( 13.74999999999999822, 23.30000000000000071, -5.000000000000000000 ) ) ;
#8227 = ORIENTED_EDGE ( 'NONE', *, *, #9008, .F. ) ;
#8228 = DIRECTION ( 'NONE',  ( -0.000000000000000000, 1.000000000000000000, 0.000000000000000000 ) ) ;
#8229 = ORIENTED_EDGE ( 'NONE', *, *, #5904, .F. ) ;
#8230 = AXIS2_PLACEMENT_3D ( 'NONE', #3355, #1828, #285 ) ;
#8231 = CARTESIAN_POINT ( 'NONE',  ( 3.509433644628745519, 61.00000000000000711, -29.49192898902932214 ) ) ;
#8232 = VECTOR ( 'NONE', #8228, 1000.000000000000000 ) ;
#8233 = LINE ( 'NONE', #1252, #2084 ) ;
#8234 = FACE_BOUND ( 'NONE', #9872, .T. ) ;
#8235 = DIRECTION ( 'NONE',  ( 0.000000000000000000, 1.000000000000000000, 0.000000000000000000 ) ) ;
#8236 = EDGE_LOOP ( 'NONE', ( #9263, #10106, #74, #3047 ) ) ;
#8237 = LINE ( 'NONE', #5239, #682 ) ;
#8238 = CARTESIAN_POINT ( 'NONE',  ( 11.25000000000000000, 30.50000000000000000, 13.00000000000000000 ) ) ;
#8239 = VECTOR ( 'NONE', #8822, 1000.000000000000000 ) ;
#8240 = DIRECTION ( 'NONE',  ( 0.000000000000000000, 0.000000000000000000, 1.000000000000000000 ) ) ;
#8241 = LINE ( 'NONE', #5046, #6731 ) ;
#8242 = ORIENTED_EDGE ( 'NONE', *, *, #7367, .F. ) ;
#8243 = CARTESIAN_POINT ( 'NONE',  ( -12.82202579550271260, 52.10820305079128900, -42.87054736682542710 ) ) ;
#8244 = ORIENTED_EDGE ( 'NONE', *, *, #7242, .F. ) ;
#8245 = VERTEX_POINT ( 'NONE', #837 ) ;
#8246 = LINE ( 'NONE', #4433, #2969 ) ;
#8247 = CARTESIAN_POINT ( 'NONE',  ( -53.56071321407137731, 31.20788311109079771, -12.49999999999999112 ) ) ;
#8248 = CARTESIAN_POINT ( 'NONE',  ( 12.80173935718235789, 52.25467878633465801, -42.79483734830922970 ) ) ;
#8249 = CARTESIAN_POINT ( 'NONE',  ( -46.75000000000000000, 22.50000000000000000, 13.00000000000000000 ) ) ;
#8250 = ORIENTED_EDGE ( 'NONE', *, *, #1215, .F. ) ;
#8251 = PLANE ( 'NONE',  #7633 ) ;
#8252 = CARTESIAN_POINT ( 'NONE',  ( 23.78604288879153117, 61.00000000000000711, -17.78522318365924448 ) ) ;
#8253 = EDGE_CURVE ( 'NONE', #9808, #601, #4624, .T. ) ;
#8254 = EDGE_CURVE ( 'NONE', #6156, #8847, #3753, .T. ) ;
#8255 =( NAMED_UNIT ( * ) PLANE_ANGLE_UNIT ( ) SI_UNIT ( $, .RADIAN. ) );
#8256 = VECTOR ( 'NONE', #3222, 1000.000000000000114 ) ;
#8257 = VERTEX_POINT ( 'NONE', #4671 ) ;
#8258 = LINE ( 'NONE', #3571, #1144 ) ;
#8259 = VERTEX_POINT ( 'NONE', #8587 ) ;
#8260 = DIRECTION ( 'NONE',  ( -0.000000000000000000, 1.000000000000000000, -0.000000000000000000 ) ) ;
#8261 = CARTESIAN_POINT ( 'NONE',  ( 54.73265807526293258, 10.87609302064738870, -5.417149250755795009 ) ) ;
#8262 = VERTEX_POINT ( 'NONE', #3909 ) ;
#8263 = LINE ( 'NONE', #4203, #1525 ) ;
#8264 = ORIENTED_EDGE ( 'NONE', *, *, #677, .T. ) ;
#8265 = EDGE_CURVE ( 'NONE', #3342, #8735, #7041, .T. ) ;
#8266 = DIRECTION ( 'NONE',  ( 0.000000000000000000, 1.000000000000000000, 0.000000000000000000 ) ) ;
#8267 = CARTESIAN_POINT ( 'NONE',  ( -6.249999999999763745, 0.000000000000000000, 65.07214940782301937 ) ) ;
#8268 = ORIENTED_EDGE ( 'NONE', *, *, #8281, .T. ) ;
#8269 = DIRECTION ( 'NONE',  ( 0.4999999999999975575, 0.000000000000000000, -0.8660254037844400399 ) ) ;
#8270 = EDGE_CURVE ( 'NONE', #7216, #4645, #2810, .T. ) ;
#8271 = VERTEX_POINT ( 'NONE', #8897 ) ;
#8272 = DIRECTION ( 'NONE',  ( 0.000000000000000000, 0.000000000000000000, 1.000000000000000000 ) ) ;
#8273 = ADVANCED_FACE ( 'NONE', ( #1287 ), #9177, .F. ) ;
#8274 = ORIENTED_EDGE ( 'NONE', *, *, #9392, .T. ) ;
#8275 = VECTOR ( 'NONE', #5483, 1000.000000000000114 ) ;
#8276 = CARTESIAN_POINT ( 'NONE',  ( 30.44486301286592322, 71.00000000000001421, -6.822779208491893677 ) ) ;
#8277 = LINE ( 'NONE', #4408, #3211 ) ;
#8278 = CARTESIAN_POINT ( 'NONE',  ( 0.000000000000000000, 71.00000000000001421, 0.000000000000000000 ) ) ;
#8279 = FACE_OUTER_BOUND ( 'NONE', #9992, .T. ) ;
#8280 = EDGE_CURVE ( 'NONE', #4645, #1026, #5746, .T. ) ;
#8281 = EDGE_CURVE ( 'NONE', #7967, #9380, #5762, .T. ) ;
#8282 = LINE ( 'NONE', #6734, #5166 ) ;
#8283 = EDGE_LOOP ( 'NONE', ( #2218, #4914, #5117, #9095 ) ) ;
#8284 = CARTESIAN_POINT ( 'NONE',  ( -43.28868437181617423, 52.52341675436966995, -10.26427076935222438 ) ) ;
#8285 = EDGE_CURVE ( 'NONE', #9868, #5064, #8369, .T. ) ;
#8286 = ADVANCED_FACE ( 'NONE', ( #4398 ), #5218, .F. ) ;
#8287 = DIRECTION ( 'NONE',  ( -0.7027971946764645095, 0.000000000000000000, -0.7113902607956420487 ) ) ;
#8288 = VECTOR ( 'NONE', #1477, 1000.000000000000000 ) ;
#8289 = DIRECTION ( 'NONE',  ( -0.000000000000000000, 1.000000000000000000, -0.000000000000000000 ) ) ;
#8290 = CARTESIAN_POINT ( 'NONE',  ( 9.719403950192171848, 70.50000000000000000, -42.88251491892218326 ) ) ;
#8291 = AXIS2_PLACEMENT_3D ( 'NONE', #1152, #5858, #3546 ) ;
#8292 = ORIENTED_EDGE ( 'NONE', *, *, #4857, .F. ) ;
#8293 = CARTESIAN_POINT ( 'NONE',  ( -12.32568516090887023, 53.50000000000002842, -41.01817890066017469 ) ) ;
#8294 = ORIENTED_EDGE ( 'NONE', *, *, #2348, .F. ) ;
#8295 = EDGE_LOOP ( 'NONE', ( #195, #5394, #1789, #8353 ) ) ;
#8296 = DIRECTION ( 'NONE',  ( 0.000000000000000000, 1.000000000000000000, -0.000000000000000000 ) ) ;
#8297 = DIRECTION ( 'NONE',  ( -0.000000000000000000, -1.000000000000000000, -0.000000000000000000 ) ) ;
#8298 = DIRECTION ( 'NONE',  ( -1.047444401652940007E-14, 0.000000000000000000, -1.000000000000000000 ) ) ;
#8299 = DIRECTION ( 'NONE',  ( 0.000000000000000000, 0.000000000000000000, 1.000000000000000000 ) ) ;
#8300 = EDGE_LOOP ( 'NONE', ( #8440, #4427, #906, #2384 ) ) ;
#8301 = LINE ( 'NONE', #4341, #441 ) ;
#8302 = DIRECTION ( 'NONE',  ( -0.000000000000000000, 1.000000000000000000, -0.000000000000000000 ) ) ;
#8303 = VECTOR ( 'NONE', #9213, 1000.000000000000114 ) ;
#8304 = VECTOR ( 'NONE', #5036, 1000.000000000000000 ) ;
#8305 = ORIENTED_EDGE ( 'NONE', *, *, #4866, .T. ) ;
#8306 =( BOUNDED_CURVE ( )  B_SPLINE_CURVE ( 3, ( #954, #7210, #9668, #4948 ),
 .UNSPECIFIED., .F., .F. ) 
 B_SPLINE_CURVE_WITH_KNOTS ( ( 4, 4 ),
 ( 4.120481339219126404, 4.133246026674190610 ),
 .UNSPECIFIED. ) 
 CURVE ( )  GEOMETRIC_REPRESENTATION_ITEM ( )  RATIONAL_B_SPLINE_CURVE ( ( 1.000000000000000000, 0.9999864219422722744, 0.9999864219422722744, 1.000000000000000000 ) ) 
 REPRESENTATION_ITEM ( '' )  );
#8307 = DIRECTION ( 'NONE',  ( -0.9674806351920964831, 0.000000000000000000, -0.2529450939004305732 ) ) ;
#8308 = VERTEX_POINT ( 'NONE', #6584 ) ;
#8309 = PLANE ( 'NONE',  #2546 ) ;
#8310 = LINE ( 'NONE', #9839, #8997 ) ;
#8311 = EDGE_CURVE ( 'NONE', #9659, #4146, #6531, .T. ) ;
#8312 = ORIENTED_EDGE ( 'NONE', *, *, #10050, .T. ) ;
#8313 = DIRECTION ( 'NONE',  ( -0.6337862575779159569, 0.4434297682956753195, 0.6337862575779181773 ) ) ;
#8314 = DIRECTION ( 'NONE',  ( -0.9674806351920930414, 0.000000000000000000, 0.2529450939004438959 ) ) ;
#8315 = ORIENTED_EDGE ( 'NONE', *, *, #9334, .T. ) ;
#8316 = VECTOR ( 'NONE', #6324, 1000.000000000000000 ) ;
#8317 = CARTESIAN_POINT ( 'NONE',  ( 66.52214940782297958, 4.000000000000000000, -6.249999999999996447 ) ) ;
#8318 = AXIS2_PLACEMENT_3D ( 'NONE', #7557, #6626, #6529 ) ;
#8319 = FACE_OUTER_BOUND ( 'NONE', #1651, .T. ) ;
#8320 = CARTESIAN_POINT ( 'NONE',  ( -29.28481567633138027, 71.00000000000001421, -18.93161553568608468 ) ) ;
#8321 = ORIENTED_EDGE ( 'NONE', *, *, #10083, .T. ) ;
#8322 = VERTEX_POINT ( 'NONE', #1390 ) ;
#8323 = PLANE ( 'NONE',  #5435 ) ;
#8324 = VERTEX_POINT ( 'NONE', #7648 ) ;
#8325 = EDGE_CURVE ( 'NONE', #1752, #707, #3683, .T. ) ;
#8326 = DIRECTION ( 'NONE',  ( 0.000000000000000000, 1.000000000000000000, 0.000000000000000000 ) ) ;
#8327 = CARTESIAN_POINT ( 'NONE',  ( 43.78253914824666282, 71.00000000000001421, -10.39659875787506316 ) ) ;
#8328 = EDGE_CURVE ( 'NONE', #1053, #1218, #4442, .T. ) ;
#8329 = DIRECTION ( 'NONE',  ( 0.2646834405156195391, 0.000000000000000000, -0.9643353546960800049 ) ) ;
#8330 = ADVANCED_FACE ( 'NONE', ( #6865 ), #2971, .T. ) ;
#8331 = DIRECTION ( 'NONE',  ( 0.2646834405156395786, 0.000000000000000000, 0.9643353546960745648 ) ) ;
#8332 = DIRECTION ( 'NONE',  ( -0.000000000000000000, 1.000000000000000000, 0.000000000000000000 ) ) ;
#8333 = VERTEX_POINT ( 'NONE', #9656 ) ;
#8334 = DIRECTION ( 'NONE',  ( -1.000000000000000000, -0.000000000000000000, -0.000000000000000000 ) ) ;
#8335 = LINE ( 'NONE', #1358, #7559 ) ;
#8336 = DIRECTION ( 'NONE',  ( 0.000000000000000000, 0.000000000000000000, 1.000000000000000000 ) ) ;
#8337 = DIRECTION ( 'NONE',  ( 1.000000000000000000, 0.000000000000000000, -3.491481338843133355E-15 ) ) ;
#8338 = EDGE_CURVE ( 'NONE', #915, #4059, #2641, .T. ) ;
#8339 = ADVANCED_FACE ( 'NONE', ( #5948 ), #9079, .T. ) ;
#8340 = ADVANCED_FACE ( 'NONE', ( #8319 ), #2869, .T. ) ;
#8341 = ORIENTED_EDGE ( 'NONE', *, *, #4524, .F. ) ;
#8342 = CARTESIAN_POINT ( 'NONE',  ( 16.87661127446815712, 71.00000000000001421, -16.67275434172498905 ) ) ;
#8343 = PLANE ( 'NONE',  #2941 ) ;
#8344 = ORIENTED_EDGE ( 'NONE', *, *, #5747, .T. ) ;
#8345 = ORIENTED_EDGE ( 'NONE', *, *, #9196, .T. ) ;
#8346 = DIRECTION ( 'NONE',  ( -0.000000000000000000, 1.000000000000000000, -0.000000000000000000 ) ) ;
#8347 = DIRECTION ( 'NONE',  ( 0.000000000000000000, 1.000000000000000000, 0.000000000000000000 ) ) ;
#8348 = FACE_OUTER_BOUND ( 'NONE', #4460, .T. ) ;
#8349 = ORIENTED_EDGE ( 'NONE', *, *, #7730, .F. ) ;
#8350 = CARTESIAN_POINT ( 'NONE',  ( 24.49999999999930012, 26.00000000000001066, 42.43524478543788092 ) ) ;
#8351 = CARTESIAN_POINT ( 'NONE',  ( 44.92635430930421592, 19.69612644325633610, -2.580433608997314554 ) ) ;
#8352 = AXIS2_PLACEMENT_3D ( 'NONE', #7791, #904, #1019 ) ;
#8353 = ORIENTED_EDGE ( 'NONE', *, *, #9105, .T. ) ;
#8354 = DIRECTION ( 'NONE',  ( 3.965082230804130220E-16, 0.000000000000000000, -1.000000000000000000 ) ) ;
#8355 = AXIS2_PLACEMENT_3D ( 'NONE', #244, #6400, #4796 ) ;
#8356 = VERTEX_POINT ( 'NONE', #5370 ) ;
#8357 = CARTESIAN_POINT ( 'NONE',  ( 35.61195404750180415, 70.49999999999992895, 30.67227948683667904 ) ) ;
#8358 = CARTESIAN_POINT ( 'NONE',  ( 25.24983850318566780, 4.000000000000000000, -37.24843158527673381 ) ) ;
#8359 = CIRCLE ( 'NONE', #8682, 50.00000000000001421 ) ;
#8360 = DIRECTION ( 'NONE',  ( 0.000000000000000000, -1.000000000000000000, 0.000000000000000000 ) ) ;
#8361 = FACE_OUTER_BOUND ( 'NONE', #9301, .T. ) ;
#8362 = EDGE_CURVE ( 'NONE', #7604, #1599, #9477, .T. ) ;
#8363 = CIRCLE ( 'NONE', #4091, 1.300000000000001599 ) ;
#8364 = EDGE_LOOP ( 'NONE', ( #1318, #3672, #6279 ) ) ;
#8365 = AXIS2_PLACEMENT_3D ( 'NONE', #9397, #9604, #3962 ) ;
#8366 = CARTESIAN_POINT ( 'NONE',  ( -30.66169215719521901, 52.25174752504366182, 32.48519571142915652 ) ) ;
#8367 = CIRCLE ( 'NONE', #9985, 2.499999999999998668 ) ;
#8368 = VECTOR ( 'NONE', #2213, 1000.000000000000114 ) ;
#8369 = LINE ( 'NONE', #5765, #7568 ) ;
#8370 = CYLINDRICAL_SURFACE ( 'NONE', #385, 1.449999999999999067 ) ;
#8371 = EDGE_LOOP ( 'NONE', ( #1104, #3126 ) ) ;
#8372 = DIRECTION ( 'NONE',  ( 0.9643353546960764522, 0.000000000000000000, -0.2646834405156327508 ) ) ;
#8373 = ORIENTED_EDGE ( 'NONE', *, *, #5531, .T. ) ;
#8374 = AXIS2_PLACEMENT_3D ( 'NONE', #295, #4033, #2446 ) ;
#8375 = DIRECTION ( 'NONE',  ( 0.000000000000000000, 1.000000000000000000, 0.000000000000000000 ) ) ;
#8376 = VECTOR ( 'NONE', #5541, 1000.000000000000000 ) ;
#8377 = ORIENTED_EDGE ( 'NONE', *, *, #5880, .T. ) ;
#8378 = B_SPLINE_CURVE_WITH_KNOTS ( 'NONE', 3,
 ( #9483, #7855, #5638, #824, #5586, #7241, #213, #8775, #774, #6471, #5480, #1749, #4865, #8671, #7960, #4001 ),
 .UNSPECIFIED., .F., .F.,
 ( 4, 2, 2, 2, 2, 2, 2, 4 ),
 ( 0.000000000000000000, 0.0004882818077346209656, 0.0009765636154692419312, 0.001464845423203862788, 0.001953127230938483862, 0.002441409038673104936, 0.002929690846407725577, 0.003906254461876981603 ),
 .UNSPECIFIED. ) ;
#8379 = FACE_OUTER_BOUND ( 'NONE', #1767, .T. ) ;
#8380 = LINE ( 'NONE', #1962, #8951 ) ;
#8381 = EDGE_CURVE ( 'NONE', #7994, #2978, #1588, .T. ) ;
#8382 = AXIS2_PLACEMENT_3D ( 'NONE', #6346, #8811, #4899 ) ;
#8383 = CARTESIAN_POINT ( 'NONE',  ( 29.87659562178842521, 61.00000000000000711, 9.776340961197682589 ) ) ;
#8384 = CARTESIAN_POINT ( 'NONE',  ( 53.56071321407137731, 31.20788311109079416, -12.49999999999999112 ) ) ;
#8385 = DIRECTION ( 'NONE',  ( 0.000000000000000000, 1.000000000000000000, -0.000000000000000000 ) ) ;
#8386 = VECTOR ( 'NONE', #4480, 1000.000000000000000 ) ;
#8387 = VERTEX_POINT ( 'NONE', #8665 ) ;
#8388 = DIRECTION ( 'NONE',  ( 0.000000000000000000, 0.000000000000000000, 1.000000000000000000 ) ) ;
#8389 = CARTESIAN_POINT ( 'NONE',  ( 18.65508692645726185, 70.50000000000000000, -18.42974732841615193 ) ) ;
#8390 = ORIENTED_EDGE ( 'NONE', *, *, #2697, .T. ) ;
#8391 = ADVANCED_FACE ( 'NONE', ( #4702 ), #2305, .T. ) ;
#8392 = DIRECTION ( 'NONE',  ( -0.000000000000000000, 1.000000000000000000, -0.000000000000000000 ) ) ;
#8393 = DIRECTION ( 'NONE',  ( 0.000000000000000000, 0.000000000000000000, 1.000000000000000000 ) ) ;
#8394 = AXIS2_PLACEMENT_3D ( 'NONE', #9663, #9614, #1876 ) ;
#8395 = EDGE_CURVE ( 'NONE', #6139, #3981, #48, .T. ) ;
#8396 = ORIENTED_EDGE ( 'NONE', *, *, #7658, .F. ) ;
#8397 = CYLINDRICAL_SURFACE ( 'NONE', #8150, 1.449999999999993072 ) ;
#8398 = CARTESIAN_POINT ( 'NONE',  ( 19.25000000000000000, 4.000000000000000000, 13.00000000000000000 ) ) ;
#8399 = VERTEX_POINT ( 'NONE', #5577 ) ;
#8400 = EDGE_LOOP ( 'NONE', ( #9584, #4185, #2886, #7499, #3491, #2571, #10057, #3266, #6025, #6273, #2644, #8751, #2769, #8967, #6892, #7203, #3414, #1425, #1366, #7719, #1065, #4162, #5002, #9454, #2713 ) ) ;
#8401 = DIRECTION ( 'NONE',  ( 0.000000000000000000, -1.000000000000000000, 0.000000000000000000 ) ) ;
#8402 = CARTESIAN_POINT ( 'NONE',  ( -34.25000000000000000, 30.50000000000000000, 5.000000000000000000 ) ) ;
#8403 = EDGE_CURVE ( 'NONE', #8153, #1582, #4907, .T. ) ;
#8404 = AXIS2_PLACEMENT_3D ( 'NONE', #5899, #6775, #3492 ) ;
#8405 = CARTESIAN_POINT ( 'NONE',  ( 0.000000000000000000, 71.00000000000001421, 0.000000000000000000 ) ) ;
#8406 = ORIENTED_EDGE ( 'NONE', *, *, #1989, .F. ) ;
#8407 = EDGE_CURVE ( 'NONE', #2958, #4819, #8718, .T. ) ;
#8408 = FACE_OUTER_BOUND ( 'NONE', #6202, .T. ) ;
#8409 = CARTESIAN_POINT ( 'NONE',  ( 44.99440449978334300, 20.21009395290101551, 0.8164143226117817065 ) ) ;
#8410 = ORIENTED_EDGE ( 'NONE', *, *, #8776, .F. ) ;
#8411 = PLANE ( 'NONE',  #10134 ) ;
#8412 = ORIENTED_EDGE ( 'NONE', *, *, #8163, .F. ) ;
#8413 = CARTESIAN_POINT ( 'NONE',  ( -29.87659562178829376, 70.50000000000000000, 9.776340961198103585 ) ) ;
#8414 = DIRECTION ( 'NONE',  ( -0.000000000000000000, 1.000000000000000000, -0.000000000000000000 ) ) ;
#8415 = CARTESIAN_POINT ( 'NONE',  ( 0.000000000000000000, 51.00000000000000711, 0.000000000000000000 ) ) ;
#8416 = CARTESIAN_POINT ( 'NONE',  ( 22.87733444822519502, 71.00000000000001421, -6.279196922622017674 ) ) ;
#8417 = ORIENTED_EDGE ( 'NONE', *, *, #3925, .T. ) ;
#8418 = CARTESIAN_POINT ( 'NONE',  ( -22.39516677087717511, 61.00000000000000711, 6.146855202364037041 ) ) ;
#8419 = CARTESIAN_POINT ( 'NONE',  ( 0.000000000000000000, 26.00000000000001066, 0.000000000000000000 ) ) ;
#8420 = DIRECTION ( 'NONE',  ( -0.000000000000000000, 1.000000000000000000, 0.000000000000000000 ) ) ;
#8421 = VERTEX_POINT ( 'NONE', #5523 ) ;
#8422 = ORIENTED_EDGE ( 'NONE', *, *, #8191, .T. ) ;
#8423 = DIRECTION ( 'NONE',  ( 1.000000000000000000, 0.000000000000000000, 0.000000000000000000 ) ) ;
#8424 = ORIENTED_EDGE ( 'NONE', *, *, #5180, .F. ) ;
#8425 = DIRECTION ( 'NONE',  ( 0.6818880686435433436, -0.7071067811865325847, -0.1871594556563988265 ) ) ;
#8426 = DIRECTION ( 'NONE',  ( -1.000000000000000000, 0.000000000000000000, 3.094973115762720531E-15 ) ) ;
#8427 = B_SPLINE_CURVE_WITH_KNOTS ( 'NONE', 3,
 ( #7267, #7209, #4947, #7316, #8701, #900, #4735, #8802, #4134, #1010, #2598, #4888, #5714, #79, #235, #6540 ),
 .UNSPECIFIED., .F., .F.,
 ( 4, 2, 2, 2, 2, 2, 2, 4 ),
 ( 0.000000000000000000, 0.0004999287144775386169, 0.0009998574289550772338, 0.001499786143432615959, 0.001999714857910154468, 0.002499643572387692976, 0.002999572286865231918, 0.003999429715820318476 ),
 .UNSPECIFIED. ) ;
#8428 = CARTESIAN_POINT ( 'NONE',  ( 25.28817283496548995, 61.00000000000000711, 6.940905523910584130 ) ) ;
#8429 = CARTESIAN_POINT ( 'NONE',  ( 44.56324311698455176, 71.00000000000001421, -14.93711360660186926 ) ) ;
#8430 = FACE_OUTER_BOUND ( 'NONE', #4148, .T. ) ;
#8431 = ORIENTED_EDGE ( 'NONE', *, *, #6686, .T. ) ;
#8432 = CARTESIAN_POINT ( 'NONE',  ( 0.000000000000000000, 61.00000000000000711, 0.000000000000000000 ) ) ;
#8433 = DIRECTION ( 'NONE',  ( 0.000000000000000000, 0.000000000000000000, 1.000000000000000000 ) ) ;
#8434 = EDGE_CURVE ( 'NONE', #8033, #6106, #6351, .T. ) ;
#8435 = VECTOR ( 'NONE', #6008, 1000.000000000000000 ) ;
#8436 = EDGE_CURVE ( 'NONE', #1834, #9630, #5993, .T. ) ;
#8437 = ORIENTED_EDGE ( 'NONE', *, *, #6510, .F. ) ;
#8438 = DIRECTION ( 'NONE',  ( -0.7027971946764645095, 0.000000000000000000, -0.7113902607956420487 ) ) ;
#8439 = CARTESIAN_POINT ( 'NONE',  ( 78.04429881564594496, 44.31128874149274566, 12.49999999999998046 ) ) ;
#8440 = ORIENTED_EDGE ( 'NONE', *, *, #6700, .T. ) ;
#8441 = CARTESIAN_POINT ( 'NONE',  ( 53.56071321407137731, 4.000000000000000000, 12.49999999999999112 ) ) ;
#8442 = DIRECTION ( 'NONE',  ( -0.2588190451025179084, 0.000000000000000000, 0.9659258262890690894 ) ) ;
#8443 = VERTEX_POINT ( 'NONE', #8615 ) ;
#8444 = ORIENTED_EDGE ( 'NONE', *, *, #2865, .F. ) ;
#8445 = EDGE_CURVE ( 'NONE', #6084, #2178, #6926, .T. ) ;
#8446 = LINE ( 'NONE', #9873, #5759 ) ;
#8447 = LINE ( 'NONE', #6081, #2467 ) ;
#8448 = VERTEX_POINT ( 'NONE', #6299 ) ;
#8449 = CARTESIAN_POINT ( 'NONE',  ( -23.28831231577574812, 71.00000000000001421, -18.43215965324975159 ) ) ;
#8450 = CARTESIAN_POINT ( 'NONE',  ( 6.471738182438351750, 61.00000000000000711, -30.76206126766261306 ) ) ;
#8451 = EDGE_CURVE ( 'NONE', #9224, #9289, #3993, .T. ) ;
#8452 = AXIS2_PLACEMENT_3D ( 'NONE', #4593, #3250, #3014 ) ;
#8453 = VERTEX_POINT ( 'NONE', #9276 ) ;
#8454 = DIRECTION ( 'NONE',  ( 0.000000000000000000, 1.000000000000000000, -0.000000000000000000 ) ) ;
#8455 = ORIENTED_EDGE ( 'NONE', *, *, #8642, .F. ) ;
#8456 = DIRECTION ( 'NONE',  ( -0.2646834405156328618, 0.000000000000000000, -0.9643353546960764522 ) ) ;
#8457 = FACE_OUTER_BOUND ( 'NONE', #8714, .T. ) ;
#8458 = DIRECTION ( 'NONE',  ( 0.000000000000000000, -1.000000000000000000, 0.000000000000000000 ) ) ;
#8459 = CARTESIAN_POINT ( 'NONE',  ( 0.000000000000000000, 4.000000000000000000, 0.000000000000000000 ) ) ;
#8460 = VECTOR ( 'NONE', #5832, 1000.000000000000000 ) ;
#8461 = VERTEX_POINT ( 'NONE', #717 ) ;
#8462 = CIRCLE ( 'NONE', #4844, 36.99999999999999289 ) ;
#8463 = DIRECTION ( 'NONE',  ( 0.2646834405156262560, 0.000000000000000000, -0.9643353546960783396 ) ) ;
#8464 = EDGE_CURVE ( 'NONE', #3462, #3234, #3070, .T. ) ;
#8465 = EDGE_CURVE ( 'NONE', #7366, #1956, #1538, .T. ) ;
#8466 = EDGE_CURVE ( 'NONE', #4286, #6084, #766, .T. ) ;
#8467 = CARTESIAN_POINT ( 'NONE',  ( -12.66788163201168871, 52.88380706174486789, 42.29527351698671822 ) ) ;
#8468 = ADVANCED_FACE ( 'NONE', ( #6414 ), #976, .F. ) ;
#8469 = DIRECTION ( 'NONE',  ( 0.000000000000000000, 0.000000000000000000, -1.000000000000000000 ) ) ;
#8470 = ORIENTED_EDGE ( 'NONE', *, *, #6368, .F. ) ;
#8471 = DIRECTION ( 'NONE',  ( 0.7071067811865496822, 0.000000000000000000, 0.7071067811865453523 ) ) ;
#8472 = EDGE_LOOP ( 'NONE', ( #2819, #317, #6761, #3585 ) ) ;
#8473 = PLANE ( 'NONE',  #7745 ) ;
#8474 = ORIENTED_EDGE ( 'NONE', *, *, #5349, .T. ) ;
#8475 = VECTOR ( 'NONE', #3499, 1000.000000000000000 ) ;
#8476 = CARTESIAN_POINT ( 'NONE',  ( -22.87733444822520923, 71.00000000000001421, -6.279196922621683719 ) ) ;
#8477 = DIRECTION ( 'NONE',  ( 0.2646834405156328063, -0.000000000000000000, 0.9643353546960763412 ) ) ;
#8478 = VECTOR ( 'NONE', #2261, 1000.000000000000000 ) ;
#8479 = DIRECTION ( 'NONE',  ( -0.2646834405156195391, 0.000000000000000000, 0.9643353546960801159 ) ) ;
#8480 = DIRECTION ( 'NONE',  ( -0.9674806351920929304, 0.000000000000000000, 0.2529450939004439514 ) ) ;
#8481 = CARTESIAN_POINT ( 'NONE',  ( 29.41128822328173342, 61.00000000000000711, 19.41535585328193037 ) ) ;
#8482 = EDGE_LOOP ( 'NONE', ( #9424, #6579, #8412, #9048, #1240, #8001 ) ) ;
#8483 = DIRECTION ( 'NONE',  ( -1.000000000000000000, -0.000000000000000000, -0.000000000000000000 ) ) ;
#8484 = DIRECTION ( 'NONE',  ( 0.7027971946764645095, -0.000000000000000000, 0.7113902607956420487 ) ) ;
#8485 = EDGE_LOOP ( 'NONE', ( #5418, #3521, #7634, #8550 ) ) ;
#8486 = FACE_OUTER_BOUND ( 'NONE', #699, .T. ) ;
#8487 = ADVANCED_FACE ( 'NONE', ( #4760 ), #3229, .F. ) ;
#8488 = ORIENTED_EDGE ( 'NONE', *, *, #1562, .T. ) ;
#8489 = DIRECTION ( 'NONE',  ( -0.000000000000000000, -0.000000000000000000, -1.000000000000000000 ) ) ;
#8490 = DIRECTION ( 'NONE',  ( 0.000000000000000000, -1.000000000000000000, 0.000000000000000000 ) ) ;
#8491 = ORIENTED_EDGE ( 'NONE', *, *, #4132, .F. ) ;
#8492 = DIRECTION ( 'NONE',  ( -0.000000000000000000, 1.000000000000000000, -0.000000000000000000 ) ) ;
#8493 = CARTESIAN_POINT ( 'NONE',  ( 54.64373248598597854, 14.41331160591743554, 6.250000000000001776 ) ) ;
#8494 = EDGE_LOOP ( 'NONE', ( #1124, #3928 ) ) ;
#8495 = ORIENTED_EDGE ( 'NONE', *, *, #4875, .F. ) ;
#8496 = CARTESIAN_POINT ( 'NONE',  ( 8.953475847591828796, 70.66596018114297806, -46.13973626746685142 ) ) ;
#8497 = DIRECTION ( 'NONE',  ( -0.9674806351920929304, 0.000000000000000000, 0.2529450939004439514 ) ) ;
#8498 = EDGE_LOOP ( 'NONE', ( #5299, #967, #2921, #9929 ) ) ;
#8499 = CARTESIAN_POINT ( 'NONE',  ( 63.04429881564596627, 31.20788311109079771, -12.49999999999999112 ) ) ;
#8500 = DIRECTION ( 'NONE',  ( -1.000000000000000000, 0.000000000000000000, 0.000000000000000000 ) ) ;
#8501 = EDGE_CURVE ( 'NONE', #4578, #9717, #1813, .T. ) ;
#8502 = ORIENTED_EDGE ( 'NONE', *, *, #1961, .F. ) ;
#8503 = CARTESIAN_POINT ( 'NONE',  ( -42.99427130867219660, 20.66137453663538892, 13.00000000000000000 ) ) ;
#8504 = ORIENTED_EDGE ( 'NONE', *, *, #2361, .T. ) ;
#8505 = LINE ( 'NONE', #5547, #9262 ) ;
#8506 = CARTESIAN_POINT ( 'NONE',  ( 58.04429881564596627, 0.000000000000000000, 17.49999999999998579 ) ) ;
#8507 = EDGE_CURVE ( 'NONE', #4822, #8729, #2729, .T. ) ;
#8508 = LINE ( 'NONE', #7843, #5723 ) ;
#8509 = DIRECTION ( 'NONE',  ( 0.000000000000000000, 1.000000000000000000, 0.000000000000000000 ) ) ;
#8510 = CIRCLE ( 'NONE', #5548, 29.70000000000000284 ) ;
#8511 = ORIENTED_EDGE ( 'NONE', *, *, #8142, .T. ) ;
#8512 = EDGE_CURVE ( 'NONE', #7999, #8944, #9542, .T. ) ;
#8513 = CARTESIAN_POINT ( 'NONE',  ( 16.52091614407034115, 70.50000000000000000, 16.32135574438677139 ) ) ;
#8514 = EDGE_CURVE ( 'NONE', #9302, #8192, #5564, .T. ) ;
#8515 = DIRECTION ( 'NONE',  ( 0.8660254037844398178, 0.000000000000000000, 0.4999999999999981126 ) ) ;
#8516 = AXIS2_PLACEMENT_3D ( 'NONE', #8606, #9416, #7065 ) ;
#8517 = CARTESIAN_POINT ( 'NONE',  ( -0.4427328229371071400, 71.00000000000001421, 1.652301389379722707 ) ) ;
#8518 = ORIENTED_EDGE ( 'NONE', *, *, #8084, .T. ) ;
#8519 = AXIS2_PLACEMENT_3D ( 'NONE', #5244, #2175, #6070 ) ;
#8520 = LINE ( 'NONE', #3843, #9175 ) ;
#8521 = VERTEX_POINT ( 'NONE', #4104 ) ;
#8522 = CARTESIAN_POINT ( 'NONE',  ( 44.89192894828239844, 8.577961661339935873, -3.135338063047044876 ) ) ;
#8523 = ORIENTED_EDGE ( 'NONE', *, *, #9304, .T. ) ;
#8524 = ADVANCED_FACE ( 'NONE', ( #8774 ), #1748, .F. ) ;
#8525 = AXIS2_PLACEMENT_3D ( 'NONE', #3214, #1024, #86 ) ;
#8526 = EDGE_CURVE ( 'NONE', #8681, #6021, #7854, .T. ) ;
#8527 = AXIS2_PLACEMENT_3D ( 'NONE', #586, #5199, #3711 ) ;
#8528 = CARTESIAN_POINT ( 'NONE',  ( -0.3556951303978116430, 71.00000000000001421, 36.96153047156166593 ) ) ;
#8529 = DIRECTION ( 'NONE',  ( 0.000000000000000000, 1.000000000000000000, 0.000000000000000000 ) ) ;
#8530 = AXIS2_PLACEMENT_3D ( 'NONE', #6795, #7735, #4581 ) ;
#8531 = CARTESIAN_POINT ( 'NONE',  ( 47.63139720814428557, 26.00000000000001066, -27.49999999999970512 ) ) ;
#8532 = AXIS2_PLACEMENT_3D ( 'NONE', #3839, #6151, #8571 ) ;
#8533 = CARTESIAN_POINT ( 'NONE',  ( -23.40485743935002816, 61.00000000000000711, -20.98572030646459652 ) ) ;
#8534 = FACE_OUTER_BOUND ( 'NONE', #836, .T. ) ;
#8535 = PRESENTATION_LAYER_ASSIGNMENT (  '', '', ( #2464 ) ) ;
#8536 = ORIENTED_EDGE ( 'NONE', *, *, #249, .T. ) ;
#8537 = LINE ( 'NONE', #3749, #5764 ) ;
#8538 = CARTESIAN_POINT ( 'NONE',  ( 0.000000000000000000, 53.50000000000000711, 0.000000000000000000 ) ) ;
#8539 = ORIENTED_EDGE ( 'NONE', *, *, #2289, .T. ) ;
#8540 = CARTESIAN_POINT ( 'NONE',  ( -8.998878031629686802E-15, 70.50000000000000000, -37.31292906889989780 ) ) ;
#8541 = ORIENTED_EDGE ( 'NONE', *, *, #3293, .T. ) ;
#8542 = AXIS2_PLACEMENT_3D ( 'NONE', #7510, #8904, #6591 ) ;
#8543 = CARTESIAN_POINT ( 'NONE',  ( -5.874250626806746034, 70.50000000000002842, 22.46821094675078356 ) ) ;
#8544 = CARTESIAN_POINT ( 'NONE',  ( 22.39516677087726038, 70.50000000000002842, 6.146855202363726178 ) ) ;
#8545 = AXIS2_PLACEMENT_3D ( 'NONE', #10062, #6897, #1609 ) ;
#8546 = AXIS2_PLACEMENT_3D ( 'NONE', #3766, #5550, #3825 ) ;
#8547 = ORIENTED_EDGE ( 'NONE', *, *, #6873, .F. ) ;
#8548 = DIRECTION ( 'NONE',  ( -0.000000000000000000, 1.000000000000000000, -0.000000000000000000 ) ) ;
#8549 = CARTESIAN_POINT ( 'NONE',  ( 54.79900337681834799, 18.13227316905545550, 4.706674294502634304 ) ) ;
#8550 = ORIENTED_EDGE ( 'NONE', *, *, #281, .F. ) ;
#8551 = EDGE_LOOP ( 'NONE', ( #4037, #9448, #3395, #2402 ) ) ;
#8552 = CARTESIAN_POINT ( 'NONE',  ( -1.652301389379721153, 61.00000000000000711, 0.4427328229371134127 ) ) ;
#8553 = PLANE ( 'NONE',  #8530 ) ;
#8554 = VECTOR ( 'NONE', #6039, 1000.000000000000227 ) ;
#8555 = VERTEX_POINT ( 'NONE', #1641 ) ;
#8556 = CIRCLE ( 'NONE', #1841, 1.300000000000000044 ) ;
#8557 = CARTESIAN_POINT ( 'NONE',  ( -12.49999999999977085, 31.20788311109079771, 63.04429881564600890 ) ) ;
#8558 = CARTESIAN_POINT ( 'NONE',  ( 24.24999999999999645, 0.000000000000000000, -19.51666049839546346 ) ) ;
#8559 =( BOUNDED_CURVE ( )  B_SPLINE_CURVE ( 3, ( #9856, #8127, #7352, #8986 ),
 .UNSPECIFIED., .F., .F. ) 
 B_SPLINE_CURVE_WITH_KNOTS ( ( 4, 4 ),
 ( 4.120481339219126404, 4.133246026674189721 ),
 .UNSPECIFIED. ) 
 CURVE ( )  GEOMETRIC_REPRESENTATION_ITEM ( )  RATIONAL_B_SPLINE_CURVE ( ( 1.000000000000000000, 0.9999864219422722744, 0.9999864219422722744, 1.000000000000000000 ) ) 
 REPRESENTATION_ITEM ( '' )  );
#8560 = ORIENTED_EDGE ( 'NONE', *, *, #417, .F. ) ;
#8561 = FACE_OUTER_BOUND ( 'NONE', #5470, .T. ) ;
#8562 = ORIENTED_EDGE ( 'NONE', *, *, #3883, .F. ) ;
#8563 = AXIS2_PLACEMENT_3D ( 'NONE', #4874, #937, #2419 ) ;
#8564 = DIRECTION ( 'NONE',  ( -0.3449775664491150362, -0.9386109303896084111, 0.000000000000000000 ) ) ;
#8565 = DIRECTION ( 'NONE',  ( -0.2529450939004439514, 0.000000000000000000, -0.9674806351920929304 ) ) ;
#8566 = LINE ( 'NONE', #10133, #8554 ) ;
#8567 = EDGE_CURVE ( 'NONE', #7478, #7577, #3277, .T. ) ;
#8568 = EDGE_CURVE ( 'NONE', #8399, #4719, #4707, .T. ) ;
#8569 = VERTEX_POINT ( 'NONE', #3951 ) ;
#8570 = LINE ( 'NONE', #8513, #2553 ) ;
#8571 = DIRECTION ( 'NONE',  ( 0.000000000000000000, -0.000000000000000000, 1.000000000000000000 ) ) ;
#8572 = CARTESIAN_POINT ( 'NONE',  ( 29.23330679730045034, 71.00000000000001421, 16.87785754872397348 ) ) ;
#8573 = DIRECTION ( 'NONE',  ( 0.000000000000000000, 1.000000000000000000, 0.000000000000000000 ) ) ;
#8574 = VERTEX_POINT ( 'NONE', #3334 ) ;
#8575 = CARTESIAN_POINT ( 'NONE',  ( 44.97819424493715701, 7.908859054772095831, 1.414932668702192586 ) ) ;
#8576 = ORIENTED_EDGE ( 'NONE', *, *, #1549, .T. ) ;
#8577 = CARTESIAN_POINT ( 'NONE',  ( 0.000000000000000000, 61.00000000000000711, 0.000000000000000000 ) ) ;
#8578 = CARTESIAN_POINT ( 'NONE',  ( -66.52214940782297958, -1.000000000000000000, -4.799999999999997158 ) ) ;
#8579 = EDGE_CURVE ( 'NONE', #1873, #1958, #6060, .T. ) ;
#8580 = CARTESIAN_POINT ( 'NONE',  ( 1.245476089487489224, 71.00000000000001421, -0.3337243123704417003 ) ) ;
#8581 = FACE_OUTER_BOUND ( 'NONE', #1733, .T. ) ;
#8582 = DIRECTION ( 'NONE',  ( 0.000000000000000000, 1.000000000000000000, -0.000000000000000000 ) ) ;
#8583 = ORIENTED_EDGE ( 'NONE', *, *, #1251, .T. ) ;
#8584 = LINE ( 'NONE', #9194, #6910 ) ;
#8585 = CARTESIAN_POINT ( 'NONE',  ( -2.108547280816512881, 61.00000000000000711, -35.17860068602902857 ) ) ;
#8586 = ORIENTED_EDGE ( 'NONE', *, *, #7081, .F. ) ;
#8587 = CARTESIAN_POINT ( 'NONE',  ( 31.69781693007919188, 71.00000000000001421, -18.30074313730519009 ) ) ;
#8588 = VERTEX_POINT ( 'NONE', #2574 ) ;
#8589 = DIRECTION ( 'NONE',  ( 0.000000000000000000, 0.000000000000000000, 1.000000000000000000 ) ) ;
#8590 = DIRECTION ( 'NONE',  ( -0.9674806351920963721, 0.000000000000000000, -0.2529450939004306842 ) ) ;
#8591 = EDGE_CURVE ( 'NONE', #6104, #7967, #1, .T. ) ;
#8592 = ADVANCED_FACE ( 'NONE', ( #212 ), #1160, .T. ) ;
#8593 = EDGE_LOOP ( 'NONE', ( #3027, #648, #743 ) ) ;
#8594 = CARTESIAN_POINT ( 'NONE',  ( -44.36895025132797343, 70.50000000000002842, -15.50471714012176605 ) ) ;
#8595 = EDGE_CURVE ( 'NONE', #9380, #8936, #8825, .T. ) ;
#8596 = ADVANCED_FACE ( 'NONE', ( #3897, #1593, #3129 ), #2410, .T. ) ;
#8597 = LINE ( 'NONE', #7781, #1635 ) ;
#8598 = ORIENTED_EDGE ( 'NONE', *, *, #171, .T. ) ;
#8599 = ORIENTED_EDGE ( 'NONE', *, *, #4835, .F. ) ;
#8600 = CARTESIAN_POINT ( 'NONE',  ( -66.52214940782297958, 0.000000000000000000, 6.249999999999996447 ) ) ;
#8601 = CARTESIAN_POINT ( 'NONE',  ( -32.31394446327419701, 61.00000000000000711, -18.65646453444987074 ) ) ;
#8602 = VERTEX_POINT ( 'NONE', #8252 ) ;
#8603 = CARTESIAN_POINT ( 'NONE',  ( 5.874250626806587050, 61.00000000000000711, -22.46821094675082264 ) ) ;
#8604 = DIRECTION ( 'NONE',  ( 0.000000000000000000, 0.000000000000000000, 1.000000000000000000 ) ) ;
#8605 = ORIENTED_EDGE ( 'NONE', *, *, #4994, .F. ) ;
#8606 = CARTESIAN_POINT ( 'NONE',  ( -66.52214940782297958, -1.000000000000000000, -6.249999999999996447 ) ) ;
#8607 = ORIENTED_EDGE ( 'NONE', *, *, #5945, .T. ) ;
#8608 = CARTESIAN_POINT ( 'NONE',  ( -12.50000000000075495, 4.000000000000000000, -73.04429881564583127 ) ) ;
#8609 = CARTESIAN_POINT ( 'NONE',  ( 13.74999999999999822, 23.30000000000000071, 5.000000000000000000 ) ) ;
#8610 = CARTESIAN_POINT ( 'NONE',  ( 0.000000000000000000, 26.00000000000001066, 0.000000000000000000 ) ) ;
#8611 = VECTOR ( 'NONE', #1004, 1000.000000000000000 ) ;
#8612 = EDGE_LOOP ( 'NONE', ( #5751, #1900, #1930, #519 ) ) ;
#8613 = LINE ( 'NONE', #1686, #7958 ) ;
#8614 = EDGE_CURVE ( 'NONE', #8977, #7226, #595, .T. ) ;
#8615 = CARTESIAN_POINT ( 'NONE',  ( 43.30127018922208748, 71.00000000000001421, -24.99999999999975131 ) ) ;
#8616 = CIRCLE ( 'NONE', #4191, 48.99999999999998579 ) ;
#8617 = DIRECTION ( 'NONE',  ( 0.2646834405156195391, 0.000000000000000000, -0.9643353546960800049 ) ) ;
#8618 = CARTESIAN_POINT ( 'NONE',  ( -43.08131845707601570, 30.50000000000000000, -13.00000000000000000 ) ) ;
#8619 = ORIENTED_EDGE ( 'NONE', *, *, #4913, .F. ) ;
#8620 = CARTESIAN_POINT ( 'NONE',  ( 44.95533567916961459, 8.079847842305046157, -2.014041745619421953 ) ) ;
#8621 = CARTESIAN_POINT ( 'NONE',  ( 0.000000000000000000, 71.00000000000001421, -55.00000000000000000 ) ) ;
#8622 = CARTESIAN_POINT ( 'NONE',  ( 0.000000000000000000, 71.00000000000001421, 0.000000000000000000 ) ) ;
#8623 = CARTESIAN_POINT ( 'NONE',  ( -30.01166769189505601, 53.17044761530210195, -31.83517124612891891 ) ) ;
#8624 = CIRCLE ( 'NONE', #2073, 1.300000000000000044 ) ;
#8625 = VECTOR ( 'NONE', #1657, 1000.000000000000000 ) ;
#8626 = DIRECTION ( 'NONE',  ( -1.000000000000000000, 0.000000000000000000, 0.000000000000000000 ) ) ;
#8627 = EDGE_LOOP ( 'NONE', ( #2444, #2812, #2279, #9964, #2895, #8373 ) ) ;
#8628 = FACE_OUTER_BOUND ( 'NONE', #9568, .T. ) ;
#8629 = VECTOR ( 'NONE', #4696, 1000.000000000000000 ) ;
#8630 = CARTESIAN_POINT ( 'NONE',  ( 6.249999999999299227, -1.000000000000000000, -65.07214940782306201 ) ) ;
#8631 = ORIENTED_EDGE ( 'NONE', *, *, #9414, .T. ) ;
#8632 = PLANE ( 'NONE',  #4768 ) ;
#8633 = CARTESIAN_POINT ( 'NONE',  ( -8.756996203826414416, 70.50000000000000000, 46.17699662695888208 ) ) ;
#8634 = ORIENTED_EDGE ( 'NONE', *, *, #6977, .T. ) ;
#8635 = EDGE_CURVE ( 'NONE', #6114, #6706, #7631, .T. ) ;
#8636 = CARTESIAN_POINT ( 'NONE',  ( -29.87659562178835770, 61.00000000000000711, -9.776340961197890422 ) ) ;
#8637 = EDGE_LOOP ( 'NONE', ( #6857, #7341, #4116, #4488 ) ) ;
#8638 = CARTESIAN_POINT ( 'NONE',  ( -23.78604288879165907, 70.50000000000002842, 17.78522318365907751 ) ) ;
#8639 = ADVANCED_FACE ( 'NONE', ( #5111 ), #6853, .T. ) ;
#8640 = DIRECTION ( 'NONE',  ( 0.2646834405156194281, 0.000000000000000000, -0.9643353546960800049 ) ) ;
#8641 = AXIS2_PLACEMENT_3D ( 'NONE', #3903, #3287, #8678 ) ;
#8642 = EDGE_CURVE ( 'NONE', #2774, #62, #6702, .T. ) ;
#8643 = ORIENTED_EDGE ( 'NONE', *, *, #303, .F. ) ;
#8644 = CARTESIAN_POINT ( 'NONE',  ( 8.756996203826414416, 61.00000000000000711, -46.17699662695888208 ) ) ;
#8645 = ADVANCED_FACE ( 'NONE', ( #2089 ), #9970, .F. ) ;
#8646 = CARTESIAN_POINT ( 'NONE',  ( 54.66730794487691725, 15.61728151611730553, 6.040615246638048497 ) ) ;
#8647 = ORIENTED_EDGE ( 'NONE', *, *, #4913, .T. ) ;
#8648 = ORIENTED_EDGE ( 'NONE', *, *, #7830, .F. ) ;
#8649 = DIRECTION ( 'NONE',  ( 0.8657681284209156614, -0.4434297682956438447, -0.2319818708429957355 ) ) ;
#8650 = CARTESIAN_POINT ( 'NONE',  ( 30.44486301286592322, 53.50000000000000711, -6.822779208491893677 ) ) ;
#8651 = EDGE_LOOP ( 'NONE', ( #1197, #8816, #3918, #1337, #5404, #5408 ) ) ;
#8652 = EDGE_CURVE ( 'NONE', #1045, #1300, #2035, .T. ) ;
#8653 = CARTESIAN_POINT ( 'NONE',  ( 32.31394446327431780, 61.00000000000000711, 18.65646453444964337 ) ) ;
#8654 = EDGE_CURVE ( 'NONE', #9162, #424, #7950, .T. ) ;
#8655 = DIRECTION ( 'NONE',  ( -0.000000000000000000, 1.000000000000000000, -0.000000000000000000 ) ) ;
#8656 = ORIENTED_EDGE ( 'NONE', *, *, #1200, .F. ) ;
#8657 = CARTESIAN_POINT ( 'NONE',  ( 0.000000000000000000, 61.00000000000000711, 0.000000000000000000 ) ) ;
#8658 = EDGE_LOOP ( 'NONE', ( #31, #4137, #3351, #83 ) ) ;
#8659 = CARTESIAN_POINT ( 'NONE',  ( -43.28812969620312856, 31.20788311109079771, 12.49999999999999112 ) ) ;
#8660 = DIRECTION ( 'NONE',  ( -0.000000000000000000, 1.000000000000000000, -0.000000000000000000 ) ) ;
#8661 = CARTESIAN_POINT ( 'NONE',  ( 1.245476089487488558, 53.50000000000000711, 0.3337243123704414227 ) ) ;
#8662 = ORIENTED_EDGE ( 'NONE', *, *, #1015, .T. ) ;
#8663 = CARTESIAN_POINT ( 'NONE',  ( -22.39516677087717511, 61.00000000000000711, 6.146855202364037041 ) ) ;
#8664 = ORIENTED_EDGE ( 'NONE', *, *, #2439, .T. ) ;
#8665 = CARTESIAN_POINT ( 'NONE',  ( -9.313731387466697598, 71.00000000000001421, -29.77741438812508079 ) ) ;
#8666 = CARTESIAN_POINT ( 'NONE',  ( 63.04429881564596627, 31.20788311109079771, 12.49999999999999112 ) ) ;
#8667 = EDGE_CURVE ( 'NONE', #7380, #1083, #5462, .T. ) ;
#8668 = EDGE_LOOP ( 'NONE', ( #8769, #6018 ) ) ;
#8669 = CARTESIAN_POINT ( 'NONE',  ( 30.45799312328290753, 52.65338915048491231, 32.28149667751679175 ) ) ;
#8670 = DIRECTION ( 'NONE',  ( 0.000000000000000000, -0.000000000000000000, 1.000000000000000000 ) ) ;
#8671 = CARTESIAN_POINT ( 'NONE',  ( 29.59196358463926302, 53.43369657167163211, -31.41546713887317921 ) ) ;
#8672 = DIRECTION ( 'NONE',  ( 0.000000000000000000, 0.000000000000000000, 1.000000000000000000 ) ) ;
#8673 = AXIS2_PLACEMENT_3D ( 'NONE', #6760, #6805, #7487 ) ;
#8674 = FACE_BOUND ( 'NONE', #8371, .T. ) ;
#8675 = ORIENTED_EDGE ( 'NONE', *, *, #6555, .F. ) ;
#8676 = CARTESIAN_POINT ( 'NONE',  ( -1.405698187210978389, 71.00000000000001421, 35.17860068602901435 ) ) ;
#8677 = VECTOR ( 'NONE', #5783, 1000.000000000000000 ) ;
#8678 = DIRECTION ( 'NONE',  ( 0.000000000000000000, -1.000000000000000000, 0.000000000000000000 ) ) ;
#8679 = ORIENTED_EDGE ( 'NONE', *, *, #3623, .T. ) ;
#8680 = LINE ( 'NONE', #6526, #2665 ) ;
#8681 = VERTEX_POINT ( 'NONE', #80 ) ;
#8682 = AXIS2_PLACEMENT_3D ( 'NONE', #6434, #8843, #7101 ) ;
#8683 = EDGE_CURVE ( 'NONE', #7625, #4379, #9669, .T. ) ;
#8684 = DIRECTION ( 'NONE',  ( 0.000000000000000000, 0.000000000000000000, 1.000000000000000000 ) ) ;
#8685 = CARTESIAN_POINT ( 'NONE',  ( 0.4427328229371305657, 61.00000000000000711, 1.652301389379717600 ) ) ;
#8686 = VECTOR ( 'NONE', #1864, 1000.000000000000000 ) ;
#8687 = COLOUR_RGB ( '',0.7921568627450980005, 0.8196078431372548767, 0.9333333333333333481 ) ;
#8688 = ORIENTED_EDGE ( 'NONE', *, *, #7280, .F. ) ;
#8689 = DIRECTION ( 'NONE',  ( -0.000000000000000000, 1.000000000000000000, -0.000000000000000000 ) ) ;
#8690 = CARTESIAN_POINT ( 'NONE',  ( 54.64373248598598565, 14.40807138934529696, -6.250000000000000000 ) ) ;
#8691 = VERTEX_POINT ( 'NONE', #3979 ) ;
#8692 = DIRECTION ( 'NONE',  ( -1.000000000000000000, 0.000000000000000000, -0.000000000000000000 ) ) ;
#8693 = ORIENTED_EDGE ( 'NONE', *, *, #9802, .T. ) ;
#8694 = DIRECTION ( 'NONE',  ( 0.000000000000000000, 1.000000000000000000, 0.000000000000000000 ) ) ;
#8695 = DIRECTION ( 'NONE',  ( 0.7085432981232794303, 0.5749972691930383961, 0.4090776639039758189 ) ) ;
#8696 = VECTOR ( 'NONE', #1268, 1000.000000000000000 ) ;
#8697 = EDGE_CURVE ( 'NONE', #6210, #4822, #645, .T. ) ;
#8698 = VERTEX_POINT ( 'NONE', #10077 ) ;
#8699 = VECTOR ( 'NONE', #7776, 999.9999999999998863 ) ;
#8700 = EDGE_CURVE ( 'NONE', #1795, #3216, #3102, .T. ) ;
#8701 = CARTESIAN_POINT ( 'NONE',  ( -41.28881263529922307, 22.37838468253258384, -13.00000000000000178 ) ) ;
#8702 = PLANE ( 'NONE',  #2959 ) ;
#8703 = EDGE_LOOP ( 'NONE', ( #10007, #3844, #2952, #6824 ) ) ;
#8704 = VECTOR ( 'NONE', #1025, 1000.000000000000000 ) ;
#8705 = EDGE_CURVE ( 'NONE', #5607, #8193, #8367, .T. ) ;
#8706 = DIRECTION ( 'NONE',  ( 0.000000000000000000, 0.000000000000000000, -1.000000000000000000 ) ) ;
#8707 = ORIENTED_EDGE ( 'NONE', *, *, #3485, .F. ) ;
#8708 = ORIENTED_EDGE ( 'NONE', *, *, #4306, .T. ) ;
#8709 = ADVANCED_FACE ( 'NONE', ( #34, #7740 ), #3207, .F. ) ;
#8710 = CARTESIAN_POINT ( 'NONE',  ( -32.99228640346441921, 71.00000000000001421, 30.57314927057933573 ) ) ;
#8711 = AXIS2_PLACEMENT_3D ( 'NONE', #3714, #7474, #439 ) ;
#8712 = DIRECTION ( 'NONE',  ( -0.7071067811865512365, 0.000000000000000000, -0.7071067811865439090 ) ) ;
#8713 = LINE ( 'NONE', #8661, #2311 ) ;
#8714 = EDGE_LOOP ( 'NONE', ( #5208, #588, #7259, #6127, #7236 ) ) ;
#8715 = LINE ( 'NONE', #4700, #9904 ) ;
#8716 = VECTOR ( 'NONE', #8649, 1000.000000000000114 ) ;
#8717 = VERTEX_POINT ( 'NONE', #1421 ) ;
#8718 = LINE ( 'NONE', #6974, #2295 ) ;
#8719 = CARTESIAN_POINT ( 'NONE',  ( 8.756996203826419745, 70.50000000000000000, 46.17699662695888208 ) ) ;
#8720 = ADVANCED_FACE ( 'NONE', ( #6337 ), #2286, .T. ) ;
#8721 = CARTESIAN_POINT ( 'NONE',  ( 0.000000000000000000, 31.20788311109079416, 0.000000000000000000 ) ) ;
#8722 = ORIENTED_EDGE ( 'NONE', *, *, #2124, .T. ) ;
#8723 = CARTESIAN_POINT ( 'NONE',  ( 30.89498821139687124, 51.33021126696392855, 32.71849176563076611 ) ) ;
#8724 = VECTOR ( 'NONE', #7290, 1000.000000000000114 ) ;
#8725 = CARTESIAN_POINT ( 'NONE',  ( 6.250000000000228262, -1.000000000000000000, 66.52214940782296537 ) ) ;
#8726 = DIRECTION ( 'NONE',  ( 0.8660254037844362651, 0.000000000000000000, -0.5000000000000039968 ) ) ;
#8727 = CARTESIAN_POINT ( 'NONE',  ( 44.49968682327366309, 70.83262911084999303, -15.12672685068942435 ) ) ;
#8728 = LINE ( 'NONE', #2319, #896 ) ;
#8729 = VERTEX_POINT ( 'NONE', #706 ) ;
#8730 = CARTESIAN_POINT ( 'NONE',  ( 24.24999999999999645, 4.000000000000000000, -19.51666049839546346 ) ) ;
#8731 = DIRECTION ( 'NONE',  ( 0.2646834405156195391, 0.000000000000000000, -0.9643353546960800049 ) ) ;
#8732 = ORIENTED_EDGE ( 'NONE', *, *, #7364, .F. ) ;
#8733 = PLANE ( 'NONE',  #7581 ) ;
#8734 = LINE ( 'NONE', #3906, #7379 ) ;
#8735 = VERTEX_POINT ( 'NONE', #3924 ) ;
#8736 = CARTESIAN_POINT ( 'NONE',  ( -34.25000000000000000, 30.50000000000000000, -5.000000000000000000 ) ) ;
#8737 = DIRECTION ( 'NONE',  ( 0.2529450939004372345, 0.000000000000000000, 0.9674806351920947067 ) ) ;
#8738 = CIRCLE ( 'NONE', #4312, 29.70000000000000284 ) ;
#8739 = ORIENTED_EDGE ( 'NONE', *, *, #933, .T. ) ;
#8740 = DIRECTION ( 'NONE',  ( -0.000000000000000000, 1.000000000000000000, -0.000000000000000000 ) ) ;
#8741 = DIRECTION ( 'NONE',  ( 0.000000000000000000, -1.000000000000000000, 0.000000000000000000 ) ) ;
#8742 = EDGE_CURVE ( 'NONE', #5675, #2635, #5512, .T. ) ;
#8743 = VERTEX_POINT ( 'NONE', #5357 ) ;
#8744 = DIRECTION ( 'NONE',  ( -0.7027971946764645095, 0.000000000000000000, -0.7113902607956419377 ) ) ;
#8745 = VERTEX_POINT ( 'NONE', #6286 ) ;
#8746 = LINE ( 'NONE', #1716, #10017 ) ;
#8747 = PLANE ( 'NONE',  #6882 ) ;
#8748 = ORIENTED_EDGE ( 'NONE', *, *, #7275, .T. ) ;
#8749 = LINE ( 'NONE', #3978, #276 ) ;
#8750 = DIRECTION ( 'NONE',  ( 0.8660254037844370423, 0.000000000000000000, 0.5000000000000027756 ) ) ;
#8751 = ORIENTED_EDGE ( 'NONE', *, *, #7971, .F. ) ;
#8752 = EDGE_CURVE ( 'NONE', #43, #6517, #3876, .T. ) ;
#8753 = LINE ( 'NONE', #341, #3917 ) ;
#8754 = ORIENTED_EDGE ( 'NONE', *, *, #9176, .T. ) ;
#8755 = ORIENTED_EDGE ( 'NONE', *, *, #140, .F. ) ;
#8756 = CARTESIAN_POINT ( 'NONE',  ( 27.60687466421261504, 71.00000000000001421, -10.95219025010320912 ) ) ;
#8757 = CARTESIAN_POINT ( 'NONE',  ( -9.345701715961412859, 71.00000000000001421, 46.06145741763147328 ) ) ;
#8758 = CARTESIAN_POINT ( 'NONE',  ( 43.78253914824664150, 51.00000000000000711, -10.39659875787505783 ) ) ;
#8759 = ORIENTED_EDGE ( 'NONE', *, *, #8832, .T. ) ;
#8760 = ADVANCED_FACE ( 'NONE', ( #9413 ), #1528, .T. ) ;
#8761 = CIRCLE ( 'NONE', #8926, 48.99999999999998579 ) ;
#8762 = ORIENTED_EDGE ( 'NONE', *, *, #3159, .F. ) ;
#8763 = CARTESIAN_POINT ( 'NONE',  ( -1.752852150418671151, 71.00000000000001421, 34.82720208869076828 ) ) ;
#8764 = ORIENTED_EDGE ( 'NONE', *, *, #8191, .F. ) ;
#8765 = CARTESIAN_POINT ( 'NONE',  ( 0.000000000000000000, 26.00000000000001066, 0.000000000000000000 ) ) ;
#8766 = LINE ( 'NONE', #4911, #2383 ) ;
#8767 = DIRECTION ( 'NONE',  ( -0.7027971946764645095, 0.000000000000000000, -0.7113902607956419377 ) ) ;
#8768 = VECTOR ( 'NONE', #253, 1000.000000000000000 ) ;
#8769 = ORIENTED_EDGE ( 'NONE', *, *, #6925, .F. ) ;
#8770 = CARTESIAN_POINT ( 'NONE',  ( 29.69608026329593287, 53.37243548074317090, 31.51958381752983129 ) ) ;
#8771 = EDGE_CURVE ( 'NONE', #6981, #50, #2137, .T. ) ;
#8772 = EDGE_CURVE ( 'NONE', #3313, #7786, #855, .T. ) ;
#8774 = FACE_OUTER_BOUND ( 'NONE', #2486, .T. ) ;
#8773 = VECTOR ( 'NONE', #3325, 1000.000000000000000 ) ;
#8775 = CARTESIAN_POINT ( 'NONE',  ( 30.53346142348918235, 52.52341675436969126, -32.35696497772310920 ) ) ;
#8776 = EDGE_CURVE ( 'NONE', #2106, #9442, #1640, .T. ) ;
#8777 = CARTESIAN_POINT ( 'NONE',  ( -30.66054661586771957, 52.25467878633467222, -32.48405017010158247 ) ) ;
#8778 = ADVANCED_FACE ( 'NONE', ( #4736 ), #3276, .T. ) ;
#8779 = VECTOR ( 'NONE', #4562, 1000.000000000000000 ) ;
#8780 = CARTESIAN_POINT ( 'NONE',  ( 0.000000000000000000, 56.00000000000000711, -24.12500000000000000 ) ) ;
#8781 = ORIENTED_EDGE ( 'NONE', *, *, #8407, .T. ) ;
#8782 = CARTESIAN_POINT ( 'NONE',  ( -12.49999999999980105, 31.20788311109079771, 53.56071321407141284 ) ) ;
#8783 = DIRECTION ( 'NONE',  ( -0.000000000000000000, 1.000000000000000000, -0.000000000000000000 ) ) ;
#8784 = ORIENTED_EDGE ( 'NONE', *, *, #7140, .F. ) ;
#8785 = FACE_OUTER_BOUND ( 'NONE', #2344, .T. ) ;
#8786 = CARTESIAN_POINT ( 'NONE',  ( 18.65508692645726896, 61.00000000000000711, 18.42974732841616259 ) ) ;
#8787 = EDGE_LOOP ( 'NONE', ( #8007, #3288, #6227 ) ) ;
#8788 = VECTOR ( 'NONE', #4689, 1000.000000000000114 ) ;
#8789 = LINE ( 'NONE', #7870, #817 ) ;
#8790 = CARTESIAN_POINT ( 'NONE',  ( 41.99704927304802027, 70.50000000000000000, 13.02400672895146094 ) ) ;
#8791 = AXIS2_PLACEMENT_3D ( 'NONE', #264, #1039, #9595 ) ;
#8792 = ORIENTED_EDGE ( 'NONE', *, *, #1655, .F. ) ;
#8793 = DIRECTION ( 'NONE',  ( 0.000000000000000000, 1.000000000000000000, 0.000000000000000000 ) ) ;
#8794 = CARTESIAN_POINT ( 'NONE',  ( 24.49999999999930012, 26.00000000000001066, 42.43524478543788092 ) ) ;
#8795 = ORIENTED_EDGE ( 'NONE', *, *, #8093, .T. ) ;
#8796 = DIRECTION ( 'NONE',  ( -0.000000000000000000, 1.000000000000000000, -0.000000000000000000 ) ) ;
#8797 = ORIENTED_EDGE ( 'NONE', *, *, #3171, .F. ) ;
#8798 = FACE_OUTER_BOUND ( 'NONE', #8818, .T. ) ;
#8799 = EDGE_CURVE ( 'NONE', #8257, #2106, #3009, .T. ) ;
#8800 = DIRECTION ( 'NONE',  ( -0.8660254037844432595, 0.000000000000000000, -0.4999999999999919509 ) ) ;
#8801 = AXIS2_PLACEMENT_3D ( 'NONE', #5766, #5138, #4365 ) ;
#8802 = CARTESIAN_POINT ( 'NONE',  ( -42.03500468625852449, 22.00700909663304827, -13.00000000000000000 ) ) ;
#8803 = CARTESIAN_POINT ( 'NONE',  ( 0.000000000000000000, 0.000000000000000000, 0.000000000000000000 ) ) ;
#8804 = VECTOR ( 'NONE', #323, 1000.000000000000000 ) ;
#8805 = ORIENTED_EDGE ( 'NONE', *, *, #8941, .F. ) ;
#8806 = LINE ( 'NONE', #4842, #4727 ) ;
#8807 = VERTEX_POINT ( 'NONE', #3830 ) ;
#8808 = ORIENTED_EDGE ( 'NONE', *, *, #5258, .T. ) ;
#8809 = FACE_OUTER_BOUND ( 'NONE', #2556, .T. ) ;
#8810 = DIRECTION ( 'NONE',  ( -1.000000000000000000, -0.000000000000000000, -0.000000000000000000 ) ) ;
#8811 = DIRECTION ( 'NONE',  ( 0.000000000000000000, -1.000000000000000000, 0.000000000000000000 ) ) ;
#8812 = ORIENTED_EDGE ( 'NONE', *, *, #9991, .F. ) ;
#8813 = ORIENTED_EDGE ( 'NONE', *, *, #4315, .F. ) ;
#8814 = EDGE_CURVE ( 'NONE', #5200, #4109, #1113, .T. ) ;
#8815 = DIRECTION ( 'NONE',  ( 0.8660254037844432595, 0.000000000000000000, -0.4999999999999919509 ) ) ;
#8816 = ORIENTED_EDGE ( 'NONE', *, *, #9755, .T. ) ;
#8817 = CARTESIAN_POINT ( 'NONE',  ( 54.93119342895400337, 8.385471542947009027, -2.776201245935428386 ) ) ;
#8818 = EDGE_LOOP ( 'NONE', ( #5545, #59, #9343, #8437 ) ) ;
#8819 = PLANE ( 'NONE',  #1082 ) ;
#8820 = CARTESIAN_POINT ( 'NONE',  ( 16.52091614407034115, 61.00000000000000711, 16.32135574438677139 ) ) ;
#8821 = ORIENTED_EDGE ( 'NONE', *, *, #144, .T. ) ;
#8822 = DIRECTION ( 'NONE',  ( 0.000000000000000000, 1.000000000000000000, 0.000000000000000000 ) ) ;
#8823 = ADVANCED_FACE ( 'NONE', ( #8096 ), #132, .F. ) ;
#8824 = ORIENTED_EDGE ( 'NONE', *, *, #4194, .F. ) ;
#8825 = LINE ( 'NONE', #8068, #9501 ) ;
#8826 = DIRECTION ( 'NONE',  ( -0.000000000000000000, -1.000000000000000000, -0.000000000000000000 ) ) ;
#8827 = EDGE_CURVE ( 'NONE', #8059, #9244, #4110, .T. ) ;
#8828 = CARTESIAN_POINT ( 'NONE',  ( -29.12645237521087438, 53.50000000000000711, -30.94995592944474438 ) ) ;
#8829 = DIRECTION ( 'NONE',  ( -0.7312754151546433379, 0.6533314309053712687, 0.1959446569354320045 ) ) ;
#8830 = ORIENTED_EDGE ( 'NONE', *, *, #6578, .T. ) ;
#8831 = DIRECTION ( 'NONE',  ( 0.000000000000000000, 1.000000000000000000, 0.000000000000000000 ) ) ;
#8832 = EDGE_CURVE ( 'NONE', #1473, #7994, #7392, .T. ) ;
#8833 = FACE_OUTER_BOUND ( 'NONE', #6194, .T. ) ;
#8834 = ORIENTED_EDGE ( 'NONE', *, *, #2237, .F. ) ;
#8835 = DIRECTION ( 'NONE',  ( -0.7312754151546547732, -0.6533314309053609437, -0.1959446569354240664 ) ) ;
#8836 = ADVANCED_FACE ( 'NONE', ( #3359 ), #5776, .T. ) ;
#8837 = FACE_OUTER_BOUND ( 'NONE', #9311, .T. ) ;
#8838 = ORIENTED_EDGE ( 'NONE', *, *, #8212, .F. ) ;
#8839 = CARTESIAN_POINT ( 'NONE',  ( 29.23330679730007731, 71.00000000000001421, -16.87785754872456678 ) ) ;
#8840 = LINE ( 'NONE', #9654, #1329 ) ;
#8841 = VECTOR ( 'NONE', #5317, 1000.000000000000000 ) ;
#8842 = CARTESIAN_POINT ( 'NONE',  ( -17.50000000000075673, 0.000000000000000000, -73.04429881564577443 ) ) ;
#8843 = DIRECTION ( 'NONE',  ( 0.000000000000000000, 1.000000000000000000, 0.000000000000000000 ) ) ;
#8844 = VERTEX_POINT ( 'NONE', #4889 ) ;
#8845 = LINE ( 'NONE', #9612, #911 ) ;
#8846 = AXIS2_PLACEMENT_3D ( 'NONE', #5857, #7460, #2019 ) ;
#8847 = VERTEX_POINT ( 'NONE', #3461 ) ;
#8848 = PLANE ( 'NONE',  #6091 ) ;
#8849 = DIRECTION ( 'NONE',  ( -0.9674806351920930414, 0.000000000000000000, 0.2529450939004438959 ) ) ;
#8850 = AXIS2_PLACEMENT_3D ( 'NONE', #7362, #9052, #1212 ) ;
#8851 = AXIS2_PLACEMENT_3D ( 'NONE', #4667, #4821, #113 ) ;
#8852 = DIRECTION ( 'NONE',  ( 0.000000000000000000, 1.000000000000000000, 0.000000000000000000 ) ) ;
#8853 = DIRECTION ( 'NONE',  ( 0.000000000000000000, 0.000000000000000000, 1.000000000000000000 ) ) ;
#8854 = VECTOR ( 'NONE', #10141, 1000.000000000000000 ) ;
#8855 = VECTOR ( 'NONE', #8119, 1000.000000000000000 ) ;
#8856 = VERTEX_POINT ( 'NONE', #5663 ) ;
#8857 = DIRECTION ( 'NONE',  ( 2.075066004434990547E-15, 0.5749972691930417268, -0.8181553278079565228 ) ) ;
#8858 = VERTEX_POINT ( 'NONE', #4178 ) ;
#8859 = ORIENTED_EDGE ( 'NONE', *, *, #8451, .F. ) ;
#8860 = CIRCLE ( 'NONE', #3769, 44.99999999999998579 ) ;
#8861 = DIRECTION ( 'NONE',  ( -0.8660254037844336006, 0.000000000000000000, -0.5000000000000086597 ) ) ;
#8862 = CARTESIAN_POINT ( 'NONE',  ( -17.49999999999978328, 44.31128874149284513, 58.04429881564603022 ) ) ;
#8863 = AXIS2_PLACEMENT_3D ( 'NONE', #3758, #840, #3967 ) ;
#8864 = AXIS2_PLACEMENT_3D ( 'NONE', #8820, #4043, #3223 ) ;
#8865 = LINE ( 'NONE', #7997, #2620 ) ;
#8866 = CARTESIAN_POINT ( 'NONE',  ( -4.318562348436985054, 71.00000000000001421, -29.38434990335268182 ) ) ;
#8867 = EDGE_LOOP ( 'NONE', ( #9560, #5029, #4127, #5742 ) ) ;
#8868 = EDGE_LOOP ( 'NONE', ( #6905, #636, #6558, #10044, #9975 ) ) ;
#8869 = AXIS2_PLACEMENT_3D ( 'NONE', #4622, #731, #7615 ) ;
#8870 = VECTOR ( 'NONE', #4189, 1000.000000000000000 ) ;
#8871 = ORIENTED_EDGE ( 'NONE', *, *, #2058, .T. ) ;
#8872 = CARTESIAN_POINT ( 'NONE',  ( 54.97645371712880547, 7.960423693126734257, -1.621149630401391262 ) ) ;
#8873 = ORIENTED_EDGE ( 'NONE', *, *, #7658, .T. ) ;
#8874 = VECTOR ( 'NONE', #9942, 1000.000000000000000 ) ;
#8875 = CARTESIAN_POINT ( 'NONE',  ( -34.25000000000000000, 23.30000000000000071, -5.000000000000000000 ) ) ;
#8876 = FACE_OUTER_BOUND ( 'NONE', #2630, .T. ) ;
#8877 = ADVANCED_FACE ( 'NONE', ( #2545 ), #1720, .T. ) ;
#8878 = VERTEX_POINT ( 'NONE', #8039 ) ;
#8879 = CARTESIAN_POINT ( 'NONE',  ( 12.49999999999922373, 4.000000000000003553, -73.04429881564608706 ) ) ;
#8880 = ADVANCED_FACE ( 'NONE', ( #289 ), #3409, .F. ) ;
#8881 = VECTOR ( 'NONE', #1869, 1000.000000000000000 ) ;
#8882 = ORIENTED_EDGE ( 'NONE', *, *, #238, .T. ) ;
#8883 = AXIS2_PLACEMENT_3D ( 'NONE', #9290, #1404, #2268 ) ;
#8884 = CARTESIAN_POINT ( 'NONE',  ( 22.39516677087713248, 61.00000000000000711, -6.146855202364192472 ) ) ;
#8885 = DIRECTION ( 'NONE',  ( 0.000000000000000000, 1.000000000000000000, 0.000000000000000000 ) ) ;
#8886 = CARTESIAN_POINT ( 'NONE',  ( 0.000000000000000000, 4.000000000000000000, 0.000000000000000000 ) ) ;
#8887 = ORIENTED_EDGE ( 'NONE', *, *, #299, .T. ) ;
#8888 = DIRECTION ( 'NONE',  ( -1.047444401652940007E-14, 0.000000000000000000, -1.000000000000000000 ) ) ;
#8889 = CIRCLE ( 'NONE', #6750, 26.70000000000000639 ) ;
#8890 = ORIENTED_EDGE ( 'NONE', *, *, #3225, .F. ) ;
#8891 = DIRECTION ( 'NONE',  ( 0.2646834405156328063, -0.000000000000000000, 0.9643353546960763412 ) ) ;
#8892 = LINE ( 'NONE', #606, #8686 ) ;
#8893 = ORIENTED_EDGE ( 'NONE', *, *, #4199, .T. ) ;
#8894 = EDGE_CURVE ( 'NONE', #6448, #1083, #7317, .T. ) ;
#8895 = PLANE ( 'NONE',  #448 ) ;
#8896 = DIRECTION ( 'NONE',  ( 0.000000000000000000, 1.000000000000000000, 0.000000000000000000 ) ) ;
#8897 = CARTESIAN_POINT ( 'NONE',  ( 32.31394446327431780, 70.49999999999992895, 18.65646453444964337 ) ) ;
#8898 = LINE ( 'NONE', #1822, #6666 ) ;
#8899 = CARTESIAN_POINT ( 'NONE',  ( 54.64845469802972389, 14.82259273894832319, -6.209096527716192249 ) ) ;
#8900 = ORIENTED_EDGE ( 'NONE', *, *, #6827, .T. ) ;
#8901 = CARTESIAN_POINT ( 'NONE',  ( -34.25000000000000000, 23.30000000000000071, 5.000000000000000000 ) ) ;
#8902 = ORIENTED_EDGE ( 'NONE', *, *, #4239, .F. ) ;
#8903 = CYLINDRICAL_SURFACE ( 'NONE', #522, 48.99999999999998579 ) ;
#8904 = DIRECTION ( 'NONE',  ( 9.831427643668527552E-15, -0.3449775664491150917, 0.9386109303896085221 ) ) ;
#8905 = CIRCLE ( 'NONE', #4463, 55.00000000000000000 ) ;
#8906 = DIRECTION ( 'NONE',  ( 0.7027971946764645095, 0.000000000000000000, 0.7113902607956419377 ) ) ;
#8907 = DIRECTION ( 'NONE',  ( 0.000000000000000000, 0.000000000000000000, -1.000000000000000000 ) ) ;
#8908 = ADVANCED_FACE ( 'NONE', ( #4228 ), #8702, .F. ) ;
#8909 = ADVANCED_FACE ( 'NONE', ( #4839 ), #9722, .T. ) ;
#8910 = EDGE_CURVE ( 'NONE', #5450, #801, #1171, .T. ) ;
#8911 = EDGE_LOOP ( 'NONE', ( #8424, #1465, #7554, #232, #2919 ) ) ;
#8912 = PLANE ( 'NONE',  #6215 ) ;
#8913 = EDGE_LOOP ( 'NONE', ( #895, #66, #3420, #9354 ) ) ;
#8914 = VERTEX_POINT ( 'NONE', #5613 ) ;
#8915 = DIRECTION ( 'NONE',  ( -0.000000000000000000, 1.000000000000000000, 0.000000000000000000 ) ) ;
#8916 = CARTESIAN_POINT ( 'NONE',  ( -29.41128822328147763, 61.00000000000000711, 19.41535585328235669 ) ) ;
#8917 = PLANE ( 'NONE',  #4573 ) ;
#8918 = ORIENTED_EDGE ( 'NONE', *, *, #733, .F. ) ;
#8919 = ORIENTED_EDGE ( 'NONE', *, *, #2426, .F. ) ;
#8920 = VERTEX_POINT ( 'NONE', #1833 ) ;
#8921 = LINE ( 'NONE', #6607, #5067 ) ;
#8922 = ORIENTED_EDGE ( 'NONE', *, *, #2789, .F. ) ;
#8923 = FACE_OUTER_BOUND ( 'NONE', #3457, .T. ) ;
#8924 = DIRECTION ( 'NONE',  ( 0.000000000000000000, 1.000000000000000000, -0.000000000000000000 ) ) ;
#8925 = ORIENTED_EDGE ( 'NONE', *, *, #2413, .T. ) ;
#8926 = AXIS2_PLACEMENT_3D ( 'NONE', #2837, #3955, #6309 ) ;
#8927 = LINE ( 'NONE', #7439, #203 ) ;
#8928 = ORIENTED_EDGE ( 'NONE', *, *, #5946, .T. ) ;
#8929 = CARTESIAN_POINT ( 'NONE',  ( 29.87659562178821560, 70.50000000000000000, -9.776340961198313195 ) ) ;
#8930 = EDGE_CURVE ( 'NONE', #7515, #8153, #8306, .T. ) ;
#8931 = CARTESIAN_POINT ( 'NONE',  ( 23.62310141324671520, 70.66961688690309984, -18.00314189548249999 ) ) ;
#8932 = ORIENTED_EDGE ( 'NONE', *, *, #9035, .T. ) ;
#8933 = DIRECTION ( 'NONE',  ( -0.9674806351920982594, 0.000000000000000000, -0.2529450939004238563 ) ) ;
#8934 = EDGE_LOOP ( 'NONE', ( #5553, #72, #745, #2126, #5590, #8422, #3059 ) ) ;
#8935 = DIRECTION ( 'NONE',  ( 0.000000000000000000, 0.000000000000000000, -1.000000000000000000 ) ) ;
#8936 = VERTEX_POINT ( 'NONE', #2651 ) ;
#8937 = VECTOR ( 'NONE', #2868, 1000.000000000000227 ) ;
#8938 = CIRCLE ( 'NONE', #1238, 1.300000000000001599 ) ;
#8939 = CARTESIAN_POINT ( 'NONE',  ( 22.99516433957237282, 71.00000000000001421, -20.57602720668755580 ) ) ;
#8940 = DIRECTION ( 'NONE',  ( 0.000000000000000000, -1.000000000000000000, 0.000000000000000000 ) ) ;
#8941 = EDGE_CURVE ( 'NONE', #9150, #3641, #1881, .T. ) ;
#8942 = DIRECTION ( 'NONE',  ( 0.000000000000000000, 1.000000000000000000, 0.000000000000000000 ) ) ;
#8943 = FACE_BOUND ( 'NONE', #4782, .T. ) ;
#8944 = VERTEX_POINT ( 'NONE', #4788 ) ;
#8945 = EDGE_CURVE ( 'NONE', #4579, #7584, #189, .T. ) ;
#8946 = DIRECTION ( 'NONE',  ( -0.000000000000000000, -1.000000000000000000, -0.000000000000000000 ) ) ;
#8947 = VERTEX_POINT ( 'NONE', #430 ) ;
#8948 = LINE ( 'NONE', #5815, #5593 ) ;
#8949 = FACE_OUTER_BOUND ( 'NONE', #10013, .T. ) ;
#8950 = EDGE_CURVE ( 'NONE', #7983, #6480, #9867, .T. ) ;
#8951 = VECTOR ( 'NONE', #2017, 1000.000000000000000 ) ;
#8952 = EDGE_CURVE ( 'NONE', #3273, #6576, #5145, .T. ) ;
#8953 = CARTESIAN_POINT ( 'NONE',  ( 43.28812969620312856, 31.20788311109079771, 12.49999999999999112 ) ) ;
#8954 = DIRECTION ( 'NONE',  ( 0.7027971946764645095, 0.000000000000000000, 0.7113902607956419377 ) ) ;
#8955 = ADVANCED_FACE ( 'NONE', ( #9769, #5196, #6020 ), #3508, .F. ) ;
#8956 = ORIENTED_EDGE ( 'NONE', *, *, #9437, .F. ) ;
#8957 = CYLINDRICAL_SURFACE ( 'NONE', #6709, 1.449999999999999067 ) ;
#8958 = EDGE_LOOP ( 'NONE', ( #3254, #7672, #6166, #8547 ) ) ;
#8959 = VECTOR ( 'NONE', #6765, 1000.000000000000000 ) ;
#8960 = ORIENTED_EDGE ( 'NONE', *, *, #9247, .T. ) ;
#8961 = DIRECTION ( 'NONE',  ( 0.000000000000000000, 0.000000000000000000, 1.000000000000000000 ) ) ;
#8962 = DIRECTION ( 'NONE',  ( 0.000000000000000000, 1.000000000000000000, 0.000000000000000000 ) ) ;
#8963 = EDGE_CURVE ( 'NONE', #93, #1714, #5864, .T. ) ;
#8964 = CIRCLE ( 'NONE', #602, 31.20000000000000995 ) ;
#8965 = DIRECTION ( 'NONE',  ( -0.8660254037844432595, 0.000000000000000000, -0.4999999999999920064 ) ) ;
#8966 = FACE_OUTER_BOUND ( 'NONE', #8551, .T. ) ;
#8967 = ORIENTED_EDGE ( 'NONE', *, *, #7134, .T. ) ;
#8968 = EDGE_CURVE ( 'NONE', #8324, #8743, #9149, .T. ) ;
#8969 = CARTESIAN_POINT ( 'NONE',  ( 0.000000000000000000, 66.00000000000000000, 0.000000000000000000 ) ) ;
#8970 = CIRCLE ( 'NONE', #2246, 47.00000000000002842 ) ;
#8971 = VECTOR ( 'NONE', #2366, 1000.000000000000000 ) ;
#8972 = ORIENTED_EDGE ( 'NONE', *, *, #7971, .T. ) ;
#8973 = DIRECTION ( 'NONE',  ( 0.4999999999999949485, 0.000000000000000000, 0.8660254037844415942 ) ) ;
#8974 = VERTEX_POINT ( 'NONE', #5820 ) ;
#8975 = DIRECTION ( 'NONE',  ( 0.000000000000000000, 1.000000000000000000, 0.000000000000000000 ) ) ;
#8976 = CARTESIAN_POINT ( 'NONE',  ( 43.78253914824666282, 51.00000000000000711, 10.39659875787505072 ) ) ;
#8977 = VERTEX_POINT ( 'NONE', #1361 ) ;
#8978 = LINE ( 'NONE', #1950, #4615 ) ;
#8979 = ORIENTED_EDGE ( 'NONE', *, *, #5377, .F. ) ;
#8980 = CARTESIAN_POINT ( 'NONE',  ( 31.83177678592620552, 71.00000000000001421, 18.78880625470748100 ) ) ;
#8981 = LINE ( 'NONE', #1953, #2024 ) ;
#8982 = VERTEX_POINT ( 'NONE', #8290 ) ;
#8983 = VERTEX_POINT ( 'NONE', #2121 ) ;
#8984 = LINE ( 'NONE', #1293, #1352 ) ;
#8985 = EDGE_LOOP ( 'NONE', ( #343, #4359, #5121, #8174 ) ) ;
#8986 = CARTESIAN_POINT ( 'NONE',  ( -44.56324311698466545, 71.00000000000001421, 14.93711360660153531 ) ) ;
#8987 = DIRECTION ( 'NONE',  ( -0.9659258262890674240, 0.000000000000000000, 0.2588190451025239591 ) ) ;
#8988 = DIRECTION ( 'NONE',  ( -0.9643353546960745648, 0.000000000000000000, 0.2646834405156395786 ) ) ;
#8989 = DIRECTION ( 'NONE',  ( 0.000000000000000000, -1.000000000000000000, 0.000000000000000000 ) ) ;
#8990 = PLANE ( 'NONE',  #3373 ) ;
#8991 = EDGE_LOOP ( 'NONE', ( #10019, #9685, #4980, #7852 ) ) ;
#8992 = DIRECTION ( 'NONE',  ( -1.000000000000000000, 0.000000000000000000, 3.491481338843133355E-15 ) ) ;
#8993 = CARTESIAN_POINT ( 'NONE',  ( 41.99704927304772895, 61.00000000000000711, -13.02400672895233846 ) ) ;
#8994 = EDGE_CURVE ( 'NONE', #6169, #9185, #8241, .T. ) ;
#8995 = DIRECTION ( 'NONE',  ( 0.7071067811865493491, -0.000000000000000000, -0.7071067811865455743 ) ) ;
#8996 = CARTESIAN_POINT ( 'NONE',  ( 12.49999999999953637, 31.20788311109079771, -43.28812969620325646 ) ) ;
#8997 = VECTOR ( 'NONE', #5066, 1000.000000000000000 ) ;
#8998 = EDGE_LOOP ( 'NONE', ( #6900, #5326, #8242, #8583 ) ) ;
#8999 = AXIS2_PLACEMENT_3D ( 'NONE', #4521, #2329, #1408 ) ;
#9000 = CARTESIAN_POINT ( 'NONE',  ( 16.87661127446815001, 71.00000000000001421, 16.67275434172498905 ) ) ;
#9001 = VERTEX_POINT ( 'NONE', #5245 ) ;
#9002 = VERTEX_POINT ( 'NONE', #6636 ) ;
#9003 = CARTESIAN_POINT ( 'NONE',  ( 22.87733444822519502, 71.00000000000001421, -6.279196922622017674 ) ) ;
#9004 = DIRECTION ( 'NONE',  ( -0.9674806351920963721, 0.000000000000000000, -0.2529450939004306842 ) ) ;
#9005 = VECTOR ( 'NONE', #1071, 1000.000000000000000 ) ;
#9006 = CARTESIAN_POINT ( 'NONE',  ( 12.75439996977398494, 52.52766249937604215, -42.61816434930201325 ) ) ;
#9007 = CYLINDRICAL_SURFACE ( 'NONE', #1178, 1.449999999999999067 ) ;
#9008 = EDGE_CURVE ( 'NONE', #4845, #6169, #1262, .T. ) ;
#9009 = ORIENTED_EDGE ( 'NONE', *, *, #4066, .T. ) ;
#9010 = VECTOR ( 'NONE', #8442, 1000.000000000000000 ) ;
#9011 = LINE ( 'NONE', #9159, #2442 ) ;
#9012 = CARTESIAN_POINT ( 'NONE',  ( 44.56965117418951650, 14.82278845619984864, -6.209084154506324893 ) ) ;
#9013 = DIRECTION ( 'NONE',  ( 0.000000000000000000, 0.000000000000000000, 1.000000000000000000 ) ) ;
#9014 = EDGE_CURVE ( 'NONE', #8983, #9180, #9053, .T. ) ;
#9015 = VECTOR ( 'NONE', #2184, 1000.000000000000000 ) ;
#9016 = ORIENTED_EDGE ( 'NONE', *, *, #8253, .F. ) ;
#9017 =( BOUNDED_CURVE ( )  B_SPLINE_CURVE ( 3, ( #3154, #8496, #9460, #3050 ),
 .UNSPECIFIED., .F., .F. ) 
 B_SPLINE_CURVE_WITH_KNOTS ( ( 4, 4 ),
 ( 4.120481339219126404, 4.133246026674189721 ),
 .UNSPECIFIED. ) 
 CURVE ( )  GEOMETRIC_REPRESENTATION_ITEM ( )  RATIONAL_B_SPLINE_CURVE ( ( 1.000000000000000000, 0.9999864219422722744, 0.9999864219422722744, 1.000000000000000000 ) ) 
 REPRESENTATION_ITEM ( '' )  );
#9018 = EDGE_CURVE ( 'NONE', #4172, #3778, #9100, .T. ) ;
#9019 = AXIS2_PLACEMENT_3D ( 'NONE', #800, #6961, #7887 ) ;
#9020 = CARTESIAN_POINT ( 'NONE',  ( -44.56324311698466545, 71.00000000000001421, 14.93711360660153531 ) ) ;
#9021 = ORIENTED_EDGE ( 'NONE', *, *, #7196, .F. ) ;
#9022 = AXIS2_PLACEMENT_3D ( 'NONE', #3489, #4310, #5951 ) ;
#9023 = DIRECTION ( 'NONE',  ( 0.5030288774786685346, 0.7071067811865426878, 0.4969526621546138667 ) ) ;
#9024 = CARTESIAN_POINT ( 'NONE',  ( 54.71325517032335028, 11.23680869918129233, -5.609730354989610923 ) ) ;
#9025 = VERTEX_POINT ( 'NONE', #4424 ) ;
#9026 = LINE ( 'NONE', #9075, #7249 ) ;
#9027 = AXIS2_PLACEMENT_3D ( 'NONE', #7771, #4469, #9956 ) ;
#9028 = VERTEX_POINT ( 'NONE', #1974 ) ;
#9029 = AXIS2_PLACEMENT_3D ( 'NONE', #4474, #6841, #1159 ) ;
#9030 = DIRECTION ( 'NONE',  ( 1.000000000000000000, 0.000000000000000000, 0.000000000000000000 ) ) ;
#9031 = ADVANCED_FACE ( 'NONE', ( #2844 ), #8186, .F. ) ;
#9032 = ADVANCED_FACE ( 'NONE', ( #4330 ), #2026, .F. ) ;
#9033 = CIRCLE ( 'NONE', #4595, 1.449999999999999067 ) ;
#9034 = EDGE_CURVE ( 'NONE', #785, #7400, #387, .T. ) ;
#9035 = EDGE_CURVE ( 'NONE', #7197, #2731, #7418, .T. ) ;
#9036 = CARTESIAN_POINT ( 'NONE',  ( 0.000000000000000000, 4.000000000000000000, 0.000000000000000000 ) ) ;
#9037 = ORIENTED_EDGE ( 'NONE', *, *, #9765, .T. ) ;
#9038 = CIRCLE ( 'NONE', #1658, 17.12500000000000000 ) ;
#9039 = VERTEX_POINT ( 'NONE', #9813 ) ;
#9040 = CARTESIAN_POINT ( 'NONE',  ( 25.24983850318567136, 4.000000000000000000, -37.24843158527672671 ) ) ;
#9041 = EDGE_LOOP ( 'NONE', ( #7027, #5310, #4032 ) ) ;
#9042 = DIRECTION ( 'NONE',  ( 0.000000000000000000, 1.000000000000000000, -0.000000000000000000 ) ) ;
#9043 = CARTESIAN_POINT ( 'NONE',  ( -1.245476089487488558, 71.00000000000001421, 0.3337243123704414227 ) ) ;
#9044 = AXIS2_PLACEMENT_3D ( 'NONE', #5795, #9888, #360 ) ;
#9045 = DIRECTION ( 'NONE',  ( 0.000000000000000000, 0.000000000000000000, 1.000000000000000000 ) ) ;
#9046 = FACE_BOUND ( 'NONE', #4238, .T. ) ;
#9047 = DIRECTION ( 'NONE',  ( 0.000000000000000000, 1.000000000000000000, 0.000000000000000000 ) ) ;
#9048 = ORIENTED_EDGE ( 'NONE', *, *, #2536, .T. ) ;
#9049 = DIRECTION ( 'NONE',  ( -3.613448206729806209E-15, -0.9386109303896084111, -0.3449775664491150362 ) ) ;
#9050 = DIRECTION ( 'NONE',  ( 0.000000000000000000, 1.000000000000000000, 0.000000000000000000 ) ) ;
#9051 = AXIS2_PLACEMENT_3D ( 'NONE', #3431, #9793, #8314 ) ;
#9052 = DIRECTION ( 'NONE',  ( 0.000000000000000000, 1.000000000000000000, 0.000000000000000000 ) ) ;
#9053 = LINE ( 'NONE', #9912, #9995 ) ;
#9054 = EDGE_CURVE ( 'NONE', #1910, #9553, #2792, .T. ) ;
#9055 = ORIENTED_EDGE ( 'NONE', *, *, #6251, .F. ) ;
#9056 = LINE ( 'NONE', #9818, #5399 ) ;
#9057 = ORIENTED_EDGE ( 'NONE', *, *, #8325, .T. ) ;
#9058 = ORIENTED_EDGE ( 'NONE', *, *, #5463, .F. ) ;
#9059 = DIRECTION ( 'NONE',  ( -0.9674806351920982594, 0.000000000000000000, -0.2529450939004238563 ) ) ;
#9060 = LINE ( 'NONE', #7580, #8205 ) ;
#9061 = DIRECTION ( 'NONE',  ( 0.7027971946764646205, 0.000000000000000000, -0.7113902607956419377 ) ) ;
#9062 = CYLINDRICAL_SURFACE ( 'NONE', #676, 48.99999999999998579 ) ;
#9063 = EDGE_LOOP ( 'NONE', ( #6317, #4841, #4182, #7517 ) ) ;
#9064 = CARTESIAN_POINT ( 'NONE',  ( -34.25000000000000000, 23.30000000000000071, -5.000000000000000000 ) ) ;
#9065 = DIRECTION ( 'NONE',  ( 0.000000000000000000, 1.000000000000000000, 0.000000000000000000 ) ) ;
#9066 = VECTOR ( 'NONE', #2613, 1000.000000000000000 ) ;
#9067 = VERTEX_POINT ( 'NONE', #7514 ) ;
#9068 = DIRECTION ( 'NONE',  ( 0.8660254037844398178, 0.000000000000000000, 0.4999999999999980016 ) ) ;
#9069 = ORIENTED_EDGE ( 'NONE', *, *, #3446, .F. ) ;
#9070 = LINE ( 'NONE', #7638, #2717 ) ;
#9071 = CARTESIAN_POINT ( 'NONE',  ( 43.18673105403829737, 52.65204660686488580, 10.23695246018799132 ) ) ;
#9072 = EDGE_CURVE ( 'NONE', #8691, #3722, #3602, .T. ) ;
#9073 = VERTEX_POINT ( 'NONE', #739 ) ;
#9074 = DIRECTION ( 'NONE',  ( 0.7071067811865531239, -0.000000000000000000, 0.7071067811865417996 ) ) ;
#9075 = CARTESIAN_POINT ( 'NONE',  ( 3.004629197474334629E-15, 121.0000000000001563, -1.734723475976779090E-15 ) ) ;
#9076 = EDGE_CURVE ( 'NONE', #3191, #7179, #5497, .T. ) ;
#9077 = ORIENTED_EDGE ( 'NONE', *, *, #672, .F. ) ;
#9078 = PLANE ( 'NONE',  #598 ) ;
#9079 = PLANE ( 'NONE',  #4584 ) ;
#9080 = DIRECTION ( 'NONE',  ( 0.000000000000000000, 0.000000000000000000, 1.000000000000000000 ) ) ;
#9081 = ORIENTED_EDGE ( 'NONE', *, *, #8158, .T. ) ;
#9082 = FACE_OUTER_BOUND ( 'NONE', #8472, .T. ) ;
#9083 = ORIENTED_EDGE ( 'NONE', *, *, #2262, .T. ) ;
#9084 = CARTESIAN_POINT ( 'NONE',  ( 66.52214940782297958, 0.000000000000000000, -6.249999999999996447 ) ) ;
#9085 = ORIENTED_EDGE ( 'NONE', *, *, #9139, .F. ) ;
#9086 = EDGE_CURVE ( 'NONE', #6785, #4929, #9845, .T. ) ;
#9087 = EDGE_CURVE ( 'NONE', #8257, #991, #3779, .T. ) ;
#9088 = EDGE_CURVE ( 'NONE', #271, #7188, #2939, .T. ) ;
#9089 = AXIS2_PLACEMENT_3D ( 'NONE', #5744, #4156, #7292 ) ;
#9090 = CARTESIAN_POINT ( 'NONE',  ( -21.36739281758913478, 79.38334886522929423, 12.33646999511590892 ) ) ;
#9091 = DIRECTION ( 'NONE',  ( 0.9674806351920982594, -0.000000000000000000, 0.2529450939004239118 ) ) ;
#9092 = LINE ( 'NONE', #9235, #3023 ) ;
#9093 = CARTESIAN_POINT ( 'NONE',  ( 6.321780100164639649, 71.00000000000001421, 30.20241008561150764 ) ) ;
#9094 = CARTESIAN_POINT ( 'NONE',  ( 6.250000000000228262, 0.000000000000000000, 66.52214940782296537 ) ) ;
#9095 = ORIENTED_EDGE ( 'NONE', *, *, #5221, .T. ) ;
#9096 = DIRECTION ( 'NONE',  ( 0.6818880686435286886, -0.7071067811865517916, 0.1871594556563795642 ) ) ;
#9097 = FACE_OUTER_BOUND ( 'NONE', #8998, .T. ) ;
#9098 = VECTOR ( 'NONE', #1080, 1000.000000000000114 ) ;
#9099 = CARTESIAN_POINT ( 'NONE',  ( 8.673617379884082804E-15, 121.0000000000001563, -1.502314598737156783E-14 ) ) ;
#9100 = LINE ( 'NONE', #8996, #3603 ) ;
#9101 = VECTOR ( 'NONE', #9795, 1000.000000000000114 ) ;
#9102 = CIRCLE ( 'NONE', #2880, 31.20000000000000995 ) ;
#9103 = ORIENTED_EDGE ( 'NONE', *, *, #2493, .F. ) ;
#9104 = CYLINDRICAL_SURFACE ( 'NONE', #2581, 55.00000000000000000 ) ;
#9105 = EDGE_CURVE ( 'NONE', #2720, #7945, #670, .T. ) ;
#9106 = DIRECTION ( 'NONE',  ( 0.000000000000000000, -1.000000000000000000, 0.000000000000000000 ) ) ;
#9107 = ORIENTED_EDGE ( 'NONE', *, *, #118, .F. ) ;
#9108 = ORIENTED_EDGE ( 'NONE', *, *, #3323, .T. ) ;
#9109 = FACE_OUTER_BOUND ( 'NONE', #3000, .T. ) ;
#9110 = DIRECTION ( 'NONE',  ( -0.000000000000000000, 1.000000000000000000, -0.000000000000000000 ) ) ;
#9111 = CARTESIAN_POINT ( 'NONE',  ( 12.82187382398883280, 52.10923818192159018, -42.86998020141431454 ) ) ;
#9112 = ORIENTED_EDGE ( 'NONE', *, *, #9832, .F. ) ;
#9113 = PLANE ( 'NONE',  #3742 ) ;
#9114 = CARTESIAN_POINT ( 'NONE',  ( 44.97252693249745192, 20.04954104495450196, -1.622571769735324798 ) ) ;
#9115 = CIRCLE ( 'NONE', #8144, 1.449999999999993072 ) ;
#9116 = CIRCLE ( 'NONE', #2233, 29.70000000000000639 ) ;
#9117 = VERTEX_POINT ( 'NONE', #2330 ) ;
#9118 = CARTESIAN_POINT ( 'NONE',  ( -6.633085908508034478, 61.00000000000000711, 25.37065285232707623 ) ) ;
#9119 = VERTEX_POINT ( 'NONE', #3043 ) ;
#9120 = VECTOR ( 'NONE', #8131, 1000.000000000000000 ) ;
#9121 = DIRECTION ( 'NONE',  ( 0.7027971946764646205, 0.000000000000000000, -0.7113902607956419377 ) ) ;
#9122 = LINE ( 'NONE', #5212, #9811 ) ;
#9123 = DIRECTION ( 'NONE',  ( 0.000000000000000000, -1.000000000000000000, 0.000000000000000000 ) ) ;
#9124 = CARTESIAN_POINT ( 'NONE',  ( -2.108547280816509328, 61.00000000000000711, 35.17860068602901435 ) ) ;
#9125 = EDGE_CURVE ( 'NONE', #8245, #10023, #3817, .T. ) ;
#9126 = ORIENTED_EDGE ( 'NONE', *, *, #5767, .F. ) ;
#9127 = CARTESIAN_POINT ( 'NONE',  ( -30.88353189804273313, 51.32744935920170093, 32.70703545227666353 ) ) ;
#9128 = CARTESIAN_POINT ( 'NONE',  ( -12.82187382398882924, 52.10923818192159018, 42.86998020141431454 ) ) ;
#9129 = FACE_OUTER_BOUND ( 'NONE', #1003, .T. ) ;
#9130 = ORIENTED_EDGE ( 'NONE', *, *, #8514, .T. ) ;
#9131 = CARTESIAN_POINT ( 'NONE',  ( -32.18747191632385096, 71.00000000000001421, 18.17272421685405348 ) ) ;
#9132 = EDGE_LOOP ( 'NONE', ( #7128, #4977, #4943, #9367 ) ) ;
#9133 = DIRECTION ( 'NONE',  ( -0.000000000000000000, 1.000000000000000000, -0.000000000000000000 ) ) ;
#9134 = ADVANCED_FACE ( 'NONE', ( #2176 ), #6071, .F. ) ;
#9135 = ORIENTED_EDGE ( 'NONE', *, *, #1289, .F. ) ;
#9136 = EDGE_CURVE ( 'NONE', #7537, #9278, #1648, .T. ) ;
#9137 = DIRECTION ( 'NONE',  ( 0.2646834405156262560, 0.000000000000000000, -0.9643353546960782285 ) ) ;
#9138 = LINE ( 'NONE', #2109, #1418 ) ;
#9139 = EDGE_CURVE ( 'NONE', #9273, #3910, #6174, .T. ) ;
#9140 = CARTESIAN_POINT ( 'NONE',  ( 2.954460402942989788E-15, 56.00000000000000711, 24.12500000000000000 ) ) ;
#9141 = EDGE_CURVE ( 'NONE', #1345, #7945, #3863, .T. ) ;
#9142 = FACE_BOUND ( 'NONE', #7370, .T. ) ;
#9143 = PLANE ( 'NONE',  #9596 ) ;
#9144 = ORIENTED_EDGE ( 'NONE', *, *, #4125, .T. ) ;
#9145 = DIRECTION ( 'NONE',  ( -0.7027971946764645095, 0.000000000000000000, -0.7113902607956419377 ) ) ;
#9146 = CARTESIAN_POINT ( 'NONE',  ( 1.752852150418671151, 71.00000000000001421, -34.82720208869076828 ) ) ;
#9147 = ORIENTED_EDGE ( 'NONE', *, *, #6614, .T. ) ;
#9148 = CYLINDRICAL_SURFACE ( 'NONE', #4569, 29.70000000000000284 ) ;
#9149 = LINE ( 'NONE', #1305, #7229 ) ;
#9150 = VERTEX_POINT ( 'NONE', #9246 ) ;
#9151 = PLANE ( 'NONE',  #6004 ) ;
#9152 = DIRECTION ( 'NONE',  ( 0.000000000000000000, 0.000000000000000000, 1.000000000000000000 ) ) ;
#9153 = VERTEX_POINT ( 'NONE', #1460 ) ;
#9154 = ORIENTED_EDGE ( 'NONE', *, *, #5747, .F. ) ;
#9155 = LINE ( 'NONE', #4381, #2652 ) ;
#9156 = PLANE ( 'NONE',  #4582 ) ;
#9157 = FACE_BOUND ( 'NONE', #921, .T. ) ;
#9158 = VERTEX_POINT ( 'NONE', #2275 ) ;
#9159 = CARTESIAN_POINT ( 'NONE',  ( 17.50000000000026645, 4.000000000000003553, 78.04429881564591653 ) ) ;
#9160 = CARTESIAN_POINT ( 'NONE',  ( 44.68598407279209539, 17.30576803122882623, -5.308087954744011405 ) ) ;
#9161 = VECTOR ( 'NONE', #4791, 1000.000000000000000 ) ;
#9162 = VERTEX_POINT ( 'NONE', #6948 ) ;
#9163 = CARTESIAN_POINT ( 'NONE',  ( -6.249999999999763745, -1.000000000000000000, 67.97214940782301085 ) ) ;
#9164 = CIRCLE ( 'NONE', #8525, 17.12500000000000000 ) ;
#9165 = EDGE_LOOP ( 'NONE', ( #3739, #9348, #4545 ) ) ;
#9166 = DIRECTION ( 'NONE',  ( 0.9643353546960782285, 0.000000000000000000, 0.2646834405156262560 ) ) ;
#9167 = CARTESIAN_POINT ( 'NONE',  ( 41.68562752540098870, 53.50000000000000000, 9.834732981934115159 ) ) ;
#9168 = AXIS2_PLACEMENT_3D ( 'NONE', #2443, #8706, #1676 ) ;
#9169 = CARTESIAN_POINT ( 'NONE',  ( -43.28812969620312856, 31.20788311109079771, -17.49999999999999289 ) ) ;
#9170 = LINE ( 'NONE', #7596, #6740 ) ;
#9171 = VERTEX_POINT ( 'NONE', #6997 ) ;
#9172 = VECTOR ( 'NONE', #4058, 1000.000000000000000 ) ;
#9173 = CARTESIAN_POINT ( 'NONE',  ( -30.01371032330906630, 53.16885668983580615, 31.83721387754300025 ) ) ;
#9174 = VECTOR ( 'NONE', #7910, 1000.000000000000000 ) ;
#9175 = VECTOR ( 'NONE', #5999, 1000.000000000000000 ) ;
#9176 = EDGE_CURVE ( 'NONE', #10090, #8165, #8048, .T. ) ;
#9177 = PLANE ( 'NONE',  #6247 ) ;
#9178 = CARTESIAN_POINT ( 'NONE',  ( -43.28812969620312856, 31.20788311109079771, -12.49999999999999112 ) ) ;
#9179 = ADVANCED_FACE ( 'NONE', ( #2995 ), #7671, .T. ) ;
#9180 = VERTEX_POINT ( 'NONE', #3912 ) ;
#9181 = DIRECTION ( 'NONE',  ( 0.000000000000000000, 0.000000000000000000, 1.000000000000000000 ) ) ;
#9182 = EDGE_LOOP ( 'NONE', ( #3756, #3464, #65 ) ) ;
#9183 = CARTESIAN_POINT ( 'NONE',  ( 44.99439296456282733, 7.790003207180391520, 0.8152114569488473350 ) ) ;
#9184 = VECTOR ( 'NONE', #7363, 1000.000000000000000 ) ;
#9185 = VERTEX_POINT ( 'NONE', #5452 ) ;
#9186 = CARTESIAN_POINT ( 'NONE',  ( -44.36895025132797343, 61.00000000000000711, -15.50471714012176605 ) ) ;
#9187 = FACE_OUTER_BOUND ( 'NONE', #1229, .T. ) ;
#9188 = AXIS2_PLACEMENT_3D ( 'NONE', #784, #3145, #5494 ) ;
#9189 = CARTESIAN_POINT ( 'NONE',  ( -32.31394446327406911, 61.00000000000000711, 18.65646453445010167 ) ) ;
#9190 = CARTESIAN_POINT ( 'NONE',  ( 6.249999999999299227, 4.000000000000000000, -66.52214940782305064 ) ) ;
#9191 = DIRECTION ( 'NONE',  ( 0.000000000000000000, 0.000000000000000000, 1.000000000000000000 ) ) ;
#9192 = VECTOR ( 'NONE', #28, 1000.000000000000000 ) ;
#9193 = ORIENTED_EDGE ( 'NONE', *, *, #9619, .F. ) ;
#9194 = CARTESIAN_POINT ( 'NONE',  ( -66.52214940782297958, -1.000000000000000000, 7.699999999999994849 ) ) ;
#9195 = DIRECTION ( 'NONE',  ( 0.000000000000000000, 1.000000000000000000, 0.000000000000000000 ) ) ;
#9196 = EDGE_CURVE ( 'NONE', #50, #6981, #346, .T. ) ;
#9197 = EDGE_LOOP ( 'NONE', ( #130, #7617, #7008, #3311 ) ) ;
#9198 = LINE ( 'NONE', #6218, #3590 ) ;
#9199 = CARTESIAN_POINT ( 'NONE',  ( 18.65508692645726185, 61.00000000000000711, -18.42974732841615193 ) ) ;
#9200 = AXIS2_PLACEMENT_3D ( 'NONE', #4072, #5712, #4225 ) ;
#9201 = VERTEX_POINT ( 'NONE', #788 ) ;
#9202 = CARTESIAN_POINT ( 'NONE',  ( 0.000000000000000000, 61.00000000000000711, 0.000000000000000000 ) ) ;
#9203 = DIRECTION ( 'NONE',  ( 0.000000000000000000, 0.000000000000000000, 1.000000000000000000 ) ) ;
#9204 = ORIENTED_EDGE ( 'NONE', *, *, #9330, .T. ) ;
#9205 = VERTEX_POINT ( 'NONE', #2224 ) ;
#9206 = CYLINDRICAL_SURFACE ( 'NONE', #2315, 1.449999999999993072 ) ;
#9207 = DIRECTION ( 'NONE',  ( 0.000000000000000000, 1.000000000000000000, 0.000000000000000000 ) ) ;
#9208 = VECTOR ( 'NONE', #1093, 1000.000000000000000 ) ;
#9209 = CARTESIAN_POINT ( 'NONE',  ( 23.62310141324707757, 70.66961688690305721, 18.00314189548202393 ) ) ;
#9210 = ORIENTED_EDGE ( 'NONE', *, *, #5631, .F. ) ;
#9211 = EDGE_CURVE ( 'NONE', #5181, #7272, #7046, .T. ) ;
#9212 = EDGE_CURVE ( 'NONE', #7272, #7573, #9402, .T. ) ;
#9213 = DIRECTION ( 'NONE',  ( 0.8148478822548507194, -0.5796748474660471384, -6.066050675761151286E-15 ) ) ;
#9214 = ADVANCED_FACE ( 'NONE', ( #7725 ), #690, .T. ) ;
#9215 = CARTESIAN_POINT ( 'NONE',  ( 44.56385867493970210, 14.00000000000000000, 6.250000000000000000 ) ) ;
#9216 = ADVANCED_FACE ( 'NONE', ( #6530 ), #9555, .F. ) ;
#9217 = ORIENTED_EDGE ( 'NONE', *, *, #7110, .F. ) ;
#9218 = CARTESIAN_POINT ( 'NONE',  ( 0.000000000000000000, 51.00000000000000711, 0.000000000000000000 ) ) ;
#9219 = EDGE_LOOP ( 'NONE', ( #9923, #3326, #3075, #5834 ) ) ;
#9220 = FACE_OUTER_BOUND ( 'NONE', #4276, .T. ) ;
#9221 = CYLINDRICAL_SURFACE ( 'NONE', #3542, 47.00000000000001421 ) ;
#9222 = PLANE ( 'NONE',  #2940 ) ;
#9223 = DIRECTION ( 'NONE',  ( 0.000000000000000000, -1.000000000000000000, 0.000000000000000000 ) ) ;
#9224 = VERTEX_POINT ( 'NONE', #4119 ) ;
#9225 = VECTOR ( 'NONE', #4503, 1000.000000000000000 ) ;
#9226 = LINE ( 'NONE', #8418, #7630 ) ;
#9227 = CARTESIAN_POINT ( 'NONE',  ( -12.28295383882361413, 53.50000000000000711, 40.85870343556343443 ) ) ;
#9228 = EDGE_LOOP ( 'NONE', ( #1882, #9748, #308, #2619 ) ) ;
#9229 = ORIENTED_EDGE ( 'NONE', *, *, #251, .T. ) ;
#9230 = CARTESIAN_POINT ( 'NONE',  ( 43.28812969620312856, 31.20788311109079771, -12.49999999999999112 ) ) ;
#9231 = VERTEX_POINT ( 'NONE', #8023 ) ;
#9232 = EDGE_CURVE ( 'NONE', #5100, #7948, #5907, .T. ) ;
#9233 = DIRECTION ( 'NONE',  ( -0.000000000000000000, 1.000000000000000000, -0.000000000000000000 ) ) ;
#9234 = CARTESIAN_POINT ( 'NONE',  ( 35.21754140102353148, 71.00000000000001421, 31.12434381102988823 ) ) ;
#9235 = CARTESIAN_POINT ( 'NONE',  ( -32.31394446327406911, 61.00000000000000711, 18.65646453445010167 ) ) ;
#9236 = CARTESIAN_POINT ( 'NONE',  ( 11.25000000000000000, 4.000000000000000000, 13.00000000000000000 ) ) ;
#9237 = CARTESIAN_POINT ( 'NONE',  ( 0.000000000000000000, 51.00000000000000711, 0.000000000000000000 ) ) ;
#9238 = ORIENTED_EDGE ( 'NONE', *, *, #4199, .F. ) ;
#9239 = FACE_OUTER_BOUND ( 'NONE', #8485, .T. ) ;
#9240 = DIRECTION ( 'NONE',  ( 0.5030288774786674244, 0.7071067811865443531, -0.4969526621546125900 ) ) ;
#9241 = VERTEX_POINT ( 'NONE', #3295 ) ;
#9242 = LINE ( 'NONE', #9293, #4759 ) ;
#9243 = AXIS2_PLACEMENT_3D ( 'NONE', #1089, #3436, #1041 ) ;
#9244 = VERTEX_POINT ( 'NONE', #2531 ) ;
#9245 = EDGE_CURVE ( 'NONE', #6349, #472, #5416, .T. ) ;
#9246 = CARTESIAN_POINT ( 'NONE',  ( -2.108547280816509328, 61.00000000000000711, 35.17860068602901435 ) ) ;
#9247 = EDGE_CURVE ( 'NONE', #2718, #6169, #8840, .T. ) ;
#9248 = ORIENTED_EDGE ( 'NONE', *, *, #10110, .F. ) ;
#9249 = CARTESIAN_POINT ( 'NONE',  ( -6.250000000000692779, -1.000000000000000000, -66.52214940782292274 ) ) ;
#9250 = CARTESIAN_POINT ( 'NONE',  ( 54.93072221093787988, 19.60855903091211161, 2.765567039635806523 ) ) ;
#9251 = VERTEX_POINT ( 'NONE', #8790 ) ;
#9252 = EDGE_LOOP ( 'NONE', ( #1688, #8882, #7819, #1219 ) ) ;
#9253 = DIRECTION ( 'NONE',  ( -0.8660254037844328234, 0.000000000000000000, 0.5000000000000101030 ) ) ;
#9254 = ADVANCED_FACE ( 'NONE', ( #1817 ), #2638, .T. ) ;
#9255 = CARTESIAN_POINT ( 'NONE',  ( -1.245476089487488558, 53.50000000000000711, -0.3337243123704413117 ) ) ;
#9256 = EDGE_CURVE ( 'NONE', #158, #899, #994, .T. ) ;
#9257 = ORIENTED_EDGE ( 'NONE', *, *, #1198, .F. ) ;
#9258 = VECTOR ( 'NONE', #3116, 1000.000000000000000 ) ;
#9259 = EDGE_CURVE ( 'NONE', #1167, #1005, #9450, .T. ) ;
#9260 = CARTESIAN_POINT ( 'NONE',  ( -12.50000000000065015, 31.20788311109079771, -63.04429881564583837 ) ) ;
#9261 = DIRECTION ( 'NONE',  ( 0.9659258262890675351, 0.000000000000000000, 0.2588190451025232930 ) ) ;
#9262 = VECTOR ( 'NONE', #5361, 1000.000000000000000 ) ;
#9263 = ORIENTED_EDGE ( 'NONE', *, *, #5380, .T. ) ;
#9264 = EDGE_CURVE ( 'NONE', #7423, #10109, #9678, .T. ) ;
#9265 = CARTESIAN_POINT ( 'NONE',  ( -35.61195404750159099, 61.00000000000000711, -30.67227948683692418 ) ) ;
#9266 = ORIENTED_EDGE ( 'NONE', *, *, #6902, .T. ) ;
#9267 = DIRECTION ( 'NONE',  ( 0.000000000000000000, -1.000000000000000000, 0.000000000000000000 ) ) ;
#9268 = ADVANCED_FACE ( 'NONE', ( #9498 ), #5600, .T. ) ;
#9269 = LINE ( 'NONE', #1533, #7491 ) ;
#9270 = LINE ( 'NONE', #5518, #1475 ) ;
#9271 = DIRECTION ( 'NONE',  ( 0.2646834405156394676, -0.000000000000000000, 0.9643353546960745648 ) ) ;
#9272 = AXIS2_PLACEMENT_3D ( 'NONE', #6285, #5411, #6959 ) ;
#9273 = VERTEX_POINT ( 'NONE', #1050 ) ;
#9274 = AXIS2_PLACEMENT_3D ( 'NONE', #7856, #2466, #1750 ) ;
#9275 = LINE ( 'NONE', #6923, #8124 ) ;
#9276 = CARTESIAN_POINT ( 'NONE',  ( -17.50000000000059686, 4.000000000000017764, -58.04429881564578864 ) ) ;
#9277 = FACE_OUTER_BOUND ( 'NONE', #5796, .T. ) ;
#9278 = VERTEX_POINT ( 'NONE', #68 ) ;
#9279 = FILL_AREA_STYLE ('',( #2206 ) ) ;
#9280 = ORIENTED_EDGE ( 'NONE', *, *, #2826, .F. ) ;
#9281 = CARTESIAN_POINT ( 'NONE',  ( 44.59287207873803283, 12.37982195423577991, -6.039814104143279572 ) ) ;
#9282 = ORIENTED_EDGE ( 'NONE', *, *, #9884, .T. ) ;
#9283 = VECTOR ( 'NONE', #8793, 1000.000000000000000 ) ;
#9284 = LINE ( 'NONE', #6982, #8478 ) ;
#9285 = CARTESIAN_POINT ( 'NONE',  ( 18.65508692645726896, 61.00000000000000711, 18.42974732841616259 ) ) ;
#9286 = LINE ( 'NONE', #571, #6472 ) ;
#9287 = CARTESIAN_POINT ( 'NONE',  ( 0.000000000000000000, 61.00000000000000711, 0.000000000000000000 ) ) ;
#9288 = CARTESIAN_POINT ( 'NONE',  ( -29.41128822328147763, 61.00000000000000711, 19.41535585328235669 ) ) ;
#9289 = VERTEX_POINT ( 'NONE', #8129 ) ;
#9290 = CARTESIAN_POINT ( 'NONE',  ( 0.000000000000000000, 31.20788311109079416, 0.000000000000000000 ) ) ;
#9291 = DIRECTION ( 'NONE',  ( 0.000000000000000000, 0.000000000000000000, 1.000000000000000000 ) ) ;
#9292 = ORIENTED_EDGE ( 'NONE', *, *, #9259, .F. ) ;
#9293 = CARTESIAN_POINT ( 'NONE',  ( -63.04429881564596627, 31.20788311109079771, 17.49999999999999289 ) ) ;
#9294 = ORIENTED_EDGE ( 'NONE', *, *, #750, .F. ) ;
#9295 = CARTESIAN_POINT ( 'NONE',  ( 0.000000000000000000, 53.50000000000000711, 0.000000000000000000 ) ) ;
#9296 = DIRECTION ( 'NONE',  ( 0.000000000000000000, 0.000000000000000000, -1.000000000000000000 ) ) ;
#9297 = ORIENTED_EDGE ( 'NONE', *, *, #6678, .F. ) ;
#9298 = CARTESIAN_POINT ( 'NONE',  ( -17.50000000000081002, 44.31128874149307961, -78.04429881564578864 ) ) ;
#9299 = CARTESIAN_POINT ( 'NONE',  ( -66.52214940782297958, -1.000000000000000000, -6.249999999999996447 ) ) ;
#9300 = ADVANCED_FACE ( 'NONE', ( #7923 ), #4169, .F. ) ;
#9301 = EDGE_LOOP ( 'NONE', ( #2469, #2848, #1453, #792 ) ) ;
#9302 = VERTEX_POINT ( 'NONE', #3400 ) ;
#9303 = CARTESIAN_POINT ( 'NONE',  ( 66.52214940782297958, 4.000000000000000000, 6.249999999999996447 ) ) ;
#9304 = EDGE_CURVE ( 'NONE', #7939, #8856, #2891, .T. ) ;
#9305 = DIRECTION ( 'NONE',  ( -0.9659258262890690894, 0.000000000000000000, -0.2588190451025179084 ) ) ;
#9306 = ORIENTED_EDGE ( 'NONE', *, *, #7583, .T. ) ;
#9307 = DIRECTION ( 'NONE',  ( 0.000000000000000000, 1.000000000000000000, 0.000000000000000000 ) ) ;
#9308 = DIRECTION ( 'NONE',  ( 0.3535533905932633503, -0.7071067811865484609, 0.6123724356957995774 ) ) ;
#9309 = ORIENTED_EDGE ( 'NONE', *, *, #4374, .F. ) ;
#9310 = LINE ( 'NONE', #3209, #2280 ) ;
#9311 = EDGE_LOOP ( 'NONE', ( #3748, #2529, #1700, #4877 ) ) ;
#9312 = EDGE_CURVE ( 'NONE', #5464, #9162, #275, .T. ) ;
#9313 = DIRECTION ( 'NONE',  ( 0.000000000000000000, 0.000000000000000000, 1.000000000000000000 ) ) ;
#9314 = DIRECTION ( 'NONE',  ( 0.7027971946764645095, 0.000000000000000000, 0.7113902607956419377 ) ) ;
#9315 = CARTESIAN_POINT ( 'NONE',  ( 0.000000000000000000, 51.00000000000000711, 0.000000000000000000 ) ) ;
#9316 = AXIS2_PLACEMENT_3D ( 'NONE', #6564, #3630, #3574 ) ;
#9317 = ORIENTED_EDGE ( 'NONE', *, *, #863, .T. ) ;
#9318 = ADVANCED_FACE ( 'NONE', ( #1097 ), #7097, .F. ) ;
#9319 = EDGE_CURVE ( 'NONE', #5205, #2119, #6319, .T. ) ;
#9320 = CARTESIAN_POINT ( 'NONE',  ( 11.25000000000000000, 30.50000000000000000, -13.00000000000000000 ) ) ;
#9321 = DIRECTION ( 'NONE',  ( -0.000000000000000000, 1.000000000000000000, -0.000000000000000000 ) ) ;
#9322 = AXIS2_PLACEMENT_3D ( 'NONE', #5969, #4429, #3556 ) ;
#9323 = CARTESIAN_POINT ( 'NONE',  ( 0.000000000000000000, 71.00000000000001421, 0.000000000000000000 ) ) ;
#9324 = AXIS2_PLACEMENT_3D ( 'NONE', #477, #4372, #1158 ) ;
#9325 = CARTESIAN_POINT ( 'NONE',  ( 12.49999999999919176, 44.31128874149307961, -78.04429881564608706 ) ) ;
#9326 = ORIENTED_EDGE ( 'NONE', *, *, #6520, .F. ) ;
#9327 = CARTESIAN_POINT ( 'NONE',  ( 35.21754140102296304, 71.00000000000001421, -31.12434381103053127 ) ) ;
#9328 = EDGE_LOOP ( 'NONE', ( #9135, #6406, #2004, #2627 ) ) ;
#9329 = VECTOR ( 'NONE', #3786, 1000.000000000000000 ) ;
#9330 = EDGE_CURVE ( 'NONE', #7625, #1195, #8380, .T. ) ;
#9331 = EDGE_CURVE ( 'NONE', #6217, #10054, #9804, .T. ) ;
#9332 = AXIS2_PLACEMENT_3D ( 'NONE', #1541, #6820, #6978 ) ;
#9333 = LINE ( 'NONE', #4461, #2743 ) ;
#9334 = EDGE_CURVE ( 'NONE', #1723, #5688, #8277, .T. ) ;
#9335 = ADVANCED_FACE ( 'NONE', ( #7558 ), #6812, .F. ) ;
#9336 = DIRECTION ( 'NONE',  ( 0.000000000000000000, 1.000000000000000000, 0.000000000000000000 ) ) ;
#9337 = VECTOR ( 'NONE', #9360, 1000.000000000000000 ) ;
#9338 = FACE_BOUND ( 'NONE', #148, .T. ) ;
#9339 = VECTOR ( 'NONE', #7467, 1000.000000000000114 ) ;
#9340 = DIRECTION ( 'NONE',  ( -0.5030288774786559891, -0.7071067811865603403, 0.4969526621546012657 ) ) ;
#9341 = DIRECTION ( 'NONE',  ( 0.000000000000000000, -1.000000000000000000, 0.000000000000000000 ) ) ;
#9342 = VECTOR ( 'NONE', #8767, 1000.000000000000114 ) ;
#9343 = ORIENTED_EDGE ( 'NONE', *, *, #7134, .F. ) ;
#9344 = CARTESIAN_POINT ( 'NONE',  ( 73.04429881564595917, 4.000000000000003553, -12.49999999999999112 ) ) ;
#9345 = FACE_BOUND ( 'NONE', #7750, .T. ) ;
#9346 = ORIENTED_EDGE ( 'NONE', *, *, #3472, .F. ) ;
#9347 = DIRECTION ( 'NONE',  ( -0.000000000000000000, 1.000000000000000000, -0.000000000000000000 ) ) ;
#9348 = ORIENTED_EDGE ( 'NONE', *, *, #3482, .T. ) ;
#9349 = AXIS2_PLACEMENT_3D ( 'NONE', #3549, #6539, #8184 ) ;
#9350 = LINE ( 'NONE', #1360, #7043 ) ;
#9351 = DIRECTION ( 'NONE',  ( 0.000000000000000000, -1.000000000000000000, 0.000000000000000000 ) ) ;
#9352 = AXIS2_PLACEMENT_3D ( 'NONE', #8459, #1431, #2245 ) ;
#9353 = VECTOR ( 'NONE', #7651, 1000.000000000000114 ) ;
#9354 = ORIENTED_EDGE ( 'NONE', *, *, #3257, .T. ) ;
#9355 = LINE ( 'NONE', #5543, #3394 ) ;
#9356 = DIRECTION ( 'NONE',  ( -0.000000000000000000, 1.000000000000000000, -0.000000000000000000 ) ) ;
#9357 = ORIENTED_EDGE ( 'NONE', *, *, #9451, .T. ) ;
#9358 = ORIENTED_EDGE ( 'NONE', *, *, #614, .T. ) ;
#9359 = DIRECTION ( 'NONE',  ( 0.000000000000000000, 0.000000000000000000, 1.000000000000000000 ) ) ;
#9360 = DIRECTION ( 'NONE',  ( -1.047444401652940007E-14, 0.000000000000000000, -1.000000000000000000 ) ) ;
#9361 = AXIS2_PLACEMENT_3D ( 'NONE', #4454, #7600, #1438 ) ;
#9362 = ORIENTED_EDGE ( 'NONE', *, *, #2923, .T. ) ;
#9363 = VECTOR ( 'NONE', #8334, 1000.000000000000000 ) ;
#9364 = CARTESIAN_POINT ( 'NONE',  ( -22.39516677087717511, 70.49999999999998579, 6.146855202364037041 ) ) ;
#9365 = CARTESIAN_POINT ( 'NONE',  ( 44.56385867493970210, 14.00000000000000000, -6.250000000000000000 ) ) ;
#9366 = EDGE_CURVE ( 'NONE', #8453, #8717, #2779, .T. ) ;
#9367 = ORIENTED_EDGE ( 'NONE', *, *, #1625, .F. ) ;
#9368 = CARTESIAN_POINT ( 'NONE',  ( 0.000000000000000000, 51.00000000000000711, 0.000000000000000000 ) ) ;
#9369 = ORIENTED_EDGE ( 'NONE', *, *, #1505, .T. ) ;
#9370 = VECTOR ( 'NONE', #7079, 999.9999999999998863 ) ;
#9371 = DIRECTION ( 'NONE',  ( -0.000000000000000000, 1.000000000000000000, -0.000000000000000000 ) ) ;
#9372 = DIRECTION ( 'NONE',  ( -1.000000000000000000, 0.000000000000000000, 0.000000000000000000 ) ) ;
#9373 = DIRECTION ( 'NONE',  ( 0.000000000000000000, 1.000000000000000000, -0.000000000000000000 ) ) ;
#9374 = ORIENTED_EDGE ( 'NONE', *, *, #8652, .F. ) ;
#9375 = CARTESIAN_POINT ( 'NONE',  ( 12.50000000000017941, 31.20788311109079416, 53.56071321407133468 ) ) ;
#9376 = CARTESIAN_POINT ( 'NONE',  ( -41.99149606898941300, 53.42042054621737890, 9.916690211178742942 ) ) ;
#9377 = EDGE_CURVE ( 'NONE', #3324, #5500, #1250, .T. ) ;
#9378 = DIRECTION ( 'NONE',  ( 0.9659258262890690894, -0.000000000000000000, 0.2588190451025180194 ) ) ;
#9379 = CARTESIAN_POINT ( 'NONE',  ( 12.86692782787246436, 51.64684645029007726, 43.03812403299240685 ) ) ;
#9380 = VERTEX_POINT ( 'NONE', #6582 ) ;
#9381 = CARTESIAN_POINT ( 'NONE',  ( 44.89246652178872665, 8.573518043475576889, 3.127715666670495942 ) ) ;
#9382 = EDGE_CURVE ( 'NONE', #4316, #1117, #428, .T. ) ;
#9383 = VERTEX_POINT ( 'NONE', #8231 ) ;
#9384 = VECTOR ( 'NONE', #6771, 1000.000000000000114 ) ;
#9385 = EDGE_CURVE ( 'NONE', #9662, #3425, #6729, .T. ) ;
#9386 = CARTESIAN_POINT ( 'NONE',  ( 0.000000000000000000, 4.000000000000000000, 0.000000000000000000 ) ) ;
#9387 = DIRECTION ( 'NONE',  ( -1.000000000000000000, 0.000000000000000000, 0.000000000000000000 ) ) ;
#9388 = LINE ( 'NONE', #6829, #3386 ) ;
#9389 = LINE ( 'NONE', #2363, #8275 ) ;
#9390 = VERTEX_POINT ( 'NONE', #9754 ) ;
#9391 = DIRECTION ( 'NONE',  ( -0.000000000000000000, -1.000000000000000000, -0.000000000000000000 ) ) ;
#9392 = EDGE_CURVE ( 'NONE', #9642, #8844, #324, .T. ) ;
#9393 = CARTESIAN_POINT ( 'NONE',  ( 1.245476089487489224, 53.50000000000000711, -0.3337243123704417003 ) ) ;
#9394 = EDGE_LOOP ( 'NONE', ( #4345, #3144 ) ) ;
#9395 = CARTESIAN_POINT ( 'NONE',  ( 0.000000000000000000, 53.50000000000000711, 0.000000000000000000 ) ) ;
#9396 = ADVANCED_FACE ( 'NONE', ( #2882 ), #5958, .F. ) ;
#9397 = CARTESIAN_POINT ( 'NONE',  ( 0.000000000000000000, 61.00000000000000711, 0.000000000000000000 ) ) ;
#9398 = ORIENTED_EDGE ( 'NONE', *, *, #8128, .T. ) ;
#9399 = CARTESIAN_POINT ( 'NONE',  ( 1.209568566442612791, 61.00000000000000711, 1.209568566442591031 ) ) ;
#9400 = ORIENTED_EDGE ( 'NONE', *, *, #7690, .T. ) ;
#9401 = DIRECTION ( 'NONE',  ( 0.000000000000000000, 0.000000000000000000, -1.000000000000000000 ) ) ;
#9402 = LINE ( 'NONE', #5343, #3285 ) ;
#9403 = VERTEX_POINT ( 'NONE', #3541 ) ;
#9404 = DIRECTION ( 'NONE',  ( -0.000000000000000000, 1.000000000000000000, -0.000000000000000000 ) ) ;
#9405 = CARTESIAN_POINT ( 'NONE',  ( 54.90094730341806439, 19.30934941036434438, -3.303745444061349179 ) ) ;
#9406 = ORIENTED_EDGE ( 'NONE', *, *, #8667, .F. ) ;
#9407 = ORIENTED_EDGE ( 'NONE', *, *, #8512, .F. ) ;
#9408 = VECTOR ( 'NONE', #4921, 1000.000000000000114 ) ;
#9409 = DIRECTION ( 'NONE',  ( -1.000000000000000000, 0.000000000000000000, 0.000000000000000000 ) ) ;
#9410 = CARTESIAN_POINT ( 'NONE',  ( 28.61717926410529955, 70.50000000000002842, -16.52213615157941717 ) ) ;
#9411 = ORIENTED_EDGE ( 'NONE', *, *, #2698, .T. ) ;
#9412 = CARTESIAN_POINT ( 'NONE',  ( 0.4427328229371187418, 71.00000000000001421, -1.652301389379719820 ) ) ;
#9413 = FACE_OUTER_BOUND ( 'NONE', #143, .T. ) ;
#9414 = EDGE_CURVE ( 'NONE', #5339, #7398, #5905, .T. ) ;
#9415 = VERTEX_POINT ( 'NONE', #9709 ) ;
#9416 = DIRECTION ( 'NONE',  ( -0.000000000000000000, 1.000000000000000000, -0.000000000000000000 ) ) ;
#9417 = ORIENTED_EDGE ( 'NONE', *, *, #8652, .T. ) ;
#9418 = FACE_OUTER_BOUND ( 'NONE', #247, .T. ) ;
#9419 = LINE ( 'NONE', #1480, #8841 ) ;
#9420 = FACE_OUTER_BOUND ( 'NONE', #7679, .T. ) ;
#9421 = CIRCLE ( 'NONE', #9752, 1.449999999999993072 ) ;
#9422 = ORIENTED_EDGE ( 'NONE', *, *, #8220, .F. ) ;
#9423 = CARTESIAN_POINT ( 'NONE',  ( 6.735557395310442615E-15, 4.000000000000000000, 55.00000000000000000 ) ) ;
#9424 = ORIENTED_EDGE ( 'NONE', *, *, #251, .F. ) ;
#9425 = CARTESIAN_POINT ( 'NONE',  ( 12.49999999999922373, 4.000000000000003553, -73.04429881564608706 ) ) ;
#9426 = CARTESIAN_POINT ( 'NONE',  ( 21.13113162539922030, 53.50000000000000711, -22.95463517963318978 ) ) ;
#9427 = EDGE_CURVE ( 'NONE', #3049, #3910, #5184, .T. ) ;
#9428 = ORIENTED_EDGE ( 'NONE', *, *, #8012, .T. ) ;
#9429 = DIRECTION ( 'NONE',  ( -0.3535533905932730647, 0.7071067811865484609, 0.6123724356957938042 ) ) ;
#9430 = AXIS2_PLACEMENT_3D ( 'NONE', #9999, #4157, #2521 ) ;
#9431 = DIRECTION ( 'NONE',  ( -0.000000000000000000, -1.000000000000000000, -0.000000000000000000 ) ) ;
#9432 = CARTESIAN_POINT ( 'NONE',  ( -66.52214940782297958, 0.000000000000000000, -4.799999999999997158 ) ) ;
#9433 = CARTESIAN_POINT ( 'NONE',  ( 8.953475847591876757, 70.66596018114299227, 46.13973626746683721 ) ) ;
#9434 = AXIS2_PLACEMENT_3D ( 'NONE', #854, #7934, #1719 ) ;
#9435 = VECTOR ( 'NONE', #1086, 1000.000000000000000 ) ;
#9436 = CARTESIAN_POINT ( 'NONE',  ( -66.52214940782297958, 4.000000000000000000, -6.249999999999996447 ) ) ;
#9437 = EDGE_CURVE ( 'NONE', #8461, #6797, #7407, .T. ) ;
#9438 = ORIENTED_EDGE ( 'NONE', *, *, #1054, .F. ) ;
#9439 = DIRECTION ( 'NONE',  ( 1.000000000000000000, 0.000000000000000000, -3.491481338843133355E-15 ) ) ;
#9440 = VECTOR ( 'NONE', #7640, 1000.000000000000000 ) ;
#9441 = CARTESIAN_POINT ( 'NONE',  ( 9.345701715961425293, 71.00000000000001421, 46.06145741763147328 ) ) ;
#9442 = VERTEX_POINT ( 'NONE', #8327 ) ;
#9443 = DIRECTION ( 'NONE',  ( 0.000000000000000000, 1.000000000000000000, 0.000000000000000000 ) ) ;
#9444 = EDGE_CURVE ( 'NONE', #7343, #8192, #3646, .T. ) ;
#9445 = CARTESIAN_POINT ( 'NONE',  ( -22.99516433957255046, 71.00000000000001421, 20.57602720668742435 ) ) ;
#9446 = ORIENTED_EDGE ( 'NONE', *, *, #845, .T. ) ;
#9447 = AXIS2_PLACEMENT_3D ( 'NONE', #5599, #67, #4118 ) ;
#9448 = ORIENTED_EDGE ( 'NONE', *, *, #3729, .F. ) ;
#9449 = PLANE ( 'NONE',  #10102 ) ;
#9450 = LINE ( 'NONE', #7977, #3942 ) ;
#9451 = EDGE_CURVE ( 'NONE', #8387, #7939, #7503, .T. ) ;
#9452 = AXIS2_PLACEMENT_3D ( 'NONE', #4007, #3236, #8016 ) ;
#9453 = EDGE_CURVE ( 'NONE', #6752, #6673, #467, .T. ) ;
#9454 = ORIENTED_EDGE ( 'NONE', *, *, #3428, .F. ) ;
#9455 = CARTESIAN_POINT ( 'NONE',  ( -35.61195404750138493, 70.50000000000000000, 30.67227948683718708 ) ) ;
#9456 = CARTESIAN_POINT ( 'NONE',  ( -16.52091614407034115, 61.00000000000000711, -16.32135574438677139 ) ) ;
#9457 = ORIENTED_EDGE ( 'NONE', *, *, #2982, .F. ) ;
#9458 = LINE ( 'NONE', #2432, #8288 ) ;
#9459 = ORIENTED_EDGE ( 'NONE', *, *, #4611, .T. ) ;
#9460 = CARTESIAN_POINT ( 'NONE',  ( 9.149713682832139483, 70.83262911084997882, -46.10122267475125568 ) ) ;
#9461 = PLANE ( 'NONE',  #344 ) ;
#9462 = ORIENTED_EDGE ( 'NONE', *, *, #2439, .F. ) ;
#9463 = CARTESIAN_POINT ( 'NONE',  ( -43.30127018922208748, 71.00000000000001421, 24.99999999999975131 ) ) ;
#9464 = DIRECTION ( 'NONE',  ( 0.000000000000000000, 1.000000000000000000, -0.000000000000000000 ) ) ;
#9465 = EDGE_CURVE ( 'NONE', #9659, #1154, #2686, .T. ) ;
#9466 = EDGE_LOOP ( 'NONE', ( #665, #1397, #6172, #9734, #5400 ) ) ;
#9467 = CARTESIAN_POINT ( 'NONE',  ( 0.000000000000000000, 61.00000000000000711, 0.000000000000000000 ) ) ;
#9468 = ORIENTED_EDGE ( 'NONE', *, *, #1687, .T. ) ;
#9469 = ORIENTED_EDGE ( 'NONE', *, *, #1800, .T. ) ;
#9470 = DIRECTION ( 'NONE',  ( 0.000000000000000000, 0.000000000000000000, 1.000000000000000000 ) ) ;
#9471 = FACE_OUTER_BOUND ( 'NONE', #2098, .T. ) ;
#9472 = CARTESIAN_POINT ( 'NONE',  ( 43.71840425062330837, 51.65832988056627073, -10.37941386385023534 ) ) ;
#9473 = DIRECTION ( 'NONE',  ( 0.2588190451025180749, 0.000000000000000000, -0.9659258262890690894 ) ) ;
#9474 = B_SPLINE_CURVE_WITH_KNOTS ( 'NONE', 3,
 ( #6903, #8493, #6077, #698, #8646, #10021, #3915, #7731, #7002, #3822, #8549, #7051, #10067, #3046, #2998, #9250, #25, #4725, #5402, #5348, #1463, #4577, #1520, #10117, #3151, #6178, #6278, #742, #3866, #9405, #1612, #5502, #9962, #7877, #844, #2945, #2180, #9559, #4778, #4986, #8899, #8690, #5708 ),
 .UNSPECIFIED., .F., .F.,
 ( 4, 2, 2, 2, 2, 2, 2, 2, 1, 2, 2, 2, 2, 2, 2, 2, 2, 2, 2, 2, 2, 4 ),
 ( 1.734723475976807094E-18, 0.001222258111566368061, 0.001833387167349554044, 0.002444516223132739592, 0.003666774334699102449, 0.004889032446265464439, 0.006111290557831829465, 0.006722419613615010676, 0.007333548669398192756, 0.007944677725181375702, 0.008555806780964556046, 0.009778064892530916735, 0.01100032300409727742, 0.01222258111566364158, 0.01283371017144682193, 0.01344483922723000227, 0.01466709733879636296, 0.01588935545036272712, 0.01650048450614590573, 0.01711161356192907740, 0.01833387167349543462, 0.01955612978506177796 ),
 .UNSPECIFIED. ) ;
#9475 = DIRECTION ( 'NONE',  ( -0.4999999999999919509, 0.000000000000000000, -0.8660254037844432595 ) ) ;
#9476 = ORIENTED_EDGE ( 'NONE', *, *, #4168, .F. ) ;
#9477 = LINE ( 'NONE', #9425, #8208 ) ;
#9478 = LINE ( 'NONE', #8666, #5619 ) ;
#9479 = DIRECTION ( 'NONE',  ( -0.000000000000000000, 1.000000000000000000, 0.000000000000000000 ) ) ;
#9480 = ORIENTED_EDGE ( 'NONE', *, *, #8952, .T. ) ;
#9481 = PLANE ( 'NONE',  #4296 ) ;
#9482 = CARTESIAN_POINT ( 'NONE',  ( 0.000000000000000000, 71.00000000000001421, 0.000000000000000000 ) ) ;
#9483 = CARTESIAN_POINT ( 'NONE',  ( 30.89498821139686058, 51.00000000000000711, -32.71849176563078032 ) ) ;
#9484 = LINE ( 'NONE', #4812, #3052 ) ;
#9485 = EDGE_CURVE ( 'NONE', #8143, #903, #9138, .T. ) ;
#9486 = AXIS2_PLACEMENT_3D ( 'NONE', #9791, #6610, #5165 ) ;
#9487 = AXIS2_PLACEMENT_3D ( 'NONE', #10113, #3087, #9401 ) ;
#9488 = CARTESIAN_POINT ( 'NONE',  ( 0.000000000000000000, 51.00000000000000711, 42.49999999999998579 ) ) ;
#9489 = VERTEX_POINT ( 'NONE', #9234 ) ;
#9490 = DIRECTION ( 'NONE',  ( -0.1788591911648643451, 0.7071067811865585639, -0.6841121178109879075 ) ) ;
#9491 = CIRCLE ( 'NONE', #6051, 42.49999999999998579 ) ;
#9492 = LINE ( 'NONE', #2472, #6672 ) ;
#9493 = VERTEX_POINT ( 'NONE', #1449 ) ;
#9494 = CARTESIAN_POINT ( 'NONE',  ( 0.000000000000000000, 53.50000000000000711, 42.49999999999998579 ) ) ;
#9495 = ORIENTED_EDGE ( 'NONE', *, *, #8163, .T. ) ;
#9496 = AXIS2_PLACEMENT_3D ( 'NONE', #2129, #1217, #4333 ) ;
#9497 = CARTESIAN_POINT ( 'NONE',  ( -23.40485743935002816, 61.00000000000000711, -20.98572030646459652 ) ) ;
#9498 = FACE_OUTER_BOUND ( 'NONE', #6953, .T. ) ;
#9499 = CIRCLE ( 'NONE', #9983, 1.449999999999999067 ) ;
#9500 = AXIS2_PLACEMENT_3D ( 'NONE', #3051, #7785, #3715 ) ;
#9501 = VECTOR ( 'NONE', #55, 1000.000000000000000 ) ;
#9502 = VECTOR ( 'NONE', #8480, 1000.000000000000000 ) ;
#9503 = ORIENTED_EDGE ( 'NONE', *, *, #1784, .T. ) ;
#9504 = CARTESIAN_POINT ( 'NONE',  ( -6.000723173757121387, 71.00000000000001421, -22.95195126434680688 ) ) ;
#9505 = CARTESIAN_POINT ( 'NONE',  ( -42.43524478543740486, 71.00000000000001421, -24.50000000000014921 ) ) ;
#9506 = ORIENTED_EDGE ( 'NONE', *, *, #5134, .T. ) ;
#9507 = EDGE_CURVE ( 'NONE', #5147, #8120, #6108, .T. ) ;
#9508 = LINE ( 'NONE', #231, #7632 ) ;
#9509 = ORIENTED_EDGE ( 'NONE', *, *, #6486, .F. ) ;
#9510 = DIRECTION ( 'NONE',  ( 0.000000000000000000, 1.000000000000000000, 0.000000000000000000 ) ) ;
#9511 = DIRECTION ( 'NONE',  ( -0.4999999999999997224, 0.000000000000000000, 0.8660254037844388186 ) ) ;
#9512 = VECTOR ( 'NONE', #2787, 1000.000000000000114 ) ;
#9513 = ORIENTED_EDGE ( 'NONE', *, *, #768, .T. ) ;
#9514 = AXIS2_PLACEMENT_3D ( 'NONE', #8803, #4026, #8853 ) ;
#9515 = CARTESIAN_POINT ( 'NONE',  ( 0.000000000000000000, 61.00000000000000711, 0.000000000000000000 ) ) ;
#9516 = DIRECTION ( 'NONE',  ( 0.000000000000000000, 1.000000000000000000, 0.000000000000000000 ) ) ;
#9517 = CIRCLE ( 'NONE', #6899, 55.00000000000000000 ) ;
#9518 = EDGE_LOOP ( 'NONE', ( #6096, #6187, #3315, #1095 ) ) ;
#9519 = AXIS2_PLACEMENT_3D ( 'NONE', #4960, #1937, #7375 ) ;
#9520 = CARTESIAN_POINT ( 'NONE',  ( 58.04429881564596627, 0.000000000000000000, -17.49999999999999289 ) ) ;
#9521 = VERTEX_POINT ( 'NONE', #4559 ) ;
#9522 = EDGE_LOOP ( 'NONE', ( #7760, #209, #4566, #6343, #8707, #1363, #4095, #7104, #6354, #8052, #1779, #4233, #713, #4714, #8321, #8206, #6373, #3086, #9147, #1076 ) ) ;
#9523 = PLANE ( 'NONE',  #498 ) ;
#9524 = EDGE_CURVE ( 'NONE', #8847, #4805, #5481, .T. ) ;
#9525 = EDGE_CURVE ( 'NONE', #9553, #9772, #6983, .T. ) ;
#9526 = AXIS2_PLACEMENT_3D ( 'NONE', #1970, #6783, #1257 ) ;
#9527 = DIRECTION ( 'NONE',  ( 1.776356839400250465E-15, 0.000000000000000000, 1.000000000000000000 ) ) ;
#9528 = CARTESIAN_POINT ( 'NONE',  ( 23.40485743935017027, 61.00000000000000711, 20.98572030646443309 ) ) ;
#9529 = EDGE_CURVE ( 'NONE', #5983, #9442, #2211, .T. ) ;
#9530 = EDGE_CURVE ( 'NONE', #1578, #4401, #2360, .T. ) ;
#9531 = VERTEX_POINT ( 'NONE', #10101 ) ;
#9532 = LINE ( 'NONE', #4038, #9258 ) ;
#9533 = VECTOR ( 'NONE', #5595, 1000.000000000000000 ) ;
#9534 = ORIENTED_EDGE ( 'NONE', *, *, #559, .T. ) ;
#9535 = DIRECTION ( 'NONE',  ( -0.2646834405156262560, 0.000000000000000000, 0.9643353546960782285 ) ) ;
#9536 = CARTESIAN_POINT ( 'NONE',  ( 25.28817283496535495, 61.00000000000000711, -6.940905523911115260 ) ) ;
#9537 = EDGE_CURVE ( 'NONE', #7933, #1027, #675, .T. ) ;
#9538 = CARTESIAN_POINT ( 'NONE',  ( 27.36180241307267025, 4.000000000000000000, 24.90646038095275827 ) ) ;
#9539 = ORIENTED_EDGE ( 'NONE', *, *, #6198, .T. ) ;
#9540 = CARTESIAN_POINT ( 'NONE',  ( -9.313731387466694045, 71.00000000000001421, 29.77741438812508079 ) ) ;
#9541 = VECTOR ( 'NONE', #4351, 1000.000000000000000 ) ;
#9542 = LINE ( 'NONE', #2463, #172 ) ;
#9543 = CARTESIAN_POINT ( 'NONE',  ( -18.65508692645726896, 70.50000000000000000, -18.42974732841616259 ) ) ;
#9544 = DIRECTION ( 'NONE',  ( 0.000000000000000000, 0.000000000000000000, -1.000000000000000000 ) ) ;
#9545 = EDGE_CURVE ( 'NONE', #740, #5374, #2654, .T. ) ;
#9546 = CARTESIAN_POINT ( 'NONE',  ( 0.4427328229371305657, 61.00000000000000711, 1.652301389379717600 ) ) ;
#9547 = ORIENTED_EDGE ( 'NONE', *, *, #3171, .T. ) ;
#9548 = CARTESIAN_POINT ( 'NONE',  ( -29.41128822328159842, 70.49999999999998579, -19.41535585328213642 ) ) ;
#9549 = PLANE ( 'NONE',  #9452 ) ;
#9550 = ORIENTED_EDGE ( 'NONE', *, *, #8434, .T. ) ;
#9551 = CARTESIAN_POINT ( 'NONE',  ( -34.25000000000000000, 23.30000000000000071, 3.699999999999998401 ) ) ;
#9552 = DIRECTION ( 'NONE',  ( -0.7071067811865456854, -0.000000000000000000, -0.7071067811865494601 ) ) ;
#9553 = VERTEX_POINT ( 'NONE', #6160 ) ;
#9554 = CARTESIAN_POINT ( 'NONE',  ( -5.204170427930421283E-15, 70.50000000000000000, -37.31292906889989780 ) ) ;
#9555 = PLANE ( 'NONE',  #4590 ) ;
#9556 = VECTOR ( 'NONE', #816, 1000.000000000000114 ) ;
#9557 = EDGE_LOOP ( 'NONE', ( #1458, #575, #302 ) ) ;
#9558 = PLANE ( 'NONE',  #4854 ) ;
#9559 = CARTESIAN_POINT ( 'NONE',  ( 54.70434924488200323, 16.58148430221251957, -5.695646412321970331 ) ) ;
#9560 = ORIENTED_EDGE ( 'NONE', *, *, #9783, .T. ) ;
#9561 = DIRECTION ( 'NONE',  ( -1.000000000000000000, 0.000000000000000000, 1.047444401652940007E-14 ) ) ;
#9562 = VERTEX_POINT ( 'NONE', #3077 ) ;
#9563 = CARTESIAN_POINT ( 'NONE',  ( -1.245476089487488558, 53.50000000000000711, 0.3337243123704414227 ) ) ;
#9564 = ADVANCED_FACE ( 'NONE', ( #775 ), #3694, .T. ) ;
#9565 = EDGE_LOOP ( 'NONE', ( #3199, #8821, #7155, #6587, #1772, #4420, #5669, #7863, #10126, #2592, #97, #8136, #1654, #4192, #204, #4431, #1954, #4123, #587, #5129, #9055, #201, #912, #6277, #2081, #7837, #8250, #9037 ) ) ;
#9566 = DIRECTION ( 'NONE',  ( 0.000000000000000000, 1.000000000000000000, 0.000000000000000000 ) ) ;
#9567 = DIRECTION ( 'NONE',  ( -0.8660254037844432595, 0.000000000000000000, -0.4999999999999918954 ) ) ;
#9568 = EDGE_LOOP ( 'NONE', ( #6226, #7138, #4953, #7697, #2336, #9411, #8523, #2539, #6361, #1294, #9130, #617, #7102, #6148, #4011, #9750 ) ) ;
#9569 = DIRECTION ( 'NONE',  ( 0.000000000000000000, 1.000000000000000000, 0.000000000000000000 ) ) ;
#9570 = ORIENTED_EDGE ( 'NONE', *, *, #8362, .F. ) ;
#9571 = ORIENTED_EDGE ( 'NONE', *, *, #1200, .T. ) ;
#9572 = EDGE_CURVE ( 'NONE', #5504, #3855, #8139, .T. ) ;
#9573 = LINE ( 'NONE', #7371, #2154 ) ;
#9574 = DIRECTION ( 'NONE',  ( 0.000000000000000000, 0.000000000000000000, -1.000000000000000000 ) ) ;
#9575 = VECTOR ( 'NONE', #9473, 1000.000000000000000 ) ;
#9576 = DIRECTION ( 'NONE',  ( 0.000000000000000000, 1.000000000000000000, -0.000000000000000000 ) ) ;
#9577 = FACE_OUTER_BOUND ( 'NONE', #4193, .T. ) ;
#9578 = EDGE_CURVE ( 'NONE', #290, #8602, #9116, .T. ) ;
#9579 = ORIENTED_EDGE ( 'NONE', *, *, #10130, .T. ) ;
#9580 = VECTOR ( 'NONE', #3338, 1000.000000000000000 ) ;
#9581 = LINE ( 'NONE', #1785, #9575 ) ;
#9582 = CARTESIAN_POINT ( 'NONE',  ( -12.49999999999972644, 44.31128874149284513, 78.04429881564600180 ) ) ;
#9583 = ADVANCED_FACE ( 'NONE', ( #9187 ), #4613, .F. ) ;
#9584 = ORIENTED_EDGE ( 'NONE', *, *, #672, .T. ) ;
#9585 = EDGE_CURVE ( 'NONE', #1188, #3298, #2317, .T. ) ;
#9586 = PLANE ( 'NONE',  #1959 ) ;
#9587 = VERTEX_POINT ( 'NONE', #4 ) ;
#9588 = LINE ( 'NONE', #1183, #9098 ) ;
#9589 = CARTESIAN_POINT ( 'NONE',  ( 2.108547280816512881, 61.00000000000000711, 35.17860068602902857 ) ) ;
#9590 = AXIS2_PLACEMENT_3D ( 'NONE', #4390, #6659, #5211 ) ;
#9591 = EDGE_LOOP ( 'NONE', ( #5263, #9144, #399 ) ) ;
#9592 = CARTESIAN_POINT ( 'NONE',  ( 29.91013718854046388, 53.24713017205800014, 31.73364074277435520 ) ) ;
#9593 = CARTESIAN_POINT ( 'NONE',  ( -41.99704927304782842, 61.00000000000000711, 13.02400672895204714 ) ) ;
#9594 = LINE ( 'NONE', #56, #1392 ) ;
#9595 = DIRECTION ( 'NONE',  ( 0.9659258262890700886, 0.000000000000000000, 0.2588190451025144667 ) ) ;
#9596 = AXIS2_PLACEMENT_3D ( 'NONE', #5190, #3698, #3808 ) ;
#9597 =( BOUNDED_CURVE ( )  B_SPLINE_CURVE ( 3, ( #7963, #2522, #7032, #5641 ),
 .UNSPECIFIED., .F., .F. ) 
 B_SPLINE_CURVE_WITH_KNOTS ( ( 4, 4 ),
 ( 2.149939280505392958, 2.162703967960460272 ),
 .UNSPECIFIED. ) 
 CURVE ( )  GEOMETRIC_REPRESENTATION_ITEM ( )  RATIONAL_B_SPLINE_CURVE ( ( 1.000000000000000000, 0.9999864219422722744, 0.9999864219422722744, 1.000000000000000000 ) ) 
 REPRESENTATION_ITEM ( '' )  );
#9598 = DIRECTION ( 'NONE',  ( 1.000000000000000000, 0.000000000000000000, 0.000000000000000000 ) ) ;
#9599 = ORIENTED_EDGE ( 'NONE', *, *, #468, .T. ) ;
#9600 = DIRECTION ( 'NONE',  ( 0.000000000000000000, 1.000000000000000000, 0.000000000000000000 ) ) ;
#9601 = DIRECTION ( 'NONE',  ( 0.000000000000000000, 0.000000000000000000, 1.000000000000000000 ) ) ;
#9602 = ORIENTED_EDGE ( 'NONE', *, *, #7451, .T. ) ;
#9603 = DIRECTION ( 'NONE',  ( 0.000000000000000000, 0.000000000000000000, -1.000000000000000000 ) ) ;
#9604 = DIRECTION ( 'NONE',  ( 0.000000000000000000, 1.000000000000000000, 0.000000000000000000 ) ) ;
#9605 = VERTEX_POINT ( 'NONE', #3134 ) ;
#9606 = DIRECTION ( 'NONE',  ( -0.2646834405156194281, 0.000000000000000000, 0.9643353546960800049 ) ) ;
#9607 = DIRECTION ( 'NONE',  ( 0.000000000000000000, 1.000000000000000000, 0.000000000000000000 ) ) ;
#9608 = CIRCLE ( 'NONE', #5177, 55.00000000000000000 ) ;
#9609 = DIRECTION ( 'NONE',  ( 0.000000000000000000, 1.000000000000000000, -0.000000000000000000 ) ) ;
#9610 = LINE ( 'NONE', #1052, #3435 ) ;
#9611 = EDGE_LOOP ( 'NONE', ( #5032, #7992, #8859, #5076, #6505, #848, #5825 ) ) ;
#9612 = CARTESIAN_POINT ( 'NONE',  ( -23.91802675695238634, 62.68429458569839596, -28.92996381222478774 ) ) ;
#9613 = ORIENTED_EDGE ( 'NONE', *, *, #3482, .F. ) ;
#9614 = DIRECTION ( 'NONE',  ( -0.000000000000000000, 1.000000000000000000, -0.000000000000000000 ) ) ;
#9615 = DIRECTION ( 'NONE',  ( -0.2529450939004438959, 0.000000000000000000, -0.9674806351920930414 ) ) ;
#9616 = DIRECTION ( 'NONE',  ( -0.000000000000000000, 1.000000000000000000, -0.000000000000000000 ) ) ;
#9617 = DIRECTION ( 'NONE',  ( 0.7027971946764645095, 0.000000000000000000, 0.7113902607956420487 ) ) ;
#9618 = CIRCLE ( 'NONE', #4371, 1.449999999999999067 ) ;
#9619 = EDGE_CURVE ( 'NONE', #4929, #1795, #9388, .T. ) ;
#9620 = ORIENTED_EDGE ( 'NONE', *, *, #6350, .T. ) ;
#9621 = EDGE_CURVE ( 'NONE', #6001, #8259, #2927, .T. ) ;
#9622 = CARTESIAN_POINT ( 'NONE',  ( 3.816391647148975608E-14, 79.38334886522928002, 24.67293999023167572 ) ) ;
#9623 = ORIENTED_EDGE ( 'NONE', *, *, #5702, .F. ) ;
#9624 = ORIENTED_EDGE ( 'NONE', *, *, #5616, .T. ) ;
#9625 = LINE ( 'NONE', #4957, #3130 ) ;
#9626 = DIRECTION ( 'NONE',  ( -0.000000000000000000, 1.000000000000000000, -0.000000000000000000 ) ) ;
#9627 = DIRECTION ( 'NONE',  ( 0.000000000000000000, 1.000000000000000000, -1.084202172485504434E-16 ) ) ;
#9628 = CARTESIAN_POINT ( 'NONE',  ( -12.49999999999977085, 31.20788311109079771, 63.04429881564600890 ) ) ;
#9629 = EDGE_LOOP ( 'NONE', ( #5324, #8781, #1483, #8161 ) ) ;
#9630 = VERTEX_POINT ( 'NONE', #625 ) ;
#9631 = ORIENTED_EDGE ( 'NONE', *, *, #3980, .F. ) ;
#9632 = LINE ( 'NONE', #2611, #7857 ) ;
#9633 = ORIENTED_EDGE ( 'NONE', *, *, #6370, .F. ) ;
#9634 = CARTESIAN_POINT ( 'NONE',  ( -44.36895025132797343, 70.50000000000002842, -15.50471714012176605 ) ) ;
#9635 = DIRECTION ( 'NONE',  ( 0.000000000000000000, 0.000000000000000000, -1.000000000000000000 ) ) ;
#9636 = ORIENTED_EDGE ( 'NONE', *, *, #7131, .F. ) ;
#9637 = DIRECTION ( 'NONE',  ( 0.000000000000000000, -0.000000000000000000, 1.000000000000000000 ) ) ;
#9638 = VERTEX_POINT ( 'NONE', #9947 ) ;
#9639 = PLANE ( 'NONE',  #9089 ) ;
#9640 = CARTESIAN_POINT ( 'NONE',  ( -29.69608026329594708, 53.37243548074318511, -31.51958381752980998 ) ) ;
#9641 = CARTESIAN_POINT ( 'NONE',  ( 43.28812969620312856, 31.20788311109079771, 17.49999999999999289 ) ) ;
#9642 = VERTEX_POINT ( 'NONE', #5282 ) ;
#9643 = DIRECTION ( 'NONE',  ( -0.000000000000000000, -1.000000000000000000, -0.000000000000000000 ) ) ;
#9644 = VERTEX_POINT ( 'NONE', #4510 ) ;
#9645 = DIRECTION ( 'NONE',  ( -0.6818880686435301319, 0.7071067811865475727, 0.1871594556563901113 ) ) ;
#9646 = CARTESIAN_POINT ( 'NONE',  ( 0.3337243123704485837, 53.50000000000000711, 1.245476089487486338 ) ) ;
#9647 = ORIENTED_EDGE ( 'NONE', *, *, #5060, .T. ) ;
#9648 = EDGE_CURVE ( 'NONE', #838, #8271, #7659, .T. ) ;
#9649 = EDGE_CURVE ( 'NONE', #499, #7309, #7149, .T. ) ;
#9650 = EDGE_CURVE ( 'NONE', #6102, #8982, #9484, .T. ) ;
#9651 = EDGE_CURVE ( 'NONE', #7790, #6001, #5862, .T. ) ;
#9652 = VECTOR ( 'NONE', #8042, 1000.000000000000000 ) ;
#9653 = CARTESIAN_POINT ( 'NONE',  ( -23.78604288879177631, 61.00000000000000711, -17.78522318365891053 ) ) ;
#9654 = CARTESIAN_POINT ( 'NONE',  ( -3.075523470720660679, 57.80032493103708902, -18.08721541011914979 ) ) ;
#9655 = VECTOR ( 'NONE', #319, 1000.000000000000000 ) ;
#9656 = CARTESIAN_POINT ( 'NONE',  ( -6.250000000000692779, 4.000000000000000000, -67.97214940782291137 ) ) ;
#9657 = CARTESIAN_POINT ( 'NONE',  ( 63.04429881564596627, 31.20788311109079771, -12.49999999999999112 ) ) ;
#9658 = LINE ( 'NONE', #1824, #6553 ) ;
#9659 = VERTEX_POINT ( 'NONE', #7243 ) ;
#9660 = DIRECTION ( 'NONE',  ( -1.000000000000000000, 0.000000000000000000, -3.491481338843133750E-15 ) ) ;
#9661 = AXIS2_PLACEMENT_3D ( 'NONE', #9299, #9356, #9203 ) ;
#9662 = VERTEX_POINT ( 'NONE', #103 ) ;
#9663 = CARTESIAN_POINT ( 'NONE',  ( -34.25000000000000000, 23.30000000000000071, -5.000000000000000000 ) ) ;
#9664 = DIRECTION ( 'NONE',  ( 0.000000000000000000, 1.000000000000000000, 0.000000000000000000 ) ) ;
#9665 = VECTOR ( 'NONE', #2075, 1000.000000000000000 ) ;
#9666 = AXIS2_PLACEMENT_3D ( 'NONE', #1812, #6762, #5699 ) ;
#9667 = DIRECTION ( 'NONE',  ( -0.000000000000000000, -1.000000000000000000, -0.000000000000000000 ) ) ;
#9668 = CARTESIAN_POINT ( 'NONE',  ( -35.34997314044174743, 70.83262911085000724, -30.97449582406227364 ) ) ;
#9669 = CIRCLE ( 'NONE', #990, 60.62500000000000000 ) ;
#9670 =( GEOMETRIC_REPRESENTATION_CONTEXT ( 3 ) GLOBAL_UNCERTAINTY_ASSIGNED_CONTEXT ( ( #7444 ) ) GLOBAL_UNIT_ASSIGNED_CONTEXT ( ( #5077, #1291, #9798 ) ) REPRESENTATION_CONTEXT ( 'NONE', 'WORKASPACE' ) );
#9671 = ORIENTED_EDGE ( 'NONE', *, *, #8128, .F. ) ;
#9672 = CARTESIAN_POINT ( 'NONE',  ( 17.20174976424466351, 57.80032493103731639, 6.380126249479960876 ) ) ;
#9673 = ORIENTED_EDGE ( 'NONE', *, *, #5490, .F. ) ;
#9674 = VERTEX_POINT ( 'NONE', #5692 ) ;
#9675 = VECTOR ( 'NONE', #3613, 1000.000000000000000 ) ;
#9676 = CARTESIAN_POINT ( 'NONE',  ( 2.108547280816509328, 70.50000000000000000, -35.17860068602901435 ) ) ;
#9677 = LINE ( 'NONE', #2706, #826 ) ;
#9678 = CIRCLE ( 'NONE', #100, 42.49999999999998579 ) ;
#9679 = LINE ( 'NONE', #7277, #8677 ) ;
#9680 = CARTESIAN_POINT ( 'NONE',  ( -22.87733444822524120, 71.00000000000001421, 6.279196922621856913 ) ) ;
#9681 = VERTEX_POINT ( 'NONE', #978 ) ;
#9682 = EDGE_CURVE ( 'NONE', #4174, #6597, #2570, .T. ) ;
#9683 = CARTESIAN_POINT ( 'NONE',  ( 53.56071321407137731, 31.20788311109079771, 12.49999999999999112 ) ) ;
#9684 = AXIS2_PLACEMENT_3D ( 'NONE', #5873, #3562, #8299 ) ;
#9685 = ORIENTED_EDGE ( 'NONE', *, *, #10049, .F. ) ;
#9686 = CARTESIAN_POINT ( 'NONE',  ( 54.84561833644136186, 9.289729769349451161, 4.128165563069044808 ) ) ;
#9687 = EDGE_LOOP ( 'NONE', ( #2666, #3948 ) ) ;
#9688 = CARTESIAN_POINT ( 'NONE',  ( -44.43492165533644567, 70.66596018114300648, -15.31593059754833241 ) ) ;
#9689 = DIRECTION ( 'NONE',  ( -0.9674806351920964831, 0.000000000000000000, -0.2529450939004305732 ) ) ;
#9690 = ORIENTED_EDGE ( 'NONE', *, *, #4973, .T. ) ;
#9691 = CARTESIAN_POINT ( 'NONE',  ( 0.000000000000000000, 53.50000000000000711, 0.000000000000000000 ) ) ;
#9692 = ADVANCED_FACE ( 'NONE', ( #4867 ), #1799, .T. ) ;
#9693 = B_SPLINE_CURVE_WITH_KNOTS ( 'NONE', 3,
 ( #8976, #7535, #3525, #2818, #1280, #2094, #2001, #4391, #9071, #2043, #505, #2911, #1184, #8164, #9167, #1333 ),
 .UNSPECIFIED., .F., .F.,
 ( 4, 2, 2, 2, 2, 2, 2, 4 ),
 ( 6.938893903907228378E-18, 0.0004882818077346269287, 0.0009765636154692469185, 0.001464845423203866692, 0.001953127230938486898, 0.002441409038673107105, 0.002929690846407726444, 0.003906254461876985072 ),
 .UNSPECIFIED. ) ;
#9694 = EDGE_LOOP ( 'NONE', ( #6180, #3656, #2415, #5515 ) ) ;
#9695 = AXIS2_PLACEMENT_3D ( 'NONE', #2116, #5913, #5093 ) ;
#9696 = DIRECTION ( 'NONE',  ( 0.000000000000000000, 0.000000000000000000, 1.000000000000000000 ) ) ;
#9697 = EDGE_CURVE ( 'NONE', #5360, #381, #2727, .T. ) ;
#9698 = CARTESIAN_POINT ( 'NONE',  ( -30.89498821139685703, 71.00000000000001421, 32.71849176563078743 ) ) ;
#9699 = EDGE_CURVE ( 'NONE', #5500, #1850, #214, .T. ) ;
#9700 = EDGE_LOOP ( 'NONE', ( #6117, #3527, #5488, #7150 ) ) ;
#9701 = DIRECTION ( 'NONE',  ( 0.1788591911648572397, 0.7071067811865494601, -0.6841121178109991208 ) ) ;
#9702 = AXIS2_PLACEMENT_3D ( 'NONE', #4403, #9133, #8272 ) ;
#9703 = ORIENTED_EDGE ( 'NONE', *, *, #369, .T. ) ;
#9704 = CARTESIAN_POINT ( 'NONE',  ( 0.000000000000000000, 68.50000000000000000, 0.000000000000000000 ) ) ;
#9705 = EDGE_CURVE ( 'NONE', #8555, #4962, #8462, .T. ) ;
#9706 = ORIENTED_EDGE ( 'NONE', *, *, #5484, .F. ) ;
#9707 = EDGE_CURVE ( 'NONE', #5542, #4146, #7961, .T. ) ;
#9708 = CYLINDRICAL_SURFACE ( 'NONE', #1432, 1.449999999999993072 ) ;
#9709 = CARTESIAN_POINT ( 'NONE',  ( 6.249999999999299227, 4.000000000000000000, -65.07214940782306201 ) ) ;
#9710 = EDGE_CURVE ( 'NONE', #2795, #1865, #4102, .T. ) ;
#9711 = CARTESIAN_POINT ( 'NONE',  ( -12.88755093684977737, 51.00000000000000711, 43.11509052350581328 ) ) ;
#9712 = LINE ( 'NONE', #4272, #5510 ) ;
#9713 = ADVANCED_FACE ( 'NONE', ( #929 ), #3954, .T. ) ;
#9714 = FACE_BOUND ( 'NONE', #8100, .T. ) ;
#9715 = ORIENTED_EDGE ( 'NONE', *, *, #1074, .F. ) ;
#9716 = FACE_OUTER_BOUND ( 'NONE', #2678, .T. ) ;
#9717 = VERTEX_POINT ( 'NONE', #8011 ) ;
#9718 = DIRECTION ( 'NONE',  ( -0.6123724356957958026, -0.7071067811865483499, 0.3535533905932696785 ) ) ;
#9719 = DIRECTION ( 'NONE',  ( -0.5030288774786598749, -0.7071067811865547892, 0.4969526621546052070 ) ) ;
#9720 = VECTOR ( 'NONE', #6473, 1000.000000000000114 ) ;
#9721 = DIRECTION ( 'NONE',  ( 0.000000000000000000, 1.000000000000000000, -0.000000000000000000 ) ) ;
#9722 = PLANE ( 'NONE',  #500 ) ;
#9723 = ORIENTED_EDGE ( 'NONE', *, *, #3092, .T. ) ;
#9724 = CARTESIAN_POINT ( 'NONE',  ( -12.52733726054164265, 53.24654536646293224, -41.77075478194265656 ) ) ;
#9725 = ORIENTED_EDGE ( 'NONE', *, *, #879, .T. ) ;
#9726 = VERTEX_POINT ( 'NONE', #2412 ) ;
#9727 = DIRECTION ( 'NONE',  ( -0.000000000000000000, -1.000000000000000000, 0.000000000000000000 ) ) ;
#9728 = CARTESIAN_POINT ( 'NONE',  ( 0.000000000000000000, 4.000000000000000000, 0.000000000000000000 ) ) ;
#9729 = DIRECTION ( 'NONE',  ( 0.000000000000000000, 1.000000000000000000, 0.000000000000000000 ) ) ;
#9730 = DIRECTION ( 'NONE',  ( 1.204482735576602201E-15, -0.9386109303896084111, 0.3449775664491150362 ) ) ;
#9731 = VERTEX_POINT ( 'NONE', #3390 ) ;
#9732 = CARTESIAN_POINT ( 'NONE',  ( -32.31394446327419701, 61.00000000000000711, -18.65646453444987074 ) ) ;
#9733 = CARTESIAN_POINT ( 'NONE',  ( 0.000000000000000000, 0.000000000000000000, 0.000000000000000000 ) ) ;
#9734 = ORIENTED_EDGE ( 'NONE', *, *, #9710, .T. ) ;
#9735 = FACE_OUTER_BOUND ( 'NONE', #355, .T. ) ;
#9736 = EDGE_LOOP ( 'NONE', ( #2523, #10148, #757, #3068 ) ) ;
#9737 = DIRECTION ( 'NONE',  ( -0.000000000000000000, 1.000000000000000000, -0.000000000000000000 ) ) ;
#9738 = FACE_OUTER_BOUND ( 'NONE', #7728, .T. ) ;
#9739 = ORIENTED_EDGE ( 'NONE', *, *, #5442, .T. ) ;
#9740 = VECTOR ( 'NONE', #930, 1000.000000000000000 ) ;
#9741 = FACE_OUTER_BOUND ( 'NONE', #10060, .T. ) ;
#9742 = ORIENTED_EDGE ( 'NONE', *, *, #9978, .F. ) ;
#9743 = DIRECTION ( 'NONE',  ( 0.000000000000000000, 0.000000000000000000, -1.000000000000000000 ) ) ;
#9744 = EDGE_CURVE ( 'NONE', #4261, #7537, #7805, .T. ) ;
#9745 = LINE ( 'NONE', #366, #1715 ) ;
#9746 = ORIENTED_EDGE ( 'NONE', *, *, #2560, .T. ) ;
#9747 = PLANE ( 'NONE',  #6562 ) ;
#9748 = ORIENTED_EDGE ( 'NONE', *, *, #7712, .F. ) ;
#9749 = DIRECTION ( 'NONE',  ( -0.000000000000000000, -1.000000000000000000, -0.000000000000000000 ) ) ;
#9750 = ORIENTED_EDGE ( 'NONE', *, *, #2071, .F. ) ;
#9751 = VECTOR ( 'NONE', #142, 1000.000000000000000 ) ;
#9752 = AXIS2_PLACEMENT_3D ( 'NONE', #4070, #1664, #652 ) ;
#9753 = PLANE ( 'NONE',  #3067 ) ;
#9754 = CARTESIAN_POINT ( 'NONE',  ( -44.36895025132787396, 61.00000000000000711, 15.50471714012208579 ) ) ;
#9755 = EDGE_CURVE ( 'NONE', #2178, #5504, #6358, .T. ) ;
#9756 = PLANE ( 'NONE',  #7327 ) ;
#9757 = ADVANCED_FACE ( 'NONE', ( #1903 ), #4307, .F. ) ;
#9758 = PLANE ( 'NONE',  #8846 ) ;
#9759 = ORIENTED_EDGE ( 'NONE', *, *, #8254, .F. ) ;
#9760 = DIRECTION ( 'NONE',  ( 0.000000000000000000, -1.000000000000000000, 0.000000000000000000 ) ) ;
#9761 = ORIENTED_EDGE ( 'NONE', *, *, #9014, .F. ) ;
#9762 = CARTESIAN_POINT ( 'NONE',  ( -41.36667426851342100, 53.50000000000000711, -9.749269714327786218 ) ) ;
#9763 = CARTESIAN_POINT ( 'NONE',  ( 11.25000000000000000, 0.000000000000000000, 13.00000000000000000 ) ) ;
#9764 = VECTOR ( 'NONE', #5875, 1000.000000000000000 ) ;
#9765 = EDGE_CURVE ( 'NONE', #1456, #10146, #9608, .T. ) ;
#9766 = VECTOR ( 'NONE', #5137, 1000.000000000000114 ) ;
#9767 = LINE ( 'NONE', #1112, #980 ) ;
#9768 = EDGE_CURVE ( 'NONE', #8844, #46, #2676, .T. ) ;
#9769 = FACE_BOUND ( 'NONE', #5709, .T. ) ;
#9770 = ORIENTED_EDGE ( 'NONE', *, *, #9780, .F. ) ;
#9771 = DIRECTION ( 'NONE',  ( -0.000000000000000000, 1.000000000000000000, -1.084202172485504434E-16 ) ) ;
#9772 = VERTEX_POINT ( 'NONE', #2008 ) ;
#9773 = ORIENTED_EDGE ( 'NONE', *, *, #6186, .T. ) ;
#9774 = DIRECTION ( 'NONE',  ( 0.1788591911648622357, 0.7071067811865298092, -0.6841121178110182166 ) ) ;
#9775 = DIRECTION ( 'NONE',  ( 0.000000000000000000, 0.000000000000000000, -1.000000000000000000 ) ) ;
#9776 = AXIS2_PLACEMENT_3D ( 'NONE', #3970, #8740, #70 ) ;
#9777 = CARTESIAN_POINT ( 'NONE',  ( 12.63457032201005603, 52.98927670248613708, -42.17095401559391377 ) ) ;
#9778 = CARTESIAN_POINT ( 'NONE',  ( 21.13113162539922030, 71.00000000000001421, -22.95463517963318978 ) ) ;
#9779 = ORIENTED_EDGE ( 'NONE', *, *, #5616, .F. ) ;
#9780 = EDGE_CURVE ( 'NONE', #8421, #4719, #2074, .T. ) ;
#9781 = EDGE_CURVE ( 'NONE', #8308, #9289, #1190, .T. ) ;
#9782 = DIRECTION ( 'NONE',  ( 0.000000000000000000, 0.000000000000000000, 1.000000000000000000 ) ) ;
#9783 = EDGE_CURVE ( 'NONE', #3191, #4900, #2049, .T. ) ;
#9784 = AXIS2_PLACEMENT_3D ( 'NONE', #724, #8425, #1398 ) ;
#9785 = CARTESIAN_POINT ( 'NONE',  ( 44.63818580754443843, 16.58182135736399587, -5.695490643462259861 ) ) ;
#9786 = VECTOR ( 'NONE', #7729, 1000.000000000000000 ) ;
#9787 = ORIENTED_EDGE ( 'NONE', *, *, #8526, .F. ) ;
#9788 = CARTESIAN_POINT ( 'NONE',  ( 53.56071321407137731, 71.00000000000001421, 12.49999999999999112 ) ) ;
#9789 = ORIENTED_EDGE ( 'NONE', *, *, #2376, .F. ) ;
#9790 = FACE_OUTER_BOUND ( 'NONE', #2038, .T. ) ;
#9791 = CARTESIAN_POINT ( 'NONE',  ( 0.000000000000000000, 71.00000000000001421, 0.000000000000000000 ) ) ;
#9792 = ORIENTED_EDGE ( 'NONE', *, *, #4617, .T. ) ;
#9793 = DIRECTION ( 'NONE',  ( -0.2529450939004438959, 0.000000000000000000, -0.9674806351920930414 ) ) ;
#9794 = ORIENTED_EDGE ( 'NONE', *, *, #1684, .F. ) ;
#9795 = DIRECTION ( 'NONE',  ( -0.9674806351920964831, 0.000000000000000000, -0.2529450939004305732 ) ) ;
#9796 = LINE ( 'NONE', #215, #1371 ) ;
#9797 = EDGE_LOOP ( 'NONE', ( #1032, #2976, #492 ) ) ;
#9798 =( NAMED_UNIT ( * ) SI_UNIT ( $, .STERADIAN. ) SOLID_ANGLE_UNIT ( ) );
#9799 = ORIENTED_EDGE ( 'NONE', *, *, #4135, .F. ) ;
#9800 = CARTESIAN_POINT ( 'NONE',  ( 6.471738182438351750, 61.00000000000000711, -30.76206126766261306 ) ) ;
#9801 = ORIENTED_EDGE ( 'NONE', *, *, #1369, .F. ) ;
#9802 = EDGE_CURVE ( 'NONE', #4530, #2785, #5172, .T. ) ;
#9803 = LINE ( 'NONE', #1912, #3710 ) ;
#9804 = LINE ( 'NONE', #5230, #9766 ) ;
#9805 = DIRECTION ( 'NONE',  ( 0.000000000000000000, 0.000000000000000000, 1.000000000000000000 ) ) ;
#9806 = FACE_BOUND ( 'NONE', #5881, .T. ) ;
#9807 = LINE ( 'NONE', #5813, #9913 ) ;
#9808 = VERTEX_POINT ( 'NONE', #7492 ) ;
#9809 = PLANE ( 'NONE',  #7902 ) ;
#9810 = CARTESIAN_POINT ( 'NONE',  ( 0.000000000000000000, 31.20788311109079416, 0.000000000000000000 ) ) ;
#9811 = VECTOR ( 'NONE', #5119, 1000.000000000000000 ) ;
#9812 = LINE ( 'NONE', #5916, #3385 ) ;
#9813 = CARTESIAN_POINT ( 'NONE',  ( 3.269806953723433662E-15, 71.00000000000001421, -26.70000000000000639 ) ) ;
#9814 = ADVANCED_FACE ( 'NONE', ( #5797 ), #9078, .F. ) ;
#9815 = AXIS2_PLACEMENT_3D ( 'NONE', #7674, #791, #3091 ) ;
#9816 = EDGE_LOOP ( 'NONE', ( #4610, #7422, #2332, #7285 ) ) ;
#9817 = CIRCLE ( 'NONE', #5393, 54.99999999999999289 ) ;
#9818 = CARTESIAN_POINT ( 'NONE',  ( -1.209568566442596138, 61.00000000000000711, 1.209568566442608573 ) ) ;
#9819 = ORIENTED_EDGE ( 'NONE', *, *, #411, .F. ) ;
#9820 = ORIENTED_EDGE ( 'NONE', *, *, #3378, .T. ) ;
#9821 = CARTESIAN_POINT ( 'NONE',  ( -6.000723173756947304, 71.00000000000001421, 22.95195126434677846 ) ) ;
#9822 = CARTESIAN_POINT ( 'NONE',  ( 0.000000000000000000, 71.00000000000001421, 0.000000000000000000 ) ) ;
#9823 = VECTOR ( 'NONE', #3330, 1000.000000000000000 ) ;
#9824 = CARTESIAN_POINT ( 'NONE',  ( 12.24022189330255728, 53.50000000000000711, -40.69922564377258567 ) ) ;
#9825 = CARTESIAN_POINT ( 'NONE',  ( -0.9117517771170390306, 53.50000000000000711, 0.9117517771170445817 ) ) ;
#9826 = EDGE_LOOP ( 'NONE', ( #7779, #9469, #4197, #4909 ) ) ;
#9827 = LINE ( 'NONE', #4385, #3348 ) ;
#9828 = CARTESIAN_POINT ( 'NONE',  ( 44.97798816347914652, 20.08962247495716724, 1.421732367572177136 ) ) ;
#9829 = CIRCLE ( 'NONE', #5741, 1.300000000000001599 ) ;
#9830 = ORIENTED_EDGE ( 'NONE', *, *, #614, .F. ) ;
#9831 = VECTOR ( 'NONE', #1326, 1000.000000000000000 ) ;
#9832 = EDGE_CURVE ( 'NONE', #9489, #9241, #313, .T. ) ;
#9833 = DIRECTION ( 'NONE',  ( -0.7027971946764646205, 0.000000000000000000, 0.7113902607956418267 ) ) ;
#9834 = EDGE_CURVE ( 'NONE', #7945, #2720, #105, .T. ) ;
#9835 = EDGE_LOOP ( 'NONE', ( #1969, #3797, #6889, #6847 ) ) ;
#9836 = MECHANICAL_DESIGN_GEOMETRIC_PRESENTATION_REPRESENTATION (  '', ( #2464 ), #9670 ) ;
#9837 = CARTESIAN_POINT ( 'NONE',  ( 18.65508692645726896, 70.50000000000000000, 18.42974732841616259 ) ) ;
#9838 = ADVANCED_FACE ( 'NONE', ( #7543 ), #6570, .T. ) ;
#9839 = CARTESIAN_POINT ( 'NONE',  ( 32.27764532285599586, 61.00000000000000711, 29.85850818997003842 ) ) ;
#9840 = EDGE_LOOP ( 'NONE', ( #9876, #1442, #4490, #2044 ) ) ;
#9841 = CARTESIAN_POINT ( 'NONE',  ( -17.49999999999999289, 4.000000000000000000, 6.110092342975480216E-14 ) ) ;
#9842 = LINE ( 'NONE', #5943, #211 ) ;
#9843 = AXIS2_PLACEMENT_3D ( 'NONE', #5240, #9195, #1511 ) ;
#9844 = ORIENTED_EDGE ( 'NONE', *, *, #1054, .T. ) ;
#9845 = CIRCLE ( 'NONE', #2143, 48.99999999999998579 ) ;
#9846 = CARTESIAN_POINT ( 'NONE',  ( -12.50000000000065015, 31.20788311109079771, -63.04429881564583837 ) ) ;
#9847 = CIRCLE ( 'NONE', #6580, 60.62500000000000000 ) ;
#9848 = CARTESIAN_POINT ( 'NONE',  ( -53.56071321407137731, 71.00000000000001421, -12.49999999999999112 ) ) ;
#9849 = ORIENTED_EDGE ( 'NONE', *, *, #5786, .T. ) ;
#9850 = AXIS2_PLACEMENT_3D ( 'NONE', #8610, #3321, #4144 ) ;
#9851 = CARTESIAN_POINT ( 'NONE',  ( -53.56071321407137731, 71.00000000000001421, 12.49999999999999112 ) ) ;
#9852 = ORIENTED_EDGE ( 'NONE', *, *, #1673, .F. ) ;
#9853 = DIRECTION ( 'NONE',  ( 0.000000000000000000, 0.000000000000000000, -1.000000000000000000 ) ) ;
#9854 = ORIENTED_EDGE ( 'NONE', *, *, #6738, .F. ) ;
#9855 = TOROIDAL_SURFACE ( 'NONE', #5426, 42.49999999999998579, 2.500000000000000000 ) ;
#9856 = CARTESIAN_POINT ( 'NONE',  ( -44.36895025132787396, 70.50000000000000000, 15.50471714012208579 ) ) ;
#9857 = EDGE_CURVE ( 'NONE', #2915, #5200, #3217, .T. ) ;
#9858 = CARTESIAN_POINT ( 'NONE',  ( 0.000000000000000000, 31.20788311109079416, 0.000000000000000000 ) ) ;
#9859 = AXIS2_PLACEMENT_3D ( 'NONE', #9704, #8375, #5033 ) ;
#9860 = CARTESIAN_POINT ( 'NONE',  ( -18.65508692645726185, 70.50000000000000000, 18.42974732841615193 ) ) ;
#9861 = LINE ( 'NONE', #2064, #5557 ) ;
#9862 = DIRECTION ( 'NONE',  ( -0.9659258262890680902, 0.000000000000000000, -0.2588190451025211281 ) ) ;
#9863 = ORIENTED_EDGE ( 'NONE', *, *, #1510, .F. ) ;
#9864 = LINE ( 'NONE', #382, #6583 ) ;
#9865 = LINE ( 'NONE', #2648, #5414 ) ;
#9866 = CARTESIAN_POINT ( 'NONE',  ( 66.52214940782297958, 4.000000000000000000, 4.799999999999997158 ) ) ;
#9867 = LINE ( 'NONE', #2696, #5743 ) ;
#9868 = VERTEX_POINT ( 'NONE', #5124 ) ;
#9869 = CARTESIAN_POINT ( 'NONE',  ( -12.63567232283998543, 52.98609450367801799, -42.17506673868120970 ) ) ;
#9870 = EDGE_CURVE ( 'NONE', #1195, #3799, #512, .T. ) ;
#9871 = ORIENTED_EDGE ( 'NONE', *, *, #3318, .T. ) ;
#9872 = EDGE_LOOP ( 'NONE', ( #7792, #5123, #3820 ) ) ;
#9873 = CARTESIAN_POINT ( 'NONE',  ( -78.04429881564594496, 0.000000000000000000, -12.49999999999998046 ) ) ;
#9874 = CARTESIAN_POINT ( 'NONE',  ( 0.000000000000000000, 4.000000000000000000, 0.000000000000000000 ) ) ;
#9875 = DIRECTION ( 'NONE',  ( 0.000000000000000000, -0.000000000000000000, 1.000000000000000000 ) ) ;
#9876 = ORIENTED_EDGE ( 'NONE', *, *, #2722, .T. ) ;
#9877 = CARTESIAN_POINT ( 'NONE',  ( 0.000000000000000000, 4.000000000000000000, 0.000000000000000000 ) ) ;
#9878 = CARTESIAN_POINT ( 'NONE',  ( 45.00002095272534319, 20.25015085963283923, -0.4058827123717680951 ) ) ;
#9879 = ORIENTED_EDGE ( 'NONE', *, *, #8952, .F. ) ;
#9880 = EDGE_CURVE ( 'NONE', #1188, #2958, #8147, .T. ) ;
#9881 = CARTESIAN_POINT ( 'NONE',  ( -32.31394446327419701, 70.50000000000002842, -18.65646453444987074 ) ) ;
#9882 = ORIENTED_EDGE ( 'NONE', *, *, #156, .F. ) ;
#9883 = LINE ( 'NONE', #2817, #2220 ) ;
#9884 = EDGE_CURVE ( 'NONE', #3643, #6576, #8221, .T. ) ;
#9885 = CARTESIAN_POINT ( 'NONE',  ( 9.313731387466701150, 53.50000000000000711, 29.77741438812508434 ) ) ;
#9886 = ORIENTED_EDGE ( 'NONE', *, *, #6873, .T. ) ;
#9887 = LINE ( 'NONE', #2096, #2134 ) ;
#9888 = DIRECTION ( 'NONE',  ( 0.000000000000000000, -1.000000000000000000, 0.000000000000000000 ) ) ;
#9889 = ORIENTED_EDGE ( 'NONE', *, *, #7898, .T. ) ;
#9890 = EDGE_CURVE ( 'NONE', #3577, #8944, #7344, .T. ) ;
#9891 = EDGE_CURVE ( 'NONE', #1263, #9390, #8168, .T. ) ;
#9892 = CARTESIAN_POINT ( 'NONE',  ( -66.52214940782297958, 0.000000000000000000, -6.249999999999996447 ) ) ;
#9893 = DIRECTION ( 'NONE',  ( -0.8660254037844401509, 0.000000000000000000, -0.4999999999999975020 ) ) ;
#9894 = PLANE ( 'NONE',  #4793 ) ;
#9895 = ORIENTED_EDGE ( 'NONE', *, *, #8200, .T. ) ;
#9896 = CARTESIAN_POINT ( 'NONE',  ( 0.000000000000000000, 0.000000000000000000, 0.000000000000000000 ) ) ;
#9897 = ORIENTED_EDGE ( 'NONE', *, *, #796, .T. ) ;
#9898 = CARTESIAN_POINT ( 'NONE',  ( -9.719403950192171848, 70.50000000000000000, 42.88251491892218326 ) ) ;
#9899 = ORIENTED_EDGE ( 'NONE', *, *, #582, .F. ) ;
#9900 = DIRECTION ( 'NONE',  ( -0.1788591911648704236, 0.7071067811865344721, -0.6841121178110112222 ) ) ;
#9901 = CARTESIAN_POINT ( 'NONE',  ( -63.04429881564596627, 31.20788311109079771, -12.49999999999999112 ) ) ;
#9902 = CARTESIAN_POINT ( 'NONE',  ( 66.52214940782297958, 0.000000000000000000, -7.699999999999994849 ) ) ;
#9903 = FACE_OUTER_BOUND ( 'NONE', #23, .T. ) ;
#9904 = VECTOR ( 'NONE', #3990, 1000.000000000000000 ) ;
#9905 = DIRECTION ( 'NONE',  ( 0.000000000000000000, 0.000000000000000000, 1.000000000000000000 ) ) ;
#9906 = ORIENTED_EDGE ( 'NONE', *, *, #3054, .T. ) ;
#9907 = DIRECTION ( 'NONE',  ( 0.000000000000000000, 1.000000000000000000, 0.000000000000000000 ) ) ;
#9908 = CARTESIAN_POINT ( 'NONE',  ( 27.36180241307267025, 0.000000000000000000, 24.90646038095275472 ) ) ;
#9909 = VECTOR ( 'NONE', #2715, 1000.000000000000114 ) ;
#9910 = EDGE_LOOP ( 'NONE', ( #8708, #5656, #2173, #6498 ) ) ;
#9911 = DIRECTION ( 'NONE',  ( 0.000000000000000000, -1.000000000000000000, 0.000000000000000000 ) ) ;
#9912 = CARTESIAN_POINT ( 'NONE',  ( 12.50000000000024691, 4.000000000000003553, 73.04429881564591653 ) ) ;
#9913 = VECTOR ( 'NONE', #5040, 1000.000000000000000 ) ;
#9914 = ORIENTED_EDGE ( 'NONE', *, *, #4998, .F. ) ;
#9915 = DIRECTION ( 'NONE',  ( -0.000000000000000000, -1.000000000000000000, -0.000000000000000000 ) ) ;
#9916 = CARTESIAN_POINT ( 'NONE',  ( -12.86692782787246259, 51.64684645029009147, -43.03812403299241396 ) ) ;
#9917 = EDGE_LOOP ( 'NONE', ( #9369, #9280, #6384, #2151, #5630 ) ) ;
#9918 = B_SPLINE_CURVE_WITH_KNOTS ( 'NONE', 3,
 ( #3780, #6288, #4740, #8503, #3930, #4644, #5465, #4591, #3012, #7014, #7743, #5514, #758, #37, #3161, #6240 ),
 .UNSPECIFIED., .F., .F.,
 ( 4, 2, 2, 2, 2, 2, 2, 4 ),
 ( 0.000000000000000000, 0.0004999221159893201200, 0.0009998442319786402400, 0.001499766347967960468, 0.001999688463957280480, 0.002999532695935943055, 0.003499454811925282582, 0.003999376927914621675 ),
 .UNSPECIFIED. ) ;
#9919 = ORIENTED_EDGE ( 'NONE', *, *, #7957, .T. ) ;
#9920 = DIRECTION ( 'NONE',  ( 0.7071067811865456854, -0.000000000000000000, 0.7071067811865493491 ) ) ;
#9921 = CARTESIAN_POINT ( 'NONE',  ( 17.50000000000024869, 0.000000000000000000, 73.04429881564585969 ) ) ;
#9922 = DIRECTION ( 'NONE',  ( 0.000000000000000000, 1.000000000000000000, 0.000000000000000000 ) ) ;
#9923 = ORIENTED_EDGE ( 'NONE', *, *, #9650, .T. ) ;
#9924 = DIRECTION ( 'NONE',  ( 0.8660254037844397068, 0.000000000000000000, 0.4999999999999979461 ) ) ;
#9925 = CARTESIAN_POINT ( 'NONE',  ( -23.40485743935002816, 70.49999999999998579, -20.98572030646459297 ) ) ;
#9926 = ADVANCED_FACE ( 'NONE', ( #4258 ), #7393, .F. ) ;
#9927 = EDGE_CURVE ( 'NONE', #7398, #1266, #8570, .T. ) ;
#9928 = AXIS2_PLACEMENT_3D ( 'NONE', #8685, #3194, #889 ) ;
#9929 = ORIENTED_EDGE ( 'NONE', *, *, #1321, .F. ) ;
#9930 = CARTESIAN_POINT ( 'NONE',  ( 5.874250626806587050, 61.00000000000000711, -22.46821094675082264 ) ) ;
#9931 = VERTEX_POINT ( 'NONE', #5369 ) ;
#9932 = DIRECTION ( 'NONE',  ( 0.6818880686435137006, 0.7071067811865633379, -0.1871594556563907497 ) ) ;
#9933 = CARTESIAN_POINT ( 'NONE',  ( 13.74999999999999822, 23.30000000000000071, 3.700000000000000178 ) ) ;
#9934 = CARTESIAN_POINT ( 'NONE',  ( -22.39516677087717511, 61.00000000000000711, 6.146855202364037041 ) ) ;
#9935 = DIRECTION ( 'NONE',  ( 0.2646834405156395231, 0.000000000000000000, 0.9643353546960745648 ) ) ;
#9936 = ORIENTED_EDGE ( 'NONE', *, *, #10088, .F. ) ;
#9937 = LINE ( 'NONE', #1537, #8937 ) ;
#9938 = CARTESIAN_POINT ( 'NONE',  ( -12.75439996977397783, 52.52766249937604925, 42.61816434930201325 ) ) ;
#9939 = EDGE_CURVE ( 'NONE', #3523, #8399, #6973, .T. ) ;
#9940 = PLANE ( 'NONE',  #3163 ) ;
#9941 = EDGE_LOOP ( 'NONE', ( #396, #4508, #2766 ) ) ;
#9942 = DIRECTION ( 'NONE',  ( 0.000000000000000000, 0.000000000000000000, 1.000000000000000000 ) ) ;
#9943 = ORIENTED_EDGE ( 'NONE', *, *, #3127, .F. ) ;
#9944 = CARTESIAN_POINT ( 'NONE',  ( 44.56385867493970210, 14.00000000000000000, 6.250000000000000000 ) ) ;
#9945 = ORIENTED_EDGE ( 'NONE', *, *, #1123, .T. ) ;
#9946 = LINE ( 'NONE', #674, #4527 ) ;
#9947 = CARTESIAN_POINT ( 'NONE',  ( 12.50000000000021494, 4.000000000000003553, 78.04429881564593074 ) ) ;
#9948 = CARTESIAN_POINT ( 'NONE',  ( 19.25000000000000355, 21.00000000000000000, 4.999999999999999112 ) ) ;
#9949 = CARTESIAN_POINT ( 'NONE',  ( -44.24247770437776239, 71.00000000000001421, -15.02097682252573030 ) ) ;
#9950 = ADVANCED_FACE ( 'NONE', ( #5425 ), #3838, .F. ) ;
#9951 = EDGE_CURVE ( 'NONE', #899, #9251, #9275, .T. ) ;
#9952 = DIRECTION ( 'NONE',  ( 0.000000000000000000, 1.000000000000000000, -0.000000000000000000 ) ) ;
#9953 = ORIENTED_EDGE ( 'NONE', *, *, #4295, .F. ) ;
#9954 = CARTESIAN_POINT ( 'NONE',  ( -43.65916182791084310, 51.80555184251706891, -10.36353990452672491 ) ) ;
#9955 = EDGE_CURVE ( 'NONE', #7954, #3044, #3731, .T. ) ;
#9956 = DIRECTION ( 'NONE',  ( 0.000000000000000000, 0.000000000000000000, 1.000000000000000000 ) ) ;
#9957 = ORIENTED_EDGE ( 'NONE', *, *, #6321, .T. ) ;
#9958 = CYLINDRICAL_SURFACE ( 'NONE', #8999, 48.99999999999998579 ) ;
#9959 = CARTESIAN_POINT ( 'NONE',  ( 66.52214940782297958, -1.000000000000000000, -7.699999999999994849 ) ) ;
#9960 = ORIENTED_EDGE ( 'NONE', *, *, #8285, .T. ) ;
#9961 = PLANE ( 'NONE',  #5354 ) ;
#9962 = CARTESIAN_POINT ( 'NONE',  ( 54.79868713433972260, 18.12833065700224466, -4.710577380207607412 ) ) ;
#9963 = ORIENTED_EDGE ( 'NONE', *, *, #1966, .T. ) ;
#9964 = ORIENTED_EDGE ( 'NONE', *, *, #2700, .T. ) ;
#9965 = PLANE ( 'NONE',  #4282 ) ;
#9966 = PLANE ( 'NONE',  #9993 ) ;
#9967 = CARTESIAN_POINT ( 'NONE',  ( 23.45718077811476121, 70.83629404531720297, 18.21880096033378393 ) ) ;
#9968 = EDGE_LOOP ( 'NONE', ( #2273, #9506, #1825, #1073 ) ) ;
#9969 = DIRECTION ( 'NONE',  ( 0.000000000000000000, 1.000000000000000000, 0.000000000000000000 ) ) ;
#9970 = PLANE ( 'NONE',  #4103 ) ;
#9971 = CIRCLE ( 'NONE', #9486, 29.70000000000000995 ) ;
#9972 = EDGE_LOOP ( 'NONE', ( #1066, #6854 ) ) ;
#9973 = CARTESIAN_POINT ( 'NONE',  ( 25.02746746138357281, 74.83227724332923003, 8.477020986622225251 ) ) ;
#9974 = AXIS2_PLACEMENT_3D ( 'NONE', #10132, #6968, #3165 ) ;
#9975 = ORIENTED_EDGE ( 'NONE', *, *, #4200, .T. ) ;
#9976 = CARTESIAN_POINT ( 'NONE',  ( -19.85504925352084982, 74.83227724332931530, 17.43591212063571305 ) ) ;
#9977 = CARTESIAN_POINT ( 'NONE',  ( 6.249999999999299227, -1.000000000000000000, -66.52214940782305064 ) ) ;
#9978 = EDGE_CURVE ( 'NONE', #3622, #783, #10039, .T. ) ;
#9979 = VECTOR ( 'NONE', #3350, 1000.000000000000227 ) ;
#9980 = DIRECTION ( 'NONE',  ( -0.000000000000000000, -1.000000000000000000, -0.000000000000000000 ) ) ;
#9981 = DIRECTION ( 'NONE',  ( 0.000000000000000000, 0.000000000000000000, -1.000000000000000000 ) ) ;
#9982 = ORIENTED_EDGE ( 'NONE', *, *, #2573, .F. ) ;
#9983 = AXIS2_PLACEMENT_3D ( 'NONE', #7865, #3344, #6479 ) ;
#9984 = CARTESIAN_POINT ( 'NONE',  ( 12.50000000000014211, 31.20788311109079771, 43.28812969620309303 ) ) ;
#9985 = AXIS2_PLACEMENT_3D ( 'NONE', #3058, #7788, #3158 ) ;
#9986 = VECTOR ( 'NONE', #2931, 1000.000000000000114 ) ;
#9987 = CARTESIAN_POINT ( 'NONE',  ( -12.63457032201004893, 52.98927670248613708, 42.17095401559391377 ) ) ;
#9988 = CARTESIAN_POINT ( 'NONE',  ( 6.321780100164629879, 71.00000000000001421, -30.20241008561147567 ) ) ;
#9989 = VERTEX_POINT ( 'NONE', #6864 ) ;
#9990 = SURFACE_STYLE_FILL_AREA ( #9279 ) ;
#9991 = EDGE_CURVE ( 'NONE', #10090, #6565, #7797, .T. ) ;
#9992 = EDGE_LOOP ( 'NONE', ( #4350, #6088, #7847 ) ) ;
#9993 = AXIS2_PLACEMENT_3D ( 'NONE', #9255, #9305, #3870 ) ;
#9994 = CARTESIAN_POINT ( 'NONE',  ( 44.91633558724408459, 8.381831858921842127, 2.768800629152949000 ) ) ;
#9995 = VECTOR ( 'NONE', #8337, 1000.000000000000000 ) ;
#9996 = ORIENTED_EDGE ( 'NONE', *, *, #6768, .T. ) ;
#9997 = EDGE_CURVE ( 'NONE', #5975, #6940, #1896, .T. ) ;
#9998 = CARTESIAN_POINT ( 'NONE',  ( -8.756996203826419745, 70.50000000000000000, -46.17699662695888208 ) ) ;
#9999 = CARTESIAN_POINT ( 'NONE',  ( -34.25000000000000000, 23.30000000000000071, 5.000000000000000000 ) ) ;
#10000 = ADVANCED_FACE ( 'NONE', ( #6098 ), #4602, .T. ) ;
#10001 = VECTOR ( 'NONE', #1271, 1000.000000000000114 ) ;
#10002 = LINE ( 'NONE', #3743, #8435 ) ;
#10003 = ADVANCED_FACE ( 'NONE', ( #7752 ), #7021, .T. ) ;
#10004 = CARTESIAN_POINT ( 'NONE',  ( 11.25000000000000000, 4.000000000000000000, -12.99999999999999289 ) ) ;
#10005 = CARTESIAN_POINT ( 'NONE',  ( 0.000000000000000000, 71.00000000000001421, 0.000000000000000000 ) ) ;
#10006 = AXIS2_PLACEMENT_3D ( 'NONE', #5870, #6748, #2901 ) ;
#10007 = ORIENTED_EDGE ( 'NONE', *, *, #9382, .F. ) ;
#10008 = PLANE ( 'NONE',  #1507 ) ;
#10009 = EDGE_CURVE ( 'NONE', #4711, #5997, #9226, .T. ) ;
#10010 = CARTESIAN_POINT ( 'NONE',  ( 0.000000000000000000, 61.00000000000000711, 47.00000000000001421 ) ) ;
#10011 = VERTEX_POINT ( 'NONE', #9320 ) ;
#10012 = CARTESIAN_POINT ( 'NONE',  ( -37.01309697042754010, 62.68429458569848833, -6.248636873803881997 ) ) ;
#10013 = EDGE_LOOP ( 'NONE', ( #2759, #9570, #6456, #9571 ) ) ;
#10014 = DIRECTION ( 'NONE',  ( 0.000000000000000000, 1.000000000000000000, 0.000000000000000000 ) ) ;
#10015 = DIRECTION ( 'NONE',  ( -0.000000000000000000, 1.000000000000000000, 0.000000000000000000 ) ) ;
#10016 = EDGE_CURVE ( 'NONE', #305, #3291, #9937, .T. ) ;
#10017 = VECTOR ( 'NONE', #4834, 1000.000000000000227 ) ;
#10018 = EDGE_CURVE ( 'NONE', #2602, #10023, #833, .T. ) ;
#10019 = ORIENTED_EDGE ( 'NONE', *, *, #559, .F. ) ;
#10020 = FACE_OUTER_BOUND ( 'NONE', #9565, .T. ) ;
#10021 = CARTESIAN_POINT ( 'NONE',  ( 54.68034027484529958, 16.01013783986032379, 5.921484435937706792 ) ) ;
#10022 = EDGE_LOOP ( 'NONE', ( #4643, #4941, #9374, #5991 ) ) ;
#10023 = VERTEX_POINT ( 'NONE', #5677 ) ;
#10024 = DIRECTION ( 'NONE',  ( -0.9674806351920947067, 0.000000000000000000, 0.2529450939004372345 ) ) ;
#10025 = CARTESIAN_POINT ( 'NONE',  ( -63.04429881564596627, 31.20788311109079771, -17.49999999999999289 ) ) ;
#10026 = AXIS2_PLACEMENT_3D ( 'NONE', #2057, #1196, #464 ) ;
#10027 = EDGE_LOOP ( 'NONE', ( #3608, #6426, #2161, #7246 ) ) ;
#10028 = CARTESIAN_POINT ( 'NONE',  ( -34.25000000000000000, 23.30000000000000071, -5.000000000000000000 ) ) ;
#10029 = DIRECTION ( 'NONE',  ( 0.000000000000000000, 1.000000000000000000, 0.000000000000000000 ) ) ;
#10030 = VERTEX_POINT ( 'NONE', #202 ) ;
#10031 = DIRECTION ( 'NONE',  ( 0.000000000000000000, 0.000000000000000000, 1.000000000000000000 ) ) ;
#10032 = ORIENTED_EDGE ( 'NONE', *, *, #4813, .T. ) ;
#10033 = DIRECTION ( 'NONE',  ( -0.2588190451025180749, 0.000000000000000000, 0.9659258262890690894 ) ) ;
#10034 = CARTESIAN_POINT ( 'NONE',  ( 0.000000000000000000, 61.00000000000000711, 0.000000000000000000 ) ) ;
#10035 = DIRECTION ( 'NONE',  ( 0.000000000000000000, 1.000000000000000000, -0.000000000000000000 ) ) ;
#10036 = DIRECTION ( 'NONE',  ( 0.000000000000000000, 1.000000000000000000, 0.000000000000000000 ) ) ;
#10037 = VERTEX_POINT ( 'NONE', #2561 ) ;
#10038 = VECTOR ( 'NONE', #4653, 1000.000000000000114 ) ;
#10039 = LINE ( 'NONE', #6149, #5652 ) ;
#10040 = CARTESIAN_POINT ( 'NONE',  ( 11.25000000000000000, 0.000000000000000000, 13.00000000000000000 ) ) ;
#10041 = DIRECTION ( 'NONE',  ( -0.000000000000000000, 1.000000000000000000, -0.000000000000000000 ) ) ;
#10042 = ORIENTED_EDGE ( 'NONE', *, *, #7013, .T. ) ;
#10043 = DIRECTION ( 'NONE',  ( 0.9674806351920964831, 0.000000000000000000, 0.2529450939004305732 ) ) ;
#10044 = ORIENTED_EDGE ( 'NONE', *, *, #9125, .F. ) ;
#10045 = CARTESIAN_POINT ( 'NONE',  ( 44.56385867493971631, 13.59194128363048293, -6.250000000000002665 ) ) ;
#10046 = EDGE_LOOP ( 'NONE', ( #9021, #1106, #9882, #1615, #5034, #6598, #8890, #8932 ) ) ;
#10047 = CARTESIAN_POINT ( 'NONE',  ( -42.43524478543740486, 26.00000000000001066, -24.50000000000014921 ) ) ;
#10048 = CARTESIAN_POINT ( 'NONE',  ( 1.209568566442587478, 61.00000000000000711, -1.209568566442616788 ) ) ;
#10049 = EDGE_CURVE ( 'NONE', #9403, #9989, #8715, .T. ) ;
#10050 = EDGE_CURVE ( 'NONE', #2508, #6419, #8613, .T. ) ;
#10051 = CARTESIAN_POINT ( 'NONE',  ( 2.954460402942989788E-15, 56.00000000000000711, 24.12500000000000000 ) ) ;
#10052 = DIRECTION ( 'NONE',  ( -0.4999999999999977796, 0.000000000000000000, 0.8660254037844398178 ) ) ;
#10053 = LINE ( 'NONE', #681, #8779 ) ;
#10054 = VERTEX_POINT ( 'NONE', #1631 ) ;
#10055 = CARTESIAN_POINT ( 'NONE',  ( -73.04429881564593074, 44.31128874149274566, 17.49999999999999289 ) ) ;
#10056 = DIRECTION ( 'NONE',  ( 0.000000000000000000, 0.000000000000000000, 1.000000000000000000 ) ) ;
#10057 = ORIENTED_EDGE ( 'NONE', *, *, #1966, .F. ) ;
#10058 = DIRECTION ( 'NONE',  ( 0.000000000000000000, -1.000000000000000000, 0.000000000000000000 ) ) ;
#10059 = AXIS2_PLACEMENT_3D ( 'NONE', #1450, #1502, #7504 ) ;
#10060 = EDGE_LOOP ( 'NONE', ( #2771, #3055, #8157, #619 ) ) ;
#10061 = LINE ( 'NONE', #3705, #1802 ) ;
#10062 = CARTESIAN_POINT ( 'NONE',  ( 0.000000000000000000, 71.00000000000001421, 0.000000000000000000 ) ) ;
#10063 = PRODUCT_DEFINITION ( 'UNKNOWN', '', #1246, #6924 ) ;
#10064 = EDGE_CURVE ( 'NONE', #4711, #8146, #9532, .T. ) ;
#10065 = EDGE_LOOP ( 'NONE', ( #6441, #7025, #5785, #1838 ) ) ;
#10066 = DIRECTION ( 'NONE',  ( 0.000000000000000000, -1.000000000000000000, 0.000000000000000000 ) ) ;
#10067 = CARTESIAN_POINT ( 'NONE',  ( 54.86853147559613575, 18.96688697718225214, 3.815942270758413191 ) ) ;
#10068 = EDGE_LOOP ( 'NONE', ( #4681, #7813, #3153 ) ) ;
#10069 = AXIS2_PLACEMENT_3D ( 'NONE', #1230, #9932, #5938 ) ;
#10070 = ORIENTED_EDGE ( 'NONE', *, *, #6372, .T. ) ;
#10071 = CARTESIAN_POINT ( 'NONE',  ( -35.61195404750138493, 61.00000000000000711, 30.67227948683718708 ) ) ;
#10072 = DIRECTION ( 'NONE',  ( 0.1959446569354254264, 0.6533314309053441793, -0.7312754151546693171 ) ) ;
#10073 = EDGE_CURVE ( 'NONE', #4495, #1543, #2351, .T. ) ;
#10074 = ORIENTED_EDGE ( 'NONE', *, *, #605, .T. ) ;
#10075 = EDGE_CURVE ( 'NONE', #2692, #8120, #1585, .T. ) ;
#10076 = FACE_OUTER_BOUND ( 'NONE', #1021, .T. ) ;
#10077 = CARTESIAN_POINT ( 'NONE',  ( -31.51983550409811485, 61.00000000000000711, -15.76324483274674293 ) ) ;
#10078 = CIRCLE ( 'NONE', #5987, 31.20000000000000995 ) ;
#10079 = EDGE_LOOP ( 'NONE', ( #683, #8648, #7075, #4504 ) ) ;
#10080 = DIRECTION ( 'NONE',  ( 0.2588190451025347283, 0.000000000000000000, 0.9659258262890645375 ) ) ;
#10081 = ORIENTED_EDGE ( 'NONE', *, *, #2674, .T. ) ;
#10082 = FACE_OUTER_BOUND ( 'NONE', #9694, .T. ) ;
#10083 = EDGE_CURVE ( 'NONE', #4081, #3855, #4800, .T. ) ;
#10084 = EDGE_CURVE ( 'NONE', #1532, #5896, #7122, .T. ) ;
#10085 = FACE_OUTER_BOUND ( 'NONE', #5890, .T. ) ;
#10086 = CARTESIAN_POINT ( 'NONE',  ( 42.83840264033474909, 52.98927670248613708, -10.14361814303532583 ) ) ;
#10087 = ADVANCED_FACE ( 'NONE', ( #8002 ), #3218, .F. ) ;
#10088 = EDGE_CURVE ( 'NONE', #7576, #8443, #5628, .T. ) ;
#10089 = VECTOR ( 'NONE', #2340, 1000.000000000000227 ) ;
#10090 = VERTEX_POINT ( 'NONE', #9375 ) ;
#10091 = VECTOR ( 'NONE', #5330, 1000.000000000000000 ) ;
#10092 = DIRECTION ( 'NONE',  ( -0.2646834405156327508, 0.000000000000000000, -0.9643353546960763412 ) ) ;
#10093 = CARTESIAN_POINT ( 'NONE',  ( -42.83840264033471357, 52.98927670248611577, 10.14361814303533293 ) ) ;
#10094 = CARTESIAN_POINT ( 'NONE',  ( -9.719403950192180730, 61.00000000000000711, -42.88251491892219747 ) ) ;
#10095 = FACE_OUTER_BOUND ( 'NONE', #3403, .T. ) ;
#10096 = ORIENTED_EDGE ( 'NONE', *, *, #6188, .F. ) ;
#10097 = CARTESIAN_POINT ( 'NONE',  ( 44.59317312447331005, 12.37155063149356948, 6.037594180245230646 ) ) ;
#10098 = ORIENTED_EDGE ( 'NONE', *, *, #6131, .T. ) ;
#10099 = CIRCLE ( 'NONE', #3880, 29.70000000000000284 ) ;
#10100 = LINE ( 'NONE', #1499, #7660 ) ;
#10101 = CARTESIAN_POINT ( 'NONE',  ( -32.99228640346468922, 71.00000000000001421, -30.57314927057915099 ) ) ;
#10102 = AXIS2_PLACEMENT_3D ( 'NONE', #2423, #5540, #4878 ) ;
#10103 = DIRECTION ( 'NONE',  ( 0.000000000000000000, 0.000000000000000000, -1.000000000000000000 ) ) ;
#10104 = DIRECTION ( 'NONE',  ( -0.000000000000000000, 1.000000000000000000, -0.000000000000000000 ) ) ;
#10105 = DIRECTION ( 'NONE',  ( 0.000000000000000000, 0.000000000000000000, 1.000000000000000000 ) ) ;
#10106 = ORIENTED_EDGE ( 'NONE', *, *, #9139, .T. ) ;
#10107 = DIRECTION ( 'NONE',  ( 0.000000000000000000, 1.000000000000000000, 0.000000000000000000 ) ) ;
#10108 = FACE_OUTER_BOUND ( 'NONE', #4222, .T. ) ;
#10109 = VERTEX_POINT ( 'NONE', #3941 ) ;
#10110 = EDGE_CURVE ( 'NONE', #8729, #5271, #2452, .T. ) ;
#10111 = PLANE ( 'NONE',  #7736 ) ;
#10112 = ORIENTED_EDGE ( 'NONE', *, *, #3225, .T. ) ;
#10113 = CARTESIAN_POINT ( 'NONE',  ( 0.000000000000000000, 4.000000000000000000, 0.000000000000000000 ) ) ;
#10114 = CARTESIAN_POINT ( 'NONE',  ( 0.000000000000000000, 71.00000000000001421, 0.000000000000000000 ) ) ;
#10115 = ORIENTED_EDGE ( 'NONE', *, *, #1253, .T. ) ;
#10116 = CARTESIAN_POINT ( 'NONE',  ( -40.46294601237035948, 22.50000000000000000, 13.00000000000000000 ) ) ;
#10117 = CARTESIAN_POINT ( 'NONE',  ( 54.99534597959276994, 20.20941867254625279, -0.8202127121036190127 ) ) ;
#10118 = ORIENTED_EDGE ( 'NONE', *, *, #923, .T. ) ;
#10119 = ORIENTED_EDGE ( 'NONE', *, *, #2991, .T. ) ;
#10120 = CARTESIAN_POINT ( 'NONE',  ( 63.04429881564596627, 31.20788311109079771, 12.49999999999999112 ) ) ;
#10121 = CARTESIAN_POINT ( 'NONE',  ( 17.49999999999999289, 4.000000000000000000, -1.833027702892644191E-13 ) ) ;
#10122 = ORIENTED_EDGE ( 'NONE', *, *, #4973, .F. ) ;
#10123 = DIRECTION ( 'NONE',  ( 0.9674806351920982594, 0.000000000000000000, 0.2529450939004239118 ) ) ;
#10124 = CARTESIAN_POINT ( 'NONE',  ( 0.000000000000000000, 4.000000000000000000, 0.000000000000000000 ) ) ;
#10125 = ADVANCED_FACE ( 'NONE', ( #1786 ), #5574, .T. ) ;
#10126 = ORIENTED_EDGE ( 'NONE', *, *, #4326, .T. ) ;
#10127 = EDGE_CURVE ( 'NONE', #601, #7620, #7947, .T. ) ;
#10128 = DIRECTION ( 'NONE',  ( -0.000000000000000000, 1.000000000000000000, -0.000000000000000000 ) ) ;
#10129 = ORIENTED_EDGE ( 'NONE', *, *, #3337, .F. ) ;
#10130 = EDGE_CURVE ( 'NONE', #4297, #6183, #3267, .T. ) ;
#10131 = DIRECTION ( 'NONE',  ( -0.000000000000000000, 1.000000000000000000, -0.000000000000000000 ) ) ;
#10132 = CARTESIAN_POINT ( 'NONE',  ( -6.633085908508203232, 61.00000000000000711, -25.37065285232701584 ) ) ;
#10133 = CARTESIAN_POINT ( 'NONE',  ( 12.50000000000020961, 31.20788311109079771, 63.04429881564592364 ) ) ;
#10134 = AXIS2_PLACEMENT_3D ( 'NONE', #9118, #6089, #8307 ) ;
#10135 = ORIENTED_EDGE ( 'NONE', *, *, #5701, .F. ) ;
#10136 = DIRECTION ( 'NONE',  ( 1.000000000000000000, 0.000000000000000000, -0.000000000000000000 ) ) ;
#10137 = ADVANCED_FACE ( 'NONE', ( #8057 ), #811, .T. ) ;
#10138 = ADVANCED_FACE ( 'NONE', ( #2507 ), #3168, .F. ) ;
#10139 = VECTOR ( 'NONE', #2148, 1000.000000000000114 ) ;
#10140 = EDGE_CURVE ( 'NONE', #5039, #8214, #7306, .T. ) ;
#10141 = DIRECTION ( 'NONE',  ( 0.000000000000000000, 1.000000000000000000, 0.000000000000000000 ) ) ;
#10142 = AXIS2_PLACEMENT_3D ( 'NONE', #5001, #9569, #6392 ) ;
#10143 = PLANE ( 'NONE',  #6449 ) ;
#10144 = VECTOR ( 'NONE', #8082, 1000.000000000000000 ) ;
#10145 = CARTESIAN_POINT ( 'NONE',  ( 12.85449208350149775, 51.80555184251709022, 42.99171320317002909 ) ) ;
#10146 = VERTEX_POINT ( 'NONE', #9423 ) ;
#10147 = CARTESIAN_POINT ( 'NONE',  ( 44.94651743231855079, 8.146970274926745859, 2.201462146793521590 ) ) ;
#10148 = ORIENTED_EDGE ( 'NONE', *, *, #2930, .F. ) ;
#10149 = AXIS2_PLACEMENT_3D ( 'NONE', #631, #577, #6067 ) ;
ENDSEC;
END-ISO-10303-21;
