ISO-10303-21;
HEADER;
FILE_DESCRIPTION (( 'STEP AP214' ),
    '1' );
FILE_NAME ('Full Gear.STEP',
    '2026-08-26T09:50:17',
    ( '' ),
    ( '' ),
    'SwSTEP 2.0',
    'SolidWorks 2025',
    '' );
FILE_SCHEMA (( 'AUTOMOTIVE_DESIGN' ));
ENDSEC;

DATA;
#1 = CIRCLE ( 'NONE', #852, 5.400000000000000355 ) ;
#2 = ORIENTED_EDGE ( 'NONE', *, *, #189, .T. ) ;
#3 = AXIS2_PLACEMENT_3D ( 'NONE', #331, #1895, #2941 ) ;
#4 = DIRECTION ( 'NONE',  ( 0.000000000000000000, 1.000000000000000000, -0.000000000000000000 ) ) ;
#5 = VERTEX_POINT ( 'NONE', #772 ) ;
#6 = FACE_OUTER_BOUND ( 'NONE', #1971, .T. ) ;
#7 = CARTESIAN_POINT ( 'NONE',  ( 12.49883040889819874, 7.000000000000000000, -2.183491939546412297 ) ) ;
#8 = ORIENTED_EDGE ( 'NONE', *, *, #1802, .F. ) ;
#9 = PLANE ( 'NONE',  #2365 ) ;
#10 = LINE ( 'NONE', #1900, #1764 ) ;
#11 = ORIENTED_EDGE ( 'NONE', *, *, #2560, .T. ) ;
#12 = EDGE_CURVE ( 'NONE', #895, #755, #3150, .T. ) ;
#13 = CARTESIAN_POINT ( 'NONE',  ( -12.66995165736641837, 7.000000000000000000, 7.314999999999869829 ) ) ;
#14 = CARTESIAN_POINT ( 'NONE',  ( -5.121926460211264853, 7.000000000000000000, -10.95143686171763164 ) ) ;
#15 = CARTESIAN_POINT ( 'NONE',  ( -14.05126093462724057, 0.000000000000000000, -4.085959635999643957 ) ) ;
#16 = VERTEX_POINT ( 'NONE', #1708 ) ;
#17 = VERTEX_POINT ( 'NONE', #1959 ) ;
#18 = VECTOR ( 'NONE', #2767, 1000.000000000000000 ) ;
#19 = DIRECTION ( 'NONE',  ( 0.000000000000000000, 0.000000000000000000, 1.000000000000000000 ) ) ;
#20 = FILL_AREA_STYLE_COLOUR ( '', #1594 ) ;
#21 = AXIS2_PLACEMENT_3D ( 'NONE', #3057, #1239, #736 ) ;
#22 = ORIENTED_EDGE ( 'NONE', *, *, #3146, .F. ) ;
#23 = AXIS2_PLACEMENT_3D ( 'NONE', #2849, #757, #1012 ) ;
#24 = CARTESIAN_POINT ( 'NONE',  ( -14.63000000000000433, 0.000000000000000000, 0.3099999999998467315 ) ) ;
#25 = VECTOR ( 'NONE', #2748, 1000.000000000000114 ) ;
#26 = DIRECTION ( 'NONE',  ( -0.000000000000000000, -1.000000000000000000, -0.000000000000000000 ) ) ;
#27 = ORIENTED_EDGE ( 'NONE', *, *, #1525, .T. ) ;
#28 = EDGE_CURVE ( 'NONE', #667, #66, #2867, .T. ) ;
#29 = CIRCLE ( 'NONE', #2401, 12.08999999999999986 ) ;
#30 = CARTESIAN_POINT ( 'NONE',  ( 9.732558681926068544, 7.000000000000000000, -8.140374693054859279 ) ) ;
#31 = LINE ( 'NONE', #2972, #315 ) ;
#32 = AXIS2_PLACEMENT_3D ( 'NONE', #2897, #549, #2597 ) ;
#33 = DIRECTION ( 'NONE',  ( 0.000000000000000000, 0.000000000000000000, 1.000000000000000000 ) ) ;
#34 = EDGE_CURVE ( 'NONE', #633, #572, #591, .T. ) ;
#35 = ORIENTED_EDGE ( 'NONE', *, *, #350, .T. ) ;
#36 = EDGE_CURVE ( 'NONE', #126, #2152, #172, .T. ) ;
#37 = ORIENTED_EDGE ( 'NONE', *, *, #1306, .F. ) ;
#38 = EDGE_CURVE ( 'NONE', #580, #2444, #1126, .T. ) ;
#39 = CIRCLE ( 'NONE', #1373, 12.08999999999999986 ) ;
#40 = DIRECTION ( 'NONE',  ( -0.000000000000000000, -1.000000000000000000, -0.000000000000000000 ) ) ;
#41 = CYLINDRICAL_SURFACE ( 'NONE', #1317, 5.400000000000000355 ) ;
#42 = ORIENTED_EDGE ( 'NONE', *, *, #3311, .F. ) ;
#43 = AXIS2_PLACEMENT_3D ( 'NONE', #2384, #1354, #2187 ) ;
#44 = EDGE_LOOP ( 'NONE', ( #2269, #2933, #1010, #1762 ) ) ;
#45 = CIRCLE ( 'NONE', #2471, 5.400000000000001243 ) ;
#46 = CARTESIAN_POINT ( 'NONE',  ( -2.112960617221101511, 0.000000000000000000, -11.90392781522437815 ) ) ;
#47 = CARTESIAN_POINT ( 'NONE',  ( 0.000000000000000000, 7.000000000000000000, 0.000000000000000000 ) ) ;
#48 = ORIENTED_EDGE ( 'NONE', *, *, #2505, .F. ) ;
#49 = DIRECTION ( 'NONE',  ( 0.000000000000000000, 1.000000000000000000, -0.000000000000000000 ) ) ;
#50 = LINE ( 'NONE', #903, #2014 ) ;
#51 = ORIENTED_EDGE ( 'NONE', *, *, #1738, .F. ) ;
#52 = DIRECTION ( 'NONE',  ( -0.000000000000000000, -1.000000000000000000, -0.000000000000000000 ) ) ;
#53 = ADVANCED_FACE ( 'NONE', ( #666 ), #1430, .T. ) ;
#54 = DIRECTION ( 'NONE',  ( -0.000000000000000000, -1.000000000000000000, -0.000000000000000000 ) ) ;
#55 = DIRECTION ( 'NONE',  ( 7.067391939164769352E-15, 0.000000000000000000, 1.000000000000000000 ) ) ;
#56 = DIRECTION ( 'NONE',  ( -0.000000000000000000, -1.000000000000000000, -0.000000000000000000 ) ) ;
#57 = EDGE_CURVE ( 'NONE', #2030, #2978, #108, .T. ) ;
#58 = ORIENTED_EDGE ( 'NONE', *, *, #1955, .F. ) ;
#59 = LINE ( 'NONE', #1131, #160 ) ;
#60 = DIRECTION ( 'NONE',  ( 0.000000000000000000, 0.000000000000000000, 1.000000000000000000 ) ) ;
#61 = EDGE_LOOP ( 'NONE', ( #1201, #3327, #471, #1151 ) ) ;
#62 = ORIENTED_EDGE ( 'NONE', *, *, #2330, .F. ) ;
#63 = CARTESIAN_POINT ( 'NONE',  ( 0.000000000000000000, 7.000000000000000000, 0.000000000000000000 ) ) ;
#64 = DIRECTION ( 'NONE',  ( 0.000000000000000000, 0.000000000000000000, 1.000000000000000000 ) ) ;
#65 = DIRECTION ( 'NONE',  ( -0.000000000000000000, -1.000000000000000000, -0.000000000000000000 ) ) ;
#66 = VERTEX_POINT ( 'NONE', #3271 ) ;
#67 = CARTESIAN_POINT ( 'NONE',  ( -11.36558420141106218, 0.000000000000000000, -4.122086335902642062 ) ) ;
#68 = EDGE_CURVE ( 'NONE', #2060, #119, #569, .T. ) ;
#69 = ADVANCED_FACE ( 'NONE', ( #927 ), #3203, .T. ) ;
#70 = VERTEX_POINT ( 'NONE', #1643 ) ;
#71 = DIRECTION ( 'NONE',  ( -0.000000000000000000, -1.000000000000000000, -0.000000000000000000 ) ) ;
#72 = ORIENTED_EDGE ( 'NONE', *, *, #3037, .F. ) ;
#73 = ORIENTED_EDGE ( 'NONE', *, *, #3149, .T. ) ;
#74 = ADVANCED_FACE ( 'NONE', ( #2977 ), #2813, .F. ) ;
#75 = AXIS2_PLACEMENT_3D ( 'NONE', #1203, #1990, #2243 ) ;
#76 = DIRECTION ( 'NONE',  ( 0.000000000000000000, 0.000000000000000000, -1.000000000000000000 ) ) ;
#77 = EDGE_CURVE ( 'NONE', #969, #3340, #944, .T. ) ;
#78 = DIRECTION ( 'NONE',  ( -0.000000000000000000, -1.000000000000000000, -0.000000000000000000 ) ) ;
#79 = ORIENTED_EDGE ( 'NONE', *, *, #3103, .F. ) ;
#80 = ORIENTED_EDGE ( 'NONE', *, *, #2361, .F. ) ;
#81 = VECTOR ( 'NONE', #2447, 1000.000000000000227 ) ;
#82 = CARTESIAN_POINT ( 'NONE',  ( -4.085959635999596884, 0.000000000000000000, 14.05126093462725656 ) ) ;
#83 = LINE ( 'NONE', #623, #2721 ) ;
#84 = VERTEX_POINT ( 'NONE', #1515 ) ;
#85 = AXIS2_PLACEMENT_3D ( 'NONE', #1923, #306, #1138 ) ;
#86 = DIRECTION ( 'NONE',  ( -0.000000000000000000, -1.000000000000000000, -0.000000000000000000 ) ) ;
#87 = AXIS2_PLACEMENT_3D ( 'NONE', #1913, #277, #2404 ) ;
#88 = AXIS2_PLACEMENT_3D ( 'NONE', #3098, #216, #2058 ) ;
#89 = ORIENTED_EDGE ( 'NONE', *, *, #3073, .T. ) ;
#90 = CARTESIAN_POINT ( 'NONE',  ( 0.000000000000000000, 7.000000000000000000, 0.000000000000000000 ) ) ;
#91 = CARTESIAN_POINT ( 'NONE',  ( 8.140374693054893029, 7.000000000000000000, -9.732558681926040123 ) ) ;
#92 = ORIENTED_EDGE ( 'NONE', *, *, #1061, .T. ) ;
#93 = VERTEX_POINT ( 'NONE', #1242 ) ;
#94 = CARTESIAN_POINT ( 'NONE',  ( -14.05126093462724057, 7.000000000000000000, -4.085959635999643957 ) ) ;
#95 = DIRECTION ( 'NONE',  ( -0.000000000000000000, -1.000000000000000000, 0.000000000000000000 ) ) ;
#96 = AXIS2_PLACEMENT_3D ( 'NONE', #2553, #2326, #2343 ) ;
#97 = CIRCLE ( 'NONE', #157, 5.400000000000002132 ) ;
#98 = EDGE_CURVE ( 'NONE', #3268, #2834, #1834, .T. ) ;
#99 = LINE ( 'NONE', #2498, #1214 ) ;
#100 = DIRECTION ( 'NONE',  ( -0.8660254037844344888, 0.000000000000000000, -0.5000000000000072164 ) ) ;
#101 = DIRECTION ( 'NONE',  ( -0.000000000000000000, -1.000000000000000000, -0.000000000000000000 ) ) ;
#102 = ORIENTED_EDGE ( 'NONE', *, *, #1903, .F. ) ;
#103 = EDGE_CURVE ( 'NONE', #1079, #586, #700, .T. ) ;
#104 = FACE_OUTER_BOUND ( 'NONE', #3223, .T. ) ;
#105 = ORIENTED_EDGE ( 'NONE', *, *, #1525, .F. ) ;
#106 = AXIS2_PLACEMENT_3D ( 'NONE', #1789, #2574, #1236 ) ;
#107 = LINE ( 'NONE', #2960, #2128 ) ;
#108 = LINE ( 'NONE', #2679, #2045 ) ;
#109 = AXIS2_PLACEMENT_3D ( 'NONE', #3349, #2606, #1527 ) ;
#110 = ORIENTED_EDGE ( 'NONE', *, *, #1061, .F. ) ;
#111 = ORIENTED_EDGE ( 'NONE', *, *, #1485, .F. ) ;
#112 = CARTESIAN_POINT ( 'NONE',  ( -7.046532124826931032, 7.000000000000000000, 12.82495165736627918 ) ) ;
#113 = LINE ( 'NONE', #1196, #2301 ) ;
#114 = EDGE_CURVE ( 'NONE', #995, #2853, #2561, .T. ) ;
#115 = DIRECTION ( 'NONE',  ( -0.000000000000000000, -1.000000000000000000, -0.000000000000000000 ) ) ;
#116 = CARTESIAN_POINT ( 'NONE',  ( 11.40912354214818336, 7.000000000000000000, -4.000000000000006217 ) ) ;
#117 = CARTESIAN_POINT ( 'NONE',  ( 0.000000000000000000, 7.000000000000000000, 0.000000000000000000 ) ) ;
#118 = EDGE_CURVE ( 'NONE', #537, #2707, #1118, .T. ) ;
#119 = VERTEX_POINT ( 'NONE', #2250 ) ;
#120 = DIRECTION ( 'NONE',  ( 0.000000000000000000, -1.000000000000000000, 0.000000000000000000 ) ) ;
#121 = ADVANCED_FACE ( 'NONE', ( #1463 ), #2029, .T. ) ;
#122 = ORIENTED_EDGE ( 'NONE', *, *, #369, .F. ) ;
#123 = ADVANCED_FACE ( 'NONE', ( #468, #2508, #1013 ), #3102, .F. ) ;
#124 = DIRECTION ( 'NONE',  ( 0.000000000000000000, 0.000000000000000000, 1.000000000000000000 ) ) ;
#125 = DIRECTION ( 'NONE',  ( 0.000000000000000000, 0.000000000000000000, 1.000000000000000000 ) ) ;
#126 = VERTEX_POINT ( 'NONE', #758 ) ;
#127 = ORIENTED_EDGE ( 'NONE', *, *, #234, .T. ) ;
#128 = LINE ( 'NONE', #2777, #2626 ) ;
#129 = DIRECTION ( 'NONE',  ( 0.000000000000000000, 1.000000000000000000, -0.000000000000000000 ) ) ;
#130 = DIRECTION ( 'NONE',  ( 0.000000000000000000, 1.000000000000000000, -0.000000000000000000 ) ) ;
#131 = CARTESIAN_POINT ( 'NONE',  ( -10.12576910659123364, 7.000000000000000000, -10.56417531092714412 ) ) ;
#132 = CARTESIAN_POINT ( 'NONE',  ( 12.51495165736630888, 7.000000000000000000, 7.583467875173234063 ) ) ;
#133 = EDGE_CURVE ( 'NONE', #3211, #2684, #348, .T. ) ;
#134 = EDGE_LOOP ( 'NONE', ( #1238, #1902, #2798, #1110 ) ) ;
#135 = DIRECTION ( 'NONE',  ( -0.000000000000000000, -1.000000000000000000, -0.000000000000000000 ) ) ;
#136 = VECTOR ( 'NONE', #2599, 1000.000000000000000 ) ;
#137 = CIRCLE ( 'NONE', #596, 5.400000000000002132 ) ;
#138 = ORIENTED_EDGE ( 'NONE', *, *, #57, .T. ) ;
#139 = ORIENTED_EDGE ( 'NONE', *, *, #3220, .T. ) ;
#140 = EDGE_CURVE ( 'NONE', #2321, #3290, #459, .T. ) ;
#141 = EDGE_CURVE ( 'NONE', #2032, #2378, #416, .T. ) ;
#142 = AXIS2_PLACEMENT_3D ( 'NONE', #2906, #1623, #2421 ) ;
#143 = DIRECTION ( 'NONE',  ( -0.2588190451025131900, 0.000000000000000000, -0.9659258262890703106 ) ) ;
#144 = EDGE_CURVE ( 'NONE', #353, #3124, #2926, .T. ) ;
#145 = CARTESIAN_POINT ( 'NONE',  ( 3.786522629849769839, 7.000000000000000000, 14.13149483860910394 ) ) ;
#146 = PRODUCT_CONTEXT ( 'NONE', #1132, 'mechanical' ) ;
#147 = ORIENTED_EDGE ( 'NONE', *, *, #118, .F. ) ;
#148 = VECTOR ( 'NONE', #3115, 1000.000000000000000 ) ;
#149 = EDGE_LOOP ( 'NONE', ( #241, #1956, #139, #2547 ) ) ;
#150 = ADVANCED_FACE ( 'NONE', ( #223 ), #2333, .T. ) ;
#151 = CARTESIAN_POINT ( 'NONE',  ( 2.183491939546367888, 0.000000000000000000, 12.49883040889820585 ) ) ;
#152 = CARTESIAN_POINT ( 'NONE',  ( 0.000000000000000000, 7.000000000000000000, 0.000000000000000000 ) ) ;
#153 = VERTEX_POINT ( 'NONE', #342 ) ;
#154 = ORIENTED_EDGE ( 'NONE', *, *, #1552, .F. ) ;
#155 = CARTESIAN_POINT ( 'NONE',  ( 10.56417531092703932, 0.000000000000000000, -10.12576910659134732 ) ) ;
#156 = CARTESIAN_POINT ( 'NONE',  ( 0.000000000000000000, 7.000000000000000000, 4.000000000000006217 ) ) ;
#157 = AXIS2_PLACEMENT_3D ( 'NONE', #406, #636, #651 ) ;
#158 = AXIS2_PLACEMENT_3D ( 'NONE', #2543, #2526, #1704 ) ;
#159 = ORIENTED_EDGE ( 'NONE', *, *, #1292, .T. ) ;
#160 = VECTOR ( 'NONE', #2165, 1000.000000000000000 ) ;
#161 = AXIS2_PLACEMENT_3D ( 'NONE', #3421, #1073, #1253 ) ;
#162 = CARTESIAN_POINT ( 'NONE',  ( -14.63000000000000078, 7.000000000000000000, -1.637355126034883034E-13 ) ) ;
#163 = ORIENTED_EDGE ( 'NONE', *, *, #2222, .F. ) ;
#164 = ORIENTED_EDGE ( 'NONE', *, *, #36, .F. ) ;
#165 = CARTESIAN_POINT ( 'NONE',  ( 7.583467875173190542, 0.000000000000000000, -12.51495165736633020 ) ) ;
#166 = EDGE_CURVE ( 'NONE', #1897, #2107, #2309, .T. ) ;
#167 = ORIENTED_EDGE ( 'NONE', *, *, #649, .T. ) ;
#168 = CARTESIAN_POINT ( 'NONE',  ( -12.66995165736626738, 7.000000000000000000, -7.315000000000123848 ) ) ;
#169 = CIRCLE ( 'NONE', #1443, 5.400000000000002132 ) ;
#170 = DIRECTION ( 'NONE',  ( -0.000000000000000000, -1.000000000000000000, -0.000000000000000000 ) ) ;
#171 = ORIENTED_EDGE ( 'NONE', *, *, #806, .F. ) ;
#172 = CIRCLE ( 'NONE', #2047, 5.400000000000000355 ) ;
#173 = CARTESIAN_POINT ( 'NONE',  ( 10.34497220875923595, 7.000000000000000000, -10.34497220875915069 ) ) ;
#174 = CARTESIAN_POINT ( 'NONE',  ( -3.786522629849683241, 0.000000000000000000, -14.13149483860912170 ) ) ;
#175 = DIRECTION ( 'NONE',  ( 0.000000000000000000, 0.000000000000000000, -1.000000000000000000 ) ) ;
#176 = ORIENTED_EDGE ( 'NONE', *, *, #2987, .F. ) ;
#177 = CARTESIAN_POINT ( 'NONE',  ( 0.000000000000000000, 0.000000000000000000, 0.000000000000000000 ) ) ;
#178 = CARTESIAN_POINT ( 'NONE',  ( -10.38196969615191456, 7.000000000000000000, -7.294045781913199633 ) ) ;
#179 = PLANE ( 'NONE',  #226 ) ;
#180 = DIRECTION ( 'NONE',  ( -0.000000000000000000, -1.000000000000000000, -0.000000000000000000 ) ) ;
#181 = VERTEX_POINT ( 'NONE', #1281 ) ;
#182 = ADVANCED_FACE ( 'NONE', ( #1583 ), #2372, .T. ) ;
#183 = ORIENTED_EDGE ( 'NONE', *, *, #347, .F. ) ;
#184 = ORIENTED_EDGE ( 'NONE', *, *, #2836, .F. ) ;
#185 = DIRECTION ( 'NONE',  ( 0.000000000000000000, 0.000000000000000000, -1.000000000000000000 ) ) ;
#186 = CARTESIAN_POINT ( 'NONE',  ( 12.82495165736635379, 7.000000000000000000, -7.046532124826794252 ) ) ;
#187 = ORIENTED_EDGE ( 'NONE', *, *, #1982, .T. ) ;
#188 = EDGE_CURVE ( 'NONE', #2185, #1861, #2696, .T. ) ;
#189 = EDGE_CURVE ( 'NONE', #923, #213, #2803, .T. ) ;
#190 = FACE_OUTER_BOUND ( 'NONE', #1461, .T. ) ;
#191 = LINE ( 'NONE', #1020, #2374 ) ;
#192 = DIRECTION ( 'NONE',  ( -0.000000000000000000, -1.000000000000000000, -0.000000000000000000 ) ) ;
#193 = AXIS2_PLACEMENT_3D ( 'NONE', #1828, #2881, #1274 ) ;
#194 = VERTEX_POINT ( 'NONE', #1906 ) ;
#195 = EDGE_CURVE ( 'NONE', #638, #1597, #239, .T. ) ;
#196 = DIRECTION ( 'NONE',  ( -0.000000000000000000, -1.000000000000000000, -0.000000000000000000 ) ) ;
#197 = CYLINDRICAL_SURFACE ( 'NONE', #1094, 5.400000000000000355 ) ;
#198 = ORIENTED_EDGE ( 'NONE', *, *, #2361, .T. ) ;
#199 = CARTESIAN_POINT ( 'NONE',  ( -11.90392781522437105, 7.000000000000000000, 2.112960617221138371 ) ) ;
#200 = AXIS2_PLACEMENT_3D ( 'NONE', #156, #1219, #2259 ) ;
#201 = DIRECTION ( 'NONE',  ( 0.000000000000000000, -1.000000000000000000, 0.000000000000000000 ) ) ;
#202 = ORIENTED_EDGE ( 'NONE', *, *, #1549, .T. ) ;
#203 = ORIENTED_EDGE ( 'NONE', *, *, #1882, .F. ) ;
#204 = VERTEX_POINT ( 'NONE', #2851 ) ;
#205 = LINE ( 'NONE', #3085, #3285 ) ;
#206 = VECTOR ( 'NONE', #2579, 1000.000000000000000 ) ;
#207 = DIRECTION ( 'NONE',  ( -0.000000000000000000, -1.000000000000000000, -0.000000000000000000 ) ) ;
#208 = ORIENTED_EDGE ( 'NONE', *, *, #3122, .T. ) ;
#209 = ORIENTED_EDGE ( 'NONE', *, *, #3108, .F. ) ;
#210 = LINE ( 'NONE', #2605, #3244 ) ;
#211 = CARTESIAN_POINT ( 'NONE',  ( -3.487085623700376225, 7.000000000000000000, 14.21172874259082519 ) ) ;
#212 = CARTESIAN_POINT ( 'NONE',  ( 0.000000000000000000, 0.000000000000000000, 0.000000000000000000 ) ) ;
#213 = VERTEX_POINT ( 'NONE', #252 ) ;
#214 = EDGE_CURVE ( 'NONE', #871, #2774, #776, .T. ) ;
#215 = CARTESIAN_POINT ( 'NONE',  ( 2.112960617221264936, 0.000000000000000000, -11.90392781522434795 ) ) ;
#216 = DIRECTION ( 'NONE',  ( 0.000000000000000000, 1.000000000000000000, -0.000000000000000000 ) ) ;
#217 = EDGE_CURVE ( 'NONE', #2921, #2008, #2260, .T. ) ;
#218 = ORIENTED_EDGE ( 'NONE', *, *, #1781, .F. ) ;
#219 = AXIS2_PLACEMENT_3D ( 'NONE', #1023, #3132, #3114 ) ;
#220 = VECTOR ( 'NONE', #510, 1000.000000000000000 ) ;
#221 = CARTESIAN_POINT ( 'NONE',  ( 0.000000000000000000, 7.000000000000000000, 0.000000000000000000 ) ) ;
#222 = DIRECTION ( 'NONE',  ( -0.000000000000000000, -1.000000000000000000, -0.000000000000000000 ) ) ;
#223 = FACE_OUTER_BOUND ( 'NONE', #1684, .T. ) ;
#224 = ORIENTED_EDGE ( 'NONE', *, *, #2308, .F. ) ;
#225 = VERTEX_POINT ( 'NONE', #2986 ) ;
#226 = AXIS2_PLACEMENT_3D ( 'NONE', #664, #1499, #738 ) ;
#227 = DIRECTION ( 'NONE',  ( -0.000000000000000000, -1.000000000000000000, -0.000000000000000000 ) ) ;
#228 = CARTESIAN_POINT ( 'NONE',  ( 1.125844095427367408, 7.000000000000000000, 12.63807238914439068 ) ) ;
#229 = EDGE_LOOP ( 'NONE', ( #3228, #1541, #2168, #2232 ) ) ;
#230 = DIRECTION ( 'NONE',  ( -0.7071067811865504593, 0.000000000000000000, 0.7071067811865445751 ) ) ;
#231 = CARTESIAN_POINT ( 'NONE',  ( 0.000000000000000000, 2.000000000000000000, 0.000000000000000000 ) ) ;
#232 = CARTESIAN_POINT ( 'NONE',  ( 7.294045781913092164, 7.000000000000000000, -10.38196969615199272 ) ) ;
#233 = AXIS2_PLACEMENT_3D ( 'NONE', #1811, #2741, #911 ) ;
#234 = EDGE_CURVE ( 'NONE', #1754, #3047, #1, .T. ) ;
#235 = LINE ( 'NONE', #2557, #615 ) ;
#236 = CARTESIAN_POINT ( 'NONE',  ( -11.50781379157939455, 0.000000000000000000, -5.344026607231435300 ) ) ;
#237 = ADVANCED_FACE ( 'NONE', ( #3022 ), #479, .T. ) ;
#238 = DIRECTION ( 'NONE',  ( -0.000000000000000000, -1.000000000000000000, -0.000000000000000000 ) ) ;
#239 = LINE ( 'NONE', #3379, #1777 ) ;
#240 = ORIENTED_EDGE ( 'NONE', *, *, #3205, .T. ) ;
#241 = ORIENTED_EDGE ( 'NONE', *, *, #2905, .F. ) ;
#242 = DIRECTION ( 'NONE',  ( 0.000000000000000000, 0.000000000000000000, -1.000000000000000000 ) ) ;
#243 = DIRECTION ( 'NONE',  ( -0.000000000000000000, -1.000000000000000000, -0.000000000000000000 ) ) ;
#244 = ORIENTED_EDGE ( 'NONE', *, *, #1024, .F. ) ;
#245 = DIRECTION ( 'NONE',  ( 0.000000000000000000, 0.000000000000000000, 1.000000000000000000 ) ) ;
#246 = DIRECTION ( 'NONE',  ( -0.000000000000000000, -1.000000000000000000, 0.000000000000000000 ) ) ;
#247 = PLANE ( 'NONE',  #831 ) ;
#248 = LINE ( 'NONE', #3374, #1788 ) ;
#249 = EDGE_CURVE ( 'NONE', #1608, #1066, #2744, .T. ) ;
#250 = CARTESIAN_POINT ( 'NONE',  ( 30.75000000000000000, 0.000000000000000000, -1.750000000000003553 ) ) ;
#251 = FACE_OUTER_BOUND ( 'NONE', #1721, .T. ) ;
#252 = CARTESIAN_POINT ( 'NONE',  ( 5.121926460211342125, 7.000000000000000000, 10.95143686171759434 ) ) ;
#253 = CIRCLE ( 'NONE', #2012, 3.500000000000000000 ) ;
#254 = AXIS2_PLACEMENT_3D ( 'NONE', #351, #1675, #1661 ) ;
#255 = DIRECTION ( 'NONE',  ( 0.8660254037844408170, 0.000000000000000000, -0.4999999999999963363 ) ) ;
#256 = CARTESIAN_POINT ( 'NONE',  ( -14.21172874259080920, 7.000000000000000000, -3.487085623700423298 ) ) ;
#257 = EDGE_CURVE ( 'NONE', #2040, #66, #461, .T. ) ;
#258 = AXIS2_PLACEMENT_3D ( 'NONE', #1950, #441, #1237 ) ;
#259 = ORIENTED_EDGE ( 'NONE', *, *, #2118, .T. ) ;
#260 = ORIENTED_EDGE ( 'NONE', *, *, #888, .F. ) ;
#261 = VECTOR ( 'NONE', #54, 1000.000000000000000 ) ;
#262 = FACE_OUTER_BOUND ( 'NONE', #2437, .T. ) ;
#263 = DIRECTION ( 'NONE',  ( 0.000000000000000000, 0.000000000000000000, -1.000000000000000000 ) ) ;
#264 = ORIENTED_EDGE ( 'NONE', *, *, #1885, .T. ) ;
#265 = EDGE_LOOP ( 'NONE', ( #2186, #1584, #1814, #3265 ) ) ;
#266 = CIRCLE ( 'NONE', #2182, 5.400000000000001243 ) ;
#267 = LINE ( 'NONE', #1116, #3241 ) ;
#268 = DIRECTION ( 'NONE',  ( 0.000000000000000000, 0.000000000000000000, 1.000000000000000000 ) ) ;
#269 = DIRECTION ( 'NONE',  ( 0.000000000000000000, 1.000000000000000000, -0.000000000000000000 ) ) ;
#270 = AXIS2_PLACEMENT_3D ( 'NONE', #1948, #438, #2762 ) ;
#271 = ORIENTED_EDGE ( 'NONE', *, *, #1612, .T. ) ;
#272 = EDGE_LOOP ( 'NONE', ( #2020, #1180, #525, #2520 ) ) ;
#273 = CIRCLE ( 'NONE', #733, 1.750000000000000000 ) ;
#274 = AXIS2_PLACEMENT_3D ( 'NONE', #943, #415, #124 ) ;
#275 = ORIENTED_EDGE ( 'NONE', *, *, #2487, .F. ) ;
#276 = AXIS2_PLACEMENT_3D ( 'NONE', #2592, #2017, #230 ) ;
#277 = DIRECTION ( 'NONE',  ( -0.000000000000000000, -1.000000000000000000, 0.000000000000000000 ) ) ;
#278 = CIRCLE ( 'NONE', #1492, 5.400000000000000355 ) ;
#279 = EDGE_CURVE ( 'NONE', #374, #3048, #2054, .T. ) ;
#280 =( NAMED_UNIT ( * ) PLANE_ANGLE_UNIT ( ) SI_UNIT ( $, .RADIAN. ) );
#281 = ORIENTED_EDGE ( 'NONE', *, *, #3097, .T. ) ;
#282 = DIRECTION ( 'NONE',  ( -1.000000000000000000, 0.000000000000000000, 0.000000000000000000 ) ) ;
#283 = EDGE_CURVE ( 'NONE', #1597, #3186, #3094, .T. ) ;
#284 = CARTESIAN_POINT ( 'NONE',  ( 1.039999999999998925, 0.000000000000000000, -12.04518576029444432 ) ) ;
#285 = ORIENTED_EDGE ( 'NONE', *, *, #1419, .F. ) ;
#286 = ORIENTED_EDGE ( 'NONE', *, *, #806, .T. ) ;
#287 = PLANE ( 'NONE',  #2470 ) ;
#288 = CARTESIAN_POINT ( 'NONE',  ( -12.49883040889816854, 7.000000000000000000, -2.183491939546586824 ) ) ;
#289 = CARTESIAN_POINT ( 'NONE',  ( -11.90392781522437105, 7.000000000000000000, 2.112960617221138371 ) ) ;
#290 = AXIS2_PLACEMENT_3D ( 'NONE', #1154, #2465, #655 ) ;
#291 = DIRECTION ( 'NONE',  ( 0.000000000000000000, 0.000000000000000000, 1.000000000000000000 ) ) ;
#292 = VERTEX_POINT ( 'NONE', #981 ) ;
#293 = ORIENTED_EDGE ( 'NONE', *, *, #842, .T. ) ;
#294 = ORIENTED_EDGE ( 'NONE', *, *, #3389, .F. ) ;
#295 = CYLINDRICAL_SURFACE ( 'NONE', #547, 1.750000000000000000 ) ;
#296 = EDGE_CURVE ( 'NONE', #16, #890, #169, .T. ) ;
#297 = ORIENTED_EDGE ( 'NONE', *, *, #3039, .F. ) ;
#298 = ORIENTED_EDGE ( 'NONE', *, *, #2296, .T. ) ;
#299 = ORIENTED_EDGE ( 'NONE', *, *, #2222, .T. ) ;
#300 = LINE ( 'NONE', #1095, #3398 ) ;
#301 = CARTESIAN_POINT ( 'NONE',  ( 0.000000000000000000, 2.000000000000000000, 0.000000000000000000 ) ) ;
#302 = EDGE_CURVE ( 'NONE', #2199, #451, #1174, .T. ) ;
#303 = EDGE_CURVE ( 'NONE', #2378, #1212, #1067, .T. ) ;
#304 = DIRECTION ( 'NONE',  ( -1.000000000000000000, 0.000000000000000000, 0.000000000000000000 ) ) ;
#305 = DIRECTION ( 'NONE',  ( 0.000000000000000000, 0.000000000000000000, -1.000000000000000000 ) ) ;
#306 = DIRECTION ( 'NONE',  ( 0.000000000000000000, -0.000000000000000000, 1.000000000000000000 ) ) ;
#307 = EDGE_CURVE ( 'NONE', #1849, #1245, #3144, .T. ) ;
#308 = CARTESIAN_POINT ( 'NONE',  ( 12.51495165736630888, 0.000000000000000000, 7.583467875173234063 ) ) ;
#309 = ORIENTED_EDGE ( 'NONE', *, *, #1941, .T. ) ;
#310 = CIRCLE ( 'NONE', #928, 5.399999999999998579 ) ;
#311 = CARTESIAN_POINT ( 'NONE',  ( 12.49883040889819874, 7.000000000000000000, -7.583491939546412652 ) ) ;
#312 = CARTESIAN_POINT ( 'NONE',  ( 0.000000000000000000, 7.000000000000000000, 0.000000000000000000 ) ) ;
#313 = ORIENTED_EDGE ( 'NONE', *, *, #1165, .T. ) ;
#314 = CARTESIAN_POINT ( 'NONE',  ( -3.487085623700376225, 7.000000000000000000, 14.21172874259082519 ) ) ;
#315 = VECTOR ( 'NONE', #359, 1000.000000000000114 ) ;
#316 = CARTESIAN_POINT ( 'NONE',  ( 5.344026607231235459, 0.000000000000000000, 11.50781379157948869 ) ) ;
#317 = EDGE_LOOP ( 'NONE', ( #2298, #3071, #801, #89 ) ) ;
#318 = VECTOR ( 'NONE', #2534, 1000.000000000000114 ) ;
#319 = DIRECTION ( 'NONE',  ( 0.000000000000000000, 0.000000000000000000, -1.000000000000000000 ) ) ;
#320 = FACE_OUTER_BOUND ( 'NONE', #1973, .T. ) ;
#321 = EDGE_CURVE ( 'NONE', #755, #929, #1388, .T. ) ;
#322 = AXIS2_PLACEMENT_3D ( 'NONE', #2131, #1107, #1077 ) ;
#323 = ORIENTED_EDGE ( 'NONE', *, *, #1638, .F. ) ;
#324 =( GEOMETRIC_REPRESENTATION_CONTEXT ( 3 ) GLOBAL_UNCERTAINTY_ASSIGNED_CONTEXT ( ( #3090 ) ) GLOBAL_UNIT_ASSIGNED_CONTEXT ( ( #858, #280, #2377 ) ) REPRESENTATION_CONTEXT ( 'NONE', 'WORKASPACE' ) );
#325 = DIRECTION ( 'NONE',  ( 1.766847984791192338E-15, 0.000000000000000000, 1.000000000000000000 ) ) ;
#326 = ADVANCED_FACE ( 'NONE', ( #1249 ), #3069, .T. ) ;
#327 = EDGE_LOOP ( 'NONE', ( #1262, #811, #2052, #2094 ) ) ;
#328 = VECTOR ( 'NONE', #3196, 1000.000000000000114 ) ;
#329 = DIRECTION ( 'NONE',  ( 0.000000000000000000, 1.000000000000000000, -0.000000000000000000 ) ) ;
#330 = AXIS2_PLACEMENT_3D ( 'NONE', #2167, #2151, #2380 ) ;
#331 = CARTESIAN_POINT ( 'NONE',  ( -2.183491939546545080, 7.000000000000000000, 12.49883040889817565 ) ) ;
#332 = CARTESIAN_POINT ( 'NONE',  ( 4.085959635999399708, 0.000000000000000000, 14.05126093462731873 ) ) ;
#333 = ORIENTED_EDGE ( 'NONE', *, *, #2341, .T. ) ;
#334 = CIRCLE ( 'NONE', #2195, 5.400000000000000355 ) ;
#335 = ORIENTED_EDGE ( 'NONE', *, *, #2458, .T. ) ;
#336 = CARTESIAN_POINT ( 'NONE',  ( 9.252623584189809236, 7.000000000000000000, 7.781841479321879973 ) ) ;
#337 = DIRECTION ( 'NONE',  ( -0.000000000000000000, -1.000000000000000000, -0.000000000000000000 ) ) ;
#338 = ORIENTED_EDGE ( 'NONE', *, *, #1087, .T. ) ;
#339 = ORIENTED_EDGE ( 'NONE', *, *, #34, .F. ) ;
#340 = CARTESIAN_POINT ( 'NONE',  ( 2.183491939546455374, 7.000000000000000000, -12.49883040889819164 ) ) ;
#341 = DIRECTION ( 'NONE',  ( 0.000000000000000000, 0.000000000000000000, -1.000000000000000000 ) ) ;
#342 = CARTESIAN_POINT ( 'NONE',  ( -6.923259300082909462, 7.000000000000000000, -9.911436861717655589 ) ) ;
#343 = ADVANCED_FACE ( 'NONE', ( #2593 ), #767, .F. ) ;
#344 = ORIENTED_EDGE ( 'NONE', *, *, #2439, .F. ) ;
#345 = CARTESIAN_POINT ( 'NONE',  ( -8.140374693054964084, 7.000000000000000000, 9.732558681925983279 ) ) ;
#346 = AXIS2_PLACEMENT_3D ( 'NONE', #1560, #1752, #440 ) ;
#347 = EDGE_CURVE ( 'NONE', #3173, #826, #1615, .T. ) ;
#348 = CIRCLE ( 'NONE', #3258, 5.400000000000000355 ) ;
#349 = ORIENTED_EDGE ( 'NONE', *, *, #3205, .F. ) ;
#350 = EDGE_CURVE ( 'NONE', #871, #995, #1989, .T. ) ;
#351 = CARTESIAN_POINT ( 'NONE',  ( 0.000000000000000000, 7.000000000000000000, 0.000000000000000000 ) ) ;
#352 = DIRECTION ( 'NONE',  ( 0.000000000000000000, 1.000000000000000000, -0.000000000000000000 ) ) ;
#353 = VERTEX_POINT ( 'NONE', #1824 ) ;
#354 = CARTESIAN_POINT ( 'NONE',  ( 6.923259300082978740, 7.000000000000000000, 9.911436861717605851 ) ) ;
#355 = DIRECTION ( 'NONE',  ( 0.000000000000000000, 0.000000000000000000, -1.000000000000000000 ) ) ;
#356 = EDGE_LOOP ( 'NONE', ( #2643, #1761, #2879, #1358 ) ) ;
#357 = DIRECTION ( 'NONE',  ( 0.8660254037844438146, 0.000000000000000000, -0.4999999999999910072 ) ) ;
#358 = CARTESIAN_POINT ( 'NONE',  ( 4.358455715843239986, 0.000000000000000000, 11.91605062147253058 ) ) ;
#359 = DIRECTION ( 'NONE',  ( -0.9659258262890688673, 0.000000000000000000, -0.2588190451025185745 ) ) ;
#360 = ORIENTED_EDGE ( 'NONE', *, *, #2432, .T. ) ;
#361 = DIRECTION ( 'NONE',  ( -0.000000000000000000, -1.000000000000000000, -0.000000000000000000 ) ) ;
#362 = ORIENTED_EDGE ( 'NONE', *, *, #2432, .F. ) ;
#363 = CARTESIAN_POINT ( 'NONE',  ( 7.781841479321847110, 7.000000000000000000, -9.252623584189835881 ) ) ;
#364 = DIRECTION ( 'NONE',  ( -0.000000000000000000, -1.000000000000000000, -0.000000000000000000 ) ) ;
#365 = EDGE_CURVE ( 'NONE', #3340, #1870, #2481, .T. ) ;
#366 = ORIENTED_EDGE ( 'NONE', *, *, #2666, .F. ) ;
#367 = ORIENTED_EDGE ( 'NONE', *, *, #1407, .F. ) ;
#368 = CARTESIAN_POINT ( 'NONE',  ( -14.62999999999999723, 0.000000000000000000, -0.3100000000001532641 ) ) ;
#369 = EDGE_CURVE ( 'NONE', #3294, #832, #2289, .T. ) ;
#370 = DIRECTION ( 'NONE',  ( 0.000000000000000000, 0.000000000000000000, -1.000000000000000000 ) ) ;
#371 = FACE_OUTER_BOUND ( 'NONE', #149, .T. ) ;
#372 = CARTESIAN_POINT ( 'NONE',  ( 12.66995165736636864, 7.000000000000000000, -7.314999999999946212 ) ) ;
#373 = CARTESIAN_POINT ( 'NONE',  ( 30.75000000000000000, 0.000000000000000000, 4.000000000000006217 ) ) ;
#374 = VERTEX_POINT ( 'NONE', #2327 ) ;
#375 = AXIS2_PLACEMENT_3D ( 'NONE', #2952, #2691, #341 ) ;
#376 = CARTESIAN_POINT ( 'NONE',  ( 0.000000000000000000, 2.000000000000000000, -1.750000000000000000 ) ) ;
#377 = ORIENTED_EDGE ( 'NONE', *, *, #1735, .T. ) ;
#378 = VECTOR ( 'NONE', #1265, 1000.000000000000000 ) ;
#379 = DIRECTION ( 'NONE',  ( 0.4999999999999909517, 0.000000000000000000, 0.8660254037844438146 ) ) ;
#380 = CARTESIAN_POINT ( 'NONE',  ( 0.000000000000000000, 0.000000000000000000, 4.000000000000006217 ) ) ;
#381 = AXIS2_PLACEMENT_3D ( 'NONE', #228, #243, #2550 ) ;
#382 = EDGE_LOOP ( 'NONE', ( #589, #394, #2129, #1630, #1980, #2504, #2602, #27, #3119, #1994, #1309, #1726, #1768, #1037, #2871, #2876, #2585, #1862, #1710, #2245, #3320, #652, #286, #1093, #1663, #722, #1482, #1836, #2657, #164, #1701, #2075, #3308, #815, #2402, #3313, #946, #3120, #2342, #1960, #2749, #487, #147, #1518, #3100, #1316, #1995, #1538, #1871, #860, #2284, #92, #418, #727, #3237, #899, #401, #2893, #3356, #2212, #565, #499, #2136, #3373, #2944, #581, #1548, #1993, #2044, #2358, #2266, #1806, #2589, #707, #1114, #3165, #2477, #718, #645, #1524, #3027, #2247, #2407, #2681, #1328, #259, #1294, #3279, #1164, #2532, #2647 ) ) ;
#383 = ORIENTED_EDGE ( 'NONE', *, *, #2130, .T. ) ;
#384 = ADVANCED_FACE ( 'NONE', ( #3385 ), #2822, .T. ) ;
#385 = DIRECTION ( 'NONE',  ( 0.000000000000000000, 0.000000000000000000, 1.000000000000000000 ) ) ;
#386 = CARTESIAN_POINT ( 'NONE',  ( -14.05126093462733294, 7.000000000000000000, 4.085959635999351747 ) ) ;
#387 = AXIS2_PLACEMENT_3D ( 'NONE', #173, #2733, #1439 ) ;
#388 = VECTOR ( 'NONE', #1285, 1000.000000000000000 ) ;
#389 = VECTOR ( 'NONE', #3378, 1000.000000000000000 ) ;
#390 = DIRECTION ( 'NONE',  ( -0.000000000000000000, -1.000000000000000000, -0.000000000000000000 ) ) ;
#391 = DIRECTION ( 'NONE',  ( -0.000000000000000000, -1.000000000000000000, 0.000000000000000000 ) ) ;
#392 = DIRECTION ( 'NONE',  ( -0.000000000000000000, -1.000000000000000000, -0.000000000000000000 ) ) ;
#393 = CIRCLE ( 'NONE', #2141, 5.400000000000000355 ) ;
#394 = ORIENTED_EDGE ( 'NONE', *, *, #970, .F. ) ;
#395 = CIRCLE ( 'NONE', #2740, 12.08999999999999986 ) ;
#396 = FACE_OUTER_BOUND ( 'NONE', #265, .T. ) ;
#397 = VERTEX_POINT ( 'NONE', #2554 ) ;
#398 = AXIS2_PLACEMENT_3D ( 'NONE', #1288, #1270, #2344 ) ;
#399 = CARTESIAN_POINT ( 'NONE',  ( 12.66995165736631712, 0.000000000000000000, 7.315000000000047464 ) ) ;
#400 = VECTOR ( 'NONE', #180, 1000.000000000000000 ) ;
#401 = ORIENTED_EDGE ( 'NONE', *, *, #949, .T. ) ;
#402 = ORIENTED_EDGE ( 'NONE', *, *, #2863, .T. ) ;
#403 = EDGE_CURVE ( 'NONE', #1330, #1998, #191, .T. ) ;
#404 = CARTESIAN_POINT ( 'NONE',  ( 30.75000000000000000, 7.000000000000000000, 0.000000000000000000 ) ) ;
#405 = CYLINDRICAL_SURFACE ( 'NONE', #2146, 5.400000000000000355 ) ;
#406 = CARTESIAN_POINT ( 'NONE',  ( 8.140374693054827304, 0.000000000000000000, 9.732558681926096966 ) ) ;
#407 = PLANE ( 'NONE',  #3135 ) ;
#408 = CARTESIAN_POINT ( 'NONE',  ( 12.49883040889819874, 7.000000000000000000, -2.183491939546412297 ) ) ;
#409 = ORIENTED_EDGE ( 'NONE', *, *, #2292, .T. ) ;
#410 = ADVANCED_FACE ( 'NONE', ( #2038 ), #405, .T. ) ;
#411 = DIRECTION ( 'NONE',  ( 1.119176436114069154E-14, 0.000000000000000000, -1.000000000000000000 ) ) ;
#412 = EDGE_CURVE ( 'NONE', #909, #3109, #1355, .T. ) ;
#413 = ORIENTED_EDGE ( 'NONE', *, *, #2089, .F. ) ;
#414 = ORIENTED_EDGE ( 'NONE', *, *, #594, .F. ) ;
#415 = DIRECTION ( 'NONE',  ( -0.000000000000000000, -1.000000000000000000, 0.000000000000000000 ) ) ;
#416 = LINE ( 'NONE', #145, #1446 ) ;
#417 = ORIENTED_EDGE ( 'NONE', *, *, #1024, .T. ) ;
#418 = ORIENTED_EDGE ( 'NONE', *, *, #1688, .T. ) ;
#419 = ORIENTED_EDGE ( 'NONE', *, *, #188, .F. ) ;
#420 = DIRECTION ( 'NONE',  ( -0.000000000000000000, -1.000000000000000000, -0.000000000000000000 ) ) ;
#421 = CARTESIAN_POINT ( 'NONE',  ( -12.63807238914439424, 7.000000000000000000, 1.125844095427325220 ) ) ;
#422 = APPLICATION_CONTEXT ( 'automotive_design' ) ;
#423 = CARTESIAN_POINT ( 'NONE',  ( -14.13149483860910571, 7.000000000000000000, 3.786522629849766730 ) ) ;
#424 = LINE ( 'NONE', #2735, #25 ) ;
#425 = EDGE_LOOP ( 'NONE', ( #470, #556, #2796, #333 ) ) ;
#426 = DIRECTION ( 'NONE',  ( 0.000000000000000000, 0.000000000000000000, 1.000000000000000000 ) ) ;
#427 = EDGE_CURVE ( 'NONE', #543, #608, #2671, .T. ) ;
#428 = AXIS2_PLACEMENT_3D ( 'NONE', #2861, #515, #2607 ) ;
#429 = VECTOR ( 'NONE', #705, 1000.000000000000000 ) ;
#430 = CARTESIAN_POINT ( 'NONE',  ( 7.314999999999946212, 7.000000000000000000, 12.66995165736636864 ) ) ;
#431 = DIRECTION ( 'NONE',  ( 0.000000000000000000, 1.000000000000000000, -0.000000000000000000 ) ) ;
#432 = ORIENTED_EDGE ( 'NONE', *, *, #884, .F. ) ;
#433 = VERTEX_POINT ( 'NONE', #2188 ) ;
#434 = VERTEX_POINT ( 'NONE', #693 ) ;
#435 = DIRECTION ( 'NONE',  ( 0.000000000000000000, 1.000000000000000000, -0.000000000000000000 ) ) ;
#436 = DIRECTION ( 'NONE',  ( -0.000000000000000000, -1.000000000000000000, -0.000000000000000000 ) ) ;
#437 = VERTEX_POINT ( 'NONE', #1733 ) ;
#438 = DIRECTION ( 'NONE',  ( 0.2588190451025298433, 0.000000000000000000, -0.9659258262890658697 ) ) ;
#439 = AXIS2_PLACEMENT_3D ( 'NONE', #1620, #1904, #2704 ) ;
#440 = DIRECTION ( 'NONE',  ( 0.000000000000000000, 0.000000000000000000, 1.000000000000000000 ) ) ;
#441 = DIRECTION ( 'NONE',  ( 0.000000000000000000, 1.000000000000000000, -0.000000000000000000 ) ) ;
#442 = VECTOR ( 'NONE', #836, 1000.000000000000000 ) ;
#443 = AXIS2_PLACEMENT_3D ( 'NONE', #2868, #238, #2316 ) ;
#444 = ORIENTED_EDGE ( 'NONE', *, *, #2611, .T. ) ;
#445 = AXIS2_PLACEMENT_3D ( 'NONE', #2963, #616, #1886 ) ;
#446 = DIRECTION ( 'NONE',  ( 0.000000000000000000, 1.000000000000000000, -0.000000000000000000 ) ) ;
#447 = EDGE_CURVE ( 'NONE', #3211, #5, #2734, .T. ) ;
#448 = CARTESIAN_POINT ( 'NONE',  ( -1.040000000000083080, 0.000000000000000000, 12.04518576029443544 ) ) ;
#449 = DIRECTION ( 'NONE',  ( -0.8660254037844407060, 0.000000000000000000, 0.4999999999999962808 ) ) ;
#450 = EDGE_CURVE ( 'NONE', #503, #2438, #675, .T. ) ;
#451 = VERTEX_POINT ( 'NONE', #2763 ) ;
#452 = ORIENTED_EDGE ( 'NONE', *, *, #1775, .F. ) ;
#453 = EDGE_LOOP ( 'NONE', ( #3003, #2692, #1570, #1349 ) ) ;
#454 = EDGE_CURVE ( 'NONE', #599, #850, #902, .T. ) ;
#455 = CYLINDRICAL_SURFACE ( 'NONE', #779, 5.400000000000001243 ) ;
#456 = AXIS2_PLACEMENT_3D ( 'NONE', #2840, #1771, #3400 ) ;
#457 = DIRECTION ( 'NONE',  ( 0.000000000000000000, 0.000000000000000000, 1.000000000000000000 ) ) ;
#458 = ORIENTED_EDGE ( 'NONE', *, *, #3097, .F. ) ;
#459 = CIRCLE ( 'NONE', #1340, 12.08999999999999986 ) ;
#460 = DIRECTION ( 'NONE',  ( -0.000000000000000000, -1.000000000000000000, -0.000000000000000000 ) ) ;
#461 = LINE ( 'NONE', #3330, #2650 ) ;
#462 = CARTESIAN_POINT ( 'NONE',  ( -11.91605062147245420, 7.000000000000000000, -4.358455715843448708 ) ) ;
#463 = ORIENTED_EDGE ( 'NONE', *, *, #1974, .F. ) ;
#464 = DIRECTION ( 'NONE',  ( -0.000000000000000000, -1.000000000000000000, -0.000000000000000000 ) ) ;
#465 = CARTESIAN_POINT ( 'NONE',  ( -7.781841479321911059, 7.000000000000000000, 9.252623584189780814 ) ) ;
#466 = VERTEX_POINT ( 'NONE', #1937 ) ;
#467 = CARTESIAN_POINT ( 'NONE',  ( 30.75000000000000000, 7.000000000000000000, 0.000000000000000000 ) ) ;
#468 = FACE_OUTER_BOUND ( 'NONE', #2991, .T. ) ;
#469 = ORIENTED_EDGE ( 'NONE', *, *, #133, .F. ) ;
#470 = ORIENTED_EDGE ( 'NONE', *, *, #447, .T. ) ;
#471 = ORIENTED_EDGE ( 'NONE', *, *, #12, .F. ) ;
#472 = CARTESIAN_POINT ( 'NONE',  ( -11.36558420141114745, 7.000000000000000000, 4.122086335902404919 ) ) ;
#473 = CARTESIAN_POINT ( 'NONE',  ( 0.000000000000000000, 7.000000000000000000, 0.000000000000000000 ) ) ;
#474 = ORIENTED_EDGE ( 'NONE', *, *, #1480, .T. ) ;
#475 = EDGE_CURVE ( 'NONE', #93, #2967, #1224, .T. ) ;
#476 = CARTESIAN_POINT ( 'NONE',  ( 0.000000000000000000, 7.000000000000000000, 0.000000000000000000 ) ) ;
#477 = CARTESIAN_POINT ( 'NONE',  ( 0.000000000000000000, 0.000000000000000000, 0.000000000000000000 ) ) ;
#478 = LINE ( 'NONE', #1545, #1415 ) ;
#479 = CYLINDRICAL_SURFACE ( 'NONE', #2598, 12.08999999999999986 ) ;
#480 = EDGE_LOOP ( 'NONE', ( #1213, #2148, #2686, #293 ) ) ;
#481 = CARTESIAN_POINT ( 'NONE',  ( -1.040000000000083080, 7.000000000000000000, 12.04518576029443544 ) ) ;
#482 = LINE ( 'NONE', #754, #604 ) ;
#483 = DIRECTION ( 'NONE',  ( 0.000000000000000000, 0.000000000000000000, 1.000000000000000000 ) ) ;
#484 = AXIS2_PLACEMENT_3D ( 'NONE', #2142, #1622, #1393 ) ;
#485 = DIRECTION ( 'NONE',  ( 0.000000000000000000, 0.000000000000000000, 1.000000000000000000 ) ) ;
#486 = AXIS2_PLACEMENT_3D ( 'NONE', #2878, #531, #1004 ) ;
#487 = ORIENTED_EDGE ( 'NONE', *, *, #630, .T. ) ;
#488 = VERTEX_POINT ( 'NONE', #937 ) ;
#489 = CIRCLE ( 'NONE', #719, 5.400000000000001243 ) ;
#490 = CYLINDRICAL_SURFACE ( 'NONE', #1586, 12.08999999999999986 ) ;
#491 = EDGE_CURVE ( 'NONE', #1054, #1136, #907, .T. ) ;
#492 = AXIS2_PLACEMENT_3D ( 'NONE', #1533, #2091, #519 ) ;
#493 = DIRECTION ( 'NONE',  ( 0.000000000000000000, 0.000000000000000000, 1.000000000000000000 ) ) ;
#494 = ORIENTED_EDGE ( 'NONE', *, *, #3328, .T. ) ;
#495 = AXIS2_PLACEMENT_3D ( 'NONE', #701, #2179, #2214 ) ;
#496 = FACE_OUTER_BOUND ( 'NONE', #3284, .T. ) ;
#497 = CARTESIAN_POINT ( 'NONE',  ( -7.315000000000106084, 0.000000000000000000, 12.66995165736627627 ) ) ;
#498 = CARTESIAN_POINT ( 'NONE',  ( -10.95143686171761210, 7.000000000000000000, 5.121926460211302157 ) ) ;
#499 = ORIENTED_EDGE ( 'NONE', *, *, #1345, .T. ) ;
#500 = AXIS2_PLACEMENT_3D ( 'NONE', #2624, #1563, #2609 ) ;
#501 = CARTESIAN_POINT ( 'NONE',  ( 0.000000000000000000, 7.000000000000000000, 0.000000000000000000 ) ) ;
#502 = DIRECTION ( 'NONE',  ( 0.000000000000000000, 0.000000000000000000, -1.000000000000000000 ) ) ;
#503 = VERTEX_POINT ( 'NONE', #131 ) ;
#504 = VECTOR ( 'NONE', #26, 1000.000000000000000 ) ;
#505 = DIRECTION ( 'NONE',  ( -0.000000000000000000, -1.000000000000000000, -0.000000000000000000 ) ) ;
#506 = CARTESIAN_POINT ( 'NONE',  ( -7.294045781912947390, 7.000000000000000000, -10.38196969615209220 ) ) ;
#507 = ORIENTED_EDGE ( 'NONE', *, *, #2689, .F. ) ;
#508 = ORIENTED_EDGE ( 'NONE', *, *, #1295, .F. ) ;
#509 = DIRECTION ( 'NONE',  ( -0.000000000000000000, -1.000000000000000000, -0.000000000000000000 ) ) ;
#510 = DIRECTION ( 'NONE',  ( -0.000000000000000000, -1.000000000000000000, -0.000000000000000000 ) ) ;
#511 = EDGE_CURVE ( 'NONE', #1645, #2469, #2203, .T. ) ;
#512 = VECTOR ( 'NONE', #1716, 1000.000000000000000 ) ;
#513 = CARTESIAN_POINT ( 'NONE',  ( -11.50781379157950646, 7.000000000000000000, 5.344026607231195491 ) ) ;
#514 = DIRECTION ( 'NONE',  ( 0.000000000000000000, 0.000000000000000000, 1.000000000000000000 ) ) ;
#515 = DIRECTION ( 'NONE',  ( -0.000000000000000000, -1.000000000000000000, -0.000000000000000000 ) ) ;
#516 = ORIENTED_EDGE ( 'NONE', *, *, #1917, .T. ) ;
#517 = AXIS2_PLACEMENT_3D ( 'NONE', #1259, #682, #1192 ) ;
#518 = DIRECTION ( 'NONE',  ( -0.000000000000000000, -1.000000000000000000, -0.000000000000000000 ) ) ;
#519 = DIRECTION ( 'NONE',  ( 0.000000000000000000, 0.000000000000000000, 1.000000000000000000 ) ) ;
#520 = EDGE_CURVE ( 'NONE', #3290, #1866, #3317, .T. ) ;
#521 = DIRECTION ( 'NONE',  ( 0.8660254037844438146, 0.000000000000000000, -0.4999999999999910072 ) ) ;
#522 = ADVANCED_FACE ( 'NONE', ( #3054 ), #640, .F. ) ;
#523 = DIRECTION ( 'NONE',  ( 0.000000000000000000, 0.000000000000000000, 1.000000000000000000 ) ) ;
#524 = ORIENTED_EDGE ( 'NONE', *, *, #36, .T. ) ;
#525 = ORIENTED_EDGE ( 'NONE', *, *, #791, .T. ) ;
#526 = DIRECTION ( 'NONE',  ( 0.000000000000000000, 0.000000000000000000, 1.000000000000000000 ) ) ;
#527 = CARTESIAN_POINT ( 'NONE',  ( 2.112960617221180559, 7.000000000000000000, 11.90392781522436394 ) ) ;
#528 = ORIENTED_EDGE ( 'NONE', *, *, #1885, .F. ) ;
#529 = ORIENTED_EDGE ( 'NONE', *, *, #3293, .F. ) ;
#530 = LINE ( 'NONE', #1803, #2639 ) ;
#531 = DIRECTION ( 'NONE',  ( 0.8660254037844338226, -0.000000000000000000, 0.5000000000000083267 ) ) ;
#532 = CARTESIAN_POINT ( 'NONE',  ( 10.12576910659130647, 7.000000000000000000, 10.56417531092707485 ) ) ;
#533 = LINE ( 'NONE', #3405, #206 ) ;
#534 = EDGE_CURVE ( 'NONE', #790, #2325, #3084, .T. ) ;
#535 = DIRECTION ( 'NONE',  ( 0.000000000000000000, 0.000000000000000000, -1.000000000000000000 ) ) ;
#536 = DIRECTION ( 'NONE',  ( -0.000000000000000000, -1.000000000000000000, 0.000000000000000000 ) ) ;
#537 = VERTEX_POINT ( 'NONE', #2205 ) ;
#538 = VECTOR ( 'NONE', #3118, 1000.000000000000114 ) ;
#539 = AXIS2_PLACEMENT_3D ( 'NONE', #1404, #3198, #1371 ) ;
#540 = CARTESIAN_POINT ( 'NONE',  ( 3.487085623700176384, 0.000000000000000000, 14.21172874259087671 ) ) ;
#541 = FACE_OUTER_BOUND ( 'NONE', #3339, .T. ) ;
#542 = CIRCLE ( 'NONE', #1469, 5.400000000000002132 ) ;
#543 = VERTEX_POINT ( 'NONE', #3262 ) ;
#544 = AXIS2_PLACEMENT_3D ( 'NONE', #1745, #3310, #967 ) ;
#545 = CYLINDRICAL_SURFACE ( 'NONE', #1659, 5.400000000000000355 ) ;
#546 = FACE_OUTER_BOUND ( 'NONE', #668, .T. ) ;
#547 = AXIS2_PLACEMENT_3D ( 'NONE', #2354, #2111, #573 ) ;
#548 = DIRECTION ( 'NONE',  ( -0.000000000000000000, -1.000000000000000000, 0.000000000000000000 ) ) ;
#549 = DIRECTION ( 'NONE',  ( 0.000000000000000000, 1.000000000000000000, -0.000000000000000000 ) ) ;
#550 = CIRCLE ( 'NONE', #1651, 5.400000000000000355 ) ;
#551 = EDGE_CURVE ( 'NONE', #1798, #1860, #918, .T. ) ;
#552 = PLANE ( 'NONE',  #1766 ) ;
#553 = ORIENTED_EDGE ( 'NONE', *, *, #321, .T. ) ;
#554 = ORIENTED_EDGE ( 'NONE', *, *, #1585, .F. ) ;
#555 = VECTOR ( 'NONE', #337, 1000.000000000000000 ) ;
#556 = ORIENTED_EDGE ( 'NONE', *, *, #2386, .F. ) ;
#557 = PRODUCT_DEFINITION ( 'UNKNOWN', '', #2580, #1234 ) ;
#558 = CYLINDRICAL_SURFACE ( 'NONE', #600, 12.08999999999999986 ) ;
#559 = DIRECTION ( 'NONE',  ( -1.119176436114069154E-14, 0.000000000000000000, 1.000000000000000000 ) ) ;
#560 = EDGE_CURVE ( 'NONE', #618, #434, #3000, .T. ) ;
#561 = ORIENTED_EDGE ( 'NONE', *, *, #1673, .F. ) ;
#562 = DIRECTION ( 'NONE',  ( -0.000000000000000000, -1.000000000000000000, -0.000000000000000000 ) ) ;
#563 = ADVANCED_FACE ( 'NONE', ( #3277 ), #2811, .T. ) ;
#564 = DIRECTION ( 'NONE',  ( 0.000000000000000000, -1.000000000000000000, 0.000000000000000000 ) ) ;
#565 = ORIENTED_EDGE ( 'NONE', *, *, #1121, .T. ) ;
#566 = AXIS2_PLACEMENT_3D ( 'NONE', #2538, #1508, #749 ) ;
#567 = CARTESIAN_POINT ( 'NONE',  ( 30.75000000000000000, 7.000000000000000000, 0.000000000000000000 ) ) ;
#568 = DIRECTION ( 'NONE',  ( 0.000000000000000000, 0.000000000000000000, 1.000000000000000000 ) ) ;
#569 = CIRCLE ( 'NONE', #2483, 12.08999999999999986 ) ;
#570 = VECTOR ( 'NONE', #364, 1000.000000000000000 ) ;
#571 = CARTESIAN_POINT ( 'NONE',  ( 5.121926460211420284, 7.000000000000000000, -10.95143686171755704 ) ) ;
#572 = VERTEX_POINT ( 'NONE', #773 ) ;
#573 = DIRECTION ( 'NONE',  ( 0.000000000000000000, 0.000000000000000000, -1.000000000000000000 ) ) ;
#574 =( NAMED_UNIT ( * ) SI_UNIT ( $, .STERADIAN. ) SOLID_ANGLE_UNIT ( ) );
#575 = ORIENTED_EDGE ( 'NONE', *, *, #403, .T. ) ;
#576 = ORIENTED_EDGE ( 'NONE', *, *, #2863, .F. ) ;
#577 = EDGE_CURVE ( 'NONE', #2110, #2857, #2802, .T. ) ;
#578 = CYLINDRICAL_SURFACE ( 'NONE', #445, 5.400000000000000355 ) ;
#579 = DIRECTION ( 'NONE',  ( -0.000000000000000000, -1.000000000000000000, -0.000000000000000000 ) ) ;
#580 = VERTEX_POINT ( 'NONE', #373 ) ;
#581 = ORIENTED_EDGE ( 'NONE', *, *, #3389, .T. ) ;
#582 = ORIENTED_EDGE ( 'NONE', *, *, #1549, .F. ) ;
#583 = EDGE_CURVE ( 'NONE', #2936, #2842, #2467, .T. ) ;
#584 = LINE ( 'NONE', #1632, #730 ) ;
#585 = DIRECTION ( 'NONE',  ( 0.000000000000000000, -0.000000000000000000, 1.000000000000000000 ) ) ;
#586 = VERTEX_POINT ( 'NONE', #3002 ) ;
#587 = CARTESIAN_POINT ( 'NONE',  ( -1.039999999999998925, 7.000000000000000000, -12.04518576029444432 ) ) ;
#588 = ORIENTED_EDGE ( 'NONE', *, *, #924, .T. ) ;
#589 = ORIENTED_EDGE ( 'NONE', *, *, #140, .T. ) ;
#590 = DIRECTION ( 'NONE',  ( -0.000000000000000000, -1.000000000000000000, -0.000000000000000000 ) ) ;
#591 = LINE ( 'NONE', #1687, #570 ) ;
#592 = VECTOR ( 'NONE', #52, 1000.000000000000000 ) ;
#593 = VERTEX_POINT ( 'NONE', #3322 ) ;
#594 = EDGE_CURVE ( 'NONE', #2894, #543, #2794, .T. ) ;
#595 = DIRECTION ( 'NONE',  ( 0.000000000000000000, 0.000000000000000000, 1.000000000000000000 ) ) ;
#596 = AXIS2_PLACEMENT_3D ( 'NONE', #316, #2981, #3177 ) ;
#597 = LINE ( 'NONE', #1617, #442 ) ;
#598 = ORIENTED_EDGE ( 'NONE', *, *, #1204, .T. ) ;
#599 = VERTEX_POINT ( 'NONE', #975 ) ;
#600 = AXIS2_PLACEMENT_3D ( 'NONE', #857, #40, #1381 ) ;
#601 = CYLINDRICAL_SURFACE ( 'NONE', #2410, 5.400000000000002132 ) ;
#602 = DIRECTION ( 'NONE',  ( 0.000000000000000000, 1.000000000000000000, -0.000000000000000000 ) ) ;
#603 = EDGE_CURVE ( 'NONE', #895, #397, #3286, .T. ) ;
#604 = VECTOR ( 'NONE', #2348, 1000.000000000000000 ) ;
#605 = VERTEX_POINT ( 'NONE', #1191 ) ;
#606 = EDGE_CURVE ( 'NONE', #2367, #1136, #395, .T. ) ;
#607 = CARTESIAN_POINT ( 'NONE',  ( -14.63000000000000433, 7.000000000000000000, 0.3099999999998467315 ) ) ;
#608 = VERTEX_POINT ( 'NONE', #2739 ) ;
#609 = AXIS2_PLACEMENT_3D ( 'NONE', #955, #115, #1986 ) ;
#610 = FACE_OUTER_BOUND ( 'NONE', #1105, .T. ) ;
#611 = VECTOR ( 'NONE', #170, 1000.000000000000000 ) ;
#612 = PRESENTATION_STYLE_ASSIGNMENT (( #2680 ) ) ;
#613 = ORIENTED_EDGE ( 'NONE', *, *, #257, .T. ) ;
#614 = VECTOR ( 'NONE', #1366, 1000.000000000000000 ) ;
#615 = VECTOR ( 'NONE', #196, 1000.000000000000000 ) ;
#616 = DIRECTION ( 'NONE',  ( -0.000000000000000000, -1.000000000000000000, -0.000000000000000000 ) ) ;
#617 = CARTESIAN_POINT ( 'NONE',  ( -9.911436861717485058, 7.000000000000000000, -6.923259300083151935 ) ) ;
#618 = VERTEX_POINT ( 'NONE', #1448 ) ;
#619 = ORIENTED_EDGE ( 'NONE', *, *, #2337, .F. ) ;
#620 = ADVANCED_FACE ( 'NONE', ( #1957 ), #2280, .F. ) ;
#621 = DIRECTION ( 'NONE',  ( 0.000000000000000000, 1.000000000000000000, -0.000000000000000000 ) ) ;
#622 = VECTOR ( 'NONE', #2220, 1000.000000000000000 ) ;
#623 = CARTESIAN_POINT ( 'NONE',  ( 3.786522629849846222, 7.000000000000000000, -14.13149483860907729 ) ) ;
#624 = DIRECTION ( 'NONE',  ( 1.000000000000000000, 0.000000000000000000, 5.595882180570345771E-15 ) ) ;
#625 = ORIENTED_EDGE ( 'NONE', *, *, #257, .F. ) ;
#626 = LINE ( 'NONE', #1122, #592 ) ;
#627 = VECTOR ( 'NONE', #2275, 1000.000000000000000 ) ;
#628 = ADVANCED_FACE ( 'NONE', ( #3009 ), #179, .F. ) ;
#629 = VERTEX_POINT ( 'NONE', #1479 ) ;
#630 = EDGE_CURVE ( 'NONE', #909, #2707, #3029, .T. ) ;
#631 = CARTESIAN_POINT ( 'NONE',  ( -5.121926460211497556, 7.000000000000000000, 10.95143686171752151 ) ) ;
#632 = APPLICATION_PROTOCOL_DEFINITION ( 'draft international standard', 'automotive_design', 1998, #422 ) ;
#633 = VERTEX_POINT ( 'NONE', #3059 ) ;
#634 = VERTEX_POINT ( 'NONE', #681 ) ;
#635 = DIRECTION ( 'NONE',  ( 0.000000000000000000, 0.000000000000000000, 1.000000000000000000 ) ) ;
#636 = DIRECTION ( 'NONE',  ( 0.000000000000000000, 1.000000000000000000, -0.000000000000000000 ) ) ;
#637 = AXIS2_PLACEMENT_3D ( 'NONE', #2057, #2368, #2329 ) ;
#638 = VERTEX_POINT ( 'NONE', #961 ) ;
#639 = DIRECTION ( 'NONE',  ( 0.9659258262890704216, 0.000000000000000000, -0.2588190451025130234 ) ) ;
#640 = PLANE ( 'NONE',  #901 ) ;
#641 = DIRECTION ( 'NONE',  ( -0.000000000000000000, -1.000000000000000000, -0.000000000000000000 ) ) ;
#642 = ORIENTED_EDGE ( 'NONE', *, *, #403, .F. ) ;
#643 = DIRECTION ( 'NONE',  ( 0.000000000000000000, 0.000000000000000000, 1.000000000000000000 ) ) ;
#644 = EDGE_CURVE ( 'NONE', #958, #1276, #1992, .T. ) ;
#645 = ORIENTED_EDGE ( 'NONE', *, *, #1786, .T. ) ;
#646 = CARTESIAN_POINT ( 'NONE',  ( -8.140374693054754474, 7.000000000000000000, -9.732558681926153810 ) ) ;
#647 = ORIENTED_EDGE ( 'NONE', *, *, #708, .F. ) ;
#648 = ORIENTED_EDGE ( 'NONE', *, *, #1738, .T. ) ;
#649 = EDGE_CURVE ( 'NONE', #503, #1079, #2637, .T. ) ;
#650 = LINE ( 'NONE', #897, #429 ) ;
#651 = DIRECTION ( 'NONE',  ( 0.000000000000000000, 0.000000000000000000, 1.000000000000000000 ) ) ;
#652 = ORIENTED_EDGE ( 'NONE', *, *, #1336, .F. ) ;
#653 = AXIS2_PLACEMENT_3D ( 'NONE', #2189, #1356, #2397 ) ;
#654 = DIRECTION ( 'NONE',  ( -0.000000000000000000, -1.000000000000000000, -0.000000000000000000 ) ) ;
#655 = DIRECTION ( 'NONE',  ( 0.000000000000000000, 0.000000000000000000, 1.000000000000000000 ) ) ;
#656 = DIRECTION ( 'NONE',  ( -0.000000000000000000, -1.000000000000000000, 0.000000000000000000 ) ) ;
#657 = ORIENTED_EDGE ( 'NONE', *, *, #2479, .T. ) ;
#658 = VECTOR ( 'NONE', #1728, 1000.000000000000000 ) ;
#659 = CARTESIAN_POINT ( 'NONE',  ( 12.49883040889819874, 0.000000000000000000, -7.583491939546412652 ) ) ;
#660 = VECTOR ( 'NONE', #1057, 1000.000000000000000 ) ;
#661 = EDGE_CURVE ( 'NONE', #847, #2874, #2969, .T. ) ;
#662 = ADVANCED_FACE ( 'NONE', ( #3337 ), #1462, .T. ) ;
#663 = ORIENTED_EDGE ( 'NONE', *, *, #1232, .T. ) ;
#664 = CARTESIAN_POINT ( 'NONE',  ( 12.66995165736631712, 7.000000000000000000, 7.315000000000047464 ) ) ;
#665 = FACE_OUTER_BOUND ( 'NONE', #2360, .T. ) ;
#666 = FACE_OUTER_BOUND ( 'NONE', #2531, .T. ) ;
#667 = VERTEX_POINT ( 'NONE', #165 ) ;
#668 = EDGE_LOOP ( 'NONE', ( #11, #58, #2922, #402 ) ) ;
#669 = DIRECTION ( 'NONE',  ( 0.000000000000000000, 1.000000000000000000, -0.000000000000000000 ) ) ;
#670 = DIRECTION ( 'NONE',  ( -0.000000000000000000, -1.000000000000000000, -0.000000000000000000 ) ) ;
#671 = CIRCLE ( 'NONE', #1819, 5.400000000000000355 ) ;
#672 = CIRCLE ( 'NONE', #2415, 5.400000000000001243 ) ;
#673 = ADVANCED_FACE ( 'NONE', ( #2770 ), #2297, .T. ) ;
#674 = CARTESIAN_POINT ( 'NONE',  ( 30.75000000000000000, 7.000000000000000000, 4.000000000000006217 ) ) ;
#675 = LINE ( 'NONE', #3297, #512 ) ;
#676 = DIRECTION ( 'NONE',  ( 0.000000000000000000, 1.000000000000000000, -0.000000000000000000 ) ) ;
#677 = ORIENTED_EDGE ( 'NONE', *, *, #1454, .F. ) ;
#678 = CARTESIAN_POINT ( 'NONE',  ( -10.38196969615207266, 7.000000000000000000, 7.294045781912984694 ) ) ;
#679 = EDGE_LOOP ( 'NONE', ( #2381, #1263, #690, #1464 ) ) ;
#680 = VECTOR ( 'NONE', #1184, 1000.000000000000000 ) ;
#681 = CARTESIAN_POINT ( 'NONE',  ( 11.40912354214818336, 7.000000000000000000, 4.000000000000006217 ) ) ;
#682 = DIRECTION ( 'NONE',  ( 0.000000000000000000, 1.000000000000000000, -0.000000000000000000 ) ) ;
#683 = APPLICATION_PROTOCOL_DEFINITION ( 'draft international standard', 'automotive_design', 1998, #1132 ) ;
#684 = VECTOR ( 'NONE', #1780, 1000.000000000000000 ) ;
#685 = ORIENTED_EDGE ( 'NONE', *, *, #2503, .F. ) ;
#686 = ORIENTED_EDGE ( 'NONE', *, *, #3058, .T. ) ;
#687 = ORIENTED_EDGE ( 'NONE', *, *, #1472, .T. ) ;
#688 = CARTESIAN_POINT ( 'NONE',  ( 1.039999999999913660, 7.000000000000000000, 12.04518576029444965 ) ) ;
#689 = FACE_OUTER_BOUND ( 'NONE', #741, .T. ) ;
#690 = ORIENTED_EDGE ( 'NONE', *, *, #3208, .T. ) ;
#691 = ADVANCED_FACE ( 'NONE', ( #2507 ), #720, .F. ) ;
#692 = FACE_OUTER_BOUND ( 'NONE', #2758, .T. ) ;
#693 = CARTESIAN_POINT ( 'NONE',  ( 11.40912354214818336, 0.000000000000000000, -4.000000000000006217 ) ) ;
#694 = CARTESIAN_POINT ( 'NONE',  ( 0.000000000000000000, 0.000000000000000000, 0.000000000000000000 ) ) ;
#695 = VERTEX_POINT ( 'NONE', #699 ) ;
#696 = EDGE_CURVE ( 'NONE', #2199, #3363, #1208, .T. ) ;
#697 = DIRECTION ( 'NONE',  ( 0.7071067811865504593, 0.000000000000000000, -0.7071067811865445751 ) ) ;
#698 = ORIENTED_EDGE ( 'NONE', *, *, #945, .F. ) ;
#699 = CARTESIAN_POINT ( 'NONE',  ( -14.63000000000000433, 7.000000000000000000, 0.3099999999998467315 ) ) ;
#700 = LINE ( 'NONE', #2265, #684 ) ;
#701 = CARTESIAN_POINT ( 'NONE',  ( 0.000000000000000000, 0.000000000000000000, 0.000000000000000000 ) ) ;
#702 = ORIENTED_EDGE ( 'NONE', *, *, #2799, .F. ) ;
#703 = VERTEX_POINT ( 'NONE', #2559 ) ;
#704 = VERTEX_POINT ( 'NONE', #199 ) ;
#705 = DIRECTION ( 'NONE',  ( -1.000000000000000000, 0.000000000000000000, 0.000000000000000000 ) ) ;
#706 = DIRECTION ( 'NONE',  ( 0.000000000000000000, 0.000000000000000000, -1.000000000000000000 ) ) ;
#707 = ORIENTED_EDGE ( 'NONE', *, *, #3420, .T. ) ;
#708 = EDGE_CURVE ( 'NONE', #1458, #2163, #1603, .T. ) ;
#709 = VECTOR ( 'NONE', #1425, 1000.000000000000000 ) ;
#710 = CARTESIAN_POINT ( 'NONE',  ( -12.66995165736641837, 7.000000000000000000, 7.314999999999869829 ) ) ;
#711 = CARTESIAN_POINT ( 'NONE',  ( -12.66995165736626738, 0.000000000000000000, -7.315000000000123848 ) ) ;
#712 = DIRECTION ( 'NONE',  ( 0.000000000000000000, 0.000000000000000000, 1.000000000000000000 ) ) ;
#713 = ORIENTED_EDGE ( 'NONE', *, *, #2950, .T. ) ;
#714 = VECTOR ( 'NONE', #2109, 1000.000000000000227 ) ;
#715 = AXIS2_PLACEMENT_3D ( 'NONE', #1669, #602, #867 ) ;
#716 = ADVANCED_FACE ( 'NONE', ( #2583 ), #3360, .T. ) ;
#717 = CARTESIAN_POINT ( 'NONE',  ( -12.51495165736641546, 0.000000000000000000, 7.583467875173060868 ) ) ;
#718 = ORIENTED_EDGE ( 'NONE', *, *, #2566, .T. ) ;
#719 = AXIS2_PLACEMENT_3D ( 'NONE', #2800, #3139, #725 ) ;
#720 = PLANE ( 'NONE',  #2525 ) ;
#721 = AXIS2_PLACEMENT_3D ( 'NONE', #236, #1291, #1040 ) ;
#722 = ORIENTED_EDGE ( 'NONE', *, *, #1314, .F. ) ;
#723 = EDGE_LOOP ( 'NONE', ( #2175, #1690, #2307, #1115 ) ) ;
#725 = DIRECTION ( 'NONE',  ( 0.000000000000000000, 0.000000000000000000, 1.000000000000000000 ) ) ;
#724 = AXIS2_PLACEMENT_3D ( 'NONE', #1522, #2856, #1017 ) ;
#726 = CYLINDRICAL_SURFACE ( 'NONE', #2786, 5.400000000000001243 ) ;
#727 = ORIENTED_EDGE ( 'NONE', *, *, #2337, .T. ) ;
#728 = ORIENTED_EDGE ( 'NONE', *, *, #511, .F. ) ;
#729 = CARTESIAN_POINT ( 'NONE',  ( 9.252623584189809236, 0.000000000000000000, 7.781841479321879973 ) ) ;
#730 = VECTOR ( 'NONE', #304, 1000.000000000000000 ) ;
#731 = CARTESIAN_POINT ( 'NONE',  ( -4.358455715843406963, 7.000000000000000000, 11.91605062147246841 ) ) ;
#732 = CARTESIAN_POINT ( 'NONE',  ( 0.000000000000000000, 7.000000000000000000, 0.000000000000000000 ) ) ;
#733 = AXIS2_PLACEMENT_3D ( 'NONE', #3051, #3292, #706 ) ;
#734 = ORIENTED_EDGE ( 'NONE', *, *, #2722, .T. ) ;
#735 = VECTOR ( 'NONE', #2134, 1000.000000000000114 ) ;
#736 = DIRECTION ( 'NONE',  ( 0.000000000000000000, 0.000000000000000000, -1.000000000000000000 ) ) ;
#737 = DIRECTION ( 'NONE',  ( -0.000000000000000000, -1.000000000000000000, -0.000000000000000000 ) ) ;
#738 = DIRECTION ( 'NONE',  ( -0.5000000000000029976, 0.000000000000000000, 0.8660254037844368202 ) ) ;
#739 = DIRECTION ( 'NONE',  ( -0.000000000000000000, -1.000000000000000000, -0.000000000000000000 ) ) ;
#740 = ORIENTED_EDGE ( 'NONE', *, *, #1133, .F. ) ;
#741 = EDGE_LOOP ( 'NONE', ( #3214, #663, #2769, #3190 ) ) ;
#742 = ORIENTED_EDGE ( 'NONE', *, *, #2697, .T. ) ;
#743 = EDGE_CURVE ( 'NONE', #503, #599, #3151, .T. ) ;
#744 = DIRECTION ( 'NONE',  ( 0.7071067811865391350, -0.000000000000000000, 0.7071067811865560104 ) ) ;
#745 = VECTOR ( 'NONE', #624, 1000.000000000000000 ) ;
#746 = CARTESIAN_POINT ( 'NONE',  ( 0.000000000000000000, 0.000000000000000000, 0.000000000000000000 ) ) ;
#747 = AXIS2_PLACEMENT_3D ( 'NONE', #2161, #2475, #1662 ) ;
#748 = DIRECTION ( 'NONE',  ( 0.4999999999999909517, 0.000000000000000000, 0.8660254037844438146 ) ) ;
#749 = DIRECTION ( 'NONE',  ( 0.000000000000000000, 0.000000000000000000, 1.000000000000000000 ) ) ;
#750 = FACE_OUTER_BOUND ( 'NONE', #425, .T. ) ;
#751 = ORIENTED_EDGE ( 'NONE', *, *, #3355, .F. ) ;
#752 = ADVANCED_FACE ( 'NONE', ( #1344 ), #809, .T. ) ;
#753 = LINE ( 'NONE', #532, #2608 ) ;
#754 = CARTESIAN_POINT ( 'NONE',  ( 12.51495165736630888, 7.000000000000000000, 7.583467875173234063 ) ) ;
#755 = VERTEX_POINT ( 'NONE', #2829 ) ;
#756 = ADVANCED_FACE ( 'NONE', ( #2332 ), #552, .F. ) ;
#757 = DIRECTION ( 'NONE',  ( -0.000000000000000000, -1.000000000000000000, 0.000000000000000000 ) ) ;
#758 = CARTESIAN_POINT ( 'NONE',  ( 12.82495165736635379, 7.000000000000000000, -7.046532124826794252 ) ) ;
#759 = EDGE_LOOP ( 'NONE', ( #2391, #965, #469, #3169 ) ) ;
#760 = EDGE_CURVE ( 'NONE', #1405, #3340, #2363, .T. ) ;
#761 = ORIENTED_EDGE ( 'NONE', *, *, #778, .F. ) ;
#762 = CARTESIAN_POINT ( 'NONE',  ( 4.085959635999500073, 7.000000000000000000, -14.05126093462728676 ) ) ;
#763 = DIRECTION ( 'NONE',  ( 0.000000000000000000, 0.000000000000000000, 1.000000000000000000 ) ) ;
#764 = ORIENTED_EDGE ( 'NONE', *, *, #2950, .F. ) ;
#765 = CIRCLE ( 'NONE', #1520, 1.750000000000000000 ) ;
#766 = DIRECTION ( 'NONE',  ( 0.000000000000000000, 0.000000000000000000, -1.000000000000000000 ) ) ;
#767 = PLANE ( 'NONE',  #456 ) ;
#768 = DIRECTION ( 'NONE',  ( 0.000000000000000000, 1.000000000000000000, -0.000000000000000000 ) ) ;
#769 = ORIENTED_EDGE ( 'NONE', *, *, #861, .F. ) ;
#770 = CARTESIAN_POINT ( 'NONE',  ( 7.294045781913092164, 0.000000000000000000, -10.38196969615199272 ) ) ;
#771 = CYLINDRICAL_SURFACE ( 'NONE', #1048, 5.400000000000000355 ) ;
#772 = CARTESIAN_POINT ( 'NONE',  ( -12.82495165736625609, 0.000000000000000000, -7.046532124826973664 ) ) ;
#773 = CARTESIAN_POINT ( 'NONE',  ( -4.122086335902365839, 0.000000000000000000, -11.36558420141115988 ) ) ;
#774 = CARTESIAN_POINT ( 'NONE',  ( -0.3100000000001021938, 0.000000000000000000, 14.62999999999999901 ) ) ;
#775 = AXIS2_PLACEMENT_3D ( 'NONE', #1052, #2621, #3092 ) ;
#776 = LINE ( 'NONE', #2718, #2201 ) ;
#777 = ORIENTED_EDGE ( 'NONE', *, *, #133, .T. ) ;
#778 = EDGE_CURVE ( 'NONE', #1212, #213, #1326, .T. ) ;
#779 = AXIS2_PLACEMENT_3D ( 'NONE', #1504, #2548, #185 ) ;
#780 = LINE ( 'NONE', #472, #939 ) ;
#781 = CIRCLE ( 'NONE', #1312, 5.400000000000000355 ) ;
#782 = DIRECTION ( 'NONE',  ( 0.000000000000000000, 0.000000000000000000, 1.000000000000000000 ) ) ;
#783 = ORIENTED_EDGE ( 'NONE', *, *, #1985, .F. ) ;
#784 = EDGE_CURVE ( 'NONE', #2684, #3415, #3224, .T. ) ;
#785 = VECTOR ( 'NONE', #2389, 1000.000000000000000 ) ;
#786 = EDGE_CURVE ( 'NONE', #1075, #1739, #2568, .T. ) ;
#787 = CARTESIAN_POINT ( 'NONE',  ( 10.12576910659138463, 0.000000000000000000, -10.56417531092700557 ) ) ;
#788 = CARTESIAN_POINT ( 'NONE',  ( 0.000000000000000000, 7.000000000000000000, 0.000000000000000000 ) ) ;
#789 = CYLINDRICAL_SURFACE ( 'NONE', #3342, 1.750000000000003553 ) ;
#790 = VERTEX_POINT ( 'NONE', #774 ) ;
#791 = EDGE_CURVE ( 'NONE', #2546, #629, #253, .T. ) ;
#792 = CIRCLE ( 'NONE', #2910, 12.08999999999999986 ) ;
#793 = DIRECTION ( 'NONE',  ( 0.000000000000000000, 0.000000000000000000, 1.000000000000000000 ) ) ;
#794 = AXIS2_PLACEMENT_3D ( 'NONE', #746, #1297, #1540 ) ;
#795 = FACE_OUTER_BOUND ( 'NONE', #2562, .T. ) ;
#796 = AXIS2_PLACEMENT_3D ( 'NONE', #3128, #1559, #245 ) ;
#797 = CARTESIAN_POINT ( 'NONE',  ( -9.911436861717485058, 7.000000000000000000, -6.923259300083151935 ) ) ;
#798 = ORIENTED_EDGE ( 'NONE', *, *, #1087, .F. ) ;
#799 = CARTESIAN_POINT ( 'NONE',  ( 4.122086335902443999, 0.000000000000000000, 11.36558420141113324 ) ) ;
#800 = DIRECTION ( 'NONE',  ( 0.000000000000000000, 0.000000000000000000, -1.000000000000000000 ) ) ;
#801 = ORIENTED_EDGE ( 'NONE', *, *, #1072, .F. ) ;
#802 = VECTOR ( 'NONE', #1421, 1000.000000000000000 ) ;
#803 = CARTESIAN_POINT ( 'NONE',  ( -10.95143686171750552, 7.000000000000000000, -5.121926460211534859 ) ) ;
#804 = DIRECTION ( 'NONE',  ( 0.000000000000000000, 0.000000000000000000, 1.000000000000000000 ) ) ;
#805 = ORIENTED_EDGE ( 'NONE', *, *, #68, .T. ) ;
#806 = EDGE_CURVE ( 'NONE', #2752, #847, #1028, .T. ) ;
#807 = CARTESIAN_POINT ( 'NONE',  ( -6.923259300083119072, 7.000000000000000000, 9.911436861717506375 ) ) ;
#808 = CARTESIAN_POINT ( 'NONE',  ( 0.3099999999999999978, 7.000000000000000000, -14.63000000000000078 ) ) ;
#809 = CYLINDRICAL_SURFACE ( 'NONE', #894, 12.08999999999999986 ) ;
#810 = EDGE_LOOP ( 'NONE', ( #740, #2351 ) ) ;
#811 = ORIENTED_EDGE ( 'NONE', *, *, #3058, .F. ) ;
#812 = DIRECTION ( 'NONE',  ( 0.000000000000000000, 0.000000000000000000, 1.000000000000000000 ) ) ;
#813 = CYLINDRICAL_SURFACE ( 'NONE', #2462, 12.08999999999999986 ) ;
#814 = ORIENTED_EDGE ( 'NONE', *, *, #2234, .T. ) ;
#815 = ORIENTED_EDGE ( 'NONE', *, *, #3267, .T. ) ;
#816 = CARTESIAN_POINT ( 'NONE',  ( 6.923259300082978740, 0.000000000000000000, 9.911436861717605851 ) ) ;
#817 = FACE_OUTER_BOUND ( 'NONE', #2515, .T. ) ;
#818 = ORIENTED_EDGE ( 'NONE', *, *, #1369, .F. ) ;
#819 = EDGE_CURVE ( 'NONE', #1897, #895, #2884, .T. ) ;
#820 = DIRECTION ( 'NONE',  ( 0.000000000000000000, 1.000000000000000000, -0.000000000000000000 ) ) ;
#821 = CARTESIAN_POINT ( 'NONE',  ( -11.90392781522432664, 7.000000000000000000, -2.112960617221389725 ) ) ;
#822 = EDGE_LOOP ( 'NONE', ( #1030, #3242, #198, #1907 ) ) ;
#823 = EDGE_CURVE ( 'NONE', #1496, #2729, #2629, .T. ) ;
#824 = LINE ( 'NONE', #2612, #2618 ) ;
#825 = ORIENTED_EDGE ( 'NONE', *, *, #2814, .F. ) ;
#826 = VERTEX_POINT ( 'NONE', #1830 ) ;
#827 = EDGE_CURVE ( 'NONE', #181, #2268, #824, .T. ) ;
#828 = CARTESIAN_POINT ( 'NONE',  ( -1.125844095427455782, 7.000000000000000000, -12.63807238914438535 ) ) ;
#829 = CARTESIAN_POINT ( 'NONE',  ( -14.63000000000000078, 7.000000000000000000, -1.637355126034883034E-13 ) ) ;
#830 = VECTOR ( 'NONE', #1658, 1000.000000000000000 ) ;
#831 = AXIS2_PLACEMENT_3D ( 'NONE', #1528, #768, #2306 ) ;
#832 = VERTEX_POINT ( 'NONE', #1307 ) ;
#833 = EDGE_LOOP ( 'NONE', ( #3256, #1571, #3206, #2807 ) ) ;
#834 = AXIS2_PLACEMENT_3D ( 'NONE', #2183, #420, #76 ) ;
#835 = CARTESIAN_POINT ( 'NONE',  ( 2.112960617221264936, 7.000000000000000000, -11.90392781522434795 ) ) ;
#836 = DIRECTION ( 'NONE',  ( -0.000000000000000000, -1.000000000000000000, -0.000000000000000000 ) ) ;
#837 = ORIENTED_EDGE ( 'NONE', *, *, #1955, .T. ) ;
#838 = FACE_OUTER_BOUND ( 'NONE', #822, .T. ) ;
#839 = CARTESIAN_POINT ( 'NONE',  ( 7.583467875173103501, 7.000000000000000000, 12.51495165736638171 ) ) ;
#840 = CARTESIAN_POINT ( 'NONE',  ( -12.51495165736625204, 7.000000000000000000, -7.583467875173321993 ) ) ;
#841 = AXIS2_PLACEMENT_3D ( 'NONE', #2484, #1936, #1218 ) ;
#842 = EDGE_CURVE ( 'NONE', #2914, #1320, #2902, .T. ) ;
#843 = ORIENTED_EDGE ( 'NONE', *, *, #2130, .F. ) ;
#844 = CARTESIAN_POINT ( 'NONE',  ( 0.000000000000000000, 7.000000000000000000, 0.000000000000000000 ) ) ;
#845 = CYLINDRICAL_SURFACE ( 'NONE', #1261, 12.08999999999999986 ) ;
#846 = EDGE_CURVE ( 'NONE', #1593, #1929, #1858, .T. ) ;
#847 = VERTEX_POINT ( 'NONE', #2074 ) ;
#848 = CARTESIAN_POINT ( 'NONE',  ( -8.186775630174415172E-14, 7.000000000000000000, 14.63000000000000078 ) ) ;
#849 = CARTESIAN_POINT ( 'NONE',  ( -9.732558681926127164, 7.000000000000000000, 8.140374693054791777 ) ) ;
#850 = VERTEX_POINT ( 'NONE', #3134 ) ;
#851 = VERTEX_POINT ( 'NONE', #797 ) ;
#852 = AXIS2_PLACEMENT_3D ( 'NONE', #1969, #2468, #3264 ) ;
#853 = CARTESIAN_POINT ( 'NONE',  ( 7.781841479321783162, 0.000000000000000000, 9.252623584189889172 ) ) ;
#854 = CARTESIAN_POINT ( 'NONE',  ( -14.13149483860910571, 7.000000000000000000, 3.786522629849766730 ) ) ;
#855 = LINE ( 'NONE', #2708, #1041 ) ;
#856 = ADVANCED_FACE ( 'NONE', ( #251 ), #2350, .T. ) ;
#857 = CARTESIAN_POINT ( 'NONE',  ( 0.000000000000000000, 7.000000000000000000, 0.000000000000000000 ) ) ;
#858 =( LENGTH_UNIT ( ) NAMED_UNIT ( * ) SI_UNIT ( .MILLI., .METRE. ) );
#859 = VERTEX_POINT ( 'NONE', #3200 ) ;
#860 = ORIENTED_EDGE ( 'NONE', *, *, #1444, .T. ) ;
#861 = EDGE_CURVE ( 'NONE', #1991, #1744, #3229, .T. ) ;
#862 = CARTESIAN_POINT ( 'NONE',  ( 7.583467875173103501, 0.000000000000000000, 12.51495165736638171 ) ) ;
#863 = EDGE_CURVE ( 'NONE', #983, #1725, #1410, .T. ) ;
#864 = CARTESIAN_POINT ( 'NONE',  ( -3.487085623700077353, 7.000000000000000000, -14.21172874259089625 ) ) ;
#865 = ORIENTED_EDGE ( 'NONE', *, *, #3031, .F. ) ;
#866 = DIRECTION ( 'NONE',  ( 0.000000000000000000, 0.000000000000000000, 1.000000000000000000 ) ) ;
#867 = DIRECTION ( 'NONE',  ( 0.000000000000000000, 0.000000000000000000, 1.000000000000000000 ) ) ;
#868 = DIRECTION ( 'NONE',  ( 0.000000000000000000, 0.000000000000000000, 1.000000000000000000 ) ) ;
#869 = ORIENTED_EDGE ( 'NONE', *, *, #3311, .T. ) ;
#870 = CARTESIAN_POINT ( 'NONE',  ( -0.3099999999999999978, 7.000000000000000000, -14.63000000000000078 ) ) ;
#871 = VERTEX_POINT ( 'NONE', #2675 ) ;
#872 = CARTESIAN_POINT ( 'NONE',  ( 0.000000000000000000, 7.000000000000000000, 0.000000000000000000 ) ) ;
#873 = DIRECTION ( 'NONE',  ( -0.000000000000000000, -1.000000000000000000, 0.000000000000000000 ) ) ;
#874 = EDGE_CURVE ( 'NONE', #2601, #2978, #1855, .T. ) ;
#875 = DIRECTION ( 'NONE',  ( -0.000000000000000000, -1.000000000000000000, -0.000000000000000000 ) ) ;
#876 = ORIENTED_EDGE ( 'NONE', *, *, #1898, .F. ) ;
#877 = AXIS2_PLACEMENT_3D ( 'NONE', #2435, #1144, #3233 ) ;
#878 = FACE_OUTER_BOUND ( 'NONE', #1845, .T. ) ;
#879 = AXIS2_PLACEMENT_3D ( 'NONE', #232, #1069, #263 ) ;
#880 = DIRECTION ( 'NONE',  ( 0.000000000000000000, 0.000000000000000000, 1.000000000000000000 ) ) ;
#881 = ORIENTED_EDGE ( 'NONE', *, *, #2973, .F. ) ;
#882 = CIRCLE ( 'NONE', #1474, 5.400000000000000355 ) ;
#883 = CARTESIAN_POINT ( 'NONE',  ( -3.786522629850011423, 0.000000000000000000, 14.13149483860903466 ) ) ;
#884 = EDGE_CURVE ( 'NONE', #1791, #2684, #626, .T. ) ;
#885 = CARTESIAN_POINT ( 'NONE',  ( 7.583467875173103501, 7.000000000000000000, 12.51495165736638171 ) ) ;
#886 = AXIS2_PLACEMENT_3D ( 'NONE', #1776, #2809, #926 ) ;
#887 = ORIENTED_EDGE ( 'NONE', *, *, #1454, .T. ) ;
#888 = EDGE_CURVE ( 'NONE', #1934, #1157, #2956, .T. ) ;
#889 = CARTESIAN_POINT ( 'NONE',  ( -2.183491939546281291, 7.000000000000000000, -12.49883040889822361 ) ) ;
#890 = VERTEX_POINT ( 'NONE', #2989 ) ;
#891 = VECTOR ( 'NONE', #1600, 1000.000000000000000 ) ;
#892 = DIRECTION ( 'NONE',  ( -0.000000000000000000, -1.000000000000000000, -0.000000000000000000 ) ) ;
#893 = CIRCLE ( 'NONE', #3299, 5.400000000000000355 ) ;
#894 = AXIS2_PLACEMENT_3D ( 'NONE', #2062, #222, #535 ) ;
#895 = VERTEX_POINT ( 'NONE', #15 ) ;
#896 = VECTOR ( 'NONE', #2804, 1000.000000000000000 ) ;
#897 = CARTESIAN_POINT ( 'NONE',  ( 0.000000000000000000, 0.000000000000000000, -14.63000000000000078 ) ) ;
#898 = CYLINDRICAL_SURFACE ( 'NONE', #1429, 5.400000000000000355 ) ;
#899 = ORIENTED_EDGE ( 'NONE', *, *, #1775, .T. ) ;
#900 = LINE ( 'NONE', #1083, #891 ) ;
#901 = AXIS2_PLACEMENT_3D ( 'NONE', #2705, #1169, #956 ) ;
#902 = LINE ( 'NONE', #1680, #802 ) ;
#903 = CARTESIAN_POINT ( 'NONE',  ( -12.04518576029445143, 7.000000000000000000, 1.039999999999871916 ) ) ;
#904 = EDGE_CURVE ( 'NONE', #695, #1744, #2173, .T. ) ;
#905 = EDGE_LOOP ( 'NONE', ( #1227, #2108, #2673, #3083 ) ) ;
#906 = CARTESIAN_POINT ( 'NONE',  ( -7.294045781913165882, 7.000000000000000000, 10.38196969615194298 ) ) ;
#907 = CIRCLE ( 'NONE', #290, 5.400000000000000355 ) ;
#908 = AXIS2_PLACEMENT_3D ( 'NONE', #3287, #3030, #3338 ) ;
#909 = VERTEX_POINT ( 'NONE', #571 ) ;
#910 = FACE_OUTER_BOUND ( 'NONE', #1773, .T. ) ;
#911 = DIRECTION ( 'NONE',  ( 0.000000000000000000, 0.000000000000000000, 1.000000000000000000 ) ) ;
#912 = ORIENTED_EDGE ( 'NONE', *, *, #2566, .F. ) ;
#913 = ORIENTED_EDGE ( 'NONE', *, *, #2785, .T. ) ;
#914 = CARTESIAN_POINT ( 'NONE',  ( -11.36558420141114745, 0.000000000000000000, 4.122086335902404919 ) ) ;
#915 = CARTESIAN_POINT ( 'NONE',  ( 5.121926460211420284, 0.000000000000000000, -10.95143686171755704 ) ) ;
#916 = CARTESIAN_POINT ( 'NONE',  ( -4.085959635999302009, 7.000000000000000000, -14.05126093462734183 ) ) ;
#917 = EDGE_CURVE ( 'NONE', #638, #3408, #3282, .T. ) ;
#918 = LINE ( 'NONE', #1440, #1878 ) ;
#919 = DIRECTION ( 'NONE',  ( 0.000000000000000000, 0.000000000000000000, -1.000000000000000000 ) ) ;
#920 = EDGE_CURVE ( 'NONE', #2967, #488, #2661, .T. ) ;
#921 = ORIENTED_EDGE ( 'NONE', *, *, #103, .F. ) ;
#922 = CYLINDRICAL_SURFACE ( 'NONE', #2768, 5.400000000000002132 ) ;
#923 = VERTEX_POINT ( 'NONE', #2157 ) ;
#924 = EDGE_CURVE ( 'NONE', #847, #1276, #855, .T. ) ;
#925 = DIRECTION ( 'NONE',  ( 0.000000000000000000, 1.000000000000000000, -0.000000000000000000 ) ) ;
#926 = DIRECTION ( 'NONE',  ( 0.000000000000000000, 0.000000000000000000, 1.000000000000000000 ) ) ;
#927 = FACE_OUTER_BOUND ( 'NONE', #3218, .T. ) ;
#928 = AXIS2_PLACEMENT_3D ( 'NONE', #906, #3215, #33 ) ;
#929 = VERTEX_POINT ( 'NONE', #67 ) ;
#930 = ORIENTED_EDGE ( 'NONE', *, *, #2230, .F. ) ;
#931 = EDGE_CURVE ( 'NONE', #1689, #1849, #1101, .T. ) ;
#932 = CIRCLE ( 'NONE', #1685, 3.500000000000000000 ) ;
#933 = FACE_OUTER_BOUND ( 'NONE', #2888, .T. ) ;
#934 = DIRECTION ( 'NONE',  ( -0.000000000000000000, -1.000000000000000000, -0.000000000000000000 ) ) ;
#935 = CIRCLE ( 'NONE', #2398, 12.08999999999999986 ) ;
#936 = CARTESIAN_POINT ( 'NONE',  ( -9.732558681925954858, 7.000000000000000000, -8.140374693054997834 ) ) ;
#937 = CARTESIAN_POINT ( 'NONE',  ( 30.75000000000000000, 0.000000000000000000, 1.750000000000003553 ) ) ;
#938 = LINE ( 'NONE', #2764, #1807 ) ;
#939 = VECTOR ( 'NONE', #1521, 1000.000000000000000 ) ;
#940 = CARTESIAN_POINT ( 'NONE',  ( -7.583467875173016459, 7.000000000000000000, -12.51495165736643855 ) ) ;
#941 = CIRCLE ( 'NONE', #886, 1.750000000000003553 ) ;
#942 = ORIENTED_EDGE ( 'NONE', *, *, #2503, .T. ) ;
#943 = CARTESIAN_POINT ( 'NONE',  ( -11.50781379157939455, 7.000000000000000000, -5.344026607231435300 ) ) ;
#944 = LINE ( 'NONE', #1226, #400 ) ;
#945 = EDGE_CURVE ( 'NONE', #1849, #2099, #310, .T. ) ;
#946 = ORIENTED_EDGE ( 'NONE', *, *, #917, .T. ) ;
#947 = ORIENTED_EDGE ( 'NONE', *, *, #2178, .F. ) ;
#948 = CIRCLE ( 'NONE', #43, 1.750000000000003553 ) ;
#949 = EDGE_CURVE ( 'NONE', #225, #153, #1038, .T. ) ;
#950 = DIRECTION ( 'NONE',  ( -0.000000000000000000, -1.000000000000000000, -0.000000000000000000 ) ) ;
#951 = EDGE_CURVE ( 'NONE', #70, #2857, #2392, .T. ) ;
#952 = DIRECTION ( 'NONE',  ( 0.000000000000000000, 1.000000000000000000, -0.000000000000000000 ) ) ;
#953 = CIRCLE ( 'NONE', #2795, 5.400000000000000355 ) ;
#954 = VERTEX_POINT ( 'NONE', #870 ) ;
#955 = CARTESIAN_POINT ( 'NONE',  ( 4.358455715843239986, 7.000000000000000000, 11.91605062147253058 ) ) ;
#956 = DIRECTION ( 'NONE',  ( -0.7071067811865417996, 0.000000000000000000, -0.7071067811865531239 ) ) ;
#957 = FACE_OUTER_BOUND ( 'NONE', #1884, .T. ) ;
#958 = VERTEX_POINT ( 'NONE', #308 ) ;
#959 = DIRECTION ( 'NONE',  ( -0.9659258262890718649, 0.000000000000000000, 0.2588190451025074168 ) ) ;
#960 = EDGE_LOOP ( 'NONE', ( #360, #1176, #1867, #1555 ) ) ;
#961 = CARTESIAN_POINT ( 'NONE',  ( 10.12576910659138463, 7.000000000000000000, -10.56417531092700557 ) ) ;
#962 = CARTESIAN_POINT ( 'NONE',  ( 0.000000000000000000, 7.000000000000000000, 0.000000000000000000 ) ) ;
#963 = ORIENTED_EDGE ( 'NONE', *, *, #1802, .T. ) ;
#964 = EDGE_CURVE ( 'NONE', #1266, #2978, #1523, .T. ) ;
#965 = ORIENTED_EDGE ( 'NONE', *, *, #884, .T. ) ;
#966 = ORIENTED_EDGE ( 'NONE', *, *, #863, .F. ) ;
#967 = DIRECTION ( 'NONE',  ( 0.000000000000000000, 0.000000000000000000, 1.000000000000000000 ) ) ;
#968 = DIRECTION ( 'NONE',  ( -0.000000000000000000, -1.000000000000000000, -0.000000000000000000 ) ) ;
#969 = VERTEX_POINT ( 'NONE', #587 ) ;
#970 = EDGE_CURVE ( 'NONE', #1689, #3290, #3390, .T. ) ;
#971 = FACE_OUTER_BOUND ( 'NONE', #2915, .T. ) ;
#972 = DIRECTION ( 'NONE',  ( 0.000000000000000000, 0.000000000000000000, 1.000000000000000000 ) ) ;
#973 = ORIENTED_EDGE ( 'NONE', *, *, #2522, .T. ) ;
#974 = LINE ( 'NONE', #940, #1143 ) ;
#975 = CARTESIAN_POINT ( 'NONE',  ( -10.12576910659123364, 0.000000000000000000, -10.56417531092714412 ) ) ;
#976 = EDGE_LOOP ( 'NONE', ( #1883, #2190, #2848, #1961 ) ) ;
#977 = EDGE_LOOP ( 'NONE', ( #494, #1220, #947, #1282 ) ) ;
#978 = CARTESIAN_POINT ( 'NONE',  ( -1.125844095427544822, 0.000000000000000000, 12.63807238914438003 ) ) ;
#979 = LINE ( 'NONE', #2218, #1104 ) ;
#980 = DIRECTION ( 'NONE',  ( -0.000000000000000000, -1.000000000000000000, -0.000000000000000000 ) ) ;
#981 = CARTESIAN_POINT ( 'NONE',  ( -9.252623584189755945, 0.000000000000000000, -7.781841479321944810 ) ) ;
#982 = CARTESIAN_POINT ( 'NONE',  ( 2.112960617221180559, 7.000000000000000000, 11.90392781522436394 ) ) ;
#983 = VERTEX_POINT ( 'NONE', #2974 ) ;
#984 = CIRCLE ( 'NONE', #1580, 5.400000000000002132 ) ;
#985 = CARTESIAN_POINT ( 'NONE',  ( -7.583467875173281136, 7.000000000000000000, 12.51495165736627335 ) ) ;
#986 = CARTESIAN_POINT ( 'NONE',  ( 0.000000000000000000, 7.000000000000000000, 0.000000000000000000 ) ) ;
#987 = EDGE_CURVE ( 'NONE', #2443, #3047, #1639, .T. ) ;
#988 = AXIS2_PLACEMENT_3D ( 'NONE', #212, #2823, #804 ) ;
#989 = CIRCLE ( 'NONE', #3127, 12.08999999999999986 ) ;
#990 = CARTESIAN_POINT ( 'NONE',  ( 3.786522629849769839, 7.000000000000000000, 14.13149483860910394 ) ) ;
#991 = CARTESIAN_POINT ( 'NONE',  ( 0.000000000000000000, 2.000000000000000000, -1.750000000000000000 ) ) ;
#992 = AXIS2_PLACEMENT_3D ( 'NONE', #872, #329, #526 ) ;
#993 = AXIS2_PLACEMENT_3D ( 'NONE', #47, #579, #1134 ) ;
#994 = VERTEX_POINT ( 'NONE', #840 ) ;
#995 = VERTEX_POINT ( 'NONE', #376 ) ;
#997 = DIRECTION ( 'NONE',  ( 0.000000000000000000, 1.000000000000000000, -0.000000000000000000 ) ) ;
#996 = STYLED_ITEM ( 'NONE', ( #612 ), #3396 ) ;
#998 = DIRECTION ( 'NONE',  ( 0.7071067811865417996, 0.000000000000000000, 0.7071067811865531239 ) ) ;
#999 = ORIENTED_EDGE ( 'NONE', *, *, #2750, .F. ) ;
#1000 = ADVANCED_FACE ( 'NONE', ( #1158 ), #2193, .T. ) ;
#1001 = CARTESIAN_POINT ( 'NONE',  ( -2.112960617221349757, 0.000000000000000000, 11.90392781522433374 ) ) ;
#1002 = CIRCLE ( 'NONE', #1102, 5.400000000000001243 ) ;
#1003 = DIRECTION ( 'NONE',  ( -0.000000000000000000, -1.000000000000000000, -0.000000000000000000 ) ) ;
#1004 = DIRECTION ( 'NONE',  ( 0.5000000000000083267, 0.000000000000000000, -0.8660254037844338226 ) ) ;
#1005 = VECTOR ( 'NONE', #78, 1000.000000000000000 ) ;
#1006 = EDGE_LOOP ( 'NONE', ( #2059, #2501, #698, #1283 ) ) ;
#1007 = LINE ( 'NONE', #2596, #1547 ) ;
#1008 = ADVANCED_FACE ( 'NONE', ( #104 ), #922, .T. ) ;
#1009 = DIRECTION ( 'NONE',  ( -0.000000000000000000, -1.000000000000000000, -0.000000000000000000 ) ) ;
#1010 = ORIENTED_EDGE ( 'NONE', *, *, #2600, .F. ) ;
#1011 = VECTOR ( 'NONE', #1225, 999.9999999999998863 ) ;
#1012 = DIRECTION ( 'NONE',  ( 0.000000000000000000, 0.000000000000000000, 1.000000000000000000 ) ) ;
#1013 = FACE_BOUND ( 'NONE', #2852, .T. ) ;
#1014 = ORIENTED_EDGE ( 'NONE', *, *, #874, .F. ) ;
#1015 = ORIENTED_EDGE ( 'NONE', *, *, #2082, .F. ) ;
#1016 = CARTESIAN_POINT ( 'NONE',  ( -14.13149483860903111, 7.000000000000000000, -3.786522629850014088 ) ) ;
#1017 = DIRECTION ( 'NONE',  ( 0.000000000000000000, 0.000000000000000000, 1.000000000000000000 ) ) ;
#1018 = ORIENTED_EDGE ( 'NONE', *, *, #1727, .F. ) ;
#1019 = CARTESIAN_POINT ( 'NONE',  ( 3.786522629849846222, 7.000000000000000000, -14.13149483860907729 ) ) ;
#1020 = CARTESIAN_POINT ( 'NONE',  ( -10.12576910659145391, 7.000000000000000000, 10.56417531092693096 ) ) ;
#1021 = CARTESIAN_POINT ( 'NONE',  ( 0.000000000000000000, 7.000000000000000000, 0.000000000000000000 ) ) ;
#1022 = EDGE_LOOP ( 'NONE', ( #657, #2411, #105, #887 ) ) ;
#1023 = CARTESIAN_POINT ( 'NONE',  ( -1.125844095427544822, 7.000000000000000000, 12.63807238914438003 ) ) ;
#1024 = EDGE_CURVE ( 'NONE', #1054, #374, #3004, .T. ) ;
#1025 = DIRECTION ( 'NONE',  ( 0.000000000000000000, 1.000000000000000000, -0.000000000000000000 ) ) ;
#1026 = VERTEX_POINT ( 'NONE', #659 ) ;
#1027 = EDGE_LOOP ( 'NONE', ( #3154, #921, #3013, #1832 ) ) ;
#1028 = LINE ( 'NONE', #1076, #538 ) ;
#1029 = ADVANCED_FACE ( 'NONE', ( #1173 ), #2808, .T. ) ;
#1030 = ORIENTED_EDGE ( 'NONE', *, *, #920, .F. ) ;
#1031 = CARTESIAN_POINT ( 'NONE',  ( 1.039999999999998925, 7.000000000000000000, -12.04518576029444432 ) ) ;
#1032 = CARTESIAN_POINT ( 'NONE',  ( 4.085959635999399708, 7.000000000000000000, 14.05126093462731873 ) ) ;
#1033 = EDGE_CURVE ( 'NONE', #353, #629, #2210, .T. ) ;
#1034 = DIRECTION ( 'NONE',  ( 0.000000000000000000, 1.000000000000000000, -0.000000000000000000 ) ) ;
#1035 = DIRECTION ( 'NONE',  ( 0.000000000000000000, 0.000000000000000000, -1.000000000000000000 ) ) ;
#1036 = DIRECTION ( 'NONE',  ( 0.000000000000000000, 0.000000000000000000, -1.000000000000000000 ) ) ;
#1037 = ORIENTED_EDGE ( 'NONE', *, *, #189, .F. ) ;
#1038 = CIRCLE ( 'NONE', #2226, 5.400000000000001243 ) ;
#1039 = DIRECTION ( 'NONE',  ( -0.000000000000000000, -1.000000000000000000, 0.000000000000000000 ) ) ;
#1040 = DIRECTION ( 'NONE',  ( 0.000000000000000000, 0.000000000000000000, 1.000000000000000000 ) ) ;
#1041 = VECTOR ( 'NONE', #361, 1000.000000000000000 ) ;
#1042 = EDGE_LOOP ( 'NONE', ( #2064, #2352, #751, #2590 ) ) ;
#1043 = CARTESIAN_POINT ( 'NONE',  ( -10.95143686171750552, 7.000000000000000000, -5.121926460211534859 ) ) ;
#1044 = VECTOR ( 'NONE', #1098, 1000.000000000000000 ) ;
#1045 = ORIENTED_EDGE ( 'NONE', *, *, #904, .T. ) ;
#1046 = VECTOR ( 'NONE', #255, 1000.000000000000114 ) ;
#1047 = DIRECTION ( 'NONE',  ( -0.000000000000000000, -1.000000000000000000, -0.000000000000000000 ) ) ;
#1048 = AXIS2_PLACEMENT_3D ( 'NONE', #1809, #2385, #502 ) ;
#1049 = DIRECTION ( 'NONE',  ( 0.000000000000000000, 1.000000000000000000, -0.000000000000000000 ) ) ;
#1050 = CARTESIAN_POINT ( 'NONE',  ( 0.000000000000000000, 7.000000000000000000, 0.000000000000000000 ) ) ;
#1051 = DIRECTION ( 'NONE',  ( 0.000000000000000000, -1.000000000000000000, 0.000000000000000000 ) ) ;
#1052 = CARTESIAN_POINT ( 'NONE',  ( -12.49883040889816854, 7.000000000000000000, -2.183491939546586824 ) ) ;
#1053 = ORIENTED_EDGE ( 'NONE', *, *, #2164, .F. ) ;
#1054 = VERTEX_POINT ( 'NONE', #985 ) ;
#1055 = DIRECTION ( 'NONE',  ( 0.000000000000000000, 0.000000000000000000, 1.000000000000000000 ) ) ;
#1056 = CIRCLE ( 'NONE', #794, 1.750000000000000000 ) ;
#1057 = DIRECTION ( 'NONE',  ( 0.8660254037844344888, 0.000000000000000000, 0.5000000000000072164 ) ) ;
#1058 = DIRECTION ( 'NONE',  ( -0.000000000000000000, -1.000000000000000000, -0.000000000000000000 ) ) ;
#1059 = ORIENTED_EDGE ( 'NONE', *, *, #3167, .T. ) ;
#1060 = CARTESIAN_POINT ( 'NONE',  ( 0.000000000000000000, 7.000000000000000000, 0.000000000000000000 ) ) ;
#1061 = EDGE_CURVE ( 'NONE', #2695, #1782, #2472, .T. ) ;
#1062 = DIRECTION ( 'NONE',  ( -0.000000000000000000, -1.000000000000000000, 0.000000000000000000 ) ) ;
#1063 = ORIENTED_EDGE ( 'NONE', *, *, #1267, .T. ) ;
#1064 = AXIS2_PLACEMENT_3D ( 'NONE', #3168, #1831, #868 ) ;
#1065 = ORIENTED_EDGE ( 'NONE', *, *, #475, .F. ) ;
#1066 = VERTEX_POINT ( 'NONE', #2023 ) ;
#1067 = CIRCLE ( 'NONE', #1778, 5.399999999999998579 ) ;
#1068 = LINE ( 'NONE', #1850, #614 ) ;
#1069 = DIRECTION ( 'NONE',  ( -0.000000000000000000, -1.000000000000000000, -0.000000000000000000 ) ) ;
#1070 = ORIENTED_EDGE ( 'NONE', *, *, #863, .T. ) ;
#1071 = EDGE_CURVE ( 'NONE', #16, #1075, #1702, .T. ) ;
#1072 = EDGE_CURVE ( 'NONE', #2947, #84, #2224, .T. ) ;
#1073 = DIRECTION ( 'NONE',  ( 0.000000000000000000, -1.000000000000000000, 0.000000000000000000 ) ) ;
#1074 = LINE ( 'NONE', #2882, #2239 ) ;
#1075 = VERTEX_POINT ( 'NONE', #1756 ) ;
#1076 = CARTESIAN_POINT ( 'NONE',  ( 12.66995165736631712, 7.000000000000000000, 7.315000000000047464 ) ) ;
#1077 = DIRECTION ( 'NONE',  ( 0.000000000000000000, 0.000000000000000000, -1.000000000000000000 ) ) ;
#1078 = DIRECTION ( 'NONE',  ( 0.000000000000000000, 0.000000000000000000, -1.000000000000000000 ) ) ;
#1079 = VERTEX_POINT ( 'NONE', #1737 ) ;
#1080 = CARTESIAN_POINT ( 'NONE',  ( 12.49883040889819874, 0.000000000000000000, -2.183491939546412297 ) ) ;
#1081 = CYLINDRICAL_SURFACE ( 'NONE', #993, 12.08999999999999986 ) ;
#1082 = AXIS2_PLACEMENT_3D ( 'NONE', #162, #2489, #411 ) ;
#1083 = CARTESIAN_POINT ( 'NONE',  ( 0.000000000000000000, 7.000000000000000000, 4.000000000000006217 ) ) ;
#1084 = DIRECTION ( 'NONE',  ( 0.4999999999999962808, 0.000000000000000000, 0.8660254037844407060 ) ) ;
#1085 = CIRCLE ( 'NONE', #3172, 5.400000000000000355 ) ;
#1086 = DIRECTION ( 'NONE',  ( 0.000000000000000000, 1.000000000000000000, -0.000000000000000000 ) ) ;
#1087 = EDGE_CURVE ( 'NONE', #1739, #1608, #3266, .T. ) ;
#1088 = ORIENTED_EDGE ( 'NONE', *, *, #1606, .F. ) ;
#1089 = VECTOR ( 'NONE', #1141, 1000.000000000000000 ) ;
#1090 = VECTOR ( 'NONE', #3318, 1000.000000000000000 ) ;
#1091 = DIRECTION ( 'NONE',  ( -0.000000000000000000, -1.000000000000000000, -0.000000000000000000 ) ) ;
#1092 = AXIS2_PLACEMENT_3D ( 'NONE', #1556, #2603, #2872 ) ;
#1093 = ORIENTED_EDGE ( 'NONE', *, *, #661, .T. ) ;
#1094 = AXIS2_PLACEMENT_3D ( 'NONE', #646, #3010, #1686 ) ;
#1095 = CARTESIAN_POINT ( 'NONE',  ( 7.315000000000026148, 0.000000000000000000, -12.66995165736632245 ) ) ;
#1096 = FACE_OUTER_BOUND ( 'NONE', #1537, .T. ) ;
#1097 = DIRECTION ( 'NONE',  ( -0.000000000000000000, -1.000000000000000000, -0.000000000000000000 ) ) ;
#1098 = DIRECTION ( 'NONE',  ( -0.000000000000000000, -1.000000000000000000, -0.000000000000000000 ) ) ;
#1099 = ADVANCED_FACE ( 'NONE', ( #396 ), #1445, .F. ) ;
#1100 = ORIENTED_EDGE ( 'NONE', *, *, #2227, .F. ) ;
#1101 = LINE ( 'NONE', #2124, #830 ) ;
#1102 = AXIS2_PLACEMENT_3D ( 'NONE', #2934, #2670, #1370 ) ;
#1103 = ORIENTED_EDGE ( 'NONE', *, *, #3037, .T. ) ;
#1104 = VECTOR ( 'NONE', #2745, 1000.000000000000114 ) ;
#1105 = EDGE_LOOP ( 'NONE', ( #2127, #2149, #561, #1592 ) ) ;
#1106 = EDGE_CURVE ( 'NONE', #2853, #2774, #765, .T. ) ;
#1107 = DIRECTION ( 'NONE',  ( -0.000000000000000000, -1.000000000000000000, -0.000000000000000000 ) ) ;
#1108 = CARTESIAN_POINT ( 'NONE',  ( 8.140374693054893029, 7.000000000000000000, -9.732558681926040123 ) ) ;
#1109 = ORIENTED_EDGE ( 'NONE', *, *, #3122, .F. ) ;
#1110 = ORIENTED_EDGE ( 'NONE', *, *, #195, .T. ) ;
#1111 = VERTEX_POINT ( 'NONE', #717 ) ;
#1112 = CARTESIAN_POINT ( 'NONE',  ( -4.085959635999302009, 7.000000000000000000, -14.05126093462734183 ) ) ;
#1113 = FACE_BOUND ( 'NONE', #2742, .T. ) ;
#1114 = ORIENTED_EDGE ( 'NONE', *, *, #2836, .T. ) ;
#1115 = ORIENTED_EDGE ( 'NONE', *, *, #114, .F. ) ;
#1116 = CARTESIAN_POINT ( 'NONE',  ( 4.286263797015736595E-16, 7.000000000000000000, 3.500000000000000000 ) ) ;
#1117 = CARTESIAN_POINT ( 'NONE',  ( 10.12576910659130647, 0.000000000000000000, 10.56417531092707485 ) ) ;
#1118 = CIRCLE ( 'NONE', #3038, 5.400000000000001243 ) ;
#1119 = ORIENTED_EDGE ( 'NONE', *, *, #560, .T. ) ;
#1120 = EDGE_CURVE ( 'NONE', #225, #2373, #974, .T. ) ;
#1121 = EDGE_CURVE ( 'NONE', #2438, #2196, #1085, .T. ) ;
#1122 = CARTESIAN_POINT ( 'NONE',  ( -12.49883040889816854, 7.000000000000000000, -7.583491939546587624 ) ) ;
#1123 = CIRCLE ( 'NONE', #637, 5.400000000000000355 ) ;
#1124 = ADVANCED_FACE ( 'NONE', ( #3072 ), #2502, .T. ) ;
#1125 = CYLINDRICAL_SURFACE ( 'NONE', #1362, 5.400000000000000355 ) ;
#1126 = LINE ( 'NONE', #380, #2097 ) ;
#1127 = SURFACE_STYLE_FILL_AREA ( #2652 ) ;
#1128 = EDGE_CURVE ( 'NONE', #2172, #1991, #2278, .T. ) ;
#1129 = EDGE_LOOP ( 'NONE', ( #2009, #625, #62, #2048 ) ) ;
#1130 = EDGE_CURVE ( 'NONE', #1496, #437, #1576, .T. ) ;
#1131 = CARTESIAN_POINT ( 'NONE',  ( -10.95143686171761210, 7.000000000000000000, 5.121926460211302157 ) ) ;
#1132 = APPLICATION_CONTEXT ( 'automotive_design' ) ;
#1133 = EDGE_CURVE ( 'NONE', #629, #2546, #932, .T. ) ;
#1134 = DIRECTION ( 'NONE',  ( 0.000000000000000000, 0.000000000000000000, -1.000000000000000000 ) ) ;
#1135 = ORIENTED_EDGE ( 'NONE', *, *, #534, .T. ) ;
#1136 = VERTEX_POINT ( 'NONE', #807 ) ;
#1137 = DIRECTION ( 'NONE',  ( 0.000000000000000000, 1.000000000000000000, -0.000000000000000000 ) ) ;
#1138 = DIRECTION ( 'NONE',  ( 1.000000000000000000, 0.000000000000000000, -0.000000000000000000 ) ) ;
#1139 = CARTESIAN_POINT ( 'NONE',  ( -12.63807238914439424, 7.000000000000000000, 1.125844095427325220 ) ) ;
#1140 = EDGE_LOOP ( 'NONE', ( #1567, #1411, #3368, #1911 ) ) ;
#1141 = DIRECTION ( 'NONE',  ( -1.119176436114069154E-14, 0.000000000000000000, 1.000000000000000000 ) ) ;
#1142 = ORIENTED_EDGE ( 'NONE', *, *, #2490, .F. ) ;
#1143 = VECTOR ( 'NONE', #2004, 1000.000000000000000 ) ;
#1144 = DIRECTION ( 'NONE',  ( -0.000000000000000000, -1.000000000000000000, 0.000000000000000000 ) ) ;
#1145 = SHAPE_DEFINITION_REPRESENTATION ( #3397, #1875 ) ;
#1146 = ORIENTED_EDGE ( 'NONE', *, *, #302, .F. ) ;
#1147 = VERTEX_POINT ( 'NONE', #481 ) ;
#1148 = VECTOR ( 'NONE', #641, 1000.000000000000000 ) ;
#1149 = LINE ( 'NONE', #2460, #2513 ) ;
#1150 = CARTESIAN_POINT ( 'NONE',  ( -5.121926460211264853, 0.000000000000000000, -10.95143686171763164 ) ) ;
#1151 = ORIENTED_EDGE ( 'NONE', *, *, #819, .F. ) ;
#1152 = AXIS2_PLACEMENT_3D ( 'NONE', #404, #435, #2496 ) ;
#1153 = LINE ( 'NONE', #2138, #328 ) ;
#1154 = CARTESIAN_POINT ( 'NONE',  ( -2.183491939546545080, 7.000000000000000000, 12.49883040889817565 ) ) ;
#1155 = CARTESIAN_POINT ( 'NONE',  ( -10.56417531092710682, 0.000000000000000000, 10.12576910659127094 ) ) ;
#1156 = CIRCLE ( 'NONE', #3012, 12.08999999999999986 ) ;
#1157 = VERTEX_POINT ( 'NONE', #1840 ) ;
#1158 = FACE_OUTER_BOUND ( 'NONE', #229, .T. ) ;
#1159 = ORIENTED_EDGE ( 'NONE', *, *, #3238, .T. ) ;
#1160 = CARTESIAN_POINT ( 'NONE',  ( -12.51495165736625204, 7.000000000000000000, -7.583467875173321993 ) ) ;
#1161 = VECTOR ( 'NONE', #436, 1000.000000000000000 ) ;
#1162 = ORIENTED_EDGE ( 'NONE', *, *, #2382, .T. ) ;
#1163 = CIRCLE ( 'NONE', #3079, 4.000000000000006217 ) ;
#1164 = ORIENTED_EDGE ( 'NONE', *, *, #491, .F. ) ;
#1165 = EDGE_CURVE ( 'NONE', #1619, #1754, #1007, .T. ) ;
#1166 = DIRECTION ( 'NONE',  ( 0.000000000000000000, 1.000000000000000000, -0.000000000000000000 ) ) ;
#1167 = CARTESIAN_POINT ( 'NONE',  ( 7.046532124826749843, 7.000000000000000000, 12.82495165736637865 ) ) ;
#1168 = LINE ( 'NONE', #916, #1926 ) ;
#1169 = DIRECTION ( 'NONE',  ( 0.7071067811865532349, 0.000000000000000000, -0.7071067811865419106 ) ) ;
#1170 = LINE ( 'NONE', #3055, #2623 ) ;
#1171 = EDGE_CURVE ( 'NONE', #859, #2030, #393, .T. ) ;
#1172 = EDGE_LOOP ( 'NONE', ( #432, #298, #2938, #1846 ) ) ;
#1173 = FACE_OUTER_BOUND ( 'NONE', #134, .T. ) ;
#1174 = CIRCLE ( 'NONE', #566, 5.400000000000002132 ) ;
#1175 = EDGE_CURVE ( 'NONE', #2842, #1266, #278, .T. ) ;
#1176 = ORIENTED_EDGE ( 'NONE', *, *, #520, .F. ) ;
#1177 = DIRECTION ( 'NONE',  ( 0.000000000000000000, 0.000000000000000000, -1.000000000000000000 ) ) ;
#1178 = DIRECTION ( 'NONE',  ( 0.000000000000000000, 0.000000000000000000, 1.000000000000000000 ) ) ;
#1179 = ORIENTED_EDGE ( 'NONE', *, *, #214, .F. ) ;
#1180 = ORIENTED_EDGE ( 'NONE', *, *, #1295, .T. ) ;
#1181 = DIRECTION ( 'NONE',  ( 0.000000000000000000, 1.000000000000000000, -0.000000000000000000 ) ) ;
#1182 = DIRECTION ( 'NONE',  ( 0.000000000000000000, 0.000000000000000000, -1.000000000000000000 ) ) ;
#1183 = FACE_OUTER_BOUND ( 'NONE', #2975, .T. ) ;
#1184 = DIRECTION ( 'NONE',  ( -0.000000000000000000, -1.000000000000000000, -0.000000000000000000 ) ) ;
#1185 = CARTESIAN_POINT ( 'NONE',  ( 4.122086335902523935, 7.000000000000000000, -11.36558420141110481 ) ) ;
#1186 = ORIENTED_EDGE ( 'NONE', *, *, #296, .T. ) ;
#1187 = DIRECTION ( 'NONE',  ( -0.000000000000000000, -1.000000000000000000, -0.000000000000000000 ) ) ;
#1188 = ADVANCED_FACE ( 'NONE', ( #1290 ), #1511, .F. ) ;
#1189 = ORIENTED_EDGE ( 'NONE', *, *, #1688, .F. ) ;
#1190 = EDGE_CURVE ( 'NONE', #1194, #1725, #235, .T. ) ;
#1191 = CARTESIAN_POINT ( 'NONE',  ( -12.82495165736625609, 7.000000000000000000, -7.046532124826973664 ) ) ;
#1192 = DIRECTION ( 'NONE',  ( 0.000000000000000000, 0.000000000000000000, 1.000000000000000000 ) ) ;
#1193 = ORIENTED_EDGE ( 'NONE', *, *, #1033, .T. ) ;
#1194 = VERTEX_POINT ( 'NONE', #1323 ) ;
#1195 = FACE_OUTER_BOUND ( 'NONE', #3249, .T. ) ;
#1196 = CARTESIAN_POINT ( 'NONE',  ( -12.63807238914439424, 7.000000000000000000, -4.274155904572675801 ) ) ;
#1197 = AXIS2_PLACEMENT_3D ( 'NONE', #462, #1509, #1574 ) ;
#1198 = LINE ( 'NONE', #2516, #3024 ) ;
#1199 = DIRECTION ( 'NONE',  ( 0.000000000000000000, 1.000000000000000000, -0.000000000000000000 ) ) ;
#1200 = DIRECTION ( 'NONE',  ( 0.000000000000000000, -1.000000000000000000, 0.000000000000000000 ) ) ;
#1201 = ORIENTED_EDGE ( 'NONE', *, *, #166, .T. ) ;
#1202 = VECTOR ( 'NONE', #2338, 1000.000000000000000 ) ;
#1203 = CARTESIAN_POINT ( 'NONE',  ( -10.38196969615207266, 0.000000000000000000, 7.294045781912984694 ) ) ;
#1204 = EDGE_CURVE ( 'NONE', #3048, #3142, #3080, .T. ) ;
#1205 = CIRCLE ( 'NONE', #2459, 5.400000000000002132 ) ;
#1206 = ORIENTED_EDGE ( 'NONE', *, *, #1880, .T. ) ;
#1207 = ORIENTED_EDGE ( 'NONE', *, *, #279, .T. ) ;
#1208 = LINE ( 'NONE', #1779, #3088 ) ;
#1209 = DIRECTION ( 'NONE',  ( -0.000000000000000000, -1.000000000000000000, 0.000000000000000000 ) ) ;
#1210 = EDGE_CURVE ( 'NONE', #1916, #2282, #1123, .T. ) ;
#1211 = VERTEX_POINT ( 'NONE', #3404 ) ;
#1212 = VERTEX_POINT ( 'NONE', #3353 ) ;
#1213 = ORIENTED_EDGE ( 'NONE', *, *, #2230, .T. ) ;
#1214 = VECTOR ( 'NONE', #2983, 1000.000000000000000 ) ;
#1215 = CYLINDRICAL_SURFACE ( 'NONE', #834, 5.400000000000002132 ) ;
#1216 = CARTESIAN_POINT ( 'NONE',  ( -5.121926460211497556, 0.000000000000000000, 10.95143686171752151 ) ) ;
#1217 = CIRCLE ( 'NONE', #1378, 12.08999999999999986 ) ;
#1218 = DIRECTION ( 'NONE',  ( 0.000000000000000000, 0.000000000000000000, 1.000000000000000000 ) ) ;
#1219 = DIRECTION ( 'NONE',  ( 0.000000000000000000, -0.000000000000000000, 1.000000000000000000 ) ) ;
#1220 = ORIENTED_EDGE ( 'NONE', *, *, #1394, .F. ) ;
#1221 = AXIS2_PLACEMENT_3D ( 'NONE', #2582, #1256, #1795 ) ;
#1222 = DIRECTION ( 'NONE',  ( 0.000000000000000000, 0.000000000000000000, -1.000000000000000000 ) ) ;
#1223 = EDGE_CURVE ( 'NONE', #2100, #1450, #248, .T. ) ;
#1224 = CIRCLE ( 'NONE', #1935, 1.750000000000003553 ) ;
#1225 = DIRECTION ( 'NONE',  ( -0.8660254037844377084, 0.000000000000000000, -0.5000000000000017764 ) ) ;
#1226 = CARTESIAN_POINT ( 'NONE',  ( -1.039999999999998925, 7.000000000000000000, -12.04518576029444432 ) ) ;
#1227 = ORIENTED_EDGE ( 'NONE', *, *, #2089, .T. ) ;
#1228 = CARTESIAN_POINT ( 'NONE',  ( -10.34497220875906898, 7.000000000000000000, -10.34497220875931411 ) ) ;
#1229 = EDGE_CURVE ( 'NONE', #790, #1211, #3095, .T. ) ;
#1230 = LINE ( 'NONE', #1746, #3347 ) ;
#1231 = ORIENTED_EDGE ( 'NONE', *, *, #1407, .T. ) ;
#1232 = EDGE_CURVE ( 'NONE', #2107, #1432, #1732, .T. ) ;
#1233 = DIRECTION ( 'NONE',  ( -0.000000000000000000, -1.000000000000000000, -0.000000000000000000 ) ) ;
#1234 = PRODUCT_DEFINITION_CONTEXT ( 'detailed design', #422, 'design' ) ;
#1235 = AXIS2_PLACEMENT_3D ( 'NONE', #2294, #820, #2347 ) ;
#1236 = DIRECTION ( 'NONE',  ( -2.650271977186787915E-15, 0.000000000000000000, 1.000000000000000000 ) ) ;
#1237 = DIRECTION ( 'NONE',  ( 0.000000000000000000, 0.000000000000000000, 1.000000000000000000 ) ) ;
#1238 = ORIENTED_EDGE ( 'NONE', *, *, #283, .T. ) ;
#1239 = DIRECTION ( 'NONE',  ( -0.000000000000000000, -1.000000000000000000, -0.000000000000000000 ) ) ;
#1240 = DIRECTION ( 'NONE',  ( 0.000000000000000000, 0.000000000000000000, -1.000000000000000000 ) ) ;
#1241 = DIRECTION ( 'NONE',  ( 0.5000000000000031086, 0.000000000000000000, -0.8660254037844368202 ) ) ;
#1242 = CARTESIAN_POINT ( 'NONE',  ( 30.75000000000000000, 7.000000000000000000, -1.750000000000003553 ) ) ;
#1243 = ORIENTED_EDGE ( 'NONE', *, *, #1817, .F. ) ;
#1244 = ORIENTED_EDGE ( 'NONE', *, *, #141, .F. ) ;
#1245 = VERTEX_POINT ( 'NONE', #2072 ) ;
#1246 = CARTESIAN_POINT ( 'NONE',  ( -10.34497220875927326, 7.000000000000000000, 10.34497220875910806 ) ) ;
#1247 = CARTESIAN_POINT ( 'NONE',  ( -2.112960617221349757, 7.000000000000000000, 11.90392781522433374 ) ) ;
#1248 = CARTESIAN_POINT ( 'NONE',  ( -7.294045781913165882, 0.000000000000000000, 10.38196969615194298 ) ) ;
#1249 = FACE_OUTER_BOUND ( 'NONE', #1022, .T. ) ;
#1250 = FACE_OUTER_BOUND ( 'NONE', #3061, .T. ) ;
#1251 = ORIENTED_EDGE ( 'NONE', *, *, #2061, .T. ) ;
#1252 = EDGE_CURVE ( 'NONE', #16, #2616, #753, .T. ) ;
#1253 = DIRECTION ( 'NONE',  ( 0.000000000000000000, 0.000000000000000000, -1.000000000000000000 ) ) ;
#1254 = CARTESIAN_POINT ( 'NONE',  ( 11.50781379157943185, 0.000000000000000000, 5.344026607231355364 ) ) ;
#1255 = AXIS2_PLACEMENT_3D ( 'NONE', #1987, #2002, #919 ) ;
#1256 = DIRECTION ( 'NONE',  ( -0.000000000000000000, -1.000000000000000000, -0.000000000000000000 ) ) ;
#1257 = CIRCLE ( 'NONE', #3230, 5.400000000000002132 ) ;
#1258 = CARTESIAN_POINT ( 'NONE',  ( 8.140374693054893029, 0.000000000000000000, -9.732558681926040123 ) ) ;
#1259 = CARTESIAN_POINT ( 'NONE',  ( 0.000000000000000000, 0.000000000000000000, 0.000000000000000000 ) ) ;
#1260 = ORIENTED_EDGE ( 'NONE', *, *, #2382, .F. ) ;
#1261 = AXIS2_PLACEMENT_3D ( 'NONE', #312, #1333, #2436 ) ;
#1262 = ORIENTED_EDGE ( 'NONE', *, *, #188, .T. ) ;
#1263 = ORIENTED_EDGE ( 'NONE', *, *, #1128, .F. ) ;
#1264 = FACE_OUTER_BOUND ( 'NONE', #3099, .T. ) ;
#1265 = DIRECTION ( 'NONE',  ( -0.000000000000000000, -1.000000000000000000, -0.000000000000000000 ) ) ;
#1266 = VERTEX_POINT ( 'NONE', #215 ) ;
#1267 = EDGE_CURVE ( 'NONE', #2695, #433, #1910, .T. ) ;
#1268 = DIRECTION ( 'NONE',  ( 0.000000000000000000, 0.000000000000000000, 1.000000000000000000 ) ) ;
#1269 = VECTOR ( 'NONE', #390, 1000.000000000000000 ) ;
#1270 = DIRECTION ( 'NONE',  ( -0.000000000000000000, -1.000000000000000000, 0.000000000000000000 ) ) ;
#1271 = FACE_BOUND ( 'NONE', #2216, .T. ) ;
#1272 = ORIENTED_EDGE ( 'NONE', *, *, #2439, .T. ) ;
#1273 = ADVANCED_FACE ( 'NONE', ( #2310 ), #1808, .T. ) ;
#1274 = DIRECTION ( 'NONE',  ( 0.000000000000000000, 0.000000000000000000, 1.000000000000000000 ) ) ;
#1275 = CARTESIAN_POINT ( 'NONE',  ( 9.732558681926011701, 0.000000000000000000, 8.140374693054928557 ) ) ;
#1276 = VERTEX_POINT ( 'NONE', #2105 ) ;
#1277 = AXIS2_PLACEMENT_3D ( 'NONE', #358, #391, #2446 ) ;
#1278 = EDGE_CURVE ( 'NONE', #153, #1079, #1543, .T. ) ;
#1279 = DIRECTION ( 'NONE',  ( 0.000000000000000000, 0.000000000000000000, -1.000000000000000000 ) ) ;
#1280 = ADVANCED_FACE ( 'NONE', ( #2090 ), #3147, .T. ) ;
#1281 = CARTESIAN_POINT ( 'NONE',  ( 9.911436861717582758, 7.000000000000000000, -6.923259300083013379 ) ) ;
#1282 = ORIENTED_EDGE ( 'NONE', *, *, #3352, .T. ) ;
#1283 = ORIENTED_EDGE ( 'NONE', *, *, #307, .T. ) ;
#1284 = CARTESIAN_POINT ( 'NONE',  ( -5.121926460211497556, 7.000000000000000000, 10.95143686171752151 ) ) ;
#1285 = DIRECTION ( 'NONE',  ( -0.000000000000000000, -1.000000000000000000, -0.000000000000000000 ) ) ;
#1286 = ORIENTED_EDGE ( 'NONE', *, *, #2400, .F. ) ;
#1287 = CARTESIAN_POINT ( 'NONE',  ( -12.04518576029443189, 0.000000000000000000, -1.040000000000123936 ) ) ;
#1288 = CARTESIAN_POINT ( 'NONE',  ( -12.63807238914439424, 0.000000000000000000, 1.125844095427325220 ) ) ;
#1289 = CARTESIAN_POINT ( 'NONE',  ( 0.000000000000000000, 0.000000000000000000, -1.750000000000000000 ) ) ;
#1290 = FACE_OUTER_BOUND ( 'NONE', #723, .T. ) ;
#1291 = DIRECTION ( 'NONE',  ( -0.000000000000000000, -1.000000000000000000, 0.000000000000000000 ) ) ;
#1292 = EDGE_CURVE ( 'NONE', #3062, #704, #2965, .T. ) ;
#1293 = CARTESIAN_POINT ( 'NONE',  ( -7.314999999999869829, 7.000000000000000000, -12.66995165736641837 ) ) ;
#1294 = ORIENTED_EDGE ( 'NONE', *, *, #1727, .T. ) ;
#1295 = EDGE_CURVE ( 'NONE', #3124, #2546, #267, .T. ) ;
#1296 = LINE ( 'NONE', #1246, #318 ) ;
#1297 = DIRECTION ( 'NONE',  ( 0.000000000000000000, -1.000000000000000000, 0.000000000000000000 ) ) ;
#1298 = ORIENTED_EDGE ( 'NONE', *, *, #888, .T. ) ;
#1299 = LINE ( 'NONE', #3207, #735 ) ;
#1300 = CARTESIAN_POINT ( 'NONE',  ( -1.125844095427544822, 7.000000000000000000, 12.63807238914438003 ) ) ;
#1301 = CARTESIAN_POINT ( 'NONE',  ( 3.487085623700276749, 7.000000000000000000, -14.21172874259084828 ) ) ;
#1302 = CARTESIAN_POINT ( 'NONE',  ( 0.000000000000000000, 7.000000000000000000, 0.000000000000000000 ) ) ;
#1303 = AXIS2_PLACEMENT_3D ( 'NONE', #2433, #1940, #643 ) ;
#1304 = DIRECTION ( 'NONE',  ( 1.766847984791192338E-15, 0.000000000000000000, 1.000000000000000000 ) ) ;
#1305 = CARTESIAN_POINT ( 'NONE',  ( 0.000000000000000000, 0.000000000000000000, 0.000000000000000000 ) ) ;
#1306 = EDGE_CURVE ( 'NONE', #2390, #488, #948, .T. ) ;
#1307 = CARTESIAN_POINT ( 'NONE',  ( -4.085959635999302009, 0.000000000000000000, -14.05126093462734183 ) ) ;
#1308 = CIRCLE ( 'NONE', #2724, 12.08999999999999986 ) ;
#1309 = ORIENTED_EDGE ( 'NONE', *, *, #141, .T. ) ;
#1310 = ADVANCED_FACE ( 'NONE', ( #3245 ), #287, .F. ) ;
#1311 = CARTESIAN_POINT ( 'NONE',  ( 9.911436861717582758, 0.000000000000000000, -6.923259300083013379 ) ) ;
#1312 = AXIS2_PLACEMENT_3D ( 'NONE', #3375, #1025, #2646 ) ;
#1313 = LINE ( 'NONE', #1247, #2519 ) ;
#1314 = EDGE_CURVE ( 'NONE', #1529, #634, #900, .T. ) ;
#1315 = ORIENTED_EDGE ( 'NONE', *, *, #3238, .F. ) ;
#1316 = ORIENTED_EDGE ( 'NONE', *, *, #1887, .T. ) ;
#1317 = AXIS2_PLACEMENT_3D ( 'NONE', #1108, #56, #2907 ) ;
#1318 = CYLINDRICAL_SURFACE ( 'NONE', #2854, 12.08999999999999986 ) ;
#1319 = CYLINDRICAL_SURFACE ( 'NONE', #1750, 5.400000000000000355 ) ;
#1320 = VERTEX_POINT ( 'NONE', #3226 ) ;
#1321 = ORIENTED_EDGE ( 'NONE', *, *, #644, .F. ) ;
#1322 = AXIS2_PLACEMENT_3D ( 'NONE', #3068, #460, #2083 ) ;
#1323 = CARTESIAN_POINT ( 'NONE',  ( -12.04518576029443189, 7.000000000000000000, -1.040000000000123936 ) ) ;
#1324 = CIRCLE ( 'NONE', #2362, 12.08999999999999986 ) ;
#1325 = CARTESIAN_POINT ( 'NONE',  ( -2.183491939546281291, 0.000000000000000000, -12.49883040889822361 ) ) ;
#1326 = CIRCLE ( 'NONE', #1468, 12.08999999999999986 ) ;
#1327 = AXIS2_PLACEMENT_3D ( 'NONE', #1822, #2821, #766 ) ;
#1328 = ORIENTED_EDGE ( 'NONE', *, *, #1210, .F. ) ;
#1329 = DIRECTION ( 'NONE',  ( 0.4999999999999910072, -0.000000000000000000, 0.8660254037844438146 ) ) ;
#1330 = VERTEX_POINT ( 'NONE', #1342 ) ;
#1331 = AXIS2_PLACEMENT_3D ( 'NONE', #221, #2827, #483 ) ;
#1332 = DIRECTION ( 'NONE',  ( 0.000000000000000000, 1.000000000000000000, -0.000000000000000000 ) ) ;
#1333 = DIRECTION ( 'NONE',  ( -0.000000000000000000, -1.000000000000000000, -0.000000000000000000 ) ) ;
#1334 = ORIENTED_EDGE ( 'NONE', *, *, #3281, .T. ) ;
#1335 = VECTOR ( 'NONE', #2499, 1000.000000000000000 ) ;
#1336 = EDGE_CURVE ( 'NONE', #2752, #2383, #1763, .T. ) ;
#1337 = CARTESIAN_POINT ( 'NONE',  ( -4.122086335902604759, 0.000000000000000000, 11.36558420141107639 ) ) ;
#1338 = FACE_OUTER_BOUND ( 'NONE', #976, .T. ) ;
#1339 = ORIENTED_EDGE ( 'NONE', *, *, #1670, .F. ) ;
#1340 = AXIS2_PLACEMENT_3D ( 'NONE', #1723, #431, #2755 ) ;
#1341 = EDGE_CURVE ( 'NONE', #954, #1405, #2896, .T. ) ;
#1342 = CARTESIAN_POINT ( 'NONE',  ( -10.12576910659145391, 7.000000000000000000, 10.56417531092693096 ) ) ;
#1343 = CARTESIAN_POINT ( 'NONE',  ( -7.315000000000106084, 7.000000000000000000, 12.66995165736627627 ) ) ;
#1344 = FACE_OUTER_BOUND ( 'NONE', #2662, .T. ) ;
#1345 = EDGE_CURVE ( 'NONE', #2196, #851, #39, .T. ) ;
#1346 = CARTESIAN_POINT ( 'NONE',  ( 0.000000000000000000, 0.000000000000000000, -4.000000000000006217 ) ) ;
#1347 =( LENGTH_UNIT ( ) NAMED_UNIT ( * ) SI_UNIT ( .MILLI., .METRE. ) );
#1348 = ORIENTED_EDGE ( 'NONE', *, *, #1175, .T. ) ;
#1349 = ORIENTED_EDGE ( 'NONE', *, *, #987, .T. ) ;
#1350 = EDGE_CURVE ( 'NONE', #1387, #1245, #3180, .T. ) ;
#1351 = DIRECTION ( 'NONE',  ( 0.000000000000000000, 1.000000000000000000, -0.000000000000000000 ) ) ;
#1352 = CARTESIAN_POINT ( 'NONE',  ( 0.000000000000000000, 7.000000000000000000, 0.000000000000000000 ) ) ;
#1353 = ADVANCED_FACE ( 'NONE', ( #838 ), #1652, .F. ) ;
#1354 = DIRECTION ( 'NONE',  ( 0.000000000000000000, 1.000000000000000000, -0.000000000000000000 ) ) ;
#1355 = LINE ( 'NONE', #1891, #3035 ) ;
#1356 = DIRECTION ( 'NONE',  ( -0.000000000000000000, -1.000000000000000000, -0.000000000000000000 ) ) ;
#1357 = DIRECTION ( 'NONE',  ( -0.000000000000000000, -1.000000000000000000, -0.000000000000000000 ) ) ;
#1358 = ORIENTED_EDGE ( 'NONE', *, *, #1638, .T. ) ;
#1359 = AXIS2_PLACEMENT_3D ( 'NONE', #1390, #2431, #64 ) ;
#1360 = FACE_OUTER_BOUND ( 'NONE', #1500, .T. ) ;
#1361 = DIRECTION ( 'NONE',  ( -0.000000000000000000, -1.000000000000000000, -0.000000000000000000 ) ) ;
#1362 = AXIS2_PLACEMENT_3D ( 'NONE', #828, #1091, #3413 ) ;
#1363 = ORIENTED_EDGE ( 'NONE', *, *, #2355, .T. ) ;
#1364 = ORIENTED_EDGE ( 'NONE', *, *, #696, .T. ) ;
#1365 = VECTOR ( 'NONE', #2789, 1000.000000000000000 ) ;
#1366 = DIRECTION ( 'NONE',  ( -0.000000000000000000, -1.000000000000000000, -0.000000000000000000 ) ) ;
#1367 = DIRECTION ( 'NONE',  ( 0.000000000000000000, 1.000000000000000000, -0.000000000000000000 ) ) ;
#1368 = ORIENTED_EDGE ( 'NONE', *, *, #1842, .F. ) ;
#1369 = EDGE_CURVE ( 'NONE', #543, #909, #671, .T. ) ;
#1370 = DIRECTION ( 'NONE',  ( -3.533695969582383887E-15, 0.000000000000000000, 1.000000000000000000 ) ) ;
#1371 = DIRECTION ( 'NONE',  ( 0.000000000000000000, 0.000000000000000000, 1.000000000000000000 ) ) ;
#1372 = ORIENTED_EDGE ( 'NONE', *, *, #2028, .T. ) ;
#1373 = AXIS2_PLACEMENT_3D ( 'NONE', #2971, #621, #2119 ) ;
#1374 = PRODUCT_RELATED_PRODUCT_CATEGORY ( 'part', '', ( #2457 ) ) ;
#1375 = CIRCLE ( 'NONE', #3076, 5.400000000000000355 ) ;
#1376 = CARTESIAN_POINT ( 'NONE',  ( 12.51495165736635506, 7.000000000000000000, -7.583467875173147910 ) ) ;
#1377 = EDGE_CURVE ( 'NONE', #1619, #2443, #2850, .T. ) ;
#1378 = AXIS2_PLACEMENT_3D ( 'NONE', #2930, #1628, #3160 ) ;
#1379 = ORIENTED_EDGE ( 'NONE', *, *, #2123, .T. ) ;
#1380 = EDGE_CURVE ( 'NONE', #2914, #618, #584, .T. ) ;
#1381 = DIRECTION ( 'NONE',  ( 0.000000000000000000, 0.000000000000000000, -1.000000000000000000 ) ) ;
#1382 = CARTESIAN_POINT ( 'NONE',  ( -8.140374693054754474, 7.000000000000000000, -9.732558681926153810 ) ) ;
#1383 = ORIENTED_EDGE ( 'NONE', *, *, #3361, .F. ) ;
#1384 = DIRECTION ( 'NONE',  ( 0.000000000000000000, 0.000000000000000000, 1.000000000000000000 ) ) ;
#1385 = CARTESIAN_POINT ( 'NONE',  ( -14.21172874259089092, 7.000000000000000000, 3.487085623700127535 ) ) ;
#1386 = ORIENTED_EDGE ( 'NONE', *, *, #2793, .F. ) ;
#1387 = VERTEX_POINT ( 'NONE', #82 ) ;
#1388 = CIRCLE ( 'NONE', #398, 5.400000000000000355 ) ;
#1389 = DIRECTION ( 'NONE',  ( -0.000000000000000000, -1.000000000000000000, -0.000000000000000000 ) ) ;
#1390 = CARTESIAN_POINT ( 'NONE',  ( 0.000000000000000000, 7.000000000000000000, 0.000000000000000000 ) ) ;
#1391 = CARTESIAN_POINT ( 'NONE',  ( -12.63807238914437470, 7.000000000000000000, -1.125844095427588565 ) ) ;
#1392 = ORIENTED_EDGE ( 'NONE', *, *, #1252, .F. ) ;
#1393 = DIRECTION ( 'NONE',  ( 0.000000000000000000, 0.000000000000000000, 1.000000000000000000 ) ) ;
#1394 = EDGE_CURVE ( 'NONE', #1147, #2325, #2659, .T. ) ;
#1395 = ORIENTED_EDGE ( 'NONE', *, *, #1252, .T. ) ;
#1396 = DIRECTION ( 'NONE',  ( -0.000000000000000000, -1.000000000000000000, 0.000000000000000000 ) ) ;
#1397 = DIRECTION ( 'NONE',  ( -1.000000000000000000, 0.000000000000000000, 0.000000000000000000 ) ) ;
#1398 = FACE_OUTER_BOUND ( 'NONE', #327, .T. ) ;
#1399 = ORIENTED_EDGE ( 'NONE', *, *, #3146, .T. ) ;
#1400 = DIRECTION ( 'NONE',  ( 0.000000000000000000, 1.000000000000000000, -0.000000000000000000 ) ) ;
#1401 = DIRECTION ( 'NONE',  ( -0.4999999999999963363, 0.000000000000000000, -0.8660254037844408170 ) ) ;
#1402 = ORIENTED_EDGE ( 'NONE', *, *, #249, .T. ) ;
#1403 = DIRECTION ( 'NONE',  ( -0.000000000000000000, -1.000000000000000000, -0.000000000000000000 ) ) ;
#1404 = CARTESIAN_POINT ( 'NONE',  ( 0.000000000000000000, 0.000000000000000000, 0.000000000000000000 ) ) ;
#1405 = VERTEX_POINT ( 'NONE', #1890 ) ;
#1406 = DIRECTION ( 'NONE',  ( -0.000000000000000000, -1.000000000000000000, 0.000000000000000000 ) ) ;
#1407 = EDGE_CURVE ( 'NONE', #1450, #1597, #1153, .T. ) ;
#1408 = VERTEX_POINT ( 'NONE', #853 ) ;
#1409 = CARTESIAN_POINT ( 'NONE',  ( -9.252623584189915817, 7.000000000000000000, 7.781841479321752075 ) ) ;
#1410 = CIRCLE ( 'NONE', #3336, 12.08999999999999986 ) ;
#1411 = ORIENTED_EDGE ( 'NONE', *, *, #1654, .F. ) ;
#1412 = CIRCLE ( 'NONE', #539, 12.08999999999999986 ) ;
#1413 = EDGE_CURVE ( 'NONE', #2894, #2040, #1002, .T. ) ;
#1414 = CARTESIAN_POINT ( 'NONE',  ( 10.56417531092696649, 7.000000000000000000, 10.12576910659141838 ) ) ;
#1415 = VECTOR ( 'NONE', #1851, 1000.000000000000000 ) ;
#1416 = FACE_OUTER_BOUND ( 'NONE', #2101, .T. ) ;
#1417 = ORIENTED_EDGE ( 'NONE', *, *, #427, .F. ) ;
#1418 = CIRCLE ( 'NONE', #544, 1.750000000000003553 ) ;
#1419 = EDGE_CURVE ( 'NONE', #194, #451, #2137, .T. ) ;
#1420 = CARTESIAN_POINT ( 'NONE',  ( 5.344026607231316284, 7.000000000000000000, -11.50781379157945139 ) ) ;
#1421 = DIRECTION ( 'NONE',  ( -0.7071067811865560104, 0.000000000000000000, 0.7071067811865391350 ) ) ;
#1422 = FACE_OUTER_BOUND ( 'NONE', #3402, .T. ) ;
#1423 = CIRCLE ( 'NONE', #2174, 12.08999999999999986 ) ;
#1424 = AXIS2_PLACEMENT_3D ( 'NONE', #3107, #1049, #3382 ) ;
#1425 = DIRECTION ( 'NONE',  ( -0.000000000000000000, -1.000000000000000000, -0.000000000000000000 ) ) ;
#1426 = ORIENTED_EDGE ( 'NONE', *, *, #103, .T. ) ;
#1427 = AXIS2_PLACEMENT_3D ( 'NONE', #2204, #130, #3295 ) ;
#1428 = DIRECTION ( 'NONE',  ( 0.000000000000000000, 0.000000000000000000, 1.000000000000000000 ) ) ;
#1429 = AXIS2_PLACEMENT_3D ( 'NONE', #849, #2946, #355 ) ;
#1430 = CYLINDRICAL_SURFACE ( 'NONE', #747, 12.08999999999999986 ) ;
#1431 = AXIS2_PLACEMENT_3D ( 'NONE', #467, #1513, #2754 ) ;
#1432 = VERTEX_POINT ( 'NONE', #2690 ) ;
#1433 = DIRECTION ( 'NONE',  ( 0.000000000000000000, 0.000000000000000000, -1.000000000000000000 ) ) ;
#1434 = DIRECTION ( 'NONE',  ( 0.000000000000000000, 0.000000000000000000, 1.000000000000000000 ) ) ;
#1435 = ORIENTED_EDGE ( 'NONE', *, *, #118, .T. ) ;
#1436 = VECTOR ( 'NONE', #3304, 1000.000000000000114 ) ;
#1437 = ADVANCED_FACE ( 'NONE', ( #2951 ), #601, .T. ) ;
#1438 = AXIS2_PLACEMENT_3D ( 'NONE', #506, #2613, #2093 ) ;
#1439 = DIRECTION ( 'NONE',  ( 0.7071067811865445751, 0.000000000000000000, 0.7071067811865504593 ) ) ;
#1440 = CARTESIAN_POINT ( 'NONE',  ( 6.923259300082978740, 7.000000000000000000, 9.911436861717605851 ) ) ;
#1441 = LINE ( 'NONE', #1471, #3006 ) ;
#1442 = EDGE_LOOP ( 'NONE', ( #2511, #1363 ) ) ;
#1443 = AXIS2_PLACEMENT_3D ( 'NONE', #2805, #246, #2069 ) ;
#1444 = EDGE_CURVE ( 'NONE', #969, #433, #792, .T. ) ;
#1445 = PLANE ( 'NONE',  #1082 ) ;
#1446 = VECTOR ( 'NONE', #3305, 1000.000000000000000 ) ;
#1447 = ORIENTED_EDGE ( 'NONE', *, *, #2463, .T. ) ;
#1448 = CARTESIAN_POINT ( 'NONE',  ( 11.40912354214818336, 7.000000000000000000, -4.000000000000006217 ) ) ;
#1449 = CARTESIAN_POINT ( 'NONE',  ( -7.294045781913165882, 7.000000000000000000, 10.38196969615194298 ) ) ;
#1450 = VERTEX_POINT ( 'NONE', #155 ) ;
#1451 = ORIENTED_EDGE ( 'NONE', *, *, #3049, .T. ) ;
#1452 = CARTESIAN_POINT ( 'NONE',  ( 0.000000000000000000, 7.000000000000000000, 0.000000000000000000 ) ) ;
#1453 = CYLINDRICAL_SURFACE ( 'NONE', #3192, 5.399999999999998579 ) ;
#1454 = EDGE_CURVE ( 'NONE', #2008, #1211, #99, .T. ) ;
#1455 = LINE ( 'NONE', #2240, #2634 ) ;
#1456 = CARTESIAN_POINT ( 'NONE',  ( -10.38196969615191456, 7.000000000000000000, -7.294045781913199633 ) ) ;
#1457 = FACE_OUTER_BOUND ( 'NONE', #1979, .T. ) ;
#1458 = VERTEX_POINT ( 'NONE', #1731 ) ;
#1459 = ADVANCED_FACE ( 'NONE', ( #1183 ), #407, .F. ) ;
#1460 = DIRECTION ( 'NONE',  ( 0.000000000000000000, 1.000000000000000000, -0.000000000000000000 ) ) ;
#1461 = EDGE_LOOP ( 'NONE', ( #742, #2635, #184, #1045 ) ) ;
#1462 = CYLINDRICAL_SURFACE ( 'NONE', #2194, 5.400000000000000355 ) ;
#1463 = FACE_OUTER_BOUND ( 'NONE', #1006, .T. ) ;
#1464 = ORIENTED_EDGE ( 'NONE', *, *, #1190, .T. ) ;
#1465 = ORIENTED_EDGE ( 'NONE', *, *, #1413, .T. ) ;
#1466 = DIRECTION ( 'NONE',  ( 0.000000000000000000, 0.000000000000000000, 1.000000000000000000 ) ) ;
#1467 = FACE_OUTER_BOUND ( 'NONE', #2787, .T. ) ;
#1468 = AXIS2_PLACEMENT_3D ( 'NONE', #2046, #3391, #291 ) ;
#1469 = AXIS2_PLACEMENT_3D ( 'NONE', #2206, #3263, #2500 ) ;
#1470 = DIRECTION ( 'NONE',  ( -0.000000000000000000, -1.000000000000000000, -0.000000000000000000 ) ) ;
#1471 = CARTESIAN_POINT ( 'NONE',  ( -14.13149483860903111, 7.000000000000000000, -3.786522629850014088 ) ) ;
#1472 = EDGE_CURVE ( 'NONE', #1754, #2373, #2747, .T. ) ;
#1473 = EDGE_LOOP ( 'NONE', ( #1100, #999, #2495, #686 ) ) ;
#1474 = AXIS2_PLACEMENT_3D ( 'NONE', #2651, #1332, #19 ) ;
#1475 = DIRECTION ( 'NONE',  ( 0.000000000000000000, 0.000000000000000000, -1.000000000000000000 ) ) ;
#1476 = CIRCLE ( 'NONE', #1918, 5.400000000000000355 ) ;
#1477 = ORIENTED_EDGE ( 'NONE', *, *, #924, .F. ) ;
#1478 = CIRCLE ( 'NONE', #2026, 5.399999999999998579 ) ;
#1479 = CARTESIAN_POINT ( 'NONE',  ( 0.000000000000000000, 2.000000000000000000, -3.500000000000000000 ) ) ;
#1480 = EDGE_CURVE ( 'NONE', #1782, #832, #1168, .T. ) ;
#1481 = DIRECTION ( 'NONE',  ( 0.000000000000000000, 1.000000000000000000, -0.000000000000000000 ) ) ;
#1482 = ORIENTED_EDGE ( 'NONE', *, *, #1924, .T. ) ;
#1483 = ORIENTED_EDGE ( 'NONE', *, *, #819, .T. ) ;
#1484 = ORIENTED_EDGE ( 'NONE', *, *, #2722, .F. ) ;
#1485 = EDGE_CURVE ( 'NONE', #3186, #66, #1656, .T. ) ;
#1486 = AXIS2_PLACEMENT_3D ( 'NONE', #567, #3212, #319 ) ;
#1487 = CIRCLE ( 'NONE', #1601, 5.400000000000000355 ) ;
#1488 = PLANE ( 'NONE',  #1964 ) ;
#1489 = CARTESIAN_POINT ( 'NONE',  ( 7.781841479321783162, 7.000000000000000000, 9.252623584189889172 ) ) ;
#1490 = EDGE_LOOP ( 'NONE', ( #913, #3210, #2953, #2456 ) ) ;
#1491 = CIRCLE ( 'NONE', #2970, 12.08999999999999986 ) ;
#1492 = AXIS2_PLACEMENT_3D ( 'NONE', #770, #2825, #3387 ) ;
#1493 = DIRECTION ( 'NONE',  ( 0.000000000000000000, 0.000000000000000000, -1.000000000000000000 ) ) ;
#1494 = DIRECTION ( 'NONE',  ( 0.000000000000000000, 0.000000000000000000, 1.000000000000000000 ) ) ;
#1495 = CARTESIAN_POINT ( 'NONE',  ( -7.315000000000106084, 7.000000000000000000, 12.66995165736627627 ) ) ;
#1496 = VERTEX_POINT ( 'NONE', #1751 ) ;
#1497 = CARTESIAN_POINT ( 'NONE',  ( -3.786522629849683241, 7.000000000000000000, -14.13149483860912170 ) ) ;
#1498 = CYLINDRICAL_SURFACE ( 'NONE', #3231, 5.400000000000000355 ) ;
#1499 = DIRECTION ( 'NONE',  ( -0.8660254037844369313, 0.000000000000000000, -0.5000000000000031086 ) ) ;
#1500 = EDGE_LOOP ( 'NONE', ( #3407, #3032, #2820, #1852 ) ) ;
#1501 = ADVANCED_FACE ( 'NONE', ( #971 ), #2782, .F. ) ;
#1502 = ORIENTED_EDGE ( 'NONE', *, *, #3250, .T. ) ;
#1503 = ORIENTED_EDGE ( 'NONE', *, *, #2883, .F. ) ;
#1504 = CARTESIAN_POINT ( 'NONE',  ( 8.140374693054827304, 7.000000000000000000, 9.732558681926096966 ) ) ;
#1505 = CARTESIAN_POINT ( 'NONE',  ( -3.487085623700077353, 0.000000000000000000, -14.21172874259089625 ) ) ;
#1506 = ORIENTED_EDGE ( 'NONE', *, *, #144, .F. ) ;
#1507 = CARTESIAN_POINT ( 'NONE',  ( 1.125844095427633196, 7.000000000000000000, -12.63807238914436581 ) ) ;
#1508 = DIRECTION ( 'NONE',  ( -0.000000000000000000, -1.000000000000000000, 0.000000000000000000 ) ) ;
#1509 = DIRECTION ( 'NONE',  ( 0.000000000000000000, 1.000000000000000000, -0.000000000000000000 ) ) ;
#1510 = ORIENTED_EDGE ( 'NONE', *, *, #534, .F. ) ;
#1511 = CYLINDRICAL_SURFACE ( 'NONE', #161, 1.750000000000000000 ) ;
#1512 = LINE ( 'NONE', #1160, #3392 ) ;
#1513 = DIRECTION ( 'NONE',  ( -0.000000000000000000, -1.000000000000000000, -0.000000000000000000 ) ) ;
#1514 = EDGE_CURVE ( 'NONE', #3364, #593, #2715, .T. ) ;
#1515 = CARTESIAN_POINT ( 'NONE',  ( -9.911436861717630720, 7.000000000000000000, 6.923259300082944989 ) ) ;
#1516 = ORIENTED_EDGE ( 'NONE', *, *, #1419, .T. ) ;
#1517 = ADVANCED_FACE ( 'NONE', ( #371 ), #2999, .T. ) ;
#1518 = ORIENTED_EDGE ( 'NONE', *, *, #2600, .T. ) ;
#1519 = ORIENTED_EDGE ( 'NONE', *, *, #2082, .T. ) ;
#1520 = AXIS2_PLACEMENT_3D ( 'NONE', #177, #120, #3321 ) ;
#1521 = DIRECTION ( 'NONE',  ( -0.000000000000000000, -1.000000000000000000, -0.000000000000000000 ) ) ;
#1522 = CARTESIAN_POINT ( 'NONE',  ( 0.000000000000000000, 0.000000000000000000, 0.000000000000000000 ) ) ;
#1523 = CIRCLE ( 'NONE', #2828, 12.08999999999999986 ) ;
#1524 = ORIENTED_EDGE ( 'NONE', *, *, #577, .T. ) ;
#1525 = EDGE_CURVE ( 'NONE', #2008, #3268, #1872, .T. ) ;
#1526 = DIRECTION ( 'NONE',  ( 0.000000000000000000, 1.000000000000000000, -0.000000000000000000 ) ) ;
#1527 = DIRECTION ( 'NONE',  ( 0.000000000000000000, 0.000000000000000000, 1.000000000000000000 ) ) ;
#1528 = CARTESIAN_POINT ( 'NONE',  ( 0.000000000000000000, 7.000000000000000000, 0.000000000000000000 ) ) ;
#1529 = VERTEX_POINT ( 'NONE', #674 ) ;
#1530 = ADVANCED_FACE ( 'NONE', ( #692 ), #1698, .F. ) ;
#1531 = CIRCLE ( 'NONE', #1359, 12.08999999999999986 ) ;
#1532 = CARTESIAN_POINT ( 'NONE',  ( -12.63807238914439424, 7.000000000000000000, 1.125844095427325220 ) ) ;
#1533 = CARTESIAN_POINT ( 'NONE',  ( 0.000000000000000000, 0.000000000000000000, 0.000000000000000000 ) ) ;
#1534 = VECTOR ( 'NONE', #950, 1000.000000000000000 ) ;
#1535 = ORIENTED_EDGE ( 'NONE', *, *, #1133, .T. ) ;
#1536 = CARTESIAN_POINT ( 'NONE',  ( 0.000000000000000000, 2.000000000000000000, 0.000000000000000000 ) ) ;
#1537 = EDGE_LOOP ( 'NONE', ( #598, #2710, #154, #299 ) ) ;
#1538 = ORIENTED_EDGE ( 'NONE', *, *, #1842, .T. ) ;
#1539 = DIRECTION ( 'NONE',  ( 0.7071067811865560104, 0.000000000000000000, -0.7071067811865391350 ) ) ;
#1540 = DIRECTION ( 'NONE',  ( 0.000000000000000000, 0.000000000000000000, -1.000000000000000000 ) ) ;
#1541 = ORIENTED_EDGE ( 'NONE', *, *, #2420, .F. ) ;
#1542 = PLANE ( 'NONE',  #1769 ) ;
#1543 = CIRCLE ( 'NONE', #1976, 12.08999999999999986 ) ;
#1544 = DIRECTION ( 'NONE',  ( 0.8660254037844344888, 0.000000000000000000, 0.5000000000000072164 ) ) ;
#1545 = CARTESIAN_POINT ( 'NONE',  ( -10.56417531092689721, 7.000000000000000000, -10.12576910659149121 ) ) ;
#1546 = AXIS2_PLACEMENT_3D ( 'NONE', #2998, #129, #1434 ) ;
#1547 = VECTOR ( 'NONE', #464, 1000.000000000000000 ) ;
#1548 = ORIENTED_EDGE ( 'NONE', *, *, #1817, .T. ) ;
#1549 = EDGE_CURVE ( 'NONE', #2921, #790, #1198, .T. ) ;
#1550 = CARTESIAN_POINT ( 'NONE',  ( -12.49883040889816854, 7.000000000000000000, -2.183491939546586824 ) ) ;
#1551 = DIRECTION ( 'NONE',  ( -0.000000000000000000, -1.000000000000000000, -0.000000000000000000 ) ) ;
#1552 = EDGE_CURVE ( 'NONE', #2013, #2321, #2080, .T. ) ;
#1553 = CARTESIAN_POINT ( 'NONE',  ( 30.75000000000000000, 7.000000000000000000, -4.000000000000006217 ) ) ;
#1554 = DIRECTION ( 'NONE',  ( 0.000000000000000000, 0.000000000000000000, 1.000000000000000000 ) ) ;
#1555 = ORIENTED_EDGE ( 'NONE', *, *, #2065, .T. ) ;
#1556 = CARTESIAN_POINT ( 'NONE',  ( 4.358455715843239986, 7.000000000000000000, 11.91605062147253058 ) ) ;
#1557 = AXIS2_PLACEMENT_3D ( 'NONE', #1449, #739, #2493 ) ;
#1558 = DIRECTION ( 'NONE',  ( 0.000000000000000000, 0.000000000000000000, 1.000000000000000000 ) ) ;
#1559 = DIRECTION ( 'NONE',  ( 0.000000000000000000, 1.000000000000000000, -0.000000000000000000 ) ) ;
#1560 = CARTESIAN_POINT ( 'NONE',  ( 0.000000000000000000, 0.000000000000000000, 0.000000000000000000 ) ) ;
#1561 = DIRECTION ( 'NONE',  ( -0.000000000000000000, -1.000000000000000000, 0.000000000000000000 ) ) ;
#1562 = ADVANCED_FACE ( 'NONE', ( #1715 ), #1679, .T. ) ;
#1563 = DIRECTION ( 'NONE',  ( -0.000000000000000000, -1.000000000000000000, 0.000000000000000000 ) ) ;
#1564 = CARTESIAN_POINT ( 'NONE',  ( 1.125844095427367408, 0.000000000000000000, 12.63807238914439068 ) ) ;
#1565 = ADVANCED_FACE ( 'NONE', ( #2219 ), #3276, .T. ) ;
#1566 = CARTESIAN_POINT ( 'NONE',  ( -10.12576910659123364, 7.000000000000000000, -10.56417531092714412 ) ) ;
#1567 = ORIENTED_EDGE ( 'NONE', *, *, #2761, .F. ) ;
#1568 = LINE ( 'NONE', #1588, #1046 ) ;
#1569 = CARTESIAN_POINT ( 'NONE',  ( 1.039999999999913660, 7.000000000000000000, 12.04518576029444965 ) ) ;
#1570 = ORIENTED_EDGE ( 'NONE', *, *, #1377, .T. ) ;
#1571 = ORIENTED_EDGE ( 'NONE', *, *, #2292, .F. ) ;
#1572 = VECTOR ( 'NONE', #697, 1000.000000000000114 ) ;
#1573 = DIRECTION ( 'NONE',  ( -0.000000000000000000, -1.000000000000000000, -0.000000000000000000 ) ) ;
#1574 = DIRECTION ( 'NONE',  ( 0.000000000000000000, 0.000000000000000000, 1.000000000000000000 ) ) ;
#1575 = ORIENTED_EDGE ( 'NONE', *, *, #2560, .F. ) ;
#1576 = CIRCLE ( 'NONE', #75, 5.400000000000002132 ) ;
#1577 = EDGE_CURVE ( 'NONE', #1689, #1387, #1455, .T. ) ;
#1578 = DIRECTION ( 'NONE',  ( 0.000000000000000000, 0.000000000000000000, -1.000000000000000000 ) ) ;
#1579 = LINE ( 'NONE', #289, #148 ) ;
#1580 = AXIS2_PLACEMENT_3D ( 'NONE', #2717, #2120, #2155 ) ;
#1581 = CARTESIAN_POINT ( 'NONE',  ( -14.13149483860910571, 0.000000000000000000, 3.786522629849766730 ) ) ;
#1582 = CIRCLE ( 'NONE', #258, 5.400000000000001243 ) ;
#1583 = FACE_OUTER_BOUND ( 'NONE', #2797, .T. ) ;
#1584 = ORIENTED_EDGE ( 'NONE', *, *, #904, .F. ) ;
#1585 = EDGE_CURVE ( 'NONE', #70, #2947, #3053, .T. ) ;
#1586 = AXIS2_PLACEMENT_3D ( 'NONE', #2302, #509, #242 ) ;
#1587 = ORIENTED_EDGE ( 'NONE', *, *, #3182, .T. ) ;
#1588 = CARTESIAN_POINT ( 'NONE',  ( 7.314999999999946212, 7.000000000000000000, 12.66995165736636864 ) ) ;
#1589 = CIRCLE ( 'NONE', #32, 12.08999999999999986 ) ;
#1590 = CARTESIAN_POINT ( 'NONE',  ( 0.000000000000000000, 7.000000000000000000, 0.000000000000000000 ) ) ;
#1591 = ADVANCED_FACE ( 'NONE', ( #496 ), #3384, .T. ) ;
#1592 = ORIENTED_EDGE ( 'NONE', *, *, #3361, .T. ) ;
#1593 = VERTEX_POINT ( 'NONE', #803 ) ;
#1594 = COLOUR_RGB ( '',0.7921568627450980005, 0.8196078431372548767, 0.9333333333333333481 ) ;
#1595 = LINE ( 'NONE', #3175, #2084 ) ;
#1596 = FACE_OUTER_BOUND ( 'NONE', #2545, .T. ) ;
#1597 = VERTEX_POINT ( 'NONE', #787 ) ;
#1598 = ORIENTED_EDGE ( 'NONE', *, *, #3073, .F. ) ;
#1599 = CIRCLE ( 'NONE', #96, 12.08999999999999986 ) ;
#1600 = DIRECTION ( 'NONE',  ( -1.000000000000000000, 0.000000000000000000, 0.000000000000000000 ) ) ;
#1601 = AXIS2_PLACEMENT_3D ( 'NONE', #2641, #1888, #880 ) ;
#1602 = FACE_OUTER_BOUND ( 'NONE', #2875, .T. ) ;
#1603 = CIRCLE ( 'NONE', #3359, 5.400000000000000355 ) ;
#1604 = CIRCLE ( 'NONE', #2413, 5.400000000000001243 ) ;
#1605 = ORIENTED_EDGE ( 'NONE', *, *, #2463, .F. ) ;
#1606 = EDGE_CURVE ( 'NONE', #1245, #1613, #2359, .T. ) ;
#1607 = CARTESIAN_POINT ( 'NONE',  ( -14.05126093462724057, 7.000000000000000000, -4.085959635999643957 ) ) ;
#1608 = VERTEX_POINT ( 'NONE', #729 ) ;
#1609 = VECTOR ( 'NONE', #2984, 1000.000000000000000 ) ;
#1610 = ORIENTED_EDGE ( 'NONE', *, *, #931, .F. ) ;
#1611 = LINE ( 'NONE', #2632, #261 ) ;
#1612 = EDGE_CURVE ( 'NONE', #292, #3415, #1599, .T. ) ;
#1613 = VERTEX_POINT ( 'NONE', #1001 ) ;
#1614 = VERTEX_POINT ( 'NONE', #1787 ) ;
#1615 = CIRCLE ( 'NONE', #106, 5.400000000000001243 ) ;
#1616 = CARTESIAN_POINT ( 'NONE',  ( -11.50781379157950646, 7.000000000000000000, 5.344026607231195491 ) ) ;
#1617 = CARTESIAN_POINT ( 'NONE',  ( -14.21172874259089092, 7.000000000000000000, 3.487085623700127535 ) ) ;
#1618 = ORIENTED_EDGE ( 'NONE', *, *, #1974, .T. ) ;
#1619 = VERTEX_POINT ( 'NONE', #3348 ) ;
#1620 = CARTESIAN_POINT ( 'NONE',  ( -9.732558681925954858, 7.000000000000000000, -8.140374693054997834 ) ) ;
#1621 = LINE ( 'NONE', #839, #1148 ) ;
#1622 = DIRECTION ( 'NONE',  ( 0.000000000000000000, 1.000000000000000000, -0.000000000000000000 ) ) ;
#1623 = DIRECTION ( 'NONE',  ( -0.000000000000000000, -1.000000000000000000, -0.000000000000000000 ) ) ;
#1624 = ADVANCED_FACE ( 'NONE', ( #1838 ), #1318, .T. ) ;
#1625 = CARTESIAN_POINT ( 'NONE',  ( -9.911436861717485058, 0.000000000000000000, -6.923259300083151935 ) ) ;
#1626 = ORIENTED_EDGE ( 'NONE', *, *, #1941, .F. ) ;
#1627 = ORIENTED_EDGE ( 'NONE', *, *, #964, .T. ) ;
#1628 = DIRECTION ( 'NONE',  ( 0.000000000000000000, 1.000000000000000000, -0.000000000000000000 ) ) ;
#1629 = LINE ( 'NONE', #864, #2192 ) ;
#1630 = ORIENTED_EDGE ( 'NONE', *, *, #945, .T. ) ;
#1631 = ORIENTED_EDGE ( 'NONE', *, *, #2267, .F. ) ;
#1632 = CARTESIAN_POINT ( 'NONE',  ( 0.000000000000000000, 7.000000000000000000, -4.000000000000006217 ) ) ;
#1633 = ADVANCED_FACE ( 'NONE', ( #190 ), #2037, .T. ) ;
#1634 = DIRECTION ( 'NONE',  ( -0.000000000000000000, -1.000000000000000000, -0.000000000000000000 ) ) ;
#1635 = DIRECTION ( 'NONE',  ( 1.000000000000000000, 0.000000000000000000, -0.000000000000000000 ) ) ;
#1636 = AXIS2_PLACEMENT_3D ( 'NONE', #3251, #3026, #1222 ) ;
#1637 = ORIENTED_EDGE ( 'NONE', *, *, #2883, .T. ) ;
#1638 = EDGE_CURVE ( 'NONE', #1529, #580, #530, .T. ) ;
#1639 = LINE ( 'NONE', #1672, #3117 ) ;
#1640 = ORIENTED_EDGE ( 'NONE', *, *, #3103, .T. ) ;
#1641 = ORIENTED_EDGE ( 'NONE', *, *, #1350, .F. ) ;
#1642 = LINE ( 'NONE', #1346, #2180 ) ;
#1643 = CARTESIAN_POINT ( 'NONE',  ( -12.82495165736640885, 7.000000000000000000, 7.046532124826705434 ) ) ;
#1644 = DIRECTION ( 'NONE',  ( 0.000000000000000000, 1.000000000000000000, -0.000000000000000000 ) ) ;
#1645 = VERTEX_POINT ( 'NONE', #2288 ) ;
#1646 = ORIENTED_EDGE ( 'NONE', *, *, #696, .F. ) ;
#1647 = AXIS2_PLACEMENT_3D ( 'NONE', #2144, #590, #3170 ) ;
#1648 = FACE_OUTER_BOUND ( 'NONE', #679, .T. ) ;
#1649 = CARTESIAN_POINT ( 'NONE',  ( 2.112960617221264936, 7.000000000000000000, -11.90392781522434795 ) ) ;
#1650 = ORIENTED_EDGE ( 'NONE', *, *, #823, .F. ) ;
#1651 = AXIS2_PLACEMENT_3D ( 'NONE', #1785, #2615, #1558 ) ;
#1652 = CYLINDRICAL_SURFACE ( 'NONE', #1486, 1.750000000000003553 ) ;
#1653 = DIRECTION ( 'NONE',  ( -0.000000000000000000, -1.000000000000000000, -0.000000000000000000 ) ) ;
#1654 = EDGE_CURVE ( 'NONE', #70, #17, #210, .T. ) ;
#1655 = EDGE_LOOP ( 'NONE', ( #1510, #582, #1251, #2831 ) ) ;
#1656 = CIRCLE ( 'NONE', #1427, 12.08999999999999986 ) ;
#1657 = CIRCLE ( 'NONE', #1927, 3.500000000000000000 ) ;
#1658 = DIRECTION ( 'NONE',  ( 0.9659258262890658697, 0.000000000000000000, 0.2588190451025298433 ) ) ;
#1659 = AXIS2_PLACEMENT_3D ( 'NONE', #1616, #1868, #2912 ) ;
#1660 = ORIENTED_EDGE ( 'NONE', *, *, #3393, .F. ) ;
#1661 = DIRECTION ( 'NONE',  ( 0.000000000000000000, 0.000000000000000000, -1.000000000000000000 ) ) ;
#1662 = DIRECTION ( 'NONE',  ( 0.000000000000000000, 0.000000000000000000, -1.000000000000000000 ) ) ;
#1663 = ORIENTED_EDGE ( 'NONE', *, *, #1673, .T. ) ;
#1664 = CARTESIAN_POINT ( 'NONE',  ( 30.75000000000000000, 0.000000000000000000, 0.000000000000000000 ) ) ;
#1665 = AXIS2_PLACEMENT_3D ( 'NONE', #1391, #2063, #3152 ) ;
#1666 = FACE_OUTER_BOUND ( 'NONE', #810, .T. ) ;
#1667 = ORIENTED_EDGE ( 'NONE', *, *, #3252, .F. ) ;
#1668 = DIRECTION ( 'NONE',  ( 0.000000000000000000, 1.000000000000000000, -0.000000000000000000 ) ) ;
#1669 = CARTESIAN_POINT ( 'NONE',  ( -5.344026607231155523, 0.000000000000000000, -11.50781379157952422 ) ) ;
#1670 = EDGE_CURVE ( 'NONE', #2367, #3195, #2619, .T. ) ;
#1671 = VERTEX_POINT ( 'NONE', #2839 ) ;
#1672 = CARTESIAN_POINT ( 'NONE',  ( -5.121926460211264853, 7.000000000000000000, -10.95143686171763164 ) ) ;
#1673 = EDGE_CURVE ( 'NONE', #2874, #634, #1491, .T. ) ;
#1674 = ORIENTED_EDGE ( 'NONE', *, *, #874, .T. ) ;
#1675 = DIRECTION ( 'NONE',  ( -0.000000000000000000, -1.000000000000000000, -0.000000000000000000 ) ) ;
#1676 = ORIENTED_EDGE ( 'NONE', *, *, #827, .T. ) ;
#1677 = CARTESIAN_POINT ( 'NONE',  ( 0.000000000000000000, 0.000000000000000000, 0.000000000000000000 ) ) ;
#1678 = DIRECTION ( 'NONE',  ( -0.000000000000000000, -1.000000000000000000, -0.000000000000000000 ) ) ;
#1679 = CYLINDRICAL_SURFACE ( 'NONE', #609, 5.400000000000000355 ) ;
#1680 = CARTESIAN_POINT ( 'NONE',  ( -10.34497220875906898, 0.000000000000000000, -10.34497220875931411 ) ) ;
#1681 = CARTESIAN_POINT ( 'NONE',  ( 4.286263797015736595E-16, 2.000000000000000000, 3.500000000000000000 ) ) ;
#1682 = ORIENTED_EDGE ( 'NONE', *, *, #2631, .F. ) ;
#1683 = DIRECTION ( 'NONE',  ( -0.000000000000000000, -1.000000000000000000, -0.000000000000000000 ) ) ;
#1684 = EDGE_LOOP ( 'NONE', ( #2283, #176, #1063, #444 ) ) ;
#1685 = AXIS2_PLACEMENT_3D ( 'NONE', #3301, #3043, #1475 ) ;
#1686 = DIRECTION ( 'NONE',  ( 0.000000000000000000, 0.000000000000000000, -1.000000000000000000 ) ) ;
#1687 = CARTESIAN_POINT ( 'NONE',  ( -4.122086335902365839, 7.000000000000000000, -11.36558420141115988 ) ) ;
#1688 = EDGE_CURVE ( 'NONE', #1782, #633, #2249, .T. ) ;
#1689 = VERTEX_POINT ( 'NONE', #2304 ) ;
#1690 = ORIENTED_EDGE ( 'NONE', *, *, #214, .T. ) ;
#1691 = VECTOR ( 'NONE', #3145, 1000.000000000000000 ) ;
#1692 = DIRECTION ( 'NONE',  ( 0.000000000000000000, 0.000000000000000000, 1.000000000000000000 ) ) ;
#1693 = ADVANCED_FACE ( 'NONE', ( #3370 ), #1542, .F. ) ;
#1694 = CIRCLE ( 'NONE', #1152, 4.000000000000006217 ) ;
#1695 = DIRECTION ( 'NONE',  ( -0.000000000000000000, -1.000000000000000000, -0.000000000000000000 ) ) ;
#1696 = ORIENTED_EDGE ( 'NONE', *, *, #743, .F. ) ;
#1697 = CIRCLE ( 'NONE', #2778, 12.08999999999999986 ) ;
#1698 = PLANE ( 'NONE',  #387 ) ;
#1699 = CARTESIAN_POINT ( 'NONE',  ( -3.487085623700077353, 7.000000000000000000, -14.21172874259089625 ) ) ;
#1700 = CIRCLE ( 'NONE', #1970, 12.08999999999999986 ) ;
#1701 = ORIENTED_EDGE ( 'NONE', *, *, #3017, .T. ) ;
#1702 = LINE ( 'NONE', #3333, #1572 ) ;
#1703 = ORIENTED_EDGE ( 'NONE', *, *, #12, .T. ) ;
#1704 = DIRECTION ( 'NONE',  ( 0.000000000000000000, 0.000000000000000000, 1.000000000000000000 ) ) ;
#1705 = VECTOR ( 'NONE', #748, 1000.000000000000114 ) ;
#1706 = CARTESIAN_POINT ( 'NONE',  ( 4.085959635999399708, 7.000000000000000000, 14.05126093462731873 ) ) ;
#1707 = AXIS2_PLACEMENT_3D ( 'NONE', #421, #968, #2604 ) ;
#1708 = CARTESIAN_POINT ( 'NONE',  ( 10.12576910659130647, 7.000000000000000000, 10.56417531092707485 ) ) ;
#1709 = ADVANCED_FACE ( 'NONE', ( #262 ), #3110, .F. ) ;
#1710 = ORIENTED_EDGE ( 'NONE', *, *, #1071, .T. ) ;
#1711 = EDGE_LOOP ( 'NONE', ( #3232, #2320, #1736, #1676 ) ) ;
#1712 = CARTESIAN_POINT ( 'NONE',  ( -3.786522629849683241, 7.000000000000000000, -14.13149483860912170 ) ) ;
#1713 = DIRECTION ( 'NONE',  ( 0.000000000000000000, 0.000000000000000000, -1.000000000000000000 ) ) ;
#1714 = AXIS2_PLACEMENT_3D ( 'NONE', #430, #2264, #449 ) ;
#1715 = FACE_OUTER_BOUND ( 'NONE', #1655, .T. ) ;
#1716 = DIRECTION ( 'NONE',  ( -0.7071067811865560104, 0.000000000000000000, 0.7071067811865391350 ) ) ;
#1717 = CARTESIAN_POINT ( 'NONE',  ( -14.05126093462733294, 0.000000000000000000, 4.085959635999351747 ) ) ;
#1718 = ORIENTED_EDGE ( 'NONE', *, *, #760, .F. ) ;
#1719 = DIRECTION ( 'NONE',  ( 0.000000000000000000, 0.000000000000000000, -1.000000000000000000 ) ) ;
#1720 = ORIENTED_EDGE ( 'NONE', *, *, #2123, .F. ) ;
#1721 = EDGE_LOOP ( 'NONE', ( #377, #1939, #818, #2664 ) ) ;
#1722 = DIRECTION ( 'NONE',  ( 0.000000000000000000, 0.000000000000000000, -1.000000000000000000 ) ) ;
#1723 = CARTESIAN_POINT ( 'NONE',  ( 0.000000000000000000, 7.000000000000000000, 0.000000000000000000 ) ) ;
#1724 = EDGE_LOOP ( 'NONE', ( #2223, #1417, #414, #2979 ) ) ;
#1725 = VERTEX_POINT ( 'NONE', #1287 ) ;
#1726 = ORIENTED_EDGE ( 'NONE', *, *, #303, .T. ) ;
#1727 = EDGE_CURVE ( 'NONE', #1330, #2367, #334, .T. ) ;
#1728 = DIRECTION ( 'NONE',  ( -0.000000000000000000, -1.000000000000000000, -0.000000000000000000 ) ) ;
#1729 = CARTESIAN_POINT ( 'NONE',  ( 4.358455715843323475, 7.000000000000000000, -11.91605062147249861 ) ) ;
#1730 = ORIENTED_EDGE ( 'NONE', *, *, #1336, .T. ) ;
#1731 = CARTESIAN_POINT ( 'NONE',  ( 12.82495165736635379, 0.000000000000000000, -7.046532124826794252 ) ) ;
#1732 = CIRCLE ( 'NONE', #2159, 5.400000000000000355 ) ;
#1733 = CARTESIAN_POINT ( 'NONE',  ( -11.90392781522437105, 0.000000000000000000, 2.112960617221138371 ) ) ;
#1734 = DIRECTION ( 'NONE',  ( 0.000000000000000000, 0.000000000000000000, 1.000000000000000000 ) ) ;
#1735 = EDGE_CURVE ( 'NONE', #608, #3109, #2527, .T. ) ;
#1736 = ORIENTED_EDGE ( 'NONE', *, *, #3267, .F. ) ;
#1737 = CARTESIAN_POINT ( 'NONE',  ( -7.781841479321720101, 7.000000000000000000, -9.252623584189942463 ) ) ;
#1738 = EDGE_CURVE ( 'NONE', #1458, #1157, #1299, .T. ) ;
#1739 = VERTEX_POINT ( 'NONE', #336 ) ;
#1740 = CARTESIAN_POINT ( 'NONE',  ( 8.140374693054827304, 7.000000000000000000, 9.732558681926096966 ) ) ;
#1741 = DIRECTION ( 'NONE',  ( -0.000000000000000000, -1.000000000000000000, 0.000000000000000000 ) ) ;
#1742 = VERTEX_POINT ( 'NONE', #862 ) ;
#1743 = EDGE_LOOP ( 'NONE', ( #1207, #163, #3323, #417 ) ) ;
#1744 = VERTEX_POINT ( 'NONE', #24 ) ;
#1745 = CARTESIAN_POINT ( 'NONE',  ( 30.75000000000000000, 7.000000000000000000, 0.000000000000000000 ) ) ;
#1746 = CARTESIAN_POINT ( 'NONE',  ( -9.911436861717630720, 7.000000000000000000, 6.923259300082944989 ) ) ;
#1747 = AXIS2_PLACEMENT_3D ( 'NONE', #1843, #4, #485 ) ;
#1748 = ORIENTED_EDGE ( 'NONE', *, *, #2533, .F. ) ;
#1749 = ADVANCED_FACE ( 'NONE', ( #3193 ), #578, .T. ) ;
#1750 = AXIS2_PLACEMENT_3D ( 'NONE', #2892, #192, #1805 ) ;
#1751 = CARTESIAN_POINT ( 'NONE',  ( -14.21172874259089092, 0.000000000000000000, 3.487085623700127535 ) ) ;
#1752 = DIRECTION ( 'NONE',  ( 0.000000000000000000, 1.000000000000000000, -0.000000000000000000 ) ) ;
#1753 = CYLINDRICAL_SURFACE ( 'NONE', #1255, 5.400000000000002132 ) ;
#1754 = VERTEX_POINT ( 'NONE', #2379 ) ;
#1755 = AXIS2_PLACEMENT_3D ( 'NONE', #2980, #1181, #1466 ) ;
#1756 = CARTESIAN_POINT ( 'NONE',  ( 10.56417531092696649, 7.000000000000000000, 10.12576910659141838 ) ) ;
#1757 = ADVANCED_FACE ( 'NONE', ( #878 ), #9, .F. ) ;
#1758 = AXIS2_PLACEMENT_3D ( 'NONE', #178, #1009, #1240 ) ;
#1759 = CARTESIAN_POINT ( 'NONE',  ( 7.315000000000026148, 7.000000000000000000, -12.66995165736632245 ) ) ;
#1760 = ORIENTED_EDGE ( 'NONE', *, *, #2694, .F. ) ;
#1761 = ORIENTED_EDGE ( 'NONE', *, *, #842, .F. ) ;
#1762 = ORIENTED_EDGE ( 'NONE', *, *, #2164, .T. ) ;
#1763 = CIRCLE ( 'NONE', #2685, 5.400000000000002132 ) ;
#1764 = VECTOR ( 'NONE', #1401, 1000.000000000000114 ) ;
#1765 = FACE_OUTER_BOUND ( 'NONE', #1490, .T. ) ;
#1766 = AXIS2_PLACEMENT_3D ( 'NONE', #1293, #1329, #521 ) ;
#1767 = DIRECTION ( 'NONE',  ( 0.000000000000000000, 0.000000000000000000, 1.000000000000000000 ) ) ;
#1768 = ORIENTED_EDGE ( 'NONE', *, *, #778, .T. ) ;
#1769 = AXIS2_PLACEMENT_3D ( 'NONE', #1019, #2859, #2053 ) ;
#1770 = DIRECTION ( 'NONE',  ( 0.000000000000000000, 0.000000000000000000, 1.000000000000000000 ) ) ;
#1771 = DIRECTION ( 'NONE',  ( -0.5000000000000017764, 0.000000000000000000, 0.8660254037844377084 ) ) ;
#1772 = PLANE ( 'NONE',  #200 ) ;
#1773 = EDGE_LOOP ( 'NONE', ( #1447, #2773, #294, #3419 ) ) ;
#1774 = CARTESIAN_POINT ( 'NONE',  ( -14.62999999999999723, 7.000000000000000000, -0.3100000000001532641 ) ) ;
#1775 = EDGE_CURVE ( 'NONE', #1619, #225, #1595, .T. ) ;
#1776 = CARTESIAN_POINT ( 'NONE',  ( 30.75000000000000000, 0.000000000000000000, 0.000000000000000000 ) ) ;
#1777 = VECTOR ( 'NONE', #65, 1000.000000000000000 ) ;
#1778 = AXIS2_PLACEMENT_3D ( 'NONE', #1300, #2018, #514 ) ;
#1779 = CARTESIAN_POINT ( 'NONE',  ( 3.786522629849769839, 0.000000000000000000, 14.13149483860910394 ) ) ;
#1780 = DIRECTION ( 'NONE',  ( -0.000000000000000000, -1.000000000000000000, -0.000000000000000000 ) ) ;
#1781 = EDGE_CURVE ( 'NONE', #580, #1320, #1163, .T. ) ;
#1782 = VERTEX_POINT ( 'NONE', #1112 ) ;
#1783 = ORIENTED_EDGE ( 'NONE', *, *, #987, .F. ) ;
#1784 = CARTESIAN_POINT ( 'NONE',  ( 10.95143686171757658, 7.000000000000000000, -5.121926460211381205 ) ) ;
#1785 = CARTESIAN_POINT ( 'NONE',  ( -12.49883040889821828, 0.000000000000000000, 2.183491939546325256 ) ) ;
#1786 = EDGE_CURVE ( 'NONE', #466, #2110, #1604, .T. ) ;
#1787 = CARTESIAN_POINT ( 'NONE',  ( 10.95143686171753927, 0.000000000000000000, 5.121926460211458476 ) ) ;
#1788 = VECTOR ( 'NONE', #1792, 1000.000000000000000 ) ;
#1789 = CARTESIAN_POINT ( 'NONE',  ( -1.125844095427455782, 0.000000000000000000, -12.63807238914438535 ) ) ;
#1790 = CYLINDRICAL_SURFACE ( 'NONE', #879, 5.400000000000000355 ) ;
#1791 = VERTEX_POINT ( 'NONE', #2890 ) ;
#1792 = DIRECTION ( 'NONE',  ( -0.000000000000000000, -1.000000000000000000, -0.000000000000000000 ) ) ;
#1793 = DIRECTION ( 'NONE',  ( -0.000000000000000000, -1.000000000000000000, 0.000000000000000000 ) ) ;
#1794 = EDGE_LOOP ( 'NONE', ( #1159, #642, #2395, #2728 ) ) ;
#1795 = DIRECTION ( 'NONE',  ( 0.000000000000000000, 0.000000000000000000, -1.000000000000000000 ) ) ;
#1796 = DIRECTION ( 'NONE',  ( 7.067391939164769352E-15, 0.000000000000000000, 1.000000000000000000 ) ) ;
#1797 = CARTESIAN_POINT ( 'NONE',  ( -12.49883040889816854, 0.000000000000000000, -2.183491939546586824 ) ) ;
#1798 = VERTEX_POINT ( 'NONE', #354 ) ;
#1799 = ORIENTED_EDGE ( 'NONE', *, *, #307, .F. ) ;
#1800 = DIRECTION ( 'NONE',  ( 0.000000000000000000, 0.000000000000000000, 1.000000000000000000 ) ) ;
#1801 = DIRECTION ( 'NONE',  ( -0.000000000000000000, -1.000000000000000000, -0.000000000000000000 ) ) ;
#1802 = EDGE_CURVE ( 'NONE', #1157, #1026, #953, .T. ) ;
#1803 = CARTESIAN_POINT ( 'NONE',  ( 30.75000000000000000, 7.000000000000000000, 4.000000000000006217 ) ) ;
#1804 = DIRECTION ( 'NONE',  ( -0.000000000000000000, -1.000000000000000000, -0.000000000000000000 ) ) ;
#1805 = DIRECTION ( 'NONE',  ( 0.000000000000000000, 0.000000000000000000, -1.000000000000000000 ) ) ;
#1806 = ORIENTED_EDGE ( 'NONE', *, *, #2694, .T. ) ;
#1807 = VECTOR ( 'NONE', #392, 1000.000000000000000 ) ;
#1808 = CYLINDRICAL_SURFACE ( 'NONE', #219, 5.400000000000000355 ) ;
#1809 = CARTESIAN_POINT ( 'NONE',  ( 12.49883040889819874, 7.000000000000000000, -2.183491939546412297 ) ) ;
#1810 = AXIS2_PLACEMENT_3D ( 'NONE', #1016, #3121, #2035 ) ;
#1811 = CARTESIAN_POINT ( 'NONE',  ( -12.63807238914439424, 0.000000000000000000, 1.125844095427325220 ) ) ;
#1812 = DIRECTION ( 'NONE',  ( -0.000000000000000000, -1.000000000000000000, -0.000000000000000000 ) ) ;
#1813 = VERTEX_POINT ( 'NONE', #835 ) ;
#1814 = ORIENTED_EDGE ( 'NONE', *, *, #3420, .F. ) ;
#1815 = CIRCLE ( 'NONE', #2847, 5.400000000000000355 ) ;
#1816 = DIRECTION ( 'NONE',  ( -0.5000000000000084377, 0.000000000000000000, 0.8660254037844338226 ) ) ;
#1817 = EDGE_CURVE ( 'NONE', #1593, #1432, #1217, .T. ) ;
#1818 = FACE_OUTER_BOUND ( 'NONE', #2924, .T. ) ;
#1819 = AXIS2_PLACEMENT_3D ( 'NONE', #30, #1668, #2396 ) ;
#1820 = EDGE_LOOP ( 'NONE', ( #1506, #72 ) ) ;
#1821 = AXIS2_PLACEMENT_3D ( 'NONE', #152, #3260, #370 ) ;
#1822 = CARTESIAN_POINT ( 'NONE',  ( -11.91605062147245420, 7.000000000000000000, -4.358455715843448708 ) ) ;
#1823 = AXIS2_PLACEMENT_3D ( 'NONE', #2682, #562, #3221 ) ;
#1824 = CARTESIAN_POINT ( 'NONE',  ( 0.000000000000000000, 7.000000000000000000, -3.500000000000000000 ) ) ;
#1825 = FACE_OUTER_BOUND ( 'NONE', #960, .T. ) ;
#1826 = ADVANCED_FACE ( 'NONE', ( #1648 ), #2667, .T. ) ;
#1827 = ORIENTED_EDGE ( 'NONE', *, *, #3182, .F. ) ;
#1828 = CARTESIAN_POINT ( 'NONE',  ( -7.294045781912947390, 7.000000000000000000, -10.38196969615209220 ) ) ;
#1829 = DIRECTION ( 'NONE',  ( 0.000000000000000000, 0.000000000000000000, 1.000000000000000000 ) ) ;
#1830 = CARTESIAN_POINT ( 'NONE',  ( 4.122086335902523935, 0.000000000000000000, -11.36558420141110481 ) ) ;
#1831 = DIRECTION ( 'NONE',  ( 0.000000000000000000, 1.000000000000000000, -0.000000000000000000 ) ) ;
#1832 = ORIENTED_EDGE ( 'NONE', *, *, #2420, .T. ) ;
#1833 = CARTESIAN_POINT ( 'NONE',  ( 10.56417531092703932, 7.000000000000000000, -10.12576910659134732 ) ) ;
#1834 = CIRCLE ( 'NONE', #908, 12.08999999999999986 ) ;
#1835 = FACE_OUTER_BOUND ( 'NONE', #2412, .T. ) ;
#1836 = ORIENTED_EDGE ( 'NONE', *, *, #1380, .T. ) ;
#1837 = ADVANCED_FACE ( 'NONE', ( #2102 ), #545, .T. ) ;
#1838 = FACE_OUTER_BOUND ( 'NONE', #2824, .T. ) ;
#1839 = FACE_BOUND ( 'NONE', #1820, .T. ) ;
#1840 = CARTESIAN_POINT ( 'NONE',  ( 12.51495165736635506, 0.000000000000000000, -7.583467875173147910 ) ) ;
#1841 = LINE ( 'NONE', #808, #3403 ) ;
#1842 = EDGE_CURVE ( 'NONE', #859, #954, #2427, .T. ) ;
#1843 = CARTESIAN_POINT ( 'NONE',  ( 5.344026607231235459, 7.000000000000000000, 11.50781379157948869 ) ) ;
#1844 = EDGE_CURVE ( 'NONE', #2857, #2156, #59, .T. ) ;
#1845 = EDGE_LOOP ( 'NONE', ( #3033, #677, #3082, #202 ) ) ;
#1846 = ORIENTED_EDGE ( 'NONE', *, *, #784, .F. ) ;
#1847 = CARTESIAN_POINT ( 'NONE',  ( -9.911436861717630720, 0.000000000000000000, 6.923259300082944989 ) ) ;
#1848 = CARTESIAN_POINT ( 'NONE',  ( 7.781841479321847110, 7.000000000000000000, -9.252623584189835881 ) ) ;
#1849 = VERTEX_POINT ( 'NONE', #314 ) ;
#1850 = CARTESIAN_POINT ( 'NONE',  ( -11.36558420141106218, 7.000000000000000000, -4.122086335902642062 ) ) ;
#1851 = DIRECTION ( 'NONE',  ( -0.000000000000000000, -1.000000000000000000, -0.000000000000000000 ) ) ;
#1852 = ORIENTED_EDGE ( 'NONE', *, *, #2158, .T. ) ;
#1853 = CARTESIAN_POINT ( 'NONE',  ( -4.358455715843323475, 7.000000000000000000, -11.91605062147249861 ) ) ;
#1854 = DIRECTION ( 'NONE',  ( 0.000000000000000000, 0.000000000000000000, -1.000000000000000000 ) ) ;
#1855 = CIRCLE ( 'NONE', #2287, 5.400000000000000355 ) ;
#1856 = EDGE_LOOP ( 'NONE', ( #528, #507, #1298, #963 ) ) ;
#1857 = EDGE_CURVE ( 'NONE', #1432, #929, #1068, .T. ) ;
#1858 = LINE ( 'NONE', #1043, #2121 ) ;
#1859 = AXIS2_PLACEMENT_3D ( 'NONE', #2935, #585, #1635 ) ;
#1860 = VERTEX_POINT ( 'NONE', #816 ) ;
#1861 = VERTEX_POINT ( 'NONE', #2408 ) ;
#1862 = ORIENTED_EDGE ( 'NONE', *, *, #296, .F. ) ;
#1863 = FACE_OUTER_BOUND ( 'NONE', #2617, .T. ) ;
#1864 = CARTESIAN_POINT ( 'NONE',  ( 10.95143686171753927, 7.000000000000000000, 5.121926460211458476 ) ) ;
#1865 = VECTOR ( 'NONE', #2943, 1000.000000000000000 ) ;
#1866 = VERTEX_POINT ( 'NONE', #1337 ) ;
#1867 = ORIENTED_EDGE ( 'NONE', *, *, #140, .F. ) ;
#1868 = DIRECTION ( 'NONE',  ( -0.000000000000000000, -1.000000000000000000, -0.000000000000000000 ) ) ;
#1869 = DIRECTION ( 'NONE',  ( 0.000000000000000000, 0.000000000000000000, -1.000000000000000000 ) ) ;
#1870 = VERTEX_POINT ( 'NONE', #46 ) ;
#1871 = ORIENTED_EDGE ( 'NONE', *, *, #3189, .T. ) ;
#1872 = CIRCLE ( 'NONE', #2523, 5.400000000000002132 ) ;
#1873 = DIRECTION ( 'NONE',  ( -0.000000000000000000, -1.000000000000000000, -0.000000000000000000 ) ) ;
#1874 = VECTOR ( 'NONE', #998, 1000.000000000000114 ) ;
#1875 = ADVANCED_BREP_SHAPE_REPRESENTATION ( 'Full Gear', ( #3396, #495 ), #2132 ) ;
#1876 = DIRECTION ( 'NONE',  ( -0.9659258262890688673, 0.000000000000000000, -0.2588190451025185745 ) ) ;
#1877 = CARTESIAN_POINT ( 'NONE',  ( -14.63000000000000078, 0.000000000000000000, -1.637355126034883034E-13 ) ) ;
#1878 = VECTOR ( 'NONE', #1949, 1000.000000000000000 ) ;
#1879 = ORIENTED_EDGE ( 'NONE', *, *, #3031, .T. ) ;
#1880 = EDGE_CURVE ( 'NONE', #2032, #2834, #1257, .T. ) ;
#1881 = DIRECTION ( 'NONE',  ( -1.000000000000000000, 0.000000000000000000, 0.000000000000000000 ) ) ;
#1882 = EDGE_CURVE ( 'NONE', #667, #608, #300, .T. ) ;
#1883 = ORIENTED_EDGE ( 'NONE', *, *, #365, .T. ) ;
#1884 = EDGE_LOOP ( 'NONE', ( #2233, #323, #2982, #1951 ) ) ;
#1885 = EDGE_CURVE ( 'NONE', #2261, #1026, #128, .T. ) ;
#1886 = DIRECTION ( 'NONE',  ( 0.000000000000000000, 0.000000000000000000, -1.000000000000000000 ) ) ;
#1887 = EDGE_CURVE ( 'NONE', #1813, #2030, #29, .T. ) ;
#1888 = DIRECTION ( 'NONE',  ( 0.000000000000000000, 1.000000000000000000, -0.000000000000000000 ) ) ;
#1889 = EDGE_LOOP ( 'NONE', ( #1988, #1660, #1631, #1119 ) ) ;
#1890 = CARTESIAN_POINT ( 'NONE',  ( -0.3099999999999999978, 0.000000000000000000, -14.63000000000000078 ) ) ;
#1891 = CARTESIAN_POINT ( 'NONE',  ( 5.121926460211420284, 7.000000000000000000, -10.95143686171755704 ) ) ;
#1892 = PLANE ( 'NONE',  #1859 ) ;
#1893 = DIRECTION ( 'NONE',  ( 0.000000000000000000, 0.000000000000000000, 1.000000000000000000 ) ) ;
#1894 = CARTESIAN_POINT ( 'NONE',  ( -14.62999999999999723, 7.000000000000000000, -0.3100000000001532641 ) ) ;
#1895 = DIRECTION ( 'NONE',  ( -0.000000000000000000, -1.000000000000000000, -0.000000000000000000 ) ) ;
#1896 = ORIENTED_EDGE ( 'NONE', *, *, #1341, .T. ) ;
#1897 = VERTEX_POINT ( 'NONE', #94 ) ;
#1898 = EDGE_CURVE ( 'NONE', #1742, #1860, #2021, .T. ) ;
#1899 = DIRECTION ( 'NONE',  ( -1.000000000000000000, 0.000000000000000000, -5.595882180570345771E-15 ) ) ;
#1900 = CARTESIAN_POINT ( 'NONE',  ( 12.66995165736636864, 7.000000000000000000, -7.314999999999946212 ) ) ;
#1901 = ORIENTED_EDGE ( 'NONE', *, *, #3189, .F. ) ;
#1902 = ORIENTED_EDGE ( 'NONE', *, *, #2311, .F. ) ;
#1903 = EDGE_CURVE ( 'NONE', #2967, #93, #1418, .T. ) ;
#1904 = DIRECTION ( 'NONE',  ( -0.000000000000000000, -1.000000000000000000, 0.000000000000000000 ) ) ;
#1905 = LINE ( 'NONE', #2706, #1044 ) ;
#1906 = CARTESIAN_POINT ( 'NONE',  ( 1.039999999999913660, 0.000000000000000000, 12.04518576029444965 ) ) ;
#1907 = ORIENTED_EDGE ( 'NONE', *, *, #2355, .F. ) ;
#1908 = DIRECTION ( 'NONE',  ( -0.000000000000000000, -1.000000000000000000, 0.000000000000000000 ) ) ;
#1909 = CIRCLE ( 'NONE', #992, 12.08999999999999986 ) ;
#1910 = CIRCLE ( 'NONE', #193, 5.400000000000002132 ) ;
#1911 = ORIENTED_EDGE ( 'NONE', *, *, #1844, .T. ) ;
#1912 = CIRCLE ( 'NONE', #3176, 5.400000000000001243 ) ;
#1913 = CARTESIAN_POINT ( 'NONE',  ( -5.344026607231397108, 0.000000000000000000, 11.50781379157941409 ) ) ;
#1914 = SURFACE_SIDE_STYLE ('',( #1127 ) ) ;
#1915 = VECTOR ( 'NONE', #2759, 1000.000000000000000 ) ;
#1916 = VERTEX_POINT ( 'NONE', #2730 ) ;
#1917 = EDGE_CURVE ( 'NONE', #2181, #1742, #2713, .T. ) ;
#1918 = AXIS2_PLACEMENT_3D ( 'NONE', #2073, #3133, #2625 ) ;
#1919 = DIRECTION ( 'NONE',  ( 0.000000000000000000, 1.000000000000000000, -0.000000000000000000 ) ) ;
#1920 = CARTESIAN_POINT ( 'NONE',  ( 0.000000000000000000, 7.000000000000000000, 0.000000000000000000 ) ) ;
#1921 = ORIENTED_EDGE ( 'NONE', *, *, #964, .F. ) ;
#1922 = CARTESIAN_POINT ( 'NONE',  ( -1.040000000000083080, 7.000000000000000000, 12.04518576029443544 ) ) ;
#1923 = CARTESIAN_POINT ( 'NONE',  ( 0.000000000000000000, 7.000000000000000000, -14.63000000000000078 ) ) ;
#1924 = EDGE_CURVE ( 'NONE', #1529, #2914, #1694, .T. ) ;
#1925 = ORIENTED_EDGE ( 'NONE', *, *, #1350, .T. ) ;
#1926 = VECTOR ( 'NONE', #654, 1000.000000000000000 ) ;
#1927 = AXIS2_PLACEMENT_3D ( 'NONE', #2913, #2184, #60 ) ;
#1928 = DIRECTION ( 'NONE',  ( 0.000000000000000000, 0.000000000000000000, 1.000000000000000000 ) ) ;
#1929 = VERTEX_POINT ( 'NONE', #1996 ) ;
#1930 = DIRECTION ( 'NONE',  ( 0.000000000000000000, 0.000000000000000000, -1.000000000000000000 ) ) ;
#1931 = VERTEX_POINT ( 'NONE', #914 ) ;
#1932 = DIRECTION ( 'NONE',  ( 0.8660254037844408170, 0.000000000000000000, -0.4999999999999963363 ) ) ;
#1933 = LINE ( 'NONE', #1649, #1005 ) ;
#1934 = VERTEX_POINT ( 'NONE', #3259 ) ;
#1935 = AXIS2_PLACEMENT_3D ( 'NONE', #2485, #3246, #2258 ) ;
#1936 = DIRECTION ( 'NONE',  ( 0.000000000000000000, 1.000000000000000000, -0.000000000000000000 ) ) ;
#1937 = CARTESIAN_POINT ( 'NONE',  ( -14.05126093462733294, 7.000000000000000000, 4.085959635999351747 ) ) ;
#1938 = PLANE ( 'NONE',  #85 ) ;
#1939 = ORIENTED_EDGE ( 'NONE', *, *, #412, .F. ) ;
#1940 = DIRECTION ( 'NONE',  ( -0.000000000000000000, -1.000000000000000000, 0.000000000000000000 ) ) ;
#1941 = EDGE_CURVE ( 'NONE', #1075, #2649, #3050, .T. ) ;
#1942 = VECTOR ( 'NONE', #2864, 1000.000000000000000 ) ;
#1943 = DIRECTION ( 'NONE',  ( -0.000000000000000000, -1.000000000000000000, -0.000000000000000000 ) ) ;
#1944 = ORIENTED_EDGE ( 'NONE', *, *, #3281, .F. ) ;
#1945 = ORIENTED_EDGE ( 'NONE', *, *, #1130, .F. ) ;
#1946 = CARTESIAN_POINT ( 'NONE',  ( -4.358455715843323475, 7.000000000000000000, -11.91605062147249861 ) ) ;
#1947 = DIRECTION ( 'NONE',  ( -0.000000000000000000, -1.000000000000000000, -0.000000000000000000 ) ) ;
#1948 = CARTESIAN_POINT ( 'NONE',  ( -3.786522629850011423, 7.000000000000000000, 14.13149483860903466 ) ) ;
#1949 = DIRECTION ( 'NONE',  ( -0.000000000000000000, -1.000000000000000000, -0.000000000000000000 ) ) ;
#1950 = CARTESIAN_POINT ( 'NONE',  ( -11.91605062147245420, 0.000000000000000000, -4.358455715843448708 ) ) ;
#1951 = ORIENTED_EDGE ( 'NONE', *, *, #2766, .T. ) ;
#1952 = DIRECTION ( 'NONE',  ( -0.000000000000000000, -1.000000000000000000, -0.000000000000000000 ) ) ;
#1953 = ADVANCED_FACE ( 'NONE', ( #1195 ), #1215, .T. ) ;
#1954 = VECTOR ( 'NONE', #959, 1000.000000000000000 ) ;
#1955 = EDGE_CURVE ( 'NONE', #2196, #292, #1149, .T. ) ;
#1956 = ORIENTED_EDGE ( 'NONE', *, *, #1223, .F. ) ;
#1957 = FACE_OUTER_BOUND ( 'NONE', #2576, .T. ) ;
#1958 = LINE ( 'NONE', #2197, #2577 ) ;
#1959 = CARTESIAN_POINT ( 'NONE',  ( -12.82495165736640885, 0.000000000000000000, 7.046532124826705434 ) ) ;
#1960 = ORIENTED_EDGE ( 'NONE', *, *, #594, .T. ) ;
#1961 = ORIENTED_EDGE ( 'NONE', *, *, #77, .T. ) ;
#1962 = CIRCLE ( 'NONE', #2452, 12.08999999999999986 ) ;
#1963 = FACE_OUTER_BOUND ( 'NONE', #2959, .T. ) ;
#1964 = AXIS2_PLACEMENT_3D ( 'NONE', #1228, #744, #1539 ) ;
#1965 = CYLINDRICAL_SURFACE ( 'NONE', #2246, 5.399999999999999467 ) ;
#1966 = AXIS2_PLACEMENT_3D ( 'NONE', #2042, #2331, #1854 ) ;
#1967 = DIRECTION ( 'NONE',  ( 0.000000000000000000, 0.000000000000000000, -1.000000000000000000 ) ) ;
#1968 = DIRECTION ( 'NONE',  ( 0.000000000000000000, 1.000000000000000000, -0.000000000000000000 ) ) ;
#1969 = CARTESIAN_POINT ( 'NONE',  ( -9.732558681925954858, 0.000000000000000000, -8.140374693054997834 ) ) ;
#1970 = AXIS2_PLACEMENT_3D ( 'NONE', #2067, #2051, #763 ) ;
#1971 = EDGE_LOOP ( 'NONE', ( #1179, #79, #2988, #2564 ) ) ;
#1972 = CARTESIAN_POINT ( 'NONE',  ( -5.344026607231155523, 7.000000000000000000, -11.50781379157952422 ) ) ;
#1973 = EDGE_LOOP ( 'NONE', ( #1260, #1392, #1186, #208 ) ) ;
#1974 = EDGE_CURVE ( 'NONE', #2601, #1405, #650, .T. ) ;
#1975 = DIRECTION ( 'NONE',  ( 0.000000000000000000, 0.000000000000000000, 1.000000000000000000 ) ) ;
#1976 = AXIS2_PLACEMENT_3D ( 'NONE', #501, #3162, #793 ) ;
#1977 = VECTOR ( 'NONE', #207, 1000.000000000000000 ) ;
#1978 = CARTESIAN_POINT ( 'NONE',  ( -1.125844095427455782, 7.000000000000000000, -12.63807238914438535 ) ) ;
#1979 = EDGE_LOOP ( 'NONE', ( #335, #339, #1189, #474 ) ) ;
#1980 = ORIENTED_EDGE ( 'NONE', *, *, #2178, .T. ) ;
#1981 = DIRECTION ( 'NONE',  ( 0.9659258262890718649, 0.000000000000000000, -0.2588190451025073613 ) ) ;
#1982 = EDGE_CURVE ( 'NONE', #1860, #1408, #2676, .T. ) ;
#1983 = DIRECTION ( 'NONE',  ( 0.000000000000000000, 0.000000000000000000, 1.000000000000000000 ) ) ;
#1984 = ORIENTED_EDGE ( 'NONE', *, *, #846, .T. ) ;
#1985 = EDGE_CURVE ( 'NONE', #3195, #204, #1697, .T. ) ;
#1986 = DIRECTION ( 'NONE',  ( 0.000000000000000000, 0.000000000000000000, -1.000000000000000000 ) ) ;
#1987 = CARTESIAN_POINT ( 'NONE',  ( 1.125844095427633196, 7.000000000000000000, -12.63807238914436581 ) ) ;
#1988 = ORIENTED_EDGE ( 'NONE', *, *, #2049, .T. ) ;
#1989 = CIRCLE ( 'NONE', #2313, 1.750000000000000000 ) ;
#1990 = DIRECTION ( 'NONE',  ( -0.000000000000000000, -1.000000000000000000, 0.000000000000000000 ) ) ;
#1991 = VERTEX_POINT ( 'NONE', #368 ) ;
#1992 = LINE ( 'NONE', #399, #2081 ) ;
#1993 = ORIENTED_EDGE ( 'NONE', *, *, #1232, .F. ) ;
#1994 = ORIENTED_EDGE ( 'NONE', *, *, #1880, .F. ) ;
#1995 = ORIENTED_EDGE ( 'NONE', *, *, #1171, .F. ) ;
#1996 = CARTESIAN_POINT ( 'NONE',  ( -10.95143686171750552, 0.000000000000000000, -5.121926460211534859 ) ) ;
#1997 = LINE ( 'NONE', #386, #2791 ) ;
#1998 = VERTEX_POINT ( 'NONE', #2236 ) ;
#1999 = ADVANCED_FACE ( 'NONE', ( #1963 ), #2200, .T. ) ;
#2000 = DIRECTION ( 'NONE',  ( -0.8660254037844438146, 0.000000000000000000, 0.4999999999999909517 ) ) ;
#2001 = CARTESIAN_POINT ( 'NONE',  ( -4.122086335902604759, 7.000000000000000000, 11.36558420141107639 ) ) ;
#2002 = DIRECTION ( 'NONE',  ( -0.000000000000000000, -1.000000000000000000, -0.000000000000000000 ) ) ;
#2003 = ORIENTED_EDGE ( 'NONE', *, *, #369, .T. ) ;
#2004 = DIRECTION ( 'NONE',  ( -0.000000000000000000, -1.000000000000000000, -0.000000000000000000 ) ) ;
#2005 = AXIS2_PLACEMENT_3D ( 'NONE', #2541, #446, #426 ) ;
#2006 = CARTESIAN_POINT ( 'NONE',  ( -14.13149483860903111, 0.000000000000000000, -3.786522629850014088 ) ) ;
#2007 = CARTESIAN_POINT ( 'NONE',  ( 0.000000000000000000, 7.000000000000000000, 0.000000000000000000 ) ) ;
#2008 = VERTEX_POINT ( 'NONE', #2480 ) ;
#2009 = ORIENTED_EDGE ( 'NONE', *, *, #1485, .T. ) ;
#2010 = DIRECTION ( 'NONE',  ( 0.000000000000000000, 0.000000000000000000, 1.000000000000000000 ) ) ;
#2011 = CARTESIAN_POINT ( 'NONE',  ( -12.51495165736641546, 7.000000000000000000, 7.583467875173060868 ) ) ;
#2012 = AXIS2_PLACEMENT_3D ( 'NONE', #1536, #3101, #1279 ) ;
#2013 = VERTEX_POINT ( 'NONE', #112 ) ;
#2014 = VECTOR ( 'NONE', #1653, 1000.000000000000000 ) ;
#2015 = EDGE_CURVE ( 'NONE', #2894, #667, #2217, .T. ) ;
#2016 = AXIS2_PLACEMENT_3D ( 'NONE', #372, #2985, #1084 ) ;
#2017 = DIRECTION ( 'NONE',  ( -0.7071067811865445751, 0.000000000000000000, -0.7071067811865504593 ) ) ;
#2018 = DIRECTION ( 'NONE',  ( 0.000000000000000000, 1.000000000000000000, -0.000000000000000000 ) ) ;
#2019 = PLANE ( 'NONE',  #2570 ) ;
#2020 = ORIENTED_EDGE ( 'NONE', *, *, #144, .T. ) ;
#2021 = CIRCLE ( 'NONE', #2898, 5.399999999999998579 ) ;
#2022 = ADVANCED_FACE ( 'NONE', ( #933 ), #3016, .F. ) ;
#2023 = CARTESIAN_POINT ( 'NONE',  ( 9.911436861717534796, 0.000000000000000000, 6.923259300083081769 ) ) ;
#2024 = VECTOR ( 'NONE', #379, 1000.000000000000114 ) ;
#2025 = CYLINDRICAL_SURFACE ( 'NONE', #2771, 12.08999999999999986 ) ;
#2026 = AXIS2_PLACEMENT_3D ( 'NONE', #3414, #2833, #493 ) ;
#2027 = CARTESIAN_POINT ( 'NONE',  ( 0.000000000000000000, 7.000000000000000000, 0.000000000000000000 ) ) ;
#2028 = EDGE_CURVE ( 'NONE', #3268, #194, #3034, .T. ) ;
#2029 = CYLINDRICAL_SURFACE ( 'NONE', #1557, 5.400000000000000355 ) ;
#2030 = VERTEX_POINT ( 'NONE', #1031 ) ;
#2031 = ORIENTED_EDGE ( 'NONE', *, *, #302, .T. ) ;
#2032 = VERTEX_POINT ( 'NONE', #2270 ) ;
#2033 = VECTOR ( 'NONE', #1403, 1000.000000000000000 ) ;
#2034 = VECTOR ( 'NONE', #1947, 1000.000000000000000 ) ;
#2035 = DIRECTION ( 'NONE',  ( 0.2588190451025300653, 0.000000000000000000, -0.9659258262890657587 ) ) ;
#2036 = DIRECTION ( 'NONE',  ( -0.000000000000000000, -1.000000000000000000, 0.000000000000000000 ) ) ;
#2037 = CYLINDRICAL_SURFACE ( 'NONE', #1327, 5.400000000000001243 ) ;
#2038 = FACE_OUTER_BOUND ( 'NONE', #1172, .T. ) ;
#2039 = CARTESIAN_POINT ( 'NONE',  ( 30.75000000000000000, 7.000000000000000000, 0.000000000000000000 ) ) ;
#2040 = VERTEX_POINT ( 'NONE', #2322 ) ;
#2041 = DIRECTION ( 'NONE',  ( -0.000000000000000000, -1.000000000000000000, 0.000000000000000000 ) ) ;
#2042 = CARTESIAN_POINT ( 'NONE',  ( -11.50781379157939455, 7.000000000000000000, -5.344026607231435300 ) ) ;
#2043 = VECTOR ( 'NONE', #1544, 1000.000000000000000 ) ;
#2044 = ORIENTED_EDGE ( 'NONE', *, *, #166, .F. ) ;
#2045 = VECTOR ( 'NONE', #3234, 1000.000000000000000 ) ;
#2046 = CARTESIAN_POINT ( 'NONE',  ( 0.000000000000000000, 7.000000000000000000, 0.000000000000000000 ) ) ;
#2047 = AXIS2_PLACEMENT_3D ( 'NONE', #91, #2726, #55 ) ;
#2048 = ORIENTED_EDGE ( 'NONE', *, *, #2311, .T. ) ;
#2049 = EDGE_CURVE ( 'NONE', #434, #2163, #2454, .T. ) ;
#2050 = CARTESIAN_POINT ( 'NONE',  ( -2.112960617221349757, 7.000000000000000000, 11.90392781522433374 ) ) ;
#2051 = DIRECTION ( 'NONE',  ( 0.000000000000000000, 1.000000000000000000, -0.000000000000000000 ) ) ;
#2052 = ORIENTED_EDGE ( 'NONE', *, *, #2954, .F. ) ;
#2053 = DIRECTION ( 'NONE',  ( 0.9659258262890688673, 0.000000000000000000, 0.2588190451025185745 ) ) ;
#2054 = LINE ( 'NONE', #497, #2043 ) ;
#2055 = CARTESIAN_POINT ( 'NONE',  ( 30.75000000000000000, 7.000000000000000000, -4.000000000000006217 ) ) ;
#2056 = ORIENTED_EDGE ( 'NONE', *, *, #195, .F. ) ;
#2057 = CARTESIAN_POINT ( 'NONE',  ( -5.344026607231397108, 7.000000000000000000, 11.50781379157941409 ) ) ;
#2058 = DIRECTION ( 'NONE',  ( 0.000000000000000000, 0.000000000000000000, 1.000000000000000000 ) ) ;
#2059 = ORIENTED_EDGE ( 'NONE', *, *, #1606, .T. ) ;
#2060 = VERTEX_POINT ( 'NONE', #799 ) ;
#2061 = EDGE_CURVE ( 'NONE', #2921, #1147, #3179, .T. ) ;
#2062 = CARTESIAN_POINT ( 'NONE',  ( 0.000000000000000000, 7.000000000000000000, 0.000000000000000000 ) ) ;
#2063 = DIRECTION ( 'NONE',  ( -0.000000000000000000, -1.000000000000000000, -0.000000000000000000 ) ) ;
#2064 = ORIENTED_EDGE ( 'NONE', *, *, #1898, .T. ) ;
#2065 = EDGE_CURVE ( 'NONE', #2321, #3142, #3325, .T. ) ;
#2066 = CARTESIAN_POINT ( 'NONE',  ( -12.63807238914439424, 7.000000000000000000, -4.274155904572675801 ) ) ;
#2067 = CARTESIAN_POINT ( 'NONE',  ( 0.000000000000000000, 0.000000000000000000, 0.000000000000000000 ) ) ;
#2068 = DIRECTION ( 'NONE',  ( 0.000000000000000000, 0.000000000000000000, 1.000000000000000000 ) ) ;
#2069 = DIRECTION ( 'NONE',  ( 0.000000000000000000, 0.000000000000000000, 1.000000000000000000 ) ) ;
#2070 = CYLINDRICAL_SURFACE ( 'NONE', #2071, 12.08999999999999986 ) ;
#2071 = AXIS2_PLACEMENT_3D ( 'NONE', #1021, #2345, #1036 ) ;
#2072 = CARTESIAN_POINT ( 'NONE',  ( -3.487085623700376225, 0.000000000000000000, 14.21172874259082519 ) ) ;
#2073 = CARTESIAN_POINT ( 'NONE',  ( -2.183491939546545080, 0.000000000000000000, 12.49883040889817565 ) ) ;
#2074 = CARTESIAN_POINT ( 'NONE',  ( 12.82495165736630938, 7.000000000000000000, 7.046532124826883958 ) ) ;
#2075 = ORIENTED_EDGE ( 'NONE', *, *, #2689, .T. ) ;
#2076 = ADVANCED_FACE ( 'NONE', ( #1765 ), #490, .T. ) ;
#2077 = CIRCLE ( 'NONE', #724, 12.08999999999999986 ) ;
#2078 = DIRECTION ( 'NONE',  ( -0.000000000000000000, -1.000000000000000000, -0.000000000000000000 ) ) ;
#2079 = CARTESIAN_POINT ( 'NONE',  ( 0.000000000000000000, 0.000000000000000000, 0.000000000000000000 ) ) ;
#2080 = CIRCLE ( 'NONE', #841, 5.400000000000000355 ) ;
#2081 = VECTOR ( 'NONE', #1241, 1000.000000000000114 ) ;
#2082 = EDGE_CURVE ( 'NONE', #2383, #1066, #205, .T. ) ;
#2083 = DIRECTION ( 'NONE',  ( 0.000000000000000000, 0.000000000000000000, -1.000000000000000000 ) ) ;
#2084 = VECTOR ( 'NONE', #2638, 1000.000000000000114 ) ;
#2085 = DIRECTION ( 'NONE',  ( -0.000000000000000000, -1.000000000000000000, -0.000000000000000000 ) ) ;
#2086 = CARTESIAN_POINT ( 'NONE',  ( 5.344026607231316284, 0.000000000000000000, -11.50781379157945139 ) ) ;
#2087 = EDGE_CURVE ( 'NONE', #994, #605, #2565, .T. ) ;
#2088 = ORIENTED_EDGE ( 'NONE', *, *, #450, .F. ) ;
#2089 = EDGE_CURVE ( 'NONE', #3363, #2060, #2727, .T. ) ;
#2090 = FACE_OUTER_BOUND ( 'NONE', #759, .T. ) ;
#2091 = DIRECTION ( 'NONE',  ( 0.000000000000000000, 1.000000000000000000, -0.000000000000000000 ) ) ;
#2092 = DIRECTION ( 'NONE',  ( 0.000000000000000000, 0.000000000000000000, -1.000000000000000000 ) ) ;
#2093 = DIRECTION ( 'NONE',  ( 0.000000000000000000, 0.000000000000000000, -1.000000000000000000 ) ) ;
#2094 = ORIENTED_EDGE ( 'NONE', *, *, #3126, .T. ) ;
#2095 = AXIS2_PLACEMENT_3D ( 'NONE', #731, #3111, #3129 ) ;
#2096 = DIRECTION ( 'NONE',  ( 0.000000000000000000, 1.000000000000000000, -0.000000000000000000 ) ) ;
#2097 = VECTOR ( 'NONE', #1397, 1000.000000000000000 ) ;
#2098 = CYLINDRICAL_SURFACE ( 'NONE', #2353, 5.400000000000000355 ) ;
#2099 = VERTEX_POINT ( 'NONE', #2050 ) ;
#2100 = VERTEX_POINT ( 'NONE', #1833 ) ;
#2101 = EDGE_LOOP ( 'NONE', ( #2556, #3257, #1901, #1896 ) ) ;
#2102 = FACE_OUTER_BOUND ( 'NONE', #2928, .T. ) ;
#2103 = DIRECTION ( 'NONE',  ( 0.000000000000000000, 0.000000000000000000, 1.000000000000000000 ) ) ;
#2104 = ORIENTED_EDGE ( 'NONE', *, *, #644, .T. ) ;
#2105 = CARTESIAN_POINT ( 'NONE',  ( 12.82495165736630938, 0.000000000000000000, 7.046532124826883958 ) ) ;
#2106 = DIRECTION ( 'NONE',  ( 0.000000000000000000, 1.000000000000000000, -0.000000000000000000 ) ) ;
#2107 = VERTEX_POINT ( 'NONE', #2066 ) ;
#2108 = ORIENTED_EDGE ( 'NONE', *, *, #3149, .F. ) ;
#2109 = DIRECTION ( 'NONE',  ( 0.2588190451025129679, 0.000000000000000000, 0.9659258262890703106 ) ) ;
#2110 = VERTEX_POINT ( 'NONE', #2855 ) ;
#2111 = DIRECTION ( 'NONE',  ( 0.000000000000000000, -1.000000000000000000, 0.000000000000000000 ) ) ;
#2112 = DIRECTION ( 'NONE',  ( 0.000000000000000000, 0.000000000000000000, -1.000000000000000000 ) ) ;
#2113 = ORIENTED_EDGE ( 'NONE', *, *, #2227, .T. ) ;
#2114 = VECTOR ( 'NONE', #2225, 1000.000000000000000 ) ;
#2115 = DIRECTION ( 'NONE',  ( 0.000000000000000000, 0.000000000000000000, 1.000000000000000000 ) ) ;
#2116 = DIRECTION ( 'NONE',  ( -0.000000000000000000, -1.000000000000000000, -0.000000000000000000 ) ) ;
#2117 = ORIENTED_EDGE ( 'NONE', *, *, #2417, .T. ) ;
#2118 = EDGE_CURVE ( 'NONE', #1916, #1330, #1296, .T. ) ;
#2119 = DIRECTION ( 'NONE',  ( 0.000000000000000000, 0.000000000000000000, 1.000000000000000000 ) ) ;
#2120 = DIRECTION ( 'NONE',  ( -0.000000000000000000, -1.000000000000000000, 0.000000000000000000 ) ) ;
#2121 = VECTOR ( 'NONE', #2648, 1000.000000000000000 ) ;
#2122 = CIRCLE ( 'NONE', #988, 12.08999999999999986 ) ;
#2123 = EDGE_CURVE ( 'NONE', #213, #119, #3394, .T. ) ;
#2124 = CARTESIAN_POINT ( 'NONE',  ( -3.786522629850011423, 7.000000000000000000, 14.13149483860903466 ) ) ;
#2125 = ADVANCED_FACE ( 'NONE', ( #3381 ), #1488, .F. ) ;
#2126 = AXIS2_PLACEMENT_3D ( 'NONE', #1712, #2743, #1981 ) ;
#2127 = ORIENTED_EDGE ( 'NONE', *, *, #2400, .T. ) ;
#2128 = VECTOR ( 'NONE', #1943, 1000.000000000000000 ) ;
#2129 = ORIENTED_EDGE ( 'NONE', *, *, #931, .T. ) ;
#2130 = EDGE_CURVE ( 'NONE', #2729, #1931, #489, .T. ) ;
#2131 = CARTESIAN_POINT ( 'NONE',  ( 9.732558681926011701, 7.000000000000000000, 8.140374693054928557 ) ) ;
#2132 =( GEOMETRIC_REPRESENTATION_CONTEXT ( 3 ) GLOBAL_UNCERTAINTY_ASSIGNED_CONTEXT ( ( #2537 ) ) GLOBAL_UNIT_ASSIGNED_CONTEXT ( ( #1347, #3188, #574 ) ) REPRESENTATION_CONTEXT ( 'NONE', 'WORKASPACE' ) );
#2133 = EDGE_LOOP ( 'NONE', ( #648, #260, #3052, #240 ) ) ;
#2134 = DIRECTION ( 'NONE',  ( -0.4999999999999963363, 0.000000000000000000, -0.8660254037844408170 ) ) ;
#2135 = DIRECTION ( 'NONE',  ( 0.000000000000000000, -0.000000000000000000, -1.000000000000000000 ) ) ;
#2136 = ORIENTED_EDGE ( 'NONE', *, *, #2296, .F. ) ;
#2137 = CIRCLE ( 'NONE', #2244, 12.08999999999999986 ) ;
#2138 = CARTESIAN_POINT ( 'NONE',  ( 10.34497220875923595, 0.000000000000000000, -10.34497220875915069 ) ) ;
#2139 = CIRCLE ( 'NONE', #3409, 12.08999999999999986 ) ;
#2140 = FACE_OUTER_BOUND ( 'NONE', #480, .T. ) ;
#2141 = AXIS2_PLACEMENT_3D ( 'NONE', #1853, #2041, #1304 ) ;
#2142 = CARTESIAN_POINT ( 'NONE',  ( 11.50781379157947093, 7.000000000000000000, -5.344026607231275428 ) ) ;
#2143 = ADVANCED_FACE ( 'NONE', ( #1264 ), #455, .T. ) ;
#2144 = CARTESIAN_POINT ( 'NONE',  ( 2.183491939546367888, 7.000000000000000000, 12.49883040889820585 ) ) ;
#2145 = CARTESIAN_POINT ( 'NONE',  ( 2.183491939546455374, 0.000000000000000000, -12.49883040889819164 ) ) ;
#2146 = AXIS2_PLACEMENT_3D ( 'NONE', #288, #2917, #305 ) ;
#2147 = ADVANCED_FACE ( 'NONE', ( #2285 ), #3343, .F. ) ;
#2148 = ORIENTED_EDGE ( 'NONE', *, *, #560, .F. ) ;
#2149 = ORIENTED_EDGE ( 'NONE', *, *, #2766, .F. ) ;
#2150 = DIRECTION ( 'NONE',  ( -0.000000000000000000, -1.000000000000000000, 0.000000000000000000 ) ) ;
#2151 = DIRECTION ( 'NONE',  ( 0.000000000000000000, 1.000000000000000000, -0.000000000000000000 ) ) ;
#2152 = VERTEX_POINT ( 'NONE', #1784 ) ;
#2153 = ORIENTED_EDGE ( 'NONE', *, *, #2837, .F. ) ;
#2154 = DIRECTION ( 'NONE',  ( 0.000000000000000000, 0.000000000000000000, 1.000000000000000000 ) ) ;
#2155 = DIRECTION ( 'NONE',  ( 0.000000000000000000, 0.000000000000000000, 1.000000000000000000 ) ) ;
#2156 = VERTEX_POINT ( 'NONE', #2817 ) ;
#2157 = CARTESIAN_POINT ( 'NONE',  ( 7.046532124826749843, 7.000000000000000000, 12.82495165736637865 ) ) ;
#2158 = EDGE_CURVE ( 'NONE', #2110, #1931, #780, .T. ) ;
#2159 = AXIS2_PLACEMENT_3D ( 'NONE', #1532, #1039, #1055 ) ;
#2160 = LINE ( 'NONE', #2940, #3064 ) ;
#2161 = CARTESIAN_POINT ( 'NONE',  ( 0.000000000000000000, 7.000000000000000000, 0.000000000000000000 ) ) ;
#2162 = FACE_OUTER_BOUND ( 'NONE', #977, .T. ) ;
#2163 = VERTEX_POINT ( 'NONE', #3106 ) ;
#2164 = EDGE_CURVE ( 'NONE', #537, #3173, #3365, .T. ) ;
#2165 = DIRECTION ( 'NONE',  ( -0.000000000000000000, -1.000000000000000000, -0.000000000000000000 ) ) ;
#2166 = ADVANCED_FACE ( 'NONE', ( #3155 ), #1125, .T. ) ;
#2167 = CARTESIAN_POINT ( 'NONE',  ( 0.000000000000000000, 7.000000000000000000, 0.000000000000000000 ) ) ;
#2168 = ORIENTED_EDGE ( 'NONE', *, *, #949, .F. ) ;
#2169 = DIRECTION ( 'NONE',  ( -0.4999999999999910072, 0.000000000000000000, -0.8660254037844438146 ) ) ;
#2170 = FACE_OUTER_BOUND ( 'NONE', #1889, .T. ) ;
#2171 = AXIS2_PLACEMENT_3D ( 'NONE', #2521, #1952, #1719 ) ;
#2172 = VERTEX_POINT ( 'NONE', #1894 ) ;
#2173 = LINE ( 'NONE', #607, #3005 ) ;
#2174 = AXIS2_PLACEMENT_3D ( 'NONE', #1305, #2106, #1829 ) ;
#2175 = ORIENTED_EDGE ( 'NONE', *, *, #350, .F. ) ;
#2176 = CIRCLE ( 'NONE', #1197, 5.400000000000001243 ) ;
#2177 = CARTESIAN_POINT ( 'NONE',  ( 0.000000000000000000, 7.000000000000000000, 0.000000000000000000 ) ) ;
#2178 = EDGE_CURVE ( 'NONE', #2099, #1147, #989, .T. ) ;
#2179 = DIRECTION ( 'NONE',  ( 0.000000000000000000, 0.000000000000000000, 1.000000000000000000 ) ) ;
#2180 = VECTOR ( 'NONE', #1881, 1000.000000000000000 ) ;
#2181 = VERTEX_POINT ( 'NONE', #2614 ) ;
#2182 = AXIS2_PLACEMENT_3D ( 'NONE', #3388, #2846, #2312 ) ;
#2183 = CARTESIAN_POINT ( 'NONE',  ( 12.49883040889818453, 7.000000000000000000, 2.183491939546498006 ) ) ;
#2184 = DIRECTION ( 'NONE',  ( 0.000000000000000000, 1.000000000000000000, -0.000000000000000000 ) ) ;
#2185 = VERTEX_POINT ( 'NONE', #1847 ) ;
#2186 = ORIENTED_EDGE ( 'NONE', *, *, #861, .T. ) ;
#2187 = DIRECTION ( 'NONE',  ( 0.000000000000000000, 0.000000000000000000, 1.000000000000000000 ) ) ;
#2188 = CARTESIAN_POINT ( 'NONE',  ( -2.112960617221101511, 7.000000000000000000, -11.90392781522437815 ) ) ;
#2189 = CARTESIAN_POINT ( 'NONE',  ( 0.000000000000000000, 7.000000000000000000, 0.000000000000000000 ) ) ;
#2190 = ORIENTED_EDGE ( 'NONE', *, *, #2611, .F. ) ;
#2191 = ADVANCED_FACE ( 'NONE', ( #1360 ), #3202, .T. ) ;
#2192 = VECTOR ( 'NONE', #2964, 1000.000000000000000 ) ;
#2193 = CYLINDRICAL_SURFACE ( 'NONE', #1636, 5.400000000000002132 ) ;
#2194 = AXIS2_PLACEMENT_3D ( 'NONE', #3028, #2229, #1722 ) ;
#2195 = AXIS2_PLACEMENT_3D ( 'NONE', #513, #1034, #2068 ) ;
#2196 = VERTEX_POINT ( 'NONE', #2886 ) ;
#2197 = CARTESIAN_POINT ( 'NONE',  ( 30.75000000000000000, 7.000000000000000000, -1.750000000000003553 ) ) ;
#2198 = ORIENTED_EDGE ( 'NONE', *, *, #475, .T. ) ;
#2199 = VERTEX_POINT ( 'NONE', #540 ) ;
#2200 = CYLINDRICAL_SURFACE ( 'NONE', #2293, 5.399999999999998579 ) ;
#2201 = VECTOR ( 'NONE', #1200, 1000.000000000000000 ) ;
#2202 = LINE ( 'NONE', #3312, #1161 ) ;
#2203 = CIRCLE ( 'NONE', #2645, 5.400000000000001243 ) ;
#2204 = CARTESIAN_POINT ( 'NONE',  ( 0.000000000000000000, 0.000000000000000000, 0.000000000000000000 ) ) ;
#2205 = CARTESIAN_POINT ( 'NONE',  ( 4.085959635999500073, 7.000000000000000000, -14.05126093462728676 ) ) ;
#2206 = CARTESIAN_POINT ( 'NONE',  ( 12.49883040889818453, 0.000000000000000000, 2.183491939546498006 ) ) ;
#2207 = CARTESIAN_POINT ( 'NONE',  ( 3.487085623700276749, 7.000000000000000000, -14.21172874259084828 ) ) ;
#2208 = EDGE_CURVE ( 'NONE', #923, #2530, #1568, .T. ) ;
#2209 = ORIENTED_EDGE ( 'NONE', *, *, #249, .F. ) ;
#2210 = LINE ( 'NONE', #2751, #709 ) ;
#2211 = ADVANCED_FACE ( 'NONE', ( #1863 ), #558, .T. ) ;
#2212 = ORIENTED_EDGE ( 'NONE', *, *, #450, .T. ) ;
#2213 = LINE ( 'NONE', #363, #1365 ) ;
#2214 = DIRECTION ( 'NONE',  ( 1.000000000000000000, 0.000000000000000000, 0.000000000000000000 ) ) ;
#2215 = ORIENTED_EDGE ( 'NONE', *, *, #3269, .F. ) ;
#2216 = EDGE_LOOP ( 'NONE', ( #1065, #102 ) ) ;
#2217 = LINE ( 'NONE', #3274, #1534 ) ;
#2218 = CARTESIAN_POINT ( 'NONE',  ( 10.34497220875914891, 0.000000000000000000, 10.34497220875923240 ) ) ;
#2219 = FACE_OUTER_BOUND ( 'NONE', #453, .T. ) ;
#2220 = DIRECTION ( 'NONE',  ( -0.000000000000000000, -1.000000000000000000, -0.000000000000000000 ) ) ;
#2221 = LINE ( 'NONE', #3001, #1090 ) ;
#2222 = EDGE_CURVE ( 'NONE', #2013, #3048, #1611, .T. ) ;
#2223 = ORIENTED_EDGE ( 'NONE', *, *, #1882, .T. ) ;
#2224 = CIRCLE ( 'NONE', #2005, 5.400000000000000355 ) ;
#2225 = DIRECTION ( 'NONE',  ( -0.000000000000000000, -1.000000000000000000, -0.000000000000000000 ) ) ;
#2226 = AXIS2_PLACEMENT_3D ( 'NONE', #889, #1086, #1928 ) ;
#2227 = EDGE_CURVE ( 'NONE', #2584, #1861, #2957, .T. ) ;
#2228 = EDGE_CURVE ( 'NONE', #2936, #1813, #882, .T. ) ;
#2229 = DIRECTION ( 'NONE',  ( -0.000000000000000000, -1.000000000000000000, -0.000000000000000000 ) ) ;
#2230 = EDGE_CURVE ( 'NONE', #1320, #434, #1642, .T. ) ;
#2231 = VECTOR ( 'NONE', #1357, 1000.000000000000000 ) ;
#2232 = ORIENTED_EDGE ( 'NONE', *, *, #1120, .T. ) ;
#2233 = ORIENTED_EDGE ( 'NONE', *, *, #38, .F. ) ;
#2234 = EDGE_CURVE ( 'NONE', #2707, #826, #2160, .T. ) ;
#2235 = AXIS2_PLACEMENT_3D ( 'NONE', #2086, #1561, #2290 ) ;
#2236 = CARTESIAN_POINT ( 'NONE',  ( -10.12576910659145391, 0.000000000000000000, 10.56417531092693096 ) ) ;
#2237 = VECTOR ( 'NONE', #1932, 1000.000000000000114 ) ;
#2238 = LINE ( 'NONE', #1489, #611 ) ;
#2239 = VECTOR ( 'NONE', #2826, 1000.000000000000000 ) ;
#2240 = CARTESIAN_POINT ( 'NONE',  ( -4.085959635999596884, 7.000000000000000000, 14.05126093462725656 ) ) ;
#2241 = DIRECTION ( 'NONE',  ( -0.2588190451025300653, 0.000000000000000000, 0.9659258262890657587 ) ) ;
#2242 = ORIENTED_EDGE ( 'NONE', *, *, #1857, .F. ) ;
#2243 = DIRECTION ( 'NONE',  ( 0.000000000000000000, 0.000000000000000000, 1.000000000000000000 ) ) ;
#2244 = AXIS2_PLACEMENT_3D ( 'NONE', #2414, #49, #866 ) ;
#2245 = ORIENTED_EDGE ( 'NONE', *, *, #786, .T. ) ;
#2246 = AXIS2_PLACEMENT_3D ( 'NONE', #3018, #670, #1713 ) ;
#2247 = ORIENTED_EDGE ( 'NONE', *, *, #1585, .T. ) ;
#2248 = DIRECTION ( 'NONE',  ( -0.000000000000000000, -1.000000000000000000, 0.000000000000000000 ) ) ;
#2249 = CIRCLE ( 'NONE', #3412, 5.400000000000001243 ) ;
#2250 = CARTESIAN_POINT ( 'NONE',  ( 5.121926460211342125, 0.000000000000000000, 10.95143686171759434 ) ) ;
#2251 = ORIENTED_EDGE ( 'NONE', *, *, #2522, .F. ) ;
#2252 = ADVANCED_FACE ( 'NONE', ( #2925 ), #2678, .T. ) ;
#2253 = ADVANCED_FACE ( 'NONE', ( #6 ), #295, .F. ) ;
#2254 = DIRECTION ( 'NONE',  ( -0.8660254037844377084, 0.000000000000000000, -0.5000000000000017764 ) ) ;
#2255 = ADVANCED_FACE ( 'NONE', ( #3216 ), #2663, .T. ) ;
#2256 = LINE ( 'NONE', #2011, #2524 ) ;
#2257 = DIRECTION ( 'NONE',  ( -0.000000000000000000, -1.000000000000000000, -0.000000000000000000 ) ) ;
#2258 = DIRECTION ( 'NONE',  ( 0.000000000000000000, 0.000000000000000000, 1.000000000000000000 ) ) ;
#2259 = DIRECTION ( 'NONE',  ( 1.000000000000000000, 0.000000000000000000, -0.000000000000000000 ) ) ;
#2260 = LINE ( 'NONE', #3319, #745 ) ;
#2261 = VERTEX_POINT ( 'NONE', #311 ) ;
#2262 = CARTESIAN_POINT ( 'NONE',  ( -7.583467875173281136, 7.000000000000000000, 12.51495165736627335 ) ) ;
#2263 = VECTOR ( 'NONE', #201, 1000.000000000000000 ) ;
#2264 = DIRECTION ( 'NONE',  ( -0.4999999999999963363, 0.000000000000000000, -0.8660254037844408170 ) ) ;
#2265 = CARTESIAN_POINT ( 'NONE',  ( -7.781841479321720101, 7.000000000000000000, -9.252623584189942463 ) ) ;
#2266 = ORIENTED_EDGE ( 'NONE', *, *, #511, .T. ) ;
#2267 = EDGE_CURVE ( 'NONE', #618, #2152, #1909, .T. ) ;
#2268 = VERTEX_POINT ( 'NONE', #1311 ) ;
#2269 = ORIENTED_EDGE ( 'NONE', *, *, #2631, .T. ) ;
#2270 = CARTESIAN_POINT ( 'NONE',  ( 3.487085623700176384, 7.000000000000000000, 14.21172874259087671 ) ) ;
#2271 = CARTESIAN_POINT ( 'NONE',  ( -11.91605062147254479, 0.000000000000000000, 4.358455715843199130 ) ) ;
#2272 = ADVANCED_FACE ( 'NONE', ( #3187 ), #2388, .T. ) ;
#2273 = ADVANCED_FACE ( 'NONE', ( #665 ), #1498, .T. ) ;
#2274 = CARTESIAN_POINT ( 'NONE',  ( 9.252623584189860750, 7.000000000000000000, -7.781841479321816024 ) ) ;
#2275 = DIRECTION ( 'NONE',  ( -0.9659258262890718649, 0.000000000000000000, 0.2588190451025074168 ) ) ;
#2276 = DIRECTION ( 'NONE',  ( 0.5000000000000072164, 0.000000000000000000, -0.8660254037844344888 ) ) ;
#2277 = ORIENTED_EDGE ( 'NONE', *, *, #28, .F. ) ;
#2278 = LINE ( 'NONE', #1774, #3335 ) ;
#2279 = CYLINDRICAL_SURFACE ( 'NONE', #254, 12.08999999999999986 ) ;
#2280 = PLANE ( 'NONE',  #1714 ) ;
#2281 = DIRECTION ( 'NONE',  ( 0.000000000000000000, 0.000000000000000000, -1.000000000000000000 ) ) ;
#2282 = VERTEX_POINT ( 'NONE', #1409 ) ;
#2283 = ORIENTED_EDGE ( 'NONE', *, *, #2549, .F. ) ;
#2284 = ORIENTED_EDGE ( 'NONE', *, *, #1267, .F. ) ;
#2285 = FACE_OUTER_BOUND ( 'NONE', #2775, .T. ) ;
#2286 = DIRECTION ( 'NONE',  ( -0.000000000000000000, -1.000000000000000000, -0.000000000000000000 ) ) ;
#2287 = AXIS2_PLACEMENT_3D ( 'NONE', #2387, #1908, #325 ) ;
#2288 = CARTESIAN_POINT ( 'NONE',  ( -14.21172874259080920, 7.000000000000000000, -3.487085623700423298 ) ) ;
#2289 = LINE ( 'NONE', #174, #627 ) ;
#2290 = DIRECTION ( 'NONE',  ( 5.300543954373575042E-15, 0.000000000000000000, 1.000000000000000000 ) ) ;
#2291 = ORIENTED_EDGE ( 'NONE', *, *, #1735, .F. ) ;
#2292 = EDGE_CURVE ( 'NONE', #1136, #204, #107, .T. ) ;
#2293 = AXIS2_PLACEMENT_3D ( 'NONE', #1946, #2997, #1433 ) ;
#2294 = CARTESIAN_POINT ( 'NONE',  ( -9.732558681926127164, 0.000000000000000000, 8.140374693054791777 ) ) ;
#2295 = LINE ( 'NONE', #3354, #2024 ) ;
#2296 = EDGE_CURVE ( 'NONE', #1791, #851, #2900, .T. ) ;
#2297 = CYLINDRICAL_SURFACE ( 'NONE', #1431, 4.000000000000006217 ) ;
#2298 = ORIENTED_EDGE ( 'NONE', *, *, #3302, .T. ) ;
#2299 = ORIENTED_EDGE ( 'NONE', *, *, #2793, .T. ) ;
#2300 = VECTOR ( 'NONE', #1097, 1000.000000000000000 ) ;
#2301 = VECTOR ( 'NONE', #934, 1000.000000000000000 ) ;
#2302 = CARTESIAN_POINT ( 'NONE',  ( 0.000000000000000000, 7.000000000000000000, 0.000000000000000000 ) ) ;
#2303 = LINE ( 'NONE', #527, #220 ) ;
#2304 = CARTESIAN_POINT ( 'NONE',  ( -4.085959635999596884, 7.000000000000000000, 14.05126093462725656 ) ) ;
#2305 = DIRECTION ( 'NONE',  ( -0.000000000000000000, -1.000000000000000000, -0.000000000000000000 ) ) ;
#2306 = DIRECTION ( 'NONE',  ( 0.000000000000000000, 0.000000000000000000, 1.000000000000000000 ) ) ;
#2307 = ORIENTED_EDGE ( 'NONE', *, *, #3269, .T. ) ;
#2308 = EDGE_CURVE ( 'NONE', #17, #1111, #2295, .T. ) ;
#2309 = CIRCLE ( 'NONE', #3309, 5.400000000000000355 ) ;
#2310 = FACE_OUTER_BOUND ( 'NONE', #905, .T. ) ;
#2311 = EDGE_CURVE ( 'NONE', #3408, #3186, #2213, .T. ) ;
#2312 = DIRECTION ( 'NONE',  ( 0.000000000000000000, 0.000000000000000000, 1.000000000000000000 ) ) ;
#2313 = AXIS2_PLACEMENT_3D ( 'NONE', #231, #1051, #2783 ) ;
#2314 = ORIENTED_EDGE ( 'NONE', *, *, #1480, .F. ) ;
#2315 = AXIS2_PLACEMENT_3D ( 'NONE', #2007, #2544, #2281 ) ;
#2316 = DIRECTION ( 'NONE',  ( 0.000000000000000000, 0.000000000000000000, -1.000000000000000000 ) ) ;
#2317 = ADVANCED_FACE ( 'NONE', ( #610 ), #2025, .T. ) ;
#2318 = DIRECTION ( 'NONE',  ( -0.000000000000000000, -1.000000000000000000, 0.000000000000000000 ) ) ;
#2319 = ORIENTED_EDGE ( 'NONE', *, *, #2990, .F. ) ;
#2320 = ORIENTED_EDGE ( 'NONE', *, *, #1514, .F. ) ;
#2321 = VERTEX_POINT ( 'NONE', #631 ) ;
#2322 = CARTESIAN_POINT ( 'NONE',  ( 6.923259300083047130, 7.000000000000000000, -9.911436861717559665 ) ) ;
#2323 = CARTESIAN_POINT ( 'NONE',  ( -10.34497220875927326, 0.000000000000000000, 10.34497220875910806 ) ) ;
#2324 = ORIENTED_EDGE ( 'NONE', *, *, #38, .T. ) ;
#2325 = VERTEX_POINT ( 'NONE', #448 ) ;
#2326 = DIRECTION ( 'NONE',  ( 0.000000000000000000, 1.000000000000000000, -0.000000000000000000 ) ) ;
#2327 = CARTESIAN_POINT ( 'NONE',  ( -7.583467875173281136, 0.000000000000000000, 12.51495165736627335 ) ) ;
#2328 = CARTESIAN_POINT ( 'NONE',  ( -11.90392781522432664, 7.000000000000000000, -2.112960617221389725 ) ) ;
#2329 = DIRECTION ( 'NONE',  ( 0.000000000000000000, 0.000000000000000000, 1.000000000000000000 ) ) ;
#2330 = EDGE_CURVE ( 'NONE', #3408, #2040, #1156, .T. ) ;
#2331 = DIRECTION ( 'NONE',  ( -0.000000000000000000, -1.000000000000000000, -0.000000000000000000 ) ) ;
#2332 = FACE_OUTER_BOUND ( 'NONE', #2665, .T. ) ;
#2333 = CYLINDRICAL_SURFACE ( 'NONE', #1438, 5.400000000000002132 ) ;
#2334 = ADVANCED_FACE ( 'NONE', ( #2993 ), #2542, .T. ) ;
#2335 = ORIENTED_EDGE ( 'NONE', *, *, #2308, .T. ) ;
#2336 = ADVANCED_FACE ( 'NONE', ( #3270 ), #2279, .T. ) ;
#2337 = EDGE_CURVE ( 'NONE', #633, #2443, #2958, .T. ) ;
#2338 = DIRECTION ( 'NONE',  ( -0.000000000000000000, -1.000000000000000000, -0.000000000000000000 ) ) ;
#2339 = CYLINDRICAL_SURFACE ( 'NONE', #381, 5.400000000000001243 ) ;
#2340 = AXIS2_PLACEMENT_3D ( 'NONE', #345, #1406, #1893 ) ;
#2341 = EDGE_CURVE ( 'NONE', #994, #3211, #1512, .T. ) ;
#2342 = ORIENTED_EDGE ( 'NONE', *, *, #1413, .F. ) ;
#2343 = DIRECTION ( 'NONE',  ( 0.000000000000000000, 0.000000000000000000, 1.000000000000000000 ) ) ;
#2344 = DIRECTION ( 'NONE',  ( 0.000000000000000000, 0.000000000000000000, 1.000000000000000000 ) ) ;
#2345 = DIRECTION ( 'NONE',  ( -0.000000000000000000, -1.000000000000000000, -0.000000000000000000 ) ) ;
#2346 = EDGE_LOOP ( 'NONE', ( #1516, #3307, #2929, #1372 ) ) ;
#2347 = DIRECTION ( 'NONE',  ( 0.000000000000000000, 0.000000000000000000, 1.000000000000000000 ) ) ;
#2348 = DIRECTION ( 'NONE',  ( -0.000000000000000000, -1.000000000000000000, -0.000000000000000000 ) ) ;
#2349 = AXIS2_PLACEMENT_3D ( 'NONE', #2832, #2587, #1800 ) ;
#2350 = CYLINDRICAL_SURFACE ( 'NONE', #2889, 5.400000000000000355 ) ;
#2351 = ORIENTED_EDGE ( 'NONE', *, *, #791, .F. ) ;
#2352 = ORIENTED_EDGE ( 'NONE', *, *, #551, .F. ) ;
#2353 = AXIS2_PLACEMENT_3D ( 'NONE', #7, #1361, #1078 ) ;
#2354 = CARTESIAN_POINT ( 'NONE',  ( 0.000000000000000000, 2.000000000000000000, 0.000000000000000000 ) ) ;
#2355 = EDGE_CURVE ( 'NONE', #488, #2390, #941, .T. ) ;
#2356 = CARTESIAN_POINT ( 'NONE',  ( -12.51495165736625204, 0.000000000000000000, -7.583467875173321993 ) ) ;
#2357 = ORIENTED_EDGE ( 'NONE', *, *, #34, .T. ) ;
#2358 = ORIENTED_EDGE ( 'NONE', *, *, #2814, .T. ) ;
#2359 = CIRCLE ( 'NONE', #3075, 5.399999999999998579 ) ;
#2360 = EDGE_LOOP ( 'NONE', ( #3136, #798, #2563, #309 ) ) ;
#2361 = EDGE_CURVE ( 'NONE', #93, #2390, #1958, .T. ) ;
#2362 = AXIS2_PLACEMENT_3D ( 'NONE', #1920, #3222, #2442 ) ;
#2363 = CIRCLE ( 'NONE', #2792, 5.400000000000000355 ) ;
#2364 = DIRECTION ( 'NONE',  ( 0.000000000000000000, 0.000000000000000000, -1.000000000000000000 ) ) ;
#2365 = AXIS2_PLACEMENT_3D ( 'NONE', #848, #2393, #1899 ) ;
#2366 = PLANE ( 'NONE',  #486 ) ;
#2367 = VERTEX_POINT ( 'NONE', #465 ) ;
#2368 = DIRECTION ( 'NONE',  ( -0.000000000000000000, -1.000000000000000000, 0.000000000000000000 ) ) ;
#2369 = DIRECTION ( 'NONE',  ( 0.000000000000000000, 0.000000000000000000, 1.000000000000000000 ) ) ;
#2370 = ORIENTED_EDGE ( 'NONE', *, *, #2478, .F. ) ;
#2371 = DIRECTION ( 'NONE',  ( 0.000000000000000000, 0.000000000000000000, 1.000000000000000000 ) ) ;
#2372 = CYLINDRICAL_SURFACE ( 'NONE', #1665, 5.400000000000001243 ) ;
#2373 = VERTEX_POINT ( 'NONE', #3254 ) ;
#2374 = VECTOR ( 'NONE', #1003, 1000.000000000000000 ) ;
#2375 = DIRECTION ( 'NONE',  ( -0.000000000000000000, -1.000000000000000000, -0.000000000000000000 ) ) ;
#2376 = ADVANCED_FACE ( 'NONE', ( #910 ), #197, .T. ) ;
#2377 =( NAMED_UNIT ( * ) SI_UNIT ( $, .STERADIAN. ) SOLID_ANGLE_UNIT ( ) );
#2378 = VERTEX_POINT ( 'NONE', #1706 ) ;
#2379 = CARTESIAN_POINT ( 'NONE',  ( -7.046532124826661914, 0.000000000000000000, -12.82495165736643372 ) ) ;
#2380 = DIRECTION ( 'NONE',  ( 0.000000000000000000, 0.000000000000000000, 1.000000000000000000 ) ) ;
#2381 = ORIENTED_EDGE ( 'NONE', *, *, #3167, .F. ) ;
#2382 = EDGE_CURVE ( 'NONE', #2616, #1408, #1205, .T. ) ;
#2383 = VERTEX_POINT ( 'NONE', #2474 ) ;
#2384 = CARTESIAN_POINT ( 'NONE',  ( 30.75000000000000000, 0.000000000000000000, 0.000000000000000000 ) ) ;
#2385 = DIRECTION ( 'NONE',  ( -0.000000000000000000, -1.000000000000000000, -0.000000000000000000 ) ) ;
#2386 = EDGE_CURVE ( 'NONE', #605, #5, #1074, .T. ) ;
#2387 = CARTESIAN_POINT ( 'NONE',  ( -4.358455715843323475, 0.000000000000000000, -11.91605062147249861 ) ) ;
#2388 = CYLINDRICAL_SURFACE ( 'NONE', #3225, 12.08999999999999986 ) ;
#2389 = DIRECTION ( 'NONE',  ( -0.000000000000000000, -1.000000000000000000, -0.000000000000000000 ) ) ;
#2390 = VERTEX_POINT ( 'NONE', #250 ) ;
#2391 = ORIENTED_EDGE ( 'NONE', *, *, #2844, .T. ) ;
#2392 = CIRCLE ( 'NONE', #2340, 5.399999999999998579 ) ;
#2393 = DIRECTION ( 'NONE',  ( 5.595882180570345771E-15, 0.000000000000000000, -1.000000000000000000 ) ) ;
#2394 = CARTESIAN_POINT ( 'NONE',  ( 30.75000000000000000, 7.000000000000000000, 1.750000000000003553 ) ) ;
#2395 = ORIENTED_EDGE ( 'NONE', *, *, #2118, .F. ) ;
#2396 = DIRECTION ( 'NONE',  ( 0.000000000000000000, 0.000000000000000000, 1.000000000000000000 ) ) ;
#2397 = DIRECTION ( 'NONE',  ( 0.000000000000000000, 0.000000000000000000, -1.000000000000000000 ) ) ;
#2398 = AXIS2_PLACEMENT_3D ( 'NONE', #117, #676, #1734 ) ;
#2399 = DIRECTION ( 'NONE',  ( -0.000000000000000000, -1.000000000000000000, -0.000000000000000000 ) ) ;
#2400 = EDGE_CURVE ( 'NONE', #1614, #2444, #1423, .T. ) ;
#2401 = AXIS2_PLACEMENT_3D ( 'NONE', #1452, #669, #1692 ) ;
#2402 = ORIENTED_EDGE ( 'NONE', *, *, #3220, .F. ) ;
#2403 = ORIENTED_EDGE ( 'NONE', *, *, #1345, .F. ) ;
#2404 = DIRECTION ( 'NONE',  ( 0.000000000000000000, 0.000000000000000000, 1.000000000000000000 ) ) ;
#2405 = CARTESIAN_POINT ( 'NONE',  ( 0.000000000000000000, 0.000000000000000000, 0.000000000000000000 ) ) ;
#2406 = EDGE_LOOP ( 'NONE', ( #183, #1053, #1435, #814 ) ) ;
#2407 = ORIENTED_EDGE ( 'NONE', *, *, #1072, .T. ) ;
#2408 = CARTESIAN_POINT ( 'NONE',  ( -9.252623584189915817, 0.000000000000000000, 7.781841479321752075 ) ) ;
#2409 = LINE ( 'NONE', #3240, #555 ) ;
#2410 = AXIS2_PLACEMENT_3D ( 'NONE', #340, #1389, #2430 ) ;
#2411 = ORIENTED_EDGE ( 'NONE', *, *, #2028, .F. ) ;
#2412 = EDGE_LOOP ( 'NONE', ( #2251, #2719, #2630, #3300 ) ) ;
#2413 = AXIS2_PLACEMENT_3D ( 'NONE', #2945, #1919, #2701 ) ;
#2414 = CARTESIAN_POINT ( 'NONE',  ( 0.000000000000000000, 0.000000000000000000, 0.000000000000000000 ) ) ;
#2415 = AXIS2_PLACEMENT_3D ( 'NONE', #2271, #95, #3326 ) ;
#2416 = LINE ( 'NONE', #854, #81 ) ;
#2417 = EDGE_CURVE ( 'NONE', #2181, #119, #3067, .T. ) ;
#2418 = ORIENTED_EDGE ( 'NONE', *, *, #3049, .F. ) ;
#2419 = CARTESIAN_POINT ( 'NONE',  ( 30.75000000000000000, 7.000000000000000000, 1.750000000000003553 ) ) ;
#2420 = EDGE_CURVE ( 'NONE', #153, #2994, #533, .T. ) ;
#2421 = DIRECTION ( 'NONE',  ( 0.000000000000000000, 0.000000000000000000, -1.000000000000000000 ) ) ;
#2422 = DIRECTION ( 'NONE',  ( -3.533695969582383887E-15, 0.000000000000000000, 1.000000000000000000 ) ) ;
#2423 = LINE ( 'NONE', #3204, #785 ) ;
#2424 = AXIS2_PLACEMENT_3D ( 'NONE', #477, #3371, #1494 ) ;
#2425 = EDGE_CURVE ( 'NONE', #1054, #2013, #3422, .T. ) ;
#2426 = ORIENTED_EDGE ( 'NONE', *, *, #279, .F. ) ;
#2427 = LINE ( 'NONE', #3417, #3138 ) ;
#2428 = PLANE ( 'NONE',  #3243 ) ;
#2429 = ORIENTED_EDGE ( 'NONE', *, *, #1982, .F. ) ;
#2430 = DIRECTION ( 'NONE',  ( 0.000000000000000000, 0.000000000000000000, -1.000000000000000000 ) ) ;
#2431 = DIRECTION ( 'NONE',  ( 0.000000000000000000, 1.000000000000000000, -0.000000000000000000 ) ) ;
#2432 = EDGE_CURVE ( 'NONE', #3142, #1866, #1589, .T. ) ;
#2433 = CARTESIAN_POINT ( 'NONE',  ( 1.125844095427367408, 7.000000000000000000, 12.63807238914439068 ) ) ;
#2434 = ORIENTED_EDGE ( 'NONE', *, *, #68, .F. ) ;
#2435 = CARTESIAN_POINT ( 'NONE',  ( -12.49883040889816854, 7.000000000000000000, -2.183491939546586824 ) ) ;
#2436 = DIRECTION ( 'NONE',  ( 0.000000000000000000, 0.000000000000000000, -1.000000000000000000 ) ) ;
#2437 = EDGE_LOOP ( 'NONE', ( #1587, #1626, #2932, #1395 ) ) ;
#2438 = VERTEX_POINT ( 'NONE', #3148 ) ;
#2439 = EDGE_CURVE ( 'NONE', #2752, #958, #482, .T. ) ;
#2440 = DIRECTION ( 'NONE',  ( 0.000000000000000000, 1.000000000000000000, -0.000000000000000000 ) ) ;
#2441 = ADVANCED_FACE ( 'NONE', ( #795 ), #2865, .T. ) ;
#2442 = DIRECTION ( 'NONE',  ( 0.000000000000000000, 0.000000000000000000, 1.000000000000000000 ) ) ;
#2443 = VERTEX_POINT ( 'NONE', #14 ) ;
#2444 = VERTEX_POINT ( 'NONE', #3163 ) ;
#2445 = CARTESIAN_POINT ( 'NONE',  ( 12.49883040889818453, 7.000000000000000000, 2.183491939546498006 ) ) ;
#2446 = DIRECTION ( 'NONE',  ( 9.637352644315590806E-16, 0.000000000000000000, 1.000000000000000000 ) ) ;
#2447 = DIRECTION ( 'NONE',  ( 0.2588190451025129679, 0.000000000000000000, 0.9659258262890703106 ) ) ;
#2448 = ORIENTED_EDGE ( 'NONE', *, *, #1130, .T. ) ;
#2449 = DIRECTION ( 'NONE',  ( 0.000000000000000000, 0.000000000000000000, 1.000000000000000000 ) ) ;
#2450 = VECTOR ( 'NONE', #1812, 1000.000000000000000 ) ;
#2451 = CIRCLE ( 'NONE', #2620, 5.400000000000001243 ) ;
#2452 = AXIS2_PLACEMENT_3D ( 'NONE', #694, #1968, #712 ) ;
#2453 = DIRECTION ( 'NONE',  ( 0.000000000000000000, 0.000000000000000000, -1.000000000000000000 ) ) ;
#2454 = CIRCLE ( 'NONE', #2349, 12.08999999999999986 ) ;
#2455 = EDGE_LOOP ( 'NONE', ( #1627, #2909, #3303, #3332 ) ) ;
#2456 = ORIENTED_EDGE ( 'NONE', *, *, #412, .T. ) ;
#2457 = PRODUCT ( 'Full Gear', 'Full Gear', '', ( #146 ) ) ;
#2458 = EDGE_CURVE ( 'NONE', #832, #572, #266, .T. ) ;
#2459 = AXIS2_PLACEMENT_3D ( 'NONE', #1254, #1396, #1428 ) ;
#2460 = CARTESIAN_POINT ( 'NONE',  ( -9.252623584189755945, 7.000000000000000000, -7.781841479321944810 ) ) ;
#2461 = CARTESIAN_POINT ( 'NONE',  ( 4.358455715843323475, 7.000000000000000000, -11.91605062147249861 ) ) ;
#2462 = AXIS2_PLACEMENT_3D ( 'NONE', #1590, #875, #2112 ) ;
#2463 = EDGE_CURVE ( 'NONE', #5, #1929, #781, .T. ) ;
#2464 = CARTESIAN_POINT ( 'NONE',  ( -4.358455715843406963, 7.000000000000000000, 11.91605062147246841 ) ) ;
#2465 = DIRECTION ( 'NONE',  ( -0.000000000000000000, -1.000000000000000000, 0.000000000000000000 ) ) ;
#2466 = FACE_OUTER_BOUND ( 'NONE', #2133, .T. ) ;
#2467 = LINE ( 'NONE', #2207, #3197 ) ;
#2468 = DIRECTION ( 'NONE',  ( -0.000000000000000000, -1.000000000000000000, 0.000000000000000000 ) ) ;
#2469 = VERTEX_POINT ( 'NONE', #821 ) ;
#2470 = AXIS2_PLACEMENT_3D ( 'NONE', #13, #357, #2169 ) ;
#2471 = AXIS2_PLACEMENT_3D ( 'NONE', #3141, #1062, #782 ) ;
#2472 = LINE ( 'NONE', #1497, #1954 ) ;
#2473 = ORIENTED_EDGE ( 'NONE', *, *, #2552, .T. ) ;
#2474 = CARTESIAN_POINT ( 'NONE',  ( 9.911436861717534796, 7.000000000000000000, 6.923259300083081769 ) ) ;
#2475 = DIRECTION ( 'NONE',  ( -0.000000000000000000, -1.000000000000000000, -0.000000000000000000 ) ) ;
#2476 = ORIENTED_EDGE ( 'NONE', *, *, #3105, .F. ) ;
#2477 = ORIENTED_EDGE ( 'NONE', *, *, #1292, .F. ) ;
#2478 = EDGE_CURVE ( 'NONE', #2994, #586, #2843, .T. ) ;
#2479 = EDGE_CURVE ( 'NONE', #1211, #194, #3288, .T. ) ;
#2480 = CARTESIAN_POINT ( 'NONE',  ( 0.3099999999998978018, 7.000000000000000000, 14.63000000000000256 ) ) ;
#2481 = CIRCLE ( 'NONE', #346, 12.08999999999999986 ) ;
#2482 = DIRECTION ( 'NONE',  ( -0.000000000000000000, -1.000000000000000000, -0.000000000000000000 ) ) ;
#2483 = AXIS2_PLACEMENT_3D ( 'NONE', #2405, #352, #1178 ) ;
#2484 = CARTESIAN_POINT ( 'NONE',  ( -9.732558681926127164, 7.000000000000000000, 8.140374693054791777 ) ) ;
#2485 = CARTESIAN_POINT ( 'NONE',  ( 30.75000000000000000, 7.000000000000000000, 0.000000000000000000 ) ) ;
#2486 = DIRECTION ( 'NONE',  ( 0.000000000000000000, 1.000000000000000000, -0.000000000000000000 ) ) ;
#2487 = EDGE_CURVE ( 'NONE', #704, #437, #1579, .T. ) ;
#2488 = ADVANCED_FACE ( 'NONE', ( #1602 ), #771, .T. ) ;
#2489 = DIRECTION ( 'NONE',  ( 1.000000000000000000, -0.000000000000000000, 1.119176436114069154E-14 ) ) ;
#2490 = EDGE_CURVE ( 'NONE', #859, #2601, #1841, .T. ) ;
#2491 = ORIENTED_EDGE ( 'NONE', *, *, #2908, .T. ) ;
#2492 = DIRECTION ( 'NONE',  ( 0.000000000000000000, 0.000000000000000000, 1.000000000000000000 ) ) ;
#2493 = DIRECTION ( 'NONE',  ( 0.000000000000000000, 0.000000000000000000, -1.000000000000000000 ) ) ;
#2494 = ORIENTED_EDGE ( 'NONE', *, *, #2158, .F. ) ;
#2495 = ORIENTED_EDGE ( 'NONE', *, *, #1210, .T. ) ;
#2496 = DIRECTION ( 'NONE',  ( 0.000000000000000000, 0.000000000000000000, 1.000000000000000000 ) ) ;
#2497 = CARTESIAN_POINT ( 'NONE',  ( 7.781841479321847110, 0.000000000000000000, -9.252623584189835881 ) ) ;
#2498 = CARTESIAN_POINT ( 'NONE',  ( 0.3099999999998978018, 7.000000000000000000, 14.63000000000000256 ) ) ;
#2499 = DIRECTION ( 'NONE',  ( -0.5000000000000084377, 0.000000000000000000, 0.8660254037844338226 ) ) ;
#2500 = DIRECTION ( 'NONE',  ( 0.000000000000000000, 0.000000000000000000, 1.000000000000000000 ) ) ;
#2501 = ORIENTED_EDGE ( 'NONE', *, *, #3352, .F. ) ;
#2502 = CYLINDRICAL_SURFACE ( 'NONE', #21, 12.08999999999999986 ) ;
#2503 = EDGE_CURVE ( 'NONE', #599, #586, #2677, .T. ) ;
#2504 = ORIENTED_EDGE ( 'NONE', *, *, #2061, .F. ) ;
#2505 = EDGE_CURVE ( 'NONE', #374, #204, #1476, .T. ) ;
#2506 = VECTOR ( 'NONE', #1683, 1000.000000000000000 ) ;
#2507 = FACE_OUTER_BOUND ( 'NONE', #2738, .T. ) ;
#2508 = FACE_BOUND ( 'NONE', #1442, .T. ) ;
#2509 = EDGE_LOOP ( 'NONE', ( #2299, #275, #881, #2654 ) ) ;
#2510 = EDGE_LOOP ( 'NONE', ( #1637, #3289, #728, #869 ) ) ;
#2511 = ORIENTED_EDGE ( 'NONE', *, *, #1306, .T. ) ;
#2512 = CARTESIAN_POINT ( 'NONE',  ( 7.314999999999946212, 0.000000000000000000, 12.66995165736636864 ) ) ;
#2513 = VECTOR ( 'NONE', #3239, 1000.000000000000000 ) ;
#2514 = DIRECTION ( 'NONE',  ( -0.000000000000000000, -1.000000000000000000, -0.000000000000000000 ) ) ;
#2515 = EDGE_LOOP ( 'NONE', ( #508, #1103, #1193, #1535 ) ) ;
#2516 = CARTESIAN_POINT ( 'NONE',  ( -0.3100000000001021938, 7.000000000000000000, 14.62999999999999901 ) ) ;
#2517 = CARTESIAN_POINT ( 'NONE',  ( 7.046532124826839549, 7.000000000000000000, -12.82495165736633069 ) ) ;
#2518 = CARTESIAN_POINT ( 'NONE',  ( 0.000000000000000000, 0.000000000000000000, 0.000000000000000000 ) ) ;
#2519 = VECTOR ( 'NONE', #2286, 1000.000000000000000 ) ;
#2520 = ORIENTED_EDGE ( 'NONE', *, *, #1033, .F. ) ;
#2521 = CARTESIAN_POINT ( 'NONE',  ( 11.50781379157947093, 7.000000000000000000, -5.344026607231275428 ) ) ;
#2522 = EDGE_CURVE ( 'NONE', #1387, #1866, #2628, .T. ) ;
#2523 = AXIS2_PLACEMENT_3D ( 'NONE', #2464, #3261, #2536 ) ;
#2524 = VECTOR ( 'NONE', #2514, 1000.000000000000000 ) ;
#2525 = AXIS2_PLACEMENT_3D ( 'NONE', #990, #143, #3078 ) ;
#2526 = DIRECTION ( 'NONE',  ( 0.000000000000000000, 1.000000000000000000, -0.000000000000000000 ) ) ;
#2527 = CIRCLE ( 'NONE', #796, 5.400000000000000355 ) ;
#2528 = DIRECTION ( 'NONE',  ( 0.000000000000000000, 0.000000000000000000, 1.000000000000000000 ) ) ;
#2529 = EDGE_CURVE ( 'NONE', #2373, #2994, #2451, .T. ) ;
#2530 = VERTEX_POINT ( 'NONE', #885 ) ;
#2531 = EDGE_LOOP ( 'NONE', ( #1070, #3351, #1760, #2491 ) ) ;
#2532 = ORIENTED_EDGE ( 'NONE', *, *, #2425, .T. ) ;
#2533 = EDGE_CURVE ( 'NONE', #2530, #1742, #1621, .T. ) ;
#2534 = DIRECTION ( 'NONE',  ( 0.7071067811865417996, 0.000000000000000000, 0.7071067811865531239 ) ) ;
#2535 = CYLINDRICAL_SURFACE ( 'NONE', #1821, 12.08999999999999986 ) ;
#2536 = DIRECTION ( 'NONE',  ( 0.000000000000000000, 0.000000000000000000, 1.000000000000000000 ) ) ;
#2537 = UNCERTAINTY_MEASURE_WITH_UNIT (LENGTH_MEASURE( 1.000000000000000082E-05 ), #1347, 'distance_accuracy_value', 'NONE');
#2538 = CARTESIAN_POINT ( 'NONE',  ( 7.294045781913019333, 0.000000000000000000, 10.38196969615204779 ) ) ;
#2539 = CARTESIAN_POINT ( 'NONE',  ( 2.143131898507868297E-16, 0.000000000000000000, 1.750000000000000000 ) ) ;
#2540 = ORIENTED_EDGE ( 'NONE', *, *, #2552, .F. ) ;
#2541 = CARTESIAN_POINT ( 'NONE',  ( -12.49883040889821828, 7.000000000000000000, 2.183491939546325256 ) ) ;
#2542 = CYLINDRICAL_SURFACE ( 'NONE', #1758, 5.400000000000002132 ) ;
#2543 = CARTESIAN_POINT ( 'NONE',  ( 0.000000000000000000, 7.000000000000000000, 0.000000000000000000 ) ) ;
#2544 = DIRECTION ( 'NONE',  ( -0.000000000000000000, -1.000000000000000000, -0.000000000000000000 ) ) ;
#2545 = EDGE_LOOP ( 'NONE', ( #2473, #1783, #619, #2357 ) ) ;
#2546 = VERTEX_POINT ( 'NONE', #1681 ) ;
#2547 = ORIENTED_EDGE ( 'NONE', *, *, #1514, .T. ) ;
#2548 = DIRECTION ( 'NONE',  ( -0.000000000000000000, -1.000000000000000000, -0.000000000000000000 ) ) ;
#2549 = EDGE_CURVE ( 'NONE', #3294, #1870, #984, .T. ) ;
#2550 = DIRECTION ( 'NONE',  ( 0.000000000000000000, 0.000000000000000000, -1.000000000000000000 ) ) ;
#2551 = EDGE_LOOP ( 'NONE', ( #2335, #1598, #554, #2757 ) ) ;
#2552 = EDGE_CURVE ( 'NONE', #572, #3047, #1412, .T. ) ;
#2553 = CARTESIAN_POINT ( 'NONE',  ( 0.000000000000000000, 0.000000000000000000, 0.000000000000000000 ) ) ;
#2554 = CARTESIAN_POINT ( 'NONE',  ( -14.21172874259080920, 0.000000000000000000, -3.487085623700423298 ) ) ;
#2555 = DIRECTION ( 'NONE',  ( 0.000000000000000000, 0.000000000000000000, -1.000000000000000000 ) ) ;
#2556 = ORIENTED_EDGE ( 'NONE', *, *, #760, .T. ) ;
#2557 = CARTESIAN_POINT ( 'NONE',  ( -12.04518576029443189, 7.000000000000000000, -1.040000000000123936 ) ) ;
#2558 = DIRECTION ( 'NONE',  ( 0.000000000000000000, 1.000000000000000000, -0.000000000000000000 ) ) ;
#2559 = CARTESIAN_POINT ( 'NONE',  ( -12.04518576029445143, 7.000000000000000000, 1.039999999999871916 ) ) ;
#2560 = EDGE_CURVE ( 'NONE', #850, #292, #2891, .T. ) ;
#2561 = LINE ( 'NONE', #991, #2263 ) ;
#2562 = EDGE_LOOP ( 'NONE', ( #685, #1696, #167, #1426 ) ) ;
#2563 = ORIENTED_EDGE ( 'NONE', *, *, #786, .F. ) ;
#2564 = ORIENTED_EDGE ( 'NONE', *, *, #1106, .T. ) ;
#2565 = LINE ( 'NONE', #168, #3008 ) ;
#2566 = EDGE_CURVE ( 'NONE', #3062, #466, #2416, .T. ) ;
#2567 = LINE ( 'NONE', #256, #378 ) ;
#2568 = CIRCLE ( 'NONE', #1747, 5.400000000000002132 ) ;
#2569 = ORIENTED_EDGE ( 'NONE', *, *, #365, .F. ) ;
#2570 = AXIS2_PLACEMENT_3D ( 'NONE', #1495, #2276, #100 ) ;
#2571 = EDGE_CURVE ( 'NONE', #703, #1671, #50, .T. ) ;
#2572 = AXIS2_PLACEMENT_3D ( 'NONE', #978, #997, #2010 ) ;
#2573 = DIRECTION ( 'NONE',  ( 0.000000000000000000, 1.000000000000000000, -0.000000000000000000 ) ) ;
#2574 = DIRECTION ( 'NONE',  ( -0.000000000000000000, -1.000000000000000000, 0.000000000000000000 ) ) ;
#2575 = CYLINDRICAL_SURFACE ( 'NONE', #428, 3.500000000000000000 ) ;
#2576 = EDGE_LOOP ( 'NONE', ( #516, #1748, #2903, #1399 ) ) ;
#2577 = VECTOR ( 'NONE', #3334, 1000.000000000000000 ) ;
#2578 = DIRECTION ( 'NONE',  ( -0.000000000000000000, -1.000000000000000000, -0.000000000000000000 ) ) ;
#2579 = DIRECTION ( 'NONE',  ( -0.000000000000000000, -1.000000000000000000, -0.000000000000000000 ) ) ;
#2580 = PRODUCT_DEFINITION_FORMATION_WITH_SPECIFIED_SOURCE ( 'ANY', '', #2457, .NOT_KNOWN. ) ;
#2581 = ORIENTED_EDGE ( 'NONE', *, *, #1171, .T. ) ;
#2582 = CARTESIAN_POINT ( 'NONE',  ( -5.344026607231397108, 7.000000000000000000, 11.50781379157941409 ) ) ;
#2583 = FACE_OUTER_BOUND ( 'NONE', #1129, .T. ) ;
#2584 = VERTEX_POINT ( 'NONE', #1155 ) ;
#2585 = ORIENTED_EDGE ( 'NONE', *, *, #2666, .T. ) ;
#2586 = VECTOR ( 'NONE', #2000, 1000.000000000000114 ) ;
#2587 = DIRECTION ( 'NONE',  ( 0.000000000000000000, 1.000000000000000000, -0.000000000000000000 ) ) ;
#2588 = DIRECTION ( 'NONE',  ( 5.300543954373575042E-15, 0.000000000000000000, 1.000000000000000000 ) ) ;
#2589 = ORIENTED_EDGE ( 'NONE', *, *, #3208, .F. ) ;
#2590 = ORIENTED_EDGE ( 'NONE', *, *, #2533, .T. ) ;
#2591 = ADVANCED_FACE ( 'NONE', ( #1422 ), #1938, .F. ) ;
#2592 = CARTESIAN_POINT ( 'NONE',  ( 10.34497220875914891, 7.000000000000000000, 10.34497220875923240 ) ) ;
#2593 = FACE_OUTER_BOUND ( 'NONE', #1724, .T. ) ;
#2594 = DIRECTION ( 'NONE',  ( -0.000000000000000000, -1.000000000000000000, -0.000000000000000000 ) ) ;
#2595 = ADVANCED_FACE ( 'NONE', ( #2466 ), #3247, .F. ) ;
#2596 = CARTESIAN_POINT ( 'NONE',  ( -7.046532124826661914, 7.000000000000000000, -12.82495165736643372 ) ) ;
#2597 = DIRECTION ( 'NONE',  ( 0.000000000000000000, 0.000000000000000000, 1.000000000000000000 ) ) ;
#2598 = AXIS2_PLACEMENT_3D ( 'NONE', #1302, #2085, #1035 ) ;
#2599 = DIRECTION ( 'NONE',  ( -0.000000000000000000, -1.000000000000000000, -0.000000000000000000 ) ) ;
#2600 = EDGE_CURVE ( 'NONE', #537, #2936, #83, .T. ) ;
#2601 = VERTEX_POINT ( 'NONE', #2660 ) ;
#2602 = ORIENTED_EDGE ( 'NONE', *, *, #217, .T. ) ;
#2603 = DIRECTION ( 'NONE',  ( -0.000000000000000000, -1.000000000000000000, 0.000000000000000000 ) ) ;
#2604 = DIRECTION ( 'NONE',  ( 0.000000000000000000, 0.000000000000000000, -1.000000000000000000 ) ) ;
#2605 = CARTESIAN_POINT ( 'NONE',  ( -12.82495165736640885, 7.000000000000000000, 7.046532124826705434 ) ) ;
#2606 = DIRECTION ( 'NONE',  ( 0.000000000000000000, 1.000000000000000000, -0.000000000000000000 ) ) ;
#2607 = DIRECTION ( 'NONE',  ( 0.000000000000000000, 0.000000000000000000, -1.000000000000000000 ) ) ;
#2608 = VECTOR ( 'NONE', #2578, 1000.000000000000000 ) ;
#2609 = DIRECTION ( 'NONE',  ( 0.000000000000000000, 0.000000000000000000, 1.000000000000000000 ) ) ;
#2610 = DIRECTION ( 'NONE',  ( -0.000000000000000000, -1.000000000000000000, 0.000000000000000000 ) ) ;
#2611 = EDGE_CURVE ( 'NONE', #433, #1870, #1905, .T. ) ;
#2612 = CARTESIAN_POINT ( 'NONE',  ( 9.911436861717582758, 7.000000000000000000, -6.923259300083013379 ) ) ;
#2613 = DIRECTION ( 'NONE',  ( -0.000000000000000000, -1.000000000000000000, -0.000000000000000000 ) ) ;
#2614 = CARTESIAN_POINT ( 'NONE',  ( 7.046532124826749843, 0.000000000000000000, 12.82495165736637865 ) ) ;
#2615 = DIRECTION ( 'NONE',  ( 0.000000000000000000, 1.000000000000000000, -0.000000000000000000 ) ) ;
#2616 = VERTEX_POINT ( 'NONE', #1117 ) ;
#2617 = EDGE_LOOP ( 'NONE', ( #1402, #1015, #1667, #338 ) ) ;
#2618 = VECTOR ( 'NONE', #505, 1000.000000000000000 ) ;
#2619 = LINE ( 'NONE', #3089, #896 ) ;
#2620 = AXIS2_PLACEMENT_3D ( 'NONE', #1325, #3181, #568 ) ;
#2621 = DIRECTION ( 'NONE',  ( -0.000000000000000000, -1.000000000000000000, 0.000000000000000000 ) ) ;
#2622 = ORIENTED_EDGE ( 'NONE', *, *, #1786, .F. ) ;
#2623 = VECTOR ( 'NONE', #2806, 1000.000000000000000 ) ;
#2624 = CARTESIAN_POINT ( 'NONE',  ( -10.38196969615207266, 7.000000000000000000, 7.294045781912984694 ) ) ;
#2625 = DIRECTION ( 'NONE',  ( 0.000000000000000000, 0.000000000000000000, 1.000000000000000000 ) ) ;
#2626 = VECTOR ( 'NONE', #3291, 1000.000000000000000 ) ;
#2627 = ADVANCED_FACE ( 'NONE', ( #2170 ), #2918, .T. ) ;
#2628 = CIRCLE ( 'NONE', #3060, 5.400000000000002132 ) ;
#2629 = LINE ( 'NONE', #1581, #714 ) ;
#2630 = ORIENTED_EDGE ( 'NONE', *, *, #970, .T. ) ;
#2631 = EDGE_CURVE ( 'NONE', #3173, #2842, #31, .T. ) ;
#2632 = CARTESIAN_POINT ( 'NONE',  ( -7.046532124826931032, 7.000000000000000000, 12.82495165736627918 ) ) ;
#2633 = ORIENTED_EDGE ( 'NONE', *, *, #1472, .F. ) ;
#2634 = VECTOR ( 'NONE', #2257, 1000.000000000000000 ) ;
#2635 = ORIENTED_EDGE ( 'NONE', *, *, #2571, .F. ) ;
#2636 = CIRCLE ( 'NONE', #1546, 5.400000000000000355 ) ;
#2637 = CIRCLE ( 'NONE', #274, 5.400000000000001243 ) ;
#2638 = DIRECTION ( 'NONE',  ( -0.8660254037844438146, 0.000000000000000000, 0.4999999999999909517 ) ) ;
#2639 = VECTOR ( 'NONE', #1573, 1000.000000000000000 ) ;
#2640 = ADVANCED_FACE ( 'NONE', ( #2140 ), #1892, .F. ) ;
#2641 = CARTESIAN_POINT ( 'NONE',  ( -11.50781379157950646, 0.000000000000000000, 5.344026607231195491 ) ) ;
#2642 = ORIENTED_EDGE ( 'NONE', *, *, #827, .F. ) ;
#2643 = ORIENTED_EDGE ( 'NONE', *, *, #1781, .T. ) ;
#2644 = CARTESIAN_POINT ( 'NONE',  ( -0.3099999999999999978, 7.000000000000000000, -14.63000000000000078 ) ) ;
#2645 = AXIS2_PLACEMENT_3D ( 'NONE', #1456, #3020, #2716 ) ;
#2646 = DIRECTION ( 'NONE',  ( 0.000000000000000000, 0.000000000000000000, 1.000000000000000000 ) ) ;
#2647 = ORIENTED_EDGE ( 'NONE', *, *, #1552, .T. ) ;
#2648 = DIRECTION ( 'NONE',  ( -0.000000000000000000, -1.000000000000000000, -0.000000000000000000 ) ) ;
#2649 = VERTEX_POINT ( 'NONE', #2672 ) ;
#2650 = VECTOR ( 'NONE', #3091, 1000.000000000000000 ) ;
#2651 = CARTESIAN_POINT ( 'NONE',  ( 7.294045781913092164, 7.000000000000000000, -10.38196969615199272 ) ) ;
#2652 = FILL_AREA_STYLE ('',( #20 ) ) ;
#2653 = ORIENTED_EDGE ( 'NONE', *, *, #920, .T. ) ;
#2654 = ORIENTED_EDGE ( 'NONE', *, *, #2571, .T. ) ;
#2655 = CARTESIAN_POINT ( 'NONE',  ( 7.294045781913019333, 7.000000000000000000, 10.38196969615204779 ) ) ;
#2656 = CARTESIAN_POINT ( 'NONE',  ( 12.49883040889819874, 0.000000000000000000, -2.183491939546412297 ) ) ;
#2657 = ORIENTED_EDGE ( 'NONE', *, *, #2267, .T. ) ;
#2658 = ADVANCED_FACE ( 'NONE', ( #320 ), #3213, .T. ) ;
#2659 = LINE ( 'NONE', #1922, #2300 ) ;
#2660 = CARTESIAN_POINT ( 'NONE',  ( 0.3099999999999999978, 0.000000000000000000, -14.63000000000000078 ) ) ;
#2661 = LINE ( 'NONE', #2419, #2506 ) ;
#2662 = EDGE_LOOP ( 'NONE', ( #271, #2319, #2403, #837 ) ) ;
#2663 = CYLINDRICAL_SURFACE ( 'NONE', #1647, 5.400000000000000355 ) ;
#2664 = ORIENTED_EDGE ( 'NONE', *, *, #427, .T. ) ;
#2665 = EDGE_LOOP ( 'NONE', ( #687, #2815, #452, #313 ) ) ;
#2666 = EDGE_CURVE ( 'NONE', #1798, #890, #1531, .T. ) ;
#2667 = CYLINDRICAL_SURFACE ( 'NONE', #1823, 5.400000000000000355 ) ;
#2668 = CARTESIAN_POINT ( 'NONE',  ( -7.046532124826931032, 0.000000000000000000, 12.82495165736627918 ) ) ;
#2669 = ORIENTED_EDGE ( 'NONE', *, *, #2987, .T. ) ;
#2670 = DIRECTION ( 'NONE',  ( -0.000000000000000000, -1.000000000000000000, 0.000000000000000000 ) ) ;
#2671 = LINE ( 'NONE', #2517, #680 ) ;
#2672 = CARTESIAN_POINT ( 'NONE',  ( 10.56417531092696649, 0.000000000000000000, 10.12576910659141838 ) ) ;
#2673 = ORIENTED_EDGE ( 'NONE', *, *, #303, .F. ) ;
#2674 = AXIS2_PLACEMENT_3D ( 'NONE', #408, #2486, #3041 ) ;
#2675 = CARTESIAN_POINT ( 'NONE',  ( 2.143131898507868297E-16, 2.000000000000000000, 1.750000000000000000 ) ) ;
#2676 = CIRCLE ( 'NONE', #1755, 12.08999999999999986 ) ;
#2677 = CIRCLE ( 'NONE', #721, 5.400000000000001243 ) ;
#2678 = CYLINDRICAL_SURFACE ( 'NONE', #322, 5.400000000000000355 ) ;
#2679 = CARTESIAN_POINT ( 'NONE',  ( 1.039999999999998925, 7.000000000000000000, -12.04518576029444432 ) ) ;
#2680 = SURFACE_STYLE_USAGE ( .BOTH. , #1914 ) ;
#2681 = ORIENTED_EDGE ( 'NONE', *, *, #2954, .T. ) ;
#2682 = CARTESIAN_POINT ( 'NONE',  ( -11.91605062147254479, 7.000000000000000000, 4.358455715843199130 ) ) ;
#2683 = DIRECTION ( 'NONE',  ( 0.000000000000000000, 0.000000000000000000, 1.000000000000000000 ) ) ;
#2684 = VERTEX_POINT ( 'NONE', #3227 ) ;
#2685 = AXIS2_PLACEMENT_3D ( 'NONE', #2445, #548, #2154 ) ;
#2686 = ORIENTED_EDGE ( 'NONE', *, *, #1380, .F. ) ;
#2687 = ORIENTED_EDGE ( 'NONE', *, *, #3248, .F. ) ;
#2688 = CIRCLE ( 'NONE', #3137, 12.08999999999999986 ) ;
#2689 = EDGE_CURVE ( 'NONE', #1934, #2261, #2955, .T. ) ;
#2690 = CARTESIAN_POINT ( 'NONE',  ( -11.36558420141106218, 7.000000000000000000, -4.122086335902642062 ) ) ;
#2691 = DIRECTION ( 'NONE',  ( -0.000000000000000000, -1.000000000000000000, -0.000000000000000000 ) ) ;
#2692 = ORIENTED_EDGE ( 'NONE', *, *, #1165, .F. ) ;
#2693 = CARTESIAN_POINT ( 'NONE',  ( 0.000000000000000000, 0.000000000000000000, 0.000000000000000000 ) ) ;
#2694 = EDGE_CURVE ( 'NONE', #2469, #1194, #935, .T. ) ;
#2695 = VERTEX_POINT ( 'NONE', #1699 ) ;
#2696 = CIRCLE ( 'NONE', #1064, 12.08999999999999986 ) ;
#2697 = EDGE_CURVE ( 'NONE', #1744, #1671, #1582, .T. ) ;
#2698 = DIRECTION ( 'NONE',  ( 0.000000000000000000, 0.000000000000000000, 1.000000000000000000 ) ) ;
#2699 = ORIENTED_EDGE ( 'NONE', *, *, #3393, .T. ) ;
#2700 = EDGE_LOOP ( 'NONE', ( #3273, #576, #2088, #3056 ) ) ;
#2701 = DIRECTION ( 'NONE',  ( 0.000000000000000000, 0.000000000000000000, 1.000000000000000000 ) ) ;
#2702 = CARTESIAN_POINT ( 'NONE',  ( -12.51495165736641546, 7.000000000000000000, 7.583467875173060868 ) ) ;
#2703 = EDGE_LOOP ( 'NONE', ( #2104, #1477, #171, #1272 ) ) ;
#2704 = DIRECTION ( 'NONE',  ( 0.000000000000000000, 0.000000000000000000, 1.000000000000000000 ) ) ;
#2705 = CARTESIAN_POINT ( 'NONE',  ( -10.34497220875927326, 7.000000000000000000, 10.34497220875910806 ) ) ;
#2706 = CARTESIAN_POINT ( 'NONE',  ( -2.112960617221101511, 7.000000000000000000, -11.90392781522437815 ) ) ;
#2707 = VERTEX_POINT ( 'NONE', #1185 ) ;
#2708 = CARTESIAN_POINT ( 'NONE',  ( 12.82495165736630938, 7.000000000000000000, 7.046532124826883958 ) ) ;
#2709 = EDGE_CURVE ( 'NONE', #958, #1066, #542, .T. ) ;
#2710 = ORIENTED_EDGE ( 'NONE', *, *, #2065, .F. ) ;
#2711 = DIRECTION ( 'NONE',  ( 0.000000000000000000, 0.000000000000000000, 1.000000000000000000 ) ) ;
#2712 = ORIENTED_EDGE ( 'NONE', *, *, #583, .T. ) ;
#2713 = LINE ( 'NONE', #2512, #2237 ) ;
#2714 = CARTESIAN_POINT ( 'NONE',  ( 4.286263797015736595E-16, 7.000000000000000000, 3.500000000000000000 ) ) ;
#2715 = LINE ( 'NONE', #2274, #1269 ) ;
#2716 = DIRECTION ( 'NONE',  ( 0.000000000000000000, 0.000000000000000000, 1.000000000000000000 ) ) ;
#2717 = CARTESIAN_POINT ( 'NONE',  ( -7.294045781912947390, 0.000000000000000000, -10.38196969615209220 ) ) ;
#2718 = CARTESIAN_POINT ( 'NONE',  ( 2.143131898507868297E-16, 2.000000000000000000, 1.750000000000000000 ) ) ;
#2719 = ORIENTED_EDGE ( 'NONE', *, *, #1577, .F. ) ;
#2720 = DIRECTION ( 'NONE',  ( 0.000000000000000000, 1.000000000000000000, -0.000000000000000000 ) ) ;
#2721 = VECTOR ( 'NONE', #1876, 1000.000000000000114 ) ;
#2722 = EDGE_CURVE ( 'NONE', #2032, #2199, #1170, .T. ) ;
#2723 = ORIENTED_EDGE ( 'NONE', *, *, #283, .F. ) ;
#2724 = AXIS2_PLACEMENT_3D ( 'NONE', #2518, #1199, #3021 ) ;
#2725 = DIRECTION ( 'NONE',  ( 0.000000000000000000, 1.000000000000000000, -0.000000000000000000 ) ) ;
#2726 = DIRECTION ( 'NONE',  ( -0.000000000000000000, -1.000000000000000000, 0.000000000000000000 ) ) ;
#2727 = CIRCLE ( 'NONE', #2572, 5.399999999999998579 ) ;
#2728 = ORIENTED_EDGE ( 'NONE', *, *, #2750, .T. ) ;
#2729 = VERTEX_POINT ( 'NONE', #1717 ) ;
#2730 = CARTESIAN_POINT ( 'NONE',  ( -10.56417531092710682, 7.000000000000000000, 10.12576910659127094 ) ) ;
#2731 = CARTESIAN_POINT ( 'NONE',  ( 4.085959635999500073, 0.000000000000000000, -14.05126093462728676 ) ) ;
#2732 = ADVANCED_FACE ( 'NONE', ( #3278 ), #2019, .F. ) ;
#2733 = DIRECTION ( 'NONE',  ( -0.7071067811865504593, 0.000000000000000000, 0.7071067811865445751 ) ) ;
#2734 = LINE ( 'NONE', #711, #1335 ) ;
#2735 = CARTESIAN_POINT ( 'NONE',  ( 10.34497220875923595, 7.000000000000000000, -10.34497220875915069 ) ) ;
#2736 = ORIENTED_EDGE ( 'NONE', *, *, #447, .F. ) ;
#2737 = CARTESIAN_POINT ( 'NONE',  ( 9.252623584189809236, 7.000000000000000000, 7.781841479321879973 ) ) ;
#2738 = EDGE_LOOP ( 'NONE', ( #1364, #2687, #1244, #734 ) ) ;
#2739 = CARTESIAN_POINT ( 'NONE',  ( 7.046532124826839549, 0.000000000000000000, -12.82495165736633069 ) ) ;
#2740 = AXIS2_PLACEMENT_3D ( 'NONE', #2027, #925, #2492 ) ;
#2741 = DIRECTION ( 'NONE',  ( -0.000000000000000000, -1.000000000000000000, 0.000000000000000000 ) ) ;
#2742 = EDGE_LOOP ( 'NONE', ( #1640, #35 ) ) ;
#2743 = DIRECTION ( 'NONE',  ( 0.2588190451025074168, -0.000000000000000000, 0.9659258262890719759 ) ) ;
#2744 = CIRCLE ( 'NONE', #2424, 12.08999999999999986 ) ;
#2745 = DIRECTION ( 'NONE',  ( 0.7071067811865504593, 0.000000000000000000, -0.7071067811865445751 ) ) ;
#2746 = ADVANCED_FACE ( 'NONE', ( #1457 ), #1753, .T. ) ;
#2747 = LINE ( 'NONE', #3329, #2586 ) ;
#2748 = DIRECTION ( 'NONE',  ( -0.7071067811865445751, 0.000000000000000000, -0.7071067811865504593 ) ) ;
#2749 = ORIENTED_EDGE ( 'NONE', *, *, #1369, .T. ) ;
#2750 = EDGE_CURVE ( 'NONE', #1916, #2584, #2221, .T. ) ;
#2751 = CARTESIAN_POINT ( 'NONE',  ( 0.000000000000000000, 7.000000000000000000, -3.500000000000000000 ) ) ;
#2752 = VERTEX_POINT ( 'NONE', #132 ) ;
#2753 = ORIENTED_EDGE ( 'NONE', *, *, #347, .T. ) ;
#2754 = DIRECTION ( 'NONE',  ( 0.000000000000000000, 0.000000000000000000, -1.000000000000000000 ) ) ;
#2755 = DIRECTION ( 'NONE',  ( 0.000000000000000000, 0.000000000000000000, 1.000000000000000000 ) ) ;
#2756 = ORIENTED_EDGE ( 'NONE', *, *, #2785, .F. ) ;
#2757 = ORIENTED_EDGE ( 'NONE', *, *, #1654, .T. ) ;
#2758 = EDGE_LOOP ( 'NONE', ( #1231, #2056, #702, #3159 ) ) ;
#2759 = DIRECTION ( 'NONE',  ( -0.000000000000000000, -1.000000000000000000, -0.000000000000000000 ) ) ;
#2760 = CYLINDRICAL_SURFACE ( 'NONE', #1707, 5.400000000000000355 ) ;
#2761 = EDGE_CURVE ( 'NONE', #17, #2156, #2835, .T. ) ;
#2762 = DIRECTION ( 'NONE',  ( -0.9659258262890658697, 0.000000000000000000, -0.2588190451025298433 ) ) ;
#2763 = CARTESIAN_POINT ( 'NONE',  ( 2.112960617221180559, 0.000000000000000000, 11.90392781522436394 ) ) ;
#2764 = CARTESIAN_POINT ( 'NONE',  ( 11.40912354214818336, 7.000000000000000000, 4.000000000000006217 ) ) ;
#2765 = ORIENTED_EDGE ( 'NONE', *, *, #1341, .F. ) ;
#2766 = EDGE_CURVE ( 'NONE', #634, #2444, #938, .T. ) ;
#2767 = DIRECTION ( 'NONE',  ( -0.000000000000000000, -1.000000000000000000, -0.000000000000000000 ) ) ;
#2768 = AXIS2_PLACEMENT_3D ( 'NONE', #678, #1187, #3280 ) ;
#2769 = ORIENTED_EDGE ( 'NONE', *, *, #1857, .T. ) ;
#2770 = FACE_OUTER_BOUND ( 'NONE', #356, .T. ) ;
#2771 = AXIS2_PLACEMENT_3D ( 'NONE', #2177, #892, #1930 ) ;
#2772 = DIRECTION ( 'NONE',  ( -2.650271977186787915E-15, 0.000000000000000000, 1.000000000000000000 ) ) ;
#2773 = ORIENTED_EDGE ( 'NONE', *, *, #846, .F. ) ;
#2774 = VERTEX_POINT ( 'NONE', #2539 ) ;
#2775 = EDGE_LOOP ( 'NONE', ( #3153, #42, #825, #1483 ) ) ;
#2776 = CIRCLE ( 'NONE', #775, 5.400000000000000355 ) ;
#2777 = CARTESIAN_POINT ( 'NONE',  ( 12.49883040889819874, 7.000000000000000000, -7.583491939546412652 ) ) ;
#2778 = AXIS2_PLACEMENT_3D ( 'NONE', #1677, #1166, #385 ) ;
#2779 = LINE ( 'NONE', #1167, #2034 ) ;
#2780 = EDGE_LOOP ( 'NONE', ( #3007, #22, #2, #1379 ) ) ;
#2781 = AXIS2_PLACEMENT_3D ( 'NONE', #1275, #1793, #2369 ) ;
#2782 = PLANE ( 'NONE',  #270 ) ;
#2783 = DIRECTION ( 'NONE',  ( 0.000000000000000000, 0.000000000000000000, -1.000000000000000000 ) ) ;
#2784 = CARTESIAN_POINT ( 'NONE',  ( -8.140374693054964084, 0.000000000000000000, 9.732558681925983279 ) ) ;
#2785 = EDGE_CURVE ( 'NONE', #3109, #826, #1962, .T. ) ;
#2786 = AXIS2_PLACEMENT_3D ( 'NONE', #3395, #1801, #800 ) ;
#2787 = EDGE_LOOP ( 'NONE', ( #1334, #2242, #1243, #1984 ) ) ;
#2788 = DIRECTION ( 'NONE',  ( 0.000000000000000000, 0.000000000000000000, 1.000000000000000000 ) ) ;
#2789 = DIRECTION ( 'NONE',  ( -0.000000000000000000, -1.000000000000000000, -0.000000000000000000 ) ) ;
#2790 = AXIS2_PLACEMENT_3D ( 'NONE', #936, #1470, #1967 ) ;
#2791 = VECTOR ( 'NONE', #1678, 1000.000000000000000 ) ;
#2792 = AXIS2_PLACEMENT_3D ( 'NONE', #3166, #269, #2371 ) ;
#2793 = EDGE_CURVE ( 'NONE', #1671, #437, #1308, .T. ) ;
#2794 = LINE ( 'NONE', #1759, #1011 ) ;
#2795 = AXIS2_PLACEMENT_3D ( 'NONE', #1080, #1400, #595 ) ;
#2796 = ORIENTED_EDGE ( 'NONE', *, *, #2087, .F. ) ;
#2797 = EDGE_LOOP ( 'NONE', ( #383, #2494, #2622, #281 ) ) ;
#2798 = ORIENTED_EDGE ( 'NONE', *, *, #917, .F. ) ;
#2799 = EDGE_CURVE ( 'NONE', #2100, #638, #424, .T. ) ;
#2800 = CARTESIAN_POINT ( 'NONE',  ( -12.63807238914437470, 0.000000000000000000, -1.125844095427588565 ) ) ;
#2801 = CARTESIAN_POINT ( 'NONE',  ( -4.122086335902604759, 7.000000000000000000, 11.36558420141107639 ) ) ;
#2802 = CIRCLE ( 'NONE', #1331, 12.08999999999999986 ) ;
#2803 = CIRCLE ( 'NONE', #3253, 5.400000000000000355 ) ;
#2804 = DIRECTION ( 'NONE',  ( -0.000000000000000000, -1.000000000000000000, -0.000000000000000000 ) ) ;
#2805 = CARTESIAN_POINT ( 'NONE',  ( 11.50781379157943185, 7.000000000000000000, 5.344026607231355364 ) ) ;
#2806 = DIRECTION ( 'NONE',  ( -0.000000000000000000, -1.000000000000000000, -0.000000000000000000 ) ) ;
#2807 = ORIENTED_EDGE ( 'NONE', *, *, #1670, .T. ) ;
#2808 = CYLINDRICAL_SURFACE ( 'NONE', #2171, 5.400000000000002132 ) ;
#2809 = DIRECTION ( 'NONE',  ( 0.000000000000000000, 1.000000000000000000, -0.000000000000000000 ) ) ;
#2810 = ORIENTED_EDGE ( 'NONE', *, *, #1106, .F. ) ;
#2811 = CYLINDRICAL_SURFACE ( 'NONE', #1221, 5.400000000000000355 ) ;
#2812 = DIRECTION ( 'NONE',  ( 0.9659258262890703106, 0.000000000000000000, -0.2588190451025131900 ) ) ;
#2813 = CYLINDRICAL_SURFACE ( 'NONE', #2315, 3.500000000000000000 ) ;
#2814 = EDGE_CURVE ( 'NONE', #1897, #1645, #1441, .T. ) ;
#2815 = ORIENTED_EDGE ( 'NONE', *, *, #1120, .F. ) ;
#2816 = ORIENTED_EDGE ( 'NONE', *, *, #2709, .F. ) ;
#2817 = CARTESIAN_POINT ( 'NONE',  ( -10.95143686171761210, 0.000000000000000000, 5.121926460211302157 ) ) ;
#2818 = LINE ( 'NONE', #2323, #1874 ) ;
#2819 = ADVANCED_FACE ( 'NONE', ( #3298 ), #3070, .T. ) ;
#2820 = ORIENTED_EDGE ( 'NONE', *, *, #577, .F. ) ;
#2821 = DIRECTION ( 'NONE',  ( -0.000000000000000000, -1.000000000000000000, -0.000000000000000000 ) ) ;
#2822 = CYLINDRICAL_SURFACE ( 'NONE', #3255, 12.08999999999999986 ) ;
#2823 = DIRECTION ( 'NONE',  ( 0.000000000000000000, 1.000000000000000000, -0.000000000000000000 ) ) ;
#2824 = EDGE_LOOP ( 'NONE', ( #805, #1720, #761, #73 ) ) ;
#2825 = DIRECTION ( 'NONE',  ( 0.000000000000000000, 1.000000000000000000, -0.000000000000000000 ) ) ;
#2826 = DIRECTION ( 'NONE',  ( -0.000000000000000000, -1.000000000000000000, -0.000000000000000000 ) ) ;
#2827 = DIRECTION ( 'NONE',  ( 0.000000000000000000, 1.000000000000000000, -0.000000000000000000 ) ) ;
#2828 = AXIS2_PLACEMENT_3D ( 'NONE', #3185, #2937, #2920 ) ;
#2829 = CARTESIAN_POINT ( 'NONE',  ( -12.63807238914439424, 0.000000000000000000, -4.274155904572675801 ) ) ;
#2830 = ADVANCED_FACE ( 'NONE', ( #957 ), #1772, .T. ) ;
#2831 = ORIENTED_EDGE ( 'NONE', *, *, #1394, .T. ) ;
#2832 = CARTESIAN_POINT ( 'NONE',  ( 0.000000000000000000, 0.000000000000000000, 0.000000000000000000 ) ) ;
#2833 = DIRECTION ( 'NONE',  ( 0.000000000000000000, 1.000000000000000000, -0.000000000000000000 ) ) ;
#2834 = VERTEX_POINT ( 'NONE', #982 ) ;
#2835 = CIRCLE ( 'NONE', #3283, 5.399999999999998579 ) ;
#2836 = EDGE_CURVE ( 'NONE', #695, #703, #2176, .T. ) ;
#2837 = EDGE_CURVE ( 'NONE', #2268, #593, #2122, .T. ) ;
#2838 = VECTOR ( 'NONE', #227, 1000.000000000000000 ) ;
#2839 = CARTESIAN_POINT ( 'NONE',  ( -12.04518576029445143, 0.000000000000000000, 1.039999999999871916 ) ) ;
#2840 = CARTESIAN_POINT ( 'NONE',  ( 7.315000000000026148, 7.000000000000000000, -12.66995165736632245 ) ) ;
#2841 = LINE ( 'NONE', #2328, #1691 ) ;
#2842 = VERTEX_POINT ( 'NONE', #3350 ) ;
#2843 = CIRCLE ( 'NONE', #492, 12.08999999999999986 ) ;
#2844 = EDGE_CURVE ( 'NONE', #994, #1791, #2776, .T. ) ;
#2845 = CARTESIAN_POINT ( 'NONE',  ( -8.186775630174415172E-14, 0.000000000000000000, 14.63000000000000078 ) ) ;
#2846 = DIRECTION ( 'NONE',  ( 0.000000000000000000, 1.000000000000000000, -0.000000000000000000 ) ) ;
#2847 = AXIS2_PLACEMENT_3D ( 'NONE', #1382, #1644, #2961 ) ;
#2848 = ORIENTED_EDGE ( 'NONE', *, *, #1444, .F. ) ;
#2849 = CARTESIAN_POINT ( 'NONE',  ( -12.49883040889816854, 0.000000000000000000, -2.183491939546586824 ) ) ;
#2850 = CIRCLE ( 'NONE', #439, 5.400000000000000355 ) ;
#2851 = CARTESIAN_POINT ( 'NONE',  ( -6.923259300083119072, 0.000000000000000000, 9.911436861717506375 ) ) ;
#2852 = EDGE_LOOP ( 'NONE', ( #2810, #2215 ) ) ;
#2853 = VERTEX_POINT ( 'NONE', #1289 ) ;
#2854 = AXIS2_PLACEMENT_3D ( 'NONE', #1050, #2877, #2364 ) ;
#2855 = CARTESIAN_POINT ( 'NONE',  ( -11.36558420141114745, 7.000000000000000000, 4.122086335902404919 ) ) ;
#2856 = DIRECTION ( 'NONE',  ( 0.000000000000000000, 1.000000000000000000, -0.000000000000000000 ) ) ;
#2857 = VERTEX_POINT ( 'NONE', #498 ) ;
#2858 = ORIENTED_EDGE ( 'NONE', *, *, #784, .T. ) ;
#2859 = DIRECTION ( 'NONE',  ( -0.2588190451025185745, 0.000000000000000000, 0.9659258262890688673 ) ) ;
#2860 = DIRECTION ( 'NONE',  ( 0.000000000000000000, 0.000000000000000000, -1.000000000000000000 ) ) ;
#2861 = CARTESIAN_POINT ( 'NONE',  ( 0.000000000000000000, 7.000000000000000000, 0.000000000000000000 ) ) ;
#2862 = ADVANCED_FACE ( 'NONE', ( #750 ), #2366, .F. ) ;
#2863 = EDGE_CURVE ( 'NONE', #2438, #850, #478, .T. ) ;
#2864 = DIRECTION ( 'NONE',  ( 1.000000000000000000, 0.000000000000000000, 5.595882180570345771E-15 ) ) ;
#2865 = CYLINDRICAL_SURFACE ( 'NONE', #1966, 5.400000000000000355 ) ;
#2866 = ADVANCED_FACE ( 'NONE', ( #3130 ), #789, .F. ) ;
#2867 = CIRCLE ( 'NONE', #3314, 5.400000000000001243 ) ;
#2868 = CARTESIAN_POINT ( 'NONE',  ( 0.000000000000000000, 7.000000000000000000, 0.000000000000000000 ) ) ;
#2869 = CARTESIAN_POINT ( 'NONE',  ( 9.732558681926011701, 7.000000000000000000, 8.140374693054928557 ) ) ;
#2870 = ORIENTED_EDGE ( 'NONE', *, *, #2505, .T. ) ;
#2871 = ORIENTED_EDGE ( 'NONE', *, *, #2208, .T. ) ;
#2872 = DIRECTION ( 'NONE',  ( 9.637352644315590806E-16, 0.000000000000000000, 1.000000000000000000 ) ) ;
#2873 = LINE ( 'NONE', #1032, #1977 ) ;
#2874 = VERTEX_POINT ( 'NONE', #3418 ) ;
#2875 = EDGE_LOOP ( 'NONE', ( #209, #264, #1451, #2642 ) ) ;
#2876 = ORIENTED_EDGE ( 'NONE', *, *, #3355, .T. ) ;
#2877 = DIRECTION ( 'NONE',  ( -0.000000000000000000, -1.000000000000000000, -0.000000000000000000 ) ) ;
#2878 = CARTESIAN_POINT ( 'NONE',  ( -12.66995165736626738, 7.000000000000000000, -7.315000000000123848 ) ) ;
#2879 = ORIENTED_EDGE ( 'NONE', *, *, #1924, .F. ) ;
#2880 = ADVANCED_FACE ( 'NONE', ( #1250 ), #1790, .T. ) ;
#2881 = DIRECTION ( 'NONE',  ( -0.000000000000000000, -1.000000000000000000, 0.000000000000000000 ) ) ;
#2882 = CARTESIAN_POINT ( 'NONE',  ( -12.82495165736625609, 7.000000000000000000, -7.046532124826973664 ) ) ;
#2883 = EDGE_CURVE ( 'NONE', #397, #983, #1912, .T. ) ;
#2884 = LINE ( 'NONE', #1607, #2450 ) ;
#2885 = ADVANCED_FACE ( 'NONE', ( #546 ), #1319, .T. ) ;
#2886 = CARTESIAN_POINT ( 'NONE',  ( -9.252623584189755945, 7.000000000000000000, -7.781841479321944810 ) ) ;
#2887 = CARTESIAN_POINT ( 'NONE',  ( 9.252623584189860750, 7.000000000000000000, -7.781841479321816024 ) ) ;
#2888 = EDGE_LOOP ( 'NONE', ( #2003, #2314, #110, #2669 ) ) ;
#2889 = AXIS2_PLACEMENT_3D ( 'NONE', #3406, #1058, #2092 ) ;
#2890 = CARTESIAN_POINT ( 'NONE',  ( -12.49883040889816854, 7.000000000000000000, -7.583491939546587624 ) ) ;
#2891 = CIRCLE ( 'NONE', #715, 5.400000000000000355 ) ;
#2892 = CARTESIAN_POINT ( 'NONE',  ( -5.344026607231155523, 7.000000000000000000, -11.50781379157952422 ) ) ;
#2893 = ORIENTED_EDGE ( 'NONE', *, *, #1278, .T. ) ;
#2894 = VERTEX_POINT ( 'NONE', #3161 ) ;
#2895 = AXIS2_PLACEMENT_3D ( 'NONE', #732, #3331, #175 ) ;
#2896 = LINE ( 'NONE', #2644, #2033 ) ;
#2897 = CARTESIAN_POINT ( 'NONE',  ( 0.000000000000000000, 0.000000000000000000, 0.000000000000000000 ) ) ;
#2898 = AXIS2_PLACEMENT_3D ( 'NONE', #151, #2440, #635 ) ;
#2899 = ORIENTED_EDGE ( 'NONE', *, *, #2228, .F. ) ;
#2900 = CIRCLE ( 'NONE', #877, 5.400000000000000355 ) ;
#2901 = CIRCLE ( 'NONE', #1424, 12.08999999999999986 ) ;
#2902 = LINE ( 'NONE', #1553, #136 ) ;
#2903 = ORIENTED_EDGE ( 'NONE', *, *, #2208, .F. ) ;
#2904 = ADVANCED_FACE ( 'NONE', ( #3372, #1839, #1271 ), #247, .T. ) ;
#2905 = EDGE_CURVE ( 'NONE', #1450, #593, #3125, .T. ) ;
#2906 = CARTESIAN_POINT ( 'NONE',  ( 0.000000000000000000, 7.000000000000000000, 0.000000000000000000 ) ) ;
#2907 = DIRECTION ( 'NONE',  ( 0.000000000000000000, 0.000000000000000000, -1.000000000000000000 ) ) ;
#2908 = EDGE_CURVE ( 'NONE', #2469, #983, #2841, .T. ) ;
#2909 = ORIENTED_EDGE ( 'NONE', *, *, #57, .F. ) ;
#2910 = AXIS2_PLACEMENT_3D ( 'NONE', #63, #1137, #3316 ) ;
#2911 = CIRCLE ( 'NONE', #3358, 5.400000000000002132 ) ;
#2912 = DIRECTION ( 'NONE',  ( 0.000000000000000000, 0.000000000000000000, -1.000000000000000000 ) ) ;
#2913 = CARTESIAN_POINT ( 'NONE',  ( 0.000000000000000000, 7.000000000000000000, 0.000000000000000000 ) ) ;
#2914 = VERTEX_POINT ( 'NONE', #2055 ) ;
#2915 = EDGE_LOOP ( 'NONE', ( #1925, #1799, #1610, #3014 ) ) ;
#2916 = DIRECTION ( 'NONE',  ( 0.9659258262890658697, 0.000000000000000000, 0.2588190451025298433 ) ) ;
#2917 = DIRECTION ( 'NONE',  ( -0.000000000000000000, -1.000000000000000000, -0.000000000000000000 ) ) ;
#2918 = CYLINDRICAL_SURFACE ( 'NONE', #653, 12.08999999999999986 ) ;
#2919 = AXIS2_PLACEMENT_3D ( 'NONE', #962, #1481, #2528 ) ;
#2920 = DIRECTION ( 'NONE',  ( 0.000000000000000000, 0.000000000000000000, 1.000000000000000000 ) ) ;
#2921 = VERTEX_POINT ( 'NONE', #3386 ) ;
#2922 = ORIENTED_EDGE ( 'NONE', *, *, #1121, .F. ) ;
#2923 = ADVANCED_FACE ( 'NONE', ( #1825 ), #2070, .T. ) ;
#2924 = EDGE_LOOP ( 'NONE', ( #1146, #1484, #1206, #1502 ) ) ;
#2925 = FACE_OUTER_BOUND ( 'NONE', #2780, .T. ) ;
#2926 = CIRCLE ( 'NONE', #2919, 3.500000000000000000 ) ;
#2927 = ADVANCED_FACE ( 'NONE', ( #817 ), #2575, .F. ) ;
#2928 = EDGE_LOOP ( 'NONE', ( #713, #1339, #1018, #575 ) ) ;
#2929 = ORIENTED_EDGE ( 'NONE', *, *, #98, .F. ) ;
#2930 = CARTESIAN_POINT ( 'NONE',  ( 0.000000000000000000, 7.000000000000000000, 0.000000000000000000 ) ) ;
#2931 = CYLINDRICAL_SURFACE ( 'NONE', #3025, 12.08999999999999986 ) ;
#2932 = ORIENTED_EDGE ( 'NONE', *, *, #1071, .F. ) ;
#2933 = ORIENTED_EDGE ( 'NONE', *, *, #583, .F. ) ;
#2934 = CARTESIAN_POINT ( 'NONE',  ( 2.183491939546455374, 7.000000000000000000, -12.49883040889819164 ) ) ;
#2935 = CARTESIAN_POINT ( 'NONE',  ( 0.000000000000000000, 7.000000000000000000, -4.000000000000006217 ) ) ;
#2936 = VERTEX_POINT ( 'NONE', #1301 ) ;
#2937 = DIRECTION ( 'NONE',  ( 0.000000000000000000, 1.000000000000000000, -0.000000000000000000 ) ) ;
#2938 = ORIENTED_EDGE ( 'NONE', *, *, #2990, .T. ) ;
#2939 = ORIENTED_EDGE ( 'NONE', *, *, #3105, .T. ) ;
#2940 = CARTESIAN_POINT ( 'NONE',  ( 4.122086335902523935, 7.000000000000000000, -11.36558420141110481 ) ) ;
#2941 = DIRECTION ( 'NONE',  ( 0.000000000000000000, 0.000000000000000000, -1.000000000000000000 ) ) ;
#2942 = EDGE_CURVE ( 'NONE', #2649, #1608, #137, .T. ) ;
#2943 = DIRECTION ( 'NONE',  ( -0.000000000000000000, -1.000000000000000000, -0.000000000000000000 ) ) ;
#2944 = ORIENTED_EDGE ( 'NONE', *, *, #2087, .T. ) ;
#2945 = CARTESIAN_POINT ( 'NONE',  ( -12.63807238914437470, 7.000000000000000000, -1.125844095427588565 ) ) ;
#2946 = DIRECTION ( 'NONE',  ( -0.000000000000000000, -1.000000000000000000, -0.000000000000000000 ) ) ;
#2947 = VERTEX_POINT ( 'NONE', #2702 ) ;
#2948 = ADVANCED_FACE ( 'NONE', ( #1596 ), #1081, .T. ) ;
#2949 = ORIENTED_EDGE ( 'NONE', *, *, #2458, .F. ) ;
#2950 = EDGE_CURVE ( 'NONE', #1998, #3195, #1487, .T. ) ;
#2951 = FACE_OUTER_BOUND ( 'NONE', #3113, .T. ) ;
#2952 = CARTESIAN_POINT ( 'NONE',  ( 11.50781379157943185, 7.000000000000000000, 5.344026607231355364 ) ) ;
#2953 = ORIENTED_EDGE ( 'NONE', *, *, #630, .F. ) ;
#2954 = EDGE_CURVE ( 'NONE', #84, #2282, #2968, .T. ) ;
#2955 = CIRCLE ( 'NONE', #2674, 5.400000000000000355 ) ;
#2956 = LINE ( 'NONE', #1376, #2231 ) ;
#2957 = CIRCLE ( 'NONE', #87, 5.400000000000000355 ) ;
#2958 = CIRCLE ( 'NONE', #3131, 12.08999999999999986 ) ;
#2959 = EDGE_LOOP ( 'NONE', ( #1014, #1142, #2581, #138 ) ) ;
#2960 = CARTESIAN_POINT ( 'NONE',  ( -6.923259300083119072, 7.000000000000000000, 9.911436861717506375 ) ) ;
#2961 = DIRECTION ( 'NONE',  ( 0.000000000000000000, 0.000000000000000000, 1.000000000000000000 ) ) ;
#2962 = ORIENTED_EDGE ( 'NONE', *, *, #551, .T. ) ;
#2963 = CARTESIAN_POINT ( 'NONE',  ( -12.63807238914439424, 7.000000000000000000, 1.125844095427325220 ) ) ;
#2964 = DIRECTION ( 'NONE',  ( -0.000000000000000000, -1.000000000000000000, -0.000000000000000000 ) ) ;
#2965 = CIRCLE ( 'NONE', #500, 5.400000000000002132 ) ;
#2966 = ORIENTED_EDGE ( 'NONE', *, *, #1204, .F. ) ;
#2967 = VERTEX_POINT ( 'NONE', #2394 ) ;
#2968 = CIRCLE ( 'NONE', #330, 12.08999999999999986 ) ;
#2969 = CIRCLE ( 'NONE', #3077, 5.400000000000002132 ) ;
#2970 = AXIS2_PLACEMENT_3D ( 'NONE', #476, #1526, #1770 ) ;
#2971 = CARTESIAN_POINT ( 'NONE',  ( 0.000000000000000000, 7.000000000000000000, 0.000000000000000000 ) ) ;
#2972 = CARTESIAN_POINT ( 'NONE',  ( 3.786522629849846222, 0.000000000000000000, -14.13149483860907729 ) ) ;
#2973 = EDGE_CURVE ( 'NONE', #703, #704, #1324, .T. ) ;
#2974 = CARTESIAN_POINT ( 'NONE',  ( -11.90392781522432664, 0.000000000000000000, -2.112960617221389725 ) ) ;
#2975 = EDGE_LOOP ( 'NONE', ( #3174, #458, #912, #1879 ) ) ;
#2976 = DIRECTION ( 'NONE',  ( -0.000000000000000000, -1.000000000000000000, -0.000000000000000000 ) ) ;
#2977 = FACE_OUTER_BOUND ( 'NONE', #272, .T. ) ;
#2978 = VERTEX_POINT ( 'NONE', #284 ) ;
#2979 = ORIENTED_EDGE ( 'NONE', *, *, #2015, .T. ) ;
#2980 = CARTESIAN_POINT ( 'NONE',  ( 0.000000000000000000, 0.000000000000000000, 0.000000000000000000 ) ) ;
#2981 = DIRECTION ( 'NONE',  ( 0.000000000000000000, 1.000000000000000000, -0.000000000000000000 ) ) ;
#2982 = ORIENTED_EDGE ( 'NONE', *, *, #1314, .T. ) ;
#2983 = DIRECTION ( 'NONE',  ( -0.000000000000000000, -1.000000000000000000, -0.000000000000000000 ) ) ;
#2984 = DIRECTION ( 'NONE',  ( -0.000000000000000000, -1.000000000000000000, -0.000000000000000000 ) ) ;
#2985 = DIRECTION ( 'NONE',  ( -0.8660254037844408170, 0.000000000000000000, 0.4999999999999963363 ) ) ;
#2986 = CARTESIAN_POINT ( 'NONE',  ( -7.583467875173016459, 7.000000000000000000, -12.51495165736643855 ) ) ;
#2987 = EDGE_CURVE ( 'NONE', #2695, #3294, #1629, .T. ) ;
#2988 = ORIENTED_EDGE ( 'NONE', *, *, #114, .T. ) ;
#2989 = CARTESIAN_POINT ( 'NONE',  ( 7.781841479321783162, 7.000000000000000000, 9.252623584189889172 ) ) ;
#2990 = EDGE_CURVE ( 'NONE', #851, #3415, #3194, .T. ) ;
#2991 = EDGE_LOOP ( 'NONE', ( #3236, #1088, #1641, #973, #362, #2966, #2426, #2870, #783, #764, #1315, #2113, #419, #2995, #224, #3093, #529, #843, #1650, #2448, #1386, #3042, #769, #1059, #966, #1503, #3324, #1703, #553, #1944, #1605, #2736, #777, #2858, #3066, #1575, #3104, #942, #2370, #3362, #2633, #127, #2540, #2949, #122, #3416, #2569, #1718, #463, #1674, #1921, #3178, #1682, #2753, #2756, #2291, #203, #3046, #111, #2723, #367, #3376, #2153, #2418, #8, #51, #3157, #3219, #930, #218, #2324, #1286, #2476, #1321, #3306, #2209, #3272, #1827, #1162, #2429, #876, #3087, #2117, #2434, #413, #1646, #2031, #285, #3341, #3023, #1135 ) ) ;
#2992 = ADVANCED_FACE ( 'NONE', ( #1113, #1666 ), #2428, .F. ) ;
#2993 = FACE_OUTER_BOUND ( 'NONE', #2510, .T. ) ;
#2994 = VERTEX_POINT ( 'NONE', #3209 ) ;
#2995 = ORIENTED_EDGE ( 'NONE', *, *, #3302, .F. ) ;
#2996 = ADVANCED_FACE ( 'NONE', ( #1338 ), #2931, .T. ) ;
#2997 = DIRECTION ( 'NONE',  ( -0.000000000000000000, -1.000000000000000000, -0.000000000000000000 ) ) ;
#2998 = CARTESIAN_POINT ( 'NONE',  ( 12.49883040889819874, 7.000000000000000000, -2.183491939546412297 ) ) ;
#2999 = CYLINDRICAL_SURFACE ( 'NONE', #3357, 5.400000000000003908 ) ;
#3000 = LINE ( 'NONE', #116, #622 ) ;
#3001 = CARTESIAN_POINT ( 'NONE',  ( -10.56417531092710682, 7.000000000000000000, 10.12576910659127094 ) ) ;
#3002 = CARTESIAN_POINT ( 'NONE',  ( -7.781841479321720101, 0.000000000000000000, -9.252623584189942463 ) ) ;
#3003 = ORIENTED_EDGE ( 'NONE', *, *, #234, .F. ) ;
#3004 = LINE ( 'NONE', #2262, #18 ) ;
#3005 = VECTOR ( 'NONE', #2399, 1000.000000000000000 ) ;
#3006 = VECTOR ( 'NONE', #2241, 1000.000000000000114 ) ;
#3007 = ORIENTED_EDGE ( 'NONE', *, *, #2417, .F. ) ;
#3008 = VECTOR ( 'NONE', #1816, 1000.000000000000000 ) ;
#3009 = FACE_OUTER_BOUND ( 'NONE', #2703, .T. ) ;
#3010 = DIRECTION ( 'NONE',  ( -0.000000000000000000, -1.000000000000000000, -0.000000000000000000 ) ) ;
#3011 = ADVANCED_FACE ( 'NONE', ( #1096 ), #898, .T. ) ;
#3012 = AXIS2_PLACEMENT_3D ( 'NONE', #90, #2725, #2711 ) ;
#3013 = ORIENTED_EDGE ( 'NONE', *, *, #1278, .F. ) ;
#3014 = ORIENTED_EDGE ( 'NONE', *, *, #1577, .T. ) ;
#3016 = PLANE ( 'NONE',  #2126 ) ;
#3015 = VECTOR ( 'NONE', #559, 1000.000000000000000 ) ;
#3017 = EDGE_CURVE ( 'NONE', #126, #1934, #10, .T. ) ;
#3018 = CARTESIAN_POINT ( 'NONE',  ( -8.140374693054964084, 7.000000000000000000, 9.732558681925983279 ) ) ;
#3019 = DIRECTION ( 'NONE',  ( -0.000000000000000000, -1.000000000000000000, -0.000000000000000000 ) ) ;
#3020 = DIRECTION ( 'NONE',  ( 0.000000000000000000, 1.000000000000000000, -0.000000000000000000 ) ) ;
#3021 = DIRECTION ( 'NONE',  ( 0.000000000000000000, 0.000000000000000000, 1.000000000000000000 ) ) ;
#3022 = FACE_OUTER_BOUND ( 'NONE', #1027, .T. ) ;
#3023 = ORIENTED_EDGE ( 'NONE', *, *, #1229, .F. ) ;
#3024 = VECTOR ( 'NONE', #1233, 1000.000000000000000 ) ;
#3025 = AXIS2_PLACEMENT_3D ( 'NONE', #1352, #2116, #1869 ) ;
#3026 = DIRECTION ( 'NONE',  ( -0.000000000000000000, -1.000000000000000000, -0.000000000000000000 ) ) ;
#3027 = ORIENTED_EDGE ( 'NONE', *, *, #951, .F. ) ;
#3028 = CARTESIAN_POINT ( 'NONE',  ( -12.49883040889821828, 7.000000000000000000, 2.183491939546325256 ) ) ;
#3029 = CIRCLE ( 'NONE', #158, 12.08999999999999986 ) ;
#3030 = DIRECTION ( 'NONE',  ( 0.000000000000000000, 1.000000000000000000, -0.000000000000000000 ) ) ;
#3031 = EDGE_CURVE ( 'NONE', #3062, #1496, #597, .T. ) ;
#3032 = ORIENTED_EDGE ( 'NONE', *, *, #1844, .F. ) ;
#3033 = ORIENTED_EDGE ( 'NONE', *, *, #1229, .T. ) ;
#3034 = LINE ( 'NONE', #688, #658 ) ;
#3035 = VECTOR ( 'NONE', #1634, 1000.000000000000000 ) ;
#3036 = CARTESIAN_POINT ( 'NONE',  ( -7.781841479321911059, 0.000000000000000000, 9.252623584189780814 ) ) ;
#3037 = EDGE_CURVE ( 'NONE', #3124, #353, #1657, .T. ) ;
#3038 = AXIS2_PLACEMENT_3D ( 'NONE', #1978, #1209, #2772 ) ;
#3039 = EDGE_CURVE ( 'NONE', #1813, #1266, #1933, .T. ) ;
#3040 = DIRECTION ( 'NONE',  ( -0.2588190451025129679, 0.000000000000000000, -0.9659258262890703106 ) ) ;
#3041 = DIRECTION ( 'NONE',  ( 0.000000000000000000, 0.000000000000000000, 1.000000000000000000 ) ) ;
#3042 = ORIENTED_EDGE ( 'NONE', *, *, #2697, .F. ) ;
#3043 = DIRECTION ( 'NONE',  ( 0.000000000000000000, -1.000000000000000000, 0.000000000000000000 ) ) ;
#3044 = ORIENTED_EDGE ( 'NONE', *, *, #661, .F. ) ;
#3045 = DIRECTION ( 'NONE',  ( 0.000000000000000000, 1.000000000000000000, -0.000000000000000000 ) ) ;
#3046 = ORIENTED_EDGE ( 'NONE', *, *, #28, .T. ) ;
#3047 = VERTEX_POINT ( 'NONE', #1150 ) ;
#3048 = VERTEX_POINT ( 'NONE', #2668 ) ;
#3049 = EDGE_CURVE ( 'NONE', #1026, #2268, #893, .T. ) ;
#3050 = LINE ( 'NONE', #1414, #1915 ) ;
#3051 = CARTESIAN_POINT ( 'NONE',  ( 0.000000000000000000, 2.000000000000000000, 0.000000000000000000 ) ) ;
#3052 = ORIENTED_EDGE ( 'NONE', *, *, #3017, .F. ) ;
#3053 = LINE ( 'NONE', #710, #1705 ) ;
#3054 = FACE_OUTER_BOUND ( 'NONE', #1794, .T. ) ;
#3055 = CARTESIAN_POINT ( 'NONE',  ( 3.487085623700176384, 7.000000000000000000, 14.21172874259087671 ) ) ;
#3056 = ORIENTED_EDGE ( 'NONE', *, *, #743, .T. ) ;
#3057 = CARTESIAN_POINT ( 'NONE',  ( 0.000000000000000000, 7.000000000000000000, 0.000000000000000000 ) ) ;
#3058 = EDGE_CURVE ( 'NONE', #2282, #1861, #2409, .T. ) ;
#3059 = CARTESIAN_POINT ( 'NONE',  ( -4.122086335902365839, 7.000000000000000000, -11.36558420141115988 ) ) ;
#3060 = AXIS2_PLACEMENT_3D ( 'NONE', #1564, #2610, #268 ) ;
#3061 = EDGE_LOOP ( 'NONE', ( #1348, #297, #2899, #2712 ) ) ;
#3062 = VERTEX_POINT ( 'NONE', #1385 ) ;
#3063 = CARTESIAN_POINT ( 'NONE',  ( 5.121926460211342125, 7.000000000000000000, 10.95143686171759434 ) ) ;
#3064 = VECTOR ( 'NONE', #2375, 1000.000000000000000 ) ;
#3065 = DIRECTION ( 'NONE',  ( 0.000000000000000000, 1.000000000000000000, -0.000000000000000000 ) ) ;
#3066 = ORIENTED_EDGE ( 'NONE', *, *, #1612, .F. ) ;
#3067 = CIRCLE ( 'NONE', #2781, 5.400000000000000355 ) ;
#3068 = CARTESIAN_POINT ( 'NONE',  ( 0.000000000000000000, 7.000000000000000000, 0.000000000000000000 ) ) ;
#3069 = CYLINDRICAL_SURFACE ( 'NONE', #2095, 5.400000000000000355 ) ;
#3070 = CYLINDRICAL_SURFACE ( 'NONE', #2895, 12.08999999999999986 ) ;
#3071 = ORIENTED_EDGE ( 'NONE', *, *, #3126, .F. ) ;
#3072 = FACE_OUTER_BOUND ( 'NONE', #1711, .T. ) ;
#3073 = EDGE_CURVE ( 'NONE', #2947, #1111, #2256, .T. ) ;
#3074 = CARTESIAN_POINT ( 'NONE',  ( 5.344026607231235459, 7.000000000000000000, 11.50781379157948869 ) ) ;
#3075 = AXIS2_PLACEMENT_3D ( 'NONE', #1248, #3143, #3399 ) ;
#3076 = AXIS2_PLACEMENT_3D ( 'NONE', #1729, #952, #1983 ) ;
#3077 = AXIS2_PLACEMENT_3D ( 'NONE', #1740, #3045, #1975 ) ;
#3078 = DIRECTION ( 'NONE',  ( -0.9659258262890703106, 0.000000000000000000, 0.2588190451025131900 ) ) ;
#3079 = AXIS2_PLACEMENT_3D ( 'NONE', #1664, #1351, #1384 ) ;
#3080 = CIRCLE ( 'NONE', #1235, 5.400000000000000355 ) ;
#3081 = ORIENTED_EDGE ( 'NONE', *, *, #491, .T. ) ;
#3082 = ORIENTED_EDGE ( 'NONE', *, *, #217, .F. ) ;
#3083 = ORIENTED_EDGE ( 'NONE', *, *, #3248, .T. ) ;
#3084 = CIRCLE ( 'NONE', #1277, 5.400000000000002132 ) ;
#3085 = CARTESIAN_POINT ( 'NONE',  ( 9.911436861717534796, 7.000000000000000000, 6.923259300083081769 ) ) ;
#3086 = DIRECTION ( 'NONE',  ( 0.000000000000000000, 1.000000000000000000, -0.000000000000000000 ) ) ;
#3087 = ORIENTED_EDGE ( 'NONE', *, *, #1917, .F. ) ;
#3088 = VECTOR ( 'NONE', #2812, 1000.000000000000000 ) ;
#3089 = CARTESIAN_POINT ( 'NONE',  ( -7.781841479321911059, 7.000000000000000000, 9.252623584189780814 ) ) ;
#3090 = UNCERTAINTY_MEASURE_WITH_UNIT (LENGTH_MEASURE( 1.000000000000000082E-05 ), #858, 'distance_accuracy_value', 'NONE');
#3091 = DIRECTION ( 'NONE',  ( -0.000000000000000000, -1.000000000000000000, -0.000000000000000000 ) ) ;
#3092 = DIRECTION ( 'NONE',  ( 0.000000000000000000, 0.000000000000000000, 1.000000000000000000 ) ) ;
#3093 = ORIENTED_EDGE ( 'NONE', *, *, #2761, .T. ) ;
#3094 = CIRCLE ( 'NONE', #109, 5.400000000000002132 ) ;
#3095 = LINE ( 'NONE', #2845, #1942 ) ;
#3096 = CLOSED_SHELL ( 'NONE', ( #1188, #1749, #1280, #2488, #2866, #74, #2927, #123, #1562, #1757, #326, #384, #3346, #691, #1273, #1624, #2252, #620, #2255, #1591, #2658, #1709, #2273, #2211, #1953, #628, #2143, #2317, #2830, #673, #2640, #1353, #2627, #3377, #2595, #3411, #1124, #1517, #1530, #1029, #716, #1437, #343, #856, #2076, #2166, #1693, #2880, #2272, #1999, #2591, #3164, #2996, #150, #2022, #2746, #2948, #1565, #756, #1000, #237, #2441, #2125, #2885, #752, #410, #2862, #2376, #3140, #3199, #2147, #2334, #53, #1826, #1099, #1633, #2336, #1008, #1459, #182, #2191, #3183, #1310, #662, #3410, #563, #522, #1837, #2819, #69, #2732, #3011, #2923, #3315, #1501, #121, #3380, #2904, #2992, #2253 ) ) ;
#3097 = EDGE_CURVE ( 'NONE', #466, #2729, #1997, .T. ) ;
#3098 = CARTESIAN_POINT ( 'NONE',  ( -4.358455715843406963, 0.000000000000000000, 11.91605062147246841 ) ) ;
#3099 = EDGE_LOOP ( 'NONE', ( #2939, #1383, #3044, #588 ) ) ;
#3100 = ORIENTED_EDGE ( 'NONE', *, *, #2228, .T. ) ;
#3101 = DIRECTION ( 'NONE',  ( 0.000000000000000000, -1.000000000000000000, 0.000000000000000000 ) ) ;
#3102 = PLANE ( 'NONE',  #517 ) ;
#3103 = EDGE_CURVE ( 'NONE', #995, #871, #273, .T. ) ;
#3104 = ORIENTED_EDGE ( 'NONE', *, *, #454, .F. ) ;
#3105 = EDGE_CURVE ( 'NONE', #1276, #1614, #97, .T. ) ;
#3106 = CARTESIAN_POINT ( 'NONE',  ( 10.95143686171757658, 0.000000000000000000, -5.121926460211381205 ) ) ;
#3107 = CARTESIAN_POINT ( 'NONE',  ( 0.000000000000000000, 7.000000000000000000, 0.000000000000000000 ) ) ;
#3108 = EDGE_CURVE ( 'NONE', #2261, #181, #2636, .T. ) ;
#3109 = VERTEX_POINT ( 'NONE', #915 ) ;
#3110 = PLANE ( 'NONE',  #276 ) ;
#3111 = DIRECTION ( 'NONE',  ( -0.000000000000000000, -1.000000000000000000, -0.000000000000000000 ) ) ;
#3112 = DIRECTION ( 'NONE',  ( 0.000000000000000000, 1.000000000000000000, -0.000000000000000000 ) ) ;
#3113 = EDGE_LOOP ( 'NONE', ( #2277, #3367, #1465, #613 ) ) ;
#3114 = DIRECTION ( 'NONE',  ( 0.000000000000000000, 0.000000000000000000, -1.000000000000000000 ) ) ;
#3115 = DIRECTION ( 'NONE',  ( -0.000000000000000000, -1.000000000000000000, -0.000000000000000000 ) ) ;
#3116 = ORIENTED_EDGE ( 'NONE', *, *, #2490, .T. ) ;
#3117 = VECTOR ( 'NONE', #86, 1000.000000000000000 ) ;
#3118 = DIRECTION ( 'NONE',  ( 0.5000000000000031086, 0.000000000000000000, -0.8660254037844368202 ) ) ;
#3119 = ORIENTED_EDGE ( 'NONE', *, *, #98, .T. ) ;
#3120 = ORIENTED_EDGE ( 'NONE', *, *, #2330, .T. ) ;
#3121 = DIRECTION ( 'NONE',  ( 0.9659258262890658697, -0.000000000000000000, 0.2588190451025301209 ) ) ;
#3122 = EDGE_CURVE ( 'NONE', #890, #1408, #2238, .T. ) ;
#3123 = CARTESIAN_POINT ( 'NONE',  ( -1.039999999999998925, 0.000000000000000000, -12.04518576029444432 ) ) ;
#3124 = VERTEX_POINT ( 'NONE', #2714 ) ;
#3125 = CIRCLE ( 'NONE', #2235, 5.400000000000002132 ) ;
#3126 = EDGE_CURVE ( 'NONE', #84, #2185, #1230, .T. ) ;
#3127 = AXIS2_PLACEMENT_3D ( 'NONE', #1060, #2096, #812 ) ;
#3128 = CARTESIAN_POINT ( 'NONE',  ( 9.732558681926068544, 0.000000000000000000, -8.140374693054859279 ) ) ;
#3129 = DIRECTION ( 'NONE',  ( 0.000000000000000000, 0.000000000000000000, -1.000000000000000000 ) ) ;
#3130 = FACE_OUTER_BOUND ( 'NONE', #3383, .T. ) ;
#3131 = AXIS2_PLACEMENT_3D ( 'NONE', #986, #2558, #2698 ) ;
#3132 = DIRECTION ( 'NONE',  ( -0.000000000000000000, -1.000000000000000000, -0.000000000000000000 ) ) ;
#3133 = DIRECTION ( 'NONE',  ( -0.000000000000000000, -1.000000000000000000, 0.000000000000000000 ) ) ;
#3134 = CARTESIAN_POINT ( 'NONE',  ( -10.56417531092689721, 0.000000000000000000, -10.12576910659149121 ) ) ;
#3135 = AXIS2_PLACEMENT_3D ( 'NONE', #423, #639, #3040 ) ;
#3136 = ORIENTED_EDGE ( 'NONE', *, *, #2942, .T. ) ;
#3137 = AXIS2_PLACEMENT_3D ( 'NONE', #2079, #3065, #457 ) ;
#3138 = VECTOR ( 'NONE', #282, 1000.000000000000000 ) ;
#3139 = DIRECTION ( 'NONE',  ( 0.000000000000000000, 1.000000000000000000, -0.000000000000000000 ) ) ;
#3140 = ADVANCED_FACE ( 'NONE', ( #1467 ), #2535, .T. ) ;
#3141 = CARTESIAN_POINT ( 'NONE',  ( -11.91605062147254479, 7.000000000000000000, 4.358455715843199130 ) ) ;
#3142 = VERTEX_POINT ( 'NONE', #1216 ) ;
#3143 = DIRECTION ( 'NONE',  ( 0.000000000000000000, 1.000000000000000000, -0.000000000000000000 ) ) ;
#3144 = LINE ( 'NONE', #211, #3369 ) ;
#3145 = DIRECTION ( 'NONE',  ( -0.000000000000000000, -1.000000000000000000, -0.000000000000000000 ) ) ;
#3146 = EDGE_CURVE ( 'NONE', #923, #2181, #2779, .T. ) ;
#3147 = CYLINDRICAL_SURFACE ( 'NONE', #3296, 5.400000000000000355 ) ;
#3148 = CARTESIAN_POINT ( 'NONE',  ( -10.56417531092689721, 7.000000000000000000, -10.12576910659149121 ) ) ;
#3149 = EDGE_CURVE ( 'NONE', #1212, #2060, #2202, .T. ) ;
#3150 = CIRCLE ( 'NONE', #233, 5.400000000000000355 ) ;
#3151 = LINE ( 'NONE', #1566, #389 ) ;
#3152 = DIRECTION ( 'NONE',  ( 0.000000000000000000, 0.000000000000000000, -1.000000000000000000 ) ) ;
#3153 = ORIENTED_EDGE ( 'NONE', *, *, #603, .T. ) ;
#3154 = ORIENTED_EDGE ( 'NONE', *, *, #2478, .T. ) ;
#3155 = FACE_OUTER_BOUND ( 'NONE', #2406, .T. ) ;
#3156 = FACE_OUTER_BOUND ( 'NONE', #1856, .T. ) ;
#3157 = ORIENTED_EDGE ( 'NONE', *, *, #708, .T. ) ;
#3158 = EDGE_CURVE ( 'NONE', #2107, #755, #113, .T. ) ;
#3159 = ORIENTED_EDGE ( 'NONE', *, *, #1223, .T. ) ;
#3160 = DIRECTION ( 'NONE',  ( 0.000000000000000000, 0.000000000000000000, 1.000000000000000000 ) ) ;
#3161 = CARTESIAN_POINT ( 'NONE',  ( 7.583467875173190542, 7.000000000000000000, -12.51495165736633020 ) ) ;
#3162 = DIRECTION ( 'NONE',  ( 0.000000000000000000, 1.000000000000000000, -0.000000000000000000 ) ) ;
#3163 = CARTESIAN_POINT ( 'NONE',  ( 11.40912354214818336, 0.000000000000000000, 4.000000000000006217 ) ) ;
#3164 = ADVANCED_FACE ( 'NONE', ( #1416 ), #1453, .T. ) ;
#3165 = ORIENTED_EDGE ( 'NONE', *, *, #2973, .T. ) ;
#3166 = CARTESIAN_POINT ( 'NONE',  ( 4.358455715843323475, 0.000000000000000000, -11.91605062147249861 ) ) ;
#3167 = EDGE_CURVE ( 'NONE', #1991, #1725, #672, .T. ) ;
#3168 = CARTESIAN_POINT ( 'NONE',  ( 0.000000000000000000, 0.000000000000000000, 0.000000000000000000 ) ) ;
#3169 = ORIENTED_EDGE ( 'NONE', *, *, #2341, .F. ) ;
#3170 = DIRECTION ( 'NONE',  ( 0.000000000000000000, 0.000000000000000000, -1.000000000000000000 ) ) ;
#3171 = LINE ( 'NONE', #829, #3015 ) ;
#3172 = AXIS2_PLACEMENT_3D ( 'NONE', #1972, #1460, #2788 ) ;
#3173 = VERTEX_POINT ( 'NONE', #2731 ) ;
#3174 = ORIENTED_EDGE ( 'NONE', *, *, #823, .T. ) ;
#3175 = CARTESIAN_POINT ( 'NONE',  ( -7.314999999999869829, 7.000000000000000000, -12.66995165736641837 ) ) ;
#3176 = AXIS2_PLACEMENT_3D ( 'NONE', #3401, #3112, #2103 ) ;
#3177 = DIRECTION ( 'NONE',  ( 0.000000000000000000, 0.000000000000000000, 1.000000000000000000 ) ) ;
#3178 = ORIENTED_EDGE ( 'NONE', *, *, #1175, .F. ) ;
#3179 = CIRCLE ( 'NONE', #1092, 5.400000000000002132 ) ;
#3180 = LINE ( 'NONE', #883, #3191 ) ;
#3181 = DIRECTION ( 'NONE',  ( 0.000000000000000000, 1.000000000000000000, -0.000000000000000000 ) ) ;
#3182 = EDGE_CURVE ( 'NONE', #2616, #2649, #979, .T. ) ;
#3183 = ADVANCED_FACE ( 'NONE', ( #3275 ), #1965, .T. ) ;
#3184 = PRESENTATION_LAYER_ASSIGNMENT (  '', '', ( #996 ) ) ;
#3185 = CARTESIAN_POINT ( 'NONE',  ( 0.000000000000000000, 0.000000000000000000, 0.000000000000000000 ) ) ;
#3186 = VERTEX_POINT ( 'NONE', #2497 ) ;
#3187 = FACE_OUTER_BOUND ( 'NONE', #2455, .T. ) ;
#3188 =( NAMED_UNIT ( * ) PLANE_ANGLE_UNIT ( ) SI_UNIT ( $, .RADIAN. ) );
#3189 = EDGE_CURVE ( 'NONE', #954, #969, #1375, .T. ) ;
#3190 = ORIENTED_EDGE ( 'NONE', *, *, #321, .F. ) ;
#3191 = VECTOR ( 'NONE', #2916, 1000.000000000000000 ) ;
#3192 = AXIS2_PLACEMENT_3D ( 'NONE', #2461, #1695, #1182 ) ;
#3193 = FACE_OUTER_BOUND ( 'NONE', #61, .T. ) ;
#3194 = LINE ( 'NONE', #617, #504 ) ;
#3195 = VERTEX_POINT ( 'NONE', #3036 ) ;
#3196 = DIRECTION ( 'NONE',  ( -0.7071067811865445751, 0.000000000000000000, -0.7071067811865504593 ) ) ;
#3197 = VECTOR ( 'NONE', #101, 1000.000000000000000 ) ;
#3198 = DIRECTION ( 'NONE',  ( 0.000000000000000000, 1.000000000000000000, -0.000000000000000000 ) ) ;
#3199 = ADVANCED_FACE ( 'NONE', ( #689 ), #2760, .T. ) ;
#3200 = CARTESIAN_POINT ( 'NONE',  ( 0.3099999999999999978, 7.000000000000000000, -14.63000000000000078 ) ) ;
#3201 = ORIENTED_EDGE ( 'NONE', *, *, #2487, .T. ) ;
#3202 = CYLINDRICAL_SURFACE ( 'NONE', #142, 12.08999999999999986 ) ;
#3203 = CYLINDRICAL_SURFACE ( 'NONE', #3, 5.400000000000000355 ) ;
#3204 = CARTESIAN_POINT ( 'NONE',  ( 10.95143686171757658, 7.000000000000000000, -5.121926460211381205 ) ) ;
#3205 = EDGE_CURVE ( 'NONE', #126, #1458, #3345, .T. ) ;
#3206 = ORIENTED_EDGE ( 'NONE', *, *, #606, .F. ) ;
#3207 = CARTESIAN_POINT ( 'NONE',  ( 12.66995165736636864, 0.000000000000000000, -7.314999999999946212 ) ) ;
#3208 = EDGE_CURVE ( 'NONE', #2172, #1194, #45, .T. ) ;
#3209 = CARTESIAN_POINT ( 'NONE',  ( -6.923259300082909462, 0.000000000000000000, -9.911436861717655589 ) ) ;
#3210 = ORIENTED_EDGE ( 'NONE', *, *, #2234, .F. ) ;
#3211 = VERTEX_POINT ( 'NONE', #2356 ) ;
#3212 = DIRECTION ( 'NONE',  ( -0.000000000000000000, -1.000000000000000000, -0.000000000000000000 ) ) ;
#3213 = CYLINDRICAL_SURFACE ( 'NONE', #375, 5.400000000000002132 ) ;
#3214 = ORIENTED_EDGE ( 'NONE', *, *, #3158, .F. ) ;
#3215 = DIRECTION ( 'NONE',  ( 0.000000000000000000, 1.000000000000000000, -0.000000000000000000 ) ) ;
#3216 = FACE_OUTER_BOUND ( 'NONE', #1042, .T. ) ;
#3217 = LINE ( 'NONE', #1864, #1865 ) ;
#3218 = EDGE_LOOP ( 'NONE', ( #48, #244, #3081, #409 ) ) ;
#3219 = ORIENTED_EDGE ( 'NONE', *, *, #2049, .F. ) ;
#3220 = EDGE_CURVE ( 'NONE', #2100, #3364, #2911, .T. ) ;
#3221 = DIRECTION ( 'NONE',  ( 0.000000000000000000, 0.000000000000000000, -1.000000000000000000 ) ) ;
#3222 = DIRECTION ( 'NONE',  ( 0.000000000000000000, 1.000000000000000000, -0.000000000000000000 ) ) ;
#3223 = EDGE_LOOP ( 'NONE', ( #1945, #865, #159, #3201 ) ) ;
#3224 = CIRCLE ( 'NONE', #23, 5.400000000000000355 ) ;
#3225 = AXIS2_PLACEMENT_3D ( 'NONE', #844, #2976, #2453 ) ;
#3226 = CARTESIAN_POINT ( 'NONE',  ( 30.75000000000000000, 0.000000000000000000, -4.000000000000006217 ) ) ;
#3227 = CARTESIAN_POINT ( 'NONE',  ( -12.49883040889816854, 0.000000000000000000, -7.583491939546587624 ) ) ;
#3228 = ORIENTED_EDGE ( 'NONE', *, *, #2529, .T. ) ;
#3229 = LINE ( 'NONE', #1877, #1089 ) ;
#3230 = AXIS2_PLACEMENT_3D ( 'NONE', #2655, #2150, #2115 ) ;
#3231 = AXIS2_PLACEMENT_3D ( 'NONE', #3074, #71, #1177 ) ;
#3232 = ORIENTED_EDGE ( 'NONE', *, *, #2837, .T. ) ;
#3233 = DIRECTION ( 'NONE',  ( 0.000000000000000000, 0.000000000000000000, 1.000000000000000000 ) ) ;
#3234 = DIRECTION ( 'NONE',  ( -0.000000000000000000, -1.000000000000000000, -0.000000000000000000 ) ) ;
#3235 = MECHANICAL_DESIGN_GEOMETRIC_PRESENTATION_REPRESENTATION (  '', ( #996 ), #324 ) ;
#3236 = ORIENTED_EDGE ( 'NONE', *, *, #3328, .F. ) ;
#3237 = ORIENTED_EDGE ( 'NONE', *, *, #1377, .F. ) ;
#3238 = EDGE_CURVE ( 'NONE', #2584, #1998, #2818, .T. ) ;
#3239 = DIRECTION ( 'NONE',  ( -0.000000000000000000, -1.000000000000000000, -0.000000000000000000 ) ) ;
#3240 = CARTESIAN_POINT ( 'NONE',  ( -9.252623584189915817, 7.000000000000000000, 7.781841479321752075 ) ) ;
#3241 = VECTOR ( 'NONE', #1873, 1000.000000000000000 ) ;
#3242 = ORIENTED_EDGE ( 'NONE', *, *, #1903, .T. ) ;
#3243 = AXIS2_PLACEMENT_3D ( 'NONE', #301, #564, #2135 ) ;
#3244 = VECTOR ( 'NONE', #980, 1000.000000000000000 ) ;
#3245 = FACE_OUTER_BOUND ( 'NONE', #2551, .T. ) ;
#3246 = DIRECTION ( 'NONE',  ( 0.000000000000000000, 1.000000000000000000, -0.000000000000000000 ) ) ;
#3247 = PLANE ( 'NONE',  #2016 ) ;
#3248 = EDGE_CURVE ( 'NONE', #2378, #3363, #2873, .T. ) ;
#3249 = EDGE_LOOP ( 'NONE', ( #2816, #344, #1730, #1519 ) ) ;
#3250 = EDGE_CURVE ( 'NONE', #2834, #451, #2303, .T. ) ;
#3251 = CARTESIAN_POINT ( 'NONE',  ( -2.183491939546281291, 7.000000000000000000, -12.49883040889822361 ) ) ;
#3252 = EDGE_CURVE ( 'NONE', #1739, #2383, #2139, .T. ) ;
#3253 = AXIS2_PLACEMENT_3D ( 'NONE', #2869, #2318, #523 ) ;
#3254 = CARTESIAN_POINT ( 'NONE',  ( -7.583467875173016459, 0.000000000000000000, -12.51495165736643855 ) ) ;
#3255 = AXIS2_PLACEMENT_3D ( 'NONE', #788, #2305, #2860 ) ;
#3256 = ORIENTED_EDGE ( 'NONE', *, *, #1985, .T. ) ;
#3257 = ORIENTED_EDGE ( 'NONE', *, *, #77, .F. ) ;
#3258 = AXIS2_PLACEMENT_3D ( 'NONE', #1797, #1741, #125 ) ;
#3259 = CARTESIAN_POINT ( 'NONE',  ( 12.51495165736635506, 7.000000000000000000, -7.583467875173147910 ) ) ;
#3260 = DIRECTION ( 'NONE',  ( -0.000000000000000000, -1.000000000000000000, -0.000000000000000000 ) ) ;
#3261 = DIRECTION ( 'NONE',  ( 0.000000000000000000, 1.000000000000000000, -0.000000000000000000 ) ) ;
#3262 = CARTESIAN_POINT ( 'NONE',  ( 7.046532124826839549, 7.000000000000000000, -12.82495165736633069 ) ) ;
#3263 = DIRECTION ( 'NONE',  ( -0.000000000000000000, -1.000000000000000000, 0.000000000000000000 ) ) ;
#3264 = DIRECTION ( 'NONE',  ( 0.000000000000000000, 0.000000000000000000, 1.000000000000000000 ) ) ;
#3265 = ORIENTED_EDGE ( 'NONE', *, *, #1128, .T. ) ;
#3266 = LINE ( 'NONE', #2737, #2114 ) ;
#3267 = EDGE_CURVE ( 'NONE', #181, #3364, #2901, .T. ) ;
#3268 = VERTEX_POINT ( 'NONE', #1569 ) ;
#3269 = EDGE_CURVE ( 'NONE', #2774, #2853, #1056, .T. ) ;
#3270 = FACE_OUTER_BOUND ( 'NONE', #2509, .T. ) ;
#3271 = CARTESIAN_POINT ( 'NONE',  ( 6.923259300083047130, 0.000000000000000000, -9.911436861717559665 ) ) ;
#3272 = ORIENTED_EDGE ( 'NONE', *, *, #2942, .F. ) ;
#3273 = ORIENTED_EDGE ( 'NONE', *, *, #454, .T. ) ;
#3274 = CARTESIAN_POINT ( 'NONE',  ( 7.583467875173190542, 7.000000000000000000, -12.51495165736633020 ) ) ;
#3275 = FACE_OUTER_BOUND ( 'NONE', #1140, .T. ) ;
#3276 = CYLINDRICAL_SURFACE ( 'NONE', #2790, 5.400000000000000355 ) ;
#3277 = FACE_OUTER_BOUND ( 'NONE', #1473, .T. ) ;
#3278 = FACE_OUTER_BOUND ( 'NONE', #1743, .T. ) ;
#3279 = ORIENTED_EDGE ( 'NONE', *, *, #606, .T. ) ;
#3280 = DIRECTION ( 'NONE',  ( 0.000000000000000000, 0.000000000000000000, -1.000000000000000000 ) ) ;
#3281 = EDGE_CURVE ( 'NONE', #1929, #929, #2688, .T. ) ;
#3282 = CIRCLE ( 'NONE', #484, 5.400000000000002132 ) ;
#3283 = AXIS2_PLACEMENT_3D ( 'NONE', #2784, #656, #972 ) ;
#3284 = EDGE_LOOP ( 'NONE', ( #187, #1109, #366, #2962 ) ) ;
#3285 = VECTOR ( 'NONE', #1047, 1000.000000000000000 ) ;
#3286 = LINE ( 'NONE', #2006, #1436 ) ;
#3287 = CARTESIAN_POINT ( 'NONE',  ( 0.000000000000000000, 7.000000000000000000, 0.000000000000000000 ) ) ;
#3288 = CIRCLE ( 'NONE', #88, 5.400000000000002132 ) ;
#3289 = ORIENTED_EDGE ( 'NONE', *, *, #2908, .F. ) ;
#3290 = VERTEX_POINT ( 'NONE', #2801 ) ;
#3291 = DIRECTION ( 'NONE',  ( -0.000000000000000000, -1.000000000000000000, -0.000000000000000000 ) ) ;
#3292 = DIRECTION ( 'NONE',  ( 0.000000000000000000, -1.000000000000000000, 0.000000000000000000 ) ) ;
#3293 = EDGE_CURVE ( 'NONE', #1931, #2156, #2077, .T. ) ;
#3294 = VERTEX_POINT ( 'NONE', #1505 ) ;
#3295 = DIRECTION ( 'NONE',  ( 0.000000000000000000, 0.000000000000000000, 1.000000000000000000 ) ) ;
#3296 = AXIS2_PLACEMENT_3D ( 'NONE', #1550, #518, #1578 ) ;
#3297 = CARTESIAN_POINT ( 'NONE',  ( -10.34497220875906898, 7.000000000000000000, -10.34497220875931411 ) ) ;
#3298 = FACE_OUTER_BOUND ( 'NONE', #833, .T. ) ;
#3299 = AXIS2_PLACEMENT_3D ( 'NONE', #2656, #1367, #2683 ) ;
#3300 = ORIENTED_EDGE ( 'NONE', *, *, #520, .T. ) ;
#3301 = CARTESIAN_POINT ( 'NONE',  ( 0.000000000000000000, 2.000000000000000000, 0.000000000000000000 ) ) ;
#3302 = EDGE_CURVE ( 'NONE', #1111, #2185, #550, .T. ) ;
#3303 = ORIENTED_EDGE ( 'NONE', *, *, #1887, .F. ) ;
#3304 = DIRECTION ( 'NONE',  ( -0.2588190451025300653, 0.000000000000000000, 0.9659258262890657587 ) ) ;
#3305 = DIRECTION ( 'NONE',  ( 0.9659258262890703106, 0.000000000000000000, -0.2588190451025131900 ) ) ;
#3306 = ORIENTED_EDGE ( 'NONE', *, *, #2709, .T. ) ;
#3307 = ORIENTED_EDGE ( 'NONE', *, *, #3250, .F. ) ;
#3308 = ORIENTED_EDGE ( 'NONE', *, *, #3108, .T. ) ;
#3309 = AXIS2_PLACEMENT_3D ( 'NONE', #1139, #536, #1554 ) ;
#3310 = DIRECTION ( 'NONE',  ( 0.000000000000000000, 1.000000000000000000, -0.000000000000000000 ) ) ;
#3311 = EDGE_CURVE ( 'NONE', #1645, #397, #2567, .T. ) ;
#3312 = CARTESIAN_POINT ( 'NONE',  ( 4.122086335902443999, 7.000000000000000000, 11.36558420141113324 ) ) ;
#3313 = ORIENTED_EDGE ( 'NONE', *, *, #2799, .T. ) ;
#3314 = AXIS2_PLACEMENT_3D ( 'NONE', #2145, #873, #2422 ) ;
#3315 = ADVANCED_FACE ( 'NONE', ( #1835 ), #2339, .T. ) ;
#3316 = DIRECTION ( 'NONE',  ( 0.000000000000000000, 0.000000000000000000, 1.000000000000000000 ) ) ;
#3317 = LINE ( 'NONE', #2001, #1609 ) ;
#3318 = DIRECTION ( 'NONE',  ( -0.000000000000000000, -1.000000000000000000, -0.000000000000000000 ) ) ;
#3319 = CARTESIAN_POINT ( 'NONE',  ( -8.186775630174415172E-14, 7.000000000000000000, 14.63000000000000078 ) ) ;
#3320 = ORIENTED_EDGE ( 'NONE', *, *, #3252, .T. ) ;
#3321 = DIRECTION ( 'NONE',  ( 0.000000000000000000, 0.000000000000000000, -1.000000000000000000 ) ) ;
#3322 = CARTESIAN_POINT ( 'NONE',  ( 9.252623584189860750, 0.000000000000000000, -7.781841479321816024 ) ) ;
#3323 = ORIENTED_EDGE ( 'NONE', *, *, #2425, .F. ) ;
#3324 = ORIENTED_EDGE ( 'NONE', *, *, #603, .F. ) ;
#3325 = LINE ( 'NONE', #1284, #1202 ) ;
#3326 = DIRECTION ( 'NONE',  ( 0.000000000000000000, 0.000000000000000000, 1.000000000000000000 ) ) ;
#3327 = ORIENTED_EDGE ( 'NONE', *, *, #3158, .T. ) ;
#3328 = EDGE_CURVE ( 'NONE', #1613, #2325, #1700, .T. ) ;
#3329 = CARTESIAN_POINT ( 'NONE',  ( -7.314999999999869829, 0.000000000000000000, -12.66995165736641837 ) ) ;
#3330 = CARTESIAN_POINT ( 'NONE',  ( 6.923259300083047130, 7.000000000000000000, -9.911436861717559665 ) ) ;
#3331 = DIRECTION ( 'NONE',  ( -0.000000000000000000, -1.000000000000000000, -0.000000000000000000 ) ) ;
#3332 = ORIENTED_EDGE ( 'NONE', *, *, #3039, .T. ) ;
#3333 = CARTESIAN_POINT ( 'NONE',  ( 10.34497220875914891, 7.000000000000000000, 10.34497220875923240 ) ) ;
#3334 = DIRECTION ( 'NONE',  ( -0.000000000000000000, -1.000000000000000000, -0.000000000000000000 ) ) ;
#3335 = VECTOR ( 'NONE', #135, 1000.000000000000000 ) ;
#3336 = AXIS2_PLACEMENT_3D ( 'NONE', #2693, #2720, #2449 ) ;
#3337 = FACE_OUTER_BOUND ( 'NONE', #317, .T. ) ;
#3338 = DIRECTION ( 'NONE',  ( 0.000000000000000000, 0.000000000000000000, 1.000000000000000000 ) ) ;
#3339 = EDGE_LOOP ( 'NONE', ( #647, #349, #524, #2699 ) ) ;
#3340 = VERTEX_POINT ( 'NONE', #3123 ) ;
#3341 = ORIENTED_EDGE ( 'NONE', *, *, #2479, .F. ) ;
#3342 = AXIS2_PLACEMENT_3D ( 'NONE', #2039, #2594, #2555 ) ;
#3343 = PLANE ( 'NONE',  #1810 ) ;
#3344 = VECTOR ( 'NONE', #2078, 1000.000000000000000 ) ;
#3345 = LINE ( 'NONE', #186, #388 ) ;
#3346 = ADVANCED_FACE ( 'NONE', ( #1818 ), #726, .T. ) ;
#3347 = VECTOR ( 'NONE', #2482, 1000.000000000000000 ) ;
#3348 = CARTESIAN_POINT ( 'NONE',  ( -7.046532124826661914, 7.000000000000000000, -12.82495165736643372 ) ) ;
#3349 = CARTESIAN_POINT ( 'NONE',  ( 11.50781379157947093, 0.000000000000000000, -5.344026607231275428 ) ) ;
#3350 = CARTESIAN_POINT ( 'NONE',  ( 3.487085623700276749, 0.000000000000000000, -14.21172874259084828 ) ) ;
#3351 = ORIENTED_EDGE ( 'NONE', *, *, #1190, .F. ) ;
#3352 = EDGE_CURVE ( 'NONE', #2099, #1613, #1313, .T. ) ;
#3353 = CARTESIAN_POINT ( 'NONE',  ( 4.122086335902443999, 7.000000000000000000, 11.36558420141113324 ) ) ;
#3354 = CARTESIAN_POINT ( 'NONE',  ( -12.66995165736641837, 0.000000000000000000, 7.314999999999869829 ) ) ;
#3355 = EDGE_CURVE ( 'NONE', #2530, #1798, #1478, .T. ) ;
#3356 = ORIENTED_EDGE ( 'NONE', *, *, #649, .F. ) ;
#3357 = AXIS2_PLACEMENT_3D ( 'NONE', #1420, #3019, #1493 ) ;
#3358 = AXIS2_PLACEMENT_3D ( 'NONE', #3366, #2036, #2588 ) ;
#3359 = AXIS2_PLACEMENT_3D ( 'NONE', #1258, #2248, #1796 ) ;
#3360 = CYLINDRICAL_SURFACE ( 'NONE', #443, 12.08999999999999986 ) ;
#3361 = EDGE_CURVE ( 'NONE', #2874, #1614, #3217, .T. ) ;
#3362 = ORIENTED_EDGE ( 'NONE', *, *, #2529, .F. ) ;
#3363 = VERTEX_POINT ( 'NONE', #332 ) ;
#3364 = VERTEX_POINT ( 'NONE', #2887 ) ;
#3365 = LINE ( 'NONE', #762, #2838 ) ;
#3366 = CARTESIAN_POINT ( 'NONE',  ( 5.344026607231316284, 7.000000000000000000, -11.50781379157945139 ) ) ;
#3367 = ORIENTED_EDGE ( 'NONE', *, *, #2015, .F. ) ;
#3368 = ORIENTED_EDGE ( 'NONE', *, *, #951, .T. ) ;
#3369 = VECTOR ( 'NONE', #1804, 1000.000000000000000 ) ;
#3370 = FACE_OUTER_BOUND ( 'NONE', #44, .T. ) ;
#3371 = DIRECTION ( 'NONE',  ( 0.000000000000000000, 1.000000000000000000, -0.000000000000000000 ) ) ;
#3372 = FACE_OUTER_BOUND ( 'NONE', #382, .T. ) ;
#3373 = ORIENTED_EDGE ( 'NONE', *, *, #2844, .F. ) ;
#3374 = CARTESIAN_POINT ( 'NONE',  ( 10.56417531092703932, 7.000000000000000000, -10.12576910659134732 ) ) ;
#3375 = CARTESIAN_POINT ( 'NONE',  ( -8.140374693054754474, 0.000000000000000000, -9.732558681926153810 ) ) ;
#3376 = ORIENTED_EDGE ( 'NONE', *, *, #2905, .T. ) ;
#3377 = ADVANCED_FACE ( 'NONE', ( #541 ), #41, .T. ) ;
#3378 = DIRECTION ( 'NONE',  ( -0.000000000000000000, -1.000000000000000000, -0.000000000000000000 ) ) ;
#3379 = CARTESIAN_POINT ( 'NONE',  ( 10.12576910659138463, 7.000000000000000000, -10.56417531092700557 ) ) ;
#3380 = ADVANCED_FACE ( 'NONE', ( #2162 ), #813, .T. ) ;
#3381 = FACE_OUTER_BOUND ( 'NONE', #2700, .T. ) ;
#3382 = DIRECTION ( 'NONE',  ( 0.000000000000000000, 0.000000000000000000, 1.000000000000000000 ) ) ;
#3383 = EDGE_LOOP ( 'NONE', ( #2198, #2653, #37, #80 ) ) ;
#3384 = CYLINDRICAL_SURFACE ( 'NONE', #1322, 12.08999999999999986 ) ;
#3385 = FACE_OUTER_BOUND ( 'NONE', #2346, .T. ) ;
#3386 = CARTESIAN_POINT ( 'NONE',  ( -0.3100000000001021938, 7.000000000000000000, 14.62999999999999901 ) ) ;
#3387 = DIRECTION ( 'NONE',  ( 0.000000000000000000, 0.000000000000000000, 1.000000000000000000 ) ) ;
#3388 = CARTESIAN_POINT ( 'NONE',  ( 1.125844095427633196, 0.000000000000000000, -12.63807238914436581 ) ) ;
#3389 = EDGE_CURVE ( 'NONE', #605, #1593, #1815, .T. ) ;
#3390 = CIRCLE ( 'NONE', #1303, 5.400000000000002132 ) ;
#3391 = DIRECTION ( 'NONE',  ( 0.000000000000000000, 1.000000000000000000, -0.000000000000000000 ) ) ;
#3392 = VECTOR ( 'NONE', #737, 1000.000000000000000 ) ;
#3393 = EDGE_CURVE ( 'NONE', #2152, #2163, #2423, .T. ) ;
#3394 = LINE ( 'NONE', #3063, #3344 ) ;
#3395 = CARTESIAN_POINT ( 'NONE',  ( 7.294045781913019333, 7.000000000000000000, 10.38196969615204779 ) ) ;
#3396 = MANIFOLD_SOLID_BREP ( 'Boss-Extrude2', #3096 ) ;
#3397 = PRODUCT_DEFINITION_SHAPE ( 'NONE', 'NONE',  #557 ) ;
#3398 = VECTOR ( 'NONE', #2254, 999.9999999999998863 ) ;
#3399 = DIRECTION ( 'NONE',  ( 0.000000000000000000, 0.000000000000000000, 1.000000000000000000 ) ) ;
#3400 = DIRECTION ( 'NONE',  ( 0.8660254037844377084, 0.000000000000000000, 0.5000000000000017764 ) ) ;
#3401 = CARTESIAN_POINT ( 'NONE',  ( -10.38196969615191456, 0.000000000000000000, -7.294045781913199633 ) ) ;
#3402 = EDGE_LOOP ( 'NONE', ( #1618, #2765, #1368, #3116 ) ) ;
#3403 = VECTOR ( 'NONE', #1551, 1000.000000000000000 ) ;
#3404 = CARTESIAN_POINT ( 'NONE',  ( 0.3099999999998978018, 0.000000000000000000, 14.63000000000000256 ) ) ;
#3405 = CARTESIAN_POINT ( 'NONE',  ( -6.923259300082909462, 7.000000000000000000, -9.911436861717655589 ) ) ;
#3406 = CARTESIAN_POINT ( 'NONE',  ( 9.732558681926068544, 7.000000000000000000, -8.140374693054859279 ) ) ;
#3407 = ORIENTED_EDGE ( 'NONE', *, *, #3293, .T. ) ;
#3408 = VERTEX_POINT ( 'NONE', #1848 ) ;
#3409 = AXIS2_PLACEMENT_3D ( 'NONE', #473, #3086, #1767 ) ;
#3410 = ADVANCED_FACE ( 'NONE', ( #1398 ), #845, .T. ) ;
#3411 = ADVANCED_FACE ( 'NONE', ( #3156 ), #2098, .T. ) ;
#3412 = AXIS2_PLACEMENT_3D ( 'NONE', #1507, #2573, #1268 ) ;
#3413 = DIRECTION ( 'NONE',  ( 0.000000000000000000, 0.000000000000000000, -1.000000000000000000 ) ) ;
#3414 = CARTESIAN_POINT ( 'NONE',  ( 2.183491939546367888, 7.000000000000000000, 12.49883040889820585 ) ) ;
#3415 = VERTEX_POINT ( 'NONE', #1625 ) ;
#3416 = ORIENTED_EDGE ( 'NONE', *, *, #2549, .T. ) ;
#3417 = CARTESIAN_POINT ( 'NONE',  ( 0.000000000000000000, 7.000000000000000000, -14.63000000000000078 ) ) ;
#3418 = CARTESIAN_POINT ( 'NONE',  ( 10.95143686171753927, 7.000000000000000000, 5.121926460211458476 ) ) ;
#3419 = ORIENTED_EDGE ( 'NONE', *, *, #2386, .T. ) ;
#3420 = EDGE_CURVE ( 'NONE', #2172, #695, #3171, .T. ) ;
#3421 = CARTESIAN_POINT ( 'NONE',  ( 0.000000000000000000, 2.000000000000000000, 0.000000000000000000 ) ) ;
#3422 = LINE ( 'NONE', #1343, #660 ) ;
ENDSEC;
END-ISO-10303-21;
