ISO-10303-21;
HEADER;
FILE_DESCRIPTION (( 'STEP AP214' ),
    '1' );
FILE_NAME ('Gear 2.STEP',
    '2026-08-26T09:48:43',
    ( '' ),
    ( '' ),
    'SwSTEP 2.0',
    'SolidWorks 2025',
    '' );
FILE_SCHEMA (( 'AUTOMOTIVE_DESIGN' ));
ENDSEC;

DATA;
#1 = CIRCLE ( 'NONE', #1019, 3.500000000000000000 ) ;
#2 = CARTESIAN_POINT ( 'NONE',  ( 0.000000000000000000, 0.000000000000000000, 0.000000000000000000 ) ) ;
#3 = ORIENTED_EDGE ( 'NONE', *, *, #1515, .F. ) ;
#4 = ORIENTED_EDGE ( 'NONE', *, *, #2086, .T. ) ;
#5 = VECTOR ( 'NONE', #1809, 1000.000000000000000 ) ;
#6 = FACE_OUTER_BOUND ( 'NONE', #17, .T. ) ;
#7 = CARTESIAN_POINT ( 'NONE',  ( 0.000000000000000000, 0.000000000000000000, 0.000000000000000000 ) ) ;
#8 = EDGE_CURVE ( 'NONE', #1475, #717, #1542, .T. ) ;
#9 = EDGE_LOOP ( 'NONE', ( #630, #992 ) ) ;
#10 = CYLINDRICAL_SURFACE ( 'NONE', #658, 5.399999999999999467 ) ;
#11 = ORIENTED_EDGE ( 'NONE', *, *, #207, .T. ) ;
#12 = DIRECTION ( 'NONE',  ( 1.000000000000000000, 0.000000000000000000, 0.000000000000000000 ) ) ;
#13 = CIRCLE ( 'NONE', #202, 5.399999999999999467 ) ;
#14 = AXIS2_PLACEMENT_3D ( 'NONE', #2122, #1796, #1975 ) ;
#15 = CYLINDRICAL_SURFACE ( 'NONE', #329, 5.400000000000000355 ) ;
#16 = EDGE_CURVE ( 'NONE', #2050, #339, #2003, .T. ) ;
#17 = EDGE_LOOP ( 'NONE', ( #653, #1663, #1451, #343 ) ) ;
#18 = VECTOR ( 'NONE', #187, 1000.000000000000000 ) ;
#19 = VECTOR ( 'NONE', #902, 1000.000000000000000 ) ;
#20 = CYLINDRICAL_SURFACE ( 'NONE', #1641, 5.400000000000001243 ) ;
#21 = ORIENTED_EDGE ( 'NONE', *, *, #2001, .F. ) ;
#22 = EDGE_CURVE ( 'NONE', #1716, #1460, #1532, .T. ) ;
#23 = CARTESIAN_POINT ( 'NONE',  ( -3.786522629849679245, 14.13149483860912525, 7.000000000000000000 ) ) ;
#24 = ADVANCED_FACE ( 'NONE', ( #1371 ), #1719, .T. ) ;
#25 = CARTESIAN_POINT ( 'NONE',  ( -7.781841479322172184, 9.252623584189562322, 7.000000000000000000 ) ) ;
#26 = CARTESIAN_POINT ( 'NONE',  ( 11.50781379157988304, 5.344026607232171600, 7.000000000000000000 ) ) ;
#27 = ORIENTED_EDGE ( 'NONE', *, *, #846, .F. ) ;
#28 = CARTESIAN_POINT ( 'NONE',  ( 7.294045781913094828, 10.38196969615200338, 7.000000000000000000 ) ) ;
#29 = VECTOR ( 'NONE', #1659, 1000.000000000000000 ) ;
#30 = EDGE_LOOP ( 'NONE', ( #537, #1053, #883, #2014 ) ) ;
#31 = VECTOR ( 'NONE', #826, 1000.000000000000000 ) ;
#32 = EDGE_CURVE ( 'NONE', #1845, #908, #400, .T. ) ;
#33 = DIRECTION ( 'NONE',  ( -0.000000000000000000, -0.000000000000000000, -1.000000000000000000 ) ) ;
#34 = DIRECTION ( 'NONE',  ( -0.000000000000000000, 0.000000000000000000, 1.000000000000000000 ) ) ;
#35 = LINE ( 'NONE', #1843, #64 ) ;
#36 = DIRECTION ( 'NONE',  ( -0.000000000000000000, -0.000000000000000000, -1.000000000000000000 ) ) ;
#37 = ORIENTED_EDGE ( 'NONE', *, *, #1524, .F. ) ;
#38 = DIRECTION ( 'NONE',  ( 1.000000000000000000, 0.000000000000000000, 0.000000000000000000 ) ) ;
#39 = DIRECTION ( 'NONE',  ( 1.000000000000000000, 1.793841638725282993E-16, 0.000000000000000000 ) ) ;
#40 = ORIENTED_EDGE ( 'NONE', *, *, #334, .T. ) ;
#41 = EDGE_CURVE ( 'NONE', #1982, #738, #1700, .T. ) ;
#42 = EDGE_CURVE ( 'NONE', #1335, #2127, #2063, .T. ) ;
#43 = ORIENTED_EDGE ( 'NONE', *, *, #1572, .T. ) ;
#44 = ORIENTED_EDGE ( 'NONE', *, *, #1789, .T. ) ;
#45 = CARTESIAN_POINT ( 'NONE',  ( 30.75000000000000000, 4.000000000000006217, 7.000000000000000000 ) ) ;
#46 = VECTOR ( 'NONE', #1649, 1000.000000000000000 ) ;
#47 = ADVANCED_FACE ( 'NONE', ( #753 ), #81, .F. ) ;
#48 = CARTESIAN_POINT ( 'NONE',  ( -12.51495165736577242, 7.583467875172034134, 7.000000000000000000 ) ) ;
#49 = DIRECTION ( 'NONE',  ( 1.000000000000000000, 0.000000000000000000, 0.000000000000000000 ) ) ;
#50 = LINE ( 'NONE', #546, #1732 ) ;
#51 = ORIENTED_EDGE ( 'NONE', *, *, #1027, .T. ) ;
#52 = CIRCLE ( 'NONE', #725, 5.400000000000000355 ) ;
#53 = VERTEX_POINT ( 'NONE', #913 ) ;
#54 = CYLINDRICAL_SURFACE ( 'NONE', #652, 12.08999999999999986 ) ;
#55 = ORIENTED_EDGE ( 'NONE', *, *, #2138, .F. ) ;
#56 = CARTESIAN_POINT ( 'NONE',  ( -3.487085623700082682, 14.21172874259089802, 0.000000000000000000 ) ) ;
#57 = EDGE_CURVE ( 'NONE', #1151, #1716, #473, .T. ) ;
#58 = ORIENTED_EDGE ( 'NONE', *, *, #985, .T. ) ;
#59 = CARTESIAN_POINT ( 'NONE',  ( -7.583491939546314953, 12.49883040889754859, 7.000000000000000000 ) ) ;
#60 = CARTESIAN_POINT ( 'NONE',  ( 10.34497220875983814, 10.34497220875983814, 7.000000000000000000 ) ) ;
#61 = ORIENTED_EDGE ( 'NONE', *, *, #608, .T. ) ;
#62 = CIRCLE ( 'NONE', #290, 5.400000000000000355 ) ;
#63 = VERTEX_POINT ( 'NONE', #174 ) ;
#64 = VECTOR ( 'NONE', #2015, 1000.000000000000000 ) ;
#65 = DIRECTION ( 'NONE',  ( 1.000000000000000000, 0.000000000000000000, 0.000000000000000000 ) ) ;
#66 = EDGE_LOOP ( 'NONE', ( #503, #223 ) ) ;
#67 = DIRECTION ( 'NONE',  ( -0.000000000000000000, -0.000000000000000000, 1.000000000000000000 ) ) ;
#68 = AXIS2_PLACEMENT_3D ( 'NONE', #1838, #1968, #1849 ) ;
#69 = ADVANCED_FACE ( 'NONE', ( #1639 ), #1825, .T. ) ;
#70 = ORIENTED_EDGE ( 'NONE', *, *, #1071, .F. ) ;
#71 = CARTESIAN_POINT ( 'NONE',  ( 0.000000000000000000, 0.000000000000000000, 7.000000000000000000 ) ) ;
#72 = EDGE_CURVE ( 'NONE', #624, #173, #1873, .T. ) ;
#73 = FACE_OUTER_BOUND ( 'NONE', #240, .T. ) ;
#74 = ORIENTED_EDGE ( 'NONE', *, *, #1969, .T. ) ;
#75 = EDGE_CURVE ( 'NONE', #446, #1712, #153, .T. ) ;
#76 = ORIENTED_EDGE ( 'NONE', *, *, #1817, .T. ) ;
#77 = PRODUCT_RELATED_PRODUCT_CATEGORY ( 'part', '', ( #1348 ) ) ;
#78 = DIRECTION ( 'NONE',  ( -0.000000000000000000, -0.000000000000000000, -1.000000000000000000 ) ) ;
#79 = ORIENTED_EDGE ( 'NONE', *, *, #804, .F. ) ;
#80 = DIRECTION ( 'NONE',  ( -0.000000000000000000, -0.000000000000000000, -1.000000000000000000 ) ) ;
#81 = CYLINDRICAL_SURFACE ( 'NONE', #150, 3.500000000000000000 ) ;
#82 = DIRECTION ( 'NONE',  ( -0.000000000000000000, -0.000000000000000000, -1.000000000000000000 ) ) ;
#83 = ADVANCED_FACE ( 'NONE', ( #527 ), #20, .T. ) ;
#84 = LINE ( 'NONE', #441, #901 ) ;
#85 = ORIENTED_EDGE ( 'NONE', *, *, #1713, .F. ) ;
#86 = VECTOR ( 'NONE', #1574, 1000.000000000000000 ) ;
#87 = DIRECTION ( 'NONE',  ( -0.000000000000000000, -0.000000000000000000, -1.000000000000000000 ) ) ;
#88 = CARTESIAN_POINT ( 'NONE',  ( -4.085959635999308226, 14.05126093462734360, 7.000000000000000000 ) ) ;
#89 = ORIENTED_EDGE ( 'NONE', *, *, #137, .F. ) ;
#90 = EDGE_CURVE ( 'NONE', #1696, #1127, #987, .T. ) ;
#91 = EDGE_CURVE ( 'NONE', #456, #648, #906, .T. ) ;
#92 = DIRECTION ( 'NONE',  ( -1.000000000000000000, 0.000000000000000000, 0.000000000000000000 ) ) ;
#93 = DIRECTION ( 'NONE',  ( -1.000000000000000000, 0.000000000000000000, 0.000000000000000000 ) ) ;
#94 = EDGE_LOOP ( 'NONE', ( #457, #572, #297, #1783 ) ) ;
#95 = AXIS2_PLACEMENT_3D ( 'NONE', #71, #914, #1424 ) ;
#96 = CARTESIAN_POINT ( 'NONE',  ( -12.82495165736577292, 7.046532124825680476, 7.000000000000000000 ) ) ;
#97 = CARTESIAN_POINT ( 'NONE',  ( -10.95143686171785546, 5.121926460210783461, 7.000000000000000000 ) ) ;
#98 = AXIS2_PLACEMENT_3D ( 'NONE', #1452, #1287, #2107 ) ;
#99 = DIRECTION ( 'NONE',  ( -0.000000000000000000, 0.000000000000000000, 1.000000000000000000 ) ) ;
#100 = VERTEX_POINT ( 'NONE', #1026 ) ;
#101 = CIRCLE ( 'NONE', #180, 5.400000000000000355 ) ;
#102 = CARTESIAN_POINT ( 'NONE',  ( 30.75000000000000000, -4.000000000000006217, 0.000000000000000000 ) ) ;
#103 = VERTEX_POINT ( 'NONE', #1671 ) ;
#104 = ADVANCED_FACE ( 'NONE', ( #6 ), #1040, .T. ) ;
#105 = CARTESIAN_POINT ( 'NONE',  ( -12.63807238914285946, 1.125844095426137725, 7.000000000000000000 ) ) ;
#106 = AXIS2_PLACEMENT_3D ( 'NONE', #1006, #994, #2132 ) ;
#107 = AXIS2_PLACEMENT_3D ( 'NONE', #279, #934, #1598 ) ;
#108 = LINE ( 'NONE', #1963, #522 ) ;
#109 = VECTOR ( 'NONE', #262, 1000.000000000000114 ) ;
#110 = DIRECTION ( 'NONE',  ( -0.000000000000000000, -0.000000000000000000, -1.000000000000000000 ) ) ;
#111 = CARTESIAN_POINT ( 'NONE',  ( -10.56417531092670181, 10.12576910659043961, 7.000000000000000000 ) ) ;
#112 = ORIENTED_EDGE ( 'NONE', *, *, #1775, .T. ) ;
#113 = ORIENTED_EDGE ( 'NONE', *, *, #1125, .F. ) ;
#114 = DIRECTION ( 'NONE',  ( 1.000000000000000000, 0.000000000000000000, -0.000000000000000000 ) ) ;
#115 = CYLINDRICAL_SURFACE ( 'NONE', #1863, 5.399999999999999467 ) ;
#116 = EDGE_CURVE ( 'NONE', #53, #1175, #338, .T. ) ;
#117 = EDGE_LOOP ( 'NONE', ( #1875, #1227, #853, #1007, #863, #1683, #1409, #362, #1594, #1238, #815, #1592, #751, #265, #130, #186, #968, #1562, #2084, #1533, #638, #741, #1075, #592, #1303, #1848, #70, #761, #2066, #432, #2021, #1169, #1197, #724, #1234, #140, #679, #270, #1776, #891, #1217, #900, #601, #341, #560, #1983, #1928, #1387, #309, #1299, #2038, #1582, #1714, #570 ) ) ;
#118 = CARTESIAN_POINT ( 'NONE',  ( 30.75000000000000000, 4.000000000000006217, 7.000000000000000000 ) ) ;
#119 = DIRECTION ( 'NONE',  ( 1.000000000000000000, 0.000000000000000000, 0.000000000000000000 ) ) ;
#120 = ADVANCED_FACE ( 'NONE', ( #2013 ), #1188, .T. ) ;
#121 = FACE_OUTER_BOUND ( 'NONE', #1580, .T. ) ;
#122 = AXIS2_PLACEMENT_3D ( 'NONE', #415, #2110, #1799 ) ;
#123 = CYLINDRICAL_SURFACE ( 'NONE', #734, 12.08999999999999986 ) ;
#124 = VERTEX_POINT ( 'NONE', #347 ) ;
#125 = FACE_OUTER_BOUND ( 'NONE', #1113, .T. ) ;
#126 = ORIENTED_EDGE ( 'NONE', *, *, #1865, .F. ) ;
#127 = LINE ( 'NONE', #1738, #86 ) ;
#128 =( NAMED_UNIT ( * ) SI_UNIT ( $, .STERADIAN. ) SOLID_ANGLE_UNIT ( ) );
#129 = DIRECTION ( 'NONE',  ( 1.000000000000000000, 0.000000000000000000, 0.000000000000000000 ) ) ;
#130 = ORIENTED_EDGE ( 'NONE', *, *, #57, .T. ) ;
#131 = FACE_BOUND ( 'NONE', #1758, .T. ) ;
#132 = DIRECTION ( 'NONE',  ( -0.000000000000000000, 0.000000000000000000, 1.000000000000000000 ) ) ;
#133 = AXIS2_PLACEMENT_3D ( 'NONE', #1024, #371, #1130 ) ;
#134 = CARTESIAN_POINT ( 'NONE',  ( -7.583467875173049322, 12.51495165736569071, 7.000000000000000000 ) ) ;
#135 = DIRECTION ( 'NONE',  ( 1.000000000000000000, 0.000000000000000000, 0.000000000000000000 ) ) ;
#136 = DIRECTION ( 'NONE',  ( -0.000000000000000000, 0.000000000000000000, 1.000000000000000000 ) ) ;
#137 = EDGE_CURVE ( 'NONE', #1697, #1292, #855, .T. ) ;
#138 = ORIENTED_EDGE ( 'NONE', *, *, #1433, .T. ) ;
#139 = DIRECTION ( 'NONE',  ( -1.000000000000000000, 0.000000000000000000, 0.000000000000000000 ) ) ;
#140 = ORIENTED_EDGE ( 'NONE', *, *, #689, .F. ) ;
#141 = DIRECTION ( 'NONE',  ( -0.000000000000000000, -0.000000000000000000, -1.000000000000000000 ) ) ;
#142 = DIRECTION ( 'NONE',  ( -0.000000000000000000, -0.000000000000000000, -1.000000000000000000 ) ) ;
#143 = DIRECTION ( 'NONE',  ( -1.000000000000000000, 0.000000000000000000, 0.000000000000000000 ) ) ;
#144 = ORIENTED_EDGE ( 'NONE', *, *, #1504, .T. ) ;
#145 = AXIS2_PLACEMENT_3D ( 'NONE', #989, #1315, #825 ) ;
#146 = DIRECTION ( 'NONE',  ( -0.000000000000000000, -0.000000000000000000, -1.000000000000000000 ) ) ;
#147 = CIRCLE ( 'NONE', #868, 12.08999999999999986 ) ;
#148 = CIRCLE ( 'NONE', #1944, 5.400000000000000355 ) ;
#149 = DIRECTION ( 'NONE',  ( -0.000000000000000000, 0.000000000000000000, 1.000000000000000000 ) ) ;
#150 = AXIS2_PLACEMENT_3D ( 'NONE', #427, #1414, #598 ) ;
#151 = EDGE_CURVE ( 'NONE', #1656, #419, #364, .T. ) ;
#152 = ORIENTED_EDGE ( 'NONE', *, *, #1615, .T. ) ;
#153 = LINE ( 'NONE', #681, #639 ) ;
#154 = ORIENTED_EDGE ( 'NONE', *, *, #1011, .F. ) ;
#155 = DIRECTION ( 'NONE',  ( -0.000000000000000000, -0.000000000000000000, -1.000000000000000000 ) ) ;
#156 = CARTESIAN_POINT ( 'NONE',  ( -10.12576910659104534, 10.56417531092609785, 7.000000000000000000 ) ) ;
#157 = FACE_OUTER_BOUND ( 'NONE', #409, .T. ) ;
#158 = DIRECTION ( 'NONE',  ( -0.000000000000000000, -0.000000000000000000, -1.000000000000000000 ) ) ;
#159 = DIRECTION ( 'NONE',  ( -1.000000000000000000, 0.000000000000000000, 0.000000000000000000 ) ) ;
#160 = VERTEX_POINT ( 'NONE', #521 ) ;
#161 = EDGE_CURVE ( 'NONE', #1735, #412, #1003, .T. ) ;
#162 = EDGE_LOOP ( 'NONE', ( #430, #1013, #1132, #1826 ) ) ;
#163 = AXIS2_PLACEMENT_3D ( 'NONE', #324, #981, #1245 ) ;
#164 = AXIS2_PLACEMENT_3D ( 'NONE', #582, #878, #65 ) ;
#165 = CARTESIAN_POINT ( 'NONE',  ( 0.000000000000000000, 8.266365894244633347E-16, 5.000000000000000000 ) ) ;
#166 = EDGE_CURVE ( 'NONE', #333, #1265, #1261, .T. ) ;
#167 = VECTOR ( 'NONE', #1431, 1000.000000000000000 ) ;
#168 = CARTESIAN_POINT ( 'NONE',  ( 0.3099999999999952793, 14.63000000000000078, 7.000000000000000000 ) ) ;
#169 = CARTESIAN_POINT ( 'NONE',  ( -10.38196969615046505, -7.294045781914408444, 7.000000000000000000 ) ) ;
#170 = CYLINDRICAL_SURFACE ( 'NONE', #937, 5.400000000000000355 ) ;
#171 = FACE_OUTER_BOUND ( 'NONE', #1032, .T. ) ;
#172 = VECTOR ( 'NONE', #1788, 1000.000000000000114 ) ;
#173 = VERTEX_POINT ( 'NONE', #1344 ) ;
#174 = CARTESIAN_POINT ( 'NONE',  ( -7.046532124826698329, 12.82495165736569120, 0.000000000000000000 ) ) ;
#175 = EDGE_LOOP ( 'NONE', ( #1334, #1485, #881, #1430 ) ) ;
#176 = CARTESIAN_POINT ( 'NONE',  ( -14.62999999999880707, 0.3099999999986574051, 7.000000000000000000 ) ) ;
#177 = FACE_OUTER_BOUND ( 'NONE', #767, .T. ) ;
#178 = AXIS2_PLACEMENT_3D ( 'NONE', #1432, #1798, #1143 ) ;
#179 = DIRECTION ( 'NONE',  ( -1.000000000000000000, 0.000000000000000000, 0.000000000000000000 ) ) ;
#180 = AXIS2_PLACEMENT_3D ( 'NONE', #1709, #1556, #307 ) ;
#181 = EDGE_CURVE ( 'NONE', #446, #664, #2116, .T. ) ;
#182 = EDGE_CURVE ( 'NONE', #237, #665, #1179, .T. ) ;
#183 = CARTESIAN_POINT ( 'NONE',  ( 1.039999999999991820, 12.04518576029444432, 0.000000000000000000 ) ) ;
#184 = DIRECTION ( 'NONE',  ( 1.000000000000000000, 0.000000000000000000, 0.000000000000000000 ) ) ;
#185 = CIRCLE ( 'NONE', #769, 5.399999999999999467 ) ;
#186 = ORIENTED_EDGE ( 'NONE', *, *, #22, .T. ) ;
#187 = DIRECTION ( 'NONE',  ( -0.000000000000000000, -0.000000000000000000, -1.000000000000000000 ) ) ;
#188 = AXIS2_PLACEMENT_3D ( 'NONE', #437, #921, #1586 ) ;
#189 = FACE_OUTER_BOUND ( 'NONE', #676, .T. ) ;
#190 = VERTEX_POINT ( 'NONE', #666 ) ;
#191 = CIRCLE ( 'NONE', #569, 12.08999999999999986 ) ;
#192 = DIRECTION ( 'NONE',  ( -0.8660254037844388186, -0.4999999999999996669, 0.000000000000000000 ) ) ;
#193 = CARTESIAN_POINT ( 'NONE',  ( -9.732558681925928212, 8.140374693054221567, 7.000000000000000000 ) ) ;
#194 = ADVANCED_FACE ( 'NONE', ( #177 ), #1325, .T. ) ;
#195 = CARTESIAN_POINT ( 'NONE',  ( -0.3100000000000053824, 14.63000000000000078, 0.000000000000000000 ) ) ;
#196 = LINE ( 'NONE', #847, #2074 ) ;
#197 = EDGE_CURVE ( 'NONE', #544, #2120, #355, .T. ) ;
#198 = ORIENTED_EDGE ( 'NONE', *, *, #1097, .T. ) ;
#199 = CARTESIAN_POINT ( 'NONE',  ( 7.046532124827029619, 12.82495165736696308, 7.000000000000000000 ) ) ;
#200 = ORIENTED_EDGE ( 'NONE', *, *, #1011, .T. ) ;
#201 = CYLINDRICAL_SURFACE ( 'NONE', #898, 5.400000000000000355 ) ;
#202 = AXIS2_PLACEMENT_3D ( 'NONE', #571, #1869, #233 ) ;
#203 = FACE_OUTER_BOUND ( 'NONE', #764, .T. ) ;
#204 = CARTESIAN_POINT ( 'NONE',  ( 0.000000000000000000, 0.000000000000000000, 0.000000000000000000 ) ) ;
#205 = VECTOR ( 'NONE', #2099, 1000.000000000000000 ) ;
#206 = CARTESIAN_POINT ( 'NONE',  ( -6.923259300083199896, 9.911436861717451308, 0.000000000000000000 ) ) ;
#207 = EDGE_CURVE ( 'NONE', #1218, #1763, #1670, .T. ) ;
#208 = DIRECTION ( 'NONE',  ( 1.000000000000000000, -1.793841638725282993E-16, 0.000000000000000000 ) ) ;
#209 = VECTOR ( 'NONE', #282, 1000.000000000000000 ) ;
#210 = ORIENTED_EDGE ( 'NONE', *, *, #1622, .F. ) ;
#211 = DIRECTION ( 'NONE',  ( 1.000000000000000000, -1.766847984791192535E-15, 0.000000000000000000 ) ) ;
#212 = CARTESIAN_POINT ( 'NONE',  ( -5.344026607230979664, 11.50781379157854012, 7.000000000000000000 ) ) ;
#213 = DIRECTION ( 'NONE',  ( -0.000000000000000000, -0.000000000000000000, -1.000000000000000000 ) ) ;
#214 = DIRECTION ( 'NONE',  ( -0.000000000000000000, -0.000000000000000000, -1.000000000000000000 ) ) ;
#215 = FACE_OUTER_BOUND ( 'NONE', #988, .T. ) ;
#216 = CARTESIAN_POINT ( 'NONE',  ( 7.315000000000309477, 12.66995165736690332, 7.000000000000000000 ) ) ;
#217 = VERTEX_POINT ( 'NONE', #374 ) ;
#218 = LINE ( 'NONE', #1984, #2092 ) ;
#219 = EDGE_CURVE ( 'NONE', #814, #1822, #332, .T. ) ;
#220 = DIRECTION ( 'NONE',  ( 1.000000000000000000, 0.000000000000000000, 0.000000000000000000 ) ) ;
#221 = VERTEX_POINT ( 'NONE', #511 ) ;
#222 = VECTOR ( 'NONE', #1650, 1000.000000000000114 ) ;
#223 = ORIENTED_EDGE ( 'NONE', *, *, #1551, .T. ) ;
#224 = EDGE_CURVE ( 'NONE', #1209, #729, #1224, .T. ) ;
#225 = CARTESIAN_POINT ( 'NONE',  ( 0.000000000000000000, 0.000000000000000000, 7.000000000000000000 ) ) ;
#226 = DIRECTION ( 'NONE',  ( -0.000000000000000000, -0.000000000000000000, -1.000000000000000000 ) ) ;
#227 = CARTESIAN_POINT ( 'NONE',  ( -4.274155904572370268, 12.63807238914437647, 7.000000000000000000 ) ) ;
#228 = ORIENTED_EDGE ( 'NONE', *, *, #1059, .F. ) ;
#229 = LINE ( 'NONE', #599, #1895 ) ;
#230 = CARTESIAN_POINT ( 'NONE',  ( -14.13149483860797417, -3.786522629849596644, 7.000000000000000000 ) ) ;
#231 = VERTEX_POINT ( 'NONE', #102 ) ;
#232 = VERTEX_POINT ( 'NONE', #1949 ) ;
#233 = DIRECTION ( 'NONE',  ( 1.000000000000000000, 0.000000000000000000, 0.000000000000000000 ) ) ;
#234 = EDGE_CURVE ( 'NONE', #720, #999, #966, .T. ) ;
#235 = EDGE_LOOP ( 'NONE', ( #1972, #1861, #728, #952 ) ) ;
#236 = FACE_OUTER_BOUND ( 'NONE', #1295, .T. ) ;
#237 = VERTEX_POINT ( 'NONE', #88 ) ;
#238 = CARTESIAN_POINT ( 'NONE',  ( -11.36558420141053993, -4.122086335904077359, 0.000000000000000000 ) ) ;
#239 = DIRECTION ( 'NONE',  ( 0.2588190451025214611, -0.9659258262890680902, 0.000000000000000000 ) ) ;
#240 = EDGE_LOOP ( 'NONE', ( #916, #1958, #620, #406 ) ) ;
#241 = ORIENTED_EDGE ( 'NONE', *, *, #1609, .T. ) ;
#242 = DIRECTION ( 'NONE',  ( -0.000000000000000000, -0.000000000000000000, -1.000000000000000000 ) ) ;
#243 = ORIENTED_EDGE ( 'NONE', *, *, #91, .T. ) ;
#244 = DIRECTION ( 'NONE',  ( 1.000000000000000000, 0.000000000000000000, 0.000000000000000000 ) ) ;
#245 = EDGE_CURVE ( 'NONE', #1920, #1763, #1298, .T. ) ;
#246 = VECTOR ( 'NONE', #2095, 1000.000000000000000 ) ;
#247 = ORIENTED_EDGE ( 'NONE', *, *, #1681, .F. ) ;
#248 = CARTESIAN_POINT ( 'NONE',  ( 0.000000000000000000, 14.63000000000000078, 7.000000000000000000 ) ) ;
#249 = CIRCLE ( 'NONE', #776, 5.400000000000001243 ) ;
#250 = DIRECTION ( 'NONE',  ( -0.000000000000000000, 0.000000000000000000, 1.000000000000000000 ) ) ;
#251 = EDGE_LOOP ( 'NONE', ( #1072, #411, #1148, #1867 ) ) ;
#252 = CIRCLE ( 'NONE', #1997, 5.400000000000000355 ) ;
#253 = CIRCLE ( 'NONE', #1126, 5.400000000000001243 ) ;
#254 = VERTEX_POINT ( 'NONE', #1497 ) ;
#255 = AXIS2_PLACEMENT_3D ( 'NONE', #697, #2039, #856 ) ;
#256 = VECTOR ( 'NONE', #562, 1000.000000000000000 ) ;
#257 = ORIENTED_EDGE ( 'NONE', *, *, #57, .F. ) ;
#258 = LINE ( 'NONE', #1915, #1462 ) ;
#259 = VECTOR ( 'NONE', #746, 1000.000000000000114 ) ;
#260 = EDGE_CURVE ( 'NONE', #454, #1996, #1729, .T. ) ;
#261 = LINE ( 'NONE', #199, #18 ) ;
#262 = DIRECTION ( 'NONE',  ( 0.9659258262890680902, -0.2588190451025210170, 0.000000000000000000 ) ) ;
#263 = CARTESIAN_POINT ( 'NONE',  ( -2.112960617221105064, 11.90392781522437815, 0.000000000000000000 ) ) ;
#264 = EDGE_CURVE ( 'NONE', #217, #1486, #1429, .T. ) ;
#265 = ORIENTED_EDGE ( 'NONE', *, *, #414, .F. ) ;
#266 = LINE ( 'NONE', #917, #486 ) ;
#267 = ORIENTED_EDGE ( 'NONE', *, *, #1778, .T. ) ;
#268 = DIRECTION ( 'NONE',  ( 0.000000000000000000, 1.000000000000000000, -0.000000000000000000 ) ) ;
#269 = CARTESIAN_POINT ( 'NONE',  ( 3.500000000000000000, 8.266365894244633347E-16, 0.000000000000000000 ) ) ;
#270 = ORIENTED_EDGE ( 'NONE', *, *, #42, .T. ) ;
#271 = CARTESIAN_POINT ( 'NONE',  ( 30.75000000000000000, 0.000000000000000000, 7.000000000000000000 ) ) ;
#272 = CARTESIAN_POINT ( 'NONE',  ( 6.923259300082939660, 9.911436861717634272, 7.000000000000000000 ) ) ;
#273 = VERTEX_POINT ( 'NONE', #1711 ) ;
#274 = ADVANCED_FACE ( 'NONE', ( #1544 ), #1396, .T. ) ;
#275 = ORIENTED_EDGE ( 'NONE', *, *, #181, .T. ) ;
#276 = DIRECTION ( 'NONE',  ( 0.000000000000000000, -0.000000000000000000, -1.000000000000000000 ) ) ;
#277 = DIRECTION ( 'NONE',  ( -0.000000000000000000, 0.000000000000000000, 1.000000000000000000 ) ) ;
#278 = ORIENTED_EDGE ( 'NONE', *, *, #1395, .T. ) ;
#279 = CARTESIAN_POINT ( 'NONE',  ( -5.344026607230979664, 11.50781379157854012, 0.000000000000000000 ) ) ;
#280 = AXIS2_PLACEMENT_3D ( 'NONE', #1065, #744, #1918 ) ;
#281 = DIRECTION ( 'NONE',  ( -0.000000000000000000, -0.000000000000000000, 1.000000000000000000 ) ) ;
#282 = DIRECTION ( 'NONE',  ( 1.000000000000000000, 0.000000000000000000, 0.000000000000000000 ) ) ;
#283 = CARTESIAN_POINT ( 'NONE',  ( -12.63807238914351139, -1.125844095428747194, 7.000000000000000000 ) ) ;
#284 = ORIENTED_EDGE ( 'NONE', *, *, #1449, .T. ) ;
#285 = EDGE_CURVE ( 'NONE', #1696, #1912, #1060, .T. ) ;
#286 = ORIENTED_EDGE ( 'NONE', *, *, #1674, .F. ) ;
#287 = DIRECTION ( 'NONE',  ( 0.000000000000000000, -0.000000000000000000, -1.000000000000000000 ) ) ;
#288 = VERTEX_POINT ( 'NONE', #555 ) ;
#289 = CARTESIAN_POINT ( 'NONE',  ( 0.000000000000000000, 0.000000000000000000, 0.000000000000000000 ) ) ;
#290 = AXIS2_PLACEMENT_3D ( 'NONE', #319, #975, #1074 ) ;
#291 = EDGE_CURVE ( 'NONE', #2134, #333, #191, .T. ) ;
#292 = AXIS2_PLACEMENT_3D ( 'NONE', #1421, #723, #1346 ) ;
#293 = CARTESIAN_POINT ( 'NONE',  ( -11.90392781522452381, 2.112960617220279058, 0.000000000000000000 ) ) ;
#294 = AXIS2_PLACEMENT_3D ( 'NONE', #704, #1216, #208 ) ;
#295 = CYLINDRICAL_SURFACE ( 'NONE', #925, 5.400000000000000355 ) ;
#296 = DIRECTION ( 'NONE',  ( -0.000000000000000000, 0.000000000000000000, 1.000000000000000000 ) ) ;
#297 = ORIENTED_EDGE ( 'NONE', *, *, #1713, .T. ) ;
#298 = DIRECTION ( 'NONE',  ( -0.000000000000000000, -0.000000000000000000, -1.000000000000000000 ) ) ;
#299 = ORIENTED_EDGE ( 'NONE', *, *, #1411, .F. ) ;
#300 = CYLINDRICAL_SURFACE ( 'NONE', #377, 12.08999999999999986 ) ;
#301 = PLANE ( 'NONE',  #1891 ) ;
#302 = FACE_OUTER_BOUND ( 'NONE', #1351, .T. ) ;
#303 = ORIENTED_EDGE ( 'NONE', *, *, #2001, .T. ) ;
#304 = FACE_BOUND ( 'NONE', #9, .T. ) ;
#305 = CARTESIAN_POINT ( 'NONE',  ( 12.51495165736703186, 7.583467875174239481, 7.000000000000000000 ) ) ;
#306 = CARTESIAN_POINT ( 'NONE',  ( -7.781841479322172184, 9.252623584189562322, 0.000000000000000000 ) ) ;
#307 = DIRECTION ( 'NONE',  ( 1.000000000000000000, 0.000000000000000000, 0.000000000000000000 ) ) ;
#308 = DIRECTION ( 'NONE',  ( 1.000000000000000000, 0.000000000000000000, 0.000000000000000000 ) ) ;
#309 = ORIENTED_EDGE ( 'NONE', *, *, #1622, .T. ) ;
#310 = VERTEX_POINT ( 'NONE', #1702 ) ;
#311 = CARTESIAN_POINT ( 'NONE',  ( -14.62999999999880707, 0.3099999999986574051, 0.000000000000000000 ) ) ;
#312 = AXIS2_PLACEMENT_3D ( 'NONE', #781, #1274, #1748 ) ;
#313 = CARTESIAN_POINT ( 'NONE',  ( -5.121926460211609466, 10.95143686171746822, 7.000000000000000000 ) ) ;
#314 = ORIENTED_EDGE ( 'NONE', *, *, #197, .F. ) ;
#315 = ADVANCED_FACE ( 'NONE', ( #418 ), #2032, .T. ) ;
#316 = LINE ( 'NONE', #972, #1115 ) ;
#317 = AXIS2_PLACEMENT_3D ( 'NONE', #936, #459, #1621 ) ;
#318 = DIRECTION ( 'NONE',  ( -0.000000000000000000, 0.000000000000000000, 1.000000000000000000 ) ) ;
#319 = CARTESIAN_POINT ( 'NONE',  ( 2.183491939546645888, 12.49883040889881691, 0.000000000000000000 ) ) ;
#320 = ORIENTED_EDGE ( 'NONE', *, *, #804, .T. ) ;
#321 = DIRECTION ( 'NONE',  ( 1.000000000000000000, 0.000000000000000000, 0.000000000000000000 ) ) ;
#322 = CARTESIAN_POINT ( 'NONE',  ( 0.000000000000000000, 0.000000000000000000, 7.000000000000000000 ) ) ;
#323 = EDGE_LOOP ( 'NONE', ( #2096, #1795, #1311, #515 ) ) ;
#324 = CARTESIAN_POINT ( 'NONE',  ( 11.50781379157988304, 5.344026607232171600, 7.000000000000000000 ) ) ;
#325 = DIRECTION ( 'NONE',  ( 0.000000000000000000, 1.000000000000000000, -0.000000000000000000 ) ) ;
#326 = DIRECTION ( 'NONE',  ( -0.000000000000000000, 0.000000000000000000, 1.000000000000000000 ) ) ;
#327 = AXIS2_PLACEMENT_3D ( 'NONE', #663, #1812, #1182 ) ;
#328 = ADVANCED_FACE ( 'NONE', ( #73 ), #1856, .T. ) ;
#329 = AXIS2_PLACEMENT_3D ( 'NONE', #1699, #1181, #1055 ) ;
#330 = DIRECTION ( 'NONE',  ( -0.000000000000000000, -0.000000000000000000, -1.000000000000000000 ) ) ;
#331 = CARTESIAN_POINT ( 'NONE',  ( 9.252623584189658246, 7.781841479322057609, 7.000000000000000000 ) ) ;
#332 = CIRCLE ( 'NONE', #606, 5.400000000000000355 ) ;
#333 = VERTEX_POINT ( 'NONE', #736 ) ;
#334 = EDGE_CURVE ( 'NONE', #401, #1342, #1469, .T. ) ;
#335 = ORIENTED_EDGE ( 'NONE', *, *, #1695, .T. ) ;
#336 = LINE ( 'NONE', #872, #46 ) ;
#337 = CARTESIAN_POINT ( 'NONE',  ( -12.51495165736577242, 7.583467875172034134, 7.000000000000000000 ) ) ;
#338 = LINE ( 'NONE', #866, #1672 ) ;
#339 = VERTEX_POINT ( 'NONE', #372 ) ;
#340 = DIRECTION ( 'NONE',  ( 1.000000000000000000, 0.000000000000000000, 0.000000000000000000 ) ) ;
#341 = ORIENTED_EDGE ( 'NONE', *, *, #876, .F. ) ;
#342 = FACE_OUTER_BOUND ( 'NONE', #479, .T. ) ;
#343 = ORIENTED_EDGE ( 'NONE', *, *, #1742, .T. ) ;
#344 = EDGE_CURVE ( 'NONE', #1982, #942, #538, .T. ) ;
#345 = LINE ( 'NONE', #1479, #886 ) ;
#346 = VECTOR ( 'NONE', #2093, 1000.000000000000114 ) ;
#347 = CARTESIAN_POINT ( 'NONE',  ( -14.05126093462576087, -4.085959636000816353, 7.000000000000000000 ) ) ;
#348 = LINE ( 'NONE', #1004, #29 ) ;
#349 = VERTEX_POINT ( 'NONE', #1879 ) ;
#350 = CARTESIAN_POINT ( 'NONE',  ( 0.000000000000000000, 0.000000000000000000, 5.000000000000000000 ) ) ;
#351 = DIRECTION ( 'NONE',  ( -0.000000000000000000, -0.000000000000000000, -1.000000000000000000 ) ) ;
#352 = VERTEX_POINT ( 'NONE', #1525 ) ;
#353 = EDGE_CURVE ( 'NONE', #1686, #1735, #578, .T. ) ;
#354 = DIRECTION ( 'NONE',  ( -0.4999999999999996669, 0.8660254037844388186, 0.000000000000000000 ) ) ;
#355 = LINE ( 'NONE', #693, #5 ) ;
#356 = EDGE_CURVE ( 'NONE', #232, #1186, #50, .T. ) ;
#357 = VECTOR ( 'NONE', #158, 1000.000000000000000 ) ;
#358 = CARTESIAN_POINT ( 'NONE',  ( -4.122086335902364951, 11.36558420141116343, 7.000000000000000000 ) ) ;
#359 = CIRCLE ( 'NONE', #188, 12.08999999999999986 ) ;
#360 = EDGE_LOOP ( 'NONE', ( #388, #154, #370, #1386 ) ) ;
#361 = CYLINDRICAL_SURFACE ( 'NONE', #621, 12.08999999999999986 ) ;
#362 = ORIENTED_EDGE ( 'NONE', *, *, #1250, .T. ) ;
#363 = VECTOR ( 'NONE', #1855, 1000.000000000000114 ) ;
#364 = LINE ( 'NONE', #168, #31 ) ;
#365 = DIRECTION ( 'NONE',  ( -0.000000000000000000, 0.000000000000000000, 1.000000000000000000 ) ) ;
#366 = ADVANCED_FACE ( 'NONE', ( #1233 ), #2011, .F. ) ;
#367 = DIRECTION ( 'NONE',  ( -0.000000000000000000, -0.000000000000000000, -1.000000000000000000 ) ) ;
#368 = DIRECTION ( 'NONE',  ( -0.000000000000000000, -0.000000000000000000, -1.000000000000000000 ) ) ;
#369 =( NAMED_UNIT ( * ) PLANE_ANGLE_UNIT ( ) SI_UNIT ( $, .RADIAN. ) );
#370 = ORIENTED_EDGE ( 'NONE', *, *, #1461, .F. ) ;
#371 = DIRECTION ( 'NONE',  ( 0.000000000000000000, -0.000000000000000000, -1.000000000000000000 ) ) ;
#372 = CARTESIAN_POINT ( 'NONE',  ( 11.40912354214818514, -4.000000000000002665, 0.000000000000000000 ) ) ;
#373 = EDGE_LOOP ( 'NONE', ( #58, #1078, #386, #1023 ) ) ;
#374 = CARTESIAN_POINT ( 'NONE',  ( 2.112960617221268045, 11.90392781522434795, 7.000000000000000000 ) ) ;
#375 = CARTESIAN_POINT ( 'NONE',  ( 10.12576910659178431, 10.56417531092789375, 7.000000000000000000 ) ) ;
#376 = DIRECTION ( 'NONE',  ( 0.000000000000000000, -0.000000000000000000, -1.000000000000000000 ) ) ;
#377 = AXIS2_PLACEMENT_3D ( 'NONE', #909, #78, #1420 ) ;
#378 = ADVANCED_FACE ( 'NONE', ( #383 ), #1693, .T. ) ;
#379 = CARTESIAN_POINT ( 'NONE',  ( 0.000000000000000000, 0.000000000000000000, 5.000000000000000000 ) ) ;
#380 = FACE_OUTER_BOUND ( 'NONE', #1787, .T. ) ;
#381 = VERTEX_POINT ( 'NONE', #1066 ) ;
#382 = AXIS2_PLACEMENT_3D ( 'NONE', #2124, #950, #1146 ) ;
#383 = FACE_OUTER_BOUND ( 'NONE', #30, .T. ) ;
#384 = CIRCLE ( 'NONE', #1589, 5.400000000000002132 ) ;
#385 = EDGE_CURVE ( 'NONE', #1434, #1697, #641, .T. ) ;
#386 = ORIENTED_EDGE ( 'NONE', *, *, #1904, .F. ) ;
#387 = ORIENTED_EDGE ( 'NONE', *, *, #1648, .T. ) ;
#388 = ORIENTED_EDGE ( 'NONE', *, *, #1828, .T. ) ;
#389 = DIRECTION ( 'NONE',  ( -0.000000000000000000, -0.000000000000000000, -1.000000000000000000 ) ) ;
#390 =( NAMED_UNIT ( * ) SI_UNIT ( $, .STERADIAN. ) SOLID_ANGLE_UNIT ( ) );
#391 = EDGE_CURVE ( 'NONE', #2120, #1209, #1803, .T. ) ;
#392 = CARTESIAN_POINT ( 'NONE',  ( 9.732558681926262167, 8.140374693055496991, 0.000000000000000000 ) ) ;
#393 = DIRECTION ( 'NONE',  ( 0.7071067811865462405, 0.7071067811865489050, 0.000000000000000000 ) ) ;
#394 = PRODUCT_CONTEXT ( 'NONE', #1635, 'mechanical' ) ;
#395 = DIRECTION ( 'NONE',  ( 1.000000000000000000, 0.000000000000000000, 0.000000000000000000 ) ) ;
#396 = CIRCLE ( 'NONE', #1564, 12.08999999999999986 ) ;
#397 = EDGE_LOOP ( 'NONE', ( #547, #1857, #2010, #1124 ) ) ;
#398 = VECTOR ( 'NONE', #1119, 1000.000000000000000 ) ;
#399 = EDGE_CURVE ( 'NONE', #1342, #1575, #253, .T. ) ;
#400 = CIRCLE ( 'NONE', #1058, 5.399999999999998579 ) ;
#401 = VERTEX_POINT ( 'NONE', #475 ) ;
#402 = EDGE_LOOP ( 'NONE', ( #979, #834, #112, #953 ) ) ;
#403 = CARTESIAN_POINT ( 'NONE',  ( -3.500000000000000000, 1.255262969126037044E-15, 5.000000000000000000 ) ) ;
#404 = CIRCLE ( 'NONE', #709, 1.750000000000000000 ) ;
#405 = SURFACE_STYLE_FILL_AREA ( #1853 ) ;
#406 = ORIENTED_EDGE ( 'NONE', *, *, #1458, .T. ) ;
#407 = FACE_OUTER_BOUND ( 'NONE', #1397, .T. ) ;
#408 = DIRECTION ( 'NONE',  ( -0.9659258262890680902, -0.2588190451025214611, 0.000000000000000000 ) ) ;
#409 = EDGE_LOOP ( 'NONE', ( #2089, #228, #749, #1069 ) ) ;
#410 = EDGE_CURVE ( 'NONE', #381, #1763, #618, .T. ) ;
#411 = ORIENTED_EDGE ( 'NONE', *, *, #1789, .F. ) ;
#412 = VERTEX_POINT ( 'NONE', #964 ) ;
#413 = DIRECTION ( 'NONE',  ( -0.000000000000000000, 0.000000000000000000, 1.000000000000000000 ) ) ;
#414 = EDGE_CURVE ( 'NONE', #1151, #1694, #837, .T. ) ;
#415 = CARTESIAN_POINT ( 'NONE',  ( 0.000000000000000000, 0.000000000000000000, 7.000000000000000000 ) ) ;
#416 = ORIENTED_EDGE ( 'NONE', *, *, #627, .F. ) ;
#417 = DIRECTION ( 'NONE',  ( -0.000000000000000000, -0.000000000000000000, -1.000000000000000000 ) ) ;
#418 = FACE_OUTER_BOUND ( 'NONE', #1974, .T. ) ;
#419 = VERTEX_POINT ( 'NONE', #1927 ) ;
#420 = PRODUCT_DEFINITION_FORMATION_WITH_SPECIFIED_SOURCE ( 'ANY', '', #1348, .NOT_KNOWN. ) ;
#421 = EDGE_CURVE ( 'NONE', #2048, #717, #84, .T. ) ;
#422 = EDGE_CURVE ( 'NONE', #1127, #1575, #1899, .T. ) ;
#423 = VERTEX_POINT ( 'NONE', #452 ) ;
#424 = CARTESIAN_POINT ( 'NONE',  ( 6.923259300082939660, 9.911436861717634272, 0.000000000000000000 ) ) ;
#425 = ORIENTED_EDGE ( 'NONE', *, *, #91, .F. ) ;
#426 = DIRECTION ( 'NONE',  ( -0.000000000000000000, -0.000000000000000000, -1.000000000000000000 ) ) ;
#427 = CARTESIAN_POINT ( 'NONE',  ( 0.000000000000000000, 8.266365894244633347E-16, 0.000000000000000000 ) ) ;
#428 = CARTESIAN_POINT ( 'NONE',  ( -14.21172874258932417, -3.487085623701594361, 7.000000000000000000 ) ) ;
#429 = DIRECTION ( 'NONE',  ( -0.000000000000000000, -0.000000000000000000, -1.000000000000000000 ) ) ;
#430 = ORIENTED_EDGE ( 'NONE', *, *, #422, .F. ) ;
#431 = COLOUR_RGB ( '',0.7921568627450980005, 0.8196078431372548767, 0.9333333333333333481 ) ;
#432 = ORIENTED_EDGE ( 'NONE', *, *, #1539, .T. ) ;
#433 = VECTOR ( 'NONE', #573, 1000.000000000000000 ) ;
#434 = CARTESIAN_POINT ( 'NONE',  ( -2.183491939546314597, 12.49883040889754859, 7.000000000000000000 ) ) ;
#435 = LINE ( 'NONE', #358, #246 ) ;
#436 = ORIENTED_EDGE ( 'NONE', *, *, #1634, .T. ) ;
#437 = CARTESIAN_POINT ( 'NONE',  ( 0.000000000000000000, 0.000000000000000000, 0.000000000000000000 ) ) ;
#438 = CARTESIAN_POINT ( 'NONE',  ( -1.040000000000000036, 12.04518576029444255, 7.000000000000000000 ) ) ;
#439 = ADVANCED_FACE ( 'NONE', ( #463 ), #2080, .T. ) ;
#440 = CYLINDRICAL_SURFACE ( 'NONE', #2060, 12.08999999999999986 ) ;
#441 = CARTESIAN_POINT ( 'NONE',  ( -14.05126093462642167, 4.085959635998205997, 7.000000000000000000 ) ) ;
#442 = ORIENTED_EDGE ( 'NONE', *, *, #1352, .F. ) ;
#443 = ORIENTED_EDGE ( 'NONE', *, *, #2086, .F. ) ;
#444 = DIRECTION ( 'NONE',  ( -0.000000000000000000, -0.000000000000000000, -1.000000000000000000 ) ) ;
#445 = DIRECTION ( 'NONE',  ( -1.000000000000000000, 0.000000000000000000, 0.000000000000000000 ) ) ;
#446 = VERTEX_POINT ( 'NONE', #1781 ) ;
#447 = CARTESIAN_POINT ( 'NONE',  ( 0.000000000000000000, 0.000000000000000000, 7.000000000000000000 ) ) ;
#448 = CARTESIAN_POINT ( 'NONE',  ( -12.82495165736577292, 7.046532124825680476, 0.000000000000000000 ) ) ;
#449 = EDGE_CURVE ( 'NONE', #446, #1956, #147, .T. ) ;
#450 = AXIS2_PLACEMENT_3D ( 'NONE', #1367, #1070, #2024 ) ;
#451 = LINE ( 'NONE', #1897, #759 ) ;
#452 = CARTESIAN_POINT ( 'NONE',  ( -14.05126093462576087, -4.085959636000816353, 0.000000000000000000 ) ) ;
#453 = CIRCLE ( 'NONE', #685, 5.400000000000000355 ) ;
#454 = VERTEX_POINT ( 'NONE', #800 ) ;
#455 = CYLINDRICAL_SURFACE ( 'NONE', #1406, 5.399999999999998579 ) ;
#456 = VERTEX_POINT ( 'NONE', #755 ) ;
#457 = ORIENTED_EDGE ( 'NONE', *, *, #41, .F. ) ;
#458 = DIRECTION ( 'NONE',  ( 1.000000000000000000, 0.000000000000000000, 0.000000000000000000 ) ) ;
#459 = DIRECTION ( 'NONE',  ( 0.000000000000000000, -0.000000000000000000, -1.000000000000000000 ) ) ;
#460 = CARTESIAN_POINT ( 'NONE',  ( 6.923259300082939660, 9.911436861717634272, 7.000000000000000000 ) ) ;
#461 = UNCERTAINTY_MEASURE_WITH_UNIT (LENGTH_MEASURE( 1.000000000000000082E-05 ), #1360, 'distance_accuracy_value', 'NONE');
#462 = DIRECTION ( 'NONE',  ( -0.000000000000000000, -0.000000000000000000, -1.000000000000000000 ) ) ;
#463 = FACE_OUTER_BOUND ( 'NONE', #553, .T. ) ;
#464 = ORIENTED_EDGE ( 'NONE', *, *, #706, .F. ) ;
#465 = VERTEX_POINT ( 'NONE', #111 ) ;
#466 = EDGE_CURVE ( 'NONE', #875, #1175, #185, .T. ) ;
#467 = CARTESIAN_POINT ( 'NONE',  ( -7.294045781912957160, 10.38196969615209930, 0.000000000000000000 ) ) ;
#468 = DIRECTION ( 'NONE',  ( 0.000000000000000000, 1.000000000000000000, 0.000000000000000000 ) ) ;
#469 = FACE_OUTER_BOUND ( 'NONE', #1911, .T. ) ;
#470 = ORIENTED_EDGE ( 'NONE', *, *, #884, .T. ) ;
#471 = CARTESIAN_POINT ( 'NONE',  ( 0.000000000000000000, 0.000000000000000000, 5.000000000000000000 ) ) ;
#472 = VECTOR ( 'NONE', #2028, 1000.000000000000000 ) ;
#473 = CIRCLE ( 'NONE', #1358, 5.400000000000000355 ) ;
#474 = CARTESIAN_POINT ( 'NONE',  ( 0.000000000000000000, 0.000000000000000000, 7.000000000000000000 ) ) ;
#475 = CARTESIAN_POINT ( 'NONE',  ( 9.911436861717218605, 6.923259300083532963, 0.000000000000000000 ) ) ;
#476 = ORIENTED_EDGE ( 'NONE', *, *, #234, .T. ) ;
#477 = ADVANCED_FACE ( 'NONE', ( #2088 ), #951, .T. ) ;
#478 = DIRECTION ( 'NONE',  ( -1.000000000000000000, 0.000000000000000000, 0.000000000000000000 ) ) ;
#479 = EDGE_LOOP ( 'NONE', ( #1176, #2046, #1678, #1507 ) ) ;
#480 = ADVANCED_FACE ( 'NONE', ( #2065 ), #1088, .T. ) ;
#481 = CARTESIAN_POINT ( 'NONE',  ( -12.49883040889762498, 2.183491939545297189, 7.000000000000000000 ) ) ;
#482 = LINE ( 'NONE', #1617, #1120 ) ;
#483 = EDGE_CURVE ( 'NONE', #999, #273, #1112, .T. ) ;
#484 = VERTEX_POINT ( 'NONE', #778 ) ;
#485 = CARTESIAN_POINT ( 'NONE',  ( 3.500000000000000000, 8.266365894244633347E-16, 0.000000000000000000 ) ) ;
#486 = VECTOR ( 'NONE', #87, 1000.000000000000000 ) ;
#487 = PLANE ( 'NONE',  #1687 ) ;
#488 = LINE ( 'NONE', #1147, #1354 ) ;
#489 = VECTOR ( 'NONE', #1355, 1000.000000000000000 ) ;
#490 = ORIENTED_EDGE ( 'NONE', *, *, #181, .F. ) ;
#491 = CARTESIAN_POINT ( 'NONE',  ( 3.786522629849882637, 14.13149483860906841, 7.000000000000000000 ) ) ;
#492 = ORIENTED_EDGE ( 'NONE', *, *, #1476, .T. ) ;
#493 = CARTESIAN_POINT ( 'NONE',  ( -14.05126093462642167, 4.085959635998205997, 7.000000000000000000 ) ) ;
#494 = CARTESIAN_POINT ( 'NONE',  ( 1.125844095427628089, 12.63807238914437647, 7.000000000000000000 ) ) ;
#495 = FACE_OUTER_BOUND ( 'NONE', #1061, .T. ) ;
#496 = ADVANCED_FACE ( 'NONE', ( #1137 ), #123, .T. ) ;
#497 = LINE ( 'NONE', #949, #1487 ) ;
#498 = VECTOR ( 'NONE', #588, 1000.000000000000000 ) ;
#499 = EDGE_CURVE ( 'NONE', #232, #221, #2144, .T. ) ;
#500 = DIRECTION ( 'NONE',  ( -0.000000000000000000, -0.000000000000000000, -1.000000000000000000 ) ) ;
#501 = CARTESIAN_POINT ( 'NONE',  ( 0.000000000000000000, 0.000000000000000000, 7.000000000000000000 ) ) ;
#502 = VERTEX_POINT ( 'NONE', #263 ) ;
#503 = ORIENTED_EDGE ( 'NONE', *, *, #824, .T. ) ;
#504 = DIRECTION ( 'NONE',  ( 0.000000000000000000, -0.000000000000000000, -1.000000000000000000 ) ) ;
#505 = VECTOR ( 'NONE', #1652, 1000.000000000000114 ) ;
#506 = CARTESIAN_POINT ( 'NONE',  ( -12.63807238914351139, -1.125844095428747194, 0.000000000000000000 ) ) ;
#507 = EDGE_CURVE ( 'NONE', #1793, #1996, #1579, .T. ) ;
#508 = ORIENTED_EDGE ( 'NONE', *, *, #1657, .T. ) ;
#509 = ORIENTED_EDGE ( 'NONE', *, *, #1352, .T. ) ;
#510 = DIRECTION ( 'NONE',  ( 1.000000000000000000, 0.000000000000000000, 0.000000000000000000 ) ) ;
#511 = CARTESIAN_POINT ( 'NONE',  ( -1.750000000000000000, 2.143131898507868297E-16, 5.000000000000000000 ) ) ;
#512 = DIRECTION ( 'NONE',  ( 1.000000000000000000, 0.000000000000000000, 0.000000000000000000 ) ) ;
#513 = DIRECTION ( 'NONE',  ( -0.000000000000000000, 0.000000000000000000, 1.000000000000000000 ) ) ;
#514 = EDGE_CURVE ( 'NONE', #595, #1375, #1744, .T. ) ;
#515 = ORIENTED_EDGE ( 'NONE', *, *, #1991, .T. ) ;
#516 = DIRECTION ( 'NONE',  ( -1.000000000000000000, 0.000000000000000000, 0.000000000000000000 ) ) ;
#517 = ORIENTED_EDGE ( 'NONE', *, *, #1398, .F. ) ;
#518 = ORIENTED_EDGE ( 'NONE', *, *, #1991, .F. ) ;
#519 = CARTESIAN_POINT ( 'NONE',  ( -12.82495165736577292, 7.046532124825680476, 7.000000000000000000 ) ) ;
#520 = AXIS2_PLACEMENT_3D ( 'NONE', #481, #773, #1142 ) ;
#521 = CARTESIAN_POINT ( 'NONE',  ( 28.99999999999999289, 0.000000000000000000, 0.000000000000000000 ) ) ;
#522 = VECTOR ( 'NONE', #1278, 1000.000000000000000 ) ;
#523 = CARTESIAN_POINT ( 'NONE',  ( -11.90392781522452381, 2.112960617220279058, 7.000000000000000000 ) ) ;
#524 = DIRECTION ( 'NONE',  ( 1.000000000000000000, 0.000000000000000000, 0.000000000000000000 ) ) ;
#525 = ORIENTED_EDGE ( 'NONE', *, *, #1691, .T. ) ;
#526 = DIRECTION ( 'NONE',  ( 0.000000000000000000, -0.000000000000000000, 1.000000000000000000 ) ) ;
#527 = FACE_OUTER_BOUND ( 'NONE', #1306, .T. ) ;
#528 = ORIENTED_EDGE ( 'NONE', *, *, #1343, .F. ) ;
#529 = DIRECTION ( 'NONE',  ( -0.000000000000000000, -0.000000000000000000, -1.000000000000000000 ) ) ;
#530 = VECTOR ( 'NONE', #1955, 1000.000000000000000 ) ;
#531 = PLANE ( 'NONE',  #292 ) ;
#532 = PRESENTATION_STYLE_ASSIGNMENT (( #897 ) ) ;
#533 = AXIS2_PLACEMENT_3D ( 'NONE', #1357, #365, #1028 ) ;
#534 = ORIENTED_EDGE ( 'NONE', *, *, #712, .T. ) ;
#535 = VECTOR ( 'NONE', #1305, 1000.000000000000000 ) ;
#536 = CARTESIAN_POINT ( 'NONE',  ( 4.085959635999495632, 14.05126093462728676, 0.000000000000000000 ) ) ;
#537 = ORIENTED_EDGE ( 'NONE', *, *, #1704, .F. ) ;
#538 = CIRCLE ( 'NONE', #907, 3.500000000000000000 ) ;
#539 = EDGE_CURVE ( 'NONE', #910, #814, #2111, .T. ) ;
#540 = DIRECTION ( 'NONE',  ( 0.000000000000000000, -0.000000000000000000, -1.000000000000000000 ) ) ;
#541 = CARTESIAN_POINT ( 'NONE',  ( 32.50000000000000000, 2.143131898507874953E-16, 7.000000000000000000 ) ) ;
#542 = EDGE_CURVE ( 'NONE', #288, #1342, #1158, .T. ) ;
#543 = CARTESIAN_POINT ( 'NONE',  ( 30.75000000000000000, -4.000000000000006217, 7.000000000000000000 ) ) ;
#544 = VERTEX_POINT ( 'NONE', #1821 ) ;
#545 = DIRECTION ( 'NONE',  ( 1.000000000000000000, 0.000000000000000000, 0.000000000000000000 ) ) ;
#546 = CARTESIAN_POINT ( 'NONE',  ( 1.750000000000000000, 0.000000000000000000, 5.000000000000000000 ) ) ;
#547 = ORIENTED_EDGE ( 'NONE', *, *, #828, .T. ) ;
#548 = CARTESIAN_POINT ( 'NONE',  ( 1.125844095427628089, 12.63807238914437647, 7.000000000000000000 ) ) ;
#549 = FACE_BOUND ( 'NONE', #877, .T. ) ;
#550 = EDGE_CURVE ( 'NONE', #1402, #2035, #1939, .T. ) ;
#551 = ORIENTED_EDGE ( 'NONE', *, *, #1840, .F. ) ;
#552 = CARTESIAN_POINT ( 'NONE',  ( 11.40912354214818514, 4.000000000000002665, 7.000000000000000000 ) ) ;
#553 = EDGE_LOOP ( 'NONE', ( #152, #1090, #1989, #1745 ) ) ;
#554 = ADVANCED_FACE ( 'NONE', ( #1662 ), #840, .T. ) ;
#555 = CARTESIAN_POINT ( 'NONE',  ( 9.252623584189658246, 7.781841479322057609, 7.000000000000000000 ) ) ;
#556 = AXIS2_PLACEMENT_3D ( 'NONE', #1300, #132, #1472 ) ;
#557 = ORIENTED_EDGE ( 'NONE', *, *, #1458, .F. ) ;
#558 = ORIENTED_EDGE ( 'NONE', *, *, #1027, .F. ) ;
#559 = AXIS2_PLACEMENT_3D ( 'NONE', #1606, #970, #1264 ) ;
#560 = ORIENTED_EDGE ( 'NONE', *, *, #1398, .T. ) ;
#561 = CARTESIAN_POINT ( 'NONE',  ( 0.000000000000000000, 0.000000000000000000, 7.000000000000000000 ) ) ;
#562 = DIRECTION ( 'NONE',  ( -0.000000000000000000, -0.000000000000000000, 1.000000000000000000 ) ) ;
#563 = CIRCLE ( 'NONE', #1937, 3.500000000000000000 ) ;
#564 = DIRECTION ( 'NONE',  ( 1.000000000000000000, 0.000000000000000000, 0.000000000000000000 ) ) ;
#565 = ADVANCED_FACE ( 'NONE', ( #171 ), #1830, .F. ) ;
#566 = CARTESIAN_POINT ( 'NONE',  ( -8.140374693054308608, 9.732558681924917465, 7.000000000000000000 ) ) ;
#567 = ORIENTED_EDGE ( 'NONE', *, *, #1193, .T. ) ;
#568 = VECTOR ( 'NONE', #36, 1000.000000000000000 ) ;
#569 = AXIS2_PLACEMENT_3D ( 'NONE', #1362, #250, #1225 ) ;
#570 = ORIENTED_EDGE ( 'NONE', *, *, #1369, .F. ) ;
#571 = CARTESIAN_POINT ( 'NONE',  ( -4.358455715843330580, 11.91605062147250571, 7.000000000000000000 ) ) ;
#572 = ORIENTED_EDGE ( 'NONE', *, *, #1203, .F. ) ;
#573 = DIRECTION ( 'NONE',  ( 0.8660254037844388186, 0.4999999999999996669, 0.000000000000000000 ) ) ;
#574 = ORIENTED_EDGE ( 'NONE', *, *, #1318, .T. ) ;
#575 = EDGE_CURVE ( 'NONE', #1996, #339, #1338, .T. ) ;
#576 = LINE ( 'NONE', #735, #1860 ) ;
#577 = EDGE_CURVE ( 'NONE', #221, #1760, #488, .T. ) ;
#578 = LINE ( 'NONE', #1208, #259 ) ;
#579 = ORIENTED_EDGE ( 'NONE', *, *, #344, .T. ) ;
#580 = ORIENTED_EDGE ( 'NONE', *, *, #507, .F. ) ;
#581 = EDGE_CURVE ( 'NONE', #1375, #349, #62, .T. ) ;
#582 = CARTESIAN_POINT ( 'NONE',  ( 30.75000000000000000, 0.000000000000000000, 0.000000000000000000 ) ) ;
#583 = VERTEX_POINT ( 'NONE', #1541 ) ;
#584 = DIRECTION ( 'NONE',  ( 1.000000000000000000, 0.000000000000000000, 0.000000000000000000 ) ) ;
#585 = CIRCLE ( 'NONE', #163, 5.400000000000002132 ) ;
#586 = MANIFOLD_SOLID_BREP ( 'Boss-Extrude3', #1839 ) ;
#587 = CARTESIAN_POINT ( 'NONE',  ( -14.13149483860794575, 3.786522629849543353, 0.000000000000000000 ) ) ;
#588 = DIRECTION ( 'NONE',  ( -0.000000000000000000, -0.000000000000000000, -1.000000000000000000 ) ) ;
#589 = AXIS2_PLACEMENT_3D ( 'NONE', #1483, #1310, #1611 ) ;
#590 = ORIENTED_EDGE ( 'NONE', *, *, #414, .T. ) ;
#591 = AXIS2_PLACEMENT_3D ( 'NONE', #1590, #1876, #1701 ) ;
#592 = ORIENTED_EDGE ( 'NONE', *, *, #224, .T. ) ;
#593 = LINE ( 'NONE', #1105, #1546 ) ;
#594 = EDGE_CURVE ( 'NONE', #1900, #1735, #1669, .T. ) ;
#595 = VERTEX_POINT ( 'NONE', #460 ) ;
#596 = CYLINDRICAL_SURFACE ( 'NONE', #1221, 5.400000000000000355 ) ;
#597 = CARTESIAN_POINT ( 'NONE',  ( -4.358455715843330580, 11.91605062147250571, 0.000000000000000000 ) ) ;
#598 = DIRECTION ( 'NONE',  ( 1.000000000000000000, 0.000000000000000000, 0.000000000000000000 ) ) ;
#599 = CARTESIAN_POINT ( 'NONE',  ( 1.039999999999991820, 12.04518576029444432, 7.000000000000000000 ) ) ;
#600 = DIRECTION ( 'NONE',  ( -0.000000000000000000, -0.000000000000000000, -1.000000000000000000 ) ) ;
#601 = ORIENTED_EDGE ( 'NONE', *, *, #581, .F. ) ;
#602 = AXIS2_PLACEMENT_3D ( 'NONE', #283, #1602, #1767 ) ;
#603 = EDGE_LOOP ( 'NONE', ( #1569, #557, #1922, #1183 ) ) ;
#604 = CIRCLE ( 'NONE', #1567, 5.400000000000001243 ) ;
#605 = CARTESIAN_POINT ( 'NONE',  ( -14.62999999999880707, -0.3100000000013425905, 7.000000000000000000 ) ) ;
#606 = AXIS2_PLACEMENT_3D ( 'NONE', #193, #1039, #1977 ) ;
#607 = CARTESIAN_POINT ( 'NONE',  ( 4.358455715843321698, 11.91605062147250926, 7.000000000000000000 ) ) ;
#608 = EDGE_CURVE ( 'NONE', #1645, #419, #1971, .T. ) ;
#609 = ORIENTED_EDGE ( 'NONE', *, *, #1929, .F. ) ;
#610 = CARTESIAN_POINT ( 'NONE',  ( -14.62999999999880707, -0.3100000000013425905, 0.000000000000000000 ) ) ;
#611 = LINE ( 'NONE', #1752, #172 ) ;
#612 = DIRECTION ( 'NONE',  ( 0.000000000000000000, -0.000000000000000000, -1.000000000000000000 ) ) ;
#613 = ORIENTED_EDGE ( 'NONE', *, *, #962, .F. ) ;
#614 = ORIENTED_EDGE ( 'NONE', *, *, #816, .T. ) ;
#615 = ORIENTED_EDGE ( 'NONE', *, *, #1565, .F. ) ;
#616 = DIRECTION ( 'NONE',  ( -0.000000000000000000, -0.000000000000000000, -1.000000000000000000 ) ) ;
#617 = FACE_OUTER_BOUND ( 'NONE', #1063, .T. ) ;
#618 = LINE ( 'NONE', #1282, #1161 ) ;
#619 = ORIENTED_EDGE ( 'NONE', *, *, #1110, .T. ) ;
#620 = ORIENTED_EDGE ( 'NONE', *, *, #264, .T. ) ;
#621 = AXIS2_PLACEMENT_3D ( 'NONE', #1442, #1665, #2106 ) ;
#622 = CARTESIAN_POINT ( 'NONE',  ( 9.911436861717218605, 6.923259300083532963, 7.000000000000000000 ) ) ;
#623 = DIRECTION ( 'NONE',  ( 1.000000000000000000, 0.000000000000000000, 0.000000000000000000 ) ) ;
#624 = VERTEX_POINT ( 'NONE', #438 ) ;
#625 = DIRECTION ( 'NONE',  ( -0.000000000000000000, 0.000000000000000000, 1.000000000000000000 ) ) ;
#626 = CARTESIAN_POINT ( 'NONE',  ( 30.75000000000000000, 0.000000000000000000, 7.000000000000000000 ) ) ;
#627 = EDGE_CURVE ( 'NONE', #1434, #1151, #2085, .T. ) ;
#628 = CARTESIAN_POINT ( 'NONE',  ( -9.911436861717985991, 6.923259300082435175, 7.000000000000000000 ) ) ;
#629 = CARTESIAN_POINT ( 'NONE',  ( 11.40912354214818514, 4.000000000000002665, 7.000000000000000000 ) ) ;
#630 = ORIENTED_EDGE ( 'NONE', *, *, #711, .F. ) ;
#631 = EDGE_CURVE ( 'NONE', #908, #349, #1156, .T. ) ;
#632 = DIRECTION ( 'NONE',  ( -0.000000000000000000, -0.000000000000000000, -1.000000000000000000 ) ) ;
#633 = AXIS2_PLACEMENT_3D ( 'NONE', #1488, #354, #192 ) ;
#634 = ORIENTED_EDGE ( 'NONE', *, *, #1851, .F. ) ;
#635 = VECTOR ( 'NONE', #600, 1000.000000000000000 ) ;
#636 = CARTESIAN_POINT ( 'NONE',  ( 7.315000000000309477, 12.66995165736690332, 7.000000000000000000 ) ) ;
#637 = DIRECTION ( 'NONE',  ( 1.000000000000000000, 0.000000000000000000, 0.000000000000000000 ) ) ;
#638 = ORIENTED_EDGE ( 'NONE', *, *, #245, .F. ) ;
#639 = VECTOR ( 'NONE', #2126, 1000.000000000000000 ) ;
#640 = CARTESIAN_POINT ( 'NONE',  ( -14.62999999999880707, -0.3100000000013425905, 7.000000000000000000 ) ) ;
#641 = CIRCLE ( 'NONE', #2036, 5.400000000000000355 ) ;
#642 = FACE_OUTER_BOUND ( 'NONE', #1248, .T. ) ;
#643 = DIRECTION ( 'NONE',  ( -0.000000000000000000, 0.000000000000000000, 1.000000000000000000 ) ) ;
#644 = ORIENTED_EDGE ( 'NONE', *, *, #1786, .T. ) ;
#645 = EDGE_CURVE ( 'NONE', #2134, #1740, #1987, .T. ) ;
#646 = CYLINDRICAL_SURFACE ( 'NONE', #1236, 5.400000000000000355 ) ;
#647 = CARTESIAN_POINT ( 'NONE',  ( -7.175366554901133945E-16, 4.000000000000000888, 7.000000000000000000 ) ) ;
#648 = VERTEX_POINT ( 'NONE', #134 ) ;
#649 = CYLINDRICAL_SURFACE ( 'NONE', #768, 12.08999999999999986 ) ;
#650 = PLANE ( 'NONE',  #589 ) ;
#651 = DIRECTION ( 'NONE',  ( -0.000000000000000000, -0.000000000000000000, -1.000000000000000000 ) ) ;
#652 = AXIS2_PLACEMENT_3D ( 'NONE', #225, #242, #1052 ) ;
#653 = ORIENTED_EDGE ( 'NONE', *, *, #899, .F. ) ;
#654 = AXIS2_PLACEMENT_3D ( 'NONE', #467, #1129, #1773 ) ;
#655 = DIRECTION ( 'NONE',  ( -0.000000000000000000, 0.000000000000000000, 1.000000000000000000 ) ) ;
#656 = EDGE_LOOP ( 'NONE', ( #940, #579 ) ) ;
#657 = DIRECTION ( 'NONE',  ( -0.000000000000000000, -0.000000000000000000, -1.000000000000000000 ) ) ;
#658 = AXIS2_PLACEMENT_3D ( 'NONE', #688, #1508, #516 ) ;
#659 = ADVANCED_FACE ( 'NONE', ( #797 ), #818, .T. ) ;
#660 = CIRCLE ( 'NONE', #1965, 5.399999999999999467 ) ;
#661 = CARTESIAN_POINT ( 'NONE',  ( 0.000000000000000000, 0.000000000000000000, 7.000000000000000000 ) ) ;
#662 = DIRECTION ( 'NONE',  ( -1.000000000000000000, 0.000000000000000000, 0.000000000000000000 ) ) ;
#663 = CARTESIAN_POINT ( 'NONE',  ( -10.38196969615113119, 7.294045781911802528, 7.000000000000000000 ) ) ;
#664 = VERTEX_POINT ( 'NONE', #640 ) ;
#665 = VERTEX_POINT ( 'NONE', #1473 ) ;
#666 = CARTESIAN_POINT ( 'NONE',  ( 30.75000000000000000, 4.000000000000006217, 0.000000000000000000 ) ) ;
#667 = EDGE_CURVE ( 'NONE', #2120, #1920, #396, .T. ) ;
#668 = CARTESIAN_POINT ( 'NONE',  ( 1.750000000000000000, 0.000000000000000000, 7.000000000000000000 ) ) ;
#669 = CARTESIAN_POINT ( 'NONE',  ( 0.000000000000000000, 0.000000000000000000, 0.000000000000000000 ) ) ;
#670 = CIRCLE ( 'NONE', #1293, 4.000000000000003553 ) ;
#671 = CARTESIAN_POINT ( 'NONE',  ( 4.122086335902518606, 11.36558420141110659, 0.000000000000000000 ) ) ;
#672 = AXIS2_PLACEMENT_3D ( 'NONE', #1353, #678, #2004 ) ;
#673 = EDGE_CURVE ( 'NONE', #1956, #1824, #941, .T. ) ;
#674 = VERTEX_POINT ( 'NONE', #1492 ) ;
#675 = CARTESIAN_POINT ( 'NONE',  ( 30.75000000000000000, 0.000000000000000000, 7.000000000000000000 ) ) ;
#676 = EDGE_LOOP ( 'NONE', ( #1835, #1966, #692, #1331 ) ) ;
#677 = ORIENTED_EDGE ( 'NONE', *, *, #594, .F. ) ;
#678 = DIRECTION ( 'NONE',  ( -0.000000000000000000, 0.000000000000000000, 1.000000000000000000 ) ) ;
#679 = ORIENTED_EDGE ( 'NONE', *, *, #2098, .T. ) ;
#680 = CARTESIAN_POINT ( 'NONE',  ( 1.125844095427628089, 12.63807238914437647, 7.000000000000000000 ) ) ;
#681 = CARTESIAN_POINT ( 'NONE',  ( -12.04518576029432886, -1.040000000001314318, 7.000000000000000000 ) ) ;
#682 = ORIENTED_EDGE ( 'NONE', *, *, #1168, .T. ) ;
#683 = AXIS2_PLACEMENT_3D ( 'NONE', #494, #1807, #545 ) ;
#684 = DIRECTION ( 'NONE',  ( -0.000000000000000000, -0.000000000000000000, -1.000000000000000000 ) ) ;
#685 = AXIS2_PLACEMENT_3D ( 'NONE', #1528, #34, #710 ) ;
#686 = AXIS2_PLACEMENT_3D ( 'NONE', #1954, #1780, #1790 ) ;
#687 = ORIENTED_EDGE ( 'NONE', *, *, #1609, .F. ) ;
#688 = CARTESIAN_POINT ( 'NONE',  ( -1.125844095427459335, 12.63807238914439068, 7.000000000000000000 ) ) ;
#689 = EDGE_CURVE ( 'NONE', #100, #1645, #698, .T. ) ;
#690 = DIRECTION ( 'NONE',  ( -0.000000000000000000, 0.000000000000000000, 1.000000000000000000 ) ) ;
#691 = CARTESIAN_POINT ( 'NONE',  ( 8.140374693055564492, 9.732558681927120148, 7.000000000000000000 ) ) ;
#692 = ORIENTED_EDGE ( 'NONE', *, *, #182, .T. ) ;
#693 = CARTESIAN_POINT ( 'NONE',  ( -6.923259300083199896, 9.911436861717451308, 7.000000000000000000 ) ) ;
#694 = DIRECTION ( 'NONE',  ( -0.000000000000000000, -0.000000000000000000, -1.000000000000000000 ) ) ;
#695 = EDGE_CURVE ( 'NONE', #1686, #1407, #348, .T. ) ;
#696 = DIRECTION ( 'NONE',  ( -0.000000000000000000, -0.000000000000000000, -1.000000000000000000 ) ) ;
#697 = CARTESIAN_POINT ( 'NONE',  ( 0.000000000000000000, 0.000000000000000000, 7.000000000000000000 ) ) ;
#698 = CIRCLE ( 'NONE', #1907, 12.08999999999999986 ) ;
#699 = CARTESIAN_POINT ( 'NONE',  ( 30.75000000000000000, 0.000000000000000000, 0.000000000000000000 ) ) ;
#700 = FACE_OUTER_BOUND ( 'NONE', #1890, .T. ) ;
#701 = AXIS2_PLACEMENT_3D ( 'NONE', #471, #1133, #1777 ) ;
#702 = VERTEX_POINT ( 'NONE', #541 ) ;
#703 = AXIS2_PLACEMENT_3D ( 'NONE', #204, #871, #861 ) ;
#704 = CARTESIAN_POINT ( 'NONE',  ( -7.175366554901133945E-16, -4.000000000000000888, 7.000000000000000000 ) ) ;
#705 = ORIENTED_EDGE ( 'NONE', *, *, #507, .T. ) ;
#706 = EDGE_CURVE ( 'NONE', #648, #1822, #1673, .T. ) ;
#707 = EDGE_CURVE ( 'NONE', #254, #2048, #1698, .T. ) ;
#708 = CARTESIAN_POINT ( 'NONE',  ( -2.183491939546314597, 12.49883040889754859, 7.000000000000000000 ) ) ;
#709 = AXIS2_PLACEMENT_3D ( 'NONE', #379, #1654, #1005 ) ;
#710 = DIRECTION ( 'NONE',  ( 1.000000000000000000, 0.000000000000000000, 0.000000000000000000 ) ) ;
#711 = EDGE_CURVE ( 'NONE', #1186, #1760, #1870, .T. ) ;
#712 = EDGE_CURVE ( 'NONE', #333, #1402, #1018, .T. ) ;
#713 = DIRECTION ( 'NONE',  ( -1.000000000000000000, 0.000000000000000000, 0.000000000000000000 ) ) ;
#714 = EDGE_LOOP ( 'NONE', ( #1323, #1692, #492, #574 ) ) ;
#715 = FACE_OUTER_BOUND ( 'NONE', #933, .T. ) ;
#716 = DIRECTION ( 'NONE',  ( 1.000000000000000000, 0.000000000000000000, 0.000000000000000000 ) ) ;
#717 = VERTEX_POINT ( 'NONE', #1538 ) ;
#718 = VECTOR ( 'NONE', #1425, 1000.000000000000227 ) ;
#719 = ORIENTED_EDGE ( 'NONE', *, *, #770, .F. ) ;
#720 = VERTEX_POINT ( 'NONE', #45 ) ;
#721 = CYLINDRICAL_SURFACE ( 'NONE', #1056, 5.400000000000000355 ) ;
#722 = ADVANCED_FACE ( 'NONE', ( #236 ), #721, .T. ) ;
#723 = DIRECTION ( 'NONE',  ( -1.000000000000000000, 0.000000000000000000, 0.000000000000000000 ) ) ;
#724 = ORIENTED_EDGE ( 'NONE', *, *, #1882, .T. ) ;
#725 = AXIS2_PLACEMENT_3D ( 'NONE', #813, #318, #1136 ) ;
#726 = DIRECTION ( 'NONE',  ( -0.000000000000000000, -0.000000000000000000, -1.000000000000000000 ) ) ;
#727 = DIRECTION ( 'NONE',  ( 0.8660254037844391517, 0.4999999999999991673, -0.000000000000000000 ) ) ;
#728 = ORIENTED_EDGE ( 'NONE', *, *, #219, .F. ) ;
#729 = VERTEX_POINT ( 'NONE', #1230 ) ;
#730 = VERTEX_POINT ( 'NONE', #56 ) ;
#731 = CARTESIAN_POINT ( 'NONE',  ( -14.13149483860794575, 3.786522629849543353, 7.000000000000000000 ) ) ;
#732 = EDGE_CURVE ( 'NONE', #484, #1694, #196, .T. ) ;
#733 = ORIENTED_EDGE ( 'NONE', *, *, #787, .T. ) ;
#734 = AXIS2_PLACEMENT_3D ( 'NONE', #2115, #1943, #1438 ) ;
#735 = CARTESIAN_POINT ( 'NONE',  ( 9.911436861717218605, 6.923259300083532963, 7.000000000000000000 ) ) ;
#736 = CARTESIAN_POINT ( 'NONE',  ( -12.04518576029456156, 1.039999999998625357, 7.000000000000000000 ) ) ;
#737 = MECHANICAL_DESIGN_GEOMETRIC_PRESENTATION_REPRESENTATION (  '', ( #1423 ), #1637 ) ;
#738 = VERTEX_POINT ( 'NONE', #403 ) ;
#739 = ORIENTED_EDGE ( 'NONE', *, *, #385, .F. ) ;
#740 = CARTESIAN_POINT ( 'NONE',  ( -10.38196969615113119, 7.294045781911802528, 7.000000000000000000 ) ) ;
#741 = ORIENTED_EDGE ( 'NONE', *, *, #667, .F. ) ;
#742 = DIRECTION ( 'NONE',  ( -0.000000000000000000, -0.000000000000000000, -1.000000000000000000 ) ) ;
#743 = ORIENTED_EDGE ( 'NONE', *, *, #1031, .F. ) ;
#744 = DIRECTION ( 'NONE',  ( -0.000000000000000000, 0.000000000000000000, 1.000000000000000000 ) ) ;
#745 = DIRECTION ( 'NONE',  ( 1.000000000000000000, 0.000000000000000000, 0.000000000000000000 ) ) ;
#746 = DIRECTION ( 'NONE',  ( 0.4999999999999991118, -0.8660254037844391517, 0.000000000000000000 ) ) ;
#747 = ORIENTED_EDGE ( 'NONE', *, *, #542, .F. ) ;
#748 = EDGE_CURVE ( 'NONE', #190, #273, #867, .T. ) ;
#749 = ORIENTED_EDGE ( 'NONE', *, *, #539, .F. ) ;
#750 = CARTESIAN_POINT ( 'NONE',  ( -9.911436861717985991, 6.923259300082435175, 7.000000000000000000 ) ) ;
#751 = ORIENTED_EDGE ( 'NONE', *, *, #1615, .F. ) ;
#752 = DIRECTION ( 'NONE',  ( -0.000000000000000000, -0.000000000000000000, -1.000000000000000000 ) ) ;
#753 = FACE_OUTER_BOUND ( 'NONE', #94, .T. ) ;
#754 = CARTESIAN_POINT ( 'NONE',  ( -14.13149483860797417, -3.786522629849596644, 0.000000000000000000 ) ) ;
#755 = CARTESIAN_POINT ( 'NONE',  ( -7.583491939546314953, 12.49883040889754859, 7.000000000000000000 ) ) ;
#756 = CIRCLE ( 'NONE', #686, 12.08999999999999986 ) ;
#757 = ORIENTED_EDGE ( 'NONE', *, *, #1620, .T. ) ;
#758 = EDGE_CURVE ( 'NONE', #237, #2117, #35, .T. ) ;
#759 = VECTOR ( 'NONE', #417, 1000.000000000000000 ) ;
#760 = CARTESIAN_POINT ( 'NONE',  ( -7.294045781912957160, 10.38196969615209930, 7.000000000000000000 ) ) ;
#761 = ORIENTED_EDGE ( 'NONE', *, *, #1125, .T. ) ;
#762 = CARTESIAN_POINT ( 'NONE',  ( 3.487085623700271864, 14.21172874259085006, 7.000000000000000000 ) ) ;
#763 = LINE ( 'NONE', #227, #568 ) ;
#764 = EDGE_LOOP ( 'NONE', ( #517, #518, #1253, #1516 ) ) ;
#765 = CARTESIAN_POINT ( 'NONE',  ( 8.140374693055564492, 9.732558681927120148, 0.000000000000000000 ) ) ;
#766 = DIRECTION ( 'NONE',  ( 0.7071067811865462405, 0.7071067811865489050, 0.000000000000000000 ) ) ;
#767 = EDGE_LOOP ( 'NONE', ( #783, #1548, #43, #11 ) ) ;
#768 = AXIS2_PLACEMENT_3D ( 'NONE', #1961, #1913, #445 ) ;
#769 = AXIS2_PLACEMENT_3D ( 'NONE', #1101, #612, #1247 ) ;
#770 = EDGE_CURVE ( 'NONE', #288, #1912, #943, .T. ) ;
#771 = VERTEX_POINT ( 'NONE', #1680 ) ;
#772 = AXIS2_PLACEMENT_3D ( 'NONE', #26, #2009, #713 ) ;
#773 = DIRECTION ( 'NONE',  ( -0.000000000000000000, 0.000000000000000000, 1.000000000000000000 ) ) ;
#774 = CARTESIAN_POINT ( 'NONE',  ( 7.046532124827029619, 12.82495165736696308, 0.000000000000000000 ) ) ;
#775 = CARTESIAN_POINT ( 'NONE',  ( 12.82495165736703235, 7.046532124827886712, 7.000000000000000000 ) ) ;
#776 = AXIS2_PLACEMENT_3D ( 'NONE', #506, #1204, #1852 ) ;
#777 = DIRECTION ( 'NONE',  ( -1.000000000000000000, 0.000000000000000000, 0.000000000000000000 ) ) ;
#778 = CARTESIAN_POINT ( 'NONE',  ( -11.36558420141146186, 4.122086335901534504, 7.000000000000000000 ) ) ;
#779 = ORIENTED_EDGE ( 'NONE', *, *, #1681, .T. ) ;
#780 = ORIENTED_EDGE ( 'NONE', *, *, #2016, .T. ) ;
#781 = CARTESIAN_POINT ( 'NONE',  ( 1.125844095427628089, 12.63807238914437647, 0.000000000000000000 ) ) ;
#782 = CARTESIAN_POINT ( 'NONE',  ( -10.95143686171785546, 5.121926460210783461, 0.000000000000000000 ) ) ;
#783 = ORIENTED_EDGE ( 'NONE', *, *, #410, .F. ) ;
#784 = CARTESIAN_POINT ( 'NONE',  ( 2.183491939546645888, 12.49883040889881691, 7.000000000000000000 ) ) ;
#785 = CARTESIAN_POINT ( 'NONE',  ( 5.344026607231718629, 11.50781379158033424, 7.000000000000000000 ) ) ;
#786 = CARTESIAN_POINT ( 'NONE',  ( 5.344026607231718629, 11.50781379158033424, 0.000000000000000000 ) ) ;
#787 = EDGE_CURVE ( 'NONE', #1705, #1920, #1521, .T. ) ;
#788 = ORIENTED_EDGE ( 'NONE', *, *, #197, .T. ) ;
#789 = ORIENTED_EDGE ( 'NONE', *, *, #1436, .F. ) ;
#790 = CARTESIAN_POINT ( 'NONE',  ( -9.732558681925928212, 8.140374693054221567, 7.000000000000000000 ) ) ;
#791 = CIRCLE ( 'NONE', #1992, 5.399999999999998579 ) ;
#792 = DIRECTION ( 'NONE',  ( 0.000000000000000000, 0.000000000000000000, 1.000000000000000000 ) ) ;
#793 = DIRECTION ( 'NONE',  ( -0.000000000000000000, 0.000000000000000000, 1.000000000000000000 ) ) ;
#794 = CARTESIAN_POINT ( 'NONE',  ( -12.63807238914285946, 1.125844095426137725, 0.000000000000000000 ) ) ;
#795 = ORIENTED_EDGE ( 'NONE', *, *, #166, .F. ) ;
#796 = PLANE ( 'NONE',  #1356 ) ;
#797 = FACE_OUTER_BOUND ( 'NONE', #1901, .T. ) ;
#798 = EDGE_CURVE ( 'NONE', #484, #2048, #604, .T. ) ;
#799 = CARTESIAN_POINT ( 'NONE',  ( 10.95143686171733144, 5.121926460211903454, 7.000000000000000000 ) ) ;
#800 = CARTESIAN_POINT ( 'NONE',  ( -11.36558420141053993, -4.122086335904077359, 7.000000000000000000 ) ) ;
#801 = ORIENTED_EDGE ( 'NONE', *, *, #539, .T. ) ;
#802 = CARTESIAN_POINT ( 'NONE',  ( -2.183491939546314597, 12.49883040889754859, 7.000000000000000000 ) ) ;
#803 = VECTOR ( 'NONE', #657, 1000.000000000000000 ) ;
#804 = EDGE_CURVE ( 'NONE', #1793, #720, #670, .T. ) ;
#805 = ORIENTED_EDGE ( 'NONE', *, *, #72, .T. ) ;
#806 = VECTOR ( 'NONE', #651, 1000.000000000000000 ) ;
#807 = CYLINDRICAL_SURFACE ( 'NONE', #995, 5.400000000000002132 ) ;
#808 = DIRECTION ( 'NONE',  ( 0.000000000000000000, -0.000000000000000000, -1.000000000000000000 ) ) ;
#809 = ORIENTED_EDGE ( 'NONE', *, *, #962, .T. ) ;
#810 = AXIS2_PLACEMENT_3D ( 'NONE', #708, #540, #1818 ) ;
#811 = CARTESIAN_POINT ( 'NONE',  ( -9.252623584190111217, 7.781841479321518484, 0.000000000000000000 ) ) ;
#812 = AXIS2_PLACEMENT_3D ( 'NONE', #1888, #727, #1037 ) ;
#813 = CARTESIAN_POINT ( 'NONE',  ( -9.732558681925928212, 8.140374693054221567, 0.000000000000000000 ) ) ;
#814 = VERTEX_POINT ( 'NONE', #1608 ) ;
#815 = ORIENTED_EDGE ( 'NONE', *, *, #1581, .T. ) ;
#816 = EDGE_CURVE ( 'NONE', #720, #190, #1096, .T. ) ;
#817 = CARTESIAN_POINT ( 'NONE',  ( -11.90392781522405130, -2.112960617222941373, 7.000000000000000000 ) ) ;
#818 = CYLINDRICAL_SURFACE ( 'NONE', #1834, 12.08999999999999986 ) ;
#819 = LINE ( 'NONE', #628, #2023 ) ;
#820 = LINE ( 'NONE', #1020, #974 ) ;
#821 = CIRCLE ( 'NONE', #1511, 5.400000000000000355 ) ;
#822 = ORIENTED_EDGE ( 'NONE', *, *, #758, .T. ) ;
#823 = VERTEX_POINT ( 'NONE', #2097 ) ;
#824 = EDGE_CURVE ( 'NONE', #823, #738, #1, .T. ) ;
#825 = DIRECTION ( 'NONE',  ( 1.000000000000000000, 0.000000000000000000, 0.000000000000000000 ) ) ;
#826 = DIRECTION ( 'NONE',  ( -0.000000000000000000, -0.000000000000000000, -1.000000000000000000 ) ) ;
#827 = VECTOR ( 'NONE', #1554, 1000.000000000000000 ) ;
#828 = EDGE_CURVE ( 'NONE', #875, #502, #2113, .T. ) ;
#829 = DIRECTION ( 'NONE',  ( -0.000000000000000000, 0.000000000000000000, 1.000000000000000000 ) ) ;
#830 = DIRECTION ( 'NONE',  ( 1.000000000000000000, 0.000000000000000000, 0.000000000000000000 ) ) ;
#831 = DIRECTION ( 'NONE',  ( -0.000000000000000000, -0.000000000000000000, -1.000000000000000000 ) ) ;
#832 = EDGE_LOOP ( 'NONE', ( #2135, #551, #299, #1726 ) ) ;
#833 = DIRECTION ( 'NONE',  ( 1.000000000000000000, 0.000000000000000000, 0.000000000000000000 ) ) ;
#834 = ORIENTED_EDGE ( 'NONE', *, *, #577, .T. ) ;
#835 = CARTESIAN_POINT ( 'NONE',  ( -10.12576910659104534, 10.56417531092609785, 7.000000000000000000 ) ) ;
#836 = VECTOR ( 'NONE', #684, 1000.000000000000000 ) ;
#837 = CIRCLE ( 'NONE', #1527, 12.08999999999999986 ) ;
#838 = VECTOR ( 'NONE', #2026, 1000.000000000000114 ) ;
#839 = ADVANCED_FACE ( 'NONE', ( #1413 ), #896, .T. ) ;
#840 = CYLINDRICAL_SURFACE ( 'NONE', #327, 5.399999999999998579 ) ;
#841 = VECTOR ( 'NONE', #1327, 1000.000000000000000 ) ;
#842 = EDGE_LOOP ( 'NONE', ( #4, #845, #113, #1676 ) ) ;
#843 =( NAMED_UNIT ( * ) PLANE_ANGLE_UNIT ( ) SI_UNIT ( $, .RADIAN. ) );
#844 = DIRECTION ( 'NONE',  ( 1.000000000000000000, 0.000000000000000000, 0.000000000000000000 ) ) ;
#845 = ORIENTED_EDGE ( 'NONE', *, *, #1016, .T. ) ;
#846 = EDGE_CURVE ( 'NONE', #1912, #1575, #1764, .T. ) ;
#847 = CARTESIAN_POINT ( 'NONE',  ( -11.36558420141146186, 4.122086335901534504, 7.000000000000000000 ) ) ;
#848 = ADVANCED_FACE ( 'NONE', ( #1563 ), #596, .T. ) ;
#849 = EDGE_CURVE ( 'NONE', #124, #1824, #258, .T. ) ;
#850 = ORIENTED_EDGE ( 'NONE', *, *, #291, .T. ) ;
#851 = CARTESIAN_POINT ( 'NONE',  ( 0.000000000000000000, 0.000000000000000000, 7.000000000000000000 ) ) ;
#852 = CARTESIAN_POINT ( 'NONE',  ( 10.34497220875983814, 10.34497220875983814, 7.000000000000000000 ) ) ;
#853 = ORIENTED_EDGE ( 'NONE', *, *, #1102, .T. ) ;
#854 = DIRECTION ( 'NONE',  ( 1.000000000000000000, 0.000000000000000000, 0.000000000000000000 ) ) ;
#855 = LINE ( 'NONE', #1365, #222 ) ;
#856 = DIRECTION ( 'NONE',  ( 1.000000000000000000, 0.000000000000000000, 0.000000000000000000 ) ) ;
#857 = VECTOR ( 'NONE', #1122, 1000.000000000000000 ) ;
#858 = AXIS2_PLACEMENT_3D ( 'NONE', #1100, #1743, #1886 ) ;
#859 = FACE_OUTER_BOUND ( 'NONE', #714, .T. ) ;
#860 = ADVANCED_FACE ( 'NONE', ( #2049 ), #1884, .F. ) ;
#861 = DIRECTION ( 'NONE',  ( 1.000000000000000000, 0.000000000000000000, 0.000000000000000000 ) ) ;
#862 = CARTESIAN_POINT ( 'NONE',  ( -2.183491939546314597, 12.49883040889754859, 0.000000000000000000 ) ) ;
#863 = ORIENTED_EDGE ( 'NONE', *, *, #1110, .F. ) ;
#864 = ADVANCED_FACE ( 'NONE', ( #1741 ), #911, .T. ) ;
#865 = DIRECTION ( 'NONE',  ( -0.000000000000000000, -0.000000000000000000, -1.000000000000000000 ) ) ;
#866 = CARTESIAN_POINT ( 'NONE',  ( -0.3100000000000053824, 14.63000000000000078, 7.000000000000000000 ) ) ;
#867 = LINE ( 'NONE', #1510, #1163 ) ;
#868 = AXIS2_PLACEMENT_3D ( 'NONE', #939, #296, #308 ) ;
#869 = CARTESIAN_POINT ( 'NONE',  ( 0.000000000000000000, 0.000000000000000000, 7.000000000000000000 ) ) ;
#870 = FILL_AREA_STYLE_COLOUR ( '', #431 ) ;
#871 = DIRECTION ( 'NONE',  ( -0.000000000000000000, 0.000000000000000000, 1.000000000000000000 ) ) ;
#872 = CARTESIAN_POINT ( 'NONE',  ( -3.786522629849679245, 14.13149483860912525, 0.000000000000000000 ) ) ;
#873 = VECTOR ( 'NONE', #1046, 1000.000000000000114 ) ;
#874 = DIRECTION ( 'NONE',  ( -0.000000000000000000, -0.000000000000000000, -1.000000000000000000 ) ) ;
#875 = VERTEX_POINT ( 'NONE', #1108 ) ;
#876 = EDGE_CURVE ( 'NONE', #1361, #1375, #359, .T. ) ;
#877 = EDGE_LOOP ( 'NONE', ( #1079, #757 ) ) ;
#878 = DIRECTION ( 'NONE',  ( -0.000000000000000000, 0.000000000000000000, 1.000000000000000000 ) ) ;
#879 = ORIENTED_EDGE ( 'NONE', *, *, #1854, .F. ) ;
#880 = FACE_OUTER_BOUND ( 'NONE', #117, .T. ) ;
#881 = ORIENTED_EDGE ( 'NONE', *, *, #449, .F. ) ;
#882 = DIRECTION ( 'NONE',  ( 1.000000000000000000, 0.000000000000000000, 0.000000000000000000 ) ) ;
#883 = ORIENTED_EDGE ( 'NONE', *, *, #353, .T. ) ;
#884 = EDGE_CURVE ( 'NONE', #1439, #412, #148, .T. ) ;
#885 = ORIENTED_EDGE ( 'NONE', *, *, #1031, .T. ) ;
#886 = VECTOR ( 'NONE', #1500, 1000.000000000000000 ) ;
#887 = EDGE_LOOP ( 'NONE', ( #2145, #2125, #986, #1950 ) ) ;
#888 = SURFACE_SIDE_STYLE ('',( #405 ) ) ;
#889 = ORIENTED_EDGE ( 'NONE', *, *, #1566, .F. ) ;
#890 = LINE ( 'NONE', #1708, #827 ) ;
#891 = ORIENTED_EDGE ( 'NONE', *, *, #1813, .F. ) ;
#892 = VERTEX_POINT ( 'NONE', #610 ) ;
#893 = FACE_OUTER_BOUND ( 'NONE', #1363, .T. ) ;
#894 = AXIS2_PLACEMENT_3D ( 'NONE', #794, #808, #945 ) ;
#895 = ADVANCED_BREP_SHAPE_REPRESENTATION ( 'Gear 2', ( #586, #1283 ), #1517 ) ;
#896 = CYLINDRICAL_SURFACE ( 'NONE', #1728, 5.400000000000000355 ) ;
#897 = SURFACE_STYLE_USAGE ( .BOTH. , #888 ) ;
#898 = AXIS2_PLACEMENT_3D ( 'NONE', #2136, #1014, #1960 ) ;
#899 = EDGE_CURVE ( 'NONE', #1750, #381, #1973, .T. ) ;
#900 = ORIENTED_EDGE ( 'NONE', *, *, #631, .T. ) ;
#901 = VECTOR ( 'NONE', #1426, 1000.000000000000000 ) ;
#902 = DIRECTION ( 'NONE',  ( 1.000000000000000000, 0.000000000000000000, 0.000000000000000000 ) ) ;
#903 = DIRECTION ( 'NONE',  ( -1.000000000000000000, 0.000000000000000000, 0.000000000000000000 ) ) ;
#904 = VECTOR ( 'NONE', #368, 1000.000000000000000 ) ;
#905 = EDGE_LOOP ( 'NONE', ( #619, #37, #1545, #1103 ) ) ;
#906 = CIRCLE ( 'NONE', #810, 5.400000000000000355 ) ;
#907 = AXIS2_PLACEMENT_3D ( 'NONE', #2020, #2044, #882 ) ;
#908 = VERTEX_POINT ( 'NONE', #774 ) ;
#909 = CARTESIAN_POINT ( 'NONE',  ( 0.000000000000000000, 0.000000000000000000, 7.000000000000000000 ) ) ;
#910 = VERTEX_POINT ( 'NONE', #1435 ) ;
#911 = CYLINDRICAL_SURFACE ( 'NONE', #2002, 12.08999999999999986 ) ;
#912 = EDGE_CURVE ( 'NONE', #624, #875, #1276, .T. ) ;
#913 = CARTESIAN_POINT ( 'NONE',  ( -0.3100000000000053824, 14.63000000000000078, 7.000000000000000000 ) ) ;
#914 = DIRECTION ( 'NONE',  ( 0.000000000000000000, 0.000000000000000000, 1.000000000000000000 ) ) ;
#915 = DIRECTION ( 'NONE',  ( 1.000000000000000000, 0.000000000000000000, 0.000000000000000000 ) ) ;
#916 = ORIENTED_EDGE ( 'NONE', *, *, #2098, .F. ) ;
#917 = CARTESIAN_POINT ( 'NONE',  ( -14.62999999999880707, 0.3099999999986574051, 7.000000000000000000 ) ) ;
#918 = ORIENTED_EDGE ( 'NONE', *, *, #1490, .T. ) ;
#919 = CYLINDRICAL_SURFACE ( 'NONE', #1819, 4.000000000000007105 ) ;
#920 = PLANE ( 'NONE',  #1390 ) ;
#921 = DIRECTION ( 'NONE',  ( -0.000000000000000000, 0.000000000000000000, 1.000000000000000000 ) ) ;
#922 = AXIS2_PLACEMENT_3D ( 'NONE', #434, #276, #1903 ) ;
#923 = ADVANCED_FACE ( 'NONE', ( #1289, #131, #304 ), #796, .T. ) ;
#924 = DIRECTION ( 'NONE',  ( 1.000000000000000000, 3.533695969582384676E-15, 0.000000000000000000 ) ) ;
#925 = AXIS2_PLACEMENT_3D ( 'NONE', #2087, #973, #1111 ) ;
#926 = ORIENTED_EDGE ( 'NONE', *, *, #707, .F. ) ;
#927 = VECTOR ( 'NONE', #500, 1000.000000000000000 ) ;
#928 = EDGE_LOOP ( 'NONE', ( #1200, #1618, #509, #44 ) ) ;
#929 = ADVANCED_FACE ( 'NONE', ( #2109 ), #1936, .F. ) ;
#930 = ADVANCED_FACE ( 'NONE', ( #859 ), #531, .T. ) ;
#931 = FACE_OUTER_BOUND ( 'NONE', #1284, .T. ) ;
#932 = DIRECTION ( 'NONE',  ( 1.000000000000000000, 0.000000000000000000, 0.000000000000000000 ) ) ;
#933 = EDGE_LOOP ( 'NONE', ( #2025, #965, #1400, #200 ) ) ;
#934 = DIRECTION ( 'NONE',  ( 0.000000000000000000, -0.000000000000000000, -1.000000000000000000 ) ) ;
#935 = CIRCLE ( 'NONE', #559, 12.08999999999999986 ) ;
#936 = CARTESIAN_POINT ( 'NONE',  ( -5.344026607230979664, 11.50781379157854012, 7.000000000000000000 ) ) ;
#937 = AXIS2_PLACEMENT_3D ( 'NONE', #1820, #367, #662 ) ;
#938 = CARTESIAN_POINT ( 'NONE',  ( -0.000000000000000000, 14.63000000000000078, 0.000000000000000000 ) ) ;
#939 = CARTESIAN_POINT ( 'NONE',  ( 0.000000000000000000, 0.000000000000000000, 7.000000000000000000 ) ) ;
#940 = ORIENTED_EDGE ( 'NONE', *, *, #1203, .T. ) ;
#941 = CIRCLE ( 'NONE', #1086, 5.400000000000001243 ) ;
#942 = VERTEX_POINT ( 'NONE', #269 ) ;
#943 = CIRCLE ( 'NONE', #533, 5.400000000000001243 ) ;
#944 = AXIS2_PLACEMENT_3D ( 'NONE', #1489, #2137, #211 ) ;
#945 = DIRECTION ( 'NONE',  ( 1.000000000000000000, 8.834239923955961690E-16, 0.000000000000000000 ) ) ;
#946 = ADVANCED_FACE ( 'NONE', ( #1540, #880, #1682 ), #920, .F. ) ;
#947 = EDGE_LOOP ( 'NONE', ( #609, #126, #1647, #1116 ) ) ;
#948 = DIRECTION ( 'NONE',  ( -1.000000000000000000, 0.000000000000000000, 0.000000000000000000 ) ) ;
#949 = CARTESIAN_POINT ( 'NONE',  ( 4.122086335902518606, 11.36558420141110659, 7.000000000000000000 ) ) ;
#950 = DIRECTION ( 'NONE',  ( -0.000000000000000000, 0.000000000000000000, 1.000000000000000000 ) ) ;
#951 = CYLINDRICAL_SURFACE ( 'NONE', #1600, 12.08999999999999986 ) ;
#952 = ORIENTED_EDGE ( 'NONE', *, *, #1059, .T. ) ;
#953 = ORIENTED_EDGE ( 'NONE', *, *, #356, .F. ) ;
#954 = ADVANCED_FACE ( 'NONE', ( #203 ), #2070, .T. ) ;
#955 = CARTESIAN_POINT ( 'NONE',  ( -10.95143686171785546, 5.121926460210783461, 7.000000000000000000 ) ) ;
#956 = DIRECTION ( 'NONE',  ( -0.000000000000000000, -0.000000000000000000, -1.000000000000000000 ) ) ;
#957 = ADVANCED_FACE ( 'NONE', ( #700 ), #1522, .T. ) ;
#958 = ORIENTED_EDGE ( 'NONE', *, *, #627, .T. ) ;
#959 = CARTESIAN_POINT ( 'NONE',  ( 0.000000000000000000, 0.000000000000000000, 7.000000000000000000 ) ) ;
#960 = CIRCLE ( 'NONE', #1785, 5.400000000000000355 ) ;
#961 = CARTESIAN_POINT ( 'NONE',  ( -12.04518576029432886, -1.040000000001314318, 0.000000000000000000 ) ) ;
#962 = EDGE_CURVE ( 'NONE', #1793, #231, #1829, .T. ) ;
#963 = LINE ( 'NONE', #1474, #857 ) ;
#964 = CARTESIAN_POINT ( 'NONE',  ( 12.82495165736703235, 7.046532124827886712, 0.000000000000000000 ) ) ;
#965 = ORIENTED_EDGE ( 'NONE', *, *, #1212, .F. ) ;
#966 = LINE ( 'NONE', #647, #535 ) ;
#967 = AXIS2_PLACEMENT_3D ( 'NONE', #350, #1009, #1677 ) ;
#968 = ORIENTED_EDGE ( 'NONE', *, *, #1828, .F. ) ;
#969 = CIRCLE ( 'NONE', #556, 12.08999999999999986 ) ;
#970 = DIRECTION ( 'NONE',  ( -0.000000000000000000, 0.000000000000000000, 1.000000000000000000 ) ) ;
#971 = ORIENTED_EDGE ( 'NONE', *, *, #1433, .F. ) ;
#972 = CARTESIAN_POINT ( 'NONE',  ( -10.56417531092670181, 10.12576910659043961, 7.000000000000000000 ) ) ;
#973 = DIRECTION ( 'NONE',  ( -0.000000000000000000, -0.000000000000000000, -1.000000000000000000 ) ) ;
#974 = VECTOR ( 'NONE', #1988, 1000.000000000000000 ) ;
#975 = DIRECTION ( 'NONE',  ( -0.000000000000000000, 0.000000000000000000, 1.000000000000000000 ) ) ;
#976 = ADVANCED_FACE ( 'NONE', ( #1370 ), #15, .T. ) ;
#977 = EDGE_LOOP ( 'NONE', ( #1881, #1498, #567, #1374 ) ) ;
#978 = CARTESIAN_POINT ( 'NONE',  ( -12.49883040889762498, 2.183491939545297189, 7.000000000000000000 ) ) ;
#979 = ORIENTED_EDGE ( 'NONE', *, *, #1620, .F. ) ;
#980 = AXIS2_PLACEMENT_3D ( 'NONE', #1030, #1098, #2062 ) ;
#981 = DIRECTION ( 'NONE',  ( 0.000000000000000000, -0.000000000000000000, -1.000000000000000000 ) ) ;
#982 = CARTESIAN_POINT ( 'NONE',  ( -4.274155904572370268, 12.63807238914437647, 7.000000000000000000 ) ) ;
#983 = AXIS2_PLACEMENT_3D ( 'NONE', #1205, #1094, #1021 ) ;
#984 = CARTESIAN_POINT ( 'NONE',  ( 11.40912354214818514, -4.000000000000002665, 7.000000000000000000 ) ) ;
#985 = EDGE_CURVE ( 'NONE', #273, #1439, #1259, .T. ) ;
#986 = ORIENTED_EDGE ( 'NONE', *, *, #1114, .F. ) ;
#987 = LINE ( 'NONE', #375, #1908 ) ;
#988 = EDGE_LOOP ( 'NONE', ( #210, #1272, #644, #1038 ) ) ;
#989 = CARTESIAN_POINT ( 'NONE',  ( 0.000000000000000000, 0.000000000000000000, 7.000000000000000000 ) ) ;
#990 = DIRECTION ( 'NONE',  ( -0.000000000000000000, -0.000000000000000000, -1.000000000000000000 ) ) ;
#991 = CYLINDRICAL_SURFACE ( 'NONE', #1664, 12.08999999999999986 ) ;
#992 = ORIENTED_EDGE ( 'NONE', *, *, #1775, .F. ) ;
#993 = CIRCLE ( 'NONE', #1337, 5.399999999999998579 ) ;
#994 = DIRECTION ( 'NONE',  ( -0.000000000000000000, 0.000000000000000000, 1.000000000000000000 ) ) ;
#995 = AXIS2_PLACEMENT_3D ( 'NONE', #1000, #1162, #1207 ) ;
#996 = ORIENTED_EDGE ( 'NONE', *, *, #166, .T. ) ;
#997 = ADVANCED_FACE ( 'NONE', ( #1690 ), #1359, .T. ) ;
#998 = CARTESIAN_POINT ( 'NONE',  ( 0.000000000000000000, 14.63000000000000078, 7.000000000000000000 ) ) ;
#999 = VERTEX_POINT ( 'NONE', #552 ) ;
#1000 = CARTESIAN_POINT ( 'NONE',  ( -10.38196969615046505, -7.294045781914408444, 7.000000000000000000 ) ) ;
#1001 = DIRECTION ( 'NONE',  ( 0.000000000000000000, -0.000000000000000000, -1.000000000000000000 ) ) ;
#1002 = ADVANCED_FACE ( 'NONE', ( #380 ), #1045, .T. ) ;
#1003 = LINE ( 'NONE', #2141, #841 ) ;
#1004 = CARTESIAN_POINT ( 'NONE',  ( 12.51495165736703186, 7.583467875174239481, 7.000000000000000000 ) ) ;
#1005 = DIRECTION ( 'NONE',  ( 1.000000000000000000, 0.000000000000000000, 0.000000000000000000 ) ) ;
#1006 = CARTESIAN_POINT ( 'NONE',  ( -11.91605062147130489, -4.358455715844665512, 0.000000000000000000 ) ) ;
#1007 = ORIENTED_EDGE ( 'NONE', *, *, #1566, .T. ) ;
#1008 = AXIS2_PLACEMENT_3D ( 'NONE', #561, #1220, #1739 ) ;
#1009 = DIRECTION ( 'NONE',  ( 0.000000000000000000, 0.000000000000000000, 1.000000000000000000 ) ) ;
#1010 = ORIENTED_EDGE ( 'NONE', *, *, #1016, .F. ) ;
#1011 = EDGE_CURVE ( 'NONE', #1292, #1460, #1844, .T. ) ;
#1012 = DIRECTION ( 'NONE',  ( -1.000000000000000000, 0.000000000000000000, 0.000000000000000000 ) ) ;
#1013 = ORIENTED_EDGE ( 'NONE', *, *, #90, .F. ) ;
#1014 = DIRECTION ( 'NONE',  ( -0.000000000000000000, -0.000000000000000000, -1.000000000000000000 ) ) ;
#1015 = AXIS2_PLACEMENT_3D ( 'NONE', #1178, #1827, #854 ) ;
#1016 = EDGE_CURVE ( 'NONE', #1251, #583, #763, .T. ) ;
#1017 = CIRCLE ( 'NONE', #1008, 12.08999999999999986 ) ;
#1018 = LINE ( 'NONE', #1872, #1190 ) ;
#1019 = AXIS2_PLACEMENT_3D ( 'NONE', #2059, #752, #1073 ) ;
#1020 = CARTESIAN_POINT ( 'NONE',  ( -7.046532124826698329, 12.82495165736569120, 7.000000000000000000 ) ) ;
#1021 = DIRECTION ( 'NONE',  ( -1.000000000000000000, 0.000000000000000000, 0.000000000000000000 ) ) ;
#1022 = AXIS2_PLACEMENT_3D ( 'NONE', #212, #33, #179 ) ;
#1023 = ORIENTED_EDGE ( 'NONE', *, *, #483, .T. ) ;
#1024 = CARTESIAN_POINT ( 'NONE',  ( 7.294045781913094828, 10.38196969615200338, 0.000000000000000000 ) ) ;
#1025 = ORIENTED_EDGE ( 'NONE', *, *, #1369, .T. ) ;
#1026 = CARTESIAN_POINT ( 'NONE',  ( 2.112960617221268045, 11.90392781522434795, 0.000000000000000000 ) ) ;
#1027 = EDGE_CURVE ( 'NONE', #702, #1347, #1380, .T. ) ;
#1028 = DIRECTION ( 'NONE',  ( 1.000000000000000000, 0.000000000000000000, 0.000000000000000000 ) ) ;
#1029 = CARTESIAN_POINT ( 'NONE',  ( 0.000000000000000000, 0.000000000000000000, 0.000000000000000000 ) ) ;
#1030 = CARTESIAN_POINT ( 'NONE',  ( 8.140374693055564492, 9.732558681927120148, 7.000000000000000000 ) ) ;
#1031 = EDGE_CURVE ( 'NONE', #1464, #288, #1017, .T. ) ;
#1032 = EDGE_LOOP ( 'NONE', ( #558, #1222, #1144, #2081 ) ) ;
#1033 = EDGE_CURVE ( 'NONE', #910, #2034, #435, .T. ) ;
#1034 = CYLINDRICAL_SURFACE ( 'NONE', #1925, 12.08999999999999986 ) ;
#1035 = DIRECTION ( 'NONE',  ( -0.7071067811865474617, 0.7071067811865474617, 0.000000000000000000 ) ) ;
#1036 = VECTOR ( 'NONE', #213, 1000.000000000000000 ) ;
#1037 = DIRECTION ( 'NONE',  ( -0.4999999999999991673, 0.8660254037844391517, 0.000000000000000000 ) ) ;
#1038 = ORIENTED_EDGE ( 'NONE', *, *, #695, .T. ) ;
#1039 = DIRECTION ( 'NONE',  ( -0.000000000000000000, 0.000000000000000000, 1.000000000000000000 ) ) ;
#1040 = CYLINDRICAL_SURFACE ( 'NONE', #1022, 5.399999999999997691 ) ;
#1041 = CARTESIAN_POINT ( 'NONE',  ( 7.781841479321568222, 9.252623584190068584, 0.000000000000000000 ) ) ;
#1042 = DIRECTION ( 'NONE',  ( -1.000000000000000000, 0.000000000000000000, 0.000000000000000000 ) ) ;
#1043 = CIRCLE ( 'NONE', #1753, 12.08999999999999986 ) ;
#1044 = VECTOR ( 'NONE', #281, 1000.000000000000000 ) ;
#1045 = CYLINDRICAL_SURFACE ( 'NONE', #1502, 12.08999999999999986 ) ;
#1046 = DIRECTION ( 'NONE',  ( 0.4999999999999985012, 0.8660254037844394848, 0.000000000000000000 ) ) ;
#1047 = DIRECTION ( 'NONE',  ( 0.000000000000000000, 0.000000000000000000, 1.000000000000000000 ) ) ;
#1048 = ADVANCED_FACE ( 'NONE', ( #302 ), #115, .T. ) ;
#1049 = DIRECTION ( 'NONE',  ( 0.000000000000000000, 0.000000000000000000, 1.000000000000000000 ) ) ;
#1050 = ORIENTED_EDGE ( 'NONE', *, *, #2061, .F. ) ;
#1051 = ORIENTED_EDGE ( 'NONE', *, *, #542, .T. ) ;
#1052 = DIRECTION ( 'NONE',  ( -1.000000000000000000, 0.000000000000000000, 0.000000000000000000 ) ) ;
#1053 = ORIENTED_EDGE ( 'NONE', *, *, #695, .F. ) ;
#1054 = VECTOR ( 'NONE', #1180, 1000.000000000000000 ) ;
#1055 = DIRECTION ( 'NONE',  ( -1.000000000000000000, 0.000000000000000000, 0.000000000000000000 ) ) ;
#1056 = AXIS2_PLACEMENT_3D ( 'NONE', #1192, #1202, #1042 ) ;
#1057 = DIRECTION ( 'NONE',  ( 0.000000000000000000, -0.000000000000000000, -1.000000000000000000 ) ) ;
#1058 = AXIS2_PLACEMENT_3D ( 'NONE', #392, #1057, #49 ) ;
#1059 = EDGE_CURVE ( 'NONE', #814, #310, #1762, .T. ) ;
#1060 = LINE ( 'NONE', #60, #1503 ) ;
#1061 = EDGE_LOOP ( 'NONE', ( #1607, #243, #1771, #2022 ) ) ;
#1062 = ORIENTED_EDGE ( 'NONE', *, *, #1193, .F. ) ;
#1063 = EDGE_LOOP ( 'NONE', ( #2056, #27, #719, #1051 ) ) ;
#1064 = EDGE_LOOP ( 'NONE', ( #241, #2000 ) ) ;
#1065 = CARTESIAN_POINT ( 'NONE',  ( 0.000000000000000000, 0.000000000000000000, 0.000000000000000000 ) ) ;
#1066 = CARTESIAN_POINT ( 'NONE',  ( -10.56417531092670181, 10.12576910659043961, 0.000000000000000000 ) ) ;
#1067 = ORIENTED_EDGE ( 'NONE', *, *, #575, .F. ) ;
#1068 = AXIS2_PLACEMENT_3D ( 'NONE', #165, #155, #38 ) ;
#1069 = ORIENTED_EDGE ( 'NONE', *, *, #1033, .T. ) ;
#1070 = DIRECTION ( 'NONE',  ( 0.000000000000000000, -0.000000000000000000, -1.000000000000000000 ) ) ;
#1071 = EDGE_CURVE ( 'NONE', #2034, #310, #1385, .T. ) ;
#1072 = ORIENTED_EDGE ( 'NONE', *, *, #8, .F. ) ;
#1073 = DIRECTION ( 'NONE',  ( 1.000000000000000000, 0.000000000000000000, 0.000000000000000000 ) ) ;
#1074 = DIRECTION ( 'NONE',  ( 1.000000000000000000, 0.000000000000000000, 0.000000000000000000 ) ) ;
#1075 = ORIENTED_EDGE ( 'NONE', *, *, #391, .T. ) ;
#1076 = CIRCLE ( 'NONE', #382, 5.399999999999999467 ) ;
#1077 = CARTESIAN_POINT ( 'NONE',  ( -7.175366554901133945E-16, 4.000000000000000888, 7.000000000000000000 ) ) ;
#1078 = ORIENTED_EDGE ( 'NONE', *, *, #2007, .F. ) ;
#1079 = ORIENTED_EDGE ( 'NONE', *, *, #499, .T. ) ;
#1080 = DIRECTION ( 'NONE',  ( 1.000000000000000000, 0.000000000000000000, 0.000000000000000000 ) ) ;
#1081 = EDGE_CURVE ( 'NONE', #217, #100, #482, .T. ) ;
#1082 = ORIENTED_EDGE ( 'NONE', *, *, #264, .F. ) ;
#1083 = DIRECTION ( 'NONE',  ( 1.000000000000000000, 0.000000000000000000, 0.000000000000000000 ) ) ;
#1084 = CIRCLE ( 'NONE', #145, 12.08999999999999986 ) ;
#1085 = CARTESIAN_POINT ( 'NONE',  ( -8.140374693054308608, 9.732558681924917465, 0.000000000000000000 ) ) ;
#1086 = AXIS2_PLACEMENT_3D ( 'NONE', #169, #829, #340 ) ;
#1087 = CARTESIAN_POINT ( 'NONE',  ( -10.12576910659104534, 10.56417531092609785, 0.000000000000000000 ) ) ;
#1088 = CYLINDRICAL_SURFACE ( 'NONE', #1189, 5.399999999999999467 ) ;
#1089 = VECTOR ( 'NONE', #1894, 1000.000000000000000 ) ;
#1090 = ORIENTED_EDGE ( 'NONE', *, *, #421, .F. ) ;
#1091 = DIRECTION ( 'NONE',  ( -0.000000000000000000, -0.000000000000000000, -1.000000000000000000 ) ) ;
#1092 = ORIENTED_EDGE ( 'NONE', *, *, #449, .T. ) ;
#1093 = CARTESIAN_POINT ( 'NONE',  ( 0.000000000000000000, 0.000000000000000000, 5.000000000000000000 ) ) ;
#1094 = DIRECTION ( 'NONE',  ( -0.000000000000000000, -0.000000000000000000, -1.000000000000000000 ) ) ;
#1095 = ORIENTED_EDGE ( 'NONE', *, *, #816, .F. ) ;
#1096 = LINE ( 'NONE', #118, #1089 ) ;
#1097 = EDGE_CURVE ( 'NONE', #624, #53, #2104, .T. ) ;
#1098 = DIRECTION ( 'NONE',  ( -0.000000000000000000, 0.000000000000000000, 1.000000000000000000 ) ) ;
#1099 = VECTOR ( 'NONE', #1330, 1000.000000000000000 ) ;
#1100 = CARTESIAN_POINT ( 'NONE',  ( 12.49883040889889152, 2.183491939547504312, 7.000000000000000000 ) ) ;
#1101 = CARTESIAN_POINT ( 'NONE',  ( 4.358455715843321698, 11.91605062147250926, 0.000000000000000000 ) ) ;
#1102 = EDGE_CURVE ( 'NONE', #2050, #423, #1759, .T. ) ;
#1103 = ORIENTED_EDGE ( 'NONE', *, *, #1255, .T. ) ;
#1104 = ORIENTED_EDGE ( 'NONE', *, *, #391, .F. ) ;
#1105 = CARTESIAN_POINT ( 'NONE',  ( -14.62999999999880707, 0.000000000000000000, 7.000000000000000000 ) ) ;
#1106 = CARTESIAN_POINT ( 'NONE',  ( 7.781841479321568222, 9.252623584190068584, 7.000000000000000000 ) ) ;
#1107 = EDGE_LOOP ( 'NONE', ( #1412, #1159, #198, #1980 ) ) ;
#1108 = CARTESIAN_POINT ( 'NONE',  ( -1.040000000000000036, 12.04518576029444255, 0.000000000000000000 ) ) ;
#1109 = CIRCLE ( 'NONE', #520, 5.400000000000002132 ) ;
#1110 = EDGE_CURVE ( 'NONE', #1478, #2082, #1454, .T. ) ;
#1111 = DIRECTION ( 'NONE',  ( -1.000000000000000000, 0.000000000000000000, 0.000000000000000000 ) ) ;
#1112 = LINE ( 'NONE', #629, #635 ) ;
#1113 = EDGE_LOOP ( 'NONE', ( #1010, #1271, #822, #789 ) ) ;
#1114 = EDGE_CURVE ( 'NONE', #217, #1626, #935, .T. ) ;
#1115 = VECTOR ( 'NONE', #146, 1000.000000000000000 ) ;
#1116 = ORIENTED_EDGE ( 'NONE', *, *, #1593, .T. ) ;
#1117 = DIRECTION ( 'NONE',  ( -0.000000000000000000, -0.000000000000000000, -1.000000000000000000 ) ) ;
#1118 = ORIENTED_EDGE ( 'NONE', *, *, #483, .F. ) ;
#1119 = DIRECTION ( 'NONE',  ( -0.000000000000000000, -0.000000000000000000, -1.000000000000000000 ) ) ;
#1120 = VECTOR ( 'NONE', #1154, 1000.000000000000000 ) ;
#1121 = DIRECTION ( 'NONE',  ( -0.000000000000000000, -0.000000000000000000, -1.000000000000000000 ) ) ;
#1122 = DIRECTION ( 'NONE',  ( 0.8660254037844388186, 0.4999999999999996669, 0.000000000000000000 ) ) ;
#1123 = DIRECTION ( 'NONE',  ( 1.000000000000000000, 0.000000000000000000, 0.000000000000000000 ) ) ;
#1124 = ORIENTED_EDGE ( 'NONE', *, *, #912, .T. ) ;
#1125 = EDGE_CURVE ( 'NONE', #2034, #583, #1940, .T. ) ;
#1126 = AXIS2_PLACEMENT_3D ( 'NONE', #786, #136, #915 ) ;
#1127 = VERTEX_POINT ( 'NONE', #1934 ) ;
#1128 = VECTOR ( 'NONE', #426, 1000.000000000000000 ) ;
#1129 = DIRECTION ( 'NONE',  ( -0.000000000000000000, 0.000000000000000000, 1.000000000000000000 ) ) ;
#1130 = DIRECTION ( 'NONE',  ( 1.000000000000000000, 0.000000000000000000, 0.000000000000000000 ) ) ;
#1131 = AXIS2_PLACEMENT_3D ( 'NONE', #28, #1557, #395 ) ;
#1132 = ORIENTED_EDGE ( 'NONE', *, *, #285, .T. ) ;
#1133 = DIRECTION ( 'NONE',  ( 0.000000000000000000, 0.000000000000000000, 1.000000000000000000 ) ) ;
#1134 = UNCERTAINTY_MEASURE_WITH_UNIT (LENGTH_MEASURE( 1.000000000000000082E-05 ), #1774, 'distance_accuracy_value', 'NONE');
#1135 = AXIS2_PLACEMENT_3D ( 'NONE', #1505, #1689, #830 ) ;
#1136 = DIRECTION ( 'NONE',  ( 1.000000000000000000, 0.000000000000000000, 0.000000000000000000 ) ) ;
#1137 = FACE_OUTER_BOUND ( 'NONE', #397, .T. ) ;
#1138 = ORIENTED_EDGE ( 'NONE', *, *, #1786, .F. ) ;
#1139 = CARTESIAN_POINT ( 'NONE',  ( -11.91605062147130667, 4.358455715841980549, 7.000000000000000000 ) ) ;
#1140 = ORIENTED_EDGE ( 'NONE', *, *, #1572, .F. ) ;
#1141 = FACE_OUTER_BOUND ( 'NONE', #235, .T. ) ;
#1142 = DIRECTION ( 'NONE',  ( 1.000000000000000000, 0.000000000000000000, 0.000000000000000000 ) ) ;
#1143 = DIRECTION ( 'NONE',  ( 1.000000000000000000, 0.000000000000000000, 0.000000000000000000 ) ) ;
#1144 = ORIENTED_EDGE ( 'NONE', *, *, #1410, .T. ) ;
#1145 = EDGE_CURVE ( 'NONE', #352, #771, #1317, .T. ) ;
#1146 = DIRECTION ( 'NONE',  ( 1.000000000000000000, 0.000000000000000000, 0.000000000000000000 ) ) ;
#1147 = CARTESIAN_POINT ( 'NONE',  ( -1.750000000000000000, 2.143131898507868297E-16, 5.000000000000000000 ) ) ;
#1148 = ORIENTED_EDGE ( 'NONE', *, *, #707, .T. ) ;
#1149 = DIRECTION ( 'NONE',  ( 0.9659258262890680902, -0.2588190451025210170, 0.000000000000000000 ) ) ;
#1150 = CIRCLE ( 'NONE', #133, 5.399999999999999467 ) ;
#1151 = VERTEX_POINT ( 'NONE', #782 ) ;
#1152 = CIRCLE ( 'NONE', #95, 1.750000000000000000 ) ;
#1153 = LINE ( 'NONE', #1797, #1724 ) ;
#1154 = DIRECTION ( 'NONE',  ( -0.000000000000000000, -0.000000000000000000, -1.000000000000000000 ) ) ;
#1155 = ADVANCED_FACE ( 'NONE', ( #469 ), #1643, .T. ) ;
#1156 = LINE ( 'NONE', #1811, #505 ) ;
#1157 = LINE ( 'NONE', #938, #209 ) ;
#1158 = LINE ( 'NONE', #331, #1459 ) ;
#1159 = ORIENTED_EDGE ( 'NONE', *, *, #912, .F. ) ;
#1160 = ORIENTED_EDGE ( 'NONE', *, *, #353, .F. ) ;
#1161 = VECTOR ( 'NONE', #766, 1000.000000000000000 ) ;
#1162 = DIRECTION ( 'NONE',  ( -0.000000000000000000, -0.000000000000000000, -1.000000000000000000 ) ) ;
#1163 = VECTOR ( 'NONE', #1388, 1000.000000000000000 ) ;
#1164 = AXIS2_PLACEMENT_3D ( 'NONE', #548, #990, #1841 ) ;
#1165 = ADVANCED_FACE ( 'NONE', ( #157 ), #649, .T. ) ;
#1166 = VERTEX_POINT ( 'NONE', #1106 ) ;
#1167 = APPLICATION_PROTOCOL_DEFINITION ( 'draft international standard', 'automotive_design', 1998, #1635 ) ;
#1168 = EDGE_CURVE ( 'NONE', #1705, #1218, #1765, .T. ) ;
#1169 = ORIENTED_EDGE ( 'NONE', *, *, #828, .F. ) ;
#1170 = DIRECTION ( 'NONE',  ( 0.000000000000000000, 0.000000000000000000, 1.000000000000000000 ) ) ;
#1171 = CARTESIAN_POINT ( 'NONE',  ( -2.183491939546314597, 12.49883040889754859, 0.000000000000000000 ) ) ;
#1172 = CARTESIAN_POINT ( 'NONE',  ( 0.3099999999999952793, 14.63000000000000078, 7.000000000000000000 ) ) ;
#1173 = ORIENTED_EDGE ( 'NONE', *, *, #285, .F. ) ;
#1174 = DIRECTION ( 'NONE',  ( 0.000000000000000000, -0.000000000000000000, -1.000000000000000000 ) ) ;
#1175 = VERTEX_POINT ( 'NONE', #195 ) ;
#1176 = ORIENTED_EDGE ( 'NONE', *, *, #577, .F. ) ;
#1177 = ADVANCED_FACE ( 'NONE', ( #1810 ), #991, .T. ) ;
#1178 = CARTESIAN_POINT ( 'NONE',  ( 0.000000000000000000, 0.000000000000000000, 0.000000000000000000 ) ) ;
#1179 = LINE ( 'NONE', #23, #1946 ) ;
#1180 = DIRECTION ( 'NONE',  ( -0.000000000000000000, -0.000000000000000000, -1.000000000000000000 ) ) ;
#1181 = DIRECTION ( 'NONE',  ( -0.000000000000000000, -0.000000000000000000, -1.000000000000000000 ) ) ;
#1182 = DIRECTION ( 'NONE',  ( -1.000000000000000000, 0.000000000000000000, 0.000000000000000000 ) ) ;
#1183 = ORIENTED_EDGE ( 'NONE', *, *, #2061, .T. ) ;
#1184 = PLANE ( 'NONE',  #2130 ) ;
#1185 = DIRECTION ( 'NONE',  ( -0.000000000000000000, -0.000000000000000000, -1.000000000000000000 ) ) ;
#1186 = VERTEX_POINT ( 'NONE', #668 ) ;
#1187 = AXIS2_PLACEMENT_3D ( 'NONE', #1749, #277, #932 ) ;
#1188 = CYLINDRICAL_SURFACE ( 'NONE', #1164, 5.399999999999998579 ) ;
#1189 = AXIS2_PLACEMENT_3D ( 'NONE', #1612, #1919, #2100 ) ;
#1190 = VECTOR ( 'NONE', #226, 1000.000000000000000 ) ;
#1191 = ADVANCED_FACE ( 'NONE', ( #1328 ), #1468, .T. ) ;
#1192 = CARTESIAN_POINT ( 'NONE',  ( -11.50781379157913875, 5.344026607230375703, 7.000000000000000000 ) ) ;
#1193 = EDGE_CURVE ( 'NONE', #454, #124, #252, .T. ) ;
#1194 = AXIS2_PLACEMENT_3D ( 'NONE', #1418, #690, #833 ) ;
#1195 = DIRECTION ( 'NONE',  ( 1.000000000000000000, 0.000000000000000000, 0.000000000000000000 ) ) ;
#1196 = AXIS2_PLACEMENT_3D ( 'NONE', #2052, #874, #903 ) ;
#1197 = ORIENTED_EDGE ( 'NONE', *, *, #466, .T. ) ;
#1198 = DIRECTION ( 'NONE',  ( -0.000000000000000000, -0.000000000000000000, -1.000000000000000000 ) ) ;
#1199 = CARTESIAN_POINT ( 'NONE',  ( -11.90392781522452381, 2.112960617220279058, 7.000000000000000000 ) ) ;
#1200 = ORIENTED_EDGE ( 'NONE', *, *, #1581, .F. ) ;
#1201 = CARTESIAN_POINT ( 'NONE',  ( 12.51495165736703186, 7.583467875174239481, 0.000000000000000000 ) ) ;
#1202 = DIRECTION ( 'NONE',  ( -0.000000000000000000, -0.000000000000000000, -1.000000000000000000 ) ) ;
#1203 = EDGE_CURVE ( 'NONE', #942, #1982, #563, .T. ) ;
#1204 = DIRECTION ( 'NONE',  ( -0.000000000000000000, 0.000000000000000000, 1.000000000000000000 ) ) ;
#1205 = CARTESIAN_POINT ( 'NONE',  ( 9.732558681926262167, 8.140374693055496991, 7.000000000000000000 ) ) ;
#1206 = ORIENTED_EDGE ( 'NONE', *, *, #645, .T. ) ;
#1207 = DIRECTION ( 'NONE',  ( -1.000000000000000000, 0.000000000000000000, 0.000000000000000000 ) ) ;
#1208 = CARTESIAN_POINT ( 'NONE',  ( 12.66995165736732609, 7.315000000000553726, 7.000000000000000000 ) ) ;
#1209 = VERTEX_POINT ( 'NONE', #1309 ) ;
#1210 = CIRCLE ( 'NONE', #122, 12.08999999999999986 ) ;
#1211 = ORIENTED_EDGE ( 'NONE', *, *, #2007, .T. ) ;
#1212 = EDGE_CURVE ( 'NONE', #1697, #1716, #1985, .T. ) ;
#1213 = CIRCLE ( 'NONE', #280, 12.08999999999999986 ) ;
#1214 = DIRECTION ( 'NONE',  ( -0.000000000000000000, 0.000000000000000000, 1.000000000000000000 ) ) ;
#1215 = DIRECTION ( 'NONE',  ( -0.000000000000000000, -0.000000000000000000, -1.000000000000000000 ) ) ;
#1216 = DIRECTION ( 'NONE',  ( -1.793841638725282993E-16, -1.000000000000000000, 0.000000000000000000 ) ) ;
#1217 = ORIENTED_EDGE ( 'NONE', *, *, #32, .T. ) ;
#1218 = VERTEX_POINT ( 'NONE', #156 ) ;
#1219 = VERTEX_POINT ( 'NONE', #1837 ) ;
#1220 = DIRECTION ( 'NONE',  ( -0.000000000000000000, 0.000000000000000000, 1.000000000000000000 ) ) ;
#1221 = AXIS2_PLACEMENT_3D ( 'NONE', #105, #80, #948 ) ;
#1222 = ORIENTED_EDGE ( 'NONE', *, *, #2138, .T. ) ;
#1223 = CARTESIAN_POINT ( 'NONE',  ( 30.75000000000000000, -4.000000000000006217, 7.000000000000000000 ) ) ;
#1224 = CIRCLE ( 'NONE', #1806, 5.400000000000000355 ) ;
#1225 = DIRECTION ( 'NONE',  ( 1.000000000000000000, 0.000000000000000000, 0.000000000000000000 ) ) ;
#1226 = ORIENTED_EDGE ( 'NONE', *, *, #770, .T. ) ;
#1227 = ORIENTED_EDGE ( 'NONE', *, *, #16, .F. ) ;
#1228 = CIRCLE ( 'NONE', #1135, 5.400000000000000355 ) ;
#1229 = EDGE_LOOP ( 'NONE', ( #144, #3, #1573, #267 ) ) ;
#1230 = CARTESIAN_POINT ( 'NONE',  ( -7.583467875173049322, 12.51495165736569071, 0.000000000000000000 ) ) ;
#1231 = CARTESIAN_POINT ( 'NONE',  ( -12.66995165736543250, 7.314999999999448832, 0.000000000000000000 ) ) ;
#1232 = DIRECTION ( 'NONE',  ( -0.000000000000000000, -0.000000000000000000, -1.000000000000000000 ) ) ;
#1233 = FACE_OUTER_BOUND ( 'NONE', #1866, .T. ) ;
#1234 = ORIENTED_EDGE ( 'NONE', *, *, #608, .F. ) ;
#1235 = EDGE_CURVE ( 'NONE', #1712, #1478, #1902, .T. ) ;
#1236 = AXIS2_PLACEMENT_3D ( 'NONE', #802, #1627, #139 ) ;
#1237 = ADVANCED_FACE ( 'NONE', ( #495 ), #201, .T. ) ;
#1238 = ORIENTED_EDGE ( 'NONE', *, *, #1648, .F. ) ;
#1239 = LINE ( 'NONE', #1725, #489 ) ;
#1240 = ORIENTED_EDGE ( 'NONE', *, *, #1904, .T. ) ;
#1241 = CARTESIAN_POINT ( 'NONE',  ( -12.63807238914351139, -1.125844095428747194, 7.000000000000000000 ) ) ;
#1242 = AXIS2_PLACEMENT_3D ( 'NONE', #1341, #1823, #1981 ) ;
#1243 = ORIENTED_EDGE ( 'NONE', *, *, #260, .T. ) ;
#1244 = AXIS2_PLACEMENT_3D ( 'NONE', #474, #149, #135 ) ;
#1245 = DIRECTION ( 'NONE',  ( 1.000000000000000000, -3.533695969582383493E-15, 0.000000000000000000 ) ) ;
#1246 = SHAPE_DEFINITION_REPRESENTATION ( #2031, #895 ) ;
#1247 = DIRECTION ( 'NONE',  ( 1.000000000000000000, 0.000000000000000000, 0.000000000000000000 ) ) ;
#1248 = EDGE_LOOP ( 'NONE', ( #257, #416, #1945, #1935 ) ) ;
#1249 = CARTESIAN_POINT ( 'NONE',  ( -11.36558420141053993, -4.122086335904077359, 7.000000000000000000 ) ) ;
#1250 = EDGE_CURVE ( 'NONE', #892, #2035, #1153, .T. ) ;
#1251 = VERTEX_POINT ( 'NONE', #982 ) ;
#1252 = FACE_OUTER_BOUND ( 'NONE', #1322, .T. ) ;
#1253 = ORIENTED_EDGE ( 'NONE', *, *, #1565, .T. ) ;
#1254 = DIRECTION ( 'NONE',  ( -0.2588190451025214611, 0.9659258262890680902, 0.000000000000000000 ) ) ;
#1255 = EDGE_CURVE ( 'NONE', #1956, #1478, #1642, .T. ) ;
#1256 = DIRECTION ( 'NONE',  ( -0.000000000000000000, 0.000000000000000000, 1.000000000000000000 ) ) ;
#1257 = AXIS2_PLACEMENT_3D ( 'NONE', #1457, #1624, #1733 ) ;
#1258 = CARTESIAN_POINT ( 'NONE',  ( -7.175366554901133945E-16, -4.000000000000000888, 7.000000000000000000 ) ) ;
#1259 = CIRCLE ( 'NONE', #1529, 12.08999999999999986 ) ;
#1260 = ORIENTED_EDGE ( 'NONE', *, *, #245, .T. ) ;
#1261 = CIRCLE ( 'NONE', #672, 5.400000000000002132 ) ;
#1262 = DIRECTION ( 'NONE',  ( -0.000000000000000000, 0.000000000000000000, 1.000000000000000000 ) ) ;
#1263 = ORIENTED_EDGE ( 'NONE', *, *, #1536, .F. ) ;
#1264 = DIRECTION ( 'NONE',  ( 1.000000000000000000, 0.000000000000000000, 0.000000000000000000 ) ) ;
#1265 = VERTEX_POINT ( 'NONE', #176 ) ;
#1266 = DIRECTION ( 'NONE',  ( -0.000000000000000000, 0.000000000000000000, 1.000000000000000000 ) ) ;
#1267 = LINE ( 'NONE', #485, #1044 ) ;
#1268 = EDGE_CURVE ( 'NONE', #1668, #1471, #1084, .T. ) ;
#1269 = LINE ( 'NONE', #2042, #1314 ) ;
#1270 = DIRECTION ( 'NONE',  ( 0.000000000000000000, -0.000000000000000000, -1.000000000000000000 ) ) ;
#1271 = ORIENTED_EDGE ( 'NONE', *, *, #1536, .T. ) ;
#1272 = ORIENTED_EDGE ( 'NONE', *, *, #1842, .F. ) ;
#1273 = VECTOR ( 'NONE', #298, 1000.000000000000000 ) ;
#1274 = DIRECTION ( 'NONE',  ( 0.000000000000000000, -0.000000000000000000, -1.000000000000000000 ) ) ;
#1275 = CARTESIAN_POINT ( 'NONE',  ( 0.000000000000000000, 0.000000000000000000, 7.000000000000000000 ) ) ;
#1276 = LINE ( 'NONE', #1923, #398 ) ;
#1277 = CIRCLE ( 'NONE', #312, 5.399999999999998579 ) ;
#1278 = DIRECTION ( 'NONE',  ( -1.000000000000000000, 1.793841638725282993E-16, 0.000000000000000000 ) ) ;
#1279 = EDGE_CURVE ( 'NONE', #352, #674, #993, .T. ) ;
#1280 = PRODUCT_DEFINITION_CONTEXT ( 'detailed design', #1734, 'design' ) ;
#1281 = FACE_OUTER_BOUND ( 'NONE', #251, .T. ) ;
#1282 = CARTESIAN_POINT ( 'NONE',  ( -10.34497220875859114, 10.34497220875855206, 0.000000000000000000 ) ) ;
#1283 = AXIS2_PLACEMENT_3D ( 'NONE', #2, #1047, #745 ) ;
#1284 = EDGE_LOOP ( 'NONE', ( #1707, #1399, #1288, #436 ) ) ;
#1285 = ORIENTED_EDGE ( 'NONE', *, *, #849, .F. ) ;
#1286 = CARTESIAN_POINT ( 'NONE',  ( -11.90392781522405130, -2.112960617222941373, 0.000000000000000000 ) ) ;
#1287 = DIRECTION ( 'NONE',  ( 0.000000000000000000, -0.000000000000000000, -1.000000000000000000 ) ) ;
#1288 = ORIENTED_EDGE ( 'NONE', *, *, #1268, .F. ) ;
#1289 = FACE_OUTER_BOUND ( 'NONE', #1880, .T. ) ;
#1290 = FACE_OUTER_BOUND ( 'NONE', #603, .T. ) ;
#1291 = DIRECTION ( 'NONE',  ( 0.7071067811865474617, -0.7071067811865474617, 0.000000000000000000 ) ) ;
#1292 = VERTEX_POINT ( 'NONE', #337 ) ;
#1293 = AXIS2_PLACEMENT_3D ( 'NONE', #271, #625, #1083 ) ;
#1294 = FACE_OUTER_BOUND ( 'NONE', #1613, .T. ) ;
#1295 = EDGE_LOOP ( 'NONE', ( #1260, #1585, #1604, #733 ) ) ;
#1296 = EDGE_CURVE ( 'NONE', #454, #2050, #1770, .T. ) ;
#1297 = FACE_OUTER_BOUND ( 'NONE', #162, .T. ) ;
#1298 = CIRCLE ( 'NONE', #1194, 5.400000000000000355 ) ;
#1299 = ORIENTED_EDGE ( 'NONE', *, *, #1704, .T. ) ;
#1300 = CARTESIAN_POINT ( 'NONE',  ( 0.000000000000000000, 0.000000000000000000, 7.000000000000000000 ) ) ;
#1301 = CARTESIAN_POINT ( 'NONE',  ( -7.583467875173049322, 12.51495165736569071, 7.000000000000000000 ) ) ;
#1302 = CARTESIAN_POINT ( 'NONE',  ( 11.40912354214818514, -4.000000000000002665, 7.000000000000000000 ) ) ;
#1303 = ORIENTED_EDGE ( 'NONE', *, *, #1929, .T. ) ;
#1304 = CARTESIAN_POINT ( 'NONE',  ( 9.252623584189658246, 7.781841479322057609, 0.000000000000000000 ) ) ;
#1305 = DIRECTION ( 'NONE',  ( -1.000000000000000000, -1.793841638725282993E-16, 0.000000000000000000 ) ) ;
#1306 = EDGE_LOOP ( 'NONE', ( #470, #1638, #677, #1211 ) ) ;
#1307 = ADVANCED_FACE ( 'NONE', ( #125 ), #455, .T. ) ;
#1308 = FACE_OUTER_BOUND ( 'NONE', #905, .T. ) ;
#1309 = CARTESIAN_POINT ( 'NONE',  ( -7.583491939546314953, 12.49883040889754859, 0.000000000000000000 ) ) ;
#1310 = DIRECTION ( 'NONE',  ( -0.9659258262890688673, 0.2588190451025185745, 0.000000000000000000 ) ) ;
#1311 = ORIENTED_EDGE ( 'NONE', *, *, #1657, .F. ) ;
#1312 = VECTOR ( 'NONE', #1932, 1000.000000000000000 ) ;
#1313 = ORIENTED_EDGE ( 'NONE', *, *, #1279, .T. ) ;
#1314 = VECTOR ( 'NONE', #1392, 1000.000000000000000 ) ;
#1315 = DIRECTION ( 'NONE',  ( -0.000000000000000000, 0.000000000000000000, 1.000000000000000000 ) ) ;
#1316 = ADVANCED_FACE ( 'NONE', ( #1294 ), #1948, .T. ) ;
#1317 = CIRCLE ( 'NONE', #2140, 12.08999999999999986 ) ;
#1318 = EDGE_CURVE ( 'NONE', #1265, #2035, #266, .T. ) ;
#1319 = CARTESIAN_POINT ( 'NONE',  ( 7.781841479321568222, 9.252623584190068584, 7.000000000000000000 ) ) ;
#1320 = EDGE_CURVE ( 'NONE', #173, #665, #821, .T. ) ;
#1321 = CARTESIAN_POINT ( 'NONE',  ( 30.75000000000000000, 0.000000000000000000, 7.000000000000000000 ) ) ;
#1322 = EDGE_LOOP ( 'NONE', ( #1025, #1095, #79, #809 ) ) ;
#1323 = ORIENTED_EDGE ( 'NONE', *, *, #1250, .F. ) ;
#1324 = CARTESIAN_POINT ( 'NONE',  ( 4.085959635999495632, 14.05126093462728676, 7.000000000000000000 ) ) ;
#1325 = PLANE ( 'NONE',  #68 ) ;
#1326 = AXIS2_PLACEMENT_3D ( 'NONE', #1717, #67, #458 ) ;
#1327 = DIRECTION ( 'NONE',  ( -0.000000000000000000, -0.000000000000000000, -1.000000000000000000 ) ) ;
#1328 = FACE_OUTER_BOUND ( 'NONE', #947, .T. ) ;
#1329 = CARTESIAN_POINT ( 'NONE',  ( 0.000000000000000000, 0.000000000000000000, 0.000000000000000000 ) ) ;
#1330 = DIRECTION ( 'NONE',  ( -0.000000000000000000, -0.000000000000000000, -1.000000000000000000 ) ) ;
#1331 = ORIENTED_EDGE ( 'NONE', *, *, #1515, .T. ) ;
#1332 = DIRECTION ( 'NONE',  ( 1.000000000000000000, 5.461166498445505598E-15, 0.000000000000000000 ) ) ;
#1333 = CARTESIAN_POINT ( 'NONE',  ( 0.000000000000000000, 0.000000000000000000, 7.000000000000000000 ) ) ;
#1334 = ORIENTED_EDGE ( 'NONE', *, *, #1235, .T. ) ;
#1335 = VERTEX_POINT ( 'NONE', #1463 ) ;
#1336 = DIRECTION ( 'NONE',  ( 0.9659258262890719759, 0.2588190451025070837, 0.000000000000000000 ) ) ;
#1337 = AXIS2_PLACEMENT_3D ( 'NONE', #1976, #504, #510 ) ;
#1338 = LINE ( 'NONE', #1302, #530 ) ;
#1339 = ADVANCED_FACE ( 'NONE', ( #2119 ), #646, .T. ) ;
#1340 = ORIENTED_EDGE ( 'NONE', *, *, #748, .T. ) ;
#1341 = CARTESIAN_POINT ( 'NONE',  ( -3.786522629849679245, 14.13149483860912525, 7.000000000000000000 ) ) ;
#1342 = VERTEX_POINT ( 'NONE', #1304 ) ;
#1343 = EDGE_CURVE ( 'NONE', #1486, #1513, #1957, .T. ) ;
#1344 = CARTESIAN_POINT ( 'NONE',  ( -2.112960617221105064, 11.90392781522437815, 7.000000000000000000 ) ) ;
#1345 = CIRCLE ( 'NONE', #1858, 1.750000000000001554 ) ;
#1346 = DIRECTION ( 'NONE',  ( 0.000000000000000000, 0.000000000000000000, 1.000000000000000000 ) ) ;
#1347 = VERTEX_POINT ( 'NONE', #1794 ) ;
#1348 = PRODUCT ( 'Gear 2', 'Gear 2', '', ( #394 ) ) ;
#1349 = FACE_OUTER_BOUND ( 'NONE', #1931, .T. ) ;
#1350 = VECTOR ( 'NONE', #393, 1000.000000000000000 ) ;
#1351 = EDGE_LOOP ( 'NONE', ( #61, #1885, #1723, #76 ) ) ;
#1352 = EDGE_CURVE ( 'NONE', #2134, #254, #960, .T. ) ;
#1353 = CARTESIAN_POINT ( 'NONE',  ( -11.91605062147130489, -4.358455715844665512, 7.000000000000000000 ) ) ;
#1354 = VECTOR ( 'NONE', #1791, 1000.000000000000000 ) ;
#1355 = DIRECTION ( 'NONE',  ( -0.000000000000000000, -0.000000000000000000, -1.000000000000000000 ) ) ;
#1356 = AXIS2_PLACEMENT_3D ( 'NONE', #959, #1453, #1619 ) ;
#1357 = CARTESIAN_POINT ( 'NONE',  ( 5.344026607231718629, 11.50781379158033424, 7.000000000000000000 ) ) ;
#1358 = AXIS2_PLACEMENT_3D ( 'NONE', #1085, #1577, #1896 ) ;
#1359 = PLANE ( 'NONE',  #1427 ) ;
#1360 =( LENGTH_UNIT ( ) NAMED_UNIT ( * ) SI_UNIT ( .MILLI., .METRE. ) );
#1361 = VERTEX_POINT ( 'NONE', #1041 ) ;
#1362 = CARTESIAN_POINT ( 'NONE',  ( 0.000000000000000000, 0.000000000000000000, 7.000000000000000000 ) ) ;
#1363 = EDGE_LOOP ( 'NONE', ( #1450, #1558, #1769, #788 ) ) ;
#1364 = ADVANCED_FACE ( 'NONE', ( #893 ), #54, .T. ) ;
#1365 = CARTESIAN_POINT ( 'NONE',  ( -12.66995165736543250, 7.314999999999448832, 7.000000000000000000 ) ) ;
#1366 = CIRCLE ( 'NONE', #1646, 12.08999999999999986 ) ;
#1367 = CARTESIAN_POINT ( 'NONE',  ( -11.91605062147130667, 4.358455715841980549, 0.000000000000000000 ) ) ;
#1368 = ORIENTED_EDGE ( 'NONE', *, *, #1411, .T. ) ;
#1369 = EDGE_CURVE ( 'NONE', #231, #190, #2017, .T. ) ;
#1370 = FACE_OUTER_BOUND ( 'NONE', #1444, .T. ) ;
#1371 = FACE_OUTER_BOUND ( 'NONE', #1229, .T. ) ;
#1372 = CIRCLE ( 'NONE', #450, 5.399999999999999467 ) ;
#1373 = DIRECTION ( 'NONE',  ( 0.7071067811865474617, -0.7071067811865474617, 0.000000000000000000 ) ) ;
#1374 = ORIENTED_EDGE ( 'NONE', *, *, #1854, .T. ) ;
#1375 = VERTEX_POINT ( 'NONE', #424 ) ;
#1376 = EDGE_CURVE ( 'NONE', #1712, #892, #1372, .T. ) ;
#1377 = ORIENTED_EDGE ( 'NONE', *, *, #234, .F. ) ;
#1378 = VECTOR ( 'NONE', #1393, 1000.000000000000000 ) ;
#1379 = CIRCLE ( 'NONE', #858, 5.400000000000000355 ) ;
#1380 = LINE ( 'NONE', #2018, #472 ) ;
#1381 = CARTESIAN_POINT ( 'NONE',  ( -3.500000000000000000, 1.255262969126037044E-15, 0.000000000000000000 ) ) ;
#1382 = CARTESIAN_POINT ( 'NONE',  ( -12.49883040889762498, 2.183491939545297189, 0.000000000000000000 ) ) ;
#1383 = DIRECTION ( 'NONE',  ( 0.000000000000000000, -0.000000000000000000, -1.000000000000000000 ) ) ;
#1384 = ORIENTED_EDGE ( 'NONE', *, *, #219, .T. ) ;
#1385 = CIRCLE ( 'NONE', #1493, 12.08999999999999986 ) ;
#1386 = ORIENTED_EDGE ( 'NONE', *, *, #1878, .T. ) ;
#1387 = ORIENTED_EDGE ( 'NONE', *, *, #334, .F. ) ;
#1388 = DIRECTION ( 'NONE',  ( -1.000000000000000000, -1.793841638725282993E-16, 0.000000000000000000 ) ) ;
#1389 = AXIS2_PLACEMENT_3D ( 'NONE', #501, #643, #184 ) ;
#1390 = AXIS2_PLACEMENT_3D ( 'NONE', #1029, #1584, #1874 ) ;
#1391 = VERTEX_POINT ( 'NONE', #2006 ) ;
#1392 = DIRECTION ( 'NONE',  ( -0.000000000000000000, -0.000000000000000000, -1.000000000000000000 ) ) ;
#1393 = DIRECTION ( 'NONE',  ( -0.000000000000000000, -0.000000000000000000, -1.000000000000000000 ) ) ;
#1394 = AXIS2_PLACEMENT_3D ( 'NONE', #1523, #1215, #1864 ) ;
#1395 = EDGE_CURVE ( 'NONE', #1626, #1656, #13, .T. ) ;
#1396 = PLANE ( 'NONE',  #294 ) ;
#1397 = EDGE_LOOP ( 'NONE', ( #1722, #1737, #2041, #1526 ) ) ;
#1398 = EDGE_CURVE ( 'NONE', #1361, #1127, #1959, .T. ) ;
#1399 = ORIENTED_EDGE ( 'NONE', *, *, #1878, .F. ) ;
#1400 = ORIENTED_EDGE ( 'NONE', *, *, #137, .T. ) ;
#1401 = DIRECTION ( 'NONE',  ( -1.000000000000000000, 0.000000000000000000, 0.000000000000000000 ) ) ;
#1402 = VERTEX_POINT ( 'NONE', #2047 ) ;
#1403 = CARTESIAN_POINT ( 'NONE',  ( -14.05126093462576087, -4.085959636000816353, 7.000000000000000000 ) ) ;
#1404 = EDGE_CURVE ( 'NONE', #352, #1845, #1239, .T. ) ;
#1405 = DIRECTION ( 'NONE',  ( 1.793841638725282993E-16, -1.000000000000000000, 0.000000000000000000 ) ) ;
#1406 = AXIS2_PLACEMENT_3D ( 'NONE', #2103, #632, #478 ) ;
#1407 = VERTEX_POINT ( 'NONE', #1201 ) ;
#1408 = AXIS2_PLACEMENT_3D ( 'NONE', #1715, #1561, #1520 ) ;
#1409 = ORIENTED_EDGE ( 'NONE', *, *, #1376, .T. ) ;
#1410 = EDGE_CURVE ( 'NONE', #1219, #160, #1850, .T. ) ;
#1411 = EDGE_CURVE ( 'NONE', #595, #1391, #453, .T. ) ;
#1412 = ORIENTED_EDGE ( 'NONE', *, *, #466, .F. ) ;
#1413 = FACE_OUTER_BOUND ( 'NONE', #832, .T. ) ;
#1414 = DIRECTION ( 'NONE',  ( -0.000000000000000000, -0.000000000000000000, 1.000000000000000000 ) ) ;
#1415 = CIRCLE ( 'NONE', #317, 5.399999999999998579 ) ;
#1416 = CARTESIAN_POINT ( 'NONE',  ( 0.000000000000000000, 0.000000000000000000, 7.000000000000000000 ) ) ;
#1417 = ORIENTED_EDGE ( 'NONE', *, *, #1376, .F. ) ;
#1418 = CARTESIAN_POINT ( 'NONE',  ( -11.50781379157913875, 5.344026607230375703, 0.000000000000000000 ) ) ;
#1419 = ORIENTED_EDGE ( 'NONE', *, *, #849, .T. ) ;
#1420 = DIRECTION ( 'NONE',  ( -1.000000000000000000, 0.000000000000000000, 0.000000000000000000 ) ) ;
#1421 = CARTESIAN_POINT ( 'NONE',  ( -14.62999999999880707, 0.000000000000000000, 7.000000000000000000 ) ) ;
#1422 = ADVANCED_FACE ( 'NONE', ( #549, #1616 ), #1605, .F. ) ;
#1423 = STYLED_ITEM ( 'NONE', ( #532 ), #586 ) ;
#1424 = DIRECTION ( 'NONE',  ( 1.000000000000000000, 0.000000000000000000, 0.000000000000000000 ) ) ;
#1425 = DIRECTION ( 'NONE',  ( -0.2588190451025214611, 0.9659258262890680902, 0.000000000000000000 ) ) ;
#1426 = DIRECTION ( 'NONE',  ( -0.000000000000000000, -0.000000000000000000, -1.000000000000000000 ) ) ;
#1427 = AXIS2_PLACEMENT_3D ( 'NONE', #216, #1531, #1862 ) ;
#1428 = ORIENTED_EDGE ( 'NONE', *, *, #151, .T. ) ;
#1429 = CIRCLE ( 'NONE', #1131, 5.399999999999999467 ) ;
#1430 = ORIENTED_EDGE ( 'NONE', *, *, #75, .T. ) ;
#1431 = DIRECTION ( 'NONE',  ( -0.000000000000000000, -0.000000000000000000, -1.000000000000000000 ) ) ;
#1432 = CARTESIAN_POINT ( 'NONE',  ( -10.38196969615046505, -7.294045781914408444, 0.000000000000000000 ) ) ;
#1433 = EDGE_CURVE ( 'NONE', #544, #456, #2055, .T. ) ;
#1434 = VERTEX_POINT ( 'NONE', #955 ) ;
#1435 = CARTESIAN_POINT ( 'NONE',  ( -4.122086335902364951, 11.36558420141116343, 7.000000000000000000 ) ) ;
#1436 = EDGE_CURVE ( 'NONE', #583, #2117, #1277, .T. ) ;
#1437 = CARTESIAN_POINT ( 'NONE',  ( 10.95143686171733144, 5.121926460211903454, 7.000000000000000000 ) ) ;
#1438 = DIRECTION ( 'NONE',  ( -1.000000000000000000, 0.000000000000000000, 0.000000000000000000 ) ) ;
#1439 = VERTEX_POINT ( 'NONE', #1595 ) ;
#1440 = ORIENTED_EDGE ( 'NONE', *, *, #1449, .F. ) ;
#1441 = LINE ( 'NONE', #636, #346 ) ;
#1442 = CARTESIAN_POINT ( 'NONE',  ( 0.000000000000000000, 0.000000000000000000, 7.000000000000000000 ) ) ;
#1443 = CARTESIAN_POINT ( 'NONE',  ( -4.358455715843330580, 11.91605062147250571, 7.000000000000000000 ) ) ;
#1444 = EDGE_LOOP ( 'NONE', ( #1614, #1603, #795, #534 ) ) ;
#1445 = CARTESIAN_POINT ( 'NONE',  ( 10.56417531092744078, 10.12576910659223728, 7.000000000000000000 ) ) ;
#1446 = AXIS2_PLACEMENT_3D ( 'NONE', #1093, #792, #114 ) ;
#1447 = CARTESIAN_POINT ( 'NONE',  ( 10.56417531092744078, 10.12576910659223728, 7.000000000000000000 ) ) ;
#1448 = DIRECTION ( 'NONE',  ( -1.000000000000000000, 0.000000000000000000, 0.000000000000000000 ) ) ;
#1449 = EDGE_CURVE ( 'NONE', #674, #1391, #1441, .T. ) ;
#1450 = ORIENTED_EDGE ( 'NONE', *, *, #667, .T. ) ;
#1451 = ORIENTED_EDGE ( 'NONE', *, *, #1730, .T. ) ;
#1452 = CARTESIAN_POINT ( 'NONE',  ( 1.125844095427628089, 12.63807238914437647, 0.000000000000000000 ) ) ;
#1453 = DIRECTION ( 'NONE',  ( -0.000000000000000000, 0.000000000000000000, 1.000000000000000000 ) ) ;
#1454 = CIRCLE ( 'NONE', #178, 5.400000000000001243 ) ;
#1455 = CIRCLE ( 'NONE', #1933, 1.750000000000001554 ) ;
#1456 = CYLINDRICAL_SURFACE ( 'NONE', #1550, 5.400000000000001243 ) ;
#1457 = CARTESIAN_POINT ( 'NONE',  ( 0.000000000000000000, 0.000000000000000000, 5.000000000000000000 ) ) ;
#1458 = EDGE_CURVE ( 'NONE', #1486, #1335, #127, .T. ) ;
#1459 = VECTOR ( 'NONE', #1484, 1000.000000000000000 ) ;
#1460 = VERTEX_POINT ( 'NONE', #1951 ) ;
#1461 = EDGE_CURVE ( 'NONE', #1471, #1292, #1109, .T. ) ;
#1462 = VECTOR ( 'NONE', #1254, 1000.000000000000227 ) ;
#1463 = CARTESIAN_POINT ( 'NONE',  ( 3.487085623700271864, 14.21172874259085006, 0.000000000000000000 ) ) ;
#1464 = VERTEX_POINT ( 'NONE', #622 ) ;
#1465 = AXIS2_PLACEMENT_3D ( 'NONE', #978, #351, #1012 ) ;
#1466 = ADVANCED_FACE ( 'NONE', ( #931 ), #300, .T. ) ;
#1467 = PLANE ( 'NONE',  #14 ) ;
#1468 = PLANE ( 'NONE',  #633 ) ;
#1469 = CIRCLE ( 'NONE', #2005, 12.08999999999999986 ) ;
#1470 = DIRECTION ( 'NONE',  ( -1.000000000000000000, 0.000000000000000000, 0.000000000000000000 ) ) ;
#1471 = VERTEX_POINT ( 'NONE', #750 ) ;
#1472 = DIRECTION ( 'NONE',  ( 1.000000000000000000, 0.000000000000000000, 0.000000000000000000 ) ) ;
#1473 = CARTESIAN_POINT ( 'NONE',  ( -3.487085623700082682, 14.21172874259089802, 7.000000000000000000 ) ) ;
#1474 = CARTESIAN_POINT ( 'NONE',  ( -7.314999999999683311, 12.66995165736580198, 0.000000000000000000 ) ) ;
#1475 = VERTEX_POINT ( 'NONE', #2057 ) ;
#1476 = EDGE_CURVE ( 'NONE', #664, #1265, #593, .T. ) ;
#1477 = DIRECTION ( 'NONE',  ( -1.000000000000000000, 0.000000000000000000, 0.000000000000000000 ) ) ;
#1478 = VERTEX_POINT ( 'NONE', #1286 ) ;
#1479 = CARTESIAN_POINT ( 'NONE',  ( -3.487085623700082682, 14.21172874259089802, 7.000000000000000000 ) ) ;
#1480 = DIRECTION ( 'NONE',  ( -0.000000000000000000, -0.000000000000000000, -1.000000000000000000 ) ) ;
#1481 = ADVANCED_FACE ( 'NONE', ( #1252 ), #919, .T. ) ;
#1482 = DIRECTION ( 'NONE',  ( -0.000000000000000000, -0.000000000000000000, -1.000000000000000000 ) ) ;
#1483 = CARTESIAN_POINT ( 'NONE',  ( -14.13149483860794575, 3.786522629849543353, 7.000000000000000000 ) ) ;
#1484 = DIRECTION ( 'NONE',  ( -0.000000000000000000, -0.000000000000000000, -1.000000000000000000 ) ) ;
#1485 = ORIENTED_EDGE ( 'NONE', *, *, #1255, .F. ) ;
#1486 = VERTEX_POINT ( 'NONE', #762 ) ;
#1487 = VECTOR ( 'NONE', #1121, 1000.000000000000000 ) ;
#1488 = CARTESIAN_POINT ( 'NONE',  ( -7.314999999999683311, 12.66995165736580198, 7.000000000000000000 ) ) ;
#1489 = CARTESIAN_POINT ( 'NONE',  ( -11.91605062147130667, 4.358455715841980549, 7.000000000000000000 ) ) ;
#1490 = EDGE_CURVE ( 'NONE', #664, #892, #2069, .T. ) ;
#1491 = CARTESIAN_POINT ( 'NONE',  ( 0.000000000000000000, 0.000000000000000000, 7.000000000000000000 ) ) ;
#1492 = CARTESIAN_POINT ( 'NONE',  ( 7.046532124827029619, 12.82495165736696308, 7.000000000000000000 ) ) ;
#1493 = AXIS2_PLACEMENT_3D ( 'NONE', #1596, #1952, #637 ) ;
#1494 = CARTESIAN_POINT ( 'NONE',  ( 1.039999999999991820, 12.04518576029444432, 7.000000000000000000 ) ) ;
#1495 = ORIENTED_EDGE ( 'NONE', *, *, #182, .F. ) ;
#1496 = CARTESIAN_POINT ( 'NONE',  ( 4.085959635999495632, 14.05126093462728676, 7.000000000000000000 ) ) ;
#1497 = CARTESIAN_POINT ( 'NONE',  ( -14.21172874258998320, 3.487085623698982673, 7.000000000000000000 ) ) ;
#1498 = ORIENTED_EDGE ( 'NONE', *, *, #1296, .F. ) ;
#1499 = AXIS2_PLACEMENT_3D ( 'NONE', #862, #1270, #924 ) ;
#1500 = DIRECTION ( 'NONE',  ( -0.000000000000000000, -0.000000000000000000, -1.000000000000000000 ) ) ;
#1501 = DIRECTION ( 'NONE',  ( 1.000000000000000000, 0.000000000000000000, 0.000000000000000000 ) ) ;
#1502 = AXIS2_PLACEMENT_3D ( 'NONE', #869, #389, #93 ) ;
#1503 = VECTOR ( 'NONE', #1373, 1000.000000000000114 ) ;
#1504 = EDGE_CURVE ( 'NONE', #502, #730, #1653, .T. ) ;
#1505 = CARTESIAN_POINT ( 'NONE',  ( 12.49883040889889152, 2.183491939547504312, 0.000000000000000000 ) ) ;
#1506 = DIRECTION ( 'NONE',  ( -1.000000000000000000, 0.000000000000000000, 0.000000000000000000 ) ) ;
#1507 = ORIENTED_EDGE ( 'NONE', *, *, #711, .T. ) ;
#1508 = DIRECTION ( 'NONE',  ( -0.000000000000000000, -0.000000000000000000, -1.000000000000000000 ) ) ;
#1509 = ORIENTED_EDGE ( 'NONE', *, *, #824, .F. ) ;
#1510 = CARTESIAN_POINT ( 'NONE',  ( -7.175366554901133945E-16, 4.000000000000000888, 0.000000000000000000 ) ) ;
#1511 = AXIS2_PLACEMENT_3D ( 'NONE', #760, #1262, #321 ) ;
#1512 = DIRECTION ( 'NONE',  ( -0.000000000000000000, -0.000000000000000000, -1.000000000000000000 ) ) ;
#1513 = VERTEX_POINT ( 'NONE', #1324 ) ;
#1514 = CARTESIAN_POINT ( 'NONE',  ( -4.085959635999308226, 14.05126093462734360, 0.000000000000000000 ) ) ;
#1515 = EDGE_CURVE ( 'NONE', #665, #730, #345, .T. ) ;
#1516 = ORIENTED_EDGE ( 'NONE', *, *, #90, .T. ) ;
#1517 =( GEOMETRIC_REPRESENTATION_CONTEXT ( 3 ) GLOBAL_UNCERTAINTY_ASSIGNED_CONTEXT ( ( #1134 ) ) GLOBAL_UNIT_ASSIGNED_CONTEXT ( ( #1774, #843, #128 ) ) REPRESENTATION_CONTEXT ( 'NONE', 'WORKASPACE' ) );
#1518 = CARTESIAN_POINT ( 'NONE',  ( -12.63807238914285946, 1.125844095426137725, 7.000000000000000000 ) ) ;
#1519 = CIRCLE ( 'NONE', #1792, 1.750000000000001554 ) ;
#1520 = DIRECTION ( 'NONE',  ( 1.000000000000000000, -3.533695969582383493E-15, 0.000000000000000000 ) ) ;
#1521 = LINE ( 'NONE', #25, #2037 ) ;
#1522 = CYLINDRICAL_SURFACE ( 'NONE', #983, 5.399999999999998579 ) ;
#1523 = CARTESIAN_POINT ( 'NONE',  ( -7.294045781912957160, 10.38196969615209930, 7.000000000000000000 ) ) ;
#1524 = EDGE_CURVE ( 'NONE', #1824, #2082, #218, .T. ) ;
#1525 = CARTESIAN_POINT ( 'NONE',  ( 5.121926460211265741, 10.95143686171762987, 7.000000000000000000 ) ) ;
#1526 = ORIENTED_EDGE ( 'NONE', *, *, #1404, .T. ) ;
#1527 = AXIS2_PLACEMENT_3D ( 'NONE', #1591, #99, #1123 ) ;
#1528 = CARTESIAN_POINT ( 'NONE',  ( 2.183491939546645888, 12.49883040889881691, 7.000000000000000000 ) ) ;
#1529 = AXIS2_PLACEMENT_3D ( 'NONE', #1675, #1214, #1195 ) ;
#1530 = PRODUCT_DEFINITION ( 'UNKNOWN', '', #420, #1280 ) ;
#1531 = DIRECTION ( 'NONE',  ( 0.4999999999999991673, 0.8660254037844391517, -0.000000000000000000 ) ) ;
#1532 = LINE ( 'NONE', #1231, #873 ) ;
#1533 = ORIENTED_EDGE ( 'NONE', *, *, #410, .T. ) ;
#1534 = ADVANCED_FACE ( 'NONE', ( #1308 ), #807, .T. ) ;
#1535 = EDGE_LOOP ( 'NONE', ( #1889, #1883, #1560, #1428 ) ) ;
#1536 = EDGE_CURVE ( 'NONE', #1251, #237, #2090, .T. ) ;
#1537 = ORIENTED_EDGE ( 'NONE', *, *, #1840, .T. ) ;
#1538 = CARTESIAN_POINT ( 'NONE',  ( -14.05126093462642167, 4.085959635998205997, 0.000000000000000000 ) ) ;
#1539 = EDGE_CURVE ( 'NONE', #2117, #730, #336, .T. ) ;
#1540 = FACE_BOUND ( 'NONE', #656, .T. ) ;
#1541 = CARTESIAN_POINT ( 'NONE',  ( -4.274155904572370268, 12.63807238914437647, 0.000000000000000000 ) ) ;
#1542 = LINE ( 'NONE', #587, #363 ) ;
#1543 = CARTESIAN_POINT ( 'NONE',  ( -7.046532124826698329, 12.82495165736569120, 7.000000000000000000 ) ) ;
#1544 = FACE_OUTER_BOUND ( 'NONE', #1871, .T. ) ;
#1545 = ORIENTED_EDGE ( 'NONE', *, *, #673, .F. ) ;
#1546 = VECTOR ( 'NONE', #268, 1000.000000000000000 ) ;
#1547 = EDGE_LOOP ( 'NONE', ( #138, #2012, #1104, #314 ) ) ;
#1548 = ORIENTED_EDGE ( 'NONE', *, *, #1742, .F. ) ;
#1549 = CARTESIAN_POINT ( 'NONE',  ( -7.314999999999683311, 12.66995165736580198, 7.000000000000000000 ) ) ;
#1550 = AXIS2_PLACEMENT_3D ( 'NONE', #785, #1766, #777 ) ;
#1551 = EDGE_CURVE ( 'NONE', #738, #823, #1986, .T. ) ;
#1552 = ORIENTED_EDGE ( 'NONE', *, *, #673, .T. ) ;
#1553 = ADVANCED_FACE ( 'NONE', ( #715 ), #1467, .T. ) ;
#1554 = DIRECTION ( 'NONE',  ( -0.000000000000000000, -0.000000000000000000, -1.000000000000000000 ) ) ;
#1555 = LINE ( 'NONE', #59, #1378 ) ;
#1556 = DIRECTION ( 'NONE',  ( 0.000000000000000000, -0.000000000000000000, -1.000000000000000000 ) ) ;
#1557 = DIRECTION ( 'NONE',  ( 0.000000000000000000, -0.000000000000000000, -1.000000000000000000 ) ) ;
#1558 = ORIENTED_EDGE ( 'NONE', *, *, #787, .F. ) ;
#1559 = VECTOR ( 'NONE', #1480, 1000.000000000000000 ) ;
#1560 = ORIENTED_EDGE ( 'NONE', *, *, #1851, .T. ) ;
#1561 = DIRECTION ( 'NONE',  ( 0.000000000000000000, -0.000000000000000000, -1.000000000000000000 ) ) ;
#1562 = ORIENTED_EDGE ( 'NONE', *, *, #1916, .F. ) ;
#1563 = FACE_OUTER_BOUND ( 'NONE', #977, .T. ) ;
#1564 = AXIS2_PLACEMENT_3D ( 'NONE', #669, #1953, #1800 ) ;
#1565 = EDGE_CURVE ( 'NONE', #1166, #1696, #585, .T. ) ;
#1566 = EDGE_CURVE ( 'NONE', #423, #2082, #1898, .T. ) ;
#1567 = AXIS2_PLACEMENT_3D ( 'NONE', #1241, #413, #244 ) ;
#1568 = AXIS2_PLACEMENT_3D ( 'NONE', #322, #1667, #844 ) ;
#1569 = ORIENTED_EDGE ( 'NONE', *, *, #42, .F. ) ;
#1570 = LINE ( 'NONE', #1403, #498 ) ;
#1571 = AXIS2_PLACEMENT_3D ( 'NONE', #1077, #1405, #39 ) ;
#1572 = EDGE_CURVE ( 'NONE', #465, #1218, #2079, .T. ) ;
#1573 = ORIENTED_EDGE ( 'NONE', *, *, #1320, .F. ) ;
#1574 = DIRECTION ( 'NONE',  ( -0.000000000000000000, -0.000000000000000000, -1.000000000000000000 ) ) ;
#1575 = VERTEX_POINT ( 'NONE', #1877 ) ;
#1576 = DIRECTION ( 'NONE',  ( -0.000000000000000000, -0.000000000000000000, -1.000000000000000000 ) ) ;
#1577 = DIRECTION ( 'NONE',  ( 0.000000000000000000, -0.000000000000000000, -1.000000000000000000 ) ) ;
#1578 = CARTESIAN_POINT ( 'NONE',  ( 0.000000000000000000, 0.000000000000000000, 7.000000000000000000 ) ) ;
#1579 = LINE ( 'NONE', #1258, #1727 ) ;
#1580 = EDGE_LOOP ( 'NONE', ( #779, #51, #687, #1747 ) ) ;
#1581 = EDGE_CURVE ( 'NONE', #1740, #1475, #101, .T. ) ;
#1582 = ORIENTED_EDGE ( 'NONE', *, *, #985, .F. ) ;
#1583 = CARTESIAN_POINT ( 'NONE',  ( 30.75000000000000000, 0.000000000000000000, 7.000000000000000000 ) ) ;
#1584 = DIRECTION ( 'NONE',  ( -0.000000000000000000, 0.000000000000000000, 1.000000000000000000 ) ) ;
#1585 = ORIENTED_EDGE ( 'NONE', *, *, #207, .F. ) ;
#1586 = DIRECTION ( 'NONE',  ( 1.000000000000000000, 0.000000000000000000, 0.000000000000000000 ) ) ;
#1587 = DIRECTION ( 'NONE',  ( 1.000000000000000000, 0.000000000000000000, 0.000000000000000000 ) ) ;
#1588 = VECTOR ( 'NONE', #110, 1000.000000000000000 ) ;
#1589 = AXIS2_PLACEMENT_3D ( 'NONE', #1382, #2030, #564 ) ;
#1590 = CARTESIAN_POINT ( 'NONE',  ( 30.75000000000000000, 0.000000000000000000, 0.000000000000000000 ) ) ;
#1591 = CARTESIAN_POINT ( 'NONE',  ( 0.000000000000000000, 0.000000000000000000, 0.000000000000000000 ) ) ;
#1592 = ORIENTED_EDGE ( 'NONE', *, *, #8, .T. ) ;
#1593 = EDGE_CURVE ( 'NONE', #1822, #63, #820, .T. ) ;
#1594 = ORIENTED_EDGE ( 'NONE', *, *, #550, .F. ) ;
#1595 = CARTESIAN_POINT ( 'NONE',  ( 10.95143686171733144, 5.121926460211903454, 0.000000000000000000 ) ) ;
#1596 = CARTESIAN_POINT ( 'NONE',  ( 0.000000000000000000, 0.000000000000000000, 0.000000000000000000 ) ) ;
#1597 = ORIENTED_EDGE ( 'NONE', *, *, #631, .F. ) ;
#1598 = DIRECTION ( 'NONE',  ( 1.000000000000000000, 0.000000000000000000, 0.000000000000000000 ) ) ;
#1599 = ADVANCED_FACE ( 'NONE', ( #215 ), #170, .T. ) ;
#1600 = AXIS2_PLACEMENT_3D ( 'NONE', #1416, #429, #1448 ) ;
#1601 = LINE ( 'NONE', #1437, #1588 ) ;
#1602 = DIRECTION ( 'NONE',  ( -0.000000000000000000, -0.000000000000000000, -1.000000000000000000 ) ) ;
#1603 = ORIENTED_EDGE ( 'NONE', *, *, #1318, .F. ) ;
#1604 = ORIENTED_EDGE ( 'NONE', *, *, #1168, .F. ) ;
#1605 = PLANE ( 'NONE',  #1446 ) ;
#1606 = CARTESIAN_POINT ( 'NONE',  ( 0.000000000000000000, 0.000000000000000000, 7.000000000000000000 ) ) ;
#1607 = ORIENTED_EDGE ( 'NONE', *, *, #2054, .F. ) ;
#1608 = CARTESIAN_POINT ( 'NONE',  ( -5.121926460211609466, 10.95143686171746822, 7.000000000000000000 ) ) ;
#1609 = EDGE_CURVE ( 'NONE', #160, #1347, #1455, .T. ) ;
#1610 = CARTESIAN_POINT ( 'NONE',  ( -1.125844095427459335, 12.63807238914439068, 0.000000000000000000 ) ) ;
#1611 = DIRECTION ( 'NONE',  ( -0.2588190451025185745, -0.9659258262890688673, 0.000000000000000000 ) ) ;
#1612 = CARTESIAN_POINT ( 'NONE',  ( 4.358455715843321698, 11.91605062147250926, 7.000000000000000000 ) ) ;
#1613 = EDGE_LOOP ( 'NONE', ( #1417, #1859, #275, #918 ) ) ;
#1614 = ORIENTED_EDGE ( 'NONE', *, *, #550, .T. ) ;
#1615 = EDGE_CURVE ( 'NONE', #1694, #717, #249, .T. ) ;
#1616 = FACE_OUTER_BOUND ( 'NONE', #66, .T. ) ;
#1617 = CARTESIAN_POINT ( 'NONE',  ( 2.112960617221268045, 11.90392781522434795, 7.000000000000000000 ) ) ;
#1618 = ORIENTED_EDGE ( 'NONE', *, *, #645, .F. ) ;
#1619 = DIRECTION ( 'NONE',  ( 1.000000000000000000, 0.000000000000000000, 0.000000000000000000 ) ) ;
#1620 = EDGE_CURVE ( 'NONE', #221, #232, #404, .T. ) ;
#1621 = DIRECTION ( 'NONE',  ( 1.000000000000000000, 0.000000000000000000, 0.000000000000000000 ) ) ;
#1622 = EDGE_CURVE ( 'NONE', #401, #1407, #1228, .T. ) ;
#1623 = DIRECTION ( 'NONE',  ( -0.9659258262890680902, 0.2588190451025210170, 0.000000000000000000 ) ) ;
#1624 = DIRECTION ( 'NONE',  ( 0.000000000000000000, 0.000000000000000000, 1.000000000000000000 ) ) ;
#1625 = AXIS2_PLACEMENT_3D ( 'NONE', #790, #141, #1629 ) ;
#1626 = VERTEX_POINT ( 'NONE', #1494 ) ;
#1627 = DIRECTION ( 'NONE',  ( -0.000000000000000000, -0.000000000000000000, -1.000000000000000000 ) ) ;
#1628 = ORIENTED_EDGE ( 'NONE', *, *, #594, .T. ) ;
#1629 = DIRECTION ( 'NONE',  ( -1.000000000000000000, 0.000000000000000000, 0.000000000000000000 ) ) ;
#1630 = DIRECTION ( 'NONE',  ( 1.000000000000000000, 0.000000000000000000, 0.000000000000000000 ) ) ;
#1631 = VERTEX_POINT ( 'NONE', #671 ) ;
#1632 = DIRECTION ( 'NONE',  ( -0.000000000000000000, 0.000000000000000000, 1.000000000000000000 ) ) ;
#1633 = DIRECTION ( 'NONE',  ( -1.000000000000000000, 0.000000000000000000, 0.000000000000000000 ) ) ;
#1634 = EDGE_CURVE ( 'NONE', #1668, #1750, #1661, .T. ) ;
#1635 = APPLICATION_CONTEXT ( 'automotive_design' ) ;
#1636 = DIRECTION ( 'NONE',  ( 0.2588190451025210725, 0.9659258262890682012, -0.000000000000000000 ) ) ;
#1637 =( GEOMETRIC_REPRESENTATION_CONTEXT ( 3 ) GLOBAL_UNCERTAINTY_ASSIGNED_CONTEXT ( ( #461 ) ) GLOBAL_UNIT_ASSIGNED_CONTEXT ( ( #1360, #369, #390 ) ) REPRESENTATION_CONTEXT ( 'NONE', 'WORKASPACE' ) );
#1638 = ORIENTED_EDGE ( 'NONE', *, *, #161, .F. ) ;
#1639 = FACE_OUTER_BOUND ( 'NONE', #360, .T. ) ;
#1640 = ORIENTED_EDGE ( 'NONE', *, *, #1296, .T. ) ;
#1641 = AXIS2_PLACEMENT_3D ( 'NONE', #691, #1185, #1477 ) ;
#1642 = LINE ( 'NONE', #817, #803 ) ;
#1643 = CYLINDRICAL_SURFACE ( 'NONE', #1660, 12.08999999999999986 ) ;
#1644 = LINE ( 'NONE', #1301, #927 ) ;
#1645 = VERTEX_POINT ( 'NONE', #183 ) ;
#1646 = AXIS2_PLACEMENT_3D ( 'NONE', #7, #513, #524 ) ;
#1647 = ORIENTED_EDGE ( 'NONE', *, *, #706, .T. ) ;
#1648 = EDGE_CURVE ( 'NONE', #1740, #1402, #1366, .T. ) ;
#1649 = DIRECTION ( 'NONE',  ( 0.9659258262890719759, 0.2588190451025070837, 0.000000000000000000 ) ) ;
#1650 = DIRECTION ( 'NONE',  ( 0.4999999999999985012, 0.8660254037844394848, 0.000000000000000000 ) ) ;
#1651 = ORIENTED_EDGE ( 'NONE', *, *, #1524, .T. ) ;
#1652 = DIRECTION ( 'NONE',  ( 0.8660254037844391517, -0.4999999999999991118, 0.000000000000000000 ) ) ;
#1653 = CIRCLE ( 'NONE', #654, 5.400000000000000355 ) ;
#1654 = DIRECTION ( 'NONE',  ( 0.000000000000000000, 0.000000000000000000, 1.000000000000000000 ) ) ;
#1655 = EDGE_LOOP ( 'NONE', ( #1816, #1067, #1905, #1640 ) ) ;
#1656 = VERTEX_POINT ( 'NONE', #1172 ) ;
#1657 = EDGE_CURVE ( 'NONE', #1166, #595, #1210, .T. ) ;
#1658 = CARTESIAN_POINT ( 'NONE',  ( 0.000000000000000000, 8.266365894244633347E-16, 0.000000000000000000 ) ) ;
#1659 = DIRECTION ( 'NONE',  ( -0.000000000000000000, -0.000000000000000000, -1.000000000000000000 ) ) ;
#1660 = AXIS2_PLACEMENT_3D ( 'NONE', #1275, #1117, #1470 ) ;
#1661 = LINE ( 'NONE', #2143, #1099 ) ;
#1662 = FACE_OUTER_BOUND ( 'NONE', #928, .T. ) ;
#1663 = ORIENTED_EDGE ( 'NONE', *, *, #1634, .F. ) ;
#1664 = AXIS2_PLACEMENT_3D ( 'NONE', #1491, #696, #2142 ) ;
#1665 = DIRECTION ( 'NONE',  ( -0.000000000000000000, -0.000000000000000000, -1.000000000000000000 ) ) ;
#1666 = ORIENTED_EDGE ( 'NONE', *, *, #41, .T. ) ;
#1667 = DIRECTION ( 'NONE',  ( -0.000000000000000000, 0.000000000000000000, 1.000000000000000000 ) ) ;
#1668 = VERTEX_POINT ( 'NONE', #2076 ) ;
#1669 = CIRCLE ( 'NONE', #980, 5.400000000000000355 ) ;
#1670 = LINE ( 'NONE', #835, #2040 ) ;
#1671 = CARTESIAN_POINT ( 'NONE',  ( -9.911436861717985991, 6.923259300082435175, 0.000000000000000000 ) ) ;
#1672 = VECTOR ( 'NONE', #529, 1000.000000000000000 ) ;
#1673 = LINE ( 'NONE', #1549, #433 ) ;
#1674 = EDGE_CURVE ( 'NONE', #231, #339, #108, .T. ) ;
#1675 = CARTESIAN_POINT ( 'NONE',  ( 0.000000000000000000, 0.000000000000000000, 0.000000000000000000 ) ) ;
#1676 = ORIENTED_EDGE ( 'NONE', *, *, #1033, .F. ) ;
#1677 = DIRECTION ( 'NONE',  ( 1.000000000000000000, 0.000000000000000000, 0.000000000000000000 ) ) ;
#1678 = ORIENTED_EDGE ( 'NONE', *, *, #356, .T. ) ;
#1679 = DIRECTION ( 'NONE',  ( 1.000000000000000000, 8.834239923955961690E-16, 0.000000000000000000 ) ) ;
#1680 = CARTESIAN_POINT ( 'NONE',  ( 4.122086335902518606, 11.36558420141110659, 7.000000000000000000 ) ) ;
#1681 = EDGE_CURVE ( 'NONE', #1219, #702, #1519, .T. ) ;
#1682 = FACE_BOUND ( 'NONE', #1064, .T. ) ;
#1683 = ORIENTED_EDGE ( 'NONE', *, *, #1235, .F. ) ;
#1684 = DIRECTION ( 'NONE',  ( -1.000000000000000000, 0.000000000000000000, 0.000000000000000000 ) ) ;
#1685 = DIRECTION ( 'NONE',  ( 1.000000000000000000, -1.927470528863118950E-15, 0.000000000000000000 ) ) ;
#1686 = VERTEX_POINT ( 'NONE', #305 ) ;
#1687 = AXIS2_PLACEMENT_3D ( 'NONE', #1942, #1636, #1623 ) ;
#1688 = CARTESIAN_POINT ( 'NONE',  ( 28.99999999999999289, 0.000000000000000000, 7.000000000000000000 ) ) ;
#1689 = DIRECTION ( 'NONE',  ( 0.000000000000000000, -0.000000000000000000, -1.000000000000000000 ) ) ;
#1690 = FACE_OUTER_BOUND ( 'NONE', #2091, .T. ) ;
#1691 = EDGE_CURVE ( 'NONE', #771, #1631, #497, .T. ) ;
#1692 = ORIENTED_EDGE ( 'NONE', *, *, #1490, .F. ) ;
#1693 = PLANE ( 'NONE',  #812 ) ;
#1694 = VERTEX_POINT ( 'NONE', #1924 ) ;
#1695 = EDGE_CURVE ( 'NONE', #544, #1705, #969, .T. ) ;
#1696 = VERTEX_POINT ( 'NONE', #1938 ) ;
#1697 = VERTEX_POINT ( 'NONE', #96 ) ;
#1698 = LINE ( 'NONE', #731, #838 ) ;
#1699 = CARTESIAN_POINT ( 'NONE',  ( -11.91605062147130489, -4.358455715844665512, 7.000000000000000000 ) ) ;
#1700 = LINE ( 'NONE', #1381, #256 ) ;
#1701 = DIRECTION ( 'NONE',  ( 1.000000000000000000, 0.000000000000000000, 0.000000000000000000 ) ) ;
#1702 = CARTESIAN_POINT ( 'NONE',  ( -5.121926460211609466, 10.95143686171746822, 0.000000000000000000 ) ) ;
#1703 = ORIENTED_EDGE ( 'NONE', *, *, #1730, .F. ) ;
#1704 = EDGE_CURVE ( 'NONE', #1407, #412, #611, .T. ) ;
#1705 = VERTEX_POINT ( 'NONE', #1917 ) ;
#1706 = ORIENTED_EDGE ( 'NONE', *, *, #1268, .T. ) ;
#1707 = ORIENTED_EDGE ( 'NONE', *, *, #1916, .T. ) ;
#1708 = CARTESIAN_POINT ( 'NONE',  ( 7.583467875173381501, 12.51495165736696258, 7.000000000000000000 ) ) ;
#1709 = CARTESIAN_POINT ( 'NONE',  ( -10.38196969615113119, 7.294045781911802528, 0.000000000000000000 ) ) ;
#1710 = APPLICATION_PROTOCOL_DEFINITION ( 'draft international standard', 'automotive_design', 1998, #1734 ) ;
#1711 = CARTESIAN_POINT ( 'NONE',  ( 11.40912354214818514, 4.000000000000002665, 0.000000000000000000 ) ) ;
#1712 = VERTEX_POINT ( 'NONE', #961 ) ;
#1713 = EDGE_CURVE ( 'NONE', #942, #823, #1267, .T. ) ;
#1714 = ORIENTED_EDGE ( 'NONE', *, *, #748, .F. ) ;
#1715 = CARTESIAN_POINT ( 'NONE',  ( 11.50781379157988304, 5.344026607232171600, 0.000000000000000000 ) ) ;
#1716 = VERTEX_POINT ( 'NONE', #448 ) ;
#1717 = CARTESIAN_POINT ( 'NONE',  ( 0.000000000000000000, 8.266365894244633347E-16, 0.000000000000000000 ) ) ;
#1718 = AXIS2_PLACEMENT_3D ( 'NONE', #2131, #330, #159 ) ;
#1719 = CYLINDRICAL_SURFACE ( 'NONE', #1394, 5.400000000000000355 ) ;
#1720 = LINE ( 'NONE', #248, #19 ) ;
#1721 = CARTESIAN_POINT ( 'NONE',  ( 0.000000000000000000, 0.000000000000000000, 0.000000000000000000 ) ) ;
#1722 = ORIENTED_EDGE ( 'NONE', *, *, #1813, .T. ) ;
#1723 = ORIENTED_EDGE ( 'NONE', *, *, #1395, .F. ) ;
#1724 = VECTOR ( 'NONE', #325, 1000.000000000000000 ) ;
#1725 = CARTESIAN_POINT ( 'NONE',  ( 5.121926460211265741, 10.95143686171762987, 7.000000000000000000 ) ) ;
#1726 = ORIENTED_EDGE ( 'NONE', *, *, #514, .T. ) ;
#1727 = VECTOR ( 'NONE', #1910, 1000.000000000000000 ) ;
#1728 = AXIS2_PLACEMENT_3D ( 'NONE', #784, #616, #1401 ) ;
#1729 = CIRCLE ( 'NONE', #2077, 12.08999999999999986 ) ;
#1730 = EDGE_CURVE ( 'NONE', #1668, #465, #1415, .T. ) ;
#1731 = CARTESIAN_POINT ( 'NONE',  ( 3.786522629849882637, 14.13149483860906841, 0.000000000000000000 ) ) ;
#1732 = VECTOR ( 'NONE', #1049, 1000.000000000000000 ) ;
#1733 = DIRECTION ( 'NONE',  ( 1.000000000000000000, 0.000000000000000000, 0.000000000000000000 ) ) ;
#1734 = APPLICATION_CONTEXT ( 'automotive_design' ) ;
#1735 = VERTEX_POINT ( 'NONE', #775 ) ;
#1736 = DIRECTION ( 'NONE',  ( -1.000000000000000000, 0.000000000000000000, 0.000000000000000000 ) ) ;
#1737 = ORIENTED_EDGE ( 'NONE', *, *, #1691, .F. ) ;
#1738 = CARTESIAN_POINT ( 'NONE',  ( 3.487085623700271864, 14.21172874259085006, 7.000000000000000000 ) ) ;
#1739 = DIRECTION ( 'NONE',  ( 1.000000000000000000, 0.000000000000000000, 0.000000000000000000 ) ) ;
#1740 = VERTEX_POINT ( 'NONE', #293 ) ;
#1741 = FACE_OUTER_BOUND ( 'NONE', #373, .T. ) ;
#1742 = EDGE_CURVE ( 'NONE', #465, #381, #316, .T. ) ;
#1743 = DIRECTION ( 'NONE',  ( 0.000000000000000000, -0.000000000000000000, -1.000000000000000000 ) ) ;
#1744 = LINE ( 'NONE', #272, #806 ) ;
#1745 = ORIENTED_EDGE ( 'NONE', *, *, #732, .T. ) ;
#1746 = VECTOR ( 'NONE', #1149, 1000.000000000000114 ) ;
#1747 = ORIENTED_EDGE ( 'NONE', *, *, #1410, .F. ) ;
#1748 = DIRECTION ( 'NONE',  ( 1.000000000000000000, 0.000000000000000000, 0.000000000000000000 ) ) ;
#1749 = CARTESIAN_POINT ( 'NONE',  ( -11.50781379157913875, 5.344026607230375703, 7.000000000000000000 ) ) ;
#1750 = VERTEX_POINT ( 'NONE', #811 ) ;
#1751 = DIRECTION ( 'NONE',  ( 1.000000000000000000, 0.000000000000000000, 0.000000000000000000 ) ) ;
#1752 = CARTESIAN_POINT ( 'NONE',  ( 12.66995165736732609, 7.315000000000553726, 0.000000000000000000 ) ) ;
#1753 = AXIS2_PLACEMENT_3D ( 'NONE', #661, #1970, #1755 ) ;
#1754 = CIRCLE ( 'NONE', #591, 1.750000000000001554 ) ;
#1755 = DIRECTION ( 'NONE',  ( 1.000000000000000000, 0.000000000000000000, 0.000000000000000000 ) ) ;
#1756 = EDGE_CURVE ( 'NONE', #1631, #2127, #660, .T. ) ;
#1757 = CARTESIAN_POINT ( 'NONE',  ( 10.34497220875983814, 10.34497220875983814, 0.000000000000000000 ) ) ;
#1758 = EDGE_LOOP ( 'NONE', ( #247, #55 ) ) ;
#1759 = CIRCLE ( 'NONE', #894, 5.400000000000000355 ) ;
#1760 = VERTEX_POINT ( 'NONE', #2078 ) ;
#1761 = EDGE_CURVE ( 'NONE', #1347, #160, #1754, .T. ) ;
#1762 = LINE ( 'NONE', #313, #1559 ) ;
#1763 = VERTEX_POINT ( 'NONE', #1087 ) ;
#1764 = LINE ( 'NONE', #1445, #1128 ) ;
#1765 = CIRCLE ( 'NONE', #1187, 5.400000000000000355 ) ;
#1766 = DIRECTION ( 'NONE',  ( -0.000000000000000000, -0.000000000000000000, -1.000000000000000000 ) ) ;
#1767 = DIRECTION ( 'NONE',  ( -1.000000000000000000, 0.000000000000000000, 0.000000000000000000 ) ) ;
#1768 = AXIS2_PLACEMENT_3D ( 'NONE', #289, #1266, #584 ) ;
#1769 = ORIENTED_EDGE ( 'NONE', *, *, #1695, .F. ) ;
#1770 = LINE ( 'NONE', #1249, #1273 ) ;
#1771 = ORIENTED_EDGE ( 'NONE', *, *, #1865, .T. ) ;
#1772 = CARTESIAN_POINT ( 'NONE',  ( -4.122086335902364951, 11.36558420141116343, 0.000000000000000000 ) ) ;
#1773 = DIRECTION ( 'NONE',  ( 1.000000000000000000, 0.000000000000000000, 0.000000000000000000 ) ) ;
#1774 =( LENGTH_UNIT ( ) NAMED_UNIT ( * ) SI_UNIT ( .MILLI., .METRE. ) );
#1775 = EDGE_CURVE ( 'NONE', #1760, #1186, #1152, .T. ) ;
#1776 = ORIENTED_EDGE ( 'NONE', *, *, #1756, .F. ) ;
#1777 = DIRECTION ( 'NONE',  ( 1.000000000000000000, 0.000000000000000000, 0.000000000000000000 ) ) ;
#1778 = EDGE_CURVE ( 'NONE', #173, #502, #1269, .T. ) ;
#1779 = DIRECTION ( 'NONE',  ( 1.000000000000000000, 0.000000000000000000, 0.000000000000000000 ) ) ;
#1780 = DIRECTION ( 'NONE',  ( -0.000000000000000000, 0.000000000000000000, 1.000000000000000000 ) ) ;
#1781 = CARTESIAN_POINT ( 'NONE',  ( -12.04518576029432886, -1.040000000001314318, 7.000000000000000000 ) ) ;
#1782 = ORIENTED_EDGE ( 'NONE', *, *, #1476, .F. ) ;
#1783 = ORIENTED_EDGE ( 'NONE', *, *, #1551, .F. ) ;
#1784 = CYLINDRICAL_SURFACE ( 'NONE', #1625, 5.400000000000000355 ) ;
#1785 = AXIS2_PLACEMENT_3D ( 'NONE', #740, #376, #1080 ) ;
#1786 = EDGE_CURVE ( 'NONE', #1464, #1686, #1379, .T. ) ;
#1787 = EDGE_LOOP ( 'NONE', ( #590, #2029, #21, #958 ) ) ;
#1788 = DIRECTION ( 'NONE',  ( 0.4999999999999991118, -0.8660254037844391517, 0.000000000000000000 ) ) ;
#1789 = EDGE_CURVE ( 'NONE', #254, #1475, #451, .T. ) ;
#1790 = DIRECTION ( 'NONE',  ( 1.000000000000000000, 0.000000000000000000, 0.000000000000000000 ) ) ;
#1791 = DIRECTION ( 'NONE',  ( 0.000000000000000000, 0.000000000000000000, 1.000000000000000000 ) ) ;
#1792 = AXIS2_PLACEMENT_3D ( 'NONE', #626, #1632, #1587 ) ;
#1793 = VERTEX_POINT ( 'NONE', #1223 ) ;
#1794 = CARTESIAN_POINT ( 'NONE',  ( 32.50000000000000000, 2.143131898507874953E-16, 0.000000000000000000 ) ) ;
#1795 = ORIENTED_EDGE ( 'NONE', *, *, #514, .F. ) ;
#1796 = DIRECTION ( 'NONE',  ( -0.8660254037844394848, 0.4999999999999985012, 0.000000000000000000 ) ) ;
#1797 = CARTESIAN_POINT ( 'NONE',  ( -14.62999999999880707, 0.000000000000000000, 0.000000000000000000 ) ) ;
#1798 = DIRECTION ( 'NONE',  ( -0.000000000000000000, 0.000000000000000000, 1.000000000000000000 ) ) ;
#1799 = DIRECTION ( 'NONE',  ( 1.000000000000000000, 0.000000000000000000, 0.000000000000000000 ) ) ;
#1800 = DIRECTION ( 'NONE',  ( 1.000000000000000000, 0.000000000000000000, 0.000000000000000000 ) ) ;
#1801 = CYLINDRICAL_SURFACE ( 'NONE', #1718, 1.750000000000005107 ) ;
#1802 = ADVANCED_FACE ( 'NONE', ( #407 ), #440, .T. ) ;
#1803 = CIRCLE ( 'NONE', #1499, 5.400000000000000355 ) ;
#1804 = ORIENTED_EDGE ( 'NONE', *, *, #1114, .T. ) ;
#1805 = ORIENTED_EDGE ( 'NONE', *, *, #798, .T. ) ;
#1806 = AXIS2_PLACEMENT_3D ( 'NONE', #1171, #1001, #1501 ) ;
#1807 = DIRECTION ( 'NONE',  ( 0.000000000000000000, -0.000000000000000000, -1.000000000000000000 ) ) ;
#1808 = DIRECTION ( 'NONE',  ( 0.000000000000000000, -0.000000000000000000, -1.000000000000000000 ) ) ;
#1809 = DIRECTION ( 'NONE',  ( -0.000000000000000000, -0.000000000000000000, -1.000000000000000000 ) ) ;
#1810 = FACE_OUTER_BOUND ( 'NONE', #175, .T. ) ;
#1811 = CARTESIAN_POINT ( 'NONE',  ( 7.315000000000309477, 12.66995165736690332, 0.000000000000000000 ) ) ;
#1812 = DIRECTION ( 'NONE',  ( -0.000000000000000000, -0.000000000000000000, -1.000000000000000000 ) ) ;
#1813 = EDGE_CURVE ( 'NONE', #1845, #1631, #1213, .T. ) ;
#1814 = ORIENTED_EDGE ( 'NONE', *, *, #344, .F. ) ;
#1815 = PLANE ( 'NONE',  #1242 ) ;
#1816 = ORIENTED_EDGE ( 'NONE', *, *, #16, .T. ) ;
#1817 = EDGE_CURVE ( 'NONE', #1626, #1645, #229, .T. ) ;
#1818 = DIRECTION ( 'NONE',  ( 1.000000000000000000, 0.000000000000000000, 0.000000000000000000 ) ) ;
#1819 = AXIS2_PLACEMENT_3D ( 'NONE', #1583, #444, #92 ) ;
#1820 = CARTESIAN_POINT ( 'NONE',  ( 12.49883040889889152, 2.183491939547504312, 7.000000000000000000 ) ) ;
#1821 = CARTESIAN_POINT ( 'NONE',  ( -6.923259300083199896, 9.911436861717451308, 7.000000000000000000 ) ) ;
#1822 = VERTEX_POINT ( 'NONE', #1543 ) ;
#1823 = DIRECTION ( 'NONE',  ( -0.2588190451025070282, 0.9659258262890719759, 0.000000000000000000 ) ) ;
#1824 = VERTEX_POINT ( 'NONE', #428 ) ;
#1825 = CYLINDRICAL_SURFACE ( 'NONE', #1465, 5.400000000000003908 ) ;
#1826 = ORIENTED_EDGE ( 'NONE', *, *, #846, .T. ) ;
#1827 = DIRECTION ( 'NONE',  ( -0.000000000000000000, 0.000000000000000000, 1.000000000000000000 ) ) ;
#1828 = EDGE_CURVE ( 'NONE', #103, #1460, #384, .T. ) ;
#1829 = LINE ( 'NONE', #543, #1836 ) ;
#1830 = CYLINDRICAL_SURFACE ( 'NONE', #2073, 1.750000000000005107 ) ;
#1831 = ORIENTED_EDGE ( 'NONE', *, *, #1097, .F. ) ;
#1832 = FACE_OUTER_BOUND ( 'NONE', #887, .T. ) ;
#1833 = FACE_OUTER_BOUND ( 'NONE', #1655, .T. ) ;
#1834 = AXIS2_PLACEMENT_3D ( 'NONE', #2112, #1482, #1633 ) ;
#1835 = ORIENTED_EDGE ( 'NONE', *, *, #1539, .F. ) ;
#1836 = VECTOR ( 'NONE', #1512, 1000.000000000000000 ) ;
#1837 = CARTESIAN_POINT ( 'NONE',  ( 28.99999999999999289, 0.000000000000000000, 7.000000000000000000 ) ) ;
#1838 = CARTESIAN_POINT ( 'NONE',  ( -10.34497220875859114, 10.34497220875855206, 7.000000000000000000 ) ) ;
#1839 = CLOSED_SHELL ( 'NONE', ( #929, #1339, #120, #1994, #860, #47, #565, #274, #1481, #366, #946, #923, #864, #83, #378, #1599, #659, #1947, #2075, #954, #477, #839, #997, #957, #1802, #2067, #1892, #328, #2027, #1048, #2128, #480, #496, #24, #2102, #1307, #1165, #2033, #1191, #1237, #1364, #722, #194, #104, #1466, #69, #1553, #1962, #1002, #439, #1978, #554, #1155, #976, #930, #1316, #1177, #1534, #315, #848, #2139, #1422, #2121 ) ) ;
#1840 = EDGE_CURVE ( 'NONE', #1391, #349, #890, .T. ) ;
#1841 = DIRECTION ( 'NONE',  ( -1.000000000000000000, 0.000000000000000000, 0.000000000000000000 ) ) ;
#1842 = EDGE_CURVE ( 'NONE', #1464, #401, #576, .T. ) ;
#1843 = CARTESIAN_POINT ( 'NONE',  ( -4.085959635999308226, 14.05126093462734360, 7.000000000000000000 ) ) ;
#1844 = LINE ( 'NONE', #48, #904 ) ;
#1845 = VERTEX_POINT ( 'NONE', #2051 ) ;
#1846 = CARTESIAN_POINT ( 'NONE',  ( -14.21172874258932417, -3.487085623701594361, 0.000000000000000000 ) ) ;
#1847 = DIRECTION ( 'NONE',  ( -0.000000000000000000, 0.000000000000000000, 1.000000000000000000 ) ) ;
#1848 = ORIENTED_EDGE ( 'NONE', *, *, #1909, .F. ) ;
#1849 = DIRECTION ( 'NONE',  ( -0.7071067811865462405, -0.7071067811865489050, 0.000000000000000000 ) ) ;
#1850 = LINE ( 'NONE', #1688, #1036 ) ;
#1851 = EDGE_CURVE ( 'NONE', #53, #1656, #1720, .T. ) ;
#1852 = DIRECTION ( 'NONE',  ( 1.000000000000000000, 0.000000000000000000, 0.000000000000000000 ) ) ;
#1853 = FILL_AREA_STYLE ('',( #870 ) ) ;
#1854 = EDGE_CURVE ( 'NONE', #124, #423, #1570, .T. ) ;
#1855 = DIRECTION ( 'NONE',  ( 0.2588190451025185745, 0.9659258262890688673, 0.000000000000000000 ) ) ;
#1856 = CYLINDRICAL_SURFACE ( 'NONE', #1196, 5.399999999999998579 ) ;
#1857 = ORIENTED_EDGE ( 'NONE', *, *, #1778, .F. ) ;
#1858 = AXIS2_PLACEMENT_3D ( 'NONE', #675, #793, #623 ) ;
#1859 = ORIENTED_EDGE ( 'NONE', *, *, #75, .F. ) ;
#1860 = VECTOR ( 'NONE', #1232, 1000.000000000000000 ) ;
#1861 = ORIENTED_EDGE ( 'NONE', *, *, #1593, .F. ) ;
#1862 = DIRECTION ( 'NONE',  ( -0.8660254037844391517, 0.4999999999999991673, 0.000000000000000000 ) ) ;
#1863 = AXIS2_PLACEMENT_3D ( 'NONE', #1443, #956, #143 ) ;
#1864 = DIRECTION ( 'NONE',  ( -1.000000000000000000, 0.000000000000000000, 0.000000000000000000 ) ) ;
#1865 = EDGE_CURVE ( 'NONE', #648, #729, #1644, .T. ) ;
#1866 = EDGE_LOOP ( 'NONE', ( #1340, #1118, #1377, #614 ) ) ;
#1867 = ORIENTED_EDGE ( 'NONE', *, *, #421, .T. ) ;
#1868 = AXIS2_PLACEMENT_3D ( 'NONE', #597, #1256, #1779 ) ;
#1869 = DIRECTION ( 'NONE',  ( -0.000000000000000000, 0.000000000000000000, 1.000000000000000000 ) ) ;
#1870 = CIRCLE ( 'NONE', #255, 1.750000000000000000 ) ;
#1871 = EDGE_LOOP ( 'NONE', ( #286, #613, #705, #1921 ) ) ;
#1872 = CARTESIAN_POINT ( 'NONE',  ( -12.04518576029456156, 1.039999999998625357, 7.000000000000000000 ) ) ;
#1873 = CIRCLE ( 'NONE', #1568, 12.08999999999999986 ) ;
#1874 = DIRECTION ( 'NONE',  ( 1.000000000000000000, 0.000000000000000000, 0.000000000000000000 ) ) ;
#1875 = ORIENTED_EDGE ( 'NONE', *, *, #1674, .T. ) ;
#1876 = DIRECTION ( 'NONE',  ( -0.000000000000000000, 0.000000000000000000, 1.000000000000000000 ) ) ;
#1877 = CARTESIAN_POINT ( 'NONE',  ( 10.56417531092744078, 10.12576910659223728, 0.000000000000000000 ) ) ;
#1878 = EDGE_CURVE ( 'NONE', #1471, #103, #819, .T. ) ;
#1879 = CARTESIAN_POINT ( 'NONE',  ( 7.583467875173381501, 12.51495165736696258, 0.000000000000000000 ) ) ;
#1880 = EDGE_LOOP ( 'NONE', ( #476, #1240, #1628, #1160, #1138, #885, #1226, #1173, #615, #508, #1368, #1440, #2053, #1914, #74, #528, #1082, #1804, #278, #634, #1831, #805, #2058, #1495, #1263, #443, #801, #1384, #464, #425, #971, #335, #682, #1140, #1703, #1706, #2019, #89, #739, #303, #1805, #926, #442, #850, #996, #1782, #490, #1092, #1552, #1285, #1062, #1243, #580, #320 ) ) ;
#1881 = ORIENTED_EDGE ( 'NONE', *, *, #1102, .F. ) ;
#1882 = EDGE_CURVE ( 'NONE', #1175, #419, #1157, .T. ) ;
#1883 = ORIENTED_EDGE ( 'NONE', *, *, #116, .F. ) ;
#1884 = CYLINDRICAL_SURFACE ( 'NONE', #1326, 3.500000000000000000 ) ;
#1885 = ORIENTED_EDGE ( 'NONE', *, *, #151, .F. ) ;
#1886 = DIRECTION ( 'NONE',  ( 1.000000000000000000, 0.000000000000000000, 0.000000000000000000 ) ) ;
#1887 = LINE ( 'NONE', #1496, #1312 ) ;
#1888 = CARTESIAN_POINT ( 'NONE',  ( 12.66995165736732609, 7.315000000000553726, 7.000000000000000000 ) ) ;
#1889 = ORIENTED_EDGE ( 'NONE', *, *, #1882, .F. ) ;
#1890 = EDGE_LOOP ( 'NONE', ( #1993, #1893, #1313, #780 ) ) ;
#1891 = AXIS2_PLACEMENT_3D ( 'NONE', #852, #1998, #1035 ) ;
#1892 = ADVANCED_FACE ( 'NONE', ( #1290 ), #487, .T. ) ;
#1893 = ORIENTED_EDGE ( 'NONE', *, *, #1404, .F. ) ;
#1894 = DIRECTION ( 'NONE',  ( -0.000000000000000000, -0.000000000000000000, -1.000000000000000000 ) ) ;
#1895 = VECTOR ( 'NONE', #726, 1000.000000000000000 ) ;
#1896 = DIRECTION ( 'NONE',  ( 1.000000000000000000, -1.927470528863118950E-15, 0.000000000000000000 ) ) ;
#1897 = CARTESIAN_POINT ( 'NONE',  ( -14.21172874258998320, 3.487085623698982673, 7.000000000000000000 ) ) ;
#1898 = LINE ( 'NONE', #754, #718 ) ;
#1899 = LINE ( 'NONE', #1757, #1941 ) ;
#1900 = VERTEX_POINT ( 'NONE', #799 ) ;
#1901 = EDGE_LOOP ( 'NONE', ( #40, #747, #743, #2045 ) ) ;
#1902 = CIRCLE ( 'NONE', #1015, 12.08999999999999986 ) ;
#1903 = DIRECTION ( 'NONE',  ( 1.000000000000000000, 3.533695969582384676E-15, 0.000000000000000000 ) ) ;
#1904 = EDGE_CURVE ( 'NONE', #999, #1900, #2133, .T. ) ;
#1905 = ORIENTED_EDGE ( 'NONE', *, *, #260, .F. ) ;
#1906 = DIRECTION ( 'NONE',  ( -1.000000000000000000, 0.000000000000000000, 0.000000000000000000 ) ) ;
#1907 = AXIS2_PLACEMENT_3D ( 'NONE', #1329, #1979, #512 ) ;
#1908 = VECTOR ( 'NONE', #694, 1000.000000000000000 ) ;
#1909 = EDGE_CURVE ( 'NONE', #310, #63, #52, .T. ) ;
#1910 = DIRECTION ( 'NONE',  ( -1.000000000000000000, 1.793841638725282993E-16, 0.000000000000000000 ) ) ;
#1911 = EDGE_LOOP ( 'NONE', ( #387, #1967, #2071, #1206 ) ) ;
#1912 = VERTEX_POINT ( 'NONE', #1447 ) ;
#1913 = DIRECTION ( 'NONE',  ( -0.000000000000000000, -0.000000000000000000, -1.000000000000000000 ) ) ;
#1914 = ORIENTED_EDGE ( 'NONE', *, *, #1145, .T. ) ;
#1915 = CARTESIAN_POINT ( 'NONE',  ( -14.13149483860797417, -3.786522629849596644, 7.000000000000000000 ) ) ;
#1916 = EDGE_CURVE ( 'NONE', #1750, #103, #756, .T. ) ;
#1917 = CARTESIAN_POINT ( 'NONE',  ( -7.781841479322172184, 9.252623584189562322, 7.000000000000000000 ) ) ;
#1918 = DIRECTION ( 'NONE',  ( 1.000000000000000000, 0.000000000000000000, 0.000000000000000000 ) ) ;
#1919 = DIRECTION ( 'NONE',  ( -0.000000000000000000, -0.000000000000000000, -1.000000000000000000 ) ) ;
#1920 = VERTEX_POINT ( 'NONE', #306 ) ;
#1921 = ORIENTED_EDGE ( 'NONE', *, *, #575, .T. ) ;
#1922 = ORIENTED_EDGE ( 'NONE', *, *, #1343, .T. ) ;
#1923 = CARTESIAN_POINT ( 'NONE',  ( -1.040000000000000036, 12.04518576029444255, 7.000000000000000000 ) ) ;
#1924 = CARTESIAN_POINT ( 'NONE',  ( -11.36558420141146186, 4.122086335901534504, 0.000000000000000000 ) ) ;
#1925 = AXIS2_PLACEMENT_3D ( 'NONE', #851, #1198, #1684 ) ;
#1926 = CARTESIAN_POINT ( 'NONE',  ( -3.500000000000000000, 1.255262969126037044E-15, 0.000000000000000000 ) ) ;
#1927 = CARTESIAN_POINT ( 'NONE',  ( 0.3099999999999952793, 14.63000000000000078, 0.000000000000000000 ) ) ;
#1928 = ORIENTED_EDGE ( 'NONE', *, *, #399, .F. ) ;
#1929 = EDGE_CURVE ( 'NONE', #729, #63, #963, .T. ) ;
#1930 = AXIS2_PLACEMENT_3D ( 'NONE', #607, #287, #129 ) ;
#1931 = EDGE_LOOP ( 'NONE', ( #2108, #1050, #2068, #525 ) ) ;
#1932 = DIRECTION ( 'NONE',  ( -0.000000000000000000, -0.000000000000000000, -1.000000000000000000 ) ) ;
#1933 = AXIS2_PLACEMENT_3D ( 'NONE', #699, #1995, #2008 ) ;
#1934 = CARTESIAN_POINT ( 'NONE',  ( 10.12576910659178431, 10.56417531092789375, 0.000000000000000000 ) ) ;
#1935 = ORIENTED_EDGE ( 'NONE', *, *, #1212, .T. ) ;
#1936 = CYLINDRICAL_SURFACE ( 'NONE', #701, 1.750000000000000000 ) ;
#1937 = AXIS2_PLACEMENT_3D ( 'NONE', #1658, #1170, #12 ) ;
#1938 = CARTESIAN_POINT ( 'NONE',  ( 10.12576910659178431, 10.56417531092789375, 7.000000000000000000 ) ) ;
#1939 = CIRCLE ( 'NONE', #106, 5.400000000000002132 ) ;
#1940 = CIRCLE ( 'NONE', #98, 5.399999999999998579 ) ;
#1941 = VECTOR ( 'NONE', #1291, 1000.000000000000114 ) ;
#1942 = CARTESIAN_POINT ( 'NONE',  ( 3.786522629849882637, 14.13149483860906841, 7.000000000000000000 ) ) ;
#1943 = DIRECTION ( 'NONE',  ( -0.000000000000000000, -0.000000000000000000, -1.000000000000000000 ) ) ;
#1944 = AXIS2_PLACEMENT_3D ( 'NONE', #765, #2072, #1751 ) ;
#1945 = ORIENTED_EDGE ( 'NONE', *, *, #385, .T. ) ;
#1946 = VECTOR ( 'NONE', #1336, 1000.000000000000000 ) ;
#1947 = ADVANCED_FACE ( 'NONE', ( #617 ), #1456, .T. ) ;
#1948 = CYLINDRICAL_SURFACE ( 'NONE', #2129, 5.399999999999998579 ) ;
#1949 = CARTESIAN_POINT ( 'NONE',  ( 1.750000000000000000, 0.000000000000000000, 5.000000000000000000 ) ) ;
#1950 = ORIENTED_EDGE ( 'NONE', *, *, #1081, .T. ) ;
#1951 = CARTESIAN_POINT ( 'NONE',  ( -12.51495165736577242, 7.583467875172034134, 0.000000000000000000 ) ) ;
#1952 = DIRECTION ( 'NONE',  ( -0.000000000000000000, 0.000000000000000000, 1.000000000000000000 ) ) ;
#1953 = DIRECTION ( 'NONE',  ( -0.000000000000000000, 0.000000000000000000, 1.000000000000000000 ) ) ;
#1954 = CARTESIAN_POINT ( 'NONE',  ( 0.000000000000000000, 0.000000000000000000, 0.000000000000000000 ) ) ;
#1955 = DIRECTION ( 'NONE',  ( -0.000000000000000000, -0.000000000000000000, -1.000000000000000000 ) ) ;
#1956 = VERTEX_POINT ( 'NONE', #2114 ) ;
#1957 = LINE ( 'NONE', #491, #1746 ) ;
#1958 = ORIENTED_EDGE ( 'NONE', *, *, #1081, .F. ) ;
#1959 = CIRCLE ( 'NONE', #1408, 5.400000000000002132 ) ;
#1960 = DIRECTION ( 'NONE',  ( -1.000000000000000000, 0.000000000000000000, 0.000000000000000000 ) ) ;
#1961 = CARTESIAN_POINT ( 'NONE',  ( 0.000000000000000000, 0.000000000000000000, 7.000000000000000000 ) ) ;
#1962 = ADVANCED_FACE ( 'NONE', ( #642 ), #295, .T. ) ;
#1963 = CARTESIAN_POINT ( 'NONE',  ( -7.175366554901133945E-16, -4.000000000000000888, 0.000000000000000000 ) ) ;
#1964 = LINE ( 'NONE', #1319, #205 ) ;
#1965 = AXIS2_PLACEMENT_3D ( 'NONE', #1610, #2123, #119 ) ;
#1966 = ORIENTED_EDGE ( 'NONE', *, *, #758, .F. ) ;
#1967 = ORIENTED_EDGE ( 'NONE', *, *, #712, .F. ) ;
#1968 = DIRECTION ( 'NONE',  ( -0.7071067811865489050, 0.7071067811865462405, 0.000000000000000000 ) ) ;
#1969 = EDGE_CURVE ( 'NONE', #771, #1513, #1076, .T. ) ;
#1970 = DIRECTION ( 'NONE',  ( -0.000000000000000000, 0.000000000000000000, 1.000000000000000000 ) ) ;
#1971 = CIRCLE ( 'NONE', #1868, 5.399999999999999467 ) ;
#1972 = ORIENTED_EDGE ( 'NONE', *, *, #1909, .T. ) ;
#1973 = CIRCLE ( 'NONE', #107, 5.399999999999998579 ) ;
#1974 = EDGE_LOOP ( 'NONE', ( #889, #879, #1419, #1651 ) ) ;
#1975 = DIRECTION ( 'NONE',  ( -0.4999999999999985012, -0.8660254037844394848, 0.000000000000000000 ) ) ;
#1976 = CARTESIAN_POINT ( 'NONE',  ( 9.732558681926262167, 8.140374693055496991, 7.000000000000000000 ) ) ;
#1977 = DIRECTION ( 'NONE',  ( 1.000000000000000000, 0.000000000000000000, 0.000000000000000000 ) ) ;
#1978 = ADVANCED_FACE ( 'NONE', ( #1281 ), #650, .T. ) ;
#1979 = DIRECTION ( 'NONE',  ( -0.000000000000000000, 0.000000000000000000, 1.000000000000000000 ) ) ;
#1980 = ORIENTED_EDGE ( 'NONE', *, *, #116, .T. ) ;
#1981 = DIRECTION ( 'NONE',  ( -0.9659258262890719759, -0.2588190451025070282, 0.000000000000000000 ) ) ;
#1982 = VERTEX_POINT ( 'NONE', #1926 ) ;
#1983 = ORIENTED_EDGE ( 'NONE', *, *, #422, .T. ) ;
#1984 = CARTESIAN_POINT ( 'NONE',  ( -14.21172874258932417, -3.487085623701594361, 7.000000000000000000 ) ) ;
#1985 = LINE ( 'NONE', #519, #836 ) ;
#1986 = CIRCLE ( 'NONE', #1068, 3.500000000000000000 ) ;
#1987 = LINE ( 'NONE', #523, #1054 ) ;
#1988 = DIRECTION ( 'NONE',  ( -0.000000000000000000, -0.000000000000000000, -1.000000000000000000 ) ) ;
#1989 = ORIENTED_EDGE ( 'NONE', *, *, #798, .F. ) ;
#1990 = CYLINDRICAL_SURFACE ( 'NONE', #967, 1.750000000000000000 ) ;
#1991 = EDGE_CURVE ( 'NONE', #1166, #1361, #1964, .T. ) ;
#1992 = AXIS2_PLACEMENT_3D ( 'NONE', #680, #1174, #1332 ) ;
#1993 = ORIENTED_EDGE ( 'NONE', *, *, #32, .F. ) ;
#1994 = ADVANCED_FACE ( 'NONE', ( #121 ), #1801, .F. ) ;
#1995 = DIRECTION ( 'NONE',  ( -0.000000000000000000, 0.000000000000000000, 1.000000000000000000 ) ) ;
#1996 = VERTEX_POINT ( 'NONE', #984 ) ;
#1997 = AXIS2_PLACEMENT_3D ( 'NONE', #1518, #1808, #1679 ) ;
#1998 = DIRECTION ( 'NONE',  ( 0.7071067811865475727, 0.7071067811865475727, -0.000000000000000000 ) ) ;
#1999 = PRESENTATION_LAYER_ASSIGNMENT (  '', '', ( #1423 ) ) ;
#2000 = ORIENTED_EDGE ( 'NONE', *, *, #1761, .T. ) ;
#2001 = EDGE_CURVE ( 'NONE', #1434, #484, #1043, .T. ) ;
#2002 = AXIS2_PLACEMENT_3D ( 'NONE', #447, #1576, #1906 ) ;
#2003 = CIRCLE ( 'NONE', #703, 12.08999999999999986 ) ;
#2004 = DIRECTION ( 'NONE',  ( 1.000000000000000000, 0.000000000000000000, 0.000000000000000000 ) ) ;
#2005 = AXIS2_PLACEMENT_3D ( 'NONE', #1721, #1847, #716 ) ;
#2006 = CARTESIAN_POINT ( 'NONE',  ( 7.583467875173381501, 12.51495165736696258, 7.000000000000000000 ) ) ;
#2007 = EDGE_CURVE ( 'NONE', #1900, #1439, #1601, .T. ) ;
#2008 = DIRECTION ( 'NONE',  ( 1.000000000000000000, 0.000000000000000000, 0.000000000000000000 ) ) ;
#2009 = DIRECTION ( 'NONE',  ( -0.000000000000000000, -0.000000000000000000, -1.000000000000000000 ) ) ;
#2010 = ORIENTED_EDGE ( 'NONE', *, *, #72, .F. ) ;
#2011 = PLANE ( 'NONE',  #1571 ) ;
#2012 = ORIENTED_EDGE ( 'NONE', *, *, #2054, .T. ) ;
#2013 = FACE_OUTER_BOUND ( 'NONE', #842, .T. ) ;
#2014 = ORIENTED_EDGE ( 'NONE', *, *, #161, .T. ) ;
#2015 = DIRECTION ( 'NONE',  ( -0.000000000000000000, -0.000000000000000000, -1.000000000000000000 ) ) ;
#2016 = EDGE_CURVE ( 'NONE', #674, #908, #261, .T. ) ;
#2017 = CIRCLE ( 'NONE', #164, 4.000000000000003553 ) ;
#2018 = CARTESIAN_POINT ( 'NONE',  ( 32.50000000000000000, 2.143131898507872488E-16, 7.000000000000000000 ) ) ;
#2019 = ORIENTED_EDGE ( 'NONE', *, *, #1461, .T. ) ;
#2020 = CARTESIAN_POINT ( 'NONE',  ( 0.000000000000000000, 8.266365894244633347E-16, 0.000000000000000000 ) ) ;
#2021 = ORIENTED_EDGE ( 'NONE', *, *, #1504, .F. ) ;
#2022 = ORIENTED_EDGE ( 'NONE', *, *, #224, .F. ) ;
#2023 = VECTOR ( 'NONE', #462, 1000.000000000000000 ) ;
#2024 = DIRECTION ( 'NONE',  ( 1.000000000000000000, -1.766847984791192535E-15, 0.000000000000000000 ) ) ;
#2025 = ORIENTED_EDGE ( 'NONE', *, *, #22, .F. ) ;
#2026 = DIRECTION ( 'NONE',  ( 0.2588190451025185745, 0.9659258262890688673, 0.000000000000000000 ) ) ;
#2027 = ADVANCED_FACE ( 'NONE', ( #1832 ), #1034, .T. ) ;
#2028 = DIRECTION ( 'NONE',  ( -0.000000000000000000, -0.000000000000000000, -1.000000000000000000 ) ) ;
#2029 = ORIENTED_EDGE ( 'NONE', *, *, #732, .F. ) ;
#2030 = DIRECTION ( 'NONE',  ( -0.000000000000000000, 0.000000000000000000, 1.000000000000000000 ) ) ;
#2031 = PRODUCT_DEFINITION_SHAPE ( 'NONE', 'NONE',  #1530 ) ;
#2032 = PLANE ( 'NONE',  #2118 ) ;
#2033 = ADVANCED_FACE ( 'NONE', ( #1141 ), #1784, .T. ) ;
#2034 = VERTEX_POINT ( 'NONE', #1772 ) ;
#2035 = VERTEX_POINT ( 'NONE', #311 ) ;
#2036 = AXIS2_PLACEMENT_3D ( 'NONE', #566, #1383, #1685 ) ;
#2037 = VECTOR ( 'NONE', #742, 1000.000000000000000 ) ;
#2038 = ORIENTED_EDGE ( 'NONE', *, *, #884, .F. ) ;
#2039 = DIRECTION ( 'NONE',  ( 0.000000000000000000, 0.000000000000000000, 1.000000000000000000 ) ) ;
#2040 = VECTOR ( 'NONE', #865, 1000.000000000000000 ) ;
#2041 = ORIENTED_EDGE ( 'NONE', *, *, #1145, .F. ) ;
#2042 = CARTESIAN_POINT ( 'NONE',  ( -2.112960617221105064, 11.90392781522437815, 7.000000000000000000 ) ) ;
#2043 = CARTESIAN_POINT ( 'NONE',  ( -10.34497220875859114, 10.34497220875855206, 7.000000000000000000 ) ) ;
#2044 = DIRECTION ( 'NONE',  ( 0.000000000000000000, 0.000000000000000000, 1.000000000000000000 ) ) ;
#2045 = ORIENTED_EDGE ( 'NONE', *, *, #1842, .T. ) ;
#2046 = ORIENTED_EDGE ( 'NONE', *, *, #499, .F. ) ;
#2047 = CARTESIAN_POINT ( 'NONE',  ( -12.04518576029456156, 1.039999999998625357, 0.000000000000000000 ) ) ;
#2048 = VERTEX_POINT ( 'NONE', #493 ) ;
#2049 = FACE_OUTER_BOUND ( 'NONE', #2105, .T. ) ;
#2050 = VERTEX_POINT ( 'NONE', #238 ) ;
#2051 = CARTESIAN_POINT ( 'NONE',  ( 5.121926460211265741, 10.95143686171762987, 0.000000000000000000 ) ) ;
#2052 = CARTESIAN_POINT ( 'NONE',  ( 7.294045781913094828, 10.38196969615200338, 7.000000000000000000 ) ) ;
#2053 = ORIENTED_EDGE ( 'NONE', *, *, #1279, .F. ) ;
#2054 = EDGE_CURVE ( 'NONE', #456, #1209, #1555, .T. ) ;
#2055 = CIRCLE ( 'NONE', #922, 5.400000000000000355 ) ;
#2056 = ORIENTED_EDGE ( 'NONE', *, *, #399, .T. ) ;
#2057 = CARTESIAN_POINT ( 'NONE',  ( -14.21172874258998320, 3.487085623698982673, 0.000000000000000000 ) ) ;
#2058 = ORIENTED_EDGE ( 'NONE', *, *, #1320, .T. ) ;
#2059 = CARTESIAN_POINT ( 'NONE',  ( 0.000000000000000000, 8.266365894244633347E-16, 5.000000000000000000 ) ) ;
#2060 = AXIS2_PLACEMENT_3D ( 'NONE', #1578, #82, #2064 ) ;
#2061 = EDGE_CURVE ( 'NONE', #1513, #2127, #1887, .T. ) ;
#2062 = DIRECTION ( 'NONE',  ( 1.000000000000000000, 0.000000000000000000, 0.000000000000000000 ) ) ;
#2063 = LINE ( 'NONE', #1731, #109 ) ;
#2064 = DIRECTION ( 'NONE',  ( -1.000000000000000000, 0.000000000000000000, 0.000000000000000000 ) ) ;
#2065 = FACE_OUTER_BOUND ( 'NONE', #1107, .T. ) ;
#2066 = ORIENTED_EDGE ( 'NONE', *, *, #1436, .T. ) ;
#2067 = ADVANCED_FACE ( 'NONE', ( #1349 ), #10, .T. ) ;
#2068 = ORIENTED_EDGE ( 'NONE', *, *, #1969, .F. ) ;
#2069 = LINE ( 'NONE', #605, #167 ) ;
#2070 = CYLINDRICAL_SURFACE ( 'NONE', #772, 5.400000000000000355 ) ;
#2071 = ORIENTED_EDGE ( 'NONE', *, *, #291, .F. ) ;
#2072 = DIRECTION ( 'NONE',  ( -0.000000000000000000, 0.000000000000000000, 1.000000000000000000 ) ) ;
#2073 = AXIS2_PLACEMENT_3D ( 'NONE', #1321, #831, #1506 ) ;
#2074 = VECTOR ( 'NONE', #214, 1000.000000000000000 ) ;
#2075 = ADVANCED_FACE ( 'NONE', ( #1297 ), #301, .T. ) ;
#2076 = CARTESIAN_POINT ( 'NONE',  ( -9.252623584190111217, 7.781841479321518484, 7.000000000000000000 ) ) ;
#2077 = AXIS2_PLACEMENT_3D ( 'NONE', #1333, #655, #220 ) ;
#2078 = CARTESIAN_POINT ( 'NONE',  ( -1.750000000000000000, 2.143131898507868297E-16, 7.000000000000000000 ) ) ;
#2079 = LINE ( 'NONE', #2043, #1350 ) ;
#2080 = CYLINDRICAL_SURFACE ( 'NONE', #602, 5.400000000000000355 ) ;
#2081 = ORIENTED_EDGE ( 'NONE', *, *, #1761, .F. ) ;
#2082 = VERTEX_POINT ( 'NONE', #1846 ) ;
#2083 = CARTESIAN_POINT ( 'NONE',  ( 0.000000000000000000, 0.000000000000000000, 7.000000000000000000 ) ) ;
#2084 = ORIENTED_EDGE ( 'NONE', *, *, #899, .T. ) ;
#2085 = LINE ( 'NONE', #97, #357 ) ;
#2086 = EDGE_CURVE ( 'NONE', #910, #1251, #791, .T. ) ;
#2087 = CARTESIAN_POINT ( 'NONE',  ( -8.140374693054308608, 9.732558681924917465, 7.000000000000000000 ) ) ;
#2088 = FACE_OUTER_BOUND ( 'NONE', #323, .T. ) ;
#2089 = ORIENTED_EDGE ( 'NONE', *, *, #1071, .T. ) ;
#2090 = CIRCLE ( 'NONE', #683, 5.399999999999998579 ) ;
#2091 = EDGE_LOOP ( 'NONE', ( #1597, #2101, #284, #1537 ) ) ;
#2092 = VECTOR ( 'NONE', #142, 1000.000000000000000 ) ;
#2093 = DIRECTION ( 'NONE',  ( 0.8660254037844391517, -0.4999999999999991118, 0.000000000000000000 ) ) ;
#2094 = FACE_OUTER_BOUND ( 'NONE', #1535, .T. ) ;
#2095 = DIRECTION ( 'NONE',  ( -0.000000000000000000, -0.000000000000000000, -1.000000000000000000 ) ) ;
#2096 = ORIENTED_EDGE ( 'NONE', *, *, #876, .T. ) ;
#2097 = CARTESIAN_POINT ( 'NONE',  ( 3.500000000000000000, 8.266365894244633347E-16, 5.000000000000000000 ) ) ;
#2098 = EDGE_CURVE ( 'NONE', #100, #1335, #1150, .T. ) ;
#2099 = DIRECTION ( 'NONE',  ( -0.000000000000000000, -0.000000000000000000, -1.000000000000000000 ) ) ;
#2100 = DIRECTION ( 'NONE',  ( -1.000000000000000000, 0.000000000000000000, 0.000000000000000000 ) ) ;
#2101 = ORIENTED_EDGE ( 'NONE', *, *, #2016, .F. ) ;
#2102 = ADVANCED_FACE ( 'NONE', ( #189 ), #1815, .T. ) ;
#2103 = CARTESIAN_POINT ( 'NONE',  ( 1.125844095427628089, 12.63807238914437647, 7.000000000000000000 ) ) ;
#2104 = CIRCLE ( 'NONE', #1930, 5.399999999999999467 ) ;
#2105 = EDGE_LOOP ( 'NONE', ( #1814, #1666, #1509, #85 ) ) ;
#2106 = DIRECTION ( 'NONE',  ( -1.000000000000000000, 0.000000000000000000, 0.000000000000000000 ) ) ;
#2107 = DIRECTION ( 'NONE',  ( 1.000000000000000000, 5.461166498445505598E-15, 0.000000000000000000 ) ) ;
#2108 = ORIENTED_EDGE ( 'NONE', *, *, #1756, .T. ) ;
#2109 = FACE_OUTER_BOUND ( 'NONE', #402, .T. ) ;
#2110 = DIRECTION ( 'NONE',  ( -0.000000000000000000, 0.000000000000000000, 1.000000000000000000 ) ) ;
#2111 = CIRCLE ( 'NONE', #1389, 12.08999999999999986 ) ;
#2112 = CARTESIAN_POINT ( 'NONE',  ( 0.000000000000000000, 0.000000000000000000, 7.000000000000000000 ) ) ;
#2113 = CIRCLE ( 'NONE', #1768, 12.08999999999999986 ) ;
#2114 = CARTESIAN_POINT ( 'NONE',  ( -11.90392781522405130, -2.112960617222941373, 7.000000000000000000 ) ) ;
#2115 = CARTESIAN_POINT ( 'NONE',  ( 0.000000000000000000, 0.000000000000000000, 7.000000000000000000 ) ) ;
#2116 = CIRCLE ( 'NONE', #944, 5.399999999999999467 ) ;
#2117 = VERTEX_POINT ( 'NONE', #1514 ) ;
#2118 = AXIS2_PLACEMENT_3D ( 'NONE', #230, #408, #239 ) ;
#2119 = FACE_OUTER_BOUND ( 'NONE', #1547, .T. ) ;
#2120 = VERTEX_POINT ( 'NONE', #206 ) ;
#2121 = ADVANCED_FACE ( 'NONE', ( #342 ), #1990, .F. ) ;
#2122 = CARTESIAN_POINT ( 'NONE',  ( -12.66995165736543250, 7.314999999999448832, 7.000000000000000000 ) ) ;
#2123 = DIRECTION ( 'NONE',  ( -0.000000000000000000, 0.000000000000000000, 1.000000000000000000 ) ) ;
#2124 = CARTESIAN_POINT ( 'NONE',  ( -1.125844095427459335, 12.63807238914439068, 7.000000000000000000 ) ) ;
#2125 = ORIENTED_EDGE ( 'NONE', *, *, #1817, .F. ) ;
#2126 = DIRECTION ( 'NONE',  ( -0.000000000000000000, -0.000000000000000000, -1.000000000000000000 ) ) ;
#2127 = VERTEX_POINT ( 'NONE', #536 ) ;
#2128 = ADVANCED_FACE ( 'NONE', ( #2094 ), #1184, .T. ) ;
#2129 = AXIS2_PLACEMENT_3D ( 'NONE', #1139, #1091, #1736 ) ;
#2130 = AXIS2_PLACEMENT_3D ( 'NONE', #998, #468, #526 ) ;
#2131 = CARTESIAN_POINT ( 'NONE',  ( 30.75000000000000000, 0.000000000000000000, 7.000000000000000000 ) ) ;
#2132 = DIRECTION ( 'NONE',  ( 1.000000000000000000, 0.000000000000000000, 0.000000000000000000 ) ) ;
#2133 = CIRCLE ( 'NONE', #1244, 12.08999999999999986 ) ;
#2134 = VERTEX_POINT ( 'NONE', #1199 ) ;
#2135 = ORIENTED_EDGE ( 'NONE', *, *, #581, .T. ) ;
#2136 = CARTESIAN_POINT ( 'NONE',  ( -2.183491939546314597, 12.49883040889754859, 7.000000000000000000 ) ) ;
#2137 = DIRECTION ( 'NONE',  ( 0.000000000000000000, -0.000000000000000000, -1.000000000000000000 ) ) ;
#2138 = EDGE_CURVE ( 'NONE', #702, #1219, #1345, .T. ) ;
#2139 = ADVANCED_FACE ( 'NONE', ( #1833 ), #361, .T. ) ;
#2140 = AXIS2_PLACEMENT_3D ( 'NONE', #2083, #326, #1630 ) ;
#2141 = CARTESIAN_POINT ( 'NONE',  ( 12.82495165736703235, 7.046532124827886712, 7.000000000000000000 ) ) ;
#2142 = DIRECTION ( 'NONE',  ( -1.000000000000000000, 0.000000000000000000, 0.000000000000000000 ) ) ;
#2143 = CARTESIAN_POINT ( 'NONE',  ( -9.252623584190111217, 7.781841479321518484, 7.000000000000000000 ) ) ;
#2144 = CIRCLE ( 'NONE', #1257, 1.750000000000000000 ) ;
#2145 = ORIENTED_EDGE ( 'NONE', *, *, #689, .T. ) ;
ENDSEC;
END-ISO-10303-21;
