ISO-10303-21;
HEADER;
FILE_DESCRIPTION (( 'STEP AP214' ),
    '1' );
FILE_NAME ('Gripper First Link.STEP',
    '2026-08-26T09:56:52',
    ( '' ),
    ( '' ),
    'SwSTEP 2.0',
    'SolidWorks 2025',
    '' );
FILE_SCHEMA (( 'AUTOMOTIVE_DESIGN' ));
ENDSEC;

DATA;
#1 = ORIENTED_EDGE ( 'NONE', *, *, #2682, .T. ) ;
#2 = DIRECTION ( 'NONE',  ( 0.000000000000000000, -1.000000000000000000, 0.000000000000000000 ) ) ;
#3 = LINE ( 'NONE', #1731, #1082 ) ;
#4 = VERTEX_POINT ( 'NONE', #1837 ) ;
#5 = FACE_OUTER_BOUND ( 'NONE', #2002, .T. ) ;
#6 = DIRECTION ( 'NONE',  ( 0.000000000000000000, 0.000000000000000000, -1.000000000000000000 ) ) ;
#7 = ORIENTED_EDGE ( 'NONE', *, *, #491, .T. ) ;
#8 = AXIS2_PLACEMENT_3D ( 'NONE', #2386, #3111, #2137 ) ;
#9 = EDGE_CURVE ( 'NONE', #1109, #1275, #2260, .T. ) ;
#10 = EDGE_CURVE ( 'NONE', #514, #1512, #1859, .T. ) ;
#11 = DIRECTION ( 'NONE',  ( 0.000000000000000000, -1.000000000000000000, 0.000000000000000000 ) ) ;
#12 = VECTOR ( 'NONE', #1589, 1000.000000000000000 ) ;
#13 = DIRECTION ( 'NONE',  ( -0.000000000000000000, 1.000000000000000000, -0.000000000000000000 ) ) ;
#14 = DIRECTION ( 'NONE',  ( 0.000000000000000000, 0.000000000000000000, 1.000000000000000000 ) ) ;
#15 = FACE_OUTER_BOUND ( 'NONE', #666, .T. ) ;
#16 = VERTEX_POINT ( 'NONE', #1482 ) ;
#17 = ORIENTED_EDGE ( 'NONE', *, *, #1744, .F. ) ;
#18 = VECTOR ( 'NONE', #1322, 1000.000000000000000 ) ;
#19 = DIRECTION ( 'NONE',  ( 0.000000000000000000, 0.000000000000000000, -1.000000000000000000 ) ) ;
#20 = CARTESIAN_POINT ( 'NONE',  ( 8.050000000000006040, 1.500000000000001332, 0.9500000000000043965 ) ) ;
#21 = LINE ( 'NONE', #1976, #2913 ) ;
#22 = VECTOR ( 'NONE', #2608, 1000.000000000000000 ) ;
#23 = EDGE_LOOP ( 'NONE', ( #3142, #2592, #2509, #93 ) ) ;
#24 = CIRCLE ( 'NONE', #2492, 5.999999999999998224 ) ;
#25 = AXIS2_PLACEMENT_3D ( 'NONE', #760, #987, #1479 ) ;
#26 = CARTESIAN_POINT ( 'NONE',  ( 23.07106781186546129, 3.999999999999993339, -20.37906892838400097 ) ) ;
#27 = CARTESIAN_POINT ( 'NONE',  ( -3.099999999999976996, 8.000000000000000000, -49.37755881436179806 ) ) ;
#28 = FACE_OUTER_BOUND ( 'NONE', #2039, .T. ) ;
#29 = APPLICATION_CONTEXT ( 'automotive_design' ) ;
#30 = VECTOR ( 'NONE', #89, 1000.000000000000000 ) ;
#31 = FACE_OUTER_BOUND ( 'NONE', #2931, .T. ) ;
#32 = CARTESIAN_POINT ( 'NONE',  ( -0.4975707134926600217, 0.000000000000000000, 17.51658096971817358 ) ) ;
#33 = ORIENTED_EDGE ( 'NONE', *, *, #2914, .F. ) ;
#34 = CARTESIAN_POINT ( 'NONE',  ( -2.138757095113399398, 5.889033269384849945, -14.49003565899915635 ) ) ;
#35 = LINE ( 'NONE', #1044, #857 ) ;
#36 = ORIENTED_EDGE ( 'NONE', *, *, #2613, .F. ) ;
#37 = ORIENTED_EDGE ( 'NONE', *, *, #2846, .F. ) ;
#38 = VERTEX_POINT ( 'NONE', #1103 ) ;
#39 = EDGE_CURVE ( 'NONE', #2968, #2442, #1648, .T. ) ;
#40 = LINE ( 'NONE', #2558, #2015 ) ;
#41 = DIRECTION ( 'NONE',  ( 0.000000000000000000, 1.000000000000000000, 0.000000000000000000 ) ) ;
#42 = EDGE_CURVE ( 'NONE', #966, #658, #219, .T. ) ;
#43 = FACE_BOUND ( 'NONE', #2044, .T. ) ;
#44 = ORIENTED_EDGE ( 'NONE', *, *, #1089, .F. ) ;
#45 = CARTESIAN_POINT ( 'NONE',  ( 11.00151011402221535, 1.000000000000000888, -25.37755881436180161 ) ) ;
#46 = CARTESIAN_POINT ( 'NONE',  ( -0.5999999999999868772, 16.00000000000000000, -41.37755881436179806 ) ) ;
#47 = DIRECTION ( 'NONE',  ( 1.000000000000000000, 0.000000000000000000, -1.445602896647338917E-16 ) ) ;
#48 = CARTESIAN_POINT ( 'NONE',  ( -7.998489885977767777, 0.000000000000000000, -57.37755881436179806 ) ) ;
#49 = EDGE_CURVE ( 'NONE', #2552, #881, #485, .T. ) ;
#50 = DIRECTION ( 'NONE',  ( -0.7071067811865489050, 0.000000000000000000, 0.7071067811865462405 ) ) ;
#51 = EDGE_CURVE ( 'NONE', #580, #1937, #239, .T. ) ;
#52 = ORIENTED_EDGE ( 'NONE', *, *, #2870, .F. ) ;
#53 = EDGE_CURVE ( 'NONE', #1206, #1109, #2483, .T. ) ;
#54 = DIRECTION ( 'NONE',  ( 0.000000000000000000, -1.000000000000000000, 0.000000000000000000 ) ) ;
#55 = FACE_OUTER_BOUND ( 'NONE', #1065, .T. ) ;
#56 = CARTESIAN_POINT ( 'NONE',  ( -7.257419101616729762, 0.000000000000000000, 1.750000000000006439 ) ) ;
#57 = ORIENTED_EDGE ( 'NONE', *, *, #366, .T. ) ;
#58 = VERTEX_POINT ( 'NONE', #1508 ) ;
#59 = DIRECTION ( 'NONE',  ( -0.7071067811865462405, 0.000000000000000000, -0.7071067811865489050 ) ) ;
#60 = CARTESIAN_POINT ( 'NONE',  ( 17.95242928650733916, 0.000000000000000000, 37.37244118563049966 ) ) ;
#61 = CARTESIAN_POINT ( 'NONE',  ( 36.30000000000001847, 0.000000000000000000, -10.37906892838400452 ) ) ;
#62 = ORIENTED_EDGE ( 'NONE', *, *, #1809, .T. ) ;
#63 = DIRECTION ( 'NONE',  ( -0.000000000000000000, 1.000000000000000000, -0.000000000000000000 ) ) ;
#64 = TOROIDAL_SURFACE ( 'NONE', #1336, 7.691287847477918937, 2.500000000000000000 ) ;
#65 = VERTEX_POINT ( 'NONE', #1464 ) ;
#66 = VECTOR ( 'NONE', #2666, 1000.000000000000000 ) ;
#67 = DIRECTION ( 'NONE',  ( 0.000000000000000000, -1.000000000000000000, 0.000000000000000000 ) ) ;
#68 = ORIENTED_EDGE ( 'NONE', *, *, #998, .F. ) ;
#69 = CIRCLE ( 'NONE', #3160, 1.749999999995848654 ) ;
#70 = DIRECTION ( 'NONE',  ( -1.000000000000000000, 0.000000000000000000, 0.000000000000000000 ) ) ;
#71 = DIRECTION ( 'NONE',  ( 0.000000000000000000, 0.000000000000000000, -1.000000000000000000 ) ) ;
#72 = ORIENTED_EDGE ( 'NONE', *, *, #910, .F. ) ;
#73 = FACE_OUTER_BOUND ( 'NONE', #1445, .T. ) ;
#74 = AXIS2_PLACEMENT_3D ( 'NONE', #84, #63, #2389 ) ;
#75 = ORIENTED_EDGE ( 'NONE', *, *, #2482, .F. ) ;
#76 = PRESENTATION_LAYER_ASSIGNMENT (  '', '', ( #2647 ) ) ;
#77 = ORIENTED_EDGE ( 'NONE', *, *, #1592, .T. ) ;
#78 = FACE_OUTER_BOUND ( 'NONE', #1635, .T. ) ;
#79 = DIRECTION ( 'NONE',  ( 1.000000000000000000, 3.097720492815727659E-17, -0.000000000000000000 ) ) ;
#80 = CIRCLE ( 'NONE', #873, 5.000000000000000888 ) ;
#81 = CIRCLE ( 'NONE', #1562, 1.300000000000002487 ) ;
#82 = ORIENTED_EDGE ( 'NONE', *, *, #1343, .F. ) ;
#83 = EDGE_CURVE ( 'NONE', #1261, #1525, #751, .T. ) ;
#84 = CARTESIAN_POINT ( 'NONE',  ( 7.952429286507339157, 5.000000000000000000, 35.62244118563819484 ) ) ;
#85 = EDGE_CURVE ( 'NONE', #1054, #303, #2904, .T. ) ;
#86 = VECTOR ( 'NONE', #13, 1000.000000000000000 ) ;
#87 = ADVANCED_FACE ( 'NONE', ( #2678 ), #1204, .T. ) ;
#88 = VERTEX_POINT ( 'NONE', #1958 ) ;
#89 = DIRECTION ( 'NONE',  ( 0.000000000000000000, 0.7071067811865474617, -0.7071067811865475727 ) ) ;
#90 = ORIENTED_EDGE ( 'NONE', *, *, #2914, .T. ) ;
#91 = DIRECTION ( 'NONE',  ( 0.000000000000000000, 0.000000000000000000, -1.000000000000000000 ) ) ;
#92 = DIRECTION ( 'NONE',  ( 0.000000000000000000, -1.000000000000000000, 0.000000000000000000 ) ) ;
#93 = ORIENTED_EDGE ( 'NONE', *, *, #3208, .F. ) ;
#94 = CARTESIAN_POINT ( 'NONE',  ( -8.099999999999985434, 17.30000000000000071, -41.37755881436179806 ) ) ;
#95 = ORIENTED_EDGE ( 'NONE', *, *, #1051, .F. ) ;
#96 = ORIENTED_EDGE ( 'NONE', *, *, #937, .F. ) ;
#97 = PLANE ( 'NONE',  #137 ) ;
#98 =( LENGTH_UNIT ( ) NAMED_UNIT ( * ) SI_UNIT ( .MILLI., .METRE. ) );
#99 = ORIENTED_EDGE ( 'NONE', *, *, #1116, .F. ) ;
#100 = CARTESIAN_POINT ( 'NONE',  ( 38.30000000000001137, 7.500000000000000000, -15.37906892838400630 ) ) ;
#101 = ADVANCED_FACE ( 'NONE', ( #2193, #707, #2710, #2484, #1476, #198, #2203 ), #1003, .T. ) ;
#102 = VERTEX_POINT ( 'NONE', #1227 ) ;
#103 = EDGE_CURVE ( 'NONE', #474, #1095, #983, .T. ) ;
#104 = EDGE_CURVE ( 'NONE', #470, #384, #226, .T. ) ;
#105 = CARTESIAN_POINT ( 'NONE',  ( 28.40000000000000924, 1.500000000000000000, -6.499999999999994671 ) ) ;
#106 = FACE_BOUND ( 'NONE', #3061, .T. ) ;
#107 = VERTEX_POINT ( 'NONE', #2468 ) ;
#108 = DIRECTION ( 'NONE',  ( 1.734723475976807686E-15, 0.000000000000000000, -1.000000000000000000 ) ) ;
#109 = DIRECTION ( 'NONE',  ( 0.000000000000000000, -1.000000000000000000, 0.000000000000000000 ) ) ;
#110 = CARTESIAN_POINT ( 'NONE',  ( -3.099999999999982325, 32.00000000000000000, -49.37755881436179806 ) ) ;
#111 = ADVANCED_FACE ( 'NONE', ( #2953 ), #209, .T. ) ;
#112 = EDGE_LOOP ( 'NONE', ( #617, #1342, #75, #2412 ) ) ;
#113 = CARTESIAN_POINT ( 'NONE',  ( 38.30000000000001137, 5.000000000000000000, -13.84317054352174203 ) ) ;
#114 = ORIENTED_EDGE ( 'NONE', *, *, #163, .T. ) ;
#115 = CARTESIAN_POINT ( 'NONE',  ( 16.90000000000000568, 1.500000000000000000, -5.399999999999994138 ) ) ;
#116 = EDGE_CURVE ( 'NONE', #1948, #3231, #69, .T. ) ;
#117 = ORIENTED_EDGE ( 'NONE', *, *, #2774, .F. ) ;
#118 = VECTOR ( 'NONE', #2438, 1000.000000000000000 ) ;
#119 = PLANE ( 'NONE',  #1174 ) ;
#120 = ORIENTED_EDGE ( 'NONE', *, *, #1981, .F. ) ;
#121 = AXIS2_PLACEMENT_3D ( 'NONE', #1386, #1158, #1404 ) ;
#122 = DIRECTION ( 'NONE',  ( 0.000000000000000000, 0.000000000000000000, -1.000000000000000000 ) ) ;
#123 = DIRECTION ( 'NONE',  ( -1.000000000000000000, 0.000000000000000000, 1.445602896647338917E-16 ) ) ;
#124 = CARTESIAN_POINT ( 'NONE',  ( 0.000000000000000000, 7.500000000000000000, 12.87906892838402761 ) ) ;
#125 = EDGE_LOOP ( 'NONE', ( #1610, #2524 ) ) ;
#126 = VERTEX_POINT ( 'NONE', #1259 ) ;
#127 = LINE ( 'NONE', #1419, #2799 ) ;
#128 = CARTESIAN_POINT ( 'NONE',  ( -18.35240041031786618, 21.09999999999999787, -41.37755881436179806 ) ) ;
#129 = CARTESIAN_POINT ( 'NONE',  ( 0.000000000000000000, 5.000000000000000000, 0.000000000000000000 ) ) ;
#130 = AXIS2_PLACEMENT_3D ( 'NONE', #164, #1424, #1954 ) ;
#131 = EDGE_LOOP ( 'NONE', ( #1941, #1986, #2173, #33 ) ) ;
#132 = LINE ( 'NONE', #1150, #1591 ) ;
#133 = VECTOR ( 'NONE', #2126, 1000.000000000000000 ) ;
#134 = DIRECTION ( 'NONE',  ( 1.000000000000000000, 3.097720492815727659E-17, -0.000000000000000000 ) ) ;
#135 = AXIS2_PLACEMENT_3D ( 'NONE', #3058, #2609, #2564 ) ;
#136 = DIRECTION ( 'NONE',  ( 0.7071067811865464625, -0.7071067811865485719, 0.000000000000000000 ) ) ;
#137 = AXIS2_PLACEMENT_3D ( 'NONE', #818, #3108, #2827 ) ;
#138 = EDGE_LOOP ( 'NONE', ( #779, #1276, #466, #614 ) ) ;
#139 = VECTOR ( 'NONE', #1747, 1000.000000000000000 ) ;
#140 = DIRECTION ( 'NONE',  ( 0.000000000000000000, 0.000000000000000000, -1.000000000000000000 ) ) ;
#141 = VERTEX_POINT ( 'NONE', #277 ) ;
#142 = CARTESIAN_POINT ( 'NONE',  ( 33.20174145712110203, 7.500000000000000000, -14.48913718705239972 ) ) ;
#143 = EDGE_LOOP ( 'NONE', ( #1634, #894, #1122, #211 ) ) ;
#144 = VERTEX_POINT ( 'NONE', #3016 ) ;
#145 = EDGE_CURVE ( 'NONE', #2253, #2409, #1296, .T. ) ;
#146 = CARTESIAN_POINT ( 'NONE',  ( -8.099999999999985434, 8.279999999999999361, -41.37755881436179806 ) ) ;
#147 = LINE ( 'NONE', #2887, #918 ) ;
#148 = CARTESIAN_POINT ( 'NONE',  ( 39.63554328826866424, 5.000000000000000000, 21.67207789034361198 ) ) ;
#149 = DIRECTION ( 'NONE',  ( -0.5546992156114056716, 0.000000000000000000, 0.8320509480795579282 ) ) ;
#150 = CARTESIAN_POINT ( 'NONE',  ( 36.30000000000001847, 1.000000000000000888, -15.37906892838400452 ) ) ;
#151 = EDGE_LOOP ( 'NONE', ( #2908, #2437, #788, #604, #2102 ) ) ;
#152 = DIRECTION ( 'NONE',  ( -0.4850705943202059944, 0.4850705943202058834, 0.7276077494444959104 ) ) ;
#153 = DIRECTION ( 'NONE',  ( 2.676624113323589071E-16, -1.000000000000000000, 0.000000000000000000 ) ) ;
#154 = EDGE_CURVE ( 'NONE', #3088, #670, #261, .T. ) ;
#155 = ORIENTED_EDGE ( 'NONE', *, *, #2873, .F. ) ;
#156 = EDGE_CURVE ( 'NONE', #1546, #2809, #1313, .T. ) ;
#157 = CARTESIAN_POINT ( 'NONE',  ( -6.880837737771043017, -1.117652148206724094, -22.55402982672157108 ) ) ;
#158 = DIRECTION ( 'NONE',  ( -3.212450881438532364E-17, 1.000000000000000000, 0.000000000000000000 ) ) ;
#159 = CARTESIAN_POINT ( 'NONE',  ( -10.99848988597778465, 4.295008597176016352, -15.84570058047995289 ) ) ;
#160 = PLANE ( 'NONE',  #1917 ) ;
#161 = CARTESIAN_POINT ( 'NONE',  ( 8.050000000000006040, 1.500000000000001332, 5.204170427930421283E-15 ) ) ;
#162 = ORIENTED_EDGE ( 'NONE', *, *, #1714, .T. ) ;
#163 = EDGE_CURVE ( 'NONE', #733, #271, #1131, .T. ) ;
#164 = CARTESIAN_POINT ( 'NONE',  ( 17.95242928650733916, 9.949747468294097175, 35.62244118563819484 ) ) ;
#165 = FACE_OUTER_BOUND ( 'NONE', #1874, .T. ) ;
#166 = CARTESIAN_POINT ( 'NONE',  ( -10.99848988597778465, 8.000000000000000000, -49.37755881436179806 ) ) ;
#167 = ORIENTED_EDGE ( 'NONE', *, *, #39, .F. ) ;
#168 = EDGE_LOOP ( 'NONE', ( #2643, #573, #227, #338 ) ) ;
#169 = LINE ( 'NONE', #2161, #3005 ) ;
#170 = LINE ( 'NONE', #3191, #1395 ) ;
#171 = CARTESIAN_POINT ( 'NONE',  ( -0.5999999999999948708, 7.500000000000000000, -12.87906892838401163 ) ) ;
#172 = AXIS2_PLACEMENT_3D ( 'NONE', #3068, #3050, #2298 ) ;
#173 = CARTESIAN_POINT ( 'NONE',  ( -12.25741910161672976, 1.000000000000000888, 19.40242819735833635 ) ) ;
#174 = AXIS2_PLACEMENT_3D ( 'NONE', #2335, #1324, #2612 ) ;
#175 = ORIENTED_EDGE ( 'NONE', *, *, #440, .T. ) ;
#176 = EDGE_CURVE ( 'NONE', #107, #3121, #1915, .T. ) ;
#177 = AXIS2_PLACEMENT_3D ( 'NONE', #2889, #638, #1645 ) ;
#178 = DIRECTION ( 'NONE',  ( 1.000000000000000000, 0.000000000000000000, -1.445602896647338917E-16 ) ) ;
#179 = VECTOR ( 'NONE', #671, 1000.000000000000000 ) ;
#180 = ORIENTED_EDGE ( 'NONE', *, *, #49, .T. ) ;
#181 = VECTOR ( 'NONE', #70, 1000.000000000000000 ) ;
#182 = AXIS2_PLACEMENT_3D ( 'NONE', #124, #1138, #2128 ) ;
#183 = VECTOR ( 'NONE', #1944, 1000.000000000000114 ) ;
#184 = DIRECTION ( 'NONE',  ( 0.000000000000000000, 0.000000000000000000, -1.000000000000000000 ) ) ;
#185 = LINE ( 'NONE', #664, #1953 ) ;
#186 = ORIENTED_EDGE ( 'NONE', *, *, #1980, .T. ) ;
#187 = CIRCLE ( 'NONE', #1032, 2.599999999999998312 ) ;
#188 = ORIENTED_EDGE ( 'NONE', *, *, #1132, .T. ) ;
#189 = DIRECTION ( 'NONE',  ( 0.000000000000000000, 1.000000000000000000, 0.000000000000000000 ) ) ;
#190 = DIRECTION ( 'NONE',  ( 0.000000000000000000, 0.000000000000000000, -1.000000000000000000 ) ) ;
#191 = DIRECTION ( 'NONE',  ( 0.000000000000000000, 0.000000000000000000, -1.000000000000000000 ) ) ;
#192 = CARTESIAN_POINT ( 'NONE',  ( -8.099999999999985434, 18.50000000000000355, -41.37755881436179806 ) ) ;
#193 = EDGE_CURVE ( 'NONE', #1794, #562, #35, .T. ) ;
#194 = FACE_OUTER_BOUND ( 'NONE', #2281, .T. ) ;
#195 = EDGE_CURVE ( 'NONE', #363, #1320, #2036, .T. ) ;
#196 = ORIENTED_EDGE ( 'NONE', *, *, #2314, .F. ) ;
#197 = EDGE_CURVE ( 'NONE', #940, #568, #1024, .T. ) ;
#198 = FACE_BOUND ( 'NONE', #2421, .T. ) ;
#199 = VERTEX_POINT ( 'NONE', #512 ) ;
#200 = ORIENTED_EDGE ( 'NONE', *, *, #2495, .T. ) ;
#201 = DIRECTION ( 'NONE',  ( 0.000000000000000000, -1.000000000000000000, 0.000000000000000000 ) ) ;
#202 = FACE_OUTER_BOUND ( 'NONE', #3190, .T. ) ;
#203 = DIRECTION ( 'NONE',  ( 1.000000000000000000, 0.000000000000000000, -3.771137991253927957E-17 ) ) ;
#204 = PLANE ( 'NONE',  #1439 ) ;
#205 = CARTESIAN_POINT ( 'NONE',  ( 40.30000000000000426, 5.000000000000000000, -10.37906892838400452 ) ) ;
#206 = EDGE_CURVE ( 'NONE', #553, #2730, #1010, .T. ) ;
#207 = ORIENTED_EDGE ( 'NONE', *, *, #2869, .T. ) ;
#208 = CARTESIAN_POINT ( 'NONE',  ( -8.099999999999985434, 8.279999999999999361, -41.37755881436179806 ) ) ;
#209 = PLANE ( 'NONE',  #2690 ) ;
#210 = ORIENTED_EDGE ( 'NONE', *, *, #1177, .F. ) ;
#211 = ORIENTED_EDGE ( 'NONE', *, *, #83, .F. ) ;
#212 = CIRCLE ( 'NONE', #642, 2.500000000000011102 ) ;
#213 = ADVANCED_FACE ( 'NONE', ( #15 ), #525, .T. ) ;
#214 = CARTESIAN_POINT ( 'NONE',  ( 3.478373297732397784, 0.000000000000000000, 35.62244118563819484 ) ) ;
#215 = VECTOR ( 'NONE', #123, 1000.000000000000000 ) ;
#216 = CIRCLE ( 'NONE', #953, 3.999999999999982681 ) ;
#217 = DIRECTION ( 'NONE',  ( -1.000000000000000000, 0.000000000000000000, 0.000000000000000000 ) ) ;
#218 = FACE_OUTER_BOUND ( 'NONE', #2090, .T. ) ;
#219 = LINE ( 'NONE', #1517, #594 ) ;
#220 = AXIS2_PLACEMENT_3D ( 'NONE', #506, #2974, #2477 ) ;
#221 = LINE ( 'NONE', #2050, #1139 ) ;
#222 = VECTOR ( 'NONE', #2688, 999.9999999999998863 ) ;
#223 = EDGE_CURVE ( 'NONE', #2577, #616, #2903, .T. ) ;
#224 = VERTEX_POINT ( 'NONE', #2559 ) ;
#225 = CARTESIAN_POINT ( 'NONE',  ( 23.07106781186546129, 5.000000000000000000, -15.37906892838400275 ) ) ;
#226 = LINE ( 'NONE', #692, #2844 ) ;
#227 = ORIENTED_EDGE ( 'NONE', *, *, #759, .T. ) ;
#228 = CIRCLE ( 'NONE', #2744, 13.49999999999999822 ) ;
#229 = CIRCLE ( 'NONE', #1755, 3.999999999999982681 ) ;
#230 = EDGE_LOOP ( 'NONE', ( #1504, #2655, #1477, #908 ) ) ;
#231 = AXIS2_PLACEMENT_3D ( 'NONE', #2507, #1977, #1468 ) ;
#232 = DIRECTION ( 'NONE',  ( 0.000000000000000000, 1.000000000000000000, 0.000000000000000000 ) ) ;
#233 = DIRECTION ( 'NONE',  ( -0.000000000000000000, -1.000000000000000000, -0.000000000000000000 ) ) ;
#234 = ORIENTED_EDGE ( 'NONE', *, *, #2294, .F. ) ;
#235 = EDGE_CURVE ( 'NONE', #3231, #1948, #2003, .T. ) ;
#236 = EDGE_CURVE ( 'NONE', #2351, #141, #2993, .T. ) ;
#237 = DIRECTION ( 'NONE',  ( -0.000000000000000000, -0.8028067944157775138, 0.5962392563726943706 ) ) ;
#238 = LINE ( 'NONE', #2508, #2221 ) ;
#239 = LINE ( 'NONE', #1014, #2996 ) ;
#240 = CARTESIAN_POINT ( 'NONE',  ( 8.050000000000006040, 7.500000000000000000, 5.204170427930421283E-15 ) ) ;
#241 = CARTESIAN_POINT ( 'NONE',  ( 44.99999999999998579, 1.000000000000000888, -15.37906892838400630 ) ) ;
#242 = DIRECTION ( 'NONE',  ( 1.000000000000000000, -0.000000000000000000, 0.000000000000000000 ) ) ;
#243 = EDGE_LOOP ( 'NONE', ( #2698, #2518, #1828, #3079 ) ) ;
#244 = DIRECTION ( 'NONE',  ( -0.000000000000000000, -1.000000000000000000, -0.000000000000000000 ) ) ;
#245 = DIRECTION ( 'NONE',  ( 0.000000000000000000, 0.000000000000000000, -1.000000000000000000 ) ) ;
#246 = ORIENTED_EDGE ( 'NONE', *, *, #2418, .F. ) ;
#247 = VERTEX_POINT ( 'NONE', #332 ) ;
#248 = CARTESIAN_POINT ( 'NONE',  ( -18.35240041031786618, 6.979999999999997762, -41.37755881436179806 ) ) ;
#249 = EDGE_CURVE ( 'NONE', #2561, #363, #1181, .T. ) ;
#250 = CARTESIAN_POINT ( 'NONE',  ( 17.95242928650733916, 9.949747468294097175, 35.62244118563819484 ) ) ;
#251 = ADVANCED_FACE ( 'NONE', ( #55 ), #3204, .T. ) ;
#252 = ORIENTED_EDGE ( 'NONE', *, *, #3216, .F. ) ;
#253 = CARTESIAN_POINT ( 'NONE',  ( -0.5999999999999869882, 2.499999999999981348, -49.37755881436179806 ) ) ;
#254 = DIRECTION ( 'NONE',  ( 0.000000000000000000, 0.000000000000000000, -1.000000000000000000 ) ) ;
#255 = VERTEX_POINT ( 'NONE', #1836 ) ;
#256 = ADVANCED_FACE ( 'NONE', ( #2603 ), #3099, .T. ) ;
#257 = CARTESIAN_POINT ( 'NONE',  ( 38.30000000000000426, 6.528254329698326863, -13.22018210168985597 ) ) ;
#258 = DIRECTION ( 'NONE',  ( 0.000000000000000000, -1.000000000000000000, 0.000000000000000000 ) ) ;
#259 = DIRECTION ( 'NONE',  ( 0.000000000000000000, 0.000000000000000000, -1.000000000000000000 ) ) ;
#260 = DIRECTION ( 'NONE',  ( -0.000000000000000000, -1.000000000000000000, 0.000000000000000000 ) ) ;
#261 = LINE ( 'NONE', #1791, #1697 ) ;
#262 = EDGE_LOOP ( 'NONE', ( #420, #3150, #2366, #77 ) ) ;
#263 = ORIENTED_EDGE ( 'NONE', *, *, #2886, .F. ) ;
#264 = LINE ( 'NONE', #3003, #1811 ) ;
#265 = DIRECTION ( 'NONE',  ( 0.000000000000000000, 0.000000000000000000, -1.000000000000000000 ) ) ;
#266 = AXIS2_PLACEMENT_3D ( 'NONE', #1113, #67, #140 ) ;
#267 = ORIENTED_EDGE ( 'NONE', *, *, #668, .T. ) ;
#268 = DIRECTION ( 'NONE',  ( 0.000000000000000000, 0.000000000000000000, -1.000000000000000000 ) ) ;
#269 = CARTESIAN_POINT ( 'NONE',  ( -0.5999999999999907629, 5.000000000000000888, -14.48913718705239972 ) ) ;
#270 = CARTESIAN_POINT ( 'NONE',  ( 40.30000000000001847, 0.000000000000000000, -10.37906892838400452 ) ) ;
#271 = VERTEX_POINT ( 'NONE', #20 ) ;
#272 = CARTESIAN_POINT ( 'NONE',  ( 38.30000000000000426, 6.736705576094865755, -12.96339642246118373 ) ) ;
#273 = DIRECTION ( 'NONE',  ( 0.000000000000000000, 0.000000000000000000, 1.000000000000000000 ) ) ;
#274 = ADVANCED_FACE ( 'NONE', ( #1796, #2058, #2026, #2274, #1607 ), #1031, .F. ) ;
#275 = ADVANCED_FACE ( 'NONE', ( #2840, #579, #2772, #2807 ), #565, .F. ) ;
#276 = LINE ( 'NONE', #2782, #876 ) ;
#277 = CARTESIAN_POINT ( 'NONE',  ( -10.99848988597778465, 18.50000000000000355, -41.37755881436179806 ) ) ;
#278 = EDGE_LOOP ( 'NONE', ( #1384, #2736, #1683, #606 ) ) ;
#279 = ORIENTED_EDGE ( 'NONE', *, *, #386, .T. ) ;
#280 = AXIS2_PLACEMENT_3D ( 'NONE', #2441, #1443, #184 ) ;
#281 = CIRCLE ( 'NONE', #2696, 2.599999999999994760 ) ;
#282 = DIRECTION ( 'NONE',  ( 0.7071067811865435759, -0.7071067811865515695, -6.930845629329711693E-17 ) ) ;
#283 = DIRECTION ( 'NONE',  ( 1.000000000000000000, -0.000000000000000000, 0.000000000000000000 ) ) ;
#284 = CYLINDRICAL_SURFACE ( 'NONE', #967, 1.749999999992299493 ) ;
#285 = VECTOR ( 'NONE', #2792, 1000.000000000000114 ) ;
#286 = VERTEX_POINT ( 'NONE', #3034 ) ;
#287 = VECTOR ( 'NONE', #2348, 1000.000000000000000 ) ;
#288 = CARTESIAN_POINT ( 'NONE',  ( 38.30000000000001137, 4.337931546020657336, -14.59293107825582325 ) ) ;
#289 = DIRECTION ( 'NONE',  ( 0.000000000000000000, 0.8028067944157775138, -0.5962392563726943706 ) ) ;
#290 = CARTESIAN_POINT ( 'NONE',  ( 44.99999999999998579, 32.00000000000000000, -32.68512392102307729 ) ) ;
#291 = EDGE_LOOP ( 'NONE', ( #1486, #929, #3106, #1902 ) ) ;
#292 = DIRECTION ( 'NONE',  ( 0.000000000000000000, 1.000000000000000000, 0.000000000000000000 ) ) ;
#293 = EDGE_CURVE ( 'NONE', #881, #247, #2570, .T. ) ;
#294 = CARTESIAN_POINT ( 'NONE',  ( 25.60517947633836755, 5.000000000000000000, 39.62244118563818063 ) ) ;
#295 = ORIENTED_EDGE ( 'NONE', *, *, #249, .F. ) ;
#296 = ADVANCED_FACE ( 'NONE', ( #1588 ), #1332, .F. ) ;
#297 = CARTESIAN_POINT ( 'NONE',  ( -11.25741910161671377, 5.000000000000000000, -14.18636219261630771 ) ) ;
#298 = PRODUCT_CONTEXT ( 'NONE', #29, 'mechanical' ) ;
#299 = DIRECTION ( 'NONE',  ( 0.000000000000000000, 0.000000000000000000, 1.000000000000000000 ) ) ;
#300 = CARTESIAN_POINT ( 'NONE',  ( -7.257419101616729762, 0.000000000000000000, 1.750000000000006439 ) ) ;
#301 = DIRECTION ( 'NONE',  ( -0.000000000000000000, 1.000000000000000000, -0.000000000000000000 ) ) ;
#302 = DIRECTION ( 'NONE',  ( 0.000000000000000000, 0.000000000000000000, -1.000000000000000000 ) ) ;
#303 = VERTEX_POINT ( 'NONE', #2095 ) ;
#304 = ORIENTED_EDGE ( 'NONE', *, *, #1980, .F. ) ;
#305 = PLANE ( 'NONE',  #607 ) ;
#306 = PLANE ( 'NONE',  #2443 ) ;
#307 = ORIENTED_EDGE ( 'NONE', *, *, #757, .F. ) ;
#308 = PLANE ( 'NONE',  #3000 ) ;
#309 = CARTESIAN_POINT ( 'NONE',  ( -0.6910558126034301862, 5.000000000000000000, 38.38212611219850601 ) ) ;
#310 = ORIENTED_EDGE ( 'NONE', *, *, #970, .T. ) ;
#311 = ADVANCED_FACE ( 'NONE', ( #1354 ), #2838, .T. ) ;
#312 = DIRECTION ( 'NONE',  ( 2.759787348144911055E-16, -1.000000000000000000, 0.000000000000000000 ) ) ;
#313 = ORIENTED_EDGE ( 'NONE', *, *, #1620, .F. ) ;
#314 = CARTESIAN_POINT ( 'NONE',  ( -0.5999999999999942046, 29.50000000000001776, -57.37755881436179806 ) ) ;
#315 = DIRECTION ( 'NONE',  ( 0.000000000000000000, 0.8028067944157775138, -0.5962392563726943706 ) ) ;
#316 = CARTESIAN_POINT ( 'NONE',  ( -18.35240041031786618, 8.279999999999999361, -41.37755881436179806 ) ) ;
#317 = EDGE_LOOP ( 'NONE', ( #2426, #1105, #576, #234, #2732, #2517 ) ) ;
#318 = EDGE_CURVE ( 'NONE', #2106, #988, #696, .T. ) ;
#319 = CARTESIAN_POINT ( 'NONE',  ( 25.60517947633836755, 3.999999999999993339, 40.62244118563819484 ) ) ;
#320 = CONICAL_SURFACE ( 'NONE', #266, 3.999999999999982681, 0.7853981633974539411 ) ;
#321 = PLANE ( 'NONE',  #812 ) ;
#322 = DIRECTION ( 'NONE',  ( -0.000000000000000000, -1.000000000000000000, -0.000000000000000000 ) ) ;
#323 = AXIS2_PLACEMENT_3D ( 'NONE', #799, #1338, #3037 ) ;
#324 = EDGE_LOOP ( 'NONE', ( #2875, #2129 ) ) ;
#325 = PLANE ( 'NONE',  #2120 ) ;
#326 = AXIS2_PLACEMENT_3D ( 'NONE', #2885, #3109, #2850 ) ;
#327 = ORIENTED_EDGE ( 'NONE', *, *, #725, .F. ) ;
#328 = VECTOR ( 'NONE', #1483, 1000.000000000000000 ) ;
#329 = LINE ( 'NONE', #1400, #1878 ) ;
#330 = EDGE_LOOP ( 'NONE', ( #1959, #2819, #3133, #2984 ) ) ;
#331 = DIRECTION ( 'NONE',  ( -1.000000000000000000, 0.000000000000000000, 1.445602896647338917E-16 ) ) ;
#332 = CARTESIAN_POINT ( 'NONE',  ( -10.99848988597778465, 28.99999999999998579, -34.19393306328176863 ) ) ;
#333 = ORIENTED_EDGE ( 'NONE', *, *, #972, .F. ) ;
#334 = DIRECTION ( 'NONE',  ( 0.000000000000000000, 1.000000000000000000, -0.000000000000000000 ) ) ;
#335 = AXIS2_PLACEMENT_3D ( 'NONE', #1289, #2751, #783 ) ;
#336 = VERTEX_POINT ( 'NONE', #2896 ) ;
#337 = VECTOR ( 'NONE', #2280, 1000.000000000000000 ) ;
#338 = ORIENTED_EDGE ( 'NONE', *, *, #3013, .T. ) ;
#339 = CIRCLE ( 'NONE', #2175, 1.300000000000002487 ) ;
#340 = DIRECTION ( 'NONE',  ( 0.2810846377148156217, 0.6785983445458475538, -0.6785983445458484420 ) ) ;
#341 = CARTESIAN_POINT ( 'NONE',  ( 28.29177638703538378, 3.999999999999994671, 40.62244118563819484 ) ) ;
#342 = CARTESIAN_POINT ( 'NONE',  ( -0.5999999999999926503, 24.00000000000000000, -49.37755881436179806 ) ) ;
#343 = ADVANCED_FACE ( 'NONE', ( #2881 ), #2363, .F. ) ;
#344 = VECTOR ( 'NONE', #1749, 1000.000000000000000 ) ;
#345 = CIRCLE ( 'NONE', #1198, 1.300000000000002487 ) ;
#346 = ADVANCED_FACE ( 'NONE', ( #3102 ), #1370, .T. ) ;
#347 = ORIENTED_EDGE ( 'NONE', *, *, #1787, .F. ) ;
#348 = CIRCLE ( 'NONE', #2076, 1.300000000000002487 ) ;
#349 = CYLINDRICAL_SURFACE ( 'NONE', #2591, 0.9500000000000008438 ) ;
#350 = AXIS2_PLACEMENT_3D ( 'NONE', #3129, #422, #930 ) ;
#351 = ORIENTED_EDGE ( 'NONE', *, *, #2375, .F. ) ;
#352 = DIRECTION ( 'NONE',  ( -0.000000000000000000, -0.7071067811865474617, 0.7071067811865474617 ) ) ;
#353 = ORIENTED_EDGE ( 'NONE', *, *, #236, .T. ) ;
#354 = DIRECTION ( 'NONE',  ( -0.000000000000000000, 1.000000000000000000, -0.000000000000000000 ) ) ;
#355 = DIRECTION ( 'NONE',  ( -1.000000000000000000, -2.676624113323589071E-16, 0.000000000000000000 ) ) ;
#356 = DIRECTION ( 'NONE',  ( -0.000000000000000000, -1.000000000000000000, -0.000000000000000000 ) ) ;
#357 = ORIENTED_EDGE ( 'NONE', *, *, #3188, .F. ) ;
#358 = EDGE_CURVE ( 'NONE', #2674, #1632, #1873, .T. ) ;
#359 = ORIENTED_EDGE ( 'NONE', *, *, #2472, .F. ) ;
#360 = DIRECTION ( 'NONE',  ( 0.000000000000000000, 0.000000000000000000, 1.000000000000000000 ) ) ;
#361 = EDGE_CURVE ( 'NONE', #2326, #3098, #3173, .T. ) ;
#362 = CARTESIAN_POINT ( 'NONE',  ( -12.25741910161673331, 1.000000000000000888, -14.48913718705239972 ) ) ;
#363 = VERTEX_POINT ( 'NONE', #2918 ) ;
#364 = DIRECTION ( 'NONE',  ( 0.000000000000000000, -1.000000000000000000, 0.000000000000000000 ) ) ;
#365 = DIRECTION ( 'NONE',  ( -0.000000000000000000, 1.000000000000000000, -0.000000000000000000 ) ) ;
#366 = EDGE_CURVE ( 'NONE', #2866, #1937, #2401, .T. ) ;
#367 = EDGE_LOOP ( 'NONE', ( #2712, #923 ) ) ;
#368 = DIRECTION ( 'NONE',  ( -0.000000000000000000, 1.000000000000000000, -0.000000000000000000 ) ) ;
#369 = EDGE_LOOP ( 'NONE', ( #767, #2063, #2239, #789 ) ) ;
#370 = CARTESIAN_POINT ( 'NONE',  ( -1.861801934899266847E-15, 7.500000000000000000, -12.87906892838401163 ) ) ;
#371 = ORIENTED_EDGE ( 'NONE', *, *, #2358, .T. ) ;
#372 = PLANE ( 'NONE',  #182 ) ;
#373 = VERTEX_POINT ( 'NONE', #679 ) ;
#374 = ORIENTED_EDGE ( 'NONE', *, *, #1254, .T. ) ;
#375 = CARTESIAN_POINT ( 'NONE',  ( 0.000000000000000000, 24.00000000000000000, -49.37755881436179806 ) ) ;
#376 = CARTESIAN_POINT ( 'NONE',  ( 39.63554328826867845, 0.000000000000000000, 21.67207789034362264 ) ) ;
#377 = ORIENTED_EDGE ( 'NONE', *, *, #887, .F. ) ;
#378 = CARTESIAN_POINT ( 'NONE',  ( 0.000000000000000000, 5.000000000000000000, 39.62244118563818063 ) ) ;
#379 = LINE ( 'NONE', #309, #478 ) ;
#380 = ORIENTED_EDGE ( 'NONE', *, *, #667, .F. ) ;
#381 = VECTOR ( 'NONE', #890, 1000.000000000000000 ) ;
#382 = AXIS2_PLACEMENT_3D ( 'NONE', #943, #2180, #1190 ) ;
#383 = CARTESIAN_POINT ( 'NONE',  ( -0.5999999999999910960, 5.889931741331611015, -14.48913718705239972 ) ) ;
#384 = VERTEX_POINT ( 'NONE', #2377 ) ;
#385 = EDGE_LOOP ( 'NONE', ( #1228, #1889 ) ) ;
#386 = EDGE_CURVE ( 'NONE', #2253, #2866, #3154, .T. ) ;
#387 = AXIS2_PLACEMENT_3D ( 'NONE', #3086, #845, #1850 ) ;
#388 = CARTESIAN_POINT ( 'NONE',  ( 3.478373297732397784, 5.000000000000000000, 35.62244118563819484 ) ) ;
#389 = CARTESIAN_POINT ( 'NONE',  ( -3.099999999999976996, 8.000000000000000000, -57.37755881436179806 ) ) ;
#390 = ORIENTED_EDGE ( 'NONE', *, *, #1528, .T. ) ;
#391 = ORIENTED_EDGE ( 'NONE', *, *, #563, .F. ) ;
#392 = CARTESIAN_POINT ( 'NONE',  ( -12.25741910161672976, 1.000000000000000888, 19.40242819735833635 ) ) ;
#393 = CARTESIAN_POINT ( 'NONE',  ( -13.51070781416868094, 26.48778207180908950, -35.45741885574864227 ) ) ;
#394 = CIRCLE ( 'NONE', #699, 1.300000000000002487 ) ;
#395 = AXIS2_PLACEMENT_3D ( 'NONE', #2982, #2255, #1778 ) ;
#396 = LINE ( 'NONE', #673, #2277 ) ;
#397 = AXIS2_PLACEMENT_3D ( 'NONE', #2476, #2762, #1967 ) ;
#398 = FACE_OUTER_BOUND ( 'NONE', #526, .T. ) ;
#399 = ORIENTED_EDGE ( 'NONE', *, *, #2510, .T. ) ;
#400 = VECTOR ( 'NONE', #815, 1000.000000000000000 ) ;
#401 = EDGE_CURVE ( 'NONE', #899, #762, #216, .T. ) ;
#402 = VECTOR ( 'NONE', #2035, 1000.000000000000114 ) ;
#403 = CARTESIAN_POINT ( 'NONE',  ( -11.42684821195255651, 1.000000000000000000, 22.16211312391865107 ) ) ;
#404 = ORIENTED_EDGE ( 'NONE', *, *, #2149, .T. ) ;
#405 = EDGE_CURVE ( 'NONE', #632, #2317, #802, .T. ) ;
#406 = VERTEX_POINT ( 'NONE', #2652 ) ;
#407 = FACE_OUTER_BOUND ( 'NONE', #2723, .T. ) ;
#408 = LINE ( 'NONE', #3140, #215 ) ;
#409 = ORIENTED_EDGE ( 'NONE', *, *, #156, .T. ) ;
#410 = CARTESIAN_POINT ( 'NONE',  ( -2.099999999999971667, 1.000000000000000666, -25.37755881436179806 ) ) ;
#411 = FACE_OUTER_BOUND ( 'NONE', #3210, .T. ) ;
#412 = EDGE_CURVE ( 'NONE', #562, #520, #408, .T. ) ;
#413 = DIRECTION ( 'NONE',  ( 0.000000000000000000, 1.000000000000000000, -0.000000000000000000 ) ) ;
#414 = FACE_OUTER_BOUND ( 'NONE', #1781, .T. ) ;
#415 = ORIENTED_EDGE ( 'NONE', *, *, #1364, .T. ) ;
#416 = CARTESIAN_POINT ( 'NONE',  ( -0.5999999999999920952, 21.70484440972406048, -28.15305476229720938 ) ) ;
#417 = ORIENTED_EDGE ( 'NONE', *, *, #1825, .T. ) ;
#418 = CARTESIAN_POINT ( 'NONE',  ( -0.4975707134926600217, 9.949747468294097175, 17.51658096971817358 ) ) ;
#419 = DIRECTION ( 'NONE',  ( -0.000000000000000000, 0.000000000000000000, 1.000000000000000000 ) ) ;
#420 = ORIENTED_EDGE ( 'NONE', *, *, #2168, .F. ) ;
#421 = ORIENTED_EDGE ( 'NONE', *, *, #2353, .F. ) ;
#422 = DIRECTION ( 'NONE',  ( 0.000000000000000000, 1.000000000000000000, 0.000000000000000000 ) ) ;
#423 = DIRECTION ( 'NONE',  ( 0.5773502691896266192, 0.5773502691896249539, -0.5773502691896256200 ) ) ;
#424 = CARTESIAN_POINT ( 'NONE',  ( 16.90000000000000568, 1.500000000000000000, 5.204170427930421283E-15 ) ) ;
#425 = EDGE_CURVE ( 'NONE', #1417, #452, #2424, .T. ) ;
#426 = ADVANCED_FACE ( 'NONE', ( #2127 ), #2479, .T. ) ;
#427 = LINE ( 'NONE', #442, #2641 ) ;
#428 = CARTESIAN_POINT ( 'NONE',  ( 0.1428300094637353912, 0.000000000000000000, 37.83018912688643809 ) ) ;
#429 = ORIENTED_EDGE ( 'NONE', *, *, #2060, .F. ) ;
#430 = DIRECTION ( 'NONE',  ( 0.000000000000000000, -1.000000000000000000, 0.000000000000000000 ) ) ;
#431 = AXIS2_PLACEMENT_3D ( 'NONE', #460, #2950, #1201 ) ;
#432 = LINE ( 'NONE', #949, #183 ) ;
#433 = DIRECTION ( 'NONE',  ( -0.000000000000000000, -0.000000000000000000, 1.000000000000000000 ) ) ;
#434 = VECTOR ( 'NONE', #2813, 1000.000000000000000 ) ;
#435 = EDGE_LOOP ( 'NONE', ( #2194, #1085, #2837, #2929 ) ) ;
#436 = ORIENTED_EDGE ( 'NONE', *, *, #3014, .F. ) ;
#437 = AXIS2_PLACEMENT_3D ( 'NONE', #792, #1084, #2928 ) ;
#438 = DIRECTION ( 'NONE',  ( 0.000000000000000000, 0.000000000000000000, 1.000000000000000000 ) ) ;
#439 = CARTESIAN_POINT ( 'NONE',  ( 41.30000000000001847, 3.999999999999993339, 19.46432994909537939 ) ) ;
#440 = EDGE_CURVE ( 'NONE', #1777, #514, #3125, .T. ) ;
#441 = EDGE_CURVE ( 'NONE', #65, #2981, #1488, .T. ) ;
#442 = CARTESIAN_POINT ( 'NONE',  ( 0.000000000000000000, 7.500000000000000000, 12.87906892838402761 ) ) ;
#443 = VECTOR ( 'NONE', #2702, 1000.000000000000114 ) ;
#444 = EDGE_LOOP ( 'NONE', ( #2214, #3081, #1853, #847 ) ) ;
#445 = EDGE_CURVE ( 'NONE', #2084, #1057, #507, .T. ) ;
#446 = AXIS2_PLACEMENT_3D ( 'NONE', #2136, #931, #158 ) ;
#447 = DIRECTION ( 'NONE',  ( 1.000000000000000000, 3.097720492815727659E-17, -0.000000000000000000 ) ) ;
#448 = VERTEX_POINT ( 'NONE', #1752 ) ;
#449 = AXIS2_PLACEMENT_3D ( 'NONE', #1385, #2839, #1156 ) ;
#450 = CIRCLE ( 'NONE', #2178, 5.399999999999999467 ) ;
#451 = DIRECTION ( 'NONE',  ( 2.676624113323589071E-16, -1.000000000000000000, 0.000000000000000000 ) ) ;
#452 = VERTEX_POINT ( 'NONE', #2988 ) ;
#453 = VECTOR ( 'NONE', #2372, 1000.000000000000000 ) ;
#454 = ADVANCED_FACE ( 'NONE', ( #2244 ), #3235, .F. ) ;
#455 = CYLINDRICAL_SURFACE ( 'NONE', #2016, 2.599999999999994760 ) ;
#456 = ADVANCED_FACE ( 'NONE', ( #2228 ), #977, .F. ) ;
#457 = DIRECTION ( 'NONE',  ( -0.000000000000000000, 1.000000000000000000, -0.000000000000000000 ) ) ;
#458 = CARTESIAN_POINT ( 'NONE',  ( 38.30000000000001137, -31.75646460826434847, -15.37906892838400630 ) ) ;
#459 = DIRECTION ( 'NONE',  ( 0.000000000000000000, 0.000000000000000000, -1.000000000000000000 ) ) ;
#460 = CARTESIAN_POINT ( 'NONE',  ( 16.90000000000000568, 2.500000000000000000, 7.691287847477925155 ) ) ;
#461 = VERTEX_POINT ( 'NONE', #1241 ) ;
#462 = EDGE_CURVE ( 'NONE', #2369, #3088, #1256, .T. ) ;
#463 = DIRECTION ( 'NONE',  ( 0.000000000000000000, 1.000000000000000000, 0.000000000000000000 ) ) ;
#464 = CARTESIAN_POINT ( 'NONE',  ( 25.60517947633836755, 1.000000000000000888, 35.62244118563819484 ) ) ;
#465 = ORIENTED_EDGE ( 'NONE', *, *, #1116, .T. ) ;
#466 = ORIENTED_EDGE ( 'NONE', *, *, #2902, .F. ) ;
#467 = CARTESIAN_POINT ( 'NONE',  ( 33.20174145712110203, 0.000000000000000000, -14.48913718705239972 ) ) ;
#468 = LINE ( 'NONE', #2030, #1505 ) ;
#469 = DIRECTION ( 'NONE',  ( 0.7071067811865474617, 0.7071067811865474617, 0.000000000000000000 ) ) ;
#470 = VERTEX_POINT ( 'NONE', #559 ) ;
#471 = DIRECTION ( 'NONE',  ( 0.000000000000000000, 0.000000000000000000, -1.000000000000000000 ) ) ;
#472 = CARTESIAN_POINT ( 'NONE',  ( 36.30000000000001847, 0.000000000000000000, -14.37906892838400275 ) ) ;
#473 = ORIENTED_EDGE ( 'NONE', *, *, #1330, .F. ) ;
#474 = VERTEX_POINT ( 'NONE', #294 ) ;
#475 = ADVANCED_FACE ( 'NONE', ( #1291 ), #2231, .F. ) ;
#476 = EDGE_CURVE ( 'NONE', #2924, #2604, #2247, .T. ) ;
#477 = ORIENTED_EDGE ( 'NONE', *, *, #3146, .T. ) ;
#478 = VECTOR ( 'NONE', #1075, 1000.000000000000000 ) ;
#479 = CARTESIAN_POINT ( 'NONE',  ( -0.6910558126034301862, 1.000000000000000888, 38.38212611219850601 ) ) ;
#480 = DIRECTION ( 'NONE',  ( -0.000000000000000000, 1.000000000000000000, -0.000000000000000000 ) ) ;
#481 = AXIS2_PLACEMENT_3D ( 'NONE', #1819, #283, #1565 ) ;
#482 = AXIS2_PLACEMENT_3D ( 'NONE', #1763, #1274, #2768 ) ;
#483 = CARTESIAN_POINT ( 'NONE',  ( 38.30000000000001137, 7.500000000000000000, 12.87906892838402761 ) ) ;
#484 = CARTESIAN_POINT ( 'NONE',  ( -0.5999999999999868772, 16.00000000000000000, -41.37755881436179806 ) ) ;
#485 = LINE ( 'NONE', #1500, #2536 ) ;
#486 = CARTESIAN_POINT ( 'NONE',  ( -5.286040445284840439E-15, 5.000000000000000000, -24.37755881436178385 ) ) ;
#487 = CYLINDRICAL_SURFACE ( 'NONE', #1962, 5.000000000000000888 ) ;
#488 = VECTOR ( 'NONE', #1208, 1000.000000000000000 ) ;
#489 = ORIENTED_EDGE ( 'NONE', *, *, #2482, .T. ) ;
#490 = AXIS2_PLACEMENT_3D ( 'NONE', #570, #556, #2872 ) ;
#491 = EDGE_CURVE ( 'NONE', #1862, #658, #3155, .T. ) ;
#492 = CARTESIAN_POINT ( 'NONE',  ( -12.25741910161672976, 5.000000000000000000, 19.40242819735833635 ) ) ;
#493 = DIRECTION ( 'NONE',  ( -0.5896463195190105866, -0.7071067811865487940, 0.3902783851018183925 ) ) ;
#494 = EDGE_LOOP ( 'NONE', ( #2147, #2572, #2636, #465 ) ) ;
#495 = AXIS2_PLACEMENT_3D ( 'NONE', #3020, #776, #3229 ) ;
#496 = ADVANCED_FACE ( 'NONE', ( #1271 ), #2262, .F. ) ;
#497 = CIRCLE ( 'NONE', #2745, 1.300000000000002487 ) ;
#498 = ORIENTED_EDGE ( 'NONE', *, *, #885, .F. ) ;
#499 = VECTOR ( 'NONE', #959, 1000.000000000000000 ) ;
#500 = FACE_OUTER_BOUND ( 'NONE', #1757, .T. ) ;
#501 = LINE ( 'NONE', #2275, #657 ) ;
#502 = EDGE_CURVE ( 'NONE', #2954, #1057, #979, .T. ) ;
#503 = ORIENTED_EDGE ( 'NONE', *, *, #1787, .T. ) ;
#504 = CARTESIAN_POINT ( 'NONE',  ( 35.65000000000000568, 7.500000000000000000, 0.000000000000000000 ) ) ;
#505 = DIRECTION ( 'NONE',  ( -0.000000000000000000, -1.000000000000000000, -0.000000000000000000 ) ) ;
#506 = CARTESIAN_POINT ( 'NONE',  ( 3.478373297732397784, 1.000000000000000888, 35.62244118563819484 ) ) ;
#507 = LINE ( 'NONE', #486, #328 ) ;
#508 = ORIENTED_EDGE ( 'NONE', *, *, #2047, .F. ) ;
#509 = DIRECTION ( 'NONE',  ( -0.5519369853120618119, 0.000000000000000000, 0.8338858220671657717 ) ) ;
#510 = EDGE_LOOP ( 'NONE', ( #2890, #2445, #2567, #3022 ) ) ;
#511 = DIRECTION ( 'NONE',  ( 1.000000000000000000, 0.000000000000000000, -2.168404344971008868E-16 ) ) ;
#512 = CARTESIAN_POINT ( 'NONE',  ( -0.5999999999999926503, 24.00000000000000000, -54.87755881436181227 ) ) ;
#513 = EDGE_LOOP ( 'NONE', ( #1725, #629, #1246, #829 ) ) ;
#514 = VERTEX_POINT ( 'NONE', #2765 ) ;
#515 = FACE_OUTER_BOUND ( 'NONE', #1892, .T. ) ;
#516 = LINE ( 'NONE', #1280, #705 ) ;
#517 = ORIENTED_EDGE ( 'NONE', *, *, #2978, .T. ) ;
#518 = CYLINDRICAL_SURFACE ( 'NONE', #231, 1.749999999995852207 ) ;
#519 = LINE ( 'NONE', #764, #337 ) ;
#520 = VERTEX_POINT ( 'NONE', #2051 ) ;
#521 = CARTESIAN_POINT ( 'NONE',  ( 17.95242928650733916, 0.000000000000000000, 33.87244118564589712 ) ) ;
#522 = ADVANCED_FACE ( 'NONE', ( #3046 ), #2781, .T. ) ;
#523 = LINE ( 'NONE', #1536, #545 ) ;
#524 = CARTESIAN_POINT ( 'NONE',  ( 20.26727889969559726, 4.716519302171011674, -15.37906892838400452 ) ) ;
#525 = CYLINDRICAL_SURFACE ( 'NONE', #1072, 5.000000000000000000 ) ;
#526 = EDGE_LOOP ( 'NONE', ( #1143, #2679, #1742, #2337, #1666 ) ) ;
#527 = ORIENTED_EDGE ( 'NONE', *, *, #695, .F. ) ;
#528 = CARTESIAN_POINT ( 'NONE',  ( 36.30000000000001847, 1.000000000000000888, 19.46432994909537939 ) ) ;
#529 = CARTESIAN_POINT ( 'NONE',  ( -10.99848988597778465, 21.40672478153769731, -28.55445815950511701 ) ) ;
#530 = CARTESIAN_POINT ( 'NONE',  ( 41.30000000000001847, 1.000000000000000888, -10.37906892838400452 ) ) ;
#531 = ORIENTED_EDGE ( 'NONE', *, *, #2613, .T. ) ;
#532 = VECTOR ( 'NONE', #1685, 1000.000000000000000 ) ;
#533 = CARTESIAN_POINT ( 'NONE',  ( 38.30000000000001137, 4.672560667472509088, -14.22126491707778229 ) ) ;
#534 = CARTESIAN_POINT ( 'NONE',  ( 10.58729655164910710, 5.000000000000000000, -24.37755881436178740 ) ) ;
#535 = FACE_OUTER_BOUND ( 'NONE', #2062, .T. ) ;
#536 = EDGE_CURVE ( 'NONE', #2968, #2410, #379, .T. ) ;
#537 = AXIS2_PLACEMENT_3D ( 'NONE', #2080, #1048, #1304 ) ;
#538 = ORIENTED_EDGE ( 'NONE', *, *, #1406, .T. ) ;
#539 = ADVANCED_FACE ( 'NONE', ( #3078 ), #1111, .T. ) ;
#540 = CARTESIAN_POINT ( 'NONE',  ( -18.35240041031786618, 13.44000000000000128, -41.37755881436179806 ) ) ;
#541 = CARTESIAN_POINT ( 'NONE',  ( -0.5999999999999920952, 21.70484440972406048, -28.15305476229720938 ) ) ;
#542 = EDGE_LOOP ( 'NONE', ( #99, #1608 ) ) ;
#543 = CARTESIAN_POINT ( 'NONE',  ( -0.5999999999999948708, 5.000000000000000000, 15.37906892838401696 ) ) ;
#544 = DIRECTION ( 'NONE',  ( -0.5121186656360723344, -0.8589147060722204241, -3.827730143171112842E-17 ) ) ;
#545 = VECTOR ( 'NONE', #995, 1000.000000000000114 ) ;
#546 = ORIENTED_EDGE ( 'NONE', *, *, #1217, .T. ) ;
#547 = PRODUCT_DEFINITION ( 'UNKNOWN', '', #756, #700 ) ;
#548 = CIRCLE ( 'NONE', #1921, 0.9500000000000008438 ) ;
#549 = VECTOR ( 'NONE', #819, 1000.000000000000000 ) ;
#550 = CARTESIAN_POINT ( 'NONE',  ( -11.42684821195255651, 5.000000000000000000, 22.16211312391865107 ) ) ;
#551 = DIRECTION ( 'NONE',  ( -1.000000000000000000, 0.000000000000000000, 0.000000000000000000 ) ) ;
#552 = DIRECTION ( 'NONE',  ( 1.000000000000000000, 3.097720492815727659E-17, -0.000000000000000000 ) ) ;
#553 = VERTEX_POINT ( 'NONE', #1164 ) ;
#554 = VERTEX_POINT ( 'NONE', #428 ) ;
#555 = LINE ( 'NONE', #1569, #965 ) ;
#556 = DIRECTION ( 'NONE',  ( 1.445602896647338917E-16, -0.000000000000000000, 1.000000000000000000 ) ) ;
#557 = EDGE_CURVE ( 'NONE', #2351, #1847, #2199, .T. ) ;
#558 = LINE ( 'NONE', #1570, #745 ) ;
#559 = CARTESIAN_POINT ( 'NONE',  ( 7.952429286507339157, 5.000000000000000000, 33.87244118564589712 ) ) ;
#560 = CARTESIAN_POINT ( 'NONE',  ( 19.75444302151002418, 5.000000000000000000, -15.37906892838400630 ) ) ;
#561 = ORIENTED_EDGE ( 'NONE', *, *, #318, .T. ) ;
#562 = VERTEX_POINT ( 'NONE', #2948 ) ;
#563 = EDGE_CURVE ( 'NONE', #874, #2750, #1063, .T. ) ;
#564 = DIRECTION ( 'NONE',  ( -1.000000000000000000, 0.000000000000000000, 2.168404344971008868E-16 ) ) ;
#565 = PLANE ( 'NONE',  #1008 ) ;
#566 = CARTESIAN_POINT ( 'NONE',  ( -7.998489885977767777, 8.000000000000000000, -57.37755881436179806 ) ) ;
#567 = ORIENTED_EDGE ( 'NONE', *, *, #1287, .F. ) ;
#568 = VERTEX_POINT ( 'NONE', #2464 ) ;
#569 = FACE_OUTER_BOUND ( 'NONE', #330, .T. ) ;
#570 = CARTESIAN_POINT ( 'NONE',  ( 44.99999999999998579, 5.000000000000000000, -15.37906892838400630 ) ) ;
#571 = ORIENTED_EDGE ( 'NONE', *, *, #2741, .F. ) ;
#572 = DIRECTION ( 'NONE',  ( 0.5896463195190088102, -0.7071067811865510144, -0.3902783851018172268 ) ) ;
#573 = ORIENTED_EDGE ( 'NONE', *, *, #2294, .T. ) ;
#574 = DIRECTION ( 'NONE',  ( 0.000000000000000000, 0.000000000000000000, -1.000000000000000000 ) ) ;
#575 = EDGE_LOOP ( 'NONE', ( #377, #1106, #2759, #2668 ) ) ;
#576 = ORIENTED_EDGE ( 'NONE', *, *, #1094, .F. ) ;
#577 = EDGE_CURVE ( 'NONE', #1275, #88, #1710, .T. ) ;
#578 = FACE_OUTER_BOUND ( 'NONE', #1754, .T. ) ;
#579 = FACE_BOUND ( 'NONE', #1801, .T. ) ;
#580 = VERTEX_POINT ( 'NONE', #3207 ) ;
#581 = EDGE_CURVE ( 'NONE', #616, #199, #1969, .T. ) ;
#582 = DIRECTION ( 'NONE',  ( -0.6914378287365267051, -0.6914378287365186004, -0.2093500847486009231 ) ) ;
#583 = ORIENTED_EDGE ( 'NONE', *, *, #2304, .F. ) ;
#584 = EDGE_LOOP ( 'NONE', ( #1625, #2313, #1985, #1374 ) ) ;
#585 = LINE ( 'NONE', #608, #22 ) ;
#586 = DIRECTION ( 'NONE',  ( 0.000000000000000000, 0.000000000000000000, -1.000000000000000000 ) ) ;
#587 = CARTESIAN_POINT ( 'NONE',  ( 3.478373297732397784, 5.000000000000000000, 39.62244118563818063 ) ) ;
#588 = ORIENTED_EDGE ( 'NONE', *, *, #1460, .T. ) ;
#589 = VECTOR ( 'NONE', #903, 1000.000000000000114 ) ;
#590 = LINE ( 'NONE', #2103, #2215 ) ;
#591 = ORIENTED_EDGE ( 'NONE', *, *, #1135, .F. ) ;
#592 = AXIS2_PLACEMENT_3D ( 'NONE', #1102, #92, #2822 ) ;
#593 = CARTESIAN_POINT ( 'NONE',  ( 36.30000000000001847, 3.999999999999993339, -10.37906892838400452 ) ) ;
#594 = VECTOR ( 'NONE', #724, 1000.000000000000000 ) ;
#595 = VERTEX_POINT ( 'NONE', #2185 ) ;
#596 = ADVANCED_FACE ( 'NONE', ( #414 ), #2163, .F. ) ;
#597 = ORIENTED_EDGE ( 'NONE', *, *, #1809, .F. ) ;
#598 = ADVANCED_FACE ( 'NONE', ( #398 ), #204, .F. ) ;
#599 = CARTESIAN_POINT ( 'NONE',  ( -3.099999999999964118, 7.500000000000000000, -14.48913718705239972 ) ) ;
#600 = DIRECTION ( 'NONE',  ( -0.000000000000000000, -1.000000000000000000, -0.000000000000000000 ) ) ;
#601 = ORIENTED_EDGE ( 'NONE', *, *, #1379, .F. ) ;
#602 = PLANE ( 'NONE',  #2074 ) ;
#603 = VECTOR ( 'NONE', #1756, 1000.000000000000000 ) ;
#604 = ORIENTED_EDGE ( 'NONE', *, *, #925, .T. ) ;
#605 = CONICAL_SURFACE ( 'NONE', #3054, 3.999999999999982681, 0.7853981633974533860 ) ;
#606 = ORIENTED_EDGE ( 'NONE', *, *, #1934, .F. ) ;
#607 = AXIS2_PLACEMENT_3D ( 'NONE', #2573, #1321, #59 ) ;
#608 = CARTESIAN_POINT ( 'NONE',  ( 18.82842712474617031, 0.000000000000000000, -16.13642824126472775 ) ) ;
#609 = VECTOR ( 'NONE', #1510, 999.9999999999998863 ) ;
#610 = CIRCLE ( 'NONE', #2447, 4.999999999999984013 ) ;
#611 = ORIENTED_EDGE ( 'NONE', *, *, #2135, .T. ) ;
#612 = CARTESIAN_POINT ( 'NONE',  ( -10.99848988597778465, 9.580000000000001847, -41.37755881436179806 ) ) ;
#613 = CYLINDRICAL_SURFACE ( 'NONE', #1807, 1.750000000000000000 ) ;
#614 = ORIENTED_EDGE ( 'NONE', *, *, #10, .T. ) ;
#615 = FACE_OUTER_BOUND ( 'NONE', #2371, .T. ) ;
#616 = VERTEX_POINT ( 'NONE', #3147 ) ;
#617 = ORIENTED_EDGE ( 'NONE', *, *, #3132, .F. ) ;
#618 = LINE ( 'NONE', #860, #1452 ) ;
#619 = DIRECTION ( 'NONE',  ( 0.000000000000000000, 0.000000000000000000, -1.000000000000000000 ) ) ;
#620 = ORIENTED_EDGE ( 'NONE', *, *, #2392, .F. ) ;
#621 = CARTESIAN_POINT ( 'NONE',  ( -3.099999999999976108, 0.000000000000000000, -24.37755881436179806 ) ) ;
#622 = CARTESIAN_POINT ( 'NONE',  ( 7.952429286507339157, 0.000000000000000000, 37.37244118563049966 ) ) ;
#623 = FACE_OUTER_BOUND ( 'NONE', #1323, .T. ) ;
#624 = ORIENTED_EDGE ( 'NONE', *, *, #2149, .F. ) ;
#625 = DIRECTION ( 'NONE',  ( 0.000000000000000000, 0.000000000000000000, 1.000000000000000000 ) ) ;
#626 = ADVANCED_FACE ( 'NONE', ( #1913 ), #2420, .F. ) ;
#627 = ORIENTED_EDGE ( 'NONE', *, *, #536, .T. ) ;
#628 = CARTESIAN_POINT ( 'NONE',  ( 35.65000000000000568, 1.500000000000000000, 0.000000000000000000 ) ) ;
#629 = ORIENTED_EDGE ( 'NONE', *, *, #2969, .F. ) ;
#630 = LINE ( 'NONE', #1606, #1196 ) ;
#631 = CARTESIAN_POINT ( 'NONE',  ( -11.25741910161672976, 0.000000000000000000, 19.40242819735833635 ) ) ;
#632 = VERTEX_POINT ( 'NONE', #2935 ) ;
#633 = DIRECTION ( 'NONE',  ( 0.000000000000000000, 0.000000000000000000, -1.000000000000000000 ) ) ;
#634 = CARTESIAN_POINT ( 'NONE',  ( 10.70000000000000817, 7.500000000000000000, -6.499999999999993783 ) ) ;
#635 = EDGE_CURVE ( 'NONE', #271, #733, #1394, .T. ) ;
#636 = VECTOR ( 'NONE', #352, 1000.000000000000114 ) ;
#637 = VERTEX_POINT ( 'NONE', #3163 ) ;
#638 = DIRECTION ( 'NONE',  ( 0.000000000000000000, 1.000000000000000000, 0.000000000000000000 ) ) ;
#639 = EDGE_CURVE ( 'NONE', #2577, #1713, #922, .T. ) ;
#640 = VERTEX_POINT ( 'NONE', #192 ) ;
#641 = VECTOR ( 'NONE', #1069, 1000.000000000000000 ) ;
#642 = AXIS2_PLACEMENT_3D ( 'NONE', #2303, #1341, #834 ) ;
#643 = DIRECTION ( 'NONE',  ( 0.5519369853120618119, 0.000000000000000000, -0.8338858220671657717 ) ) ;
#644 = ORIENTED_EDGE ( 'NONE', *, *, #824, .T. ) ;
#645 = ORIENTED_EDGE ( 'NONE', *, *, #2958, .F. ) ;
#646 = VECTOR ( 'NONE', #3029, 1000.000000000000000 ) ;
#647 =( NAMED_UNIT ( * ) SI_UNIT ( $, .STERADIAN. ) SOLID_ANGLE_UNIT ( ) );
#648 = DIRECTION ( 'NONE',  ( 0.7071067811865462405, 0.000000000000000000, 0.7071067811865489050 ) ) ;
#649 = VERTEX_POINT ( 'NONE', #653 ) ;
#650 = AXIS2_PLACEMENT_3D ( 'NONE', #2976, #2551, #509 ) ;
#651 = CYLINDRICAL_SURFACE ( 'NONE', #2013, 8.000000000000000000 ) ;
#652 = DIRECTION ( 'NONE',  ( 0.000000000000000000, 0.000000000000000000, -1.000000000000000000 ) ) ;
#653 = CARTESIAN_POINT ( 'NONE',  ( -10.99848988597778465, 3.000000000000016431, -16.37753583258295720 ) ) ;
#654 = AXIS2_PLACEMENT_3D ( 'NONE', #1191, #3130, #652 ) ;
#655 = CIRCLE ( 'NONE', #1351, 7.691287847477918937 ) ;
#656 = CARTESIAN_POINT ( 'NONE',  ( -10.34489356341794775, 5.000000000000000000, -15.55515399515780928 ) ) ;
#657 = VECTOR ( 'NONE', #3004, 1000.000000000000000 ) ;
#658 = VERTEX_POINT ( 'NONE', #1125 ) ;
#659 = AXIS2_PLACEMENT_3D ( 'NONE', #1203, #1475, #451 ) ;
#660 = AXIS2_PLACEMENT_3D ( 'NONE', #26, #457, #1251 ) ;
#661 = AXIS2_PLACEMENT_3D ( 'NONE', #2020, #2250, #259 ) ;
#662 = DIRECTION ( 'NONE',  ( 0.7071067811865503483, -0.7071067811865446862, 0.000000000000000000 ) ) ;
#663 = CARTESIAN_POINT ( 'NONE',  ( -12.25741910161673331, 1.000000000000000222, -14.48913718705239972 ) ) ;
#664 = CARTESIAN_POINT ( 'NONE',  ( 11.00151011402221535, 0.000000000000000000, -24.37755881436180161 ) ) ;
#665 = CARTESIAN_POINT ( 'NONE',  ( 36.30000000000001847, 5.000000000000000000, 19.46432994909537939 ) ) ;
#666 = EDGE_LOOP ( 'NONE', ( #1389, #2755, #571, #1903, #2249, #538 ) ) ;
#667 = EDGE_CURVE ( 'NONE', #2487, #2442, #2116, .T. ) ;
#668 = EDGE_CURVE ( 'NONE', #1723, #1512, #2639, .T. ) ;
#669 = ADVANCED_FACE ( 'NONE', ( #1392 ), #1147, .F. ) ;
#670 = VERTEX_POINT ( 'NONE', #1108 ) ;
#671 = DIRECTION ( 'NONE',  ( -0.000000000000000000, 1.000000000000000000, -0.000000000000000000 ) ) ;
#672 = CARTESIAN_POINT ( 'NONE',  ( -0.6910558126034301862, 3.999999999999992450, 38.38212611219850601 ) ) ;
#673 = CARTESIAN_POINT ( 'NONE',  ( -0.5999999999999863221, 0.000000000000000000, -25.37755881436179806 ) ) ;
#674 = ORIENTED_EDGE ( 'NONE', *, *, #1097, .F. ) ;
#675 = DIRECTION ( 'NONE',  ( 0.000000000000000000, 0.000000000000000000, -1.000000000000000000 ) ) ;
#676 = DIRECTION ( 'NONE',  ( 1.000000000000000000, 0.000000000000000000, -0.000000000000000000 ) ) ;
#677 = CYLINDRICAL_SURFACE ( 'NONE', #280, 0.9499999999999992895 ) ;
#678 = LINE ( 'NONE', #1681, #1541 ) ;
#679 = CARTESIAN_POINT ( 'NONE',  ( -7.998489885977767777, 0.000000000000000000, -20.87754732347240250 ) ) ;
#680 = EDGE_LOOP ( 'NONE', ( #1650, #1998, #2980, #2425 ) ) ;
#681 = ORIENTED_EDGE ( 'NONE', *, *, #425, .T. ) ;
#682 = EDGE_CURVE ( 'NONE', #2257, #769, #1224, .T. ) ;
#683 = CARTESIAN_POINT ( 'NONE',  ( 7.952429286507339157, 5.000000000000000000, 35.62244118563819484 ) ) ;
#684 = DIRECTION ( 'NONE',  ( 0.5000000000000029976, -0.7071067811865452413, -0.5000000000000004441 ) ) ;
#685 = CARTESIAN_POINT ( 'NONE',  ( 10.70000000000000817, 21.53887459877037358, -6.499999999999993783 ) ) ;
#686 = DIRECTION ( 'NONE',  ( 0.000000000000000000, 1.000000000000000000, 0.000000000000000000 ) ) ;
#687 = ORIENTED_EDGE ( 'NONE', *, *, #412, .F. ) ;
#688 = DIRECTION ( 'NONE',  ( 0.000000000000000000, 0.000000000000000000, -1.000000000000000000 ) ) ;
#689 = CONICAL_SURFACE ( 'NONE', #2527, 4.000000000000000000, 0.7853981633974473908 ) ;
#690 = EDGE_LOOP ( 'NONE', ( #1567, #2378, #2843, #2466 ) ) ;
#691 = DIRECTION ( 'NONE',  ( 0.000000000000000000, 0.000000000000000000, 1.000000000000000000 ) ) ;
#692 = CARTESIAN_POINT ( 'NONE',  ( 7.952429286507339157, 9.949747468294097175, 33.87244118564589712 ) ) ;
#693 = ORIENTED_EDGE ( 'NONE', *, *, #639, .T. ) ;
#694 = ORIENTED_EDGE ( 'NONE', *, *, #2717, .F. ) ;
#695 = EDGE_CURVE ( 'NONE', #1399, #2088, #2101, .T. ) ;
#696 = CIRCLE ( 'NONE', #437, 8.000000000000000000 ) ;
#697 = CARTESIAN_POINT ( 'NONE',  ( 28.94072276460701687, 5.000000000000000000, 37.83018912688643809 ) ) ;
#698 = FACE_OUTER_BOUND ( 'NONE', #575, .T. ) ;
#699 = AXIS2_PLACEMENT_3D ( 'NONE', #2499, #3045, #1551 ) ;
#700 = PRODUCT_DEFINITION_CONTEXT ( 'detailed design', #2343, 'design' ) ;
#701 = VECTOR ( 'NONE', #2880, 1000.000000000000000 ) ;
#702 = VECTOR ( 'NONE', #2302, 1000.000000000000000 ) ;
#703 = CARTESIAN_POINT ( 'NONE',  ( 3.478373297732397784, 5.000000000000000000, 35.62244118563819484 ) ) ;
#704 = ORIENTED_EDGE ( 'NONE', *, *, #2756, .T. ) ;
#705 = VECTOR ( 'NONE', #3021, 1000.000000000000000 ) ;
#706 = LINE ( 'NONE', #663, #2699 ) ;
#707 = FACE_BOUND ( 'NONE', #542, .T. ) ;
#708 = VERTEX_POINT ( 'NONE', #3090 ) ;
#709 = ORIENTED_EDGE ( 'NONE', *, *, #2540, .T. ) ;
#710 = CARTESIAN_POINT ( 'NONE',  ( -8.099999999999985434, 2.500000000000000444, -41.37755881436179806 ) ) ;
#711 = DIRECTION ( 'NONE',  ( 0.000000000000000000, -1.000000000000000000, -0.000000000000000000 ) ) ;
#712 = CARTESIAN_POINT ( 'NONE',  ( 33.30000000000001137, 7.500000000000000000, -6.499999999999994671 ) ) ;
#713 = DIRECTION ( 'NONE',  ( 0.000000000000000000, 0.000000000000000000, -1.000000000000000000 ) ) ;
#714 = ADVANCED_FACE ( 'NONE', ( #535 ), #2897, .T. ) ;
#715 = DIRECTION ( 'NONE',  ( 0.000000000000000000, 1.000000000000000000, 0.000000000000000000 ) ) ;
#716 = ORIENTED_EDGE ( 'NONE', *, *, #318, .F. ) ;
#717 = DIRECTION ( 'NONE',  ( 1.000000000000000000, 0.000000000000000000, 0.000000000000000000 ) ) ;
#718 = DIRECTION ( 'NONE',  ( 0.000000000000000000, 1.000000000000000000, 0.000000000000000000 ) ) ;
#719 = ORIENTED_EDGE ( 'NONE', *, *, #3041, .F. ) ;
#720 = EDGE_LOOP ( 'NONE', ( #391, #2556 ) ) ;
#721 = CARTESIAN_POINT ( 'NONE',  ( -10.99848988597778465, 3.999999999999993339, -16.37753583258295720 ) ) ;
#722 = FACE_OUTER_BOUND ( 'NONE', #2096, .T. ) ;
#723 = DIRECTION ( 'NONE',  ( -0.000000000000000000, -1.000000000000000000, -0.000000000000000000 ) ) ;
#724 = DIRECTION ( 'NONE',  ( -0.000000000000000000, -1.000000000000000000, -0.000000000000000000 ) ) ;
#725 = EDGE_CURVE ( 'NONE', #568, #2387, #820, .T. ) ;
#726 = ORIENTED_EDGE ( 'NONE', *, *, #405, .T. ) ;
#727 = EDGE_CURVE ( 'NONE', #1218, #16, #2330, .T. ) ;
#728 = CARTESIAN_POINT ( 'NONE',  ( -10.99848988597778465, 5.000000000000000000, -16.37753583258295720 ) ) ;
#729 = ORIENTED_EDGE ( 'NONE', *, *, #293, .F. ) ;
#730 = DIRECTION ( 'NONE',  ( 1.000000000000000000, 0.000000000000000000, 0.000000000000000000 ) ) ;
#731 = DIRECTION ( 'NONE',  ( -0.5519369853120621450, 0.000000000000000000, -0.8338858220671655497 ) ) ;
#732 = ORIENTED_EDGE ( 'NONE', *, *, #3159, .F. ) ;
#733 = VERTEX_POINT ( 'NONE', #1581 ) ;
#734 = EDGE_CURVE ( 'NONE', #3114, #1862, #2087, .T. ) ;
#735 = DIRECTION ( 'NONE',  ( 0.000000000000000000, 0.000000000000000000, 1.000000000000000000 ) ) ;
#736 = DIRECTION ( 'NONE',  ( -0.000000000000000000, 1.000000000000000000, -0.000000000000000000 ) ) ;
#737 = ORIENTED_EDGE ( 'NONE', *, *, #581, .F. ) ;
#738 = VECTOR ( 'NONE', #2554, 1000.000000000000000 ) ;
#739 = LINE ( 'NONE', #2462, #344 ) ;
#740 = DIRECTION ( 'NONE',  ( 1.000000000000000000, 3.097720492815727659E-17, 0.000000000000000000 ) ) ;
#741 = VERTEX_POINT ( 'NONE', #2011 ) ;
#742 = DIRECTION ( 'NONE',  ( 1.000000000000000000, 3.097720492815727659E-17, -0.000000000000000000 ) ) ;
#743 = ORIENTED_EDGE ( 'NONE', *, *, #1398, .T. ) ;
#744 = DIRECTION ( 'NONE',  ( 0.8338858220671655497, 0.000000000000000000, -0.5519369853120621450 ) ) ;
#745 = VECTOR ( 'NONE', #1583, 1000.000000000000000 ) ;
#746 = CARTESIAN_POINT ( 'NONE',  ( 10.70000000000000817, 7.500000000000000000, -6.499999999999993783 ) ) ;
#747 = VERTEX_POINT ( 'NONE', #587 ) ;
#748 = CIRCLE ( 'NONE', #2284, 1.749999999992299493 ) ;
#749 = CARTESIAN_POINT ( 'NONE',  ( 11.00151011402221535, 5.000000000000000000, -25.37755881436180161 ) ) ;
#750 = APPLICATION_PROTOCOL_DEFINITION ( 'draft international standard', 'automotive_design', 1998, #2343 ) ;
#751 = LINE ( 'NONE', #3243, #2065 ) ;
#752 = ORIENTED_EDGE ( 'NONE', *, *, #2849, .F. ) ;
#753 = AXIS2_PLACEMENT_3D ( 'NONE', #528, #1795, #2724 ) ;
#754 = CIRCLE ( 'NONE', #817, 4.000000000000000000 ) ;
#755 = ORIENTED_EDGE ( 'NONE', *, *, #956, .F. ) ;
#756 = PRODUCT_DEFINITION_FORMATION_WITH_SPECIFIED_SOURCE ( 'ANY', '', #2038, .NOT_KNOWN. ) ;
#757 = EDGE_CURVE ( 'NONE', #952, #562, #212, .T. ) ;
#758 = DIRECTION ( 'NONE',  ( 1.000000000000000000, 3.097720492815727659E-17, -0.000000000000000000 ) ) ;
#759 = EDGE_CURVE ( 'NONE', #708, #224, #1015, .T. ) ;
#760 = CARTESIAN_POINT ( 'NONE',  ( 25.60517947633836755, 3.999999999999993339, 35.62244118563819484 ) ) ;
#761 = ADVANCED_FACE ( 'NONE', ( #2590 ), #2780, .T. ) ;
#762 = VERTEX_POINT ( 'NONE', #1771 ) ;
#763 = LINE ( 'NONE', #1283, #2073 ) ;
#764 = CARTESIAN_POINT ( 'NONE',  ( 3.478373297732397784, 0.000000000000000000, 39.62244118563819484 ) ) ;
#765 = ORIENTED_EDGE ( 'NONE', *, *, #2800, .T. ) ;
#766 = DIRECTION ( 'NONE',  ( 0.000000000000000000, 0.000000000000000000, 1.000000000000000000 ) ) ;
#767 = ORIENTED_EDGE ( 'NONE', *, *, #1193, .T. ) ;
#768 = CARTESIAN_POINT ( 'NONE',  ( 10.70000000000000817, 21.53887459877037358, 6.500000000000004441 ) ) ;
#769 = VERTEX_POINT ( 'NONE', #521 ) ;
#770 = DIRECTION ( 'NONE',  ( -0.7071067811865462405, 0.000000000000000000, -0.7071067811865489050 ) ) ;
#771 = DIRECTION ( 'NONE',  ( 0.000000000000000000, 0.7071067811865474617, 0.7071067811865474617 ) ) ;
#772 = ORIENTED_EDGE ( 'NONE', *, *, #1429, .T. ) ;
#773 = VERTEX_POINT ( 'NONE', #1534 ) ;
#774 = ORIENTED_EDGE ( 'NONE', *, *, #1037, .F. ) ;
#775 = EDGE_CURVE ( 'NONE', #2674, #940, #2525, .T. ) ;
#776 = DIRECTION ( 'NONE',  ( -1.000000000000000000, 0.000000000000000000, -0.000000000000000000 ) ) ;
#777 = DIRECTION ( 'NONE',  ( 0.000000000000000000, 0.000000000000000000, -1.000000000000000000 ) ) ;
#778 = CARTESIAN_POINT ( 'NONE',  ( -10.99848988597778465, 8.000000000000000000, -49.37755881436179806 ) ) ;
#779 = ORIENTED_EDGE ( 'NONE', *, *, #1362, .F. ) ;
#780 = ADVANCED_FACE ( 'NONE', ( #28 ), #2778, .T. ) ;
#781 = DIRECTION ( 'NONE',  ( 0.000000000000000000, 1.000000000000000000, 0.000000000000000000 ) ) ;
#782 = LINE ( 'NONE', #2496, #702 ) ;
#783 = DIRECTION ( 'NONE',  ( 0.000000000000000000, 1.000000000000000000, 0.000000000000000000 ) ) ;
#784 = ADVANCED_FACE ( 'NONE', ( #2049 ), #3025, .F. ) ;
#785 = CARTESIAN_POINT ( 'NONE',  ( -0.5999999999999948708, 7.500000000000000000, 15.37906892838401696 ) ) ;
#786 = CARTESIAN_POINT ( 'NONE',  ( 19.75444302151002418, 5.000000000000000000, -15.37906892838400630 ) ) ;
#787 = CARTESIAN_POINT ( 'NONE',  ( 11.00151011402221535, 5.000000000000000000, -25.37755881436180161 ) ) ;
#788 = ORIENTED_EDGE ( 'NONE', *, *, #695, .T. ) ;
#789 = ORIENTED_EDGE ( 'NONE', *, *, #1688, .T. ) ;
#790 = ORIENTED_EDGE ( 'NONE', *, *, #1691, .T. ) ;
#791 = LINE ( 'NONE', #2740, #1407 ) ;
#792 = CARTESIAN_POINT ( 'NONE',  ( -7.998489885977767777, 24.00000000000000000, -49.37755881436179806 ) ) ;
#793 = CARTESIAN_POINT ( 'NONE',  ( -8.099999999999985434, 15.99999999999999645, -41.37755881436179806 ) ) ;
#794 = VECTOR ( 'NONE', #433, 1000.000000000000000 ) ;
#795 = ADVANCED_FACE ( 'NONE', ( #1804 ), #64, .T. ) ;
#796 = EDGE_LOOP ( 'NONE', ( #175, #1537, #591, #915 ) ) ;
#797 = VECTOR ( 'NONE', #1773, 1000.000000000000000 ) ;
#798 = ORIENTED_EDGE ( 'NONE', *, *, #2946, .F. ) ;
#799 = CARTESIAN_POINT ( 'NONE',  ( -18.35240041031786618, 12.13999999999999879, -41.37755881436179806 ) ) ;
#800 = FACE_OUTER_BOUND ( 'NONE', #2539, .T. ) ;
#801 = DIRECTION ( 'NONE',  ( 0.000000000000000000, 1.000000000000000000, 0.000000000000000000 ) ) ;
#802 = CIRCLE ( 'NONE', #2061, 1.750000000000000000 ) ;
#803 = DIRECTION ( 'NONE',  ( 0.000000000000000000, 0.000000000000000000, -1.000000000000000000 ) ) ;
#804 = EDGE_CURVE ( 'NONE', #2604, #58, #2898, .T. ) ;
#805 = DIRECTION ( 'NONE',  ( 0.5896463195190099205, -0.7071067811865496822, 0.3902783851018176153 ) ) ;
#806 = VECTOR ( 'NONE', #2876, 1000.000000000000000 ) ;
#807 = CARTESIAN_POINT ( 'NONE',  ( 35.65000000000000568, -1.187005768508881287, -0.9500000000000008438 ) ) ;
#808 = FACE_BOUND ( 'NONE', #3026, .T. ) ;
#809 = MECHANICAL_DESIGN_GEOMETRIC_PRESENTATION_REPRESENTATION (  '', ( #2647 ), #2956 ) ;
#810 = ORIENTED_EDGE ( 'NONE', *, *, #3083, .F. ) ;
#811 = VECTOR ( 'NONE', #2376, 1000.000000000000000 ) ;
#812 = AXIS2_PLACEMENT_3D ( 'NONE', #362, #3038, #1339 ) ;
#813 = CARTESIAN_POINT ( 'NONE',  ( -12.25741910161673331, 1.000000000000000888, -14.48913718705239972 ) ) ;
#814 = DIRECTION ( 'NONE',  ( 1.000000000000000000, 3.097720492815727659E-17, 0.000000000000000000 ) ) ;
#815 = DIRECTION ( 'NONE',  ( -0.000000000000000000, 1.000000000000000000, -0.000000000000000000 ) ) ;
#816 = ORIENTED_EDGE ( 'NONE', *, *, #1458, .T. ) ;
#817 = AXIS2_PLACEMENT_3D ( 'NONE', #2725, #201, #2206 ) ;
#818 = CARTESIAN_POINT ( 'NONE',  ( 0.000000000000000000, 1.500000000000000000, 0.000000000000000000 ) ) ;
#819 = DIRECTION ( 'NONE',  ( -2.148812024273283421E-16, 0.8028067944157775138, -0.5962392563726943706 ) ) ;
#820 = LINE ( 'NONE', #2829, #434 ) ;
#821 = ORIENTED_EDGE ( 'NONE', *, *, #1688, .F. ) ;
#822 = FACE_OUTER_BOUND ( 'NONE', #1425, .T. ) ;
#823 = EDGE_CURVE ( 'NONE', #373, #2359, #1906, .T. ) ;
#824 = EDGE_CURVE ( 'NONE', #1159, #1202, #170, .T. ) ;
#825 = LINE ( 'NONE', #2578, #30 ) ;
#826 = ORIENTED_EDGE ( 'NONE', *, *, #1343, .T. ) ;
#827 = CARTESIAN_POINT ( 'NONE',  ( 23.07106781186546129, 5.000000000000000000, -20.37906892838400097 ) ) ;
#828 = CARTESIAN_POINT ( 'NONE',  ( -8.099999999999985434, 16.00000000000000000, -41.37755881436179806 ) ) ;
#829 = ORIENTED_EDGE ( 'NONE', *, *, #2131, .T. ) ;
#830 = LINE ( 'NONE', #1838, #3062 ) ;
#831 = ORIENTED_EDGE ( 'NONE', *, *, #3237, .T. ) ;
#832 = CARTESIAN_POINT ( 'NONE',  ( -10.99848988597778465, 28.99999999999998579, -49.37755881436179806 ) ) ;
#833 = DIRECTION ( 'NONE',  ( 0.5896463195190133622, 0.7071067811865459074, 0.3902783851018191141 ) ) ;
#834 = DIRECTION ( 'NONE',  ( 0.000000000000000000, 0.000000000000000000, -1.000000000000000000 ) ) ;
#835 = ORIENTED_EDGE ( 'NONE', *, *, #3216, .T. ) ;
#836 = LINE ( 'NONE', #2370, #962 ) ;
#837 = EDGE_CURVE ( 'NONE', #2359, #2606, #2635, .T. ) ;
#838 = EDGE_CURVE ( 'NONE', #2317, #632, #1793, .T. ) ;
#839 = ORIENTED_EDGE ( 'NONE', *, *, #2680, .F. ) ;
#840 = DIRECTION ( 'NONE',  ( 0.000000000000000000, 0.000000000000000000, 1.000000000000000000 ) ) ;
#841 = ORIENTED_EDGE ( 'NONE', *, *, #1175, .T. ) ;
#842 = VERTEX_POINT ( 'NONE', #1448 ) ;
#843 = FACE_OUTER_BOUND ( 'NONE', #3053, .T. ) ;
#844 = DIRECTION ( 'NONE',  ( 0.000000000000000000, -0.7071067811865446862, 0.7071067811865503483 ) ) ;
#845 = DIRECTION ( 'NONE',  ( 0.000000000000000000, -1.000000000000000000, 0.000000000000000000 ) ) ;
#846 = DIRECTION ( 'NONE',  ( -1.000000000000000000, 0.000000000000000000, 0.000000000000000000 ) ) ;
#847 = ORIENTED_EDGE ( 'NONE', *, *, #2332, .F. ) ;
#848 = ORIENTED_EDGE ( 'NONE', *, *, #1912, .T. ) ;
#849 = DIRECTION ( 'NONE',  ( 8.673617379884033500E-16, 0.000000000000000000, -1.000000000000000000 ) ) ;
#850 = CARTESIAN_POINT ( 'NONE',  ( -11.25741910161672976, 0.000000000000000000, -15.98914101734887794 ) ) ;
#851 = CIRCLE ( 'NONE', #1126, 4.999999999999999112 ) ;
#852 = ORIENTED_EDGE ( 'NONE', *, *, #1848, .F. ) ;
#853 = AXIS2_PLACEMENT_3D ( 'NONE', #61, #1785, #766 ) ;
#854 = CARTESIAN_POINT ( 'NONE',  ( -10.59296238988537731, 5.000000000000000000, 21.61017613860657960 ) ) ;
#855 = VERTEX_POINT ( 'NONE', #1674 ) ;
#856 = CARTESIAN_POINT ( 'NONE',  ( -10.99848988597778465, 21.09999999999999787, -41.37755881436179806 ) ) ;
#857 = VECTOR ( 'NONE', #771, 1000.000000000000114 ) ;
#858 = ORIENTED_EDGE ( 'NONE', *, *, #1117, .T. ) ;
#859 = PLANE ( 'NONE',  #2428 ) ;
#860 = CARTESIAN_POINT ( 'NONE',  ( -10.99848988597778465, 8.000000000000000000, -57.37755881436179806 ) ) ;
#861 = ORIENTED_EDGE ( 'NONE', *, *, #2528, .T. ) ;
#862 = CARTESIAN_POINT ( 'NONE',  ( 9.816869100397040526, 6.859976401637254639, -22.51758241272450078 ) ) ;
#863 = AXIS2_PLACEMENT_3D ( 'NONE', #932, #413, #2640 ) ;
#864 = VECTOR ( 'NONE', #2448, 1000.000000000000114 ) ;
#865 = ORIENTED_EDGE ( 'NONE', *, *, #2350, .T. ) ;
#866 = EDGE_CURVE ( 'NONE', #2942, #1490, #2211, .T. ) ;
#867 = AXIS2_PLACEMENT_3D ( 'NONE', #2921, #1449, #190 ) ;
#868 = ORIENTED_EDGE ( 'NONE', *, *, #440, .F. ) ;
#869 = EDGE_CURVE ( 'NONE', #2561, #16, #132, .T. ) ;
#870 = DIRECTION ( 'NONE',  ( 0.000000000000000000, 0.000000000000000000, -1.000000000000000000 ) ) ;
#871 = DIRECTION ( 'NONE',  ( -0.000000000000000000, 1.000000000000000000, -0.000000000000000000 ) ) ;
#872 = DIRECTION ( 'NONE',  ( -0.7071067811865515695, -0.7071067811865435759, 0.000000000000000000 ) ) ;
#873 = AXIS2_PLACEMENT_3D ( 'NONE', #3123, #2583, #91 ) ;
#874 = VERTEX_POINT ( 'NONE', #612 ) ;
#875 = FACE_OUTER_BOUND ( 'NONE', #2072, .T. ) ;
#876 = VECTOR ( 'NONE', #1295, 1000.000000000000000 ) ;
#877 = CARTESIAN_POINT ( 'NONE',  ( -3.099999999999975664, 0.000000000000000000, 0.000000000000000000 ) ) ;
#878 = ORIENTED_EDGE ( 'NONE', *, *, #445, .T. ) ;
#879 = DIRECTION ( 'NONE',  ( 0.5896463195190130291, 0.7071067811865463515, 0.3902783851018189476 ) ) ;
#880 = EDGE_LOOP ( 'NONE', ( #1491, #2407, #1789, #3174 ) ) ;
#881 = VERTEX_POINT ( 'NONE', #159 ) ;
#882 = LINE ( 'NONE', #2602, #133 ) ;
#883 = CARTESIAN_POINT ( 'NONE',  ( -10.59296238988537731, 5.000000000000000000, 21.61017613860657960 ) ) ;
#884 = CARTESIAN_POINT ( 'NONE',  ( -8.099999999999985434, 12.13999999999999879, -41.37755881436179806 ) ) ;
#885 = EDGE_CURVE ( 'NONE', #1794, #1582, #851, .T. ) ;
#886 = EDGE_LOOP ( 'NONE', ( #980, #1568, #2112, #1009 ) ) ;
#887 = EDGE_CURVE ( 'NONE', #2369, #2083, #3134, .T. ) ;
#888 = FACE_OUTER_BOUND ( 'NONE', #3181, .T. ) ;
#889 = LINE ( 'NONE', #2638, #1079 ) ;
#890 = DIRECTION ( 'NONE',  ( 2.676624113323589071E-16, -1.000000000000000000, 0.000000000000000000 ) ) ;
#891 = ORIENTED_EDGE ( 'NONE', *, *, #206, .T. ) ;
#892 = DIRECTION ( 'NONE',  ( 0.000000000000000000, 0.000000000000000000, -1.000000000000000000 ) ) ;
#893 = CARTESIAN_POINT ( 'NONE',  ( -8.099999999999985434, 23.69999999999999218, -41.37755881436179806 ) ) ;
#894 = ORIENTED_EDGE ( 'NONE', *, *, #9, .F. ) ;
#895 = DIRECTION ( 'NONE',  ( 0.000000000000000000, 0.000000000000000000, -1.000000000000000000 ) ) ;
#896 = ORIENTED_EDGE ( 'NONE', *, *, #3200, .F. ) ;
#897 = ADVANCED_FACE ( 'NONE', ( #843 ), #859, .T. ) ;
#898 = CARTESIAN_POINT ( 'NONE',  ( 41.30000000000001847, 1.000000000000000888, -10.37906892838400452 ) ) ;
#899 = VERTEX_POINT ( 'NONE', #1814 ) ;
#900 = LINE ( 'NONE', #225, #179 ) ;
#901 = ADVANCED_FACE ( 'NONE', ( #808, #106, #3095, #2783, #1043 ), #1327, .T. ) ;
#902 = CARTESIAN_POINT ( 'NONE',  ( 11.00151011402221535, 1.000000000000000888, -25.37755881436180161 ) ) ;
#903 = DIRECTION ( 'NONE',  ( 0.000000000000000000, 0.7071067811865474617, 0.7071067811865474617 ) ) ;
#904 = CONICAL_SURFACE ( 'NONE', #1586, 3.999999999999982681, 0.7853981633974533860 ) ;
#905 = LINE ( 'NONE', #2905, #2122 ) ;
#906 = DIRECTION ( 'NONE',  ( 0.000000000000000000, 0.000000000000000000, 1.000000000000000000 ) ) ;
#907 = AXIS2_PLACEMENT_3D ( 'NONE', #3152, #676, #3071 ) ;
#908 = ORIENTED_EDGE ( 'NONE', *, *, #1457, .T. ) ;
#909 = VECTOR ( 'NONE', #933, 1000.000000000000000 ) ;
#910 = EDGE_CURVE ( 'NONE', #762, #2631, #678, .T. ) ;
#911 = DIRECTION ( 'NONE',  ( 1.000000000000000000, 3.097720492815727659E-17, -0.000000000000000000 ) ) ;
#912 = AXIS2_PLACEMENT_3D ( 'NONE', #166, #1185, #2172 ) ;
#913 = CARTESIAN_POINT ( 'NONE',  ( 20.99999999999997868, 3.999999999999993339, -15.37906892838400275 ) ) ;
#914 = ORIENTED_EDGE ( 'NONE', *, *, #1383, .T. ) ;
#915 = ORIENTED_EDGE ( 'NONE', *, *, #1691, .F. ) ;
#916 = CARTESIAN_POINT ( 'NONE',  ( 29.77460858667419430, 3.999999999999993339, 38.38212611219850601 ) ) ;
#917 = DIRECTION ( 'NONE',  ( -0.000000000000000000, 1.000000000000000000, -0.000000000000000000 ) ) ;
#918 = VECTOR ( 'NONE', #2162, 1000.000000000000000 ) ;
#919 = AXIS2_PLACEMENT_3D ( 'NONE', #2258, #711, #1532 ) ;
#920 = DIRECTION ( 'NONE',  ( -9.801695887712422592E-17, 0.000000000000000000, -1.000000000000000000 ) ) ;
#921 = CONICAL_SURFACE ( 'NONE', #1709, 3.999999999999996447, 0.7853981633974496113 ) ;
#922 = LINE ( 'NONE', #2455, #1179 ) ;
#923 = ORIENTED_EDGE ( 'NONE', *, *, #956, .T. ) ;
#924 = CARTESIAN_POINT ( 'NONE',  ( 40.30000000000001847, 0.000000000000000000, 19.46432994909537939 ) ) ;
#925 = EDGE_CURVE ( 'NONE', #2088, #4, #2400, .T. ) ;
#926 = EDGE_CURVE ( 'NONE', #1159, #1350, #185, .T. ) ;
#927 = CARTESIAN_POINT ( 'NONE',  ( 23.07106781186546129, 1.000000000000000888, -20.37906892838400097 ) ) ;
#928 = ORIENTED_EDGE ( 'NONE', *, *, #1744, .T. ) ;
#929 = ORIENTED_EDGE ( 'NONE', *, *, #2961, .T. ) ;
#930 = DIRECTION ( 'NONE',  ( 0.000000000000000000, 0.000000000000000000, 1.000000000000000000 ) ) ;
#931 = DIRECTION ( 'NONE',  ( 1.000000000000000000, 3.097720492815727659E-17, 0.000000000000000000 ) ) ;
#932 = CARTESIAN_POINT ( 'NONE',  ( 0.000000000000000000, 1.500000000000000000, 0.000000000000000000 ) ) ;
#933 = DIRECTION ( 'NONE',  ( 1.000000000000000000, 3.097720492815727659E-17, -0.000000000000000000 ) ) ;
#934 = ORIENTED_EDGE ( 'NONE', *, *, #2190, .F. ) ;
#935 = ADVANCED_FACE ( 'NONE', ( #1669 ), #3124, .F. ) ;
#936 = FACE_OUTER_BOUND ( 'NONE', #3107, .T. ) ;
#937 = EDGE_CURVE ( 'NONE', #2397, #1972, #2145, .T. ) ;
#938 = CARTESIAN_POINT ( 'NONE',  ( -0.5999999999999948708, 7.500000000000000000, 12.87906892838402761 ) ) ;
#939 = DIRECTION ( 'NONE',  ( 0.000000000000000000, -1.000000000000000000, 0.000000000000000000 ) ) ;
#940 = VERTEX_POINT ( 'NONE', #898 ) ;
#941 = EDGE_CURVE ( 'NONE', #2397, #2205, #1901, .T. ) ;
#942 = ORIENTED_EDGE ( 'NONE', *, *, #668, .F. ) ;
#943 = CARTESIAN_POINT ( 'NONE',  ( -7.257419101616729762, 5.000000000000000000, 6.399688103449668240E-15 ) ) ;
#944 = LINE ( 'NONE', #3158, #1349 ) ;
#945 = CARTESIAN_POINT ( 'NONE',  ( 5.400000000000005684, 7.500000000000000000, -6.499999999999993783 ) ) ;
#946 = LINE ( 'NONE', #416, #1497 ) ;
#947 = EDGE_LOOP ( 'NONE', ( #1368, #1127, #1325, #2737 ) ) ;
#948 = VECTOR ( 'NONE', #2436, 1000.000000000000114 ) ;
#949 = CARTESIAN_POINT ( 'NONE',  ( 37.53581836401986038, 5.000000000000000000, 24.84441620280906804 ) ) ;
#950 = DIRECTION ( 'NONE',  ( -1.000000000000000000, 0.000000000000000000, -0.000000000000000000 ) ) ;
#951 = ORIENTED_EDGE ( 'NONE', *, *, #1805, .T. ) ;
#952 = VERTEX_POINT ( 'NONE', #2233 ) ;
#953 = AXIS2_PLACEMENT_3D ( 'NONE', #665, #1919, #2146 ) ;
#954 = FACE_OUTER_BOUND ( 'NONE', #1782, .T. ) ;
#955 = AXIS2_PLACEMENT_3D ( 'NONE', #464, #2252, #2735 ) ;
#956 = EDGE_CURVE ( 'NONE', #1846, #1867, #2684, .T. ) ;
#957 = ADVANCED_FACE ( 'NONE', ( #1984 ), #1523, .F. ) ;
#958 = ADVANCED_FACE ( 'NONE', ( #623 ), #1595, .F. ) ;
#959 = DIRECTION ( 'NONE',  ( 0.000000000000000000, 0.000000000000000000, -1.000000000000000000 ) ) ;
#960 = CARTESIAN_POINT ( 'NONE',  ( -10.59296238988538619, 0.000000000000000000, 21.61017613860658670 ) ) ;
#961 = DIRECTION ( 'NONE',  ( -1.000000000000000000, 0.000000000000000000, -0.000000000000000000 ) ) ;
#962 = VECTOR ( 'NONE', #2815, 1000.000000000000000 ) ;
#963 = AXIS2_PLACEMENT_3D ( 'NONE', #27, #1533, #2543 ) ;
#964 = CARTESIAN_POINT ( 'NONE',  ( -7.998489885977753566, 7.500000000000000000, -14.48913718705239972 ) ) ;
#965 = VECTOR ( 'NONE', #2563, 1000.000000000000000 ) ;
#966 = VERTEX_POINT ( 'NONE', #3089 ) ;
#967 = AXIS2_PLACEMENT_3D ( 'NONE', #2560, #356, #302 ) ;
#968 = ORIENTED_EDGE ( 'NONE', *, *, #3189, .T. ) ;
#969 = ORIENTED_EDGE ( 'NONE', *, *, #2958, .T. ) ;
#970 = EDGE_CURVE ( 'NONE', #1350, #2409, #1092, .T. ) ;
#971 = LINE ( 'NONE', #1033, #3008 ) ;
#972 = EDGE_CURVE ( 'NONE', #1972, #1466, #1604, .T. ) ;
#973 = LINE ( 'NONE', #1234, #1655 ) ;
#974 = DIRECTION ( 'NONE',  ( -0.7071067811865462405, 0.000000000000000000, -0.7071067811865489050 ) ) ;
#975 = ORIENTED_EDGE ( 'NONE', *, *, #1020, .F. ) ;
#976 = AXIS2_PLACEMENT_3D ( 'NONE', #703, #1942, #2439 ) ;
#977 = PLANE ( 'NONE',  #1738 ) ;
#978 = DIRECTION ( 'NONE',  ( -0.7071067811865475727, -0.7071067811865475727, -0.000000000000000000 ) ) ;
#979 = LINE ( 'NONE', #2977, #797 ) ;
#980 = ORIENTED_EDGE ( 'NONE', *, *, #1133, .T. ) ;
#981 = B_SPLINE_CURVE_WITH_KNOTS ( 'NONE', 3,
 ( #2261, #3027, #2246, #257, #272, #1484, #3240, #2480 ),
 .UNSPECIFIED., .F., .F.,
 ( 4, 2, 2, 4 ),
 ( 6.774311733017760927E-18, 0.001984456658328190466, 0.002976684987492281362, 0.003968913316656372259 ),
 .UNSPECIFIED. ) ;
#982 = CARTESIAN_POINT ( 'NONE',  ( -0.5999999999999872102, 29.50000000000001776, -41.37755881436179806 ) ) ;
#983 = LINE ( 'NONE', #2940, #1012 ) ;
#984 = ORIENTED_EDGE ( 'NONE', *, *, #2133, .T. ) ;
#985 = EDGE_LOOP ( 'NONE', ( #852, #3176 ) ) ;
#986 = CARTESIAN_POINT ( 'NONE',  ( -4.998489885977784652, 0.000000000000000000, -25.37755881436179806 ) ) ;
#987 = DIRECTION ( 'NONE',  ( 0.000000000000000000, -1.000000000000000000, 0.000000000000000000 ) ) ;
#988 = VERTEX_POINT ( 'NONE', #2099 ) ;
#989 = FACE_OUTER_BOUND ( 'NONE', #947, .T. ) ;
#990 = PLANE ( 'NONE',  #1450 ) ;
#991 = ORIENTED_EDGE ( 'NONE', *, *, #1041, .T. ) ;
#992 = CIRCLE ( 'NONE', #2208, 1.749999999992299493 ) ;
#993 = CARTESIAN_POINT ( 'NONE',  ( -18.35240041031786618, 21.09999999999999787, -41.37755881436179806 ) ) ;
#994 = VERTEX_POINT ( 'NONE', #1614 ) ;
#995 = DIRECTION ( 'NONE',  ( 0.7071067811865474617, 0.000000000000000000, -0.7071067811865474617 ) ) ;
#996 = DIRECTION ( 'NONE',  ( 0.000000000000000000, 1.000000000000000000, -0.000000000000000000 ) ) ;
#997 = ORIENTED_EDGE ( 'NONE', *, *, #1398, .F. ) ;
#998 = EDGE_CURVE ( 'NONE', #1399, #286, #2085, .T. ) ;
#999 = ADVANCED_FACE ( 'NONE', ( #2542 ), #2847, .F. ) ;
#1000 = AXIS2_PLACEMENT_3D ( 'NONE', #2835, #1210, #2705 ) ;
#1001 = FACE_OUTER_BOUND ( 'NONE', #1028, .T. ) ;
#1002 = CARTESIAN_POINT ( 'NONE',  ( 16.90000000000000568, 1.500000000000000000, 5.204170427930421283E-15 ) ) ;
#1003 = PLANE ( 'NONE',  #1495 ) ;
#1004 = ORIENTED_EDGE ( 'NONE', *, *, #1364, .F. ) ;
#1005 = ORIENTED_EDGE ( 'NONE', *, *, #682, .T. ) ;
#1006 = CYLINDRICAL_SURFACE ( 'NONE', #2955, 1.300000000000002487 ) ;
#1007 = LINE ( 'NONE', #1767, #1027 ) ;
#1008 = AXIS2_PLACEMENT_3D ( 'NONE', #1575, #2788, #1544 ) ;
#1009 = ORIENTED_EDGE ( 'NONE', *, *, #104, .F. ) ;
#1010 = CIRCLE ( 'NONE', #1442, 1.300000000000002487 ) ;
#1011 = CARTESIAN_POINT ( 'NONE',  ( 3.478373297732397784, 5.000000000000000000, 35.62244118563819484 ) ) ;
#1012 = VECTOR ( 'NONE', #1213, 1000.000000000000114 ) ;
#1013 = CARTESIAN_POINT ( 'NONE',  ( -3.099999999999976996, 0.000000000000000000, -49.37755881436179806 ) ) ;
#1014 = CARTESIAN_POINT ( 'NONE',  ( 18.82842712474617031, 0.000000000000000000, -16.13642824126472775 ) ) ;
#1015 = LINE ( 'NONE', #290, #1739 ) ;
#1016 = ORIENTED_EDGE ( 'NONE', *, *, #727, .F. ) ;
#1017 = FACE_OUTER_BOUND ( 'NONE', #2159, .T. ) ;
#1018 = VECTOR ( 'NONE', #1665, 1000.000000000000000 ) ;
#1019 = EDGE_LOOP ( 'NONE', ( #2987, #1080, #1329, #359 ) ) ;
#1020 = EDGE_CURVE ( 'NONE', #2689, #336, #1144, .T. ) ;
#1021 = VECTOR ( 'NONE', #1951, 999.9999999999998863 ) ;
#1022 = CIRCLE ( 'NONE', #2796, 1.749999999995848654 ) ;
#1023 = LINE ( 'NONE', #543, #3175 ) ;
#1024 = LINE ( 'NONE', #2021, #738 ) ;
#1025 = ORIENTED_EDGE ( 'NONE', *, *, #1934, .T. ) ;
#1026 = AXIS2_PLACEMENT_3D ( 'NONE', #2787, #282, #3049 ) ;
#1027 = VECTOR ( 'NONE', #1780, 1000.000000000000000 ) ;
#1028 = EDGE_LOOP ( 'NONE', ( #57, #2535, #2624, #279 ) ) ;
#1029 = ADVANCED_FACE ( 'NONE', ( #78 ), #97, .T. ) ;
#1030 = DIRECTION ( 'NONE',  ( -1.000000000000000000, 0.000000000000000000, 0.000000000000000000 ) ) ;
#1031 = PLANE ( 'NONE',  #481 ) ;
#1032 = AXIS2_PLACEMENT_3D ( 'NONE', #856, #3137, #895 ) ;
#1033 = CARTESIAN_POINT ( 'NONE',  ( 35.65000000000000568, -1.187005768508881287, 0.9500000000000008438 ) ) ;
#1034 = ORIENTED_EDGE ( 'NONE', *, *, #1288, .F. ) ;
#1035 = PLANE ( 'NONE',  #2341 ) ;
#1036 = PLANE ( 'NONE',  #1293 ) ;
#1037 = EDGE_CURVE ( 'NONE', #1350, #580, #585, .T. ) ;
#1038 = FACE_OUTER_BOUND ( 'NONE', #1563, .T. ) ;
#1039 = DIRECTION ( 'NONE',  ( 2.148812024273283421E-16, -0.8028067944157775138, 0.5962392563726943706 ) ) ;
#1040 = ORIENTED_EDGE ( 'NONE', *, *, #2925, .T. ) ;
#1041 = EDGE_CURVE ( 'NONE', #1417, #1531, #2853, .T. ) ;
#1042 = CARTESIAN_POINT ( 'NONE',  ( 23.07106781186546129, 3.999999999999993339, -15.37906892838400275 ) ) ;
#1043 = FACE_OUTER_BOUND ( 'NONE', #324, .T. ) ;
#1044 = CARTESIAN_POINT ( 'NONE',  ( 36.30000000000001847, 5.000000000000011546, -15.37906892838400452 ) ) ;
#1045 = EDGE_LOOP ( 'NONE', ( #1371, #3236 ) ) ;
#1046 = ORIENTED_EDGE ( 'NONE', *, *, #1132, .F. ) ;
#1047 = CARTESIAN_POINT ( 'NONE',  ( -18.35240041031786618, 15.99999999999999645, -41.37755881436179806 ) ) ;
#1048 = DIRECTION ( 'NONE',  ( 1.000000000000000000, 0.000000000000000000, 0.000000000000000000 ) ) ;
#1049 = DIRECTION ( 'NONE',  ( 0.2810846377148211173, -0.6785983445458417807, -0.6785983445458519947 ) ) ;
#1050 = EDGE_LOOP ( 'NONE', ( #1034, #588, #1896, #3066 ) ) ;
#1051 = EDGE_CURVE ( 'NONE', #554, #1946, #1823, .T. ) ;
#1052 = LINE ( 'NONE', #2776, #2398 ) ;
#1053 = CARTESIAN_POINT ( 'NONE',  ( 41.30000000000001847, 1.000000000000000888, 0.000000000000000000 ) ) ;
#1054 = VERTEX_POINT ( 'NONE', #832 ) ;
#1055 = FACE_OUTER_BOUND ( 'NONE', #1019, .T. ) ;
#1056 = DIRECTION ( 'NONE',  ( -0.7071067811865475727, -0.4216048213907566677, -0.5676701283140306309 ) ) ;
#1057 = VERTEX_POINT ( 'NONE', #1107 ) ;
#1058 = CARTESIAN_POINT ( 'NONE',  ( 25.60517947633836755, 1.000000000000000888, 40.62244118563819484 ) ) ;
#1059 = EDGE_LOOP ( 'NONE', ( #1729, #3019 ) ) ;
#1060 = FACE_OUTER_BOUND ( 'NONE', #2191, .T. ) ;
#1061 = CARTESIAN_POINT ( 'NONE',  ( 40.30000000000000426, 5.000000000000000000, -10.37906892838400452 ) ) ;
#1062 = ORIENTED_EDGE ( 'NONE', *, *, #1493, .T. ) ;
#1063 = CIRCLE ( 'NONE', #2687, 1.300000000000002487 ) ;
#1064 = AXIS2_PLACEMENT_3D ( 'NONE', #1309, #3039, #801 ) ;
#1065 = EDGE_LOOP ( 'NONE', ( #2234, #716, #1121, #2110 ) ) ;
#1066 = DIRECTION ( 'NONE',  ( -0.000000000000000000, -1.000000000000000000, -0.000000000000000000 ) ) ;
#1067 = PRESENTATION_STYLE_ASSIGNMENT (( #1596 ) ) ;
#1068 = VECTOR ( 'NONE', #1885, 1000.000000000000114 ) ;
#1069 = DIRECTION ( 'NONE',  ( 0.000000000000000000, 0.000000000000000000, -1.000000000000000000 ) ) ;
#1070 = EDGE_CURVE ( 'NONE', #255, #1334, #1052, .T. ) ;
#1071 = EDGE_CURVE ( 'NONE', #1260, #2359, #1375, .T. ) ;
#1072 = AXIS2_PLACEMENT_3D ( 'NONE', #1539, #2533, #1279 ) ;
#1073 = ORIENTED_EDGE ( 'NONE', *, *, #2680, .T. ) ;
#1074 = DIRECTION ( 'NONE',  ( 0.5519369853120621450, 0.000000000000000000, 0.8338858220671655497 ) ) ;
#1075 = DIRECTION ( 'NONE',  ( -0.000000000000000000, 1.000000000000000000, -0.000000000000000000 ) ) ;
#1076 = ORIENTED_EDGE ( 'NONE', *, *, #823, .T. ) ;
#1077 = VECTOR ( 'NONE', #2764, 1000.000000000000000 ) ;
#1078 = CARTESIAN_POINT ( 'NONE',  ( -7.257419101616729762, 0.000000000000000000, -1.749999999999993561 ) ) ;
#1079 = VECTOR ( 'NONE', #2197, 1000.000000000000000 ) ;
#1080 = ORIENTED_EDGE ( 'NONE', *, *, #2869, .F. ) ;
#1081 = AXIS2_PLACEMENT_3D ( 'NONE', #388, #2109, #3101 ) ;
#1082 = VECTOR ( 'NONE', #1529, 999.9999999999998863 ) ;
#1083 = DIRECTION ( 'NONE',  ( 0.000000000000000000, 1.000000000000000000, 0.000000000000000000 ) ) ;
#1084 = DIRECTION ( 'NONE',  ( 1.000000000000000000, 0.000000000000000000, 0.000000000000000000 ) ) ;
#1085 = ORIENTED_EDGE ( 'NONE', *, *, #2266, .F. ) ;
#1086 = LINE ( 'NONE', #3104, #2957 ) ;
#1087 = ORIENTED_EDGE ( 'NONE', *, *, #941, .F. ) ;
#1088 = VECTOR ( 'NONE', #2728, 1000.000000000000114 ) ;
#1089 = EDGE_CURVE ( 'NONE', #842, #553, #2811, .T. ) ;
#1090 = EDGE_LOOP ( 'NONE', ( #2936, #611, #1, #3128 ) ) ;
#1091 = VECTOR ( 'NONE', #3028, 1000.000000000000114 ) ;
#1092 = LINE ( 'NONE', #45, #2727 ) ;
#1093 = CARTESIAN_POINT ( 'NONE',  ( 16.90000000000000568, 0.000000000000000000, 5.204170427930421283E-15 ) ) ;
#1094 = EDGE_CURVE ( 'NONE', #708, #102, #1802, .T. ) ;
#1095 = VERTEX_POINT ( 'NONE', #319 ) ;
#1096 = DIRECTION ( 'NONE',  ( 0.000000000000000000, 0.000000000000000000, 1.000000000000000000 ) ) ;
#1097 = EDGE_CURVE ( 'NONE', #1582, #1531, #555, .T. ) ;
#1098 = ORIENTED_EDGE ( 'NONE', *, *, #104, .T. ) ;
#1099 = LINE ( 'NONE', #2092, #2630 ) ;
#1100 = ORIENTED_EDGE ( 'NONE', *, *, #2353, .T. ) ;
#1101 = CARTESIAN_POINT ( 'NONE',  ( 3.478373297732397784, 5.000000000000000000, 39.62244118563818063 ) ) ;
#1102 = CARTESIAN_POINT ( 'NONE',  ( 16.90000000000000568, 2.500000000000000000, 5.204170427930421283E-15 ) ) ;
#1103 = CARTESIAN_POINT ( 'NONE',  ( 25.60517947633836755, 0.000000000000000000, 39.62244118563819484 ) ) ;
#1104 = LINE ( 'NONE', #862, #2797 ) ;
#1105 = ORIENTED_EDGE ( 'NONE', *, *, #1594, .F. ) ;
#1106 = ORIENTED_EDGE ( 'NONE', *, *, #462, .T. ) ;
#1107 = CARTESIAN_POINT ( 'NONE',  ( -0.5999999999999875433, 5.000000000000000000, -24.37755881436178385 ) ) ;
#1108 = CARTESIAN_POINT ( 'NONE',  ( 33.30000000000001137, 7.500000000000000000, 6.500000000000004441 ) ) ;
#1109 = VERTEX_POINT ( 'NONE', #2315 ) ;
#1110 = DIRECTION ( 'NONE',  ( -0.000000000000000000, -0.000000000000000000, -1.000000000000000000 ) ) ;
#1111 = PLANE ( 'NONE',  #2320 ) ;
#1112 = ORIENTED_EDGE ( 'NONE', *, *, #401, .F. ) ;
#1113 = CARTESIAN_POINT ( 'NONE',  ( -7.257419101616728874, 5.000000000000000000, 19.40242819735833990 ) ) ;
#1114 = ADVANCED_FACE ( 'NONE', ( #569 ), #305, .F. ) ;
#1115 = ORIENTED_EDGE ( 'NONE', *, *, #502, .F. ) ;
#1116 = EDGE_CURVE ( 'NONE', #2863, #1415, #1022, .T. ) ;
#1117 = EDGE_CURVE ( 'NONE', #773, #2503, #339, .T. ) ;
#1118 = CYLINDRICAL_SURFACE ( 'NONE', #1081, 5.000000000000000888 ) ;
#1119 = DIRECTION ( 'NONE',  ( 0.000000000000000000, 1.000000000000000000, 0.000000000000000000 ) ) ;
#1120 = LINE ( 'NONE', #2586, #287 ) ;
#1121 = ORIENTED_EDGE ( 'NONE', *, *, #1711, .F. ) ;
#1122 = ORIENTED_EDGE ( 'NONE', *, *, #1471, .F. ) ;
#1123 = CARTESIAN_POINT ( 'NONE',  ( 38.30000000000001137, 3.999999999999993339, -14.96164462333984702 ) ) ;
#1124 = FACE_OUTER_BOUND ( 'NONE', #2361, .T. ) ;
#1125 = CARTESIAN_POINT ( 'NONE',  ( -0.4975707134926600217, 0.000000000000000000, 15.76658096972232137 ) ) ;
#1126 = AXIS2_PLACEMENT_3D ( 'NONE', #1617, #364, #892 ) ;
#1127 = ORIENTED_EDGE ( 'NONE', *, *, #3146, .F. ) ;
#1128 = DIRECTION ( 'NONE',  ( -1.000000000000000000, -2.676624113323589071E-16, 0.000000000000000000 ) ) ;
#1129 = ORIENTED_EDGE ( 'NONE', *, *, #425, .F. ) ;
#1130 = DIRECTION ( 'NONE',  ( -1.000000000000000000, 0.000000000000000000, 3.771137991253927957E-17 ) ) ;
#1131 = CIRCLE ( 'NONE', #2949, 0.9499999999999992895 ) ;
#1132 = EDGE_CURVE ( 'NONE', #649, #373, #1145, .T. ) ;
#1133 = EDGE_CURVE ( 'NONE', #470, #1626, #748, .T. ) ;
#1134 = ORIENTED_EDGE ( 'NONE', *, *, #361, .T. ) ;
#1135 = EDGE_CURVE ( 'NONE', #461, #2410, #1160, .T. ) ;
#1136 = DIRECTION ( 'NONE',  ( -0.000000000000000000, -0.8028067944157775138, 0.5962392563726943706 ) ) ;
#1137 = CARTESIAN_POINT ( 'NONE',  ( 38.30000000000001137, 5.000000000000000000, 0.000000000000000000 ) ) ;
#1138 = DIRECTION ( 'NONE',  ( 0.000000000000000000, -0.7071067811865475727, -0.7071067811865475727 ) ) ;
#1139 = VECTOR ( 'NONE', #292, 1000.000000000000000 ) ;
#1140 = ORIENTED_EDGE ( 'NONE', *, *, #2978, .F. ) ;
#1141 = VECTOR ( 'NONE', #1278, 1000.000000000000000 ) ;
#1142 = AXIS2_PLACEMENT_3D ( 'NONE', #2747, #3233, #254 ) ;
#1143 = ORIENTED_EDGE ( 'NONE', *, *, #49, .F. ) ;
#1144 = CIRCLE ( 'NONE', #2124, 0.9500000000000008438 ) ;
#1145 = LINE ( 'NONE', #157, #1868 ) ;
#1146 = CARTESIAN_POINT ( 'NONE',  ( 8.050000000000006040, 21.53887459877037358, 0.9500000000000043965 ) ) ;
#1147 = PLANE ( 'NONE',  #2431 ) ;
#1148 = AXIS2_PLACEMENT_3D ( 'NONE', #1658, #917, #2944 ) ;
#1149 = EDGE_LOOP ( 'NONE', ( #36, #3136, #1250, #561 ) ) ;
#1150 = CARTESIAN_POINT ( 'NONE',  ( -8.099999999999985434, 2.500000000000000444, -41.37755881436179806 ) ) ;
#1151 = CARTESIAN_POINT ( 'NONE',  ( -7.998489885977767777, 32.00000000000000000, -57.37755881436179806 ) ) ;
#1152 = EDGE_LOOP ( 'NONE', ( #546, #1004, #380, #3091 ) ) ;
#1153 = DIRECTION ( 'NONE',  ( 0.000000000000000000, 0.000000000000000000, -1.000000000000000000 ) ) ;
#1154 = ORIENTED_EDGE ( 'NONE', *, *, #581, .T. ) ;
#1155 = ADVANCED_FACE ( 'NONE', ( #1447 ), #651, .T. ) ;
#1156 = DIRECTION ( 'NONE',  ( 0.000000000000000000, 1.000000000000000000, 0.000000000000000000 ) ) ;
#1157 = DIRECTION ( 'NONE',  ( -3.097720492815727659E-17, 1.000000000000000000, 0.000000000000000000 ) ) ;
#1158 = DIRECTION ( 'NONE',  ( 0.000000000000000000, -1.000000000000000000, 0.000000000000000000 ) ) ;
#1159 = VERTEX_POINT ( 'NONE', #621 ) ;
#1160 = LINE ( 'NONE', #3177, #2444 ) ;
#1161 = CARTESIAN_POINT ( 'NONE',  ( 41.30000000000001847, 1.000000000000000888, 19.46432994909537939 ) ) ;
#1162 = EDGE_CURVE ( 'NONE', #1632, #1261, #2595, .T. ) ;
#1163 = DIRECTION ( 'NONE',  ( 0.000000000000000000, 0.000000000000000000, -1.000000000000000000 ) ) ;
#1164 = CARTESIAN_POINT ( 'NONE',  ( -8.099999999999985434, 10.83999999999999631, -41.37755881436179806 ) ) ;
#1165 = EDGE_LOOP ( 'NONE', ( #37, #2040 ) ) ;
#1166 = FACE_OUTER_BOUND ( 'NONE', #1377, .T. ) ;
#1167 = ORIENTED_EDGE ( 'NONE', *, *, #476, .T. ) ;
#1168 =( LENGTH_UNIT ( ) NAMED_UNIT ( * ) SI_UNIT ( .MILLI., .METRE. ) );
#1169 = CARTESIAN_POINT ( 'NONE',  ( -0.5999999999999863221, 0.000000000000000000, -57.37755881436179806 ) ) ;
#1170 = ORIENTED_EDGE ( 'NONE', *, *, #223, .F. ) ;
#1171 = DIRECTION ( 'NONE',  ( 0.4850705943202059944, -0.4850705943202059944, -0.7276077494444957994 ) ) ;
#1172 = DIRECTION ( 'NONE',  ( 0.000000000000000000, -1.000000000000000000, 0.000000000000000000 ) ) ;
#1173 = CARTESIAN_POINT ( 'NONE',  ( 6.450755057011140714, 9.550755057011087956, -25.37755881436180161 ) ) ;
#1174 = AXIS2_PLACEMENT_3D ( 'NONE', #2121, #3094, #574 ) ;
#1175 = EDGE_CURVE ( 'NONE', #637, #1334, #169, .T. ) ;
#1176 = CARTESIAN_POINT ( 'NONE',  ( 19.53553390593271644, 1.000000000000001554, -16.84353502245127032 ) ) ;
#1177 = EDGE_CURVE ( 'NONE', #595, #406, #900, .T. ) ;
#1178 = VERTEX_POINT ( 'NONE', #916 ) ;
#1179 = VECTOR ( 'NONE', #1929, 1000.000000000000114 ) ;
#1180 = FACE_OUTER_BOUND ( 'NONE', #690, .T. ) ;
#1181 = CIRCLE ( 'NONE', #2432, 13.49999999999999822 ) ;
#1182 = AXIS2_PLACEMENT_3D ( 'NONE', #2346, #301, #777 ) ;
#1183 = AXIS2_PLACEMENT_3D ( 'NONE', #2748, #2585, #1355 ) ;
#1184 = FACE_OUTER_BOUND ( 'NONE', #1257, .T. ) ;
#1185 = DIRECTION ( 'NONE',  ( 1.000000000000000000, 0.000000000000000000, 0.000000000000000000 ) ) ;
#1186 = ORIENTED_EDGE ( 'NONE', *, *, #725, .T. ) ;
#1187 = ORIENTED_EDGE ( 'NONE', *, *, #1319, .T. ) ;
#1188 = AXIS2_PLACEMENT_3D ( 'NONE', #2991, #744, #2017 ) ;
#1189 = CARTESIAN_POINT ( 'NONE',  ( 25.60517947633836755, 0.000000000000000000, 39.62244118563819484 ) ) ;
#1190 = DIRECTION ( 'NONE',  ( 0.000000000000000000, 0.000000000000000000, 1.000000000000000000 ) ) ;
#1191 = CARTESIAN_POINT ( 'NONE',  ( -10.99848988597778465, 12.13999999999999879, -41.37755881436179806 ) ) ;
#1192 = VECTOR ( 'NONE', #833, 1000.000000000000227 ) ;
#1193 = EDGE_CURVE ( 'NONE', #2106, #616, #2622, .T. ) ;
#1194 = VECTOR ( 'NONE', #1841, 1000.000000000000000 ) ;
#1195 = EDGE_CURVE ( 'NONE', #3082, #1972, #2657, .T. ) ;
#1196 = VECTOR ( 'NONE', #1818, 1000.000000000000000 ) ;
#1197 = DIRECTION ( 'NONE',  ( -1.000000000000000000, 0.000000000000000000, 0.000000000000000000 ) ) ;
#1198 = AXIS2_PLACEMENT_3D ( 'NONE', #884, #3205, #781 ) ;
#1199 = VERTEX_POINT ( 'NONE', #1904 ) ;
#1200 = AXIS2_PLACEMENT_3D ( 'NONE', #2141, #1897, #643 ) ;
#1201 = DIRECTION ( 'NONE',  ( 0.000000000000000000, 0.000000000000000000, 1.000000000000000000 ) ) ;
#1202 = VERTEX_POINT ( 'NONE', #410 ) ;
#1203 = CARTESIAN_POINT ( 'NONE',  ( -0.5999999999999863221, 0.000000000000000000, -57.37755881436179806 ) ) ;
#1204 = CYLINDRICAL_SURFACE ( 'NONE', #1401, 5.000000000000000888 ) ;
#1205 = ORIENTED_EDGE ( 'NONE', *, *, #759, .F. ) ;
#1206 = VERTEX_POINT ( 'NONE', #1673 ) ;
#1207 = LINE ( 'NONE', #1146, #2739 ) ;
#1208 = DIRECTION ( 'NONE',  ( 0.7071067811865487940, 0.7071067811865463515, 0.000000000000000000 ) ) ;
#1209 = DIRECTION ( 'NONE',  ( 0.5883488676797472561, -0.7071067811865525687, 0.3922315768776810097 ) ) ;
#1210 = DIRECTION ( 'NONE',  ( -0.000000000000000000, 1.000000000000000000, -0.000000000000000000 ) ) ;
#1211 = ORIENTED_EDGE ( 'NONE', *, *, #2628, .T. ) ;
#1212 = LINE ( 'NONE', #3184, #2915 ) ;
#1213 = DIRECTION ( 'NONE',  ( 0.000000000000000000, -0.7071067811865446862, 0.7071067811865503483 ) ) ;
#1214 = ORIENTED_EDGE ( 'NONE', *, *, #1620, .T. ) ;
#1215 = ADVANCED_FACE ( 'NONE', ( #1890 ), #1244, .T. ) ;
#1216 = EDGE_CURVE ( 'NONE', #855, #1867, #1294, .T. ) ;
#1217 = EDGE_CURVE ( 'NONE', #38, #1206, #1390, .T. ) ;
#1218 = VERTEX_POINT ( 'NONE', #2382 ) ;
#1219 = DIRECTION ( 'NONE',  ( 0.000000000000000000, -0.000000000000000000, 1.000000000000000000 ) ) ;
#1220 = DIRECTION ( 'NONE',  ( 1.533293416683362552E-16, -0.7071067811865527908, 0.7071067811865422437 ) ) ;
#1221 = LINE ( 'NONE', #3179, #488 ) ;
#1222 = CARTESIAN_POINT ( 'NONE',  ( -14.34115543711282292, 5.000000000000000000, -9.560745877747734767 ) ) ;
#1223 = LINE ( 'NONE', #2212, #2217 ) ;
#1224 = CIRCLE ( 'NONE', #8, 1.749999999992299493 ) ;
#1225 = EDGE_CURVE ( 'NONE', #1603, #2253, #127, .T. ) ;
#1226 = CARTESIAN_POINT ( 'NONE',  ( 26.40242928650734200, 5.000000000000000000, 15.76658096972232848 ) ) ;
#1227 = CARTESIAN_POINT ( 'NONE',  ( -0.5999999999999942046, 29.50000000000001776, -33.94246487290532599 ) ) ;
#1228 = ORIENTED_EDGE ( 'NONE', *, *, #866, .T. ) ;
#1229 = EDGE_CURVE ( 'NONE', #1490, #2942, #3064, .T. ) ;
#1230 = ADVANCED_FACE ( 'NONE', ( #888 ), #1432, .F. ) ;
#1231 = ORIENTED_EDGE ( 'NONE', *, *, #2824, .F. ) ;
#1232 = FACE_OUTER_BOUND ( 'NONE', #2805, .T. ) ;
#1233 = AXIS2_PLACEMENT_3D ( 'NONE', #945, #2454, #203 ) ;
#1234 = CARTESIAN_POINT ( 'NONE',  ( 5.400000000000005684, 7.500000000000000000, -6.499999999999993783 ) ) ;
#1235 = CARTESIAN_POINT ( 'NONE',  ( 26.40242928650734200, 9.949747468294097175, 19.26658096971402756 ) ) ;
#1236 = DIRECTION ( 'NONE',  ( 0.000000000000000000, 1.000000000000000000, 0.000000000000000000 ) ) ;
#1237 = VECTOR ( 'NONE', #469, 1000.000000000000114 ) ;
#1238 = AXIS2_PLACEMENT_3D ( 'NONE', #370, #2345, #331 ) ;
#1239 = VECTOR ( 'NONE', #1624, 1000.000000000000000 ) ;
#1240 = DIRECTION ( 'NONE',  ( 1.000000000000000000, 0.000000000000000000, -1.445602896647338917E-16 ) ) ;
#1241 = CARTESIAN_POINT ( 'NONE',  ( 0.1428300094637518503, 5.000000000000000000, 37.83018912688643098 ) ) ;
#1242 = ORIENTED_EDGE ( 'NONE', *, *, #3237, .F. ) ;
#1243 = AXIS2_PLACEMENT_3D ( 'NONE', #2808, #2571, #1333 ) ;
#1244 = CYLINDRICAL_SURFACE ( 'NONE', #3117, 8.000000000000000000 ) ;
#1245 = DIRECTION ( 'NONE',  ( -9.801695887712422592E-17, 0.000000000000000000, -1.000000000000000000 ) ) ;
#1246 = ORIENTED_EDGE ( 'NONE', *, *, #195, .T. ) ;
#1247 = ORIENTED_EDGE ( 'NONE', *, *, #2961, .F. ) ;
#1248 = DIRECTION ( 'NONE',  ( -2.676624113323589071E-16, 1.000000000000000000, 0.000000000000000000 ) ) ;
#1249 = PLANE ( 'NONE',  #2550 ) ;
#1250 = ORIENTED_EDGE ( 'NONE', *, *, #1193, .F. ) ;
#1251 = DIRECTION ( 'NONE',  ( 2.081668171172168119E-15, 0.000000000000000000, -1.000000000000000000 ) ) ;
#1252 = FACE_OUTER_BOUND ( 'NONE', #494, .T. ) ;
#1253 = ORIENTED_EDGE ( 'NONE', *, *, #2800, .F. ) ;
#1254 = EDGE_CURVE ( 'NONE', #1199, #2084, #1640, .T. ) ;
#1255 = DIRECTION ( 'NONE',  ( -1.022195611122248932E-16, -0.7071067811865476838, -0.7071067811865473507 ) ) ;
#1256 = LINE ( 'NONE', #746, #2731 ) ;
#1257 = EDGE_LOOP ( 'NONE', ( #2166, #1402, #861, #3036 ) ) ;
#1258 = CARTESIAN_POINT ( 'NONE',  ( -0.5999999999999884315, 8.000000000000000000, -49.37755881436179806 ) ) ;
#1259 = CARTESIAN_POINT ( 'NONE',  ( -10.99848988597778465, 8.000000000000000000, -54.37755881436177674 ) ) ;
#1260 = VERTEX_POINT ( 'NONE', #1761 ) ;
#1261 = VERTEX_POINT ( 'NONE', #2531 ) ;
#1262 = DIRECTION ( 'NONE',  ( 0.000000000000000000, -0.7071067811865475727, 0.7071067811865475727 ) ) ;
#1263 = DIRECTION ( 'NONE',  ( 0.000000000000000000, 0.000000000000000000, -1.000000000000000000 ) ) ;
#1264 = ORIENTED_EDGE ( 'NONE', *, *, #9, .T. ) ;
#1265 = CARTESIAN_POINT ( 'NONE',  ( -5.286040445284840439E-15, 5.000000000000000000, -24.37755881436178385 ) ) ;
#1266 = DIRECTION ( 'NONE',  ( -0.000000000000000000, -0.000000000000000000, -1.000000000000000000 ) ) ;
#1267 = ORIENTED_EDGE ( 'NONE', *, *, #2451, .F. ) ;
#1268 = EDGE_CURVE ( 'NONE', #1646, #595, #2979, .T. ) ;
#1269 = EDGE_CURVE ( 'NONE', #1466, #2968, #276, .T. ) ;
#1270 = CARTESIAN_POINT ( 'NONE',  ( -11.25741910161671022, 5.000000000000000000, 19.40242819735833635 ) ) ;
#1271 = FACE_OUTER_BOUND ( 'NONE', #317, .T. ) ;
#1272 = CIRCLE ( 'NONE', #1689, 0.9500000000000008438 ) ;
#1273 = CARTESIAN_POINT ( 'NONE',  ( 20.79733300812822350, 4.467360702164086206, -15.37906892838399919 ) ) ;
#1274 = DIRECTION ( 'NONE',  ( -0.000000000000000000, 1.000000000000000000, -0.000000000000000000 ) ) ;
#1275 = VERTEX_POINT ( 'NONE', #2553 ) ;
#1276 = ORIENTED_EDGE ( 'NONE', *, *, #972, .T. ) ;
#1277 = VECTOR ( 'NONE', #686, 1000.000000000000000 ) ;
#1278 = DIRECTION ( 'NONE',  ( 1.892659061218525923E-16, -0.7071067811865422437, -0.7071067811865527908 ) ) ;
#1279 = DIRECTION ( 'NONE',  ( 0.000000000000000000, 0.000000000000000000, 1.000000000000000000 ) ) ;
#1280 = CARTESIAN_POINT ( 'NONE',  ( 0.000000000000000000, 5.000000000000000000, 39.62244118563818063 ) ) ;
#1281 = AXIS2_PLACEMENT_3D ( 'NONE', #2324, #600, #71 ) ;
#1282 = ORIENTED_EDGE ( 'NONE', *, *, #1457, .F. ) ;
#1283 = CARTESIAN_POINT ( 'NONE',  ( 28.29177638703538378, 3.999999999999993339, 40.62244118563819484 ) ) ;
#1284 = VECTOR ( 'NONE', #1560, 1000.000000000000000 ) ;
#1285 = CARTESIAN_POINT ( 'NONE',  ( -4.998489885977784652, 5.000000000000000000, -25.37755881436179806 ) ) ;
#1286 = ORIENTED_EDGE ( 'NONE', *, *, #1330, .T. ) ;
#1287 = EDGE_CURVE ( 'NONE', #4, #452, #1023, .T. ) ;
#1288 = EDGE_CURVE ( 'NONE', #336, #1974, #3242, .T. ) ;
#1289 = CARTESIAN_POINT ( 'NONE',  ( -8.099999999999985434, 16.00000000000000000, -41.37755881436179806 ) ) ;
#1290 = CIRCLE ( 'NONE', #74, 1.749999999992299493 ) ;
#1291 = FACE_OUTER_BOUND ( 'NONE', #1960, .T. ) ;
#1292 = ORIENTED_EDGE ( 'NONE', *, *, #2307, .T. ) ;
#1293 = AXIS2_PLACEMENT_3D ( 'NONE', #1770, #1784, #289 ) ;
#1294 = CIRCLE ( 'NONE', #2278, 2.500000000000000444 ) ;
#1295 = DIRECTION ( 'NONE',  ( 0.5519369853120621450, 0.000000000000000000, 0.8338858220671655497 ) ) ;
#1296 = LINE ( 'NONE', #787, #1284 ) ;
#1297 = ORIENTED_EDGE ( 'NONE', *, *, #42, .F. ) ;
#1298 = AXIS2_PLACEMENT_3D ( 'NONE', #1480, #2207, #268 ) ;
#1299 = AXIS2_PLACEMENT_3D ( 'NONE', #2505, #2461, #1263 ) ;
#1300 = ORIENTED_EDGE ( 'NONE', *, *, #1094, .T. ) ;
#1301 = ORIENTED_EDGE ( 'NONE', *, *, #197, .T. ) ;
#1302 = VECTOR ( 'NONE', #1652, 1000.000000000000000 ) ;
#1303 = FACE_OUTER_BOUND ( 'NONE', #1585, .T. ) ;
#1304 = DIRECTION ( 'NONE',  ( 0.000000000000000000, 0.000000000000000000, -1.000000000000000000 ) ) ;
#1305 = DIRECTION ( 'NONE',  ( 0.000000000000000000, -0.000000000000000000, -1.000000000000000000 ) ) ;
#1306 = VERTEX_POINT ( 'NONE', #297 ) ;
#1307 = CARTESIAN_POINT ( 'NONE',  ( -18.35240041031786618, 10.83999999999999631, -41.37755881436179806 ) ) ;
#1308 = CARTESIAN_POINT ( 'NONE',  ( 11.00151011402221535, 1.000000000000001554, -25.37755881436180161 ) ) ;
#1309 = CARTESIAN_POINT ( 'NONE',  ( -18.35240041031786618, 15.99999999999999645, -41.37755881436179806 ) ) ;
#1310 = CARTESIAN_POINT ( 'NONE',  ( -0.5999999999999869882, 2.499999999999981348, -49.37755881436179806 ) ) ;
#1311 = ORIENTED_EDGE ( 'NONE', *, *, #2314, .T. ) ;
#1312 = LINE ( 'NONE', #1559, #1091 ) ;
#1313 = LINE ( 'NONE', #2292, #1548 ) ;
#1314 = ORIENTED_EDGE ( 'NONE', *, *, #2526, .F. ) ;
#1315 = ADVANCED_FACE ( 'NONE', ( #1790 ), #1740, .F. ) ;
#1316 = CARTESIAN_POINT ( 'NONE',  ( -0.5999999999999875433, 5.000000000000000000, -15.74647813893462889 ) ) ;
#1317 = EDGE_CURVE ( 'NONE', #4, #3227, #1312, .T. ) ;
#1318 = FACE_BOUND ( 'NONE', #1888, .T. ) ;
#1319 = EDGE_CURVE ( 'NONE', #554, #2968, #1326, .T. ) ;
#1320 = VERTEX_POINT ( 'NONE', #982 ) ;
#1321 = DIRECTION ( 'NONE',  ( -0.4999999999999977796, -0.7071067811865521247, 0.4999999999999958922 ) ) ;
#1322 = DIRECTION ( 'NONE',  ( -0.5519369853120618119, 0.000000000000000000, 0.8338858220671657717 ) ) ;
#1323 = EDGE_LOOP ( 'NONE', ( #44, #1292, #2995, #3118 ) ) ;
#1324 = DIRECTION ( 'NONE',  ( 0.000000000000000000, -1.000000000000000000, 0.000000000000000000 ) ) ;
#1325 = ORIENTED_EDGE ( 'NONE', *, *, #3042, .F. ) ;
#1326 = LINE ( 'NONE', #1813, #402 ) ;
#1327 = PLANE ( 'NONE',  #1905 ) ;
#1328 = ADVANCED_FACE ( 'NONE', ( #1001 ), #1983, .F. ) ;
#1329 = ORIENTED_EDGE ( 'NONE', *, *, #103, .F. ) ;
#1330 = EDGE_CURVE ( 'NONE', #406, #1337, #3112, .T. ) ;
#1331 = LINE ( 'NONE', #1101, #1502 ) ;
#1332 = CYLINDRICAL_SURFACE ( 'NONE', #1281, 0.9499999999999992895 ) ;
#1333 = DIRECTION ( 'NONE',  ( 0.000000000000000000, 0.000000000000000000, -1.000000000000000000 ) ) ;
#1334 = VERTEX_POINT ( 'NONE', #2267 ) ;
#1335 = VECTOR ( 'NONE', #2288, 1000.000000000000000 ) ;
#1336 = AXIS2_PLACEMENT_3D ( 'NONE', #2383, #1172, #2151 ) ;
#1337 = VERTEX_POINT ( 'NONE', #560 ) ;
#1338 = DIRECTION ( 'NONE',  ( 1.000000000000000000, 3.097720492815727659E-17, -0.000000000000000000 ) ) ;
#1339 = DIRECTION ( 'NONE',  ( -9.801695887712422592E-17, 0.000000000000000000, -1.000000000000000000 ) ) ;
#1340 = AXIS2_PLACEMENT_3D ( 'NONE', #240, #1735, #471 ) ;
#1341 = DIRECTION ( 'NONE',  ( -0.000000000000000000, 1.000000000000000000, -0.000000000000000000 ) ) ;
#1342 = ORIENTED_EDGE ( 'NONE', *, *, #2091, .T. ) ;
#1343 = EDGE_CURVE ( 'NONE', #1717, #3098, #2919, .T. ) ;
#1344 = CARTESIAN_POINT ( 'NONE',  ( 35.65000000000000568, -1.187005768508881287, 0.000000000000000000 ) ) ;
#1345 = ORIENTED_EDGE ( 'NONE', *, *, #2472, .T. ) ;
#1346 = AXIS2_PLACEMENT_3D ( 'NONE', #458, #2434, #191 ) ;
#1347 = DIRECTION ( 'NONE',  ( 0.000000000000000000, 0.000000000000000000, -1.000000000000000000 ) ) ;
#1348 = ORIENTED_EDGE ( 'NONE', *, *, #176, .F. ) ;
#1349 = VECTOR ( 'NONE', #1686, 1000.000000000000114 ) ;
#1350 = VERTEX_POINT ( 'NONE', #2308 ) ;
#1351 = AXIS2_PLACEMENT_3D ( 'NONE', #2399, #2806, #1835 ) ;
#1352 = CONICAL_SURFACE ( 'NONE', #3217, 5.500000000000018652, 0.7853981633974469467 ) ;
#1353 = CARTESIAN_POINT ( 'NONE',  ( 23.07106781186546129, 0.000000000000000000, -20.37906892838400097 ) ) ;
#1354 = FACE_OUTER_BOUND ( 'NONE', #2342, .T. ) ;
#1355 = DIRECTION ( 'NONE',  ( 0.000000000000000000, 0.000000000000000000, -1.000000000000000000 ) ) ;
#1356 = FACE_OUTER_BOUND ( 'NONE', #1876, .T. ) ;
#1357 = ORIENTED_EDGE ( 'NONE', *, *, #824, .F. ) ;
#1358 = AXIS2_PLACEMENT_3D ( 'NONE', #593, #2340, #1347 ) ;
#1359 = CARTESIAN_POINT ( 'NONE',  ( 33.20174145712110203, 5.889931741331615456, -14.48913718705239972 ) ) ;
#1360 = CARTESIAN_POINT ( 'NONE',  ( 5.400000000000005684, 7.500000000000000000, 6.500000000000004441 ) ) ;
#1361 = EDGE_LOOP ( 'NONE', ( #1187, #2967, #1678, #95 ) ) ;
#1362 = EDGE_CURVE ( 'NONE', #1972, #1512, #2291, .T. ) ;
#1363 = FACE_OUTER_BOUND ( 'NONE', #796, .T. ) ;
#1364 = EDGE_CURVE ( 'NONE', #2442, #1206, #2803, .T. ) ;
#1365 = EDGE_CURVE ( 'NONE', #741, #286, #1573, .T. ) ;
#1366 = ORIENTED_EDGE ( 'NONE', *, *, #804, .F. ) ;
#1367 = DIRECTION ( 'NONE',  ( 0.000000000000000000, -1.000000000000000000, 0.000000000000000000 ) ) ;
#1368 = ORIENTED_EDGE ( 'NONE', *, *, #1135, .T. ) ;
#1369 = CARTESIAN_POINT ( 'NONE',  ( -0.5999999999999884315, 8.000000000000000000, -54.87755881436181227 ) ) ;
#1370 = CYLINDRICAL_SURFACE ( 'NONE', #121, 5.000000000000000888 ) ;
#1371 = ORIENTED_EDGE ( 'NONE', *, *, #1714, .F. ) ;
#1372 = DIRECTION ( 'NONE',  ( 0.000000000000000000, 0.000000000000000000, 1.000000000000000000 ) ) ;
#1373 = ORIENTED_EDGE ( 'NONE', *, *, #577, .T. ) ;
#1374 = ORIENTED_EDGE ( 'NONE', *, *, #1912, .F. ) ;
#1375 = LINE ( 'NONE', #1547, #1965 ) ;
#1376 = LINE ( 'NONE', #2384, #549 ) ;
#1377 = EDGE_LOOP ( 'NONE', ( #2600, #969, #858, #1267 ) ) ;
#1378 = DIRECTION ( 'NONE',  ( 0.000000000000000000, 0.000000000000000000, 1.000000000000000000 ) ) ;
#1379 = EDGE_CURVE ( 'NONE', #1626, #2216, #1506, .T. ) ;
#1380 = ORIENTED_EDGE ( 'NONE', *, *, #2925, .F. ) ;
#1381 = ADVANCED_FACE ( 'NONE', ( #2000 ), #2997, .F. ) ;
#1382 = CARTESIAN_POINT ( 'NONE',  ( 38.30000000000001137, 5.000000000000000000, -13.84317054352174203 ) ) ;
#1383 = EDGE_CURVE ( 'NONE', #255, #3018, #1522, .T. ) ;
#1384 = ORIENTED_EDGE ( 'NONE', *, *, #1535, .T. ) ;
#1385 = CARTESIAN_POINT ( 'NONE',  ( -8.099999999999985434, 16.00000000000000000, -41.37755881436179806 ) ) ;
#1386 = CARTESIAN_POINT ( 'NONE',  ( -7.257419101616728874, 5.000000000000000000, 19.40242819735833990 ) ) ;
#1387 = FACE_OUTER_BOUND ( 'NONE', #584, .T. ) ;
#1388 = PRODUCT_RELATED_PRODUCT_CATEGORY ( 'part', '', ( #2038 ) ) ;
#1389 = ORIENTED_EDGE ( 'NONE', *, *, #197, .F. ) ;
#1390 = LINE ( 'NONE', #1189, #864 ) ;
#1391 = CARTESIAN_POINT ( 'NONE',  ( -18.35240041031786618, 14.69999999999999396, -41.37755881436179806 ) ) ;
#1392 = FACE_OUTER_BOUND ( 'NONE', #2469, .T. ) ;
#1393 = EDGE_CURVE ( 'NONE', #1260, #649, #329, .T. ) ;
#1394 = CIRCLE ( 'NONE', #2264, 0.9499999999999992895 ) ;
#1395 = VECTOR ( 'NONE', #423, 1000.000000000000114 ) ;
#1396 = ORIENTED_EDGE ( 'NONE', *, *, #2471, .T. ) ;
#1397 = CARTESIAN_POINT ( 'NONE',  ( 35.65000000000000568, 7.500000000000000000, 0.9500000000000008438 ) ) ;
#1398 = EDGE_CURVE ( 'NONE', #255, #2083, #2862, .T. ) ;
#1399 = VERTEX_POINT ( 'NONE', #383 ) ;
#1400 = CARTESIAN_POINT ( 'NONE',  ( -10.99848988597778465, 3.000000000000016431, -16.37753583258295720 ) ) ;
#1401 = AXIS2_PLACEMENT_3D ( 'NONE', #2458, #718, #1489 ) ;
#1402 = ORIENTED_EDGE ( 'NONE', *, *, #1288, .T. ) ;
#1403 = CARTESIAN_POINT ( 'NONE',  ( 33.30000000000001137, 7.500000000000000000, -6.499999999999994671 ) ) ;
#1404 = DIRECTION ( 'NONE',  ( 0.000000000000000000, 0.000000000000000000, -1.000000000000000000 ) ) ;
#1405 = AXIS2_PLACEMENT_3D ( 'NONE', #2798, #978, #3224 ) ;
#1406 = EDGE_CURVE ( 'NONE', #1531, #568, #2601, .T. ) ;
#1407 = VECTOR ( 'NONE', #1248, 1000.000000000000000 ) ;
#1408 = VECTOR ( 'NONE', #2729, 1000.000000000000000 ) ;
#1409 = VECTOR ( 'NONE', #2301, 1000.000000000000000 ) ;
#1410 = DIRECTION ( 'NONE',  ( -0.5896463195190151385, -0.7071067811865439090, 0.3902783851018201688 ) ) ;
#1411 = DIRECTION ( 'NONE',  ( 0.6662307977451592533, 0.6662307977451592533, 0.3350717061640646199 ) ) ;
#1412 = CIRCLE ( 'NONE', #2182, 2.599999999999994760 ) ;
#1413 = PLANE ( 'NONE',  #863 ) ;
#1414 = CARTESIAN_POINT ( 'NONE',  ( 38.30000000000001137, 2.000836624251836504, 18.37823230413217956 ) ) ;
#1415 = VERTEX_POINT ( 'NONE', #2616 ) ;
#1416 = EDGE_LOOP ( 'NONE', ( #1593, #2722, #1167, #1839 ) ) ;
#1417 = VERTEX_POINT ( 'NONE', #1382 ) ;
#1418 = ADVANCED_FACE ( 'NONE', ( #2393 ), #2878, .F. ) ;
#1419 = CARTESIAN_POINT ( 'NONE',  ( 11.00151011402221535, 3.999999999999999112, -25.37755881436180161 ) ) ;
#1420 = CARTESIAN_POINT ( 'NONE',  ( -3.099999999999974776, -8.297534751303059068E-16, -57.37755881436179806 ) ) ;
#1421 = CARTESIAN_POINT ( 'NONE',  ( -3.099999999999982325, 32.00000000000000000, -57.37755881436179806 ) ) ;
#1422 = DIRECTION ( 'NONE',  ( 0.000000000000000000, 0.000000000000000000, -1.000000000000000000 ) ) ;
#1423 = ORIENTED_EDGE ( 'NONE', *, *, #2704, .T. ) ;
#1424 = DIRECTION ( 'NONE',  ( -0.000000000000000000, -1.000000000000000000, -0.000000000000000000 ) ) ;
#1425 = EDGE_LOOP ( 'NONE', ( #196, #704, #826, #1444 ) ) ;
#1426 = CYLINDRICAL_SURFACE ( 'NONE', #2224, 0.9500000000000008438 ) ;
#1427 = DIRECTION ( 'NONE',  ( 0.000000000000000000, 0.000000000000000000, 1.000000000000000000 ) ) ;
#1428 = ORIENTED_EDGE ( 'NONE', *, *, #2071, .F. ) ;
#1429 = EDGE_CURVE ( 'NONE', #141, #2351, #187, .T. ) ;
#1430 = ORIENTED_EDGE ( 'NONE', *, *, #2289, .F. ) ;
#1431 = EDGE_CURVE ( 'NONE', #1465, #1646, #825, .T. ) ;
#1432 = PLANE ( 'NONE',  #2019 ) ;
#1433 = DIRECTION ( 'NONE',  ( -0.000000000000000000, -1.000000000000000000, 0.000000000000000000 ) ) ;
#1434 = CIRCLE ( 'NONE', #431, 2.499999999999999556 ) ;
#1435 = FACE_OUTER_BOUND ( 'NONE', #125, .T. ) ;
#1436 = CARTESIAN_POINT ( 'NONE',  ( 40.46942911033584522, 5.000000000000000000, 22.22401487565568701 ) ) ;
#1437 = VECTOR ( 'NONE', #1245, 1000.000000000000000 ) ;
#1438 = ORIENTED_EDGE ( 'NONE', *, *, #2304, .T. ) ;
#1439 = AXIS2_PLACEMENT_3D ( 'NONE', #1222, #1209, #149 ) ;
#1440 = LINE ( 'NONE', #205, #2708 ) ;
#1441 = VECTOR ( 'NONE', #315, 1000.000000000000000 ) ;
#1442 = AXIS2_PLACEMENT_3D ( 'NONE', #1524, #2516, #1775 ) ;
#1443 = DIRECTION ( 'NONE',  ( -0.000000000000000000, -1.000000000000000000, -0.000000000000000000 ) ) ;
#1444 = ORIENTED_EDGE ( 'NONE', *, *, #2927, .T. ) ;
#1445 = EDGE_LOOP ( 'NONE', ( #601, #503, #1098, #399 ) ) ;
#1446 = VECTOR ( 'NONE', #47, 1000.000000000000000 ) ;
#1447 = FACE_OUTER_BOUND ( 'NONE', #112, .T. ) ;
#1448 = CARTESIAN_POINT ( 'NONE',  ( -10.99848988597778465, 10.83999999999999631, -41.37755881436179806 ) ) ;
#1449 = DIRECTION ( 'NONE',  ( 0.000000000000000000, -1.000000000000000000, 0.000000000000000000 ) ) ;
#1450 = AXIS2_PLACEMENT_3D ( 'NONE', #1285, #1549, #1481 ) ;
#1451 = VECTOR ( 'NONE', #1879, 1000.000000000000000 ) ;
#1452 = VECTOR ( 'NONE', #1623, 1000.000000000000000 ) ;
#1453 = FACE_OUTER_BOUND ( 'NONE', #2123, .T. ) ;
#1454 = AXIS2_PLACEMENT_3D ( 'NONE', #2773, #736, #265 ) ;
#1455 = DIRECTION ( 'NONE',  ( 0.000000000000000000, 0.000000000000000000, 1.000000000000000000 ) ) ;
#1456 = AXIS2_PLACEMENT_3D ( 'NONE', #2268, #2251, #717 ) ;
#1457 = EDGE_CURVE ( 'NONE', #1512, #1821, #1829, .T. ) ;
#1458 = EDGE_CURVE ( 'NONE', #2786, #452, #1647, .T. ) ;
#1459 = LINE ( 'NONE', #2456, #1018 ) ;
#1460 = EDGE_CURVE ( 'NONE', #336, #2689, #1272, .T. ) ;
#1461 = ORIENTED_EDGE ( 'NONE', *, *, #1319, .F. ) ;
#1462 = DIRECTION ( 'NONE',  ( 2.676624113323589071E-16, -1.000000000000000000, 0.000000000000000000 ) ) ;
#1463 = DIRECTION ( 'NONE',  ( 1.000000000000000000, 0.000000000000000000, -2.168404344971008868E-16 ) ) ;
#1464 = CARTESIAN_POINT ( 'NONE',  ( 8.050000000000006040, 7.500000000000000000, -0.9499999999999940714 ) ) ;
#1465 = VERTEX_POINT ( 'NONE', #2892 ) ;
#1466 = VERTEX_POINT ( 'NONE', #403 ) ;
#1467 = CARTESIAN_POINT ( 'NONE',  ( -10.99848988597778465, 23.69999999999999218, -41.37755881436179806 ) ) ;
#1468 = DIRECTION ( 'NONE',  ( 0.000000000000000000, 0.000000000000000000, -1.000000000000000000 ) ) ;
#1469 = DIRECTION ( 'NONE',  ( 2.676624113323589071E-16, -1.000000000000000000, -0.000000000000000000 ) ) ;
#1470 = ADVANCED_FACE ( 'NONE', ( #2599 ), #904, .T. ) ;
#1471 = EDGE_CURVE ( 'NONE', #1525, #1109, #1099, .T. ) ;
#1472 = CARTESIAN_POINT ( 'NONE',  ( 7.952429286507339157, 5.000000000000000000, 37.37244118563049966 ) ) ;
#1473 = ORIENTED_EDGE ( 'NONE', *, *, #193, .F. ) ;
#1474 = ADVANCED_FACE ( 'NONE', ( #2360 ), #320, .T. ) ;
#1475 = DIRECTION ( 'NONE',  ( -1.000000000000000000, -2.676624113323589071E-16, 0.000000000000000000 ) ) ;
#1476 = FACE_BOUND ( 'NONE', #2888, .T. ) ;
#1477 = ORIENTED_EDGE ( 'NONE', *, *, #1362, .T. ) ;
#1478 = ORIENTED_EDGE ( 'NONE', *, *, #2611, .F. ) ;
#1479 = DIRECTION ( 'NONE',  ( 0.000000000000000000, 0.000000000000000000, -1.000000000000000000 ) ) ;
#1480 = CARTESIAN_POINT ( 'NONE',  ( -10.99848988597778465, 12.13999999999999879, -41.37755881436179806 ) ) ;
#1481 = DIRECTION ( 'NONE',  ( 0.5546992156114056716, 0.000000000000000000, -0.8320509480795579282 ) ) ;
#1482 = CARTESIAN_POINT ( 'NONE',  ( -0.5999999999999864331, 2.499999999999981348, -41.37755881436179806 ) ) ;
#1483 = DIRECTION ( 'NONE',  ( -1.000000000000000000, 0.000000000000000000, 2.168404344971008868E-16 ) ) ;
#1484 = CARTESIAN_POINT ( 'NONE',  ( 38.30000000000000426, 7.136337763093695941, -12.43581867170138722 ) ) ;
#1485 = ADVANCED_FACE ( 'NONE', ( #615 ), #119, .F. ) ;
#1486 = ORIENTED_EDGE ( 'NONE', *, *, #577, .F. ) ;
#1487 = AXIS2_PLACEMENT_3D ( 'NONE', #32, #258, #2992 ) ;
#1488 = CIRCLE ( 'NONE', #1340, 0.9499999999999992895 ) ;
#1489 = DIRECTION ( 'NONE',  ( 0.000000000000000000, 0.000000000000000000, 1.000000000000000000 ) ) ;
#1490 = VERTEX_POINT ( 'NONE', #1078 ) ;
#1491 = ORIENTED_EDGE ( 'NONE', *, *, #1471, .T. ) ;
#1492 = LINE ( 'NONE', #248, #2285 ) ;
#1493 = EDGE_CURVE ( 'NONE', #1337, #741, #2818, .T. ) ;
#1494 = CARTESIAN_POINT ( 'NONE',  ( -10.99848988597778465, 13.44000000000000128, -41.37755881436179806 ) ) ;
#1495 = AXIS2_PLACEMENT_3D ( 'NONE', #3185, #939, #1945 ) ;
#1496 = ORIENTED_EDGE ( 'NONE', *, *, #2611, .T. ) ;
#1497 = VECTOR ( 'NONE', #3194, 1000.000000000000000 ) ;
#1498 = LINE ( 'NONE', #253, #499 ) ;
#1499 = DIRECTION ( 'NONE',  ( -3.212450881438532364E-17, 1.000000000000000000, 0.000000000000000000 ) ) ;
#1500 = CARTESIAN_POINT ( 'NONE',  ( -10.99848988597778465, -14.33265002032359270, -49.42724909045561077 ) ) ;
#1501 = CIRCLE ( 'NONE', #1142, 5.000000000000000888 ) ;
#1502 = VECTOR ( 'NONE', #844, 1000.000000000000114 ) ;
#1503 = CARTESIAN_POINT ( 'NONE',  ( 25.60517947633836755, 5.000000000000000000, 35.62244118563819484 ) ) ;
#1504 = ORIENTED_EDGE ( 'NONE', *, *, #3084, .T. ) ;
#1505 = VECTOR ( 'NONE', #1515, 1000.000000000000000 ) ;
#1506 = LINE ( 'NONE', #2502, #2452 ) ;
#1507 = APPLICATION_PROTOCOL_DEFINITION ( 'draft international standard', 'automotive_design', 1998, #29 ) ;
#1508 = CARTESIAN_POINT ( 'NONE',  ( -8.099999999999985434, 14.69999999999999396, -41.37755881436179806 ) ) ;
#1509 = ORIENTED_EDGE ( 'NONE', *, *, #869, .T. ) ;
#1510 = DIRECTION ( 'NONE',  ( -0.5546992156114056716, 0.000000000000000000, 0.8320509480795579282 ) ) ;
#1511 = LINE ( 'NONE', #530, #139 ) ;
#1512 = VERTEX_POINT ( 'NONE', #3120 ) ;
#1513 = ADVANCED_FACE ( 'NONE', ( #1882 ), #689, .T. ) ;
#1514 = ADVANCED_FACE ( 'NONE', ( #2629 ), #1845, .F. ) ;
#1515 = DIRECTION ( 'NONE',  ( -0.000000000000000000, -1.000000000000000000, -0.000000000000000000 ) ) ;
#1516 = FACE_OUTER_BOUND ( 'NONE', #444, .T. ) ;
#1517 = CARTESIAN_POINT ( 'NONE',  ( -0.4975707134926600217, 9.949747468294097175, 15.76658096972232137 ) ) ;
#1518 = ORIENTED_EDGE ( 'NONE', *, *, #3100, .T. ) ;
#1519 = CARTESIAN_POINT ( 'NONE',  ( -0.5999999999999942046, 29.50000000000001776, -49.37755881436179806 ) ) ;
#1520 = DIRECTION ( 'NONE',  ( 0.7071067811865475727, 0.000000000000000000, 0.7071067811865475727 ) ) ;
#1521 = ORIENTED_EDGE ( 'NONE', *, *, #1786, .F. ) ;
#1522 = LINE ( 'NONE', #1621, #2290 ) ;
#1523 = PLANE ( 'NONE',  #907 ) ;
#1524 = CARTESIAN_POINT ( 'NONE',  ( -8.099999999999985434, 12.13999999999999879, -41.37755881436179806 ) ) ;
#1525 = VERTEX_POINT ( 'NONE', #2926 ) ;
#1526 = ORIENTED_EDGE ( 'NONE', *, *, #3239, .F. ) ;
#1527 = DIRECTION ( 'NONE',  ( 1.000000000000000000, 3.097720492815727659E-17, -0.000000000000000000 ) ) ;
#1528 = EDGE_CURVE ( 'NONE', #2487, #554, #1994, .T. ) ;
#1529 = DIRECTION ( 'NONE',  ( -0.5546992156114056716, 0.000000000000000000, 0.8320509480795579282 ) ) ;
#1530 = EDGE_CURVE ( 'NONE', #1846, #1943, #1434, .T. ) ;
#1531 = VERTEX_POINT ( 'NONE', #1712 ) ;
#1532 = DIRECTION ( 'NONE',  ( 0.000000000000000000, 0.000000000000000000, -1.000000000000000000 ) ) ;
#1533 = DIRECTION ( 'NONE',  ( -1.000000000000000000, 0.000000000000000000, 0.000000000000000000 ) ) ;
#1534 = CARTESIAN_POINT ( 'NONE',  ( -8.099999999999985434, 6.979999999999997762, -41.37755881436179806 ) ) ;
#1535 = EDGE_CURVE ( 'NONE', #2631, #568, #1440, .T. ) ;
#1536 = CARTESIAN_POINT ( 'NONE',  ( -10.99848988597778465, 24.00000000000000000, -54.37755881436177674 ) ) ;
#1537 = ORIENTED_EDGE ( 'NONE', *, *, #1866, .F. ) ;
#1538 = DIRECTION ( 'NONE',  ( 1.000000000000000000, 2.676624113323589071E-16, 0.000000000000000000 ) ) ;
#1539 = CARTESIAN_POINT ( 'NONE',  ( 36.30000000000001847, 0.000000000000000000, -10.37906892838400452 ) ) ;
#1540 = ORIENTED_EDGE ( 'NONE', *, *, #1117, .F. ) ;
#1541 = VECTOR ( 'NONE', #2160, 1000.000000000000000 ) ;
#1542 = ORIENTED_EDGE ( 'NONE', *, *, #2331, .F. ) ;
#1543 = LINE ( 'NONE', #550, #1870 ) ;
#1544 = DIRECTION ( 'NONE',  ( 0.000000000000000000, -0.000000000000000000, -1.000000000000000000 ) ) ;
#1545 = DIRECTION ( 'NONE',  ( 0.000000000000000000, 1.000000000000000000, 0.000000000000000000 ) ) ;
#1546 = VERTEX_POINT ( 'NONE', #964 ) ;
#1547 = CARTESIAN_POINT ( 'NONE',  ( -10.99848988597778465, 3.000000000000016431, -49.37755881436179806 ) ) ;
#1548 = VECTOR ( 'NONE', #544, 1000.000000000000000 ) ;
#1549 = DIRECTION ( 'NONE',  ( 0.8320509480795579282, -0.000000000000000000, 0.5546992156114056716 ) ) ;
#1550 = CARTESIAN_POINT ( 'NONE',  ( -0.4975707134926598552, 9.949747468294097175, 19.26658096971402756 ) ) ;
#1551 = DIRECTION ( 'NONE',  ( 0.000000000000000000, 0.000000000000000000, -1.000000000000000000 ) ) ;
#1552 = VECTOR ( 'NONE', #625, 1000.000000000000000 ) ;
#1553 = CARTESIAN_POINT ( 'NONE',  ( 28.29177638703538378, 1.000000000000000888, 40.62244118563819484 ) ) ;
#1554 = EDGE_CURVE ( 'NONE', #461, #747, #1975, .T. ) ;
#1555 = CIRCLE ( 'NONE', #2597, 4.999999999999999112 ) ;
#1556 = VECTOR ( 'NONE', #3024, 1000.000000000000000 ) ;
#1557 = EDGE_CURVE ( 'NONE', #1054, #988, #1724, .T. ) ;
#1558 = AXIS2_PLACEMENT_3D ( 'NONE', #2328, #2114, #849 ) ;
#1559 = CARTESIAN_POINT ( 'NONE',  ( -0.5999999999999948708, 7.500000000000000000, 12.87906892838402761 ) ) ;
#1560 = DIRECTION ( 'NONE',  ( -0.000000000000000000, -1.000000000000000000, -0.000000000000000000 ) ) ;
#1561 = CIRCLE ( 'NONE', #1925, 5.000000000000000888 ) ;
#1562 = AXIS2_PLACEMENT_3D ( 'NONE', #793, #2605, #2111 ) ;
#1563 = EDGE_LOOP ( 'NONE', ( #1832, #1682, #1046, #2491 ) ) ;
#1564 = PLANE ( 'NONE',  #1026 ) ;
#1565 = DIRECTION ( 'NONE',  ( 0.000000000000000000, 0.000000000000000000, -1.000000000000000000 ) ) ;
#1566 = DIRECTION ( 'NONE',  ( 1.000000000000000000, 0.000000000000000000, -2.168404344971008868E-16 ) ) ;
#1567 = ORIENTED_EDGE ( 'NONE', *, *, #3083, .T. ) ;
#1568 = ORIENTED_EDGE ( 'NONE', *, *, #1379, .T. ) ;
#1569 = CARTESIAN_POINT ( 'NONE',  ( 38.30000000000001137, 5.000000000000000000, -14.96164462333984879 ) ) ;
#1570 = CARTESIAN_POINT ( 'NONE',  ( -7.257419101616729762, 0.000000000000000000, -1.749999999999993561 ) ) ;
#1571 = EDGE_CURVE ( 'NONE', #2981, #65, #2656, .T. ) ;
#1572 = EDGE_CURVE ( 'NONE', #448, #199, #2422, .T. ) ;
#1573 = LINE ( 'NONE', #34, #1759 ) ;
#1574 = LINE ( 'NONE', #2323, #701 ) ;
#1575 = CARTESIAN_POINT ( 'NONE',  ( 0.000000000000000000, 7.500000000000000000, 0.000000000000000000 ) ) ;
#1576 = FACE_OUTER_BOUND ( 'NONE', #2941, .T. ) ;
#1577 = ORIENTED_EDGE ( 'NONE', *, *, #83, .T. ) ;
#1578 = CARTESIAN_POINT ( 'NONE',  ( 1.567585367537097873, 27.33241463246293179, -35.03262241262736154 ) ) ;
#1579 = ADVANCED_BREP_SHAPE_REPRESENTATION ( 'Gripper First Link', ( #2272, #1456 ), #3171 ) ;
#1580 = SURFACE_SIDE_STYLE ('',( #2354 ) ) ;
#1581 = CARTESIAN_POINT ( 'NONE',  ( 8.050000000000006040, 1.500000000000001332, -0.9499999999999940714 ) ) ;
#1582 = VERTEX_POINT ( 'NONE', #2200 ) ;
#1583 = DIRECTION ( 'NONE',  ( -0.000000000000000000, 1.000000000000000000, -0.000000000000000000 ) ) ;
#1584 = DIRECTION ( 'NONE',  ( 0.000000000000000000, 1.000000000000000000, 0.000000000000000000 ) ) ;
#1585 = EDGE_LOOP ( 'NONE', ( #246, #687, #1473, #17, #1062, #3244, #68 ) ) ;
#1586 = AXIS2_PLACEMENT_3D ( 'NONE', #2075, #1367, #1153 ) ;
#1587 = DIRECTION ( 'NONE',  ( -0.000000000000000000, 1.000000000000000000, -0.000000000000000000 ) ) ;
#1588 = FACE_OUTER_BOUND ( 'NONE', #2769, .T. ) ;
#1589 = DIRECTION ( 'NONE',  ( 0.5519369853120618119, 0.000000000000000000, -0.8338858220671657717 ) ) ;
#1590 = LINE ( 'NONE', #1887, #1239 ) ;
#1591 = VECTOR ( 'NONE', #1644, 1000.000000000000000 ) ;
#1592 = EDGE_CURVE ( 'NONE', #769, #2257, #992, .T. ) ;
#1593 = ORIENTED_EDGE ( 'NONE', *, *, #2265, .F. ) ;
#1594 = EDGE_CURVE ( 'NONE', #102, #2954, #946, .T. ) ;
#1595 = CYLINDRICAL_SURFACE ( 'NONE', #323, 1.300000000000002487 ) ;
#1596 = SURFACE_STYLE_USAGE ( .BOTH. , #1580 ) ;
#1597 = DIRECTION ( 'NONE',  ( -1.000000000000000000, -0.000000000000000000, -0.000000000000000000 ) ) ;
#1598 = ORIENTED_EDGE ( 'NONE', *, *, #2395, .F. ) ;
#1599 = CARTESIAN_POINT ( 'NONE',  ( -12.25741910161673331, 3.999999999999993339, -14.48913718705239972 ) ) ;
#1600 = ORIENTED_EDGE ( 'NONE', *, *, #838, .T. ) ;
#1601 = VECTOR ( 'NONE', #2230, 1000.000000000000000 ) ;
#1602 = CARTESIAN_POINT ( 'NONE',  ( -12.25741910161673331, 3.999999999999993339, -14.48913718705239972 ) ) ;
#1603 = VERTEX_POINT ( 'NONE', #2676 ) ;
#1604 = CIRCLE ( 'NONE', #1558, 5.000000000000000888 ) ;
#1605 = CIRCLE ( 'NONE', #1243, 1.749999999995848654 ) ;
#1606 = CARTESIAN_POINT ( 'NONE',  ( 23.07106781186546129, 0.000000000000000000, -14.37906892838400097 ) ) ;
#1607 = FACE_OUTER_BOUND ( 'NONE', #2138, .T. ) ;
#1608 = ORIENTED_EDGE ( 'NONE', *, *, #2682, .F. ) ;
#1609 = DIRECTION ( 'NONE',  ( -1.000000000000000000, -0.000000000000000000, -0.000000000000000000 ) ) ;
#1610 = ORIENTED_EDGE ( 'NONE', *, *, #163, .F. ) ;
#1611 = EDGE_CURVE ( 'NONE', #2830, #1465, #2964, .T. ) ;
#1612 = ORIENTED_EDGE ( 'NONE', *, *, #1866, .T. ) ;
#1613 = VECTOR ( 'NONE', #770, 1000.000000000000000 ) ;
#1614 = CARTESIAN_POINT ( 'NONE',  ( 3.478373297732397784, 3.999999999999993339, 40.62244118563819484 ) ) ;
#1615 = ADVANCED_FACE ( 'NONE', ( #936 ), #2937, .F. ) ;
#1616 = EDGE_LOOP ( 'NONE', ( #2575, #1025, #681, #567, #3006, #3156, #2014, #2810, #1854, #517, #790, #2226, #1345, #709, #1672, #2711 ) ) ;
#1617 = CARTESIAN_POINT ( 'NONE',  ( 36.30000000000001847, 5.000000000000011546, -10.37906892838400452 ) ) ;
#1618 = CARTESIAN_POINT ( 'NONE',  ( -17.31211727903959030, 5.000000000000000000, 11.45864046072286691 ) ) ;
#1619 = ORIENTED_EDGE ( 'NONE', *, *, #734, .T. ) ;
#1620 = EDGE_CURVE ( 'NONE', #2113, #1159, #1459, .T. ) ;
#1621 = CARTESIAN_POINT ( 'NONE',  ( 33.30000000000001137, -12.39280389266327731, -6.499999999999994671 ) ) ;
#1622 = ORIENTED_EDGE ( 'NONE', *, *, #2870, .T. ) ;
#1623 = DIRECTION ( 'NONE',  ( -1.000000000000000000, 0.000000000000000000, 0.000000000000000000 ) ) ;
#1624 = DIRECTION ( 'NONE',  ( -0.000000000000000000, -1.000000000000000000, -0.000000000000000000 ) ) ;
#1625 = ORIENTED_EDGE ( 'NONE', *, *, #1317, .F. ) ;
#1626 = VERTEX_POINT ( 'NONE', #1472 ) ;
#1627 = DIRECTION ( 'NONE',  ( 0.000000000000000000, 0.000000000000000000, -1.000000000000000000 ) ) ;
#1628 = ADVANCED_FACE ( 'NONE', ( #194 ), #2465, .F. ) ;
#1629 = FACE_OUTER_BOUND ( 'NONE', #1817, .T. ) ;
#1630 = ORIENTED_EDGE ( 'NONE', *, *, #195, .F. ) ;
#1631 = CARTESIAN_POINT ( 'NONE',  ( 16.90000000000000568, 1.500000000000000000, 5.400000000000005684 ) ) ;
#1632 = VERTEX_POINT ( 'NONE', #924 ) ;
#1633 = CARTESIAN_POINT ( 'NONE',  ( -0.5999999999999948708, 5.000000000000000000, -15.37906892838400630 ) ) ;
#1634 = ORIENTED_EDGE ( 'NONE', *, *, #2248, .T. ) ;
#1635 = EDGE_LOOP ( 'NONE', ( #975, #2254 ) ) ;
#1636 = CARTESIAN_POINT ( 'NONE',  ( 10.70000000000000817, 7.500000000000000000, 6.500000000000004441 ) ) ;
#1637 = DIRECTION ( 'NONE',  ( -0.7071067811865469066, 0.7071067811865482389, 0.000000000000000000 ) ) ;
#1638 = CARTESIAN_POINT ( 'NONE',  ( 40.30000000000001847, 0.000000000000000000, 19.46432994909537939 ) ) ;
#1639 = VERTEX_POINT ( 'NONE', #2408 ) ;
#1640 = LINE ( 'NONE', #2414, #1613 ) ;
#1641 = CARTESIAN_POINT ( 'NONE',  ( -7.257419101616729762, 5.000000000000000000, 1.750000000000006439 ) ) ;
#1642 = VECTOR ( 'NONE', #322, 1000.000000000000000 ) ;
#1643 = ORIENTED_EDGE ( 'NONE', *, *, #998, .T. ) ;
#1644 = DIRECTION ( 'NONE',  ( 1.000000000000000000, 3.097720492815727659E-17, -0.000000000000000000 ) ) ;
#1645 = DIRECTION ( 'NONE',  ( 0.000000000000000000, 0.000000000000000000, 1.000000000000000000 ) ) ;
#1646 = VERTEX_POINT ( 'NONE', #150 ) ;
#1647 = LINE ( 'NONE', #1414, #636 ) ;
#1648 = CIRCLE ( 'NONE', #220, 5.000000000000000888 ) ;
#1649 = EDGE_CURVE ( 'NONE', #2809, #1898, #1223, .T. ) ;
#1650 = ORIENTED_EDGE ( 'NONE', *, *, #2167, .F. ) ;
#1651 = VECTOR ( 'NONE', #178, 1000.000000000000000 ) ;
#1652 = DIRECTION ( 'NONE',  ( -0.000000000000000000, -0.000000000000000000, 1.000000000000000000 ) ) ;
#1653 = CARTESIAN_POINT ( 'NONE',  ( -7.257419101616729762, 5.000000000000000000, 6.399688103449668240E-15 ) ) ;
#1654 = VECTOR ( 'NONE', #79, 1000.000000000000000 ) ;
#1655 = VECTOR ( 'NONE', #2223, 1000.000000000000000 ) ;
#1656 = CIRCLE ( 'NONE', #3170, 3.999999999999996447 ) ;
#1657 = DIRECTION ( 'NONE',  ( 1.000000000000000000, 0.000000000000000000, -0.000000000000000000 ) ) ;
#1658 = CARTESIAN_POINT ( 'NONE',  ( 17.95242928650733916, 5.000000000000000000, 35.62244118563819484 ) ) ;
#1659 = CARTESIAN_POINT ( 'NONE',  ( -11.25741910161671022, 5.000000000000000000, 19.40242819735833635 ) ) ;
#1660 = CIRCLE ( 'NONE', #2916, 1.749999999992299493 ) ;
#1661 = VECTOR ( 'NONE', #2054, 1000.000000000000000 ) ;
#1662 = DIRECTION ( 'NONE',  ( -0.6260287316622773490, -0.000000000000000000, 0.7797999917500130218 ) ) ;
#1663 = ORIENTED_EDGE ( 'NONE', *, *, #462, .F. ) ;
#1664 = ADVANCED_FACE ( 'NONE', ( #1166 ), #2157, .F. ) ;
#1665 = DIRECTION ( 'NONE',  ( 0.000000000000000000, 0.000000000000000000, 1.000000000000000000 ) ) ;
#1666 = ORIENTED_EDGE ( 'NONE', *, *, #3188, .T. ) ;
#1667 = ADVANCED_FACE ( 'NONE', ( #1180 ), #2169, .T. ) ;
#1668 = DIRECTION ( 'NONE',  ( -0.000000000000000000, 1.000000000000000000, -0.000000000000000000 ) ) ;
#1669 = FACE_OUTER_BOUND ( 'NONE', #131, .T. ) ;
#1670 = DIRECTION ( 'NONE',  ( 0.000000000000000000, 0.000000000000000000, 1.000000000000000000 ) ) ;
#1671 = EDGE_CURVE ( 'NONE', #3088, #637, #1772, .T. ) ;
#1672 = ORIENTED_EDGE ( 'NONE', *, *, #3208, .T. ) ;
#1673 = CARTESIAN_POINT ( 'NONE',  ( 25.60517947633836755, 1.000000000000000888, 40.62244118563819484 ) ) ;
#1674 = CARTESIAN_POINT ( 'NONE',  ( 16.90000000000000568, 0.000000000000000000, -7.691287847477913608 ) ) ;
#1675 = LINE ( 'NONE', #393, #1871 ) ;
#1676 = EDGE_CURVE ( 'NONE', #2485, #2730, #1736, .T. ) ;
#1677 = FACE_OUTER_BOUND ( 'NONE', #3032, .T. ) ;
#1678 = ORIENTED_EDGE ( 'NONE', *, *, #1869, .F. ) ;
#1679 = CARTESIAN_POINT ( 'NONE',  ( 17.95242928650733916, 0.000000000000000000, 35.62244118563819484 ) ) ;
#1680 = PLANE ( 'NONE',  #659 ) ;
#1681 = CARTESIAN_POINT ( 'NONE',  ( 40.30000000000000426, 5.000000000000000000, 0.000000000000000000 ) ) ;
#1682 = ORIENTED_EDGE ( 'NONE', *, *, #823, .F. ) ;
#1683 = ORIENTED_EDGE ( 'NONE', *, *, #1041, .F. ) ;
#1684 = CARTESIAN_POINT ( 'NONE',  ( 0.000000000000000000, 24.00000000000000000, -57.37755881436179806 ) ) ;
#1685 = DIRECTION ( 'NONE',  ( 0.000000000000000000, 0.000000000000000000, -1.000000000000000000 ) ) ;
#1686 = DIRECTION ( 'NONE',  ( -0.5121186656360722234, 0.8589147060722204241, -0.000000000000000000 ) ) ;
#1687 = ADVANCED_FACE ( 'NONE', ( #2529 ), #2287, .F. ) ;
#1688 = EDGE_CURVE ( 'NONE', #2606, #2106, #221, .T. ) ;
#1689 = AXIS2_PLACEMENT_3D ( 'NONE', #628, #2644, #2107 ) ;
#1690 = EDGE_CURVE ( 'NONE', #2552, #649, #1806, .T. ) ;
#1691 = EDGE_CURVE ( 'NONE', #1777, #461, #2733, .T. ) ;
#1692 = DIRECTION ( 'NONE',  ( 0.000000000000000000, 0.000000000000000000, -1.000000000000000000 ) ) ;
#1693 = DIRECTION ( 'NONE',  ( 0.000000000000000000, 1.000000000000000000, 0.000000000000000000 ) ) ;
#1694 = UNCERTAINTY_MEASURE_WITH_UNIT (LENGTH_MEASURE( 1.000000000000000082E-05 ), #98, 'distance_accuracy_value', 'NONE');
#1695 = CARTESIAN_POINT ( 'NONE',  ( -18.35240041031786618, 12.13999999999999879, -41.37755881436179806 ) ) ;
#1696 = EDGE_LOOP ( 'NONE', ( #743, #2692, #841, #2868 ) ) ;
#1697 = VECTOR ( 'NONE', #2753, 1000.000000000000000 ) ;
#1698 = DIRECTION ( 'NONE',  ( 1.000000000000000000, 0.000000000000000000, -0.000000000000000000 ) ) ;
#1699 = DIRECTION ( 'NONE',  ( 0.7071067811865475727, -0.7071067811865475727, 0.000000000000000000 ) ) ;
#1700 = ORIENTED_EDGE ( 'NONE', *, *, #235, .F. ) ;
#1701 = ORIENTED_EDGE ( 'NONE', *, *, #1268, .T. ) ;
#1702 = AXIS2_PLACEMENT_3D ( 'NONE', #241, #1255, #1240 ) ;
#1703 = FACE_OUTER_BOUND ( 'NONE', #2662, .T. ) ;
#1704 = ADVANCED_FACE ( 'NONE', ( #31 ), #487, .T. ) ;
#1705 = VECTOR ( 'NONE', #1266, 1000.000000000000000 ) ;
#1706 = VECTOR ( 'NONE', #1923, 1000.000000000000000 ) ;
#1707 = ADVANCED_FACE ( 'NONE', ( #1038 ), #2033, .T. ) ;
#1708 = DIRECTION ( 'NONE',  ( 1.000000000000000000, 0.000000000000000000, 0.000000000000000000 ) ) ;
#1709 = AXIS2_PLACEMENT_3D ( 'NONE', #214, #1963, #1988 ) ;
#1710 = LINE ( 'NONE', #1436, #1277 ) ;
#1711 = EDGE_CURVE ( 'NONE', #303, #2106, #523, .T. ) ;
#1712 = CARTESIAN_POINT ( 'NONE',  ( 38.30000000000001137, 3.999999999999993339, -14.96164462333984702 ) ) ;
#1713 = VERTEX_POINT ( 'NONE', #1519 ) ;
#1714 = EDGE_CURVE ( 'NONE', #2924, #144, #394, .T. ) ;
#1715 = DIRECTION ( 'NONE',  ( 0.000000000000000000, 0.000000000000000000, 1.000000000000000000 ) ) ;
#1716 = DIRECTION ( 'NONE',  ( -0.5519369853120618119, 0.000000000000000000, 0.8338858220671657717 ) ) ;
#1717 = VERTEX_POINT ( 'NONE', #1310 ) ;
#1718 = ORIENTED_EDGE ( 'NONE', *, *, #2526, .T. ) ;
#1719 = CARTESIAN_POINT ( 'NONE',  ( 35.65000000000000568, 7.500000000000000000, 0.000000000000000000 ) ) ;
#1720 = EDGE_CURVE ( 'NONE', #1582, #952, #981, .T. ) ;
#1721 = CARTESIAN_POINT ( 'NONE',  ( 26.40242928650734200, 0.000000000000000000, 15.76658096972232848 ) ) ;
#1722 = CARTESIAN_POINT ( 'NONE',  ( 10.70000000000000817, 1.500000000000000000, -6.499999999999993783 ) ) ;
#1723 = VERTEX_POINT ( 'NONE', #1270 ) ;
#1724 = LINE ( 'NONE', #2189, #2874 ) ;
#1725 = ORIENTED_EDGE ( 'NONE', *, *, #869, .F. ) ;
#1726 = ADVANCED_FACE ( 'NONE', ( #1017 ), #1997, .F. ) ;
#1727 = CARTESIAN_POINT ( 'NONE',  ( -12.25741910161672976, 1.000000000000000888, 20.90725739302199315 ) ) ;
#1728 = ORIENTED_EDGE ( 'NONE', *, *, #1649, .F. ) ;
#1729 = ORIENTED_EDGE ( 'NONE', *, *, #441, .T. ) ;
#1730 = CARTESIAN_POINT ( 'NONE',  ( 28.29177638703538378, 1.000000000000000888, 40.62244118563819484 ) ) ;
#1731 = CARTESIAN_POINT ( 'NONE',  ( -14.34115543711282292, 5.000000000000000000, -9.560745877747734767 ) ) ;
#1732 = DIRECTION ( 'NONE',  ( 0.7071067811865473507, -0.4216048213907566677, -0.5676701283140309640 ) ) ;
#1733 = CARTESIAN_POINT ( 'NONE',  ( -7.998489885977767777, 24.00000000000000000, -57.37755881436179806 ) ) ;
#1734 = ORIENTED_EDGE ( 'NONE', *, *, #1535, .F. ) ;
#1735 = DIRECTION ( 'NONE',  ( 0.000000000000000000, -1.000000000000000000, 0.000000000000000000 ) ) ;
#1736 = LINE ( 'NONE', #540, #1601 ) ;
#1737 = ORIENTED_EDGE ( 'NONE', *, *, #1089, .T. ) ;
#1738 = AXIS2_PLACEMENT_3D ( 'NONE', #785, #242, #2306 ) ;
#1739 = VECTOR ( 'NONE', #1597, 1000.000000000000000 ) ;
#1740 = CYLINDRICAL_SURFACE ( 'NONE', #661, 1.749999999995848654 ) ;
#1741 = CARTESIAN_POINT ( 'NONE',  ( 26.40242928650734200, 5.000000000000000000, 17.51658096971817713 ) ) ;
#1742 = ORIENTED_EDGE ( 'NONE', *, *, #2704, .F. ) ;
#1743 = ADVANCED_FACE ( 'NONE', ( #1982 ), #3012, .F. ) ;
#1744 = EDGE_CURVE ( 'NONE', #1337, #1794, #1788, .T. ) ;
#1745 = ORIENTED_EDGE ( 'NONE', *, *, #682, .F. ) ;
#1746 = DIRECTION ( 'NONE',  ( 0.000000000000000000, 1.000000000000000000, 0.000000000000000000 ) ) ;
#1747 = DIRECTION ( 'NONE',  ( 0.000000000000000000, 0.000000000000000000, -1.000000000000000000 ) ) ;
#1748 = ORIENTED_EDGE ( 'NONE', *, *, #2168, .T. ) ;
#1749 = DIRECTION ( 'NONE',  ( 9.801695887712422592E-17, 0.000000000000000000, 1.000000000000000000 ) ) ;
#1750 = DIRECTION ( 'NONE',  ( 0.000000000000000000, 1.000000000000000000, 0.000000000000000000 ) ) ;
#1751 = CARTESIAN_POINT ( 'NONE',  ( 40.46942911033584522, 1.000000000000001998, 22.22401487565569056 ) ) ;
#1752 = CARTESIAN_POINT ( 'NONE',  ( -0.5999999999999868772, 16.00000000000000000, -54.87755881436181227 ) ) ;
#1753 = CIRCLE ( 'NONE', #3214, 7.691287847477918937 ) ;
#1754 = EDGE_LOOP ( 'NONE', ( #473, #1253, #1542, #2814 ) ) ;
#1755 = AXIS2_PLACEMENT_3D ( 'NONE', #3203, #480, #2758 ) ;
#1756 = DIRECTION ( 'NONE',  ( 0.000000000000000000, -1.000000000000000000, 0.000000000000000000 ) ) ;
#1757 = EDGE_LOOP ( 'NONE', ( #1478, #436, #2006, #2549, #1300 ) ) ;
#1758 = ADVANCED_FACE ( 'NONE', ( #1055 ), #325, .F. ) ;
#1759 = VECTOR ( 'NONE', #2566, 1000.000000000000114 ) ;
#1760 = ADVANCED_FACE ( 'NONE', ( #822 ), #1861, .F. ) ;
#1761 = CARTESIAN_POINT ( 'NONE',  ( -10.99848988597778465, 3.000000000000016431, -49.37755881436179806 ) ) ;
#1762 = SHAPE_DEFINITION_REPRESENTATION ( #2511, #1579 ) ;
#1763 = CARTESIAN_POINT ( 'NONE',  ( 17.95242928650733916, 5.000000000000000000, 35.62244118563819484 ) ) ;
#1764 = ORIENTED_EDGE ( 'NONE', *, *, #2055, .F. ) ;
#1765 = EDGE_LOOP ( 'NONE', ( #2506, #1247, #2321, #1826 ) ) ;
#1766 = PLANE ( 'NONE',  #2794 ) ;
#1767 = CARTESIAN_POINT ( 'NONE',  ( -18.35240041031786618, 9.580000000000001847, -41.37755881436179806 ) ) ;
#1768 = ORIENTED_EDGE ( 'NONE', *, *, #3084, .F. ) ;
#1769 = CARTESIAN_POINT ( 'NONE',  ( 7.952429286507339157, 0.000000000000000000, 35.62244118563819484 ) ) ;
#1770 = CARTESIAN_POINT ( 'NONE',  ( 44.99999999999998579, 7.500000000000000000, -14.48913718705239972 ) ) ;
#1771 = CARTESIAN_POINT ( 'NONE',  ( 40.30000000000000426, 5.000000000000000000, 19.46432994909537939 ) ) ;
#1772 = LINE ( 'NONE', #768, #3211 ) ;
#1773 = DIRECTION ( 'NONE',  ( 0.000000000000000000, 0.000000000000000000, -1.000000000000000000 ) ) ;
#1774 = CARTESIAN_POINT ( 'NONE',  ( 22.48233523147431967, 3.999999999999992450, -15.37906892838399919 ) ) ;
#1775 = DIRECTION ( 'NONE',  ( 0.000000000000000000, 1.000000000000000000, 0.000000000000000000 ) ) ;
#1776 = ORIENTED_EDGE ( 'NONE', *, *, #837, .F. ) ;
#1777 = VERTEX_POINT ( 'NONE', #854 ) ;
#1778 = DIRECTION ( 'NONE',  ( -8.673617379884072943E-16, 0.000000000000000000, -1.000000000000000000 ) ) ;
#1779 = CARTESIAN_POINT ( 'NONE',  ( -3.099999999999980105, 24.00000000000000000, -49.37755881436179806 ) ) ;
#1780 = DIRECTION ( 'NONE',  ( 1.000000000000000000, 3.097720492815727659E-17, -0.000000000000000000 ) ) ;
#1781 = EDGE_LOOP ( 'NONE', ( #2349, #252, #810, #2804 ) ) ;
#1782 = EDGE_LOOP ( 'NONE', ( #2300, #167, #1461, #2296 ) ) ;
#1783 = LINE ( 'NONE', #2962, #1088 ) ;
#1784 = DIRECTION ( 'NONE',  ( 0.000000000000000000, -0.5962392563726943706, -0.8028067944157775138 ) ) ;
#1785 = DIRECTION ( 'NONE',  ( 0.000000000000000000, 1.000000000000000000, 0.000000000000000000 ) ) ;
#1786 = EDGE_CURVE ( 'NONE', #2786, #952, #3063, .T. ) ;
#1787 = EDGE_CURVE ( 'NONE', #1626, #470, #1290, .T. ) ;
#1788 = LINE ( 'NONE', #2305, #1446 ) ;
#1789 = ORIENTED_EDGE ( 'NONE', *, *, #1217, .F. ) ;
#1790 = FACE_OUTER_BOUND ( 'NONE', #1090, .T. ) ;
#1791 = CARTESIAN_POINT ( 'NONE',  ( 5.400000000000005684, 7.500000000000000000, 6.500000000000004441 ) ) ;
#1792 = ORIENTED_EDGE ( 'NONE', *, *, #1893, .T. ) ;
#1793 = CIRCLE ( 'NONE', #382, 1.750000000000000000 ) ;
#1794 = VERTEX_POINT ( 'NONE', #2593 ) ;
#1795 = DIRECTION ( 'NONE',  ( 0.000000000000000000, 1.000000000000000000, 0.000000000000000000 ) ) ;
#1796 = FACE_BOUND ( 'NONE', #2883, .T. ) ;
#1797 = FACE_BOUND ( 'NONE', #3186, .T. ) ;
#1798 = AXIS2_PLACEMENT_3D ( 'NONE', #1169, #355, #153 ) ;
#1799 = ORIENTED_EDGE ( 'NONE', *, *, #1594, .T. ) ;
#1800 = ADVANCED_FACE ( 'NONE', ( #1844 ), #349, .F. ) ;
#1801 = EDGE_LOOP ( 'NONE', ( #52, #1764, #2820, #1663 ) ) ;
#1802 = LINE ( 'NONE', #1578, #285 ) ;
#1803 = FILL_AREA_STYLE ('',( #2828 ) ) ;
#1804 = FACE_OUTER_BOUND ( 'NONE', #3241, .T. ) ;
#1805 = EDGE_CURVE ( 'NONE', #303, #126, #2856, .T. ) ;
#1806 = LINE ( 'NONE', #728, #603 ) ;
#1807 = AXIS2_PLACEMENT_3D ( 'NONE', #2069, #365, #2089 ) ;
#1808 = DIRECTION ( 'NONE',  ( -0.5519369853120618119, 0.000000000000000000, 0.8338858220671657717 ) ) ;
#1809 = EDGE_CURVE ( 'NONE', #141, #640, #590, .T. ) ;
#1810 = ORIENTED_EDGE ( 'NONE', *, *, #2373, .T. ) ;
#1811 = VECTOR ( 'NONE', #54, 1000.000000000000000 ) ;
#1812 = VECTOR ( 'NONE', #974, 1000.000000000000000 ) ;
#1813 = CARTESIAN_POINT ( 'NONE',  ( 0.1428300094637353912, 0.000000000000000000, 37.83018912688643809 ) ) ;
#1814 = CARTESIAN_POINT ( 'NONE',  ( 39.63554328826866424, 5.000000000000000000, 21.67207789034361198 ) ) ;
#1815 = AXIS2_PLACEMENT_3D ( 'NONE', #2467, #691, #1698 ) ;
#1816 = VECTOR ( 'NONE', #2450, 1000.000000000000000 ) ;
#1817 = EDGE_LOOP ( 'NONE', ( #2473, #1396, #1301, #1186 ) ) ;
#1818 = DIRECTION ( 'NONE',  ( 0.000000000000000000, 0.7071067811865474617, -0.7071067811865475727 ) ) ;
#1819 = CARTESIAN_POINT ( 'NONE',  ( -10.99848988597778465, 0.000000000000000000, -57.37755881436179806 ) ) ;
#1820 = DIRECTION ( 'NONE',  ( 0.000000000000000000, -1.000000000000000000, 0.000000000000000000 ) ) ;
#1821 = VERTEX_POINT ( 'NONE', #1599 ) ;
#1822 = ORIENTED_EDGE ( 'NONE', *, *, #1225, .T. ) ;
#1823 = LINE ( 'NONE', #3074, #2697 ) ;
#1824 = LINE ( 'NONE', #1173, #1021 ) ;
#1825 = EDGE_CURVE ( 'NONE', #988, #224, #3135, .T. ) ;
#1826 = ORIENTED_EDGE ( 'NONE', *, *, #1162, .F. ) ;
#1827 = CARTESIAN_POINT ( 'NONE',  ( 25.60517947633836755, 0.000000000000000000, 35.62244118563819484 ) ) ;
#1828 = ORIENTED_EDGE ( 'NONE', *, *, #2055, .T. ) ;
#1829 = LINE ( 'NONE', #1602, #453 ) ;
#1830 = CARTESIAN_POINT ( 'NONE',  ( -8.099999999999985434, 16.00000000000000000, -41.37755881436179806 ) ) ;
#1831 = ADVANCED_FACE ( 'NONE', ( #875 ), #613, .F. ) ;
#1832 = ORIENTED_EDGE ( 'NONE', *, *, #1071, .T. ) ;
#1833 = EDGE_LOOP ( 'NONE', ( #1205, #2587, #531, #417 ) ) ;
#1834 = ADVANCED_FACE ( 'NONE', ( #1363 ), #308, .F. ) ;
#1835 = DIRECTION ( 'NONE',  ( 0.000000000000000000, 0.000000000000000000, -1.000000000000000000 ) ) ;
#1836 = CARTESIAN_POINT ( 'NONE',  ( 33.30000000000001137, 1.499999999999999556, -6.499999999999994671 ) ) ;
#1837 = CARTESIAN_POINT ( 'NONE',  ( -0.5999999999999948708, 5.000000000000000000, 15.37906892838401696 ) ) ;
#1838 = CARTESIAN_POINT ( 'NONE',  ( -12.06214126666035114, 4.195277834956372409, -14.43001194165998946 ) ) ;
#1839 = ORIENTED_EDGE ( 'NONE', *, *, #804, .T. ) ;
#1840 = ORIENTED_EDGE ( 'NONE', *, *, #2167, .T. ) ;
#1841 = DIRECTION ( 'NONE',  ( -1.000000000000000000, -1.445602896647338670E-16, -0.000000000000000000 ) ) ;
#1842 = DIRECTION ( 'NONE',  ( 0.000000000000000000, 0.000000000000000000, -1.000000000000000000 ) ) ;
#1843 = ORIENTED_EDGE ( 'NONE', *, *, #2540, .F. ) ;
#1844 = FACE_OUTER_BOUND ( 'NONE', #1050, .T. ) ;
#1845 = CYLINDRICAL_SURFACE ( 'NONE', #1000, 1.750000000000000000 ) ;
#1846 = VERTEX_POINT ( 'NONE', #1631 ) ;
#1847 = VERTEX_POINT ( 'NONE', #893 ) ;
#1848 = EDGE_CURVE ( 'NONE', #658, #1862, #1863, .T. ) ;
#1849 = CYLINDRICAL_SURFACE ( 'NONE', #449, 13.49999999999999822 ) ;
#1850 = DIRECTION ( 'NONE',  ( 0.000000000000000000, 0.000000000000000000, -1.000000000000000000 ) ) ;
#1851 = ADVANCED_FACE ( 'NONE', ( #1894 ), #2907, .T. ) ;
#1852 = FACE_BOUND ( 'NONE', #2347, .T. ) ;
#1853 = ORIENTED_EDGE ( 'NONE', *, *, #154, .T. ) ;
#1854 = ORIENTED_EDGE ( 'NONE', *, *, #2824, .T. ) ;
#1855 = DIRECTION ( 'NONE',  ( -0.000000000000000000, -1.000000000000000000, 0.000000000000000000 ) ) ;
#1856 = PLANE ( 'NONE',  #490 ) ;
#1857 = AXIS2_PLACEMENT_3D ( 'NONE', #1779, #551, #2584 ) ;
#1858 = EDGE_LOOP ( 'NONE', ( #2826, #2276, #1073, #1600 ) ) ;
#1859 = CIRCLE ( 'NONE', #1183, 5.000000000000000888 ) ;
#1860 = DIRECTION ( 'NONE',  ( 0.7071067811865462405, 0.000000000000000000, 0.7071067811865489050 ) ) ;
#1861 = PLANE ( 'NONE',  #2391 ) ;
#1862 = VERTEX_POINT ( 'NONE', #2625 ) ;
#1863 = CIRCLE ( 'NONE', #174, 1.749999999995852207 ) ;
#1864 = DIRECTION ( 'NONE',  ( -1.000000000000000000, -0.000000000000000000, -0.000000000000000000 ) ) ;
#1865 = CIRCLE ( 'NONE', #135, 5.500000000000018652 ) ;
#1866 = EDGE_CURVE ( 'NONE', #2410, #514, #836, .T. ) ;
#1867 = VERTEX_POINT ( 'NONE', #115 ) ;
#1868 = VECTOR ( 'NONE', #1171, 1000.000000000000114 ) ;
#1869 = EDGE_CURVE ( 'NONE', #1946, #1466, #3115, .T. ) ;
#1870 = VECTOR ( 'NONE', #2, 1000.000000000000000 ) ;
#1871 = VECTOR ( 'NONE', #1411, 1000.000000000000227 ) ;
#1872 = LINE ( 'NONE', #2865, #2220 ) ;
#1873 = LINE ( 'NONE', #1638, #66 ) ;
#1874 = EDGE_LOOP ( 'NONE', ( #3197, #371, #2667, #120 ) ) ;
#1875 = DIRECTION ( 'NONE',  ( -1.533293416683373152E-16, -0.7071067811865479058, -0.7071067811865471286 ) ) ;
#1876 = EDGE_LOOP ( 'NONE', ( #645, #2176, #2785, #3223 ) ) ;
#1877 = VECTOR ( 'NONE', #1462, 1000.000000000000000 ) ;
#1878 = VECTOR ( 'NONE', #3065, 1000.000000000000000 ) ;
#1879 = DIRECTION ( 'NONE',  ( 1.000000000000000000, 0.000000000000000000, -0.000000000000000000 ) ) ;
#1880 = ORIENTED_EDGE ( 'NONE', *, *, #926, .T. ) ;
#1881 = CARTESIAN_POINT ( 'NONE',  ( -10.59296238988538619, 0.000000000000000000, 21.61017613860658670 ) ) ;
#1882 = FACE_OUTER_BOUND ( 'NONE', #2263, .T. ) ;
#1883 = ORIENTED_EDGE ( 'NONE', *, *, #775, .F. ) ;
#1884 = LINE ( 'NONE', #142, #181 ) ;
#1885 = DIRECTION ( 'NONE',  ( -0.5896463195190152495, -0.7071067811865435759, 0.3902783851018203354 ) ) ;
#1886 = VERTEX_POINT ( 'NONE', #1397 ) ;
#1887 = CARTESIAN_POINT ( 'NONE',  ( 17.95242928650733916, 9.949747468294097175, 33.87244118564589712 ) ) ;
#1888 = EDGE_LOOP ( 'NONE', ( #351, #1348 ) ) ;
#1889 = ORIENTED_EDGE ( 'NONE', *, *, #1229, .T. ) ;
#1890 = FACE_OUTER_BOUND ( 'NONE', #1149, .T. ) ;
#1891 = DIRECTION ( 'NONE',  ( -0.000000000000000000, -1.000000000000000000, -0.000000000000000000 ) ) ;
#1892 = EDGE_LOOP ( 'NONE', ( #162, #2998, #2620, #1973 ) ) ;
#1893 = EDGE_CURVE ( 'NONE', #1490, #632, #558, .T. ) ;
#1894 = FACE_OUTER_BOUND ( 'NONE', #880, .T. ) ;
#1895 = EDGE_CURVE ( 'NONE', #1821, #2552, #2576, .T. ) ;
#1896 = ORIENTED_EDGE ( 'NONE', *, *, #2453, .T. ) ;
#1897 = DIRECTION ( 'NONE',  ( -0.5896463195190065898, -0.7071067811865536790, -0.3902783851018154504 ) ) ;
#1898 = VERTEX_POINT ( 'NONE', #656 ) ;
#1899 = ORIENTED_EDGE ( 'NONE', *, *, #2433, .T. ) ;
#1900 = DIRECTION ( 'NONE',  ( -0.6507979370628449445, -0.7019729682810214033, -0.2893026044083898407 ) ) ;
#1901 = LINE ( 'NONE', #2202, #1437 ) ;
#1902 = ORIENTED_EDGE ( 'NONE', *, *, #2188, .T. ) ;
#1903 = ORIENTED_EDGE ( 'NONE', *, *, #885, .T. ) ;
#1904 = CARTESIAN_POINT ( 'NONE',  ( 18.82842712474615610, 5.000000000000000000, -16.13642824126471353 ) ) ;
#1905 = AXIS2_PLACEMENT_3D ( 'NONE', #1830, #2694, #1157 ) ;
#1906 = LINE ( 'NONE', #1950, #532 ) ;
#1907 = CARTESIAN_POINT ( 'NONE',  ( 10.70000000000000817, 1.500000000000000000, -6.499999999999993783 ) ) ;
#1908 = AXIS2_PLACEMENT_3D ( 'NONE', #48, #1520, #996 ) ;
#1909 = EDGE_CURVE ( 'NONE', #899, #88, #1911, .T. ) ;
#1910 = CARTESIAN_POINT ( 'NONE',  ( 10.70000000000000817, 21.53887459877037358, -6.499999999999993783 ) ) ;
#1911 = LINE ( 'NONE', #148, #443 ) ;
#1912 = EDGE_CURVE ( 'NONE', #3227, #2786, #427, .T. ) ;
#1913 = FACE_OUTER_BOUND ( 'NONE', #2024, .T. ) ;
#1914 = ORIENTED_EDGE ( 'NONE', *, *, #358, .F. ) ;
#1915 = CIRCLE ( 'NONE', #482, 1.749999999992299493 ) ;
#1916 = DIRECTION ( 'NONE',  ( 0.000000000000000000, 1.000000000000000000, 0.000000000000000000 ) ) ;
#1917 = AXIS2_PLACEMENT_3D ( 'NONE', #2922, #2463, #920 ) ;
#1918 = CARTESIAN_POINT ( 'NONE',  ( -0.5999999999999948708, 5.000000000000000000, 15.37906892838401696 ) ) ;
#1919 = DIRECTION ( 'NONE',  ( -0.000000000000000000, 1.000000000000000000, -0.000000000000000000 ) ) ;
#1920 = CIRCLE ( 'NONE', #397, 6.000000000000019540 ) ;
#1921 = AXIS2_PLACEMENT_3D ( 'NONE', #504, #2008, #2761 ) ;
#1922 = AXIS2_PLACEMENT_3D ( 'NONE', #2823, #1875, #1566 ) ;
#1923 = DIRECTION ( 'NONE',  ( 9.801695887712422592E-17, 0.000000000000000000, 1.000000000000000000 ) ) ;
#1924 = LINE ( 'NONE', #697, #2227 ) ;
#1925 = AXIS2_PLACEMENT_3D ( 'NONE', #927, #2677, #2192 ) ;
#1926 = CIRCLE ( 'NONE', #660, 5.000000000000000888 ) ;
#1927 = VECTOR ( 'NONE', #1130, 1000.000000000000000 ) ;
#1928 = PLANE ( 'NONE',  #1346 ) ;
#1929 = DIRECTION ( 'NONE',  ( 0.7071067811865483499, -0.7071067811865465735, 0.000000000000000000 ) ) ;
#1930 = CARTESIAN_POINT ( 'NONE',  ( -0.5999999999999863221, 0.000000000000000000, -54.87755881436181227 ) ) ;
#1931 = CARTESIAN_POINT ( 'NONE',  ( -8.099999999999985434, 21.09999999999999787, -41.37755881436179806 ) ) ;
#1932 = DIRECTION ( 'NONE',  ( 0.7071067811865485719, 0.000000000000000000, 0.7071067811865465735 ) ) ;
#1933 = ORIENTED_EDGE ( 'NONE', *, *, #2902, .T. ) ;
#1934 = EDGE_CURVE ( 'NONE', #2631, #1417, #2067, .T. ) ;
#1935 = ADVANCED_FACE ( 'NONE', ( #1435 ), #1413, .T. ) ;
#1936 = EDGE_CURVE ( 'NONE', #1603, #1218, #396, .T. ) ;
#1937 = VERTEX_POINT ( 'NONE', #1176 ) ;
#1938 = DIRECTION ( 'NONE',  ( -1.000000000000000000, 0.000000000000000000, -0.000000000000000000 ) ) ;
#1939 = PLANE ( 'NONE',  #2286 ) ;
#1940 = FACE_OUTER_BOUND ( 'NONE', #230, .T. ) ;
#1941 = ORIENTED_EDGE ( 'NONE', *, *, #2392, .T. ) ;
#1942 = DIRECTION ( 'NONE',  ( -0.000000000000000000, 1.000000000000000000, -0.000000000000000000 ) ) ;
#1943 = VERTEX_POINT ( 'NONE', #2947 ) ;
#1944 = DIRECTION ( 'NONE',  ( 0.5519369853120618119, 0.000000000000000000, -0.8338858220671657717 ) ) ;
#1945 = DIRECTION ( 'NONE',  ( 0.000000000000000000, -0.000000000000000000, -1.000000000000000000 ) ) ;
#1946 = VERTEX_POINT ( 'NONE', #960 ) ;
#1947 = ADVANCED_FACE ( 'NONE', ( #1677 ), #3161, .T. ) ;
#1948 = VERTEX_POINT ( 'NONE', #3193 ) ;
#1949 = ADVANCED_FACE ( 'NONE', ( #698 ), #2673, .F. ) ;
#1950 = CARTESIAN_POINT ( 'NONE',  ( -7.998489885977767777, 0.000000000000000000, -49.37755881436179806 ) ) ;
#1951 = DIRECTION ( 'NONE',  ( 0.7071067811865486830, 0.7071067811865464625, -1.533293416683376357E-16 ) ) ;
#1952 = DIRECTION ( 'NONE',  ( -0.000000000000000000, 1.000000000000000000, -0.000000000000000000 ) ) ;
#1953 = VECTOR ( 'NONE', #1463, 1000.000000000000000 ) ;
#1954 = DIRECTION ( 'NONE',  ( 0.000000000000000000, 0.000000000000000000, -1.000000000000000000 ) ) ;
#1955 = VECTOR ( 'NONE', #109, 1000.000000000000000 ) ;
#1956 = ORIENTED_EDGE ( 'NONE', *, *, #85, .T. ) ;
#1957 =( NAMED_UNIT ( * ) PLANE_ANGLE_UNIT ( ) SI_UNIT ( $, .RADIAN. ) );
#1958 = CARTESIAN_POINT ( 'NONE',  ( 40.46942911033584522, 3.999999999999994671, 22.22401487565568701 ) ) ;
#1959 = ORIENTED_EDGE ( 'NONE', *, *, #2331, .T. ) ;
#1960 = EDGE_LOOP ( 'NONE', ( #2607, #821, #1380, #2143 ) ) ;
#1961 = ADVANCED_FACE ( 'NONE', ( #1453 ), #1928, .T. ) ;
#1962 = AXIS2_PLACEMENT_3D ( 'NONE', #1503, #11, #803 ) ;
#1963 = DIRECTION ( 'NONE',  ( 0.000000000000000000, 1.000000000000000000, 0.000000000000000000 ) ) ;
#1964 = VECTOR ( 'NONE', #564, 1000.000000000000000 ) ;
#1965 = VECTOR ( 'NONE', #2064, 1000.000000000000114 ) ;
#1966 = PLANE ( 'NONE',  #919 ) ;
#1967 = DIRECTION ( 'NONE',  ( 0.000000000000000000, 0.000000000000000000, -1.000000000000000000 ) ) ;
#1968 = CIRCLE ( 'NONE', #25, 5.000000000000000888 ) ;
#1969 = LINE ( 'NONE', #2703, #948 ) ;
#1970 = ADVANCED_FACE ( 'NONE', ( #1940 ), #160, .F. ) ;
#1971 = CARTESIAN_POINT ( 'NONE',  ( 8.050000000000006040, 7.500000000000000000, 5.204170427930421283E-15 ) ) ;
#1972 = VERTEX_POINT ( 'NONE', #173 ) ;
#1973 = ORIENTED_EDGE ( 'NONE', *, *, #476, .F. ) ;
#1974 = VERTEX_POINT ( 'NONE', #2184 ) ;
#1975 = CIRCLE ( 'NONE', #976, 3.999999999999982681 ) ;
#1976 = CARTESIAN_POINT ( 'NONE',  ( 41.30000000000001847, 0.000000000000000000, 19.46432994909537939 ) ) ;
#1977 = DIRECTION ( 'NONE',  ( -0.000000000000000000, -1.000000000000000000, -0.000000000000000000 ) ) ;
#1978 = LINE ( 'NONE', #2973, #1408 ) ;
#1979 = EDGE_LOOP ( 'NONE', ( #489, #1214, #1880, #3221, #2356, #2766, #2132, #2381, #2344, #1577, #865, #2645, #390, #3048, #1718, #2029, #263, #1076 ) ) ;
#1980 = EDGE_CURVE ( 'NONE', #2113, #1717, #1221, .T. ) ;
#1981 = EDGE_CURVE ( 'NONE', #65, #733, #2209, .T. ) ;
#1982 = FACE_OUTER_BOUND ( 'NONE', #513, .T. ) ;
#1983 = PLANE ( 'NONE',  #2229 ) ;
#1984 = FACE_OUTER_BOUND ( 'NONE', #243, .T. ) ;
#1985 = ORIENTED_EDGE ( 'NONE', *, *, #1458, .F. ) ;
#1986 = ORIENTED_EDGE ( 'NONE', *, *, #1825, .F. ) ;
#1987 = CARTESIAN_POINT ( 'NONE',  ( 25.60517947633836755, 5.000000000000000000, 35.62244118563819484 ) ) ;
#1988 = DIRECTION ( 'NONE',  ( 0.000000000000000000, 0.000000000000000000, 1.000000000000000000 ) ) ;
#1989 = ORIENTED_EDGE ( 'NONE', *, *, #2433, .F. ) ;
#1990 = DIRECTION ( 'NONE',  ( 0.000000000000000000, -1.000000000000000000, 0.000000000000000000 ) ) ;
#1991 = DIRECTION ( 'NONE',  ( 1.000000000000000000, 3.097720492815727659E-17, 0.000000000000000000 ) ) ;
#1992 = EDGE_LOOP ( 'NONE', ( #2899, #1016, #583, #1357, #313, #186 ) ) ;
#1993 = ADVANCED_FACE ( 'NONE', ( #3206 ), #3164, .T. ) ;
#1994 = CIRCLE ( 'NONE', #2832, 3.999999999999996447 ) ;
#1995 = EDGE_CURVE ( 'NONE', #3114, #966, #2541, .T. ) ;
#1996 = EDGE_LOOP ( 'NONE', ( #597, #772, #3056, #2825 ) ) ;
#1997 = PLANE ( 'NONE',  #1188 ) ;
#1998 = ORIENTED_EDGE ( 'NONE', *, *, #1572, .T. ) ;
#1999 = AXIS2_PLACEMENT_3D ( 'NONE', #2906, #2406, #1422 ) ;
#2000 = FACE_OUTER_BOUND ( 'NONE', #3069, .T. ) ;
#2001 = ORIENTED_EDGE ( 'NONE', *, *, #1431, .T. ) ;
#2002 = EDGE_LOOP ( 'NONE', ( #1211, #3072, #155, #3103 ) ) ;
#2003 = CIRCLE ( 'NONE', #1182, 1.749999999995848654 ) ;
#2004 = PLANE ( 'NONE',  #2860 ) ;
#2005 = FACE_OUTER_BOUND ( 'NONE', #2023, .T. ) ;
#2006 = ORIENTED_EDGE ( 'NONE', *, *, #639, .F. ) ;
#2007 = AXIS2_PLACEMENT_3D ( 'NONE', #1695, #447, #715 ) ;
#2008 = DIRECTION ( 'NONE',  ( 0.000000000000000000, 1.000000000000000000, 0.000000000000000000 ) ) ;
#2009 = LINE ( 'NONE', #2031, #1237 ) ;
#2010 = DIRECTION ( 'NONE',  ( 0.4999999999999993339, 0.7071067811865502373, -0.4999999999999968914 ) ) ;
#2011 = CARTESIAN_POINT ( 'NONE',  ( -0.8949586105609601550, 5.000000000000000000, -15.37906892838400630 ) ) ;
#2012 = AXIS2_PLACEMENT_3D ( 'NONE', #46, #3010, #2777 ) ;
#2013 = AXIS2_PLACEMENT_3D ( 'NONE', #2150, #1657, #2637 ) ;
#2014 = ORIENTED_EDGE ( 'NONE', *, *, #1649, .T. ) ;
#2015 = VECTOR ( 'NONE', #2519, 1000.000000000000114 ) ;
#2016 = AXIS2_PLACEMENT_3D ( 'NONE', #128, #2404, #3144 ) ;
#2017 = DIRECTION ( 'NONE',  ( -0.5519369853120621450, 0.000000000000000000, -0.8338858220671655497 ) ) ;
#2018 = ORIENTED_EDGE ( 'NONE', *, *, #557, .F. ) ;
#2019 = AXIS2_PLACEMENT_3D ( 'NONE', #2884, #2179, #1938 ) ;
#2020 = CARTESIAN_POINT ( 'NONE',  ( 26.40242928650734200, 9.949747468294097175, 17.51658096971817713 ) ) ;
#2021 = CARTESIAN_POINT ( 'NONE',  ( 41.30000000000001847, 0.000000000000000000, -10.37906892838400452 ) ) ;
#2022 = ORIENTED_EDGE ( 'NONE', *, *, #727, .T. ) ;
#2023 = EDGE_LOOP ( 'NONE', ( #527, #1643, #1810, #2068, #409, #429 ) ) ;
#2024 = EDGE_LOOP ( 'NONE', ( #210, #835, #2130, #765 ) ) ;
#2025 = DIRECTION ( 'NONE',  ( 0.000000000000000000, -1.000000000000000000, 0.000000000000000000 ) ) ;
#2026 = FACE_BOUND ( 'NONE', #1165, .T. ) ;
#2027 = EDGE_CURVE ( 'NONE', #2954, #741, #905, .T. ) ;
#2028 = CARTESIAN_POINT ( 'NONE',  ( -8.099999999999985434, 9.580000000000001847, -41.37755881436179806 ) ) ;
#2029 = ORIENTED_EDGE ( 'NONE', *, *, #941, .T. ) ;
#2030 = CARTESIAN_POINT ( 'NONE',  ( 36.30000000000001847, 5.000000000000000000, -15.37906892838400452 ) ) ;
#2031 = CARTESIAN_POINT ( 'NONE',  ( 40.30000000000001847, 0.000000000000000000, 19.46432994909537939 ) ) ;
#2032 = DIRECTION ( 'NONE',  ( 0.000000000000000000, 0.000000000000000000, 1.000000000000000000 ) ) ;
#2033 = PLANE ( 'NONE',  #1405 ) ;
#2034 = ORIENTED_EDGE ( 'NONE', *, *, #2614, .F. ) ;
#2035 = DIRECTION ( 'NONE',  ( -0.5896463195190120299, 0.7071067811865467956, 0.3902783851018196137 ) ) ;
#2036 = LINE ( 'NONE', #2784, #646 ) ;
#2037 = ORIENTED_EDGE ( 'NONE', *, *, #405, .F. ) ;
#2038 = PRODUCT ( 'Gripper First Link', 'Gripper First Link', '', ( #298 ) ) ;
#2039 = EDGE_LOOP ( 'NONE', ( #2990, #3017, #1428, #1914 ) ) ;
#2040 = ORIENTED_EDGE ( 'NONE', *, *, #2307, .F. ) ;
#2041 = EDGE_CURVE ( 'NONE', #708, #2577, #2660, .T. ) ;
#2042 = CARTESIAN_POINT ( 'NONE',  ( -0.5999999999999942046, 29.50000000000001776, -57.37755881436179806 ) ) ;
#2043 = CARTESIAN_POINT ( 'NONE',  ( 0.000000000000000000, 1.500000000000000000, 0.000000000000000000 ) ) ;
#2044 = EDGE_LOOP ( 'NONE', ( #1700, #2119 ) ) ;
#2045 = EDGE_CURVE ( 'NONE', #38, #2487, #519, .T. ) ;
#2046 = DIRECTION ( 'NONE',  ( -0.5519369853120621450, 0.000000000000000000, -0.8338858220671655497 ) ) ;
#2047 = EDGE_CURVE ( 'NONE', #1937, #2409, #2523, .T. ) ;
#2048 =( NAMED_UNIT ( * ) PLANE_ANGLE_UNIT ( ) SI_UNIT ( $, .RADIAN. ) );
#2049 = FACE_OUTER_BOUND ( 'NONE', #1416, .T. ) ;
#2050 = CARTESIAN_POINT ( 'NONE',  ( -7.998489885977767777, 0.000000000000000000, -57.37755881436179806 ) ) ;
#2051 = CARTESIAN_POINT ( 'NONE',  ( -0.5999999999999948708, 7.500000000000000000, -12.87906892838401163 ) ) ;
#2052 = ORIENTED_EDGE ( 'NONE', *, *, #2802, .F. ) ;
#2053 = AXIS2_PLACEMENT_3D ( 'NONE', #1002, #260, #14 ) ;
#2054 = DIRECTION ( 'NONE',  ( 1.000000000000000000, 0.000000000000000000, 0.000000000000000000 ) ) ;
#2055 = EDGE_CURVE ( 'NONE', #670, #3018, #2259, .T. ) ;
#2056 = ORIENTED_EDGE ( 'NONE', *, *, #39, .T. ) ;
#2057 = FACE_OUTER_BOUND ( 'NONE', #1152, .T. ) ;
#2058 = FACE_BOUND ( 'NONE', #1045, .T. ) ;
#2059 = CARTESIAN_POINT ( 'NONE',  ( -0.5999999999999884315, 8.000000000000000000, -49.37755881436179806 ) ) ;
#2060 = EDGE_CURVE ( 'NONE', #2088, #2809, #782, .T. ) ;
#2061 = AXIS2_PLACEMENT_3D ( 'NONE', #1653, #1119, #1670 ) ;
#2062 = EDGE_LOOP ( 'NONE', ( #2001, #2140, #1883, #694 ) ) ;
#2063 = ORIENTED_EDGE ( 'NONE', *, *, #3239, .T. ) ;
#2064 = DIRECTION ( 'NONE',  ( 0.7071067811865474617, -0.7071067811865474617, 0.000000000000000000 ) ) ;
#2065 = VECTOR ( 'NONE', #1716, 1000.000000000000114 ) ;
#2066 = CARTESIAN_POINT ( 'NONE',  ( -0.5999999999999869882, 2.499999999999981348, -49.37755881436179806 ) ) ;
#2067 = CIRCLE ( 'NONE', #2952, 3.999999999999980904 ) ;
#2068 = ORIENTED_EDGE ( 'NONE', *, *, #3044, .T. ) ;
#2069 = CARTESIAN_POINT ( 'NONE',  ( -7.257419101616729762, 0.000000000000000000, 6.399688103449668240E-15 ) ) ;
#2070 = CIRCLE ( 'NONE', #3116, 13.49999999999999822 ) ;
#2071 = EDGE_CURVE ( 'NONE', #1632, #2364, #2009, .T. ) ;
#2072 = EDGE_LOOP ( 'NONE', ( #3151, #1792, #726, #839 ) ) ;
#2073 = VECTOR ( 'NONE', #217, 1000.000000000000000 ) ;
#2074 = AXIS2_PLACEMENT_3D ( 'NONE', #3051, #1820, #1305 ) ;
#2075 = CARTESIAN_POINT ( 'NONE',  ( 36.30000000000001847, 5.000000000000000000, -10.37906892838400452 ) ) ;
#2076 = AXIS2_PLACEMENT_3D ( 'NONE', #208, #3153, #463 ) ;
#2077 = AXIS2_PLACEMENT_3D ( 'NONE', #1265, #1220, #3232 ) ;
#2078 = ORIENTED_EDGE ( 'NONE', *, *, #2027, .T. ) ;
#2079 = FACE_OUTER_BOUND ( 'NONE', #2596, .T. ) ;
#2080 = CARTESIAN_POINT ( 'NONE',  ( -10.99848988597778465, 24.00000000000000000, -49.37755881436179806 ) ) ;
#2081 = ORIENTED_EDGE ( 'NONE', *, *, #2266, .T. ) ;
#2082 = DIRECTION ( 'NONE',  ( -1.000000000000000000, 0.000000000000000000, -0.000000000000000000 ) ) ;
#2083 = VERTEX_POINT ( 'NONE', #1722 ) ;
#2084 = VERTEX_POINT ( 'NONE', #534 ) ;
#2085 = LINE ( 'NONE', #1359, #1194 ) ;
#2086 = DIRECTION ( 'NONE',  ( 0.000000000000000000, -1.000000000000000000, 0.000000000000000000 ) ) ;
#2087 = LINE ( 'NONE', #1550, #1642 ) ;
#2088 = VERTEX_POINT ( 'NONE', #269 ) ;
#2089 = DIRECTION ( 'NONE',  ( 0.000000000000000000, 0.000000000000000000, 1.000000000000000000 ) ) ;
#2090 = EDGE_LOOP ( 'NONE', ( #2743, #3215, #1768, #3141, #2841, #188 ) ) ;
#2091 = EDGE_CURVE ( 'NONE', #2326, #2113, #2174, .T. ) ;
#2092 = CARTESIAN_POINT ( 'NONE',  ( 28.94072276460702398, 0.000000000000000000, 37.83018912688643809 ) ) ;
#2093 = ORIENTED_EDGE ( 'NONE', *, *, #361, .F. ) ;
#2094 = LINE ( 'NONE', #2362, #1964 ) ;
#2095 = CARTESIAN_POINT ( 'NONE',  ( -10.99848988597778465, 24.00000000000000000, -54.37755881436177674 ) ) ;
#2096 = EDGE_LOOP ( 'NONE', ( #2754, #2965, #620, #729, #357, #1728 ) ) ;
#2097 = CYLINDRICAL_SURFACE ( 'NONE', #2650, 1.300000000000002487 ) ;
#2098 = ORIENTED_EDGE ( 'NONE', *, *, #757, .T. ) ;
#2099 = CARTESIAN_POINT ( 'NONE',  ( -7.998489885977767777, 32.00000000000000000, -49.37755881436179806 ) ) ;
#2100 =( NAMED_UNIT ( * ) SI_UNIT ( $, .STERADIAN. ) SOLID_ANGLE_UNIT ( ) );
#2101 = LINE ( 'NONE', #3131, #381 ) ;
#2102 = ORIENTED_EDGE ( 'NONE', *, *, #1317, .T. ) ;
#2103 = CARTESIAN_POINT ( 'NONE',  ( -18.35240041031786618, 18.50000000000000355, -41.37755881436179806 ) ) ;
#2104 = ADVANCED_FACE ( 'NONE', ( #218 ), #990, .F. ) ;
#2105 = ADVANCED_FACE ( 'NONE', ( #2715 ), #1036, .F. ) ;
#2106 = VERTEX_POINT ( 'NONE', #1733 ) ;
#2107 = DIRECTION ( 'NONE',  ( 0.000000000000000000, 0.000000000000000000, 1.000000000000000000 ) ) ;
#2108 = ORIENTED_EDGE ( 'NONE', *, *, #1530, .T. ) ;
#2109 = DIRECTION ( 'NONE',  ( 0.000000000000000000, -1.000000000000000000, 0.000000000000000000 ) ) ;
#2110 = ORIENTED_EDGE ( 'NONE', *, *, #85, .F. ) ;
#2111 = DIRECTION ( 'NONE',  ( 0.000000000000000000, 1.000000000000000000, 0.000000000000000000 ) ) ;
#2112 = ORIENTED_EDGE ( 'NONE', *, *, #2802, .T. ) ;
#2113 = VERTEX_POINT ( 'NONE', #1013 ) ;
#2114 = DIRECTION ( 'NONE',  ( 0.000000000000000000, 1.000000000000000000, 0.000000000000000000 ) ) ;
#2115 = CARTESIAN_POINT ( 'NONE',  ( 11.00151011402221535, 3.999999999999993339, -25.37755881436180161 ) ) ;
#2116 = LINE ( 'NONE', #2852, #589 ) ;
#2117 = ORIENTED_EDGE ( 'NONE', *, *, #51, .F. ) ;
#2118 = DIRECTION ( 'NONE',  ( 0.000000000000000000, -0.7071067811865503483, -0.7071067811865447972 ) ) ;
#2119 = ORIENTED_EDGE ( 'NONE', *, *, #116, .F. ) ;
#2120 = AXIS2_PLACEMENT_3D ( 'NONE', #378, #2118, #2357 ) ;
#2121 = CARTESIAN_POINT ( 'NONE',  ( 40.30000000000000426, 5.000000000000000000, 0.000000000000000000 ) ) ;
#2122 = VECTOR ( 'NONE', #1662, 1000.000000000000114 ) ;
#2123 = EDGE_LOOP ( 'NONE', ( #1129, #991, #674, #2615, #1521, #816 ) ) ;
#2124 = AXIS2_PLACEMENT_3D ( 'NONE', #2352, #1855, #2367 ) ;
#2125 = VECTOR ( 'NONE', #2901, 1000.000000000000000 ) ;
#2126 = DIRECTION ( 'NONE',  ( -0.000000000000000000, -1.000000000000000000, -0.000000000000000000 ) ) ;
#2127 = FACE_OUTER_BOUND ( 'NONE', #2859, .T. ) ;
#2128 = DIRECTION ( 'NONE',  ( 1.000000000000000000, 0.000000000000000000, 0.000000000000000000 ) ) ;
#2129 = ORIENTED_EDGE ( 'NONE', *, *, #249, .T. ) ;
#2130 = ORIENTED_EDGE ( 'NONE', *, *, #366, .F. ) ;
#2131 = EDGE_CURVE ( 'NONE', #1320, #16, #2594, .T. ) ;
#2132 = ORIENTED_EDGE ( 'NONE', *, *, #2717, .T. ) ;
#2133 = EDGE_CURVE ( 'NONE', #1337, #1199, #1920, .T. ) ;
#2134 = DIRECTION ( 'NONE',  ( 1.000000000000000000, 0.000000000000000000, -2.168404344971008868E-16 ) ) ;
#2135 = EDGE_CURVE ( 'NONE', #1948, #1415, #2963, .T. ) ;
#2136 = CARTESIAN_POINT ( 'NONE',  ( -0.5999999999999868772, 16.00000000000000000, -41.37755881436179806 ) ) ;
#2137 = DIRECTION ( 'NONE',  ( 0.000000000000000000, 0.000000000000000000, -1.000000000000000000 ) ) ;
#2138 = EDGE_LOOP ( 'NONE', ( #1899, #2617, #2293, #180, #3126, #90, #1956, #951 ) ) ;
#2139 = CARTESIAN_POINT ( 'NONE',  ( -0.5999999999999863221, 0.000000000000000000, -57.37755881436179806 ) ) ;
#2140 = ORIENTED_EDGE ( 'NONE', *, *, #3060, .F. ) ;
#2141 = CARTESIAN_POINT ( 'NONE',  ( 37.53581836401985328, 5.000000000000000000, 24.84441620280906093 ) ) ;
#2142 = ORIENTED_EDGE ( 'NONE', *, *, #937, .T. ) ;
#2143 = ORIENTED_EDGE ( 'NONE', *, *, #1805, .F. ) ;
#2144 = CARTESIAN_POINT ( 'NONE',  ( 36.30000000000001847, 1.000000000000000888, -10.37906892838400452 ) ) ;
#2145 = LINE ( 'NONE', #631, #2834 ) ;
#2146 = DIRECTION ( 'NONE',  ( 3.469446951953629177E-15, 0.000000000000000000, -1.000000000000000000 ) ) ;
#2147 = ORIENTED_EDGE ( 'NONE', *, *, #2135, .F. ) ;
#2148 = ADVANCED_FACE ( 'NONE', ( #1252 ), #2225, .F. ) ;
#2149 = EDGE_CURVE ( 'NONE', #1206, #1095, #1978, .T. ) ;
#2150 = CARTESIAN_POINT ( 'NONE',  ( 0.000000000000000000, 8.000000000000000000, -49.37755881436179806 ) ) ;
#2151 = DIRECTION ( 'NONE',  ( 0.000000000000000000, 0.000000000000000000, -1.000000000000000000 ) ) ;
#2152 = CARTESIAN_POINT ( 'NONE',  ( -11.25741910161672976, 0.000000000000000000, 19.40242819735833635 ) ) ;
#2153 = DIRECTION ( 'NONE',  ( 0.000000000000000000, -1.000000000000000000, 0.000000000000000000 ) ) ;
#2154 = DIRECTION ( 'NONE',  ( 0.000000000000000000, 0.000000000000000000, 1.000000000000000000 ) ) ;
#2155 = ORIENTED_EDGE ( 'NONE', *, *, #2846, .T. ) ;
#2156 = VECTOR ( 'NONE', #2691, 1000.000000000000000 ) ;
#2157 = CYLINDRICAL_SURFACE ( 'NONE', #2170, 1.300000000000002487 ) ;
#2158 = ORIENTED_EDGE ( 'NONE', *, *, #2873, .T. ) ;
#2159 = EDGE_LOOP ( 'NONE', ( #1933, #2627, #627, #1612 ) ) ;
#2160 = DIRECTION ( 'NONE',  ( 0.000000000000000000, 0.000000000000000000, -1.000000000000000000 ) ) ;
#2161 = CARTESIAN_POINT ( 'NONE',  ( 5.400000000000005684, 1.500000000000000000, 6.500000000000004441 ) ) ;
#2162 = DIRECTION ( 'NONE',  ( 0.000000000000000000, -1.000000000000000000, 0.000000000000000000 ) ) ;
#2163 = CONICAL_SURFACE ( 'NONE', #1999, 5.999999999999998224, 0.7853981633974479459 ) ;
#2164 = CARTESIAN_POINT ( 'NONE',  ( -4.998489885977784652, 3.999999999999993339, -25.37755881436179806 ) ) ;
#2165 = DIRECTION ( 'NONE',  ( -0.000000000000000000, -1.000000000000000000, 0.000000000000000000 ) ) ;
#2166 = ORIENTED_EDGE ( 'NONE', *, *, #1020, .T. ) ;
#2167 = EDGE_CURVE ( 'NONE', #448, #1320, #2070, .T. ) ;
#2168 = EDGE_CURVE ( 'NONE', #107, #2257, #238, .T. ) ;
#2169 = PLANE ( 'NONE',  #1702 ) ;
#2170 = AXIS2_PLACEMENT_3D ( 'NONE', #3149, #911, #1916 ) ;
#2171 = FACE_OUTER_BOUND ( 'NONE', #510, .T. ) ;
#2172 = DIRECTION ( 'NONE',  ( 0.000000000000000000, 0.000000000000000000, -1.000000000000000000 ) ) ;
#2173 = ORIENTED_EDGE ( 'NONE', *, *, #1557, .F. ) ;
#2174 = CIRCLE ( 'NONE', #963, 8.000000000000000000 ) ;
#2175 = AXIS2_PLACEMENT_3D ( 'NONE', #146, #3225, #2900 ) ;
#2176 = ORIENTED_EDGE ( 'NONE', *, *, #2642, .T. ) ;
#2177 = VECTOR ( 'NONE', #2771, 1000.000000000000000 ) ;
#2178 = AXIS2_PLACEMENT_3D ( 'NONE', #424, #1433, #2658 ) ;
#2179 = DIRECTION ( 'NONE',  ( 0.000000000000000000, 0.000000000000000000, -1.000000000000000000 ) ) ;
#2180 = DIRECTION ( 'NONE',  ( 0.000000000000000000, 1.000000000000000000, 0.000000000000000000 ) ) ;
#2181 = CARTESIAN_POINT ( 'NONE',  ( 18.82842712474615610, 5.000000000000000000, -16.13642824126471353 ) ) ;
#2182 = AXIS2_PLACEMENT_3D ( 'NONE', #1931, #2457, #2895 ) ;
#2183 = VECTOR ( 'NONE', #2319, 1000.000000000000000 ) ;
#2184 = CARTESIAN_POINT ( 'NONE',  ( 35.65000000000000568, 7.500000000000000000, -0.9500000000000008438 ) ) ;
#2185 = CARTESIAN_POINT ( 'NONE',  ( 23.07106781186546129, 1.000000000000000888, -15.37906892838400275 ) ) ;
#2186 = UNCERTAINTY_MEASURE_WITH_UNIT (LENGTH_MEASURE( 1.000000000000000082E-05 ), #1168, 'distance_accuracy_value', 'NONE');
#2187 = ORIENTED_EDGE ( 'NONE', *, *, #2774, .T. ) ;
#2188 = EDGE_CURVE ( 'NONE', #2387, #88, #1501, .T. ) ;
#2189 = CARTESIAN_POINT ( 'NONE',  ( -10.99848988597778465, 28.99999999999998579, -49.37755881436179806 ) ) ;
#2190 = EDGE_CURVE ( 'NONE', #1847, #640, #281, .T. ) ;
#2191 = EDGE_LOOP ( 'NONE', ( #1423, #1282, #942, #1231 ) ) ;
#2192 = DIRECTION ( 'NONE',  ( 0.000000000000000000, 0.000000000000000000, -1.000000000000000000 ) ) ;
#2193 = FACE_OUTER_BOUND ( 'NONE', #1979, .T. ) ;
#2194 = ORIENTED_EDGE ( 'NONE', *, *, #1216, .F. ) ;
#2195 = EDGE_LOOP ( 'NONE', ( #295, #1509, #1311, #1840, #1630 ) ) ;
#2196 = DIRECTION ( 'NONE',  ( 0.000000000000000000, 0.000000000000000000, -1.000000000000000000 ) ) ;
#2197 = DIRECTION ( 'NONE',  ( -0.000000000000000000, 1.000000000000000000, -0.000000000000000000 ) ) ;
#2198 = CARTESIAN_POINT ( 'NONE',  ( 36.30000000000001847, 5.000000000000000000, -10.37906892838400452 ) ) ;
#2199 = LINE ( 'NONE', #2661, #909 ) ;
#2200 = CARTESIAN_POINT ( 'NONE',  ( 38.30000000000001137, 5.000000000000000000, -14.96164462333984879 ) ) ;
#2201 = ADVANCED_FACE ( 'NONE', ( #1516 ), #306, .T. ) ;
#2202 = CARTESIAN_POINT ( 'NONE',  ( -11.25741910161673154, 0.000000000000000000, -14.48913718705239972 ) ) ;
#2203 = FACE_BOUND ( 'NONE', #385, .T. ) ;
#2204 = EDGE_LOOP ( 'NONE', ( #2235, #2310, #1598, #1843 ) ) ;
#2205 = VERTEX_POINT ( 'NONE', #850 ) ;
#2206 = DIRECTION ( 'NONE',  ( 0.000000000000000000, 0.000000000000000000, -1.000000000000000000 ) ) ;
#2207 = DIRECTION ( 'NONE',  ( -1.000000000000000000, 0.000000000000000000, -0.000000000000000000 ) ) ;
#2208 = AXIS2_PLACEMENT_3D ( 'NONE', #1679, #2663, #688 ) ;
#2209 = LINE ( 'NONE', #2419, #2333 ) ;
#2210 = AXIS2_PLACEMENT_3D ( 'NONE', #1553, #805, #1808 ) ;
#2211 = CIRCLE ( 'NONE', #2943, 1.750000000000000000 ) ;
#2212 = CARTESIAN_POINT ( 'NONE',  ( 1.303065601705609255, 5.000000000000000000, -1.046109918618747248 ) ) ;
#2213 = ORIENTED_EDGE ( 'NONE', *, *, #1216, .T. ) ;
#2214 = ORIENTED_EDGE ( 'NONE', *, *, #1175, .F. ) ;
#2215 = VECTOR ( 'NONE', #134, 1000.000000000000000 ) ;
#2216 = VERTEX_POINT ( 'NONE', #622 ) ;
#2217 = VECTOR ( 'NONE', #3209, 1000.000000000000000 ) ;
#2218 = DIRECTION ( 'NONE',  ( 0.000000000000000000, 0.000000000000000000, -1.000000000000000000 ) ) ;
#2219 = ADVANCED_FACE ( 'NONE', ( #1124 ), #321, .T. ) ;
#2220 = VECTOR ( 'NONE', #1136, 1000.000000000000000 ) ;
#2221 = VECTOR ( 'NONE', #2242, 1000.000000000000000 ) ;
#2222 = ADVANCED_FACE ( 'NONE', ( #2793 ), #1856, .F. ) ;
#2223 = DIRECTION ( 'NONE',  ( -1.000000000000000000, -0.000000000000000000, 3.771137991253927957E-17 ) ) ;
#2224 = AXIS2_PLACEMENT_3D ( 'NONE', #2664, #1668, #1715 ) ;
#2225 = CYLINDRICAL_SURFACE ( 'NONE', #2909, 1.749999999995848654 ) ;
#2226 = ORIENTED_EDGE ( 'NONE', *, *, #1554, .T. ) ;
#2227 = VECTOR ( 'NONE', #2672, 1000.000000000000227 ) ;
#2228 = FACE_OUTER_BOUND ( 'NONE', #151, .T. ) ;
#2229 = AXIS2_PLACEMENT_3D ( 'NONE', #3015, #50, #2515 ) ;
#2230 = DIRECTION ( 'NONE',  ( 1.000000000000000000, 3.097720492815727659E-17, -0.000000000000000000 ) ) ;
#2231 = PLANE ( 'NONE',  #1908 ) ;
#2232 = DIRECTION ( 'NONE',  ( 1.000000000000000000, 0.000000000000000000, 0.000000000000000000 ) ) ;
#2233 = CARTESIAN_POINT ( 'NONE',  ( 38.30000000000001137, 7.500000000000000000, -11.87906892838403117 ) ) ;
#2234 = ORIENTED_EDGE ( 'NONE', *, *, #1557, .T. ) ;
#2235 = ORIENTED_EDGE ( 'NONE', *, *, #103, .T. ) ;
#2236 = CARTESIAN_POINT ( 'NONE',  ( -8.099999999999985434, 16.00000000000000000, -41.37755881436179806 ) ) ;
#2237 = EDGE_CURVE ( 'NONE', #88, #1178, #2329, .T. ) ;
#2238 = DIRECTION ( 'NONE',  ( -0.000000000000000000, 1.000000000000000000, -0.000000000000000000 ) ) ;
#2239 = ORIENTED_EDGE ( 'NONE', *, *, #3132, .T. ) ;
#2240 = ADVANCED_FACE ( 'NONE', ( #800 ), #605, .T. ) ;
#2241 = PLANE ( 'NONE',  #2077 ) ;
#2242 = DIRECTION ( 'NONE',  ( -0.000000000000000000, -1.000000000000000000, -0.000000000000000000 ) ) ;
#2243 = ORIENTED_EDGE ( 'NONE', *, *, #2358, .F. ) ;
#2244 = FACE_OUTER_BOUND ( 'NONE', #1996, .T. ) ;
#2245 = ADVANCED_FACE ( 'NONE', ( #1629 ), #2851, .F. ) ;
#2246 = CARTESIAN_POINT ( 'NONE',  ( 38.30000000000001137, 5.890033268722310922, -13.98010361154157088 ) ) ;
#2247 = LINE ( 'NONE', #2513, #1335 ) ;
#2248 = EDGE_CURVE ( 'NONE', #1261, #1275, #2812, .T. ) ;
#2249 = ORIENTED_EDGE ( 'NONE', *, *, #1097, .T. ) ;
#2250 = DIRECTION ( 'NONE',  ( -0.000000000000000000, -1.000000000000000000, -0.000000000000000000 ) ) ;
#2251 = DIRECTION ( 'NONE',  ( 0.000000000000000000, 0.000000000000000000, 1.000000000000000000 ) ) ;
#2252 = DIRECTION ( 'NONE',  ( 0.000000000000000000, 1.000000000000000000, 0.000000000000000000 ) ) ;
#2253 = VERTEX_POINT ( 'NONE', #2115 ) ;
#2254 = ORIENTED_EDGE ( 'NONE', *, *, #1460, .F. ) ;
#2255 = DIRECTION ( 'NONE',  ( -0.000000000000000000, 1.000000000000000000, -0.000000000000000000 ) ) ;
#2256 = DIRECTION ( 'NONE',  ( 0.000000000000000000, 0.000000000000000000, 1.000000000000000000 ) ) ;
#2257 = VERTEX_POINT ( 'NONE', #60 ) ;
#2258 = CARTESIAN_POINT ( 'NONE',  ( -0.5999999999999948708, 32.00000000000000000, -57.37755881436179806 ) ) ;
#2259 = LINE ( 'NONE', #712, #1705 ) ;
#2260 = LINE ( 'NONE', #1751, #12 ) ;
#2261 = CARTESIAN_POINT ( 'NONE',  ( 38.30000000000001137, 5.000000000000000000, -14.96164462333984879 ) ) ;
#2262 = PLANE ( 'NONE',  #2836 ) ;
#2263 = EDGE_LOOP ( 'NONE', ( #3138, #333, #96, #1314 ) ) ;
#2264 = AXIS2_PLACEMENT_3D ( 'NONE', #161, #2165, #1455 ) ;
#2265 = EDGE_CURVE ( 'NONE', #144, #58, #3075, .T. ) ;
#2266 = EDGE_CURVE ( 'NONE', #1943, #855, #1753, .T. ) ;
#2267 = CARTESIAN_POINT ( 'NONE',  ( 33.30000000000001137, 1.499999999999999556, 6.500000000000004441 ) ) ;
#2268 = CARTESIAN_POINT ( 'NONE',  ( 0.000000000000000000, 0.000000000000000000, 0.000000000000000000 ) ) ;
#2269 = DIRECTION ( 'NONE',  ( -0.000000000000000000, -1.000000000000000000, 0.000000000000000000 ) ) ;
#2270 = ORIENTED_EDGE ( 'NONE', *, *, #1786, .T. ) ;
#2271 = EDGE_LOOP ( 'NONE', ( #752, #2530 ) ) ;
#2272 = MANIFOLD_SOLID_BREP ( 'Chamfer4', #2388 ) ;
#2273 = LINE ( 'NONE', #2757, #2177 ) ;
#2274 = FACE_BOUND ( 'NONE', #720, .T. ) ;
#2275 = CARTESIAN_POINT ( 'NONE',  ( -0.5999999999999863221, 0.000000000000000000, -49.37755881436179806 ) ) ;
#2276 = ORIENTED_EDGE ( 'NONE', *, *, #866, .F. ) ;
#2277 = VECTOR ( 'NONE', #1469, 1000.000000000000000 ) ;
#2278 = AXIS2_PLACEMENT_3D ( 'NONE', #2871, #2683, #438 ) ;
#2279 = CARTESIAN_POINT ( 'NONE',  ( -9.489088026909504592, 5.000000000000000000, -14.48913718705239972 ) ) ;
#2280 = DIRECTION ( 'NONE',  ( -1.000000000000000000, 0.000000000000000000, 0.000000000000000000 ) ) ;
#2281 = EDGE_LOOP ( 'NONE', ( #2374, #1748, #1005, #2938 ) ) ;
#2282 = DIRECTION ( 'NONE',  ( 0.7071067811865474617, 0.7071067811865474617, 0.000000000000000000 ) ) ;
#2283 = CIRCLE ( 'NONE', #867, 3.999999999999996447 ) ;
#2284 = AXIS2_PLACEMENT_3D ( 'NONE', #683, #2403, #633 ) ;
#2285 = VECTOR ( 'NONE', #758, 1000.000000000000000 ) ;
#2286 = AXIS2_PLACEMENT_3D ( 'NONE', #1420, #2933, #2415 ) ;
#2287 = PLANE ( 'NONE',  #650 ) ;
#2288 = DIRECTION ( 'NONE',  ( 1.000000000000000000, 3.097720492815727659E-17, -0.000000000000000000 ) ) ;
#2289 = EDGE_CURVE ( 'NONE', #199, #1713, #1865, .T. ) ;
#2290 = VECTOR ( 'NONE', #368, 1000.000000000000000 ) ;
#2291 = LINE ( 'NONE', #492, #86 ) ;
#2292 = CARTESIAN_POINT ( 'NONE',  ( -0.4920863704783590142, 20.08958284827750873, -14.48913718705239972 ) ) ;
#2293 = ORIENTED_EDGE ( 'NONE', *, *, #1690, .F. ) ;
#2294 = EDGE_CURVE ( 'NONE', #3073, #708, #1376, .T. ) ;
#2295 = ORIENTED_EDGE ( 'NONE', *, *, #887, .T. ) ;
#2296 = ORIENTED_EDGE ( 'NONE', *, *, #1528, .F. ) ;
#2297 = FACE_OUTER_BOUND ( 'NONE', #2204, .T. ) ;
#2298 = DIRECTION ( 'NONE',  ( 0.000000000000000000, 0.000000000000000000, -1.000000000000000000 ) ) ;
#2299 = FACE_OUTER_BOUND ( 'NONE', #1696, .T. ) ;
#2300 = ORIENTED_EDGE ( 'NONE', *, *, #667, .T. ) ;
#2301 = DIRECTION ( 'NONE',  ( 1.000000000000000000, 3.097720492815727659E-17, -0.000000000000000000 ) ) ;
#2302 = DIRECTION ( 'NONE',  ( -1.000000000000000000, 0.000000000000000000, 0.000000000000000000 ) ) ;
#2303 = CARTESIAN_POINT ( 'NONE',  ( 36.30000000000001847, 7.500000000000000000, -10.37906892838400452 ) ) ;
#2304 = EDGE_CURVE ( 'NONE', #1202, #1218, #1824, .T. ) ;
#2305 = CARTESIAN_POINT ( 'NONE',  ( 44.99999999999998579, 5.000000000000011546, -15.37906892838400630 ) ) ;
#2306 = DIRECTION ( 'NONE',  ( 0.000000000000000000, 0.000000000000000000, -1.000000000000000000 ) ) ;
#2307 = EDGE_CURVE ( 'NONE', #842, #2485, #2336, .T. ) ;
#2308 = CARTESIAN_POINT ( 'NONE',  ( 10.58729655164912842, 0.000000000000000000, -24.37755881436180161 ) ) ;
#2309 = CARTESIAN_POINT ( 'NONE',  ( 8.050000000000006040, 1.500000000000001332, 5.204170427930421283E-15 ) ) ;
#2310 = ORIENTED_EDGE ( 'NONE', *, *, #2495, .F. ) ;
#2311 = DIRECTION ( 'NONE',  ( -0.7071067811865465735, -0.7071067811865484609, 0.000000000000000000 ) ) ;
#2312 = PLANE ( 'NONE',  #2339 ) ;
#2313 = ORIENTED_EDGE ( 'NONE', *, *, #1287, .T. ) ;
#2314 = EDGE_CURVE ( 'NONE', #16, #448, #2488, .T. ) ;
#2315 = CARTESIAN_POINT ( 'NONE',  ( 29.77460858667419430, 1.000000000000001776, 38.38212611219850601 ) ) ;
#2316 = DIRECTION ( 'NONE',  ( 0.000000000000000000, 0.000000000000000000, 1.000000000000000000 ) ) ;
#2317 = VERTEX_POINT ( 'NONE', #1641 ) ;
#2318 = DIRECTION ( 'NONE',  ( 2.676624113323589071E-16, -1.000000000000000000, 0.000000000000000000 ) ) ;
#2319 = DIRECTION ( 'NONE',  ( -1.000000000000000000, 0.000000000000000000, 1.445602896647338917E-16 ) ) ;
#2320 = AXIS2_PLACEMENT_3D ( 'NONE', #877, #136, #459 ) ;
#2321 = ORIENTED_EDGE ( 'NONE', *, *, #2248, .F. ) ;
#2322 = VECTOR ( 'NONE', #419, 1000.000000000000000 ) ;
#2323 = CARTESIAN_POINT ( 'NONE',  ( 26.40242928650734200, 9.949747468294097175, 15.76658096972232848 ) ) ;
#2324 = CARTESIAN_POINT ( 'NONE',  ( 8.050000000000006040, 21.53887459877037358, 5.204170427930421283E-15 ) ) ;
#2325 = CARTESIAN_POINT ( 'NONE',  ( 35.65000000000000568, 1.500000000000000000, 0.9500000000000008438 ) ) ;
#2326 = VERTEX_POINT ( 'NONE', #3192 ) ;
#2327 = EDGE_LOOP ( 'NONE', ( #2270, #2098, #3001, #968, #848 ) ) ;
#2328 = CARTESIAN_POINT ( 'NONE',  ( -7.257419101616728874, 1.000000000000000888, 19.40242819735833990 ) ) ;
#2329 = LINE ( 'NONE', #341, #18 ) ;
#2330 = LINE ( 'NONE', #2066, #641 ) ;
#2331 = EDGE_CURVE ( 'NONE', #1199, #2866, #2701, .T. ) ;
#2332 = EDGE_CURVE ( 'NONE', #1334, #670, #889, .T. ) ;
#2333 = VECTOR ( 'NONE', #2934, 1000.000000000000000 ) ;
#2334 = ORIENTED_EDGE ( 'NONE', *, *, #53, .T. ) ;
#2335 = CARTESIAN_POINT ( 'NONE',  ( -0.4975707134926600217, 0.000000000000000000, 17.51658096971817358 ) ) ;
#2336 = CIRCLE ( 'NONE', #654, 1.300000000000002487 ) ;
#2337 = ORIENTED_EDGE ( 'NONE', *, *, #2548, .F. ) ;
#2338 = CIRCLE ( 'NONE', #395, 3.999999999999982681 ) ;
#2339 = AXIS2_PLACEMENT_3D ( 'NONE', #2043, #334, #3035 ) ;
#2340 = DIRECTION ( 'NONE',  ( 0.000000000000000000, -1.000000000000000000, 0.000000000000000000 ) ) ;
#2341 = AXIS2_PLACEMENT_3D ( 'NONE', #2494, #1732, #237 ) ;
#2342 = EDGE_LOOP ( 'NONE', ( #2791, #498, #2763, #307 ) ) ;
#2343 = APPLICATION_CONTEXT ( 'automotive_design' ) ;
#2344 = ORIENTED_EDGE ( 'NONE', *, *, #1162, .T. ) ;
#2345 = DIRECTION ( 'NONE',  ( 1.022195611122249056E-16, -0.7071067811865475727, 0.7071067811865474617 ) ) ;
#2346 = CARTESIAN_POINT ( 'NONE',  ( 26.40242928650734200, 5.000000000000000000, 17.51658096971817713 ) ) ;
#2347 = EDGE_LOOP ( 'NONE', ( #3199, #347 ) ) ;
#2348 = DIRECTION ( 'NONE',  ( 0.000000000000000000, 0.000000000000000000, 1.000000000000000000 ) ) ;
#2349 = ORIENTED_EDGE ( 'NONE', *, *, #51, .T. ) ;
#2350 = EDGE_CURVE ( 'NONE', #1525, #38, #2283, .T. ) ;
#2351 = VERTEX_POINT ( 'NONE', #1467 ) ;
#2352 = CARTESIAN_POINT ( 'NONE',  ( 35.65000000000000568, 1.500000000000000000, 0.000000000000000000 ) ) ;
#2353 = EDGE_CURVE ( 'NONE', #1178, #1109, #147, .T. ) ;
#2354 = SURFACE_STYLE_FILL_AREA ( #1803 ) ;
#2355 = DIRECTION ( 'NONE',  ( 0.000000000000000000, 0.000000000000000000, 1.000000000000000000 ) ) ;
#2356 = ORIENTED_EDGE ( 'NONE', *, *, #3097, .T. ) ;
#2357 = DIRECTION ( 'NONE',  ( 1.000000000000000000, 0.000000000000000000, 0.000000000000000000 ) ) ;
#2358 = EDGE_CURVE ( 'NONE', #2981, #271, #1207, .T. ) ;
#2359 = VERTEX_POINT ( 'NONE', #2686 ) ;
#2360 = FACE_OUTER_BOUND ( 'NONE', #2707, .T. ) ;
#2361 = EDGE_LOOP ( 'NONE', ( #732, #1087, #2142, #2413 ) ) ;
#2362 = CARTESIAN_POINT ( 'NONE',  ( -0.5999999999999863221, 1.000000000000000666, -25.37755881436179806 ) ) ;
#2363 = PLANE ( 'NONE',  #1798 ) ;
#2364 = VERTEX_POINT ( 'NONE', #1161 ) ;
#2365 = FACE_BOUND ( 'NONE', #367, .T. ) ;
#2366 = ORIENTED_EDGE ( 'NONE', *, *, #2706, .T. ) ;
#2367 = DIRECTION ( 'NONE',  ( 0.000000000000000000, 0.000000000000000000, 1.000000000000000000 ) ) ;
#2368 = DIRECTION ( 'NONE',  ( -1.000000000000000000, 0.000000000000000000, -0.000000000000000000 ) ) ;
#2369 = VERTEX_POINT ( 'NONE', #634 ) ;
#2370 = CARTESIAN_POINT ( 'NONE',  ( -12.25741910161672976, 3.999999999999992450, 20.90725739302199315 ) ) ;
#2371 = EDGE_LOOP ( 'NONE', ( #2187, #327, #1734, #72 ) ) ;
#2372 = DIRECTION ( 'NONE',  ( -9.801695887712422592E-17, 0.000000000000000000, -1.000000000000000000 ) ) ;
#2373 = EDGE_CURVE ( 'NONE', #286, #3073, #944, .T. ) ;
#2374 = ORIENTED_EDGE ( 'NONE', *, *, #2375, .T. ) ;
#2375 = EDGE_CURVE ( 'NONE', #3121, #107, #3165, .T. ) ;
#2376 = DIRECTION ( 'NONE',  ( 0.000000000000000000, 0.000000000000000000, 1.000000000000000000 ) ) ;
#2377 = CARTESIAN_POINT ( 'NONE',  ( 7.952429286507339157, 0.000000000000000000, 33.87244118564589712 ) ) ;
#2378 = ORIENTED_EDGE ( 'NONE', *, *, #1268, .F. ) ;
#2379 = CARTESIAN_POINT ( 'NONE',  ( 36.30000000000001847, 0.000000000000000000, -10.37906892838400452 ) ) ;
#2380 = ORIENTED_EDGE ( 'NONE', *, *, #1572, .F. ) ;
#2381 = ORIENTED_EDGE ( 'NONE', *, *, #358, .T. ) ;
#2382 = CARTESIAN_POINT ( 'NONE',  ( -0.5999999999999869882, 2.499999999999981348, -25.37755881436179806 ) ) ;
#2383 = CARTESIAN_POINT ( 'NONE',  ( 16.90000000000000568, 2.500000000000000000, 5.204170427930421283E-15 ) ) ;
#2384 = CARTESIAN_POINT ( 'NONE',  ( -3.099999999999970779, 7.499999999999991118, -14.48913718705239440 ) ) ;
#2385 = VECTOR ( 'NONE', #648, 1000.000000000000000 ) ;
#2386 = CARTESIAN_POINT ( 'NONE',  ( 17.95242928650733916, 0.000000000000000000, 35.62244118563819484 ) ) ;
#2387 = VERTEX_POINT ( 'NONE', #439 ) ;
#2388 = CLOSED_SHELL ( 'NONE', ( #2402, #2945, #1615, #1664, #3055, #1315, #2801, #999, #1628, #3168, #3162, #1831, #3198, #1760, #1947, #2201, #669, #1381, #2669, #1970, #1726, #1230, #1687, #2222, #1328, #2104, #101, #1514, #275, #456, #2675, #343, #274, #2848, #3222, #1155, #1215, #2486, #2105, #1949, #296, #1935, #1961, #1800, #1029, #957, #256, #795, #2435, #2626, #3187, #2148, #2245, #87, #213, #1743, #901, #2581, #958, #784, #454, #2999, #311, #2718, #346, #626, #3105, #1704, #2568, #897, #596, #1667, #714, #780, #1993, #522, #1851, #2960, #2557, #111, #1513, #2219, #3122, #1114, #2816, #598, #2891, #1474, #1834, #2817, #1758, #2930, #1418, #2240, #1485, #1470, #2760, #935, #251, #475, #426, #1707, #496, #2911, #761, #2417, #2653, #539 ) ) ;
#2389 = DIRECTION ( 'NONE',  ( 0.000000000000000000, 0.000000000000000000, -1.000000000000000000 ) ) ;
#2390 = ORIENTED_EDGE ( 'NONE', *, *, #1493, .F. ) ;
#2391 = AXIS2_PLACEMENT_3D ( 'NONE', #2139, #1128, #2318 ) ;
#2392 = EDGE_CURVE ( 'NONE', #247, #224, #1675, .T. ) ;
#2393 = FACE_OUTER_BOUND ( 'NONE', #23, .T. ) ;
#2394 = CIRCLE ( 'NONE', #495, 1.300000000000002487 ) ;
#2395 = EDGE_CURVE ( 'NONE', #1639, #1178, #1924, .T. ) ;
#2396 = AXIS2_PLACEMENT_3D ( 'NONE', #3145, #2405, #1163 ) ;
#2397 = VERTEX_POINT ( 'NONE', #2152 ) ;
#2398 = VECTOR ( 'NONE', #360, 1000.000000000000000 ) ;
#2399 = CARTESIAN_POINT ( 'NONE',  ( 16.90000000000000568, 0.000000000000000000, 5.204170427930421283E-15 ) ) ;
#2400 = LINE ( 'NONE', #1918, #794 ) ;
#2401 = LINE ( 'NONE', #2633, #1955 ) ;
#2402 = ADVANCED_FACE ( 'NONE', ( #1703 ), #455, .F. ) ;
#2403 = DIRECTION ( 'NONE',  ( -0.000000000000000000, 1.000000000000000000, -0.000000000000000000 ) ) ;
#2404 = DIRECTION ( 'NONE',  ( 1.000000000000000000, 3.097720492815727659E-17, -0.000000000000000000 ) ) ;
#2405 = DIRECTION ( 'NONE',  ( -0.000000000000000000, 1.000000000000000000, -0.000000000000000000 ) ) ;
#2406 = DIRECTION ( 'NONE',  ( -0.000000000000000000, -1.000000000000000000, -0.000000000000000000 ) ) ;
#2407 = ORIENTED_EDGE ( 'NONE', *, *, #53, .F. ) ;
#2408 = CARTESIAN_POINT ( 'NONE',  ( 28.94072276460701687, 5.000000000000000000, 37.83018912688643809 ) ) ;
#2409 = VERTEX_POINT ( 'NONE', #902 ) ;
#2410 = VERTEX_POINT ( 'NONE', #672 ) ;
#2411 = EDGE_CURVE ( 'NONE', #1867, #1846, #450, .T. ) ;
#2412 = ORIENTED_EDGE ( 'NONE', *, *, #837, .T. ) ;
#2413 = ORIENTED_EDGE ( 'NONE', *, *, #1195, .F. ) ;
#2414 = CARTESIAN_POINT ( 'NONE',  ( 17.48242768300546501, 5.000000000000000000, -17.48242768300540106 ) ) ;
#2415 = DIRECTION ( 'NONE',  ( 2.676624113323589071E-16, -1.000000000000000000, 0.000000000000000000 ) ) ;
#2416 = EDGE_CURVE ( 'NONE', #637, #2083, #3178, .T. ) ;
#2417 = ADVANCED_FACE ( 'NONE', ( #411 ), #1939, .F. ) ;
#2418 = EDGE_CURVE ( 'NONE', #520, #1399, #2430, .T. ) ;
#2419 = CARTESIAN_POINT ( 'NONE',  ( 8.050000000000006040, 21.53887459877037358, -0.9499999999999940714 ) ) ;
#2420 = CYLINDRICAL_SURFACE ( 'NONE', #2579, 5.000000000000000888 ) ;
#2421 = EDGE_LOOP ( 'NONE', ( #2081, #2951 ) ) ;
#2422 = LINE ( 'NONE', #1930, #2156 ) ;
#2423 = CYLINDRICAL_SURFACE ( 'NONE', #2649, 1.749999999995852207 ) ;
#2424 = LINE ( 'NONE', #1137, #2322 ) ;
#2425 = ORIENTED_EDGE ( 'NONE', *, *, #3014, .T. ) ;
#2426 = ORIENTED_EDGE ( 'NONE', *, *, #2027, .F. ) ;
#2427 = CARTESIAN_POINT ( 'NONE',  ( 36.30000000000001847, 0.000000000000000000, 19.46432994909537939 ) ) ;
#2428 = AXIS2_PLACEMENT_3D ( 'NONE', #3166, #3238, #1860 ) ;
#2429 = CARTESIAN_POINT ( 'NONE',  ( -7.998489885977767777, 8.000000000000000000, -49.37755881436179806 ) ) ;
#2430 = LINE ( 'NONE', #171, #1816 ) ;
#2431 = AXIS2_PLACEMENT_3D ( 'NONE', #129, #2153, #2659 ) ;
#2432 = AXIS2_PLACEMENT_3D ( 'NONE', #828, #814, #41 ) ;
#2433 = EDGE_CURVE ( 'NONE', #126, #1260, #610, .T. ) ;
#2434 = DIRECTION ( 'NONE',  ( 1.000000000000000000, 0.000000000000000000, 0.000000000000000000 ) ) ;
#2435 = ADVANCED_FACE ( 'NONE', ( #2713 ), #2474, .F. ) ;
#2436 = DIRECTION ( 'NONE',  ( 0.7071067811865483499, 0.000000000000000000, 0.7071067811865465735 ) ) ;
#2437 = ORIENTED_EDGE ( 'NONE', *, *, #2418, .T. ) ;
#2438 = DIRECTION ( 'NONE',  ( -0.000000000000000000, -1.000000000000000000, -0.000000000000000000 ) ) ;
#2439 = DIRECTION ( 'NONE',  ( -2.710505431213772918E-15, 0.000000000000000000, -1.000000000000000000 ) ) ;
#2440 = AXIS2_PLACEMENT_3D ( 'NONE', #1827, #3077, #1378 ) ;
#2441 = CARTESIAN_POINT ( 'NONE',  ( 8.050000000000006040, 21.53887459877037358, 5.204170427930421283E-15 ) ) ;
#2442 = VERTEX_POINT ( 'NONE', #2490 ) ;
#2443 = AXIS2_PLACEMENT_3D ( 'NONE', #1360, #586, #2368 ) ;
#2444 = VECTOR ( 'NONE', #1410, 1000.000000000000114 ) ;
#2445 = ORIENTED_EDGE ( 'NONE', *, *, #1995, .T. ) ;
#2446 = AXIS2_PLACEMENT_3D ( 'NONE', #827, #1587, #3085 ) ;
#2447 = AXIS2_PLACEMENT_3D ( 'NONE', #778, #2983, #2520 ) ;
#2448 = DIRECTION ( 'NONE',  ( 0.000000000000000000, 0.7071067811865474617, 0.7071067811865474617 ) ) ;
#2449 = CARTESIAN_POINT ( 'NONE',  ( -7.257419101616729762, 0.000000000000000000, 6.399688103449668240E-15 ) ) ;
#2450 = DIRECTION ( 'NONE',  ( -0.000000000000000000, -0.7071067811865474617, -0.7071067811865475727 ) ) ;
#2451 = EDGE_CURVE ( 'NONE', #874, #2503, #1007, .T. ) ;
#2452 = VECTOR ( 'NONE', #244, 1000.000000000000000 ) ;
#2453 = EDGE_CURVE ( 'NONE', #2689, #1886, #971, .T. ) ;
#2454 = DIRECTION ( 'NONE',  ( 3.771137991253927957E-17, -0.000000000000000000, 1.000000000000000000 ) ) ;
#2455 = CARTESIAN_POINT ( 'NONE',  ( -3.099999999999982325, 32.00000000000000000, -49.37755881436179806 ) ) ;
#2456 = CARTESIAN_POINT ( 'NONE',  ( -3.099999999999975664, 0.000000000000000000, -24.37755881436179806 ) ) ;
#2457 = DIRECTION ( 'NONE',  ( 1.000000000000000000, 3.097720492815727659E-17, 0.000000000000000000 ) ) ;
#2458 = CARTESIAN_POINT ( 'NONE',  ( 36.30000000000001847, 5.000000000000000000, 19.46432994909537939 ) ) ;
#2459 = ORIENTED_EDGE ( 'NONE', *, *, #1909, .T. ) ;
#2460 = EDGE_LOOP ( 'NONE', ( #693, #1430, #737, #1170 ) ) ;
#2461 = DIRECTION ( 'NONE',  ( 0.000000000000000000, -1.000000000000000000, 0.000000000000000000 ) ) ;
#2462 = CARTESIAN_POINT ( 'NONE',  ( -11.25741910161671200, 5.000000000000000000, 1.103417985145718050E-15 ) ) ;
#2463 = DIRECTION ( 'NONE',  ( 1.000000000000000000, 0.000000000000000000, -9.801695887712422592E-17 ) ) ;
#2464 = CARTESIAN_POINT ( 'NONE',  ( 41.30000000000001847, 3.999999999999993339, -10.37906892838400452 ) ) ;
#2465 = CYLINDRICAL_SURFACE ( 'NONE', #130, 1.749999999992299493 ) ;
#2466 = ORIENTED_EDGE ( 'NONE', *, *, #1611, .F. ) ;
#2467 = CARTESIAN_POINT ( 'NONE',  ( 0.000000000000000000, 0.000000000000000000, -57.37755881436179806 ) ) ;
#2468 = CARTESIAN_POINT ( 'NONE',  ( 17.95242928650733916, 5.000000000000000000, 37.37244118563049966 ) ) ;
#2469 = EDGE_LOOP ( 'NONE', ( #374, #878, #1115, #2078, #2390, #984 ) ) ;
#2470 = EDGE_CURVE ( 'NONE', #966, #3114, #2861, .T. ) ;
#2471 = EDGE_CURVE ( 'NONE', #2364, #940, #1511, .T. ) ;
#2472 = EDGE_CURVE ( 'NONE', #747, #474, #516, .T. ) ;
#2473 = ORIENTED_EDGE ( 'NONE', *, *, #2498, .T. ) ;
#2474 = CYLINDRICAL_SURFACE ( 'NONE', #2493, 1.749999999992299493 ) ;
#2475 = FACE_OUTER_BOUND ( 'NONE', #1833, .T. ) ;
#2476 = CARTESIAN_POINT ( 'NONE',  ( 23.07106781186546129, 5.000000000000000000, -20.37906892838400097 ) ) ;
#2477 = DIRECTION ( 'NONE',  ( 2.688821387764050602E-15, 0.000000000000000000, -1.000000000000000000 ) ) ;
#2478 = AXIS2_PLACEMENT_3D ( 'NONE', #1053, #2544, #2032 ) ;
#2479 = CONICAL_SURFACE ( 'NONE', #912, 4.999999999999984013, 0.7853981633974482790 ) ;
#2480 = CARTESIAN_POINT ( 'NONE',  ( 38.30000000000001137, 7.500000000000000000, -11.87906892838403117 ) ) ;
#2481 = ORIENTED_EDGE ( 'NONE', *, *, #2091, .F. ) ;
#2482 = EDGE_CURVE ( 'NONE', #2359, #2113, #501, .T. ) ;
#2483 = CIRCLE ( 'NONE', #955, 5.000000000000000888 ) ;
#2484 = FACE_BOUND ( 'NONE', #2720, .T. ) ;
#2485 = VERTEX_POINT ( 'NONE', #1494 ) ;
#2486 = ADVANCED_FACE ( 'NONE', ( #2005 ), #1249, .T. ) ;
#2487 = VERTEX_POINT ( 'NONE', #3230 ) ;
#2488 = CIRCLE ( 'NONE', #446, 13.49999999999999822 ) ;
#2489 = DIRECTION ( 'NONE',  ( 1.000000000000000000, 3.097720492815727659E-17, 0.000000000000000000 ) ) ;
#2490 = CARTESIAN_POINT ( 'NONE',  ( 3.478373297732397784, 1.000000000000000888, 40.62244118563819484 ) ) ;
#2491 = ORIENTED_EDGE ( 'NONE', *, *, #1393, .F. ) ;
#2492 = AXIS2_PLACEMENT_3D ( 'NONE', #1353, #354, #108 ) ;
#2493 = AXIS2_PLACEMENT_3D ( 'NONE', #250, #233, #2218 ) ;
#2494 = CARTESIAN_POINT ( 'NONE',  ( -7.998489885977767777, 7.500000000000000000, -14.48913718705239972 ) ) ;
#2495 = EDGE_CURVE ( 'NONE', #1178, #1095, #1968, .T. ) ;
#2496 = CARTESIAN_POINT ( 'NONE',  ( 0.000000000000000000, 5.000000000000000000, -14.48913718705239972 ) ) ;
#2497 = DIRECTION ( 'NONE',  ( -0.000000000000000000, 0.4850705943202008874, 0.8744749959409057194 ) ) ;
#2498 = EDGE_CURVE ( 'NONE', #2387, #2364, #21, .T. ) ;
#2499 = CARTESIAN_POINT ( 'NONE',  ( -10.99848988597778465, 15.99999999999999645, -41.37755881436179806 ) ) ;
#2500 = AXIS2_PLACEMENT_3D ( 'NONE', #1971, #2719, #3182 ) ;
#2501 = ORIENTED_EDGE ( 'NONE', *, *, #2927, .F. ) ;
#2502 = CARTESIAN_POINT ( 'NONE',  ( 7.952429286507339157, 9.949747468294097175, 37.37244118563049966 ) ) ;
#2503 = VERTEX_POINT ( 'NONE', #2028 ) ;
#2504 = LINE ( 'NONE', #986, #609 ) ;
#2505 = CARTESIAN_POINT ( 'NONE',  ( 7.952429286507339157, 0.000000000000000000, 35.62244118563819484 ) ) ;
#2506 = ORIENTED_EDGE ( 'NONE', *, *, #2071, .T. ) ;
#2507 = CARTESIAN_POINT ( 'NONE',  ( -0.4975707134926600217, 9.949747468294097175, 17.51658096971817358 ) ) ;
#2508 = CARTESIAN_POINT ( 'NONE',  ( 17.95242928650733916, 9.949747468294097175, 37.37244118563049966 ) ) ;
#2509 = ORIENTED_EDGE ( 'NONE', *, *, #1909, .F. ) ;
#2510 = EDGE_CURVE ( 'NONE', #384, #2216, #2700, .T. ) ;
#2511 = PRODUCT_DEFINITION_SHAPE ( 'NONE', 'NONE',  #547 ) ;
#2512 = CARTESIAN_POINT ( 'NONE',  ( -17.31211727903958675, 5.000000000000000000, 11.45864046072286513 ) ) ;
#2513 = CARTESIAN_POINT ( 'NONE',  ( -18.35240041031786618, 17.30000000000000071, -41.37755881436179806 ) ) ;
#2514 = ORIENTED_EDGE ( 'NONE', *, *, #536, .F. ) ;
#2515 = DIRECTION ( 'NONE',  ( 0.7071067811865462405, 0.000000000000000000, 0.7071067811865489050 ) ) ;
#2516 = DIRECTION ( 'NONE',  ( 1.000000000000000000, 3.097720492815727659E-17, 0.000000000000000000 ) ) ;
#2517 = ORIENTED_EDGE ( 'NONE', *, *, #1365, .F. ) ;
#2518 = ORIENTED_EDGE ( 'NONE', *, *, #2332, .T. ) ;
#2519 = DIRECTION ( 'NONE',  ( 0.7071067811865474617, 0.000000000000000000, -0.7071067811865474617 ) ) ;
#2520 = DIRECTION ( 'NONE',  ( 0.000000000000000000, 0.000000000000000000, -1.000000000000000000 ) ) ;
#2521 = ORIENTED_EDGE ( 'NONE', *, *, #206, .F. ) ;
#2522 = CARTESIAN_POINT ( 'NONE',  ( -10.99848988597778465, 6.979999999999997762, -41.37755881436179806 ) ) ;
#2523 = LINE ( 'NONE', #1308, #1812 ) ;
#2524 = ORIENTED_EDGE ( 'NONE', *, *, #635, .F. ) ;
#2525 = LINE ( 'NONE', #270, #2989 ) ;
#2526 = EDGE_CURVE ( 'NONE', #1946, #2397, #754, .T. ) ;
#2527 = AXIS2_PLACEMENT_3D ( 'NONE', #3080, #1584, #840 ) ;
#2528 = EDGE_CURVE ( 'NONE', #1974, #1886, #2598, .T. ) ;
#2529 = FACE_OUTER_BOUND ( 'NONE', #3030, .T. ) ;
#2530 = ORIENTED_EDGE ( 'NONE', *, *, #2528, .F. ) ;
#2531 = CARTESIAN_POINT ( 'NONE',  ( 39.63554328826867845, 0.000000000000000000, 21.67207789034362264 ) ) ;
#2532 = VECTOR ( 'NONE', #1932, 1000.000000000000000 ) ;
#2533 = DIRECTION ( 'NONE',  ( 0.000000000000000000, 1.000000000000000000, 0.000000000000000000 ) ) ;
#2534 = ORIENTED_EDGE ( 'NONE', *, *, #502, .T. ) ;
#2535 = ORIENTED_EDGE ( 'NONE', *, *, #2047, .T. ) ;
#2536 = VECTOR ( 'NONE', #2497, 1000.000000000000000 ) ;
#2537 = CARTESIAN_POINT ( 'NONE',  ( 8.050000000000006040, 7.500000000000000000, 0.9500000000000043965 ) ) ;
#2538 = FACE_BOUND ( 'NONE', #2855, .T. ) ;
#2539 = EDGE_LOOP ( 'NONE', ( #2459, #2610, #117, #1112 ) ) ;
#2540 = EDGE_CURVE ( 'NONE', #474, #1639, #229, .T. ) ;
#2541 = CIRCLE ( 'NONE', #2396, 1.749999999995852207 ) ;
#2542 = FACE_OUTER_BOUND ( 'NONE', #886, .T. ) ;
#2543 = DIRECTION ( 'NONE',  ( 0.000000000000000000, 0.000000000000000000, 1.000000000000000000 ) ) ;
#2544 = DIRECTION ( 'NONE',  ( 0.7071067811865475727, -0.7071067811865475727, 0.000000000000000000 ) ) ;
#2545 = AXIS2_PLACEMENT_3D ( 'NONE', #1011, #1990, #2714 ) ;
#2546 = VECTOR ( 'NONE', #723, 1000.000000000000000 ) ;
#2547 = AXIS2_PLACEMENT_3D ( 'NONE', #2588, #1066, #870 ) ;
#2548 = EDGE_CURVE ( 'NONE', #1898, #1306, #3, .T. ) ;
#2549 = ORIENTED_EDGE ( 'NONE', *, *, #2041, .F. ) ;
#2550 = AXIS2_PLACEMENT_3D ( 'NONE', #467, #1219, #2970 ) ;
#2551 = DIRECTION ( 'NONE',  ( -0.8338858220671657717, 0.000000000000000000, -0.5519369853120618119 ) ) ;
#2552 = VERTEX_POINT ( 'NONE', #721 ) ;
#2553 = CARTESIAN_POINT ( 'NONE',  ( 40.46942911033584522, 1.000000000000000888, 22.22401487565568701 ) ) ;
#2554 = DIRECTION ( 'NONE',  ( 0.000000000000000000, 1.000000000000000000, 0.000000000000000000 ) ) ;
#2555 = EDGE_LOOP ( 'NONE', ( #896, #1540 ) ) ;
#2556 = ORIENTED_EDGE ( 'NONE', *, *, #2642, .F. ) ;
#2557 = ADVANCED_FACE ( 'NONE', ( #954 ), #921, .T. ) ;
#2558 = CARTESIAN_POINT ( 'NONE',  ( -10.99848988597778465, 8.000000000000000000, -54.37755881436177674 ) ) ;
#2559 = CARTESIAN_POINT ( 'NONE',  ( -7.998489885977753566, 32.00000000000000000, -32.68512392102307729 ) ) ;
#2560 = CARTESIAN_POINT ( 'NONE',  ( 7.952429286507339157, 9.949747468294097175, 35.62244118563819484 ) ) ;
#2561 = VERTEX_POINT ( 'NONE', #710 ) ;
#2562 = ORIENTED_EDGE ( 'NONE', *, *, #926, .F. ) ;
#2563 = DIRECTION ( 'NONE',  ( -0.000000000000000000, -1.000000000000000000, -0.000000000000000000 ) ) ;
#2564 = DIRECTION ( 'NONE',  ( 2.759787348144911055E-16, -1.000000000000000000, 0.000000000000000000 ) ) ;
#2565 = CARTESIAN_POINT ( 'NONE',  ( -10.99848988597778465, 0.000000000000000000, -54.37755881436177674 ) ) ;
#2566 = DIRECTION ( 'NONE',  ( -0.7032842383049409118, 0.5026884125140735904, 0.5026884125140738124 ) ) ;
#2567 = ORIENTED_EDGE ( 'NONE', *, *, #42, .T. ) ;
#2568 = ADVANCED_FACE ( 'NONE', ( #1232 ), #3218, .T. ) ;
#2569 = PLANE ( 'NONE',  #1238 ) ;
#2570 = LINE ( 'NONE', #529, #1441 ) ;
#2571 = DIRECTION ( 'NONE',  ( 0.000000000000000000, -1.000000000000000000, 0.000000000000000000 ) ) ;
#2572 = ORIENTED_EDGE ( 'NONE', *, *, #116, .T. ) ;
#2573 = CARTESIAN_POINT ( 'NONE',  ( 17.48242768300546501, 5.000000000000000000, -17.48242768300540106 ) ) ;
#2574 = DIRECTION ( 'NONE',  ( -1.000000000000000000, -0.000000000000000000, 0.000000000000000000 ) ) ;
#2575 = ORIENTED_EDGE ( 'NONE', *, *, #910, .T. ) ;
#2576 = LINE ( 'NONE', #2164, #222 ) ;
#2577 = VERTEX_POINT ( 'NONE', #110 ) ;
#2578 = CARTESIAN_POINT ( 'NONE',  ( 36.30000000000001847, 0.000000000000000000, -14.37906892838400275 ) ) ;
#2579 = AXIS2_PLACEMENT_3D ( 'NONE', #3180, #1693, #906 ) ;
#2580 = AXIS2_PLACEMENT_3D ( 'NONE', #342, #3011, #2355 ) ;
#2581 = ADVANCED_FACE ( 'NONE', ( #1356 ), #2097, .F. ) ;
#2582 = ORIENTED_EDGE ( 'NONE', *, *, #1936, .T. ) ;
#2583 = DIRECTION ( 'NONE',  ( 0.000000000000000000, -1.000000000000000000, 0.000000000000000000 ) ) ;
#2584 = DIRECTION ( 'NONE',  ( 0.000000000000000000, 0.000000000000000000, 1.000000000000000000 ) ) ;
#2585 = DIRECTION ( 'NONE',  ( 0.000000000000000000, -1.000000000000000000, 0.000000000000000000 ) ) ;
#2586 = CARTESIAN_POINT ( 'NONE',  ( -0.5999999999999942046, 29.50000000000001776, -57.37755881436179806 ) ) ;
#2587 = ORIENTED_EDGE ( 'NONE', *, *, #2041, .T. ) ;
#2588 = CARTESIAN_POINT ( 'NONE',  ( 7.952429286507339157, 9.949747468294097175, 35.62244118563819484 ) ) ;
#2589 = CARTESIAN_POINT ( 'NONE',  ( 36.30000000000001847, 5.000000000000000000, 19.46432994909537939 ) ) ;
#2590 = FACE_OUTER_BOUND ( 'NONE', #2460, .T. ) ;
#2591 = AXIS2_PLACEMENT_3D ( 'NONE', #1344, #2831, #1096 ) ;
#2592 = ORIENTED_EDGE ( 'NONE', *, *, #2237, .F. ) ;
#2593 = CARTESIAN_POINT ( 'NONE',  ( 36.30000000000001847, 5.000000000000011546, -15.37906892838400452 ) ) ;
#2594 = CIRCLE ( 'NONE', #2012, 13.49999999999999822 ) ;
#2595 = CIRCLE ( 'NONE', #2858, 3.999999999999993339 ) ;
#2596 = EDGE_LOOP ( 'NONE', ( #2514, #2056, #798, #477 ) ) ;
#2597 = AXIS2_PLACEMENT_3D ( 'NONE', #2144, #1083, #122 ) ;
#2598 = CIRCLE ( 'NONE', #3119, 0.9500000000000008438 ) ;
#2599 = FACE_OUTER_BOUND ( 'NONE', #278, .T. ) ;
#2600 = ORIENTED_EDGE ( 'NONE', *, *, #563, .T. ) ;
#2601 = CIRCLE ( 'NONE', #1358, 4.999999999999999112 ) ;
#2602 = CARTESIAN_POINT ( 'NONE',  ( -12.25741910161673331, 5.000000000000000000, -14.48913718705239972 ) ) ;
#2603 = FACE_OUTER_BOUND ( 'NONE', #435, .T. ) ;
#2604 = VERTEX_POINT ( 'NONE', #94 ) ;
#2605 = DIRECTION ( 'NONE',  ( 1.000000000000000000, 3.097720492815727659E-17, 0.000000000000000000 ) ) ;
#2606 = VERTEX_POINT ( 'NONE', #566 ) ;
#2607 = ORIENTED_EDGE ( 'NONE', *, *, #1711, .T. ) ;
#2608 = DIRECTION ( 'NONE',  ( 0.7071067811865462405, 0.000000000000000000, 0.7071067811865489050 ) ) ;
#2609 = DIRECTION ( 'NONE',  ( 1.000000000000000000, 2.676624113323589071E-16, 0.000000000000000000 ) ) ;
#2610 = ORIENTED_EDGE ( 'NONE', *, *, #2188, .F. ) ;
#2611 = EDGE_CURVE ( 'NONE', #1320, #102, #1120, .T. ) ;
#2612 = DIRECTION ( 'NONE',  ( 0.000000000000000000, 0.000000000000000000, -1.000000000000000000 ) ) ;
#2613 = EDGE_CURVE ( 'NONE', #2577, #988, #1086, .T. ) ;
#2614 = EDGE_CURVE ( 'NONE', #58, #2604, #81, .T. ) ;
#2615 = ORIENTED_EDGE ( 'NONE', *, *, #1720, .T. ) ;
#2616 = CARTESIAN_POINT ( 'NONE',  ( 26.40242928650734200, 0.000000000000000000, 19.26658096971402756 ) ) ;
#2617 = ORIENTED_EDGE ( 'NONE', *, *, #1393, .T. ) ;
#2618 = FACE_OUTER_BOUND ( 'NONE', #2195, .T. ) ;
#2619 = DIRECTION ( 'NONE',  ( 0.000000000000000000, -1.000000000000000000, 0.000000000000000000 ) ) ;
#2620 = ORIENTED_EDGE ( 'NONE', *, *, #2614, .T. ) ;
#2621 = ORIENTED_EDGE ( 'NONE', *, *, #2741, .T. ) ;
#2622 = LINE ( 'NONE', #1684, #1451 ) ;
#2623 = CARTESIAN_POINT ( 'NONE',  ( 41.30000000000001847, 0.000000000000000000, 0.000000000000000000 ) ) ;
#2624 = ORIENTED_EDGE ( 'NONE', *, *, #145, .F. ) ;
#2625 = CARTESIAN_POINT ( 'NONE',  ( -0.4975707134926598552, 0.000000000000000000, 19.26658096971402756 ) ) ;
#2626 = ADVANCED_FACE ( 'NONE', ( #73 ), #284, .F. ) ;
#2627 = ORIENTED_EDGE ( 'NONE', *, *, #1269, .T. ) ;
#2628 = EDGE_CURVE ( 'NONE', #2084, #2253, #1104, .T. ) ;
#2629 = FACE_OUTER_BOUND ( 'NONE', #1858, .T. ) ;
#2630 = VECTOR ( 'NONE', #879, 999.9999999999998863 ) ;
#2631 = VERTEX_POINT ( 'NONE', #1061 ) ;
#2632 = LINE ( 'NONE', #314, #811 ) ;
#2633 = CARTESIAN_POINT ( 'NONE',  ( 19.53553390593271644, 0.000000000000000000, -16.84353502245127032 ) ) ;
#2634 = ORIENTED_EDGE ( 'NONE', *, *, #1071, .F. ) ;
#2635 = CIRCLE ( 'NONE', #3202, 8.000000000000000000 ) ;
#2636 = ORIENTED_EDGE ( 'NONE', *, *, #3040, .T. ) ;
#2637 = DIRECTION ( 'NONE',  ( 0.000000000000000000, 0.000000000000000000, -1.000000000000000000 ) ) ;
#2638 = CARTESIAN_POINT ( 'NONE',  ( 33.30000000000001137, -12.39280389266327731, 6.500000000000004441 ) ) ;
#2639 = LINE ( 'NONE', #1659, #3096 ) ;
#2640 = DIRECTION ( 'NONE',  ( 0.000000000000000000, 0.000000000000000000, 1.000000000000000000 ) ) ;
#2641 = VECTOR ( 'NONE', #1708, 1000.000000000000000 ) ;
#2642 = EDGE_CURVE ( 'NONE', #2750, #874, #497, .T. ) ;
#2643 = ORIENTED_EDGE ( 'NONE', *, *, #3044, .F. ) ;
#2644 = DIRECTION ( 'NONE',  ( -0.000000000000000000, -1.000000000000000000, 0.000000000000000000 ) ) ;
#2645 = ORIENTED_EDGE ( 'NONE', *, *, #2045, .T. ) ;
#2646 = AXIS2_PLACEMENT_3D ( 'NONE', #1987, #2025, #19 ) ;
#2647 = STYLED_ITEM ( 'NONE', ( #1067 ), #2272 ) ;
#2648 = ORIENTED_EDGE ( 'NONE', *, *, #1676, .F. ) ;
#2649 = AXIS2_PLACEMENT_3D ( 'NONE', #418, #3172, #2709 ) ;
#2650 = AXIS2_PLACEMENT_3D ( 'NONE', #316, #552, #1545 ) ;
#2651 = CARTESIAN_POINT ( 'NONE',  ( -0.5999999999999948708, 7.500000000000000000, 15.37906892838401696 ) ) ;
#2652 = CARTESIAN_POINT ( 'NONE',  ( 23.07106781186546129, 3.999999999999993339, -15.37906892838400275 ) ) ;
#2653 = ADVANCED_FACE ( 'NONE', ( #1576 ), #1352, .T. ) ;
#2654 = AXIS2_PLACEMENT_3D ( 'NONE', #1258, #1538, #312 ) ;
#2655 = ORIENTED_EDGE ( 'NONE', *, *, #1195, .T. ) ;
#2656 = CIRCLE ( 'NONE', #2500, 0.9499999999999992895 ) ;
#2657 = LINE ( 'NONE', #392, #1706 ) ;
#2658 = DIRECTION ( 'NONE',  ( 0.000000000000000000, 0.000000000000000000, 1.000000000000000000 ) ) ;
#2659 = DIRECTION ( 'NONE',  ( 0.000000000000000000, -0.000000000000000000, -1.000000000000000000 ) ) ;
#2660 = LINE ( 'NONE', #1421, #1556 ) ;
#2661 = CARTESIAN_POINT ( 'NONE',  ( -18.35240041031786618, 23.69999999999999218, -41.37755881436179806 ) ) ;
#2662 = EDGE_LOOP ( 'NONE', ( #353, #62, #831, #2018 ) ) ;
#2663 = DIRECTION ( 'NONE',  ( 0.000000000000000000, -1.000000000000000000, 0.000000000000000000 ) ) ;
#2664 = CARTESIAN_POINT ( 'NONE',  ( 35.65000000000000568, -1.187005768508881287, 0.000000000000000000 ) ) ;
#2665 = CARTESIAN_POINT ( 'NONE',  ( -7.998489885977767777, 32.00000000000000000, -57.37755881436179806 ) ) ;
#2666 = DIRECTION ( 'NONE',  ( 0.000000000000000000, 0.000000000000000000, 1.000000000000000000 ) ) ;
#2667 = ORIENTED_EDGE ( 'NONE', *, *, #635, .T. ) ;
#2668 = ORIENTED_EDGE ( 'NONE', *, *, #2416, .T. ) ;
#2669 = ADVANCED_FACE ( 'NONE', ( #43, #1797, #1852, #1318, #2538, #2842 ), #602, .F. ) ;
#2670 = DIRECTION ( 'NONE',  ( 0.000000000000000000, 0.000000000000000000, -1.000000000000000000 ) ) ;
#2671 = DIRECTION ( 'NONE',  ( 0.000000000000000000, 0.000000000000000000, 1.000000000000000000 ) ) ;
#2672 = DIRECTION ( 'NONE',  ( 0.5896463195190163598, -0.7071067811865450192, 0.3902783851018162276 ) ) ;
#2673 = PLANE ( 'NONE',  #3052 ) ;
#2674 = VERTEX_POINT ( 'NONE', #3070 ) ;
#2675 = ADVANCED_FACE ( 'NONE', ( #2299, #2365 ), #2312, .T. ) ;
#2676 = CARTESIAN_POINT ( 'NONE',  ( -0.5999999999999873213, 3.999999999999999112, -25.37755881436179806 ) ) ;
#2677 = DIRECTION ( 'NONE',  ( -0.000000000000000000, -1.000000000000000000, -0.000000000000000000 ) ) ;
#2678 = FACE_OUTER_BOUND ( 'NONE', #291, .T. ) ;
#2679 = ORIENTED_EDGE ( 'NONE', *, *, #1895, .F. ) ;
#2680 = EDGE_CURVE ( 'NONE', #2942, #2317, #2789, .T. ) ;
#2681 = ORIENTED_EDGE ( 'NONE', *, *, #3100, .F. ) ;
#2682 = EDGE_CURVE ( 'NONE', #1415, #2863, #1605, .T. ) ;
#2683 = DIRECTION ( 'NONE',  ( -1.000000000000000000, 0.000000000000000000, 0.000000000000000000 ) ) ;
#2684 = CIRCLE ( 'NONE', #2053, 5.399999999999999467 ) ;
#2685 = DIRECTION ( 'NONE',  ( 1.000000000000000000, 0.000000000000000000, 0.000000000000000000 ) ) ;
#2686 = CARTESIAN_POINT ( 'NONE',  ( -7.998489885977767777, 0.000000000000000000, -49.37755881436179806 ) ) ;
#2687 = AXIS2_PLACEMENT_3D ( 'NONE', #2923, #961, #713 ) ;
#2688 = DIRECTION ( 'NONE',  ( 0.5546992156114056716, 0.000000000000000000, -0.8320509480795579282 ) ) ;
#2689 = VERTEX_POINT ( 'NONE', #2325 ) ;
#2690 = AXIS2_PLACEMENT_3D ( 'NONE', #1727, #493, #731 ) ;
#2691 = DIRECTION ( 'NONE',  ( -2.676624113323589071E-16, 1.000000000000000000, 0.000000000000000000 ) ) ;
#2692 = ORIENTED_EDGE ( 'NONE', *, *, #2416, .F. ) ;
#2693 = CARTESIAN_POINT ( 'NONE',  ( -3.099999999999974776, -8.297534751303059068E-16, -57.37755881436179806 ) ) ;
#2694 = DIRECTION ( 'NONE',  ( 1.000000000000000000, 3.097720492815727659E-17, 0.000000000000000000 ) ) ;
#2695 = ORIENTED_EDGE ( 'NONE', *, *, #1429, .F. ) ;
#2696 = AXIS2_PLACEMENT_3D ( 'NONE', #2986, #740, #1750 ) ;
#2697 = VECTOR ( 'NONE', #2046, 1000.000000000000000 ) ;
#2698 = ORIENTED_EDGE ( 'NONE', *, *, #1070, .T. ) ;
#2699 = VECTOR ( 'NONE', #152, 1000.000000000000114 ) ;
#2700 = CIRCLE ( 'NONE', #1299, 1.749999999992299493 ) ;
#2701 = LINE ( 'NONE', #2181, #2857 ) ;
#2702 = DIRECTION ( 'NONE',  ( 0.5896463195190168038, -0.7071067811865413555, 0.3902783851018221672 ) ) ;
#2703 = CARTESIAN_POINT ( 'NONE',  ( -3.099999999999980105, 24.00000000000000000, -57.37755881436179806 ) ) ;
#2704 = EDGE_CURVE ( 'NONE', #1306, #1821, #830, .T. ) ;
#2705 = DIRECTION ( 'NONE',  ( 0.000000000000000000, 0.000000000000000000, 1.000000000000000000 ) ) ;
#2706 = EDGE_CURVE ( 'NONE', #3121, #769, #1590, .T. ) ;
#2707 = EDGE_LOOP ( 'NONE', ( #267, #3228, #868, #1140 ) ) ;
#2708 = VECTOR ( 'NONE', #662, 1000.000000000000114 ) ;
#2709 = DIRECTION ( 'NONE',  ( 0.000000000000000000, 0.000000000000000000, -1.000000000000000000 ) ) ;
#2710 = FACE_BOUND ( 'NONE', #985, .T. ) ;
#2711 = ORIENTED_EDGE ( 'NONE', *, *, #401, .T. ) ;
#2712 = ORIENTED_EDGE ( 'NONE', *, *, #2411, .T. ) ;
#2713 = FACE_OUTER_BOUND ( 'NONE', #262, .T. ) ;
#2714 = DIRECTION ( 'NONE',  ( 0.000000000000000000, 0.000000000000000000, -1.000000000000000000 ) ) ;
#2715 = FACE_OUTER_BOUND ( 'NONE', #168, .T. ) ;
#2716 = ORIENTED_EDGE ( 'NONE', *, *, #2946, .T. ) ;
#2717 = EDGE_CURVE ( 'NONE', #1465, #2674, #1656, .T. ) ;
#2718 = ADVANCED_FACE ( 'NONE', ( #1387 ), #372, .F. ) ;
#2719 = DIRECTION ( 'NONE',  ( 0.000000000000000000, -1.000000000000000000, 0.000000000000000000 ) ) ;
#2720 = EDGE_LOOP ( 'NONE', ( #3234, #2052 ) ) ;
#2721 = DIRECTION ( 'NONE',  ( -0.000000000000000000, 1.000000000000000000, -0.000000000000000000 ) ) ;
#2722 = ORIENTED_EDGE ( 'NONE', *, *, #2971, .T. ) ;
#2723 = EDGE_LOOP ( 'NONE', ( #2582, #2022, #3031, #1496, #1799, #2534, #2158 ) ) ;
#2724 = DIRECTION ( 'NONE',  ( 4.163336342344336238E-15, 0.000000000000000000, -1.000000000000000000 ) ) ;
#2725 = CARTESIAN_POINT ( 'NONE',  ( -7.257419101616728874, 0.000000000000000000, 19.40242819735833990 ) ) ;
#2726 = VECTOR ( 'NONE', #1864, 1000.000000000000000 ) ;
#2727 = VECTOR ( 'NONE', #340, 1000.000000000000114 ) ;
#2728 = DIRECTION ( 'NONE',  ( 0.7071067811865503483, -0.7071067811865446862, 0.000000000000000000 ) ) ;
#2729 = DIRECTION ( 'NONE',  ( -0.000000000000000000, 1.000000000000000000, -0.000000000000000000 ) ) ;
#2730 = VERTEX_POINT ( 'NONE', #3127 ) ;
#2731 = VECTOR ( 'NONE', #273, 1000.000000000000000 ) ;
#2732 = ORIENTED_EDGE ( 'NONE', *, *, #2373, .F. ) ;
#2733 = LINE ( 'NONE', #2512, #1077 ) ;
#2734 = CARTESIAN_POINT ( 'NONE',  ( 21.91192532437118956, 4.105465149832744132, -15.37906892838400630 ) ) ;
#2735 = DIRECTION ( 'NONE',  ( 2.081668171172168119E-15, 0.000000000000000000, -1.000000000000000000 ) ) ;
#2736 = ORIENTED_EDGE ( 'NONE', *, *, #1406, .F. ) ;
#2737 = ORIENTED_EDGE ( 'NONE', *, *, #1554, .F. ) ;
#2738 = EDGE_CURVE ( 'NONE', #2730, #553, #345, .T. ) ;
#2739 = VECTOR ( 'NONE', #1891, 1000.000000000000000 ) ;
#2740 = CARTESIAN_POINT ( 'NONE',  ( -0.5999999999999863221, 0.000000000000000000, -54.87755881436181227 ) ) ;
#2741 = EDGE_CURVE ( 'NONE', #1794, #1646, #468, .T. ) ;
#2742 = DIRECTION ( 'NONE',  ( -0.000000000000000000, -1.000000000000000000, -0.000000000000000000 ) ) ;
#2743 = ORIENTED_EDGE ( 'NONE', *, *, #2886, .T. ) ;
#2744 = AXIS2_PLACEMENT_3D ( 'NONE', #2236, #2489, #232 ) ;
#2745 = AXIS2_PLACEMENT_3D ( 'NONE', #2867, #2082, #3087 ) ;
#2746 = CARTESIAN_POINT ( 'NONE',  ( 23.07106781186546129, 0.000000000000000000, -14.37906892838400097 ) ) ;
#2747 = CARTESIAN_POINT ( 'NONE',  ( 36.30000000000001847, 3.999999999999993339, 19.46432994909537939 ) ) ;
#2748 = CARTESIAN_POINT ( 'NONE',  ( -7.257419101616728874, 3.999999999999993339, 19.40242819735833990 ) ) ;
#2749 = AXIS2_PLACEMENT_3D ( 'NONE', #749, #2752, #511 ) ;
#2750 = VERTEX_POINT ( 'NONE', #2522 ) ;
#2751 = DIRECTION ( 'NONE',  ( 1.000000000000000000, 3.097720492815727659E-17, -0.000000000000000000 ) ) ;
#2752 = DIRECTION ( 'NONE',  ( 2.168404344971008868E-16, -0.000000000000000000, 1.000000000000000000 ) ) ;
#2753 = DIRECTION ( 'NONE',  ( 1.000000000000000000, 0.000000000000000000, 0.000000000000000000 ) ) ;
#2754 = ORIENTED_EDGE ( 'NONE', *, *, #156, .F. ) ;
#2755 = ORIENTED_EDGE ( 'NONE', *, *, #3060, .T. ) ;
#2756 = EDGE_CURVE ( 'NONE', #16, #1717, #1498, .T. ) ;
#2757 = CARTESIAN_POINT ( 'NONE',  ( -10.99848988597778465, 28.99999999999998579, -57.37755881436179806 ) ) ;
#2758 = DIRECTION ( 'NONE',  ( 2.602085213965222080E-15, 0.000000000000000000, -1.000000000000000000 ) ) ;
#2759 = ORIENTED_EDGE ( 'NONE', *, *, #1671, .T. ) ;
#2760 = ADVANCED_FACE ( 'NONE', ( #722 ), #1035, .F. ) ;
#2761 = DIRECTION ( 'NONE',  ( 0.000000000000000000, 0.000000000000000000, 1.000000000000000000 ) ) ;
#2762 = DIRECTION ( 'NONE',  ( 0.000000000000000000, -1.000000000000000000, 0.000000000000000000 ) ) ;
#2763 = ORIENTED_EDGE ( 'NONE', *, *, #193, .T. ) ;
#2764 = DIRECTION ( 'NONE',  ( 0.5519369853120621450, 0.000000000000000000, 0.8338858220671655497 ) ) ;
#2765 = CARTESIAN_POINT ( 'NONE',  ( -11.42684821195255651, 3.999999999999993339, 22.16211312391865107 ) ) ;
#2766 = ORIENTED_EDGE ( 'NONE', *, *, #1611, .T. ) ;
#2767 = DIRECTION ( 'NONE',  ( -0.000000000000000000, 1.000000000000000000, -0.000000000000000000 ) ) ;
#2768 = DIRECTION ( 'NONE',  ( 0.000000000000000000, 0.000000000000000000, -1.000000000000000000 ) ) ;
#2769 = EDGE_LOOP ( 'NONE', ( #2243, #2845, #2893, #114 ) ) ;
#2770 = ORIENTED_EDGE ( 'NONE', *, *, #2470, .F. ) ;
#2771 = DIRECTION ( 'NONE',  ( 0.000000000000000000, 0.000000000000000000, -1.000000000000000000 ) ) ;
#2772 = FACE_OUTER_BOUND ( 'NONE', #2327, .T. ) ;
#2773 = CARTESIAN_POINT ( 'NONE',  ( -0.4975707134926600217, 5.000000000000000000, 17.51658096971817358 ) ) ;
#2774 = EDGE_CURVE ( 'NONE', #762, #2387, #1783, .T. ) ;
#2775 = ORIENTED_EDGE ( 'NONE', *, *, #145, .T. ) ;
#2776 = CARTESIAN_POINT ( 'NONE',  ( 33.30000000000001137, 1.499999999999999556, -6.499999999999994671 ) ) ;
#2777 = DIRECTION ( 'NONE',  ( -3.212450881438532364E-17, 1.000000000000000000, 0.000000000000000000 ) ) ;
#2778 = PLANE ( 'NONE',  #2478 ) ;
#2779 = DIRECTION ( 'NONE',  ( -0.000000000000000000, -1.000000000000000000, -0.000000000000000000 ) ) ;
#2780 = CONICAL_SURFACE ( 'NONE', #2580, 5.500000000000018652, 0.7853981633974471688 ) ;
#2781 = PLANE ( 'NONE',  #2210 ) ;
#2782 = CARTESIAN_POINT ( 'NONE',  ( -0.6910558126034284099, 1.000000000000000222, 38.38212611219850601 ) ) ;
#2783 = FACE_BOUND ( 'NONE', #2555, .T. ) ;
#2784 = CARTESIAN_POINT ( 'NONE',  ( -8.099999999999985434, 29.50000000000000000, -41.37755881436179806 ) ) ;
#2785 = ORIENTED_EDGE ( 'NONE', *, *, #2451, .T. ) ;
#2786 = VERTEX_POINT ( 'NONE', #483 ) ;
#2787 = CARTESIAN_POINT ( 'NONE',  ( -11.25741910161671200, 5.000000000000000000, 1.103417985145718050E-15 ) ) ;
#2788 = DIRECTION ( 'NONE',  ( 0.000000000000000000, -1.000000000000000000, 0.000000000000000000 ) ) ;
#2789 = LINE ( 'NONE', #56, #400 ) ;
#2790 = ORIENTED_EDGE ( 'NONE', *, *, #1177, .T. ) ;
#2791 = ORIENTED_EDGE ( 'NONE', *, *, #1720, .F. ) ;
#2792 = DIRECTION ( 'NONE',  ( 0.6662307977451595864, -0.6662307977451579211, -0.3350717061640666738 ) ) ;
#2793 = FACE_OUTER_BOUND ( 'NONE', #3183, .T. ) ;
#2794 = AXIS2_PLACEMENT_3D ( 'NONE', #2042, #2311, #735 ) ;
#2795 = AXIS2_PLACEMENT_3D ( 'NONE', #2623, #2574, #2316 ) ;
#2796 = AXIS2_PLACEMENT_3D ( 'NONE', #3057, #2920, #1627 ) ;
#2797 = VECTOR ( 'NONE', #1049, 1000.000000000000000 ) ;
#2798 = CARTESIAN_POINT ( 'NONE',  ( -10.99848988597778465, 3.000000000000016431, -57.37755881436179806 ) ) ;
#2799 = VECTOR ( 'NONE', #2134, 1000.000000000000000 ) ;
#2800 = EDGE_CURVE ( 'NONE', #2866, #406, #1926, .T. ) ;
#2801 = ADVANCED_FACE ( 'NONE', ( #202 ), #518, .F. ) ;
#2802 = EDGE_CURVE ( 'NONE', #2216, #384, #1660, .T. ) ;
#2803 = LINE ( 'NONE', #1058, #1661 ) ;
#2804 = ORIENTED_EDGE ( 'NONE', *, *, #3097, .F. ) ;
#2805 = EDGE_LOOP ( 'NONE', ( #2562, #644, #2681, #3212 ) ) ;
#2806 = DIRECTION ( 'NONE',  ( -0.000000000000000000, 1.000000000000000000, -0.000000000000000000 ) ) ;
#2807 = FACE_BOUND ( 'NONE', #1059, .T. ) ;
#2808 = CARTESIAN_POINT ( 'NONE',  ( 26.40242928650734200, 0.000000000000000000, 17.51658096971817713 ) ) ;
#2809 = VERTEX_POINT ( 'NONE', #2279 ) ;
#2810 = ORIENTED_EDGE ( 'NONE', *, *, #2548, .T. ) ;
#2811 = LINE ( 'NONE', #1307, #1409 ) ;
#2812 = LINE ( 'NONE', #376, #1192 ) ;
#2813 = DIRECTION ( 'NONE',  ( 0.000000000000000000, 0.000000000000000000, 1.000000000000000000 ) ) ;
#2814 = ORIENTED_EDGE ( 'NONE', *, *, #2133, .F. ) ;
#2815 = DIRECTION ( 'NONE',  ( -0.5519369853120621450, 0.000000000000000000, -0.8338858220671655497 ) ) ;
#2816 = ADVANCED_FACE ( 'NONE', ( #5 ), #2241, .F. ) ;
#2817 = ADVANCED_FACE ( 'NONE', ( #989 ), #3059, .T. ) ;
#2818 = LINE ( 'NONE', #1633, #2726 ) ;
#2819 = ORIENTED_EDGE ( 'NONE', *, *, #386, .F. ) ;
#2820 = ORIENTED_EDGE ( 'NONE', *, *, #154, .F. ) ;
#2821 = CARTESIAN_POINT ( 'NONE',  ( 17.95242928650733916, 5.000000000000000000, 33.87244118564589712 ) ) ;
#2822 = DIRECTION ( 'NONE',  ( 0.000000000000000000, 0.000000000000000000, -1.000000000000000000 ) ) ;
#2823 = CARTESIAN_POINT ( 'NONE',  ( 11.00151011402221535, 1.000000000000000888, -25.37755881436180161 ) ) ;
#2824 = EDGE_CURVE ( 'NONE', #1306, #1723, #739, .T. ) ;
#2825 = ORIENTED_EDGE ( 'NONE', *, *, #2190, .T. ) ;
#2826 = ORIENTED_EDGE ( 'NONE', *, *, #1893, .F. ) ;
#2827 = DIRECTION ( 'NONE',  ( 0.000000000000000000, 0.000000000000000000, 1.000000000000000000 ) ) ;
#2828 = FILL_AREA_STYLE_COLOUR ( '', #3002 ) ;
#2829 = CARTESIAN_POINT ( 'NONE',  ( 41.30000000000001847, 3.999999999999993339, 0.000000000000000000 ) ) ;
#2830 = VERTEX_POINT ( 'NONE', #2746 ) ;
#2831 = DIRECTION ( 'NONE',  ( -0.000000000000000000, 1.000000000000000000, -0.000000000000000000 ) ) ;
#2832 = AXIS2_PLACEMENT_3D ( 'NONE', #3167, #430, #675 ) ;
#2833 = ORIENTED_EDGE ( 'NONE', *, *, #2237, .T. ) ;
#2834 = VECTOR ( 'NONE', #1637, 999.9999999999998863 ) ;
#2835 = CARTESIAN_POINT ( 'NONE',  ( -7.257419101616729762, 0.000000000000000000, 6.399688103449668240E-15 ) ) ;
#2836 = AXIS2_PLACEMENT_3D ( 'NONE', #541, #1056, #1039 ) ;
#2837 = ORIENTED_EDGE ( 'NONE', *, *, #1530, .F. ) ;
#2838 = CONICAL_SURFACE ( 'NONE', #387, 2.500000000000011102, 0.7853981633974485010 ) ;
#2839 = DIRECTION ( 'NONE',  ( 1.000000000000000000, 3.097720492815727659E-17, -0.000000000000000000 ) ) ;
#2840 = FACE_BOUND ( 'NONE', #2271, .T. ) ;
#2841 = ORIENTED_EDGE ( 'NONE', *, *, #1690, .T. ) ;
#2842 = FACE_OUTER_BOUND ( 'NONE', #1616, .T. ) ;
#2843 = ORIENTED_EDGE ( 'NONE', *, *, #1431, .F. ) ;
#2844 = VECTOR ( 'NONE', #3196, 1000.000000000000000 ) ;
#2845 = ORIENTED_EDGE ( 'NONE', *, *, #441, .F. ) ;
#2846 = EDGE_CURVE ( 'NONE', #2485, #842, #2912, .T. ) ;
#2847 = CYLINDRICAL_SURFACE ( 'NONE', #2547, 1.749999999992299493 ) ;
#2848 = ADVANCED_FACE ( 'NONE', ( #2475 ), #1966, .F. ) ;
#2849 = EDGE_CURVE ( 'NONE', #1886, #1974, #548, .T. ) ;
#2850 = DIRECTION ( 'NONE',  ( 0.000000000000000000, 1.000000000000000000, 0.000000000000000000 ) ) ;
#2851 = PLANE ( 'NONE',  #2795 ) ;
#2852 = CARTESIAN_POINT ( 'NONE',  ( 3.478373297732397784, 0.000000000000000000, 39.62244118563819484 ) ) ;
#2853 = B_SPLINE_CURVE_WITH_KNOTS ( 'NONE', 3,
 ( #113, #533, #288, #1123 ),
 .UNSPECIFIED., .F., .F.,
 ( 4, 4 ),
 ( 0.000000000000000000, 0.001500328053202022206 ),
 .UNSPECIFIED. ) ;
#2854 = VECTOR ( 'NONE', #1110, 1000.000000000000000 ) ;
#2855 = EDGE_LOOP ( 'NONE', ( #2879, #2037 ) ) ;
#2856 = LINE ( 'NONE', #2565, #3113 ) ;
#2857 = VECTOR ( 'NONE', #684, 1000.000000000000114 ) ;
#2858 = AXIS2_PLACEMENT_3D ( 'NONE', #2427, #3143, #2932 ) ;
#2859 = EDGE_LOOP ( 'NONE', ( #1040, #1776, #2634, #1989 ) ) ;
#2860 = AXIS2_PLACEMENT_3D ( 'NONE', #1730, #1262, #1030 ) ;
#2861 = CIRCLE ( 'NONE', #1454, 1.749999999995852207 ) ;
#2862 = LINE ( 'NONE', #105, #1927 ) ;
#2863 = VERTEX_POINT ( 'NONE', #1721 ) ;
#2864 = VECTOR ( 'NONE', #2767, 1000.000000000000000 ) ;
#2865 = CARTESIAN_POINT ( 'NONE',  ( -7.998489885977767777, 7.500000000000000000, -14.48913718705239972 ) ) ;
#2866 = VERTEX_POINT ( 'NONE', #3009 ) ;
#2867 = CARTESIAN_POINT ( 'NONE',  ( -10.99848988597778465, 8.279999999999999361, -41.37755881436179806 ) ) ;
#2868 = ORIENTED_EDGE ( 'NONE', *, *, #1070, .F. ) ;
#2869 = EDGE_CURVE ( 'NONE', #1095, #994, #763, .T. ) ;
#2870 = EDGE_CURVE ( 'NONE', #3018, #2369, #973, .T. ) ;
#2871 = CARTESIAN_POINT ( 'NONE',  ( 16.90000000000000568, 2.500000000000000000, -7.691287847477913608 ) ) ;
#2872 = DIRECTION ( 'NONE',  ( 1.000000000000000000, 0.000000000000000000, -1.445602896647338917E-16 ) ) ;
#2873 = EDGE_CURVE ( 'NONE', #1057, #1603, #3219, .T. ) ;
#2874 = VECTOR ( 'NONE', #2910, 1000.000000000000114 ) ;
#2875 = ORIENTED_EDGE ( 'NONE', *, *, #2969, .T. ) ;
#2876 = DIRECTION ( 'NONE',  ( -0.5896463195190128070, 0.7071067811865462405, 0.3902783851018195027 ) ) ;
#2877 = ORIENTED_EDGE ( 'NONE', *, *, #2738, .F. ) ;
#2878 = PLANE ( 'NONE',  #1200 ) ;
#2879 = ORIENTED_EDGE ( 'NONE', *, *, #838, .F. ) ;
#2880 = DIRECTION ( 'NONE',  ( -0.000000000000000000, -1.000000000000000000, -0.000000000000000000 ) ) ;
#2881 = FACE_OUTER_BOUND ( 'NONE', #680, .T. ) ;
#2882 = ORIENTED_EDGE ( 'NONE', *, *, #1936, .F. ) ;
#2883 = EDGE_LOOP ( 'NONE', ( #2894, #2695 ) ) ;
#2884 = CARTESIAN_POINT ( 'NONE',  ( 28.29177638703538378, 5.000000000000000000, 40.62244118563819484 ) ) ;
#2885 = CARTESIAN_POINT ( 'NONE',  ( -8.099999999999985434, 15.99999999999999645, -41.37755881436179806 ) ) ;
#2886 = EDGE_CURVE ( 'NONE', #373, #2205, #2504, .T. ) ;
#2887 = CARTESIAN_POINT ( 'NONE',  ( 29.77460858667419430, 5.000000000000000000, 38.38212611219850601 ) ) ;
#2888 = EDGE_LOOP ( 'NONE', ( #3148, #1745 ) ) ;
#2889 = CARTESIAN_POINT ( 'NONE',  ( 36.30000000000001847, 0.000000000000000000, 19.46432994909537939 ) ) ;
#2890 = ORIENTED_EDGE ( 'NONE', *, *, #734, .F. ) ;
#2891 = ADVANCED_FACE ( 'NONE', ( #1060 ), #1564, .F. ) ;
#2892 = CARTESIAN_POINT ( 'NONE',  ( 36.30000000000001847, 0.000000000000000000, -14.37906892838400275 ) ) ;
#2893 = ORIENTED_EDGE ( 'NONE', *, *, #1981, .T. ) ;
#2894 = ORIENTED_EDGE ( 'NONE', *, *, #236, .F. ) ;
#2895 = DIRECTION ( 'NONE',  ( 0.000000000000000000, 1.000000000000000000, 0.000000000000000000 ) ) ;
#2896 = CARTESIAN_POINT ( 'NONE',  ( 35.65000000000000568, 1.500000000000000000, -0.9500000000000008438 ) ) ;
#2897 = CONICAL_SURFACE ( 'NONE', #853, 3.999999999999998224, 0.7853981633974487231 ) ;
#2898 = CIRCLE ( 'NONE', #326, 1.300000000000002487 ) ;
#2899 = ORIENTED_EDGE ( 'NONE', *, *, #2756, .F. ) ;
#2900 = DIRECTION ( 'NONE',  ( 0.000000000000000000, 1.000000000000000000, 0.000000000000000000 ) ) ;
#2901 = DIRECTION ( 'NONE',  ( -0.000000000000000000, -0.000000000000000000, -1.000000000000000000 ) ) ;
#2902 = EDGE_CURVE ( 'NONE', #514, #1466, #1543, .T. ) ;
#2903 = CIRCLE ( 'NONE', #1857, 8.000000000000000000 ) ;
#2904 = CIRCLE ( 'NONE', #2994, 4.999999999999984013 ) ;
#2905 = CARTESIAN_POINT ( 'NONE',  ( -8.051924420628919776, 5.000000000000000000, -6.464139633003217256 ) ) ;
#2906 = CARTESIAN_POINT ( 'NONE',  ( 23.07106781186546129, 0.000000000000000000, -20.37906892838400097 ) ) ;
#2907 = CONICAL_SURFACE ( 'NONE', #2440, 3.999999999999996447, 0.7853981633974496113 ) ;
#2908 = ORIENTED_EDGE ( 'NONE', *, *, #3189, .F. ) ;
#2909 = AXIS2_PLACEMENT_3D ( 'NONE', #3220, #505, #6 ) ;
#2910 = DIRECTION ( 'NONE',  ( 0.7071067811865474617, 0.7071067811865474617, 0.000000000000000000 ) ) ;
#2911 = ADVANCED_FACE ( 'NONE', ( #500 ), #1766, .F. ) ;
#2912 = CIRCLE ( 'NONE', #1298, 1.300000000000002487 ) ;
#2913 = VECTOR ( 'NONE', #2742, 1000.000000000000000 ) ;
#2914 = EDGE_CURVE ( 'NONE', #247, #1054, #2273, .T. ) ;
#2915 = VECTOR ( 'NONE', #1900, 1000.000000000000114 ) ;
#2916 = AXIS2_PLACEMENT_3D ( 'NONE', #1769, #2985, #3023 ) ;
#2917 = PLANE ( 'NONE',  #1815 ) ;
#2918 = CARTESIAN_POINT ( 'NONE',  ( -8.099999999999985434, 29.50000000000000000, -41.37755881436179806 ) ) ;
#2919 = CIRCLE ( 'NONE', #2654, 5.500000000000018652 ) ;
#2920 = DIRECTION ( 'NONE',  ( 0.000000000000000000, -1.000000000000000000, 0.000000000000000000 ) ) ;
#2921 = CARTESIAN_POINT ( 'NONE',  ( 25.60517947633836755, 0.000000000000000000, 35.62244118563819484 ) ) ;
#2922 = CARTESIAN_POINT ( 'NONE',  ( -12.25741910161673331, 5.000000000000000000, -14.48913718705239972 ) ) ;
#2923 = CARTESIAN_POINT ( 'NONE',  ( -10.99848988597778465, 8.279999999999999361, -41.37755881436179806 ) ) ;
#2924 = VERTEX_POINT ( 'NONE', #3033 ) ;
#2925 = EDGE_CURVE ( 'NONE', #126, #2606, #40, .T. ) ;
#2926 = CARTESIAN_POINT ( 'NONE',  ( 28.94072276460702398, 0.000000000000000000, 37.83018912688643809 ) ) ;
#2927 = EDGE_CURVE ( 'NONE', #3098, #448, #791, .T. ) ;
#2928 = DIRECTION ( 'NONE',  ( 0.000000000000000000, 0.000000000000000000, -1.000000000000000000 ) ) ;
#2929 = ORIENTED_EDGE ( 'NONE', *, *, #2411, .F. ) ;
#2930 = ADVANCED_FACE ( 'NONE', ( #2297 ), #3213, .T. ) ;
#2931 = EDGE_LOOP ( 'NONE', ( #624, #2334, #421, #200 ) ) ;
#2932 = DIRECTION ( 'NONE',  ( 0.000000000000000000, 0.000000000000000000, -1.000000000000000000 ) ) ;
#2933 = DIRECTION ( 'NONE',  ( -0.7071067811865465735, -1.892659061218537263E-16, 0.7071067811865485719 ) ) ;
#2934 = DIRECTION ( 'NONE',  ( -0.000000000000000000, -1.000000000000000000, -0.000000000000000000 ) ) ;
#2935 = CARTESIAN_POINT ( 'NONE',  ( -7.257419101616729762, 5.000000000000000000, -1.749999999999993561 ) ) ;
#2936 = ORIENTED_EDGE ( 'NONE', *, *, #235, .T. ) ;
#2937 = CYLINDRICAL_SURFACE ( 'NONE', #2007, 1.300000000000002487 ) ;
#2938 = ORIENTED_EDGE ( 'NONE', *, *, #2706, .F. ) ;
#2939 = FACE_OUTER_BOUND ( 'NONE', #369, .T. ) ;
#2940 = CARTESIAN_POINT ( 'NONE',  ( 25.60517947633836755, 5.000000000000000000, 39.62244118563818063 ) ) ;
#2941 = EDGE_LOOP ( 'NONE', ( #1134, #82, #304, #2481 ) ) ;
#2942 = VERTEX_POINT ( 'NONE', #300 ) ;
#2943 = AXIS2_PLACEMENT_3D ( 'NONE', #2449, #189, #2671 ) ;
#2944 = DIRECTION ( 'NONE',  ( 0.000000000000000000, 0.000000000000000000, -1.000000000000000000 ) ) ;
#2945 = ADVANCED_FACE ( 'NONE', ( #515 ), #1006, .F. ) ;
#2946 = EDGE_CURVE ( 'NONE', #994, #2442, #264, .T. ) ;
#2947 = CARTESIAN_POINT ( 'NONE',  ( 16.90000000000000568, 0.000000000000000000, 7.691287847477924267 ) ) ;
#2948 = CARTESIAN_POINT ( 'NONE',  ( 36.30000000000001847, 7.500000000000000000, -12.87906892838401518 ) ) ;
#2949 = AXIS2_PLACEMENT_3D ( 'NONE', #2309, #2269, #299 ) ;
#2950 = DIRECTION ( 'NONE',  ( -1.000000000000000000, 0.000000000000000000, 0.000000000000000000 ) ) ;
#2951 = ORIENTED_EDGE ( 'NONE', *, *, #3041, .T. ) ;
#2952 = AXIS2_PLACEMENT_3D ( 'NONE', #2198, #1952, #1692 ) ;
#2953 = FACE_OUTER_BOUND ( 'NONE', #1361, .T. ) ;
#2954 = VERTEX_POINT ( 'NONE', #1316 ) ;
#2955 = AXIS2_PLACEMENT_3D ( 'NONE', #1047, #1527, #1746 ) ;
#2956 =( GEOMETRIC_REPRESENTATION_CONTEXT ( 3 ) GLOBAL_UNCERTAINTY_ASSIGNED_CONTEXT ( ( #1694 ) ) GLOBAL_UNIT_ASSIGNED_CONTEXT ( ( #98, #2048, #2100 ) ) REPRESENTATION_CONTEXT ( 'NONE', 'WORKASPACE' ) );
#2957 = VECTOR ( 'NONE', #1609, 1000.000000000000000 ) ;
#2958 = EDGE_CURVE ( 'NONE', #2750, #773, #1492, .T. ) ;
#2959 = DIRECTION ( 'NONE',  ( 0.000000000000000000, 1.000000000000000000, 0.000000000000000000 ) ) ;
#2960 = ADVANCED_FACE ( 'NONE', ( #2057 ), #2004, .T. ) ;
#2961 = EDGE_CURVE ( 'NONE', #1275, #2364, #3007, .T. ) ;
#2962 = CARTESIAN_POINT ( 'NONE',  ( 40.30000000000000426, 5.000000000000000000, 19.46432994909537939 ) ) ;
#2963 = LINE ( 'NONE', #1235, #2546 ) ;
#2964 = LINE ( 'NONE', #472, #1651 ) ;
#2965 = ORIENTED_EDGE ( 'NONE', *, *, #3013, .F. ) ;
#2966 = DIRECTION ( 'NONE',  ( 0.000000000000000000, 0.000000000000000000, -1.000000000000000000 ) ) ;
#2967 = ORIENTED_EDGE ( 'NONE', *, *, #1269, .F. ) ;
#2968 = VERTEX_POINT ( 'NONE', #479 ) ;
#2969 = EDGE_CURVE ( 'NONE', #363, #2561, #228, .T. ) ;
#2970 = DIRECTION ( 'NONE',  ( 1.000000000000000000, 0.000000000000000000, -0.000000000000000000 ) ) ;
#2971 = EDGE_CURVE ( 'NONE', #144, #2924, #2394, .T. ) ;
#2972 = CARTESIAN_POINT ( 'NONE',  ( -0.5999999999999825473, -13.99999999999997158, -43.37755881436203254 ) ) ;
#2973 = CARTESIAN_POINT ( 'NONE',  ( 25.60517947633836755, 5.000000000000000000, 40.62244118563819484 ) ) ;
#2974 = DIRECTION ( 'NONE',  ( 0.000000000000000000, 1.000000000000000000, 0.000000000000000000 ) ) ;
#2975 = ORIENTED_EDGE ( 'NONE', *, *, #2470, .T. ) ;
#2976 = CARTESIAN_POINT ( 'NONE',  ( 28.29177638703538378, 5.000000000000000000, 40.62244118563819484 ) ) ;
#2977 = CARTESIAN_POINT ( 'NONE',  ( -0.5999999999999875433, 5.000000000000000000, 0.000000000000000000 ) ) ;
#2978 = EDGE_CURVE ( 'NONE', #1723, #1777, #2338, .T. ) ;
#2979 = LINE ( 'NONE', #3047, #2183 ) ;
#2980 = ORIENTED_EDGE ( 'NONE', *, *, #2289, .T. ) ;
#2981 = VERTEX_POINT ( 'NONE', #2537 ) ;
#2982 = CARTESIAN_POINT ( 'NONE',  ( -7.257419101616728874, 5.000000000000000000, 19.40242819735833990 ) ) ;
#2983 = DIRECTION ( 'NONE',  ( -1.000000000000000000, 0.000000000000000000, -0.000000000000000000 ) ) ;
#2984 = ORIENTED_EDGE ( 'NONE', *, *, #1254, .F. ) ;
#2985 = DIRECTION ( 'NONE',  ( 0.000000000000000000, -1.000000000000000000, 0.000000000000000000 ) ) ;
#2986 = CARTESIAN_POINT ( 'NONE',  ( -8.099999999999985434, 21.09999999999999787, -41.37755881436179806 ) ) ;
#2987 = ORIENTED_EDGE ( 'NONE', *, *, #3042, .T. ) ;
#2988 = CARTESIAN_POINT ( 'NONE',  ( 38.30000000000001137, 4.999999999999997335, 15.37906892838401696 ) ) ;
#2989 = VECTOR ( 'NONE', #2282, 1000.000000000000114 ) ;
#2990 = ORIENTED_EDGE ( 'NONE', *, *, #775, .T. ) ;
#2991 = CARTESIAN_POINT ( 'NONE',  ( -12.25741910161672976, 5.000000000000000000, 20.90725739302199315 ) ) ;
#2993 = CIRCLE ( 'NONE', #172, 2.599999999999998312 ) ;
#2992 = DIRECTION ( 'NONE',  ( 0.000000000000000000, 0.000000000000000000, -1.000000000000000000 ) ) ;
#2995 = ORIENTED_EDGE ( 'NONE', *, *, #1676, .T. ) ;
#2994 = AXIS2_PLACEMENT_3D ( 'NONE', #3226, #950, #2966 ) ;
#2996 = VECTOR ( 'NONE', #2010, 1000.000000000000114 ) ;
#2997 = PLANE ( 'NONE',  #2749 ) ;
#2998 = ORIENTED_EDGE ( 'NONE', *, *, #2265, .T. ) ;
#2999 = ADVANCED_FACE ( 'NONE', ( #1303 ), #2569, .F. ) ;
#3000 = AXIS2_PLACEMENT_3D ( 'NONE', #1618, #572, #1074 ) ;
#3001 = ORIENTED_EDGE ( 'NONE', *, *, #412, .T. ) ;
#3002 = COLOUR_RGB ( '',0.7921568627450980005, 0.8196078431372548767, 0.9333333333333333481 ) ;
#3003 = CARTESIAN_POINT ( 'NONE',  ( 3.478373297732397784, 5.000000000000000000, 40.62244118563819484 ) ) ;
#3004 = DIRECTION ( 'NONE',  ( 1.000000000000000000, -0.000000000000000000, -0.000000000000000000 ) ) ;
#3005 = VECTOR ( 'NONE', #3157, 1000.000000000000000 ) ;
#3006 = ORIENTED_EDGE ( 'NONE', *, *, #925, .F. ) ;
#3007 = CIRCLE ( 'NONE', #753, 5.000000000000000888 ) ;
#3008 = VECTOR ( 'NONE', #2238, 1000.000000000000000 ) ;
#3009 = CARTESIAN_POINT ( 'NONE',  ( 19.53553390593271644, 3.999999999999993339, -16.84353502245127032 ) ) ;
#3010 = DIRECTION ( 'NONE',  ( 1.000000000000000000, 3.097720492815727659E-17, 0.000000000000000000 ) ) ;
#3011 = DIRECTION ( 'NONE',  ( -1.000000000000000000, 0.000000000000000000, 0.000000000000000000 ) ) ;
#3012 = CYLINDRICAL_SURFACE ( 'NONE', #335, 13.49999999999999822 ) ;
#3013 = EDGE_CURVE ( 'NONE', #224, #1546, #1872, .T. ) ;
#3014 = EDGE_CURVE ( 'NONE', #1713, #1320, #2632, .T. ) ;
#3015 = CARTESIAN_POINT ( 'NONE',  ( 20.99999999999997868, 5.000000000000000000, -15.37906892838400275 ) ) ;
#3016 = CARTESIAN_POINT ( 'NONE',  ( -10.99848988597778465, 14.69999999999999396, -41.37755881436179806 ) ) ;
#3017 = ORIENTED_EDGE ( 'NONE', *, *, #2471, .F. ) ;
#3018 = VERTEX_POINT ( 'NONE', #1403 ) ;
#3019 = ORIENTED_EDGE ( 'NONE', *, *, #1571, .T. ) ;
#3020 = CARTESIAN_POINT ( 'NONE',  ( -10.99848988597778465, 15.99999999999999645, -41.37755881436179806 ) ) ;
#3021 = DIRECTION ( 'NONE',  ( 1.000000000000000000, 0.000000000000000000, 0.000000000000000000 ) ) ;
#3022 = ORIENTED_EDGE ( 'NONE', *, *, #1848, .T. ) ;
#3023 = DIRECTION ( 'NONE',  ( 0.000000000000000000, 0.000000000000000000, -1.000000000000000000 ) ) ;
#3024 = DIRECTION ( 'NONE',  ( 0.000000000000000000, 0.000000000000000000, -1.000000000000000000 ) ) ;
#3025 = CYLINDRICAL_SURFACE ( 'NONE', #1064, 1.300000000000002487 ) ;
#3026 = EDGE_LOOP ( 'NONE', ( #934, #1242 ) ) ;
#3027 = CARTESIAN_POINT ( 'NONE',  ( 38.30000000000002558, 5.447759682465543207, -14.47309875713802008 ) ) ;
#3028 = DIRECTION ( 'NONE',  ( 0.000000000000000000, 0.7071067811865474617, -0.7071067811865474617 ) ) ;
#3029 = DIRECTION ( 'NONE',  ( 1.000000000000000000, 3.097720492815727659E-17, -0.000000000000000000 ) ) ;
#3030 = EDGE_LOOP ( 'NONE', ( #1100, #1264, #1373, #2833 ) ) ;
#3031 = ORIENTED_EDGE ( 'NONE', *, *, #2131, .F. ) ;
#3032 = EDGE_LOOP ( 'NONE', ( #1622, #2295, #997, #914 ) ) ;
#3033 = CARTESIAN_POINT ( 'NONE',  ( -10.99848988597778465, 17.30000000000000071, -41.37755881436179806 ) ) ;
#3034 = CARTESIAN_POINT ( 'NONE',  ( -2.140014098742261783, 5.889931741331613679, -14.48913718705239972 ) ) ;
#3035 = DIRECTION ( 'NONE',  ( 0.000000000000000000, 0.000000000000000000, 1.000000000000000000 ) ) ;
#3036 = ORIENTED_EDGE ( 'NONE', *, *, #2453, .F. ) ;
#3037 = DIRECTION ( 'NONE',  ( 0.000000000000000000, 1.000000000000000000, 0.000000000000000000 ) ) ;
#3038 = DIRECTION ( 'NONE',  ( -0.7071067811865473507, -0.7071067811865476838, 6.930845629329748671E-17 ) ) ;
#3039 = DIRECTION ( 'NONE',  ( 1.000000000000000000, 3.097720492815727659E-17, -0.000000000000000000 ) ) ;
#3040 = EDGE_CURVE ( 'NONE', #3231, #2863, #1574, .T. ) ;
#3041 = EDGE_CURVE ( 'NONE', #855, #1943, #655, .T. ) ;
#3042 = EDGE_CURVE ( 'NONE', #747, #994, #1331, .T. ) ;
#3043 = AXIS2_PLACEMENT_3D ( 'NONE', #2665, #1699, #1427 ) ;
#3044 = EDGE_CURVE ( 'NONE', #3073, #1546, #1884, .T. ) ;
#3045 = DIRECTION ( 'NONE',  ( -1.000000000000000000, 0.000000000000000000, -0.000000000000000000 ) ) ;
#3046 = FACE_OUTER_BOUND ( 'NONE', #143, .T. ) ;
#3047 = CARTESIAN_POINT ( 'NONE',  ( 23.07106781186546129, 1.000000000000000666, -15.37906892838400275 ) ) ;
#3048 = ORIENTED_EDGE ( 'NONE', *, *, #1051, .T. ) ;
#3049 = DIRECTION ( 'NONE',  ( 9.801695887712422592E-17, 0.000000000000000000, 1.000000000000000000 ) ) ;
#3050 = DIRECTION ( 'NONE',  ( -1.000000000000000000, 0.000000000000000000, -0.000000000000000000 ) ) ;
#3051 = CARTESIAN_POINT ( 'NONE',  ( 0.000000000000000000, 5.000000000000000000, 0.000000000000000000 ) ) ;
#3052 = AXIS2_PLACEMENT_3D ( 'NONE', #685, #1197, #2154 ) ;
#3053 = EDGE_LOOP ( 'NONE', ( #310, #508, #2117, #774 ) ) ;
#3054 = AXIS2_PLACEMENT_3D ( 'NONE', #2589, #2086, #3110 ) ;
#3055 = ADVANCED_FACE ( 'NONE', ( #2618 ), #1849, .F. ) ;
#3056 = ORIENTED_EDGE ( 'NONE', *, *, #557, .T. ) ;
#3057 = CARTESIAN_POINT ( 'NONE',  ( 26.40242928650734200, 0.000000000000000000, 17.51658096971817713 ) ) ;
#3058 = CARTESIAN_POINT ( 'NONE',  ( -0.5999999999999926503, 24.00000000000000000, -49.37755881436179806 ) ) ;
#3059 = CONICAL_SURFACE ( 'NONE', #2545, 3.999999999999982681, 0.7853981633974533860 ) ;
#3060 = EDGE_CURVE ( 'NONE', #940, #1646, #1555, .T. ) ;
#3061 = EDGE_LOOP ( 'NONE', ( #1366, #2034 ) ) ;
#3062 = VECTOR ( 'NONE', #582, 1000.000000000000114 ) ;
#3063 = LINE ( 'NONE', #100, #2854 ) ;
#3064 = CIRCLE ( 'NONE', #350, 1.750000000000000000 ) ;
#3065 = DIRECTION ( 'NONE',  ( 0.000000000000000000, 0.000000000000000000, 1.000000000000000000 ) ) ;
#3066 = ORIENTED_EDGE ( 'NONE', *, *, #2849, .T. ) ;
#3067 = CARTESIAN_POINT ( 'NONE',  ( -0.4975707134926598552, 5.000000000000000000, 19.26658096971402756 ) ) ;
#3068 = CARTESIAN_POINT ( 'NONE',  ( -10.99848988597778465, 21.09999999999999787, -41.37755881436179806 ) ) ;
#3069 = EDGE_LOOP ( 'NONE', ( #2775, #1518, #1438, #2882, #1822 ) ) ;
#3070 = CARTESIAN_POINT ( 'NONE',  ( 40.30000000000001847, 0.000000000000000000, -10.37906892838400452 ) ) ;
#3071 = DIRECTION ( 'NONE',  ( -0.000000000000000000, 0.000000000000000000, -1.000000000000000000 ) ) ;
#3072 = ORIENTED_EDGE ( 'NONE', *, *, #1225, .F. ) ;
#3073 = VERTEX_POINT ( 'NONE', #599 ) ;
#3074 = CARTESIAN_POINT ( 'NONE',  ( -10.59296238988538619, 0.000000000000000000, 21.61017613860658670 ) ) ;
#3075 = LINE ( 'NONE', #1391, #1654 ) ;
#3076 = ORIENTED_EDGE ( 'NONE', *, *, #1995, .F. ) ;
#3077 = DIRECTION ( 'NONE',  ( 0.000000000000000000, 1.000000000000000000, 0.000000000000000000 ) ) ;
#3078 = FACE_OUTER_BOUND ( 'NONE', #1992, .T. ) ;
#3079 = ORIENTED_EDGE ( 'NONE', *, *, #1383, .F. ) ;
#3080 = CARTESIAN_POINT ( 'NONE',  ( -7.257419101616728874, 0.000000000000000000, 19.40242819735833990 ) ) ;
#3081 = ORIENTED_EDGE ( 'NONE', *, *, #1671, .F. ) ;
#3082 = VERTEX_POINT ( 'NONE', #813 ) ;
#3083 = EDGE_CURVE ( 'NONE', #2830, #595, #630, .T. ) ;
#3084 = EDGE_CURVE ( 'NONE', #1821, #3082, #882, .T. ) ;
#3085 = DIRECTION ( 'NONE',  ( 0.000000000000000000, 0.000000000000000000, 1.000000000000000000 ) ) ;
#3086 = CARTESIAN_POINT ( 'NONE',  ( 36.30000000000001847, 7.500000000000000000, -10.37906892838400452 ) ) ;
#3087 = DIRECTION ( 'NONE',  ( 0.000000000000000000, 0.000000000000000000, -1.000000000000000000 ) ) ;
#3088 = VERTEX_POINT ( 'NONE', #1636 ) ;
#3089 = CARTESIAN_POINT ( 'NONE',  ( -0.4975707134926600217, 5.000000000000000000, 15.76658096972232137 ) ) ;
#3090 = CARTESIAN_POINT ( 'NONE',  ( -3.099999999999964118, 32.00000000000000000, -32.68512392102307729 ) ) ;
#3091 = ORIENTED_EDGE ( 'NONE', *, *, #2045, .F. ) ;
#3092 = DIRECTION ( 'NONE',  ( 0.000000000000000000, -1.000000000000000000, 0.000000000000000000 ) ) ;
#3093 = EDGE_LOOP ( 'NONE', ( #2877, #2521 ) ) ;
#3094 = DIRECTION ( 'NONE',  ( -0.7071067811865447972, -0.7071067811865503483, -0.000000000000000000 ) ) ;
#3095 = FACE_BOUND ( 'NONE', #3093, .T. ) ;
#3096 = VECTOR ( 'NONE', #872, 1000.000000000000000 ) ;
#3097 = EDGE_CURVE ( 'NONE', #580, #2830, #24, .T. ) ;
#3098 = VERTEX_POINT ( 'NONE', #1369 ) ;
#3099 = TOROIDAL_SURFACE ( 'NONE', #592, 7.691287847477918937, 2.500000000000000000 ) ;
#3100 = EDGE_CURVE ( 'NONE', #2409, #1202, #2094, .T. ) ;
#3101 = DIRECTION ( 'NONE',  ( 0.000000000000000000, 0.000000000000000000, -1.000000000000000000 ) ) ;
#3102 = FACE_OUTER_BOUND ( 'NONE', #138, .T. ) ;
#3103 = ORIENTED_EDGE ( 'NONE', *, *, #445, .F. ) ;
#3104 = CARTESIAN_POINT ( 'NONE',  ( -0.5999999999999948708, 32.00000000000000000, -49.37755881436179806 ) ) ;
#3105 = ADVANCED_FACE ( 'NONE', ( #2079 ), #1118, .T. ) ;
#3106 = ORIENTED_EDGE ( 'NONE', *, *, #2498, .F. ) ;
#3107 = EDGE_LOOP ( 'NONE', ( #2155, #1737, #891, #2648 ) ) ;
#3108 = DIRECTION ( 'NONE',  ( 0.000000000000000000, 1.000000000000000000, -0.000000000000000000 ) ) ;
#3109 = DIRECTION ( 'NONE',  ( 1.000000000000000000, 3.097720492815727659E-17, 0.000000000000000000 ) ) ;
#3110 = DIRECTION ( 'NONE',  ( 0.000000000000000000, 0.000000000000000000, -1.000000000000000000 ) ) ;
#3111 = DIRECTION ( 'NONE',  ( 0.000000000000000000, -1.000000000000000000, 0.000000000000000000 ) ) ;
#3112 = B_SPLINE_CURVE_WITH_KNOTS ( 'NONE', 3,
 ( #1042, #1774, #2734, #1273, #524, #786 ),
 .UNSPECIFIED., .F., .F.,
 ( 4, 2, 4 ),
 ( 0.000000000000000000, 0.001740131924833700303, 0.003480263849667400607 ),
 .UNSPECIFIED. ) ;
#3113 = VECTOR ( 'NONE', #3092, 1000.000000000000000 ) ;
#3114 = VERTEX_POINT ( 'NONE', #3067 ) ;
#3115 = LINE ( 'NONE', #1881, #806 ) ;
#3116 = AXIS2_PLACEMENT_3D ( 'NONE', #484, #1991, #1499 ) ;
#3117 = AXIS2_PLACEMENT_3D ( 'NONE', #375, #2232, #2670 ) ;
#3118 = ORIENTED_EDGE ( 'NONE', *, *, #2738, .T. ) ;
#3119 = AXIS2_PLACEMENT_3D ( 'NONE', #1719, #2959, #2256 ) ;
#3120 = CARTESIAN_POINT ( 'NONE',  ( -12.25741910161672976, 3.999999999999993339, 19.40242819735833635 ) ) ;
#3121 = VERTEX_POINT ( 'NONE', #2821 ) ;
#3122 = ADVANCED_FACE ( 'NONE', ( #578 ), #3169, .F. ) ;
#3123 = CARTESIAN_POINT ( 'NONE',  ( 3.478373297732397784, 3.999999999999993339, 35.62244118563819484 ) ) ;
#3124 = PLANE ( 'NONE',  #3043 ) ;
#3125 = LINE ( 'NONE', #883, #1068 ) ;
#3126 = ORIENTED_EDGE ( 'NONE', *, *, #293, .T. ) ;
#3127 = CARTESIAN_POINT ( 'NONE',  ( -8.099999999999985434, 13.44000000000000128, -41.37755881436179806 ) ) ;
#3128 = ORIENTED_EDGE ( 'NONE', *, *, #3040, .F. ) ;
#3129 = CARTESIAN_POINT ( 'NONE',  ( -7.257419101616729762, 0.000000000000000000, 6.399688103449668240E-15 ) ) ;
#3130 = DIRECTION ( 'NONE',  ( -1.000000000000000000, 0.000000000000000000, -0.000000000000000000 ) ) ;
#3131 = CARTESIAN_POINT ( 'NONE',  ( -0.5999999999999894307, -9.047455625645994738E-15, -14.48913718705239972 ) ) ;
#3132 = EDGE_CURVE ( 'NONE', #2326, #2606, #618, .T. ) ;
#3133 = ORIENTED_EDGE ( 'NONE', *, *, #2628, .F. ) ;
#3134 = LINE ( 'NONE', #1910, #118 ) ;
#3135 = LINE ( 'NONE', #1151, #1552 ) ;
#3136 = ORIENTED_EDGE ( 'NONE', *, *, #223, .T. ) ;
#3137 = DIRECTION ( 'NONE',  ( -1.000000000000000000, 0.000000000000000000, -0.000000000000000000 ) ) ;
#3138 = ORIENTED_EDGE ( 'NONE', *, *, #1869, .T. ) ;
#3139 = LINE ( 'NONE', #2693, #1877 ) ;
#3140 = CARTESIAN_POINT ( 'NONE',  ( -1.861801934899266847E-15, 7.500000000000000000, -12.87906892838401163 ) ) ;
#3141 = ORIENTED_EDGE ( 'NONE', *, *, #1895, .T. ) ;
#3142 = ORIENTED_EDGE ( 'NONE', *, *, #2395, .T. ) ;
#3143 = DIRECTION ( 'NONE',  ( 0.000000000000000000, -1.000000000000000000, 0.000000000000000000 ) ) ;
#3144 = DIRECTION ( 'NONE',  ( 0.000000000000000000, 1.000000000000000000, 0.000000000000000000 ) ) ;
#3145 = CARTESIAN_POINT ( 'NONE',  ( -0.4975707134926600217, 5.000000000000000000, 17.51658096971817358 ) ) ;
#3146 = EDGE_CURVE ( 'NONE', #994, #2410, #80, .T. ) ;
#3147 = CARTESIAN_POINT ( 'NONE',  ( -3.099999999999980105, 24.00000000000000000, -57.37755881436179806 ) ) ;
#3148 = ORIENTED_EDGE ( 'NONE', *, *, #1592, .F. ) ;
#3149 = CARTESIAN_POINT ( 'NONE',  ( -18.35240041031786618, 8.279999999999999361, -41.37755881436179806 ) ) ;
#3150 = ORIENTED_EDGE ( 'NONE', *, *, #176, .T. ) ;
#3151 = ORIENTED_EDGE ( 'NONE', *, *, #1229, .F. ) ;
#3152 = CARTESIAN_POINT ( 'NONE',  ( 33.30000000000001137, -12.39280389266327731, -6.499999999999994671 ) ) ;
#3153 = DIRECTION ( 'NONE',  ( 1.000000000000000000, 3.097720492815727659E-17, 0.000000000000000000 ) ) ;
#3154 = LINE ( 'NONE', #913, #2385 ) ;
#3155 = CIRCLE ( 'NONE', #1487, 1.749999999995852207 ) ;
#3156 = ORIENTED_EDGE ( 'NONE', *, *, #2060, .T. ) ;
#3157 = DIRECTION ( 'NONE',  ( 1.000000000000000000, 0.000000000000000000, 0.000000000000000000 ) ) ;
#3158 = CARTESIAN_POINT ( 'NONE',  ( 9.719692278188842849, -14.00091954055361043, -14.48913718705239972 ) ) ;
#3159 = EDGE_CURVE ( 'NONE', #2205, #3082, #706, .T. ) ;
#3160 = AXIS2_PLACEMENT_3D ( 'NONE', #1741, #2721, #245 ) ;
#3161 = PLANE ( 'NONE',  #1233 ) ;
#3162 = ADVANCED_FACE ( 'NONE', ( #165 ), #677, .F. ) ;
#3163 = CARTESIAN_POINT ( 'NONE',  ( 10.70000000000000817, 1.500000000000000000, 6.500000000000004441 ) ) ;
#3164 = CONICAL_SURFACE ( 'NONE', #177, 3.999999999999996447, 0.7853981633974496113 ) ;
#3165 = CIRCLE ( 'NONE', #1148, 1.749999999992299493 ) ;
#3166 = CARTESIAN_POINT ( 'NONE',  ( 20.99999999999997868, 1.000000000000000888, -15.37906892838400275 ) ) ;
#3167 = CARTESIAN_POINT ( 'NONE',  ( 3.478373297732397784, 0.000000000000000000, 35.62244118563819484 ) ) ;
#3168 = ADVANCED_FACE ( 'NONE', ( #1184 ), #1426, .F. ) ;
#3169 = CONICAL_SURFACE ( 'NONE', #2446, 6.000000000000015987, 0.7853981633974526089 ) ;
#3170 = AXIS2_PLACEMENT_3D ( 'NONE', #2379, #2619, #619 ) ;
#3171 =( GEOMETRIC_REPRESENTATION_CONTEXT ( 3 ) GLOBAL_UNCERTAINTY_ASSIGNED_CONTEXT ( ( #2186 ) ) GLOBAL_UNIT_ASSIGNED_CONTEXT ( ( #1168, #1957, #647 ) ) REPRESENTATION_CONTEXT ( 'NONE', 'WORKASPACE' ) );
#3172 = DIRECTION ( 'NONE',  ( -0.000000000000000000, -1.000000000000000000, -0.000000000000000000 ) ) ;
#3173 = LINE ( 'NONE', #389, #2532 ) ;
#3174 = ORIENTED_EDGE ( 'NONE', *, *, #2350, .F. ) ;
#3175 = VECTOR ( 'NONE', #730, 1000.000000000000000 ) ;
#3176 = ORIENTED_EDGE ( 'NONE', *, *, #491, .F. ) ;
#3177 = CARTESIAN_POINT ( 'NONE',  ( 0.1428300094637518503, 5.000000000000000000, 37.83018912688643098 ) ) ;
#3178 = LINE ( 'NONE', #1907, #2125 ) ;
#3179 = CARTESIAN_POINT ( 'NONE',  ( -3.099999999999976996, 0.000000000000000000, -49.37755881436179806 ) ) ;
#3180 = CARTESIAN_POINT ( 'NONE',  ( 23.07106781186546129, 5.000000000000000000, -20.37906892838400097 ) ) ;
#3181 = EDGE_LOOP ( 'NONE', ( #2716, #415, #404, #207 ) ) ;
#3182 = DIRECTION ( 'NONE',  ( 0.000000000000000000, 0.000000000000000000, -1.000000000000000000 ) ) ;
#3183 = EDGE_LOOP ( 'NONE', ( #2621, #1701, #2790, #1286, #928 ) ) ;
#3184 = CARTESIAN_POINT ( 'NONE',  ( -8.008289129220202085, 7.520341655929369651, -14.51645102794123865 ) ) ;
#3185 = CARTESIAN_POINT ( 'NONE',  ( 0.000000000000000000, 0.000000000000000000, 0.000000000000000000 ) ) ;
#3186 = EDGE_LOOP ( 'NONE', ( #2770, #3076 ) ) ;
#3187 = ADVANCED_FACE ( 'NONE', ( #2171 ), #2423, .F. ) ;
#3188 = EDGE_CURVE ( 'NONE', #1898, #881, #1212, .T. ) ;
#3189 = EDGE_CURVE ( 'NONE', #520, #3227, #3195, .T. ) ;
#3190 = EDGE_LOOP ( 'NONE', ( #2975, #1619, #7, #1297 ) ) ;
#3191 = CARTESIAN_POINT ( 'NONE',  ( -11.22585293812058715, -8.125852938120587510, -16.25170587624119989 ) ) ;
#3192 = CARTESIAN_POINT ( 'NONE',  ( -3.099999999999977884, 8.000000000000000000, -57.37755881436179806 ) ) ;
#3193 = CARTESIAN_POINT ( 'NONE',  ( 26.40242928650734200, 5.000000000000000000, 19.26658096971402756 ) ) ;
#3194 = DIRECTION ( 'NONE',  ( 2.148812024273283421E-16, -0.8028067944157775138, 0.5962392563726943706 ) ) ;
#3195 = LINE ( 'NONE', #2651, #1302 ) ;
#3196 = DIRECTION ( 'NONE',  ( -0.000000000000000000, -1.000000000000000000, -0.000000000000000000 ) ) ;
#3197 = ORIENTED_EDGE ( 'NONE', *, *, #1571, .F. ) ;
#3198 = ADVANCED_FACE ( 'NONE', ( #407 ), #1680, .F. ) ;
#3199 = ORIENTED_EDGE ( 'NONE', *, *, #1133, .F. ) ;
#3200 = EDGE_CURVE ( 'NONE', #2503, #773, #348, .T. ) ;
#3201 = AXIS2_PLACEMENT_3D ( 'NONE', #993, #742, #1236 ) ;
#3202 = AXIS2_PLACEMENT_3D ( 'NONE', #2429, #2685, #2196 ) ;
#3203 = CARTESIAN_POINT ( 'NONE',  ( 25.60517947633836755, 5.000000000000000000, 35.62244118563819484 ) ) ;
#3204 = CONICAL_SURFACE ( 'NONE', #537, 4.999999999999984013, 0.7853981633974482790 ) ;
#3205 = DIRECTION ( 'NONE',  ( 1.000000000000000000, 3.097720492815727659E-17, 0.000000000000000000 ) ) ;
#3206 = FACE_OUTER_BOUND ( 'NONE', #1765, .T. ) ;
#3207 = CARTESIAN_POINT ( 'NONE',  ( 18.82842712474617031, 0.000000000000000000, -16.13642824126472775 ) ) ;
#3208 = EDGE_CURVE ( 'NONE', #1639, #899, #432, .T. ) ;
#3209 = DIRECTION ( 'NONE',  ( -0.6260287316622777931, -0.000000000000000000, -0.7797999917500126887 ) ) ;
#3210 = EDGE_LOOP ( 'NONE', ( #2380, #2501, #2093, #1526, #1154 ) ) ;
#3211 = VECTOR ( 'NONE', #2779, 1000.000000000000000 ) ;
#3212 = ORIENTED_EDGE ( 'NONE', *, *, #970, .F. ) ;
#3213 = CONICAL_SURFACE ( 'NONE', #2646, 3.999999999999982681, 0.7853981633974543852 ) ;
#3214 = AXIS2_PLACEMENT_3D ( 'NONE', #1093, #871, #1842 ) ;
#3215 = ORIENTED_EDGE ( 'NONE', *, *, #3159, .T. ) ;
#3216 = EDGE_CURVE ( 'NONE', #595, #1937, #1561, .T. ) ;
#3217 = AXIS2_PLACEMENT_3D ( 'NONE', #2059, #846, #1372 ) ;
#3218 = PLANE ( 'NONE',  #1922 ) ;
#3219 = LINE ( 'NONE', #2972, #1141 ) ;
#3220 = CARTESIAN_POINT ( 'NONE',  ( 26.40242928650734200, 9.949747468294097175, 17.51658096971817713 ) ) ;
#3221 = ORIENTED_EDGE ( 'NONE', *, *, #1037, .T. ) ;
#3222 = ADVANCED_FACE ( 'NONE', ( #2939 ), #2917, .F. ) ;
#3223 = ORIENTED_EDGE ( 'NONE', *, *, #3200, .T. ) ;
#3224 = DIRECTION ( 'NONE',  ( 0.000000000000000000, 0.000000000000000000, -1.000000000000000000 ) ) ;
#3225 = DIRECTION ( 'NONE',  ( 1.000000000000000000, 3.097720492815727659E-17, 0.000000000000000000 ) ) ;
#3226 = CARTESIAN_POINT ( 'NONE',  ( -10.99848988597778465, 24.00000000000000000, -49.37755881436179806 ) ) ;
#3227 = VERTEX_POINT ( 'NONE', #938 ) ;
#3228 = ORIENTED_EDGE ( 'NONE', *, *, #10, .F. ) ;
#3229 = DIRECTION ( 'NONE',  ( 0.000000000000000000, 0.000000000000000000, -1.000000000000000000 ) ) ;
#3230 = CARTESIAN_POINT ( 'NONE',  ( 3.478373297732397784, 0.000000000000000000, 39.62244118563819484 ) ) ;
#3231 = VERTEX_POINT ( 'NONE', #1226 ) ;
#3232 = DIRECTION ( 'NONE',  ( -1.000000000000000000, 0.000000000000000000, 2.168404344971008868E-16 ) ) ;
#3233 = DIRECTION ( 'NONE',  ( 0.000000000000000000, -1.000000000000000000, 0.000000000000000000 ) ) ;
#3234 = ORIENTED_EDGE ( 'NONE', *, *, #2510, .F. ) ;
#3235 = CYLINDRICAL_SURFACE ( 'NONE', #3201, 2.599999999999994760 ) ;
#3236 = ORIENTED_EDGE ( 'NONE', *, *, #2971, .F. ) ;
#3237 = EDGE_CURVE ( 'NONE', #640, #1847, #1412, .T. ) ;
#3238 = DIRECTION ( 'NONE',  ( 0.5000000000000022204, -0.7071067811865456854, -0.5000000000000003331 ) ) ;
#3239 = EDGE_CURVE ( 'NONE', #616, #2326, #3139, .T. ) ;
#3240 = CARTESIAN_POINT ( 'NONE',  ( 38.30000000000000426, 7.328128611901914446, -12.16552124188084250 ) ) ;
#3241 = EDGE_LOOP ( 'NONE', ( #2108, #719, #2213, #755 ) ) ;
#3242 = LINE ( 'NONE', #807, #2864 ) ;
#3243 = CARTESIAN_POINT ( 'NONE',  ( 28.94072276460702042, 0.000000000000000000, 37.83018912688643809 ) ) ;
#3244 = ORIENTED_EDGE ( 'NONE', *, *, #1365, .T. ) ;
ENDSEC;
END-ISO-10303-21;
