ISO-10303-21;
HEADER;
FILE_DESCRIPTION (( 'STEP AP214' ),
    '1' );
FILE_NAME ('Gripper Link.STEP',
    '2026-08-26T09:44:18',
    ( '' ),
    ( '' ),
    'SwSTEP 2.0',
    'SolidWorks 2025',
    '' );
FILE_SCHEMA (( 'AUTOMOTIVE_DESIGN' ));
ENDSEC;

DATA;
#1 = CARTESIAN_POINT ( 'NONE',  ( -11.00000000000000000, -4.000000000000000000, 0.000000000000000000 ) ) ;
#2 = CARTESIAN_POINT ( 'NONE',  ( 47.54868091197688784, -2.181949897714385855, 1.425403953076670005 ) ) ;
#3 = CARTESIAN_POINT ( 'NONE',  ( 51.68050165467711565, 0.4797003165613549780, 1.694065894508600678E-18 ) ) ;
#4 =( GEOMETRIC_REPRESENTATION_CONTEXT ( 3 ) GLOBAL_UNCERTAINTY_ASSIGNED_CONTEXT ( ( #1544 ) ) GLOBAL_UNIT_ASSIGNED_CONTEXT ( ( #1616, #246, #751 ) ) REPRESENTATION_CONTEXT ( 'NONE', 'WORKASPACE' ) );
#5 = CARTESIAN_POINT ( 'NONE',  ( -11.00000000000000000, 0.000000000000000000, 3.499999999999999556 ) ) ;
#6 = CARTESIAN_POINT ( 'NONE',  ( 57.93451915547225184, 10.35696478510772778, 3.147102921410472653 ) ) ;
#7 = CARTESIAN_POINT ( 'NONE',  ( 21.97454613307063198, -2.750215406506121063, 5.499999999999990230 ) ) ;
#8 = CARTESIAN_POINT ( 'NONE',  ( 57.66072807038219850, 3.991375052987086391, 1.694065894508600678E-18 ) ) ;
#9 = ORIENTED_EDGE ( 'NONE', *, *, #1715, .T. ) ;
#10 = DIRECTION ( 'NONE',  ( 1.000000000000000000, 0.000000000000000000, 0.000000000000000000 ) ) ;
#11 = EDGE_CURVE ( 'NONE', #138, #2655, #1249, .T. ) ;
#12 = CARTESIAN_POINT ( 'NONE',  ( 46.99999999999999289, -2.500000000000009326, 1.999999995368193062 ) ) ;
#13 = CARTESIAN_POINT ( 'NONE',  ( 31.93618468898440454, 4.033400922344286599, -1.040834085586084257E-14 ) ) ;
#14 = CARTESIAN_POINT ( 'NONE',  ( 40.23093576803949389, 3.178706748532674098, 7.499999999999998224 ) ) ;
#15 = CARTESIAN_POINT ( 'NONE',  ( 51.49669884925700103, 0.1065705909121320016, 0.000000000000000000 ) ) ;
#16 = CARTESIAN_POINT ( 'NONE',  ( 47.82726757126823713, -1.650828068614964783, 0.8303602832596392869 ) ) ;
#17 = CARTESIAN_POINT ( 'NONE',  ( 51.50515054875051391, 0.1219402032686031923, 1.694065894508600678E-18 ) ) ;
#18 = B_SPLINE_CURVE_WITH_KNOTS ( 'NONE', 3,
 ( #321, #1400, #1605, #2081, #477, #1385, #755, #110, #1187, #987 ),
 .UNSPECIFIED., .F., .F.,
 ( 4, 2, 2, 2, 4 ),
 ( 0.000000000000000000, 0.03165299437826657458, 0.04747949156739987575, 0.05539274016196651940, 0.06330598875653317692 ),
 .UNSPECIFIED. ) ;
#19 = CARTESIAN_POINT ( 'NONE',  ( 53.91189573456975381, 1.907286505536984755, 7.500000000000001776 ) ) ;
#20 = CARTESIAN_POINT ( 'NONE',  ( 20.38944966238312873, -4.190871780411389302, 5.499999999999991118 ) ) ;
#21 = ORIENTED_EDGE ( 'NONE', *, *, #1101, .F. ) ;
#22 = CARTESIAN_POINT ( 'NONE',  ( 37.61696276780949688, 6.143321045213438580, 7.500000000000005329 ) ) ;
#23 = CARTESIAN_POINT ( 'NONE',  ( 23.06403748296169098, 0.5994800730591627325, -1.040834085586084572E-14 ) ) ;
#24 = CARTESIAN_POINT ( 'NONE',  ( 48.91455218096427160, -1.387803190444860668, 7.500000000000001776 ) ) ;
#25 = CARTESIAN_POINT ( 'NONE',  ( 47.54868091197688784, -2.181949897714385855, 10.00000000000000000 ) ) ;
#26 = CARTESIAN_POINT ( 'NONE',  ( 12.90529714691014007, -22.26344263691053982, 7.500000000000000000 ) ) ;
#27 = CARTESIAN_POINT ( 'NONE',  ( 47.79249385341070422, -0.6142967846870595050, 7.499999999999996447 ) ) ;
#28 = DIRECTION ( 'NONE',  ( -1.000000000000000000, 0.000000000000000000, -0.000000000000000000 ) ) ;
#29 = ORIENTED_EDGE ( 'NONE', *, *, #1448, .F. ) ;
#30 = CARTESIAN_POINT ( 'NONE',  ( 49.58480766926960825, -0.9263660534378777012, 7.500000000000001776 ) ) ;
#31 = CARTESIAN_POINT ( 'NONE',  ( 17.00746868458325878, -4.657376735082740637, -1.040834085586084257E-14 ) ) ;
#32 = DIRECTION ( 'NONE',  ( -0.000000000000000000, 0.000000000000000000, 1.000000000000000000 ) ) ;
#33 = CARTESIAN_POINT ( 'NONE',  ( 0.06828354779421899612, 5.552439994115419886, 7.145123674102318745 ) ) ;
#34 = CARTESIAN_POINT ( 'NONE',  ( 0.1066311230112783198, 4.458703563787189239, 0.02828660875067096764 ) ) ;
#35 = CARTESIAN_POINT ( 'NONE',  ( 48.51174043580656559, -1.359057714279484186, 0.1997102452472773182 ) ) ;
#36 = ADVANCED_FACE ( 'NONE', ( #547 ), #2484, .T. ) ;
#37 = ORIENTED_EDGE ( 'NONE', *, *, #1089, .T. ) ;
#38 = FACE_OUTER_BOUND ( 'NONE', #1793, .T. ) ;
#39 = VECTOR ( 'NONE', #160, 1000.000000000000000 ) ;
#40 = CARTESIAN_POINT ( 'NONE',  ( 52.49859665094471950, 0.8610578976211872293, 1.694065894508600678E-18 ) ) ;
#41 = ORIENTED_EDGE ( 'NONE', *, *, #2414, .T. ) ;
#42 = CARTESIAN_POINT ( 'NONE',  ( 53.75481434115569357, 10.24629816254003245, 7.499999999997656097 ) ) ;
#43 = CARTESIAN_POINT ( 'NONE',  ( 45.63363374570472075, -1.592784904143522917, 1.999999999999992673 ) ) ;
#44 = VECTOR ( 'NONE', #594, 1000.000000000000000 ) ;
#45 = CARTESIAN_POINT ( 'NONE',  ( 18.46189905198503567, -3.266772103176952324, 7.499999999999999112 ) ) ;
#46 = CARTESIAN_POINT ( 'NONE',  ( 54.68333472920147642, 1.953745962604017450, 7.500000000000003553 ) ) ;
#47 = CARTESIAN_POINT ( 'NONE',  ( 49.52347637791854140, -1.037233749902825908, 7.500000000000000000 ) ) ;
#48 = CARTESIAN_POINT ( 'NONE',  ( 48.30705154282192382, -1.357840701345863543, 0.3157212291202092236 ) ) ;
#49 = ORIENTED_EDGE ( 'NONE', *, *, #2814, .T. ) ;
#50 = CARTESIAN_POINT ( 'NONE',  ( 49.65097839095260213, -0.7837615194178972899, 7.500000000000001776 ) ) ;
#51 = EDGE_CURVE ( 'NONE', #2691, #699, #1786, .T. ) ;
#52 = VERTEX_POINT ( 'NONE', #1325 ) ;
#53 = CARTESIAN_POINT ( 'NONE',  ( 51.73767796014843867, 0.5769291563467641160, 7.500000000000001776 ) ) ;
#54 = CARTESIAN_POINT ( 'NONE',  ( 41.01341141818834757, 0.7810363144952020553, 2.000000000000000888 ) ) ;
#55 = CARTESIAN_POINT ( 'NONE',  ( 16.28415073229442456, -5.348952844422604436, 7.500000000000000000 ) ) ;
#56 = CARTESIAN_POINT ( 'NONE',  ( 54.11638779195315152, 1.975067262956197167, 7.500000000000003553 ) ) ;
#57 = CARTESIAN_POINT ( 'NONE',  ( 34.17632529081553372, 4.164640465299561889, -0.000000000000000000 ) ) ;
#58 = SURFACE_SIDE_STYLE ('',( #1411 ) ) ;
#59 = CARTESIAN_POINT ( 'NONE',  ( 22.40603333189086399, -2.390211584179100957, 5.499999999999992006 ) ) ;
#60 =( BOUNDED_SURFACE ( )  B_SPLINE_SURFACE ( 3, 2, ( 
 ( #2214, #2206, #232 ),
 ( #2419, #1103, #1320 ),
 ( #444, #459, #1533 ),
 ( #2631, #42, #2668 ),
 ( #1113, #1558, #1989 ),
 ( #1569, #240, #468 ),
 ( #1977, #868, #22 ),
 ( #223, #1748, #2406 ),
 ( #893, #651, #1123 ),
 ( #1135, #2433, #1581 ),
 ( #2457, #1783, #479 ),
 ( #431, #2192, #916 ) ),
 .UNSPECIFIED., .F., .F., .F. ) 
 B_SPLINE_SURFACE_WITH_KNOTS ( ( 4, 2, 2, 2, 2, 4 ),
 ( 3, 3 ),
 ( 0.05158476740568915253, 0.05971522481910290781, 0.06784568223251666308, 0.08410659705934417363, 0.1003675118861716842, 0.1166284267129992086 ),
 ( 0.000000000000000000, 1.000000000000000000 ),
 .UNSPECIFIED. ) 
 GEOMETRIC_REPRESENTATION_ITEM ( )  RATIONAL_B_SPLINE_SURFACE ( (
 ( 1.000000000000000000, 0.7071067811865473507, 1.000000000000000000),
 ( 1.000000000000000000, 0.7071067811865473507, 1.000000000000000000),
 ( 1.000000000000000000, 0.7071067811865472397, 1.000000000000000000),
 ( 1.000000000000000000, 0.7071067811865472397, 1.000000000000000000),
 ( 1.000000000000000000, 0.7071067811865473507, 1.000000000000000000),
 ( 1.000000000000000000, 0.7071067811865473507, 1.000000000000000000),
 ( 1.000000000000000000, 0.7071067811865472397, 1.000000000000000000),
 ( 1.000000000000000000, 0.7071067811865472397, 1.000000000000000000),
 ( 1.000000000000000000, 0.7071067811865473507, 1.000000000000000000),
 ( 1.000000000000000000, 0.7071067811865473507, 1.000000000000000000),
 ( 1.000000000000000000, 0.7071067811865473507, 1.000000000000000000),
 ( 1.000000000000000000, 0.7071067811865473507, 1.000000000000000000) ) ) 
 REPRESENTATION_ITEM ( '' )  SURFACE ( )  );
#61 = EDGE_LOOP ( 'NONE', ( #2274, #300, #1951, #1445 ) ) ;
#62 = CARTESIAN_POINT ( 'NONE',  ( 63.90596297723773489, 7.543069973299255437, 0.03597477604678799012 ) ) ;
#63 = LINE ( 'NONE', #728, #2529 ) ;
#64 = CARTESIAN_POINT ( 'NONE',  ( 57.82321156084100977, 4.132594852548482578, 7.500000000000001776 ) ) ;
#65 = ORIENTED_EDGE ( 'NONE', *, *, #1537, .T. ) ;
#66 = DIRECTION ( 'NONE',  ( -0.8651576445943247595, -0.5015000000000000568, 0.000000000000000000 ) ) ;
#67 = EDGE_CURVE ( 'NONE', #2772, #2788, #2423, .T. ) ;
#68 = CARTESIAN_POINT ( 'NONE',  ( 19.28596500430179006, -2.479000813227590250, -0.000000000000000000 ) ) ;
#69 = CARTESIAN_POINT ( 'NONE',  ( 47.38498042854720183, -2.768184589907300097, 2.000000000000002220 ) ) ;
#70 = CARTESIAN_POINT ( 'NONE',  ( 55.93035744059588410, 3.050292550453958640, 1.694065894508600678E-18 ) ) ;
#71 = DIRECTION ( 'NONE',  ( -0.000000000000000000, -0.000000000000000000, -1.000000000000000000 ) ) ;
#72 = CARTESIAN_POINT ( 'NONE',  ( 48.01799514612613251, -0.7720931099805835585, -0.000000000000000000 ) ) ;
#73 = CARTESIAN_POINT ( 'NONE',  ( 48.51570964819716636, -1.359321708674251283, 0.1976577188623852288 ) ) ;
#74 = CARTESIAN_POINT ( 'NONE',  ( 56.07204570508877595, 3.087721436461946745, 1.387778780781445676E-14 ) ) ;
#75 = CARTESIAN_POINT ( 'NONE',  ( 31.47253436847787000, 1.946151043382562840, 5.499999999999991118 ) ) ;
#76 = VERTEX_POINT ( 'NONE', #2185 ) ;
#77 = CARTESIAN_POINT ( 'NONE',  ( 63.39446395185321848, 7.116098418571948692, 1.445355845371056938E-15 ) ) ;
#78 = DIRECTION ( 'NONE',  ( 0.8651576445943247595, 0.5015000000000000568, 0.000000000000000000 ) ) ;
#79 = CARTESIAN_POINT ( 'NONE',  ( 62.03356908912516587, 6.434844281951912492, 1.694065894508600678E-18 ) ) ;
#80 = EDGE_LOOP ( 'NONE', ( #337, #687, #488, #1720 ) ) ;
#81 = CARTESIAN_POINT ( 'NONE',  ( 51.84545819436488046, 0.7103330036140693693, 0.000000000000000000 ) ) ;
#82 = CIRCLE ( 'NONE', #307, 1.749999999999999778 ) ;
#83 = LINE ( 'NONE', #1840, #2207 ) ;
#84 = ADVANCED_FACE ( 'NONE', ( #1083 ), #1153, .F. ) ;
#85 = CARTESIAN_POINT ( 'NONE',  ( 16.28415073229442456, -5.348952844422602659, -1.040834085586084414E-14 ) ) ;
#86 = CARTESIAN_POINT ( 'NONE',  ( 0.1227137631487347919, 4.000000000000000000, 7.500000000000000000 ) ) ;
#87 = CARTESIAN_POINT ( 'NONE',  ( 53.63615956781273297, 1.592354490067102502, -5.204170427930421283E-15 ) ) ;
#88 = CARTESIAN_POINT ( 'NONE',  ( 63.31957297789816863, 6.959855155474400590, 7.500000000000001776 ) ) ;
#89 = CARTESIAN_POINT ( 'NONE',  ( 37.69687182655934521, 3.822326770873773150, -0.000000000000000000 ) ) ;
#90 = EDGE_CURVE ( 'NONE', #1371, #385, #701, .T. ) ;
#91 = CARTESIAN_POINT ( 'NONE',  ( 48.03437694692245685, -0.7833877769030800353, 7.500000000000019540 ) ) ;
#92 = ORIENTED_EDGE ( 'NONE', *, *, #2587, .F. ) ;
#93 = CARTESIAN_POINT ( 'NONE',  ( 57.88601535373151563, 4.162946723959705331, 7.500000000000001776 ) ) ;
#94 = CARTESIAN_POINT ( 'NONE',  ( 16.87379206896452644, -4.978084844552439492, 0.1394229559793803974 ) ) ;
#95 = DIRECTION ( 'NONE',  ( -0.8651576445943247595, -0.5015000000000000568, 0.000000000000000000 ) ) ;
#96 = CARTESIAN_POINT ( 'NONE',  ( 57.45060110173012191, 3.617268597922404183, 7.500000000000001776 ) ) ;
#97 = ORIENTED_EDGE ( 'NONE', *, *, #1715, .F. ) ;
#98 = CARTESIAN_POINT ( 'NONE',  ( 52.49859665094471950, 0.8610578976211872293, 7.500000000000001776 ) ) ;
#99 = CARTESIAN_POINT ( 'NONE',  ( 56.27955380535959762, 3.096452157381810899, 7.500000000000013323 ) ) ;
#100 = CARTESIAN_POINT ( 'NONE',  ( 47.18289361034690899, -2.393983314876706903, 1.808467981271021596 ) ) ;
#101 = CARTESIAN_POINT ( 'NONE',  ( 33.24880560225938098, 2.138409895339761224, 2.000000000000000888 ) ) ;
#102 = CARTESIAN_POINT ( 'NONE',  ( 55.45657225263261836, 2.425095039114854245, 1.387778780781445676E-14 ) ) ;
#103 = CARTESIAN_POINT ( 'NONE',  ( 57.90515320448418635, 10.37000000000000455, 4.000000000000003553 ) ) ;
#104 = CARTESIAN_POINT ( 'NONE',  ( 48.47353196176307222, -1.356739962438220370, 7.280338353537655571 ) ) ;
#105 = CARTESIAN_POINT ( 'NONE',  ( 45.37243213795776597, 0.8940482121184153419, -0.000000000000000000 ) ) ;
#106 = CARTESIAN_POINT ( 'NONE',  ( 48.06528082977290950, -0.8047914463101785154, -2.651737763422703367E-15 ) ) ;
#107 = CARTESIAN_POINT ( 'NONE',  ( 17.66628995491681309, -6.794529258621747836, 5.499999999999992006 ) ) ;
#108 = VERTEX_POINT ( 'NONE', #2040 ) ;
#109 = CARTESIAN_POINT ( 'NONE',  ( 58.53033836451977834, 4.183712212063008806, -2.602085213965210642E-15 ) ) ;
#110 = CARTESIAN_POINT ( 'NONE',  ( 58.07785565659999349, 6.876006927477739339, 4.770489558936218721E-15 ) ) ;
#111 = CARTESIAN_POINT ( 'NONE',  ( 12.90529714691014007, -22.26344263691053982, 0.000000000000000000 ) ) ;
#112 = DIRECTION ( 'NONE',  ( 1.000000000000000000, 0.000000000000000000, 0.000000000000000000 ) ) ;
#113 = EDGE_LOOP ( 'NONE', ( #2331, #1493, #2798, #222 ) ) ;
#114 = CARTESIAN_POINT ( 'NONE',  ( 52.74882025011773123, 0.8398577733376317855, 7.500000000000001776 ) ) ;
#115 = B_SPLINE_SURFACE_WITH_KNOTS ( 'NONE', 1, 3, ( 
 ( #1286, #576, #2117, #145, #2388, #401, #1058, #1474, #1227, #130, #842, #2603, #193, #390, #1490, #2807, #826, #855, #591, #1009, #1921, #1936, #1907, #633, #2834, #162, #2789, #609, #813, #1687, #2573, #2590, #375, #2161, #177, #1950, #2363, #1259, #2821, #622, #2133, #1505, #1075, #1731, #1889, #2773, #795, #1673, #938, #1169, #1770, #1100, #230, #891, #2428, #2258, #2654, #454, #1318, #878, #2479, #1617, #1974, #737, #648, #282, #1759, #2029, #1815, #75, #2242, #220, #674, #1090, #2178, #1602, #1556, #2629, #502, #2043, #1369, #1832, #1744, #267, #2642, #662, #59, #7, #1531, #2403, #1156, #2417, #415, #2699, #725, #2202, #1382, #2715, #1302, #208, #952, #1962, #2845, #2189, #866, #429, #1543, #442, #1331, #1111, #1985, #20, #2797, #569, #583, #318, #1397, #2566, #1664, #2547, #2273, #1036, #1451, #752, #107, #1898, #2078 ),
 ( #1465, #2781, #984, #1915, #2340, #2511, #2530, #2108, #2059, #299, #804, #1680, #821, #1203, #2495, #2730, #368, #1865, #1235, #1019, #2126, #2325, #2292, #1000, #1184, #91, #1253, #1881, #1847, #154, #518, #350, #969, #1632, #2765, #2748, #768, #137, #1649, #532, #1412, #787, #552, #1434, #2309, #336, #1219, #2093, #122, #14, #600, #2395, #2410, #1738, #616, #434, #1483, #1499, #2852, #1323, #2184, #226, #656, #1981, #2623, #2636, #2371, #2357, #1754, #861, #640, #383, #1106, #1526, #2813, #2155, #1095, #1281, #422, #1268, #2142, #1310, #1536, #1968, #186, #1695, #2197, #1711, #1725, #214, #171, #1052, #872, #2581, #409, #1296, #1929, #1065, #835, #1512, #2597, #397, #1944, #2827, #629, #849, #1082, #2610, #2383, #2171, #200, #1956, #2840, #1798, #1595, #2226, #2002, #45, #691, #1345, #679, #1151, #704, #235, #55, #2253, #2435 ) ),
 .UNSPECIFIED., .F., .F., .F.,
 ( 2, 2 ),
 ( 4, 2, 2, 2, 2, 2, 2, 2, 2, 2, 2, 2, 2, 2, 2, 2, 2, 2, 2, 2, 2, 2, 2, 2, 2, 2, 2, 2, 2, 2, 2, 2, 2, 2, 2, 2, 2, 2, 2, 2, 2, 2, 2, 2, 2, 2, 2, 2, 2, 2, 2, 2, 2, 2, 2, 2, 2, 2, 2, 2, 2, 3, 4 ),
 ( 0.000000000000000000, 1.000000000000000000 ),
 ( 0.004630763896235984278, 0.005838107151915626278, 0.006441778779755447278, 0.006743614593675357344, 0.006894532500635312811, 0.007045450407595268277, 0.007120909361075246011, 0.007196368314555223744, 0.007271827268035201478, 0.007309556744775190344, 0.007347286221515179211, 0.007385015698255168078, 0.007422745174995156944, 0.007498204128475134678, 0.007649122035435089277, 0.007950957849354999343, 0.008252793663274910277, 0.008856465291114730409, 0.009460136918954552276, 0.01066748017463419428, 0.01187482343031383628, 0.01308216668599348001, 0.01428950994167312201, 0.01549685319735276401, 0.01610052482519258588, 0.01670419645303240774, 0.01791153970871205148, 0.01911888296439169174, 0.02032622622007133201, 0.02153356947575097574, 0.02213724110359079761, 0.02274091273143061948, 0.02334458435927044134, 0.02394825598711025974, 0.02515559924278990001, 0.02636294249846954374, 0.02757028575414918747, 0.02877762900982883121, 0.02998497226550847494, 0.03119231552118811521, 0.03239965877686775547, 0.03360700203254739921, 0.03602168854390667974, 0.03722903179958632347, 0.03783270342742614534, 0.03843637505526596720, 0.03873821086918587814, 0.03904004668310578907, 0.03919096459006574107, 0.03934188249702570001, 0.03937961197376568800, 0.03939847671213568547, 0.03941734145050568294, 0.03945507092724567094, 0.03949280040398565894, 0.03964371831094561094, 0.03979463621790556294, 0.03994555412486552187, 0.04024738993878543281, 0.04085106156662525467, 0.04205840482230489841, 0.04326574807798453520, 0.04385324397075093111 ),
 .UNSPECIFIED. ) ;
#116 = CARTESIAN_POINT ( 'NONE',  ( 16.79516417490541258, -5.110180821609426438, 7.319439352458854131 ) ) ;
#117 = CARTESIAN_POINT ( 'NONE',  ( 20.59848795450674075, -3.991006760781964591, 2.000000000000000888 ) ) ;
#118 = CARTESIAN_POINT ( 'NONE',  ( 55.64899378641968752, 2.802237503358260273, 1.694065894508600678E-18 ) ) ;
#119 = CARTESIAN_POINT ( 'NONE',  ( 12.90529714691014007, -22.26344263691053982, -66.74003574944600814 ) ) ;
#120 = CARTESIAN_POINT ( 'NONE',  ( 45.31446826184702559, 0.9268389008720266942, -0.000000000000000000 ) ) ;
#121 = DIRECTION ( 'NONE',  ( -0.8651576445943247595, -0.5015000000000000568, 0.000000000000000000 ) ) ;
#122 = CARTESIAN_POINT ( 'NONE',  ( 40.61410669251191052, 3.053209474894752251, 7.500000000000001776 ) ) ;
#123 = VERTEX_POINT ( 'NONE', #1366 ) ;
#124 = CARTESIAN_POINT ( 'NONE',  ( 57.82321156084100977, 4.132594852548482578, 7.500000000000001776 ) ) ;
#125 = CARTESIAN_POINT ( 'NONE',  ( 55.44010470123712508, 2.392707074450170168, 7.500000000000001776 ) ) ;
#126 = ADVANCED_FACE ( 'NONE', ( #935 ), #1598, .F. ) ;
#127 = CARTESIAN_POINT ( 'NONE',  ( -11.00000000000000000, 7.500000000000000000, 4.000000000000000000 ) ) ;
#128 = CARTESIAN_POINT ( 'NONE',  ( 63.62399635220423733, 7.425578170722133997, 1.734723475976807094E-15 ) ) ;
#129 = ORIENTED_EDGE ( 'NONE', *, *, #2445, .F. ) ;
#130 = CARTESIAN_POINT ( 'NONE',  ( 47.30269682131118003, -2.710864285220741188, 5.499999999999991118 ) ) ;
#131 = CARTESIAN_POINT ( 'NONE',  ( 17.05324720995649557, -4.715444614811823421, 7.426401399633668632 ) ) ;
#132 = CARTESIAN_POINT ( 'NONE',  ( 30.42786428264725274, 1.736890062242083754, 2.000000000000000888 ) ) ;
#133 = CARTESIAN_POINT ( 'NONE',  ( 59.41318330693022176, 4.744686145688608470, 1.694065894508600678E-18 ) ) ;
#134 = AXIS2_PLACEMENT_3D ( 'NONE', #1343, #2670, #2447 ) ;
#135 = CARTESIAN_POINT ( 'NONE',  ( 12.90529714691014007, -22.26344263691053982, 0.000000000000000000 ) ) ;
#136 = CARTESIAN_POINT ( 'NONE',  ( 43.57146857369613713, 1.842954832924414310, -1.040834085586084257E-14 ) ) ;
#137 = CARTESIAN_POINT ( 'NONE',  ( 46.02112855423168725, 0.5183400097679824459, 7.500000000000018652 ) ) ;
#138 = VERTEX_POINT ( 'NONE', #693 ) ;
#139 = CARTESIAN_POINT ( 'NONE',  ( 59.38908699988238027, 4.694370254059799130, 5.204170427930421283E-15 ) ) ;
#140 = CARTESIAN_POINT ( 'NONE',  ( 53.97469952746026678, 1.937638376948209951, 1.694065894508600678E-18 ) ) ;
#141 = CARTESIAN_POINT ( 'NONE',  ( 56.16659534971827838, 3.096881761434667091, 1.387778780781445676E-14 ) ) ;
#142 = CARTESIAN_POINT ( 'NONE',  ( 62.03356908912516587, 6.434844281951912492, 7.500000000000001776 ) ) ;
#143 = CARTESIAN_POINT ( 'NONE',  ( 48.90219450117582767, -1.387664985488608504, 1.694065894508600678E-18 ) ) ;
#144 = ORIENTED_EDGE ( 'NONE', *, *, #312, .T. ) ;
#145 = CARTESIAN_POINT ( 'NONE',  ( 48.04324928643521986, -3.226747027399620382, 5.499999999999990230 ) ) ;
#146 = ADVANCED_FACE ( 'NONE', ( #473 ), #2255, .F. ) ;
#147 = CARTESIAN_POINT ( 'NONE',  ( 16.81653176101862357, -5.073131382519530774, 7.331449794182478108 ) ) ;
#148 = CARTESIAN_POINT ( 'NONE',  ( 20.59395889574618721, -3.995337285682952100, 2.000000000000001776 ) ) ;
#149 = CARTESIAN_POINT ( 'NONE',  ( 42.89388114313940292, 9.865672304652223445, -1.171000532929729439E-12 ) ) ;
#150 = CARTESIAN_POINT ( 'NONE',  ( 61.93901944449565633, 6.425683956979190370, 7.500000000000007994 ) ) ;
#151 = B_SPLINE_CURVE_WITH_KNOTS ( 'NONE', 4,
 ( #825, #792, #2147, #1258, #2160, #1025, #400, #2571, #1285, #589, #2820, #2132, #1472, #1949, #2315, #192, #176, #1701, #1440 ),
 .UNSPECIFIED., .F., .F.,
 ( 5, 1, 1, 1, 1, 1, 1, 1, 1, 1, 1, 1, 1, 1, 1, 5 ),
 ( 0.6835302963296208123, 0.6875077089993353319, 0.6946735361643634477, 0.7018393634039632456, 0.7064208809413202728, 0.7100037877436891076, 0.7135866833704713752, 0.7171695896210923404, 0.7203145486103659234, 0.7238974469801799927, 0.7274803583680178320, 0.7310632533434392455, 0.7356760546024322389, 0.7428418818393400791, 0.7500077089993307800, 0.7531067329309959479 ),
 .UNSPECIFIED. ) ;
#152 = CARTESIAN_POINT ( 'NONE',  ( 48.61966353491710180, -1.367728243143909728, 7.354864414289377095 ) ) ;
#153 = AXIS2_PLACEMENT_3D ( 'NONE', #1668, #1188, #1024 ) ;
#154 = CARTESIAN_POINT ( 'NONE',  ( 47.78657578279377560, -0.6132552590163523609, 7.500000000000045297 ) ) ;
#155 = VECTOR ( 'NONE', #1959, 1000.000000000000000 ) ;
#156 = EDGE_LOOP ( 'NONE', ( #1254, #2316 ) ) ;
#157 = CARTESIAN_POINT ( 'NONE',  ( 57.54747539408398893, 3.817662837078599214, -1.734723475976807094E-15 ) ) ;
#158 = CARTESIAN_POINT ( 'NONE',  ( 55.75677402063612931, 2.935641350625566304, 7.500000000000001776 ) ) ;
#159 = CARTESIAN_POINT ( 'NONE',  ( 61.45879122035523778, 6.042971184090096592, 7.500000000000001776 ) ) ;
#160 = DIRECTION ( 'NONE',  ( 0.000000000000000000, 0.000000000000000000, 1.000000000000000000 ) ) ;
#161 = CARTESIAN_POINT ( 'NONE',  ( 51.56961763193033477, 0.2492550908412721478, 1.694065894508600678E-18 ) ) ;
#162 = CARTESIAN_POINT ( 'NONE',  ( 46.89669152884852110, -2.428280937531130057, 5.500000000000005329 ) ) ;
#163 = CARTESIAN_POINT ( 'NONE',  ( 17.16733730389069734, -4.568689222720660581, 7.453624472605103080 ) ) ;
#164 = CARTESIAN_POINT ( 'NONE',  ( 20.71061612794202844, -3.884166599436836620, 2.000000000000000888 ) ) ;
#165 = VERTEX_POINT ( 'NONE', #1294 ) ;
#166 = CARTESIAN_POINT ( 'NONE',  ( 50.64172945282701477, -0.2610737880105885589, 7.500000000000000888 ) ) ;
#167 = EDGE_CURVE ( 'NONE', #2191, #492, #894, .T. ) ;
#168 = CARTESIAN_POINT ( 'NONE',  ( 64.30315289188649786, 7.530000000000002025, 7.467485643409793816 ) ) ;
#169 = CARTESIAN_POINT ( 'NONE',  ( 47.97043136088574045, -1.484685968512592824, 6.887796272441531364 ) ) ;
#170 = CARTESIAN_POINT ( 'NONE',  ( 12.90529714691014007, -22.26344263691053982, 7.500000000000000000 ) ) ;
#171 = CARTESIAN_POINT ( 'NONE',  ( 20.07506673479253934, -1.751109035837471239, 7.500000000000003553 ) ) ;
#172 = EDGE_LOOP ( 'NONE', ( #2717, #231, #1888, #1426 ) ) ;
#173 = CARTESIAN_POINT ( 'NONE',  ( 60.45443452917086091, 5.299039814926513436, 0.000000000000000000 ) ) ;
#174 = PLANE ( 'NONE',  #2167 ) ;
#175 = CARTESIAN_POINT ( 'NONE',  ( 20.60999999999999588, -3.979999999999999094, 5.499999999999991118 ) ) ;
#176 = CARTESIAN_POINT ( 'NONE',  ( 60.38779690544103573, 5.305013536285306586, 7.500000000000001776 ) ) ;
#177 = CARTESIAN_POINT ( 'NONE',  ( 45.95159695893328688, -1.795630053341725096, 5.499999999999998224 ) ) ;
#178 = CARTESIAN_POINT ( 'NONE',  ( 57.71243193377174663, 4.048295524131314771, 1.694065894508600678E-18 ) ) ;
#179 = CARTESIAN_POINT ( 'NONE',  ( 19.69859523786726285, -4.851408980566655593, 2.000000000000001776 ) ) ;
#180 = ORIENTED_EDGE ( 'NONE', *, *, #2364, .T. ) ;
#181 = CARTESIAN_POINT ( 'NONE',  ( 50.70947549270135113, -0.2673775924194872200, 7.500000000000000888 ) ) ;
#182 = CARTESIAN_POINT ( 'NONE',  ( 61.57204389665345445, 6.216683399998583326, 7.500000000000007994 ) ) ;
#183 = ADVANCED_FACE ( 'NONE', ( #715 ), #1626, .T. ) ;
#184 = CARTESIAN_POINT ( 'NONE',  ( 32.62872531380941865, 7.511299594386027678, 2.000000000000001776 ) ) ;
#185 = CARTESIAN_POINT ( 'NONE',  ( 19.17093385609340572, -2.588852345122872656, -1.040834085586084257E-14 ) ) ;
#186 = CARTESIAN_POINT ( 'NONE',  ( 22.41037890938182997, 0.1423291311991453090, 7.500000000000003553 ) ) ;
#187 = AXIS2_PLACEMENT_3D ( 'NONE', #976, #1211, #480 ) ;
#188 = CARTESIAN_POINT ( 'NONE',  ( 48.15184333395545480, -1.377787265470137967, -5.724587470723463412E-14 ) ) ;
#189 = CARTESIAN_POINT ( 'NONE',  ( 57.45060110141820076, 3.617268597255737017, -1.734723475976807094E-15 ) ) ;
#190 = CARTESIAN_POINT ( 'NONE',  ( 55.80942165714234449, 2.981389364404063880, 7.500000000000001776 ) ) ;
#191 = DIRECTION ( 'NONE',  ( 1.000000000000000000, 0.000000000000000000, 0.000000000000000000 ) ) ;
#192 = CARTESIAN_POINT ( 'NONE',  ( 60.30092430788193525, 5.313245521488872747, 7.500000000000001776 ) ) ;
#193 = CARTESIAN_POINT ( 'NONE',  ( 47.17927141045718287, -2.624883828190935020, 5.499999999999991118 ) ) ;
#194 = AXIS2_PLACEMENT_3D ( 'NONE', #2705, #289, #539 ) ;
#195 = ORIENTED_EDGE ( 'NONE', *, *, #1066, .T. ) ;
#196 = CARTESIAN_POINT ( 'NONE',  ( 26.78855329749321967, 5.630529157402685669, 5.204170427930421283E-15 ) ) ;
#197 = CARTESIAN_POINT ( 'NONE',  ( 59.38039188502014554, 4.676456879426763358, 7.500000000000000000 ) ) ;
#198 = CARTESIAN_POINT ( 'NONE',  ( 47.95725292921927974, -1.495740542852848076, 6.871193147756529562 ) ) ;
#199 = CARTESIAN_POINT ( 'NONE',  ( 19.33475151679737536, -2.432613830899498453, -1.040834085586084257E-14 ) ) ;
#200 = CARTESIAN_POINT ( 'NONE',  ( 19.08003195813080310, -2.675765134616974628, 7.500000000000001776 ) ) ;
#201 = AXIS2_PLACEMENT_3D ( 'NONE', #1384, #2751, #1850 ) ;
#202 = CARTESIAN_POINT ( 'NONE',  ( 47.56926553716469641, -2.148578077663025443, -5.724587470723463412E-14 ) ) ;
#203 = CARTESIAN_POINT ( 'NONE',  ( 59.61638598351783003, 5.104029226492833970, 5.204170427930421283E-15 ) ) ;
#204 = CARTESIAN_POINT ( 'NONE',  ( 47.99607467582900000, -1.464350304310123585, 0.5808740718717445572 ) ) ;
#205 = CIRCLE ( 'NONE', #743, 1.749999999999999778 ) ;
#206 = CARTESIAN_POINT ( 'NONE',  ( 50.64172945282701477, -0.2610737880105885589, 1.694065894508600678E-18 ) ) ;
#207 = CARTESIAN_POINT ( 'NONE',  ( 53.69333587328406310, 1.689583329852512250, 7.500000000000001776 ) ) ;
#208 = CARTESIAN_POINT ( 'NONE',  ( 20.63343752279527621, -3.957610016616495585, 5.499999999999991118 ) ) ;
#209 = EDGE_LOOP ( 'NONE', ( #836, #1964, #663, #476, #2287, #9 ) ) ;
#210 = FACE_OUTER_BOUND ( 'NONE', #2405, .T. ) ;
#211 = CARTESIAN_POINT ( 'NONE',  ( 62.31887773214733528, 6.419974165840700131, -1.734723475976807094E-15 ) ) ;
#212 = CARTESIAN_POINT ( 'NONE',  ( 48.17339188522350923, -1.380063483708827254, 7.089653819234463583 ) ) ;
#213 = CARTESIAN_POINT ( 'NONE',  ( 24.07630440885900569, 1.235299392400898810, -1.040834085586084099E-14 ) ) ;
#214 = CARTESIAN_POINT ( 'NONE',  ( 20.22582810828610178, -1.617569414068073197, 7.499999999999998224 ) ) ;
#215 = CARTESIAN_POINT ( 'NONE',  ( 47.18289361034691609, -2.393983314876703350, 5.691532018728971742 ) ) ;
#216 = CARTESIAN_POINT ( 'NONE',  ( 24.49245417486233123, 1.517083526626798129, 7.500000000000000000 ) ) ;
#217 = CYLINDRICAL_SURFACE ( 'NONE', #889, 1.749999999999999778 ) ;
#218 = EDGE_CURVE ( 'NONE', #288, #2822, #2681, .T. ) ;
#219 = CARTESIAN_POINT ( 'NONE',  ( 63.03540263618469197, 8.092740059722475010, 0.1539326375729173080 ) ) ;
#220 = CARTESIAN_POINT ( 'NONE',  ( 30.42786428264724918, 1.736890062242082644, 5.499999999999991118 ) ) ;
#221 = APPLICATION_PROTOCOL_DEFINITION ( 'draft international standard', 'automotive_design', 1998, #2218 ) ;
#222 = ORIENTED_EDGE ( 'NONE', *, *, #2795, .T. ) ;
#223 = CARTESIAN_POINT ( 'NONE',  ( 26.60951072627670300, 9.125972751214820988, 4.000000000000003553 ) ) ;
#224 = CARTESIAN_POINT ( 'NONE',  ( 47.91794707421697552, -1.533763461079439727, 6.817517536532072597 ) ) ;
#225 = CARTESIAN_POINT ( 'NONE',  ( 22.41037890938184063, 0.1423291311991498609, -1.040834085586084572E-14 ) ) ;
#226 = CARTESIAN_POINT ( 'NONE',  ( 34.34731112714833046, 4.160889044636850720, 7.499999999999998224 ) ) ;
#227 = CARTESIAN_POINT ( 'NONE',  ( 47.61405722654459538, -2.065159738284843893, 1.292228841943531492 ) ) ;
#228 = VECTOR ( 'NONE', #1979, 1000.000000000000000 ) ;
#229 = CARTESIAN_POINT ( 'NONE',  ( 57.90515320448421477, 10.37000000000000810, 3.322414853044916683 ) ) ;
#230 = CARTESIAN_POINT ( 'NONE',  ( 38.57024043351518827, 1.579897025169325175, 5.499999999999991118 ) ) ;
#231 = ORIENTED_EDGE ( 'NONE', *, *, #2326, .F. ) ;
#232 = CARTESIAN_POINT ( 'NONE',  ( 64.70240499852454263, 7.065398111123152525, 7.500000000000005329 ) ) ;
#233 = EDGE_CURVE ( 'NONE', #1733, #929, #1937, .T. ) ;
#234 = CARTESIAN_POINT ( 'NONE',  ( 29.58425748775967534, 3.589375259376157867, -1.040834085586084257E-14 ) ) ;
#235 = CARTESIAN_POINT ( 'NONE',  ( 16.42569653762254944, -5.213618587845055607, 7.500000000000000000 ) ) ;
#236 = CARTESIAN_POINT ( 'NONE',  ( 48.01569296504663953, -1.440986148119220323, 7.500000000000063949 ) ) ;
#237 = CARTESIAN_POINT ( 'NONE',  ( 41.34386192893890666, 2.931396878239171944, 7.499999999999997335 ) ) ;
#238 = CARTESIAN_POINT ( 'NONE',  ( 58.03832527163892507, 10.31088641931882322, 2.818665279354800379 ) ) ;
#239 = ORIENTED_EDGE ( 'NONE', *, *, #2073, .T. ) ;
#240 = CARTESIAN_POINT ( 'NONE',  ( 42.89388114313940292, 9.865672304652226998, 7.500000000000006217 ) ) ;
#241 = EDGE_CURVE ( 'NONE', #1707, #1577, #1447, .T. ) ;
#242 = CARTESIAN_POINT ( 'NONE',  ( 46.98471983335646485, -2.489358786540961876, 2.000000000000000000 ) ) ;
#243 = CARTESIAN_POINT ( 'NONE',  ( 60.19086963163083936, 5.321760504393306057, 1.694065894508600678E-18 ) ) ;
#244 = CARTESIAN_POINT ( 'NONE',  ( 0.1227137631487347919, 4.000000000000000000, 7.500000000000000000 ) ) ;
#245 = CARTESIAN_POINT ( 'NONE',  ( 47.69335266568295140, -1.900522858379625646, -5.724587470723463412E-14 ) ) ;
#246 =( NAMED_UNIT ( * ) PLANE_ANGLE_UNIT ( ) SI_UNIT ( $, .RADIAN. ) );
#247 = CARTESIAN_POINT ( 'NONE',  ( 51.73767796014843867, 0.5769291563467641160, 1.694065894508600678E-18 ) ) ;
#248 = ORIENTED_EDGE ( 'NONE', *, *, #1220, .T. ) ;
#249 = CARTESIAN_POINT ( 'NONE',  ( 49.96793463604722518, -0.3305328470636912930, -2.602085213965210642E-15 ) ) ;
#250 = CARTESIAN_POINT ( 'NONE',  ( 16.14260492696630322, -5.484287101000145270, -1.040834085586084572E-14 ) ) ;
#251 = DIRECTION ( 'NONE',  ( 0.000000000000000000, 0.000000000000000000, 1.000000000000000000 ) ) ;
#252 = EDGE_CURVE ( 'NONE', #1013, #1672, #1261, .T. ) ;
#253 = CARTESIAN_POINT ( 'NONE',  ( 0.06114860762388615867, 5.755940318410337042, 7.036372203933241032 ) ) ;
#254 = CARTESIAN_POINT ( 'NONE',  ( 47.54868091197688784, -2.181949897714385855, 6.074596046923316450 ) ) ;
#255 = CARTESIAN_POINT ( 'NONE',  ( 48.61930334161814926, -1.367704742581709931, 0.1453341083543473189 ) ) ;
#256 = EDGE_CURVE ( 'NONE', #1681, #1473, #2135, .T. ) ;
#257 = ORIENTED_EDGE ( 'NONE', *, *, #1114, .T. ) ;
#258 = CARTESIAN_POINT ( 'NONE',  ( 49.53751539402276194, -1.013005906325497252, 7.500000000000001776 ) ) ;
#259 = CARTESIAN_POINT ( 'NONE',  ( 61.51596752582656080, 6.140200023875503454, 1.694065894508600678E-18 ) ) ;
#260 = VERTEX_POINT ( 'NONE', #2282 ) ;
#261 = DIRECTION ( 'NONE',  ( 0.000000000000000000, -0.000000000000000000, -1.000000000000000000 ) ) ;
#262 = CARTESIAN_POINT ( 'NONE',  ( 42.03259519803330591, 0.3526233580328895223, 2.000000000000000888 ) ) ;
#263 = DIRECTION ( 'NONE',  ( -0.000000000000000000, -0.000000000000000000, -1.000000000000000000 ) ) ;
#264 = CARTESIAN_POINT ( 'NONE',  ( 53.85376374400671295, 1.868735190898315635, -5.204170427930421283E-15 ) ) ;
#265 = CARTESIAN_POINT ( 'NONE',  ( 43.58915272933942475, 1.849451193315543085, -0.000000000000000000 ) ) ;
#266 = CARTESIAN_POINT ( 'NONE',  ( 48.58326859219489080, -1.364528076797098866, 0.1633476797589302476 ) ) ;
#267 = CARTESIAN_POINT ( 'NONE',  ( 24.18379557384185929, -1.058985622126013215, 5.499999999999992006 ) ) ;
#268 = AXIS2_PLACEMENT_3D ( 'NONE', #278, #32, #1561 ) ;
#269 = ORIENTED_EDGE ( 'NONE', *, *, #1696, .T. ) ;
#270 = CARTESIAN_POINT ( 'NONE',  ( 16.94407053838948229, -4.868836472150436911, 0.1090213672794065475 ) ) ;
#271 = ADVANCED_FACE ( 'NONE', ( #541 ), #2301, .F. ) ;
#272 = CARTESIAN_POINT ( 'NONE',  ( 61.73452738711225152, 6.357903199559977736, 1.694065894508600678E-18 ) ) ;
#273 = ORIENTED_EDGE ( 'NONE', *, *, #2032, .T. ) ;
#274 = CARTESIAN_POINT ( 'NONE',  ( 51.50515053000849974, 0.1219401680764363866, -8.673617379884035472E-16 ) ) ;
#275 = CARTESIAN_POINT ( 'NONE',  ( 18.73495731393825636, -3.005696638608221782, -0.000000000000000000 ) ) ;
#276 = CARTESIAN_POINT ( 'NONE',  ( 48.86608535879526016, -3.799950074265057154, 2.000000000000000000 ) ) ;
#277 = CARTESIAN_POINT ( 'NONE',  ( 55.86755364770538534, 3.019940679042733667, 1.387778780781445676E-14 ) ) ;
#278 = CARTESIAN_POINT ( 'NONE',  ( -11.00000000000000000, 0.000000000000000000, 4.000000000000000000 ) ) ;
#279 = CARTESIAN_POINT ( 'NONE',  ( 53.85376374400671295, 1.868735190898315635, 7.500000000000003553 ) ) ;
#280 = CARTESIAN_POINT ( 'NONE',  ( 48.00570943469950436, -0.7635888459037616371, -0.000000000000000000 ) ) ;
#281 = CARTESIAN_POINT ( 'NONE',  ( 63.62858907189617241, 7.438809668061169944, 7.476814360500920742 ) ) ;
#282 = CARTESIAN_POINT ( 'NONE',  ( 33.24880560225937387, 2.138409895339762556, 5.499999999999991118 ) ) ;
#283 = ORIENTED_EDGE ( 'NONE', *, *, #252, .F. ) ;
#284 = CARTESIAN_POINT ( 'NONE',  ( 63.62727429458438166, 7.437929321300243757, 0.02308297903286028394 ) ) ;
#285 = CARTESIAN_POINT ( 'NONE',  ( 17.41236348987357374, -4.286141409089377241, 0.01147923225458732238 ) ) ;
#286 = EDGE_CURVE ( 'NONE', #2191, #1340, #2622, .T. ) ;
#287 = DIRECTION ( 'NONE',  ( 1.000000000000000000, 0.000000000000000000, 0.000000000000000000 ) ) ;
#288 = VERTEX_POINT ( 'NONE', #2008 ) ;
#289 = DIRECTION ( 'NONE',  ( -0.5015000000000000568, 0.8651576445943247595, 0.000000000000000000 ) ) ;
#290 = B_SPLINE_SURFACE_WITH_KNOTS ( 'NONE', 1, 3, ( 
 ( #2580, #582, #598, #1267, #2339, #1450, #615, #2125, #366, #1234, #1914, #834, #2291, #1202, #2796, #1051, #820, #999, #2812, #2077, #1880, #1482, #2596, #1694, #106, #2141, #983, #2356, #382, #2764, #1864, #2747, #767, #2308, #335, #786, #1663, #2546, #568, #2324, #349, #2107, #136, #1018, #1897, #2780, #1081, #2421, #895, #446, #1511, #1525, #847, #2826, #628, #1774, #2647, #1322, #2382, #2621, #1724, #2370, #1980, #1334, #655, #1752, #1498, #639, #13, #1955, #2196, #1967, #234, #1535, #2394, #1550, #2657, #396, #408, #860, #1737, #421, #213, #23, #225, #1295, #1309, #884, #2183, #1280, #1094, #2170, #2409, #2609, #1105, #1991, #433, #199, #1764, #666, #2208, #2851, #2839, #871, #2635, #1115, #2154, #185, #1064, #1943, #1150, #905, #678, #1610, #703, #1560, #1163, #1177, #2473, #495, #2051, #31, #1378, #2251, #85, #250, #2683 ),
 ( #1841, #276, #2694, #2461, #2036, #962, #2434, #461, #69, #1391, #719, #2448, #2266, #1344, #469, #1826, #293, #946, #2216, #2490, #242, #1593, #512, #1353, #1124, #734, #2708, #2001, #1784, #2671, #690, #1571, #1136, #2225, #2011, #43, #918, #1796, #1809, #1582, #481, #1363, #2237, #262, #2023, #54, #932, #2284, #592, #2506, #2790, #2559, #798, #1425, #562, #2303, #1892, #577, #1229, #2334, #2103, #977, #748, #328, #2726, #101, #1628, #310, #2740, #1643, #528, #132, #2070, #1460, #2541, #1477, #2523, #1689, #994, #2575, #1874, #361, #1444, #2758, #377, #1407, #2352, #1245, #1012, #1195, #781, #1659, #2319, #815, #1857, #762, #543, #164, #1029, #2120, #1212, #344, #2088, #117, #148, #1262, #2776, #1675, #1908, #2136, #1044, #1706, #392, #1491, #2149, #2365, #2591, #1275, #179, #1922, #611, #2808, #828, #1799, #484, #295, #2475 ) ),
 .UNSPECIFIED., .F., .F., .F.,
 ( 2, 2 ),
 ( 4, 2, 2, 2, 2, 2, 2, 2, 2, 2, 2, 2, 2, 2, 2, 2, 2, 2, 2, 2, 2, 2, 2, 2, 2, 2, 2, 2, 2, 2, 2, 2, 2, 2, 2, 2, 2, 2, 2, 2, 2, 2, 2, 2, 2, 2, 2, 2, 2, 2, 2, 2, 2, 2, 2, 2, 2, 2, 2, 2, 2, 3, 4 ),
 ( 0.000000000000000000, 1.000000000000000000 ),
 ( 0.004630763896235983411, 0.005838107151915626278, 0.006441778779755448145, 0.006743614593675359078, 0.006894532500635314545, 0.007045450407595270012, 0.007120909361075247745, 0.007196368314555225479, 0.007271827268035203212, 0.007309556744775192079, 0.007347286221515180946, 0.007385015698255169812, 0.007422745174995158679, 0.007498204128475136412, 0.007649122035435091012, 0.007950957849355001078, 0.008252793663274912012, 0.008856465291114733879, 0.009460136918954555746, 0.01066748017463419948, 0.01187482343031384148, 0.01308216668599348348, 0.01428950994167312721, 0.01549685319735277095, 0.01610052482519259281, 0.01670419645303241468, 0.01791153970871205842, 0.01911888296439169868, 0.02032622622007133895, 0.02153356947575098268, 0.02213724110359080455, 0.02274091273143062641, 0.02334458435927044828, 0.02394825598711027015, 0.02515559924278991388, 0.02636294249846955762, 0.02757028575414920135, 0.02877762900982884162, 0.02998497226550848188, 0.03119231552118812562, 0.03239965877686776935, 0.03360700203254741308, 0.03602168854390669361, 0.03722903179958633735, 0.03783270342742615922, 0.03843637505526598108, 0.03873821086918589202, 0.03904004668310580295, 0.03919096459006575495, 0.03934188249702571388, 0.03937961197376570188, 0.03939847671213569935, 0.03941734145050569682, 0.03945507092724568482, 0.03949280040398567282, 0.03964371831094562482, 0.03979463621790557681, 0.03994555412486553575, 0.04024738993878544668, 0.04085106156662526855, 0.04205840482230491228, 0.04326574807798455602, 0.04385324397075086866 ),
 .UNSPECIFIED. ) ;
#291 = CARTESIAN_POINT ( 'NONE',  ( 56.40548425882423089, 3.086708858006207201, 7.500000000000013323 ) ) ;
#292 = CARTESIAN_POINT ( 'NONE',  ( 24.50252784102291770, 1.483257330089303494, 0.000000000000000000 ) ) ;
#293 = CARTESIAN_POINT ( 'NONE',  ( 47.05588743294273257, -2.538931243963759687, 1.999999999999999556 ) ) ;
#294 = CARTESIAN_POINT ( 'NONE',  ( 58.40029011178564389, 10.15021430361978716, 5.265510403366957526 ) ) ;
#295 = CARTESIAN_POINT ( 'NONE',  ( 17.52474414958869531, -6.929863515199289559, 2.000000000000001776 ) ) ;
#296 = CARTESIAN_POINT ( 'NONE',  ( 28.77744821283307886, 3.358481133536566521, -0.000000000000000000 ) ) ;
#297 = CARTESIAN_POINT ( 'NONE',  ( 48.77167874496042543, -1.381127954521243373, 0.06923801577060793855 ) ) ;
#298 = CARTESIAN_POINT ( 'NONE',  ( 55.99655832602603311, 3.072249933834727109, 1.387778780781445676E-14 ) ) ;
#299 = CARTESIAN_POINT ( 'NONE',  ( 48.44589449743587295, -1.069797841318127718, 7.499999999999998224 ) ) ;
#300 = ORIENTED_EDGE ( 'NONE', *, *, #11, .T. ) ;
#301 = CARTESIAN_POINT ( 'NONE',  ( 57.71243193377174663, 4.048295524131314771, 7.500000000000001776 ) ) ;
#302 = DIRECTION ( 'NONE',  ( 0.000000000000000000, 0.000000000000000000, 1.000000000000000000 ) ) ;
#303 = FACE_OUTER_BOUND ( 'NONE', #1747, .T. ) ;
#304 = CARTESIAN_POINT ( 'NONE',  ( 19.27955232107979100, 8.853587603745458168, 3.500000000000003109 ) ) ;
#305 = ORIENTED_EDGE ( 'NONE', *, *, #2396, .F. ) ;
#306 = CARTESIAN_POINT ( 'NONE',  ( 51.68050165467711565, 0.4797003165613549780, 0.000000000000000000 ) ) ;
#307 = AXIS2_PLACEMENT_3D ( 'NONE', #1074, #2589, #1456 ) ;
#308 = CARTESIAN_POINT ( 'NONE',  ( 16.57534927640756450, -5.621529214022910281, 7.101747304239971470 ) ) ;
#309 = CARTESIAN_POINT ( 'NONE',  ( 19.34109522226102840, -2.426638353782129887, -0.000000000000000000 ) ) ;
#310 = CARTESIAN_POINT ( 'NONE',  ( 32.53205755975799462, 2.086611918099402274, 2.000000000000001332 ) ) ;
#311 = CARTESIAN_POINT ( 'NONE',  ( 55.48814318645919030, 2.490045482491852979, 1.387778780781445676E-14 ) ) ;
#312 = EDGE_CURVE ( 'NONE', #1681, #2582, #1963, .T. ) ;
#313 = CARTESIAN_POINT ( 'NONE',  ( 55.99655832602603311, 3.072249933834727109, 1.694065894508600678E-18 ) ) ;
#314 = CARTESIAN_POINT ( 'NONE',  ( 0.02508653039452180336, 6.784490556494708891, 6.132809405653320667 ) ) ;
#315 = DIRECTION ( 'NONE',  ( -0.5015000000000000568, 0.8651576445943247595, 0.000000000000000000 ) ) ;
#316 = CARTESIAN_POINT ( 'NONE',  ( 45.27582948857955358, 0.9486443908498595201, -0.000000000000000000 ) ) ;
#317 = DIRECTION ( 'NONE',  ( 1.000000000000000000, 0.000000000000000000, 0.000000000000000000 ) ) ;
#318 = CARTESIAN_POINT ( 'NONE',  ( 20.13492434808781439, -4.434227590994905377, 5.499999999999992006 ) ) ;
#319 = ORIENTED_EDGE ( 'NONE', *, *, #407, .T. ) ;
#320 = CARTESIAN_POINT ( 'NONE',  ( 57.95221623916166465, 4.184904107340473800, -1.734723475976807094E-15 ) ) ;
#321 = CARTESIAN_POINT ( 'NONE',  ( 0.1227137631487347919, 4.000000000000000000, 0.000000000000000000 ) ) ;
#322 = FACE_BOUND ( 'NONE', #2021, .T. ) ;
#323 = CARTESIAN_POINT ( 'NONE',  ( 58.53033835082391079, 4.183712175541840494, 7.500000000000000000 ) ) ;
#324 = ORIENTED_EDGE ( 'NONE', *, *, #897, .F. ) ;
#325 = CARTESIAN_POINT ( 'NONE',  ( 52.08524249975479137, 0.8469415868232296196, 7.500000000000001776 ) ) ;
#326 = CARTESIAN_POINT ( 'NONE',  ( 11.00000000000000000, 0.000000000000000000, 0.000000000000000000 ) ) ;
#327 = CARTESIAN_POINT ( 'NONE',  ( 47.54868091197688784, -2.181949897714385855, 1.425403953076670005 ) ) ;
#328 = CARTESIAN_POINT ( 'NONE',  ( 33.78706867347521836, 2.158546905240404268, 2.000000000000000888 ) ) ;
#329 = VERTEX_POINT ( 'NONE', #2399 ) ;
#330 = CARTESIAN_POINT ( 'NONE',  ( 55.80942165714234449, 2.981389364404063880, 7.500000000000013323 ) ) ;
#331 = CARTESIAN_POINT ( 'NONE',  ( 55.59181748094835740, 2.705008663572851191, 1.694065894508600678E-18 ) ) ;
#332 = EDGE_CURVE ( 'NONE', #1577, #357, #793, .T. ) ;
#333 = CARTESIAN_POINT ( 'NONE',  ( 48.40379946128349076, -1.354775741610328099, 7.242104397946901528 ) ) ;
#334 = CARTESIAN_POINT ( 'NONE',  ( 45.25784182590076199, 0.9587728149266732114, 0.000000000000000000 ) ) ;
#335 = CARTESIAN_POINT ( 'NONE',  ( 47.03660723170438729, -0.1154884455472586502, 1.976463090801224337E-15 ) ) ;
#336 = CARTESIAN_POINT ( 'NONE',  ( 41.74550270779995031, 2.642487691692908314, 7.499999999999998224 ) ) ;
#337 = ORIENTED_EDGE ( 'NONE', *, *, #1749, .T. ) ;
#338 = CARTESIAN_POINT ( 'NONE',  ( 56.57523688699346565, 3.070872728902038773, 1.387778780781445676E-14 ) ) ;
#339 = DIRECTION ( 'NONE',  ( -0.000000000000000000, 0.000000000000000000, 1.000000000000000000 ) ) ;
#340 = CARTESIAN_POINT ( 'NONE',  ( 63.73245162592830582, 7.491731079037998953, 7.500000000000003553 ) ) ;
#341 = VERTEX_POINT ( 'NONE', #1741 ) ;
#342 = CARTESIAN_POINT ( 'NONE',  ( 51.79375433097532522, 0.6534125324698409898, 0.000000000000000000 ) ) ;
#343 = CARTESIAN_POINT ( 'NONE',  ( 17.69501758553644066, -4.000000000000000000, 7.500000000000000000 ) ) ;
#344 = CARTESIAN_POINT ( 'NONE',  ( 20.61208969496318133, -3.978001556549740414, 2.000000000000000888 ) ) ;
#345 = ORIENTED_EDGE ( 'NONE', *, *, #1780, .T. ) ;
#346 = CARTESIAN_POINT ( 'NONE',  ( 51.62245415077485688, 0.3627153093261023531, 7.500000000000001776 ) ) ;
#347 = CARTESIAN_POINT ( 'NONE',  ( 42.26051461727811187, 6.337035331618070977, 7.500000000000006217 ) ) ;
#348 = CARTESIAN_POINT ( 'NONE',  ( 0.01618877958826635960, 7.038269163089785785, 5.752479418615005002 ) ) ;
#349 = CARTESIAN_POINT ( 'NONE',  ( 44.63555542012322519, 1.302645290537584488, -1.040834085586084257E-14 ) ) ;
#350 = CARTESIAN_POINT ( 'NONE',  ( 47.53763256058594777, -0.4453199855919426908, 7.499999999999971578 ) ) ;
#351 = ORIENTED_EDGE ( 'NONE', *, *, #718, .T. ) ;
#352 = LINE ( 'NONE', #2513, #2127 ) ;
#353 = CARTESIAN_POINT ( 'NONE',  ( 53.74941224411095675, 1.766066705975589901, 1.694065894508600678E-18 ) ) ;
#354 = EDGE_CURVE ( 'NONE', #2788, #2294, #1812, .T. ) ;
#355 = CARTESIAN_POINT ( 'NONE',  ( 12.90529714691014007, -22.26344263691053982, 7.500000000000000000 ) ) ;
#356 = PLANE ( 'NONE',  #2058 ) ;
#357 = VERTEX_POINT ( 'NONE', #1357 ) ;
#358 = CARTESIAN_POINT ( 'NONE',  ( -11.00000000000000000, 0.000000000000000000, 7.500000000000000000 ) ) ;
#359 = DIRECTION ( 'NONE',  ( -1.000000000000000000, -0.000000000000000000, -0.000000000000000000 ) ) ;
#360 = APPLICATION_PROTOCOL_DEFINITION ( 'draft international standard', 'automotive_design', 1998, #1612 ) ;
#361 = CARTESIAN_POINT ( 'NONE',  ( 25.42551453074737822, -0.2897292178612734803, 2.000000000000000888 ) ) ;
#362 = CARTESIAN_POINT ( 'NONE',  ( 53.46874356042518883, 1.249692227564365599, 10.00000000000000178 ) ) ;
#363 = CARTESIAN_POINT ( 'NONE',  ( 56.27955380535959762, 3.096452157381810899, 1.694065894508600678E-18 ) ) ;
#364 = VECTOR ( 'NONE', #71, 1000.000000000000000 ) ;
#365 = DIRECTION ( 'NONE',  ( 0.8651576445943247595, 0.5015000000000000568, 0.000000000000000000 ) ) ;
#366 = CARTESIAN_POINT ( 'NONE',  ( 48.52817810467190185, -1.127118146004687071, -1.040834085586084257E-14 ) ) ;
#367 = AXIS2_PLACEMENT_3D ( 'NONE', #2129, #1931, #837 ) ;
#368 = CARTESIAN_POINT ( 'NONE',  ( 48.19904407383380374, -0.8978361613917615891, 7.499999999999993783 ) ) ;
#369 = ORIENTED_EDGE ( 'NONE', *, *, #2616, .F. ) ;
#370 = CARTESIAN_POINT ( 'NONE',  ( 48.85540739659460030, -1.387607124232242528, 7.500000000000063949 ) ) ;
#371 = DIRECTION ( 'NONE',  ( -1.000000000000000000, -0.000000000000000000, -0.000000000000000000 ) ) ;
#372 = CARTESIAN_POINT ( 'NONE',  ( 50.76285438896901780, -0.2716421957801993803, 7.500000000000001776 ) ) ;
#373 = CARTESIAN_POINT ( 'NONE',  ( 61.41143100812841737, 5.947524620541951634, 7.500000000000001776 ) ) ;
#374 = CARTESIAN_POINT ( 'NONE',  ( 63.73245162592830582, 7.491731079037998953, 1.734723475976807094E-15 ) ) ;
#375 = CARTESIAN_POINT ( 'NONE',  ( 46.34687454626308067, -2.055163816446937908, 5.499999999999993783 ) ) ;
#376 = CARTESIAN_POINT ( 'NONE',  ( 16.83102907036549212, -5.048376573682010537, 7.339322574274837585 ) ) ;
#377 = CARTESIAN_POINT ( 'NONE',  ( 23.58062626074887902, -1.480582966028187508, 2.000000000000003553 ) ) ;
#378 = CARTESIAN_POINT ( 'NONE',  ( 10.33447008643215348, 8.197920518169986792, 3.500000000000003109 ) ) ;
#379 = CARTESIAN_POINT ( 'NONE',  ( 59.38039196705843636, 4.676456926981337858, 0.000000000000000000 ) ) ;
#380 = CIRCLE ( 'NONE', #1986, 3.500000000000000000 ) ;
#381 = VECTOR ( 'NONE', #95, 1000.000000000000000 ) ;
#382 = CARTESIAN_POINT ( 'NONE',  ( 47.91059416567912876, -0.6980948769452860470, -7.536689111409825353E-15 ) ) ;
#383 = CARTESIAN_POINT ( 'NONE',  ( 29.97125432129839240, 3.684554213208969919, 7.499999999999998224 ) ) ;
#384 = CIRCLE ( 'NONE', #2024, 7.500000000000000000 ) ;
#385 = VERTEX_POINT ( 'NONE', #2230 ) ;
#386 = CARTESIAN_POINT ( 'NONE',  ( 59.56030961269093638, 5.027545850369756764, 7.499999999999998224 ) ) ;
#387 = CARTESIAN_POINT ( 'NONE',  ( 53.46874355810333412, 1.249692226218460878, 0.000000000000000000 ) ) ;
#388 = CARTESIAN_POINT ( 'NONE',  ( 58.53033835082391079, 4.183712175541840494, 0.000000000000000000 ) ) ;
#389 = FACE_OUTER_BOUND ( 'NONE', #2572, .T. ) ;
#390 = CARTESIAN_POINT ( 'NONE',  ( 47.13812960683917197, -2.596223675847660672, 5.499999999999991118 ) ) ;
#391 = EDGE_CURVE ( 'NONE', #385, #1134, #1579, .T. ) ;
#392 = CARTESIAN_POINT ( 'NONE',  ( 20.35308890319802444, -4.225636896209086224, 2.000000000000002220 ) ) ;
#393 = CARTESIAN_POINT ( 'NONE',  ( -0.2619767513627801470, 3.972991472880210928, 5.204170427930421283E-15 ) ) ;
#394 = CARTESIAN_POINT ( 'NONE',  ( 63.03501725798772526, 8.092911124763558561, 7.346079217660728133 ) ) ;
#395 = CARTESIAN_POINT ( 'NONE',  ( 47.79502946425585463, -1.702674189249722581, 6.608709972252649223 ) ) ;
#396 = CARTESIAN_POINT ( 'NONE',  ( 26.55747571736498358, 2.533528679825300944, -1.040834085586084257E-14 ) ) ;
#397 = CARTESIAN_POINT ( 'NONE',  ( 19.23001985081038256, -2.532358780374633245, 7.499999999999998224 ) ) ;
#398 = CARTESIAN_POINT ( 'NONE',  ( 50.28444803177946909, -0.2349236644407238506, 7.500000000000001776 ) ) ;
#399 = CARTESIAN_POINT ( 'NONE',  ( 49.96793463604722518, -0.3305328470636912930, 1.694065894508600678E-18 ) ) ;
#400 = CARTESIAN_POINT ( 'NONE',  ( 59.61638598351783003, 5.104029226492833970, 7.500000000000001776 ) ) ;
#401 = CARTESIAN_POINT ( 'NONE',  ( 47.63183125025519615, -2.940145503966907103, 5.499999999999990230 ) ) ;
#402 = ORIENTED_EDGE ( 'NONE', *, *, #685, .F. ) ;
#403 = CARTESIAN_POINT ( 'NONE',  ( 64.70240499852454263, 7.065398111123152525, 4.770489558936219510E-15 ) ) ;
#404 = DIRECTION ( 'NONE',  ( -1.000000000000000000, 0.000000000000000000, 0.000000000000000000 ) ) ;
#405 = CARTESIAN_POINT ( 'NONE',  ( 16.51515897714050141, -6.157317281037074430, 6.756080940200924090 ) ) ;
#406 = MANIFOLD_SOLID_BREP ( 'Chamfer1', #1475 ) ;
#407 = EDGE_CURVE ( 'NONE', #2592, #2248, #1141, .T. ) ;
#408 = CARTESIAN_POINT ( 'NONE',  ( 26.19076797222144748, 2.366740886364730567, -1.040834085586084257E-14 ) ) ;
#409 = CARTESIAN_POINT ( 'NONE',  ( 19.55467008321911493, -2.225869816939079815, 7.500000000000003553 ) ) ;
#410 = VECTOR ( 'NONE', #917, 1000.000000000000000 ) ;
#411 = CARTESIAN_POINT ( 'NONE',  ( 57.45060110141820076, 3.617268597255737017, 7.500000000000001776 ) ) ;
#412 = CARTESIAN_POINT ( 'NONE',  ( 21.20493498732616899, -0.7723052388501351340, 7.499999999999999112 ) ) ;
#413 = FACE_OUTER_BOUND ( 'NONE', #601, .T. ) ;
#414 = CARTESIAN_POINT ( 'NONE',  ( 53.52892646891331196, 1.369749194502364320, 7.500000000000001776 ) ) ;
#415 = CARTESIAN_POINT ( 'NONE',  ( 21.12585287253649824, -3.497481210258426287, 5.499999999999991118 ) ) ;
#416 = ORIENTED_EDGE ( 'NONE', *, *, #1066, .F. ) ;
#417 = CARTESIAN_POINT ( 'NONE',  ( 64.60107855732121607, 10.56393108257176827, 3.500000000000003109 ) ) ;
#418 = CARTESIAN_POINT ( 'NONE',  ( 61.57204389665345445, 6.216683399998583326, -1.734723475976807094E-15 ) ) ;
#419 = CARTESIAN_POINT ( 'NONE',  ( 47.97516146766685807, -1.480798983816820513, 6.893688073393693827 ) ) ;
#420 = CARTESIAN_POINT ( 'NONE',  ( 27.79521679314676419, 3.042763201453538180, 0.000000000000000000 ) ) ;
#421 = CARTESIAN_POINT ( 'NONE',  ( 24.41905398479408973, 1.438935631765030809, -1.040834085586084257E-14 ) ) ;
#422 = CARTESIAN_POINT ( 'NONE',  ( 26.19076797222144393, 2.366740886364724350, 7.500000000000001776 ) ) ;
#423 = B_SPLINE_CURVE_WITH_KNOTS ( 'NONE', 4,
 ( #1743, #1516, #1099, #414, #2628, #1301, #207, #647, #2401, #2177, #19, #1530, #1339, #440, #2222, #428, #2441, #1758, #466, #2641, #1121 ),
 .UNSPECIFIED., .F., .F.,
 ( 5, 1, 1, 1, 1, 1, 1, 1, 1, 1, 1, 1, 1, 1, 1, 1, 1, 5 ),
 ( 0.3035659411487999781, 0.3053418818343071606, 0.3125077089993353874, 0.3196735361643635032, 0.3268393634039631901, 0.3314208809413203283, 0.3350037877436892741, 0.3385866833704714307, 0.3421695896210923959, 0.3453145486103659789, 0.3488974469801800482, 0.3524803583680178876, 0.3560632533434393010, 0.3606760546024322944, 0.3678418818393400236, 0.3750077089993308355, 0.3821735361593268654, 0.3829085984462069492 ),
 .UNSPECIFIED. ) ;
#424 = EDGE_CURVE ( 'NONE', #1371, #1398, #1464, .T. ) ;
#425 = CARTESIAN_POINT ( 'NONE',  ( -12.75000000000000000, 0.000000000000000000, 7.500000000000000000 ) ) ;
#426 = CARTESIAN_POINT ( 'NONE',  ( 47.89268259301697839, -1.562137173005962110, 0.7201963246207230274 ) ) ;
#427 = DIRECTION ( 'NONE',  ( -0.000000000000000000, 0.000000000000000000, 1.000000000000000000 ) ) ;
#428 = CARTESIAN_POINT ( 'NONE',  ( 54.32389589222396609, 1.983797983876061988, 7.500000000000001776 ) ) ;
#429 = CARTESIAN_POINT ( 'NONE',  ( 20.58038372221012580, -4.008316359207225510, 5.499999999999992006 ) ) ;
#430 = ORIENTED_EDGE ( 'NONE', *, *, #2445, .T. ) ;
#431 = CARTESIAN_POINT ( 'NONE',  ( -0.5071029491746328333, 7.464397084828829243, 4.000000000000003553 ) ) ;
#432 = LINE ( 'NONE', #2194, #910 ) ;
#433 = CARTESIAN_POINT ( 'NONE',  ( 19.40787641301695032, -2.363508288777529831, -1.040834085586084257E-14 ) ) ;
#434 = CARTESIAN_POINT ( 'NONE',  ( 37.12281700319690714, 3.924906795873714049, 7.499999999999998224 ) ) ;
#435 = CARTESIAN_POINT ( 'NONE',  ( -11.00000000000000000, 0.000000000000000000, 0.000000000000000000 ) ) ;
#436 = CARTESIAN_POINT ( 'NONE',  ( 57.90515320448418635, 10.37000000000000455, 4.000000000000003553 ) ) ;
#437 = CARTESIAN_POINT ( 'NONE',  ( 20.08760022197879991, -1.731894856567762764, 7.500000000000000888 ) ) ;
#438 = CARTESIAN_POINT ( 'NONE',  ( 17.69501758553644066, -4.000000000000000000, 7.500000000000000000 ) ) ;
#439 = LINE ( 'NONE', #1300, #1387 ) ;
#440 = CARTESIAN_POINT ( 'NONE',  ( 54.11638779195315152, 1.975067262956197167, 7.500000000000001776 ) ) ;
#441 = ADVANCED_FACE ( 'NONE', ( #1648 ), #803, .F. ) ;
#442 = CARTESIAN_POINT ( 'NONE',  ( 20.55307307871579070, -4.034428759322021385, 5.499999999999991118 ) ) ;
#443 = ORIENTED_EDGE ( 'NONE', *, *, #2587, .T. ) ;
#444 = CARTESIAN_POINT ( 'NONE',  ( 59.18616499276119214, 10.40913724651145955, 4.000000000000003553 ) ) ;
#445 = CARTESIAN_POINT ( 'NONE',  ( 47.89569981582767610, -1.558602146942033029, 6.784429182026511462 ) ) ;
#446 = CARTESIAN_POINT ( 'NONE',  ( 40.23093576803950100, 3.178706748532668325, -1.040834085586084257E-14 ) ) ;
#447 = CARTESIAN_POINT ( 'NONE',  ( 60.43897861805078975, 5.300390552988161197, 1.694065894508600678E-18 ) ) ;
#448 = B_SPLINE_CURVE_WITH_KNOTS ( 'NONE', 3,
 ( #1222, #2295, #1186, #62, #1867, #284, #727, #2045, #77, #740 ),
 .UNSPECIFIED., .F., .F.,
 ( 4, 2, 2, 2, 4 ),
 ( 7.916618035860953541E-07, 0.0002988551190726915371, 0.0005969185763417969798, 0.0008949820336109023684, 0.001193045490880007865 ),
 .UNSPECIFIED. ) ;
#449 = ORIENTED_EDGE ( 'NONE', *, *, #1401, .T. ) ;
#450 = CARTESIAN_POINT ( 'NONE',  ( 46.99999999999999289, -2.500000000000009326, 5.500000004631799833 ) ) ;
#451 = CARTESIAN_POINT ( 'NONE',  ( 47.93868743923026443, -1.512969668055850869, 0.6535690080648131062 ) ) ;
#452 = AXIS2_PLACEMENT_3D ( 'NONE', #1555, #1133, #683 ) ;
#453 = CARTESIAN_POINT ( 'NONE',  ( 58.62043802053447195, 10.05249312647159421, 1.979776116173319167 ) ) ;
#454 = CARTESIAN_POINT ( 'NONE',  ( 35.74644665669572419, 2.085748262454452995, 5.499999999999991118 ) ) ;
#455 = AXIS2_PLACEMENT_3D ( 'NONE', #2489, #542, #2505 ) ;
#456 = ADVANCED_FACE ( 'NONE', ( #1433 ), #2528, .T. ) ;
#457 = CARTESIAN_POINT ( 'NONE',  ( 52.74882025011778808, 0.8398577733376291210, 1.694065894508600678E-18 ) ) ;
#458 = ORIENTED_EDGE ( 'NONE', *, *, #2172, .F. ) ;
#459 = CARTESIAN_POINT ( 'NONE',  ( 59.18616499276116372, 10.40913724651296945, 7.500000000002356337 ) ) ;
#460 = B_SPLINE_SURFACE_WITH_KNOTS ( 'NONE', 4, 1, ( 
 ( #1513, #1069 ),
 ( #1298, #2625 ),
 ( #1727, #1957 ),
 ( #2801, #1054 ),
 ( #1527, #1467 ),
 ( #2585, #2829 ),
 ( #862, #1255 ),
 ( #1945, #1501 ),
 ( #2384, #2372 ),
 ( #2174, #2841 ),
 ( #643, #2568 ),
 ( #602, #1282 ),
 ( #1682, #203 ),
 ( #386, #2397 ),
 ( #2343, #2784 ),
 ( #850, #1237 ),
 ( #2611, #1740 ),
 ( #1485, #139 ),
 ( #1270, #1084 ) ),
 .UNSPECIFIED., .F., .F., .F.,
 ( 5, 1, 1, 1, 1, 1, 1, 1, 1, 1, 1, 1, 1, 1, 1, 5 ),
 ( 2, 2 ),
 ( 0.2469009773398251895, 0.2500000000000000000, 0.2571658271599907564, 0.2643316543968985410, 0.2689444556558915345, 0.2725273506313129479, 0.2761102620191507873, 0.2796931603889648565, 0.2828381193782384395, 0.2864210256288594048, 0.2900039212556416168, 0.2935868280580105072, 0.2981683455953675899, 0.3053341728349673323, 0.3124999999999954481, 0.3164774132299469911 ),
 ( 0.000000000000000000, 1.000000000000000000 ),
 .UNSPECIFIED. ) ;
#461 = CARTESIAN_POINT ( 'NONE',  ( 47.42612223216518430, -2.796844742250564675, 2.000000000000000888 ) ) ;
#462 = CARTESIAN_POINT ( 'NONE',  ( -11.00000000000000000, 4.000000000000000000, 7.500000000000000000 ) ) ;
#463 = CARTESIAN_POINT ( 'NONE',  ( 11.00000000000000000, 0.000000000000000000, 7.500000000000000000 ) ) ;
#464 = CARTESIAN_POINT ( 'NONE',  ( 2.804808432674736832E-15, 7.500000000000000000, 3.268828273356225722 ) ) ;
#465 = CARTESIAN_POINT ( 'NONE',  ( 28.46846186672570056, 3.304141710704972645, 7.500000000000002665 ) ) ;
#466 = CARTESIAN_POINT ( 'NONE',  ( 54.64018771595603141, 1.956468305366390048, 7.500000000000001776 ) ) ;
#467 = ORIENTED_EDGE ( 'NONE', *, *, #1618, .T. ) ;
#468 = CARTESIAN_POINT ( 'NONE',  ( 43.03247668172200946, 6.368391458561393215, 7.500000000000006217 ) ) ;
#469 = CARTESIAN_POINT ( 'NONE',  ( 47.11755870503017718, -2.581893599676033269, 2.000000000000002665 ) ) ;
#470 = ADVANCED_FACE ( 'NONE', ( #550 ), #290, .T. ) ;
#471 = CARTESIAN_POINT ( 'NONE',  ( 59.84167326686714716, 5.275600897465454686, 1.694065894508600678E-18 ) ) ;
#472 = CARTESIAN_POINT ( 'NONE',  ( 53.57811206391048131, 1.475369482831849988, -5.204170427930421283E-15 ) ) ;
#473 = FACE_OUTER_BOUND ( 'NONE', #2348, .T. ) ;
#474 = CARTESIAN_POINT ( 'NONE',  ( 48.91867151974177830, -1.387816835275515359, 7.500000000000000000 ) ) ;
#475 = CARTESIAN_POINT ( 'NONE',  ( 48.42942182978085697, -1.355091746243543227, 0.2435220751075591605 ) ) ;
#476 = ORIENTED_EDGE ( 'NONE', *, *, #1401, .F. ) ;
#477 = CARTESIAN_POINT ( 'NONE',  ( 42.26051461729157666, 6.337035331618618095, 4.770489558936219510E-15 ) ) ;
#478 = ORIENTED_EDGE ( 'NONE', *, *, #2710, .T. ) ;
#479 = CARTESIAN_POINT ( 'NONE',  ( 5.145037786097113930, 4.352609615954596833, 7.500000000000005329 ) ) ;
#480 = DIRECTION ( 'NONE',  ( 1.000000000000000000, 0.000000000000000000, 0.000000000000000000 ) ) ;
#481 = CARTESIAN_POINT ( 'NONE',  ( 43.69448684464558141, -0.4623198602782213618, 2.000000000000002665 ) ) ;
#482 = LINE ( 'NONE', #2238, #1795 ) ;
#483 = EDGE_CURVE ( 'NONE', #1589, #1340, #2437, .T. ) ;
#484 = CARTESIAN_POINT ( 'NONE',  ( 17.66628995491681309, -6.794529258621746060, 2.000000000000001776 ) ) ;
#485 = CARTESIAN_POINT ( 'NONE',  ( 63.34328651320313242, 7.009687684523276729, 7.500000000000001776 ) ) ;
#486 = CARTESIAN_POINT ( 'NONE',  ( 45.50772119568238594, 0.8169594285185914906, -0.000000000000000000 ) ) ;
#487 = CARTESIAN_POINT ( 'NONE',  ( -11.00000000000000000, 0.000000000000000000, 4.000000000000000000 ) ) ;
#488 = ORIENTED_EDGE ( 'NONE', *, *, #2426, .T. ) ;
#489 = CARTESIAN_POINT ( 'NONE',  ( 16.89426304421462888, -4.945453291305098809, 0.1299827157906053021 ) ) ;
#490 = COLOUR_RGB ( '',0.7921568627450980005, 0.8196078431372548767, 0.9333333333333333481 ) ;
#491 = CARTESIAN_POINT ( 'NONE',  ( 61.41143102897762418, 5.947524662560026876, 1.694065894508600678E-18 ) ) ;
#492 = VERTEX_POINT ( 'NONE', #514 ) ;
#493 = CARTESIAN_POINT ( 'NONE',  ( 51.53026129023780300, 0.1690910430041463186, 0.000000000000000000 ) ) ;
#494 = CARTESIAN_POINT ( 'NONE',  ( 17.69501758553582249, -4.000000000000000000, 0.000000000000000000 ) ) ;
#495 = CARTESIAN_POINT ( 'NONE',  ( 17.88012690502430146, -3.823013955939293940, -1.040834085586084572E-14 ) ) ;
#496 = CARTESIAN_POINT ( 'NONE',  ( 55.59181748094835740, 2.705008663572851191, 7.500000000000013323 ) ) ;
#497 = VECTOR ( 'NONE', #2067, 1000.000000000000000 ) ;
#498 = CARTESIAN_POINT ( 'NONE',  ( 60.38779690544102863, 5.305013536285306586, 1.694065894508600678E-18 ) ) ;
#499 = CARTESIAN_POINT ( 'NONE',  ( -5.112637930067753453E-17, 7.500000000000000000, -66.74003574944600814 ) ) ;
#500 = CARTESIAN_POINT ( 'NONE',  ( 48.03851801410766598, -0.7863315512347667235, -0.000000000000000000 ) ) ;
#501 = CARTESIAN_POINT ( 'NONE',  ( 63.39445456281779201, 7.116078896456170533, 7.500000000000000000 ) ) ;
#502 = CARTESIAN_POINT ( 'NONE',  ( 27.03583845161482557, 0.5536580874335504943, 5.499999999999991118 ) ) ;
#503 = VECTOR ( 'NONE', #2012, 1000.000000000000000 ) ;
#504 = EDGE_CURVE ( 'NONE', #138, #939, #1127, .T. ) ;
#505 = ORIENTED_EDGE ( 'NONE', *, *, #407, .F. ) ;
#506 = CARTESIAN_POINT ( 'NONE',  ( 12.75000000000000000, 2.143131898507868544E-16, 7.500000000000000000 ) ) ;
#507 = CARTESIAN_POINT ( 'NONE',  ( 16.63927737014705954, -5.432720060490700220, 0.3059536362755609917 ) ) ;
#508 = CARTESIAN_POINT ( 'NONE',  ( 57.54747539408398893, 3.817662837078599214, 7.500000000000001776 ) ) ;
#509 = ORIENTED_EDGE ( 'NONE', *, *, #2563, .T. ) ;
#510 = CARTESIAN_POINT ( 'NONE',  ( 52.36823797908834166, 0.8711438103703135205, 7.500000000000001776 ) ) ;
#511 = CARTESIAN_POINT ( 'NONE',  ( 21.43354040422122253, -0.6086166078339174668, -0.000000000000000000 ) ) ;
#512 = CARTESIAN_POINT ( 'NONE',  ( 46.95534979489710281, -2.468941478138605650, 2.000000000000008882 ) ) ;
#513 = CARTESIAN_POINT ( 'NONE',  ( 59.54868533759693605, 9.640454597359433109, 6.201112187205410464 ) ) ;
#514 = CARTESIAN_POINT ( 'NONE',  ( 58.53033835082391079, 4.183712175541840494, 7.500000000000000000 ) ) ;
#515 = CARTESIAN_POINT ( 'NONE',  ( 33.09806800530777338, 4.135740254875034161, 0.000000000000000000 ) ) ;
#516 = CARTESIAN_POINT ( 'NONE',  ( 48.12083267410726251, -1.396947688359395867, 0.4542558284645487610 ) ) ;
#517 = B_SPLINE_CURVE_WITH_KNOTS ( 'NONE', 3,
 ( #1565, #1587, #2468, #285, #2689, #1851, #741, #535, #1171, #941, #1835, #2483, #270, #489, #94, #2498, #2017, #2734, #1206, #1372, #507, #2719, #2245, #1416, #2454, #1158, #972, #2296 ),
 .UNSPECIFIED., .F., .F.,
 ( 4, 2, 1, 1, 2, 2, 2, 1, 1, 2, 2, 2, 1, 1, 2, 2, 4 ),
 ( 0.000000000000000000, 0.1249999999999917011, 0.1874999999999872047, 0.2187499999999836242, 0.2343749999999818201, 0.2499999999999800437, 0.3749999999999806266, 0.4374999999999798495, 0.4687499999999794054, 0.4843749999999792388, 0.4999999999999790168, 0.6249999999999845679, 0.6874999999999866773, 0.7187499999999872324, 0.7343749999999881206, 0.7499999999999888978, 1.000000000000000000 ),
 .UNSPECIFIED. ) ;
#518 = CARTESIAN_POINT ( 'NONE',  ( 47.70371674298597497, -0.5570420486666887161, 7.500000000000026645 ) ) ;
#519 = ORIENTED_EDGE ( 'NONE', *, *, #1566, .F. ) ;
#520 = CARTESIAN_POINT ( 'NONE',  ( 58.23521171849521494, 4.209106330887559366, 7.500000000000001776 ) ) ;
#521 = LINE ( 'NONE', #2046, #874 ) ;
#522 = FACE_OUTER_BOUND ( 'NONE', #2567, .T. ) ;
#523 = ADVANCED_FACE ( 'NONE', ( #2685 ), #2749, .T. ) ;
#524 = LINE ( 'NONE', #711, #2583 ) ;
#525 = ORIENTED_EDGE ( 'NONE', *, *, #914, .F. ) ;
#526 = LINE ( 'NONE', #778, #1196 ) ;
#527 = CARTESIAN_POINT ( 'NONE',  ( 47.54868091197688784, -2.181949897714385855, 6.074596046923316450 ) ) ;
#528 = CARTESIAN_POINT ( 'NONE',  ( 31.12278869532141101, 1.883958877441681334, 2.000000000000002665 ) ) ;
#529 = CARTESIAN_POINT ( 'NONE',  ( 63.35125948330335177, 7.026265489615086679, 7.500000000000000888 ) ) ;
#530 = CARTESIAN_POINT ( 'NONE',  ( 48.78726719689987590, -1.382286609353815088, 7.438722329625605312 ) ) ;
#531 = CARTESIAN_POINT ( 'NONE',  ( 48.53280462642568693, -1.360478891781626176, 0.1888355205216287191 ) ) ;
#532 = CARTESIAN_POINT ( 'NONE',  ( 44.98535938328081585, 1.113130893136113464, 7.499999999999985789 ) ) ;
#533 = ORIENTED_EDGE ( 'NONE', *, *, #332, .F. ) ;
#534 = CARTESIAN_POINT ( 'NONE',  ( 57.60465169955531195, 3.914891676864007852, -1.734723475976807094E-15 ) ) ;
#535 = CARTESIAN_POINT ( 'NONE',  ( 17.25219112784631292, -4.466597288235849561, 0.03122676358729188986 ) ) ;
#536 = FACE_BOUND ( 'NONE', #156, .T. ) ;
#537 = DIRECTION ( 'NONE',  ( 0.000000000000000000, 0.000000000000000000, 1.000000000000000000 ) ) ;
#538 = EDGE_LOOP ( 'NONE', ( #467, #1900, #505, #305, #1686 ) ) ;
#539 = DIRECTION ( 'NONE',  ( -0.8651576445943247595, -0.5015000000000000568, 0.000000000000000000 ) ) ;
#540 = ADVANCED_FACE ( 'NONE', ( #1562 ), #1828, .F. ) ;
#541 = FACE_OUTER_BOUND ( 'NONE', #1568, .T. ) ;
#542 = DIRECTION ( 'NONE',  ( -0.4694802514756974965, 0.8829429729457707321, 0.000000000000000000 ) ) ;
#543 = CARTESIAN_POINT ( 'NONE',  ( 20.77941231577051440, -3.819151835632764058, 2.000000000000002220 ) ) ;
#544 = CARTESIAN_POINT ( 'NONE',  ( 55.70507015724658828, 2.878720879481338812, 7.500000000000013323 ) ) ;
#545 = CARTESIAN_POINT ( 'NONE',  ( 59.61638598351783003, 5.104029226492833970, 1.694065894508600678E-18 ) ) ;
#546 = VECTOR ( 'NONE', #2411, 1000.000000000000000 ) ;
#547 = FACE_OUTER_BOUND ( 'NONE', #1008, .T. ) ;
#548 = CARTESIAN_POINT ( 'NONE',  ( 48.70194102941850645, -1.375263432196306423, 7.395751134862332599 ) ) ;
#549 = CARTESIAN_POINT ( 'NONE',  ( 39.53536079464762309, 3.408676205265118053, -0.000000000000000000 ) ) ;
#550 = FACE_OUTER_BOUND ( 'NONE', #1190, .T. ) ;
#551 = B_SPLINE_CURVE_WITH_KNOTS ( 'NONE', 3,
 ( #254, #2424, #215, #450 ),
 .UNSPECIFIED., .F., .F.,
 ( 4, 4 ),
 ( 0.000000000000000000, 1.000000000000000000 ),
 .UNSPECIFIED. ) ;
#552 = CARTESIAN_POINT ( 'NONE',  ( 43.57146857369612292, 1.842954832924421638, 7.500000000000001776 ) ) ;
#553 = ORIENTED_EDGE ( 'NONE', *, *, #2754, .T. ) ;
#554 = FACE_OUTER_BOUND ( 'NONE', #2121, .T. ) ;
#555 = AXIS2_PLACEMENT_3D ( 'NONE', #1354, #896, #720 ) ;
#556 = CARTESIAN_POINT ( 'NONE',  ( -12.75000000000000000, 0.000000000000000000, 7.500000000000000000 ) ) ;
#557 = CARTESIAN_POINT ( 'NONE',  ( 57.90515320448418635, 10.37000000000000455, 3.500000000000003109 ) ) ;
#558 = B_SPLINE_CURVE_WITH_KNOTS ( 'NONE', 4,
 ( #2536, #2736, #2703, #2085, #990, #2233, #79, #730, #1606, #1388, #272, #2721, #927, #744, #259, #1623, #491, #1804, #2690, #2501 ),
 .UNSPECIFIED., .F., .F.,
 ( 5, 2, 1, 1, 1, 1, 1, 1, 1, 1, 1, 1, 1, 1, 1, 5 ),
 ( 0.1235263661415657160, 0.1250000000000000000, 0.1321658271599907564, 0.1393316543968985133, 0.1439444556558915067, 0.1475273506313129479, 0.1511102620191507873, 0.1546931603889648565, 0.1578381193782384118, 0.1614210256288594048, 0.1650039212556416168, 0.1685868280580105072, 0.1731683455953675899, 0.1803341728349673601, 0.1874999999999954481, 0.1898643388141073307 ),
 .UNSPECIFIED. ) ;
#559 = ORIENTED_EDGE ( 'NONE', *, *, #391, .T. ) ;
#560 = CARTESIAN_POINT ( 'NONE',  ( 52.74882025011773123, 0.8398577733376317855, 0.000000000000000000 ) ) ;
#561 = DIRECTION ( 'NONE',  ( -0.4057142857142859160, -0.9139999553431864543, 0.000000000000000000 ) ) ;
#562 = CARTESIAN_POINT ( 'NONE',  ( 37.51377828470020859, 1.822704785333935762, 2.000000000000002665 ) ) ;
#563 = EDGE_CURVE ( 'NONE', #1013, #939, #2803, .T. ) ;
#564 = ORIENTED_EDGE ( 'NONE', *, *, #925, .F. ) ;
#565 = CARTESIAN_POINT ( 'NONE',  ( 55.43989586196030928, 2.392296567243391792, 7.500000000000013323 ) ) ;
#566 = CARTESIAN_POINT ( 'NONE',  ( 55.75677402063612931, 2.935641350625566304, 1.694065894508600678E-18 ) ) ;
#567 = CARTESIAN_POINT ( 'NONE',  ( 14.89249172407703803, -7.020125246412209030, 1.419280405966400815 ) ) ;
#568 = CARTESIAN_POINT ( 'NONE',  ( 45.67814619874572202, 0.7209787306675197183, -1.040834085586084257E-14 ) ) ;
#569 = CARTESIAN_POINT ( 'NONE',  ( 20.28036738482795442, -4.295167127804362828, 5.499999999999991118 ) ) ;
#570 = ORIENTED_EDGE ( 'NONE', *, *, #914, .T. ) ;
#571 = CARTESIAN_POINT ( 'NONE',  ( 57.90515320448418635, 10.37000000000000455, 3.500000000000003109 ) ) ;
#572 = CARTESIAN_POINT ( 'NONE',  ( 50.43258843634935573, -0.2422699877873999985, 7.500000000000001776 ) ) ;
#573 = CARTESIAN_POINT ( 'NONE',  ( 61.57204389665345445, 6.216683399998583326, 7.500000000000001776 ) ) ;
#574 = CARTESIAN_POINT ( 'NONE',  ( 63.45226499826895861, 7.222916818335544775, 1.734723475976807094E-15 ) ) ;
#575 = ORIENTED_EDGE ( 'NONE', *, *, #1005, .T. ) ;
#576 = CARTESIAN_POINT ( 'NONE',  ( 48.86608535879526016, -3.799950074265042943, 5.499999999999989342 ) ) ;
#577 = CARTESIAN_POINT ( 'NONE',  ( 35.74644665669574550, 2.085748262454451663, 2.000000000000000888 ) ) ;
#578 = ORIENTED_EDGE ( 'NONE', *, *, #2634, .F. ) ;
#579 = CARTESIAN_POINT ( 'NONE',  ( 52.76077419930724233, 0.8393084821058833800, 7.500000000000000000 ) ) ;
#580 = CARTESIAN_POINT ( 'NONE',  ( 12.90529714691014007, -22.26344263691053982, 0.000000000000000000 ) ) ;
#581 = CARTESIAN_POINT ( 'NONE',  ( 48.71370962613030997, -1.376313479540903773, 7.401623356787453645 ) ) ;
#582 = CARTESIAN_POINT ( 'NONE',  ( 50.00928303491997440, -2.158883630362445238, -1.040834085586083783E-14 ) ) ;
#583 = CARTESIAN_POINT ( 'NONE',  ( 20.24400662564290698, -4.329932243602002906, 5.499999999999990230 ) ) ;
#584 = EDGE_CURVE ( 'NONE', #1589, #1506, #1463, .T. ) ;
#585 = ORIENTED_EDGE ( 'NONE', *, *, #1342, .F. ) ;
#586 = CARTESIAN_POINT ( 'NONE',  ( 0.000000000000000000, -4.000000000000000000, 0.000000000000000000 ) ) ;
#587 = CARTESIAN_POINT ( 'NONE',  ( 60.45443472005209173, 5.299039925573316268, 10.00000000000000178 ) ) ;
#588 = CARTESIAN_POINT ( 'NONE',  ( 61.79733118000276448, 6.388255070971201377, 7.500000000000001776 ) ) ;
#589 = CARTESIAN_POINT ( 'NONE',  ( 59.77886947397663420, 5.245249026054229269, 7.500000000000001776 ) ) ;
#590 = ORIENTED_EDGE ( 'NONE', *, *, #1718, .F. ) ;
#591 = CARTESIAN_POINT ( 'NONE',  ( 47.01468166243878954, -2.510228036437782251, 5.499999999999987566 ) ) ;
#592 = CARTESIAN_POINT ( 'NONE',  ( 39.97517030947514627, 1.157936639504947740, 2.000000000000002665 ) ) ;
#593 = ORIENTED_EDGE ( 'NONE', *, *, #2073, .F. ) ;
#594 = DIRECTION ( 'NONE',  ( -0.000000000000000000, -0.000000000000000000, -1.000000000000000000 ) ) ;
#595 = CARTESIAN_POINT ( 'NONE',  ( 61.86353206543290639, 6.410212454351970734, 7.500000000000007994 ) ) ;
#596 = AXIS2_PLACEMENT_3D ( 'NONE', #1723, #112, #2019 ) ;
#597 = CARTESIAN_POINT ( 'NONE',  ( 0.0007950023333516207779, 7.477325215237797806, 4.458445859150214297 ) ) ;
#598 = CARTESIAN_POINT ( 'NONE',  ( 49.68014860597595828, -1.929602411616270219, -1.040834085586084572E-14 ) ) ;
#599 = VECTOR ( 'NONE', #2276, 1000.000000000000000 ) ;
#600 = CARTESIAN_POINT ( 'NONE',  ( 40.03827579861878405, 3.239048153976266331, 7.500000000000000000 ) ) ;
#601 = EDGE_LOOP ( 'NONE', ( #782, #2531, #822, #1782 ) ) ;
#602 = CARTESIAN_POINT ( 'NONE',  ( 59.66808984690737105, 5.160949697637061462, 7.499999999999998224 ) ) ;
#603 = CARTESIAN_POINT ( 'NONE',  ( 12.90529714691014007, -22.26344263691053982, -66.74003574944600814 ) ) ;
#604 = ADVANCED_FACE ( 'NONE', ( #2124 ), #965, .F. ) ;
#605 = B_SPLINE_SURFACE_WITH_KNOTS ( 'NONE', 4, 1, ( 
 ( #1031, #1910 ),
 ( #2792, #1478 ),
 ( #2353, #1264 ),
 ( #181, #2138 ),
 ( #166, #1046 ),
 ( #1939, #2606 ),
 ( #700, #1341 ),
 ( #2000, #2656 ),
 ( #2645, #249 ),
 ( #688, #1762 ),
 ( #1351, #1772 ),
 ( #664, #677 ),
 ( #30, #1794 ),
 ( #904, #880 ),
 ( #2010, #1148 ) ),
 .UNSPECIFIED., .F., .F., .F.,
 ( 5, 1, 2, 1, 1, 1, 1, 1, 1, 1, 5 ),
 ( 2, 2 ),
 ( 0.8637416570858235110, 0.8678341728400039701, 0.8750000000000000000, 0.8821493502592638869, 0.8863423430806836034, 0.8899169617852855652, 0.8934915980444197992, 0.8970662522331132038, 0.9030014969252332380, 0.9101508489266311175, 0.9129832556103949504 ),
 ( 0.000000000000000000, 1.000000000000000000 ),
 .UNSPECIFIED. ) ;
#606 = VECTOR ( 'NONE', #2035, 1000.000000000000000 ) ;
#607 = CARTESIAN_POINT ( 'NONE',  ( 47.00000000000000000, -2.499999999999999556, 5.499999999999991118 ) ) ;
#608 = CARTESIAN_POINT ( 'NONE',  ( 63.86545234529682347, 7.533811356325417208, 7.500000000000003553 ) ) ;
#609 = CARTESIAN_POINT ( 'NONE',  ( 46.81841033261208906, -2.374257964620567929, 5.500000000000070166 ) ) ;
#610 =( NAMED_UNIT ( * ) SI_UNIT ( $, .STERADIAN. ) SOLID_ANGLE_UNIT ( ) );
#611 = CARTESIAN_POINT ( 'NONE',  ( 18.97138005416639572, -5.546711296519532652, 2.000000000000002220 ) ) ;
#612 = ORIENTED_EDGE ( 'NONE', *, *, #839, .F. ) ;
#613 = CARTESIAN_POINT ( 'NONE',  ( 64.60107855732121607, 10.56393108257176650, 4.770489558936221087E-15 ) ) ;
#614 = DIRECTION ( 'NONE',  ( 0.000000000000000000, -0.000000000000000000, -1.000000000000000000 ) ) ;
#615 = CARTESIAN_POINT ( 'NONE',  ( 48.69274531914393833, -1.241758755377775136, -1.040834085586084572E-14 ) ) ;
#616 = CARTESIAN_POINT ( 'NONE',  ( 37.90596296322350867, 3.784269256605352183, 7.500000000000001776 ) ) ;
#617 = ORIENTED_EDGE ( 'NONE', *, *, #800, .F. ) ;
#618 = CARTESIAN_POINT ( 'NONE',  ( 57.42283752928288720, 3.559666750163701376, 7.500000000000001776 ) ) ;
#619 = CARTESIAN_POINT ( 'NONE',  ( 54.11638779195315152, 1.975067262956197167, 1.694065894508600678E-18 ) ) ;
#620 = CARTESIAN_POINT ( 'NONE',  ( 12.90529714691014007, -22.26344263691053982, 0.000000000000000000 ) ) ;
#621 = CARTESIAN_POINT ( 'NONE',  ( 63.67635497337596462, 7.461747310022500024, 1.734723475976807094E-15 ) ) ;
#622 = CARTESIAN_POINT ( 'NONE',  ( 44.02170661044809208, -0.6395776019658921951, 5.499999999999982236 ) ) ;
#623 = EDGE_CURVE ( 'NONE', #1665, #2116, #1998, .T. ) ;
#624 = ORIENTED_EDGE ( 'NONE', *, *, #2774, .T. ) ;
#625 = CARTESIAN_POINT ( 'NONE',  ( 53.75481434115564383, 10.24629816254154058, 3.500000000000003109 ) ) ;
#626 = CARTESIAN_POINT ( 'NONE',  ( 61.79733118000276448, 6.388255070971201377, 7.500000000000007994 ) ) ;
#627 = CARTESIAN_POINT ( 'NONE',  ( 48.12235492774066614, -1.396378139894355108, 7.047082528881595920 ) ) ;
#628 = CARTESIAN_POINT ( 'NONE',  ( 37.90596296322350156, 3.784269256605348630, -1.040834085586084257E-14 ) ) ;
#629 = CARTESIAN_POINT ( 'NONE',  ( 19.21183977567211087, -2.549741658804280053, 7.500000000000000000 ) ) ;
#630 = FACE_OUTER_BOUND ( 'NONE', #2512, .T. ) ;
#631 = CARTESIAN_POINT ( 'NONE',  ( 47.68156994077887134, -1.926048043272140298, 1.139399431270021079 ) ) ;
#632 = CARTESIAN_POINT ( 'NONE',  ( 0.000000000000000000, 7.500000000000000888, 4.000000000000003553 ) ) ;
#633 = CARTESIAN_POINT ( 'NONE',  ( 46.93580175445433866, -2.455375130896419122, 5.500000000000005329 ) ) ;
#634 = ORIENTED_EDGE ( 'NONE', *, *, #2217, .T. ) ;
#635 = CARTESIAN_POINT ( 'NONE',  ( 61.89079991616777932, 10.48543449796940941, 3.500000000000003109 ) ) ;
#636 = EDGE_CURVE ( 'NONE', #713, #329, #848, .T. ) ;
#637 = CARTESIAN_POINT ( 'NONE',  ( 61.73452738711225152, 6.357903199559977736, 7.500000000000007994 ) ) ;
#638 = CARTESIAN_POINT ( 'NONE',  ( 47.71850415464140838, -1.848710072919187652, 6.445101105114918738 ) ) ;
#639 = CARTESIAN_POINT ( 'NONE',  ( 32.33520340291225637, 4.077396526960539447, -1.040834085586084572E-14 ) ) ;
#640 = CARTESIAN_POINT ( 'NONE',  ( 30.75120987668497463, 3.849618549608623486, 7.500000000000001776 ) ) ;
#641 = AXIS2_PLACEMENT_3D ( 'NONE', #1181, #2464, #1614 ) ;
#642 = DIRECTION ( 'NONE',  ( 0.000000000000000000, -0.000000000000000000, -1.000000000000000000 ) ) ;
#643 = CARTESIAN_POINT ( 'NONE',  ( 59.72073748341359334, 5.206697711415559482, 7.499999999999998224 ) ) ;
#644 = CARTESIAN_POINT ( 'NONE',  ( 48.90219450119948164, -1.387664985488962666, 7.500000000000001776 ) ) ;
#645 = CARTESIAN_POINT ( 'NONE',  ( 51.53026130195272003, 0.1690910668660043081, 1.694065894508600678E-18 ) ) ;
#646 = LINE ( 'NONE', #620, #1899 ) ;
#647 = CARTESIAN_POINT ( 'NONE',  ( 53.74941224411095675, 1.766066705975589901, 7.500000000000001776 ) ) ;
#648 = CARTESIAN_POINT ( 'NONE',  ( 33.60787503046653057, 2.153835167236997528, 5.499999999999991118 ) ) ;
#649 = CARTESIAN_POINT ( 'NONE',  ( 57.95221623916166465, 4.184904107340473800, 1.694065894508600678E-18 ) ) ;
#650 = VERTEX_POINT ( 'NONE', #1630 ) ;
#651 = CARTESIAN_POINT ( 'NONE',  ( 21.18327695776239850, 8.837540015522273862, 7.500000000000004441 ) ) ;
#652 = VECTOR ( 'NONE', #1572, 1000.000000000000000 ) ;
#653 = CARTESIAN_POINT ( 'NONE',  ( 47.85670588566367201, -1.607815922450220203, 6.721746884777796360 ) ) ;
#654 = CARTESIAN_POINT ( 'NONE',  ( 24.56541337621127852, 1.519379020273037284, -0.000000000000000000 ) ) ;
#655 = CARTESIAN_POINT ( 'NONE',  ( 33.54416460282865131, 4.152942851291884452, -1.040834085586084257E-14 ) ) ;
#656 = CARTESIAN_POINT ( 'NONE',  ( 34.14696872812513817, 4.162204474640322616, 7.500000000000001776 ) ) ;
#657 = CARTESIAN_POINT ( 'NONE',  ( 0.08304378866988078312, 5.131453449994148208, 0.1801064230878083872 ) ) ;
#658 = CARTESIAN_POINT ( 'NONE',  ( 48.08681198515645150, -1.411110091312792303, 0.4853220639442201723 ) ) ;
#659 = LINE ( 'NONE', #1742, #155 ) ;
#660 = AXIS2_PLACEMENT_3D ( 'NONE', #1654, #2535, #1439 ) ;
#661 = LINE ( 'NONE', #1088, #832 ) ;
#662 = CARTESIAN_POINT ( 'NONE',  ( 22.69714580806849114, -2.157154930615374777, 5.499999999999990230 ) ) ;
#663 = ORIENTED_EDGE ( 'NONE', *, *, #738, .T. ) ;
#664 = CARTESIAN_POINT ( 'NONE',  ( 49.65097839631946641, -0.7837615078954470738, 7.500000000000001776 ) ) ;
#665 = CARTESIAN_POINT ( 'NONE',  ( 48.02635024460099800, -1.443778663818761965, 6.953312067202417346 ) ) ;
#666 = CARTESIAN_POINT ( 'NONE',  ( 19.25275561764374999, -2.510641419139670205, -1.040834085586084099E-14 ) ) ;
#667 = LINE ( 'NONE', #1765, #1072 ) ;
#668 = CARTESIAN_POINT ( 'NONE',  ( 47.77931348371357956, -1.716773503305353055, 7.500000000000063949 ) ) ;
#669 = CARTESIAN_POINT ( 'NONE',  ( 0.04775496653412054926, 6.137949170651292974, 0.7193409909885379871 ) ) ;
#670 = CARTESIAN_POINT ( 'NONE',  ( 47.82160508205176086, -1.659631887921125371, 0.8408188187932041924 ) ) ;
#671 = PRODUCT_DEFINITION_SHAPE ( 'NONE', 'NONE',  #2094 ) ;
#672 = EDGE_CURVE ( 'NONE', #2006, #2582, #1896, .T. ) ;
#673 = CARTESIAN_POINT ( 'NONE',  ( 17.69501758553582249, -4.000000000000000000, 0.000000000000000000 ) ) ;
#674 = CARTESIAN_POINT ( 'NONE',  ( 30.08268472987220932, 1.652011917002273345, 5.499999999999991118 ) ) ;
#675 = DIRECTION ( 'NONE',  ( 0.000000000000000000, 0.000000000000000000, 1.000000000000000000 ) ) ;
#676 = ORIENTED_EDGE ( 'NONE', *, *, #483, .T. ) ;
#677 = CARTESIAN_POINT ( 'NONE',  ( 49.65097839631946641, -0.7837615078954470738, -1.734723475976807094E-15 ) ) ;
#678 = CARTESIAN_POINT ( 'NONE',  ( 18.97094968057564301, -2.780060482009944600, -1.040834085586084257E-14 ) ) ;
#679 = CARTESIAN_POINT ( 'NONE',  ( 17.58924083154400719, -4.101134882320396358, 7.500000000000001776 ) ) ;
#680 = CARTESIAN_POINT ( 'NONE',  ( 54.32389589222396609, 1.983797983876061988, 7.500000000000003553 ) ) ;
#681 = CARTESIAN_POINT ( 'NONE',  ( 47.90747235403042481, -1.544800485185056971, 0.6975168231186414936 ) ) ;
#682 = EDGE_CURVE ( 'NONE', #357, #2772, #1492, .T. ) ;
#683 = DIRECTION ( 'NONE',  ( 1.000000000000000000, 0.000000000000000000, 0.000000000000000000 ) ) ;
#684 = VECTOR ( 'NONE', #2063, 1000.000000000000000 ) ;
#685 = EDGE_CURVE ( 'NONE', #165, #2034, #1348, .T. ) ;
#686 = B_SPLINE_CURVE_WITH_KNOTS ( 'NONE', 3,
 ( #2627, #2600, #2415, #2640 ),
 .UNSPECIFIED., .F., .F.,
 ( 4, 4 ),
 ( 0.000000000000000000, 1.000000000000000000 ),
 .UNSPECIFIED. ) ;
#687 = ORIENTED_EDGE ( 'NONE', *, *, #312, .F. ) ;
#688 = CARTESIAN_POINT ( 'NONE',  ( 49.84348451870439334, -0.4411107221923560862, 7.500000000000000888 ) ) ;
#689 = AXIS2_PLACEMENT_3D ( 'NONE', #2648, #2025, #251 ) ;
#690 = CARTESIAN_POINT ( 'NONE',  ( 46.58305380088118142, -2.213587302655625866, 1.999999999999981348 ) ) ;
#691 = CARTESIAN_POINT ( 'NONE',  ( 18.31645601524487077, -3.405832566367517522, 7.500000000000000000 ) ) ;
#692 = CARTESIAN_POINT ( 'NONE',  ( 53.91189573456975381, 1.907286505536984755, -5.204170427930421283E-15 ) ) ;
#693 = CARTESIAN_POINT ( 'NONE',  ( -5.112637930067753453E-17, 7.500000000000000000, 3.500000000000003109 ) ) ;
#694 = CARTESIAN_POINT ( 'NONE',  ( 0.1187211049111313449, 4.113877233494684482, 1.619526995150221854E-15 ) ) ;
#695 = CARTESIAN_POINT ( 'NONE',  ( 48.19089935428489468, -1.374655773306646234, 0.3958994218602809867 ) ) ;
#696 = ORIENTED_EDGE ( 'NONE', *, *, #1101, .T. ) ;
#697 = CARTESIAN_POINT ( 'NONE',  ( 0.000000000000000000, 7.500000000000000000, 7.500000000000000000 ) ) ;
#698 = CIRCLE ( 'NONE', #660, 1.749999999999999778 ) ;
#699 = VERTEX_POINT ( 'NONE', #1534 ) ;
#700 = CARTESIAN_POINT ( 'NONE',  ( 50.28444803177946909, -0.2349236644407238506, 7.500000000000000888 ) ) ;
#701 = B_SPLINE_CURVE_WITH_KNOTS ( 'NONE', 4,
 ( #88, #2712, #2056, #485, #722 ),
 .UNSPECIFIED., .F., .F.,
 ( 5, 5 ),
 ( 0.9338570139097903677, 0.9373594841391887922 ),
 .UNSPECIFIED. ) ;
#702 = EDGE_CURVE ( 'NONE', #953, #1506, #432, .T. ) ;
#703 = CARTESIAN_POINT ( 'NONE',  ( 18.86186740302052556, -2.884355829402855953, -1.040834085586084099E-14 ) ) ;
#704 = CARTESIAN_POINT ( 'NONE',  ( 16.71658261110291122, -4.935497661463887020, 7.499999999999999112 ) ) ;
#705 = CARTESIAN_POINT ( 'NONE',  ( 54.45425456408032261, 1.973712071126936252, 7.500000000000003553 ) ) ;
#706 = CARTESIAN_POINT ( 'NONE',  ( 57.90515320448419345, 10.37000000000000099, 3.500000000000003109 ) ) ;
#707 = LINE ( 'NONE', #425, #1108 ) ;
#708 = CARTESIAN_POINT ( 'NONE',  ( 48.63101606068955363, -1.368771034655731356, 0.1395021836385603176 ) ) ;
#709 = ORIENTED_EDGE ( 'NONE', *, *, #702, .F. ) ;
#710 = LINE ( 'NONE', #1818, #599 ) ;
#711 = CARTESIAN_POINT ( 'NONE',  ( 13.98999999999999844, -4.000000000000000000, 7.500000000000000000 ) ) ;
#712 = CARTESIAN_POINT ( 'NONE',  ( 52.16072987881752709, 0.8624130894504494771, 1.694065894508600678E-18 ) ) ;
#713 = VERTEX_POINT ( 'NONE', #1104 ) ;
#714 = CARTESIAN_POINT ( 'NONE',  ( 51.56961762632052171, 0.2492550787948532853, 0.000000000000000000 ) ) ;
#715 = FACE_OUTER_BOUND ( 'NONE', #1771, .T. ) ;
#716 = CARTESIAN_POINT ( 'NONE',  ( 56.50817206766496525, 3.076651812549802578, 1.387778780781445676E-14 ) ) ;
#717 = CARTESIAN_POINT ( 'NONE',  ( 21.94786925669256306, -0.2074833283978458065, -0.000000000000000000 ) ) ;
#718 = EDGE_CURVE ( 'NONE', #788, #713, #2381, .T. ) ;
#719 = CARTESIAN_POINT ( 'NONE',  ( 47.26155501769320466, -2.682204132877478830, 2.000000000000003553 ) ) ;
#720 = DIRECTION ( 'NONE',  ( -1.000000000000000000, 0.000000000000000000, 0.000000000000000000 ) ) ;
#721 = CARTESIAN_POINT ( 'NONE',  ( 53.52892646806073174, 1.369749192671544158, -5.204170427930421283E-15 ) ) ;
#722 = CARTESIAN_POINT ( 'NONE',  ( 63.35125948330335177, 7.026265489615086679, 7.500000000000000888 ) ) ;
#723 = CARTESIAN_POINT ( 'NONE',  ( 30.94180274858852542, 3.905813055316402327, -0.000000000000000000 ) ) ;
#724 = CARTESIAN_POINT ( 'NONE',  ( 48.73456829703172843, -1.378125753161144162, 0.08794280850332331090 ) ) ;
#725 = CARTESIAN_POINT ( 'NONE',  ( 20.91744349580766738, -3.689729367438871144, 5.499999999999992006 ) ) ;
#726 = ORIENTED_EDGE ( 'NONE', *, *, #2134, .T. ) ;
#727 = CARTESIAN_POINT ( 'NONE',  ( 63.55434025440580115, 7.366555478444520411, 0.01510516960057221164 ) ) ;
#728 = CARTESIAN_POINT ( 'NONE',  ( 46.99999999999999289, -2.500000000000009326, -66.74003574944600814 ) ) ;
#729 = B_SPLINE_CURVE_WITH_KNOTS ( 'NONE', 3,
 ( #529, #2322, #1408, #1877, #2778, #347, #2286, #2337, #1677, #86 ),
 .UNSPECIFIED., .F., .F.,
 ( 4, 2, 2, 2, 4 ),
 ( 8.727630255871998992E-05, 0.008000578123745176809, 0.01591387994493163177, 0.03174048358730454517, 0.06339369087205037889 ),
 .UNSPECIFIED. ) ;
#730 = CARTESIAN_POINT ( 'NONE',  ( 61.93901944449565633, 6.425683956979190370, 1.694065894508600678E-18 ) ) ;
#731 = ORIENTED_EDGE ( 'NONE', *, *, #252, .T. ) ;
#732 = CARTESIAN_POINT ( 'NONE',  ( 56.60658630679125025, 3.068584018135610325, 7.500000000000000000 ) ) ;
#733 = CARTESIAN_POINT ( 'NONE',  ( 47.54868091197688784, -2.181949897714385855, 1.425403953076670005 ) ) ;
#734 = CARTESIAN_POINT ( 'NONE',  ( 46.89669152884853531, -2.428280937531147377, 1.999999999999991784 ) ) ;
#735 = CARTESIAN_POINT ( 'NONE',  ( 58.74737952206525193, 9.996145223695467763, 5.625702601725991236 ) ) ;
#736 = CARTESIAN_POINT ( 'NONE',  ( 54.68333472920147642, 1.953745962604017450, -5.204170427930421283E-15 ) ) ;
#737 = CARTESIAN_POINT ( 'NONE',  ( 33.78706867347522547, 2.158546905240404268, 5.499999999999991118 ) ) ;
#738 = EDGE_CURVE ( 'NONE', #1707, #2009, #2806, .T. ) ;
#739 = ORIENTED_EDGE ( 'NONE', *, *, #2795, .F. ) ;
#740 = CARTESIAN_POINT ( 'NONE',  ( 63.35125948332360935, 7.026265489615675541, 1.694065894508600678E-18 ) ) ;
#741 = CARTESIAN_POINT ( 'NONE',  ( 17.26922255344115342, -4.446689573319363653, 0.02860702021077581730 ) ) ;
#742 = CARTESIAN_POINT ( 'NONE',  ( 61.51596752582656080, 6.140200023875503454, 7.500000000000001776 ) ) ;
#743 = AXIS2_PLACEMENT_3D ( 'NONE', #2139, #614, #1496 ) ;
#744 = CARTESIAN_POINT ( 'NONE',  ( 61.57204389665345445, 6.216683399998583326, 1.694065894508600678E-18 ) ) ;
#745 = ORIENTED_EDGE ( 'NONE', *, *, #2217, .F. ) ;
#746 = FACE_OUTER_BOUND ( 'NONE', #1580, .T. ) ;
#747 = CARTESIAN_POINT ( 'NONE',  ( 19.29656521199609998, -2.468917141889091393, -0.000000000000000000 ) ) ;
#748 = CARTESIAN_POINT ( 'NONE',  ( 34.14485680237134346, 2.162085760871572671, 2.000000000000002665 ) ) ;
#749 = CARTESIAN_POINT ( 'NONE',  ( 55.43989581970581071, 2.392296542749895671, 0.000000000000000000 ) ) ;
#750 = CARTESIAN_POINT ( 'NONE',  ( 63.31957287382133615, 6.959854936865459862, 1.694065894508600678E-18 ) ) ;
#751 =( NAMED_UNIT ( * ) SI_UNIT ( $, .STERADIAN. ) SOLID_ANGLE_UNIT ( ) );
#752 = CARTESIAN_POINT ( 'NONE',  ( 17.80783576024494153, -6.659195002044198120, 5.499999999999991118 ) ) ;
#753 = EDGE_LOOP ( 'NONE', ( #257, #2311, #2432, #2213 ) ) ;
#754 = CARTESIAN_POINT ( 'NONE',  ( 57.66072807038219850, 3.991375052987086391, -1.734723475976807094E-15 ) ) ;
#755 = CARTESIAN_POINT ( 'NONE',  ( 52.80481939352539911, 6.713656802120041789, 4.770489558936218721E-15 ) ) ;
#756 = EDGE_CURVE ( 'NONE', #788, #2691, #2204, .T. ) ;
#757 = CARTESIAN_POINT ( 'NONE',  ( 61.73452738711225152, 6.357903199559977736, 7.500000000000001776 ) ) ;
#758 = ORIENTED_EDGE ( 'NONE', *, *, #256, .F. ) ;
#759 = CARTESIAN_POINT ( 'NONE',  ( 52.76077419923334588, 0.8393084804993314885, 0.000000000000000000 ) ) ;
#760 = CARTESIAN_POINT ( 'NONE',  ( 16.51515897714050141, -6.157317281037074430, 6.756080940200924090 ) ) ;
#761 = CARTESIAN_POINT ( 'NONE',  ( 20.95780628937538381, -0.9943446938881100872, -0.000000000000000000 ) ) ;
#762 = CARTESIAN_POINT ( 'NONE',  ( 20.81387287360961125, -3.786730860826391432, 2.000000000000000888 ) ) ;
#763 = CARTESIAN_POINT ( 'NONE',  ( 55.93035744059588410, 3.050292550453958640, 1.387778780781445676E-14 ) ) ;
#764 = CARTESIAN_POINT ( 'NONE',  ( 58.11453895006788173, 10.27705602586562605, 4.840134983662920831 ) ) ;
#765 = CARTESIAN_POINT ( 'NONE',  ( 0.006267525722145222446, 7.321239774050813942, 5.127809071322991130 ) ) ;
#766 = CARTESIAN_POINT ( 'NONE',  ( 41.34267864587325647, 2.793511407125365054, -0.000000000000000000 ) ) ;
#767 = CARTESIAN_POINT ( 'NONE',  ( 47.45440741799331619, -0.3898111328676465703, -1.425861595530753081E-14 ) ) ;
#768 = CARTESIAN_POINT ( 'NONE',  ( 46.53083061209073890, 0.2052019243229031842, 7.499999999999990230 ) ) ;
#769 = ORIENTED_EDGE ( 'NONE', *, *, #51, .F. ) ;
#770 = CARTESIAN_POINT ( 'NONE',  ( 58.35316343171456310, 4.199980350458339728, -1.734723475976807094E-15 ) ) ;
#771 = FACE_OUTER_BOUND ( 'NONE', #2828, .T. ) ;
#772 = EDGE_CURVE ( 'NONE', #165, #2279, #1374, .T. ) ;
#773 = CARTESIAN_POINT ( 'NONE',  ( 61.35518965111815248, 5.828884323813062984, 7.500000000000001776 ) ) ;
#774 = CARTESIAN_POINT ( 'NONE',  ( 57.42283752976227618, 3.559666751158326647, 7.500000000000000888 ) ) ;
#775 = CARTESIAN_POINT ( 'NONE',  ( 52.08524249975479137, 0.8469415868232296196, 1.694065894508600678E-18 ) ) ;
#776 = ADVANCED_BREP_SHAPE_REPRESENTATION ( 'Gripper Link', ( #406, #1480 ), #1015 ) ;
#777 = ORIENTED_EDGE ( 'NONE', *, *, #1315, .T. ) ;
#778 = CARTESIAN_POINT ( 'NONE',  ( 12.90529714691014007, -22.26344263691053982, 7.500000000000000000 ) ) ;
#779 = EDGE_CURVE ( 'NONE', #1589, #492, #1971, .T. ) ;
#780 = CARTESIAN_POINT ( 'NONE',  ( 12.90529714691014007, -22.26344263691053982, 0.000000000000000000 ) ) ;
#781 = CARTESIAN_POINT ( 'NONE',  ( 21.40587749885174773, -3.244125750277977449, 2.000000000000003553 ) ) ;
#782 = ORIENTED_EDGE ( 'NONE', *, *, #1780, .F. ) ;
#783 = CARTESIAN_POINT ( 'NONE',  ( 56.07204570508877595, 3.087721436461946745, 1.694065894508600678E-18 ) ) ;
#784 = DIRECTION ( 'NONE',  ( -0.8651576445943247595, -0.5015000000000000568, 0.000000000000000000 ) ) ;
#785 = CARTESIAN_POINT ( 'NONE',  ( 48.00714043358572525, -0.7645777766564170186, -0.000000000000000000 ) ) ;
#786 = CARTESIAN_POINT ( 'NONE',  ( 46.69993562994942238, 0.09929174954454744739, -2.279314480252290829E-14 ) ) ;
#787 = CARTESIAN_POINT ( 'NONE',  ( 43.92860968454432680, 1.667556624034340240, 7.499999999999998224 ) ) ;
#788 = VERTEX_POINT ( 'NONE', #2263 ) ;
#789 = CARTESIAN_POINT ( 'NONE',  ( 58.02770361822439327, 4.200375609967693435, -1.734723475976807094E-15 ) ) ;
#790 = CARTESIAN_POINT ( 'NONE',  ( 54.68333472920637206, 1.953745962683786530, 0.000000000000000000 ) ) ;
#791 = CARTESIAN_POINT ( 'NONE',  ( 50.83914017836357857, -0.2745919353782967365, 0.000000000000000000 ) ) ;
#792 = CARTESIAN_POINT ( 'NONE',  ( 59.38908700351677794, 4.694370261648830756, 7.500000000000001776 ) ) ;
#793 = B_SPLINE_CURVE_WITH_KNOTS ( 'NONE', 3,
 ( #438, #888, #2830, #2211, #437, #412, #2612, #216, #1946, #465, #851, #1756, #1299, #1338, #237, #2412, #1120, #27, #1327, #1097, #644 ),
 .UNSPECIFIED., .F., .F.,
 ( 4, 1, 1, 1, 1, 1, 1, 1, 1, 1, 1, 1, 1, 1, 1, 1, 1, 1, 4 ),
 ( 0.000000000000000000, 0.04663338912653663265, 0.06289472105716049921, 0.09469298341032689192, 0.1257761269921762459, 0.1894703871759949032, 0.2505278238923647205, 0.3141741240813467617, 0.3759036230348741792, 0.4386084764848297013, 0.5007612642893665145, 0.5627211170002004437, 0.6256911517085307350, 0.7506430428394214038, 0.8750871676444893499, 0.9373838888037783201, 0.9686576932636860038, 0.9776971762097598218, 1.000000000000000000 ),
 .UNSPECIFIED. ) ;
#794 = EDGE_LOOP ( 'NONE', ( #2335, #533, #1938, #1607, #369, #2644 ) ) ;
#795 = CARTESIAN_POINT ( 'NONE',  ( 40.66962346683762064, 0.9131708907144345799, 5.499999999999992006 ) ) ;
#796 = AXIS2_PLACEMENT_3D ( 'NONE', #1620, #986, #2701 ) ;
#797 = CARTESIAN_POINT ( 'NONE',  ( 58.35316342905177578, 4.199980350664360707, 1.694065894508600678E-18 ) ) ;
#798 = CARTESIAN_POINT ( 'NONE',  ( 38.57024043351518827, 1.579897025169320068, 2.000000000000002665 ) ) ;
#799 = CARTESIAN_POINT ( 'NONE',  ( 51.15771068399636334, 6.659024023392785985, 4.336808689942017736E-15 ) ) ;
#800 = EDGE_CURVE ( 'NONE', #2418, #138, #806, .T. ) ;
#801 = CARTESIAN_POINT ( 'NONE',  ( 59.50313330721962046, 4.930317010584347237, 1.694065894508600678E-18 ) ) ;
#802 = CARTESIAN_POINT ( 'NONE',  ( 48.90219450119948164, -1.387664985488962666, 7.500000000000001776 ) ) ;
#803 = PLANE ( 'NONE',  #1601 ) ;
#804 = CARTESIAN_POINT ( 'NONE',  ( 48.40475269381786916, -1.041137688974852926, 7.500000000000003553 ) ) ;
#805 = ORIENTED_EDGE ( 'NONE', *, *, #563, .T. ) ;
#806 = B_SPLINE_CURVE_WITH_KNOTS ( 'NONE', 3,
 ( #557, #2066, #304, #2047 ),
 .UNSPECIFIED., .F., .F.,
 ( 4, 4 ),
 ( 6.938893903907228378E-18, 0.05798084584485926896 ),
 .UNSPECIFIED. ) ;
#807 = CARTESIAN_POINT ( 'NONE',  ( 48.33475681503461630, -1.347576725588850000, -5.724587470723463412E-14 ) ) ;
#808 = DIRECTION ( 'NONE',  ( 0.000000000000000000, -0.000000000000000000, 1.000000000000000000 ) ) ;
#809 = CARTESIAN_POINT ( 'NONE',  ( 56.16659534971827838, 3.096881761434667091, 7.500000000000001776 ) ) ;
#810 = CARTESIAN_POINT ( 'NONE',  ( 62.36341303435945349, 6.415883610439983897, 7.500000000000001776 ) ) ;
#811 = CARTESIAN_POINT ( 'NONE',  ( 64.30315289189202588, 7.529999999999786198, -1.734723475976807094E-15 ) ) ;
#812 = VERTEX_POINT ( 'NONE', #1145 ) ;
#813 = CARTESIAN_POINT ( 'NONE',  ( 46.77923322194458677, -2.347345941252548140, 5.500000000000016875 ) ) ;
#814 = CARTESIAN_POINT ( 'NONE',  ( 16.57926110888094939, -5.608215419974464488, 7.108666473749309489 ) ) ;
#815 = CARTESIAN_POINT ( 'NONE',  ( 20.98674249998689589, -3.625410271366319215, 2.000000000000000888 ) ) ;
#816 = CARTESIAN_POINT ( 'NONE',  ( 5.145037786097113930, 4.352609615954596833, 5.204170427930421283E-15 ) ) ;
#817 = CARTESIAN_POINT ( 'NONE',  ( 61.35518965061639562, 5.828884322760917946, 7.500000000000007994 ) ) ;
#818 = EDGE_CURVE ( 'NONE', #2470, #1466, #2525, .T. ) ;
#819 = CARTESIAN_POINT ( 'NONE',  ( 48.56317149868577587, -1.362851819433294587, 7.326541850023393643 ) ) ;
#820 = CARTESIAN_POINT ( 'NONE',  ( 48.19904407383383926, -0.8978361613917836825, -1.551240806861529225E-14 ) ) ;
#821 = CARTESIAN_POINT ( 'NONE',  ( 48.32246908658187579, -0.9838173842883219944, 7.500000000000001776 ) ) ;
#822 = ORIENTED_EDGE ( 'NONE', *, *, #2634, .T. ) ;
#823 = CARTESIAN_POINT ( 'NONE',  ( 56.40548425724128379, 3.086708858128680788, 7.500000000000001776 ) ) ;
#824 = CARTESIAN_POINT ( 'NONE',  ( 49.52347598553561880, -1.037233977352749248, 0.000000000000000000 ) ) ;
#825 = CARTESIAN_POINT ( 'NONE',  ( 59.38039188502014554, 4.676456879426763358, 7.500000000000000000 ) ) ;
#826 = CARTESIAN_POINT ( 'NONE',  ( 47.05588743294271126, -2.538931243963737039, 5.499999999999986677 ) ) ;
#827 = CARTESIAN_POINT ( 'NONE',  ( 0.000000000000000000, 4.000000000000000000, 7.500000000000000000 ) ) ;
#828 = CARTESIAN_POINT ( 'NONE',  ( 18.09872183372532461, -6.381074075663006440, 2.000000000000001332 ) ) ;
#829 = ORIENTED_EDGE ( 'NONE', *, *, #1201, .F. ) ;
#830 = CARTESIAN_POINT ( 'NONE',  ( 51.03934052773264796, 10.15702831384931315, 5.920054794997777461E-13 ) ) ;
#831 = CARTESIAN_POINT ( 'NONE',  ( 62.24143938477340043, 6.427065605681462124, -1.734723475976807094E-15 ) ) ;
#832 = VECTOR ( 'NONE', #2201, 1000.000000000000000 ) ;
#833 = CARTESIAN_POINT ( 'NONE',  ( 48.06168639035416135, -1.423715144611710004, 6.989985929276839371 ) ) ;
#834 = CARTESIAN_POINT ( 'NONE',  ( 48.34303998839087768, -0.9981474604599627209, -1.040834085586084099E-14 ) ) ;
#835 = CARTESIAN_POINT ( 'NONE',  ( 19.29826760329247293, -2.467249285664327108, 7.500000000000004441 ) ) ;
#836 = ORIENTED_EDGE ( 'NONE', *, *, #772, .T. ) ;
#837 = DIRECTION ( 'NONE',  ( 1.000000000000000000, 0.000000000000000000, 0.000000000000000000 ) ) ;
#838 = CARTESIAN_POINT ( 'NONE',  ( 55.64899378641968752, 2.802237503358260273, 7.500000000000001776 ) ) ;
#839 = EDGE_CURVE ( 'NONE', #1421, #2822, #558, .T. ) ;
#840 = CARTESIAN_POINT ( 'NONE',  ( 49.84348451870439334, -0.4411107221923560862, 1.694065894508600678E-18 ) ) ;
#841 = LINE ( 'NONE', #1904, #39 ) ;
#842 = CARTESIAN_POINT ( 'NONE',  ( 47.26155501769317624, -2.682204132877466840, 5.499999999999992006 ) ) ;
#843 = ORIENTED_EDGE ( 'NONE', *, *, #241, .T. ) ;
#844 = CARTESIAN_POINT ( 'NONE',  ( 52.61760200211806904, 0.8492971837779550448, 7.500000000000001776 ) ) ;
#845 = CARTESIAN_POINT ( 'NONE',  ( 61.35007500719521545, 5.818209588966938739, 7.500000000000008882 ) ) ;
#846 = CARTESIAN_POINT ( 'NONE',  ( 47.84056647111473382, -1.630881129843051003, 6.693606189219686087 ) ) ;
#847 = CARTESIAN_POINT ( 'NONE',  ( 39.07297267871445712, 3.516044322220748253, -1.040834085586084257E-14 ) ) ;
#848 =( BOUNDED_CURVE ( )  B_SPLINE_CURVE ( 3, ( #1878, #2544, #567, #1034 ),
 .UNSPECIFIED., .F., .T. ) 
 B_SPLINE_CURVE_WITH_KNOTS ( ( 4, 4 ),
 ( 3.141592653589792672, 4.048256333462900258 ),
 .UNSPECIFIED. ) 
 CURVE ( )  GEOMETRIC_REPRESENTATION_ITEM ( )  RATIONAL_B_SPLINE_CURVE ( ( 1.000000000000000000, 0.9326619143323986449, 0.9326619143323986449, 1.000000000000000000 ) ) 
 REPRESENTATION_ITEM ( '' )  );
#849 = CARTESIAN_POINT ( 'NONE',  ( 19.19820429449109511, -2.562778370367154501, 7.499999999999999112 ) ) ;
#850 = CARTESIAN_POINT ( 'NONE',  ( 59.45218268113766413, 4.827634570166685180, 7.499999999999998224 ) ) ;
#851 = CARTESIAN_POINT ( 'NONE',  ( 30.57341083546793570, 3.855103971478886393, 7.500000000000000888 ) ) ;
#852 = CARTESIAN_POINT ( 'NONE',  ( 50.10293305516049145, -0.2667316132676267881, 1.694065894508600678E-18 ) ) ;
#853 = EDGE_CURVE ( 'NONE', #1790, #1577, #524, .T. ) ;
#854 = CARTESIAN_POINT ( 'NONE',  ( 64.07950125199992897, 7.548574749544195051, 7.500000000000003553 ) ) ;
#855 = CARTESIAN_POINT ( 'NONE',  ( 47.02496893021988456, -2.517394320502350791, 5.499999999999993783 ) ) ;
#856 = ORIENTED_EDGE ( 'NONE', *, *, #1201, .T. ) ;
#857 = CARTESIAN_POINT ( 'NONE',  ( 43.03247668172200946, 6.368391458561393215, 4.336808689942017736E-15 ) ) ;
#858 = CARTESIAN_POINT ( 'NONE',  ( 61.86353206543290639, 6.410212454351970734, -1.734723475976807094E-15 ) ) ;
#859 = CARTESIAN_POINT ( 'NONE',  ( 47.84556787584484283, -1.623587340031864112, 6.702447343712734984 ) ) ;
#860 = CARTESIAN_POINT ( 'NONE',  ( 25.47016284145080078, 2.014237624849175123, -1.040834085586084257E-14 ) ) ;
#861 = CARTESIAN_POINT ( 'NONE',  ( 31.14416849680443633, 3.919504363754818588, 7.499999999999998224 ) ) ;
#862 = CARTESIAN_POINT ( 'NONE',  ( 59.98336153136002480, 5.313029783473442791, 7.499999999999998224 ) ) ;
#863 = CARTESIAN_POINT ( 'NONE',  ( 47.62996377941273352, -2.033379439002831912, 1.257035803851682898 ) ) ;
#864 = CARTESIAN_POINT ( 'NONE',  ( 48.90219450117582767, -1.387664985488608504, 1.694065894508600678E-18 ) ) ;
#865 = CARTESIAN_POINT ( 'NONE',  ( 63.31630661857013109, 6.952997276556870609, 1.734723475976807094E-15 ) ) ;
#866 = CARTESIAN_POINT ( 'NONE',  ( 20.59395889574618010, -3.995337285682957873, 5.499999999999990230 ) ) ;
#867 = ORIENTED_EDGE ( 'NONE', *, *, #1807, .F. ) ;
#868 = CARTESIAN_POINT ( 'NONE',  ( 37.46488330153635360, 9.640041508129751691, 7.499999999995304201 ) ) ;
#869 = EDGE_CURVE ( 'NONE', #1820, #2061, #82, .T. ) ;
#870 = CARTESIAN_POINT ( 'NONE',  ( 47.98252150462212029, -1.474941706893912352, 6.902697874807209644 ) ) ;
#871 = CARTESIAN_POINT ( 'NONE',  ( 19.21638475539703705, -2.545395898074147123, -1.040834085586084257E-14 ) ) ;
#872 = CARTESIAN_POINT ( 'NONE',  ( 19.77655243026295651, -2.021193335837741412, 7.500000000000001776 ) ) ;
#873 = MECHANICAL_DESIGN_GEOMETRIC_PRESENTATION_REPRESENTATION (  '', ( #2162 ), #4 ) ;
#874 = VECTOR ( 'NONE', #78, 1000.000000000000000 ) ;
#875 = LINE ( 'NONE', #26, #546 ) ;
#876 = CARTESIAN_POINT ( 'NONE',  ( 48.03916140736792073, -1.436242437833336716, 0.5331724873910955731 ) ) ;
#877 = DIRECTION ( 'NONE',  ( 0.8651576445943247595, 0.5015000000000000568, 0.000000000000000000 ) ) ;
#878 = CARTESIAN_POINT ( 'NONE',  ( 34.85817789312321935, 2.145875444160830980, 5.499999999999990230 ) ) ;
#879 = ORIENTED_EDGE ( 'NONE', *, *, #1126, .F. ) ;
#880 = CARTESIAN_POINT ( 'NONE',  ( 49.53751541231211064, -1.013005872819248809, -2.602085213965210642E-15 ) ) ;
#881 = CARTESIAN_POINT ( 'NONE',  ( 47.99355294246051074, -1.466395336886826328, 6.916009952451846132 ) ) ;
#882 = CARTESIAN_POINT ( 'NONE',  ( 24.52453746038242244, 1.495931120571112105, -0.000000000000000000 ) ) ;
#883 = ADVANCED_FACE ( 'NONE', ( #1935 ), #356, .F. ) ;
#884 = CARTESIAN_POINT ( 'NONE',  ( 20.68293779293271584, -1.223149927248298185, -1.040834085586084099E-14 ) ) ;
#885 = FACE_OUTER_BOUND ( 'NONE', #1076, .T. ) ;
#886 = CARTESIAN_POINT ( 'NONE',  ( 0.06115667769230752338, 5.755710146681879635, 0.4634932798487911287 ) ) ;
#887 = CARTESIAN_POINT ( 'NONE',  ( 47.72961181672903308, -1.826450658005693617, 1.030263326793887879 ) ) ;
#888 = CARTESIAN_POINT ( 'NONE',  ( 18.08745523692939017, -3.625374290669444832, 7.500000000000000888 ) ) ;
#889 = AXIS2_PLACEMENT_3D ( 'NONE', #2200, #1716, #1328 ) ;
#890 = CARTESIAN_POINT ( 'NONE',  ( 59.97654199239995165, 9.450533847279819710, 1.063228351134754890 ) ) ;
#891 = CARTESIAN_POINT ( 'NONE',  ( 37.86617355754142977, 1.748688582589743135, 5.499999999999991118 ) ) ;
#892 = ORIENTED_EDGE ( 'NONE', *, *, #1260, .T. ) ;
#893 = CARTESIAN_POINT ( 'NONE',  ( 21.18327695776273245, 8.837540015516619718, 4.000000000000003553 ) ) ;
#894 = LINE ( 'NONE', #2195, #410 ) ;
#895 = CARTESIAN_POINT ( 'NONE',  ( 40.61410669251193184, 3.053209474894749142, -1.040834085586084257E-14 ) ) ;
#896 = DIRECTION ( 'NONE',  ( -0.000000000000000000, -0.000000000000000000, -1.000000000000000000 ) ) ;
#897 = EDGE_CURVE ( 'NONE', #52, #2294, #1324, .T. ) ;
#898 = FACE_OUTER_BOUND ( 'NONE', #991, .T. ) ;
#899 = CARTESIAN_POINT ( 'NONE',  ( 47.87504711498597487, -1.583678683754781824, 0.7479667439619097635 ) ) ;
#900 = B_SPLINE_SURFACE_WITH_KNOTS ( 'NONE', 4, 1, ( 
 ( #1817, #109 ),
 ( #2718, #1604 ),
 ( #1205, #2080 ),
 ( #1453, #770 ),
 ( #520, #2312 ),
 ( #1652, #2482 ),
 ( #2532, #789 ),
 ( #2096, #320 ),
 ( #93, #971 ),
 ( #124, #1834 ),
 ( #1399, #2275 ),
 ( #301, #2733 ),
 ( #2550, #754 ),
 ( #1634, #534 ),
 ( #1415, #157 ),
 ( #1038, #1713 ),
 ( #411, #189 ),
 ( #618, #2359 ),
 ( #1698, #2111 ) ),
 .UNSPECIFIED., .F., .F., .F.,
 ( 5, 1, 1, 1, 1, 1, 1, 1, 1, 1, 1, 1, 1, 1, 1, 5 ),
 ( 2, 2 ),
 ( 0.3703192334369280192, 0.3750000000000000000, 0.3821658271599907564, 0.3893316543968985410, 0.3939444556558914790, 0.3975273506313129479, 0.4011102620191507873, 0.4046931603889648565, 0.4078381193782383840, 0.4114210256288594048, 0.4150039212556416168, 0.4185868280580105072, 0.4231683455953675899, 0.4303341728349673323, 0.4374999999999954481, 0.4431060414141711479 ),
 ( 0.000000000000000000, 1.000000000000000000 ),
 .UNSPECIFIED. ) ;
#901 = CARTESIAN_POINT ( 'NONE',  ( 63.66580602599576366, 7.812911095274623463, 0.07386471801996614961 ) ) ;
#902 = CARTESIAN_POINT ( 'NONE',  ( 52.70104824783847164, 0.8424438683575002917, 1.694065894508600678E-18 ) ) ;
#903 = ORIENTED_EDGE ( 'NONE', *, *, #504, .T. ) ;
#904 = CARTESIAN_POINT ( 'NONE',  ( 49.53751541231211064, -1.013005872819248809, 7.500000000000000888 ) ) ;
#905 = CARTESIAN_POINT ( 'NONE',  ( 19.00731043976073309, -2.745295366212247234, -1.040834085586084257E-14 ) ) ;
#906 = CARTESIAN_POINT ( 'NONE',  ( 48.90631360182824494, -1.387726613339014259, 7.500000000000001776 ) ) ;
#907 = CARTESIAN_POINT ( 'NONE',  ( 54.64018771595603852, 1.956468305366389604, 7.500000000000003553 ) ) ;
#908 = CARTESIAN_POINT ( 'NONE',  ( 0.000000000000000000, -4.000000000000000000, 4.000000000000000000 ) ) ;
#909 = CARTESIAN_POINT ( 'NONE',  ( 48.34809472076708659, -1.355601514180763800, 0.2904227987693721591 ) ) ;
#910 = VECTOR ( 'NONE', #2595, 1000.000000000000000 ) ;
#911 = VECTOR ( 'NONE', #359, 1000.000000000000000 ) ;
#912 = ORIENTED_EDGE ( 'NONE', *, *, #672, .T. ) ;
#913 = CARTESIAN_POINT ( 'NONE',  ( 60.27278104012562210, 9.319036670561059665, 0.9279499721322956862 ) ) ;
#914 = EDGE_CURVE ( 'NONE', #1930, #985, #151, .T. ) ;
#915 = ORIENTED_EDGE ( 'NONE', *, *, #218, .T. ) ;
#916 = CARTESIAN_POINT ( 'NONE',  ( -0.2619767513627801470, 3.972991472880210928, 7.500000000000005329 ) ) ;
#917 = DIRECTION ( 'NONE',  ( 0.000000000000000000, 0.000000000000000000, 1.000000000000000000 ) ) ;
#918 = CARTESIAN_POINT ( 'NONE',  ( 45.47410284196533325, -1.492873120982004309, 2.000000000000004885 ) ) ;
#919 = DIRECTION ( 'NONE',  ( -0.000000000000000000, -0.000000000000000000, -1.000000000000000000 ) ) ;
#920 = DIRECTION ( 'NONE',  ( -0.000000000000000000, -0.000000000000000000, -1.000000000000000000 ) ) ;
#921 = CARTESIAN_POINT ( 'NONE',  ( 0.1026451717229585336, 4.572389503744322958, 0.04519854028952415698 ) ) ;
#922 = CARTESIAN_POINT ( 'NONE',  ( 48.70238788096828841, -1.375328426415949545, 0.1040364392447339359 ) ) ;
#923 = ORIENTED_EDGE ( 'NONE', *, *, #1470, .T. ) ;
#924 = CARTESIAN_POINT ( 'NONE',  ( 49.73227561539573571, -0.6092196737110532334, 7.500000000000001776 ) ) ;
#925 = EDGE_CURVE ( 'NONE', #2418, #1858, #841, .T. ) ;
#926 = VECTOR ( 'NONE', #1870, 1000.000000000000000 ) ;
#927 = CARTESIAN_POINT ( 'NONE',  ( 61.62374776004300259, 6.273603871142810817, 1.694065894508600678E-18 ) ) ;
#928 = CARTESIAN_POINT ( 'NONE',  ( 57.42283752899064808, 3.559666749557416576, 1.694065894508600678E-18 ) ) ;
#929 = VERTEX_POINT ( 'NONE', #2787 ) ;
#930 = CARTESIAN_POINT ( 'NONE',  ( 51.68050165467711565, 0.4797003165613549780, 7.500000000000001776 ) ) ;
#931 = CARTESIAN_POINT ( 'NONE',  ( 21.17715395726591510, -0.8147331898588802135, -0.000000000000000000 ) ) ;
#932 = CARTESIAN_POINT ( 'NONE',  ( 40.66962346683763485, 0.9131708907144302501, 2.000000000000003553 ) ) ;
#933 = CARTESIAN_POINT ( 'NONE',  ( 50.83914017836357857, -0.2745919353782967365, 7.500000000000000000 ) ) ;
#934 = CARTESIAN_POINT ( 'NONE',  ( 53.80111610750051199, 1.822987177119817837, -5.204170427930421283E-15 ) ) ;
#935 = FACE_OUTER_BOUND ( 'NONE', #2732, .T. ) ;
#936 = CARTESIAN_POINT ( 'NONE',  ( 33.45539905912775680, 4.152353636489552358, -0.000000000000000000 ) ) ;
#937 = CARTESIAN_POINT ( 'NONE',  ( 48.90219450117582767, -1.387664985488608504, 1.694065894508600678E-18 ) ) ;
#938 = CARTESIAN_POINT ( 'NONE',  ( 39.97517030947512495, 1.157936639504951293, 5.499999999999991118 ) ) ;
#939 = VERTEX_POINT ( 'NONE', #1717 ) ;
#940 = FACE_OUTER_BOUND ( 'NONE', #2487, .T. ) ;
#941 = CARTESIAN_POINT ( 'NONE',  ( 17.15823959186684888, -4.577994938572451211, 0.04681807166813201776 ) ) ;
#942 = CARTESIAN_POINT ( 'NONE',  ( 58.35316342905178999, 4.199980350664359818, 7.500000000000001776 ) ) ;
#943 = ORIENTED_EDGE ( 'NONE', *, *, #1990, .T. ) ;
#944 = CARTESIAN_POINT ( 'NONE',  ( 59.38039188502014554, 4.676456879426761581, 10.00000000000000178 ) ) ;
#945 = CARTESIAN_POINT ( 'NONE',  ( 19.40049146525996804, -2.370448621309511061, -0.000000000000000000 ) ) ;
#946 = CARTESIAN_POINT ( 'NONE',  ( 47.02496893021989877, -2.517394320502359228, 2.000000000000002665 ) ) ;
#947 = ADVANCED_FACE ( 'NONE', ( #389 ), #1071, .T. ) ;
#948 = CARTESIAN_POINT ( 'NONE',  ( 55.53376997704609863, 2.588023656337597789, 1.694065894508600678E-18 ) ) ;
#949 = CARTESIAN_POINT ( 'NONE',  ( 54.32389589222396609, 1.983797983876061988, -5.204170427930421283E-15 ) ) ;
#950 = CARTESIAN_POINT ( 'NONE',  ( 47.85308702262379654, -0.6582339163348308597, 0.000000000000000000 ) ) ;
#951 = CARTESIAN_POINT ( 'NONE',  ( 48.77190206584259613, -1.381145919029570956, 0.06912586056142736024 ) ) ;
#952 = CARTESIAN_POINT ( 'NONE',  ( 20.62476012742334674, -3.965893419906250106, 5.499999999999992006 ) ) ;
#953 = VERTEX_POINT ( 'NONE', #1349 ) ;
#954 = FACE_OUTER_BOUND ( 'NONE', #1697, .T. ) ;
#955 = CARTESIAN_POINT ( 'NONE',  ( 12.90529714691014007, -22.26344263691053982, 0.000000000000000000 ) ) ;
#956 = AXIS2_PLACEMENT_3D ( 'NONE', #1208, #2247, #287 ) ;
#957 = CARTESIAN_POINT ( 'NONE',  ( 20.60999999999999943, -3.979999999999998206, -66.74003574944600814 ) ) ;
#958 = ORIENTED_EDGE ( 'NONE', *, *, #756, .F. ) ;
#959 = CARTESIAN_POINT ( 'NONE',  ( 51.73767796014843867, 0.5769291563467641160, 0.000000000000000000 ) ) ;
#960 = B_SPLINE_CURVE_WITH_KNOTS ( 'NONE', 3,
 ( #2651, #1584, #1313, #436 ),
 .UNSPECIFIED., .F., .F.,
 ( 4, 4 ),
 ( 1.071122909211085572E-19, 0.05798027324883247430 ),
 .UNSPECIFIED. ) ;
#961 = CARTESIAN_POINT ( 'NONE',  ( 20.99434030807371698, -0.9642387604670530354, -0.000000000000000000 ) ) ;
#962 = CARTESIAN_POINT ( 'NONE',  ( 47.63183125025521036, -2.940145503966922647, 2.000000000000000888 ) ) ;
#963 = CARTESIAN_POINT ( 'NONE',  ( 60.86691991616832098, 9.055305115324561172, 6.805989278489277261 ) ) ;
#964 = EDGE_CURVE ( 'NONE', #76, #1269, #423, .T. ) ;
#965 = PLANE ( 'NONE',  #2342 ) ;
#966 = CARTESIAN_POINT ( 'NONE',  ( 12.90529714691014007, -22.26344263691053982, -66.74003574944600814 ) ) ;
#967 = CARTESIAN_POINT ( 'NONE',  ( 57.90515320448419345, 10.37000000000000099, 4.000000000000003553 ) ) ;
#968 = CARTESIAN_POINT ( 'NONE',  ( 48.76291607510960091, -1.380449293235316954, 0.07368165315663256776 ) ) ;
#969 = CARTESIAN_POINT ( 'NONE',  ( 47.45440741799330198, -0.3898111328676373555, 7.500000000000003553 ) ) ;
#970 = ORIENTED_EDGE ( 'NONE', *, *, #1618, .F. ) ;
#971 = CARTESIAN_POINT ( 'NONE',  ( 57.88601535373151563, 4.162946723959705331, -1.734723475976807094E-15 ) ) ;
#972 = CARTESIAN_POINT ( 'NONE',  ( 16.49994630496554748, -5.981983326041486748, 0.6066767293771758718 ) ) ;
#973 = FACE_OUTER_BOUND ( 'NONE', #2576, .T. ) ;
#974 = ORIENTED_EDGE ( 'NONE', *, *, #718, .F. ) ;
#975 = CARTESIAN_POINT ( 'NONE',  ( 52.36823797908834166, 0.8711438103703135205, 0.000000000000000000 ) ) ;
#976 = CARTESIAN_POINT ( 'NONE',  ( -11.00000000000000000, 0.000000000000000000, 0.000000000000000000 ) ) ;
#977 = CARTESIAN_POINT ( 'NONE',  ( 34.32345062814626857, 2.160914914060142689, 2.000000000000000888 ) ) ;
#978 = EDGE_LOOP ( 'NONE', ( #1603, #2244, #248, #525 ) ) ;
#979 = CARTESIAN_POINT ( 'NONE',  ( 55.64899378641968752, 2.802237503358260273, 1.387778780781445676E-14 ) ) ;
#980 = CARTESIAN_POINT ( 'NONE',  ( 57.90515320448417214, 10.37000000000000277, 4.177809937815030850 ) ) ;
#981 = CARTESIAN_POINT ( 'NONE',  ( 48.44195537518542949, -1.355543082559450552, 7.263271316243803177 ) ) ;
#982 = CARTESIAN_POINT ( 'NONE',  ( 47.36173361250097713, -0.3283094940454679422, -0.000000000000000000 ) ) ;
#983 = CARTESIAN_POINT ( 'NONE',  ( 48.01376323506280386, -0.7691400644469940096, -5.991274613797151976E-15 ) ) ;
#984 = CARTESIAN_POINT ( 'NONE',  ( 49.68014860597597959, -1.929602411616265556, 7.500000000000003553 ) ) ;
#985 = VERTEX_POINT ( 'NONE', #1317 ) ;
#986 = DIRECTION ( 'NONE',  ( 1.000000000000000000, -0.000000000000000000, 0.000000000000000000 ) ) ;
#987 = CARTESIAN_POINT ( 'NONE',  ( 63.35125948332360935, 7.026265489615675541, 1.694065894508600678E-18 ) ) ;
#988 = ADVANCED_FACE ( 'NONE', ( #38 ), #1703, .T. ) ;
#989 = CARTESIAN_POINT ( 'NONE',  ( 50.83914015371064465, -0.2745919496686934913, 9.999999999999998224 ) ) ;
#990 = CARTESIAN_POINT ( 'NONE',  ( 62.24143938477340043, 6.427065605681462124, 1.694065894508600678E-18 ) ) ;
#991 = EDGE_LOOP ( 'NONE', ( #1209, #2722, #709, #2835 ) ) ;
#992 = CARTESIAN_POINT ( 'NONE',  ( 52.49859665094471950, 0.8610578976211872293, 0.000000000000000000 ) ) ;
#993 = CARTESIAN_POINT ( 'NONE',  ( 16.53829900824448629, -5.767825140804514916, 7.021622405136243472 ) ) ;
#994 = CARTESIAN_POINT ( 'NONE',  ( 27.03583845161482913, 0.5536580874335554903, 2.000000000000002665 ) ) ;
#995 = CARTESIAN_POINT ( 'NONE',  ( 55.43989586196030928, 2.392296567243391792, 1.387778780781445676E-14 ) ) ;
#996 = CARTESIAN_POINT ( 'NONE',  ( 59.38039196705843636, 4.676456926981337858, 0.000000000000000000 ) ) ;
#997 = CARTESIAN_POINT ( 'NONE',  ( -3.315260485773721547E-15, 7.500000000000002665, 4.231155150283860245 ) ) ;
#998 = DIRECTION ( 'NONE',  ( -0.5015000000000000568, 0.8651576445943247595, 0.000000000000000000 ) ) ;
#999 = CARTESIAN_POINT ( 'NONE',  ( 48.16818712396138835, -0.8763421959344265266, -7.856307249483617724E-15 ) ) ;
#1000 = CARTESIAN_POINT ( 'NONE',  ( 48.07557934322940696, -0.8119313529069727142, 7.500000000000019540 ) ) ;
#1001 = VERTEX_POINT ( 'NONE', #673 ) ;
#1002 = LINE ( 'NONE', #2497, #1797 ) ;
#1003 = CARTESIAN_POINT ( 'NONE',  ( 56.60658630679125025, 3.068584018135610325, 7.500000000000000000 ) ) ;
#1004 = CARTESIAN_POINT ( 'NONE',  ( 61.35007500786679202, 5.818209590368567774, 7.500000000000000000 ) ) ;
#1005 = EDGE_CURVE ( 'NONE', #260, #341, #661, .T. ) ;
#1006 = CARTESIAN_POINT ( 'NONE',  ( 63.57161285335699574, 7.378768899226064271, 7.500000000000003553 ) ) ;
#1007 = B_SPLINE_CURVE_WITH_KNOTS ( 'NONE', 4,
 ( #1775, #447, #498, #1379, #243, #1165, #2449, #1335, #471, #2105, #2089, #2727, #545, #1611, #801, #2709, #133, #2760, #996 ),
 .UNSPECIFIED., .F., .F.,
 ( 5, 1, 1, 1, 1, 1, 1, 1, 1, 1, 1, 1, 1, 1, 1, 5 ),
 ( 0.2469009760683345545, 0.2500000000000000000, 0.2571658271599907564, 0.2643316543968985410, 0.2689444556558915345, 0.2725273506313129479, 0.2761102620191507873, 0.2796931603889648565, 0.2828381193782384395, 0.2864210256288594048, 0.2900039212556416168, 0.2935868280580105072, 0.2981683455953675899, 0.3053341728349673323, 0.3124999999999954481, 0.3164774087444143791 ),
 .UNSPECIFIED. ) ;
#1008 = EDGE_LOOP ( 'NONE', ( #590, #2179, #1242, #1644, #324, #1650 ) ) ;
#1009 = CARTESIAN_POINT ( 'NONE',  ( 46.99415582772253686, -2.495928325026273598, 5.499999999999994671 ) ) ;
#1010 = VECTOR ( 'NONE', #2173, 1000.000000000000000 ) ;
#1011 = CARTESIAN_POINT ( 'NONE',  ( 16.83938947747930115, -5.034338015586119930, 7.343691429818875349 ) ) ;
#1012 = CARTESIAN_POINT ( 'NONE',  ( 21.83153522759931064, -2.871997134022704845, 2.000000000000002665 ) ) ;
#1013 = VERTEX_POINT ( 'NONE', #1973 ) ;
#1014 = CARTESIAN_POINT ( 'NONE',  ( 56.60658630679125025, 3.068584018135610325, 0.000000000000000000 ) ) ;
#1015 =( GEOMETRIC_REPRESENTATION_CONTEXT ( 3 ) GLOBAL_UNCERTAINTY_ASSIGNED_CONTEXT ( ( #2083 ) ) GLOBAL_UNIT_ASSIGNED_CONTEXT ( ( #1642, #1149, #610 ) ) REPRESENTATION_CONTEXT ( 'NONE', 'WORKASPACE' ) );
#1016 = AXIS2_PLACEMENT_3D ( 'NONE', #697, #1578, #1359 ) ;
#1017 = CARTESIAN_POINT ( 'NONE',  ( 0.003909866690764035070, 7.388484118923674515, 4.905615058456186617 ) ) ;
#1018 = CARTESIAN_POINT ( 'NONE',  ( 42.84926623592101436, 2.178513469481039522, -1.040834085586084257E-14 ) ) ;
#1019 = CARTESIAN_POINT ( 'NONE',  ( 48.13733117721897514, -0.8548463006297908340, 7.500000000000005329 ) ) ;
#1020 = ORIENTED_EDGE ( 'NONE', *, *, #1470, .F. ) ;
#1021 = CARTESIAN_POINT ( 'NONE',  ( 48.54692710622351370, -1.358192835108169572, 7.500000000000064837 ) ) ;
#1022 = CARTESIAN_POINT ( 'NONE',  ( 0.000000000000000000, -7.500000000000000000, 7.500000000000000000 ) ) ;
#1023 = CARTESIAN_POINT ( 'NONE',  ( 55.99655832602603311, 3.072249933834727109, 7.500000000000001776 ) ) ;
#1024 = DIRECTION ( 'NONE',  ( 1.000000000000000000, 0.000000000000000000, 0.000000000000000000 ) ) ;
#1025 = CARTESIAN_POINT ( 'NONE',  ( 59.56030961269093638, 5.027545850369756764, 7.500000000000001776 ) ) ;
#1026 = ORIENTED_EDGE ( 'NONE', *, *, #1386, .T. ) ;
#1027 = DIRECTION ( 'NONE',  ( -0.8651576445943247595, -0.5015000000000000568, 0.000000000000000000 ) ) ;
#1028 = EDGE_CURVE ( 'NONE', #2453, #2418, #1048, .T. ) ;
#1029 = CARTESIAN_POINT ( 'NONE',  ( 20.67628401571338159, -3.916759215429717056, 2.000000000000003997 ) ) ;
#1030 = ORIENTED_EDGE ( 'NONE', *, *, #2678, .T. ) ;
#1031 = CARTESIAN_POINT ( 'NONE',  ( 50.83914017764025317, -0.2745919503013692919, 7.500000000000000888 ) ) ;
#1032 = CARTESIAN_POINT ( 'NONE',  ( 61.73452738711225152, 6.357903199559977736, -1.734723475976807094E-15 ) ) ;
#1033 = CIRCLE ( 'NONE', #1311, 1.749999999999999778 ) ;
#1034 = CARTESIAN_POINT ( 'NONE',  ( 16.51515897714052272, -6.157317281037063772, 0.7439190597990675835 ) ) ;
#1035 = DIRECTION ( 'NONE',  ( -0.8651576445943247595, -0.5015000000000000568, 0.000000000000000000 ) ) ;
#1036 = CARTESIAN_POINT ( 'NONE',  ( 18.38960790720565441, -6.102953149281876932, 5.499999999999991118 ) ) ;
#1037 = VERTEX_POINT ( 'NONE', #1984 ) ;
#1038 = CARTESIAN_POINT ( 'NONE',  ( 57.49289971320254011, 3.707674706778698148, 7.500000000000001776 ) ) ;
#1039 = CARTESIAN_POINT ( 'NONE',  ( 53.91189573456975381, 1.907286505536984755, 1.694065894508600678E-18 ) ) ;
#1040 = CARTESIAN_POINT ( 'NONE',  ( 20.60999999999999943, -3.979999999999998206, 5.500000051086403552 ) ) ;
#1041 = CARTESIAN_POINT ( 'NONE',  ( 63.79503638132326415, 7.515929565095748721, 7.500000000000003553 ) ) ;
#1042 = LINE ( 'NONE', #1702, #2169 ) ;
#1043 = CARTESIAN_POINT ( 'NONE',  ( 16.74795511932425285, -5.196035325920064452, 7.290015263628099262 ) ) ;
#1044 = CARTESIAN_POINT ( 'NONE',  ( 20.46217118075319519, -4.121341548816117140, 2.000000000000002665 ) ) ;
#1045 = ORIENTED_EDGE ( 'NONE', *, *, #1260, .F. ) ;
#1046 = CARTESIAN_POINT ( 'NONE',  ( 50.64172945282701477, -0.2610737880105885589, -2.602085213965210642E-15 ) ) ;
#1047 = CARTESIAN_POINT ( 'NONE',  ( 62.31887773214733528, 6.419974165840700131, 7.500000000000007994 ) ) ;
#1048 = B_SPLINE_CURVE_WITH_KNOTS ( 'NONE', 3,
 ( #2188, #901, #219, #2427, #1961, #913, #890, #1542, #1791, #453, #2212, #2416, #238, #6, #229, #1110 ),
 .UNSPECIFIED., .F., .F.,
 ( 4, 2, 2, 2, 2, 2, 2, 4 ),
 ( 8.974485758557926756E-16, 0.002076690998298414380, 0.004153381996595912826, 0.005191727495744660748, 0.006230072994893407802, 0.007268418494042157459, 0.007787591243616531420, 0.008306763993190904513 ),
 .UNSPECIFIED. ) ;
#1049 = CARTESIAN_POINT ( 'NONE',  ( 48.00453221059574815, -1.458556602012140546, 6.928714156669554924 ) ) ;
#1050 = EDGE_CURVE ( 'NONE', #2009, #2592, #1769, .T. ) ;
#1051 = CARTESIAN_POINT ( 'NONE',  ( 48.21961457753688762, -0.9121670034301493368, -1.040834085586084257E-14 ) ) ;
#1052 = CARTESIAN_POINT ( 'NONE',  ( 19.85093941491937031, -1.953413875092379737, 7.499999999999998224 ) ) ;
#1053 = ORIENTED_EDGE ( 'NONE', *, *, #1807, .T. ) ;
#1054 = CARTESIAN_POINT ( 'NONE',  ( 60.30092430153386829, 5.313245521980025643, 5.204170427930421283E-15 ) ) ;
#1055 = CARTESIAN_POINT ( 'NONE',  ( 50.10293305516049145, -0.2667316132676267881, 7.500000000000001776 ) ) ;
#1056 = DIRECTION ( 'NONE',  ( -0.000000000000000000, -0.000000000000000000, -1.000000000000000000 ) ) ;
#1057 = CARTESIAN_POINT ( 'NONE',  ( 63.62399635220423733, 7.425578170722133997, 7.500000000000003553 ) ) ;
#1058 = CARTESIAN_POINT ( 'NONE',  ( 47.54954764301920278, -2.882825199280369954, 5.499999999999992006 ) ) ;
#1059 = ORIENTED_EDGE ( 'NONE', *, *, #1089, .F. ) ;
#1060 = CARTESIAN_POINT ( 'NONE',  ( 21.18327695776273245, 8.837540015516619718, 3.500000000000003109 ) ) ;
#1061 = CARTESIAN_POINT ( 'NONE',  ( 62.37873625407512179, 6.414486604807785319, 7.500000000000007994 ) ) ;
#1062 = VECTOR ( 'NONE', #1861, 1000.000000000000000 ) ;
#1063 = CARTESIAN_POINT ( 'NONE',  ( 0.000000000000000000, -7.500000000000000000, 3.499999999999999556 ) ) ;
#1064 = CARTESIAN_POINT ( 'NONE',  ( 19.16184420435080327, -2.597544190456007929, -1.040834085586084099E-14 ) ) ;
#1065 = CARTESIAN_POINT ( 'NONE',  ( 19.33475151679737536, -2.432613830899503338, 7.499999999999998224 ) ) ;
#1066 = EDGE_CURVE ( 'NONE', #1001, #329, #517, .T. ) ;
#1067 = VECTOR ( 'NONE', #1661, 1000.000000000000000 ) ;
#1068 = CARTESIAN_POINT ( 'NONE',  ( 28.92212037999334484, 9.530577420492731378, 4.000000000000003553 ) ) ;
#1069 = CARTESIAN_POINT ( 'NONE',  ( 60.45443451484748465, 5.299039943505063022, 5.204170427930421283E-15 ) ) ;
#1070 = CARTESIAN_POINT ( 'NONE',  ( 47.96314947111689264, -1.490810610806893255, 0.6213915420363872455 ) ) ;
#1071 = B_SPLINE_SURFACE_WITH_KNOTS ( 'NONE', 4, 1, ( 
 ( #1489, #811 ),
 ( #2099, #1685 ),
 ( #2832, #2602 ),
 ( #854, #1730 ),
 ( #2375, #2347 ),
 ( #608, #1669 ),
 ( #1041, #2614 ),
 ( #340, #374 ),
 ( #2805, #621 ),
 ( #1057, #128 ),
 ( #1006, #1887 ),
 ( #2330, #2771 ),
 ( #2553, #574 ),
 ( #2387, #1781 ),
 ( #2844, #2663 ),
 ( #2653, #2007 ),
 ( #1330, #865 ) ),
 .UNSPECIFIED., .F., .F., .F.,
 ( 5, 1, 1, 1, 1, 1, 1, 1, 1, 1, 1, 1, 1, 5 ),
 ( 2, 2 ),
 ( 0.005891918846889041862, 0.01346176283848848215, 0.02103366234260502232, 0.02483837112176480108, 0.02864308441618242107, 0.03244780495374261636, 0.03500512625524522525, 0.03754159668070978367, 0.04073304350279332436, 0.04453777014672160445, 0.04834245348869767311, 0.05401201625310891874, 0.06162144378017526958, 0.06651225934081386737 ),
 ( 0.000000000000000000, 1.000000000000000000 ),
 .UNSPECIFIED. ) ;
#1072 = VECTOR ( 'NONE', #919, 1000.000000000000000 ) ;
#1073 = CARTESIAN_POINT ( 'NONE',  ( -9.250000000000000000, 2.143131898507868544E-16, 0.000000000000000000 ) ) ;
#1074 = CARTESIAN_POINT ( 'NONE',  ( -11.00000000000000000, 0.000000000000000000, 7.500000000000000000 ) ) ;
#1075 = CARTESIAN_POINT ( 'NONE',  ( 42.70265860196705177, 0.04129015275033097454, 5.499999999999991118 ) ) ;
#1076 = EDGE_LOOP ( 'NONE', ( #726, #345, #2390, #578 ) ) ;
#1077 = CARTESIAN_POINT ( 'NONE',  ( 10.33447008643248921, 8.197920518164332648, 5.204170427932509398E-15 ) ) ;
#1078 = CARTESIAN_POINT ( 'NONE',  ( 61.37572665879577016, 5.871949777849094332, -1.734723475976807094E-15 ) ) ;
#1079 = CIRCLE ( 'NONE', #2679, 4.000000000000000000 ) ;
#1080 = CARTESIAN_POINT ( 'NONE',  ( 47.94573164736704740, -1.506066236063603681, 6.856122139575603569 ) ) ;
#1081 = CARTESIAN_POINT ( 'NONE',  ( 41.37172641923324079, 2.786179010759354480, -1.040834085586084572E-14 ) ) ;
#1082 = CARTESIAN_POINT ( 'NONE',  ( 19.18911423568595964, -2.571469787224029080, 7.500000000000001776 ) ) ;
#1083 = FACE_OUTER_BOUND ( 'NONE', #2456, .T. ) ;
#1084 = CARTESIAN_POINT ( 'NONE',  ( 59.38039188012114522, 4.676456869334032262, 5.204170427930421283E-15 ) ) ;
#1085 = CARTESIAN_POINT ( 'NONE',  ( 47.56586252697433537, -2.154095042031798801, 1.392727127497480621 ) ) ;
#1086 = EDGE_CURVE ( 'NONE', #52, #2605, #710, .T. ) ;
#1087 = CARTESIAN_POINT ( 'NONE',  ( 50.28444803177946909, -0.2349236644407238506, 1.694065894508600678E-18 ) ) ;
#1088 = CARTESIAN_POINT ( 'NONE',  ( 12.90529714691014007, -22.26344263691053982, 0.000000000000000000 ) ) ;
#1089 = EDGE_CURVE ( 'NONE', #1421, #1398, #1621, .T. ) ;
#1090 = CARTESIAN_POINT ( 'NONE',  ( 29.39637710807507176, 1.459810740553086461, 5.499999999999991118 ) ) ;
#1091 = ORIENTED_EDGE ( 'NONE', *, *, #2215, .F. ) ;
#1092 = CARTESIAN_POINT ( 'NONE',  ( 53.86644280408916075, 6.748072245360996035, 4.770489558936219510E-15 ) ) ;
#1093 = CARTESIAN_POINT ( 'NONE',  ( 47.74774911473658534, -1.790386746873906532, 6.509683283640717022 ) ) ;
#1094 = CARTESIAN_POINT ( 'NONE',  ( 20.07506673479254644, -1.751109035837465688, -1.040834085586084572E-14 ) ) ;
#1095 = CARTESIAN_POINT ( 'NONE',  ( 27.30309621675274556, 2.845983110412648287, 7.500000000000001776 ) ) ;
#1096 = CARTESIAN_POINT ( 'NONE',  ( -11.00000000000000000, -7.500000000000000000, 4.000000000000000000 ) ) ;
#1097 = CARTESIAN_POINT ( 'NONE',  ( 48.68923219399839297, -1.239426804621909239, 7.500000000000001776 ) ) ;
#1098 = CARTESIAN_POINT ( 'NONE',  ( 50.81870739502836898, -0.2740517273276366628, 1.694065894508600678E-18 ) ) ;
#1099 = CARTESIAN_POINT ( 'NONE',  ( 53.49352779160158633, 1.297282056995277655, 7.500000000000001776 ) ) ;
#1100 = CARTESIAN_POINT ( 'NONE',  ( 38.92192249814301874, 1.485109525744865433, 5.499999999999992006 ) ) ;
#1101 = EDGE_CURVE ( 'NONE', #2555, #2822, #521, .T. ) ;
#1102 = ORIENTED_EDGE ( 'NONE', *, *, #1194, .T. ) ;
#1103 = CARTESIAN_POINT ( 'NONE',  ( 61.89079991616761589, 10.48543449797702465, 7.499999999994124700 ) ) ;
#1104 = CARTESIAN_POINT ( 'NONE',  ( 13.98999999999999844, -7.500000000000002665, 3.500000000000003109 ) ) ;
#1105 = CARTESIAN_POINT ( 'NONE',  ( 19.55467008321913980, -2.225869816939073154, -1.040834085586084572E-14 ) ) ;
#1106 = CARTESIAN_POINT ( 'NONE',  ( 29.58425748775966468, 3.589375259376156979, 7.500000000000001776 ) ) ;
#1107 = VECTOR ( 'NONE', #365, 1000.000000000000000 ) ;
#1108 = VECTOR ( 'NONE', #1356, 1000.000000000000000 ) ;
#1109 = CARTESIAN_POINT ( 'NONE',  ( 47.79092409939528352, -1.710226152892648788, 0.8998651408679922969 ) ) ;
#1110 = CARTESIAN_POINT ( 'NONE',  ( 57.90515320448418635, 10.37000000000000455, 3.500000000000003109 ) ) ;
#1111 = CARTESIAN_POINT ( 'NONE',  ( 20.49859825386930368, -4.086508959264570251, 5.499999999999992895 ) ) ;
#1112 = ORIENTED_EDGE ( 'NONE', *, *, #623, .T. ) ;
#1113 = CARTESIAN_POINT ( 'NONE',  ( 51.03934052774204133, 10.15702831384954585, 4.000000000000003553 ) ) ;
#1114 = EDGE_CURVE ( 'NONE', #2034, #650, #63, .T. ) ;
#1115 = CARTESIAN_POINT ( 'NONE',  ( 19.19820429449109866, -2.562778370367151837, -1.040834085586084572E-14 ) ) ;
#1116 = AXIS2_PLACEMENT_3D ( 'NONE', #1316, #1541, #2613 ) ;
#1117 = LINE ( 'NONE', #2684, #652 ) ;
#1118 = AXIS2_PLACEMENT_3D ( 'NONE', #2500, #1903, #2346 ) ;
#1119 = DIRECTION ( 'NONE',  ( -1.000000000000000000, 0.000000000000000000, -0.000000000000000000 ) ) ;
#1120 = CARTESIAN_POINT ( 'NONE',  ( 46.80026871415905276, 0.04983535120998947715, 7.500000000000002665 ) ) ;
#1121 = CARTESIAN_POINT ( 'NONE',  ( 54.68333472920637206, 1.953745962683786530, 7.500000000000000000 ) ) ;
#1122 = ORIENTED_EDGE ( 'NONE', *, *, #2227, .F. ) ;
#1123 = CARTESIAN_POINT ( 'NONE',  ( 21.37579835560326913, 5.342812894647699373, 7.500000000000005329 ) ) ;
#1124 = CARTESIAN_POINT ( 'NONE',  ( 46.92602571485532081, -2.448597453182203232, 2.000000000000007105 ) ) ;
#1125 = FACE_OUTER_BOUND ( 'NONE', #538, .T. ) ;
#1126 = EDGE_CURVE ( 'NONE', #2044, #1665, #18, .T. ) ;
#1127 = LINE ( 'NONE', #499, #1975 ) ;
#1128 = CARTESIAN_POINT ( 'NONE',  ( 47.56926553716469641, -2.148578077663025443, 7.500000000000063949 ) ) ;
#1129 = CARTESIAN_POINT ( 'NONE',  ( 0.006268429682917081233, 7.321213991591380754, 2.372111812062100089 ) ) ;
#1130 = CARTESIAN_POINT ( 'NONE',  ( 48.49726551254087070, -1.358139948226990468, 0.2072341548760013030 ) ) ;
#1131 = CARTESIAN_POINT ( 'NONE',  ( 51.62245415077485688, 0.3627153093261023531, 1.694065894508600678E-18 ) ) ;
#1132 = EDGE_LOOP ( 'NONE', ( #1147, #559, #1557, #1849, #2496 ) ) ;
#1133 = DIRECTION ( 'NONE',  ( -0.000000000000000000, 0.000000000000000000, 1.000000000000000000 ) ) ;
#1134 = VERTEX_POINT ( 'NONE', #1635 ) ;
#1135 = CARTESIAN_POINT ( 'NONE',  ( 10.33447008643215348, 8.197920518169986792, 4.000000000000003553 ) ) ;
#1136 = CARTESIAN_POINT ( 'NONE',  ( 46.34687454626310910, -2.055163816446946790, 1.999999999999998668 ) ) ;
#1137 = CARTESIAN_POINT ( 'NONE',  ( 16.51515897714052272, -6.157317281037063772, 0.7439190597990675835 ) ) ;
#1138 = CARTESIAN_POINT ( 'NONE',  ( 53.69333587328406310, 1.689583329852512250, 7.500000000000003553 ) ) ;
#1139 = CARTESIAN_POINT ( 'NONE',  ( -5.112637930067753453E-17, 7.500000000000000000, 3.500000000000003109 ) ) ;
#1140 = CARTESIAN_POINT ( 'NONE',  ( 63.35125948330335177, 7.026265489615086679, 7.500000000000000888 ) ) ;
#1141 = CIRCLE ( 'NONE', #1417, 7.500000000000000000 ) ;
#1142 = EDGE_CURVE ( 'NONE', #52, #108, #2261, .T. ) ;
#1143 = ORIENTED_EDGE ( 'NONE', *, *, #636, .F. ) ;
#1144 = CARTESIAN_POINT ( 'NONE',  ( 49.58480765857097339, -0.9263660764945238490, 7.500000000000001776 ) ) ;
#1145 = CARTESIAN_POINT ( 'NONE',  ( 52.76077419930724233, 0.8393084821058833800, 7.500000000000000000 ) ) ;
#1146 = CARTESIAN_POINT ( 'NONE',  ( 52.36823797908834166, 0.8711438103703135205, 1.694065894508600678E-18 ) ) ;
#1147 = ORIENTED_EDGE ( 'NONE', *, *, #1825, .F. ) ;
#1148 = CARTESIAN_POINT ( 'NONE',  ( 49.52347640342998147, -1.037233705876447809, -2.602085213965210642E-15 ) ) ;
#1149 =( NAMED_UNIT ( * ) PLANE_ANGLE_UNIT ( ) SI_UNIT ( $, .RADIAN. ) );
#1150 = CARTESIAN_POINT ( 'NONE',  ( 19.08003195813080666, -2.675765134616975516, -1.040834085586084257E-14 ) ) ;
#1151 = CARTESIAN_POINT ( 'NONE',  ( 17.00746868458326233, -4.657376735082733532, 7.499999999999999112 ) ) ;
#1152 = CARTESIAN_POINT ( 'NONE',  ( 53.91189573456975381, 1.907286505536984755, 7.500000000000003553 ) ) ;
#1153 = PLANE ( 'NONE',  #641 ) ;
#1154 = CARTESIAN_POINT ( 'NONE',  ( 37.39157380162692590, 3.876591895440161029, -0.000000000000000000 ) ) ;
#1155 = CARTESIAN_POINT ( 'NONE',  ( 63.90623457746168157, 7.543054982887267279, 7.464028525499481148 ) ) ;
#1156 = CARTESIAN_POINT ( 'NONE',  ( 21.40587749885174418, -3.244125750277982334, 5.499999999999992006 ) ) ;
#1157 = ORIENTED_EDGE ( 'NONE', *, *, #853, .F. ) ;
#1158 = CARTESIAN_POINT ( 'NONE',  ( 16.52272573066474237, -5.793202442785737816, 0.4859740962766277428 ) ) ;
#1159 = VECTOR ( 'NONE', #1418, 1000.000000000000000 ) ;
#1160 = EDGE_LOOP ( 'NONE', ( #1619, #1893 ) ) ;
#1161 = CARTESIAN_POINT ( 'NONE',  ( 51.49669882938724186, 0.1065705411738415015, 7.500000000000001776 ) ) ;
#1162 = CARTESIAN_POINT ( 'NONE',  ( 20.64611207670867188, -1.252418328684122839, 0.000000000000000000 ) ) ;
#1163 = CARTESIAN_POINT ( 'NONE',  ( 18.68006360709532032, -3.058181408391065226, -1.040834085586084099E-14 ) ) ;
#1164 = CARTESIAN_POINT ( 'NONE',  ( 51.89810583087109563, 0.7560810173925675004, 7.500000000000001776 ) ) ;
#1165 = CARTESIAN_POINT ( 'NONE',  ( 60.07791117598953434, 5.322190108446164025, 1.694065894508600678E-18 ) ) ;
#1166 = CARTESIAN_POINT ( 'NONE',  ( 53.49352778982844114, 1.297282053365341969, -5.204170427930421283E-15 ) ) ;
#1167 = CARTESIAN_POINT ( 'NONE',  ( 47.13622015271141663, -0.1806653071209311512, 0.000000000000000000 ) ) ;
#1168 = CARTESIAN_POINT ( 'NONE',  ( 48.13693156384001526, -1.391166238933312593, 0.4402970840003769815 ) ) ;
#1169 = CARTESIAN_POINT ( 'NONE',  ( 39.62487461590246340, 1.272666503234248125, 5.499999999999991118 ) ) ;
#1170 = ORIENTED_EDGE ( 'NONE', *, *, #738, .F. ) ;
#1171 = CARTESIAN_POINT ( 'NONE',  ( 17.24503023439458715, -4.475018805963770774, 0.03236526903346712697 ) ) ;
#1172 = CARTESIAN_POINT ( 'NONE',  ( 57.66072807038219850, 3.991375052987086391, 7.500000000000001776 ) ) ;
#1173 = ORIENTED_EDGE ( 'NONE', *, *, #1448, .T. ) ;
#1174 = CARTESIAN_POINT ( 'NONE',  ( 52.01904161432463525, 0.8249842034424610393, 0.000000000000000000 ) ) ;
#1175 = ADVANCED_FACE ( 'NONE', ( #2514 ), #2677, .T. ) ;
#1176 = CARTESIAN_POINT ( 'NONE',  ( 20.93848454356767519, -1.010307946217894548, 0.000000000000000000 ) ) ;
#1177 = CARTESIAN_POINT ( 'NONE',  ( 18.46189905198506764, -3.266772103176932340, -1.040834085586084572E-14 ) ) ;
#1178 = CARTESIAN_POINT ( 'NONE',  ( 55.75677402063612931, 2.935641350625566304, 7.500000000000013323 ) ) ;
#1179 = CARTESIAN_POINT ( 'NONE',  ( 60.26734068419949608, 9.321451583281431752, 6.569620667256733881 ) ) ;
#1180 = DIRECTION ( 'NONE',  ( 0.000000000000000000, 0.000000000000000000, 1.000000000000000000 ) ) ;
#1181 = CARTESIAN_POINT ( 'NONE',  ( 12.90529714691014007, -22.26344263691053982, -66.74003574944600814 ) ) ;
#1182 = CARTESIAN_POINT ( 'NONE',  ( 28.64582687236339709, 3.317415883894640594, -0.000000000000000000 ) ) ;
#1183 = FILL_AREA_STYLE ('',( #2271 ) ) ;
#1184 = CARTESIAN_POINT ( 'NONE',  ( 48.06528082977288818, -0.8047914463101665250, 7.499999999999989342 ) ) ;
#1185 = ORIENTED_EDGE ( 'NONE', *, *, #2414, .F. ) ;
#1186 = CARTESIAN_POINT ( 'NONE',  ( 64.10502071871438545, 7.548923595993233704, 0.03598754544237893482 ) ) ;
#1187 = CARTESIAN_POINT ( 'NONE',  ( 60.71459511941733211, 6.949900962305926910, 4.770489558936220298E-15 ) ) ;
#1188 = DIRECTION ( 'NONE',  ( -0.000000000000000000, 0.000000000000000000, 1.000000000000000000 ) ) ;
#1189 = CARTESIAN_POINT ( 'NONE',  ( 13.98999999999999844, -7.500000000000002665, 4.000000000000003553 ) ) ;
#1190 = EDGE_LOOP ( 'NONE', ( #416, #2598, #1988, #739, #402, #97 ) ) ;
#1191 = LINE ( 'NONE', #944, #1942 ) ;
#1192 = DIRECTION ( 'NONE',  ( -0.000000000000000000, -0.000000000000000000, -1.000000000000000000 ) ) ;
#1193 = CARTESIAN_POINT ( 'NONE',  ( 46.99999999999999289, -2.500000000000009326, 1.999999995368193062 ) ) ;
#1194 = EDGE_CURVE ( 'NONE', #2617, #1712, #1822, .T. ) ;
#1195 = CARTESIAN_POINT ( 'NONE',  ( 21.54710186149191387, -3.119036796616455387, 2.000000000000000888 ) ) ;
#1196 = VECTOR ( 'NONE', #66, 1000.000000000000000 ) ;
#1197 = CARTESIAN_POINT ( 'NONE',  ( 55.48814318213312902, 2.490045473202150639, 1.694065894508600678E-18 ) ) ;
#1198 = CARTESIAN_POINT ( 'NONE',  ( 12.90529714691014007, -22.26344263691053982, 7.500000000000000000 ) ) ;
#1199 = DIRECTION ( 'NONE',  ( -0.8651576445943247595, -0.5015000000000000568, 0.000000000000000000 ) ) ;
#1200 = CARTESIAN_POINT ( 'NONE',  ( 47.62623226696899081, -0.5039999875391432127, -0.000000000000000000 ) ) ;
#1201 = EDGE_CURVE ( 'NONE', #260, #1473, #2724, .T. ) ;
#1202 = CARTESIAN_POINT ( 'NONE',  ( 48.28132728296387199, -0.9551572319450548632, -1.040834085586084257E-14 ) ) ;
#1203 = CARTESIAN_POINT ( 'NONE',  ( 48.28132728296387199, -0.9551572319450466475, 7.499999999999998224 ) ) ;
#1204 = ORIENTED_EDGE ( 'NONE', *, *, #167, .F. ) ;
#1205 = CARTESIAN_POINT ( 'NONE',  ( 58.44790420476188331, 4.190853001450031812, 7.500000000000001776 ) ) ;
#1206 = CARTESIAN_POINT ( 'NONE',  ( 16.73513956129369973, -5.218416200449872200, 0.2173032126394422170 ) ) ;
#1207 = DIRECTION ( 'NONE',  ( -0.000000000000000000, -0.000000000000000000, -1.000000000000000000 ) ) ;
#1208 = CARTESIAN_POINT ( 'NONE',  ( 11.00000000000000000, 0.000000000000000000, 7.500000000000000000 ) ) ;
#1209 = ORIENTED_EDGE ( 'NONE', *, *, #483, .F. ) ;
#1210 = CARTESIAN_POINT ( 'NONE',  ( 62.37873625409186218, 6.414486602084465972, 7.500000000000000000 ) ) ;
#1211 = DIRECTION ( 'NONE',  ( -0.000000000000000000, 0.000000000000000000, 1.000000000000000000 ) ) ;
#1212 = CARTESIAN_POINT ( 'NONE',  ( 20.62476012742335385, -3.965893419906239892, 2.000000000000003553 ) ) ;
#1213 = CARTESIAN_POINT ( 'NONE',  ( 55.64899378641968752, 2.802237503358260273, 7.500000000000013323 ) ) ;
#1214 = CARTESIAN_POINT ( 'NONE',  ( 62.09946480865389873, 8.508192319812625470, 7.157960295854592481 ) ) ;
#1215 = B_SPLINE_CURVE_WITH_KNOTS ( 'NONE', 4,
 ( #1918, #125, #1902, #1868, #2785, #2130, #838, #2373, #158, #190, #1486, #2112, #1023, #1714, #809, #2752, #823, #1502, #1653, #1003 ),
 .UNSPECIFIED., .F., .F.,
 ( 5, 1, 1, 1, 1, 1, 1, 1, 1, 1, 1, 1, 1, 1, 1, 1, 5 ),
 ( 0.4302498804763134066, 0.4303418818343071606, 0.4375077089993353874, 0.4446735361643635032, 0.4518393634039631901, 0.4564208809413203283, 0.4600037877436892741, 0.4635866833704714307, 0.4671695896210925070, 0.4703145486103659789, 0.4738974469801800482, 0.4774803583680178876, 0.4810632533434393010, 0.4856760546024322944, 0.4928418818393400236, 0.5000077089993307800, 0.5062865826926843393 ),
 .UNSPECIFIED. ) ;
#1216 = CARTESIAN_POINT ( 'NONE',  ( 48.34941836580428998, -1.354836474133671809, 7.210971861851173337 ) ) ;
#1217 = CARTESIAN_POINT ( 'NONE',  ( 37.13014334013977447, 3.919772663852203465, -0.000000000000000000 ) ) ;
#1218 = DIRECTION ( 'NONE',  ( 0.000000000000000000, -0.000000000000000000, -1.000000000000000000 ) ) ;
#1219 = CARTESIAN_POINT ( 'NONE',  ( 41.37172641923324079, 2.786179010759355368, 7.500000000000003553 ) ) ;
#1220 = EDGE_CURVE ( 'NONE', #2555, #985, #2586, .T. ) ;
#1221 = ORIENTED_EDGE ( 'NONE', *, *, #869, .F. ) ;
#1222 = CARTESIAN_POINT ( 'NONE',  ( 64.30315289188565941, 7.530000000000379501, 0.03251435659024082270 ) ) ;
#1223 = CARTESIAN_POINT ( 'NONE',  ( 49.96793463604722518, -0.3305328470636912930, 7.500000000000001776 ) ) ;
#1224 = DIRECTION ( 'NONE',  ( 1.000000000000000000, 0.000000000000000000, 0.000000000000000000 ) ) ;
#1225 = CARTESIAN_POINT ( 'NONE',  ( 48.91867151974177830, -1.387816835275515359, 0.000000000000000000 ) ) ;
#1226 = ORIENTED_EDGE ( 'NONE', *, *, #1086, .F. ) ;
#1227 = CARTESIAN_POINT ( 'NONE',  ( 47.38498042854718051, -2.768184589907286774, 5.499999999999991118 ) ) ;
#1228 = CARTESIAN_POINT ( 'NONE',  ( 16.55845250199476126, -5.682891092486752171, 7.069076477901440114 ) ) ;
#1229 = CARTESIAN_POINT ( 'NONE',  ( 35.39168878435692278, 2.116586180165568098, 2.000000000000003553 ) ) ;
#1230 = ORIENTED_EDGE ( 'NONE', *, *, #2396, .T. ) ;
#1231 = CARTESIAN_POINT ( 'NONE',  ( 51.68050165467711565, 0.4797003165613549780, 7.500000000000001776 ) ) ;
#1232 = CARTESIAN_POINT ( 'NONE',  ( 56.16659534971827838, 3.096881761434667091, 1.694065894508600678E-18 ) ) ;
#1233 = CARTESIAN_POINT ( 'NONE',  ( 48.86399631907797669, -1.386743050183762538, 7.478937238769766793 ) ) ;
#1234 = CARTESIAN_POINT ( 'NONE',  ( 48.44589449743588716, -1.069797841318135045, -1.040834085586084257E-14 ) ) ;
#1235 = CARTESIAN_POINT ( 'NONE',  ( 48.15790166519174420, -0.8691771730290381859, 7.499999999999994671 ) ) ;
#1236 = ORIENTED_EDGE ( 'NONE', *, *, #2243, .F. ) ;
#1237 = CARTESIAN_POINT ( 'NONE',  ( 59.45218268113766413, 4.827634570166685180, 5.204170427930421283E-15 ) ) ;
#1238 = CARTESIAN_POINT ( 'NONE',  ( 53.47288682049275366, 1.257558844316460034, 1.694065894508600678E-18 ) ) ;
#1239 = ADVANCED_FACE ( 'NONE', ( #771 ), #174, .F. ) ;
#1240 = CARTESIAN_POINT ( 'NONE',  ( 13.98999999999999844, -7.500000000000002665, 4.000000000000003553 ) ) ;
#1241 = CARTESIAN_POINT ( 'NONE',  ( 12.90529714691014007, -22.26344263691053982, -66.74003574944600814 ) ) ;
#1242 = ORIENTED_EDGE ( 'NONE', *, *, #67, .T. ) ;
#1243 = FACE_OUTER_BOUND ( 'NONE', #794, .T. ) ;
#1244 = CARTESIAN_POINT ( 'NONE',  ( 16.50758591079814863, -6.070033754646985358, 6.824401959763385150 ) ) ;
#1245 = CARTESIAN_POINT ( 'NONE',  ( 21.97454613307063909, -2.750215406506114402, 2.000000000000000888 ) ) ;
#1246 = ORIENTED_EDGE ( 'NONE', *, *, #1848, .F. ) ;
#1247 = FACE_OUTER_BOUND ( 'NONE', #172, .T. ) ;
#1248 = CARTESIAN_POINT ( 'NONE',  ( 55.86755364770538534, 3.019940679042733667, 1.694065894508600678E-18 ) ) ;
#1249 = LINE ( 'NONE', #2074, #1062 ) ;
#1250 = B_SPLINE_SURFACE_WITH_KNOTS ( 'NONE', 4, 1, ( 
 ( #2769, #1437 ),
 ( #2313, #338 ),
 ( #1823, #716 ),
 ( #291, #1591 ),
 ( #99, #1997 ),
 ( #2082, #141 ),
 ( #1469, #74 ),
 ( #2272, #298 ),
 ( #2491, #763 ),
 ( #2071, #277 ),
 ( #330, #1894 ),
 ( #1178, #2285 ),
 ( #544, #1427 ),
 ( #1213, #979 ),
 ( #496, #2052 ),
 ( #1392, #1594 ),
 ( #2267, #311 ),
 ( #1859, #102 ),
 ( #2742, #2321 ),
 ( #565, #995 ) ),
 .UNSPECIFIED., .F., .F., .F.,
 ( 5, 1, 1, 1, 1, 1, 1, 1, 1, 1, 1, 1, 1, 1, 1, 1, 5 ),
 ( 2, 2 ),
 ( 0.4937211259895879500, 0.5000000000000000000, 0.5071658271599908119, 0.5143316543968985410, 0.5189444556558915345, 0.5225273506313129479, 0.5261102620191507873, 0.5296931603889648565, 0.5328381193782383285, 0.5364210256288594048, 0.5400039212556415613, 0.5435868280580105072, 0.5481683455953676454, 0.5553341728349673323, 0.5624999999999954481, 0.5696658271650236749, 0.5697578285230073813 ),
 ( 0.000000000000000000, 1.000000000000000000 ),
 .UNSPECIFIED. ) ;
#1251 = CARTESIAN_POINT ( 'NONE',  ( 48.67623426867066883, -1.372928290590099465, 7.382950089438441665 ) ) ;
#1252 = CARTESIAN_POINT ( 'NONE',  ( -11.00000000000000000, 0.000000000000000000, 7.500000000000000000 ) ) ;
#1253 = CARTESIAN_POINT ( 'NONE',  ( 48.01376323506281096, -0.7691400644469803538, 7.499999999999941380 ) ) ;
#1254 = ORIENTED_EDGE ( 'NONE', *, *, #1386, .F. ) ;
#1255 = CARTESIAN_POINT ( 'NONE',  ( 59.98336153136002480, 5.313029783473442791, 5.204170427930421283E-15 ) ) ;
#1256 = CARTESIAN_POINT ( 'NONE',  ( 54.04090041289040869, 1.959595760328977976, 1.694065894508600678E-18 ) ) ;
#1257 = CARTESIAN_POINT ( 'NONE',  ( 62.31887773220898197, 6.419974165835053981, 7.500000000000001776 ) ) ;
#1258 = CARTESIAN_POINT ( 'NONE',  ( 59.45218268238465953, 4.827634572679792235, 7.500000000000001776 ) ) ;
#1259 = CARTESIAN_POINT ( 'NONE',  ( 44.99381768669826442, -1.197807462532132661, 5.500000000000005329 ) ) ;
#1260 = EDGE_CURVE ( 'NONE', #1519, #1506, #1215, .T. ) ;
#1261 = LINE ( 'NONE', #827, #911 ) ;
#1262 = CARTESIAN_POINT ( 'NONE',  ( 20.58038372221013290, -4.008316359207221957, 2.000000000000001332 ) ) ;
#1263 = ORIENTED_EDGE ( 'NONE', *, *, #1749, .F. ) ;
#1264 = CARTESIAN_POINT ( 'NONE',  ( 50.76285438881152601, -0.2716421957676167231, -1.734723475976807094E-15 ) ) ;
#1265 = DIRECTION ( 'NONE',  ( -0.000000000000000000, -0.000000000000000000, -1.000000000000000000 ) ) ;
#1266 = CARTESIAN_POINT ( 'NONE',  ( 48.54833565651477301, -1.361666111007879154, 7.319045220505700833 ) ) ;
#1267 = CARTESIAN_POINT ( 'NONE',  ( 49.18644696255993409, -1.585680583497020457, -1.040834085586084099E-14 ) ) ;
#1268 = CARTESIAN_POINT ( 'NONE',  ( 25.47016284145079368, 2.014237624849171571, 7.499999999999998224 ) ) ;
#1269 = VERTEX_POINT ( 'NONE', #2533 ) ;
#1270 = CARTESIAN_POINT ( 'NONE',  ( 59.38039188012114522, 4.676456869334032262, 7.499999999999998224 ) ) ;
#1271 = DIRECTION ( 'NONE',  ( -0.8651576445943247595, -0.5015000000000000568, 0.000000000000000000 ) ) ;
#1272 = CARTESIAN_POINT ( 'NONE',  ( 54.68333472908147286, 1.953745962611368459, 10.00000000000000178 ) ) ;
#1273 = CARTESIAN_POINT ( 'NONE',  ( 48.91043285011021879, -1.387772894496323461, 1.694065894508600678E-18 ) ) ;
#1274 = CARTESIAN_POINT ( 'NONE',  ( 57.41038420451574353, 3.534516034372780169, 7.500000000000000000 ) ) ;
#1275 = CARTESIAN_POINT ( 'NONE',  ( 19.84403827460745973, -4.712348517376074852, 2.000000000000001332 ) ) ;
#1276 = CARTESIAN_POINT ( 'NONE',  ( -0.5071029491746328333, 7.464397084828829243, 3.500000000000003109 ) ) ;
#1277 = ADVANCED_FACE ( 'NONE', ( #554 ), #1250, .T. ) ;
#1278 = CARTESIAN_POINT ( 'NONE',  ( 61.45879122035523778, 6.042971184090096592, 7.500000000000007994 ) ) ;
#1279 = CARTESIAN_POINT ( 'NONE',  ( 48.13941598540768041, -1.390358878780660667, 7.061786994776814375 ) ) ;
#1280 = CARTESIAN_POINT ( 'NONE',  ( 20.22582810828610533, -1.617569414068066092, -1.040834085586084257E-14 ) ) ;
#1281 = CARTESIAN_POINT ( 'NONE',  ( 26.55747571736497648, 2.533528679825300056, 7.499999999999998224 ) ) ;
#1282 = CARTESIAN_POINT ( 'NONE',  ( 59.66808984690737105, 5.160949697637061462, 5.204170427930421283E-15 ) ) ;
#1283 = CARTESIAN_POINT ( 'NONE',  ( 53.49352779110273559, 1.297282055974042336, 1.694065894508600678E-18 ) ) ;
#1284 = CARTESIAN_POINT ( 'NONE',  ( 32.62872531380941865, 7.511299594386027678, 5.499999999999991118 ) ) ;
#1285 = CARTESIAN_POINT ( 'NONE',  ( 59.72073748341359334, 5.206697711415559482, 7.500000000000001776 ) ) ;
#1286 = CARTESIAN_POINT ( 'NONE',  ( 49.19521978773929050, -4.029231293011213744, 5.499999999999991118 ) ) ;
#1287 = VECTOR ( 'NONE', #1035, 1000.000000000000000 ) ;
#1288 = CARTESIAN_POINT ( 'NONE',  ( 58.12225326285390281, 4.209535934940417334, 1.694065894508600678E-18 ) ) ;
#1289 = EDGE_LOOP ( 'NONE', ( #593, #509, #269, #2235 ) ) ;
#1290 = CARTESIAN_POINT ( 'NONE',  ( 59.28431153816788424, 6.910507123592573464, 4.770489558936219510E-15 ) ) ;
#1291 = FACE_OUTER_BOUND ( 'NONE', #2518, .T. ) ;
#1292 = EDGE_CURVE ( 'NONE', #1037, #812, #1413, .T. ) ;
#1293 = CARTESIAN_POINT ( 'NONE',  ( 47.65244301951982919, -1.987126692814005002, 6.293724322131176940 ) ) ;
#1294 = CARTESIAN_POINT ( 'NONE',  ( 20.60999999999999943, -3.979999999999998206, 1.999999948913588899 ) ) ;
#1295 = CARTESIAN_POINT ( 'NONE',  ( 21.45823362003186574, -0.5868273685996319156, -1.040834085586084099E-14 ) ) ;
#1296 = CARTESIAN_POINT ( 'NONE',  ( 19.44451623777884919, -2.329036982401983202, 7.499999999999998224 ) ) ;
#1297 = ADVANCED_FACE ( 'NONE', ( #210 ), #1933, .T. ) ;
#1298 = CARTESIAN_POINT ( 'NONE',  ( 60.43897859903140102, 5.300390554706085666, 7.499999999999998224 ) ) ;
#1299 = CARTESIAN_POINT ( 'NONE',  ( 34.91333693912660152, 4.187151876714992227, 7.499999999999999112 ) ) ;
#1300 = CARTESIAN_POINT ( 'NONE',  ( 9.250000000000000000, 0.000000000000000000, 7.500000000000000000 ) ) ;
#1301 = CARTESIAN_POINT ( 'NONE',  ( 53.63615956781273297, 1.592354490067102502, 7.500000000000001776 ) ) ;
#1302 = CARTESIAN_POINT ( 'NONE',  ( 20.67628401571336028, -3.916759215429717056, 5.499999999999992895 ) ) ;
#1303 = EDGE_LOOP ( 'NONE', ( #915, #612, #37, #2079 ) ) ;
#1304 = CARTESIAN_POINT ( 'NONE',  ( 21.37579835560326913, 5.342812894647699373, 5.204170427930421283E-15 ) ) ;
#1305 = CARTESIAN_POINT ( 'NONE',  ( 63.66598298730025363, 7.812832544144691305, 7.426146763034237708 ) ) ;
#1306 = VECTOR ( 'NONE', #2187, 1000.000000000000000 ) ;
#1307 = CARTESIAN_POINT ( 'NONE',  ( 47.62035717794231715, -2.053131626019258249, 6.221420381392216647 ) ) ;
#1308 = CARTESIAN_POINT ( 'NONE',  ( 26.79042761273783668, 2.655080351973735819, -0.000000000000000000 ) ) ;
#1309 = CARTESIAN_POINT ( 'NONE',  ( 21.14539607137492538, -0.8373058723544432036, -1.040834085586084572E-14 ) ) ;
#1310 = CARTESIAN_POINT ( 'NONE',  ( 24.41905398479408973, 1.438935631765031031, 7.499999999999998224 ) ) ;
#1311 = AXIS2_PLACEMENT_3D ( 'NONE', #2314, #339, #1224 ) ;
#1312 = CARTESIAN_POINT ( 'NONE',  ( 47.62294723769093707, -2.052577741567032987, -5.724587470723463412E-14 ) ) ;
#1313 = CARTESIAN_POINT ( 'NONE',  ( 38.58624367197074889, 9.810475088606089855, 4.000000000000007105 ) ) ;
#1314 = CARTESIAN_POINT ( 'NONE',  ( 48.02493590893838160, -1.444943064783182241, 0.5484497484596851935 ) ) ;
#1315 = EDGE_CURVE ( 'NONE', #76, #1473, #2150, .T. ) ;
#1316 = CARTESIAN_POINT ( 'NONE',  ( -11.00000000000000000, 0.000000000000000000, 3.499999999999999556 ) ) ;
#1317 = CARTESIAN_POINT ( 'NONE',  ( 60.45443452917086091, 5.299039814926513436, 7.500000000000000000 ) ) ;
#1318 = CARTESIAN_POINT ( 'NONE',  ( 35.39168878435690146, 2.116586180165567210, 5.499999999999992006 ) ) ;
#1319 = ORIENTED_EDGE ( 'NONE', *, *, #1315, .F. ) ;
#1320 = CARTESIAN_POINT ( 'NONE',  ( 61.99338955172937915, 6.986938111857660338, 7.500000000000005329 ) ) ;
#1321 = CARTESIAN_POINT ( 'NONE',  ( 47.88916550085663459, -1.566232246469871470, 6.774433474180264092 ) ) ;
#1322 = CARTESIAN_POINT ( 'NONE',  ( 35.94014301403098699, 4.076768350641044591, -1.040834085586084257E-14 ) ) ;
#1323 = CARTESIAN_POINT ( 'NONE',  ( 34.94660045124248882, 4.144032818492553005, 7.499999999999998224 ) ) ;
#1324 = B_SPLINE_CURVE_WITH_KNOTS ( 'NONE', 4,
 ( #1225, #1504, #1273, #2362, #143 ),
 .UNSPECIFIED., .F., .F.,
 ( 5, 5 ),
 ( 0.9317483313099366171, 0.9321653183825340250 ),
 .UNSPECIFIED. ) ;
#1325 = CARTESIAN_POINT ( 'NONE',  ( 48.91867151974177830, -1.387816835275515359, 0.000000000000000000 ) ) ;
#1326 = CARTESIAN_POINT ( 'NONE',  ( 20.60999999999999943, -3.979999999999998206, 5.500000051086403552 ) ) ;
#1327 = CARTESIAN_POINT ( 'NONE',  ( 48.38995587700357959, -1.031107420444954403, 7.500000000000002665 ) ) ;
#1328 = DIRECTION ( 'NONE',  ( -1.000000000000000000, 0.000000000000000000, 0.000000000000000000 ) ) ;
#1329 = ADVANCED_FACE ( 'NONE', ( #1247 ), #605, .T. ) ;
#1330 = CARTESIAN_POINT ( 'NONE',  ( 63.31630661857013109, 6.952997276556870609, 7.500000000000003553 ) ) ;
#1331 = CARTESIAN_POINT ( 'NONE',  ( 20.54396631043674404, -4.043136906709928979, 5.499999999999990230 ) ) ;
#1332 = ORIENTED_EDGE ( 'NONE', *, *, #2846, .T. ) ;
#1333 = LINE ( 'NONE', #2224, #2716 ) ;
#1334 = CARTESIAN_POINT ( 'NONE',  ( 33.74539509472047172, 4.158232546138535213, -1.040834085586084257E-14 ) ) ;
#1335 = CARTESIAN_POINT ( 'NONE',  ( 59.90787415229728907, 5.297558280846223155, 1.694065894508600678E-18 ) ) ;
#1336 = VECTOR ( 'NONE', #1192, 1000.000000000000000 ) ;
#1337 = DIRECTION ( 'NONE',  ( 0.000000000000000000, 0.000000000000000000, 1.000000000000000000 ) ) ;
#1338 = CARTESIAN_POINT ( 'NONE',  ( 37.81163727697914823, 3.894364633853839575, 7.500000000000000888 ) ) ;
#1339 = CARTESIAN_POINT ( 'NONE',  ( 54.04090041289040869, 1.959595760328977976, 7.500000000000001776 ) ) ;
#1340 = VERTEX_POINT ( 'NONE', #2848 ) ;
#1341 = CARTESIAN_POINT ( 'NONE',  ( 50.28444803177946909, -0.2349236644407238506, -2.602085213965210642E-15 ) ) ;
#1342 = EDGE_CURVE ( 'NONE', #2617, #2605, #1333, .T. ) ;
#1343 = CARTESIAN_POINT ( 'NONE',  ( 0.000000000000000000, 4.000000000000000000, 3.500000000000000000 ) ) ;
#1344 = CARTESIAN_POINT ( 'NONE',  ( 47.13812960683917908, -2.596223675847668222, 2.000000000000001332 ) ) ;
#1345 = CARTESIAN_POINT ( 'NONE',  ( 17.88012690502431568, -3.823013955939285502, 7.499999999999999112 ) ) ;
#1346 = DIRECTION ( 'NONE',  ( -1.000000000000000000, 0.000000000000000000, 0.000000000000000000 ) ) ;
#1347 = CARTESIAN_POINT ( 'NONE',  ( 47.88202362889827413, -1.574932702756146385, 0.7367977133591847583 ) ) ;
#1348 = B_SPLINE_CURVE_WITH_KNOTS ( 'NONE', 2,
 ( #1927, #184, #12 ),
 .UNSPECIFIED., .F., .F.,
 ( 3, 3 ),
 ( 0.000000000000000000, 1.000000000000000000 ),
 .UNSPECIFIED. ) ;
#1349 = CARTESIAN_POINT ( 'NONE',  ( 56.60658630679125025, 3.068584018135610325, 0.000000000000000000 ) ) ;
#1350 = ORIENTED_EDGE ( 'NONE', *, *, #779, .F. ) ;
#1351 = CARTESIAN_POINT ( 'NONE',  ( 49.73227561539573571, -0.6092196737110532334, 7.500000000000000888 ) ) ;
#1352 = ADVANCED_FACE ( 'NONE', ( #2444 ), #60, .T. ) ;
#1353 = CARTESIAN_POINT ( 'NONE',  ( 46.93580175445437419, -2.455375130896430225, 1.999999999999994893 ) ) ;
#1354 = CARTESIAN_POINT ( 'NONE',  ( -11.00000000000000000, 0.000000000000000000, 7.500000000000000000 ) ) ;
#1355 = CARTESIAN_POINT ( 'NONE',  ( 54.64018771595603852, 1.956468305366389604, -5.204170427930421283E-15 ) ) ;
#1356 = DIRECTION ( 'NONE',  ( -0.000000000000000000, -0.000000000000000000, -1.000000000000000000 ) ) ;
#1357 = CARTESIAN_POINT ( 'NONE',  ( 48.90219450119948164, -1.387664985488962666, 7.500000000000001776 ) ) ;
#1358 = ORIENTED_EDGE ( 'NONE', *, *, #925, .T. ) ;
#1359 = DIRECTION ( 'NONE',  ( 0.000000000000000000, -0.000000000000000000, 1.000000000000000000 ) ) ;
#1360 = CARTESIAN_POINT ( 'NONE',  ( 47.67086022416817315, -1.948708904971848677, 6.335724752371466373 ) ) ;
#1361 = EDGE_LOOP ( 'NONE', ( #564, #2264, #903, #1389 ) ) ;
#1362 = CARTESIAN_POINT ( 'NONE',  ( 63.31957297789816863, 6.959855155474400590, 7.500000000000001776 ) ) ;
#1363 = CARTESIAN_POINT ( 'NONE',  ( 43.03496233882819411, -0.1218864021208722753, 2.000000000000000888 ) ) ;
#1364 = LINE ( 'NONE', #2672, #503 ) ;
#1365 = CARTESIAN_POINT ( 'NONE',  ( 54.21093743658264685, 1.984227587928919068, 7.500000000000003553 ) ) ;
#1366 = CARTESIAN_POINT ( 'NONE',  ( -12.75000000000000000, 0.000000000000000000, 0.000000000000000000 ) ) ;
#1367 = CARTESIAN_POINT ( 'NONE',  ( 45.77845936499682722, 0.6604731552867105782, -0.000000000000000000 ) ) ;
#1368 = SURFACE_STYLE_USAGE ( .BOTH. , #58 ) ;
#1369 = CARTESIAN_POINT ( 'NONE',  ( 26.06083274182970655, 0.06530833954310341638, 5.499999999999991118 ) ) ;
#1370 = PRODUCT_RELATED_PRODUCT_CATEGORY ( 'part', '', ( #1548 ) ) ;
#1371 = VERTEX_POINT ( 'NONE', #1362 ) ;
#1372 = CARTESIAN_POINT ( 'NONE',  ( 16.66921935892396078, -5.361798344742073397, 0.2753815222457307588 ) ) ;
#1373 = B_SPLINE_CURVE_WITH_KNOTS ( 'NONE', 3,
 ( #1631, #1432, #1845, #2509, #500, #72, #1647, #785, #280, #2763, #2697, #2306, #950, #1200, #982, #2091, #2477, #1167, #2290, #1410, #1367, #486, #105, #120, #316, #334, #1381, #265, #1863, #2076, #2041, #2746, #1829, #766, #2256, #2527, #549, #1615, #89, #1154, #1879, #2494, #1217, #2465, #2240, #2027, #57, #936, #515, #1813, #723, #2270, #1599, #296, #1182, #2057, #1523, #420, #1308, #2850, #2408, #1751, #2633, #654, #882, #292, #1808, #2693, #717, #511, #931, #2069, #961, #761, #1176, #1162, #2050, #2472, #2682, #945, #309, #1424, #747, #1592, #68, #1406, #1824, #2302, #275, #494 ),
 .UNSPECIFIED., .F., .F.,
 ( 4, 1, 1, 1, 1, 1, 1, 1, 2, 2, 1, 1, 2, 2, 1, 1, 1, 1, 2, 2, 1, 1, 1, 1, 1, 2, 2, 1, 1, 1, 1, 1, 2, 2, 1, 2, 2, 1, 1, 1, 1, 2, 2, 1, 1, 1, 1, 1, 2, 2, 1, 1, 1, 1, 1, 2, 2, 1, 1, 1, 1, 1, 1, 1, 1, 2, 2, 4 ),
 ( 0.000000000000000000, 0.01562500000002850845, 0.02343750000004252154, 0.02734375000004953329, 0.02929687500005304437, 0.03027343750005479645, 0.03076171875005567422, 0.03100585937505610096, 0.03112792968755631259, 0.03125000000005652423, 0.04687500000008180262, 0.05468750000009420242, 0.05859375000010039886, 0.06250000000010659529, 0.09375000000015616675, 0.1093750000001809664, 0.1171875000001936229, 0.1210937500002002148, 0.1230468750002037814, 0.1250000000002073341, 0.1875000000003368694, 0.2187500000004016509, 0.2343750000004340139, 0.2421875000004501677, 0.2460937500004579670, 0.2480468750004616030, 0.2500000000004651834, 0.3125000000005752065, 0.3437500000006304957, 0.3593750000006581402, 0.3671875000006719625, 0.3710937500006785683, 0.3730468750006818435, 0.3750000000006851741, 0.4375000000007923107, 0.4687500000008462120, 0.5000000000009000578, 0.5625000000010084156, 0.5937500000010623724, 0.6093750000010891288, 0.6171875000011027845, 0.6210937500011095569, 0.6250000000011163293, 0.6875000000012229107, 0.7187500000012763124, 0.7343750000013029577, 0.7421875000013162804, 0.7460937500013228307, 0.7480468750013262724, 0.7500000000013297141, 0.8125000000014342971, 0.8437500000014864776, 0.8593750000015125678, 0.8671875000015255575, 0.8710937500015322188, 0.8730468750015354384, 0.8750000000015386581, 0.9062500000015888402, 0.9218750000016139312, 0.9296875000016264767, 0.9335937500016328050, 0.9355468750016360246, 0.9365234375016376900, 0.9370117187516384671, 0.9372558593766388002, 0.9373779296891388002, 0.9375000000016388002, 1.000000000000000000 ),
 .UNSPECIFIED. ) ;
#1374 = LINE ( 'NONE', #957, #1831 ) ;
#1375 = ORIENTED_EDGE ( 'NONE', *, *, #1126, .T. ) ;
#1376 = CARTESIAN_POINT ( 'NONE',  ( 51.50515053000849974, 0.1219401680764363866, 7.500000000000000888 ) ) ;
#1377 = DIRECTION ( 'NONE',  ( -0.000000000000000000, -0.000000000000000000, -1.000000000000000000 ) ) ;
#1378 = CARTESIAN_POINT ( 'NONE',  ( 16.71658261110293253, -4.935497661463864816, -1.040834085586083783E-14 ) ) ;
#1379 = CARTESIAN_POINT ( 'NONE',  ( 60.30092430788193525, 5.313245521488872747, 1.694065894508600678E-18 ) ) ;
#1380 = CARTESIAN_POINT ( 'NONE',  ( 54.45425456408032261, 1.973712071126936252, -5.204170427930421283E-15 ) ) ;
#1381 = CARTESIAN_POINT ( 'NONE',  ( 44.57654381138548416, 1.341395014693721022, 0.000000000000000000 ) ) ;
#1382 = CARTESIAN_POINT ( 'NONE',  ( 20.77941231577050729, -3.819151835632769387, 5.499999999999991118 ) ) ;
#1383 = ORIENTED_EDGE ( 'NONE', *, *, #1566, .T. ) ;
#1384 = CARTESIAN_POINT ( 'NONE',  ( -11.00000000000000000, 4.000000000000000000, 3.500000000000000000 ) ) ;
#1385 = CARTESIAN_POINT ( 'NONE',  ( 50.16850072600200861, 6.625063493801351733, 4.770489558936219510E-15 ) ) ;
#1386 = EDGE_CURVE ( 'NONE', #929, #1733, #2436, .T. ) ;
#1387 = VECTOR ( 'NONE', #1056, 1000.000000000000000 ) ;
#1388 = CARTESIAN_POINT ( 'NONE',  ( 61.79733118000276448, 6.388255070971201377, 1.694065894508600678E-18 ) ) ;
#1389 = ORIENTED_EDGE ( 'NONE', *, *, #2649, .T. ) ;
#1390 = CARTESIAN_POINT ( 'NONE',  ( 52.16072987881752709, 0.8624130894504494771, 7.500000000000001776 ) ) ;
#1391 = CARTESIAN_POINT ( 'NONE',  ( 47.30269682131119424, -2.710864285220749181, 2.000000000000001332 ) ) ;
#1392 = CARTESIAN_POINT ( 'NONE',  ( 55.53376997704609863, 2.588023656337597789, 7.500000000000013323 ) ) ;
#1393 = CARTESIAN_POINT ( 'NONE',  ( 56.50817206450560093, 3.076651812859225732, 1.694065894508600678E-18 ) ) ;
#1394 = CARTESIAN_POINT ( 'NONE',  ( 53.97469952746026678, 1.937638376948209951, 7.500000000000003553 ) ) ;
#1395 = CARTESIAN_POINT ( 'NONE',  ( 12.90529714691014007, -22.26344263691053982, -66.74003574944600814 ) ) ;
#1396 = CARTESIAN_POINT ( 'NONE',  ( 48.38141950988125473, -1.354817751515270174, 0.2707223898634871784 ) ) ;
#1397 = CARTESIAN_POINT ( 'NONE',  ( 20.06220282971770175, -4.503757822590212179, 5.499999999999990230 ) ) ;
#1398 = VERTEX_POINT ( 'NONE', #1210 ) ;
#1399 = CARTESIAN_POINT ( 'NONE',  ( 57.76507957027797602, 4.094043537909812791, 7.500000000000001776 ) ) ;
#1400 = CARTESIAN_POINT ( 'NONE',  ( 10.64793885361576464, 4.738959804243468632, 1.540743955509787106E-30 ) ) ;
#1401 = EDGE_CURVE ( 'NONE', #713, #2009, #1656, .T. ) ;
#1402 = CYLINDRICAL_SURFACE ( 'NONE', #1538, 3.500000000000000000 ) ;
#1403 = CARTESIAN_POINT ( 'NONE',  ( 57.88601535373151563, 4.162946723959705331, 7.500000000000001776 ) ) ;
#1404 = ORIENTED_EDGE ( 'NONE', *, *, #2814, .F. ) ;
#1405 = CARTESIAN_POINT ( 'NONE',  ( 9.250000000000000000, 0.000000000000000000, 7.500000000000000000 ) ) ;
#1406 = CARTESIAN_POINT ( 'NONE',  ( 19.28384505329549725, -2.481018267078848538, -0.000000000000000000 ) ) ;
#1407 = CARTESIAN_POINT ( 'NONE',  ( 22.69714580806849469, -2.157154930615373001, 2.000000000000000888 ) ) ;
#1408 = CARTESIAN_POINT ( 'NONE',  ( 58.07785565658144122, 6.876006927477203767, 7.500000000000006217 ) ) ;
#1409 = CARTESIAN_POINT ( 'NONE',  ( 48.77705289598883098, -1.381535248052982112, 7.433498874811403923 ) ) ;
#1410 = CARTESIAN_POINT ( 'NONE',  ( 46.32057591908628069, 0.3382657846940117508, -0.000000000000000000 ) ) ;
#1411 = SURFACE_STYLE_FILL_AREA ( #1183 ) ;
#1412 = CARTESIAN_POINT ( 'NONE',  ( 44.63555542012319677, 1.302645290537593370, 7.500000000000001776 ) ) ;
#1413 = B_SPLINE_CURVE_WITH_KNOTS ( 'NONE', 4,
 ( #1876, #2759, #1660, #2542, #346, #1231, #2104, #2777, #2252, #1164, #2037, #1507, #2180, #1965, #2560, #2378, #1520, #844, #2577, #2391, #579 ),
 .UNSPECIFIED., .F., .F.,
 ( 5, 1, 1, 1, 1, 1, 1, 1, 1, 1, 1, 1, 1, 1, 1, 1, 1, 5 ),
 ( 0.1768384136963044306, 0.1803418818343071328, 0.1875077089993353596, 0.1946735361643634754, 0.2018393634039631623, 0.2064208809413203005, 0.2100037877436892464, 0.2135866833704714030, 0.2171695896210924792, 0.2203145486103659512, 0.2238974469801800204, 0.2274803583680178598, 0.2310632533434392732, 0.2356760546024322667, 0.2428418818393399958, 0.2500077089993308355, 0.2571735361593268654, 0.2595638153817815819 ),
 .UNSPECIFIED. ) ;
#1414 = ORIENTED_EDGE ( 'NONE', *, *, #702, .T. ) ;
#1415 = CARTESIAN_POINT ( 'NONE',  ( 57.54747539408398893, 3.817662837078599214, 7.500000000000001776 ) ) ;
#1416 = CARTESIAN_POINT ( 'NONE',  ( 16.59058555943943958, -5.571459106873848377, 0.3725920627150349773 ) ) ;
#1417 = AXIS2_PLACEMENT_3D ( 'NONE', #487, #1218, #317 ) ;
#1418 = DIRECTION ( 'NONE',  ( 0.8651576445943247595, 0.5015000000000000568, 0.000000000000000000 ) ) ;
#1419 = CARTESIAN_POINT ( 'NONE',  ( 58.44790419944646231, 4.190853001962119961, 7.500000000000001776 ) ) ;
#1420 = AXIS2_PLACEMENT_3D ( 'NONE', #908, #1119, #2014 ) ;
#1421 = VERTEX_POINT ( 'NONE', #1821 ) ;
#1422 = CARTESIAN_POINT ( 'NONE',  ( 52.16072987881752709, 0.8624130894504494771, 0.000000000000000000 ) ) ;
#1423 = CARTESIAN_POINT ( 'NONE',  ( 17.21422013989113253, -4.511703989649006985, 7.462411315785089982 ) ) ;
#1424 = CARTESIAN_POINT ( 'NONE',  ( 19.31140691332400294, -2.454811213591294283, -0.000000000000000000 ) ) ;
#1425 = CARTESIAN_POINT ( 'NONE',  ( 37.86617355754144398, 1.748688582589740470, 2.000000000000000888 ) ) ;
#1426 = ORIENTED_EDGE ( 'NONE', *, *, #1194, .F. ) ;
#1427 = CARTESIAN_POINT ( 'NONE',  ( 55.70507015724658828, 2.878720879481338812, 1.387778780781445676E-14 ) ) ;
#1428 = EDGE_CURVE ( 'NONE', #1930, #1875, #1191, .T. ) ;
#1429 = CARTESIAN_POINT ( 'NONE',  ( 59.13619459909220666, 9.823554590261897701, 5.935677748098761697 ) ) ;
#1430 = CARTESIAN_POINT ( 'NONE',  ( 48.91867151970590299, -1.387816846140019322, 7.500000000000063949 ) ) ;
#1431 = CARTESIAN_POINT ( 'NONE',  ( 48.66107257821243337, -1.371530319099490747, 7.375414005336434542 ) ) ;
#1432 = CARTESIAN_POINT ( 'NONE',  ( 48.62612828008268906, -1.195352076033356914, 0.000000000000000000 ) ) ;
#1433 = FACE_OUTER_BOUND ( 'NONE', #1546, .T. ) ;
#1434 = CARTESIAN_POINT ( 'NONE',  ( 42.84926623592100015, 2.178513469481047071, 7.499999999999998224 ) ) ;
#1435 = ORIENTED_EDGE ( 'NONE', *, *, #839, .T. ) ;
#1436 = CYLINDRICAL_SURFACE ( 'NONE', #796, 3.500000000000000000 ) ;
#1437 = CARTESIAN_POINT ( 'NONE',  ( 56.60658631301750177, 3.068584016223375066, 1.387778780781445676E-14 ) ) ;
#1438 = CIRCLE ( 'NONE', #201, 3.500000000000000000 ) ;
#1439 = DIRECTION ( 'NONE',  ( 1.000000000000000000, 0.000000000000000000, 0.000000000000000000 ) ) ;
#1440 = CARTESIAN_POINT ( 'NONE',  ( 60.45443452917086091, 5.299039814926513436, 7.500000000000000000 ) ) ;
#1441 = ORIENTED_EDGE ( 'NONE', *, *, #332, .T. ) ;
#1442 = CARTESIAN_POINT ( 'NONE',  ( 51.79375433097532522, 0.6534125324698409898, 7.500000000000001776 ) ) ;
#1443 = DIRECTION ( 'NONE',  ( 0.9139999553431864543, -0.4057142857142859160, 0.000000000000000000 ) ) ;
#1444 = CARTESIAN_POINT ( 'NONE',  ( 25.11211766927396738, -0.4758941149782874303, 2.000000000000001776 ) ) ;
#1445 = ORIENTED_EDGE ( 'NONE', *, *, #2215, .T. ) ;
#1446 = CARTESIAN_POINT ( 'NONE',  ( 55.45657224367162286, 2.425095020679501001, 1.694065894508600678E-18 ) ) ;
#1447 = B_SPLINE_CURVE_WITH_KNOTS ( 'NONE', 3,
 ( #760, #1244, #1641, #1658, #993, #1228, #2558, #308, #814, #2333, #2521, #1688, #1043, #116, #147, #376, #1011, #1873, #2318, #131, #1674, #163, #1459, #1423, #2574, #1476, #2350, #343 ),
 .UNSPECIFIED., .F., .F.,
 ( 4, 2, 1, 1, 2, 2, 2, 1, 1, 2, 2, 2, 1, 1, 2, 2, 4 ),
 ( 0.000000000000000000, 0.1250000000000095757, 0.1875000000000141831, 0.2187500000000157652, 0.2343750000000167644, 0.2500000000000177636, 0.3750000000000290323, 0.4375000000000348055, 0.4687500000000371370, 0.4843750000000375255, 0.5000000000000379696, 0.6250000000000324185, 0.6875000000000281997, 0.7187500000000262013, 0.7343750000000252021, 0.7500000000000240918, 1.000000000000000000 ),
 .UNSPECIFIED. ) ;
#1448 = EDGE_CURVE ( 'NONE', #288, #985, #526, .T. ) ;
#1449 = CARTESIAN_POINT ( 'NONE',  ( 63.34328648697155728, 7.009687629981307566, 1.694065894508600678E-18 ) ) ;
#1450 = CARTESIAN_POINT ( 'NONE',  ( 48.77502892637990328, -1.299079060064309399, -1.040834085586084099E-14 ) ) ;
#1451 = CARTESIAN_POINT ( 'NONE',  ( 18.09872183372530330, -6.381074075663028644, 5.499999999999989342 ) ) ;
#1452 = EDGE_LOOP ( 'NONE', ( #1170, #843, #1157, #1230, #2766 ) ) ;
#1453 = CARTESIAN_POINT ( 'NONE',  ( 58.35316343171456310, 4.199980350458339728, 7.500000000000001776 ) ) ;
#1454 = CARTESIAN_POINT ( 'NONE',  ( 54.64018771595603852, 1.956468305366389604, 1.694065894508600678E-18 ) ) ;
#1455 = FACE_BOUND ( 'NONE', #1160, .T. ) ;
#1456 = DIRECTION ( 'NONE',  ( 1.000000000000000000, 0.000000000000000000, 0.000000000000000000 ) ) ;
#1457 = ORIENTED_EDGE ( 'NONE', *, *, #672, .F. ) ;
#1458 = CARTESIAN_POINT ( 'NONE',  ( 17.69501758553644066, -4.000000000000000000, 7.500000000000000000 ) ) ;
#1459 = CARTESIAN_POINT ( 'NONE',  ( 17.19535021826401788, -4.534517987508307257, 7.458962794499156779 ) ) ;
#1460 = CARTESIAN_POINT ( 'NONE',  ( 29.39637710807508242, 1.459810740553088459, 2.000000000000000888 ) ) ;
#1461 = ORIENTED_EDGE ( 'NONE', *, *, #964, .F. ) ;
#1462 = CARTESIAN_POINT ( 'NONE',  ( 57.93357855207474927, 10.35738230836176754, 4.349979546266347086 ) ) ;
#1463 = LINE ( 'NONE', #1198, #1651 ) ;
#1464 = LINE ( 'NONE', #170, #1287 ) ;
#1465 = CARTESIAN_POINT ( 'NONE',  ( 50.33841746386398341, -2.388164849108599608, 7.500000000000000000 ) ) ;
#1466 = VERTEX_POINT ( 'NONE', #1405 ) ;
#1467 = CARTESIAN_POINT ( 'NONE',  ( 60.19086963163083936, 5.321760504393306057, 5.204170427930421283E-15 ) ) ;
#1468 = DIRECTION ( 'NONE',  ( -0.5015000000000000568, 0.8651576445943247595, 0.000000000000000000 ) ) ;
#1469 = CARTESIAN_POINT ( 'NONE',  ( 56.07204570508877595, 3.087721436461946745, 7.500000000000013323 ) ) ;
#1470 = EDGE_CURVE ( 'NONE', #1930, #492, #2087, .T. ) ;
#1471 = CARTESIAN_POINT ( 'NONE',  ( 62.14652754476647090, 6.434414677899054524, 7.500000000000001776 ) ) ;
#1472 = CARTESIAN_POINT ( 'NONE',  ( 59.98336153136002480, 5.313029783473442791, 7.500000000000001776 ) ) ;
#1473 = VERTEX_POINT ( 'NONE', #1590 ) ;
#1474 = CARTESIAN_POINT ( 'NONE',  ( 47.42612223216517719, -2.796844742250551352, 5.499999999999990230 ) ) ;
#1475 = CLOSED_SHELL ( 'NONE', ( #540, #1766, #456, #1978, #2018, #146, #2731, #126, #84, #604, #1239, #441, #883, #1488, #1297, #1352, #1175, #1524, #2515, #2203, #1926, #2833, #271, #2379, #2345, #183, #988, #2460, #2053, #1657, #2601, #947, #2499, #1329, #1277, #1911, #36, #1509, #523, #2480, #1596, #470 ) ) ;
#1476 = CARTESIAN_POINT ( 'NONE',  ( 17.36765941006186864, -4.329323703869199846, 7.488194065813163824 ) ) ;
#1477 = CARTESIAN_POINT ( 'NONE',  ( 28.37661839199647673, 1.115535152626768500, 2.000000000000000888 ) ) ;
#1478 = CARTESIAN_POINT ( 'NONE',  ( 50.81870739478237198, -0.2740517273170238188, -1.734723475976807094E-15 ) ) ;
#1479 = CARTESIAN_POINT ( 'NONE',  ( 11.00000000000000000, 0.000000000000000000, 7.500000000000000000 ) ) ;
#1480 = AXIS2_PLACEMENT_3D ( 'NONE', #2351, #675, #2666 ) ;
#1481 = CARTESIAN_POINT ( 'NONE',  ( 48.78139903917745102, -1.381859432079458827, 7.435717492993052957 ) ) ;
#1482 = CARTESIAN_POINT ( 'NONE',  ( 48.10646373265164044, -0.8333725263839828479, -7.169674656074316885E-15 ) ) ;
#1483 = CARTESIAN_POINT ( 'NONE',  ( 36.72967867565363065, 3.983597249195005130, 7.500000000000001776 ) ) ;
#1484 = ORIENTED_EDGE ( 'NONE', *, *, #2429, .F. ) ;
#1485 = CARTESIAN_POINT ( 'NONE',  ( 59.38908699988238027, 4.694370254059799130, 7.499999999999998224 ) ) ;
#1486 = CARTESIAN_POINT ( 'NONE',  ( 55.86755364770538534, 3.019940679042733667, 7.500000000000001776 ) ) ;
#1487 = CARTESIAN_POINT ( 'NONE',  ( -11.00000000000000000, 0.000000000000000000, 7.500000000000000000 ) ) ;
#1488 = ADVANCED_FACE ( 'NONE', ( #746 ), #2738, .F. ) ;
#1489 = CARTESIAN_POINT ( 'NONE',  ( 64.30315289189202588, 7.529999999999786198, 7.500000000000000000 ) ) ;
#1490 = CARTESIAN_POINT ( 'NONE',  ( 47.11755870503017718, -2.581893599676028384, 5.499999999999991118 ) ) ;
#1491 = CARTESIAN_POINT ( 'NONE',  ( 20.28036738482796153, -4.295167127804357499, 2.000000000000000888 ) ) ;
#1492 = B_SPLINE_CURVE_WITH_KNOTS ( 'NONE', 3,
 ( #802, #2323, #1233, #1678, #2526, #2106, #530, #1481, #1409, #1913, #2564, #581, #548, #1251, #1431, #152, #2794, #819, #1266, #2140, #2075, #1843, #2728, #2288, #104, #981, #1862, #2305, #333, #1216, #2090, #2182, #2811, #1549, #212, #1279, #627, #2407, #2608, #1966, #833, #2168, #665, #1049, #881, #870, #419, #169, #198, #1080, #1954, #224, #2369, #1497, #2152, #445, #1321, #2849, #2838, #653, #859, #846, #2420, #1763, #1736, #395, #2393, #1941, #2825, #1093, #2646, #2620, #638, #1750, #1360, #1522, #1293, #1510, #1307, #2632, #1710 ),
 .UNSPECIFIED., .F., .F.,
 ( 4, 2, 1, 1, 2, 2, 2, 2, 2, 2, 1, 1, 2, 2, 2, 2, 2, 2, 2, 2, 2, 2, 2, 2, 1, 2, 2, 2, 1, 1, 2, 2, 2, 1, 1, 2, 2, 2, 2, 2, 2, 1, 1, 2, 2, 4 ),
 ( 0.000000000000000000, 0.03125000000007541884, 0.04687500000011712853, 0.05468750000013774398, 0.05859375000014805518, 0.06250000000015837331, 0.09375000000016976698, 0.1093750000001716960, 0.1250000000001736111, 0.1562500000001770528, 0.1718750000001787737, 0.1796875000001746103, 0.1835937500001722233, 0.1875000000001698086, 0.2187500000001491585, 0.2343750000001425249, 0.2500000000001358913, 0.3125000000001078582, 0.3437500000000938138, 0.3750000000000797140, 0.4062500000000656697, 0.4218750000000590639, 0.4375000000000525135, 0.4687500000000401901, 0.4843750000000340838, 0.4921875000000330846, 0.5000000000000320854, 0.5312500000000162093, 0.5468750000000084377, 0.5546875000000068834, 0.5585937500000061062, 0.5625000000000053291, 0.5937500000000175415, 0.6093750000000222045, 0.6171875000000228706, 0.6210937500000249800, 0.6250000000000270894, 0.6875000000000367484, 0.7187500000000415223, 0.7343750000000419664, 0.7500000000000422995, 0.8125000000000344169, 0.8437500000000287548, 0.8593750000000253131, 0.8750000000000218714, 1.000000000000000000 ),
 .UNSPECIFIED. ) ;
#1493 = ORIENTED_EDGE ( 'NONE', *, *, #2664, .T. ) ;
#1494 = CARTESIAN_POINT ( 'NONE',  ( 59.18616499276116372, 10.40913724651296768, -2.346778671354078530E-12 ) ) ;
#1495 = VECTOR ( 'NONE', #1207, 1000.000000000000000 ) ;
#1496 = DIRECTION ( 'NONE',  ( 1.000000000000000000, 0.000000000000000000, 0.000000000000000000 ) ) ;
#1497 = CARTESIAN_POINT ( 'NONE',  ( 47.90161928812116088, -1.551795007818977945, 6.793397087339910101 ) ) ;
#1498 = CARTESIAN_POINT ( 'NONE',  ( 32.93853565304597453, 4.123547985271282634, -1.040834085586084099E-14 ) ) ;
#1499 = CARTESIAN_POINT ( 'NONE',  ( 35.94014301403096567, 4.076768350641045480, 7.499999999999998224 ) ) ;
#1500 = ORIENTED_EDGE ( 'NONE', *, *, #779, .T. ) ;
#1501 = CARTESIAN_POINT ( 'NONE',  ( 59.90787415229728907, 5.297558280846223155, 5.204170427930421283E-15 ) ) ;
#1502 = CARTESIAN_POINT ( 'NONE',  ( 56.50817206450560093, 3.076651812859224844, 7.500000000000001776 ) ) ;
#1503 = DIRECTION ( 'NONE',  ( 1.000000000000000000, 0.000000000000000000, 0.000000000000000000 ) ) ;
#1504 = CARTESIAN_POINT ( 'NONE',  ( 48.91455218095834567, -1.387803190444840684, 1.694065894508600678E-18 ) ) ;
#1505 = CARTESIAN_POINT ( 'NONE',  ( 43.03496233882818700, -0.1218864021208643650, 5.499999999999991118 ) ) ;
#1506 = VERTEX_POINT ( 'NONE', #732 ) ;
#1507 = CARTESIAN_POINT ( 'NONE',  ( 52.01904161432463525, 0.8249842034424610393, 7.500000000000001776 ) ) ;
#1508 = CARTESIAN_POINT ( 'NONE',  ( 62.03356908912516587, 6.434844281951912492, -1.734723475976807094E-15 ) ) ;
#1509 = ADVANCED_FACE ( 'NONE', ( #2317 ), #2739, .T. ) ;
#1510 = CARTESIAN_POINT ( 'NONE',  ( 47.64808997416904646, -1.996127296383734651, 6.283872445070666224 ) ) ;
#1511 = CARTESIAN_POINT ( 'NONE',  ( 40.03827579861879826, 3.239048153976263666, -1.040834085586084099E-14 ) ) ;
#1512 = CARTESIAN_POINT ( 'NONE',  ( 19.25275561764374288, -2.510641419139676422, 7.499999999999999112 ) ) ;
#1513 = CARTESIAN_POINT ( 'NONE',  ( 60.45443451484748465, 5.299039943505063022, 7.499999999999998224 ) ) ;
#1514 = CARTESIAN_POINT ( 'NONE',  ( 47.89247532346790592, -1.562376228953709534, 0.7205107005524978847 ) ) ;
#1515 = CARTESIAN_POINT ( 'NONE',  ( 28.92212037999334484, 9.530577420492731378, 3.500000000000003109 ) ) ;
#1516 = CARTESIAN_POINT ( 'NONE',  ( 53.47288682127874182, 1.257558845829072514, 7.500000000000001776 ) ) ;
#1517 = DIRECTION ( 'NONE',  ( -0.000000000000000000, -0.000000000000000000, -1.000000000000000000 ) ) ;
#1518 = AXIS2_PLACEMENT_3D ( 'NONE', #326, #2119, #2068 ) ;
#1519 = VERTEX_POINT ( 'NONE', #2332 ) ;
#1520 = CARTESIAN_POINT ( 'NONE',  ( 52.49859665094471950, 0.8610578976211872293, 7.500000000000001776 ) ) ;
#1521 = CARTESIAN_POINT ( 'NONE',  ( 61.51596752582656080, 6.140200023875503454, 7.500000000000007994 ) ) ;
#1522 = CARTESIAN_POINT ( 'NONE',  ( 47.65982741684516100, -1.971768045749990650, 6.310521872270403954 ) ) ;
#1523 = CARTESIAN_POINT ( 'NONE',  ( 28.51267356059988245, 3.275157210796353802, 0.000000000000000000 ) ) ;
#1524 = ADVANCED_FACE ( 'NONE', ( #2101 ), #2556, .T. ) ;
#1525 = CARTESIAN_POINT ( 'NONE',  ( 39.45997848232947547, 3.411703126098786676, -1.040834085586084572E-14 ) ) ;
#1526 = CARTESIAN_POINT ( 'NONE',  ( 28.81610117974705787, 3.374252101182951602, 7.499999999999998224 ) ) ;
#1527 = CARTESIAN_POINT ( 'NONE',  ( 60.19086963163083936, 5.321760504393306057, 7.499999999999998224 ) ) ;
#1528 = CARTESIAN_POINT ( 'NONE',  ( 47.58223556347647332, -2.125046123873535198, 1.359556740155011934 ) ) ;
#1529 = LINE ( 'NONE', #1272, #2545 ) ;
#1530 = CARTESIAN_POINT ( 'NONE',  ( 53.97469952746026678, 1.937638376948209951, 7.500000000000001776 ) ) ;
#1531 = CARTESIAN_POINT ( 'NONE',  ( 21.83153522759929999, -2.871997134022707510, 5.499999999999991118 ) ) ;
#1532 = ORIENTED_EDGE ( 'NONE', *, *, #1428, .F. ) ;
#1533 = CARTESIAN_POINT ( 'NONE',  ( 59.28431153816788424, 6.910507123592573464, 7.500000000000005329 ) ) ;
#1534 = CARTESIAN_POINT ( 'NONE',  ( -11.00000000000000000, 4.000000000000000000, 0.000000000000000000 ) ) ;
#1535 = CARTESIAN_POINT ( 'NONE',  ( 28.81610117974706853, 3.374252101182955599, -1.040834085586084257E-14 ) ) ;
#1536 = CARTESIAN_POINT ( 'NONE',  ( 24.07630440885899858, 1.235299392400893481, 7.500000000000000000 ) ) ;
#1537 = EDGE_CURVE ( 'NONE', #1037, #1712, #1042, .T. ) ;
#1538 = AXIS2_PLACEMENT_3D ( 'NONE', #2277, #1684, #2065 ) ;
#1539 = CARTESIAN_POINT ( 'NONE',  ( -11.00000000000000000, 7.500000000000000000, 3.499999999999999556 ) ) ;
#1540 = CARTESIAN_POINT ( 'NONE',  ( 47.65974014475997933, -1.972186457922638025, 1.189804713032750705 ) ) ;
#1541 = DIRECTION ( 'NONE',  ( -0.000000000000000000, 0.000000000000000000, 1.000000000000000000 ) ) ;
#1542 = CARTESIAN_POINT ( 'NONE',  ( 59.40476490613107075, 9.704339255898551286, 1.378153093296335951 ) ) ;
#1543 = CARTESIAN_POINT ( 'NONE',  ( 20.57125345830834817, -4.017046201423171148, 5.499999999999991118 ) ) ;
#1544 = UNCERTAINTY_MEASURE_WITH_UNIT (LENGTH_MEASURE( 1.000000000000000082E-05 ), #1616, 'distance_accuracy_value', 'NONE');
#1545 = SHAPE_DEFINITION_REPRESENTATION ( #671, #776 ) ;
#1546 = EDGE_LOOP ( 'NONE', ( #319, #239, #634, #1185 ) ) ;
#1547 = DIRECTION ( 'NONE',  ( -0.8651576445943247595, -0.5015000000000000568, 0.000000000000000000 ) ) ;
#1548 = PRODUCT ( 'Gripper Link', 'Gripper Link', '', ( #2190 ) ) ;
#1549 = CARTESIAN_POINT ( 'NONE',  ( 48.19308263138649551, -1.375063447692642438, 7.105000535768519754 ) ) ;
#1550 = CARTESIAN_POINT ( 'NONE',  ( 27.67834698260080017, 2.990134208389282122, -1.040834085586084257E-14 ) ) ;
#1551 = CARTESIAN_POINT ( 'NONE',  ( 17.88010599354820584, -5.431544849352010651, 1.162612689503928820 ) ) ;
#1552 = DIRECTION ( 'NONE',  ( 1.000000000000000000, 0.000000000000000000, 0.000000000000000000 ) ) ;
#1553 = CARTESIAN_POINT ( 'NONE',  ( 0.01619103542283412134, 7.038204822949123418, 1.747406797734460504 ) ) ;
#1554 = CARTESIAN_POINT ( 'NONE',  ( 47.84709301625596822, -1.620908263216886747, 0.7944786531085509251 ) ) ;
#1555 = CARTESIAN_POINT ( 'NONE',  ( -11.00000000000000000, 0.000000000000000000, 3.499999999999999556 ) ) ;
#1556 = CARTESIAN_POINT ( 'NONE',  ( 28.03928295522000269, 0.9859773683137373901, 5.499999999999991118 ) ) ;
#1557 = ORIENTED_EDGE ( 'NONE', *, *, #1869, .F. ) ;
#1558 = CARTESIAN_POINT ( 'NONE',  ( 51.03934052773264796, 10.15702831384931670, 7.500000000000006217 ) ) ;
#1559 = B_SPLINE_CURVE_WITH_KNOTS ( 'NONE', 4,
 ( #1004, #773, #2552, #373, #159, #742, #573, #2570, #1886, #757, #588, #1622, #1636, #142, #1471, #2329, #1257, #810, #2131, #2770 ),
 .UNSPECIFIED., .F., .F.,
 ( 5, 1, 1, 1, 1, 1, 1, 1, 1, 1, 1, 1, 1, 1, 2, 5 ),
 ( 0.8101433608183021828, 0.8125077089993353319, 0.8196735361643634477, 0.8268393634039632456, 0.8314208809413202728, 0.8350037877436891076, 0.8385866833704713752, 0.8421695896210923404, 0.8453145486103659234, 0.8488974469801799927, 0.8524803583680178320, 0.8560632533434392455, 0.8606760546024322389, 0.8678418818393400791, 0.8750077089993307800, 0.8764813428577739041 ),
 .UNSPECIFIED. ) ;
#1560 = CARTESIAN_POINT ( 'NONE',  ( 18.75278512546541521, -2.988651176795773079, -1.040834085586084572E-14 ) ) ;
#1561 = DIRECTION ( 'NONE',  ( 1.000000000000000000, 0.000000000000000000, 0.000000000000000000 ) ) ;
#1562 = FACE_OUTER_BOUND ( 'NONE', #2095, .T. ) ;
#1563 = CARTESIAN_POINT ( 'NONE',  ( 47.95599058243839607, -1.497064272345817626, 0.6306187647333753032 ) ) ;
#1564 = CARTESIAN_POINT ( 'NONE',  ( 51.84545819436488046, 0.7103330036140693693, 1.694065894508600678E-18 ) ) ;
#1565 = CARTESIAN_POINT ( 'NONE',  ( 17.69501758553582249, -4.000000000000000000, 0.000000000000000000 ) ) ;
#1566 = EDGE_CURVE ( 'NONE', #1519, #341, #2615, .T. ) ;
#1567 = CARTESIAN_POINT ( 'NONE',  ( 52.61760200211806904, 0.8492971837779551558, 1.694065894508600678E-18 ) ) ;
#1568 = EDGE_LOOP ( 'NONE', ( #2680, #2048, #1358, #2688 ) ) ;
#1569 = CARTESIAN_POINT ( 'NONE',  ( 42.89388114312061617, 9.865672304651756264, 4.000000000000003553 ) ) ;
#1570 = TOROIDAL_SURFACE ( 'NONE', #268, 4.000000000000000000, 3.500000000000000000 ) ;
#1571 = CARTESIAN_POINT ( 'NONE',  ( 46.42568910734267718, -2.107730694470130395, 2.000000000000022204 ) ) ;
#1572 = DIRECTION ( 'NONE',  ( -0.000000000000000000, -0.000000000000000000, -1.000000000000000000 ) ) ;
#1573 = AXIS2_PLACEMENT_3D ( 'NONE', #1479, #1265, #404 ) ;
#1574 = CARTESIAN_POINT ( 'NONE',  ( 0.1066029578752304974, 4.459506879067586027, 7.500000000000004441 ) ) ;
#1575 = CARTESIAN_POINT ( 'NONE',  ( 0.1227137631487347919, 4.000000000000000000, 0.000000000000000000 ) ) ;
#1576 = CARTESIAN_POINT ( 'NONE',  ( 48.76825700169329991, -1.380864357440086509, 0.07097495653833789386 ) ) ;
#1577 = VERTEX_POINT ( 'NONE', #1458 ) ;
#1578 = DIRECTION ( 'NONE',  ( 0.000000000000000000, 1.000000000000000000, 0.000000000000000000 ) ) ;
#1579 = B_SPLINE_CURVE_WITH_KNOTS ( 'NONE', 3,
 ( #1140, #501, #2015, #1585, #281, #1846, #1155, #1814, #2466, #2714 ),
 .UNSPECIFIED., .F., .F.,
 ( 4, 2, 2, 2, 4 ),
 ( 0.000000000000000000, 0.0002980888492172113725, 0.0005961776984344227450, 0.0008942665476516341175, 0.001192355396868845490 ),
 .UNSPECIFIED. ) ;
#1580 = EDGE_LOOP ( 'NONE', ( #1802, #1173, #1639, #696 ) ) ;
#1581 = CARTESIAN_POINT ( 'NONE',  ( 10.55393639910214887, 4.704782004498681225, 7.500000000000005329 ) ) ;
#1582 = CARTESIAN_POINT ( 'NONE',  ( 44.02170661044812761, -0.6395776019659041856, 2.000000000000000888 ) ) ;
#1583 = CARTESIAN_POINT ( 'NONE',  ( 54.67966177608315803, 1.953970931422587709, -5.204170427930421283E-15 ) ) ;
#1584 = CARTESIAN_POINT ( 'NONE',  ( 19.27955232107979455, 8.853587603745458168, 4.000000000000005329 ) ) ;
#1585 = CARTESIAN_POINT ( 'NONE',  ( 63.55490514414291425, 7.367343369938424757, 7.484838055582232919 ) ) ;
#1586 = ORIENTED_EDGE ( 'NONE', *, *, #1342, .T. ) ;
#1587 = CARTESIAN_POINT ( 'NONE',  ( 17.60872168973132545, -4.082508915593265897, -4.133520782600436410E-16 ) ) ;
#1588 = DIRECTION ( 'NONE',  ( 1.000000000000000000, -0.000000000000000000, 0.000000000000000000 ) ) ;
#1589 = VERTEX_POINT ( 'NONE', #1274 ) ;
#1590 = CARTESIAN_POINT ( 'NONE',  ( 53.46874355810333412, 1.249692226218460878, 0.000000000000000000 ) ) ;
#1591 = CARTESIAN_POINT ( 'NONE',  ( 56.40548425882423089, 3.086708858006207201, 1.387778780781445676E-14 ) ) ;
#1592 = CARTESIAN_POINT ( 'NONE',  ( 19.28914497461730804, -2.475974980636294287, -0.000000000000000000 ) ) ;
#1593 = CARTESIAN_POINT ( 'NONE',  ( 46.96506372708847721, -2.475689819862454844, 2.000000000000003553 ) ) ;
#1594 = CARTESIAN_POINT ( 'NONE',  ( 55.53376997704609863, 2.588023656337597789, 1.387778780781445676E-14 ) ) ;
#1595 = CARTESIAN_POINT ( 'NONE',  ( 18.86186740302052200, -2.884355829402860838, 7.500000000000000000 ) ) ;
#1596 = ADVANCED_FACE ( 'NONE', ( #1243 ), #115, .T. ) ;
#1597 = CARTESIAN_POINT ( 'NONE',  ( 53.49352778982844114, 1.297282053365341969, 7.500000000000003553 ) ) ;
#1598 = PLANE ( 'NONE',  #1883 ) ;
#1599 = CARTESIAN_POINT ( 'NONE',  ( 29.08498008273143043, 3.450774321109492782, -0.000000000000000000 ) ) ;
#1600 = CARTESIAN_POINT ( 'NONE',  ( 48.33770833663980682, -1.356051083642352051, 0.2967302550601059186 ) ) ;
#1601 = AXIS2_PLACEMENT_3D ( 'NONE', #1928, #1679, #121 ) ;
#1602 = CARTESIAN_POINT ( 'NONE',  ( 28.37661839199648028, 1.115535152626766058, 5.499999999999991118 ) ) ;
#1603 = ORIENTED_EDGE ( 'NONE', *, *, #1428, .T. ) ;
#1604 = CARTESIAN_POINT ( 'NONE',  ( 58.50698285153602995, 4.185618007722555767, -1.734723475976807094E-15 ) ) ;
#1605 = CARTESIAN_POINT ( 'NONE',  ( 21.18123139778668573, 5.361274801218252506, 4.770489558936220298E-15 ) ) ;
#1606 = CARTESIAN_POINT ( 'NONE',  ( 61.86353206543290639, 6.410212454351970734, 1.694065894508600678E-18 ) ) ;
#1607 = ORIENTED_EDGE ( 'NONE', *, *, #2262, .F. ) ;
#1608 = CARTESIAN_POINT ( 'NONE',  ( 52.61760200211804772, 0.8492971837779568212, 7.500000000000000888 ) ) ;
#1609 = PLANE ( 'NONE',  #455 ) ;
#1610 = CARTESIAN_POINT ( 'NONE',  ( 18.89822816220556589, -2.849590713605215431, -1.040834085586084257E-14 ) ) ;
#1611 = CARTESIAN_POINT ( 'NONE',  ( 59.56030961269093638, 5.027545850369756764, 1.694065894508600678E-18 ) ) ;
#1612 = APPLICATION_CONTEXT ( 'automotive_design' ) ;
#1613 = CARTESIAN_POINT ( 'NONE',  ( 54.56501386513181018, 1.962766273880849344, -6.071532165918824830E-15 ) ) ;
#1614 = DIRECTION ( 'NONE',  ( -0.8651576445943247595, -0.5015000000000000568, 0.000000000000000000 ) ) ;
#1615 = CARTESIAN_POINT ( 'NONE',  ( 38.30842513620896739, 3.701216547710948657, -0.000000000000000000 ) ) ;
#1616 =( LENGTH_UNIT ( ) NAMED_UNIT ( * ) SI_UNIT ( .MILLI., .METRE. ) );
#1617 = CARTESIAN_POINT ( 'NONE',  ( 34.32345062814626857, 2.160914914060143133, 5.499999999999991118 ) ) ;
#1618 = EDGE_CURVE ( 'NONE', #1672, #2164, #2246, .T. ) ;
#1619 = ORIENTED_EDGE ( 'NONE', *, *, #1947, .T. ) ;
#1620 = CARTESIAN_POINT ( 'NONE',  ( 0.000000000000000000, -4.000000000000000000, 3.499999999999999556 ) ) ;
#1621 = LINE ( 'NONE', #2702, #1704 ) ;
#1622 = CARTESIAN_POINT ( 'NONE',  ( 61.86353206543290639, 6.410212454351970734, 7.500000000000001776 ) ) ;
#1623 = CARTESIAN_POINT ( 'NONE',  ( 61.45879122035523778, 6.042971184090096592, 1.694065894508600678E-18 ) ) ;
#1624 = ORIENTED_EDGE ( 'NONE', *, *, #1960, .T. ) ;
#1625 = CARTESIAN_POINT ( 'NONE',  ( 51.62245415077485688, 0.3627153093261023531, 0.000000000000000000 ) ) ;
#1626 = CYLINDRICAL_SURFACE ( 'NONE', #134, 3.500000000000000000 ) ;
#1627 = CARTESIAN_POINT ( 'NONE',  ( -5.112637930067753453E-17, 4.000000000000000000, 0.000000000000000000 ) ) ;
#1628 = CARTESIAN_POINT ( 'NONE',  ( 33.06883022897905988, 2.127671929151623065, 2.000000000000001776 ) ) ;
#1629 = CARTESIAN_POINT ( 'NONE',  ( -9.250000000000000000, 2.143131898507868544E-16, 7.500000000000000000 ) ) ;
#1630 = CARTESIAN_POINT ( 'NONE',  ( 46.99999999999999289, -2.500000000000009326, 5.500000004631799833 ) ) ;
#1631 = CARTESIAN_POINT ( 'NONE',  ( 48.90219450117582767, -1.387664985488608504, 1.694065894508600678E-18 ) ) ;
#1632 = CARTESIAN_POINT ( 'NONE',  ( 47.20417380511170080, -0.2243584860399323866, 7.499999999999992006 ) ) ;
#1633 = ORIENTED_EDGE ( 'NONE', *, *, #2114, .F. ) ;
#1634 = CARTESIAN_POINT ( 'NONE',  ( 57.60465169955531195, 3.914891676864007852, 7.500000000000001776 ) ) ;
#1635 = CARTESIAN_POINT ( 'NONE',  ( 64.30315289188649786, 7.530000000000002025, 7.467485643409793816 ) ) ;
#1636 = CARTESIAN_POINT ( 'NONE',  ( 61.93901944449565633, 6.425683956979190370, 7.500000000000001776 ) ) ;
#1637 = EDGE_CURVE ( 'NONE', #1371, #2116, #667, .T. ) ;
#1638 = CARTESIAN_POINT ( 'NONE',  ( 14.89249172407703625, -7.020125246412211695, 6.080719594033591413 ) ) ;
#1639 = ORIENTED_EDGE ( 'NONE', *, *, #1220, .F. ) ;
#1640 = CARTESIAN_POINT ( 'NONE',  ( 52.25527952344702243, 0.8715734144231714886, 7.500000000000001776 ) ) ;
#1641 = CARTESIAN_POINT ( 'NONE',  ( 16.50942996157222353, -5.979419699895568208, 6.888638122620482918 ) ) ;
#1642 =( LENGTH_UNIT ( ) NAMED_UNIT ( * ) SI_UNIT ( .MILLI., .METRE. ) );
#1643 = CARTESIAN_POINT ( 'NONE',  ( 31.47253436847787711, 1.946151043382565948, 2.000000000000000888 ) ) ;
#1644 = ORIENTED_EDGE ( 'NONE', *, *, #354, .T. ) ;
#1645 = CARTESIAN_POINT ( 'NONE',  ( 59.00213844934787488, 9.883060605247102615, 5.837234339391700111 ) ) ;
#1646 = CARTESIAN_POINT ( 'NONE',  ( 63.35125948332360935, 7.026265489615675541, 1.694065894508600678E-18 ) ) ;
#1647 = CARTESIAN_POINT ( 'NONE',  ( 48.01032653410436524, -0.7667816022771899442, -0.000000000000000000 ) ) ;
#1648 = FACE_OUTER_BOUND ( 'NONE', #113, .T. ) ;
#1649 = CARTESIAN_POINT ( 'NONE',  ( 45.67814619874571491, 0.7209787306675229379, 7.500000000000013323 ) ) ;
#1650 = ORIENTED_EDGE ( 'NONE', *, *, #1086, .T. ) ;
#1651 = VECTOR ( 'NONE', #2779, 1000.000000000000000 ) ;
#1652 = CARTESIAN_POINT ( 'NONE',  ( 58.12225326285390281, 4.209535934940417334, 7.500000000000001776 ) ) ;
#1653 = CARTESIAN_POINT ( 'NONE',  ( 56.57523688224880942, 3.070872729310892169, 7.500000000000001776 ) ) ;
#1654 = CARTESIAN_POINT ( 'NONE',  ( -11.00000000000000000, 0.000000000000000000, 7.500000000000000000 ) ) ;
#1655 = CARTESIAN_POINT ( 'NONE',  ( 57.71243193377174663, 4.048295524131314771, 7.500000000000001776 ) ) ;
#1656 = LINE ( 'NONE', #1855, #606 ) ;
#1657 = ADVANCED_FACE ( 'NONE', ( #1125 ), #1570, .T. ) ;
#1658 = CARTESIAN_POINT ( 'NONE',  ( 16.52632171340796319, -5.839090790351629146, 6.978393560762509829 ) ) ;
#1659 = CARTESIAN_POINT ( 'NONE',  ( 21.19566554843710549, -3.433870109014862226, 2.000000000000000888 ) ) ;
#1660 = CARTESIAN_POINT ( 'NONE',  ( 51.53026130434810881, 0.1690910717451370171, 7.500000000000000888 ) ) ;
#1661 = DIRECTION ( 'NONE',  ( 0.8651576445943247595, 0.5015000000000000568, 0.000000000000000000 ) ) ;
#1662 = CARTESIAN_POINT ( 'NONE',  ( -5.112637930067753453E-17, 7.500000000000000000, 4.000000000000003553 ) ) ;
#1663 = CARTESIAN_POINT ( 'NONE',  ( 46.53083061209073890, 0.2052019243228955792, -6.280072873629050250E-15 ) ) ;
#1664 = CARTESIAN_POINT ( 'NONE',  ( 19.69859523786725575, -4.851408980566660034, 5.499999999999990230 ) ) ;
#1665 = VERTEX_POINT ( 'NONE', #2038 ) ;
#1666 = CARTESIAN_POINT ( 'NONE',  ( 54.67966177608315803, 1.953970931422587709, 1.694065894508600678E-18 ) ) ;
#1667 = AXIS2_PLACEMENT_3D ( 'NONE', #1022, #1901, #808 ) ;
#1668 = CARTESIAN_POINT ( 'NONE',  ( 0.000000000000000000, 0.000000000000000000, 7.500000000000000000 ) ) ;
#1669 = CARTESIAN_POINT ( 'NONE',  ( 63.86545234529682347, 7.533811356325417208, 1.734723475976807094E-15 ) ) ;
#1670 = CARTESIAN_POINT ( 'NONE',  ( 51.95623782143412228, 0.7946323320312361771, 1.694065894508600678E-18 ) ) ;
#1671 = B_SPLINE_CURVE_WITH_KNOTS ( 'NONE', 3,
 ( #1193, #100, #2707, #733 ),
 .UNSPECIFIED., .F., .F.,
 ( 4, 4 ),
 ( 0.000000000000000000, 1.000000000000000000 ),
 .UNSPECIFIED. ) ;
#1672 = VERTEX_POINT ( 'NONE', #462 ) ;
#1673 = CARTESIAN_POINT ( 'NONE',  ( 40.14945578357968259, 1.098343907168903621, 5.499999999999990230 ) ) ;
#1674 = CARTESIAN_POINT ( 'NONE',  ( 17.10401761349100269, -4.648062878934964282, 7.440016445227765729 ) ) ;
#1675 = CARTESIAN_POINT ( 'NONE',  ( 20.55307307871579781, -4.034428759322014280, 2.000000000000001332 ) ) ;
#1676 = CARTESIAN_POINT ( 'NONE',  ( 37.61696276780949688, 6.143321045213438580, 5.204170427930421283E-15 ) ) ;
#1677 = CARTESIAN_POINT ( 'NONE',  ( 10.64793885361239489, 4.738959804243233265, 7.500000000000000888 ) ) ;
#1678 = CARTESIAN_POINT ( 'NONE',  ( 48.83230863447337100, -1.385177087941396046, 7.462110037598162826 ) ) ;
#1679 = DIRECTION ( 'NONE',  ( -0.5015000000000000568, 0.8651576445943247595, 0.000000000000000000 ) ) ;
#1680 = CARTESIAN_POINT ( 'NONE',  ( 48.34303998839086347, -0.9981474604599522849, 7.499999999999998224 ) ) ;
#1681 = VERTEX_POINT ( 'NONE', #2658 ) ;
#1682 = CARTESIAN_POINT ( 'NONE',  ( 59.61638598351783003, 5.104029226492833970, 7.499999999999998224 ) ) ;
#1683 = CARTESIAN_POINT ( 'NONE',  ( 50.83914017836357857, -0.2745919353782967365, 7.500000000000000000 ) ) ;
#1684 = DIRECTION ( 'NONE',  ( 1.000000000000000000, -0.000000000000000000, 0.000000000000000000 ) ) ;
#1685 = CARTESIAN_POINT ( 'NONE',  ( 64.26541907301825063, 7.533489171422807829, 1.734723475976807094E-15 ) ) ;
#1686 = ORIENTED_EDGE ( 'NONE', *, *, #2364, .F. ) ;
#1687 = CARTESIAN_POINT ( 'NONE',  ( 46.66160393308369692, -2.266877032635877143, 5.500000000000023093 ) ) ;
#1688 = CARTESIAN_POINT ( 'NONE',  ( 16.71203074942553002, -5.268556086249415848, 7.262427011904316387 ) ) ;
#1689 = CARTESIAN_POINT ( 'NONE',  ( 27.36724374354881917, 0.7043578382333612886, 2.000000000000000888 ) ) ;
#1690 = EDGE_LOOP ( 'NONE', ( #1923, #1221 ) ) ;
#1691 = CARTESIAN_POINT ( 'NONE',  ( 26.60951072627670300, 9.125972751214820988, 3.500000000000003109 ) ) ;
#1692 = CARTESIAN_POINT ( 'NONE',  ( 61.35007500719521545, 5.818209588966938739, -8.673617379884035472E-16 ) ) ;
#1693 = CARTESIAN_POINT ( 'NONE',  ( 63.32748041620880741, 6.976464389429045454, 1.694065894508600678E-18 ) ) ;
#1694 = CARTESIAN_POINT ( 'NONE',  ( 48.07557934322943538, -0.8119313529069830393, -2.056048376564919474E-14 ) ) ;
#1695 = CARTESIAN_POINT ( 'NONE',  ( 21.45823362003186574, -0.5868273685996331368, 7.499999999999998224 ) ) ;
#1696 = EDGE_CURVE ( 'NONE', #2164, #2655, #1117, .T. ) ;
#1697 = EDGE_LOOP ( 'NONE', ( #676, #2815, #1866, #1350 ) ) ;
#1698 = CARTESIAN_POINT ( 'NONE',  ( 57.41038420386255581, 3.534516033053577200, 7.500000000000001776 ) ) ;
#1699 = CARTESIAN_POINT ( 'NONE',  ( 53.63615956781273297, 1.592354490067102502, 1.694065894508600678E-18 ) ) ;
#1700 = FACE_OUTER_BOUND ( 'NONE', #753, .T. ) ;
#1701 = CARTESIAN_POINT ( 'NONE',  ( 60.43897861805078975, 5.300390552988161197, 7.500000000000002665 ) ) ;
#1702 = CARTESIAN_POINT ( 'NONE',  ( 12.90529714691014007, -22.26344263691053982, 7.500000000000000000 ) ) ;
#1703 = TOROIDAL_SURFACE ( 'NONE', #452, 4.000000000000000000, 3.500000000000000000 ) ;
#1704 = VECTOR ( 'NONE', #2031, 1000.000000000000000 ) ;
#1705 = VECTOR ( 'NONE', #2522, 1000.000000000000000 ) ;
#1706 = CARTESIAN_POINT ( 'NONE',  ( 20.38944966238312873, -4.190871780411389302, 2.000000000000000888 ) ) ;
#1707 = VERTEX_POINT ( 'NONE', #1992 ) ;
#1708 = CARTESIAN_POINT ( 'NONE',  ( 51.03934052774204133, 10.15702831384954585, 3.500000000000003109 ) ) ;
#1709 = CARTESIAN_POINT ( 'NONE',  ( 61.67639539654921066, 6.319351884921308837, 7.500000000000007994 ) ) ;
#1710 = CARTESIAN_POINT ( 'NONE',  ( 47.54868091197688784, -2.181949897714385855, 6.074596046923316450 ) ) ;
#1711 = CARTESIAN_POINT ( 'NONE',  ( 20.68293779293270873, -1.223149927248305735, 7.499999999999998224 ) ) ;
#1712 = VERTEX_POINT ( 'NONE', #933 ) ;
#1713 = CARTESIAN_POINT ( 'NONE',  ( 57.49289971320254011, 3.707674706778698148, -1.734723475976807094E-15 ) ) ;
#1714 = CARTESIAN_POINT ( 'NONE',  ( 56.07204570508877595, 3.087721436461946745, 7.500000000000001776 ) ) ;
#1715 = EDGE_CURVE ( 'NONE', #329, #165, #2562, .T. ) ;
#1716 = DIRECTION ( 'NONE',  ( -0.000000000000000000, -0.000000000000000000, -1.000000000000000000 ) ) ;
#1717 = CARTESIAN_POINT ( 'NONE',  ( -5.112637930067753453E-17, 7.500000000000000000, 4.000000000000003553 ) ) ;
#1718 = EDGE_CURVE ( 'NONE', #357, #2605, #2446, .T. ) ;
#1719 = DIRECTION ( 'NONE',  ( -0.000000000000000000, -0.000000000000000000, -1.000000000000000000 ) ) ;
#1720 = ORIENTED_EDGE ( 'NONE', *, *, #1292, .F. ) ;
#1721 = CARTESIAN_POINT ( 'NONE',  ( 4.911109989287974820, 7.844801450335666892, 3.500000000000003109 ) ) ;
#1722 = CARTESIAN_POINT ( 'NONE',  ( 62.37873625407512179, 6.414486604807785319, -1.734723475976807094E-15 ) ) ;
#1723 = CARTESIAN_POINT ( 'NONE',  ( -11.00000000000000000, -4.000000000000000000, 3.499999999999999556 ) ) ;
#1724 = CARTESIAN_POINT ( 'NONE',  ( 34.74712699394689253, 4.151803255486045785, -1.040834085586084257E-14 ) ) ;
#1725 = CARTESIAN_POINT ( 'NONE',  ( 20.52986962045277508, -1.353499432018835158, 7.500000000000001776 ) ) ;
#1726 = CARTESIAN_POINT ( 'NONE',  ( 47.54868091197689495, -2.181949897714382303, -5.724587470723463412E-14 ) ) ;
#1727 = CARTESIAN_POINT ( 'NONE',  ( 60.38779689276709206, 5.305013537486281017, 7.499999999999999112 ) ) ;
#1728 = CARTESIAN_POINT ( 'NONE',  ( 47.72022085066995345, -1.845529107499601196, 1.051245424511615179 ) ) ;
#1729 = CARTESIAN_POINT ( 'NONE',  ( 32.62872531380941865, 7.511299594386027678, 2.000000000000001776 ) ) ;
#1730 = CARTESIAN_POINT ( 'NONE',  ( 64.07950125199992897, 7.548574749544195051, 1.734723475976807094E-15 ) ) ;
#1731 = CARTESIAN_POINT ( 'NONE',  ( 42.03259519803329169, 0.3526233580328949069, 5.499999999999991118 ) ) ;
#1732 = CARTESIAN_POINT ( 'NONE',  ( 58.02770361822439327, 4.200375609967693435, 1.694065894508600678E-18 ) ) ;
#1733 = VERTEX_POINT ( 'NONE', #2462 ) ;
#1734 = CARTESIAN_POINT ( 'NONE',  ( 4.911109989287080424, 7.844801450349062399, -3.528135026568400585E-12 ) ) ;
#1735 = CARTESIAN_POINT ( 'NONE',  ( 61.45879122035523778, 6.042971184090096592, -1.734723475976807094E-15 ) ) ;
#1736 = CARTESIAN_POINT ( 'NONE',  ( 47.81311476124588467, -1.671990583230313243, 6.644184670793109149 ) ) ;
#1737 = CARTESIAN_POINT ( 'NONE',  ( 25.11597781612903546, 1.828400630681919159, -1.040834085586084257E-14 ) ) ;
#1738 = CARTESIAN_POINT ( 'NONE',  ( 38.29597049179830037, 3.702321398791908802, 7.499999999999998224 ) ) ;
#1739 = CARTESIAN_POINT ( 'NONE',  ( 47.77931348371357956, -1.716773503305353055, -5.724587470723463412E-14 ) ) ;
#1740 = CARTESIAN_POINT ( 'NONE',  ( 59.41318328782131886, 4.744686105045571978, 5.204170427930421283E-15 ) ) ;
#1741 = CARTESIAN_POINT ( 'NONE',  ( 55.43989581970581071, 2.392296542749895671, 0.000000000000000000 ) ) ;
#1742 = CARTESIAN_POINT ( 'NONE',  ( 0.000000000000000000, 7.500000000000000000, 4.000000000000000000 ) ) ;
#1743 = CARTESIAN_POINT ( 'NONE',  ( 53.46874356042519594, 1.249692227564363378, 7.500000000000000000 ) ) ;
#1744 = CARTESIAN_POINT ( 'NONE',  ( 25.11211766927396027, -0.4758941149782923152, 5.499999999999990230 ) ) ;
#1745 = AXIS2_PLACEMENT_3D ( 'NONE', #2540, #561, #1443 ) ;
#1746 = CARTESIAN_POINT ( 'NONE',  ( 58.23521171849521494, 4.209106330887559366, 1.694065894508600678E-18 ) ) ;
#1747 = EDGE_LOOP ( 'NONE', ( #1854, #1441, #2358, #585, #1102, #1871, #2481, #1909, #1805, #2443, #892, #2223, #1500, #1020, #570, #29, #1624, #2667, #2030, #1976, #731, #180 ) ) ;
#1748 = CARTESIAN_POINT ( 'NONE',  ( 26.60951072627642233, 9.125972751220777113, 7.500000000004706457 ) ) ;
#1749 = EDGE_CURVE ( 'NONE', #1037, #2582, #1364, .T. ) ;
#1750 = CARTESIAN_POINT ( 'NONE',  ( 47.69642932013511682, -1.894820571948434784, 6.394577356852824579 ) ) ;
#1751 = CARTESIAN_POINT ( 'NONE',  ( 24.76995624950811603, 1.635415710927091260, -0.000000000000000000 ) ) ;
#1752 = CARTESIAN_POINT ( 'NONE',  ( 33.14079085425261439, 4.135614319222657542, -1.040834085586084257E-14 ) ) ;
#1753 = PRODUCT_DEFINITION_FORMATION_WITH_SPECIFIED_SOURCE ( 'ANY', '', #1548, .NOT_KNOWN. ) ;
#1754 = CARTESIAN_POINT ( 'NONE',  ( 31.93618468898438323, 4.033400922344285711, 7.500000000000001776 ) ) ;
#1755 = LINE ( 'NONE', #1969, #2060 ) ;
#1756 = CARTESIAN_POINT ( 'NONE',  ( 32.73188088345192881, 4.151212139581986982, 7.500000000000002665 ) ) ;
#1757 = CARTESIAN_POINT ( 'NONE',  ( 50.70947549276218069, -0.2673775924251478031, 1.694065894508600678E-18 ) ) ;
#1758 = CARTESIAN_POINT ( 'NONE',  ( 54.56501386513181728, 1.962766273880849788, 7.500000000000001776 ) ) ;
#1759 = CARTESIAN_POINT ( 'NONE',  ( 33.06883022897904567, 2.127671929151622177, 5.499999999999990230 ) ) ;
#1760 = CARTESIAN_POINT ( 'NONE',  ( 57.54747539408398893, 3.817662837078599214, 1.694065894508600678E-18 ) ) ;
#1761 = ORIENTED_EDGE ( 'NONE', *, *, #2153, .T. ) ;
#1762 = CARTESIAN_POINT ( 'NONE',  ( 49.84348451870439334, -0.4411107221923560862, -2.602085213965210642E-15 ) ) ;
#1763 = CARTESIAN_POINT ( 'NONE',  ( 47.83501758272601023, -1.639091522965022030, 6.683699087545388551 ) ) ;
#1764 = CARTESIAN_POINT ( 'NONE',  ( 19.29826760329248003, -2.467249285664323555, -1.040834085586084572E-14 ) ) ;
#1765 = CARTESIAN_POINT ( 'NONE',  ( 63.31957285925819434, 6.959854906276185638, 9.999999999999998224 ) ) ;
#1766 = ADVANCED_FACE ( 'NONE', ( #885 ), #2219, .F. ) ;
#1767 = CARTESIAN_POINT ( 'NONE',  ( 0.1146493156471097008, 4.230011414639793799, 0.005676377387694609734 ) ) ;
#1768 = CARTESIAN_POINT ( 'NONE',  ( 47.80562216479427207, -1.685415351369323522, 0.8711047515331353797 ) ) ;
#1769 = LINE ( 'NONE', #1996, #2430 ) ;
#1770 = CARTESIAN_POINT ( 'NONE',  ( 39.44901034679892149, 1.327743701085952521, 5.499999999999990230 ) ) ;
#1771 = EDGE_LOOP ( 'NONE', ( #443, #1404, #1484, #2782 ) ) ;
#1772 = CARTESIAN_POINT ( 'NONE',  ( 49.73227561539573571, -0.6092196737110532334, -2.602085213965210642E-15 ) ) ;
#1773 = B_SPLINE_SURFACE_WITH_KNOTS ( 'NONE', 2, 1, ( 
 ( #2588, #607 ),
 ( #1729, #1284 ),
 ( #2819, #175 ) ),
 .UNSPECIFIED., .F., .F., .F.,
 ( 3, 3 ),
 ( 2, 2 ),
 ( 0.000000000000000000, 1.000000000000000000 ),
 ( 0.000000000000000000, 1.000000000000000000 ),
 .UNSPECIFIED. ) ;
#1774 = CARTESIAN_POINT ( 'NONE',  ( 37.12281700319692845, 3.924906795873715382, -1.040834085586084257E-14 ) ) ;
#1775 = CARTESIAN_POINT ( 'NONE',  ( 60.45443452917086091, 5.299039814926513436, 0.000000000000000000 ) ) ;
#1776 = CARTESIAN_POINT ( 'NONE',  ( 53.74941224411095675, 1.766066705975589901, -5.204170427930421283E-15 ) ) ;
#1777 = CARTESIAN_POINT ( 'NONE',  ( 47.69335266568295140, -1.900522858379625646, 7.500000000000063949 ) ) ;
#1778 = CARTESIAN_POINT ( 'NONE',  ( 46.99999999999999289, -2.500000000000009326, 5.500000004631799833 ) ) ;
#1779 = CARTESIAN_POINT ( 'NONE',  ( 47.70721683472259400, -1.872309453521531442, 1.080624832828569915 ) ) ;
#1780 = EDGE_CURVE ( 'NONE', #1820, #2299, #482, .T. ) ;
#1781 = CARTESIAN_POINT ( 'NONE',  ( 63.39690512227146257, 7.121482738334226958, 1.734723475976807094E-15 ) ) ;
#1782 = ORIENTED_EDGE ( 'NONE', *, *, #2846, .F. ) ;
#1783 = CARTESIAN_POINT ( 'NONE',  ( 4.911109989287081312, 7.844801450349065952, 7.500000000000004441 ) ) ;
#1784 = CARTESIAN_POINT ( 'NONE',  ( 46.77923322194460098, -2.347345941252555246, 2.000000000000003553 ) ) ;
#1785 = CARTESIAN_POINT ( 'NONE',  ( 48.90219450119948164, -1.387664985488962666, 7.500000000000001776 ) ) ;
#1786 = CIRCLE ( 'NONE', #2706, 4.000000000000000000 ) ;
#1787 = CARTESIAN_POINT ( 'NONE',  ( 54.11638779195315152, 1.975067262956197167, -5.204170427930421283E-15 ) ) ;
#1788 = CARTESIAN_POINT ( 'NONE',  ( 0.02509001734847918219, 6.784391102788213779, 1.367058916535078383 ) ) ;
#1789 = CARTESIAN_POINT ( 'NONE',  ( 48.46113632764505752, -1.356259790831653378, 0.2263531806635908916 ) ) ;
#1790 = VERTEX_POINT ( 'NONE', #2474 ) ;
#1791 = CARTESIAN_POINT ( 'NONE',  ( 59.12793804146627963, 9.827219583197717157, 1.558235266209529346 ) ) ;
#1792 = EDGE_CURVE ( 'NONE', #2555, #1875, #1007, .T. ) ;
#1793 = EDGE_LOOP ( 'NONE', ( #2750, #769, #958, #745, #1122 ) ) ;
#1794 = CARTESIAN_POINT ( 'NONE',  ( 49.58480766926960825, -0.9263660534378777012, -1.734723475976807094E-15 ) ) ;
#1795 = VECTOR ( 'NONE', #263, 1000.000000000000000 ) ;
#1796 = CARTESIAN_POINT ( 'NONE',  ( 44.99381768669825732, -1.197807462532140654, 1.999999999999996225 ) ) ;
#1797 = VECTOR ( 'NONE', #2768, 1000.000000000000000 ) ;
#1798 = CARTESIAN_POINT ( 'NONE',  ( 18.89822816220555879, -2.849590713605220760, 7.499999999999998224 ) ) ;
#1799 = CARTESIAN_POINT ( 'NONE',  ( 17.80783576024493442, -6.659195002044203449, 2.000000000000001776 ) ) ;
#1800 = CARTESIAN_POINT ( 'NONE',  ( 0.003910423885093278727, 7.388468226818002194, 2.594321344580182931 ) ) ;
#1801 = CARTESIAN_POINT ( 'NONE',  ( 48.86519931348900769, -1.387111482652700900, 0.02069223884343734943 ) ) ;
#1802 = ORIENTED_EDGE ( 'NONE', *, *, #218, .F. ) ;
#1803 = CARTESIAN_POINT ( 'NONE',  ( 49.84348451870439334, -0.4411107221923560862, 7.500000000000001776 ) ) ;
#1804 = CARTESIAN_POINT ( 'NONE',  ( 61.37572669918998969, 5.871949863350883980, 1.694065894508600678E-18 ) ) ;
#1805 = ORIENTED_EDGE ( 'NONE', *, *, #964, .T. ) ;
#1806 = CARTESIAN_POINT ( 'NONE',  ( 51.62245415077485688, 0.3627153093261023531, 7.500000000000001776 ) ) ;
#1807 = EDGE_CURVE ( 'NONE', #953, #341, #1905, .T. ) ;
#1808 = CARTESIAN_POINT ( 'NONE',  ( 23.88046154531117082, 1.123870500738268108, 0.000000000000000000 ) ) ;
#1809 = CARTESIAN_POINT ( 'NONE',  ( 44.67137238873758776, -1.007321116885583789, 2.000000000000002665 ) ) ;
#1810 = CARTESIAN_POINT ( 'NONE',  ( 20.60999999999999943, -3.979999999999998206, 1.999999948913588899 ) ) ;
#1811 = CARTESIAN_POINT ( 'NONE',  ( 53.80111610750051199, 1.822987177119817837, 7.500000000000003553 ) ) ;
#1812 = B_SPLINE_CURVE_WITH_KNOTS ( 'NONE', 3,
 ( #2, #1085, #1528, #227, #863, #1540, #631, #1779, #1728, #1995, #887, #1982, #2626, #2639, #2398, #1109, #1768, #2199, #670, #16, #2175, #1554, #2439, #899, #1347, #2652, #2662, #426, #1514, #681, #2425, #451, #2385, #1563, #2221, #1070, #2842, #204, #1958, #1314, #876, #2186, #1970, #658, #516, #1168, #695, #2452, #2042, #48, #1600, #909, #2005, #1396, #2478, #475, #1789, #2241, #1130, #2510, #35, #73, #531, #2687, #266, #2028, #255, #708, #2257, #922, #724, #2674, #968, #1576, #297, #951, #1830, #1801, #937 ),
 .UNSPECIFIED., .F., .F.,
 ( 4, 2, 2, 1, 1, 1, 2, 2, 2, 2, 1, 2, 2, 2, 1, 1, 2, 2, 2, 1, 2, 2, 2, 2, 2, 2, 2, 2, 2, 2, 2, 2, 1, 1, 2, 2, 2, 2, 2, 2, 1, 1, 2, 2, 4 ),
 ( 0.000000000000000000, 0.06250000000002224609, 0.1250000000000444922, 0.1875000000000667244, 0.2187500000000765776, 0.2343750000000814071, 0.2421875000000824063, 0.2500000000000833777, 0.3125000000001040834, 0.3437500000001128542, 0.3593750000001171840, 0.3671875000001192935, 0.3750000000001214029, 0.4062500000001372236, 0.4218750000001469935, 0.4296875000001544875, 0.4335937500001582623, 0.4375000000001620371, 0.4687500000001815215, 0.4843750000001911804, 0.4921875000001959544, 0.5000000000002007283, 0.5312500000002330358, 0.5468750000002492451, 0.5625000000002654543, 0.5937500000003035350, 0.6250000000003415046, 0.6875000000004174439, 0.7187500000004516387, 0.7343750000004687362, 0.7500000000004859446, 0.7812500000005113687, 0.7968750000005280221, 0.8046875000005363487, 0.8085937500005367928, 0.8125000000005373479, 0.8437500000004737322, 0.8593750000004378720, 0.8750000000004020118, 0.9062500000003246292, 0.9218750000002819966, 0.9296875000002656764, 0.9335937500002516876, 0.9375000000002378098, 1.000000000000000000 ),
 .UNSPECIFIED. ) ;
#1813 = CARTESIAN_POINT ( 'NONE',  ( 32.01613735361198110, 4.053011884885316718, -0.000000000000000000 ) ) ;
#1814 = CARTESIAN_POINT ( 'NONE',  ( 64.10424776154111726, 7.548923785077693793, 7.464009193564502098 ) ) ;
#1815 = CARTESIAN_POINT ( 'NONE',  ( 32.17718530806258315, 2.047483880742068330, 5.499999999999991118 ) ) ;
#1816 = ORIENTED_EDGE ( 'NONE', *, *, #90, .F. ) ;
#1817 = CARTESIAN_POINT ( 'NONE',  ( 58.53033836451977834, 4.183712212063008806, 7.500000000000000888 ) ) ;
#1818 = CARTESIAN_POINT ( 'NONE',  ( 48.91867150110537921, -1.387816846078358202, 9.999999999999998224 ) ) ;
#1819 = CARTESIAN_POINT ( 'NONE',  ( 13.99000000000000554, -7.500000000000001776, 5.095696368987200131 ) ) ;
#1820 = VERTEX_POINT ( 'NONE', #1629 ) ;
#1821 = CARTESIAN_POINT ( 'NONE',  ( 62.37873625409186218, 6.414486602084465972, 0.000000000000000000 ) ) ;
#1822 = B_SPLINE_CURVE_WITH_KNOTS ( 'NONE', 4,
 ( #2232, #258, #1144, #50, #924, #1803, #1223, #1055, #398, #572, #2360, #2599, #372, #2551, #1683 ),
 .UNSPECIFIED., .F., .F.,
 ( 5, 1, 1, 1, 1, 1, 1, 1, 2, 1, 5 ),
 ( 0.08702445210218615057, 0.08985686007269969022, 0.09700621207409756974, 0.1029414567662176039, 0.1065161109549110086, 0.1100907472140452426, 0.1136653659186472043, 0.1178583587400669208, 0.1250077089993308077, 0.1321735361593268376, 0.1362660519301160389 ),
 .UNSPECIFIED. ) ;
#1823 = CARTESIAN_POINT ( 'NONE',  ( 56.50817206766496525, 3.076651812549802578, 7.500000000000013323 ) ) ;
#1824 = CARTESIAN_POINT ( 'NONE',  ( 19.28176003928272308, -2.483002854416747507, 0.000000000000000000 ) ) ;
#1825 = EDGE_CURVE ( 'NONE', #385, #1013, #729, .T. ) ;
#1826 = CARTESIAN_POINT ( 'NONE',  ( 47.07641690141218760, -2.553233447332762474, 2.000000000000000888 ) ) ;
#1827 = CARTESIAN_POINT ( 'NONE',  ( 58.29459938778334305, 10.19712922560042223, 5.130257153375053392 ) ) ;
#1828 = CYLINDRICAL_SURFACE ( 'NONE', #2761, 1.749999999999999778 ) ;
#1829 = CARTESIAN_POINT ( 'NONE',  ( 41.38338080329335611, 2.778276786490872396, -0.000000000000000000 ) ) ;
#1830 = CARTESIAN_POINT ( 'NONE',  ( 48.82273351348490564, -1.384991132632212185, 0.04322635899998404641 ) ) ;
#1831 = VECTOR ( 'NONE', #537, 1000.000000000000000 ) ;
#1832 = CARTESIAN_POINT ( 'NONE',  ( 25.42551453074737466, -0.2897292178612742020, 5.499999999999991118 ) ) ;
#1833 = ORIENTED_EDGE ( 'NONE', *, *, #2426, .F. ) ;
#1834 = CARTESIAN_POINT ( 'NONE',  ( 57.82321156084100977, 4.132594852548482578, -1.734723475976807094E-15 ) ) ;
#1835 = CARTESIAN_POINT ( 'NONE',  ( 17.08731524246961442, -4.668513976085736594, 0.06322166617329032234 ) ) ;
#1836 = PLANE ( 'NONE',  #1118 ) ;
#1837 = CARTESIAN_POINT ( 'NONE',  ( 57.41038420451574353, 3.534516034372780169, 7.500000000000000000 ) ) ;
#1838 = ORIENTED_EDGE ( 'NONE', *, *, #1028, .F. ) ;
#1839 = CARTESIAN_POINT ( 'NONE',  ( 52.61760200211804772, 0.8492971837779568212, -8.673617379884035472E-16 ) ) ;
#1840 = CARTESIAN_POINT ( 'NONE',  ( 12.75000000000000000, 2.143131898507868297E-16, 7.500000000000000000 ) ) ;
#1841 = CARTESIAN_POINT ( 'NONE',  ( 49.19521978773931181, -4.029231293011226178, 2.000000000000001776 ) ) ;
#1842 = CARTESIAN_POINT ( 'NONE',  ( 61.17381420992236229, 8.919078194904782819, 6.908030506702505846 ) ) ;
#1843 = CARTESIAN_POINT ( 'NONE',  ( 48.52302376510600368, -1.359821349459759743, 7.306112434591291560 ) ) ;
#1844 = CARTESIAN_POINT ( 'NONE',  ( -11.00000000000000000, -4.000000000000000000, 4.000000000000000000 ) ) ;
#1845 = CARTESIAN_POINT ( 'NONE',  ( 48.30685325226242810, -0.9729941224869216310, -0.000000000000000000 ) ) ;
#1846 = CARTESIAN_POINT ( 'NONE',  ( 63.80532536460306403, 7.526494468487632261, 7.466220522480522703 ) ) ;
#1847 = CARTESIAN_POINT ( 'NONE',  ( 47.91059416567911455, -0.6980948769452774982, 7.500000000000039080 ) ) ;
#1848 = EDGE_CURVE ( 'NONE', #2191, #1875, #2072, .T. ) ;
#1849 = ORIENTED_EDGE ( 'NONE', *, *, #2649, .F. ) ;
#1850 = DIRECTION ( 'NONE',  ( 0.000000000000000000, 0.000000000000000000, 1.000000000000000000 ) ) ;
#1851 = CARTESIAN_POINT ( 'NONE',  ( 17.29499681925122090, -4.416783934068265971, 0.02480231633633910027 ) ) ;
#1852 = LINE ( 'NONE', #355, #381 ) ;
#1853 = CARTESIAN_POINT ( 'NONE',  ( 58.02770361822439327, 4.200375609967693435, 7.500000000000001776 ) ) ;
#1854 = ORIENTED_EDGE ( 'NONE', *, *, #853, .T. ) ;
#1855 = CARTESIAN_POINT ( 'NONE',  ( 13.98999999999999844, -7.500000000000002665, -66.74003574944600814 ) ) ;
#1856 = B_SPLINE_CURVE_WITH_KNOTS ( 'NONE', 3,
 ( #1139, #464, #1994, #1800, #1129, #2198, #1553, #1788, #2210, #2686, #669, #886, #2438, #657, #2004, #921, #34, #1767, #694, #1575 ),
 .UNSPECIFIED., .F., .F.,
 ( 4, 2, 2, 2, 2, 2, 2, 2, 2, 4 ),
 ( 0.000000000000000000, 0.0006836693206342158227, 0.001367338641268431645, 0.002051007961902647468, 0.002734677282536863291, 0.003418346603171079547, 0.004102015923805294936, 0.004785685244439510759, 0.005127519904756619971, 0.005469354565073729184 ),
 .UNSPECIFIED. ) ;
#1857 = CARTESIAN_POINT ( 'NONE',  ( 20.91744349580768869, -3.689729367438865371, 2.000000000000003553 ) ) ;
#1858 = VERTEX_POINT ( 'NONE', #2561 ) ;
#1859 = CARTESIAN_POINT ( 'NONE',  ( 55.45657225263261836, 2.425095039114854245, 7.500000000000013323 ) ) ;
#1860 = CARTESIAN_POINT ( 'NONE',  ( 58.03937773425971614, 10.31041924301542778, 4.684606108374584466 ) ) ;
#1861 = DIRECTION ( 'NONE',  ( -1.000000000000000000, 0.000000000000000000, -0.000000000000000000 ) ) ;
#1862 = CARTESIAN_POINT ( 'NONE',  ( 48.43172844830773016, -1.355248411926695651, 7.257669940199216185 ) ) ;
#1863 = CARTESIAN_POINT ( 'NONE',  ( 42.44347520122878592, 2.357334296707005450, -0.000000000000000000 ) ) ;
#1864 = CARTESIAN_POINT ( 'NONE',  ( 47.70371674298601050, -0.5570420486667033710, -4.131933215237678391E-14 ) ) ;
#1865 = CARTESIAN_POINT ( 'NONE',  ( 48.16818712396138835, -0.8763421959344182000, 7.500000000000002665 ) ) ;
#1866 = ORIENTED_EDGE ( 'NONE', *, *, #167, .T. ) ;
#1867 = CARTESIAN_POINT ( 'NONE',  ( 63.80475651779257618, 7.526437880260887781, 0.03376897898515975743 ) ) ;
#1868 = CARTESIAN_POINT ( 'NONE',  ( 55.48814318645916899, 2.490045482491807682, 7.500000000000001776 ) ) ;
#1869 = EDGE_CURVE ( 'NONE', #1858, #1134, #2310, .T. ) ;
#1870 = DIRECTION ( 'NONE',  ( 0.000000000000000000, 0.000000000000000000, 1.000000000000000000 ) ) ;
#1871 = ORIENTED_EDGE ( 'NONE', *, *, #1537, .F. ) ;
#1872 = CARTESIAN_POINT ( 'NONE',  ( 51.84545819436488046, 0.7103330036140693693, 7.500000000000001776 ) ) ;
#1873 = CARTESIAN_POINT ( 'NONE',  ( 16.89802699874055847, -4.937153151049866295, 7.373411404594632401 ) ) ;
#1874 = CARTESIAN_POINT ( 'NONE',  ( 26.06083274182970655, 0.06530833954310623357, 2.000000000000002665 ) ) ;
#1875 = VERTEX_POINT ( 'NONE', #379 ) ;
#1876 = CARTESIAN_POINT ( 'NONE',  ( 51.49669886023856691, 0.1065705972777448995, 7.500000000000000000 ) ) ;
#1877 = CARTESIAN_POINT ( 'NONE',  ( 52.80481939350853082, 6.713656802119492006, 7.500000000000004441 ) ) ;
#1878 = CARTESIAN_POINT ( 'NONE',  ( 13.98999999999999844, -7.500000000000002665, 3.500000000000003109 ) ) ;
#1879 = CARTESIAN_POINT ( 'NONE',  ( 37.23904444663382662, 3.902151960969600264, -0.000000000000000000 ) ) ;
#1880 = CARTESIAN_POINT ( 'NONE',  ( 48.12704421847158898, -0.8476841635523190144, -1.364700705564736825E-14 ) ) ;
#1881 = CARTESIAN_POINT ( 'NONE',  ( 47.95188859603874221, -0.7264613854984923735, 7.500000000000117240 ) ) ;
#1882 = ORIENTED_EDGE ( 'NONE', *, *, #2032, .F. ) ;
#1883 = AXIS2_PLACEMENT_3D ( 'NONE', #966, #2729, #2289 ) ;
#1884 = DIRECTION ( 'NONE',  ( 0.000000000000000000, 0.000000000000000000, -1.000000000000000000 ) ) ;
#1885 = CARTESIAN_POINT ( 'NONE',  ( 54.45425456408032261, 1.973712071126936252, 1.694065894508600678E-18 ) ) ;
#1886 = CARTESIAN_POINT ( 'NONE',  ( 61.67639539654921066, 6.319351884921308837, 7.500000000000001776 ) ) ;
#1887 = CARTESIAN_POINT ( 'NONE',  ( 63.57161285335699574, 7.378768899226064271, 1.734723475976807094E-15 ) ) ;
#1888 = ORIENTED_EDGE ( 'NONE', *, *, #2114, .T. ) ;
#1889 = CARTESIAN_POINT ( 'NONE',  ( 41.69483688056207171, 0.5007812022013249376, 5.499999999999991118 ) ) ;
#1890 = AXIS2_PLACEMENT_3D ( 'NONE', #2236, #261, #10 ) ;
#1891 = CARTESIAN_POINT ( 'NONE',  ( 58.50698284355669188, 4.185618008429608849, 1.694065894508600678E-18 ) ) ;
#1892 = CARTESIAN_POINT ( 'NONE',  ( 36.45459730891698769, 2.002181378751892282, 2.000000000000002665 ) ) ;
#1893 = ORIENTED_EDGE ( 'NONE', *, *, #818, .T. ) ;
#1894 = CARTESIAN_POINT ( 'NONE',  ( 55.80942165714234449, 2.981389364404063880, 1.387778780781445676E-14 ) ) ;
#1895 = CARTESIAN_POINT ( 'NONE',  ( 55.70507015724658828, 2.878720879481338812, 1.694065894508600678E-18 ) ) ;
#1896 = LINE ( 'NONE', #135, #1107 ) ;
#1897 = CARTESIAN_POINT ( 'NONE',  ( 42.48420585838959340, 2.338675531287956577, -1.040834085586084257E-14 ) ) ;
#1898 = CARTESIAN_POINT ( 'NONE',  ( 17.52474414958868820, -6.929863515199297552, 5.499999999999992895 ) ) ;
#1899 = VECTOR ( 'NONE', #877, 1000.000000000000000 ) ;
#1900 = ORIENTED_EDGE ( 'NONE', *, *, #2563, .F. ) ;
#1901 = DIRECTION ( 'NONE',  ( 0.000000000000000000, 1.000000000000000000, 0.000000000000000000 ) ) ;
#1902 = CARTESIAN_POINT ( 'NONE',  ( 55.45657225263258994, 2.425095039114763651, 7.500000000000001776 ) ) ;
#1903 = DIRECTION ( 'NONE',  ( -0.000000000000000000, 0.000000000000000000, 1.000000000000000000 ) ) ;
#1904 = CARTESIAN_POINT ( 'NONE',  ( 57.90515320448418635, 10.37000000000000455, -66.74003574944600814 ) ) ;
#1905 = B_SPLINE_CURVE_WITH_KNOTS ( 'NONE', 4,
 ( #1014, #2268, #1393, #2054, #363, #1232, #783, #313, #70, #1248, #2543, #566, #1895, #118, #331, #948, #1197, #1446, #2507, #749 ),
 .UNSPECIFIED., .F., .F.,
 ( 5, 1, 1, 1, 1, 1, 1, 1, 1, 1, 1, 1, 1, 1, 1, 1, 5 ),
 ( 0.4937211263066473288, 0.5000000000000000000, 0.5071658271599908119, 0.5143316543968985410, 0.5189444556558915345, 0.5225273506313129479, 0.5261102620191507873, 0.5296931603889648565, 0.5328381193782383285, 0.5364210256288594048, 0.5400039212556415613, 0.5435868280580105072, 0.5481683455953676454, 0.5553341728349673323, 0.5624999999999954481, 0.5696658271650236749, 0.5697578305699925183 ),
 .UNSPECIFIED. ) ;
#1906 = ORIENTED_EDGE ( 'NONE', *, *, #391, .F. ) ;
#1907 = CARTESIAN_POINT ( 'NONE',  ( 46.95534979489710992, -2.468941478138598988, 5.499999999999976019 ) ) ;
#1908 = CARTESIAN_POINT ( 'NONE',  ( 20.54396631043674759, -4.043136906709924538, 2.000000000000001776 ) ) ;
#1909 = ORIENTED_EDGE ( 'NONE', *, *, #1990, .F. ) ;
#1910 = CARTESIAN_POINT ( 'NONE',  ( 50.83914017764025317, -0.2745919503013692919, -2.602085213965210642E-15 ) ) ;
#1911 = ADVANCED_FACE ( 'NONE', ( #2181 ), #2440, .T. ) ;
#1912 = CARTESIAN_POINT ( 'NONE',  ( 61.41143100795566312, 5.947524620193802569, -1.734723475976807094E-15 ) ) ;
#1913 = CARTESIAN_POINT ( 'NONE',  ( 48.76279068504192793, -1.380458743999585458, 7.426229759331650193 ) ) ;
#1914 = CARTESIAN_POINT ( 'NONE',  ( 48.40475269381789047, -1.041137688974864473, -1.040834085586084572E-14 ) ) ;
#1915 = CARTESIAN_POINT ( 'NONE',  ( 49.18644696255989857, -1.585680583497006690, 7.499999999999998224 ) ) ;
#1916 = ORIENTED_EDGE ( 'NONE', *, *, #2243, .T. ) ;
#1917 = FACE_OUTER_BOUND ( 'NONE', #978, .T. ) ;
#1918 = CARTESIAN_POINT ( 'NONE',  ( 55.43989586196023112, 2.392296567243223038, 7.500000000000000000 ) ) ;
#1919 = CARTESIAN_POINT ( 'NONE',  ( 49.65097834944622690, -0.7837616085303946711, 1.694065894508600678E-18 ) ) ;
#1920 = DIRECTION ( 'NONE',  ( -0.8651576445943247595, -0.5015000000000000568, 0.000000000000000000 ) ) ;
#1921 = CARTESIAN_POINT ( 'NONE',  ( 46.98471983335645064, -2.489358786540948110, 5.499999999999971578 ) ) ;
#1922 = CARTESIAN_POINT ( 'NONE',  ( 19.26226612764669710, -5.268590370138436896, 2.000000000000001332 ) ) ;
#1923 = ORIENTED_EDGE ( 'NONE', *, *, #2134, .F. ) ;
#1924 = CARTESIAN_POINT ( 'NONE',  ( 61.89079991616765142, 10.48543449797467098, 5.884214846249277143E-12 ) ) ;
#1925 = CARTESIAN_POINT ( 'NONE',  ( 62.03356908912516587, 6.434844281951912492, 7.500000000000007994 ) ) ;
#1926 = ADVANCED_FACE ( 'NONE', ( #1291 ), #2578, .F. ) ;
#1927 = CARTESIAN_POINT ( 'NONE',  ( 20.60999999999999943, -3.979999999999998206, 1.999999948913588899 ) ) ;
#1928 = CARTESIAN_POINT ( 'NONE',  ( 12.90529714691014007, -22.26344263691053982, -66.74003574944600814 ) ) ;
#1929 = CARTESIAN_POINT ( 'NONE',  ( 19.40787641301694677, -2.363508288777535160, 7.500000000000000888 ) ) ;
#1930 = VERTEX_POINT ( 'NONE', #197 ) ;
#1931 = DIRECTION ( 'NONE',  ( 0.000000000000000000, -0.000000000000000000, -1.000000000000000000 ) ) ;
#1932 = CARTESIAN_POINT ( 'NONE',  ( 54.32389589222396609, 1.983797983876061988, 1.694065894508600678E-18 ) ) ;
#1933 =( BOUNDED_SURFACE ( )  B_SPLINE_SURFACE ( 3, 2, ( 
 ( #403, #613, #417 ),
 ( #2618, #1924, #635 ),
 ( #1290, #1494, #2809 ),
 ( #1092, #2836, #625 ),
 ( #799, #830, #1708 ),
 ( #857, #149, #2122 ),
 ( #1676, #1952, #2165 ),
 ( #196, #2593, #1691 ),
 ( #1304, #2823, #1060 ),
 ( #2367, #1077, #378 ),
 ( #816, #1734, #1721 ),
 ( #393, #2336, #1276 ) ),
 .UNSPECIFIED., .F., .F., .F. ) 
 B_SPLINE_SURFACE_WITH_KNOTS ( ( 4, 2, 2, 2, 2, 4 ),
 ( 3, 3 ),
 ( 0.05158476740568915253, 0.05971522481910290781, 0.06784568223251666308, 0.08410659705934417363, 0.1003675118861716842, 0.1166284267129992086 ),
 ( 0.000000000000000000, 1.000000000000000000 ),
 .UNSPECIFIED. ) 
 GEOMETRIC_REPRESENTATION_ITEM ( )  RATIONAL_B_SPLINE_SURFACE ( (
 ( 1.000000000000000000, 0.7071067811865476838, 1.000000000000000000),
 ( 1.000000000000000000, 0.7071067811865476838, 1.000000000000000000),
 ( 1.000000000000000000, 0.7071067811865476838, 1.000000000000000000),
 ( 1.000000000000000000, 0.7071067811865476838, 1.000000000000000000),
 ( 1.000000000000000000, 0.7071067811865476838, 1.000000000000000000),
 ( 1.000000000000000000, 0.7071067811865476838, 1.000000000000000000),
 ( 1.000000000000000000, 0.7071067811865476838, 1.000000000000000000),
 ( 1.000000000000000000, 0.7071067811865476838, 1.000000000000000000),
 ( 1.000000000000000000, 0.7071067811865476838, 1.000000000000000000),
 ( 1.000000000000000000, 0.7071067811865476838, 1.000000000000000000),
 ( 1.000000000000000000, 0.7071067811865476838, 1.000000000000000000),
 ( 1.000000000000000000, 0.7071067811865476838, 1.000000000000000000) ) ) 
 REPRESENTATION_ITEM ( '' )  SURFACE ( )  );
#1934 = CARTESIAN_POINT ( 'NONE',  ( 50.83914017836357857, -0.2745919353782967365, 0.000000000000000000 ) ) ;
#1935 = FACE_OUTER_BOUND ( 'NONE', #2109, .T. ) ;
#1936 = CARTESIAN_POINT ( 'NONE',  ( 46.96506372708847721, -2.475689819862449514, 5.500000000000009770 ) ) ;
#1937 = CIRCLE ( 'NONE', #1518, 1.749999999999999778 ) ;
#1938 = ORIENTED_EDGE ( 'NONE', *, *, #241, .F. ) ;
#1939 = CARTESIAN_POINT ( 'NONE',  ( 50.43258843634935573, -0.2422699877873999985, 7.500000000000000888 ) ) ;
#1940 = CARTESIAN_POINT ( 'NONE',  ( 61.35518965061639562, 5.828884322760917946, -1.734723475976807094E-15 ) ) ;
#1941 = CARTESIAN_POINT ( 'NONE',  ( 47.76257966451257175, -1.761818364516102076, 6.541620091872315079 ) ) ;
#1942 = VECTOR ( 'NONE', #2488, 1000.000000000000000 ) ;
#1943 = CARTESIAN_POINT ( 'NONE',  ( 19.11639056510114187, -2.640997753284521465, -1.040834085586084888E-14 ) ) ;
#1944 = CARTESIAN_POINT ( 'NONE',  ( 19.22547504454865930, -2.536704723728063104, 7.500000000000001776 ) ) ;
#1945 = CARTESIAN_POINT ( 'NONE',  ( 59.90787415229728907, 5.297558280846223155, 7.499999999999998224 ) ) ;
#1946 = CARTESIAN_POINT ( 'NONE',  ( 26.42411280669941220, 2.512020063390710156, 7.499999999999998224 ) ) ;
#1947 = EDGE_CURVE ( 'NONE', #1466, #2470, #205, .T. ) ;
#1948 = FACE_OUTER_BOUND ( 'NONE', #1361, .T. ) ;
#1949 = CARTESIAN_POINT ( 'NONE',  ( 60.07791117598953434, 5.322190108446164025, 7.500000000000001776 ) ) ;
#1950 = CARTESIAN_POINT ( 'NONE',  ( 45.63363374570470654, -1.592784904143523805, 5.499999999999984013 ) ) ;
#1951 = ORIENTED_EDGE ( 'NONE', *, *, #1696, .F. ) ;
#1952 = CARTESIAN_POINT ( 'NONE',  ( 37.46488330153635360, 9.640041508129749914, 4.705673610230462520E-12 ) ) ;
#1953 = CARTESIAN_POINT ( 'NONE',  ( 61.93901944449565633, 6.425683956979190370, -1.734723475976807094E-15 ) ) ;
#1954 = CARTESIAN_POINT ( 'NONE',  ( 47.92738526154827383, -1.524106249671977942, 6.830832864654809988 ) ) ;
#1955 = CARTESIAN_POINT ( 'NONE',  ( 31.14416849680444344, 3.919504363754821252, -1.040834085586084257E-14 ) ) ;
#1956 = CARTESIAN_POINT ( 'NONE',  ( 19.00731043976073664, -2.745295366212248123, 7.499999999999998224 ) ) ;
#1957 = CARTESIAN_POINT ( 'NONE',  ( 60.38779689276709206, 5.305013537486281017, 6.071532165918824830E-15 ) ) ;
#1958 = CARTESIAN_POINT ( 'NONE',  ( 48.01775475226427403, -1.449572160016325828, 0.5563554934618226699 ) ) ;
#1959 = DIRECTION ( 'NONE',  ( 1.000000000000000000, -0.000000000000000000, 0.000000000000000000 ) ) ;
#1960 = EDGE_CURVE ( 'NONE', #288, #1398, #1559, .T. ) ;
#1961 = CARTESIAN_POINT ( 'NONE',  ( 61.17620842169978346, 8.918015431263013326, 0.5726607523491694662 ) ) ;
#1962 = CARTESIAN_POINT ( 'NONE',  ( 20.61208969496318133, -3.978001556549743079, 5.499999999999990230 ) ) ;
#1963 = B_SPLINE_CURVE_WITH_KNOTS ( 'NONE', 4,
 ( #2234, #457, #902, #1567, #40, #1146, #2020, #712, #775, #2537, #1670, #2554, #1564, #2675, #247, #3, #1131, #161, #645, #17, #2413 ),
 .UNSPECIFIED., .F., .F.,
 ( 5, 1, 1, 1, 1, 1, 1, 1, 1, 1, 1, 1, 1, 1, 1, 1, 1, 5 ),
 ( 0.7404438936175494756, 0.7428341728400039701, 0.7500000000000000000, 0.7571658271599908119, 0.7643316543968985410, 0.7689444556558915345, 0.7725273506313129479, 0.7761102620191507873, 0.7796931603889648565, 0.7828381193782383285, 0.7864210256288594048, 0.7900039212556415613, 0.7935868280580105072, 0.7981683455953676454, 0.8053341728349673323, 0.8124999999999954481, 0.8196658271650236749, 0.8231692958457881293 ),
 .UNSPECIFIED. ) ;
#1964 = ORIENTED_EDGE ( 'NONE', *, *, #2262, .T. ) ;
#1965 = CARTESIAN_POINT ( 'NONE',  ( 52.16072987881752709, 0.8624130894504494771, 7.500000000000001776 ) ) ;
#1966 = CARTESIAN_POINT ( 'NONE',  ( 48.07146665742320124, -1.418694113053402539, 6.999692153113771020 ) ) ;
#1967 = CARTESIAN_POINT ( 'NONE',  ( 29.97125432129838529, 3.684554213208971252, -1.040834085586084257E-14 ) ) ;
#1968 = CARTESIAN_POINT ( 'NONE',  ( 23.06403748296169098, 0.5994800730591675064, 7.499999999999999112 ) ) ;
#1969 = CARTESIAN_POINT ( 'NONE',  ( 64.30315289188649786, 7.530000000000002025, -66.74003574944600814 ) ) ;
#1970 = CARTESIAN_POINT ( 'NONE',  ( 48.06987035010729414, -1.419192896243620217, 0.5016246051181041388 ) ) ;
#1971 = B_SPLINE_CURVE_WITH_KNOTS ( 'NONE', 4,
 ( #1837, #774, #96, #2033, #508, #2517, #1172, #1655, #2486, #64, #1403, #2469, #1853, #2755, #2278, #942, #1419, #2298, #323 ),
 .UNSPECIFIED., .F., .F.,
 ( 5, 1, 1, 1, 1, 1, 1, 1, 1, 1, 1, 1, 1, 1, 1, 5 ),
 ( 0.5569016676586713288, 0.5625077089993353319, 0.5696735361643634477, 0.5768393634039632456, 0.5814208809413202728, 0.5850037877436891076, 0.5885866833704713752, 0.5921695896210923404, 0.5953145486103659234, 0.5988974469801799927, 0.6024803583680178320, 0.6060632533434393565, 0.6106760546024322389, 0.6178418818393400791, 0.6250077089993307800, 0.6296884750290580035 ),
 .UNSPECIFIED. ) ;
#1972 = CARTESIAN_POINT ( 'NONE',  ( 49.73227561539573571, -0.6092196737110532334, 1.694065894508600678E-18 ) ) ;
#1973 = CARTESIAN_POINT ( 'NONE',  ( 0.1227137631487347919, 4.000000000000000000, 7.500000000000000000 ) ) ;
#1974 = CARTESIAN_POINT ( 'NONE',  ( 34.14485680237132215, 2.162085760871572671, 5.499999999999991118 ) ) ;
#1975 = VECTOR ( 'NONE', #1180, 1000.000000000000000 ) ;
#1976 = ORIENTED_EDGE ( 'NONE', *, *, #1825, .T. ) ;
#1977 = CARTESIAN_POINT ( 'NONE',  ( 37.46488330153606938, 9.640041508135707815, 4.000000000000003553 ) ) ;
#1978 = ADVANCED_FACE ( 'NONE', ( #2098, #1455, #303 ), #2113, .T. ) ;
#1979 = DIRECTION ( 'NONE',  ( 1.000000000000000000, -0.000000000000000000, 0.000000000000000000 ) ) ;
#1980 = CARTESIAN_POINT ( 'NONE',  ( 34.14696872812516659, 4.162204474640322616, -1.040834085586084257E-14 ) ) ;
#1981 = CARTESIAN_POINT ( 'NONE',  ( 33.74539509472048593, 4.158232546138535213, 7.499999999999998224 ) ) ;
#1982 = CARTESIAN_POINT ( 'NONE',  ( 47.73201879477816334, -1.821600583362022574, 1.024921196842423443 ) ) ;
#1983 = B_SPLINE_SURFACE_WITH_KNOTS ( 'NONE', 2, 1, ( 
 ( #2831, #632 ),
 ( #1515, #1068 ),
 ( #706, #967 ) ),
 .UNSPECIFIED., .F., .F., .F.,
 ( 3, 3 ),
 ( 2, 2 ),
 ( 0.000000000000000000, 1.000000000000000000 ),
 ( 0.000000000000000000, 1.000000000000000000 ),
 .UNSPECIFIED. ) ;
#1984 = CARTESIAN_POINT ( 'NONE',  ( 51.49669886023856691, 0.1065705972777448995, 7.500000000000000000 ) ) ;
#1985 = CARTESIAN_POINT ( 'NONE',  ( 20.46217118075319519, -4.121341548816117140, 5.499999999999991118 ) ) ;
#1986 = AXIS2_PLACEMENT_3D ( 'NONE', #1844, #2745, #1884 ) ;
#1987 = CARTESIAN_POINT ( 'NONE',  ( 57.88601535373151563, 4.162946723959705331, 1.694065894508600678E-18 ) ) ;
#1988 = ORIENTED_EDGE ( 'NONE', *, *, #354, .F. ) ;
#1989 = CARTESIAN_POINT ( 'NONE',  ( 51.15771068399636334, 6.659024023392785985, 7.500000000000006217 ) ) ;
#1990 = EDGE_CURVE ( 'NONE', #76, #812, #1852, .T. ) ;
#1991 = CARTESIAN_POINT ( 'NONE',  ( 19.44451623777885274, -2.329036982401980094, -1.040834085586084099E-14 ) ) ;
#1992 = CARTESIAN_POINT ( 'NONE',  ( 16.51515897714050141, -6.157317281037074430, 6.756080940200924090 ) ) ;
#1993 = CARTESIAN_POINT ( 'NONE',  ( 47.89103789187102223, -1.550021608445447674, -5.724587470723463412E-14 ) ) ;
#1994 = CARTESIAN_POINT ( 'NONE',  ( 0.0007951152726314897508, 7.477321994022417151, 3.041521537118542007 ) ) ;
#1995 = CARTESIAN_POINT ( 'NONE',  ( 47.72584733673865287, -1.834078057023592612, 1.038655940426586488 ) ) ;
#1996 = CARTESIAN_POINT ( 'NONE',  ( -11.00000000000000000, -7.500000000000000000, 4.000000000000000000 ) ) ;
#1997 = CARTESIAN_POINT ( 'NONE',  ( 56.27955380535959762, 3.096452157381810899, 1.387778780781445676E-14 ) ) ;
#1998 = B_SPLINE_CURVE_WITH_KNOTS ( 'NONE', 4,
 ( #1646, #1449, #2508, #1693, #750 ),
 .UNSPECIFIED., .F., .F.,
 ( 5, 5 ),
 ( 0.06264822485969838428, 0.06615070661420993647 ),
 .UNSPECIFIED. ) ;
#1999 = ORIENTED_EDGE ( 'NONE', *, *, #1050, .T. ) ;
#2000 = CARTESIAN_POINT ( 'NONE',  ( 50.10293305516049145, -0.2667316132676267881, 7.500000000000000888 ) ) ;
#2001 = CARTESIAN_POINT ( 'NONE',  ( 46.81841033261211749, -2.374257964620573258, 1.999999999999954925 ) ) ;
#2002 = CARTESIAN_POINT ( 'NONE',  ( 18.68006360709531677, -3.058181408391069223, 7.500000000000000000 ) ) ;
#2003 = CARTESIAN_POINT ( 'NONE',  ( 0.09040845349803995623, 4.921400997538174948, 7.407126596510238414 ) ) ;
#2004 = CARTESIAN_POINT ( 'NONE',  ( 0.09075738531104758644, 4.911448883667216769, 0.1129079710585051965 ) ) ;
#2005 = CARTESIAN_POINT ( 'NONE',  ( 48.36919275768637050, -1.354986928201999064, 0.2778536229798254098 ) ) ;
#2006 = VERTEX_POINT ( 'NONE', #791 ) ;
#2007 = CARTESIAN_POINT ( 'NONE',  ( 63.32735692528382287, 6.976186462986581738, 1.734723475976807094E-15 ) ) ;
#2008 = CARTESIAN_POINT ( 'NONE',  ( 61.35007500786679202, 5.818209590368567774, 7.500000000000000000 ) ) ;
#2009 = VERTEX_POINT ( 'NONE', #1240 ) ;
#2010 = CARTESIAN_POINT ( 'NONE',  ( 49.52347640342998147, -1.037233705876447809, 7.500000000000000888 ) ) ;
#2011 = CARTESIAN_POINT ( 'NONE',  ( 45.95159695893330110, -1.795630053341734200, 2.000000000000011102 ) ) ;
#2012 = DIRECTION ( 'NONE',  ( -0.000000000000000000, -0.000000000000000000, -1.000000000000000000 ) ) ;
#2013 = CARTESIAN_POINT ( 'NONE',  ( 53.69333587328406310, 1.689583329852512250, -5.204170427930421283E-15 ) ) ;
#2014 = DIRECTION ( 'NONE',  ( 0.000000000000000000, 0.000000000000000000, 1.000000000000000000 ) ) ;
#2015 = CARTESIAN_POINT ( 'NONE',  ( 63.43897743066692385, 7.205000915004114326, 7.496473792348051113 ) ) ;
#2016 = ORIENTED_EDGE ( 'NONE', *, *, #897, .T. ) ;
#2017 = CARTESIAN_POINT ( 'NONE',  ( 16.85468348885316914, -5.009013212383984559, 0.1485733039647376963 ) ) ;
#2018 = ADVANCED_FACE ( 'NONE', ( #536, #322, #973 ), #1836, .F. ) ;
#2019 = DIRECTION ( 'NONE',  ( 0.000000000000000000, 0.000000000000000000, -1.000000000000000000 ) ) ;
#2020 = CARTESIAN_POINT ( 'NONE',  ( 52.25527952344702243, 0.8715734144231714886, 1.694065894508600678E-18 ) ) ;
#2021 = EDGE_LOOP ( 'NONE', ( #1761, #1332 ) ) ;
#2022 = CARTESIAN_POINT ( 'NONE',  ( 51.95623782143412228, 0.7946323320312361771, 7.500000000000001776 ) ) ;
#2023 = CARTESIAN_POINT ( 'NONE',  ( 41.69483688056207882, 0.5007812022013213848, 2.000000000000002665 ) ) ;
#2024 = AXIS2_PLACEMENT_3D ( 'NONE', #5, #427, #1503 ) ;
#2025 = DIRECTION ( 'NONE',  ( -1.000000000000000000, 0.000000000000000000, 0.000000000000000000 ) ) ;
#2026 = CARTESIAN_POINT ( 'NONE',  ( 53.74941224411095675, 1.766066705975589901, 7.500000000000003553 ) ) ;
#2027 = CARTESIAN_POINT ( 'NONE',  ( 35.26066626564971784, 4.151168032380160966, -0.000000000000000000 ) ) ;
#2028 = CARTESIAN_POINT ( 'NONE',  ( 48.59476174630884060, -1.365522066572867566, 0.1575882791057797994 ) ) ;
#2029 = CARTESIAN_POINT ( 'NONE',  ( 32.53205755975802305, 2.086611918099403606, 5.499999999999992006 ) ) ;
#2030 = ORIENTED_EDGE ( 'NONE', *, *, #90, .T. ) ;
#2031 = DIRECTION ( 'NONE',  ( 0.000000000000000000, 0.000000000000000000, 1.000000000000000000 ) ) ;
#2032 = EDGE_CURVE ( 'NONE', #1421, #2116, #2297, .T. ) ;
#2033 = CARTESIAN_POINT ( 'NONE',  ( 57.49289971336615679, 3.707674707108456147, 7.500000000000001776 ) ) ;
#2034 = VERTEX_POINT ( 'NONE', #2786 ) ;
#2035 = DIRECTION ( 'NONE',  ( 0.000000000000000000, 0.000000000000000000, 1.000000000000000000 ) ) ;
#2036 = CARTESIAN_POINT ( 'NONE',  ( 47.87868207196324022, -3.112106418026545196, 2.000000000000003553 ) ) ;
#2037 = CARTESIAN_POINT ( 'NONE',  ( 51.95623782143412228, 0.7946323320312361771, 7.500000000000001776 ) ) ;
#2038 = CARTESIAN_POINT ( 'NONE',  ( 63.35125948332360935, 7.026265489615675541, 1.694065894508600678E-18 ) ) ;
#2039 = CARTESIAN_POINT ( 'NONE',  ( 53.47288681848500147, 1.257558840452559057, -5.204170427930421283E-15 ) ) ;
#2040 = CARTESIAN_POINT ( 'NONE',  ( 49.52347598553561880, -1.037233977352749248, 0.000000000000000000 ) ) ;
#2041 = CARTESIAN_POINT ( 'NONE',  ( 41.58696400139174898, 2.701125140812812742, -0.000000000000000000 ) ) ;
#2042 = CARTESIAN_POINT ( 'NONE',  ( 48.28728298765776117, -1.359623923119102962, 0.3284733520774694715 ) ) ;
#2043 = CARTESIAN_POINT ( 'NONE',  ( 26.38276199005122180, 0.2341884363871191144, 5.499999999999991118 ) ) ;
#2044 = VERTEX_POINT ( 'NONE', #2720 ) ;
#2045 = CARTESIAN_POINT ( 'NONE',  ( 63.43952247824614687, 7.205761019457431082, 0.003580990912625978302 ) ) ;
#2046 = CARTESIAN_POINT ( 'NONE',  ( 12.90529714691014007, -22.26344263691053982, 0.000000000000000000 ) ) ;
#2047 = CARTESIAN_POINT ( 'NONE',  ( -5.112637930067753453E-17, 7.500000000000000000, 3.500000000000003109 ) ) ;
#2048 = ORIENTED_EDGE ( 'NONE', *, *, #1028, .T. ) ;
#2049 = CARTESIAN_POINT ( 'NONE',  ( 51.95623782143412228, 0.7946323320312361771, 0.000000000000000000 ) ) ;
#2050 = CARTESIAN_POINT ( 'NONE',  ( 20.23478638473341817, -1.605630567092612093, -0.000000000000000000 ) ) ;
#2051 = CARTESIAN_POINT ( 'NONE',  ( 17.58924083154401075, -4.101134882320391029, -1.040834085586084257E-14 ) ) ;
#2052 = CARTESIAN_POINT ( 'NONE',  ( 55.59181748094835740, 2.705008663572851191, 1.387778780781445676E-14 ) ) ;
#2053 = ADVANCED_FACE ( 'NONE', ( #522 ), #1402, .T. ) ;
#2054 = CARTESIAN_POINT ( 'NONE',  ( 56.40548425724127668, 3.086708858128681232, 1.694065894508600678E-18 ) ) ;
#2055 = CARTESIAN_POINT ( 'NONE',  ( 54.56501386513181018, 1.962766273880849344, 7.500000000000002665 ) ) ;
#2056 = CARTESIAN_POINT ( 'NONE',  ( 63.33537259679963682, 6.993081384309750348, 7.500000000000001776 ) ) ;
#2057 = CARTESIAN_POINT ( 'NONE',  ( 28.55811887479334743, 3.289703267156381283, -0.000000000000000000 ) ) ;
#2058 = AXIS2_PLACEMENT_3D ( 'NONE', #1241, #2115, #1920 ) ;
#2059 = CARTESIAN_POINT ( 'NONE',  ( 48.52817810467187343, -1.127118146004672861, 7.500000000000001776 ) ) ;
#2060 = VECTOR ( 'NONE', #1337, 1000.000000000000000 ) ;
#2061 = VERTEX_POINT ( 'NONE', #556 ) ;
#2062 = CARTESIAN_POINT ( 'NONE',  ( 64.30315289188565941, 7.530000000000379501, 0.03251435659024082270 ) ) ;
#2063 = DIRECTION ( 'NONE',  ( 0.8651576445943247595, 0.5015000000000000568, 0.000000000000000000 ) ) ;
#2064 = VECTOR ( 'NONE', #2157, 1000.000000000000000 ) ;
#2065 = DIRECTION ( 'NONE',  ( 0.000000000000000000, 0.000000000000000000, -1.000000000000000000 ) ) ;
#2066 = CARTESIAN_POINT ( 'NONE',  ( 38.58624367197074889, 9.810475088606089855, 3.500000000000004885 ) ) ;
#2067 = DIRECTION ( 'NONE',  ( -0.8651576445943247595, -0.5015000000000000568, 0.000000000000000000 ) ) ;
#2068 = DIRECTION ( 'NONE',  ( 1.000000000000000000, 0.000000000000000000, 0.000000000000000000 ) ) ;
#2069 = CARTESIAN_POINT ( 'NONE',  ( 21.04915522860836319, -0.9191789664480900512, -0.000000000000000000 ) ) ;
#2070 = CARTESIAN_POINT ( 'NONE',  ( 30.08268472987221287, 1.652011917002274233, 2.000000000000002665 ) ) ;
#2071 = CARTESIAN_POINT ( 'NONE',  ( 55.86755364770538534, 3.019940679042733667, 7.500000000000013323 ) ) ;
#2072 = LINE ( 'NONE', #580, #1067 ) ;
#2073 = EDGE_CURVE ( 'NONE', #2248, #2847, #2735, .T. ) ;
#2074 = CARTESIAN_POINT ( 'NONE',  ( -11.00000000000000000, 7.500000000000000000, 3.500000000000000000 ) ) ;
#2075 = CARTESIAN_POINT ( 'NONE',  ( 48.52698908588452298, -1.360100030720030606, 7.308148283429554581 ) ) ;
#2076 = CARTESIAN_POINT ( 'NONE',  ( 41.87220612074257531, 2.590063572152572657, -0.000000000000000000 ) ) ;
#2077 = CARTESIAN_POINT ( 'NONE',  ( 48.13733117721898935, -0.8548463006297948308, -7.042957050263784932E-15 ) ) ;
#2078 = CARTESIAN_POINT ( 'NONE',  ( 17.38319834426055976, -7.065197771776848157, 5.499999999999993783 ) ) ;
#2079 = ORIENTED_EDGE ( 'NONE', *, *, #1960, .F. ) ;
#2080 = CARTESIAN_POINT ( 'NONE',  ( 58.44790420476188331, 4.190853001450031812, -1.734723475976807094E-15 ) ) ;
#2081 = CARTESIAN_POINT ( 'NONE',  ( 36.98976367281787958, 6.115351223846229978, 4.770489558936217932E-15 ) ) ;
#2082 = CARTESIAN_POINT ( 'NONE',  ( 56.16659534971827838, 3.096881761434667091, 7.500000000000013323 ) ) ;
#2083 = UNCERTAINTY_MEASURE_WITH_UNIT (LENGTH_MEASURE( 1.000000000000000082E-05 ), #1642, 'distance_accuracy_value', 'NONE');
#2084 = LINE ( 'NONE', #989, #926 ) ;
#2085 = CARTESIAN_POINT ( 'NONE',  ( 62.31887773220893934, 6.419974165835057534, 1.694065894508600678E-18 ) ) ;
#2086 = ORIENTED_EDGE ( 'NONE', *, *, #1142, .F. ) ;
#2087 = LINE ( 'NONE', #2280, #497 ) ;
#2088 = CARTESIAN_POINT ( 'NONE',  ( 20.60765029068375043, -3.982246689418521335, 2.000000000000002665 ) ) ;
#2089 = CARTESIAN_POINT ( 'NONE',  ( 59.72073748341359334, 5.206697711415559482, 1.694065894508600678E-18 ) ) ;
#2090 = CARTESIAN_POINT ( 'NONE',  ( 48.30973408426311266, -1.356917903474435416, 7.186577797710409499 ) ) ;
#2091 = CARTESIAN_POINT ( 'NONE',  ( 47.24841245211382557, -0.2539240875698854927, -0.000000000000000000 ) ) ;
#2092 = DIRECTION ( 'NONE',  ( -0.000000000000000000, -0.000000000000000000, -1.000000000000000000 ) ) ;
#2093 = CARTESIAN_POINT ( 'NONE',  ( 40.80445945024344923, 2.988118858412305290, 7.499999999999998224 ) ) ;
#2094 = PRODUCT_DEFINITION ( 'UNKNOWN', '', #1753, #2485 ) ;
#2095 = EDGE_LOOP ( 'NONE', ( #2737, #624, #2502, #458 ) ) ;
#2096 = CARTESIAN_POINT ( 'NONE',  ( 57.95221623916166465, 4.184904107340473800, 7.500000000000001776 ) ) ;
#2097 = CARTESIAN_POINT ( 'NONE',  ( 53.57811206391048131, 1.475369482831849988, 1.694065894508600678E-18 ) ) ;
#2098 = FACE_BOUND ( 'NONE', #1690, .T. ) ;
#2099 = CARTESIAN_POINT ( 'NONE',  ( 64.26541907301825063, 7.533489171422807829, 7.500000000000003553 ) ) ;
#2100 = ORIENTED_EDGE ( 'NONE', *, *, #2172, .T. ) ;
#2101 = FACE_OUTER_BOUND ( 'NONE', #1289, .T. ) ;
#2102 = CARTESIAN_POINT ( 'NONE',  ( 58.53033835082391079, 4.183712175541840494, 0.000000000000000000 ) ) ;
#2103 = CARTESIAN_POINT ( 'NONE',  ( 34.68011117185410797, 2.152809832522892819, 2.000000000000002665 ) ) ;
#2104 = CARTESIAN_POINT ( 'NONE',  ( 51.73767796014843867, 0.5769291563467641160, 7.500000000000001776 ) ) ;
#2105 = CARTESIAN_POINT ( 'NONE',  ( 59.77886947397663420, 5.245249026054229269, 1.694065894508600678E-18 ) ) ;
#2106 = CARTESIAN_POINT ( 'NONE',  ( 48.79600674556314743, -1.382910612765293035, 7.443208123527572440 ) ) ;
#2107 = CARTESIAN_POINT ( 'NONE',  ( 43.92860968454432680, 1.667556624034332469, -1.040834085586084257E-14 ) ) ;
#2108 = CARTESIAN_POINT ( 'NONE',  ( 48.56931990828987722, -1.155778298347938104, 7.499999999999998224 ) ) ;
#2109 = EDGE_LOOP ( 'NONE', ( #2320, #2741, #1059, #273 ) ) ;
#2110 = PRESENTATION_LAYER_ASSIGNMENT (  '', '', ( #2162 ) ) ;
#2111 = CARTESIAN_POINT ( 'NONE',  ( 57.41038420386255581, 3.534516033053577200, -1.734723475976807094E-15 ) ) ;
#2112 = CARTESIAN_POINT ( 'NONE',  ( 55.93035744059588410, 3.050292550453958640, 7.500000000000001776 ) ) ;
#2113 = PLANE ( 'NONE',  #153 ) ;
#2114 = EDGE_CURVE ( 'NONE', #2006, #1712, #2084, .T. ) ;
#2115 = DIRECTION ( 'NONE',  ( -0.5015000000000000568, 0.8651576445943247595, 0.000000000000000000 ) ) ;
#2116 = VERTEX_POINT ( 'NONE', #2753 ) ;
#2117 = CARTESIAN_POINT ( 'NONE',  ( 48.53695092985126536, -3.570668855518878804, 5.499999999999992006 ) ) ;
#2118 = VECTOR ( 'NONE', #1719, 1000.000000000000000 ) ;
#2119 = DIRECTION ( 'NONE',  ( 0.000000000000000000, -0.000000000000000000, -1.000000000000000000 ) ) ;
#2120 = CARTESIAN_POINT ( 'NONE',  ( 20.63343752279527976, -3.957610016616488924, 2.000000000000001332 ) ) ;
#2121 = EDGE_LOOP ( 'NONE', ( #1383, #867, #1414, #1045 ) ) ;
#2122 = CARTESIAN_POINT ( 'NONE',  ( 42.89388114312061617, 9.865672304651756264, 3.500000000000003109 ) ) ;
#2123 = CARTESIAN_POINT ( 'NONE',  ( 61.79733118000276448, 6.388255070971201377, -1.734723475976807094E-15 ) ) ;
#2124 = FACE_OUTER_BOUND ( 'NONE', #2700, .T. ) ;
#2125 = CARTESIAN_POINT ( 'NONE',  ( 48.56931990828987722, -1.155778298347951205, -1.040834085586084099E-14 ) ) ;
#2126 = CARTESIAN_POINT ( 'NONE',  ( 48.12704421847158898, -0.8476841635523045815, 7.499999999999971578 ) ) ;
#2127 = VECTOR ( 'NONE', #2260, 1000.000000000000000 ) ;
#2128 = ORIENTED_EDGE ( 'NONE', *, *, #2281, .F. ) ;
#2129 = CARTESIAN_POINT ( 'NONE',  ( -11.00000000000000000, 0.000000000000000000, 4.000000000000000000 ) ) ;
#2130 = CARTESIAN_POINT ( 'NONE',  ( 55.59181748094835740, 2.705008663572851191, 7.500000000000001776 ) ) ;
#2131 = CARTESIAN_POINT ( 'NONE',  ( 62.37105713999220313, 6.415183983082050290, 7.500000000000001776 ) ) ;
#2132 = CARTESIAN_POINT ( 'NONE',  ( 59.90787415229728907, 5.297558280846223155, 7.500000000000001776 ) ) ;
#2133 = CARTESIAN_POINT ( 'NONE',  ( 43.69448684464556720, -0.4623198602782130351, 5.499999999999991118 ) ) ;
#2134 = EDGE_CURVE ( 'NONE', #2061, #1820, #698, .T. ) ;
#2135 = LINE ( 'NONE', #780, #2665 ) ;
#2136 = CARTESIAN_POINT ( 'NONE',  ( 20.49859825386932499, -4.086508959264565810, 2.000000000000001776 ) ) ;
#2137 = ORIENTED_EDGE ( 'NONE', *, *, #1792, .T. ) ;
#2138 = CARTESIAN_POINT ( 'NONE',  ( 50.70947549270135113, -0.2673775924194872200, -2.602085213965210642E-15 ) ) ;
#2139 = CARTESIAN_POINT ( 'NONE',  ( 11.00000000000000000, 0.000000000000000000, 7.500000000000000000 ) ) ;
#2140 = CARTESIAN_POINT ( 'NONE',  ( 48.53308420445166860, -1.360534388866809330, 7.311271510837091370 ) ) ;
#2141 = CARTESIAN_POINT ( 'NONE',  ( 48.03437694692248527, -0.7833877769030976879, -2.592154704073712175E-14 ) ) ;
#2142 = CARTESIAN_POINT ( 'NONE',  ( 25.11597781612903546, 1.828400630681915384, 7.500000000000001776 ) ) ;
#2143 = ORIENTED_EDGE ( 'NONE', *, *, #1947, .F. ) ;
#2144 = PLANE ( 'NONE',  #1667 ) ;
#2145 = CARTESIAN_POINT ( 'NONE',  ( 53.69333587328406310, 1.689583329852512250, 1.694065894508600678E-18 ) ) ;
#2146 = CARTESIAN_POINT ( 'NONE',  ( 49.58480757582965026, -0.9263662548103578365, 1.694065894508600678E-18 ) ) ;
#2147 = CARTESIAN_POINT ( 'NONE',  ( 59.41318329020799638, 4.744686110121833167, 7.500000000000001776 ) ) ;
#2148 = CARTESIAN_POINT ( 'NONE',  ( 51.49669882938724186, 0.1065705411738415015, 0.000000000000000000 ) ) ;
#2149 = CARTESIAN_POINT ( 'NONE',  ( 20.24400662564291054, -4.329932243601997577, 2.000000000000001776 ) ) ;
#2150 = LINE ( 'NONE', #362, #44 ) ;
#2151 = CARTESIAN_POINT ( 'NONE',  ( 61.41143100795566312, 5.947524620193802569, 7.500000000000007994 ) ) ;
#2152 = CARTESIAN_POINT ( 'NONE',  ( 47.89830703146725455, -1.555579056676183791, 6.788399735747034036 ) ) ;
#2153 = EDGE_CURVE ( 'NONE', #123, #2299, #1033, .T. ) ;
#2154 = CARTESIAN_POINT ( 'NONE',  ( 19.18911423568595609, -2.571469787224025971, -1.040834085586084257E-14 ) ) ;
#2155 = CARTESIAN_POINT ( 'NONE',  ( 27.67834698260079307, 2.990134208389280790, 7.499999999999998224 ) ) ;
#2156 = CARTESIAN_POINT ( 'NONE',  ( 48.15184333395545480, -1.377787265470137967, 7.500000000000063949 ) ) ;
#2157 = DIRECTION ( 'NONE',  ( 0.000000000000000000, 0.000000000000000000, 1.000000000000000000 ) ) ;
#2158 = AXIS2_PLACEMENT_3D ( 'NONE', #1252, #2092, #2565 ) ;
#2159 = CARTESIAN_POINT ( 'NONE',  ( 50.43258843634935573, -0.2422699877873999985, 1.694065894508600678E-18 ) ) ;
#2160 = CARTESIAN_POINT ( 'NONE',  ( 59.50313330721962046, 4.930317010584347237, 7.500000000000001776 ) ) ;
#2161 = CARTESIAN_POINT ( 'NONE',  ( 46.11002925019731435, -1.898563427880946231, 5.499999999999985789 ) ) ;
#2162 = STYLED_ITEM ( 'NONE', ( #2698 ), #406 ) ;
#2163 = CIRCLE ( 'NONE', #187, 1.749999999999999778 ) ;
#2164 = VERTEX_POINT ( 'NONE', #127 ) ;
#2165 = CARTESIAN_POINT ( 'NONE',  ( 37.46488330153606938, 9.640041508135707815, 3.500000000000003109 ) ) ;
#2166 = CARTESIAN_POINT ( 'NONE',  ( 62.14652754476647090, 6.434414677899054524, 7.500000000000007994 ) ) ;
#2167 = AXIS2_PLACEMENT_3D ( 'NONE', #603, #1468, #1271 ) ;
#2168 = CARTESIAN_POINT ( 'NONE',  ( 48.04070698933296768, -1.435128322434481074, 6.968630010354239346 ) ) ;
#2169 = VECTOR ( 'NONE', #1027, 1000.000000000000000 ) ;
#2170 = CARTESIAN_POINT ( 'NONE',  ( 19.85093941491937741, -1.953413875092374186, -1.040834085586084099E-14 ) ) ;
#2171 = CARTESIAN_POINT ( 'NONE',  ( 19.11639056510112411, -2.640997753284525018, 7.500000000000000000 ) ) ;
#2172 = EDGE_CURVE ( 'NONE', #1466, #929, #439, .T. ) ;
#2173 = DIRECTION ( 'NONE',  ( -0.000000000000000000, -0.000000000000000000, -1.000000000000000000 ) ) ;
#2174 = CARTESIAN_POINT ( 'NONE',  ( 59.77886947397663420, 5.245249026054229269, 7.499999999999998224 ) ) ;
#2175 = CARTESIAN_POINT ( 'NONE',  ( 47.82965535290417591, -1.647158409159585668, 0.8259851029152678326 ) ) ;
#2176 = CARTESIAN_POINT ( 'NONE',  ( -18.50000000000000000, 0.000000000000000000, 4.000000000000000000 ) ) ;
#2177 = CARTESIAN_POINT ( 'NONE',  ( 53.85376374400671295, 1.868735190898315635, 7.500000000000001776 ) ) ;
#2178 = CARTESIAN_POINT ( 'NONE',  ( 29.05524861115311097, 1.352486035707982870, 5.499999999999991118 ) ) ;
#2179 = ORIENTED_EDGE ( 'NONE', *, *, #682, .T. ) ;
#2180 = CARTESIAN_POINT ( 'NONE',  ( 52.08524249975479137, 0.8469415868232296196, 7.500000000000001776 ) ) ;
#2181 = FACE_OUTER_BOUND ( 'NONE', #1303, .T. ) ;
#2182 = CARTESIAN_POINT ( 'NONE',  ( 48.25050415482374433, -1.364177252333616419, 7.146767779918640429 ) ) ;
#2183 = CARTESIAN_POINT ( 'NONE',  ( 20.52986962045277508, -1.353499432018832271, -1.040834085586084257E-14 ) ) ;
#2184 = CARTESIAN_POINT ( 'NONE',  ( 34.74712699394687832, 4.151803255486044897, 7.500000000000001776 ) ) ;
#2185 = CARTESIAN_POINT ( 'NONE',  ( 53.46874356042519594, 1.249692227564363378, 7.500000000000000000 ) ) ;
#2186 = CARTESIAN_POINT ( 'NONE',  ( 48.04480442944683460, -1.432939298449464438, 0.5272325520299970814 ) ) ;
#2187 = DIRECTION ( 'NONE',  ( -0.000000000000000000, -0.000000000000000000, -1.000000000000000000 ) ) ;
#2188 = CARTESIAN_POINT ( 'NONE',  ( 64.30315289188565941, 7.530000000000379501, 0.03251435659024082270 ) ) ;
#2189 = CARTESIAN_POINT ( 'NONE',  ( 20.59848795450675141, -3.991006760781965923, 5.499999999999991118 ) ) ;
#2190 = PRODUCT_CONTEXT ( 'NONE', #1612, 'mechanical' ) ;
#2191 = VERTEX_POINT ( 'NONE', #388 ) ;
#2192 = CARTESIAN_POINT ( 'NONE',  ( -0.5071029491746329443, 7.464397084828830131, 7.500000000000004441 ) ) ;
#2193 = CARTESIAN_POINT ( 'NONE',  ( 48.91867151970590299, -1.387816846140019322, -5.724587470723463412E-14 ) ) ;
#2194 = CARTESIAN_POINT ( 'NONE',  ( 56.60658630455782969, 3.068584016840985473, 10.00000000000000000 ) ) ;
#2195 = CARTESIAN_POINT ( 'NONE',  ( 58.53033840774343588, 4.183712208535984800, 9.999999999999998224 ) ) ;
#2196 = CARTESIAN_POINT ( 'NONE',  ( 30.75120987668499595, 3.849618549608627038, -1.040834085586084257E-14 ) ) ;
#2197 = CARTESIAN_POINT ( 'NONE',  ( 21.14539607137493604, -0.8373058723544367643, 7.500000000000003553 ) ) ;
#2198 = CARTESIAN_POINT ( 'NONE',  ( 0.01242418567389476022, 7.145641623703992806, 1.948377327552502924 ) ) ;
#2199 = CARTESIAN_POINT ( 'NONE',  ( 47.81331986368814313, -1.672718187080270091, 0.8562886873214022865 ) ) ;
#2200 = CARTESIAN_POINT ( 'NONE',  ( -11.00000000000000000, 0.000000000000000000, 7.500000000000000000 ) ) ;
#2201 = DIRECTION ( 'NONE',  ( 0.8651576445943247595, 0.5015000000000000568, 0.000000000000000000 ) ) ;
#2202 = CARTESIAN_POINT ( 'NONE',  ( 20.81387287360960769, -3.786730860826394984, 5.499999999999990230 ) ) ;
#2203 = ADVANCED_FACE ( 'NONE', ( #413 ), #217, .F. ) ;
#2204 = CIRCLE ( 'NONE', #596, 3.500000000000000000 ) ;
#2205 = ORIENTED_EDGE ( 'NONE', *, *, #756, .T. ) ;
#2206 = CARTESIAN_POINT ( 'NONE',  ( 64.60107855732121607, 10.56393108257176827, 7.500000000000004441 ) ) ;
#2207 = VECTOR ( 'NONE', #1377, 1000.000000000000000 ) ;
#2208 = CARTESIAN_POINT ( 'NONE',  ( 19.24365845085562654, -2.519325352441259991, -1.040834085586084572E-14 ) ) ;
#2209 = CARTESIAN_POINT ( 'NONE',  ( 48.91867151974177830, -1.387816835275515359, 7.500000000000000000 ) ) ;
#2210 = CARTESIAN_POINT ( 'NONE',  ( 0.03026929705030847670, 6.636669457788906712, 1.186982347360770573 ) ) ;
#2211 = CARTESIAN_POINT ( 'NONE',  ( 19.41122216799769618, -2.356921241894016639, 7.499999999999999112 ) ) ;
#2212 = CARTESIAN_POINT ( 'NONE',  ( 58.38395138049832411, 10.15746688241364204, 2.225483374949425830 ) ) ;
#2213 = ORIENTED_EDGE ( 'NONE', *, *, #685, .T. ) ;
#2214 = CARTESIAN_POINT ( 'NONE',  ( 64.60107855732121607, 10.56393108257176827, 4.000000000000003553 ) ) ;
#2215 = EDGE_CURVE ( 'NONE', #2164, #939, #659, .T. ) ;
#2216 = CARTESIAN_POINT ( 'NONE',  ( 47.01468166243879665, -2.510228036437800014, 2.000000000000000000 ) ) ;
#2217 = EDGE_CURVE ( 'NONE', #2847, #788, #384, .T. ) ;
#2218 = APPLICATION_CONTEXT ( 'automotive_design' ) ;
#2219 = CYLINDRICAL_SURFACE ( 'NONE', #555, 1.749999999999999778 ) ;
#2220 = CARTESIAN_POINT ( 'NONE',  ( 54.04090041289040869, 1.959595760328977976, 7.500000000000003553 ) ) ;
#2221 = CARTESIAN_POINT ( 'NONE',  ( 47.96148632364996445, -1.492253584211322259, 0.6235272531818609743 ) ) ;
#2222 = CARTESIAN_POINT ( 'NONE',  ( 54.21093743658264685, 1.984227587928919068, 7.500000000000001776 ) ) ;
#2223 = ORIENTED_EDGE ( 'NONE', *, *, #584, .F. ) ;
#2224 = CARTESIAN_POINT ( 'NONE',  ( 12.90529714691014007, -22.26344263691053982, 7.500000000000000000 ) ) ;
#2225 = CARTESIAN_POINT ( 'NONE',  ( 46.11002925019730725, -1.898563427880950893, 2.000000000000090594 ) ) ;
#2226 = CARTESIAN_POINT ( 'NONE',  ( 18.75278512546542231, -2.988651176795762421, 7.500000000000000000 ) ) ;
#2227 = EDGE_CURVE ( 'NONE', #2655, #2847, #2442, .T. ) ;
#2228 = CARTESIAN_POINT ( 'NONE',  ( 53.46874355666047762, 1.249692220416474209, -4.336808689942017736E-15 ) ) ;
#2229 = CARTESIAN_POINT ( 'NONE',  ( 32.62872531380941865, 7.511299594386027678, 5.499999999999991118 ) ) ;
#2230 = CARTESIAN_POINT ( 'NONE',  ( 63.35125948330335177, 7.026265489615086679, 7.500000000000000888 ) ) ;
#2231 = ORIENTED_EDGE ( 'NONE', *, *, #286, .T. ) ;
#2232 = CARTESIAN_POINT ( 'NONE',  ( 49.52347637791854140, -1.037233749902825908, 7.500000000000000000 ) ) ;
#2233 = CARTESIAN_POINT ( 'NONE',  ( 62.14652754476647090, 6.434414677899054524, 1.694065894508600678E-18 ) ) ;
#2234 = CARTESIAN_POINT ( 'NONE',  ( 52.76077419930724233, 0.8393084821058833800, 0.000000000000000000 ) ) ;
#2235 = ORIENTED_EDGE ( 'NONE', *, *, #2227, .T. ) ;
#2236 = CARTESIAN_POINT ( 'NONE',  ( 11.00000000000000000, 0.000000000000000000, 0.000000000000000000 ) ) ;
#2237 = CARTESIAN_POINT ( 'NONE',  ( 42.70265860196705177, 0.04129015275032598548, 2.000000000000002665 ) ) ;
#2238 = CARTESIAN_POINT ( 'NONE',  ( -9.250000000000000000, 2.143131898507868297E-16, 7.500000000000000000 ) ) ;
#2239 = CARTESIAN_POINT ( 'NONE',  ( 54.21093743658264685, 1.984227587928919068, -5.204170427930421283E-15 ) ) ;
#2240 = CARTESIAN_POINT ( 'NONE',  ( 36.35386212239153281, 4.041987571057517492, 0.000000000000000000 ) ) ;
#2241 = CARTESIAN_POINT ( 'NONE',  ( 48.47744696938155329, -1.357002767179481539, 0.2176361231931069340 ) ) ;
#2242 = CARTESIAN_POINT ( 'NONE',  ( 31.12278869532140035, 1.883958877441677338, 5.499999999999991118 ) ) ;
#2243 = EDGE_CURVE ( 'NONE', #260, #1269, #1529, .T. ) ;
#2244 = ORIENTED_EDGE ( 'NONE', *, *, #1792, .F. ) ;
#2245 = CARTESIAN_POINT ( 'NONE',  ( 16.59805112869177890, -5.548522259704096626, 0.3611717246764402089 ) ) ;
#2246 = CIRCLE ( 'NONE', #689, 3.499999999999999556 ) ;
#2247 = DIRECTION ( 'NONE',  ( 0.000000000000000000, -0.000000000000000000, -1.000000000000000000 ) ) ;
#2248 = VERTEX_POINT ( 'NONE', #2176 ) ;
#2249 = CARTESIAN_POINT ( 'NONE',  ( 51.89810583087109563, 0.7560810173925675004, 0.000000000000000000 ) ) ;
#2250 = FACE_OUTER_BOUND ( 'NONE', #209, .T. ) ;
#2251 = CARTESIAN_POINT ( 'NONE',  ( 16.42569653762254234, -5.213618587845060937, -1.040834085586084257E-14 ) ) ;
#2252 = CARTESIAN_POINT ( 'NONE',  ( 51.84545819436488046, 0.7103330036140693693, 7.500000000000001776 ) ) ;
#2253 = CARTESIAN_POINT ( 'NONE',  ( 16.14260492696629612, -5.484287101000153264, 7.500000000000000000 ) ) ;
#2254 = CARTESIAN_POINT ( 'NONE',  ( 54.67966177608315803, 1.953970931422587709, 7.500000000000003553 ) ) ;
#2255 = PLANE ( 'NONE',  #2816 ) ;
#2256 = CARTESIAN_POINT ( 'NONE',  ( 41.32412098029477221, 2.800432163499579019, 0.000000000000000000 ) ) ;
#2257 = CARTESIAN_POINT ( 'NONE',  ( 48.67650602491246303, -1.372946562783669666, 0.1169262830285438537 ) ) ;
#2258 = CARTESIAN_POINT ( 'NONE',  ( 36.80798996974395720, 1.949450256389823499, 5.499999999999991118 ) ) ;
#2259 = ORIENTED_EDGE ( 'NONE', *, *, #2307, .F. ) ;
#2260 = DIRECTION ( 'NONE',  ( -0.000000000000000000, -0.000000000000000000, -1.000000000000000000 ) ) ;
#2261 = LINE ( 'NONE', #955, #684 ) ;
#2262 = EDGE_CURVE ( 'NONE', #2279, #1707, #686, .T. ) ;
#2263 = CARTESIAN_POINT ( 'NONE',  ( -11.00000000000000000, -7.500000000000000000, 3.499999999999999556 ) ) ;
#2264 = ORIENTED_EDGE ( 'NONE', *, *, #800, .T. ) ;
#2265 = CARTESIAN_POINT ( 'NONE',  ( 52.01904161432463525, 0.8249842034424610393, 7.500000000000001776 ) ) ;
#2266 = CARTESIAN_POINT ( 'NONE',  ( 47.17927141045718997, -2.624883828190941237, 2.000000000000002220 ) ) ;
#2267 = CARTESIAN_POINT ( 'NONE',  ( 55.48814318645919030, 2.490045482491852979, 7.500000000000013323 ) ) ;
#2268 = CARTESIAN_POINT ( 'NONE',  ( 56.57523688224878811, 3.070872729310893501, 1.694065894508600678E-18 ) ) ;
#2269 = CARTESIAN_POINT ( 'NONE',  ( 53.47288681848500147, 1.257558840452559057, 7.500000000000003553 ) ) ;
#2270 = CARTESIAN_POINT ( 'NONE',  ( 29.70170545773769888, 3.621257783222396665, -0.000000000000000000 ) ) ;
#2271 = FILL_AREA_STYLE_COLOUR ( '', #490 ) ;
#2272 = CARTESIAN_POINT ( 'NONE',  ( 55.99655832602603311, 3.072249933834727109, 7.500000000000013323 ) ) ;
#2273 = CARTESIAN_POINT ( 'NONE',  ( 18.97138005416639572, -5.546711296519537981, 5.499999999999991118 ) ) ;
#2274 = ORIENTED_EDGE ( 'NONE', *, *, #504, .F. ) ;
#2275 = CARTESIAN_POINT ( 'NONE',  ( 57.76507957027797602, 4.094043537909812791, -1.734723475976807094E-15 ) ) ;
#2276 = DIRECTION ( 'NONE',  ( 0.000000000000000000, 0.000000000000000000, 1.000000000000000000 ) ) ;
#2277 = CARTESIAN_POINT ( 'NONE',  ( 0.000000000000000000, 4.000000000000000000, 4.000000000000000000 ) ) ;
#2278 = CARTESIAN_POINT ( 'NONE',  ( 58.23521171849521494, 4.209106330887559366, 7.500000000000001776 ) ) ;
#2279 = VERTEX_POINT ( 'NONE', #1040 ) ;
#2280 = CARTESIAN_POINT ( 'NONE',  ( 12.90529714691014007, -22.26344263691053982, 7.500000000000000000 ) ) ;
#2281 = EDGE_CURVE ( 'NONE', #2617, #108, #2400, .T. ) ;
#2282 = CARTESIAN_POINT ( 'NONE',  ( 54.68333472920637206, 1.953745962683786530, 0.000000000000000000 ) ) ;
#2283 = CARTESIAN_POINT ( 'NONE',  ( -18.50000000000000000, 0.000000000000000000, 3.499999999999999556 ) ) ;
#2284 = CARTESIAN_POINT ( 'NONE',  ( 40.14945578357968259, 1.098343907168899625, 2.000000000000000888 ) ) ;
#2285 = CARTESIAN_POINT ( 'NONE',  ( 55.75677402063612931, 2.935641350625566304, 1.387778780781445676E-14 ) ) ;
#2286 = CARTESIAN_POINT ( 'NONE',  ( 36.98976367280607747, 6.115351223845707729, 7.500000000000006217 ) ) ;
#2287 = ORIENTED_EDGE ( 'NONE', *, *, #636, .T. ) ;
#2288 = CARTESIAN_POINT ( 'NONE',  ( 48.49577707777288538, -1.357959504559945962, 7.292066923947020385 ) ) ;
#2289 = DIRECTION ( 'NONE',  ( -0.8651576445943247595, -0.5015000000000000568, 0.000000000000000000 ) ) ;
#2290 = CARTESIAN_POINT ( 'NONE',  ( 46.78634476338115178, 0.04625691139352333670, 0.000000000000000000 ) ) ;
#2291 = CARTESIAN_POINT ( 'NONE',  ( 48.32246908658189000, -0.9838173842883276565, -1.040834085586084257E-14 ) ) ;
#2292 = CARTESIAN_POINT ( 'NONE',  ( 48.09617081956648832, -0.8262218450427843974, 7.499999999999979572 ) ) ;
#2293 = CIRCLE ( 'NONE', #367, 7.500000000000000000 ) ;
#2294 = VERTEX_POINT ( 'NONE', #864 ) ;
#2295 = CARTESIAN_POINT ( 'NONE',  ( 64.20407518966723615, 7.539161518700494113, 0.03416511240031669394 ) ) ;
#2296 = CARTESIAN_POINT ( 'NONE',  ( 16.51515897714052272, -6.157317281037063772, 0.7439190597990675835 ) ) ;
#2297 = LINE ( 'NONE', #111, #1159 ) ;
#2298 = CARTESIAN_POINT ( 'NONE',  ( 58.50698284355671319, 4.185618008429608849, 7.500000000000001776 ) ) ;
#2299 = VERTEX_POINT ( 'NONE', #1073 ) ;
#2300 = CARTESIAN_POINT ( 'NONE',  ( 52.76077419923334588, 0.8393084804993314885, 7.500000000000001776 ) ) ;
#2301 = PLANE ( 'NONE',  #1745 ) ;
#2302 = CARTESIAN_POINT ( 'NONE',  ( 19.26385983412509617, -2.500041994979459670, -0.000000000000000000 ) ) ;
#2303 = CARTESIAN_POINT ( 'NONE',  ( 36.80798996974397852, 1.949450256389824165, 2.000000000000000888 ) ) ;
#2304 = CARTESIAN_POINT ( 'NONE',  ( 61.78945086679435406, 8.645804016889561794, 7.083787565200111658 ) ) ;
#2305 = CARTESIAN_POINT ( 'NONE',  ( 48.41187488936549954, -1.354865621851337742, 7.246642460883436776 ) ) ;
#2306 = CARTESIAN_POINT ( 'NONE',  ( 48.00556849699506756, -0.7634911843368968887, 0.000000000000000000 ) ) ;
#2307 = EDGE_CURVE ( 'NONE', #953, #1340, #646, .T. ) ;
#2308 = CARTESIAN_POINT ( 'NONE',  ( 47.20417380511171501, -0.2243584860399364111, 1.221922996133626573E-13 ) ) ;
#2309 = CARTESIAN_POINT ( 'NONE',  ( 42.48420585838959340, 2.338675531287961462, 7.500000000000001776 ) ) ;
#2310 = B_SPLINE_CURVE_WITH_KNOTS ( 'NONE', 3,
 ( #103, #980, #1462, #1860, #764, #1827, #294, #2743, #735, #1645, #1429, #2492, #513, #2524, #1179, #963, #1842, #2304, #1214, #394, #1305, #168 ),
 .UNSPECIFIED., .F., .F.,
 ( 4, 2, 2, 2, 2, 2, 2, 2, 2, 2, 4 ),
 ( 3.469446951953614189E-18, 0.0005248676874447167533, 0.001049735374889430037, 0.001574603062334143213, 0.002099470749778856605, 0.002624338437223569780, 0.003149206124668282956, 0.004198941499557689791, 0.005248676874447097927, 0.006298412249336505196, 0.008397882999115320601 ),
 .UNSPECIFIED. ) ;
#2311 = ORIENTED_EDGE ( 'NONE', *, *, #2616, .T. ) ;
#2312 = CARTESIAN_POINT ( 'NONE',  ( 58.23521171849521494, 4.209106330887559366, -1.734723475976807094E-15 ) ) ;
#2313 = CARTESIAN_POINT ( 'NONE',  ( 56.57523688699346565, 3.070872728902038773, 7.500000000000013323 ) ) ;
#2314 = CARTESIAN_POINT ( 'NONE',  ( -11.00000000000000000, 0.000000000000000000, 0.000000000000000000 ) ) ;
#2315 = CARTESIAN_POINT ( 'NONE',  ( 60.19086963163083936, 5.321760504393306057, 7.500000000000001776 ) ) ;
#2316 = ORIENTED_EDGE ( 'NONE', *, *, #233, .F. ) ;
#2317 = FACE_OUTER_BOUND ( 'NONE', #80, .T. ) ;
#2318 = CARTESIAN_POINT ( 'NONE',  ( 16.95637789196495859, -4.849242826944722751, 7.396636102673069146 ) ) ;
#2319 = CARTESIAN_POINT ( 'NONE',  ( 21.12585287253649469, -3.497481210258423623, 2.000000000000002665 ) ) ;
#2320 = ORIENTED_EDGE ( 'NONE', *, *, #1637, .F. ) ;
#2321 = CARTESIAN_POINT ( 'NONE',  ( 55.44010470123719614, 2.392707074450305171, 1.387778780781445676E-14 ) ) ;
#2322 = CARTESIAN_POINT ( 'NONE',  ( 60.71459511939793430, 6.949900962305365582, 7.500000000000005329 ) ) ;
#2323 = CARTESIAN_POINT ( 'NONE',  ( 48.88377496006707901, -1.387389401855245286, 7.489697537217999468 ) ) ;
#2324 = CARTESIAN_POINT ( 'NONE',  ( 44.98535938328083006, 1.113130893136101474, -1.040834085586084257E-14 ) ) ;
#2325 = CARTESIAN_POINT ( 'NONE',  ( 48.10646373265162623, -0.8333725263839778519, 7.500000000000027534 ) ) ;
#2326 = EDGE_CURVE ( 'NONE', #2006, #108, #2800, .T. ) ;
#2327 = ORIENTED_EDGE ( 'NONE', *, *, #1142, .T. ) ;
#2328 = CARTESIAN_POINT ( 'NONE',  ( 53.80111610750051199, 1.822987177119817837, 1.694065894508600678E-18 ) ) ;
#2329 = CARTESIAN_POINT ( 'NONE',  ( 62.24143938477340043, 6.427065605681462124, 7.500000000000001776 ) ) ;
#2330 = CARTESIAN_POINT ( 'NONE',  ( 63.51448123415438829, 7.313552205546173468, 7.500000000000003553 ) ) ;
#2331 = ORIENTED_EDGE ( 'NONE', *, *, #67, .F. ) ;
#2332 = CARTESIAN_POINT ( 'NONE',  ( 55.43989586196023112, 2.392296567243223038, 7.500000000000000000 ) ) ;
#2333 = CARTESIAN_POINT ( 'NONE',  ( 16.61044498930350244, -5.505627831717138321, 7.161263368335695212 ) ) ;
#2334 = CARTESIAN_POINT ( 'NONE',  ( 34.85817789312323356, 2.145875444160829204, 2.000000000000000888 ) ) ;
#2335 = ORIENTED_EDGE ( 'NONE', *, *, #682, .F. ) ;
#2336 = CARTESIAN_POINT ( 'NONE',  ( -0.5071029491746328333, 7.464397084828826578, 5.204170427930420494E-15 ) ) ;
#2337 = CARTESIAN_POINT ( 'NONE',  ( 21.18123139777996045, 5.361274801217856378, 7.500000000000004441 ) ) ;
#2338 = DIRECTION ( 'NONE',  ( -0.5015000000000000568, 0.8651576445943247595, 0.000000000000000000 ) ) ;
#2339 = CARTESIAN_POINT ( 'NONE',  ( 49.02187974808793314, -1.471039974123931726, -1.040834085586084572E-14 ) ) ;
#2340 = CARTESIAN_POINT ( 'NONE',  ( 49.02187974808791182, -1.471039974123921956, 7.500000000000003553 ) ) ;
#2341 = ORIENTED_EDGE ( 'NONE', *, *, #51, .T. ) ;
#2342 = AXIS2_PLACEMENT_3D ( 'NONE', #119, #2338, #784 ) ;
#2343 = CARTESIAN_POINT ( 'NONE',  ( 59.50313330721962046, 4.930317010584347237, 7.499999999999998224 ) ) ;
#2344 = CARTESIAN_POINT ( 'NONE',  ( 54.56501386513181018, 1.962766273880849344, 1.694065894508600678E-18 ) ) ;
#2345 = ADVANCED_FACE ( 'NONE', ( #1700 ), #1773, .F. ) ;
#2346 = DIRECTION ( 'NONE',  ( 1.000000000000000000, 0.000000000000000000, 0.000000000000000000 ) ) ;
#2347 = CARTESIAN_POINT ( 'NONE',  ( 63.96738561385627264, 7.546418030016649681, 1.734723475976807094E-15 ) ) ;
#2348 = EDGE_LOOP ( 'NONE', ( #1204, #2704, #1532, #923 ) ) ;
#2349 = CARTESIAN_POINT ( 'NONE',  ( 55.43989586196023112, 2.392296567243227923, 10.00000000000000178 ) ) ;
#2350 = CARTESIAN_POINT ( 'NONE',  ( 17.52153792871221683, -4.165866733621934159, 7.499999999999998224 ) ) ;
#2351 = CARTESIAN_POINT ( 'NONE',  ( 0.000000000000000000, 0.000000000000000000, 0.000000000000000000 ) ) ;
#2352 = CARTESIAN_POINT ( 'NONE',  ( 22.40603333189085689, -2.390211584179107174, 2.000000000000003553 ) ) ;
#2353 = CARTESIAN_POINT ( 'NONE',  ( 50.76285438881152601, -0.2716421957676167231, 7.500000000000001776 ) ) ;
#2354 = CARTESIAN_POINT ( 'NONE',  ( 61.62374776004300259, 6.273603871142810817, -1.734723475976807094E-15 ) ) ;
#2355 = CARTESIAN_POINT ( 'NONE',  ( 0.04774862230185884099, 6.138130118671919710, 6.780518325468365859 ) ) ;
#2356 = CARTESIAN_POINT ( 'NONE',  ( 47.95188859603881326, -0.7264613854985084718, -8.169251847515299042E-14 ) ) ;
#2357 = CARTESIAN_POINT ( 'NONE',  ( 32.33520340291228479, 4.077396526960540335, 7.499999999999999112 ) ) ;
#2358 = ORIENTED_EDGE ( 'NONE', *, *, #1718, .T. ) ;
#2359 = CARTESIAN_POINT ( 'NONE',  ( 57.42283752928288720, 3.559666750163701376, -1.734723475976807094E-15 ) ) ;
#2360 = CARTESIAN_POINT ( 'NONE',  ( 50.64172945282701477, -0.2610737880105885589, 7.500000000000001776 ) ) ;
#2361 = DIRECTION ( 'NONE',  ( -0.000000000000000000, 0.000000000000000000, 1.000000000000000000 ) ) ;
#2362 = CARTESIAN_POINT ( 'NONE',  ( 48.90631360181050269, -1.387726613338814863, 1.694065894508600678E-18 ) ) ;
#2363 = CARTESIAN_POINT ( 'NONE',  ( 45.47410284196532615, -1.492873120981995649, 5.499999999999984013 ) ) ;
#2364 = EDGE_CURVE ( 'NONE', #1672, #1790, #1079, .T. ) ;
#2365 = CARTESIAN_POINT ( 'NONE',  ( 20.13492434808780729, -4.434227590994914259, 2.000000000000001776 ) ) ;
#2366 = ORIENTED_EDGE ( 'NONE', *, *, #2774, .F. ) ;
#2367 = CARTESIAN_POINT ( 'NONE',  ( 10.55393639910214887, 4.704782004498681225, 5.204170427930421283E-15 ) ) ;
#2368 = CARTESIAN_POINT ( 'NONE',  ( 61.51596752582656080, 6.140200023875503454, -1.734723475976807094E-15 ) ) ;
#2369 = CARTESIAN_POINT ( 'NONE',  ( 47.90656615517622896, -1.546205498634954933, 6.800809278396418911 ) ) ;
#2370 = CARTESIAN_POINT ( 'NONE',  ( 34.34731112714833046, 4.160889044636849832, -1.040834085586084257E-14 ) ) ;
#2371 = CARTESIAN_POINT ( 'NONE',  ( 32.93853565304596032, 4.123547985271281746, 7.500000000000000000 ) ) ;
#2372 = CARTESIAN_POINT ( 'NONE',  ( 59.84167326686714716, 5.275600897465454686, 5.204170427930421283E-15 ) ) ;
#2373 = CARTESIAN_POINT ( 'NONE',  ( 55.70507015724658828, 2.878720879481338812, 7.500000000000001776 ) ) ;
#2374 = CARTESIAN_POINT ( 'NONE',  ( 49.52347637791854140, -1.037233749902821689, 9.999999999999998224 ) ) ;
#2375 = CARTESIAN_POINT ( 'NONE',  ( 63.96738561385627264, 7.546418030016649681, 7.500000000000003553 ) ) ;
#2376 = DIRECTION ( 'NONE',  ( -1.000000000000000000, 0.000000000000000000, 0.000000000000000000 ) ) ;
#2377 = ORIENTED_EDGE ( 'NONE', *, *, #256, .T. ) ;
#2378 = CARTESIAN_POINT ( 'NONE',  ( 52.36823797908834166, 0.8711438103703135205, 7.500000000000001776 ) ) ;
#2379 = ADVANCED_FACE ( 'NONE', ( #1948 ), #1983, .F. ) ;
#2380 = CARTESIAN_POINT ( 'NONE',  ( 61.62374776004300259, 6.273603871142810817, 7.500000000000007994 ) ) ;
#2381 = LINE ( 'NONE', #1063, #228 ) ;
#2382 = CARTESIAN_POINT ( 'NONE',  ( 35.54374580547840878, 4.111249931216566011, -1.040834085586084572E-14 ) ) ;
#2383 = CARTESIAN_POINT ( 'NONE',  ( 19.16184420435079971, -2.597544190456012370, 7.500000000000000000 ) ) ;
#2384 = CARTESIAN_POINT ( 'NONE',  ( 59.84167326686714716, 5.275600897465454686, 7.499999999999998224 ) ) ;
#2385 = CARTESIAN_POINT ( 'NONE',  ( 47.94757644039837885, -1.504568593176746738, 0.6415911737960223737 ) ) ;
#2386 = DIRECTION ( 'NONE',  ( 0.000000000000000000, 0.000000000000000000, 1.000000000000000000 ) ) ;
#2387 = CARTESIAN_POINT ( 'NONE',  ( 63.39690512227146257, 7.121482738334226958, 7.500000000000003553 ) ) ;
#2388 = CARTESIAN_POINT ( 'NONE',  ( 47.87868207196320469, -3.112106418026535426, 5.499999999999992006 ) ) ;
#2389 = CARTESIAN_POINT ( 'NONE',  ( 57.82321156084100977, 4.132594852548482578, 1.694065894508600678E-18 ) ) ;
#2390 = ORIENTED_EDGE ( 'NONE', *, *, #2153, .F. ) ;
#2391 = CARTESIAN_POINT ( 'NONE',  ( 52.74882025011778808, 0.8398577733376290100, 7.500000000000001776 ) ) ;
#2392 = CARTESIAN_POINT ( 'NONE',  ( 62.14652754476647090, 6.434414677899054524, -1.734723475976807094E-15 ) ) ;
#2393 = CARTESIAN_POINT ( 'NONE',  ( 47.77037807235466005, -1.747211785232244186, 6.558070935575679883 ) ) ;
#2394 = CARTESIAN_POINT ( 'NONE',  ( 28.43494181239374186, 3.254307442364732683, -1.040834085586084257E-14 ) ) ;
#2395 = CARTESIAN_POINT ( 'NONE',  ( 39.45997848232951100, 3.411703126098787120, 7.499999999999999112 ) ) ;
#2396 = EDGE_CURVE ( 'NONE', #1790, #2592, #380, .T. ) ;
#2397 = CARTESIAN_POINT ( 'NONE',  ( 59.56030961269093638, 5.027545850369756764, 5.204170427930421283E-15 ) ) ;
#2398 = CARTESIAN_POINT ( 'NONE',  ( 47.78205106133958679, -1.725984835365068193, 0.9178764149730761490 ) ) ;
#2399 = CARTESIAN_POINT ( 'NONE',  ( 16.51515897714052272, -6.157317281037063772, 0.7439190597990675835 ) ) ;
#2400 = LINE ( 'NONE', #2374, #1306 ) ;
#2401 = CARTESIAN_POINT ( 'NONE',  ( 53.80111610750051199, 1.822987177119817837, 7.500000000000001776 ) ) ;
#2402 = VECTOR ( 'NONE', #371, 1000.000000000000000 ) ;
#2403 = CARTESIAN_POINT ( 'NONE',  ( 21.54710186149191742, -3.119036796616462048, 5.499999999999991118 ) ) ;
#2404 = CARTESIAN_POINT ( 'NONE',  ( 57.76507957027797602, 4.094043537909812791, 1.694065894508600678E-18 ) ) ;
#2405 = EDGE_LOOP ( 'NONE', ( #1838, #430, #879, #92, #617 ) ) ;
#2406 = CARTESIAN_POINT ( 'NONE',  ( 26.78855329749321967, 5.630529157402685669, 7.500000000000005329 ) ) ;
#2407 = CARTESIAN_POINT ( 'NONE',  ( 48.09685246190146302, -1.406902437409872419, 7.023869249539179904 ) ) ;
#2408 = CARTESIAN_POINT ( 'NONE',  ( 25.05682511777302324, 1.794118973363775016, -0.000000000000000000 ) ) ;
#2409 = CARTESIAN_POINT ( 'NONE',  ( 19.77655243026296006, -2.021193335837736971, -1.040834085586084257E-14 ) ) ;
#2410 = CARTESIAN_POINT ( 'NONE',  ( 39.07297267871446422, 3.516044322220754470, 7.500000000000001776 ) ) ;
#2411 = DIRECTION ( 'NONE',  ( -0.8651576445943247595, -0.5015000000000000568, 0.000000000000000000 ) ) ;
#2412 = CARTESIAN_POINT ( 'NONE',  ( 44.63137794530693725, 1.367164740058422367, 7.500000000000002665 ) ) ;
#2413 = CARTESIAN_POINT ( 'NONE',  ( 51.49669884925700103, 0.1065705909121320016, 0.000000000000000000 ) ) ;
#2414 = EDGE_CURVE ( 'NONE', #2592, #788, #352, .T. ) ;
#2415 = CARTESIAN_POINT ( 'NONE',  ( 17.88010599354819874, -5.431544849352013316, 6.337387310496114701 ) ) ;
#2416 = CARTESIAN_POINT ( 'NONE',  ( 58.11402980147111919, 10.27728203119314543, 2.660831657425763108 ) ) ;
#2417 = CARTESIAN_POINT ( 'NONE',  ( 21.19566554843709838, -3.433870109014868444, 5.499999999999990230 ) ) ;
#2418 = VERTEX_POINT ( 'NONE', #571 ) ;
#2419 = CARTESIAN_POINT ( 'NONE',  ( 61.89079991616777932, 10.48543449796940941, 4.000000000000003553 ) ) ;
#2420 = CARTESIAN_POINT ( 'NONE',  ( 47.83718368385152075, -1.635863656290411638, 6.687585436755868251 ) ) ;
#2421 = CARTESIAN_POINT ( 'NONE',  ( 40.80445945024345633, 2.988118858412299517, -1.040834085586084099E-14 ) ) ;
#2422 = CARTESIAN_POINT ( 'NONE',  ( 19.24505300995587831, -4.705772417666961971, 1.581306319208765743 ) ) ;
#2423 = LINE ( 'NONE', #25, #1010 ) ;
#2424 = CARTESIAN_POINT ( 'NONE',  ( 47.36578726116189841, -2.287966606295543937, 5.883064032826142764 ) ) ;
#2425 = CARTESIAN_POINT ( 'NONE',  ( 47.92038049469132943, -1.531045954613402982, 0.6788652435438982113 ) ) ;
#2426 = EDGE_CURVE ( 'NONE', #1681, #812, #1002, .T. ) ;
#2427 = CARTESIAN_POINT ( 'NONE',  ( 61.79072933986542893, 8.645236517092866890, 0.4040304885307266503 ) ) ;
#2428 = CARTESIAN_POINT ( 'NONE',  ( 37.51377828470021569, 1.822704785333938204, 5.499999999999991118 ) ) ;
#2429 = EDGE_CURVE ( 'NONE', #2655, #699, #1438, .T. ) ;
#2430 = VECTOR ( 'NONE', #28, 1000.000000000000000 ) ;
#2431 = CARTESIAN_POINT ( 'NONE',  ( 57.41038420205585879, 3.534516032946875885, 0.000000000000000000 ) ) ;
#2432 = ORIENTED_EDGE ( 'NONE', *, *, #772, .F. ) ;
#2433 = CARTESIAN_POINT ( 'NONE',  ( 10.33447008643248921, 8.197920518164336201, 7.500000000000004441 ) ) ;
#2434 = CARTESIAN_POINT ( 'NONE',  ( 47.54954764301923831, -2.882825199280389494, 2.000000000000003109 ) ) ;
#2435 = CARTESIAN_POINT ( 'NONE',  ( 16.00105912163817123, -5.619621357577702980, 7.500000000000000000 ) ) ;
#2436 = CIRCLE ( 'NONE', #1890, 1.749999999999999778 ) ;
#2437 = LINE ( 'NONE', #2711, #364 ) ;
#2438 = CARTESIAN_POINT ( 'NONE',  ( 0.06829228356537353495, 5.552190835441724204, 0.3547521748044706325 ) ) ;
#2439 = CARTESIAN_POINT ( 'NONE',  ( 47.85952724562082494, -1.603859928687885406, 0.7733987408798709273 ) ) ;
#2440 = B_SPLINE_SURFACE_WITH_KNOTS ( 'NONE', 4, 1, ( 
 ( #1061, #1722 ),
 ( #2824, #2607 ),
 ( #2810, #2837 ),
 ( #1047, #211 ),
 ( #2619, #831 ),
 ( #2166, #2392 ),
 ( #1925, #1508 ),
 ( #150, #1953 ),
 ( #595, #858 ),
 ( #626, #2123 ),
 ( #637, #1032 ),
 ( #1709, #2594 ),
 ( #2380, #2354 ),
 ( #182, #418 ),
 ( #1521, #2368 ),
 ( #1278, #1735 ),
 ( #2151, #1912 ),
 ( #2793, #1078 ),
 ( #817, #1940 ),
 ( #845, #1692 ) ),
 .UNSPECIFIED., .F., .F., .F.,
 ( 5, 2, 1, 1, 1, 1, 1, 1, 1, 1, 1, 1, 1, 1, 1, 5 ),
 ( 2, 2 ),
 ( 0.1235263661541388669, 0.1250000000000000000, 0.1321658271599907564, 0.1393316543968985133, 0.1439444556558915067, 0.1475273506313129479, 0.1511102620191507873, 0.1546931603889648565, 0.1578381193782384118, 0.1614210256288594048, 0.1650039212556416168, 0.1685868280580105072, 0.1731683455953675899, 0.1803341728349673601, 0.1874999999999954481, 0.1898643482586400422 ),
 ( 0.000000000000000000, 1.000000000000000000 ),
 .UNSPECIFIED. ) ;
#2441 = CARTESIAN_POINT ( 'NONE',  ( 54.45425456408032261, 1.973712071126936252, 7.500000000000001776 ) ) ;
#2442 = CIRCLE ( 'NONE', #1116, 7.500000000000000000 ) ;
#2443 = ORIENTED_EDGE ( 'NONE', *, *, #2710, .F. ) ;
#2444 = FACE_OUTER_BOUND ( 'NONE', #1132, .T. ) ;
#2445 = EDGE_CURVE ( 'NONE', #2453, #1665, #448, .T. ) ;
#2446 = B_SPLINE_CURVE_WITH_KNOTS ( 'NONE', 4,
 ( #1785, #906, #2695, #24, #2209 ),
 .UNSPECIFIED., .F., .F.,
 ( 5, 5 ),
 ( 0.06784239061739520682, 0.06825937768939441264 ),
 .UNSPECIFIED. ) ;
#2447 = DIRECTION ( 'NONE',  ( 0.000000000000000000, 0.000000000000000000, 1.000000000000000000 ) ) ;
#2448 = CARTESIAN_POINT ( 'NONE',  ( 47.19984231226617766, -2.639213904362575747, 2.000000000000000888 ) ) ;
#2449 = CARTESIAN_POINT ( 'NONE',  ( 59.98336153136002480, 5.313029783473442791, 1.694065894508600678E-18 ) ) ;
#2450 = CARTESIAN_POINT ( 'NONE',  ( 54.04090041289040869, 1.959595760328977976, -5.204170427930421283E-15 ) ) ;
#2451 = FACE_OUTER_BOUND ( 'NONE', #1452, .T. ) ;
#2452 = CARTESIAN_POINT ( 'NONE',  ( 48.23013929070645389, -1.366772110083918523, 0.3670041417008135798 ) ) ;
#2453 = VERTEX_POINT ( 'NONE', #2062 ) ;
#2454 = CARTESIAN_POINT ( 'NONE',  ( 16.58729547446144537, -5.581853632050211900, 0.3778318247256693407 ) ) ;
#2455 = CARTESIAN_POINT ( 'NONE',  ( 57.45060110122807373, 3.617268596849362527, 1.694065894508600678E-18 ) ) ;
#2456 = EDGE_LOOP ( 'NONE', ( #1319, #943, #1833, #2377 ) ) ;
#2457 = CARTESIAN_POINT ( 'NONE',  ( 4.911109989287974820, 7.844801450335666892, 4.000000000000003553 ) ) ;
#2458 = CARTESIAN_POINT ( 'NONE',  ( 61.35007500786679202, 5.818209590368569550, 10.00000000000000000 ) ) ;
#2459 = CARTESIAN_POINT ( 'NONE',  ( 61.35007520431254591, 5.818209704240927316, 0.000000000000000000 ) ) ;
#2460 = ADVANCED_FACE ( 'NONE', ( #940 ), #1436, .T. ) ;
#2461 = CARTESIAN_POINT ( 'NONE',  ( 48.04324928643523407, -3.226747027399634149, 2.000000000000000888 ) ) ;
#2462 = CARTESIAN_POINT ( 'NONE',  ( 12.75000000000000000, 2.143131898507868544E-16, 0.000000000000000000 ) ) ;
#2463 = CARTESIAN_POINT ( 'NONE',  ( 53.97469952746026678, 1.937638376948209951, -5.204170427930421283E-15 ) ) ;
#2464 = DIRECTION ( 'NONE',  ( -0.5015000000000000568, 0.8651576445943247595, 0.000000000000000000 ) ) ;
#2465 = CARTESIAN_POINT ( 'NONE',  ( 37.10949276144252451, 3.923059824213380953, 0.000000000000000000 ) ) ;
#2466 = CARTESIAN_POINT ( 'NONE',  ( 64.20398793770517898, 7.539169586716463201, 7.465833433875195269 ) ) ;
#2467 = ORIENTED_EDGE ( 'NONE', *, *, #1005, .F. ) ;
#2468 = CARTESIAN_POINT ( 'NONE',  ( 17.52727117884020913, -4.164431950178475006, 0.002918596070819602217 ) ) ;
#2469 = CARTESIAN_POINT ( 'NONE',  ( 57.95221623916166465, 4.184904107340473800, 7.500000000000001776 ) ) ;
#2470 = VERTEX_POINT ( 'NONE', #506 ) ;
#2471 = CARTESIAN_POINT ( 'NONE',  ( 51.53026129023780300, 0.1690910430041463186, 7.500000000000001776 ) ) ;
#2472 = CARTESIAN_POINT ( 'NONE',  ( 19.75741842675133597, -2.037677866553747830, -0.000000000000000000 ) ) ;
#2473 = CARTESIAN_POINT ( 'NONE',  ( 18.31645601524487788, -3.405832566367513525, -1.040834085586084099E-14 ) ) ;
#2474 = CARTESIAN_POINT ( 'NONE',  ( -11.00000000000000000, -4.000000000000000000, 7.500000000000000000 ) ) ;
#2475 = CARTESIAN_POINT ( 'NONE',  ( 17.38319834426057398, -7.065197771776832170, 2.000000000000001776 ) ) ;
#2476 = CARTESIAN_POINT ( 'NONE',  ( 12.90529714691014007, -22.26344263691053982, -66.74003574944600814 ) ) ;
#2477 = CARTESIAN_POINT ( 'NONE',  ( 47.17287287981424981, -0.2045361542100352648, -0.000000000000000000 ) ) ;
#2478 = CARTESIAN_POINT ( 'NONE',  ( 48.40948804227102897, -1.354740604146414951, 0.2546143774075323440 ) ) ;
#2479 = CARTESIAN_POINT ( 'NONE',  ( 34.68011117185409375, 2.152809832522892375, 5.499999999999991118 ) ) ;
#2480 = ADVANCED_FACE ( 'NONE', ( #954 ), #900, .T. ) ;
#2481 = ORIENTED_EDGE ( 'NONE', *, *, #1292, .T. ) ;
#2482 = CARTESIAN_POINT ( 'NONE',  ( 58.12225326285390281, 4.209535934940417334, -1.734723475976807094E-15 ) ) ;
#2483 = CARTESIAN_POINT ( 'NONE',  ( 16.99026305098155731, -4.802380610806731731, 0.09290821690667032395 ) ) ;
#2484 = B_SPLINE_SURFACE_WITH_KNOTS ( 'NONE', 4, 1, ( 
 ( #1430, #2193 ),
 ( #370, #2799 ),
 ( #2767, #2549 ),
 ( #1021, #2783 ),
 ( #2584, #807 ),
 ( #2156, #188 ),
 ( #236, #2650 ),
 ( #2637, #1993 ),
 ( #668, #1739 ),
 ( #1777, #245 ),
 ( #2660, #1312 ),
 ( #1128, #202 ),
 ( #2624, #1726 ) ),
 .UNSPECIFIED., .F., .F., .F.,
 ( 5, 1, 1, 1, 1, 1, 1, 1, 1, 5 ),
 ( 2, 2 ),
 ( 0.9317483313099330644, 0.9381523497978917492, 0.9453016989874895026, 0.9495847887756797556, 0.9531594340317679492, 0.9567340655871012789, 0.9603086896279331430, 0.9661538453646324465, 0.9733031926931905442, 0.9772708144553780008 ),
 ( 0.000000000000000000, 1.000000000000000000 ),
 .UNSPECIFIED. ) ;
#2485 = PRODUCT_DEFINITION_CONTEXT ( 'detailed design', #2218, 'design' ) ;
#2486 = CARTESIAN_POINT ( 'NONE',  ( 57.76507957027797602, 4.094043537909812791, 7.500000000000001776 ) ) ;
#2487 = EDGE_LOOP ( 'NONE', ( #2756, #195, #1143, #974, #2205 ) ) ;
#2488 = DIRECTION ( 'NONE',  ( -0.000000000000000000, -0.000000000000000000, -1.000000000000000000 ) ) ;
#2489 = CARTESIAN_POINT ( 'NONE',  ( 6.192491941623923246, -11.64610700384952224, -66.74003574944600814 ) ) ;
#2490 = CARTESIAN_POINT ( 'NONE',  ( 46.99415582772255817, -2.495928325026277594, 2.000000000000003553 ) ) ;
#2491 = CARTESIAN_POINT ( 'NONE',  ( 55.93035744059588410, 3.050292550453958640, 7.500000000000013323 ) ) ;
#2492 = CARTESIAN_POINT ( 'NONE',  ( 59.40918931031286832, 9.702375312714702105, 6.117372422923555320 ) ) ;
#2493 = CARTESIAN_POINT ( 'NONE',  ( 53.52892646806073174, 1.369749192671544158, 7.500000000000003553 ) ) ;
#2494 = CARTESIAN_POINT ( 'NONE',  ( 37.17370036395244881, 3.912769311177841214, -0.000000000000000000 ) ) ;
#2495 = CARTESIAN_POINT ( 'NONE',  ( 48.26075638115486299, -0.9408271557734154689, 7.500000000000001776 ) ) ;
#2496 = ORIENTED_EDGE ( 'NONE', *, *, #563, .F. ) ;
#2497 = CARTESIAN_POINT ( 'NONE',  ( 52.76077419673386260, 0.8393084806141851706, 10.00000000000000000 ) ) ;
#2498 = CARTESIAN_POINT ( 'NONE',  ( 16.86033921739379693, -4.999792934110031339, 0.1458172201197514284 ) ) ;
#2499 = ADVANCED_FACE ( 'NONE', ( #1917 ), #460, .T. ) ;
#2500 = CARTESIAN_POINT ( 'NONE',  ( 0.000000000000000000, 0.000000000000000000, 0.000000000000000000 ) ) ;
#2501 = CARTESIAN_POINT ( 'NONE',  ( 61.35007520431254591, 5.818209704240927316, 0.000000000000000000 ) ) ;
#2502 = ORIENTED_EDGE ( 'NONE', *, *, #233, .T. ) ;
#2503 = CARTESIAN_POINT ( 'NONE',  ( 51.89810583087109563, 0.7560810173925675004, 7.500000000000001776 ) ) ;
#2504 = DIRECTION ( 'NONE',  ( 0.8651576445943247595, 0.5015000000000000568, 0.000000000000000000 ) ) ;
#2505 = DIRECTION ( 'NONE',  ( -0.8829429729457706211, -0.4694802514756974410, 0.000000000000000000 ) ) ;
#2506 = CARTESIAN_POINT ( 'NONE',  ( 39.62487461590247051, 1.272666503234242796, 2.000000000000000888 ) ) ;
#2507 = CARTESIAN_POINT ( 'NONE',  ( 55.44010468730375862, 2.392707047046371827, 1.694065894508600678E-18 ) ) ;
#2508 = CARTESIAN_POINT ( 'NONE',  ( 63.33537254472108913, 6.993081275029877197, 1.694065894508600678E-18 ) ) ;
#2509 = CARTESIAN_POINT ( 'NONE',  ( 48.10030632582299859, -0.8292701371327114712, -0.000000000000000000 ) ) ;
#2510 = CARTESIAN_POINT ( 'NONE',  ( 48.50592798025878949, -1.358683294082428272, 0.2027264396111904121 ) ) ;
#2511 = CARTESIAN_POINT ( 'NONE',  ( 48.77502892637988907, -1.299079060064294078, 7.499999999999998224 ) ) ;
#2512 = EDGE_LOOP ( 'NONE', ( #41, #351, #449, #1999 ) ) ;
#2513 = CARTESIAN_POINT ( 'NONE',  ( -11.00000000000000000, -7.500000000000000000, 7.500000000000000000 ) ) ;
#2514 = FACE_OUTER_BOUND ( 'NONE', #61, .T. ) ;
#2515 = ADVANCED_FACE ( 'NONE', ( #630 ), #2144, .F. ) ;
#2516 = CARTESIAN_POINT ( 'NONE',  ( -18.50000000000000000, 0.000000000000000000, 7.500000000000000000 ) ) ;
#2517 = CARTESIAN_POINT ( 'NONE',  ( 57.60465169955531195, 3.914891676864007852, 7.500000000000001776 ) ) ;
#2518 = EDGE_LOOP ( 'NONE', ( #2366, #2143, #2100, #1026 ) ) ;
#2519 = CARTESIAN_POINT ( 'NONE',  ( 52.70104824783843611, 0.8424438683575030673, 7.500000000000001776 ) ) ;
#2520 = EDGE_CURVE ( 'NONE', #1001, #2691, #2817, .T. ) ;
#2521 = CARTESIAN_POINT ( 'NONE',  ( 16.64623605614152879, -5.412043539242005430, 7.204183398486789791 ) ) ;
#2522 = DIRECTION ( 'NONE',  ( 1.000000000000000000, -0.000000000000000000, 0.000000000000000000 ) ) ;
#2523 = CARTESIAN_POINT ( 'NONE',  ( 28.03928295521999914, 0.9859773683137361688, 2.000000000000002665 ) ) ;
#2524 = CARTESIAN_POINT ( 'NONE',  ( 59.97426434868931722, 9.451544867669662509, 6.435524272186350814 ) ) ;
#2525 = CIRCLE ( 'NONE', #956, 1.749999999999999778 ) ;
#2526 = CARTESIAN_POINT ( 'NONE',  ( 48.81595992007494544, -1.384246455922514496, 7.453524748637544661 ) ) ;
#2527 = CARTESIAN_POINT ( 'NONE',  ( 40.59358399754825086, 3.071664661248375339, 0.000000000000000000 ) ) ;
#2528 = CYLINDRICAL_SURFACE ( 'NONE', #2158, 7.500000000000000000 ) ;
#2529 = VECTOR ( 'NONE', #302, 1000.000000000000000 ) ;
#2530 = CARTESIAN_POINT ( 'NONE',  ( 48.69274531914388859, -1.241758755377756263, 7.500000000000002665 ) ) ;
#2531 = ORIENTED_EDGE ( 'NONE', *, *, #869, .T. ) ;
#2532 = CARTESIAN_POINT ( 'NONE',  ( 58.02770361822439327, 4.200375609967693435, 7.500000000000001776 ) ) ;
#2533 = CARTESIAN_POINT ( 'NONE',  ( 54.68333472920637206, 1.953745962683786530, 7.500000000000000000 ) ) ;
#2534 = AXIS2_PLACEMENT_3D ( 'NONE', #358, #1517, #2376 ) ;
#2535 = DIRECTION ( 'NONE',  ( -0.000000000000000000, 0.000000000000000000, 1.000000000000000000 ) ) ;
#2536 = CARTESIAN_POINT ( 'NONE',  ( 62.37873625409186218, 6.414486602084465972, 0.000000000000000000 ) ) ;
#2537 = CARTESIAN_POINT ( 'NONE',  ( 52.01904161432463525, 0.8249842034424610393, 1.694065894508600678E-18 ) ) ;
#2538 = ORIENTED_EDGE ( 'NONE', *, *, #2520, .T. ) ;
#2539 = CARTESIAN_POINT ( 'NONE',  ( 52.25527952344702243, 0.8715734144231714886, 0.000000000000000000 ) ) ;
#2540 = CARTESIAN_POINT ( 'NONE',  ( 13.37685740571094151, 30.13560897893090385, -66.74003574944600814 ) ) ;
#2541 = CARTESIAN_POINT ( 'NONE',  ( 29.05524861115312163, 1.352486035707985312, 2.000000000000002665 ) ) ;
#2542 = CARTESIAN_POINT ( 'NONE',  ( 51.56961763307739943, 0.2492550933044531680, 7.500000000000001776 ) ) ;
#2543 = CARTESIAN_POINT ( 'NONE',  ( 55.80942165714234449, 2.981389364404063880, 1.694065894508600678E-18 ) ) ;
#2544 = CARTESIAN_POINT ( 'NONE',  ( 13.99000000000000021, -7.500000000000002665, 2.404303631012796760 ) ) ;
#2545 = VECTOR ( 'NONE', #2386, 1000.000000000000000 ) ;
#2546 = CARTESIAN_POINT ( 'NONE',  ( 46.02112855423170856, 0.5183400097679725649, -1.866487682032442878E-14 ) ) ;
#2547 = CARTESIAN_POINT ( 'NONE',  ( 19.26226612764670421, -5.268590370138427126, 5.499999999999992006 ) ) ;
#2548 = ORIENTED_EDGE ( 'NONE', *, *, #2326, .T. ) ;
#2549 = CARTESIAN_POINT ( 'NONE',  ( 48.72152010833000446, -1.378856839305104165, -5.724587470723463412E-14 ) ) ;
#2550 = CARTESIAN_POINT ( 'NONE',  ( 57.66072807038219850, 3.991375052987086391, 7.500000000000001776 ) ) ;
#2551 = CARTESIAN_POINT ( 'NONE',  ( 50.81870739502955558, -0.2740517273276876775, 7.500000000000001776 ) ) ;
#2552 = CARTESIAN_POINT ( 'NONE',  ( 61.37572665912772152, 5.871949778551713628, 7.500000000000001776 ) ) ;
#2553 = CARTESIAN_POINT ( 'NONE',  ( 63.45226499826895861, 7.222916818335544775, 7.500000000000003553 ) ) ;
#2554 = CARTESIAN_POINT ( 'NONE',  ( 51.89810583087109563, 0.7560810173925675004, 1.694065894508600678E-18 ) ) ;
#2555 = VERTEX_POINT ( 'NONE', #173 ) ;
#2556 = CYLINDRICAL_SURFACE ( 'NONE', #2534, 7.500000000000000000 ) ;
#2557 = B_SPLINE_CURVE_WITH_KNOTS ( 'NONE', 2,
 ( #1778, #2229, #1326 ),
 .UNSPECIFIED., .F., .F.,
 ( 3, 3 ),
 ( 0.000000000000000000, 1.000000000000000000 ),
 .UNSPECIFIED. ) ;
#2558 = CARTESIAN_POINT ( 'NONE',  ( 16.56841399569650619, -5.646122110980794417, 7.088765987741679098 ) ) ;
#2559 = CARTESIAN_POINT ( 'NONE',  ( 38.92192249814297611, 1.485109525744864323, 2.000000000000001332 ) ) ;
#2560 = CARTESIAN_POINT ( 'NONE',  ( 52.25527952344702243, 0.8715734144231714886, 7.500000000000001776 ) ) ;
#2561 = CARTESIAN_POINT ( 'NONE',  ( 57.90515320448418635, 10.37000000000000455, 4.000000000000003553 ) ) ;
#2562 = B_SPLINE_CURVE_WITH_KNOTS ( 'NONE', 3,
 ( #1137, #1551, #2422, #1810 ),
 .UNSPECIFIED., .F., .F.,
 ( 4, 4 ),
 ( 0.000000000000000000, 1.000000000000000000 ),
 .UNSPECIFIED. ) ;
#2563 = EDGE_CURVE ( 'NONE', #2248, #2164, #2293, .T. ) ;
#2564 = CARTESIAN_POINT ( 'NONE',  ( 48.74576150497209426, -1.379096877156243961, 7.417655120202349295 ) ) ;
#2565 = DIRECTION ( 'NONE',  ( -1.000000000000000000, 0.000000000000000000, 0.000000000000000000 ) ) ;
#2566 = CARTESIAN_POINT ( 'NONE',  ( 19.84403827460742420, -4.712348517376095280, 5.499999999999992006 ) ) ;
#2567 = EDGE_LOOP ( 'NONE', ( #805, #1091, #970, #283 ) ) ;
#2568 = CARTESIAN_POINT ( 'NONE',  ( 59.72073748341359334, 5.206697711415559482, 5.204170427930421283E-15 ) ) ;
#2569 = CARTESIAN_POINT ( 'NONE',  ( 53.85376374400671295, 1.868735190898315635, 1.694065894508600678E-18 ) ) ;
#2570 = CARTESIAN_POINT ( 'NONE',  ( 61.62374776004300259, 6.273603871142810817, 7.500000000000001776 ) ) ;
#2571 = CARTESIAN_POINT ( 'NONE',  ( 59.66808984690737105, 5.160949697637061462, 7.500000000000001776 ) ) ;
#2572 = EDGE_LOOP ( 'NONE', ( #1030, #1906, #1816, #2630, #2791, #129 ) ) ;
#2573 = CARTESIAN_POINT ( 'NONE',  ( 46.58305380088113168, -2.213587302655611211, 5.500000000000008882 ) ) ;
#2574 = CARTESIAN_POINT ( 'NONE',  ( 17.22498969330580820, -4.498810567226782631, 7.464287717958638879 ) ) ;
#2575 = CARTESIAN_POINT ( 'NONE',  ( 26.38276199005123246, 0.2341884363871240549, 2.000000000000000888 ) ) ;
#2576 = EDGE_LOOP ( 'NONE', ( #2016, #553, #2538, #2341, #49, #1375, #1112, #1882, #1435, #21, #2137, #1246, #2231, #2259, #1053, #2467, #856, #758, #144, #1457, #2548, #2086 ) ) ;
#2577 = CARTESIAN_POINT ( 'NONE',  ( 52.70104824783847874, 0.8424438683575000697, 7.500000000000001776 ) ) ;
#2578 = CYLINDRICAL_SURFACE ( 'NONE', #1573, 1.749999999999999778 ) ;
#2579 = CARTESIAN_POINT ( 'NONE',  ( 0.04157678204868347355, 6.314161236387092480, 6.635664458249888042 ) ) ;
#2580 = CARTESIAN_POINT ( 'NONE',  ( 50.33841746386400473, -2.388164849108612042, -1.040834085586084257E-14 ) ) ;
#2581 = CARTESIAN_POINT ( 'NONE',  ( 19.62841846346211483, -2.157420699313517876, 7.499999999999998224 ) ) ;
#2582 = VERTEX_POINT ( 'NONE', #15 ) ;
#2583 = VECTOR ( 'NONE', #1588, 1000.000000000000000 ) ;
#2584 = CARTESIAN_POINT ( 'NONE',  ( 48.33475681503461630, -1.347576725588850000, 7.500000000000063949 ) ) ;
#2585 = CARTESIAN_POINT ( 'NONE',  ( 60.07791117598953434, 5.322190108446164025, 7.499999999999998224 ) ) ;
#2586 = LINE ( 'NONE', #587, #2064 ) ;
#2587 = EDGE_CURVE ( 'NONE', #138, #2044, #1856, .T. ) ;
#2588 = CARTESIAN_POINT ( 'NONE',  ( 47.00000000000000000, -2.499999999999999556, 2.000000000000001776 ) ) ;
#2589 = DIRECTION ( 'NONE',  ( -0.000000000000000000, 0.000000000000000000, 1.000000000000000000 ) ) ;
#2590 = CARTESIAN_POINT ( 'NONE',  ( 46.42568910734267718, -2.107730694470110411, 5.499999999999972466 ) ) ;
#2591 = CARTESIAN_POINT ( 'NONE',  ( 20.06220282971770885, -4.503757822590206850, 2.000000000000001776 ) ) ;
#2592 = VERTEX_POINT ( 'NONE', #1096 ) ;
#2593 = CARTESIAN_POINT ( 'NONE',  ( 26.60951072627641523, 9.125972751220773560, -4.696999992850578485E-12 ) ) ;
#2594 = CARTESIAN_POINT ( 'NONE',  ( 61.67639539654921066, 6.319351884921308837, -1.734723475976807094E-15 ) ) ;
#2595 = DIRECTION ( 'NONE',  ( 0.000000000000000000, 0.000000000000000000, 1.000000000000000000 ) ) ;
#2596 = CARTESIAN_POINT ( 'NONE',  ( 48.09617081956648832, -0.8262218450427913918, -2.561979460724882776E-16 ) ) ;
#2597 = CARTESIAN_POINT ( 'NONE',  ( 19.24365845085561588, -2.519325352441274646, 7.500000000000003553 ) ) ;
#2598 = ORIENTED_EDGE ( 'NONE', *, *, #2754, .F. ) ;
#2599 = CARTESIAN_POINT ( 'NONE',  ( 50.70947549276247202, -0.2673775924251750036, 7.500000000000001776 ) ) ;
#2600 = CARTESIAN_POINT ( 'NONE',  ( 19.24505300995587831, -4.705772417666962859, 5.918693680791273337 ) ) ;
#2601 = ADVANCED_FACE ( 'NONE', ( #2451 ), #2638, .T. ) ;
#2602 = CARTESIAN_POINT ( 'NONE',  ( 64.19020811560174877, 7.540479240650601156, 1.734723475976807094E-15 ) ) ;
#2603 = CARTESIAN_POINT ( 'NONE',  ( 47.19984231226617055, -2.639213904362565533, 5.499999999999990230 ) ) ;
#2604 = CARTESIAN_POINT ( 'NONE',  ( 57.60465169955531195, 3.914891676864007852, 1.694065894508600678E-18 ) ) ;
#2605 = VERTEX_POINT ( 'NONE', #474 ) ;
#2606 = CARTESIAN_POINT ( 'NONE',  ( 50.43258843634935573, -0.2422699877873999985, -2.602085213965210642E-15 ) ) ;
#2607 = CARTESIAN_POINT ( 'NONE',  ( 62.37105713979640598, 6.415183983099971066, -1.734723475976807094E-15 ) ) ;
#2608 = CARTESIAN_POINT ( 'NONE',  ( 48.08836700891787075, -1.410659256483428603, 7.015938726341774512 ) ) ;
#2609 = CARTESIAN_POINT ( 'NONE',  ( 19.62841846346211838, -2.157420699313511658, -1.040834085586084257E-14 ) ) ;
#2610 = CARTESIAN_POINT ( 'NONE',  ( 19.17093385609339506, -2.588852345122879317, 7.499999999999998224 ) ) ;
#2611 = CARTESIAN_POINT ( 'NONE',  ( 59.41318328782131886, 4.744686105045571978, 7.499999999999998224 ) ) ;
#2612 = CARTESIAN_POINT ( 'NONE',  ( 22.64510489108328173, 0.3324450228047348133, 7.500000000000000000 ) ) ;
#2613 = DIRECTION ( 'NONE',  ( 1.000000000000000000, 0.000000000000000000, 0.000000000000000000 ) ) ;
#2614 = CARTESIAN_POINT ( 'NONE',  ( 63.79503638132326415, 7.515929565095748721, 1.734723475976807094E-15 ) ) ;
#2615 = LINE ( 'NONE', #2349, #2118 ) ;
#2616 = EDGE_CURVE ( 'NONE', #650, #2279, #2557, .T. ) ;
#2617 = VERTEX_POINT ( 'NONE', #47 ) ;
#2618 = CARTESIAN_POINT ( 'NONE',  ( 61.99338955172937915, 6.986938111857660338, 4.770489558936219510E-15 ) ) ;
#2619 = CARTESIAN_POINT ( 'NONE',  ( 62.24143938477340043, 6.427065605681462124, 7.500000000000007994 ) ) ;
#2620 = CARTESIAN_POINT ( 'NONE',  ( 47.73750940824041322, -1.810584413005992044, 6.487247927948142312 ) ) ;
#2621 = CARTESIAN_POINT ( 'NONE',  ( 34.94660045124250303, 4.144032818492550341, -1.040834085586084099E-14 ) ) ;
#2622 = B_SPLINE_CURVE_WITH_KNOTS ( 'NONE', 4,
 ( #2102, #1891, #2775, #797, #1746, #1288, #1732, #649, #1987, #2389, #2404, #178, #8, #2604, #1760, #2643, #2455, #928, #2431 ),
 .UNSPECIFIED., .F., .F.,
 ( 5, 1, 1, 1, 1, 1, 1, 1, 1, 1, 1, 1, 1, 1, 1, 5 ),
 ( 0.3703192339702733871, 0.3750000000000000000, 0.3821658271599907564, 0.3893316543968985410, 0.3939444556558914790, 0.3975273506313129479, 0.4011102620191507873, 0.4046931603889648565, 0.4078381193782383840, 0.4114210256288594048, 0.4150039212556416168, 0.4185868280580105072, 0.4231683455953675899, 0.4303341728349673323, 0.4374999999999954481, 0.4431060414589810259 ),
 .UNSPECIFIED. ) ;
#2623 = CARTESIAN_POINT ( 'NONE',  ( 33.54416460282865842, 4.152942851291883564, 7.500000000000001776 ) ) ;
#2624 = CARTESIAN_POINT ( 'NONE',  ( 47.54868091197689495, -2.181949897714382303, 7.500000000000063949 ) ) ;
#2625 = CARTESIAN_POINT ( 'NONE',  ( 60.43897859903140102, 5.300390554706085666, 5.204170427930421283E-15 ) ) ;
#2626 = CARTESIAN_POINT ( 'NONE',  ( 47.74442579606022719, -1.796697854243057613, 0.9974719164351666389 ) ) ;
#2627 = CARTESIAN_POINT ( 'NONE',  ( 20.60999999999999943, -3.979999999999998206, 5.500000051086403552 ) ) ;
#2628 = CARTESIAN_POINT ( 'NONE',  ( 53.57811206391048131, 1.475369482831849988, 7.500000000000001776 ) ) ;
#2629 = CARTESIAN_POINT ( 'NONE',  ( 27.36724374354881206, 0.7043578382333590682, 5.499999999999991118 ) ) ;
#2630 = ORIENTED_EDGE ( 'NONE', *, *, #1637, .T. ) ;
#2631 = CARTESIAN_POINT ( 'NONE',  ( 53.75481434115564383, 10.24629816254154058, 4.000000000000003553 ) ) ;
#2632 = CARTESIAN_POINT ( 'NONE',  ( 47.59041850670080720, -2.114284857044623323, 6.153974621405259526 ) ) ;
#2633 = CARTESIAN_POINT ( 'NONE',  ( 24.62674305261450414, 1.554434469065709035, -0.000000000000000000 ) ) ;
#2634 = EDGE_CURVE ( 'NONE', #2061, #123, #707, .T. ) ;
#2635 = CARTESIAN_POINT ( 'NONE',  ( 19.21183977567212153, -2.549741658804273836, -1.040834085586084099E-14 ) ) ;
#2636 = CARTESIAN_POINT ( 'NONE',  ( 33.14079085425259308, 4.135614319222657542, 7.499999999999998224 ) ) ;
#2637 = CARTESIAN_POINT ( 'NONE',  ( 47.89103789187102223, -1.550021608445447674, 7.500000000000063949 ) ) ;
#2638 = CYLINDRICAL_SURFACE ( 'NONE', #1420, 3.499999999999999556 ) ;
#2639 = CARTESIAN_POINT ( 'NONE',  ( 47.75769134042263886, -1.770574600125832010, 0.9684232809338886305 ) ) ;
#2640 = CARTESIAN_POINT ( 'NONE',  ( 16.51515897714050141, -6.157317281037074430, 6.756080940200924090 ) ) ;
#2641 = CARTESIAN_POINT ( 'NONE',  ( 54.67966177608315093, 1.953970931422587709, 7.500000000000001776 ) ) ;
#2642 = CARTESIAN_POINT ( 'NONE',  ( 23.58062626074887191, -1.480582966028190839, 5.499999999999992006 ) ) ;
#2643 = CARTESIAN_POINT ( 'NONE',  ( 57.49289971310279412, 3.707674706577690049, 1.694065894508600678E-18 ) ) ;
#2644 = ORIENTED_EDGE ( 'NONE', *, *, #2664, .F. ) ;
#2645 = CARTESIAN_POINT ( 'NONE',  ( 49.96793463604722518, -0.3305328470636912930, 7.500000000000000888 ) ) ;
#2646 = CARTESIAN_POINT ( 'NONE',  ( 47.74061645152174549, -1.804413046470461301, 6.494090110315250186 ) ) ;
#2647 = CARTESIAN_POINT ( 'NONE',  ( 36.72967867565363775, 3.983597249195002465, -1.040834085586084257E-14 ) ) ;
#2648 = CARTESIAN_POINT ( 'NONE',  ( -11.00000000000000000, 4.000000000000000000, 4.000000000000000000 ) ) ;
#2649 = EDGE_CURVE ( 'NONE', #939, #1858, #960, .T. ) ;
#2650 = CARTESIAN_POINT ( 'NONE',  ( 48.01569296504663953, -1.440986148119220323, -5.724587470723463412E-14 ) ) ;
#2651 = CARTESIAN_POINT ( 'NONE',  ( -5.112637930067753453E-17, 7.500000000000000000, 4.000000000000003553 ) ) ;
#2652 = CARTESIAN_POINT ( 'NONE',  ( 47.88862251127031300, -1.566956655687506972, 0.7264743714044746836 ) ) ;
#2653 = CARTESIAN_POINT ( 'NONE',  ( 63.32735692528382287, 6.976186462986581738, 7.500000000000003553 ) ) ;
#2654 = CARTESIAN_POINT ( 'NONE',  ( 36.45459730891698058, 2.002181378751894503, 5.499999999999991118 ) ) ;
#2655 = VERTEX_POINT ( 'NONE', #1539 ) ;
#2656 = CARTESIAN_POINT ( 'NONE',  ( 50.10293305516049145, -0.2667316132676267881, -2.602085213965210642E-15 ) ) ;
#2657 = CARTESIAN_POINT ( 'NONE',  ( 27.30309621675274201, 2.845983110412648287, -1.040834085586084257E-14 ) ) ;
#2658 = CARTESIAN_POINT ( 'NONE',  ( 52.76077419930724233, 0.8393084821058833800, 0.000000000000000000 ) ) ;
#2659 = CARTESIAN_POINT ( 'NONE',  ( 53.57811206391048131, 1.475369482831849988, 7.500000000000003553 ) ) ;
#2660 = CARTESIAN_POINT ( 'NONE',  ( 47.62294723769093707, -2.052577741567032987, 7.500000000000063949 ) ) ;
#2661 = PLANE ( 'NONE',  #2669 ) ;
#2662 = CARTESIAN_POINT ( 'NONE',  ( 47.89110548527735745, -1.564003657642274225, 0.7226301949414111192 ) ) ;
#2663 = CARTESIAN_POINT ( 'NONE',  ( 63.35548484919403478, 7.035510318827699727, 1.734723475976807094E-15 ) ) ;
#2664 = EDGE_CURVE ( 'NONE', #2772, #650, #551, .T. ) ;
#2665 = VECTOR ( 'NONE', #2504, 1000.000000000000000 ) ;
#2666 = DIRECTION ( 'NONE',  ( 1.000000000000000000, 0.000000000000000000, 0.000000000000000000 ) ) ;
#2667 = ORIENTED_EDGE ( 'NONE', *, *, #424, .F. ) ;
#2668 = CARTESIAN_POINT ( 'NONE',  ( 53.86644280408916075, 6.748072245360996035, 7.500000000000005329 ) ) ;
#2669 = AXIS2_PLACEMENT_3D ( 'NONE', #1395, #998, #2713 ) ;
#2670 = DIRECTION ( 'NONE',  ( -1.000000000000000000, 0.000000000000000000, -0.000000000000000000 ) ) ;
#2671 = CARTESIAN_POINT ( 'NONE',  ( 46.66160393308371113, -2.266877032635883804, 1.999999999999915401 ) ) ;
#2672 = CARTESIAN_POINT ( 'NONE',  ( 51.49669886023856691, 0.1065705972777460375, 10.00000000000000000 ) ) ;
#2673 = CARTESIAN_POINT ( 'NONE',  ( 53.46874355666047762, 1.249692220416474209, 7.500000000000004441 ) ) ;
#2674 = CARTESIAN_POINT ( 'NONE',  ( 48.74899626545506948, -1.379338513218726137, 0.08070627686618565833 ) ) ;
#2675 = CARTESIAN_POINT ( 'NONE',  ( 51.79375433097532522, 0.6534125324698409898, 1.694065894508600678E-18 ) ) ;
#2676 = EDGE_LOOP ( 'NONE', ( #777, #829, #1916, #1461 ) ) ;
#2677 = PLANE ( 'NONE',  #1016 ) ;
#2678 = EDGE_CURVE ( 'NONE', #2453, #1134, #1755, .T. ) ;
#2679 = AXIS2_PLACEMENT_3D ( 'NONE', #1487, #2361, #191 ) ;
#2680 = ORIENTED_EDGE ( 'NONE', *, *, #2678, .F. ) ;
#2681 = LINE ( 'NONE', #2458, #1336 ) ;
#2682 = CARTESIAN_POINT ( 'NONE',  ( 19.51936245175755857, -2.258693104947121277, -0.000000000000000000 ) ) ;
#2683 = CARTESIAN_POINT ( 'NONE',  ( 16.00105912163818545, -5.619621357577686993, -1.040834085586084730E-14 ) ) ;
#2684 = CARTESIAN_POINT ( 'NONE',  ( -11.00000000000000000, 7.500000000000000000, 7.500000000000000000 ) ) ;
#2685 = FACE_OUTER_BOUND ( 'NONE', #2676, .T. ) ;
#2686 = CARTESIAN_POINT ( 'NONE',  ( 0.04158235370531739722, 6.314002323504222858, 0.8641946699586101621 ) ) ;
#2687 = CARTESIAN_POINT ( 'NONE',  ( 48.55112305450593624, -1.361851173362471856, 0.1795228275507005922 ) ) ;
#2688 = ORIENTED_EDGE ( 'NONE', *, *, #1869, .T. ) ;
#2689 = CARTESIAN_POINT ( 'NONE',  ( 17.35672666473277914, -4.346702780060736515, 0.01680495437653240290 ) ) ;
#2690 = CARTESIAN_POINT ( 'NONE',  ( 61.35518971167375923, 5.828884450796262939, 1.694065894508600678E-18 ) ) ;
#2691 = VERTEX_POINT ( 'NONE', #1 ) ;
#2692 = CARTESIAN_POINT ( 'NONE',  ( 51.56961762632052171, 0.2492550787948532853, 7.500000000000001776 ) ) ;
#2693 = CARTESIAN_POINT ( 'NONE',  ( 22.98275079587827463, 0.5503836920188959203, -0.000000000000000000 ) ) ;
#2694 = CARTESIAN_POINT ( 'NONE',  ( 48.53695092985127246, -3.570668855518884577, 2.000000000000003109 ) ) ;
#2695 = CARTESIAN_POINT ( 'NONE',  ( 48.91043285012205644, -1.387772894496410503, 7.500000000000001776 ) ) ;
#2696 = CARTESIAN_POINT ( 'NONE',  ( 53.63615956781273297, 1.592354490067102502, 7.500000000000003553 ) ) ;
#2697 = CARTESIAN_POINT ( 'NONE',  ( 48.00475288486033776, -0.7629281976276138799, -0.000000000000000000 ) ) ;
#2698 = PRESENTATION_STYLE_ASSIGNMENT (( #1368 ) ) ;
#2699 = CARTESIAN_POINT ( 'NONE',  ( 20.98674249998688524, -3.625410271366325876, 5.499999999999991118 ) ) ;
#2700 = EDGE_LOOP ( 'NONE', ( #1263, #65, #1633, #912 ) ) ;
#2701 = DIRECTION ( 'NONE',  ( 0.000000000000000000, 0.000000000000000000, -1.000000000000000000 ) ) ;
#2702 = CARTESIAN_POINT ( 'NONE',  ( 62.37873625815133494, 6.414486604437601436, 9.999999999999996447 ) ) ;
#2703 = CARTESIAN_POINT ( 'NONE',  ( 62.36341303435936823, 6.415883610439992779, 1.694065894508600678E-18 ) ) ;
#2704 = ORIENTED_EDGE ( 'NONE', *, *, #1848, .T. ) ;
#2705 = CARTESIAN_POINT ( 'NONE',  ( 12.90529714691014007, -22.26344263691053982, -66.74003574944600814 ) ) ;
#2706 = AXIS2_PLACEMENT_3D ( 'NONE', #435, #642, #1552 ) ;
#2707 = CARTESIAN_POINT ( 'NONE',  ( 47.36578726116189131, -2.287966606295551042, 1.616935967173850131 ) ) ;
#2708 = CARTESIAN_POINT ( 'NONE',  ( 46.87712731524022303, -2.414758617064836965, 2.000000000000004441 ) ) ;
#2709 = CARTESIAN_POINT ( 'NONE',  ( 59.45218269112170617, 4.827634590287858352, 1.694065894508600678E-18 ) ) ;
#2710 = EDGE_CURVE ( 'NONE', #1519, #1269, #875, .T. ) ;
#2711 = CARTESIAN_POINT ( 'NONE',  ( 57.41038420451574353, 3.534516034372782389, 10.00000000000000000 ) ) ;
#2712 = CARTESIAN_POINT ( 'NONE',  ( 63.32748049411328140, 6.976464553457016216, 7.500000000000001776 ) ) ;
#2713 = DIRECTION ( 'NONE',  ( -0.8651576445943247595, -0.5015000000000000568, 0.000000000000000000 ) ) ;
#2714 = CARTESIAN_POINT ( 'NONE',  ( 64.30315289188649786, 7.530000000000002025, 7.467485643409793816 ) ) ;
#2715 = CARTESIAN_POINT ( 'NONE',  ( 20.71061612794202489, -3.884166599436841505, 5.499999999999991118 ) ) ;
#2716 = VECTOR ( 'NONE', #1547, 1000.000000000000000 ) ;
#2717 = ORIENTED_EDGE ( 'NONE', *, *, #2281, .T. ) ;
#2718 = CARTESIAN_POINT ( 'NONE',  ( 58.50698285153602995, 4.185618007722555767, 7.500000000000001776 ) ) ;
#2719 = CARTESIAN_POINT ( 'NONE',  ( 16.60962674662126659, -5.514007557285590444, 0.3442224647121712167 ) ) ;
#2720 = CARTESIAN_POINT ( 'NONE',  ( 0.1227137631487347919, 4.000000000000000000, 0.000000000000000000 ) ) ;
#2721 = CARTESIAN_POINT ( 'NONE',  ( 61.67639539654921066, 6.319351884921308837, 1.694065894508600678E-18 ) ) ;
#2722 = ORIENTED_EDGE ( 'NONE', *, *, #584, .T. ) ;
#2723 = CARTESIAN_POINT ( 'NONE',  ( 52.08524249975479137, 0.8469415868232296196, 0.000000000000000000 ) ) ;
#2724 = B_SPLINE_CURVE_WITH_KNOTS ( 'NONE', 4,
 ( #790, #1666, #1454, #2344, #1885, #1932, #2802, #619, #1256, #140, #1039, #2569, #2328, #353, #2145, #1699, #2097, #2818, #1283, #1238, #387 ),
 .UNSPECIFIED., .F., .F.,
 ( 5, 1, 1, 1, 1, 1, 1, 1, 1, 1, 1, 1, 1, 1, 1, 1, 1, 5 ),
 ( 0.6170991105531234977, 0.6178341728400039701, 0.6250000000000000000, 0.6321658271599908119, 0.6393316543968985410, 0.6439444556558915345, 0.6475273506313129479, 0.6511102620191507873, 0.6546931603889648565, 0.6578381193782384395, 0.6614210256288594048, 0.6650039212556415613, 0.6685868280580105072, 0.6731683455953676454, 0.6803341728349673323, 0.6874999999999954481, 0.6946658271650236749, 0.6964417679640281245 ),
 .UNSPECIFIED. ) ;
#2725 = LINE ( 'NONE', #1627, #1705 ) ;
#2726 = CARTESIAN_POINT ( 'NONE',  ( 33.60787503046653768, 2.153835167236998860, 2.000000000000002665 ) ) ;
#2727 = CARTESIAN_POINT ( 'NONE',  ( 59.66808984690737105, 5.160949697637061462, 1.694065894508600678E-18 ) ) ;
#2728 = CARTESIAN_POINT ( 'NONE',  ( 48.52213416910829835, -1.359758725726345707, 7.305655929397699033 ) ) ;
#2729 = DIRECTION ( 'NONE',  ( -0.5015000000000000568, 0.8651576445943247595, 0.000000000000000000 ) ) ;
#2730 = CARTESIAN_POINT ( 'NONE',  ( 48.21961457753686631, -0.9121670034301387897, 7.499999999999998224 ) ) ;
#2731 = ADVANCED_FACE ( 'NONE', ( #898 ), #2661, .F. ) ;
#2732 = EDGE_LOOP ( 'NONE', ( #1236, #575, #519, #478 ) ) ;
#2733 = CARTESIAN_POINT ( 'NONE',  ( 57.71243193377174663, 4.048295524131314771, -1.734723475976807094E-15 ) ) ;
#2734 = CARTESIAN_POINT ( 'NONE',  ( 16.78713466262809106, -5.120774738468194975, 0.1826739786296026347 ) ) ;
#2735 = LINE ( 'NONE', #2516, #1495 ) ;
#2736 = CARTESIAN_POINT ( 'NONE',  ( 62.37105713999207524, 6.415183983082063612, 1.694065894508600678E-18 ) ) ;
#2737 = ORIENTED_EDGE ( 'NONE', *, *, #818, .F. ) ;
#2738 = PLANE ( 'NONE',  #194 ) ;
#2739 = B_SPLINE_SURFACE_WITH_KNOTS ( 'NONE', 4, 1, ( 
 ( #2300, #759 ),
 ( #114, #560 ),
 ( #2519, #2757 ),
 ( #1608, #1839 ),
 ( #98, #992 ),
 ( #510, #975 ),
 ( #1640, #2539 ),
 ( #1390, #1422 ),
 ( #325, #2723 ),
 ( #2265, #1174 ),
 ( #2022, #2049 ),
 ( #2503, #2249 ),
 ( #1872, #81 ),
 ( #1442, #342 ),
 ( #53, #959 ),
 ( #930, #306 ),
 ( #1806, #1625 ),
 ( #2692, #714 ),
 ( #2471, #493 ),
 ( #1376, #274 ),
 ( #1161, #2148 ) ),
 .UNSPECIFIED., .F., .F., .F.,
 ( 5, 1, 1, 1, 1, 1, 1, 1, 1, 1, 1, 1, 1, 1, 1, 1, 1, 5 ),
 ( 2, 2 ),
 ( 0.7404438936175528063, 0.7428341728400039701, 0.7500000000000000000, 0.7571658271599908119, 0.7643316543968985410, 0.7689444556558915345, 0.7725273506313129479, 0.7761102620191507873, 0.7796931603889648565, 0.7828381193782383285, 0.7864210256288594048, 0.7900039212556415613, 0.7935868280580105072, 0.7981683455953676454, 0.8053341728349673323, 0.8124999999999954481, 0.8196658271650236749, 0.8231692985002155849 ),
 ( 0.000000000000000000, 1.000000000000000000 ),
 .UNSPECIFIED. ) ;
#2740 = CARTESIAN_POINT ( 'NONE',  ( 32.17718530806260446, 2.047483880742068774, 2.000000000000002665 ) ) ;
#2741 = ORIENTED_EDGE ( 'NONE', *, *, #424, .T. ) ;
#2742 = CARTESIAN_POINT ( 'NONE',  ( 55.44010470123719614, 2.392707074450305171, 7.500000000000013323 ) ) ;
#2743 = CARTESIAN_POINT ( 'NONE',  ( 58.62614358317087948, 10.04996049147954729, 5.512417998203567926 ) ) ;
#2744 = CARTESIAN_POINT ( 'NONE',  ( 0.01242244129898822935, 7.145691376167655484, 5.551519482314025922 ) ) ;
#2745 = DIRECTION ( 'NONE',  ( 1.000000000000000000, 0.000000000000000000, -0.000000000000000000 ) ) ;
#2746 = CARTESIAN_POINT ( 'NONE',  ( 41.44444104693940290, 2.755330157877296848, -0.000000000000000000 ) ) ;
#2747 = CARTESIAN_POINT ( 'NONE',  ( 47.53763256058596198, -0.4453199855919628414, 2.050265044065518398E-14 ) ) ;
#2748 = CARTESIAN_POINT ( 'NONE',  ( 46.69993562994941527, 0.09929174954454431101, 7.499999999999990230 ) ) ;
#2749 = B_SPLINE_SURFACE_WITH_KNOTS ( 'NONE', 4, 1, ( 
 ( #46, #736 ),
 ( #2254, #1583 ),
 ( #907, #1355 ),
 ( #2055, #1613 ),
 ( #705, #1380 ),
 ( #680, #949 ),
 ( #1365, #2239 ),
 ( #56, #1787 ),
 ( #2220, #2450 ),
 ( #1394, #2463 ),
 ( #1152, #692 ),
 ( #279, #264 ),
 ( #1811, #934 ),
 ( #2026, #1776 ),
 ( #1138, #2013 ),
 ( #2696, #87 ),
 ( #2659, #472 ),
 ( #2493, #721 ),
 ( #1597, #1166 ),
 ( #2269, #2039 ),
 ( #2673, #2228 ) ),
 .UNSPECIFIED., .F., .F., .F.,
 ( 5, 1, 1, 1, 1, 1, 1, 1, 1, 1, 1, 1, 1, 1, 1, 1, 1, 5 ),
 ( 2, 2 ),
 ( 0.6170991105531234977, 0.6178341728400039701, 0.6250000000000000000, 0.6321658271599908119, 0.6393316543968985410, 0.6439444556558915345, 0.6475273506313129479, 0.6511102620191507873, 0.6546931603889648565, 0.6578381193782384395, 0.6614210256288594048, 0.6650039212556415613, 0.6685868280580105072, 0.6731683455953676454, 0.6803341728349673323, 0.6874999999999954481, 0.6946658271650236749, 0.6964417682539518761 ),
 ( 0.000000000000000000, 1.000000000000000000 ),
 .UNSPECIFIED. ) ;
#2750 = ORIENTED_EDGE ( 'NONE', *, *, #2429, .T. ) ;
#2751 = DIRECTION ( 'NONE',  ( -1.000000000000000000, 0.000000000000000000, 0.000000000000000000 ) ) ;
#2752 = CARTESIAN_POINT ( 'NONE',  ( 56.27955380535959762, 3.096452157381810899, 7.500000000000001776 ) ) ;
#2753 = CARTESIAN_POINT ( 'NONE',  ( 63.31957287382133615, 6.959854936865459862, 1.694065894508600678E-18 ) ) ;
#2754 = EDGE_CURVE ( 'NONE', #2294, #1001, #1373, .T. ) ;
#2755 = CARTESIAN_POINT ( 'NONE',  ( 58.12225326285390281, 4.209535934940417334, 7.500000000000001776 ) ) ;
#2756 = ORIENTED_EDGE ( 'NONE', *, *, #2520, .F. ) ;
#2757 = CARTESIAN_POINT ( 'NONE',  ( 52.70104824783843611, 0.8424438683575030673, 0.000000000000000000 ) ) ;
#2758 = CARTESIAN_POINT ( 'NONE',  ( 24.18379557384185219, -1.058985622126016990, 2.000000000000001332 ) ) ;
#2759 = CARTESIAN_POINT ( 'NONE',  ( 51.50515055258276931, 0.1219402104644910084, 7.500000000000002665 ) ) ;
#2760 = CARTESIAN_POINT ( 'NONE',  ( 59.38908702898110903, 4.694370314821314949, 1.694065894508600678E-18 ) ) ;
#2761 = AXIS2_PLACEMENT_3D ( 'NONE', #463, #920, #1346 ) ;
#2762 = CARTESIAN_POINT ( 'NONE',  ( 0.03026513441893528486, 6.636788182935642766, 6.312880767097444945 ) ) ;
#2763 = CARTESIAN_POINT ( 'NONE',  ( 48.00513087475676599, -0.7631892288792809786, -0.000000000000000000 ) ) ;
#2764 = CARTESIAN_POINT ( 'NONE',  ( 47.78657578279377560, -0.6132552590163565798, -1.410517346150932434E-13 ) ) ;
#2765 = CARTESIAN_POINT ( 'NONE',  ( 47.03660723170438018, -0.1154884455472539040, 7.500000000000008882 ) ) ;
#2766 = ORIENTED_EDGE ( 'NONE', *, *, #1050, .F. ) ;
#2767 = CARTESIAN_POINT ( 'NONE',  ( 48.72152010833000446, -1.378856839305104165, 7.500000000000063949 ) ) ;
#2768 = DIRECTION ( 'NONE',  ( 0.000000000000000000, 0.000000000000000000, 1.000000000000000000 ) ) ;
#2769 = CARTESIAN_POINT ( 'NONE',  ( 56.60658631301750177, 3.068584016223375066, 7.500000000000013323 ) ) ;
#2770 = CARTESIAN_POINT ( 'NONE',  ( 62.37873625409186218, 6.414486602084465972, 7.500000000000000000 ) ) ;
#2771 = CARTESIAN_POINT ( 'NONE',  ( 63.51448123415438829, 7.313552205546173468, 1.734723475976807094E-15 ) ) ;
#2772 = VERTEX_POINT ( 'NONE', #527 ) ;
#2773 = CARTESIAN_POINT ( 'NONE',  ( 41.01341141818834046, 0.7810363144952076064, 5.499999999999991118 ) ) ;
#2774 = EDGE_CURVE ( 'NONE', #2470, #1733, #83, .T. ) ;
#2775 = CARTESIAN_POINT ( 'NONE',  ( 58.44790419944645521, 4.190853001962119961, 1.694065894508600678E-18 ) ) ;
#2776 = CARTESIAN_POINT ( 'NONE',  ( 20.57125345830834462, -4.017046201423167595, 2.000000000000002220 ) ) ;
#2777 = CARTESIAN_POINT ( 'NONE',  ( 51.79375433097532522, 0.6534125324698409898, 7.500000000000001776 ) ) ;
#2778 = CARTESIAN_POINT ( 'NONE',  ( 50.16850072598597166, 6.625063493800794845, 7.500000000000004441 ) ) ;
#2779 = DIRECTION ( 'NONE',  ( -0.8651576445943247595, -0.5015000000000000568, 0.000000000000000000 ) ) ;
#2780 = CARTESIAN_POINT ( 'NONE',  ( 41.74550270779996453, 2.642487691692904317, -1.040834085586084257E-14 ) ) ;
#2781 = CARTESIAN_POINT ( 'NONE',  ( 50.00928303491995308, -2.158883630362429695, 7.499999999999996447 ) ) ;
#2782 = ORIENTED_EDGE ( 'NONE', *, *, #11, .F. ) ;
#2783 = CARTESIAN_POINT ( 'NONE',  ( 48.54692710622351370, -1.358192835108169572, -5.637851296924623057E-14 ) ) ;
#2784 = CARTESIAN_POINT ( 'NONE',  ( 59.50313330721962046, 4.930317010584347237, 5.204170427930421283E-15 ) ) ;
#2785 = CARTESIAN_POINT ( 'NONE',  ( 55.53376997704609863, 2.588023656337597789, 7.500000000000001776 ) ) ;
#2786 = CARTESIAN_POINT ( 'NONE',  ( 46.99999999999999289, -2.500000000000009326, 1.999999995368193062 ) ) ;
#2787 = CARTESIAN_POINT ( 'NONE',  ( 9.250000000000000000, 0.000000000000000000, 0.000000000000000000 ) ) ;
#2788 = VERTEX_POINT ( 'NONE', #327 ) ;
#2789 = CARTESIAN_POINT ( 'NONE',  ( 46.87712731524020882, -2.414758617064823198, 5.499999999999951150 ) ) ;
#2790 = CARTESIAN_POINT ( 'NONE',  ( 39.44901034679894281, 1.327743701085950301, 2.000000000000001776 ) ) ;
#2791 = ORIENTED_EDGE ( 'NONE', *, *, #623, .F. ) ;
#2792 = CARTESIAN_POINT ( 'NONE',  ( 50.81870739478237198, -0.2740517273170238188, 7.500000000000001776 ) ) ;
#2793 = CARTESIAN_POINT ( 'NONE',  ( 61.37572665879577016, 5.871949777849094332, 7.500000000000007994 ) ) ;
#2794 = CARTESIAN_POINT ( 'NONE',  ( 48.59519036562988248, -1.365526740029062935, 7.342646375461117536 ) ) ;
#2795 = EDGE_CURVE ( 'NONE', #2034, #2788, #1671, .T. ) ;
#2796 = CARTESIAN_POINT ( 'NONE',  ( 48.26075638115487010, -0.9408271557734195767, -1.040834085586084257E-14 ) ) ;
#2797 = CARTESIAN_POINT ( 'NONE',  ( 20.35308890319802089, -4.225636896209090665, 5.499999999999991118 ) ) ;
#2798 = ORIENTED_EDGE ( 'NONE', *, *, #1114, .F. ) ;
#2799 = CARTESIAN_POINT ( 'NONE',  ( 48.85540739659460030, -1.387607124232242528, -5.724587470723463412E-14 ) ) ;
#2800 = B_SPLINE_CURVE_WITH_KNOTS ( 'NONE', 4,
 ( #1934, #1098, #2843, #1757, #206, #2159, #1087, #852, #399, #840, #1972, #1919, #2146, #2804, #824 ),
 .UNSPECIFIED., .F., .F.,
 ( 5, 1, 2, 1, 1, 1, 1, 1, 1, 1, 5 ),
 ( 0.8637416570692941775, 0.8678341728400039701, 0.8750000000000000000, 0.8821493502592638869, 0.8863423430806836034, 0.8899169617852855652, 0.8934915980444197992, 0.8970662522331132038, 0.9030014969252332380, 0.9101508489266311175, 0.9129832668486287384 ),
 .UNSPECIFIED. ) ;
#2801 = CARTESIAN_POINT ( 'NONE',  ( 60.30092430153386829, 5.313245521980025643, 7.499999999999998224 ) ) ;
#2802 = CARTESIAN_POINT ( 'NONE',  ( 54.21093743658264685, 1.984227587928919068, 1.694065894508600678E-18 ) ) ;
#2803 = B_SPLINE_CURVE_WITH_KNOTS ( 'NONE', 3,
 ( #244, #1574, #2003, #33, #253, #2355, #2579, #2762, #314, #348, #2744, #765, #1017, #597, #997, #1662 ),
 .UNSPECIFIED., .F., .F.,
 ( 4, 2, 2, 2, 2, 2, 2, 4 ),
 ( -4.471075596852945838E-05, 0.001334628845986349146, 0.002024298646963786259, 0.002713968447941223806, 0.003403638248918661353, 0.004093308049896098033, 0.004782977850873535580, 0.005472647651850973127 ),
 .UNSPECIFIED. ) ;
#2804 = CARTESIAN_POINT ( 'NONE',  ( 49.53751525257628430, -1.013006165456610930, 1.694065894508600678E-18 ) ) ;
#2805 = CARTESIAN_POINT ( 'NONE',  ( 63.67635497337596462, 7.461747310022500024, 7.500000000000003553 ) ) ;
#2806 =( BOUNDED_CURVE ( )  B_SPLINE_CURVE ( 3, ( #405, #1638, #1819, #1189 ),
 .UNSPECIFIED., .F., .F. ) 
 B_SPLINE_CURVE_WITH_KNOTS ( ( 4, 4 ),
 ( 5.376521627306482642, 6.283185307179586232 ),
 .UNSPECIFIED. ) 
 CURVE ( )  GEOMETRIC_REPRESENTATION_ITEM ( )  RATIONAL_B_SPLINE_CURVE ( ( 1.000000000000000000, 0.9326619143323992001, 0.9326619143323992001, 1.000000000000000000 ) ) 
 REPRESENTATION_ITEM ( '' )  );
#2807 = CARTESIAN_POINT ( 'NONE',  ( 47.07641690141216628, -2.553233447332752704, 5.499999999999991118 ) ) ;
#2808 = CARTESIAN_POINT ( 'NONE',  ( 18.38960790720565441, -6.102953149281884038, 2.000000000000001332 ) ) ;
#2809 = CARTESIAN_POINT ( 'NONE',  ( 59.18616499276119214, 10.40913724651145955, 3.500000000000003109 ) ) ;
#2810 = CARTESIAN_POINT ( 'NONE',  ( 62.36341303422972970, 6.415883610451897923, 7.500000000000007994 ) ) ;
#2811 = CARTESIAN_POINT ( 'NONE',  ( 48.23108949130516976, -1.367289495132577803, 7.133106328716382727 ) ) ;
#2812 = CARTESIAN_POINT ( 'NONE',  ( 48.15790166519175841, -0.8691771730290558384, -1.377372466145789941E-14 ) ) ;
#2813 = CARTESIAN_POINT ( 'NONE',  ( 28.43494181239374186, 3.254307442364728686, 7.500000000000001776 ) ) ;
#2814 = EDGE_CURVE ( 'NONE', #699, #2044, #2725, .T. ) ;
#2815 = ORIENTED_EDGE ( 'NONE', *, *, #286, .F. ) ;
#2816 = AXIS2_PLACEMENT_3D ( 'NONE', #2476, #315, #1199 ) ;
#2817 = LINE ( 'NONE', #586, #2402 ) ;
#2818 = CARTESIAN_POINT ( 'NONE',  ( 53.52892646867345405, 1.369749193987286784, 1.694065894508600678E-18 ) ) ;
#2819 = CARTESIAN_POINT ( 'NONE',  ( 20.60999999999999588, -3.979999999999999094, 2.000000000000001776 ) ) ;
#2820 = CARTESIAN_POINT ( 'NONE',  ( 59.84167326686714716, 5.275600897465454686, 7.500000000000001776 ) ) ;
#2821 = CARTESIAN_POINT ( 'NONE',  ( 44.67137238873759486, -1.007321116885580459, 5.500000000000000000 ) ) ;
#2822 = VERTEX_POINT ( 'NONE', #2459 ) ;
#2823 = CARTESIAN_POINT ( 'NONE',  ( 21.18327695776239850, 8.837540015522270309, 5.204170427928334746E-15 ) ) ;
#2824 = CARTESIAN_POINT ( 'NONE',  ( 62.37105713979640598, 6.415183983099971066, 7.500000000000007994 ) ) ;
#2825 = CARTESIAN_POINT ( 'NONE',  ( 47.75139270076324038, -1.783298147266257905, 6.517587079100688463 ) ) ;
#2826 = CARTESIAN_POINT ( 'NONE',  ( 38.29597049179832169, 3.702321398791907470, -1.040834085586084257E-14 ) ) ;
#2827 = CARTESIAN_POINT ( 'NONE',  ( 19.21638475539704416, -2.545395898074148899, 7.499999999999998224 ) ) ;
#2828 = EDGE_LOOP ( 'NONE', ( #1226, #2327, #2128, #1586 ) ) ;
#2829 = CARTESIAN_POINT ( 'NONE',  ( 60.07791117598953434, 5.322190108446164025, 5.204170427930421283E-15 ) ) ;
#2830 = CARTESIAN_POINT ( 'NONE',  ( 18.61673816229673761, -3.120114434361849653, 7.500000000000001776 ) ) ;
#2831 = CARTESIAN_POINT ( 'NONE',  ( 0.000000000000000000, 7.500000000000000888, 3.500000000000003109 ) ) ;
#2832 = CARTESIAN_POINT ( 'NONE',  ( 64.19020811560174877, 7.540479240650601156, 7.500000000000003553 ) ) ;
#2833 = ADVANCED_FACE ( 'NONE', ( #2250 ), #1609, .F. ) ;
#2834 = CARTESIAN_POINT ( 'NONE',  ( 46.92602571485530660, -2.448597453182191686, 5.499999999999984013 ) ) ;
#2835 = ORIENTED_EDGE ( 'NONE', *, *, #2307, .T. ) ;
#2836 = CARTESIAN_POINT ( 'NONE',  ( 53.75481434115569357, 10.24629816254002890, 2.354584926995974161E-12 ) ) ;
#2837 = CARTESIAN_POINT ( 'NONE',  ( 62.36341303422972970, 6.415883610451897923, -1.734723475976807094E-15 ) ) ;
#2838 = CARTESIAN_POINT ( 'NONE',  ( 47.86526085536303299, -1.596388776653753450, 6.736009658115707843 ) ) ;
#2839 = CARTESIAN_POINT ( 'NONE',  ( 19.22547504454867351, -2.536704723728054667, -1.040834085586084257E-14 ) ) ;
#2840 = CARTESIAN_POINT ( 'NONE',  ( 18.97094968057563946, -2.780060482009949485, 7.500000000000000888 ) ) ;
#2841 = CARTESIAN_POINT ( 'NONE',  ( 59.77886947397663420, 5.245249026054229269, 5.204170427930421283E-15 ) ) ;
#2842 = CARTESIAN_POINT ( 'NONE',  ( 47.98143983749708497, -1.475396082254063934, 0.5982882486830504165 ) ) ;
#2843 = CARTESIAN_POINT ( 'NONE',  ( 50.76285438896827173, -0.2716421957801391507, 1.694065894508600678E-18 ) ) ;
#2844 = CARTESIAN_POINT ( 'NONE',  ( 63.35548484919403478, 7.035510318827699727, 7.500000000000003553 ) ) ;
#2845 = CARTESIAN_POINT ( 'NONE',  ( 20.60765029068373266, -3.982246689418530217, 5.499999999999991118 ) ) ;
#2846 = EDGE_CURVE ( 'NONE', #2299, #123, #2163, .T. ) ;
#2847 = VERTEX_POINT ( 'NONE', #2283 ) ;
#2848 = CARTESIAN_POINT ( 'NONE',  ( 57.41038420205585879, 3.534516032946875885, 0.000000000000000000 ) ) ;
#2849 = CARTESIAN_POINT ( 'NONE',  ( 47.88083828590814051, -1.576181800408738676, 6.761495617548708204 ) ) ;
#2850 = CARTESIAN_POINT ( 'NONE',  ( 25.63233275221359264, 2.098488613092838406, -0.000000000000000000 ) ) ;
#2851 = CARTESIAN_POINT ( 'NONE',  ( 19.23001985081038256, -2.532358780374631468, -1.040834085586084099E-14 ) ) ;
#2852 = CARTESIAN_POINT ( 'NONE',  ( 35.54374580547840878, 4.111249931216563347, 7.500000000000003553 ) ) ;
ENDSEC;
END-ISO-10303-21;
