ISO-10303-21;
HEADER;
FILE_DESCRIPTION (( 'STEP AP214' ),
    '1' );
FILE_NAME ('Link_3.STEP',
    '2026-08-20T20:59:49',
    ( '' ),
    ( '' ),
    'SwSTEP 2.0',
    'SolidWorks 2025',
    '' );
FILE_SCHEMA (( 'AUTOMOTIVE_DESIGN' ));
ENDSEC;

DATA;
#1 = DIRECTION ( 'NONE',  ( -1.000000000000000000, 0.000000000000000000, -0.000000000000000000 ) ) ;
#2 = ORIENTED_EDGE ( 'NONE', *, *, #26, .F. ) ;
#3 = VECTOR ( 'NONE', #1117, 1000.000000000000000 ) ;
#4 = ORIENTED_EDGE ( 'NONE', *, *, #208, .F. ) ;
#5 = AXIS2_PLACEMENT_3D ( 'NONE', #706, #154, #790 ) ;
#6 = DIRECTION ( 'NONE',  ( 1.000000000000000000, 2.478176394252582127E-16, -0.000000000000000000 ) ) ;
#7 = ORIENTED_EDGE ( 'NONE', *, *, #298, .F. ) ;
#8 = ORIENTED_EDGE ( 'NONE', *, *, #415, .F. ) ;
#9 = ADVANCED_FACE ( 'NONE', ( #258, #1196, #337, #905 ), #1319, .T. ) ;
#10 = ORIENTED_EDGE ( 'NONE', *, *, #504, .T. ) ;
#11 = FILL_AREA_STYLE_COLOUR ( '', #469 ) ;
#12 = ADVANCED_FACE ( 'NONE', ( #760 ), #1214, .F. ) ;
#13 = DIRECTION ( 'NONE',  ( -1.000000000000000000, -2.502023520930011921E-16, -2.993749179613352383E-34 ) ) ;
#14 = CARTESIAN_POINT ( 'NONE',  ( -11.49999999999998579, -14.00000000000001243, 2.500000000000003997 ) ) ;
#15 = ORIENTED_EDGE ( 'NONE', *, *, #1121, .F. ) ;
#16 = ORIENTED_EDGE ( 'NONE', *, *, #291, .T. ) ;
#17 = DIRECTION ( 'NONE',  ( 2.335204679199547974E-16, -1.000000000000000000, -1.131341397376177832E-16 ) ) ;
#18 = CARTESIAN_POINT ( 'NONE',  ( 4.750000000000011546, 0.000000000000000000, 2.500000000000003997 ) ) ;
#19 = ORIENTED_EDGE ( 'NONE', *, *, #657, .F. ) ;
#20 = VERTEX_POINT ( 'NONE', #14 ) ;
#21 = EDGE_LOOP ( 'NONE', ( #38, #1127 ) ) ;
#22 = DIRECTION ( 'NONE',  ( -1.000000000000000000, 0.000000000000000000, 0.000000000000000000 ) ) ;
#23 = CARTESIAN_POINT ( 'NONE',  ( -16.49999999999998579, -3.572482971872120050, 29.49999999999776534 ) ) ;
#24 = CARTESIAN_POINT ( 'NONE',  ( -6.499999999999984901, 12.49999999999998757, 32.00000000000000000 ) ) ;
#25 = CARTESIAN_POINT ( 'NONE',  ( 15.68790112499896594, -11.76777626815617417, 9.952478098333832790 ) ) ;
#26 = EDGE_CURVE ( 'NONE', #536, #238, #966, .T. ) ;
#27 = CIRCLE ( 'NONE', #958, 1.000000000000000444 ) ;
#28 = DIRECTION ( 'NONE',  ( 0.000000000000000000, -2.045308367115694637E-12, -1.000000000000000000 ) ) ;
#29 = DIRECTION ( 'NONE',  ( 2.665088406722596144E-32, -1.141265444721583757E-16, 1.000000000000000000 ) ) ;
#30 = ORIENTED_EDGE ( 'NONE', *, *, #144, .F. ) ;
#31 = CARTESIAN_POINT ( 'NONE',  ( 13.50000000000001599, 5.999999999999992895, 28.00000000000000000 ) ) ;
#32 = DIRECTION ( 'NONE',  ( 1.367749164542912045E-33, -1.310583749058577098E-16, 1.000000000000000000 ) ) ;
#33 = CARTESIAN_POINT ( 'NONE',  ( 7.495874059712782866, 1.499915514512911052, 44.20953996872702874 ) ) ;
#34 = CARTESIAN_POINT ( 'NONE',  ( 11.50000000000001599, -9.000000000000003553, 2.500000000000002220 ) ) ;
#35 = ADVANCED_FACE ( 'NONE', ( #228 ), #880, .F. ) ;
#36 = CARTESIAN_POINT ( 'NONE',  ( -15.69303729707970874, -11.76006341711169512, 9.969783788222954968 ) ) ;
#37 = DIRECTION ( 'NONE',  ( 1.000000000000000000, 0.000000000000000000, 0.000000000000000000 ) ) ;
#38 = ORIENTED_EDGE ( 'NONE', *, *, #764, .F. ) ;
#39 = CYLINDRICAL_SURFACE ( 'NONE', #531, 12.50000000000000355 ) ;
#40 = ORIENTED_EDGE ( 'NONE', *, *, #988, .T. ) ;
#41 = CARTESIAN_POINT ( 'NONE',  ( 16.50000000000001421, -3.168477596321023437, 30.54576082199323395 ) ) ;
#42 = CARTESIAN_POINT ( 'NONE',  ( 6.500000000000014211, 12.49999999999999112, 32.00000000000000000 ) ) ;
#43 = ORIENTED_EDGE ( 'NONE', *, *, #1279, .T. ) ;
#44 = CYLINDRICAL_SURFACE ( 'NONE', #1269, 1.300000000000000044 ) ;
#45 = EDGE_LOOP ( 'NONE', ( #299, #1331, #1134, #904 ) ) ;
#46 = DIRECTION ( 'NONE',  ( 0.000000000000000000, -0.000000000000000000, 1.000000000000000000 ) ) ;
#47 = B_SPLINE_CURVE_WITH_KNOTS ( 'NONE', 3,
 ( #520, #537, #1056, #424, #755, #637, #323, #1062, #1384, #86, #1287, #413, #201, #1270, #1390, #435, #737, #1168, #212, #743, #329, #854, #633, #90 ),
 .UNSPECIFIED., .F., .F.,
 ( 4, 2, 2, 2, 2, 2, 2, 2, 2, 2, 2, 4 ),
 ( 8.690541527449942710E-19, 0.002521373750136123287, 0.003782060625204187749, 0.005042747500272252645, 0.007564121250408391978, 0.008824808125476455573, 0.01008549500054451743, 0.01134618187561257929, 0.01260686875068063942, 0.01512824250081676487, 0.01764961625095289033, 0.02017099000108901058 ),
 .UNSPECIFIED. ) ;
#48 = ORIENTED_EDGE ( 'NONE', *, *, #1136, .T. ) ;
#49 = DIRECTION ( 'NONE',  ( 0.000000000000000000, 0.000000000000000000, -1.000000000000000000 ) ) ;
#50 = DIRECTION ( 'NONE',  ( 0.000000000000000000, 0.000000000000000000, -1.000000000000000000 ) ) ;
#51 = ORIENTED_EDGE ( 'NONE', *, *, #765, .F. ) ;
#52 = FACE_OUTER_BOUND ( 'NONE', #466, .T. ) ;
#53 = VECTOR ( 'NONE', #1045, 1000.000000000000000 ) ;
#54 = VERTEX_POINT ( 'NONE', #781 ) ;
#55 = CARTESIAN_POINT ( 'NONE',  ( -5.971568442033646562, 1.694568858747597773, 44.89138842646445227 ) ) ;
#56 = EDGE_CURVE ( 'NONE', #238, #536, #739, .T. ) ;
#57 = ADVANCED_FACE ( 'NONE', ( #897 ), #1301, .F. ) ;
#58 = EDGE_LOOP ( 'NONE', ( #111, #475, #445, #8 ) ) ;
#59 = DIRECTION ( 'NONE',  ( -1.000000000000000000, -2.335204679199548467E-16, -0.000000000000000000 ) ) ;
#60 = LINE ( 'NONE', #1011, #313 ) ;
#61 = VECTOR ( 'NONE', #1162, 1000.000000000000000 ) ;
#62 = AXIS2_PLACEMENT_3D ( 'NONE', #268, #1202, #476 ) ;
#63 = ORIENTED_EDGE ( 'NONE', *, *, #749, .F. ) ;
#64 = CARTESIAN_POINT ( 'NONE',  ( 16.50000000000001776, -9.000000000000001776, 46.00000000000000000 ) ) ;
#65 = SHAPE_DEFINITION_REPRESENTATION ( #1090, #1143 ) ;
#66 = CARTESIAN_POINT ( 'NONE',  ( 6.195440985631463206E-16, 11.49999999999998934, 34.30000000000000426 ) ) ;
#67 = ORIENTED_EDGE ( 'NONE', *, *, #161, .F. ) ;
#68 = CARTESIAN_POINT ( 'NONE',  ( 12.50000000000000888, -0.01615007702391286701, 2.000000000000000000 ) ) ;
#69 = CYLINDRICAL_SURFACE ( 'NONE', #663, 2.600000000000000089 ) ;
#70 = AXIS2_PLACEMENT_3D ( 'NONE', #751, #1177, #225 ) ;
#71 = ORIENTED_EDGE ( 'NONE', *, *, #298, .T. ) ;
#72 = CARTESIAN_POINT ( 'NONE',  ( -1.495252330888647633E-15, 5.999999999999991118, 9.000000000000001776 ) ) ;
#73 = DIRECTION ( 'NONE',  ( 0.000000000000000000, -0.000000000000000000, 1.000000000000000000 ) ) ;
#74 = CARTESIAN_POINT ( 'NONE',  ( -6.499999999999977796, 12.49999999999999112, 9.000000000000003553 ) ) ;
#75 = CYLINDRICAL_SURFACE ( 'NONE', #601, 6.500000000000000000 ) ;
#76 = AXIS2_PLACEMENT_3D ( 'NONE', #1300, #108, #884 ) ;
#77 = ADVANCED_FACE ( 'NONE', ( #1102 ), #978, .F. ) ;
#78 = DIRECTION ( 'NONE',  ( 1.000000000000000000, 2.478176394252582127E-16, 0.000000000000000000 ) ) ;
#79 = CARTESIAN_POINT ( 'NONE',  ( -13.20342904927378846, -3.098321090637958353, 30.73515467052040151 ) ) ;
#80 = CARTESIAN_POINT ( 'NONE',  ( -16.49999999999998579, -3.572482971872120050, 29.49999999999776534 ) ) ;
#81 = CARTESIAN_POINT ( 'NONE',  ( 1.000000000000014211, 5.999999999999987566, 40.50000000000000000 ) ) ;
#82 = PRODUCT_DEFINITION_CONTEXT ( 'detailed design', #1386, 'design' ) ;
#83 = VECTOR ( 'NONE', #1253, 1000.000000000000000 ) ;
#84 = LINE ( 'NONE', #315, #530 ) ;
#85 = EDGE_LOOP ( 'NONE', ( #477, #584, #386, #48 ) ) ;
#86 = CARTESIAN_POINT ( 'NONE',  ( 8.442902198253495527, -0.4504068735839369952, 38.05118349420827428 ) ) ;
#87 = CARTESIAN_POINT ( 'NONE',  ( -16.49999999999998579, -9.000000000000005329, -5.500000000000000000 ) ) ;
#88 = CARTESIAN_POINT ( 'NONE',  ( 6.195440985631463206E-16, 11.49999999999999289, 6.699999999999999289 ) ) ;
#89 = EDGE_CURVE ( 'NONE', #1189, #333, #1315, .T. ) ;
#90 = CARTESIAN_POINT ( 'NONE',  ( 13.50000000000001599, -4.156711908128496447, 28.00000000001379163 ) ) ;
#91 = CARTESIAN_POINT ( 'NONE',  ( 6.500000000000014211, 12.49999999999999112, 32.00000000000000000 ) ) ;
#92 = CARTESIAN_POINT ( 'NONE',  ( -6.549999999999989164, 6.429395695523590348E-16, 2.500000000000003997 ) ) ;
#93 = EDGE_LOOP ( 'NONE', ( #918, #276, #105, #19 ) ) ;
#94 = VECTOR ( 'NONE', #330, 1000.000000000000000 ) ;
#95 = CARTESIAN_POINT ( 'NONE',  ( 1.000000000000001998, 11.49999999999998934, 34.30000000000000426 ) ) ;
#96 = LINE ( 'NONE', #756, #809 ) ;
#97 = EDGE_CURVE ( 'NONE', #806, #597, #1091, .T. ) ;
#98 = EDGE_CURVE ( 'NONE', #458, #921, #427, .T. ) ;
#99 = AXIS2_PLACEMENT_3D ( 'NONE', #66, #828, #500 ) ;
#100 = CARTESIAN_POINT ( 'NONE',  ( -13.49999999999998401, 5.999999999999986677, 27.99999999999999645 ) ) ;
#101 = ORIENTED_EDGE ( 'NONE', *, *, #439, .T. ) ;
#102 = CARTESIAN_POINT ( 'NONE',  ( 13.50000000000001599, -4.156711908128496447, 28.00000000001379163 ) ) ;
#103 = DIRECTION ( 'NONE',  ( 2.335204679199548960E-16, -1.000000000000000000, -1.131341397376177832E-16 ) ) ;
#104 = FACE_OUTER_BOUND ( 'NONE', #1032, .T. ) ;
#105 = ORIENTED_EDGE ( 'NONE', *, *, #456, .T. ) ;
#106 = VERTEX_POINT ( 'NONE', #908 ) ;
#107 = PRESENTATION_STYLE_ASSIGNMENT (( #1391 ) ) ;
#108 = DIRECTION ( 'NONE',  ( 0.000000000000000000, 0.000000000000000000, -1.000000000000000000 ) ) ;
#109 = EDGE_CURVE ( 'NONE', #1104, #914, #856, .T. ) ;
#110 = EDGE_CURVE ( 'NONE', #986, #554, #995, .T. ) ;
#111 = ORIENTED_EDGE ( 'NONE', *, *, #575, .F. ) ;
#112 = ORIENTED_EDGE ( 'NONE', *, *, #1267, .T. ) ;
#113 = VECTOR ( 'NONE', #179, 1000.000000000000000 ) ;
#114 = ORIENTED_EDGE ( 'NONE', *, *, #747, .F. ) ;
#115 = FACE_OUTER_BOUND ( 'NONE', #1295, .T. ) ;
#116 = AXIS2_PLACEMENT_3D ( 'NONE', #716, #943, #924 ) ;
#117 = EDGE_CURVE ( 'NONE', #801, #356, #825, .T. ) ;
#118 = AXIS2_PLACEMENT_3D ( 'NONE', #612, #516, #296 ) ;
#119 = CARTESIAN_POINT ( 'NONE',  ( -0.9999999999999846789, 5.999999999999989342, 28.00000000000000000 ) ) ;
#120 = DIRECTION ( 'NONE',  ( -1.000000000000000000, -2.478176394252582127E-16, 0.000000000000000000 ) ) ;
#121 = ORIENTED_EDGE ( 'NONE', *, *, #540, .F. ) ;
#122 = AXIS2_PLACEMENT_3D ( 'NONE', #1323, #346, #22 ) ;
#123 = PRODUCT ( 'Link_3', 'Link_3', '', ( #592 ) ) ;
#124 = EDGE_LOOP ( 'NONE', ( #1200, #148, #1338, #15 ) ) ;
#125 = DIRECTION ( 'NONE',  ( 0.000000000000000000, -1.000000000000000000, 0.000000000000000000 ) ) ;
#126 = CARTESIAN_POINT ( 'NONE',  ( 6.500000000000012434, 5.999999999999990230, 32.00000000000000000 ) ) ;
#127 = ORIENTED_EDGE ( 'NONE', *, *, #314, .F. ) ;
#128 = VERTEX_POINT ( 'NONE', #460 ) ;
#129 = EDGE_LOOP ( 'NONE', ( #303, #1025, #1144, #1183 ) ) ;
#130 = CARTESIAN_POINT ( 'NONE',  ( -6.499999999999973355, 5.999999999999991118, -1.188439445983097927E-15 ) ) ;
#131 = CARTESIAN_POINT ( 'NONE',  ( -16.40162198502171265, -2.775745111603765025, 31.58056792142679114 ) ) ;
#132 = EDGE_CURVE ( 'NONE', #412, #157, #891, .T. ) ;
#133 = AXIS2_PLACEMENT_3D ( 'NONE', #1067, #335, #770 ) ;
#134 = CARTESIAN_POINT ( 'NONE',  ( 1.040834085586084257E-14, 13.99999999999999112, 29.50000000000000000 ) ) ;
#135 = CARTESIAN_POINT ( 'NONE',  ( -16.49999999999998934, 13.99999999999999112, 46.00000000000000000 ) ) ;
#136 = ORIENTED_EDGE ( 'NONE', *, *, #749, .T. ) ;
#137 = EDGE_LOOP ( 'NONE', ( #784, #694, #1329, #71 ) ) ;
#138 = EDGE_LOOP ( 'NONE', ( #1311, #1307 ) ) ;
#139 = CARTESIAN_POINT ( 'NONE',  ( 1.214306433183764966E-14, 1.504632769052528361E-30, 29.50000000000000000 ) ) ;
#140 = CARTESIAN_POINT ( 'NONE',  ( -13.49999999999998046, -13.58257569875775950, 5.918310687302863471 ) ) ;
#141 = AXIS2_PLACEMENT_3D ( 'NONE', #1014, #604, #289 ) ;
#142 = CARTESIAN_POINT ( 'NONE',  ( 16.10887436261912242, -2.207305254077235546, 33.10886383690465351 ) ) ;
#143 = EDGE_CURVE ( 'NONE', #1174, #444, #254, .T. ) ;
#144 = EDGE_CURVE ( 'NONE', #1290, #249, #172, .T. ) ;
#145 = CARTESIAN_POINT ( 'NONE',  ( 16.50000000000001421, -9.000000001148718454, 16.27042983942369858 ) ) ;
#146 = DIRECTION ( 'NONE',  ( -1.000000000000000000, 0.000000000000000000, -0.000000000000000000 ) ) ;
#147 = CARTESIAN_POINT ( 'NONE',  ( -0.9999999999999997780, 11.49999999999999289, 6.699999999999999289 ) ) ;
#148 = ORIENTED_EDGE ( 'NONE', *, *, #1095, .T. ) ;
#149 = CARTESIAN_POINT ( 'NONE',  ( 16.50000000000002132, -13.72426394999578747, 5.606207258855574693 ) ) ;
#150 = LINE ( 'NONE', #1218, #310 ) ;
#151 = FACE_BOUND ( 'NONE', #669, .T. ) ;
#152 = CARTESIAN_POINT ( 'NONE',  ( 14.84795746584283727, -12.72325958437173554, 7.819834689902977587 ) ) ;
#153 = ORIENTED_EDGE ( 'NONE', *, *, #351, .T. ) ;
#154 = DIRECTION ( 'NONE',  ( 2.478176394252582127E-16, -1.000000000000000000, -1.141265444721583757E-16 ) ) ;
#155 = ORIENTED_EDGE ( 'NONE', *, *, #162, .F. ) ;
#156 = CARTESIAN_POINT ( 'NONE',  ( -5.447186058271056730, 1.748823939620322898, 45.08487027917163914 ) ) ;
#157 = VERTEX_POINT ( 'NONE', #1004 ) ;
#158 = CARTESIAN_POINT ( 'NONE',  ( 4.428097850381861988, 1.845939386032298124, 45.43382542244498268 ) ) ;
#159 = ORIENTED_EDGE ( 'NONE', *, *, #594, .T. ) ;
#160 = DIRECTION ( 'NONE',  ( 0.000000000000000000, 0.000000000000000000, -1.000000000000000000 ) ) ;
#161 = EDGE_CURVE ( 'NONE', #597, #322, #901, .T. ) ;
#162 = EDGE_CURVE ( 'NONE', #1129, #986, #150, .T. ) ;
#163 = ORIENTED_EDGE ( 'NONE', *, *, #402, .T. ) ;
#164 = CARTESIAN_POINT ( 'NONE',  ( -13.84631817251733743, -13.43143005305008231, 6.251466589060751922 ) ) ;
#165 = ORIENTED_EDGE ( 'NONE', *, *, #132, .T. ) ;
#166 = DIRECTION ( 'NONE',  ( -2.665088406722595596E-32, 1.141265444721583757E-16, -1.000000000000000000 ) ) ;
#167 = DIRECTION ( 'NONE',  ( 2.335204679199548960E-16, -1.000000000000000000, -1.131341397376177832E-16 ) ) ;
#168 = ORIENTED_EDGE ( 'NONE', *, *, #1149, .T. ) ;
#169 = CARTESIAN_POINT ( 'NONE',  ( 6.500000000000022204, 12.49999999999999289, 9.000000000000003553 ) ) ;
#170 = VECTOR ( 'NONE', #1388, 1000.000000000000000 ) ;
#171 = CIRCLE ( 'NONE', #309, 1.000000000000001332 ) ;
#172 = CIRCLE ( 'NONE', #1198, 13.50000000000000000 ) ;
#173 = CARTESIAN_POINT ( 'NONE',  ( -0.9999999999999835687, 0.3618449996329871632, 40.50000000000642331 ) ) ;
#174 = ORIENTED_EDGE ( 'NONE', *, *, #1249, .F. ) ;
#175 = CARTESIAN_POINT ( 'NONE',  ( -0.9999999999999822364, 5.999999999999987566, 40.50000000000000000 ) ) ;
#176 = FACE_OUTER_BOUND ( 'NONE', #1353, .T. ) ;
#177 = VECTOR ( 'NONE', #1157, 1000.000000000000000 ) ;
#178 = ORIENTED_EDGE ( 'NONE', *, *, #1150, .F. ) ;
#179 = DIRECTION ( 'NONE',  ( -0.000000000000000000, -0.000000000000000000, -1.000000000000000000 ) ) ;
#180 = CARTESIAN_POINT ( 'NONE',  ( -13.42518262309136645, -3.541805354497820968, 29.57602135515212183 ) ) ;
#181 = ORIENTED_EDGE ( 'NONE', *, *, #885, .F. ) ;
#182 = CARTESIAN_POINT ( 'NONE',  ( 16.50000000000001066, 13.99999999999999112, -5.500000000000000000 ) ) ;
#183 = CARTESIAN_POINT ( 'NONE',  ( -13.49999999999998046, -13.58257569498588779, 5.918310695639306118 ) ) ;
#184 = ADVANCED_FACE ( 'NONE', ( #1010 ), #39, .F. ) ;
#185 = DIRECTION ( 'NONE',  ( 2.478176394252582127E-16, -1.000000000000000000, -1.141265444721583757E-16 ) ) ;
#186 = CARTESIAN_POINT ( 'NONE',  ( -7.780926265408121267, -0.2952486390853751863, 38.50903475964232570 ) ) ;
#187 = ORIENTED_EDGE ( 'NONE', *, *, #764, .T. ) ;
#188 = PLANE ( 'NONE',  #578 ) ;
#189 = DIRECTION ( 'NONE',  ( 2.335204679199548960E-16, -1.000000000000000000, -1.131341397376177832E-16 ) ) ;
#190 = B_SPLINE_CURVE_WITH_KNOTS ( 'NONE', 3,
 ( #605, #1159, #180, #79, #297, #408, #939, #840, #1360, #926, #945, #613, #1137, #1049, #1365, #186, #1263, #821, #396, #304, #284, #194, #1347, #709, #388, #173 ),
 .UNSPECIFIED., .F., .F.,
 ( 4, 2, 2, 2, 2, 2, 2, 2, 2, 2, 2, 2, 4 ),
 ( 4.710692624714596192E-16, 0.002521306066221380010, 0.003781959099331830190, 0.005042612132442272563, 0.007563918198663135625, 0.008824571231773577565, 0.01008522426488401777, 0.01260653033110489991, 0.01386718336421534012, 0.01512783639732578206, 0.01764914246354667288, 0.01890979549665711829, 0.02017044852976756023 ),
 .UNSPECIFIED. ) ;
#191 = EDGE_CURVE ( 'NONE', #278, #579, #1085, .T. ) ;
#192 = CIRCLE ( 'NONE', #141, 1.000000000000000444 ) ;
#193 = DIRECTION ( 'NONE',  ( 1.000000000000000000, 2.478176394252582127E-16, 0.000000000000000000 ) ) ;
#194 = CARTESIAN_POINT ( 'NONE',  ( -3.120802434519970969, 0.3056283041703888870, 40.32603780135416116 ) ) ;
#195 = CARTESIAN_POINT ( 'NONE',  ( 12.50000000000000888, -0.01615007702391286701, 2.000000000000000000 ) ) ;
#196 = DIRECTION ( 'NONE',  ( 1.239088197126291063E-16, -1.000000000000000000, 0.000000000000000000 ) ) ;
#197 = VECTOR ( 'NONE', #1340, 1000.000000000000000 ) ;
#198 = CARTESIAN_POINT ( 'NONE',  ( 16.50000000000001066, 13.99999999999999112, -5.500000000000000000 ) ) ;
#199 =( GEOMETRIC_REPRESENTATION_CONTEXT ( 3 ) GLOBAL_UNCERTAINTY_ASSIGNED_CONTEXT ( ( #1126 ) ) GLOBAL_UNIT_ASSIGNED_CONTEXT ( ( #557, #446, #324 ) ) REPRESENTATION_CONTEXT ( 'NONE', 'WORKASPACE' ) );
#200 = ORIENTED_EDGE ( 'NONE', *, *, #820, .T. ) ;
#201 = CARTESIAN_POINT ( 'NONE',  ( 9.703199256378693960, -0.8181880079241449222, 36.98168888540339339 ) ) ;
#202 = DIRECTION ( 'NONE',  ( 2.335204679199548960E-16, -1.000000000000000000, -1.131341397376177832E-16 ) ) ;
#203 = DIRECTION ( 'NONE',  ( -1.000000000000000000, -2.502023520930011921E-16, -2.094230375550030299E-33 ) ) ;
#204 = EDGE_CURVE ( 'NONE', #223, #1310, #190, .T. ) ;
#205 = ADVANCED_FACE ( 'NONE', ( #618 ), #1036, .F. ) ;
#206 = DIRECTION ( 'NONE',  ( -1.982541115402065110E-16, 1.000000000000000000, 0.000000000000000000 ) ) ;
#207 = DIRECTION ( 'NONE',  ( 0.000000000000000000, -0.000000000000000000, -1.000000000000000000 ) ) ;
#208 = EDGE_CURVE ( 'NONE', #54, #661, #932, .T. ) ;
#209 = DIRECTION ( 'NONE',  ( 2.502023520930011921E-16, -1.000000000000000000, -1.310583749058577098E-16 ) ) ;
#210 = ORIENTED_EDGE ( 'NONE', *, *, #534, .F. ) ;
#211 = AXIS2_PLACEMENT_3D ( 'NONE', #1092, #221, #1289 ) ;
#212 = CARTESIAN_POINT ( 'NONE',  ( 12.30945020459194872, -2.105367451244823940, 33.38337365877963236 ) ) ;
#213 = FACE_OUTER_BOUND ( 'NONE', #1019, .T. ) ;
#214 = CARTESIAN_POINT ( 'NONE',  ( -1.549999999999988942, 3.061616997868241269E-17, 9.853910524340097510 ) ) ;
#215 = ORIENTED_EDGE ( 'NONE', *, *, #961, .F. ) ;
#216 = MECHANICAL_DESIGN_GEOMETRIC_PRESENTATION_REPRESENTATION (  '', ( #1256 ), #199 ) ;
#217 = ORIENTED_EDGE ( 'NONE', *, *, #256, .T. ) ;
#218 = FILL_AREA_STYLE ('',( #11 ) ) ;
#219 = EDGE_CURVE ( 'NONE', #157, #404, #290, .T. ) ;
#220 = EDGE_CURVE ( 'NONE', #579, #278, #1273, .T. ) ;
#221 = DIRECTION ( 'NONE',  ( -1.000000000000000000, -2.477167736091407494E-16, -6.698276794159437052E-20 ) ) ;
#222 = VERTEX_POINT ( 'NONE', #403 ) ;
#223 = VERTEX_POINT ( 'NONE', #835 ) ;
#224 = ORIENTED_EDGE ( 'NONE', *, *, #708, .T. ) ;
#225 = DIRECTION ( 'NONE',  ( -1.000000000000000000, 0.000000000000000000, 0.000000000000000000 ) ) ;
#226 = B_SPLINE_CURVE_WITH_KNOTS ( 'NONE', 3,
 ( #688, #41, #1212, #142, #920, #1341, #599, #1005, #255, #681, #824, #567, #1107, #385, #1220, #263, #1316, #33, #582, #280, #158, #470, #814, #1237, #704, #1133 ),
 .UNSPECIFIED., .F., .F.,
 ( 4, 2, 2, 2, 2, 2, 2, 2, 2, 2, 2, 2, 4 ),
 ( 2.699122734697572686E-15, 0.003317349760724896523, 0.004976024641085994085, 0.006634699521447090347, 0.009952049282169285471, 0.01161072416253038260, 0.01326939904289147973, 0.01658674880361366011, 0.01824542368397474856, 0.01990409856433583702, 0.02322144832505802087, 0.02488012320541911973, 0.02653879808578021166 ),
 .UNSPECIFIED. ) ;
#227 = CARTESIAN_POINT ( 'NONE',  ( 13.50000000000001954, -13.58257569495831873, 2.500000000000003997 ) ) ;
#228 = FACE_OUTER_BOUND ( 'NONE', #137, .T. ) ;
#229 = ORIENTED_EDGE ( 'NONE', *, *, #191, .F. ) ;
#230 = EDGE_LOOP ( 'NONE', ( #655, #718, #288, #829 ) ) ;
#231 = LINE ( 'NONE', #970, #1230 ) ;
#232 = CIRCLE ( 'NONE', #5, 1.000000000000001332 ) ;
#233 = AXIS2_PLACEMENT_3D ( 'NONE', #437, #863, #977 ) ;
#234 = VECTOR ( 'NONE', #1153, 1000.000000000000000 ) ;
#235 = VECTOR ( 'NONE', #59, 1000.000000000000000 ) ;
#236 = LINE ( 'NONE', #350, #1375 ) ;
#237 = CARTESIAN_POINT ( 'NONE',  ( -5.249999999999989342, 6.429395695523590348E-16, 2.000000000000000000 ) ) ;
#238 = VERTEX_POINT ( 'NONE', #1257 ) ;
#239 = EDGE_CURVE ( 'NONE', #249, #265, #464, .T. ) ;
#240 = AXIS2_PLACEMENT_3D ( 'NONE', #1350, #269, #725 ) ;
#241 = B_SPLINE_SURFACE_WITH_KNOTS ( 'NONE', 2, 1, ( 
 ( #149, #364 ),
 ( #1003, #459 ),
 ( #1210, #1097 ) ),
 .UNSPECIFIED., .F., .F., .F.,
 ( 3, 3 ),
 ( 2, 2 ),
 ( 0.01140651651037876552, 1.000000000000000000 ),
 ( 0.000000000000000000, 1.000000000000000000 ),
 .UNSPECIFIED. ) ;
#242 = ORIENTED_EDGE ( 'NONE', *, *, #1366, .F. ) ;
#243 = AXIS2_PLACEMENT_3D ( 'NONE', #237, #448, #569 ) ;
#244 = ORIENTED_EDGE ( 'NONE', *, *, #162, .T. ) ;
#245 = LINE ( 'NONE', #130, #736 ) ;
#246 = CARTESIAN_POINT ( 'NONE',  ( -2.223729283809565693, 1.969720336174545894, 45.88676820265346379 ) ) ;
#247 = DIRECTION ( 'NONE',  ( 0.000000000000000000, -0.000000000000000000, 1.000000000000000000 ) ) ;
#248 = DIRECTION ( 'NONE',  ( 2.478176394252582127E-16, -1.000000000000000000, 0.000000000000000000 ) ) ;
#249 = VERTEX_POINT ( 'NONE', #68 ) ;
#250 = EDGE_CURVE ( 'NONE', #768, #1275, #1357, .T. ) ;
#251 = ORIENTED_EDGE ( 'NONE', *, *, #870, .T. ) ;
#252 = DIRECTION ( 'NONE',  ( 2.477167736091406015E-16, -1.000000000000000000, 2.045302689116235101E-12 ) ) ;
#253 = ADVANCED_FACE ( 'NONE', ( #1156 ), #514, .F. ) ;
#254 = LINE ( 'NONE', #679, #851 ) ;
#255 = CARTESIAN_POINT ( 'NONE',  ( 14.44619001122676138, -0.6218009905945408589, 37.54288107434236110 ) ) ;
#256 = EDGE_CURVE ( 'NONE', #822, #265, #778, .T. ) ;
#257 = LINE ( 'NONE', #42, #373 ) ;
#258 = FACE_BOUND ( 'NONE', #440, .T. ) ;
#259 = CARTESIAN_POINT ( 'NONE',  ( -2.051644111011029768E-15, 12.49999999999998934, 32.00000000000000000 ) ) ;
#260 = EDGE_LOOP ( 'NONE', ( #826, #875 ) ) ;
#261 = CARTESIAN_POINT ( 'NONE',  ( 1.000000000000014655, 3.499999999999988010, 40.50000000000000000 ) ) ;
#262 = CARTESIAN_POINT ( 'NONE',  ( -7.493966938803707123, 1.509747987584060258, 44.24138151357944082 ) ) ;
#263 = CARTESIAN_POINT ( 'NONE',  ( 8.936586390819034165, 1.256933585895824379, 43.38113156220897082 ) ) ;
#264 = DIRECTION ( 'NONE',  ( -1.239088197126291063E-16, 1.000000000000000000, 0.000000000000000000 ) ) ;
#265 = VERTEX_POINT ( 'NONE', #279 ) ;
#266 = CARTESIAN_POINT ( 'NONE',  ( -1.495252330888647830E-15, 5.999999999999992895, 7.725523094689366485E-16 ) ) ;
#267 = ORIENTED_EDGE ( 'NONE', *, *, #997, .F. ) ;
#268 = CARTESIAN_POINT ( 'NONE',  ( 4.750000000000011546, 0.000000000000000000, 2.000000000000000000 ) ) ;
#269 = DIRECTION ( 'NONE',  ( 0.000000000000000000, 0.000000000000000000, -1.000000000000000000 ) ) ;
#270 = EDGE_CURVE ( 'NONE', #518, #768, #398, .T. ) ;
#271 = EDGE_CURVE ( 'NONE', #285, #1103, #830, .T. ) ;
#272 = ORIENTED_EDGE ( 'NONE', *, *, #204, .T. ) ;
#273 = DIRECTION ( 'NONE',  ( -1.000000000000000000, 1.734723475976807094E-15, 0.000000000000000000 ) ) ;
#274 =( NAMED_UNIT ( * ) SI_UNIT ( $, .STERADIAN. ) SOLID_ANGLE_UNIT ( ) );
#275 = PRODUCT_RELATED_PRODUCT_CATEGORY ( 'part', '', ( #123 ) ) ;
#276 = ORIENTED_EDGE ( 'NONE', *, *, #540, .T. ) ;
#277 = CARTESIAN_POINT ( 'NONE',  ( -16.49999999999996803, -3.168760941013827104, 30.54502738923274663 ) ) ;
#278 = VERTEX_POINT ( 'NONE', #294 ) ;
#279 = CARTESIAN_POINT ( 'NONE',  ( 12.50000000000000888, -0.01615007702391286701, -5.500000000000000000 ) ) ;
#280 = CARTESIAN_POINT ( 'NONE',  ( 5.480224902979749402, 1.754557590476981010, 45.10226911995020060 ) ) ;
#281 = AXIS2_PLACEMENT_3D ( 'NONE', #730, #49, #919 ) ;
#282 = ORIENTED_EDGE ( 'NONE', *, *, #89, .F. ) ;
#283 = DIRECTION ( 'NONE',  ( 1.000000000000000000, 2.502023520930011921E-16, 0.000000000000000000 ) ) ;
#284 = CARTESIAN_POINT ( 'NONE',  ( -4.363714773934217916, 0.2220528675968570231, 40.06861492905650124 ) ) ;
#285 = VERTEX_POINT ( 'NONE', #384 ) ;
#286 = DIRECTION ( 'NONE',  ( 2.478176394252582127E-16, -1.000000000000000000, -1.141265444721583757E-16 ) ) ;
#287 = LINE ( 'NONE', #462, #552 ) ;
#288 = ORIENTED_EDGE ( 'NONE', *, *, #680, .T. ) ;
#289 = DIRECTION ( 'NONE',  ( 1.000000000000000000, 0.000000000000000000, 0.000000000000000000 ) ) ;
#290 = CIRCLE ( 'NONE', #488, 1.000000000000001332 ) ;
#291 = EDGE_CURVE ( 'NONE', #661, #1041, #390, .T. ) ;
#292 = CARTESIAN_POINT ( 'NONE',  ( 1.982541115402066490E-15, 5.999999999999988454, 34.30000000000000426 ) ) ;
#293 = ORIENTED_EDGE ( 'NONE', *, *, #997, .T. ) ;
#294 = CARTESIAN_POINT ( 'NONE',  ( 1.050000000000010925, 1.898202538678383161E-16, 2.500000000000003997 ) ) ;
#295 = DIRECTION ( 'NONE',  ( -0.000000000000000000, -0.000000000000000000, -1.000000000000000000 ) ) ;
#296 = DIRECTION ( 'NONE',  ( -1.000000000000000000, 0.000000000000000000, 0.000000000000000000 ) ) ;
#297 = CARTESIAN_POINT ( 'NONE',  ( -13.11113363813725563, -2.952465551545800704, 31.11899718614350618 ) ) ;
#298 = EDGE_CURVE ( 'NONE', #921, #458, #1053, .T. ) ;
#299 = ORIENTED_EDGE ( 'NONE', *, *, #456, .F. ) ;
#300 = DIRECTION ( 'NONE',  ( -3.394024192128535962E-16, -1.131341397376178572E-16, 1.000000000000000000 ) ) ;
#301 = DIRECTION ( 'NONE',  ( 2.478176394252581634E-16, -1.000000000000000000, -1.141265444721583757E-16 ) ) ;
#302 = DIRECTION ( 'NONE',  ( 1.000000000000000000, 0.000000000000000000, 0.000000000000000000 ) ) ;
#303 = ORIENTED_EDGE ( 'NONE', *, *, #1352, .F. ) ;
#304 = CARTESIAN_POINT ( 'NONE',  ( -5.161629139320995208, 0.1399157499954350736, 39.81649906766702429 ) ) ;
#305 = DIRECTION ( 'NONE',  ( 1.000000000000000000, 2.478176394252582127E-16, 0.000000000000000000 ) ) ;
#306 = CARTESIAN_POINT ( 'NONE',  ( -16.49999999999998934, 13.99999999999999112, 29.50000000000000000 ) ) ;
#307 = DIRECTION ( 'NONE',  ( 1.000000000000000000, 2.668805347656626185E-16, 0.000000000000000000 ) ) ;
#308 = AXIS2_PLACEMENT_3D ( 'NONE', #577, #1008, #37 ) ;
#309 = AXIS2_PLACEMENT_3D ( 'NONE', #746, #1373, #400 ) ;
#310 = VECTOR ( 'NONE', #1114, 1000.000000000000000 ) ;
#311 = DIRECTION ( 'NONE',  ( 1.000000000000000000, 2.335204679199547974E-16, 0.000000000000000000 ) ) ;
#312 = CARTESIAN_POINT ( 'NONE',  ( -3.047680392547163807E-15, 12.49999999999999289, 1.423108389331086637E-15 ) ) ;
#313 = VECTOR ( 'NONE', #478, 1000.000000000000000 ) ;
#314 = EDGE_CURVE ( 'NONE', #818, #404, #719, .T. ) ;
#315 = CARTESIAN_POINT ( 'NONE',  ( -6.499999999999977796, 12.49999999999999112, 9.000000000000003553 ) ) ;
#316 = EDGE_CURVE ( 'NONE', #498, #285, #383, .T. ) ;
#317 = ORIENTED_EDGE ( 'NONE', *, *, #452, .T. ) ;
#318 = DIRECTION ( 'NONE',  ( 2.335204679199547974E-16, -1.000000000000000000, -1.131341397376177832E-16 ) ) ;
#319 = CARTESIAN_POINT ( 'NONE',  ( 6.500000000000014211, 12.49999999999999112, 32.00000000000000000 ) ) ;
#320 = DIRECTION ( 'NONE',  ( 1.000000000000000000, 2.775557561562891351E-16, 0.000000000000000000 ) ) ;
#321 = AXIS2_PLACEMENT_3D ( 'NONE', #1264, #286, #305 ) ;
#322 = VERTEX_POINT ( 'NONE', #182 ) ;
#323 = CARTESIAN_POINT ( 'NONE',  ( 5.535230324938999580, 0.08681108707216668441, 39.65575827121376307 ) ) ;
#324 =( NAMED_UNIT ( * ) SI_UNIT ( $, .STERADIAN. ) SOLID_ANGLE_UNIT ( ) );
#325 = LINE ( 'NONE', #447, #621 ) ;
#326 = VECTOR ( 'NONE', #1069, 1000.000000000000000 ) ;
#327 = ORIENTED_EDGE ( 'NONE', *, *, #393, .T. ) ;
#328 = ADVANCED_FACE ( 'NONE', ( #711 ), #188, .F. ) ;
#329 = CARTESIAN_POINT ( 'NONE',  ( 13.12734125604559132, -2.946874176104506304, 31.13103961774207562 ) ) ;
#330 = DIRECTION ( 'NONE',  ( -0.000000000000000000, -0.000000000000000000, -1.000000000000000000 ) ) ;
#331 = VECTOR ( 'NONE', #509, 1000.000000000000000 ) ;
#332 = ORIENTED_EDGE ( 'NONE', *, *, #474, .T. ) ;
#333 = VERTEX_POINT ( 'NONE', #615 ) ;
#334 = ORIENTED_EDGE ( 'NONE', *, *, #239, .T. ) ;
#335 = DIRECTION ( 'NONE',  ( 2.335204679199548960E-16, -1.000000000000000000, -1.131341397376177832E-16 ) ) ;
#336 = PLANE ( 'NONE',  #211 ) ;
#337 = FACE_BOUND ( 'NONE', #138, .T. ) ;
#338 = ORIENTED_EDGE ( 'NONE', *, *, #316, .T. ) ;
#339 = ORIENTED_EDGE ( 'NONE', *, *, #1149, .F. ) ;
#340 = FACE_BOUND ( 'NONE', #797, .T. ) ;
#341 = CARTESIAN_POINT ( 'NONE',  ( -0.9999999999999904521, -0.01615007702391452193, -5.500000000000000000 ) ) ;
#342 = EDGE_CURVE ( 'NONE', #1310, #380, #1044, .T. ) ;
#343 = EDGE_LOOP ( 'NONE', ( #127, #570, #165, #181 ) ) ;
#344 = EDGE_LOOP ( 'NONE', ( #1110, #229 ) ) ;
#345 = ORIENTED_EDGE ( 'NONE', *, *, #644, .F. ) ;
#346 = DIRECTION ( 'NONE',  ( 0.000000000000000000, -0.000000000000000000, 1.000000000000000000 ) ) ;
#347 = CARTESIAN_POINT ( 'NONE',  ( -12.22848022796647172, 0.3917025736101571454, 40.59076965051117725 ) ) ;
#348 = VECTOR ( 'NONE', #1058, 1000.000000000000000 ) ;
#349 = AXIS2_PLACEMENT_3D ( 'NONE', #1377, #1254, #1362 ) ;
#350 = CARTESIAN_POINT ( 'NONE',  ( -1.495252330888646450E-15, 5.999999999999987566, 40.50000000000000000 ) ) ;
#351 = EDGE_CURVE ( 'NONE', #728, #696, #837, .T. ) ;
#352 = EDGE_CURVE ( 'NONE', #1120, #561, #757, .T. ) ;
#353 = DIRECTION ( 'NONE',  ( -1.000000000000000000, 0.000000000000000000, 0.000000000000000000 ) ) ;
#354 = ORIENTED_EDGE ( 'NONE', *, *, #97, .F. ) ;
#355 = CIRCLE ( 'NONE', #666, 16.50000000000000000 ) ;
#356 = VERTEX_POINT ( 'NONE', #80 ) ;
#357 = CARTESIAN_POINT ( 'NONE',  ( -16.49999999999998579, -9.000000000000005329, -5.500000000000000000 ) ) ;
#358 = CARTESIAN_POINT ( 'NONE',  ( -9.809881293897442234, 1.075892856899730576, 42.77846426567780469 ) ) ;
#359 = DIRECTION ( 'NONE',  ( -0.000000000000000000, 1.000000000000000000, -0.000000000000000000 ) ) ;
#360 = CARTESIAN_POINT ( 'NONE',  ( 16.45405939984128452, -9.790039880858889987, 14.44286420836970919 ) ) ;
#361 = CARTESIAN_POINT ( 'NONE',  ( -0.9999999999999904521, -0.01615007702391452193, 2.000000000000000000 ) ) ;
#362 = CYLINDRICAL_SURFACE ( 'NONE', #308, 1.000000000000000444 ) ;
#363 = ORIENTED_EDGE ( 'NONE', *, *, #658, .T. ) ;
#364 = CARTESIAN_POINT ( 'NONE',  ( -16.50000000000000711, -13.72426394999579635, 5.606207258855574693 ) ) ;
#365 = CARTESIAN_POINT ( 'NONE',  ( 16.50000000000001066, 13.99999999999999112, 46.00000000000000000 ) ) ;
#366 = AXIS2_PLACEMENT_3D ( 'NONE', #662, #125, #207 ) ;
#367 = CARTESIAN_POINT ( 'NONE',  ( 1.000000000000001110, 11.49999999999999289, 6.699999999999999289 ) ) ;
#368 = CARTESIAN_POINT ( 'NONE',  ( 14.13116310163223943, -13.26272038253083885, 6.624069153763489481 ) ) ;
#369 = ORIENTED_EDGE ( 'NONE', *, *, #1039, .T. ) ;
#370 = DIRECTION ( 'NONE',  ( 1.000000000000000000, 0.000000000000000000, 0.000000000000000000 ) ) ;
#371 = ORIENTED_EDGE ( 'NONE', *, *, #657, .T. ) ;
#372 = CARTESIAN_POINT ( 'NONE',  ( -15.41573547266503397, -12.15447111923619339, 9.086484197816428576 ) ) ;
#373 = VECTOR ( 'NONE', #574, 1000.000000000000000 ) ;
#374 = EDGE_CURVE ( 'NONE', #1002, #921, #823, .T. ) ;
#375 = ADVANCED_FACE ( 'NONE', ( #841 ), #485, .T. ) ;
#376 = ORIENTED_EDGE ( 'NONE', *, *, #834, .T. ) ;
#377 = FACE_BOUND ( 'NONE', #344, .T. ) ;
#378 = ORIENTED_EDGE ( 'NONE', *, *, #98, .T. ) ;
#379 = CARTESIAN_POINT ( 'NONE',  ( -0.9999999999999835687, 0.3618449996329871632, 40.50000000000642331 ) ) ;
#380 = VERTEX_POINT ( 'NONE', #175 ) ;
#381 = VECTOR ( 'NONE', #301, 1000.000000000000000 ) ;
#382 = CARTESIAN_POINT ( 'NONE',  ( -11.47808008948771530, 0.6387588621157617164, 41.36568909022027185 ) ) ;
#383 = CIRCLE ( 'NONE', #1343, 5.000000000000002665 ) ;
#384 = CARTESIAN_POINT ( 'NONE',  ( 11.50000000000001776, -14.00000000000000533, -5.500000000000000000 ) ) ;
#385 = CARTESIAN_POINT ( 'NONE',  ( 11.11003056320729421, 0.7604571563932103206, 41.74719343570057362 ) ) ;
#386 = ORIENTED_EDGE ( 'NONE', *, *, #1121, .T. ) ;
#387 = PLANE ( 'NONE',  #913 ) ;
#388 = CARTESIAN_POINT ( 'NONE',  ( -1.426915471156079862, 0.3618449996002998659, 40.50000000000649436 ) ) ;
#389 = ORIENTED_EDGE ( 'NONE', *, *, #896, .T. ) ;
#390 = LINE ( 'NONE', #1037, #758 ) ;
#391 = LINE ( 'NONE', #893, #780 ) ;
#392 = CIRCLE ( 'NONE', #133, 6.500000000000000000 ) ;
#393 = EDGE_CURVE ( 'NONE', #1103, #590, #676, .T. ) ;
#394 = ORIENTED_EDGE ( 'NONE', *, *, #859, .F. ) ;
#395 = DIRECTION ( 'NONE',  ( 2.478176394252582127E-16, -1.000000000000000000, -1.141265444721583757E-16 ) ) ;
#396 = CARTESIAN_POINT ( 'NONE',  ( -6.313913172387301209, -0.02344751108112666516, 39.32197105736481291 ) ) ;
#397 = ORIENTED_EDGE ( 'NONE', *, *, #208, .T. ) ;
#398 = LINE ( 'NONE', #813, #808 ) ;
#399 = LINE ( 'NONE', #87, #1166 ) ;
#400 = DIRECTION ( 'NONE',  ( 1.000000000000000000, 0.000000000000000000, 0.000000000000000000 ) ) ;
#401 = ADVANCED_FACE ( 'NONE', ( #750 ), #969, .T. ) ;
#402 = EDGE_CURVE ( 'NONE', #597, #561, #1176, .T. ) ;
#403 = CARTESIAN_POINT ( 'NONE',  ( 1.000000000000014655, 0.3618449996329876628, 40.50000000000642331 ) ) ;
#404 = VERTEX_POINT ( 'NONE', #1276 ) ;
#405 = DIRECTION ( 'NONE',  ( 0.000000000000000000, 1.000000000000000000, 1.141265444721583757E-16 ) ) ;
#406 = DIRECTION ( 'NONE',  ( 1.000000000000000000, 2.335204679199547974E-16, 0.000000000000000000 ) ) ;
#407 = CARTESIAN_POINT ( 'NONE',  ( 1.982541115402066490E-15, 5.999999999999992006, 6.699999999999998401 ) ) ;
#408 = CARTESIAN_POINT ( 'NONE',  ( -12.88873403181351662, -2.664786978163748099, 31.88145650095498240 ) ) ;
#409 = CARTESIAN_POINT ( 'NONE',  ( 16.50000000000001421, -5.914605801783433314, 23.43745617248785962 ) ) ;
#410 = CARTESIAN_POINT ( 'NONE',  ( 1.040834085586084257E-14, 13.99999999999999112, 46.00000000000000000 ) ) ;
#411 = CYLINDRICAL_SURFACE ( 'NONE', #917, 16.50000000000000000 ) ;
#412 = VERTEX_POINT ( 'NONE', #95 ) ;
#413 = CARTESIAN_POINT ( 'NONE',  ( 9.404382816384886823, -0.7210562298043329266, 37.26210788298136123 ) ) ;
#414 = CARTESIAN_POINT ( 'NONE',  ( 13.50000000000001954, -13.58257569495584249, 2.500000000000003997 ) ) ;
#415 = EDGE_CURVE ( 'NONE', #222, #723, #47, .T. ) ;
#416 = ADVANCED_FACE ( 'NONE', ( #642 ), #430, .F. ) ;
#417 = LINE ( 'NONE', #1042, #848 ) ;
#418 = VECTOR ( 'NONE', #160, 1000.000000000000000 ) ;
#419 = B_SPLINE_CURVE_WITH_KNOTS ( 'NONE', 2,
 ( #102, #1376, #650 ),
 .UNSPECIFIED., .F., .F.,
 ( 3, 3 ),
 ( 0.5028168256572775885, 0.5037188799324686661 ),
 .UNSPECIFIED. ) ;
#420 = CIRCLE ( 'NONE', #1193, 2.600000000000000089 ) ;
#421 = ORIENTED_EDGE ( 'NONE', *, *, #1321, .T. ) ;
#422 = AXIS2_PLACEMENT_3D ( 'NONE', #312, #947, #406 ) ;
#423 = VECTOR ( 'NONE', #1211, 1000.000000000000000 ) ;
#424 = CARTESIAN_POINT ( 'NONE',  ( 3.923401526501927084, 0.2519157837938789113, 40.16058727681187435 ) ) ;
#425 = CARTESIAN_POINT ( 'NONE',  ( -5.249999999999989342, 6.429395695523590348E-16, 2.500000000000003997 ) ) ;
#426 = CIRCLE ( 'NONE', #1382, 1.300000000000000044 ) ;
#427 = CIRCLE ( 'NONE', #62, 2.600000000000000089 ) ;
#428 = LINE ( 'NONE', #72, #528 ) ;
#429 = ORIENTED_EDGE ( 'NONE', *, *, #433, .F. ) ;
#430 = PLANE ( 'NONE',  #1101 ) ;
#431 = CARTESIAN_POINT ( 'NONE',  ( -1.495252330888647830E-15, 5.999999999999992895, 2.500000000000004441 ) ) ;
#432 = DIRECTION ( 'NONE',  ( 0.000000000000000000, 0.000000000000000000, -1.000000000000000000 ) ) ;
#433 = EDGE_CURVE ( 'NONE', #930, #444, #525, .T. ) ;
#434 = ORIENTED_EDGE ( 'NONE', *, *, #56, .F. ) ;
#435 = CARTESIAN_POINT ( 'NONE',  ( 11.04469144186341012, -1.357045197555365679, 35.45116871881382536 ) ) ;
#436 = DIRECTION ( 'NONE',  ( 1.000000000000000000, 2.335204679199547974E-16, 0.000000000000000000 ) ) ;
#437 = CARTESIAN_POINT ( 'NONE',  ( -2.401924812890963912E-15, 13.99999999999999822, 25.50000000000000355 ) ) ;
#438 = VECTOR ( 'NONE', #989, 1000.000000000000000 ) ;
#439 = EDGE_CURVE ( 'NONE', #590, #1189, #954, .T. ) ;
#440 = EDGE_LOOP ( 'NONE', ( #2, #434 ) ) ;
#441 = ORIENTED_EDGE ( 'NONE', *, *, #256, .F. ) ;
#442 = CARTESIAN_POINT ( 'NONE',  ( -3.949999999999989075, 8.021436534415149443E-16, 2.500000000000003997 ) ) ;
#443 = AXIS2_PLACEMENT_3D ( 'NONE', #1367, #494, #1161 ) ;
#444 = VERTEX_POINT ( 'NONE', #1283 ) ;
#445 = ORIENTED_EDGE ( 'NONE', *, *, #1061, .F. ) ;
#446 =( NAMED_UNIT ( * ) PLANE_ANGLE_UNIT ( ) SI_UNIT ( $, .RADIAN. ) );
#447 = CARTESIAN_POINT ( 'NONE',  ( -13.49999999999998401, 0.3618449996329841101, 40.50000000000642331 ) ) ;
#448 = DIRECTION ( 'NONE',  ( 0.000000000000000000, 0.000000000000000000, -1.000000000000000000 ) ) ;
#449 = ORIENTED_EDGE ( 'NONE', *, *, #872, .F. ) ;
#450 = ORIENTED_EDGE ( 'NONE', *, *, #1015, .T. ) ;
#451 = VERTEX_POINT ( 'NONE', #861 ) ;
#452 = EDGE_CURVE ( 'NONE', #723, #451, #419, .T. ) ;
#453 = LINE ( 'NONE', #1186, #94 ) ;
#454 = ORIENTED_EDGE ( 'NONE', *, *, #143, .T. ) ;
#455 = ORIENTED_EDGE ( 'NONE', *, *, #944, .T. ) ;
#456 = EDGE_CURVE ( 'NONE', #106, #518, #392, .T. ) ;
#457 = ORIENTED_EDGE ( 'NONE', *, *, #239, .F. ) ;
#458 = VERTEX_POINT ( 'NONE', #1179 ) ;
#459 = CARTESIAN_POINT ( 'NONE',  ( -16.50000000000001066, -1.821970552803946708, 31.80668158741080376 ) ) ;
#460 = CARTESIAN_POINT ( 'NONE',  ( -6.500000000000002665, 13.99999999999999645, 25.50000000000000355 ) ) ;
#461 = CIRCLE ( 'NONE', #1251, 1.000000000000001332 ) ;
#462 = CARTESIAN_POINT ( 'NONE',  ( 11.50000000000001776, -14.00000000000000533, 46.00000000000000000 ) ) ;
#463 = CARTESIAN_POINT ( 'NONE',  ( 15.41488797095159669, -12.15587969950265546, 9.083324956251720650 ) ) ;
#464 = LINE ( 'NONE', #195, #664 ) ;
#465 = FACE_OUTER_BOUND ( 'NONE', #343, .T. ) ;
#466 = EDGE_LOOP ( 'NONE', ( #332, #1155, #389, #450, #769, #454 ) ) ;
#467 = DIRECTION ( 'NONE',  ( -0.000000000000000000, 0.000000000000000000, -1.000000000000000000 ) ) ;
#468 = DIRECTION ( 'NONE',  ( 0.000000000000000000, 0.000000000000000000, -1.000000000000000000 ) ) ;
#469 = COLOUR_RGB ( '',0.7921568627450980005, 0.8196078431372548767, 0.9333333333333333481 ) ;
#470 = CARTESIAN_POINT ( 'NONE',  ( 2.789060252845298571, 1.938404662849460447, 45.77213426989147393 ) ) ;
#471 = DIRECTION ( 'NONE',  ( 1.000000000000000000, 1.239088197126291063E-16, -0.000000000000000000 ) ) ;
#472 = DIRECTION ( 'NONE',  ( -0.000000000000000000, -0.000000000000000000, -1.000000000000000000 ) ) ;
#473 = DIRECTION ( 'NONE',  ( 2.335204679199548960E-16, -1.000000000000000000, -1.131341397376177832E-16 ) ) ;
#474 = EDGE_CURVE ( 'NONE', #444, #986, #1303, .T. ) ;
#475 = ORIENTED_EDGE ( 'NONE', *, *, #896, .F. ) ;
#476 = DIRECTION ( 'NONE',  ( -1.000000000000000000, 0.000000000000000000, 0.000000000000000000 ) ) ;
#477 = ORIENTED_EDGE ( 'NONE', *, *, #1095, .F. ) ;
#478 = DIRECTION ( 'NONE',  ( 2.335204679199548960E-16, -1.000000000000000000, -1.131341397376177832E-16 ) ) ;
#479 = ORIENTED_EDGE ( 'NONE', *, *, #859, .T. ) ;
#480 = DIRECTION ( 'NONE',  ( -0.000000000000000000, -0.000000000000000000, -1.000000000000000000 ) ) ;
#481 = ORIENTED_EDGE ( 'NONE', *, *, #132, .F. ) ;
#482 = CARTESIAN_POINT ( 'NONE',  ( -14.44317020576226263, -0.6193633901190217506, 37.54980868760591051 ) ) ;
#483 =( GEOMETRIC_REPRESENTATION_CONTEXT ( 3 ) GLOBAL_UNCERTAINTY_ASSIGNED_CONTEXT ( ( #1222 ) ) GLOBAL_UNIT_ASSIGNED_CONTEXT ( ( #1023, #1241, #274 ) ) REPRESENTATION_CONTEXT ( 'NONE', 'WORKASPACE' ) );
#484 = VERTEX_POINT ( 'NONE', #982 ) ;
#485 = PLANE ( 'NONE',  #321 ) ;
#486 = DIRECTION ( 'NONE',  ( -1.000000000000000000, -1.239088197126291063E-16, 0.000000000000000000 ) ) ;
#487 = AXIS2_PLACEMENT_3D ( 'NONE', #833, #1255, #320 ) ;
#488 = AXIS2_PLACEMENT_3D ( 'NONE', #292, #717, #1148 ) ;
#489 = ORIENTED_EDGE ( 'NONE', *, *, #117, .F. ) ;
#490 = CARTESIAN_POINT ( 'NONE',  ( -3.949999999999989075, 8.021436534415149443E-16, 9.853910524340097510 ) ) ;
#491 = DIRECTION ( 'NONE',  ( 0.000000000000000000, 2.045308367115694233E-12, 1.000000000000000000 ) ) ;
#492 = AXIS2_PLACEMENT_3D ( 'NONE', #701, #595, #468 ) ;
#493 = ORIENTED_EDGE ( 'NONE', *, *, #204, .F. ) ;
#494 = DIRECTION ( 'NONE',  ( 0.000000000000000000, 0.000000000000000000, -1.000000000000000000 ) ) ;
#495 = CARTESIAN_POINT ( 'NONE',  ( 1.050000000000010925, 1.898202538678383161E-16, 2.000000000000000000 ) ) ;
#496 = MANIFOLD_SOLID_BREP ( 'Cut-Extrude9', #1383 ) ;
#497 = ADVANCED_FACE ( 'NONE', ( #1385 ), #1284, .T. ) ;
#498 = VERTEX_POINT ( 'NONE', #882 ) ;
#499 = CARTESIAN_POINT ( 'NONE',  ( -6.499999999999976019, 5.999999999999989342, 9.000000000000001776 ) ) ;
#500 = DIRECTION ( 'NONE',  ( 1.000000000000000000, 0.000000000000000000, 0.000000000000000000 ) ) ;
#501 = CARTESIAN_POINT ( 'NONE',  ( -5.249999999999989342, 6.429395695523590348E-16, 9.853910524340097510 ) ) ;
#502 = CARTESIAN_POINT ( 'NONE',  ( -6.499999999999977796, 12.49999999999999112, 9.000000000000003553 ) ) ;
#503 = EDGE_CURVE ( 'NONE', #864, #458, #231, .T. ) ;
#504 = EDGE_CURVE ( 'NONE', #54, #106, #96, .T. ) ;
#505 = CARTESIAN_POINT ( 'NONE',  ( 11.50000000000001599, -9.000000000000003553, -5.500000000000000000 ) ) ;
#506 = APPLICATION_PROTOCOL_DEFINITION ( 'draft international standard', 'automotive_design', 1998, #1386 ) ;
#507 = DIRECTION ( 'NONE',  ( -1.000000000000000000, 0.000000000000000000, 0.000000000000000000 ) ) ;
#508 = ORIENTED_EDGE ( 'NONE', *, *, #555, .F. ) ;
#509 = DIRECTION ( 'NONE',  ( -2.477167736091406015E-16, 1.000000000000000000, -2.045302689116235101E-12 ) ) ;
#510 = CARTESIAN_POINT ( 'NONE',  ( -2.401924812890963912E-15, 13.99999999999999822, 25.50000000000000355 ) ) ;
#511 = AXIS2_PLACEMENT_3D ( 'NONE', #1326, #903, #999 ) ;
#512 = LINE ( 'NONE', #624, #1337 ) ;
#513 = CARTESIAN_POINT ( 'NONE',  ( -0.2499999999999889533, 3.061616997868241269E-17, 2.500000000000003997 ) ) ;
#514 = CYLINDRICAL_SURFACE ( 'NONE', #602, 1.300000000000000044 ) ;
#515 = CARTESIAN_POINT ( 'NONE',  ( 4.750000000000011546, 0.000000000000000000, 9.853910524340097510 ) ) ;
#516 = DIRECTION ( 'NONE',  ( -0.000000000000000000, -0.000000000000000000, -1.000000000000000000 ) ) ;
#517 = ADVANCED_FACE ( 'NONE', ( #115 ), #744, .T. ) ;
#518 = VERTEX_POINT ( 'NONE', #1297 ) ;
#519 = ADVANCED_FACE ( 'NONE', ( #340, #213 ), #1288, .F. ) ;
#520 = CARTESIAN_POINT ( 'NONE',  ( 1.000000000000014655, 0.3618449996329876628, 40.50000000000642331 ) ) ;
#521 = LINE ( 'NONE', #1141, #177 ) ;
#522 = ADVANCED_FACE ( 'NONE', ( #1292 ), #1072, .F. ) ;
#523 = DIRECTION ( 'NONE',  ( 2.478176394252582127E-16, -1.000000000000000000, -1.141265444721583757E-16 ) ) ;
#524 = ORIENTED_EDGE ( 'NONE', *, *, #1249, .T. ) ;
#525 = LINE ( 'NONE', #1071, #1240 ) ;
#526 = CARTESIAN_POINT ( 'NONE',  ( -1.000000000000000666, 11.49999999999998934, 34.30000000000000426 ) ) ;
#527 = LINE ( 'NONE', #1047, #234 ) ;
#528 = VECTOR ( 'NONE', #203, 1000.000000000000000 ) ;
#529 = EDGE_LOOP ( 'NONE', ( #782, #4, #63, #588, #979 ) ) ;
#530 = VECTOR ( 'NONE', #942, 1000.000000000000000 ) ;
#531 = AXIS2_PLACEMENT_3D ( 'NONE', #1242, #729, #491 ) ;
#532 = CARTESIAN_POINT ( 'NONE',  ( -16.49999999999998579, -9.000000000000005329, 46.00000000000000000 ) ) ;
#533 = CARTESIAN_POINT ( 'NONE',  ( -6.549999999999989164, 6.429395695523590348E-16, 2.000000000000000000 ) ) ;
#534 = EDGE_CURVE ( 'NONE', #930, #20, #1040, .T. ) ;
#535 = CARTESIAN_POINT ( 'NONE',  ( -11.49999999999998579, -14.00000000000000533, -5.500000000000000000 ) ) ;
#536 = VERTEX_POINT ( 'NONE', #533 ) ;
#537 = CARTESIAN_POINT ( 'NONE',  ( 1.852767488414841068, 0.3618449996329879959, 40.50000000000641620 ) ) ;
#538 = CARTESIAN_POINT ( 'NONE',  ( -0.9999999999999997780, 11.49999999999999289, 6.699999999999999289 ) ) ;
#539 = CIRCLE ( 'NONE', #122, 2.600000000000000089 ) ;
#540 = EDGE_CURVE ( 'NONE', #128, #106, #763, .T. ) ;
#541 = LINE ( 'NONE', #759, #774 ) ;
#542 = AXIS2_PLACEMENT_3D ( 'NONE', #1172, #965, #878 ) ;
#543 = ORIENTED_EDGE ( 'NONE', *, *, #316, .F. ) ;
#544 = ORIENTED_EDGE ( 'NONE', *, *, #503, .T. ) ;
#545 = PLANE ( 'NONE',  #1221 ) ;
#546 = AXIS2_PLACEMENT_3D ( 'NONE', #34, #247, #273 ) ;
#547 = CARTESIAN_POINT ( 'NONE',  ( 16.50000000000001066, 13.99999999999999112, 46.00000000000000000 ) ) ;
#548 = VERTEX_POINT ( 'NONE', #538 ) ;
#549 = VERTEX_POINT ( 'NONE', #1113 ) ;
#550 = CARTESIAN_POINT ( 'NONE',  ( -3.047680392547163807E-15, 12.49999999999999289, 1.423108389331086637E-15 ) ) ;
#551 = FACE_OUTER_BOUND ( 'NONE', #674, .T. ) ;
#552 = VECTOR ( 'NONE', #712, 1000.000000000000000 ) ;
#553 = CARTESIAN_POINT ( 'NONE',  ( -16.45402348518265256, -9.789104652869584200, 14.44503739821141330 ) ) ;
#554 = VERTEX_POINT ( 'NONE', #31 ) ;
#555 = EDGE_CURVE ( 'NONE', #1002, #864, #539, .T. ) ;
#556 = ORIENTED_EDGE ( 'NONE', *, *, #402, .F. ) ;
#557 =( LENGTH_UNIT ( ) NAMED_UNIT ( * ) SI_UNIT ( .MILLI., .METRE. ) );
#558 = ADVANCED_FACE ( 'NONE', ( #580 ), #671, .T. ) ;
#559 = ADVANCED_FACE ( 'NONE', ( #785 ), #241, .T. ) ;
#560 = DIRECTION ( 'NONE',  ( 0.000000000000000000, -0.000000000000000000, 1.000000000000000000 ) ) ;
#561 = VERTEX_POINT ( 'NONE', #994 ) ;
#562 = ORIENTED_EDGE ( 'NONE', *, *, #1180, .F. ) ;
#563 = VECTOR ( 'NONE', #1244, 1000.000000000000000 ) ;
#564 = ORIENTED_EDGE ( 'NONE', *, *, #144, .T. ) ;
#565 = DIRECTION ( 'NONE',  ( -1.000000000000000000, 0.000000000000000000, 0.000000000000000000 ) ) ;
#566 = CARTESIAN_POINT ( 'NONE',  ( -14.13317117384805144, -13.26169317418295002, 6.626332683966229098 ) ) ;
#567 = CARTESIAN_POINT ( 'NONE',  ( 12.60134289983878375, 0.2540804819551252813, 40.16524897036649833 ) ) ;
#568 = CARTESIAN_POINT ( 'NONE',  ( -6.499999999999977796, 12.49999999999999112, 9.000000000000003553 ) ) ;
#569 = DIRECTION ( 'NONE',  ( -1.000000000000000000, 0.000000000000000000, 0.000000000000000000 ) ) ;
#570 = ORIENTED_EDGE ( 'NONE', *, *, #1039, .F. ) ;
#571 = DIRECTION ( 'NONE',  ( -1.239088197126291063E-16, 1.000000000000000000, 0.000000000000000000 ) ) ;
#572 = DIRECTION ( 'NONE',  ( 0.000000000000000000, 0.000000000000000000, -1.000000000000000000 ) ) ;
#573 = DIRECTION ( 'NONE',  ( 1.000000000000000000, 2.668805347656626185E-16, 0.000000000000000000 ) ) ;
#574 = DIRECTION ( 'NONE',  ( -3.394024192128535962E-16, -1.131341397376178572E-16, 1.000000000000000000 ) ) ;
#575 = EDGE_CURVE ( 'NONE', #710, #222, #776, .T. ) ;
#576 = CARTESIAN_POINT ( 'NONE',  ( -16.49999999999998224, -9.394321546374953869, 15.35446490068898662 ) ) ;
#577 = CARTESIAN_POINT ( 'NONE',  ( 6.195440985631463206E-16, 11.49999999999999289, 6.699999999999999289 ) ) ;
#578 = AXIS2_PLACEMENT_3D ( 'NONE', #74, #166, #405 ) ;
#579 = VERTEX_POINT ( 'NONE', #678 ) ;
#580 = FACE_OUTER_BOUND ( 'NONE', #1124, .T. ) ;
#581 = DIRECTION ( 'NONE',  ( -1.367749164542912045E-33, 1.310583749058577098E-16, -1.000000000000000000 ) ) ;
#582 = CARTESIAN_POINT ( 'NONE',  ( 6.999396137535326190, 1.569616361797605331, 44.45198549957508760 ) ) ;
#583 = DIRECTION ( 'NONE',  ( 0.000000000000000000, 1.000000000000000000, 0.000000000000000000 ) ) ;
#584 = ORIENTED_EDGE ( 'NONE', *, *, #191, .T. ) ;
#585 = CYLINDRICAL_SURFACE ( 'NONE', #867, 1.000000000000001332 ) ;
#586 = EDGE_LOOP ( 'NONE', ( #792, #1246, #1013 ) ) ;
#587 = CARTESIAN_POINT ( 'NONE',  ( -13.56866882948196817, -0.1621413001887711813, 38.90371589164433175 ) ) ;
#588 = ORIENTED_EDGE ( 'NONE', *, *, #250, .F. ) ;
#589 = CYLINDRICAL_SURFACE ( 'NONE', #963, 6.500000000000000000 ) ;
#590 = VERTEX_POINT ( 'NONE', #357 ) ;
#591 = LINE ( 'NONE', #64, #418 ) ;
#592 = PRODUCT_CONTEXT ( 'NONE', #847, 'mechanical' ) ;
#593 = ORIENTED_EDGE ( 'NONE', *, *, #1248, .F. ) ;
#594 = EDGE_CURVE ( 'NONE', #356, #1189, #805, .T. ) ;
#595 = DIRECTION ( 'NONE',  ( -0.000000000000000000, 1.000000000000000000, -0.000000000000000000 ) ) ;
#596 = VECTOR ( 'NONE', #1232, 1000.000000000000000 ) ;
#597 = VERTEX_POINT ( 'NONE', #686 ) ;
#598 = CARTESIAN_POINT ( 'NONE',  ( -6.499999999999984901, 12.49999999999998757, 32.00000000000000000 ) ) ;
#599 = CARTESIAN_POINT ( 'NONE',  ( 15.52016205815306371, -1.472798230014172871, 35.12633237348384085 ) ) ;
#600 = AXIS2_PLACEMENT_3D ( 'NONE', #119, #209, #1178 ) ;
#601 = AXIS2_PLACEMENT_3D ( 'NONE', #510, #189, #1271 ) ;
#602 = AXIS2_PLACEMENT_3D ( 'NONE', #501, #619, #703 ) ;
#603 = ORIENTED_EDGE ( 'NONE', *, *, #870, .F. ) ;
#604 = DIRECTION ( 'NONE',  ( -2.502023520930011921E-16, 1.000000000000000000, 1.310583749058577098E-16 ) ) ;
#605 = CARTESIAN_POINT ( 'NONE',  ( -13.49999999999998401, -4.156711908128496447, 28.00000000001379163 ) ) ;
#606 = EDGE_CURVE ( 'NONE', #1370, #661, #245, .T. ) ;
#607 = AXIS2_PLACEMENT_3D ( 'NONE', #547, #120, #248 ) ;
#608 = EDGE_LOOP ( 'NONE', ( #369, #1060 ) ) ;
#609 = DIRECTION ( 'NONE',  ( -0.000000000000000000, -0.000000000000000000, -1.000000000000000000 ) ) ;
#610 = FACE_OUTER_BOUND ( 'NONE', #1096, .T. ) ;
#611 = ORIENTED_EDGE ( 'NONE', *, *, #143, .F. ) ;
#612 = CARTESIAN_POINT ( 'NONE',  ( -0.2499999999999889533, 3.061616997868241269E-17, 9.853910524340097510 ) ) ;
#613 = CARTESIAN_POINT ( 'NONE',  ( -10.55162386059530988, -1.136186969531496116, 36.07358909972325023 ) ) ;
#614 = ORIENTED_EDGE ( 'NONE', *, *, #636, .F. ) ;
#615 = CARTESIAN_POINT ( 'NONE',  ( -13.49999999999998046, -13.58257569875775950, 5.918310687302863471 ) ) ;
#616 = CARTESIAN_POINT ( 'NONE',  ( 13.50000000000001599, -4.156711908128496447, 28.00000000001379163 ) ) ;
#617 = CARTESIAN_POINT ( 'NONE',  ( 7.350000000000011191, 3.184081677783118191E-16, 2.500000000000003997 ) ) ;
#618 = FACE_OUTER_BOUND ( 'NONE', #980, .T. ) ;
#619 = DIRECTION ( 'NONE',  ( -0.000000000000000000, -0.000000000000000000, -1.000000000000000000 ) ) ;
#620 = CARTESIAN_POINT ( 'NONE',  ( -0.2499999999999889533, 3.061616997868241269E-17, 2.000000000000000000 ) ) ;
#621 = VECTOR ( 'NONE', #6, 1000.000000000000000 ) ;
#622 = CIRCLE ( 'NONE', #976, 6.500000000000000000 ) ;
#623 = ADVANCED_FACE ( 'NONE', ( #1313 ), #1105, .T. ) ;
#624 = CARTESIAN_POINT ( 'NONE',  ( -16.49999999999998934, 13.99999999999999112, 29.50000000000000000 ) ) ;
#625 = ADVANCED_FACE ( 'NONE', ( #697 ), #589, .F. ) ;
#626 = ORIENTED_EDGE ( 'NONE', *, *, #352, .F. ) ;
#627 = EDGE_CURVE ( 'NONE', #106, #860, #1125, .T. ) ;
#628 = CARTESIAN_POINT ( 'NONE',  ( 11.50000000000001776, -14.00000000000000533, -5.500000000000000000 ) ) ;
#629 = CARTESIAN_POINT ( 'NONE',  ( 11.50000000000001421, -14.00000000000000533, 2.500000000000003997 ) ) ;
#630 = FACE_OUTER_BOUND ( 'NONE', #608, .T. ) ;
#631 = ORIENTED_EDGE ( 'NONE', *, *, #433, .T. ) ;
#632 = AXIS2_PLACEMENT_3D ( 'NONE', #1185, #1088, #638 ) ;
#633 = CARTESIAN_POINT ( 'NONE',  ( 13.49999999999904432, -3.845589657691696139, 28.79251411844180097 ) ) ;
#634 = PLANE ( 'NONE',  #349 ) ;
#635 = CARTESIAN_POINT ( 'NONE',  ( 2.150000000000011458, 0.000000000000000000, 2.000000000000000000 ) ) ;
#636 = EDGE_CURVE ( 'NONE', #728, #806, #355, .T. ) ;
#637 = CARTESIAN_POINT ( 'NONE',  ( 5.137903339085539756, 0.1350875955530484174, 39.80282040997644799 ) ) ;
#638 = DIRECTION ( 'NONE',  ( -1.000000000000000000, -1.734723475976806700E-15, 0.000000000000000000 ) ) ;
#639 = CARTESIAN_POINT ( 'NONE',  ( -6.499999999999984901, 12.49999999999998757, 32.00000000000000000 ) ) ;
#640 = CIRCLE ( 'NONE', #888, 1.000000000000000444 ) ;
#641 = ORIENTED_EDGE ( 'NONE', *, *, #110, .F. ) ;
#642 = FACE_OUTER_BOUND ( 'NONE', #909, .T. ) ;
#643 = CARTESIAN_POINT ( 'NONE',  ( -6.500000000000002665, 13.99999999999999645, 25.50000000000000355 ) ) ;
#644 = EDGE_CURVE ( 'NONE', #20, #1103, #787, .T. ) ;
#645 = EDGE_CURVE ( 'NONE', #561, #801, #226, .T. ) ;
#646 = LINE ( 'NONE', #1305, #1108 ) ;
#647 = PRESENTATION_LAYER_ASSIGNMENT (  '', '', ( #1256 ) ) ;
#648 = ORIENTED_EDGE ( 'NONE', *, *, #765, .T. ) ;
#649 = EDGE_LOOP ( 'NONE', ( #907, #556, #354, #668 ) ) ;
#650 = CARTESIAN_POINT ( 'NONE',  ( 13.50000000000001954, -13.58257569498122486, 5.918310695676165523 ) ) ;
#651 = CARTESIAN_POINT ( 'NONE',  ( 16.50000000000001421, -9.000000001148718454, 16.27042983942369858 ) ) ;
#652 = CARTESIAN_POINT ( 'NONE',  ( -16.49999999999998579, -9.000000001148722006, 16.27042983942371634 ) ) ;
#653 = ORIENTED_EDGE ( 'NONE', *, *, #961, .T. ) ;
#654 = B_SPLINE_CURVE_WITH_KNOTS ( 'NONE', 3,
 ( #788, #673, #368, #690, #152, #463, #25, #1317, #1006, #360, #796, #145 ),
 .UNSPECIFIED., .F., .F.,
 ( 4, 2, 2, 2, 2, 4 ),
 ( 3.833051701062492223E-15, 0.001488726697545073464, 0.002977453395086313622, 0.005954906790168787434, 0.008932360185251260812, 0.01190981358033373246 ),
 .UNSPECIFIED. ) ;
#655 = ORIENTED_EDGE ( 'NONE', *, *, #644, .T. ) ;
#656 = DIRECTION ( 'NONE',  ( -1.000000000000000000, 0.000000000000000000, 0.000000000000000000 ) ) ;
#657 = EDGE_CURVE ( 'NONE', #993, #518, #60, .T. ) ;
#658 = EDGE_CURVE ( 'NONE', #223, #333, #1348, .T. ) ;
#659 = CARTESIAN_POINT ( 'NONE',  ( 4.750000000000011546, 0.000000000000000000, 9.853910524340097510 ) ) ;
#660 = EDGE_LOOP ( 'NONE', ( #457, #30, #421, #217 ) ) ;
#661 = VERTEX_POINT ( 'NONE', #1332 ) ;
#662 = CARTESIAN_POINT ( 'NONE',  ( -16.49999999999998934, 13.99999999999999112, 46.00000000000000000 ) ) ;
#663 = AXIS2_PLACEMENT_3D ( 'NONE', #515, #295, #1260 ) ;
#664 = VECTOR ( 'NONE', #609, 1000.000000000000000 ) ;
#665 = FACE_OUTER_BOUND ( 'NONE', #1070, .T. ) ;
#666 = AXIS2_PLACEMENT_3D ( 'NONE', #134, #359, #50 ) ;
#667 = AXIS2_PLACEMENT_3D ( 'NONE', #361, #886, #146 ) ;
#668 = ORIENTED_EDGE ( 'NONE', *, *, #857, .T. ) ;
#669 = EDGE_LOOP ( 'NONE', ( #508, #899 ) ) ;
#670 = ORIENTED_EDGE ( 'NONE', *, *, #1015, .F. ) ;
#671 = CYLINDRICAL_SURFACE ( 'NONE', #1342, 5.000000000000000888 ) ;
#672 = CARTESIAN_POINT ( 'NONE',  ( -12.58337356628431536, 0.2609370160883999756, 40.18635248607979094 ) ) ;
#673 = CARTESIAN_POINT ( 'NONE',  ( 13.84753736959788561, -13.43089795181733237, 6.252639448778980480 ) ) ;
#674 = EDGE_LOOP ( 'NONE', ( #1345, #449, #748, #1184, #397 ) ) ;
#675 = ORIENTED_EDGE ( 'NONE', *, *, #747, .T. ) ;
#676 = CIRCLE ( 'NONE', #281, 5.000000000000000888 ) ;
#677 = EDGE_LOOP ( 'NONE', ( #43, #455 ) ) ;
#678 = CARTESIAN_POINT ( 'NONE',  ( -1.549999999999988942, 3.061616997868241269E-17, 2.500000000000003997 ) ) ;
#679 = CARTESIAN_POINT ( 'NONE',  ( -13.49999999999998401, 5.999999999999989342, 7.725523094689362540E-16 ) ) ;
#680 = EDGE_CURVE ( 'NONE', #285, #803, #287, .T. ) ;
#681 = CARTESIAN_POINT ( 'NONE',  ( 13.58244548979968691, -0.1689261762207332207, 38.88348336017820372 ) ) ;
#682 = PLANE ( 'NONE',  #1333 ) ;
#683 = ORIENTED_EDGE ( 'NONE', *, *, #1195, .T. ) ;
#684 = CARTESIAN_POINT ( 'NONE',  ( -5.249999999999989342, 6.429395695523590348E-16, 9.853910524340097510 ) ) ;
#685 = ORIENTED_EDGE ( 'NONE', *, *, #944, .F. ) ;
#686 = CARTESIAN_POINT ( 'NONE',  ( 16.50000000000001066, 13.99999999999999112, 29.50000000000000000 ) ) ;
#687 = CARTESIAN_POINT ( 'NONE',  ( -15.68604495374149899, -1.645817181687419195, 34.64555846514328152 ) ) ;
#688 = CARTESIAN_POINT ( 'NONE',  ( 16.50000000000001421, -3.572482971872112945, 29.49999999999776534 ) ) ;
#689 = EDGE_CURVE ( 'NONE', #1041, #484, #391, .T. ) ;
#690 = CARTESIAN_POINT ( 'NONE',  ( 14.63176533548914726, -12.90971229254319752, 7.405868803960832913 ) ) ;
#691 = ORIENTED_EDGE ( 'NONE', *, *, #820, .F. ) ;
#692 = DIRECTION ( 'NONE',  ( 2.502023520930011921E-16, -1.000000000000000000, -1.310583749058577098E-16 ) ) ;
#693 = AXIS2_PLACEMENT_3D ( 'NONE', #934, #1030, #1140 ) ;
#694 = ORIENTED_EDGE ( 'NONE', *, *, #1059, .T. ) ;
#695 = CARTESIAN_POINT ( 'NONE',  ( -8.453408590261684452, 1.356393526341500344, 43.71250928678868775 ) ) ;
#696 = VERTEX_POINT ( 'NONE', #1325 ) ;
#697 = FACE_OUTER_BOUND ( 'NONE', #93, .T. ) ;
#698 = ORIENTED_EDGE ( 'NONE', *, *, #645, .T. ) ;
#699 = CARTESIAN_POINT ( 'NONE',  ( -6.499999999999984901, 12.49999999999998757, 32.00000000000000000 ) ) ;
#700 = VERTEX_POINT ( 'NONE', #367 ) ;
#701 = CARTESIAN_POINT ( 'NONE',  ( 1.040834085586084099E-14, 13.99999999999999112, 29.50000000000000000 ) ) ;
#702 = ORIENTED_EDGE ( 'NONE', *, *, #594, .F. ) ;
#703 = DIRECTION ( 'NONE',  ( -1.000000000000000000, 0.000000000000000000, 0.000000000000000000 ) ) ;
#704 = CARTESIAN_POINT ( 'NONE',  ( 0.5615388757532897568, 1.999999999999990452, 46.00000000000000000 ) ) ;
#705 = VERTEX_POINT ( 'NONE', #495 ) ;
#706 = CARTESIAN_POINT ( 'NONE',  ( 6.195440985631463206E-16, 11.49999999999998934, 34.30000000000000426 ) ) ;
#707 = ADVANCED_FACE ( 'NONE', ( #1115, #151, #377, #804 ), #1229, .F. ) ;
#708 = EDGE_CURVE ( 'NONE', #700, #968, #941, .T. ) ;
#709 = CARTESIAN_POINT ( 'NONE',  ( -1.851867998082156408, 0.3548126841967588763, 40.47818660152467629 ) ) ;
#710 = VERTEX_POINT ( 'NONE', #81 ) ;
#711 = FACE_OUTER_BOUND ( 'NONE', #1009, .T. ) ;
#712 = DIRECTION ( 'NONE',  ( -0.000000000000000000, -0.000000000000000000, 1.000000000000000000 ) ) ;
#713 = CIRCLE ( 'NONE', #600, 12.50000000000000000 ) ;
#714 = EDGE_LOOP ( 'NONE', ( #441, #339 ) ) ;
#715 = CARTESIAN_POINT ( 'NONE',  ( 6.195440985631463206E-16, 11.49999999999998934, 34.30000000000000426 ) ) ;
#716 = CARTESIAN_POINT ( 'NONE',  ( 0.000000000000000000, 0.000000000000000000, 0.000000000000000000 ) ) ;
#717 = DIRECTION ( 'NONE',  ( -2.502023520930011921E-16, 1.000000000000000000, 1.310583749058577098E-16 ) ) ;
#718 = ORIENTED_EDGE ( 'NONE', *, *, #271, .F. ) ;
#719 = LINE ( 'NONE', #724, #197 ) ;
#720 = LINE ( 'NONE', #414, #1272 ) ;
#721 = FACE_OUTER_BOUND ( 'NONE', #649, .T. ) ;
#722 = DIRECTION ( 'NONE',  ( 0.000000000000000000, -0.000000000000000000, 1.000000000000000000 ) ) ;
#723 = VERTEX_POINT ( 'NONE', #616 ) ;
#724 = CARTESIAN_POINT ( 'NONE',  ( -1.000000000000000666, 11.49999999999998934, 34.30000000000000426 ) ) ;
#725 = DIRECTION ( 'NONE',  ( -1.000000000000000000, 0.000000000000000000, 0.000000000000000000 ) ) ;
#726 = EDGE_CURVE ( 'NONE', #705, #1122, #1204, .T. ) ;
#727 = CARTESIAN_POINT ( 'NONE',  ( 6.195440985631463206E-16, 11.49999999999999289, 6.699999999999999289 ) ) ;
#728 = VERTEX_POINT ( 'NONE', #306 ) ;
#729 = DIRECTION ( 'NONE',  ( -2.477167736091406015E-16, 1.000000000000000000, -2.045302689116235101E-12 ) ) ;
#730 = CARTESIAN_POINT ( 'NONE',  ( -11.49999999999998579, -9.000000000000005329, -5.500000000000000000 ) ) ;
#731 = PLANE ( 'NONE',  #422 ) ;
#732 = AXIS2_PLACEMENT_3D ( 'NONE', #341, #432, #656 ) ;
#733 = LINE ( 'NONE', #198, #348 ) ;
#734 = CIRCLE ( 'NONE', #487, 12.50000000000000000 ) ;
#735 = ORIENTED_EDGE ( 'NONE', *, *, #1119, .F. ) ;
#736 = VECTOR ( 'NONE', #890, 1000.000000000000000 ) ;
#737 = CARTESIAN_POINT ( 'NONE',  ( 11.28362672498164621, -1.476269223002266262, 35.11769835266959916 ) ) ;
#738 = LINE ( 'NONE', #183, #53 ) ;
#739 = CIRCLE ( 'NONE', #1205, 1.300000000000000044 ) ;
#740 = CARTESIAN_POINT ( 'NONE',  ( -13.49999999999997868, -13.58257569495584605, 2.500000000000002220 ) ) ;
#741 = EDGE_CURVE ( 'NONE', #768, #1041, #1358, .T. ) ;
#742 = ORIENTED_EDGE ( 'NONE', *, *, #1150, .T. ) ;
#743 = CARTESIAN_POINT ( 'NONE',  ( 12.90125209597916189, -2.655157592619675544, 31.90443010285922654 ) ) ;
#744 = CYLINDRICAL_SURFACE ( 'NONE', #542, 5.000000000000000000 ) ;
#745 = AXIS2_PLACEMENT_3D ( 'NONE', #950, #318, #311 ) ;
#746 = CARTESIAN_POINT ( 'NONE',  ( 1.982541115402066490E-15, 5.999999999999988454, 34.30000000000000426 ) ) ;
#747 = EDGE_CURVE ( 'NONE', #590, #696, #399, .T. ) ;
#748 = ORIENTED_EDGE ( 'NONE', *, *, #627, .F. ) ;
#749 = EDGE_CURVE ( 'NONE', #1275, #54, #521, .T. ) ;
#750 = FACE_OUTER_BOUND ( 'NONE', #586, .T. ) ;
#751 = CARTESIAN_POINT ( 'NONE',  ( -0.9999999999999904521, -0.01615007702391452193, 2.000000000000000000 ) ) ;
#752 = CIRCLE ( 'NONE', #76, 1.300000000000000044 ) ;
#753 = DIRECTION ( 'NONE',  ( -2.477167736091406015E-16, 1.000000000000000000, -2.045302689116235101E-12 ) ) ;
#754 = ORIENTED_EDGE ( 'NONE', *, *, #452, .F. ) ;
#755 = CARTESIAN_POINT ( 'NONE',  ( 4.330798689471963669, 0.2177176331477935212, 40.05547982305072452 ) ) ;
#756 = CARTESIAN_POINT ( 'NONE',  ( -6.499999999999984901, 12.49999999999998757, 32.00000000000000000 ) ) ;
#757 = B_SPLINE_CURVE_WITH_KNOTS ( 'NONE', 2,
 ( #1361, #409, #1259 ),
 .UNSPECIFIED., .F., .F.,
 ( 3, 3 ),
 ( 0.2229717821376377695, 0.5228031658235665624 ),
 .UNSPECIFIED. ) ;
#758 = VECTOR ( 'NONE', #1132, 1000.000000000000000 ) ;
#759 = CARTESIAN_POINT ( 'NONE',  ( 13.50000000000001599, 1.883110361334829230, 28.00000000000330758 ) ) ;
#760 = FACE_OUTER_BOUND ( 'NONE', #1281, .T. ) ;
#761 = EDGE_LOOP ( 'NONE', ( #603, #1075, #871, #493 ) ) ;
#762 = EDGE_LOOP ( 'NONE', ( #564, #648 ) ) ;
#763 = LINE ( 'NONE', #643, #817 ) ;
#764 = EDGE_CURVE ( 'NONE', #914, #1104, #426, .T. ) ;
#765 = EDGE_CURVE ( 'NONE', #249, #1290, #1028, .T. ) ;
#766 = CARTESIAN_POINT ( 'NONE',  ( -6.549999999999989164, 6.429395695523590348E-16, 9.853910524340097510 ) ) ;
#767 = CARTESIAN_POINT ( 'NONE',  ( -0.9999999999999904521, -0.01615007702391452193, 2.000000000000000000 ) ) ;
#768 = VERTEX_POINT ( 'NONE', #91 ) ;
#769 = ORIENTED_EDGE ( 'NONE', *, *, #1098, .T. ) ;
#770 = DIRECTION ( 'NONE',  ( 1.000000000000000000, 2.668805347656626185E-16, 0.000000000000000000 ) ) ;
#771 = CARTESIAN_POINT ( 'NONE',  ( 2.150000000000011458, 0.000000000000000000, 2.500000000000003997 ) ) ;
#772 = DIRECTION ( 'NONE',  ( 0.000000000000000000, 0.000000000000000000, -1.000000000000000000 ) ) ;
#773 = ORIENTED_EDGE ( 'NONE', *, *, #374, .F. ) ;
#774 = VECTOR ( 'NONE', #753, 1000.000000000000000 ) ;
#775 = ORIENTED_EDGE ( 'NONE', *, *, #393, .F. ) ;
#776 = LINE ( 'NONE', #261, #1033 ) ;
#777 = CARTESIAN_POINT ( 'NONE',  ( -13.25275858699349918, -0.01559579607972936405, 39.34397326287902530 ) ) ;
#778 = CIRCLE ( 'NONE', #693, 13.50000000000000000 ) ;
#779 = DIRECTION ( 'NONE',  ( -1.000000000000000000, 0.000000000000000000, 0.000000000000000000 ) ) ;
#780 = VECTOR ( 'NONE', #902, 1000.000000000000000 ) ;
#781 = CARTESIAN_POINT ( 'NONE',  ( -6.499999999999984901, 12.49999999999998757, 32.00000000000000000 ) ) ;
#782 = ORIENTED_EDGE ( 'NONE', *, *, #291, .F. ) ;
#783 = ADVANCED_FACE ( 'NONE', ( #176 ), #75, .F. ) ;
#784 = ORIENTED_EDGE ( 'NONE', *, *, #503, .F. ) ;
#785 = FACE_OUTER_BOUND ( 'NONE', #889, .T. ) ;
#786 = CARTESIAN_POINT ( 'NONE',  ( 1.000000000000001998, 11.49999999999998934, 34.30000000000000426 ) ) ;
#787 = LINE ( 'NONE', #795, #1145 ) ;
#788 = CARTESIAN_POINT ( 'NONE',  ( 13.50000000000001954, -13.58257569498122486, 5.918310695676165523 ) ) ;
#789 = ORIENTED_EDGE ( 'NONE', *, *, #26, .T. ) ;
#790 = DIRECTION ( 'NONE',  ( 1.000000000000000000, 0.000000000000000000, 0.000000000000000000 ) ) ;
#791 = ADVANCED_FACE ( 'NONE', ( #1051 ), #69, .F. ) ;
#792 = ORIENTED_EDGE ( 'NONE', *, *, #957, .F. ) ;
#793 = CARTESIAN_POINT ( 'NONE',  ( -16.49999999999998579, -3.572482971872120050, 29.49999999999776534 ) ) ;
#794 = DIRECTION ( 'NONE',  ( -0.000000000000000000, -0.000000000000000000, -1.000000000000000000 ) ) ;
#795 = CARTESIAN_POINT ( 'NONE',  ( -11.49999999999998579, -14.00000000000000533, 46.00000000000000000 ) ) ;
#796 = CARTESIAN_POINT ( 'NONE',  ( 16.49999999991023358, -9.394274039610936100, 15.35457525699005821 ) ) ;
#797 = EDGE_LOOP ( 'NONE', ( #479, #927 ) ) ;
#798 = DIRECTION ( 'NONE',  ( 1.000000000000000000, 0.000000000000000000, 0.000000000000000000 ) ) ;
#799 = CIRCLE ( 'NONE', #546, 5.000000000000000000 ) ;
#800 = AXIS2_PLACEMENT_3D ( 'NONE', #699, #29, #898 ) ;
#801 = VERTEX_POINT ( 'NONE', #935 ) ;
#802 = DIRECTION ( 'NONE',  ( -1.000000000000000000, 0.000000000000000000, 0.000000000000000000 ) ) ;
#803 = VERTEX_POINT ( 'NONE', #629 ) ;
#804 = FACE_OUTER_BOUND ( 'NONE', #1224, .T. ) ;
#805 = B_SPLINE_CURVE_WITH_KNOTS ( 'NONE', 2,
 ( #793, #1201, #1217 ),
 .UNSPECIFIED., .F., .F.,
 ( 3, 3 ),
 ( 0.4771968341764967203, 0.7770282178626620739 ),
 .UNSPECIFIED. ) ;
#806 = VERTEX_POINT ( 'NONE', #410 ) ;
#807 = LINE ( 'NONE', #147, #975 ) ;
#808 = VECTOR ( 'NONE', #300, 1000.000000000000000 ) ;
#809 = VECTOR ( 'NONE', #862, 1000.000000000000000 ) ;
#810 = ORIENTED_EDGE ( 'NONE', *, *, #689, .F. ) ;
#811 = CARTESIAN_POINT ( 'NONE',  ( -14.92729749091405722, -0.9456349796677124830, 36.60868061062905099 ) ) ;
#812 = ORIENTED_EDGE ( 'NONE', *, *, #1352, .T. ) ;
#813 = CARTESIAN_POINT ( 'NONE',  ( 6.500000000000014211, 12.49999999999999112, 32.00000000000000000 ) ) ;
#814 = CARTESIAN_POINT ( 'NONE',  ( 2.232920582738681770, 1.961599017544935597, 45.85777214272231816 ) ) ;
#815 = ADVANCED_FACE ( 'NONE', ( #831 ), #731, .T. ) ;
#816 = ADVANCED_FACE ( 'NONE', ( #610 ), #634, .T. ) ;
#817 = VECTOR ( 'NONE', #103, 1000.000000000000000 ) ;
#818 = VERTEX_POINT ( 'NONE', #526 ) ;
#819 = FACE_OUTER_BOUND ( 'NONE', #836, .T. ) ;
#820 = EDGE_CURVE ( 'NONE', #1129, #451, #720, .T. ) ;
#821 = CARTESIAN_POINT ( 'NONE',  ( -6.691252143467586677, -0.08478991438902108713, 39.13717892108042662 ) ) ;
#822 = VERTEX_POINT ( 'NONE', #1038 ) ;
#823 = LINE ( 'NONE', #946, #563 ) ;
#824 = CARTESIAN_POINT ( 'NONE',  ( 13.27147605145747811, -0.02392698627655391944, 39.31882385496408006 ) ) ;
#825 = B_SPLINE_CURVE_WITH_KNOTS ( 'NONE', 3,
 ( #1018, #1330, #246, #1227, #1130, #156, #55, #262, #695, #358, #1123, #1304, #382, #347, #672, #777, #587, #482, #811, #1099, #687, #1339, #1234, #131, #277, #23 ),
 .UNSPECIFIED., .F., .F.,
 ( 4, 2, 2, 2, 2, 2, 2, 2, 2, 2, 2, 2, 4 ),
 ( 3.037702799932939931E-18, 0.003317521550423617634, 0.004976282325635425149, 0.006635043100847232665, 0.009952564651270850299, 0.01161132542648266042, 0.01327008620169447053, 0.01492884697690627892, 0.01658760775211809077, 0.01990512930254171101, 0.02156389007775352806, 0.02322265085296534859, 0.02654017240338898964 ),
 .UNSPECIFIED. ) ;
#826 = ORIENTED_EDGE ( 'NONE', *, *, #219, .T. ) ;
#827 = LINE ( 'NONE', #490, #113 ) ;
#828 = DIRECTION ( 'NONE',  ( 2.478176394252582620E-16, -1.000000000000000000, -1.141265444721583757E-16 ) ) ;
#829 = ORIENTED_EDGE ( 'NONE', *, *, #1118, .F. ) ;
#830 = LINE ( 'NONE', #628, #83 ) ;
#831 = FACE_OUTER_BOUND ( 'NONE', #45, .T. ) ;
#832 = CIRCLE ( 'NONE', #1068, 6.500000000000000000 ) ;
#833 = CARTESIAN_POINT ( 'NONE',  ( 1.000000000000014211, 5.999999999999989342, 28.00000000000000000 ) ) ;
#834 = EDGE_CURVE ( 'NONE', #333, #930, #738, .T. ) ;
#835 = CARTESIAN_POINT ( 'NONE',  ( -13.49999999999998401, -4.156711908128496447, 28.00000000001379163 ) ) ;
#836 = EDGE_LOOP ( 'NONE', ( #187, #112, #1216, #869 ) ) ;
#837 = LINE ( 'NONE', #940, #1116 ) ;
#838 = DIRECTION ( 'NONE',  ( 0.000000000000000000, -0.000000000000000000, 1.000000000000000000 ) ) ;
#839 = DIRECTION ( 'NONE',  ( -2.502023520930011921E-16, 1.000000000000000000, 1.310583749058577098E-16 ) ) ;
#840 = CARTESIAN_POINT ( 'NONE',  ( -12.31147755942091671, -2.106581193371769523, 33.38001665214882507 ) ) ;
#841 = FACE_OUTER_BOUND ( 'NONE', #974, .T. ) ;
#842 = CARTESIAN_POINT ( 'NONE',  ( 1.189524669241239263E-14, 1.999999999999986677, 46.00000000000000000 ) ) ;
#843 = FACE_OUTER_BOUND ( 'NONE', #1182, .T. ) ;
#844 = ORIENTED_EDGE ( 'NONE', *, *, #689, .T. ) ;
#845 = CARTESIAN_POINT ( 'NONE',  ( 16.50000000000001421, 2.000000000000008882, 29.50000000000000000 ) ) ;
#846 = DIRECTION ( 'NONE',  ( -1.508455196501571676E-16, 1.000000000000000000, 0.000000000000000000 ) ) ;
#847 = APPLICATION_CONTEXT ( 'automotive_design' ) ;
#848 = VECTOR ( 'NONE', #849, 1000.000000000000000 ) ;
#849 = DIRECTION ( 'NONE',  ( 2.478176394252581634E-16, -1.000000000000000000, -1.141265444721583757E-16 ) ) ;
#850 = AXIS2_PLACEMENT_3D ( 'NONE', #1169, #202, #1063 ) ;
#851 = VECTOR ( 'NONE', #581, 1000.000000000000000 ) ;
#852 = ORIENTED_EDGE ( 'NONE', *, *, #988, .F. ) ;
#853 = AXIS2_PLACEMENT_3D ( 'NONE', #620, #955, #1277 ) ;
#854 = CARTESIAN_POINT ( 'NONE',  ( 13.42530939638814225, -3.541342999265087776, 29.57718148367496980 ) ) ;
#855 = CARTESIAN_POINT ( 'NONE',  ( 1.000000000000001110, 11.49999999999999289, 6.699999999999999289 ) ) ;
#856 = CIRCLE ( 'NONE', #1035, 1.300000000000000044 ) ;
#857 = EDGE_CURVE ( 'NONE', #806, #801, #1368, .T. ) ;
#858 = DIRECTION ( 'NONE',  ( 1.000000000000000000, 0.000000000000000000, 0.000000000000000000 ) ) ;
#859 = EDGE_CURVE ( 'NONE', #993, #128, #1084, .T. ) ;
#860 = VERTEX_POINT ( 'NONE', #502 ) ;
#861 = CARTESIAN_POINT ( 'NONE',  ( 13.50000000000001954, -13.58257569498122486, 5.918310695676165523 ) ) ;
#862 = DIRECTION ( 'NONE',  ( 3.016910393003142859E-16, 1.131341397376178572E-16, -1.000000000000000000 ) ) ;
#863 = DIRECTION ( 'NONE',  ( 2.335204679199548960E-16, -1.000000000000000000, -1.131341397376177832E-16 ) ) ;
#864 = VERTEX_POINT ( 'NONE', #617 ) ;
#865 = DIRECTION ( 'NONE',  ( 3.394024192128536456E-16, 0.000000000000000000, -1.000000000000000000 ) ) ;
#866 = DIRECTION ( 'NONE',  ( -0.000000000000000000, -0.000000000000000000, -1.000000000000000000 ) ) ;
#867 = AXIS2_PLACEMENT_3D ( 'NONE', #715, #1328, #370 ) ;
#868 = DIRECTION ( 'NONE',  ( 1.000000000000000000, 0.000000000000000000, 0.000000000000000000 ) ) ;
#869 = ORIENTED_EDGE ( 'NONE', *, *, #1165, .F. ) ;
#870 = EDGE_CURVE ( 'NONE', #1174, #223, #527, .T. ) ;
#871 = ORIENTED_EDGE ( 'NONE', *, *, #342, .F. ) ;
#872 = EDGE_CURVE ( 'NONE', #860, #1370, #84, .T. ) ;
#873 = ADVANCED_FACE ( 'NONE', ( #721 ), #411, .T. ) ;
#874 = DIRECTION ( 'NONE',  ( 1.000000000000000000, 0.000000000000000000, 0.000000000000000000 ) ) ;
#875 = ORIENTED_EDGE ( 'NONE', *, *, #885, .T. ) ;
#876 = ORIENTED_EDGE ( 'NONE', *, *, #957, .T. ) ;
#877 = EDGE_LOOP ( 'NONE', ( #7, #887 ) ) ;
#878 = DIRECTION ( 'NONE',  ( -1.000000000000000000, 0.000000000000000000, 0.000000000000000000 ) ) ;
#879 = LINE ( 'NONE', #1285, #170 ) ;
#880 = CYLINDRICAL_SURFACE ( 'NONE', #1147, 2.600000000000000089 ) ;
#881 = ORIENTED_EDGE ( 'NONE', *, *, #972, .T. ) ;
#882 = CARTESIAN_POINT ( 'NONE',  ( 16.50000000000001776, -8.999999999999994671, -5.500000000000000000 ) ) ;
#883 = CARTESIAN_POINT ( 'NONE',  ( 13.50000000000001599, 5.999999999999996447, 7.725523094689369443E-16 ) ) ;
#884 = DIRECTION ( 'NONE',  ( -1.000000000000000000, 0.000000000000000000, 0.000000000000000000 ) ) ;
#885 = EDGE_CURVE ( 'NONE', #404, #157, #171, .T. ) ;
#886 = DIRECTION ( 'NONE',  ( 0.000000000000000000, 0.000000000000000000, -1.000000000000000000 ) ) ;
#887 = ORIENTED_EDGE ( 'NONE', *, *, #98, .F. ) ;
#888 = AXIS2_PLACEMENT_3D ( 'NONE', #88, #523, #952 ) ;
#889 = EDGE_LOOP ( 'NONE', ( #317, #683, #1065, #698, #973, #159, #1294, #992, #272, #1252, #1235 ) ) ;
#890 = DIRECTION ( 'NONE',  ( -3.016910393003142859E-16, -1.310583749058577837E-16, 1.000000000000000000 ) ) ;
#891 = LINE ( 'NONE', #786, #423 ) ;
#892 = VECTOR ( 'NONE', #1250, 1000.000000000000000 ) ;
#893 = CARTESIAN_POINT ( 'NONE',  ( 6.500000000000027534, 5.999999999999994671, 2.978668034352495772E-15 ) ) ;
#894 = CARTESIAN_POINT ( 'NONE',  ( -16.49999999999998579, -9.000000001148722006, 16.27042983942371634 ) ) ;
#895 = ADVANCED_FACE ( 'NONE', ( #630 ), #1173, .T. ) ;
#896 = EDGE_CURVE ( 'NONE', #554, #710, #734, .T. ) ;
#897 = FACE_OUTER_BOUND ( 'NONE', #933, .T. ) ;
#898 = DIRECTION ( 'NONE',  ( 0.000000000000000000, -1.000000000000000000, -1.141265444721583757E-16 ) ) ;
#899 = ORIENTED_EDGE ( 'NONE', *, *, #1059, .F. ) ;
#900 = CARTESIAN_POINT ( 'NONE',  ( -11.49999999999998579, -9.000000000000005329, 46.00000000000000000 ) ) ;
#901 = LINE ( 'NONE', #365, #960 ) ;
#902 = DIRECTION ( 'NONE',  ( 3.394024192128536456E-16, 1.310583749058577837E-16, -1.000000000000000000 ) ) ;
#903 = DIRECTION ( 'NONE',  ( -0.000000000000000000, -0.000000000000000000, -1.000000000000000000 ) ) ;
#904 = ORIENTED_EDGE ( 'NONE', *, *, #1248, .T. ) ;
#905 = FACE_OUTER_BOUND ( 'NONE', #762, .T. ) ;
#906 = DIRECTION ( 'NONE',  ( 1.000000000000000000, 2.668805347656626185E-16, 0.000000000000000000 ) ) ;
#907 = ORIENTED_EDGE ( 'NONE', *, *, #645, .F. ) ;
#908 = CARTESIAN_POINT ( 'NONE',  ( -6.499999999999983125, 12.49999999999998757, 25.50000000000000000 ) ) ;
#909 = EDGE_LOOP ( 'NONE', ( #810, #1079, #1093, #593, #40 ) ) ;
#910 = CARTESIAN_POINT ( 'NONE',  ( -13.49999999999998401, -4.156711908128496447, 28.00000000001379163 ) ) ;
#911 = ORIENTED_EDGE ( 'NONE', *, *, #439, .F. ) ;
#912 = CARTESIAN_POINT ( 'NONE',  ( -14.49999999999999112, -0.01615007702391452193, 2.000000000000000000 ) ) ;
#913 = AXIS2_PLACEMENT_3D ( 'NONE', #1111, #1336, #1034 ) ;
#914 = VERTEX_POINT ( 'NONE', #92 ) ;
#915 = CARTESIAN_POINT ( 'NONE',  ( -14.85146118256822589, -12.72003037961170513, 7.827014630365723313 ) ) ;
#916 = ADVANCED_FACE ( 'NONE', ( #1268 ), #1363, .F. ) ;
#917 = AXIS2_PLACEMENT_3D ( 'NONE', #1261, #937, #78 ) ;
#918 = ORIENTED_EDGE ( 'NONE', *, *, #1016, .F. ) ;
#919 = DIRECTION ( 'NONE',  ( -1.000000000000000000, 0.000000000000000000, 0.000000000000000000 ) ) ;
#920 = CARTESIAN_POINT ( 'NONE',  ( 15.98703535214449722, -2.020676988967973653, 33.61582382005975234 ) ) ;
#921 = VERTEX_POINT ( 'NONE', #635 ) ;
#922 = VECTOR ( 'NONE', #1031, 1000.000000000000000 ) ;
#923 = CARTESIAN_POINT ( 'NONE',  ( -2.051644111011029768E-15, 12.49999999999998934, 25.50000000000000355 ) ) ;
#924 = DIRECTION ( 'NONE',  ( 1.000000000000000000, 0.000000000000000000, 0.000000000000000000 ) ) ;
#925 = AXIS2_PLACEMENT_3D ( 'NONE', #1327, #1000, #28 ) ;
#926 = CARTESIAN_POINT ( 'NONE',  ( -11.29252982428862495, -1.480971602207596494, 35.10460164561021656 ) ) ;
#927 = ORIENTED_EDGE ( 'NONE', *, *, #1016, .T. ) ;
#928 = DIRECTION ( 'NONE',  ( 0.000000000000000000, 0.000000000000000000, -1.000000000000000000 ) ) ;
#929 = DIRECTION ( 'NONE',  ( -0.000000000000000000, 0.000000000000000000, -1.000000000000000000 ) ) ;
#930 = VERTEX_POINT ( 'NONE', #740 ) ;
#931 = LINE ( 'NONE', #912, #596 ) ;
#932 = LINE ( 'NONE', #1356, #892 ) ;
#933 = EDGE_LOOP ( 'NONE', ( #626, #1112, #215, #67, #163 ) ) ;
#934 = CARTESIAN_POINT ( 'NONE',  ( -0.9999999999999904521, -0.01615007702391452193, -5.500000000000000000 ) ) ;
#935 = CARTESIAN_POINT ( 'NONE',  ( 1.387778780781445676E-14, 1.999999999999990008, 46.00000000000000711 ) ) ;
#936 = EDGE_CURVE ( 'NONE', #356, #728, #512, .T. ) ;
#937 = DIRECTION ( 'NONE',  ( 2.478176394252582127E-16, -1.000000000000000000, 0.000000000000000000 ) ) ;
#938 = AXIS2_PLACEMENT_3D ( 'NONE', #135, #471, #264 ) ;
#939 = CARTESIAN_POINT ( 'NONE',  ( -12.75782905786756416, -2.522257205215601150, 32.26198096953859817 ) ) ;
#940 = CARTESIAN_POINT ( 'NONE',  ( -16.49999999999998934, 13.99999999999999112, 46.00000000000000000 ) ) ;
#941 = LINE ( 'NONE', #855, #61 ) ;
#942 = DIRECTION ( 'NONE',  ( 2.478176394252581634E-16, -1.000000000000000000, -1.141265444721583757E-16 ) ) ;
#943 = DIRECTION ( 'NONE',  ( 0.000000000000000000, 0.000000000000000000, 1.000000000000000000 ) ) ;
#944 = EDGE_CURVE ( 'NONE', #549, #968, #27, .T. ) ;
#945 = CARTESIAN_POINT ( 'NONE',  ( -11.05762406496987715, -1.363258815390258505, 35.43374451358112509 ) ) ;
#946 = CARTESIAN_POINT ( 'NONE',  ( 2.150000000000011458, 0.000000000000000000, 9.853910524340097510 ) ) ;
#947 = DIRECTION ( 'NONE',  ( 2.335204679199547974E-16, -1.000000000000000000, -1.131341397376177832E-16 ) ) ;
#948 = DIRECTION ( 'NONE',  ( 2.335204679199548960E-16, -1.000000000000000000, -1.131341397376177832E-16 ) ) ;
#949 = ORIENTED_EDGE ( 'NONE', *, *, #314, .T. ) ;
#950 = CARTESIAN_POINT ( 'NONE',  ( -3.047680392547163807E-15, 12.49999999999999289, 1.423108389331086637E-15 ) ) ;
#951 = CARTESIAN_POINT ( 'NONE',  ( -0.9999999999999904521, -0.01615007702391452193, 2.000000000000000000 ) ) ;
#952 = DIRECTION ( 'NONE',  ( 1.000000000000000000, 0.000000000000000000, 0.000000000000000000 ) ) ;
#953 = ORIENTED_EDGE ( 'NONE', *, *, #575, .T. ) ;
#954 = LINE ( 'NONE', #532, #1282 ) ;
#955 = DIRECTION ( 'NONE',  ( 0.000000000000000000, 0.000000000000000000, -1.000000000000000000 ) ) ;
#956 = ADVANCED_FACE ( 'NONE', ( #843 ), #959, .F. ) ;
#957 = EDGE_CURVE ( 'NONE', #518, #1275, #832, .T. ) ;
#958 = AXIS2_PLACEMENT_3D ( 'NONE', #407, #839, #302 ) ;
#959 = CYLINDRICAL_SURFACE ( 'NONE', #1138, 1.000000000000000444 ) ;
#960 = VECTOR ( 'NONE', #794, 1000.000000000000000 ) ;
#961 = EDGE_CURVE ( 'NONE', #322, #498, #733, .T. ) ;
#962 = ORIENTED_EDGE ( 'NONE', *, *, #1299, .F. ) ;
#963 = AXIS2_PLACEMENT_3D ( 'NONE', #1020, #167, #573 ) ;
#964 = DIRECTION ( 'NONE',  ( 0.000000000000000000, -0.000000000000000000, 1.000000000000000000 ) ) ;
#965 = DIRECTION ( 'NONE',  ( 0.000000000000000000, 0.000000000000000000, -1.000000000000000000 ) ) ;
#966 = CIRCLE ( 'NONE', #243, 1.300000000000000044 ) ;
#967 = DIRECTION ( 'NONE',  ( 0.000000000000000000, 0.000000000000000000, -1.000000000000000000 ) ) ;
#968 = VERTEX_POINT ( 'NONE', #1274 ) ;
#969 = PLANE ( 'NONE',  #745 ) ;
#970 = CARTESIAN_POINT ( 'NONE',  ( 7.350000000000011191, 3.184081677783118191E-16, 9.853910524340097510 ) ) ;
#971 = PLANE ( 'NONE',  #938 ) ;
#972 = EDGE_CURVE ( 'NONE', #700, #548, #640, .T. ) ;
#973 = ORIENTED_EDGE ( 'NONE', *, *, #117, .T. ) ;
#974 = EDGE_LOOP ( 'NONE', ( #881, #812 ) ) ;
#975 = VECTOR ( 'NONE', #1320, 1000.000000000000000 ) ;
#976 = AXIS2_PLACEMENT_3D ( 'NONE', #923, #473, #906 ) ;
#977 = DIRECTION ( 'NONE',  ( 1.000000000000000000, 2.668805347656626185E-16, 0.000000000000000000 ) ) ;
#978 = CYLINDRICAL_SURFACE ( 'NONE', #925, 12.50000000000000000 ) ;
#979 = ORIENTED_EDGE ( 'NONE', *, *, #741, .T. ) ;
#980 = EDGE_LOOP ( 'NONE', ( #962, #949, #1374, #481 ) ) ;
#981 = ORIENTED_EDGE ( 'NONE', *, *, #857, .F. ) ;
#982 = CARTESIAN_POINT ( 'NONE',  ( 6.500000000000024869, 5.999999999999992895, 9.000000000000001776 ) ) ;
#983 = CARTESIAN_POINT ( 'NONE',  ( -1.549999999999988942, 3.061616997868241269E-17, 2.000000000000000000 ) ) ;
#984 = CARTESIAN_POINT ( 'NONE',  ( -16.26165857427645989, -10.57849373357674949, 12.63994039475527309 ) ) ;
#985 = ORIENTED_EDGE ( 'NONE', *, *, #474, .F. ) ;
#986 = VERTEX_POINT ( 'NONE', #1359 ) ;
#987 = DIRECTION ( 'NONE',  ( 1.000000000000000000, 2.502023520930011921E-16, 2.993749179613352383E-34 ) ) ;
#988 = EDGE_CURVE ( 'NONE', #1291, #484, #417, .T. ) ;
#989 = DIRECTION ( 'NONE',  ( -0.000000000000000000, -0.000000000000000000, -1.000000000000000000 ) ) ;
#990 = VECTOR ( 'NONE', #1371, 1000.000000000000000 ) ;
#991 = DIRECTION ( 'NONE',  ( -0.000000000000000000, -0.000000000000000000, -1.000000000000000000 ) ) ;
#992 = ORIENTED_EDGE ( 'NONE', *, *, #658, .F. ) ;
#993 = VERTEX_POINT ( 'NONE', #1170 ) ;
#994 = CARTESIAN_POINT ( 'NONE',  ( 16.50000000000001421, -3.572482971872112945, 29.49999999999776534 ) ) ;
#995 = LINE ( 'NONE', #883, #1142 ) ;
#996 = CARTESIAN_POINT ( 'NONE',  ( -13.49999999999998224, -7.961049599310245029, 18.30930341118109084 ) ) ;
#997 = EDGE_CURVE ( 'NONE', #484, #1370, #428, .T. ) ;
#998 = ADVANCED_FACE ( 'NONE', ( #1064, #1381 ), #1278, .T. ) ;
#999 = DIRECTION ( 'NONE',  ( -1.000000000000000000, 0.000000000000000000, 0.000000000000000000 ) ) ;
#1000 = DIRECTION ( 'NONE',  ( 2.477167736091406015E-16, -1.000000000000000000, 2.045302689116235101E-12 ) ) ;
#1001 = CARTESIAN_POINT ( 'NONE',  ( -14.49999999999999112, -0.01615007702391452193, 2.000000000000000000 ) ) ;
#1002 = VERTEX_POINT ( 'NONE', #771 ) ;
#1003 = CARTESIAN_POINT ( 'NONE',  ( 16.50000000000001776, -1.821970552803938492, 31.80668158741080376 ) ) ;
#1004 = CARTESIAN_POINT ( 'NONE',  ( 1.000000000000003331, 5.999999999999988454, 34.30000000000000426 ) ) ;
#1005 = CARTESIAN_POINT ( 'NONE',  ( 14.93039104136135364, -0.9474557249650309432, 36.60335192039793384 ) ) ;
#1006 = CARTESIAN_POINT ( 'NONE',  ( 16.26012938557959586, -10.58367792907679039, 12.62812055906486641 ) ) ;
#1007 = CARTESIAN_POINT ( 'NONE',  ( -16.11587027511725267, -10.97313290086318105, 11.74420276048904022 ) ) ;
#1008 = DIRECTION ( 'NONE',  ( 2.478176394252582620E-16, -1.000000000000000000, -1.141265444721583757E-16 ) ) ;
#1009 = EDGE_LOOP ( 'NONE', ( #267, #852, #562, #1231 ) ) ;
#1010 = FACE_OUTER_BOUND ( 'NONE', #761, .T. ) ;
#1011 = CARTESIAN_POINT ( 'NONE',  ( 6.499999999999997335, 14.00000000000000000, 25.50000000000000355 ) ) ;
#1012 = FACE_OUTER_BOUND ( 'NONE', #230, .T. ) ;
#1013 = ORIENTED_EDGE ( 'NONE', *, *, #250, .T. ) ;
#1014 = CARTESIAN_POINT ( 'NONE',  ( 1.982541115402066490E-15, 5.999999999999992006, 6.699999999999998401 ) ) ;
#1015 = EDGE_CURVE ( 'NONE', #710, #380, #236, .T. ) ;
#1016 = EDGE_CURVE ( 'NONE', #128, #993, #1027, .T. ) ;
#1017 = ORIENTED_EDGE ( 'NONE', *, *, #109, .T. ) ;
#1018 = CARTESIAN_POINT ( 'NONE',  ( 1.387778780781445676E-14, 1.999999999999990008, 46.00000000000000711 ) ) ;
#1019 = EDGE_LOOP ( 'NONE', ( #1228, #1139, #1054, #178, #1080 ) ) ;
#1020 = CARTESIAN_POINT ( 'NONE',  ( -2.401924812890963912E-15, 13.99999999999999822, 25.50000000000000355 ) ) ;
#1021 = EDGE_LOOP ( 'NONE', ( #1233, #489, #981, #614 ) ) ;
#1022 = FACE_BOUND ( 'NONE', #1318, .T. ) ;
#1023 =( LENGTH_UNIT ( ) NAMED_UNIT ( * ) SI_UNIT ( .MILLI., .METRE. ) );
#1024 = CIRCLE ( 'NONE', #1191, 1.000000000000000444 ) ;
#1025 = ORIENTED_EDGE ( 'NONE', *, *, #1286, .T. ) ;
#1026 = CARTESIAN_POINT ( 'NONE',  ( -5.249999999999989342, 6.429395695523590348E-16, 2.500000000000003997 ) ) ;
#1027 = CIRCLE ( 'NONE', #233, 6.500000000000000000 ) ;
#1028 = CIRCLE ( 'NONE', #1197, 13.50000000000000000 ) ;
#1029 = ORIENTED_EDGE ( 'NONE', *, *, #534, .T. ) ;
#1030 = DIRECTION ( 'NONE',  ( 0.000000000000000000, 0.000000000000000000, -1.000000000000000000 ) ) ;
#1031 = DIRECTION ( 'NONE',  ( 3.016910393003142859E-16, 1.131341397376178572E-16, -1.000000000000000000 ) ) ;
#1032 = EDGE_LOOP ( 'NONE', ( #153, #114, #101, #702, #1188 ) ) ;
#1033 = VECTOR ( 'NONE', #252, 1000.000000000000000 ) ;
#1034 = DIRECTION ( 'NONE',  ( 0.000000000000000000, -1.000000000000000000, 2.045302689116235101E-12 ) ) ;
#1035 = AXIS2_PLACEMENT_3D ( 'NONE', #1026, #46, #802 ) ;
#1036 = CYLINDRICAL_SURFACE ( 'NONE', #99, 1.000000000000001332 ) ;
#1037 = CARTESIAN_POINT ( 'NONE',  ( -1.495252330888646844E-15, 5.999999999999988454, 32.00000000000000000 ) ) ;
#1038 = CARTESIAN_POINT ( 'NONE',  ( -14.49999999999999112, -0.01615007702391452193, -5.500000000000000000 ) ) ;
#1039 = EDGE_CURVE ( 'NONE', #412, #818, #461, .T. ) ;
#1040 = CIRCLE ( 'NONE', #632, 5.000000000000000888 ) ;
#1041 = VERTEX_POINT ( 'NONE', #126 ) ;
#1042 = CARTESIAN_POINT ( 'NONE',  ( 6.500000000000022204, 12.49999999999999289, 9.000000000000003553 ) ) ;
#1043 = CARTESIAN_POINT ( 'NONE',  ( -0.2499999999999889533, 3.061616997868241269E-17, 2.500000000000003997 ) ) ;
#1044 = LINE ( 'NONE', #1050, #331 ) ;
#1045 = DIRECTION ( 'NONE',  ( -0.000000000000000000, 0.000000000000000000, -1.000000000000000000 ) ) ;
#1046 = ADVANCED_FACE ( 'NONE', ( #665 ), #336, .F. ) ;
#1047 = CARTESIAN_POINT ( 'NONE',  ( -13.49999999999998401, 0.3618449996074176722, 28.00000000000641975 ) ) ;
#1048 = CIRCLE ( 'NONE', #732, 13.50000000000000000 ) ;
#1049 = CARTESIAN_POINT ( 'NONE',  ( -9.424093175109462095, -0.7169895904397589614, 37.27137826717989810 ) ) ;
#1050 = CARTESIAN_POINT ( 'NONE',  ( -0.9999999999999840128, 3.499999999999987566, 40.50000000000000000 ) ) ;
#1051 = FACE_OUTER_BOUND ( 'NONE', #1226, .T. ) ;
#1052 = DIRECTION ( 'NONE',  ( -1.239088197126291063E-16, 1.000000000000000000, -0.000000000000000000 ) ) ;
#1053 = CIRCLE ( 'NONE', #443, 2.600000000000000089 ) ;
#1054 = ORIENTED_EDGE ( 'NONE', *, *, #161, .T. ) ;
#1055 = AXIS2_PLACEMENT_3D ( 'NONE', #550, #17, #436 ) ;
#1056 = CARTESIAN_POINT ( 'NONE',  ( 2.689953469635434580, 0.3340662818764853492, 40.41364953905303992 ) ) ;
#1057 = DIRECTION ( 'NONE',  ( -1.000000000000000000, 0.000000000000000000, 0.000000000000000000 ) ) ;
#1058 = DIRECTION ( 'NONE',  ( 3.016910393003144831E-16, -1.000000000000000000, 0.000000000000000000 ) ) ;
#1059 = EDGE_CURVE ( 'NONE', #864, #1002, #420, .T. ) ;
#1060 = ORIENTED_EDGE ( 'NONE', *, *, #1299, .T. ) ;
#1061 = EDGE_CURVE ( 'NONE', #723, #554, #541, .T. ) ;
#1062 = CARTESIAN_POINT ( 'NONE',  ( 6.688977257544336474, -0.07635106682433986935, 39.16179186652002642 ) ) ;
#1063 = DIRECTION ( 'NONE',  ( 1.000000000000000000, 2.668805347656626185E-16, 0.000000000000000000 ) ) ;
#1064 = FACE_BOUND ( 'NONE', #714, .T. ) ;
#1065 = ORIENTED_EDGE ( 'NONE', *, *, #352, .T. ) ;
#1066 = CARTESIAN_POINT ( 'NONE',  ( 6.500000000000014211, 12.49999999999999112, 32.00000000000000000 ) ) ;
#1067 = CARTESIAN_POINT ( 'NONE',  ( -2.051644111011029768E-15, 12.49999999999998934, 25.50000000000000355 ) ) ;
#1068 = AXIS2_PLACEMENT_3D ( 'NONE', #1158, #948, #307 ) ;
#1069 = DIRECTION ( 'NONE',  ( -0.000000000000000000, -0.000000000000000000, -1.000000000000000000 ) ) ;
#1070 = EDGE_LOOP ( 'NONE', ( #363, #376, #631, #611, #251 ) ) ;
#1071 = CARTESIAN_POINT ( 'NONE',  ( -13.49999999999998046, -14.00000000000001243, 2.500000000000003997 ) ) ;
#1072 = CYLINDRICAL_SURFACE ( 'NONE', #70, 13.50000000000000000 ) ;
#1073 = VECTOR ( 'NONE', #987, 1000.000000000000000 ) ;
#1074 = DIRECTION ( 'NONE',  ( -1.000000000000000000, -2.478176394252581634E-16, -3.016910393003142859E-16 ) ) ;
#1075 = ORIENTED_EDGE ( 'NONE', *, *, #1098, .F. ) ;
#1076 = ORIENTED_EDGE ( 'NONE', *, *, #271, .T. ) ;
#1077 = SURFACE_STYLE_FILL_AREA ( #218 ) ;
#1078 = LINE ( 'NONE', #214, #438 ) ;
#1079 = ORIENTED_EDGE ( 'NONE', *, *, #741, .F. ) ;
#1080 = ORIENTED_EDGE ( 'NONE', *, *, #351, .F. ) ;
#1081 = ORIENTED_EDGE ( 'NONE', *, *, #834, .F. ) ;
#1082 = LINE ( 'NONE', #766, #326 ) ;
#1083 = CARTESIAN_POINT ( 'NONE',  ( -5.249999999999989342, 6.429395695523590348E-16, 2.000000000000000000 ) ) ;
#1084 = CIRCLE ( 'NONE', #850, 6.500000000000000000 ) ;
#1085 = CIRCLE ( 'NONE', #1309, 1.300000000000000044 ) ;
#1086 = ORIENTED_EDGE ( 'NONE', *, *, #1286, .F. ) ;
#1087 = ORIENTED_EDGE ( 'NONE', *, *, #1165, .T. ) ;
#1088 = DIRECTION ( 'NONE',  ( 0.000000000000000000, -0.000000000000000000, 1.000000000000000000 ) ) ;
#1089 = AXIS2_PLACEMENT_3D ( 'NONE', #139, #571, #486 ) ;
#1090 = PRODUCT_DEFINITION_SHAPE ( 'NONE', 'NONE',  #1203 ) ;
#1091 = CIRCLE ( 'NONE', #492, 16.50000000000000000 ) ;
#1092 = CARTESIAN_POINT ( 'NONE',  ( -13.49999999999998401, 1.883110361404753297, 62.19094584992035379 ) ) ;
#1093 = ORIENTED_EDGE ( 'NONE', *, *, #270, .F. ) ;
#1094 = ORIENTED_EDGE ( 'NONE', *, *, #555, .T. ) ;
#1095 = EDGE_CURVE ( 'NONE', #278, #705, #453, .T. ) ;
#1096 = EDGE_LOOP ( 'NONE', ( #155, #200, #754, #1131, #641 ) ) ;
#1097 = CARTESIAN_POINT ( 'NONE',  ( -16.50000000000001421, 1.999999999999986233, 46.00000000000000711 ) ) ;
#1098 = EDGE_CURVE ( 'NONE', #380, #1174, #713, .T. ) ;
#1099 = CARTESIAN_POINT ( 'NONE',  ( -15.51392983208394583, -1.466788650832841157, 35.14312579752753862 ) ) ;
#1100 = CYLINDRICAL_SURFACE ( 'NONE', #511, 1.300000000000000044 ) ;
#1101 = AXIS2_PLACEMENT_3D ( 'NONE', #1066, #1171, #865 ) ;
#1102 = FACE_OUTER_BOUND ( 'NONE', #58, .T. ) ;
#1103 = VERTEX_POINT ( 'NONE', #535 ) ;
#1104 = VERTEX_POINT ( 'NONE', #442 ) ;
#1105 = CYLINDRICAL_SURFACE ( 'NONE', #1089, 16.50000000000000000 ) ;
#1106 = CARTESIAN_POINT ( 'NONE',  ( -0.9999999999999904521, -0.01615007702391452193, 2.000000000000000000 ) ) ;
#1107 = CARTESIAN_POINT ( 'NONE',  ( 12.24078616706561817, 0.3873833248724604661, 40.57733205938559706 ) ) ;
#1108 = VECTOR ( 'NONE', #874, 1000.000000000000000 ) ;
#1109 = FACE_OUTER_BOUND ( 'NONE', #124, .T. ) ;
#1110 = ORIENTED_EDGE ( 'NONE', *, *, #220, .F. ) ;
#1111 = CARTESIAN_POINT ( 'NONE',  ( -13.49999999999998401, 3.499999999999984457, 40.50000000000000000 ) ) ;
#1112 = ORIENTED_EDGE ( 'NONE', *, *, #1366, .T. ) ;
#1113 = CARTESIAN_POINT ( 'NONE',  ( -0.9999999999999985567, 5.999999999999992006, 6.699999999999999289 ) ) ;
#1114 = DIRECTION ( 'NONE',  ( -1.982541115402065110E-16, 1.000000000000000000, 0.000000000000000000 ) ) ;
#1115 = FACE_BOUND ( 'NONE', #21, .T. ) ;
#1116 = VECTOR ( 'NONE', #1349, 1000.000000000000000 ) ;
#1117 = DIRECTION ( 'NONE',  ( 1.000000000000000000, 2.335204679199547974E-16, 0.000000000000000000 ) ) ;
#1118 = EDGE_CURVE ( 'NONE', #20, #803, #879, .T. ) ;
#1119 = EDGE_CURVE ( 'NONE', #1310, #222, #325, .T. ) ;
#1120 = VERTEX_POINT ( 'NONE', #651 ) ;
#1121 = EDGE_CURVE ( 'NONE', #579, #1122, #1078, .T. ) ;
#1122 = VERTEX_POINT ( 'NONE', #983 ) ;
#1123 = CARTESIAN_POINT ( 'NONE',  ( -10.24961031452569848, 0.9734254702346699650, 42.44192647971804888 ) ) ;
#1124 = EDGE_LOOP ( 'NONE', ( #282, #911, #775, #345, #210, #1081 ) ) ;
#1125 = LINE ( 'NONE', #24, #922 ) ;
#1126 = UNCERTAINTY_MEASURE_WITH_UNIT (LENGTH_MEASURE( 1.000000000000000082E-05 ), #557, 'distance_accuracy_value', 'NONE');
#1127 = ORIENTED_EDGE ( 'NONE', *, *, #109, .F. ) ;
#1128 = FACE_OUTER_BOUND ( 'NONE', #129, .T. ) ;
#1129 = VERTEX_POINT ( 'NONE', #227 ) ;
#1130 = CARTESIAN_POINT ( 'NONE',  ( -4.384168501179387611, 1.841053649958382055, 45.41662916968591901 ) ) ;
#1131 = ORIENTED_EDGE ( 'NONE', *, *, #1061, .T. ) ;
#1132 = DIRECTION ( 'NONE',  ( 1.000000000000000000, 2.502023520930011921E-16, 2.094230375550030299E-33 ) ) ;
#1133 = CARTESIAN_POINT ( 'NONE',  ( 1.387778780781445676E-14, 1.999999999999990008, 46.00000000000000711 ) ) ;
#1134 = ORIENTED_EDGE ( 'NONE', *, *, #1180, .T. ) ;
#1135 = FACE_BOUND ( 'NONE', #677, .T. ) ;
#1136 = EDGE_CURVE ( 'NONE', #1122, #705, #752, .T. ) ;
#1137 = CARTESIAN_POINT ( 'NONE',  ( -10.27916808946605620, -1.026437368248698245, 36.38543318896318368 ) ) ;
#1138 = AXIS2_PLACEMENT_3D ( 'NONE', #727, #1369, #858 ) ;
#1139 = ORIENTED_EDGE ( 'NONE', *, *, #97, .T. ) ;
#1140 = DIRECTION ( 'NONE',  ( -1.000000000000000000, 0.000000000000000000, 0.000000000000000000 ) ) ;
#1141 = CARTESIAN_POINT ( 'NONE',  ( -6.499999999999984901, 12.49999999999998757, 32.00000000000000000 ) ) ;
#1142 = VECTOR ( 'NONE', #32, 1000.000000000000000 ) ;
#1143 = ADVANCED_BREP_SHAPE_REPRESENTATION ( 'Link_3', ( #496, #116 ), #483 ) ;
#1144 = ORIENTED_EDGE ( 'NONE', *, *, #1279, .F. ) ;
#1145 = VECTOR ( 'NONE', #929, 1000.000000000000000 ) ;
#1146 = FACE_OUTER_BOUND ( 'NONE', #529, .T. ) ;
#1147 = AXIS2_PLACEMENT_3D ( 'NONE', #659, #472, #353 ) ;
#1148 = DIRECTION ( 'NONE',  ( 1.000000000000000000, 0.000000000000000000, 0.000000000000000000 ) ) ;
#1149 = EDGE_CURVE ( 'NONE', #265, #822, #1048, .T. ) ;
#1150 = EDGE_CURVE ( 'NONE', #696, #322, #646, .T. ) ;
#1151 = DIRECTION ( 'NONE',  ( -1.000000000000000000, 0.000000000000000000, 0.000000000000000000 ) ) ;
#1152 = DIRECTION ( 'NONE',  ( -0.000000000000000000, -0.000000000000000000, 1.000000000000000000 ) ) ;
#1153 = DIRECTION ( 'NONE',  ( 2.477167736091406015E-16, -1.000000000000000000, 2.045302689116235101E-12 ) ) ;
#1154 = DIRECTION ( 'NONE',  ( -1.000000000000000000, 0.000000000000000000, 0.000000000000000000 ) ) ;
#1155 = ORIENTED_EDGE ( 'NONE', *, *, #110, .T. ) ;
#1156 = FACE_OUTER_BOUND ( 'NONE', #1335, .T. ) ;
#1157 = DIRECTION ( 'NONE',  ( -1.000000000000000000, -2.335204679199548467E-16, -0.000000000000000000 ) ) ;
#1158 = CARTESIAN_POINT ( 'NONE',  ( -2.051644111011029768E-15, 12.49999999999998934, 25.50000000000000355 ) ) ;
#1159 = CARTESIAN_POINT ( 'NONE',  ( -13.49999999999998046, -3.845320100096277116, 28.79320075581079053 ) ) ;
#1160 = PRODUCT_DEFINITION_FORMATION_WITH_SPECIFIED_SOURCE ( 'ANY', '', #123, .NOT_KNOWN. ) ;
#1161 = DIRECTION ( 'NONE',  ( -1.000000000000000000, 0.000000000000000000, 0.000000000000000000 ) ) ;
#1162 = DIRECTION ( 'NONE',  ( 2.478176394252582620E-16, -1.000000000000000000, -1.141265444721583757E-16 ) ) ;
#1163 = ADVANCED_FACE ( 'NONE', ( #551 ), #545, .F. ) ;
#1164 = CARTESIAN_POINT ( 'NONE',  ( 6.195440985631463206E-16, 11.49999999999998934, 34.30000000000000426 ) ) ;
#1165 = EDGE_CURVE ( 'NONE', #914, #536, #1082, .T. ) ;
#1166 = VECTOR ( 'NONE', #846, 1000.000000000000000 ) ;
#1167 = ORIENTED_EDGE ( 'NONE', *, *, #1118, .T. ) ;
#1168 = CARTESIAN_POINT ( 'NONE',  ( 11.94350000149692725, -1.844958433073962123, 34.09493572978327336 ) ) ;
#1169 = CARTESIAN_POINT ( 'NONE',  ( -2.401924812890963912E-15, 13.99999999999999822, 25.50000000000000355 ) ) ;
#1170 = CARTESIAN_POINT ( 'NONE',  ( 6.499999999999997335, 14.00000000000000000, 25.50000000000000355 ) ) ;
#1171 = DIRECTION ( 'NONE',  ( 1.000000000000000000, 2.478176394252581634E-16, 3.394024192128536456E-16 ) ) ;
#1172 = CARTESIAN_POINT ( 'NONE',  ( 11.50000000000001599, -9.000000000000003553, 46.00000000000000000 ) ) ;
#1173 = PLANE ( 'NONE',  #1308 ) ;
#1174 = VERTEX_POINT ( 'NONE', #100 ) ;
#1175 = ADVANCED_FACE ( 'NONE', ( #104 ), #971, .F. ) ;
#1176 = LINE ( 'NONE', #845, #990 ) ;
#1177 = DIRECTION ( 'NONE',  ( -0.000000000000000000, -0.000000000000000000, -1.000000000000000000 ) ) ;
#1178 = DIRECTION ( 'NONE',  ( 1.000000000000000000, 2.775557561562891351E-16, 0.000000000000000000 ) ) ;
#1179 = CARTESIAN_POINT ( 'NONE',  ( 7.350000000000011191, 3.184081677783118191E-16, 2.000000000000000000 ) ) ;
#1180 = EDGE_CURVE ( 'NONE', #860, #1291, #1213, .T. ) ;
#1181 = DIRECTION ( 'NONE',  ( 2.478176394252582127E-16, -1.000000000000000000, -1.141265444721583757E-16 ) ) ;
#1182 = EDGE_LOOP ( 'NONE', ( #1086, #1208, #224, #685 ) ) ;
#1183 = ORIENTED_EDGE ( 'NONE', *, *, #708, .F. ) ;
#1184 = ORIENTED_EDGE ( 'NONE', *, *, #504, .F. ) ;
#1185 = CARTESIAN_POINT ( 'NONE',  ( -11.49999999999998579, -9.000000000000005329, 2.500000000000002220 ) ) ;
#1186 = CARTESIAN_POINT ( 'NONE',  ( 1.050000000000010925, 1.898202538678383161E-16, 9.853910524340097510 ) ) ;
#1187 = DIRECTION ( 'NONE',  ( -1.000000000000000000, 0.000000000000000000, 0.000000000000000000 ) ) ;
#1188 = ORIENTED_EDGE ( 'NONE', *, *, #936, .T. ) ;
#1189 = VERTEX_POINT ( 'NONE', #894 ) ;
#1190 = SURFACE_SIDE_STYLE ('',( #1077 ) ) ;
#1191 = AXIS2_PLACEMENT_3D ( 'NONE', #1247, #395, #798 ) ;
#1192 = CARTESIAN_POINT ( 'NONE',  ( 6.195440985631463206E-16, 11.49999999999998934, 34.30000000000000426 ) ) ;
#1193 = AXIS2_PLACEMENT_3D ( 'NONE', #18, #560, #779 ) ;
#1194 = ADVANCED_FACE ( 'NONE', ( #1109 ), #1100, .F. ) ;
#1195 = EDGE_CURVE ( 'NONE', #451, #1120, #654, .T. ) ;
#1196 = FACE_BOUND ( 'NONE', #877, .T. ) ;
#1197 = AXIS2_PLACEMENT_3D ( 'NONE', #951, #1265, #1372 ) ;
#1198 = AXIS2_PLACEMENT_3D ( 'NONE', #1106, #572, #1324 ) ;
#1199 = EDGE_LOOP ( 'NONE', ( #1243, #136, #10 ) ) ;
#1200 = ORIENTED_EDGE ( 'NONE', *, *, #220, .T. ) ;
#1201 = CARTESIAN_POINT ( 'NONE',  ( -16.49999999999998579, -5.914605801786434469, 23.43745617248027813 ) ) ;
#1202 = DIRECTION ( 'NONE',  ( 0.000000000000000000, 0.000000000000000000, -1.000000000000000000 ) ) ;
#1203 = PRODUCT_DEFINITION ( 'UNKNOWN', '', #1160, #82 ) ;
#1204 = CIRCLE ( 'NONE', #853, 1.300000000000000044 ) ;
#1205 = AXIS2_PLACEMENT_3D ( 'NONE', #1083, #772, #1207 ) ;
#1206 = DIRECTION ( 'NONE',  ( 0.000000000000000000, -0.000000000000000000, 1.000000000000000000 ) ) ;
#1207 = DIRECTION ( 'NONE',  ( -1.000000000000000000, 0.000000000000000000, 0.000000000000000000 ) ) ;
#1208 = ORIENTED_EDGE ( 'NONE', *, *, #972, .F. ) ;
#1209 = ORIENTED_EDGE ( 'NONE', *, *, #680, .F. ) ;
#1210 = CARTESIAN_POINT ( 'NONE',  ( 16.50000000000001421, 1.999999999999994449, 46.00000000000000711 ) ) ;
#1211 = DIRECTION ( 'NONE',  ( 2.478176394252582620E-16, -1.000000000000000000, -1.141265444721583757E-16 ) ) ;
#1212 = CARTESIAN_POINT ( 'NONE',  ( 16.40148449699618638, -2.776549376923016510, 31.57851677661155421 ) ) ;
#1213 = LINE ( 'NONE', #568, #3 ) ;
#1214 = CYLINDRICAL_SURFACE ( 'NONE', #1344, 13.50000000000000000 ) ;
#1215 = DIRECTION ( 'NONE',  ( -1.000000000000000000, 0.000000000000000000, 0.000000000000000000 ) ) ;
#1216 = ORIENTED_EDGE ( 'NONE', *, *, #56, .T. ) ;
#1217 = CARTESIAN_POINT ( 'NONE',  ( -16.49999999999998579, -9.000000001148722006, 16.27042983942371634 ) ) ;
#1218 = CARTESIAN_POINT ( 'NONE',  ( 13.50000000000001954, -14.00000000000000533, 2.500000000000003997 ) ) ;
#1219 = ADVANCED_FACE ( 'NONE', ( #1012 ), #682, .F. ) ;
#1220 = CARTESIAN_POINT ( 'NONE',  ( 10.28437570595452577, 0.9768198984600449108, 42.44894495356566466 ) ) ;
#1221 = AXIS2_PLACEMENT_3D ( 'NONE', #639, #1074, #1293 ) ;
#1222 = UNCERTAINTY_MEASURE_WITH_UNIT (LENGTH_MEASURE( 1.000000000000000082E-05 ), #1023, 'distance_accuracy_value', 'NONE');
#1223 = CARTESIAN_POINT ( 'NONE',  ( -16.49999999999998579, -14.00000000000000533, 46.00000000000000000 ) ) ;
#1224 = EDGE_LOOP ( 'NONE', ( #1167, #524, #244, #985, #429, #1029 ) ) ;
#1225 = PLANE ( 'NONE',  #1334 ) ;
#1226 = EDGE_LOOP ( 'NONE', ( #1094, #544, #378, #773 ) ) ;
#1227 = CARTESIAN_POINT ( 'NONE',  ( -3.847689412529346598, 1.878959864066961805, 45.55461217838978172 ) ) ;
#1228 = ORIENTED_EDGE ( 'NONE', *, *, #636, .T. ) ;
#1229 = PLANE ( 'NONE',  #240 ) ;
#1230 = VECTOR ( 'NONE', #866, 1000.000000000000000 ) ;
#1231 = ORIENTED_EDGE ( 'NONE', *, *, #872, .T. ) ;
#1232 = DIRECTION ( 'NONE',  ( -0.000000000000000000, -0.000000000000000000, -1.000000000000000000 ) ) ;
#1233 = ORIENTED_EDGE ( 'NONE', *, *, #936, .F. ) ;
#1234 = CARTESIAN_POINT ( 'NONE',  ( -16.10647928695746600, -2.203188107229745896, 33.11998848514978988 ) ) ;
#1235 = ORIENTED_EDGE ( 'NONE', *, *, #415, .T. ) ;
#1236 = CARTESIAN_POINT ( 'NONE',  ( 11.50000000000001599, -9.000000000000003553, -5.500000000000000000 ) ) ;
#1237 = CARTESIAN_POINT ( 'NONE',  ( 1.120418033263997026, 1.992315360271848412, 45.97140878105989259 ) ) ;
#1238 = EDGE_LOOP ( 'NONE', ( #1322, #670, #953, #735 ) ) ;
#1239 = PLANE ( 'NONE',  #800 ) ;
#1240 = VECTOR ( 'NONE', #206, 1000.000000000000000 ) ;
#1241 =( NAMED_UNIT ( * ) PLANE_ANGLE_UNIT ( ) SI_UNIT ( $, .RADIAN. ) );
#1242 = CARTESIAN_POINT ( 'NONE',  ( -0.9999999999999835687, 1.883110361334825456, 28.00000000000330758 ) ) ;
#1243 = ORIENTED_EDGE ( 'NONE', *, *, #1387, .F. ) ;
#1244 = DIRECTION ( 'NONE',  ( -0.000000000000000000, -0.000000000000000000, -1.000000000000000000 ) ) ;
#1245 = CARTESIAN_POINT ( 'NONE',  ( -13.49999999999998046, -13.58257569875775950, 5.918310687302863471 ) ) ;
#1246 = ORIENTED_EDGE ( 'NONE', *, *, #270, .T. ) ;
#1247 = CARTESIAN_POINT ( 'NONE',  ( 6.195440985631463206E-16, 11.49999999999999289, 6.699999999999999289 ) ) ;
#1248 = EDGE_CURVE ( 'NONE', #1291, #518, #257, .T. ) ;
#1249 = EDGE_CURVE ( 'NONE', #803, #1129, #799, .T. ) ;
#1250 = DIRECTION ( 'NONE',  ( 2.478176394252581634E-16, -1.000000000000000000, -1.141265444721583757E-16 ) ) ;
#1251 = AXIS2_PLACEMENT_3D ( 'NONE', #1192, #1181, #868 ) ;
#1252 = ORIENTED_EDGE ( 'NONE', *, *, #1119, .T. ) ;
#1253 = DIRECTION ( 'NONE',  ( -1.000000000000000000, 0.000000000000000000, 0.000000000000000000 ) ) ;
#1254 = DIRECTION ( 'NONE',  ( -1.000000000000000000, -2.477167736091407494E-16, -6.698276794159437052E-20 ) ) ;
#1255 = DIRECTION ( 'NONE',  ( 2.502023520930011921E-16, -1.000000000000000000, -1.310583749058577098E-16 ) ) ;
#1256 = STYLED_ITEM ( 'NONE', ( #107 ), #496 ) ;
#1257 = CARTESIAN_POINT ( 'NONE',  ( -3.949999999999989075, 8.021436534415149443E-16, 2.000000000000000000 ) ) ;
#1258 = EDGE_LOOP ( 'NONE', ( #742, #653, #338, #1076, #327, #675 ) ) ;
#1259 = CARTESIAN_POINT ( 'NONE',  ( 16.50000000000001421, -3.572482971872112945, 29.49999999999776534 ) ) ;
#1260 = DIRECTION ( 'NONE',  ( -1.000000000000000000, 0.000000000000000000, 0.000000000000000000 ) ) ;
#1261 = CARTESIAN_POINT ( 'NONE',  ( 1.387778780781445360E-14, 3.439160614977207181E-30, 29.50000000000000000 ) ) ;
#1262 = ORIENTED_EDGE ( 'NONE', *, *, #1195, .F. ) ;
#1263 = CARTESIAN_POINT ( 'NONE',  ( -7.427429026036483251, -0.2212020322685602502, 38.72917803915781576 ) ) ;
#1264 = CARTESIAN_POINT ( 'NONE',  ( 6.195440985631463206E-16, 11.49999999999999289, 6.699999999999999289 ) ) ;
#1265 = DIRECTION ( 'NONE',  ( 0.000000000000000000, 0.000000000000000000, -1.000000000000000000 ) ) ;
#1266 = ADVANCED_FACE ( 'NONE', ( #465 ), #585, .F. ) ;
#1267 = EDGE_CURVE ( 'NONE', #1104, #238, #827, .T. ) ;
#1268 = FACE_OUTER_BOUND ( 'NONE', #85, .T. ) ;
#1269 = AXIS2_PLACEMENT_3D ( 'NONE', #684, #480, #1215 ) ;
#1270 = CARTESIAN_POINT ( 'NONE',  ( 10.27029076634378413, -1.023038452909478258, 36.39512487327301926 ) ) ;
#1271 = DIRECTION ( 'NONE',  ( 1.000000000000000000, 2.668805347656626185E-16, 0.000000000000000000 ) ) ;
#1272 = VECTOR ( 'NONE', #1152, 1000.000000000000000 ) ;
#1273 = CIRCLE ( 'NONE', #1379, 1.300000000000000044 ) ;
#1274 = CARTESIAN_POINT ( 'NONE',  ( 1.000000000000002442, 5.999999999999992006, 6.699999999999998401 ) ) ;
#1275 = VERTEX_POINT ( 'NONE', #259 ) ;
#1276 = CARTESIAN_POINT ( 'NONE',  ( -0.9999999999999993339, 5.999999999999988454, 34.30000000000000426 ) ) ;
#1277 = DIRECTION ( 'NONE',  ( -1.000000000000000000, 0.000000000000000000, 0.000000000000000000 ) ) ;
#1278 = PLANE ( 'NONE',  #1306 ) ;
#1279 = EDGE_CURVE ( 'NONE', #968, #549, #192, .T. ) ;
#1280 = ORIENTED_EDGE ( 'NONE', *, *, #1267, .F. ) ;
#1281 = EDGE_LOOP ( 'NONE', ( #51, #334, #168, #1296 ) ) ;
#1282 = VECTOR ( 'NONE', #964, 1000.000000000000000 ) ;
#1283 = CARTESIAN_POINT ( 'NONE',  ( -13.49999999999998401, 5.999999999999989342, 2.500000000000004441 ) ) ;
#1284 = PLANE ( 'NONE',  #1055 ) ;
#1285 = CARTESIAN_POINT ( 'NONE',  ( -13.49999999999998046, -14.00000000000001243, 2.500000000000003997 ) ) ;
#1286 = EDGE_CURVE ( 'NONE', #548, #549, #807, .T. ) ;
#1287 = CARTESIAN_POINT ( 'NONE',  ( 8.775204447850056155, -0.5373693771022997057, 37.79624870827938565 ) ) ;
#1288 = PLANE ( 'NONE',  #366 ) ;
#1289 = DIRECTION ( 'NONE',  ( 2.477167736091407494E-16, -1.000000000000000000, 0.000000000000000000 ) ) ;
#1290 = VERTEX_POINT ( 'NONE', #1001 ) ;
#1291 = VERTEX_POINT ( 'NONE', #169 ) ;
#1292 = FACE_OUTER_BOUND ( 'NONE', #660, .T. ) ;
#1293 = DIRECTION ( 'NONE',  ( -3.016910393003142859E-16, 0.000000000000000000, 1.000000000000000000 ) ) ;
#1294 = ORIENTED_EDGE ( 'NONE', *, *, #89, .T. ) ;
#1295 = EDGE_LOOP ( 'NONE', ( #174, #1209, #543, #242, #1262, #691 ) ) ;
#1296 = ORIENTED_EDGE ( 'NONE', *, *, #1321, .F. ) ;
#1297 = CARTESIAN_POINT ( 'NONE',  ( 6.499999999999998224, 12.49999999999999112, 25.50000000000000355 ) ) ;
#1298 = ADVANCED_FACE ( 'NONE', ( #819 ), #44, .F. ) ;
#1299 = EDGE_CURVE ( 'NONE', #818, #412, #232, .T. ) ;
#1300 = CARTESIAN_POINT ( 'NONE',  ( -0.2499999999999889533, 3.061616997868241269E-17, 2.000000000000000000 ) ) ;
#1301 = PLANE ( 'NONE',  #607 ) ;
#1302 = ORIENTED_EDGE ( 'NONE', *, *, #606, .T. ) ;
#1303 = LINE ( 'NONE', #431, #1073 ) ;
#1304 = CARTESIAN_POINT ( 'NONE',  ( -11.08257683605272170, 0.7550493704557108554, 41.73619480390232894 ) ) ;
#1305 = CARTESIAN_POINT ( 'NONE',  ( -16.49999999999998934, 13.99999999999999112, -5.500000000000000000 ) ) ;
#1306 = AXIS2_PLACEMENT_3D ( 'NONE', #505, #967, #1 ) ;
#1307 = ORIENTED_EDGE ( 'NONE', *, *, #726, .F. ) ;
#1308 = AXIS2_PLACEMENT_3D ( 'NONE', #1164, #185, #193 ) ;
#1309 = AXIS2_PLACEMENT_3D ( 'NONE', #513, #722, #1154 ) ;
#1310 = VERTEX_POINT ( 'NONE', #379 ) ;
#1311 = ORIENTED_EDGE ( 'NONE', *, *, #1136, .F. ) ;
#1312 = ORIENTED_EDGE ( 'NONE', *, *, #1387, .T. ) ;
#1313 = FACE_OUTER_BOUND ( 'NONE', #1021, .T. ) ;
#1314 = CARTESIAN_POINT ( 'NONE',  ( -14.63822312852308549, -12.90476308337197509, 7.416841313516606249 ) ) ;
#1315 = B_SPLINE_CURVE_WITH_KNOTS ( 'NONE', 3,
 ( #652, #576, #553, #984, #1007, #36, #372, #915, #1314, #566, #164, #140 ),
 .UNSPECIFIED., .F., .F.,
 ( 4, 2, 2, 2, 2, 4 ),
 ( 2.375425563291833921E-14, 0.002968104002163411432, 0.005936208004303068428, 0.008904312006442724123, 0.01038836400751255371, 0.01187241600858238155 ),
 .UNSPECIFIED. ) ;
#1316 = CARTESIAN_POINT ( 'NONE',  ( 8.468397682308829388, 1.342956188579981003, 43.67197709230858038 ) ) ;
#1317 = CARTESIAN_POINT ( 'NONE',  ( 16.11182090292368585, -10.98247553898965023, 11.72305253401811420 ) ) ;
#1318 = EDGE_LOOP ( 'NONE', ( #16, #844, #293, #1302 ) ) ;
#1319 = PLANE ( 'NONE',  #667 ) ;
#1320 = DIRECTION ( 'NONE',  ( 2.478176394252582620E-16, -1.000000000000000000, -1.141265444721583757E-16 ) ) ;
#1321 = EDGE_CURVE ( 'NONE', #1290, #822, #931, .T. ) ;
#1322 = ORIENTED_EDGE ( 'NONE', *, *, #342, .T. ) ;
#1323 = CARTESIAN_POINT ( 'NONE',  ( 4.750000000000011546, 0.000000000000000000, 2.500000000000003997 ) ) ;
#1324 = DIRECTION ( 'NONE',  ( -1.000000000000000000, 0.000000000000000000, 0.000000000000000000 ) ) ;
#1325 = CARTESIAN_POINT ( 'NONE',  ( -16.49999999999998934, 13.99999999999999112, -5.500000000000000000 ) ) ;
#1326 = CARTESIAN_POINT ( 'NONE',  ( -0.2499999999999889533, 3.061616997868241269E-17, 9.853910524340097510 ) ) ;
#1327 = CARTESIAN_POINT ( 'NONE',  ( 1.000000000000014655, 3.499999999974421794, 28.00000000000000000 ) ) ;
#1328 = DIRECTION ( 'NONE',  ( 2.478176394252582620E-16, -1.000000000000000000, -1.141265444721583757E-16 ) ) ;
#1329 = ORIENTED_EDGE ( 'NONE', *, *, #374, .T. ) ;
#1330 = CARTESIAN_POINT ( 'NONE',  ( -1.121883156933795478, 1.999999999999989120, 45.99999999999998579 ) ) ;
#1331 = ORIENTED_EDGE ( 'NONE', *, *, #627, .T. ) ;
#1332 = CARTESIAN_POINT ( 'NONE',  ( -6.499999999999983125, 5.999999999999988454, 32.00000000000000000 ) ) ;
#1333 = AXIS2_PLACEMENT_3D ( 'NONE', #1223, #583, #1206 ) ;
#1334 = AXIS2_PLACEMENT_3D ( 'NONE', #266, #692, #283 ) ;
#1335 = EDGE_LOOP ( 'NONE', ( #1280, #1017, #1087, #789 ) ) ;
#1336 = DIRECTION ( 'NONE',  ( -5.068620843269181613E-28, 2.045302689116235101E-12, 1.000000000000000000 ) ) ;
#1337 = VECTOR ( 'NONE', #1052, 1000.000000000000000 ) ;
#1338 = ORIENTED_EDGE ( 'NONE', *, *, #726, .T. ) ;
#1339 = CARTESIAN_POINT ( 'NONE',  ( -15.98292891954579709, -2.014676736361614040, 33.63216182666572962 ) ) ;
#1340 = DIRECTION ( 'NONE',  ( 2.478176394252582620E-16, -1.000000000000000000, -1.141265444721583757E-16 ) ) ;
#1341 = CARTESIAN_POINT ( 'NONE',  ( 15.69323557159744986, -1.653886618820513021, 34.62324724787294628 ) ) ;
#1342 = AXIS2_PLACEMENT_3D ( 'NONE', #900, #467, #565 ) ;
#1343 = AXIS2_PLACEMENT_3D ( 'NONE', #1236, #928, #1151 ) ;
#1344 = AXIS2_PLACEMENT_3D ( 'NONE', #767, #991, #1187 ) ;
#1345 = ORIENTED_EDGE ( 'NONE', *, *, #606, .F. ) ;
#1346 = FACE_BOUND ( 'NONE', #260, .T. ) ;
#1347 = CARTESIAN_POINT ( 'NONE',  ( -2.697891761760937257, 0.3267832227376236132, 40.39144799908271466 ) ) ;
#1348 = B_SPLINE_CURVE_WITH_KNOTS ( 'NONE', 2,
 ( #910, #996, #1245 ),
 .UNSPECIFIED., .F., .F.,
 ( 3, 3 ),
 ( 0.5028168256572775885, 0.5037188799327726452 ),
 .UNSPECIFIED. ) ;
#1349 = DIRECTION ( 'NONE',  ( -0.000000000000000000, -0.000000000000000000, -1.000000000000000000 ) ) ;
#1350 = CARTESIAN_POINT ( 'NONE',  ( -13.49999999999998046, -14.00000000000001243, 2.500000000000003997 ) ) ;
#1351 = ADVANCED_FACE ( 'NONE', ( #1354 ), #387, .F. ) ;
#1352 = EDGE_CURVE ( 'NONE', #548, #700, #1024, .T. ) ;
#1353 = EDGE_LOOP ( 'NONE', ( #121, #394, #371, #876, #1312 ) ) ;
#1354 = FACE_OUTER_BOUND ( 'NONE', #1238, .T. ) ;
#1355 = APPLICATION_PROTOCOL_DEFINITION ( 'draft international standard', 'automotive_design', 1998, #847 ) ;
#1356 = CARTESIAN_POINT ( 'NONE',  ( -6.499999999999984901, 12.49999999999998757, 32.00000000000000000 ) ) ;
#1357 = LINE ( 'NONE', #598, #235 ) ;
#1358 = LINE ( 'NONE', #319, #381 ) ;
#1359 = CARTESIAN_POINT ( 'NONE',  ( 13.50000000000001599, 5.999999999999996447, 2.500000000000004441 ) ) ;
#1360 = CARTESIAN_POINT ( 'NONE',  ( -11.94523813836596915, -1.846486022520378967, 34.09080462670791434 ) ) ;
#1361 = CARTESIAN_POINT ( 'NONE',  ( 16.50000000000001421, -9.000000001148718454, 16.27042983942369858 ) ) ;
#1362 = DIRECTION ( 'NONE',  ( 2.477167736091407494E-16, -1.000000000000000000, 0.000000000000000000 ) ) ;
#1363 = CYLINDRICAL_SURFACE ( 'NONE', #118, 1.300000000000000044 ) ;
#1364 = ADVANCED_FACE ( 'NONE', ( #1146 ), #1239, .F. ) ;
#1365 = CARTESIAN_POINT ( 'NONE',  ( -8.799856116083020652, -0.5346056870514850345, 37.80282280534557060 ) ) ;
#1366 = EDGE_CURVE ( 'NONE', #1120, #498, #591, .T. ) ;
#1367 = CARTESIAN_POINT ( 'NONE',  ( 4.750000000000011546, 0.000000000000000000, 2.000000000000000000 ) ) ;
#1368 = LINE ( 'NONE', #842, #1378 ) ;
#1369 = DIRECTION ( 'NONE',  ( 2.478176394252582620E-16, -1.000000000000000000, -1.141265444721583757E-16 ) ) ;
#1370 = VERTEX_POINT ( 'NONE', #499 ) ;
#1371 = DIRECTION ( 'NONE',  ( 2.478176394252582127E-16, -1.000000000000000000, -0.000000000000000000 ) ) ;
#1372 = DIRECTION ( 'NONE',  ( -1.000000000000000000, 0.000000000000000000, 0.000000000000000000 ) ) ;
#1373 = DIRECTION ( 'NONE',  ( -2.502023520930011921E-16, 1.000000000000000000, 1.310583749058577098E-16 ) ) ;
#1374 = ORIENTED_EDGE ( 'NONE', *, *, #219, .F. ) ;
#1375 = VECTOR ( 'NONE', #13, 1000.000000000000000 ) ;
#1376 = CARTESIAN_POINT ( 'NONE',  ( 13.50000000000001599, -7.961049598028239416, 18.30930341444671683 ) ) ;
#1377 = CARTESIAN_POINT ( 'NONE',  ( 13.50000000000001599, 1.883110361404759958, 62.19094584992035379 ) ) ;
#1378 = VECTOR ( 'NONE', #196, 1000.000000000000000 ) ;
#1379 = AXIS2_PLACEMENT_3D ( 'NONE', #1043, #73, #507 ) ;
#1380 = ADVANCED_FACE ( 'NONE', ( #1128 ), #362, .F. ) ;
#1381 = FACE_OUTER_BOUND ( 'NONE', #1258, .T. ) ;
#1382 = AXIS2_PLACEMENT_3D ( 'NONE', #425, #838, #1057 ) ;
#1383 = CLOSED_SHELL ( 'NONE', ( #205, #1380, #1298, #791, #1194, #12, #625, #416, #328, #1163, #1364, #401, #497, #57, #1175, #519, #1219, #559, #1351, #707, #1046, #816, #77, #184, #623, #873, #517, #558, #815, #783, #998, #522, #9, #916, #35, #253, #1389, #375, #956, #895, #1266 ) ) ;
#1384 = CARTESIAN_POINT ( 'NONE',  ( 7.415718104634447805, -0.2101822907945200269, 38.76015298540984588 ) ) ;
#1385 = FACE_OUTER_BOUND ( 'NONE', #1199, .T. ) ;
#1386 = APPLICATION_CONTEXT ( 'automotive_design' ) ;
#1387 = EDGE_CURVE ( 'NONE', #1275, #106, #622, .T. ) ;
#1388 = DIRECTION ( 'NONE',  ( 1.000000000000000000, 2.478176394252582127E-16, -0.000000000000000000 ) ) ;
#1389 = ADVANCED_FACE ( 'NONE', ( #1135, #1022, #52, #1346 ), #1225, .T. ) ;
#1390 = CARTESIAN_POINT ( 'NONE',  ( 10.53856312492550629, -1.130757484486840658, 36.08897737358007163 ) ) ;
#1391 = SURFACE_STYLE_USAGE ( .BOTH. , #1190 ) ;
ENDSEC;
END-ISO-10303-21;
