ISO-10303-21;
HEADER;
FILE_DESCRIPTION (( 'STEP AP214' ),
    '1' );
FILE_NAME ('Link_1_Optimized.STEP',
    '2026-08-17T03:49:42',
    ( '' ),
    ( '' ),
    'SwSTEP 2.0',
    'SolidWorks 2025',
    '' );
FILE_SCHEMA (( 'AUTOMOTIVE_DESIGN' ));
ENDSEC;

DATA;
#1 = CARTESIAN_POINT ( 'NONE',  ( -278.1066884401993207, 75.00000000000000000, 21.00000000000000000 ) ) ;
#2 = CARTESIAN_POINT ( 'NONE',  ( -3.673940397442060756E-15, 150.0000000000000000, 8.000000000000001776 ) ) ;
#3 = CARTESIAN_POINT ( 'NONE',  ( 17.00779500779313125, 72.98242804830888986, 0.000000000000000000 ) ) ;
#4 = CARTESIAN_POINT ( 'NONE',  ( -17.61022728154991057, 24.32550987900665973, 15.19307521742799949 ) ) ;
#5 = CARTESIAN_POINT ( 'NONE',  ( 17.68858478284409941, 125.7537241430311781, 15.29777173284786862 ) ) ;
#6 = CARTESIAN_POINT ( 'NONE',  ( 29.01401778026600908, 140.9395336746692351, 20.63505175791656043 ) ) ;
#7 = EDGE_LOOP ( 'NONE', ( #731, #6395, #5624, #1286 ) ) ;
#8 = ADVANCED_FACE ( 'NONE', ( #3774 ), #2358, .F. ) ;
#9 = VECTOR ( 'NONE', #3077, 1000.000000000000000 ) ;
#10 = CYLINDRICAL_SURFACE ( 'NONE', #1630, 0.9999999999999996669 ) ;
#11 = CARTESIAN_POINT ( 'NONE',  ( -29.76461521083588835, 153.8737997046117982, 4.051065247634425326 ) ) ;
#12 = CARTESIAN_POINT ( 'NONE',  ( 16.66616096458306373, 78.50336434187927637, 14.52273097372590982 ) ) ;
#13 = CARTESIAN_POINT ( 'NONE',  ( -22.39905047270366723, 127.8233531053401606, 21.00000000000040146 ) ) ;
#14 = CARTESIAN_POINT ( 'NONE',  ( -29.29117895776492020, 6.061669235401041078, 1.842441255142753365 ) ) ;
#15 = CARTESIAN_POINT ( 'NONE',  ( -0.9739307408648782971, 50.97559531952740031, 0.000000000000000000 ) ) ;
#16 = EDGE_LOOP ( 'NONE', ( #427, #5860, #2581, #6060, #49 ) ) ;
#17 = ORIENTED_EDGE ( 'NONE', *, *, #2313, .T. ) ;
#18 = VECTOR ( 'NONE', #1550, 1000.000000000000227 ) ;
#19 = CARTESIAN_POINT ( 'NONE',  ( 3.469446951953614189E-15, 100.8161682435899991, 5.565429081048002935 ) ) ;
#20 = CARTESIAN_POINT ( 'NONE',  ( -16.60494366232717312, 71.30417374340417780, 14.45419318771108763 ) ) ;
#21 = ORIENTED_EDGE ( 'NONE', *, *, #3593, .F. ) ;
#22 = CARTESIAN_POINT ( 'NONE',  ( 0.9739307408648782971, 50.97559531952740031, 0.000000000000000000 ) ) ;
#23 = ORIENTED_EDGE ( 'NONE', *, *, #3714, .T. ) ;
#24 = EDGE_CURVE ( 'NONE', #6154, #1853, #2908, .T. ) ;
#25 = EDGE_CURVE ( 'NONE', #3259, #4417, #4374, .T. ) ;
#26 = CARTESIAN_POINT ( 'NONE',  ( 3.616294504566624823, 51.64466530096242991, 14.00000000000000178 ) ) ;
#27 = FACE_OUTER_BOUND ( 'NONE', #2348, .T. ) ;
#28 = LINE ( 'NONE', #844, #3507 ) ;
#29 = CARTESIAN_POINT ( 'NONE',  ( 26.99999999999999289, 150.0000000000000000, 3.312032733496076631 ) ) ;
#30 = CARTESIAN_POINT ( 'NONE',  ( 16.94888251222480235, 72.38227438687165716, 15.05702932919114012 ) ) ;
#31 = DIRECTION ( 'NONE',  ( -0.000000000000000000, -0.000000000000000000, -1.000000000000000000 ) ) ;
#32 = ADVANCED_FACE ( 'NONE', ( #1808 ), #5830, .F. ) ;
#33 = CARTESIAN_POINT ( 'NONE',  ( -12.69298226349019920, 28.78505582825946618, 13.99999999999999645 ) ) ;
#34 = DIRECTION ( 'NONE',  ( -0.9992874795864556958, 0.03774298798119871817, 0.000000000000000000 ) ) ;
#35 = DIRECTION ( 'NONE',  ( -0.000000000000000000, -0.000000000000000000, -1.000000000000000000 ) ) ;
#36 = ORIENTED_EDGE ( 'NONE', *, *, #1553, .F. ) ;
#37 = CARTESIAN_POINT ( 'NONE',  ( -22.31889962375376513, 22.56576214606627673, 17.33808461437823212 ) ) ;
#38 = CYLINDRICAL_SURFACE ( 'NONE', #5385, 1.650000000000000355 ) ;
#39 = EDGE_CURVE ( 'NONE', #548, #4206, #6358, .T. ) ;
#40 = EDGE_CURVE ( 'NONE', #1713, #5755, #6037, .T. ) ;
#41 = DIRECTION ( 'NONE',  ( 0.000000000000000000, -0.000000000000000000, -1.000000000000000000 ) ) ;
#42 = CARTESIAN_POINT ( 'NONE',  ( -27.64740184233343001, 9.747354916944203751, 0.7462734624023653618 ) ) ;
#43 = PLANE ( 'NONE',  #814 ) ;
#44 = VERTEX_POINT ( 'NONE', #2839 ) ;
#45 = AXIS2_PLACEMENT_3D ( 'NONE', #3006, #4446, #5936 ) ;
#46 = CARTESIAN_POINT ( 'NONE',  ( 31.98574451125584517, 75.37742987981194176, 3.500000000000002220 ) ) ;
#47 = CARTESIAN_POINT ( 'NONE',  ( 0.000000000000000000, 27.50000000000000000, 9.000000000000000000 ) ) ;
#48 = ADVANCED_FACE ( 'NONE', ( #1874 ), #2424, .F. ) ;
#49 = ORIENTED_EDGE ( 'NONE', *, *, #5995, .T. ) ;
#50 = CARTESIAN_POINT ( 'NONE',  ( 15.22159531471674754, 75.00000000000005684, 15.43457091895199440 ) ) ;
#51 = ORIENTED_EDGE ( 'NONE', *, *, #868, .F. ) ;
#52 = CIRCLE ( 'NONE', #5558, 9.999999999999998224 ) ;
#53 = CARTESIAN_POINT ( 'NONE',  ( -18.17294631277523465, 126.1292206959188889, 19.24321602748147697 ) ) ;
#54 = CARTESIAN_POINT ( 'NONE',  ( -23.99918072960906557, 130.0774651082687967, 0.000000000000000000 ) ) ;
#55 = ORIENTED_EDGE ( 'NONE', *, *, #4609, .T. ) ;
#56 = EDGE_CURVE ( 'NONE', #3898, #521, #4685, .T. ) ;
#57 = VECTOR ( 'NONE', #2797, 1000.000000000000227 ) ;
#58 = CARTESIAN_POINT ( 'NONE',  ( 23.99918072960906557, 130.0774651082687967, 21.00000000000000000 ) ) ;
#59 = CARTESIAN_POINT ( 'NONE',  ( 48.80872242859231847, 34.64792940963697276, 5.500000000000000000 ) ) ;
#60 = DIRECTION ( 'NONE',  ( -1.000000000000000000, 0.000000000000000000, 0.000000000000000000 ) ) ;
#61 = CARTESIAN_POINT ( 'NONE',  ( 278.1066884401993207, 75.00000000000007105, 15.50000000000000178 ) ) ;
#62 = CARTESIAN_POINT ( 'NONE',  ( 17.61022444761571037, 125.6744872590223565, 15.19307197829907352 ) ) ;
#63 = DIRECTION ( 'NONE',  ( 0.5888628737284321568, -0.8082329589569411388, -0.000000000000000000 ) ) ;
#64 = ORIENTED_EDGE ( 'NONE', *, *, #3645, .T. ) ;
#65 = CARTESIAN_POINT ( 'NONE',  ( -29.82878474018631820, -3.269702183096730774, 21.00000000000001421 ) ) ;
#66 = CARTESIAN_POINT ( 'NONE',  ( 29.50257122212062910, 34.30812915808988350, 2.500000000000002220 ) ) ;
#67 = CARTESIAN_POINT ( 'NONE',  ( 1.641026710857447199E-14, 159.0000000000009663, 15.66690475583125419 ) ) ;
#68 = CARTESIAN_POINT ( 'NONE',  ( 34.78312208934865168, 1.313755036248577257, 15.50000000000000355 ) ) ;
#69 = CARTESIAN_POINT ( 'NONE',  ( -19.99100444264047383, 121.8854384322584821, 14.01778694689474314 ) ) ;
#70 = CARTESIAN_POINT ( 'NONE',  ( 22.26918877706540911, 22.78519862874336610, 15.35724125648303939 ) ) ;
#71 = ORIENTED_EDGE ( 'NONE', *, *, #2862, .F. ) ;
#72 = EDGE_CURVE ( 'NONE', #1551, #1318, #4903, .T. ) ;
#73 = AXIS2_PLACEMENT_3D ( 'NONE', #3399, #2977, #2427 ) ;
#74 = CARTESIAN_POINT ( 'NONE',  ( 278.1066884401993207, 75.00000000000007105, 0.4999999999978441689 ) ) ;
#75 = DIRECTION ( 'NONE',  ( 0.5888628737284323789, 0.8082329589569410278, 0.000000000000000000 ) ) ;
#76 = ORIENTED_EDGE ( 'NONE', *, *, #2312, .T. ) ;
#77 = CARTESIAN_POINT ( 'NONE',  ( 28.91543170726555090, 10.37671387727545458, 0.5434938165751798111 ) ) ;
#78 = ORIENTED_EDGE ( 'NONE', *, *, #3237, .F. ) ;
#79 = EDGE_CURVE ( 'NONE', #4113, #709, #5296, .T. ) ;
#80 = VECTOR ( 'NONE', #5861, 1000.000000000000000 ) ;
#81 = DIRECTION ( 'NONE',  ( 0.000000000000000000, -1.000000000000000000, 0.000000000000000000 ) ) ;
#82 = CARTESIAN_POINT ( 'NONE',  ( 1.649999999999999023, 15.00000000000000178, 15.66690475583125419 ) ) ;
#83 = AXIS2_PLACEMENT_3D ( 'NONE', #6108, #6047, #118 ) ;
#84 = ORIENTED_EDGE ( 'NONE', *, *, #3884, .F. ) ;
#85 = AXIS2_PLACEMENT_3D ( 'NONE', #266, #4242, #2171 ) ;
#86 = CARTESIAN_POINT ( 'NONE',  ( 27.00000000000000000, 151.7272773523257285, 3.674801300996148878 ) ) ;
#87 = DIRECTION ( 'NONE',  ( 0.03774298798119870429, -0.9992874795864556958, 0.000000000000000000 ) ) ;
#88 = CARTESIAN_POINT ( 'NONE',  ( 22.27569735221361569, 127.2298027597001635, 5.565429081048002935 ) ) ;
#89 = CARTESIAN_POINT ( 'NONE',  ( 2.960297294911369600E-15, 46.59496372415127752, 7.000000000000000000 ) ) ;
#90 = CARTESIAN_POINT ( 'NONE',  ( 0.000000000000000000, 0.000000000000000000, 11.00000000000000178 ) ) ;
#91 = LINE ( 'NONE', #1044, #6440 ) ;
#92 = ORIENTED_EDGE ( 'NONE', *, *, #4645, .T. ) ;
#93 = AXIS2_PLACEMENT_3D ( 'NONE', #2758, #1329, #6271 ) ;
#94 = CARTESIAN_POINT ( 'NONE',  ( 0.000000000000000000, 0.000000000000000000, 0.000000000000000000 ) ) ;
#95 = CARTESIAN_POINT ( 'NONE',  ( 30.46346353982750088, 34.31849255391094999, 2.539391923882247770 ) ) ;
#96 = EDGE_CURVE ( 'NONE', #131, #3709, #5616, .T. ) ;
#97 = CARTESIAN_POINT ( 'NONE',  ( 30.46197852063776779, 115.7208249762154821, 3.500000000000002220 ) ) ;
#98 = ADVANCED_FACE ( 'NONE', ( #5931 ), #522, .T. ) ;
#99 = CIRCLE ( 'NONE', #3694, 1.650000000000000355 ) ;
#100 = CARTESIAN_POINT ( 'NONE',  ( 29.55174693790586815, 36.67477168128549181, 18.50000000000000711 ) ) ;
#101 = PLANE ( 'NONE',  #2561 ) ;
#102 = CARTESIAN_POINT ( 'NONE',  ( -1.770451845801054747, 98.34395436108681565, 5.565429081048002935 ) ) ;
#103 = ORIENTED_EDGE ( 'NONE', *, *, #153, .T. ) ;
#104 = VECTOR ( 'NONE', #4371, 1000.000000000000114 ) ;
#105 = CARTESIAN_POINT ( 'NONE',  ( -4.174178364069192071E-15, -9.000000000000001776, 15.66690475583125419 ) ) ;
#106 = VERTEX_POINT ( 'NONE', #1457 ) ;
#107 = EDGE_CURVE ( 'NONE', #5241, #1745, #4701, .T. ) ;
#108 = DIRECTION ( 'NONE',  ( 1.000000000000000000, -1.776356839400251254E-15, 0.000000000000000000 ) ) ;
#109 = ORIENTED_EDGE ( 'NONE', *, *, #1835, .T. ) ;
#110 = FACE_OUTER_BOUND ( 'NONE', #797, .T. ) ;
#111 = ORIENTED_EDGE ( 'NONE', *, *, #3534, .T. ) ;
#112 = CARTESIAN_POINT ( 'NONE',  ( -1.650000000000001021, 139.0000000000010232, 15.66690475583125419 ) ) ;
#113 = LINE ( 'NONE', #3505, #3263 ) ;
#114 = VERTEX_POINT ( 'NONE', #1383 ) ;
#115 = VERTEX_POINT ( 'NONE', #2323 ) ;
#116 = CARTESIAN_POINT ( 'NONE',  ( 30.25744592032419078, 121.1360524818479689, 5.500000000000003553 ) ) ;
#117 = CARTESIAN_POINT ( 'NONE',  ( -17.33015661189690704, 24.60655597440757703, 6.032826164095776988 ) ) ;
#118 = DIRECTION ( 'NONE',  ( -0.8082329589569416939, -0.5888628737284314907, 0.000000000000000000 ) ) ;
#119 = CARTESIAN_POINT ( 'NONE',  ( 21.99351920263834970, 15.61257625452772579, 14.00000000000000178 ) ) ;
#121 = CARTESIAN_POINT ( 'NONE',  ( 22.18708898383496830, 127.0254650348320524, 15.12281239595613158 ) ) ;
#120 = B_SPLINE_CURVE_WITH_KNOTS ( 'NONE', 3,
 ( #539, #1511, #3485, #2028, #3907, #4005, #5529, #5020, #5500, #2507, #4498, #1542 ),
 .UNSPECIFIED., .F., .F.,
 ( 4, 2, 2, 2, 2, 4 ),
 ( 3.576224061345498009E-18, 0.0001632170986740742345, 0.0003264341973481448911, 0.0006528683946962862044, 0.001305736789392568722, 0.002611473578785133975 ),
 .UNSPECIFIED. ) ;
#122 = CARTESIAN_POINT ( 'NONE',  ( -30.00000000000000355, -20.55391159363209752, -94.55285738651143390 ) ) ;
#123 = ORIENTED_EDGE ( 'NONE', *, *, #1081, .F. ) ;
#124 = CARTESIAN_POINT ( 'NONE',  ( 29.32751958262421255, 24.87025238679375505, 2.252552521274677311 ) ) ;
#125 = DIRECTION ( 'NONE',  ( 1.000000000000000000, 0.000000000000000000, 0.000000000000000000 ) ) ;
#126 = AXIS2_PLACEMENT_3D ( 'NONE', #59, #6142, #3510 ) ;
#127 = CARTESIAN_POINT ( 'NONE',  ( 30.11784100116413043, 25.16775240305183559, 17.75339740934264654 ) ) ;
#128 = CARTESIAN_POINT ( 'NONE',  ( -29.99999999999974420, 150.6489802083274014, 20.69163944183003778 ) ) ;
#129 = CARTESIAN_POINT ( 'NONE',  ( -27.28957135349720531, 10.32205307243105352, 0.5616309874654648038 ) ) ;
#130 = CARTESIAN_POINT ( 'NONE',  ( 0.000000000000000000, 96.31201194879814409, -0.09770055780105903198 ) ) ;
#131 = VERTEX_POINT ( 'NONE', #3813 ) ;
#132 = ORIENTED_EDGE ( 'NONE', *, *, #3297, .T. ) ;
#133 = ADVANCED_FACE ( 'NONE', ( #5447 ), #323, .T. ) ;
#134 = EDGE_CURVE ( 'NONE', #620, #3891, #3207, .T. ) ;
#135 = FACE_OUTER_BOUND ( 'NONE', #2327, .T. ) ;
#136 = DIRECTION ( 'NONE',  ( 1.000000000000000000, 0.000000000000000000, 0.000000000000000000 ) ) ;
#137 = VERTEX_POINT ( 'NONE', #3029 ) ;
#138 = LINE ( 'NONE', #917, #2722 ) ;
#139 = ORIENTED_EDGE ( 'NONE', *, *, #3250, .T. ) ;
#140 = TOROIDAL_SURFACE ( 'NONE', #3742, 262.6066884401992638, 1.500000000000000000 ) ;
#141 = CARTESIAN_POINT ( 'NONE',  ( 29.56020624620524728, 5.157311121475014026, 20.86315674780825447 ) ) ;
#142 = PLANE ( 'NONE',  #593 ) ;
#143 = CARTESIAN_POINT ( 'NONE',  ( 26.89359816955237292, 137.9999999999999716, 0.000000000000000000 ) ) ;
#144 = VERTEX_POINT ( 'NONE', #4537 ) ;
#145 = DIRECTION ( 'NONE',  ( -1.000000000000000000, 0.000000000000000000, 0.000000000000000000 ) ) ;
#146 = CARTESIAN_POINT ( 'NONE',  ( -14.42223251512259630, 27.32645507961965592, 6.880278988798571582 ) ) ;
#147 = CARTESIAN_POINT ( 'NONE',  ( -17.74236018148134875, 24.19169456762586989, 5.543951833783231642 ) ) ;
#148 = CARTESIAN_POINT ( 'NONE',  ( 26.78163637905120353, 19.01152500136548085, 7.000000000000000000 ) ) ;
#149 = CARTESIAN_POINT ( 'NONE',  ( 17.00883327770663200, 72.84806301350411673, 19.16857495140022749 ) ) ;
#150 = DIRECTION ( 'NONE',  ( -0.000000000000000000, -0.000000000000000000, -1.000000000000000000 ) ) ;
#151 = CIRCLE ( 'NONE', #1378, 1.650000000000000133 ) ;
#152 = VERTEX_POINT ( 'NONE', #2035 ) ;
#153 = EDGE_CURVE ( 'NONE', #1613, #5615, #575, .T. ) ;
#154 = CARTESIAN_POINT ( 'NONE',  ( -29.74110442466745852, -3.932773525265081282, 21.00000000000000000 ) ) ;
#155 = CARTESIAN_POINT ( 'NONE',  ( 29.11517604421923622, 10.82555190607352102, 0.8042935090970657619 ) ) ;
#156 = CARTESIAN_POINT ( 'NONE',  ( 30.98645703166939214, 74.66031310816917710, 3.500000000000002220 ) ) ;
#157 = ORIENTED_EDGE ( 'NONE', *, *, #5307, .F. ) ;
#158 = CARTESIAN_POINT ( 'NONE',  ( 29.85915415222418545, 18.31873108528735727, 18.27084289306918663 ) ) ;
#159 = CARTESIAN_POINT ( 'NONE',  ( -29.89345092287680927, 152.6100348829331494, 20.95263884952293054 ) ) ;
#160 = CARTESIAN_POINT ( 'NONE',  ( 0.000000000000000000, 0.000000000000000000, 21.00000000000000000 ) ) ;
#161 = ORIENTED_EDGE ( 'NONE', *, *, #2210, .F. ) ;
#162 = ORIENTED_EDGE ( 'NONE', *, *, #3238, .F. ) ;
#163 = ORIENTED_EDGE ( 'NONE', *, *, #5485, .T. ) ;
#164 = CARTESIAN_POINT ( 'NONE',  ( -3.089976191583687637E-15, 0.000000000000000000, 8.000000000000001776 ) ) ;
#165 = DIRECTION ( 'NONE',  ( -0.000000000000000000, -0.000000000000000000, -1.000000000000000000 ) ) ;
#166 = EDGE_CURVE ( 'NONE', #3826, #5668, #1552, .T. ) ;
#167 = VERTEX_POINT ( 'NONE', #5060 ) ;
#168 = EDGE_CURVE ( 'NONE', #2295, #3069, #3520, .T. ) ;
#169 = CARTESIAN_POINT ( 'NONE',  ( 0.4462061052170195330, -27.00000971454268139, 5.239165436035297496 ) ) ;
#170 = EDGE_LOOP ( 'NONE', ( #1685, #2138, #2782, #3126 ) ) ;
#171 = TOROIDAL_SURFACE ( 'NONE', #1510, 258.9923101625378195, 2.500000000000000000 ) ;
#172 = CARTESIAN_POINT ( 'NONE',  ( 29.99999999999999645, 150.0000000000000000, 3.312032733496089953 ) ) ;
#173 = VECTOR ( 'NONE', #5099, 999.9999999999998863 ) ;
#174 = ADVANCED_FACE ( 'NONE', ( #4043 ), #1610, .F. ) ;
#175 = ORIENTED_EDGE ( 'NONE', *, *, #4584, .F. ) ;
#176 = LINE ( 'NONE', #716, #901 ) ;
#177 = CARTESIAN_POINT ( 'NONE',  ( 1.161725994172231324, 99.17944988679464302, 5.565429081048003823 ) ) ;
#178 = ORIENTED_EDGE ( 'NONE', *, *, #3751, .F. ) ;
#179 = CARTESIAN_POINT ( 'NONE',  ( -12.01034839145617994, 174.2466005787262873, 5.381267289101443474 ) ) ;
#180 = LINE ( 'NONE', #563, #4252 ) ;
#181 = DIRECTION ( 'NONE',  ( -0.000000000000000000, -0.000000000000000000, -1.000000000000000000 ) ) ;
#182 =( BOUNDED_CURVE ( )  B_SPLINE_CURVE ( 3, ( #1966, #980, #3311, #952 ),
 .UNSPECIFIED., .F., .F. ) 
 B_SPLINE_CURVE_WITH_KNOTS ( ( 4, 4 ),
 ( 4.712388980384689674, 6.239552075879727155 ),
 .UNSPECIFIED. ) 
 CURVE ( )  GEOMETRIC_REPRESENTATION_ITEM ( )  RATIONAL_B_SPLINE_CURVE ( ( 1.000000000000000000, 0.8149093080398372990, 0.8149093080398372990, 1.000000000000000000 ) ) 
 REPRESENTATION_ITEM ( '' )  );
#183 = CARTESIAN_POINT ( 'NONE',  ( 29.68753720145591046, 136.2250180813919371, 18.84452063508009800 ) ) ;
#184 = CARTESIAN_POINT ( 'NONE',  ( -1.734723475976807094E-15, 101.9390722659946817, 14.00000000000000533 ) ) ;
#185 = EDGE_CURVE ( 'NONE', #1322, #3036, #3085, .T. ) ;
#186 = DIRECTION ( 'NONE',  ( -0.000000000000000000, 0.000000000000000000, 1.000000000000000000 ) ) ;
#187 = VECTOR ( 'NONE', #5706, 1000.000000000000000 ) ;
#188 = AXIS2_PLACEMENT_3D ( 'NONE', #3025, #3606, #1574 ) ;
#189 = B_SPLINE_CURVE_WITH_KNOTS ( 'NONE', 3,
 ( #1054, #1616, #2584, #1651, #5604, #2549, #2068, #3616, #3159, #5635, #3131, #5135, #4078, #3094, #6095, #199 ),
 .UNSPECIFIED., .F., .F.,
 ( 4, 2, 2, 2, 2, 2, 2, 4 ),
 ( 0.000000000000000000, 0.0003233305604733067453, 0.0006466611209466134906, 0.001293322241893224379, 0.001939983362839835376, 0.002586644483786445722, 0.003879966725679628251, 0.005173288967572809045 ),
 .UNSPECIFIED. ) ;
#190 = DIRECTION ( 'NONE',  ( -0.000000000000000000, -0.000000000000000000, -1.000000000000000000 ) ) ;
#191 = FACE_OUTER_BOUND ( 'NONE', #261, .T. ) ;
#192 = CARTESIAN_POINT ( 'NONE',  ( 29.68753720145654995, 13.77498191862532728, 18.84452063531477251 ) ) ;
#193 = DIRECTION ( 'NONE',  ( 0.05370107013642700516, 0.0003310879849764010430, -0.9985570016012850214 ) ) ;
#194 = FACE_BOUND ( 'NONE', #197, .T. ) ;
#195 = ORIENTED_EDGE ( 'NONE', *, *, #4205, .F. ) ;
#196 = VERTEX_POINT ( 'NONE', #608 ) ;
#197 = EDGE_LOOP ( 'NONE', ( #2527, #51, #5837 ) ) ;
#198 = CARTESIAN_POINT ( 'NONE',  ( -17.00985568025585692, 77.42738956583124832, 5.565429081048004711 ) ) ;
#199 = CARTESIAN_POINT ( 'NONE',  ( -15.59117595168155823, 81.91943035363358661, 14.00000000000000178 ) ) ;
#200 = EDGE_LOOP ( 'NONE', ( #4200, #1770, #3034, #6314, #4547 ) ) ;
#201 = CARTESIAN_POINT ( 'NONE',  ( -9.963333950400041772, -25.09837860001335486, 5.343973876005405188 ) ) ;
#202 = VERTEX_POINT ( 'NONE', #102 ) ;
#203 = AXIS2_PLACEMENT_3D ( 'NONE', #6341, #1858, #411 ) ;
#204 = AXIS2_PLACEMENT_3D ( 'NONE', #458, #5414, #3981 ) ;
#205 = CARTESIAN_POINT ( 'NONE',  ( 1.396097351028011612E-14, 139.0000000000010232, 15.66690475583125419 ) ) ;
#206 = ORIENTED_EDGE ( 'NONE', *, *, #4386, .F. ) ;
#207 = DIRECTION ( 'NONE',  ( -0.8154323774776882638, -0.5788523453879105274, 0.000000000000000000 ) ) ;
#208 = CARTESIAN_POINT ( 'NONE',  ( 29.25876328205911747, 129.2961684866418750, 19.01168234048752836 ) ) ;
#209 = ORIENTED_EDGE ( 'NONE', *, *, #2465, .T. ) ;
#210 = EDGE_CURVE ( 'NONE', #2360, #1289, #6025, .T. ) ;
#211 = EDGE_CURVE ( 'NONE', #4268, #2370, #5537, .T. ) ;
#212 = FACE_OUTER_BOUND ( 'NONE', #3787, .T. ) ;
#213 = CARTESIAN_POINT ( 'NONE',  ( -30.00000000000000355, 150.0000000000000000, 3.312032733496091730 ) ) ;
#214 = ORIENTED_EDGE ( 'NONE', *, *, #4862, .T. ) ;
#215 = DIRECTION ( 'NONE',  ( -0.9992874795864554738, 0.03774298798120413051, 0.000000000000000000 ) ) ;
#216 = LINE ( 'NONE', #2600, #3135 ) ;
#217 = FACE_OUTER_BOUND ( 'NONE', #6356, .T. ) ;
#218 = ADVANCED_FACE ( 'NONE', ( #1577 ), #43, .F. ) ;
#219 = DIRECTION ( 'NONE',  ( 5.982381593904508038E-18, 0.07521308834678684663, 0.9971674840975002230 ) ) ;
#220 = CARTESIAN_POINT ( 'NONE',  ( -30.00000000000000000, 4.408565490272189937E-15, 3.312032733496152126 ) ) ;
#221 = CARTESIAN_POINT ( 'NONE',  ( -26.87764195859947947, 147.3797883163426263, 2.726356683963429450 ) ) ;
#222 = CARTESIAN_POINT ( 'NONE',  ( -29.82895724580287933, 153.2683976311016636, 20.99999999999997868 ) ) ;
#223 = CARTESIAN_POINT ( 'NONE',  ( 17.96533194689090251, 74.29667784758299831, 21.00000000000000000 ) ) ;
#224 = ORIENTED_EDGE ( 'NONE', *, *, #4263, .T. ) ;
#225 = ORIENTED_EDGE ( 'NONE', *, *, #5732, .T. ) ;
#226 = ORIENTED_EDGE ( 'NONE', *, *, #5322, .F. ) ;
#227 = CYLINDRICAL_SURFACE ( 'NONE', #1890, 1.499999999999999556 ) ;
#228 = CARTESIAN_POINT ( 'NONE',  ( 17.00779500779307085, 77.01757195169130910, 0.000000000000000000 ) ) ;
#229 = ORIENTED_EDGE ( 'NONE', *, *, #1445, .T. ) ;
#230 = CARTESIAN_POINT ( 'NONE',  ( 6.151403321809457481, -26.30473818746668258, 5.281795694845288658 ) ) ;
#231 = ORIENTED_EDGE ( 'NONE', *, *, #4584, .T. ) ;
#232 = ADVANCED_FACE ( 'NONE', ( #5508 ), #3003, .T. ) ;
#233 = CARTESIAN_POINT ( 'NONE',  ( -7.825792614798337298E-13, -1.804112415015879378E-13, 15.50000000000000178 ) ) ;
#234 = ORIENTED_EDGE ( 'NONE', *, *, #5466, .T. ) ;
#235 = LINE ( 'NONE', #3652, #610 ) ;
#236 = CARTESIAN_POINT ( 'NONE',  ( 1.641026710857447199E-14, 159.0000000000009663, 11.00000000000000178 ) ) ;
#237 = ORIENTED_EDGE ( 'NONE', *, *, #783, .F. ) ;
#238 = VECTOR ( 'NONE', #1973, 1000.000000000000227 ) ;
#239 = DIRECTION ( 'NONE',  ( -1.000000000000000000, 0.000000000000000000, 0.000000000000000000 ) ) ;
#240 = DIRECTION ( 'NONE',  ( 0.5888628737284321568, 0.8082329589569411388, 0.000000000000000000 ) ) ;
#241 = DIRECTION ( 'NONE',  ( -0.000000000000000000, -0.000000000000000000, -1.000000000000000000 ) ) ;
#242 = DIRECTION ( 'NONE',  ( -0.000000000000000000, -0.000000000000000000, -1.000000000000000000 ) ) ;
#243 = EDGE_CURVE ( 'NONE', #5292, #3350, #3058, .T. ) ;
#244 = ADVANCED_FACE ( 'NONE', ( #4573 ), #2941, .F. ) ;
#245 = CARTESIAN_POINT ( 'NONE',  ( 17.74817186027517835, 24.18682276815415122, 5.500000000000171418 ) ) ;
#246 = CARTESIAN_POINT ( 'NONE',  ( 30.99286971539128999, 74.99999999999995737, 2.500000000000002220 ) ) ;
#247 = CARTESIAN_POINT ( 'NONE',  ( -1.650000000000002132, 11.00000000000000178, 15.66690475583125419 ) ) ;
#248 = CARTESIAN_POINT ( 'NONE',  ( -1.650000000000003242, 0.000000000000000000, 8.000000000000001776 ) ) ;
#249 = CARTESIAN_POINT ( 'NONE',  ( 30.19593613718543779, 122.7645922305104591, 2.499168828742532877 ) ) ;
#250 = CARTESIAN_POINT ( 'NONE',  ( 30.98645703166939214, 74.66031310816917710, 2.500000000000002220 ) ) ;
#251 = PLANE ( 'NONE',  #3164 ) ;
#252 = ORIENTED_EDGE ( 'NONE', *, *, #3991, .F. ) ;
#253 = EDGE_LOOP ( 'NONE', ( #2709, #4485, #1357, #6118 ) ) ;
#254 = VERTEX_POINT ( 'NONE', #3983 ) ;
#255 =( BOUNDED_CURVE ( )  B_SPLINE_CURVE ( 3, ( #3146, #149, #5149, #2118 ),
 .UNSPECIFIED., .F., .T. ) 
 B_SPLINE_CURVE_WITH_KNOTS ( ( 4, 4 ),
 ( 0.6373782687012351511, 0.6389221092709264083 ),
 .UNSPECIFIED. ) 
 CURVE ( )  GEOMETRIC_REPRESENTATION_ITEM ( )  RATIONAL_B_SPLINE_CURVE ( ( 1.000000000000000000, 0.9999998013797011254, 0.9999998013797011254, 1.000000000000000000 ) ) 
 REPRESENTATION_ITEM ( '' )  );
#256 = CIRCLE ( 'NONE', #1063, 1.650000000000000355 ) ;
#257 = CARTESIAN_POINT ( 'NONE',  ( 3.928698614729544403, 179.7457589325148035, 5.023823103669439405 ) ) ;
#258 = CARTESIAN_POINT ( 'NONE',  ( 16.41844321052942490, 79.28369848368075168, 14.28517576932134325 ) ) ;
#259 = EDGE_LOOP ( 'NONE', ( #6360, #1354, #772, #4885 ) ) ;
#260 = CARTESIAN_POINT ( 'NONE',  ( 26.99999999999921485, -1.845164436262168160E-13, 3.312032733496181436 ) ) ;
#261 = EDGE_LOOP ( 'NONE', ( #435, #5828, #1325, #5005, #4833, #3287 ) ) ;
#262 = ORIENTED_EDGE ( 'NONE', *, *, #3816, .F. ) ;
#263 = DIRECTION ( 'NONE',  ( 1.000000000000000000, 0.000000000000000000, 0.000000000000000000 ) ) ;
#264 = ORIENTED_EDGE ( 'NONE', *, *, #3957, .F. ) ;
#265 = CARTESIAN_POINT ( 'NONE',  ( 30.46432708261894007, 34.34135580777508068, 17.50000000000000711 ) ) ;
#266 = CARTESIAN_POINT ( 'NONE',  ( 0.000000000000000000, 0.000000000000000000, 14.00000000000000178 ) ) ;
#267 = EDGE_CURVE ( 'NONE', #3282, #4779, #4764, .T. ) ;
#268 = ORIENTED_EDGE ( 'NONE', *, *, #166, .F. ) ;
#269 = CIRCLE ( 'NONE', #2433, 30.00000000000001421 ) ;
#270 = CARTESIAN_POINT ( 'NONE',  ( 26.51380934594389061, 144.7958274026009633, 2.078442467103490454 ) ) ;
#271 = CARTESIAN_POINT ( 'NONE',  ( 0.000000000000000000, 0.000000000000000000, 14.00000000000000178 ) ) ;
#272 = CARTESIAN_POINT ( 'NONE',  ( -17.50000000000001421, 75.00000000000000000, 18.50000000000000355 ) ) ;
#273 = CARTESIAN_POINT ( 'NONE',  ( -26.72983021029316930, -13.62939034347503409, 5.208068097727668544 ) ) ;
#274 = CARTESIAN_POINT ( 'NONE',  ( 26.99999999999999289, 150.0000000000000000, 8.000000000000001776 ) ) ;
#275 = CARTESIAN_POINT ( 'NONE',  ( 0.3362053613751672665, 26.99999999999980815, 3.249999999999993339 ) ) ;
#276 = PLANE ( 'NONE',  #3434 ) ;
#277 = FACE_OUTER_BOUND ( 'NONE', #5343, .T. ) ;
#278 = AXIS2_PLACEMENT_3D ( 'NONE', #2127, #5255, #1832 ) ;
#279 = DIRECTION ( 'NONE',  ( 1.000000000000000000, 0.000000000000000000, 0.000000000000000000 ) ) ;
#280 = CARTESIAN_POINT ( 'NONE',  ( 20.11000692170319581, 122.1671878095947505, 6.963936587803252642 ) ) ;
#281 = FACE_OUTER_BOUND ( 'NONE', #2364, .T. ) ;
#282 = ORIENTED_EDGE ( 'NONE', *, *, #1181, .T. ) ;
#283 = AXIS2_PLACEMENT_3D ( 'NONE', #6075, #1596, #3565 ) ;
#284 = ORIENTED_EDGE ( 'NONE', *, *, #2893, .F. ) ;
#285 = VERTEX_POINT ( 'NONE', #752 ) ;
#286 = ORIENTED_EDGE ( 'NONE', *, *, #2917, .F. ) ;
#287 = EDGE_CURVE ( 'NONE', #2933, #3522, #1968, .T. ) ;
#288 = ADVANCED_FACE ( 'NONE', ( #815 ), #4033, .F. ) ;
#289 = AXIS2_PLACEMENT_3D ( 'NONE', #974, #2335, #4949 ) ;
#290 = DIRECTION ( 'NONE',  ( -0.000000000000000000, -0.000000000000000000, -1.000000000000000000 ) ) ;
#291 = AXIS2_PLACEMENT_3D ( 'NONE', #5352, #874, #4847 ) ;
#292 = DIRECTION ( 'NONE',  ( -1.000000000000000000, 0.000000000000000000, 0.000000000000000000 ) ) ;
#293 = VERTEX_POINT ( 'NONE', #6174 ) ;
#294 = CARTESIAN_POINT ( 'NONE',  ( 4.420326561708240121, -26.65032320679423705, 5.261288543963297926 ) ) ;
#295 = AXIS2_PLACEMENT_3D ( 'NONE', #1069, #3454, #957 ) ;
#296 = ORIENTED_EDGE ( 'NONE', *, *, #6200, .T. ) ;
#297 = CARTESIAN_POINT ( 'NONE',  ( -16.48492551169827891, 171.3879914252310641, 5.444019053961011601 ) ) ;
#298 = PLANE ( 'NONE',  #1078 ) ;
#299 = ADVANCED_FACE ( 'NONE', ( #725, #4156, #4785, #3729, #5715 ), #3759, .T. ) ;
#300 = CARTESIAN_POINT ( 'NONE',  ( -1.650000000000002132, 11.00000000000000178, 8.000000000000001776 ) ) ;
#301 = CARTESIAN_POINT ( 'NONE',  ( 29.33406276482644159, 124.7518474704242379, 18.73036128132467226 ) ) ;
#302 = ORIENTED_EDGE ( 'NONE', *, *, #6240, .T. ) ;
#303 = CIRCLE ( 'NONE', #1323, 258.1066884401993207 ) ;
#304 = DIRECTION ( 'NONE',  ( -0.000000000000000000, -0.000000000000000000, 1.000000000000000000 ) ) ;
#305 = CARTESIAN_POINT ( 'NONE',  ( 17.56542928847971297, 24.37069181366265624, 15.14864759834824604 ) ) ;
#306 = AXIS2_PLACEMENT_3D ( 'NONE', #1197, #4654, #215 ) ;
#307 = CARTESIAN_POINT ( 'NONE',  ( -29.05899357387930237, -7.705249697437660750, 4.637100201199596761 ) ) ;
#308 = DIRECTION ( 'NONE',  ( 0.05394159705921557774, 0.000000000000000000, -0.9985440922196181512 ) ) ;
#309 = DIRECTION ( 'NONE',  ( -1.000000000000000000, 0.000000000000000000, 0.000000000000000000 ) ) ;
#310 = ADVANCED_FACE ( 'NONE', ( #4291 ), #2701, .F. ) ;
#311 = CYLINDRICAL_SURFACE ( 'NONE', #4795, 1.499999999999995781 ) ;
#312 = CARTESIAN_POINT ( 'NONE',  ( -22.11183385110318156, 126.8517574222074131, 6.010926676891827469 ) ) ;
#313 = CARTESIAN_POINT ( 'NONE',  ( -29.74110442466745852, -3.932773525265081282, 21.00000000000000000 ) ) ;
#314 = CARTESIAN_POINT ( 'NONE',  ( 17.74570713621939078, 125.8113686294273776, 5.522054082694879185 ) ) ;
#315 = CARTESIAN_POINT ( 'NONE',  ( 26.89359816955226279, 12.00000000000026112, 0.000000000000000000 ) ) ;
#316 = EDGE_LOOP ( 'NONE', ( #498, #2402, #6363, #2366 ) ) ;
#317 = ORIENTED_EDGE ( 'NONE', *, *, #4046, .F. ) ;
#318 = ORIENTED_EDGE ( 'NONE', *, *, #1684, .F. ) ;
#319 = CARTESIAN_POINT ( 'NONE',  ( 1.955495034317979330, 179.9525893162061436, 5.004534984803145292 ) ) ;
#320 = B_SPLINE_CURVE_WITH_KNOTS ( 'NONE', 3,
 ( #4361, #1014, #6377, #3346 ),
 .UNSPECIFIED., .F., .F.,
 ( 4, 4 ),
 ( -9.020562075079396891E-16, 0.006190957716413131480 ),
 .UNSPECIFIED. ) ;
#321 = DIRECTION ( 'NONE',  ( -1.000000000000000000, 0.000000000000000000, 0.000000000000000000 ) ) ;
#322 = CARTESIAN_POINT ( 'NONE',  ( -27.00000000000078515, -1.779217859863853788E-13, 3.312032733496182768 ) ) ;
#323 = CYLINDRICAL_SURFACE ( 'NONE', #5935, 10.00000000000000000 ) ;
#324 = ADVANCED_FACE ( 'NONE', ( #1731 ), #4186, .F. ) ;
#325 = ORIENTED_EDGE ( 'NONE', *, *, #5899, .T. ) ;
#326 = CARTESIAN_POINT ( 'NONE',  ( -16.83790971052811258, 171.1112163860117903, 5.445991909484381388 ) ) ;
#327 = ORIENTED_EDGE ( 'NONE', *, *, #2807, .T. ) ;
#328 = CIRCLE ( 'NONE', #5439, 260.6066884401993207 ) ;
#329 = CARTESIAN_POINT ( 'NONE',  ( -29.40209909184063974, 144.0402473138261144, 2.371948489550946171 ) ) ;
#330 = EDGE_LOOP ( 'NONE', ( #399, #3585 ) ) ;
#331 = ORIENTED_EDGE ( 'NONE', *, *, #1571, .T. ) ;
#332 = DIRECTION ( 'NONE',  ( 0.5788523453879270697, -0.8154323774776766065, -0.000000000000000000 ) ) ;
#333 = VERTEX_POINT ( 'NONE', #5744 ) ;
#334 = CARTESIAN_POINT ( 'NONE',  ( -17.96533194689090251, 74.29667784758299831, 0.000000000000000000 ) ) ;
#335 = DIRECTION ( 'NONE',  ( 1.000000000000000000, 0.000000000000000000, 0.000000000000000000 ) ) ;
#336 = CARTESIAN_POINT ( 'NONE',  ( 21.77209955190321011, 126.0654976448799545, 14.64325453958666579 ) ) ;
#337 = DIRECTION ( 'NONE',  ( -0.000000000000000000, -0.000000000000000000, -1.000000000000000000 ) ) ;
#338 = VECTOR ( 'NONE', #290, 1000.000000000000000 ) ;
#339 = CARTESIAN_POINT ( 'NONE',  ( 1.655480391636799498, 26.95104549013897710, 3.483299730688047102 ) ) ;
#340 = DIRECTION ( 'NONE',  ( -0.5888628737284321568, 0.8082329589569411388, 0.000000000000000000 ) ) ;
#341 = LINE ( 'NONE', #247, #3965 ) ;
#342 = CIRCLE ( 'NONE', #3345, 262.6066884401992638 ) ;
#343 = CYLINDRICAL_SURFACE ( 'NONE', #2754, 258.1066884401992070 ) ;
#344 = CARTESIAN_POINT ( 'NONE',  ( 29.36864292212310090, 122.7743346215358287, 2.351289130662864935 ) ) ;
#345 = DIRECTION ( 'NONE',  ( -1.000000000000000000, 0.000000000000000000, 0.000000000000000000 ) ) ;
#346 = CARTESIAN_POINT ( 'NONE',  ( -44.42754594048253836, 32.36904915258257631, 5.500000000000000000 ) ) ;
#347 = ORIENTED_EDGE ( 'NONE', *, *, #1496, .F. ) ;
#348 = VERTEX_POINT ( 'NONE', #246 ) ;
#349 = ORIENTED_EDGE ( 'NONE', *, *, #5841, .F. ) ;
#350 = EDGE_CURVE ( 'NONE', #3355, #3458, #1076, .T. ) ;
#351 = CARTESIAN_POINT ( 'NONE',  ( 4.907548677185894270, 179.6000137374582266, 5.037169177137791998 ) ) ;
#352 = CIRCLE ( 'NONE', #6283, 1.650000000000000355 ) ;
#353 = CARTESIAN_POINT ( 'NONE',  ( 16.92392493978529089, 77.69569920524980944, 6.016457752400449444 ) ) ;
#354 = FACE_OUTER_BOUND ( 'NONE', #5878, .T. ) ;
#355 = CARTESIAN_POINT ( 'NONE',  ( 0.9739307408649074960, 52.35832700682897922, 21.00000000000000000 ) ) ;
#356 = ORIENTED_EDGE ( 'NONE', *, *, #4554, .F. ) ;
#357 = AXIS2_PLACEMENT_3D ( 'NONE', #1165, #3688, #4150 ) ;
#358 = CARTESIAN_POINT ( 'NONE',  ( 23.44078883936170499, 163.4062505326543544, 5.192107762985776809 ) ) ;
#359 = EDGE_CURVE ( 'NONE', #3458, #1247, #3415, .T. ) ;
#360 = CARTESIAN_POINT ( 'NONE',  ( -1.471150456955547359, 51.65789094839188778, 21.00000000000000000 ) ) ;
#361 = EDGE_CURVE ( 'NONE', #2074, #3201, #1742, .T. ) ;
#362 = ORIENTED_EDGE ( 'NONE', *, *, #4806, .T. ) ;
#363 = CARTESIAN_POINT ( 'NONE',  ( -29.39387691339797826, 143.9999999999992042, 2.500000000000005773 ) ) ;
#364 = ORIENTED_EDGE ( 'NONE', *, *, #361, .T. ) ;
#365 = EDGE_CURVE ( 'NONE', #1551, #2979, #920, .T. ) ;
#366 = EDGE_CURVE ( 'NONE', #2769, #4491, #1016, .T. ) ;
#367 = CARTESIAN_POINT ( 'NONE',  ( 17.02912031398473047, 125.0949101235863168, 6.202852413133417286 ) ) ;
#368 = ORIENTED_EDGE ( 'NONE', *, *, #3276, .F. ) ;
#369 = CYLINDRICAL_SURFACE ( 'NONE', #6120, 20.10000000000000142 ) ;
#370 = DIRECTION ( 'NONE',  ( -1.000000000000000000, 0.000000000000000000, 0.000000000000000000 ) ) ;
#371 = CARTESIAN_POINT ( 'NONE',  ( 19.75376609556146690, 121.3202259191488537, 14.00564385104886433 ) ) ;
#372 = CARTESIAN_POINT ( 'NONE',  ( -30.00000000000000355, 170.5539115936323356, -94.55285738651143390 ) ) ;
#373 = AXIS2_PLACEMENT_3D ( 'NONE', #4852, #412, #1331 ) ;
#374 = CARTESIAN_POINT ( 'NONE',  ( -3.673940397442060756E-15, 150.0000000000000000, 8.000000000000001776 ) ) ;
#375 = FACE_OUTER_BOUND ( 'NONE', #1209, .T. ) ;
#376 = CARTESIAN_POINT ( 'NONE',  ( 1.649999999999997247, 2.020667218593132508E-16, 8.000000000000001776 ) ) ;
#377 = CARTESIAN_POINT ( 'NONE',  ( 28.84037691363148781, 141.7396937417748859, 20.81409165536522821 ) ) ;
#378 = CIRCLE ( 'NONE', #5782, 1.650000000000003242 ) ;
#379 = DIRECTION ( 'NONE',  ( -5.982381593904508038E-18, 0.07521308834678684663, -0.9971674840975002230 ) ) ;
#380 = DIRECTION ( 'NONE',  ( 1.000000000000000000, 0.000000000000000000, 0.000000000000000000 ) ) ;
#381 = FACE_OUTER_BOUND ( 'NONE', #743, .T. ) ;
#382 = ORIENTED_EDGE ( 'NONE', *, *, #1668, .T. ) ;
#383 = ORIENTED_EDGE ( 'NONE', *, *, #1353, .F. ) ;
#384 = ORIENTED_EDGE ( 'NONE', *, *, #4554, .T. ) ;
#385 = VECTOR ( 'NONE', #935, 1000.000000000000000 ) ;
#386 = CARTESIAN_POINT ( 'NONE',  ( 21.18250163357519256, 25.30693763584212164, 6.693256678431077411 ) ) ;
#387 = CARTESIAN_POINT ( 'NONE',  ( -6.838689001405338530, 179.2143305884644917, 5.071496147200622140 ) ) ;
#388 = CARTESIAN_POINT ( 'NONE',  ( 22.27915728199868894, 127.2396118831975969, 5.500000000001392664 ) ) ;
#389 = EDGE_CURVE ( 'NONE', #3622, #3890, #1847, .T. ) ;
#390 = ORIENTED_EDGE ( 'NONE', *, *, #5664, .T. ) ;
#391 = CARTESIAN_POINT ( 'NONE',  ( -24.64625230174414128, -11.06046964624103168, 4.998848878532221818 ) ) ;
#392 = CARTESIAN_POINT ( 'NONE',  ( -3.673940397442060756E-15, 150.0000000000000000, 11.00000000000000178 ) ) ;
#393 = ORIENTED_EDGE ( 'NONE', *, *, #2251, .F. ) ;
#394 = VECTOR ( 'NONE', #4100, 1000.000000000000227 ) ;
#395 = CARTESIAN_POINT ( 'NONE',  ( 1.782860927531682016, 176.9447486476201448, 5.242722126985065678 ) ) ;
#396 = CARTESIAN_POINT ( 'NONE',  ( 3.339766697952641077E-17, 95.89212203745127283, 15.43457091895199618 ) ) ;
#397 = EDGE_LOOP ( 'NONE', ( #3249, #5202, #2919, #526 ) ) ;
#398 = CARTESIAN_POINT ( 'NONE',  ( 278.1066884401993207, 75.00000000000007105, 0.000000000000000000 ) ) ;
#399 = ORIENTED_EDGE ( 'NONE', *, *, #1474, .F. ) ;
#400 = VERTEX_POINT ( 'NONE', #5397 ) ;
#401 = AXIS2_PLACEMENT_3D ( 'NONE', #1669, #5650, #3601 ) ;
#402 = DIRECTION ( 'NONE',  ( 1.000000000000000000, 0.000000000000000000, 0.000000000000000000 ) ) ;
#403 = FACE_OUTER_BOUND ( 'NONE', #3224, .T. ) ;
#404 = PRODUCT_DEFINITION_CONTEXT ( 'detailed design', #5293, 'design' ) ;
#405 = LINE ( 'NONE', #6402, #4741 ) ;
#406 = DIRECTION ( 'NONE',  ( -0.000000000000000000, -0.000000000000000000, -1.000000000000000000 ) ) ;
#407 = CARTESIAN_POINT ( 'NONE',  ( -26.51507450946802180, 5.197245520829340215, 2.080263124962572707 ) ) ;
#408 = AXIS2_PLACEMENT_3D ( 'NONE', #5783, #5718, #3279 ) ;
#409 = EDGE_CURVE ( 'NONE', #3323, #1705, #5513, .T. ) ;
#410 = EDGE_CURVE ( 'NONE', #6192, #4417, #5110, .T. ) ;
#411 = DIRECTION ( 'NONE',  ( 1.000000000000000000, 0.000000000000000000, 0.000000000000000000 ) ) ;
#412 = DIRECTION ( 'NONE',  ( -0.5888628737284323789, 0.8082329589569410278, 0.000000000000000000 ) ) ;
#413 = CYLINDRICAL_SURFACE ( 'NONE', #1141, 261.1066884401993207 ) ;
#414 = CIRCLE ( 'NONE', #6235, 262.6066884401992638 ) ;
#415 = LINE ( 'NONE', #4821, #3684 ) ;
#416 = CARTESIAN_POINT ( 'NONE',  ( 20.09999999999999787, 150.0000000000000000, 11.00000000000000178 ) ) ;
#417 = DIRECTION ( 'NONE',  ( -0.000000000000000000, -0.000000000000000000, -1.000000000000000000 ) ) ;
#418 = CARTESIAN_POINT ( 'NONE',  ( 18.38215907065995935, 23.70856865989418694, 0.000000000000000000 ) ) ;
#419 = ORIENTED_EDGE ( 'NONE', *, *, #4358, .T. ) ;
#420 = ORIENTED_EDGE ( 'NONE', *, *, #2102, .T. ) ;
#421 = ORIENTED_EDGE ( 'NONE', *, *, #6270, .T. ) ;
#422 = AXIS2_PLACEMENT_3D ( 'NONE', #5283, #2791, #5187 ) ;
#423 = DIRECTION ( 'NONE',  ( -1.000000000000000000, 0.000000000000000000, 0.000000000000000000 ) ) ;
#424 = CARTESIAN_POINT ( 'NONE',  ( -1.650000000000001688, 15.00000000000000178, 8.000000000000001776 ) ) ;
#425 = CARTESIAN_POINT ( 'NONE',  ( 16.92392493978530155, 77.69569920524980944, 14.98354224759954967 ) ) ;
#426 = CARTESIAN_POINT ( 'NONE',  ( 29.60201179746561095, 11.51060196446556638, 19.20834687594834023 ) ) ;
#427 = ORIENTED_EDGE ( 'NONE', *, *, #688, .T. ) ;
#428 = LINE ( 'NONE', #5302, #385 ) ;
#429 = DIRECTION ( 'NONE',  ( 1.000000000000000000, 0.000000000000000000, 0.000000000000000000 ) ) ;
#430 = ORIENTED_EDGE ( 'NONE', *, *, #6425, .T. ) ;
#431 = CARTESIAN_POINT ( 'NONE',  ( -1.649999999999986589, 135.0000000000009948, 8.000000000000001776 ) ) ;
#432 = CARTESIAN_POINT ( 'NONE',  ( -16.94888107761817508, 72.38226990605046751, 15.05702432956266890 ) ) ;
#433 = EDGE_LOOP ( 'NONE', ( #1050, #421, #2879, #4641, #4399, #5896, #3139 ) ) ;
#434 = FACE_OUTER_BOUND ( 'NONE', #1070, .T. ) ;
#435 = ORIENTED_EDGE ( 'NONE', *, *, #2174, .F. ) ;
#436 = EDGE_CURVE ( 'NONE', #2831, #3625, #1440, .T. ) ;
#437 = FACE_BOUND ( 'NONE', #3875, .T. ) ;
#438 = VERTEX_POINT ( 'NONE', #1366 ) ;
#439 = CARTESIAN_POINT ( 'NONE',  ( -27.29601240516215555, 139.6876721600745270, 0.5647860374516561199 ) ) ;
#440 = CYLINDRICAL_SURFACE ( 'NONE', #3706, 258.1066884401993207 ) ;
#441 = CARTESIAN_POINT ( 'NONE',  ( 8.273434572806960929, -28.84080891448529371, 5.103291579482384321 ) ) ;
#442 = CARTESIAN_POINT ( 'NONE',  ( 29.49657664614022679, 8.719089361376454406, 19.81780281753156459 ) ) ;
#443 = CARTESIAN_POINT ( 'NONE',  ( -278.1066884401993207, 75.00000000000000000, 0.000000000000000000 ) ) ;
#444 = CARTESIAN_POINT ( 'NONE',  ( -1.354964626608284242E-15, 96.30476798986204301, 21.00000000000000000 ) ) ;
#445 = PLANE ( 'NONE',  #1988 ) ;
#446 = EDGE_CURVE ( 'NONE', #137, #675, #5333, .T. ) ;
#447 = CARTESIAN_POINT ( 'NONE',  ( 29.37805796512956391, 143.9229476758618489, 20.19727391604690681 ) ) ;
#448 = EDGE_CURVE ( 'NONE', #3411, #2223, #99, .T. ) ;
#449 = DIRECTION ( 'NONE',  ( -0.03774298798119875287, -0.9992874795864556958, -0.000000000000000000 ) ) ;
#450 = DIRECTION ( 'NONE',  ( 0.000000000000000000, 0.000000000000000000, -1.000000000000000000 ) ) ;
#451 = CARTESIAN_POINT ( 'NONE',  ( 27.85876012358499310, 11.58940135628709278, 0.1404861360930620418 ) ) ;
#452 = ORIENTED_EDGE ( 'NONE', *, *, #930, .F. ) ;
#453 = ORIENTED_EDGE ( 'NONE', *, *, #24, .T. ) ;
#454 = VECTOR ( 'NONE', #4108, 1000.000000000000000 ) ;
#455 = CARTESIAN_POINT ( 'NONE',  ( 22.26918891884162832, 22.78519830196837859, 5.642757059047022850 ) ) ;
#456 = CARTESIAN_POINT ( 'NONE',  ( -29.62420619564827717, 154.8319043620625166, 4.208190675201752384 ) ) ;
#457 = CARTESIAN_POINT ( 'NONE',  ( -2.571073631240464508, 98.34889050580416381, 14.00000000000000355 ) ) ;
#458 = CARTESIAN_POINT ( 'NONE',  ( -7.825792614798337298E-13, -1.804112415015879378E-13, 7.000000000000000000 ) ) ;
#459 = LINE ( 'NONE', #3849, #2857 ) ;
#460 = DIRECTION ( 'NONE',  ( -0.03774298798119870429, 0.9992874795864556958, -0.000000000000000000 ) ) ;
#461 = ORIENTED_EDGE ( 'NONE', *, *, #5274, .T. ) ;
#462 = DIRECTION ( 'NONE',  ( -0.8074637002697746535, 0.5883024067539724955, 0.04361938736533609723 ) ) ;
#463 = CARTESIAN_POINT ( 'NONE',  ( -16.98942307068377744, 72.50886252213513217, 15.22702757036210208 ) ) ;
#464 = EDGE_LOOP ( 'NONE', ( #1035, #3154, #5275, #4456 ) ) ;
#465 = EDGE_CURVE ( 'NONE', #622, #6196, #3447, .T. ) ;
#466 = CIRCLE ( 'NONE', #4390, 262.6066884401992638 ) ;
#467 = CARTESIAN_POINT ( 'NONE',  ( -17.00779500779308506, 72.98242804830879038, 20.99999999999995737 ) ) ;
#468 = ORIENTED_EDGE ( 'NONE', *, *, #6006, .F. ) ;
#469 = CARTESIAN_POINT ( 'NONE',  ( 14.42217164733989598, 122.6734914597762440, 6.880287504227838191 ) ) ;
#470 = ORIENTED_EDGE ( 'NONE', *, *, #2457, .T. ) ;
#471 = CARTESIAN_POINT ( 'NONE',  ( 15.22159531471674754, 75.00000000000005684, 15.43457091895199440 ) ) ;
#472 = EDGE_CURVE ( 'NONE', #3541, #3924, #949, .T. ) ;
#473 = CARTESIAN_POINT ( 'NONE',  ( -22.18708898383530581, 22.97453496516630622, 15.12281239595616533 ) ) ;
#474 = DIRECTION ( 'NONE',  ( -0.000000000000000000, -0.000000000000000000, 1.000000000000000000 ) ) ;
#475 = DIRECTION ( 'NONE',  ( 1.000000000000000000, 0.000000000000000000, 0.000000000000000000 ) ) ;
#476 = CARTESIAN_POINT ( 'NONE',  ( 3.018511187670307905, 97.51323416131485544, 14.00000000000000178 ) ) ;
#477 = CARTESIAN_POINT ( 'NONE',  ( 17.00883327770663200, 72.84806301350430147, 1.831425048597477012 ) ) ;
#478 = CARTESIAN_POINT ( 'NONE',  ( 29.09790089312236461, 140.5508468074502275, 20.50000000000387956 ) ) ;
#479 = CARTESIAN_POINT ( 'NONE',  ( -17.68858590586740576, 24.24627471771856335, 15.29777378076905414 ) ) ;
#480 = CARTESIAN_POINT ( 'NONE',  ( 14.42217164733988177, 122.6734914597762014, 14.11971249577216092 ) ) ;
#481 = VECTOR ( 'NONE', #866, 1000.000000000000114 ) ;
#482 = DIRECTION ( 'NONE',  ( 0.000000000000000000, 0.000000000000000000, -1.000000000000000000 ) ) ;
#483 = EDGE_LOOP ( 'NONE', ( #803, #2324, #899, #3521 ) ) ;
#484 = CARTESIAN_POINT ( 'NONE',  ( -48.80872242859231847, 34.64792940963697276, 14.00000000000000178 ) ) ;
#485 = FACE_OUTER_BOUND ( 'NONE', #5068, .T. ) ;
#486 = LINE ( 'NONE', #4865, #5486 ) ;
#487 = DIRECTION ( 'NONE',  ( 1.000000000000000000, 0.000000000000000000, 0.000000000000000000 ) ) ;
#488 = B_SPLINE_CURVE_WITH_KNOTS ( 'NONE', 3,
 ( #2852, #1921, #4316, #4421, #1435, #3932, #3371, #5428, #439, #4385, #5874, #6368, #3412, #4813, #5317, #915 ),
 .UNSPECIFIED., .F., .F.,
 ( 4, 2, 2, 2, 2, 2, 2, 4 ),
 ( 0.000000000000000000, 0.0005289947293390398703, 0.001057989458678079741, 0.002115978917356159481, 0.003173968376034239872, 0.004231957834712318962, 0.006347936752068406019, 0.008463915669424493943 ),
 .UNSPECIFIED. ) ;
#489 = CARTESIAN_POINT ( 'NONE',  ( 29.25305496088896362, 9.870823589583835656, 0.7065481195266611891 ) ) ;
#490 = DIRECTION ( 'NONE',  ( -0.5788523453879101943, 0.8154323774776884859, 0.000000000000000000 ) ) ;
#491 = EDGE_LOOP ( 'NONE', ( #3705, #705, #2961 ) ) ;
#492 = EDGE_CURVE ( 'NONE', #6351, #5753, #2343, .T. ) ;
#493 = ADVANCED_FACE ( 'NONE', ( #4952 ), #3866, .F. ) ;
#494 = CARTESIAN_POINT ( 'NONE',  ( -27.00000000000000000, 150.0000000000000000, 3.312032733496089953 ) ) ;
#495 = CARTESIAN_POINT ( 'NONE',  ( -16.84516184781473314, 72.05800124027715015, 14.78985322291995352 ) ) ;
#496 = VERTEX_POINT ( 'NONE', #4425 ) ;
#497 = CARTESIAN_POINT ( 'NONE',  ( 29.10647805531522181, 10.11176988500844409, 0.6291576134378051854 ) ) ;
#498 = ORIENTED_EDGE ( 'NONE', *, *, #634, .F. ) ;
#499 = CIRCLE ( 'NONE', #1305, 30.00000000000001421 ) ;
#500 = EDGE_CURVE ( 'NONE', #6106, #4837, #2568, .T. ) ;
#501 = CARTESIAN_POINT ( 'NONE',  ( 13.04350521507558369, 121.4996382035766231, 7.000000000000001776 ) ) ;
#502 = ORIENTED_EDGE ( 'NONE', *, *, #781, .F. ) ;
#503 = CARTESIAN_POINT ( 'NONE',  ( 17.01122097318215509, 77.42066445156346788, 15.50000000000117950 ) ) ;
#504 = LINE ( 'NONE', #1436, #4230 ) ;
#505 = CIRCLE ( 'NONE', #1733, 0.9999999999999998890 ) ;
#506 = DIRECTION ( 'NONE',  ( 0.000000000000000000, 0.000000000000000000, -1.000000000000000000 ) ) ;
#507 = CARTESIAN_POINT ( 'NONE',  ( 278.1066884401993207, 75.00000000000007105, 2.500000000000000444 ) ) ;
#508 = CARTESIAN_POINT ( 'NONE',  ( -17.96533194689090251, 74.29667784758299831, 21.00000000000000000 ) ) ;
#509 = CARTESIAN_POINT ( 'NONE',  ( -13.73678573377137369, 27.91571576296507118, 14.04928087040894624 ) ) ;
#510 = CARTESIAN_POINT ( 'NONE',  ( 7.041719095097281866E-16, 27.50000000000000000, 14.75000000000000000 ) ) ;
#511 = FACE_OUTER_BOUND ( 'NONE', #2279, .T. ) ;
#512 = ORIENTED_EDGE ( 'NONE', *, *, #2302, .T. ) ;
#513 = EDGE_CURVE ( 'NONE', #2901, #2280, #612, .T. ) ;
#514 = CIRCLE ( 'NONE', #3400, 1.649999999999999911 ) ;
#515 = DIRECTION ( 'NONE',  ( -0.03774298798119875287, -0.9992874795864556958, 0.000000000000000000 ) ) ;
#516 = CARTESIAN_POINT ( 'NONE',  ( -30.00000000000001066, 150.4854273620680942, 3.413983811894512055 ) ) ;
#517 = CARTESIAN_POINT ( 'NONE',  ( 278.1066884401993207, 75.00000000000007105, 0.4999999999978441689 ) ) ;
#518 = CARTESIAN_POINT ( 'NONE',  ( -19.51661539667202305, 120.7542013029525521, 14.00000000000000178 ) ) ;
#519 = DIRECTION ( 'NONE',  ( -1.000000000000000000, 0.000000000000000000, 0.000000000000000000 ) ) ;
#520 = ORIENTED_EDGE ( 'NONE', *, *, #1835, .F. ) ;
#521 = VERTEX_POINT ( 'NONE', #2339 ) ;
#522 = TOROIDAL_SURFACE ( 'NONE', #5189, 258.9923101625378195, 2.500000000000000000 ) ;
#523 = CARTESIAN_POINT ( 'NONE',  ( 17.96533194689090251, 74.29667784758299831, 0.000000000000000000 ) ) ;
#524 = CARTESIAN_POINT ( 'NONE',  ( -278.1066884401993207, 75.00000000000000000, 18.50000000000000355 ) ) ;
#525 = ADVANCED_FACE ( 'NONE', ( #4322 ), #4090, .T. ) ;
#526 = ORIENTED_EDGE ( 'NONE', *, *, #4066, .F. ) ;
#527 = CARTESIAN_POINT ( 'NONE',  ( 2.571073631240447188, 51.65110949419594988, 6.999999999999998224 ) ) ;
#528 = ORIENTED_EDGE ( 'NONE', *, *, #1668, .F. ) ;
#529 = CARTESIAN_POINT ( 'NONE',  ( 1.649999999999996358, -9.000000000000001776, 15.66690475583125419 ) ) ;
#530 = CARTESIAN_POINT ( 'NONE',  ( -278.1066884401993207, 75.00000000000000000, 5.500000000000000000 ) ) ;
#531 = LINE ( 'NONE', #1086, #6008 ) ;
#532 = VERTEX_POINT ( 'NONE', #5044 ) ;
#533 = CARTESIAN_POINT ( 'NONE',  ( 17.01122097318215509, 77.42066445156346788, 15.50000000000117950 ) ) ;
#534 = CARTESIAN_POINT ( 'NONE',  ( -17.02913421592764820, 24.90507618293882075, 6.202845736985244329 ) ) ;
#535 = CARTESIAN_POINT ( 'NONE',  ( 0.000000000000000000, 0.000000000000000000, 7.000000000000000000 ) ) ;
#536 = CARTESIAN_POINT ( 'NONE',  ( -3.673940397442060756E-15, 150.0000000000000000, 0.000000000000000000 ) ) ;
#537 = FACE_OUTER_BOUND ( 'NONE', #4633, .T. ) ;
#538 = ADVANCED_FACE ( 'NONE', ( #5112 ), #3535, .F. ) ;
#539 = CARTESIAN_POINT ( 'NONE',  ( 29.39387691339797470, 6.000000000000786926, 19.99848568875562549 ) ) ;
#540 = VERTEX_POINT ( 'NONE', #533 ) ;
#541 = CARTESIAN_POINT ( 'NONE',  ( -15.22159531471674754, 75.00000000000005684, 15.43457091895199618 ) ) ;
#542 = DIRECTION ( 'NONE',  ( 1.000000000000000000, 0.000000000000000000, 0.000000000000000000 ) ) ;
#543 = CARTESIAN_POINT ( 'NONE',  ( 29.39387691339800313, 6.000000000000781597, 5.500000000000003553 ) ) ;
#544 = EDGE_CURVE ( 'NONE', #675, #1465, #2655, .T. ) ;
#545 = CARTESIAN_POINT ( 'NONE',  ( 29.48860552748278252, 8.508045151610872381, 1.131011003816684291 ) ) ;
#546 = CARTESIAN_POINT ( 'NONE',  ( 22.18708635937077389, 22.97454102063302983, 15.12280706808445707 ) ) ;
#547 = ORIENTED_EDGE ( 'NONE', *, *, #5841, .T. ) ;
#548 = VERTEX_POINT ( 'NONE', #116 ) ;
#549 = AXIS2_PLACEMENT_3D ( 'NONE', #3391, #5990, #2420 ) ;
#550 = CARTESIAN_POINT ( 'NONE',  ( 29.37459784116862949, 122.4443807894157032, 18.63766021142716056 ) ) ;
#551 = CARTESIAN_POINT ( 'NONE',  ( -17.96533194689090251, 74.29667784758299831, 21.00000000000000000 ) ) ;
#552 = ORIENTED_EDGE ( 'NONE', *, *, #2036, .T. ) ;
#553 = CARTESIAN_POINT ( 'NONE',  ( -17.00779500779312059, 77.01757195169139436, 20.99999999999951328 ) ) ;
#554 = ORIENTED_EDGE ( 'NONE', *, *, #2331, .T. ) ;
#555 = AXIS2_PLACEMENT_3D ( 'NONE', #3047, #4683, #5681 ) ;
#556 = CARTESIAN_POINT ( 'NONE',  ( 17.00779500779307085, 77.01757195169130910, 21.00000000000000000 ) ) ;
#557 = CARTESIAN_POINT ( 'NONE',  ( 22.27751583682016090, 22.76600587838929712, 5.543823307497410369 ) ) ;
#558 = EDGE_LOOP ( 'NONE', ( #4346, #4500, #2431 ) ) ;
#559 = VECTOR ( 'NONE', #606, 1000.000000000000000 ) ;
#560 = EDGE_CURVE ( 'NONE', #1784, #2360, #6281, .T. ) ;
#561 = ADVANCED_FACE ( 'NONE', ( #5524 ), #6073, .T. ) ;
#562 = LINE ( 'NONE', #2530, #2411 ) ;
#563 = CARTESIAN_POINT ( 'NONE',  ( 33.78383460976219510, 1.276012048267378463, 2.500000000000002220 ) ) ;
#564 = FACE_OUTER_BOUND ( 'NONE', #5097, .T. ) ;
#565 = CARTESIAN_POINT ( 'NONE',  ( -22.35886403800280675, 127.6288183457763523, 1.828581256474802075 ) ) ;
#566 = CARTESIAN_POINT ( 'NONE',  ( 17.42801794239242241, 125.4911982681057623, 15.02973904817376649 ) ) ;
#567 = CYLINDRICAL_SURFACE ( 'NONE', #5063, 30.00000000000000000 ) ;
#568 = VERTEX_POINT ( 'NONE', #1128 ) ;
#569 = ADVANCED_FACE ( 'NONE', ( #2113 ), #867, .T. ) ;
#570 = CARTESIAN_POINT ( 'NONE',  ( 19.63517066112591536, 28.96257967789105336, 6.998866971217658772 ) ) ;
#571 = CARTESIAN_POINT ( 'NONE',  ( 26.96321148753029107, 19.64487345577360244, 7.000000000000000000 ) ) ;
#572 = CARTESIAN_POINT ( 'NONE',  ( 0.000000000000000000, 0.000000000000000000, 7.000000000000000000 ) ) ;
#573 = CARTESIAN_POINT ( 'NONE',  ( 30.55103441749232474, 36.63702869330429479, 17.50000000000000355 ) ) ;
#574 = CARTESIAN_POINT ( 'NONE',  ( -22.18708635937042573, 127.0254589793653395, 15.12280706808449793 ) ) ;
#575 = LINE ( 'NONE', #130, #6239 ) ;
#576 = ORIENTED_EDGE ( 'NONE', *, *, #4144, .F. ) ;
#577 = CIRCLE ( 'NONE', #3996, 1.650000000000003242 ) ;
#578 = CARTESIAN_POINT ( 'NONE',  ( -16.60495145326134292, 78.69580175023131119, 6.545798349310795849 ) ) ;
#579 = CYLINDRICAL_SURFACE ( 'NONE', #1514, 5.750000000000000888 ) ;
#580 = ORIENTED_EDGE ( 'NONE', *, *, #2974, .T. ) ;
#581 = CARTESIAN_POINT ( 'NONE',  ( 24.45246600800073011, -17.40807600317136661, 5.401002547225293604 ) ) ;
#582 = ORIENTED_EDGE ( 'NONE', *, *, #1344, .T. ) ;
#583 = AXIS2_PLACEMENT_3D ( 'NONE', #1107, #3089, #5094 ) ;
#584 = EDGE_LOOP ( 'NONE', ( #4979, #3104, #1659, #3822 ) ) ;
#585 = CARTESIAN_POINT ( 'NONE',  ( -22.39905047270415395, 22.17664689465800620, 21.00000000000000000 ) ) ;
#586 = ORIENTED_EDGE ( 'NONE', *, *, #3714, .F. ) ;
#587 = FACE_OUTER_BOUND ( 'NONE', #1655, .T. ) ;
#588 = CIRCLE ( 'NONE', #5695, 1.650000000000000355 ) ;
#589 = ORIENTED_EDGE ( 'NONE', *, *, #1344, .F. ) ;
#590 =( BOUNDED_CURVE ( )  B_SPLINE_CURVE ( 3, ( #5926, #1937, #5444, #4471 ),
 .UNSPECIFIED., .F., .F. ) 
 B_SPLINE_CURVE_WITH_KNOTS ( ( 4, 4 ),
 ( 0.2939544294605382913, 0.3204267127913447699 ),
 .UNSPECIFIED. ) 
 CURVE ( )  GEOMETRIC_REPRESENTATION_ITEM ( )  RATIONAL_B_SPLINE_CURVE ( ( 1.000000000000000000, 0.9999416023705284262, 0.9999416023705284262, 1.000000000000000000 ) ) 
 REPRESENTATION_ITEM ( '' )  );
#591 = AXIS2_PLACEMENT_3D ( 'NONE', #2948, #2329, #4310 ) ;
#592 = CARTESIAN_POINT ( 'NONE',  ( 29.47932611004702608, 140.9343916874720719, 0.9603149964578739928 ) ) ;
#593 = AXIS2_PLACEMENT_3D ( 'NONE', #1060, #2525, #5548 ) ;
#594 = DIRECTION ( 'NONE',  ( -0.000000000000000000, -0.000000000000000000, -1.000000000000000000 ) ) ;
#595 = DIRECTION ( 'NONE',  ( -1.000000000000000000, 0.000000000000000000, -0.000000000000000000 ) ) ;
#596 = AXIS2_PLACEMENT_3D ( 'NONE', #1792, #4354, #4751 ) ;
#597 = CARTESIAN_POINT ( 'NONE',  ( -22.27915728199864631, 127.2396118831974832, 5.500000000002280842 ) ) ;
#598 = CARTESIAN_POINT ( 'NONE',  ( 22.26918891884120555, 127.2148016980298451, 15.35724294095300380 ) ) ;
#599 = EDGE_CURVE ( 'NONE', #6389, #1277, #562, .T. ) ;
#600 = EDGE_CURVE ( 'NONE', #1119, #5893, #3815, .T. ) ;
#601 = CARTESIAN_POINT ( 'NONE',  ( 20.10000000000000142, 0.000000000000000000, 11.00000000000000178 ) ) ;
#602 = ORIENTED_EDGE ( 'NONE', *, *, #2555, .T. ) ;
#603 = LINE ( 'NONE', #571, #1581 ) ;
#604 = CARTESIAN_POINT ( 'NONE',  ( -7.825792614798337298E-13, -1.804112415015879378E-13, -117.0000000000000000 ) ) ;
#605 = CARTESIAN_POINT ( 'NONE',  ( 29.69250646520519865, 13.90654868927907906, 19.43795572949789729 ) ) ;
#606 = DIRECTION ( 'NONE',  ( -0.5888628737284323789, -0.8082329589569410278, -2.625428118579048432E-21 ) ) ;
#607 = CARTESIAN_POINT ( 'NONE',  ( 0.9739307408649072739, 52.35832700682897922, 0.000000000000000000 ) ) ;
#608 = CARTESIAN_POINT ( 'NONE',  ( 1.649999999999996358, -9.000000000000001776, 8.000000000000001776 ) ) ;
#609 = ORIENTED_EDGE ( 'NONE', *, *, #3129, .T. ) ;
#610 = VECTOR ( 'NONE', #3681, 1000.000000000000000 ) ;
#611 = EDGE_CURVE ( 'NONE', #4513, #643, #4455, .T. ) ;
#612 = CIRCLE ( 'NONE', #4222, 20.10000000000000142 ) ;
#613 = CARTESIAN_POINT ( 'NONE',  ( -16.22899093987518171, 79.88283077829846945, 6.844488484086457269 ) ) ;
#614 = DIRECTION ( 'NONE',  ( -1.000000000000000000, 0.000000000000000000, 0.000000000000000000 ) ) ;
#615 = CIRCLE ( 'NONE', #2571, 261.1066884401992638 ) ;
#616 = ORIENTED_EDGE ( 'NONE', *, *, #6063, .F. ) ;
#617 = CARTESIAN_POINT ( 'NONE',  ( 10.60790902561453564, -28.07903571763743145, 5.164315699248591685 ) ) ;
#618 = AXIS2_PLACEMENT_3D ( 'NONE', #1840, #1349, #5340 ) ;
#619 = ADVANCED_FACE ( 'NONE', ( #3293 ), #1844, .F. ) ;
#620 = VERTEX_POINT ( 'NONE', #835 ) ;
#621 = CARTESIAN_POINT ( 'NONE',  ( 0.000000000000000000, 0.000000000000000000, 14.00000000000000178 ) ) ;
#622 = VERTEX_POINT ( 'NONE', #1663 ) ;
#623 = DIRECTION ( 'NONE',  ( -0.000000000000000000, -0.000000000000000000, -1.000000000000000000 ) ) ;
#624 = DIRECTION ( 'NONE',  ( 0.000000000000000000, 0.2133002565389266192, 0.9769866941573095431 ) ) ;
#625 = ADVANCED_FACE ( 'NONE', ( #2810 ), #4018, .F. ) ;
#626 = ORIENTED_EDGE ( 'NONE', *, *, #5387, .T. ) ;
#627 = CARTESIAN_POINT ( 'NONE',  ( 29.39387691339797470, 6.000000000000786926, 1.857151321493194507 ) ) ;
#628 = CARTESIAN_POINT ( 'NONE',  ( -14.87354915613711626, 26.92717683217080804, 6.812070929537285657 ) ) ;
#629 = CARTESIAN_POINT ( 'NONE',  ( 24.18677324489565095, 138.0000000000000000, 1.387778780781445676E-14 ) ) ;
#630 = DIRECTION ( 'NONE',  ( -0.8154323774776895961, 0.5788523453879087510, 0.000000000000000000 ) ) ;
#631 = CARTESIAN_POINT ( 'NONE',  ( 0.000000000000000000, 0.000000000000000000, 14.00000000000000178 ) ) ;
#632 = DIRECTION ( 'NONE',  ( -0.000000000000000000, -0.000000000000000000, 1.000000000000000000 ) ) ;
#633 = EDGE_LOOP ( 'NONE', ( #2624, #468, #2981, #4006 ) ) ;
#634 = EDGE_CURVE ( 'NONE', #6190, #1272, #4400, .T. ) ;
#635 = EDGE_CURVE ( 'NONE', #2384, #254, #2812, .T. ) ;
#636 = CARTESIAN_POINT ( 'NONE',  ( -30.00000000000000355, 12.00000000000026112, 0.000000000000000000 ) ) ;
#637 = CARTESIAN_POINT ( 'NONE',  ( 29.83582514132745089, 17.70106964015061024, 2.666260381095975518 ) ) ;
#638 = CARTESIAN_POINT ( 'NONE',  ( 30.37298029332173144, 118.0771517807228435, 3.472982787682673766 ) ) ;
#639 = DIRECTION ( 'NONE',  ( 0.5788523453879101943, 0.8154323774776884859, 0.000000000000000000 ) ) ;
#640 = CARTESIAN_POINT ( 'NONE',  ( 22.27751583681973457, 127.2339941216089301, 15.45617669250258785 ) ) ;
#641 = ORIENTED_EDGE ( 'NONE', *, *, #5748, .F. ) ;
#642 = VERTEX_POINT ( 'NONE', #995 ) ;
#643 = VERTEX_POINT ( 'NONE', #494 ) ;
#644 = EDGE_CURVE ( 'NONE', #6080, #4140, #3441, .T. ) ;
#645 = CARTESIAN_POINT ( 'NONE',  ( -0.9653319468908254652, 97.62971668440488315, 21.00000000000000000 ) ) ;
#646 = CARTESIAN_POINT ( 'NONE',  ( 16.94888107761817864, 72.38226990605049593, 5.942975670437329327 ) ) ;
#647 = ORIENTED_EDGE ( 'NONE', *, *, #1850, .F. ) ;
#648 = CARTESIAN_POINT ( 'NONE',  ( 29.90555810450386076, -2.427396786330395795, 3.791788547105050089 ) ) ;
#649 = VERTEX_POINT ( 'NONE', #2944 ) ;
#650 = VECTOR ( 'NONE', #5180, 1000.000000000000227 ) ;
#651 = FACE_OUTER_BOUND ( 'NONE', #2557, .T. ) ;
#652 = EDGE_CURVE ( 'NONE', #4384, #5761, #3986, .T. ) ;
#653 = EDGE_LOOP ( 'NONE', ( #4143, #4509, #4243, #3839, #5330 ) ) ;
#654 = DIRECTION ( 'NONE',  ( 1.000000000000000000, 0.000000000000000000, 0.000000000000000000 ) ) ;
#655 =( BOUNDED_CURVE ( )  B_SPLINE_CURVE ( 3, ( #3200, #1782, #3167, #5612 ),
 .UNSPECIFIED., .F., .F. ) 
 B_SPLINE_CURVE_WITH_KNOTS ( ( 4, 4 ),
 ( 3.185225884889652193, 4.712388980384692339 ),
 .UNSPECIFIED. ) 
 CURVE ( )  GEOMETRIC_REPRESENTATION_ITEM ( )  RATIONAL_B_SPLINE_CURVE ( ( 1.000000000000000000, 0.8149093080398366329, 0.8149093080398366329, 1.000000000000000000 ) ) 
 REPRESENTATION_ITEM ( '' )  );
#656 = DIRECTION ( 'NONE',  ( -0.5888628737284321568, -0.8082329589569411388, 0.000000000000000000 ) ) ;
#657 = ORIENTED_EDGE ( 'NONE', *, *, #6139, .T. ) ;
#658 = AXIS2_PLACEMENT_3D ( 'NONE', #2618, #3193, #2652 ) ;
#659 = CARTESIAN_POINT ( 'NONE',  ( 29.48860552748278252, 141.4919548483892697, 1.131011003816656535 ) ) ;
#660 = CARTESIAN_POINT ( 'NONE',  ( -12.69298226349005532, 28.78505582825929565, 6.999999999999999112 ) ) ;
#661 = CARTESIAN_POINT ( 'NONE',  ( -7.825792614798337298E-13, -1.804112415015879378E-13, 21.00000000000000000 ) ) ;
#662 = CARTESIAN_POINT ( 'NONE',  ( 29.45714957869603623, 7.675214009657787884, 1.383965896116780669 ) ) ;
#663 = DIRECTION ( 'NONE',  ( 1.000000000000000000, 0.000000000000000000, 0.000000000000000000 ) ) ;
#664 = CARTESIAN_POINT ( 'NONE',  ( -278.1066884401993207, 75.00000000000000000, 21.00000000000000000 ) ) ;
#665 = AXIS2_PLACEMENT_3D ( 'NONE', #5093, #701, #2214 ) ;
#666 = CARTESIAN_POINT ( 'NONE',  ( -3.089976191583687637E-15, 0.000000000000000000, 15.66690475583125419 ) ) ;
#667 = CYLINDRICAL_SURFACE ( 'NONE', #1087, 27.00000000000000000 ) ;
#668 = DIRECTION ( 'NONE',  ( -0.000000000000000000, 0.000000000000000000, 1.000000000000000000 ) ) ;
#669 = CARTESIAN_POINT ( 'NONE',  ( 1.471150456955547137, 51.65789094839188778, 0.000000000000000000 ) ) ;
#670 = VERTEX_POINT ( 'NONE', #4940 ) ;
#671 = ORIENTED_EDGE ( 'NONE', *, *, #5520, .T. ) ;
#672 = ORIENTED_EDGE ( 'NONE', *, *, #1301, .F. ) ;
#673 = CARTESIAN_POINT ( 'NONE',  ( -16.98942356647673435, 77.49113593100197761, 5.772969334544725051 ) ) ;
#674 = CARTESIAN_POINT ( 'NONE',  ( 15.84608435443633034, 68.89815515553283376, 6.981289638606106962 ) ) ;
#675 = VERTEX_POINT ( 'NONE', #1981 ) ;
#676 = CARTESIAN_POINT ( 'NONE',  ( 1.782860927530867556, -26.94474864762025490, 5.242722126985038145 ) ) ;
#677 = ADVANCED_FACE ( 'NONE', ( #5514 ), #939, .F. ) ;
#678 = EDGE_CURVE ( 'NONE', #2076, #1439, #4488, .T. ) ;
#679 = ORIENTED_EDGE ( 'NONE', *, *, #5307, .T. ) ;
#680 = VECTOR ( 'NONE', #5914, 1000.000000000000114 ) ;
#681 = B_SPLINE_CURVE_WITH_KNOTS ( 'NONE', 3,
 ( #5518, #77, #1557, #497 ),
 .UNSPECIFIED., .F., .F.,
 ( 4, 4 ),
 ( 0.001870537405811114121, 0.002377006254525719595 ),
 .UNSPECIFIED. ) ;
#682 = CARTESIAN_POINT ( 'NONE',  ( 18.17294631277526662, 126.1292206959188889, 1.756783972518264125 ) ) ;
#683 = VECTOR ( 'NONE', #2913, 1000.000000000000000 ) ;
#684 = ORIENTED_EDGE ( 'NONE', *, *, #2555, .F. ) ;
#685 = CARTESIAN_POINT ( 'NONE',  ( -17.96160490080765015, 24.03020665034845749, 17.40977562557510439 ) ) ;
#686 = CARTESIAN_POINT ( 'NONE',  ( -15.22159531471674754, 75.00000000000005684, 5.565429081048006488 ) ) ;
#687 = ORIENTED_EDGE ( 'NONE', *, *, #1089, .T. ) ;
#688 = EDGE_CURVE ( 'NONE', #4707, #2298, #5970, .T. ) ;
#689 = CARTESIAN_POINT ( 'NONE',  ( -278.1066884401993207, 75.00000000000000000, 7.000000000000000000 ) ) ;
#690 = CARTESIAN_POINT ( 'NONE',  ( 16.82094198585907918, 25.10872729322724695, 14.71070140836639872 ) ) ;
#691 = CARTESIAN_POINT ( 'NONE',  ( 17.01077732352912619, 72.57548586995844175, 15.45629135944719579 ) ) ;
#692 = FACE_OUTER_BOUND ( 'NONE', #5257, .T. ) ;
#693 = B_SPLINE_CURVE_WITH_KNOTS ( 'NONE', 3,
 ( #5309, #6294, #5383, #2430, #4345, #329, #1355, #363 ),
 .UNSPECIFIED., .F., .F.,
 ( 4, 2, 2, 4 ),
 ( 0.000000000000000000, 0.0003972924054170367376, 0.0005959386081255209269, 0.0007945848108340050620 ),
 .UNSPECIFIED. ) ;
#694 = ADVANCED_FACE ( 'NONE', ( #5003 ), #4906, .F. ) ;
#695 = VECTOR ( 'NONE', #4649, 1000.000000000000114 ) ;
#696 = AXIS2_PLACEMENT_3D ( 'NONE', #4188, #6206, #5717 ) ;
#697 = CARTESIAN_POINT ( 'NONE',  ( 5.143934492514183887, 26.50601308703906511, 6.408984812673134357 ) ) ;
#698 = FACE_OUTER_BOUND ( 'NONE', #483, .T. ) ;
#699 = DIRECTION ( 'NONE',  ( -0.000000000000000000, -0.000000000000000000, -1.000000000000000000 ) ) ;
#700 = CARTESIAN_POINT ( 'NONE',  ( -29.40212749448314611, 5.959625179688138097, 18.62863179209909603 ) ) ;
#701 = DIRECTION ( 'NONE',  ( 0.000000000000000000, 0.000000000000000000, -1.000000000000000000 ) ) ;
#702 = CARTESIAN_POINT ( 'NONE',  ( 0.05062344426318924479, 95.82263975562499070, 5.565429081048004711 ) ) ;
#703 = VERTEX_POINT ( 'NONE', #46 ) ;
#704 = VERTEX_POINT ( 'NONE', #6393 ) ;
#705 = ORIENTED_EDGE ( 'NONE', *, *, #2988, .T. ) ;
#706 = EDGE_CURVE ( 'NONE', #3323, #4350, #1512, .T. ) ;
#707 = DIRECTION ( 'NONE',  ( -1.000000000000000000, 0.000000000000000000, 0.000000000000000000 ) ) ;
#708 = CARTESIAN_POINT ( 'NONE',  ( -22.21736839837650734, 16.18714413556630660, 5.500000000000000000 ) ) ;
#709 = VERTEX_POINT ( 'NONE', #431 ) ;
#710 = CARTESIAN_POINT ( 'NONE',  ( -17.86936958901321404, -20.26031276557514005, 5.448320588289082167 ) ) ;
#711 = EDGE_LOOP ( 'NONE', ( #4776, #1740, #837, #3255 ) ) ;
#712 = AXIS2_PLACEMENT_3D ( 'NONE', #272, #3756, #4287 ) ;
#713 = EDGE_CURVE ( 'NONE', #3282, #4225, #2912, .T. ) ;
#714 = CARTESIAN_POINT ( 'NONE',  ( 18.38215907065995935, 23.70856865989418694, 0.000000000000000000 ) ) ;
#715 = EDGE_LOOP ( 'NONE', ( #5304, #4115, #2158, #5051 ) ) ;
#716 = CARTESIAN_POINT ( 'NONE',  ( -1.161725994172231324, 99.17944988679464302, 15.43457091895199795 ) ) ;
#717 = CARTESIAN_POINT ( 'NONE',  ( 30.37759300926361661, 117.9550250087272332, 17.52564492861479195 ) ) ;
#718 = ORIENTED_EDGE ( 'NONE', *, *, #4236, .T. ) ;
#719 = AXIS2_PLACEMENT_3D ( 'NONE', #1978, #3577, #2485 ) ;
#720 = CARTESIAN_POINT ( 'NONE',  ( -30.00000000000000355, 150.0000000000000000, 3.312032733496091730 ) ) ;
#721 = CARTESIAN_POINT ( 'NONE',  ( 13.04350521507260829, 28.50036179641918110, 14.00000000000000711 ) ) ;
#722 = CARTESIAN_POINT ( 'NONE',  ( 30.11784100116476637, 124.8322475969315803, 17.75339740947055844 ) ) ;
#723 = CARTESIAN_POINT ( 'NONE',  ( 29.10647805531969823, 139.8882301149978389, 0.6291576134397699471 ) ) ;
#724 = CARTESIAN_POINT ( 'NONE',  ( 29.12570778957955753, -1.100075064986241857, 17.50000000000000000 ) ) ;
#725 = FACE_BOUND ( 'NONE', #5346, .T. ) ;
#726 = CARTESIAN_POINT ( 'NONE',  ( -14.42223251512372251, 122.6735449203810475, 14.11972101120143996 ) ) ;
#727 = CARTESIAN_POINT ( 'NONE',  ( 17.02912031398460257, 24.90508987641286964, 6.202852413133417286 ) ) ;
#728 = CARTESIAN_POINT ( 'NONE',  ( 29.32751958262239000, 125.1297476132199904, 2.252552521273322395 ) ) ;
#729 = FACE_OUTER_BOUND ( 'NONE', #16, .T. ) ;
#730 = PLANE ( 'NONE',  #1194 ) ;
#731 = ORIENTED_EDGE ( 'NONE', *, *, #2112, .T. ) ;
#732 = VERTEX_POINT ( 'NONE', #5897 ) ;
#733 = ORIENTED_EDGE ( 'NONE', *, *, #1341, .F. ) ;
#734 = CARTESIAN_POINT ( 'NONE',  ( 13.74662452660410317, 176.6697303926692371, 5.260225547394806966 ) ) ;
#735 = CARTESIAN_POINT ( 'NONE',  ( 17.00523515608037783, 77.44180514392546399, 5.674321342643770194 ) ) ;
#736 = ADVANCED_FACE ( 'NONE', ( #4376 ), #1913, .T. ) ;
#737 = CARTESIAN_POINT ( 'NONE',  ( 16.49443607979949178, -21.39469114947606343, 5.445226743706998995 ) ) ;
#738 = ORIENTED_EDGE ( 'NONE', *, *, #5226, .T. ) ;
#739 = DIRECTION ( 'NONE',  ( 1.000000000000000000, 0.000000000000000000, 0.000000000000000000 ) ) ;
#740 = ORIENTED_EDGE ( 'NONE', *, *, #3080, .T. ) ;
#741 = FACE_BOUND ( 'NONE', #6231, .T. ) ;
#742 = CARTESIAN_POINT ( 'NONE',  ( 29.68753720145550901, 136.2250180814022826, 18.84452063532666699 ) ) ;
#743 = EDGE_LOOP ( 'NONE', ( #5853, #4704, #1271, #4366 ) ) ;
#744 = CIRCLE ( 'NONE', #4265, 251.4923101625378763 ) ;
#745 = CARTESIAN_POINT ( 'NONE',  ( -20.10000000000000497, 150.0000000000000000, 11.00000000000000178 ) ) ;
#746 = DIRECTION ( 'NONE',  ( 1.000000000000000000, 0.000000000000000000, 0.000000000000000000 ) ) ;
#747 = CARTESIAN_POINT ( 'NONE',  ( 17.01122097318216575, 72.57933554843651791, 15.49999999999851497 ) ) ;
#748 = CARTESIAN_POINT ( 'NONE',  ( -25.53147416810218928, -15.78307169364804530, 5.336617855451417647 ) ) ;
#749 = CARTESIAN_POINT ( 'NONE',  ( 30.98645703166939214, 75.33968689183073764, 17.50000000000000000 ) ) ;
#750 = ADVANCED_FACE ( 'NONE', ( #4411 ), #6428, .F. ) ;
#751 = ADVANCED_FACE ( 'NONE', ( #135 ), #2162, .F. ) ;
#752 = CARTESIAN_POINT ( 'NONE',  ( 8.719061083885987122E-15, 56.65273585600793638, 7.000000000000000000 ) ) ;
#753 = LINE ( 'NONE', #782, #5495 ) ;
#754 = AXIS2_PLACEMENT_3D ( 'NONE', #3021, #1969, #34 ) ;
#755 = CARTESIAN_POINT ( 'NONE',  ( 29.55174693790586460, 113.3252283187146929, 2.500000000000002220 ) ) ;
#756 = CARTESIAN_POINT ( 'NONE',  ( 17.74817186027530980, 125.8131772318450174, 5.500000000000171418 ) ) ;
#757 = EDGE_LOOP ( 'NONE', ( #5488, #1578, #1340, #1819, #2562, #4133 ) ) ;
#758 = CARTESIAN_POINT ( 'NONE',  ( -15.52224116029399603, 75.00000000000005684, 0.000000000000000000 ) ) ;
#759 = EDGE_LOOP ( 'NONE', ( #3266, #6069, #1771, #4909, #3610, #5701, #769, #4775, #4727, #671, #2801, #3121 ) ) ;
#760 = ORIENTED_EDGE ( 'NONE', *, *, #287, .T. ) ;
#761 = ORIENTED_EDGE ( 'NONE', *, *, #5608, .F. ) ;
#762 = ADVANCED_FACE ( 'NONE', ( #4637 ), #5603, .T. ) ;
#763 = CARTESIAN_POINT ( 'NONE',  ( 29.61188723114461041, 154.8348014868164739, 4.205180414651437992 ) ) ;
#764 = CARTESIAN_POINT ( 'NONE',  ( 15.71821012267431072, 81.51116298840945262, 14.00000000000000355 ) ) ;
#765 = CARTESIAN_POINT ( 'NONE',  ( 24.27797677652867847, -11.84742147274054247, 5.070490563947860352 ) ) ;
#766 = ORIENTED_EDGE ( 'NONE', *, *, #2502, .T. ) ;
#767 = CARTESIAN_POINT ( 'NONE',  ( -9.548728040272077777, 175.2590750761911522, 5.336502648721141107 ) ) ;
#768 = CARTESIAN_POINT ( 'NONE',  ( -15.84608435443634811, 68.89815515553277692, 14.01871036139389304 ) ) ;
#769 = ORIENTED_EDGE ( 'NONE', *, *, #5153, .T. ) ;
#770 = DIRECTION ( 'NONE',  ( 1.000000000000000000, 0.000000000000000000, 0.000000000000000000 ) ) ;
#771 = CARTESIAN_POINT ( 'NONE',  ( 29.45914860728375828, 117.9037362747322533, 18.52331357154699631 ) ) ;
#772 = ORIENTED_EDGE ( 'NONE', *, *, #4474, .F. ) ;
#773 = ADVANCED_FACE ( 'NONE', ( #3643 ), #2583, .F. ) ;
#774 = TOROIDAL_SURFACE ( 'NONE', #2438, 31.50000000000001421, 1.500000000000000000 ) ;
#775 = DIRECTION ( 'NONE',  ( -0.8082329589569432482, -0.5888628737284292702, 0.000000000000000000 ) ) ;
#776 = FACE_OUTER_BOUND ( 'NONE', #2069, .T. ) ;
#777 = CARTESIAN_POINT ( 'NONE',  ( 1.300754517984009020E-15, 96.30476798986204301, 1.016439536705160407E-16 ) ) ;
#778 = DIRECTION ( 'NONE',  ( 0.000000000000000000, -0.000000000000000000, -1.000000000000000000 ) ) ;
#779 = CARTESIAN_POINT ( 'NONE',  ( -24.64548277152169220, 11.07544139118663828, 0.3183192982885261757 ) ) ;
#780 = CARTESIAN_POINT ( 'NONE',  ( 14.62707845542318452, 76.72886466010371009, 5.500000000000000000 ) ) ;
#781 = EDGE_CURVE ( 'NONE', #3299, #4860, #4138, .T. ) ;
#782 = CARTESIAN_POINT ( 'NONE',  ( 0.9653319468908420076, 99.03636098923900022, 0.000000000000000000 ) ) ;
#783 = EDGE_CURVE ( 'NONE', #167, #1920, #6157, .T. ) ;
#784 = CARTESIAN_POINT ( 'NONE',  ( 29.83582514132767827, 132.2989303598433821, 2.666260381129460288 ) ) ;
#785 = DIRECTION ( 'NONE',  ( -0.5788523453879270697, -0.8154323774776766065, 0.000000000000000000 ) ) ;
#786 = CIRCLE ( 'NONE', #4312, 20.10000000000000142 ) ;
#787 = CARTESIAN_POINT ( 'NONE',  ( 29.55174693790585394, 36.67477168128547760, 2.500000000000002220 ) ) ;
#788 = ORIENTED_EDGE ( 'NONE', *, *, #448, .F. ) ;
#789 = AXIS2_PLACEMENT_3D ( 'NONE', #572, #2541, #3544 ) ;
#790 = EDGE_LOOP ( 'NONE', ( #3064, #2602, #5311, #5822 ) ) ;
#791 = ORIENTED_EDGE ( 'NONE', *, *, #1608, .T. ) ;
#792 =( BOUNDED_CURVE ( )  B_SPLINE_CURVE ( 3, ( #843, #6401, #5460, #2788 ),
 .UNSPECIFIED., .F., .F. ) 
 B_SPLINE_CURVE_WITH_KNOTS ( ( 4, 4 ),
 ( 5.644263197908660601, 5.645807038478351636 ),
 .UNSPECIFIED. ) 
 CURVE ( )  GEOMETRIC_REPRESENTATION_ITEM ( )  RATIONAL_B_SPLINE_CURVE ( ( 1.000000000000000000, 0.9999998013797011254, 0.9999998013797011254, 1.000000000000000000 ) ) 
 REPRESENTATION_ITEM ( '' )  );
#793 = VECTOR ( 'NONE', #1101, 1000.000000000000000 ) ;
#794 = CARTESIAN_POINT ( 'NONE',  ( 0.9719846703437626800, 180.0002974854047011, 4.999971773055189139 ) ) ;
#795 = AXIS2_PLACEMENT_3D ( 'NONE', #4615, #6164, #207 ) ;
#796 = CARTESIAN_POINT ( 'NONE',  ( -0.9653319468908420076, 99.03636098923900022, 0.000000000000000000 ) ) ;
#797 = EDGE_LOOP ( 'NONE', ( #1943, #1045, #1525, #1409 ) ) ;
#798 = CARTESIAN_POINT ( 'NONE',  ( -3.686287386450715076E-15, 94.78830711548314980, 6.999999999999998224 ) ) ;
#799 = VECTOR ( 'NONE', #1295, 1000.000000000000000 ) ;
#800 = EDGE_LOOP ( 'NONE', ( #17, #5906, #928 ) ) ;
#801 = CARTESIAN_POINT ( 'NONE',  ( -6.145392565076211788, 176.3061620176488873, 5.281713483745888560 ) ) ;
#802 = SURFACE_STYLE_USAGE ( .BOTH. , #2779 ) ;
#803 = ORIENTED_EDGE ( 'NONE', *, *, #2136, .F. ) ;
#804 = CARTESIAN_POINT ( 'NONE',  ( 29.60200590372661722, 138.4895540788128301, 19.20838094509160499 ) ) ;
#805 = ORIENTED_EDGE ( 'NONE', *, *, #4973, .T. ) ;
#806 = AXIS2_PLACEMENT_3D ( 'NONE', #5554, #3046, #2024 ) ;
#807 = CARTESIAN_POINT ( 'NONE',  ( -22.05131924787930942, 131.4601967955704254, 21.00000000000000000 ) ) ;
#808 = ORIENTED_EDGE ( 'NONE', *, *, #3328, .F. ) ;
#809 = CARTESIAN_POINT ( 'NONE',  ( 1.396097351028011612E-14, 139.0000000000010232, 8.000000000000001776 ) ) ;
#810 = EDGE_CURVE ( 'NONE', #4707, #1289, #4483, .T. ) ;
#811 = CARTESIAN_POINT ( 'NONE',  ( -22.21130330065805580, 22.91867230362719710, 5.826919959413887184 ) ) ;
#812 = DIRECTION ( 'NONE',  ( -1.000000000000000000, 0.000000000000000000, 0.000000000000000000 ) ) ;
#813 = CARTESIAN_POINT ( 'NONE',  ( 1.067198960817128213E-15, 49.18383175641007199, 15.43457091895199618 ) ) ;
#814 = AXIS2_PLACEMENT_3D ( 'NONE', #5965, #1075, #4937 ) ;
#815 = FACE_OUTER_BOUND ( 'NONE', #3364, .T. ) ;
#816 = DIRECTION ( 'NONE',  ( -0.000000000000000000, -0.000000000000000000, -1.000000000000000000 ) ) ;
#817 = CARTESIAN_POINT ( 'NONE',  ( -14.87354915613834372, 123.0728231678300375, 14.18792907046273477 ) ) ;
#818 = CARTESIAN_POINT ( 'NONE',  ( 17.56542928847971297, 24.37069181366265624, 5.851352401651753077 ) ) ;
#819 = CARTESIAN_POINT ( 'NONE',  ( 28.84037691363152334, 8.260306258225272202, 20.81409165536519623 ) ) ;
#820 = CARTESIAN_POINT ( 'NONE',  ( 1.160572106141484872, 55.05981385450608201, 14.00000000000000178 ) ) ;
#821 = DIRECTION ( 'NONE',  ( -0.000000000000000000, -0.000000000000000000, -1.000000000000000000 ) ) ;
#822 = ORIENTED_EDGE ( 'NONE', *, *, #955, .F. ) ;
#823 = ORIENTED_EDGE ( 'NONE', *, *, #6348, .T. ) ;
#824 = ORIENTED_EDGE ( 'NONE', *, *, #5326, .T. ) ;
#825 = EDGE_CURVE ( 'NONE', #4225, #1279, #5334, .T. ) ;
#826 = ADVANCED_FACE ( 'NONE', ( #1183 ), #2099, .T. ) ;
#827 = CARTESIAN_POINT ( 'NONE',  ( -18.35729440750894170, 173.8099945540938052, 5.400196527083330977 ) ) ;
#828 = CARTESIAN_POINT ( 'NONE',  ( 29.09790089312236461, 9.449153192549935909, 20.50000000000387956 ) ) ;
#829 = ORIENTED_EDGE ( 'NONE', *, *, #2026, .T. ) ;
#830 = LINE ( 'NONE', #861, #5976 ) ;
#831 = DIRECTION ( 'NONE',  ( 0.000000000000000000, 0.000000000000000000, -1.000000000000000000 ) ) ;
#832 = VERTEX_POINT ( 'NONE', #4541 ) ;
#833 = EDGE_CURVE ( 'NONE', #4513, #3201, #2616, .T. ) ;
#834 = ADVANCED_FACE ( 'NONE', ( #1582 ), #227, .F. ) ;
#835 = CARTESIAN_POINT ( 'NONE',  ( 19.51661539667222911, 29.24579869704622226, 14.00000000000000178 ) ) ;
#836 = CARTESIAN_POINT ( 'NONE',  ( -1.219727444046192488E-15, 15.00000000000000178, 8.000000000000001776 ) ) ;
#837 = ORIENTED_EDGE ( 'NONE', *, *, #2929, .T. ) ;
#838 = CARTESIAN_POINT ( 'NONE',  ( -5.662375826453064143, 27.50000000000000000, 8.000000000000001776 ) ) ;
#839 = VERTEX_POINT ( 'NONE', #4606 ) ;
#840 = EDGE_CURVE ( 'NONE', #4673, #2787, #3351, .T. ) ;
#841 = CARTESIAN_POINT ( 'NONE',  ( -16.60495145326133937, 71.30419824976881671, 6.545798349310781639 ) ) ;
#842 = ORIENTED_EDGE ( 'NONE', *, *, #107, .T. ) ;
#843 = CARTESIAN_POINT ( 'NONE',  ( -17.01122097318216575, 72.57933554843646107, 5.500000000002281730 ) ) ;
#844 = CARTESIAN_POINT ( 'NONE',  ( 1.518313946284953531, 51.65760016713545610, 0.8769924392601924357 ) ) ;
#845 = CARTESIAN_POINT ( 'NONE',  ( -17.01123581841151733, 72.57773432605236508, 15.47812922134208158 ) ) ;
#846 = DIRECTION ( 'NONE',  ( 0.000000000000000000, -0.000000000000000000, -1.000000000000000000 ) ) ;
#847 = AXIS2_PLACEMENT_3D ( 'NONE', #1680, #1650, #5541 ) ;
#848 = CARTESIAN_POINT ( 'NONE',  ( 5.603527291003215005, 26.41219612926507665, 7.666777475446598267 ) ) ;
#849 = DIRECTION ( 'NONE',  ( -0.000000000000000000, -0.000000000000000000, 1.000000000000000000 ) ) ;
#850 = CARTESIAN_POINT ( 'NONE',  ( -13.04263872888662590, 121.5022627093310632, 14.00800567653596573 ) ) ;
#851 = DIRECTION ( 'NONE',  ( 0.000000000000000000, 0.000000000000000000, -1.000000000000000000 ) ) ;
#852 = FACE_OUTER_BOUND ( 'NONE', #4617, .T. ) ;
#853 = CARTESIAN_POINT ( 'NONE',  ( 19.63517066112567377, 121.0374203221076641, 6.998866971217657884 ) ) ;
#854 = DIRECTION ( 'NONE',  ( 1.000000000000000000, 0.000000000000000000, 0.000000000000000000 ) ) ;
#855 = ORIENTED_EDGE ( 'NONE', *, *, #4660, .T. ) ;
#856 = EDGE_LOOP ( 'NONE', ( #3132, #4262, #1356, #3030 ) ) ;
#857 = CARTESIAN_POINT ( 'NONE',  ( 29.12570778957955753, -1.100075064986241857, 15.50000000000000355 ) ) ;
#858 = DIRECTION ( 'NONE',  ( 0.5888628737284323789, 0.8082329589569410278, 0.000000000000000000 ) ) ;
#859 = VECTOR ( 'NONE', #5019, 1000.000000000000000 ) ;
#860 = ORIENTED_EDGE ( 'NONE', *, *, #1863, .T. ) ;
#861 = CARTESIAN_POINT ( 'NONE',  ( -21.99351920263834970, 15.61257625452772579, 7.000000000000000000 ) ) ;
#862 = DIRECTION ( 'NONE',  ( 0.000000000000000000, 0.000000000000000000, 1.000000000000000000 ) ) ;
#863 = VERTEX_POINT ( 'NONE', #1079 ) ;
#864 = VECTOR ( 'NONE', #193, 1000.000000000000114 ) ;
#865 = CARTESIAN_POINT ( 'NONE',  ( 23.65772382437831922, 163.0195042696738881, 5.163672401922076105 ) ) ;
#866 = DIRECTION ( 'NONE',  ( -0.05370107013642699822, 0.0003310879849763967604, -0.9985570016012850214 ) ) ;
#867 =( BOUNDED_SURFACE ( )  B_SPLINE_SURFACE ( 3, 2, ( 
 ( #2499, #5980, #4461 ),
 ( #5617, #3016, #4494 ),
 ( #2021, #1631, #1535 ),
 ( #3107, #3997, #6009 ),
 ( #5015, #4029, #1503 ),
 ( #5581, #1064, #3968 ) ),
 .UNSPECIFIED., .F., .F., .T. ) 
 B_SPLINE_SURFACE_WITH_KNOTS ( ( 4, 2, 4 ),
 ( 3, 3 ),
 ( 0.01087326523330018474, 0.01251961408574873633, 0.01416596293819728618 ),
 ( 0.000000000000000000, 1.000000000000000000 ),
 .UNSPECIFIED. ) 
 GEOMETRIC_REPRESENTATION_ITEM ( )  RATIONAL_B_SPLINE_SURFACE ( (
 ( 1.000000000000000000, 0.8871452871965351816, 1.000000000000000000),
 ( 1.000000000000000000, 0.8587937777100060899, 1.000000000000000000),
 ( 1.000000000000000000, 0.8286869630260722541, 1.000000000000000000),
 ( 1.000000000000000000, 0.7636914943010850720, 1.000000000000000000),
 ( 1.000000000000000000, 0.7287955051163886866, 1.000000000000000000),
 ( 1.000000000000000000, 0.6904321580553171023, 1.000000000000000000) ) ) 
 REPRESENTATION_ITEM ( '' )  SURFACE ( )  );
#868 = EDGE_CURVE ( 'NONE', #4417, #1531, #1256, .T. ) ;
#869 = EDGE_LOOP ( 'NONE', ( #5389, #5041 ) ) ;
#870 = CARTESIAN_POINT ( 'NONE',  ( 29.46178992441156907, 117.7694322442790025, 2.478057247945113950 ) ) ;
#871 = EDGE_LOOP ( 'NONE', ( #6352, #2397, #3931, #1321, #4285 ) ) ;
#872 = DIRECTION ( 'NONE',  ( -0.000000000000000000, 0.000000000000000000, 1.000000000000000000 ) ) ;
#873 = VERTEX_POINT ( 'NONE', #1243 ) ;
#874 = DIRECTION ( 'NONE',  ( -0.000000000000000000, -0.000000000000000000, 1.000000000000000000 ) ) ;
#875 = DIRECTION ( 'NONE',  ( -0.8082329589569432482, 0.5888628737284292702, 0.000000000000000000 ) ) ;
#876 = CARTESIAN_POINT ( 'NONE',  ( -278.1066884401993207, 75.00000000000000000, 15.50000000000000178 ) ) ;
#877 = EDGE_CURVE ( 'NONE', #704, #873, #2803, .T. ) ;
#878 = CARTESIAN_POINT ( 'NONE',  ( 278.1066884401993207, 75.00000000000007105, 14.00000000000000178 ) ) ;
#879 = VECTOR ( 'NONE', #3419, 1000.000000000000000 ) ;
#880 = CARTESIAN_POINT ( 'NONE',  ( 28.12642030999310094, -1.062332077005043285, 18.50000000000000355 ) ) ;
#881 = FACE_BOUND ( 'NONE', #2713, .T. ) ;
#882 = CARTESIAN_POINT ( 'NONE',  ( 278.1066884401993207, 75.00000000000007105, 14.00000000000000178 ) ) ;
#883 = CARTESIAN_POINT ( 'NONE',  ( -2.571073631240472057, 98.34889050580416381, 7.000000000000000000 ) ) ;
#884 = DIRECTION ( 'NONE',  ( 0.000000000000000000, 0.000000000000000000, 1.000000000000000000 ) ) ;
#885 = CARTESIAN_POINT ( 'NONE',  ( 22.05721009660865661, 126.7255556970801393, 6.080448500710200932 ) ) ;
#886 = EDGE_CURVE ( 'NONE', #5384, #4564, #5724, .T. ) ;
#887 = CARTESIAN_POINT ( 'NONE',  ( 27.68989954752108318, 11.72026718802901080, 0.09590903716289324310 ) ) ;
#888 = ORIENTED_EDGE ( 'NONE', *, *, #5995, .F. ) ;
#889 = ORIENTED_EDGE ( 'NONE', *, *, #5723, .T. ) ;
#890 = TOROIDAL_SURFACE ( 'NONE', #6207, 9.000000000000001776, 1.000000000000000000 ) ;
#891 = DIRECTION ( 'NONE',  ( -1.000000000000000000, 0.000000000000000000, 0.000000000000000000 ) ) ;
#892 = DIRECTION ( 'NONE',  ( -0.000000000000000000, -0.000000000000000000, 1.000000000000000000 ) ) ;
#893 = CARTESIAN_POINT ( 'NONE',  ( 30.10632786799104466, 24.86292942940690054, 3.231589661363643895 ) ) ;
#894 = CARTESIAN_POINT ( 'NONE',  ( 1.347111479062092941E-14, 135.0000000000009948, 11.00000000000000178 ) ) ;
#895 = TOROIDAL_SURFACE ( 'NONE', #188, 262.6066884401992638, 1.500000000000000000 ) ;
#896 = ORIENTED_EDGE ( 'NONE', *, *, #5467, .T. ) ;
#897 = EDGE_CURVE ( 'NONE', #2901, #1713, #5694, .T. ) ;
#898 = CARTESIAN_POINT ( 'NONE',  ( -3.089976191583687637E-15, 0.000000000000000000, 8.000000000000001776 ) ) ;
#899 = ORIENTED_EDGE ( 'NONE', *, *, #2417, .T. ) ;
#900 = VECTOR ( 'NONE', #3964, 1000.000000000000227 ) ;
#901 = VECTOR ( 'NONE', #1253, 1000.000000000000227 ) ;
#902 = CARTESIAN_POINT ( 'NONE',  ( 29.12675787674520222, 138.3067630796428489, 20.05060629459561028 ) ) ;
#903 = CARTESIAN_POINT ( 'NONE',  ( -16.41844321052943911, 70.71630151631941885, 14.28517576932134325 ) ) ;
#904 = CIRCLE ( 'NONE', #4540, 1.650000000000000355 ) ;
#905 = ORIENTED_EDGE ( 'NONE', *, *, #5590, .F. ) ;
#906 = CARTESIAN_POINT ( 'NONE',  ( 29.55174693790585394, 113.3252283187146929, 2.500000000000002220 ) ) ;
#907 = ORIENTED_EDGE ( 'NONE', *, *, #5653, .F. ) ;
#908 = ORIENTED_EDGE ( 'NONE', *, *, #3957, .T. ) ;
#909 = AXIS2_PLACEMENT_3D ( 'NONE', #346, #4297, #6312 ) ;
#910 = EDGE_CURVE ( 'NONE', #3397, #4564, #6405, .T. ) ;
#911 = EDGE_CURVE ( 'NONE', #152, #4837, #5377, .T. ) ;
#912 = VECTOR ( 'NONE', #2472, 1000.000000000000114 ) ;
#913 = CARTESIAN_POINT ( 'NONE',  ( -16.94888251222482367, 72.38227438687169979, 5.942970670808876754 ) ) ;
#914 = EDGE_LOOP ( 'NONE', ( #971, #1158, #3641, #2569, #6124 ) ) ;
#915 = CARTESIAN_POINT ( 'NONE',  ( -29.50649404246214047, 144.5808848211035240, 2.015263027388628281 ) ) ;
#916 = CARTESIAN_POINT ( 'NONE',  ( -4.174178364069192071E-15, -9.000000000000001776, 8.000000000000001776 ) ) ;
#917 = CARTESIAN_POINT ( 'NONE',  ( 26.99999999999921485, -1.804112415015879378E-13, -117.0000000000000000 ) ) ;
#918 = CARTESIAN_POINT ( 'NONE',  ( 28.85213772220865991, 8.313405849328644237, 20.82062739741622437 ) ) ;
#919 = VECTOR ( 'NONE', #5963, 1000.000000000000000 ) ;
#920 = LINE ( 'NONE', #3376, #4975 ) ;
#921 = CARTESIAN_POINT ( 'NONE',  ( 28.47476151189263049, 6.586148989102318829, 21.01062717614017927 ) ) ;
#922 = DIRECTION ( 'NONE',  ( 0.5788523453879101943, -0.8154323774776884859, 0.000000000000000000 ) ) ;
#923 = DIRECTION ( 'NONE',  ( -5.881243339847807402E-18, 0.07394153448179145716, 0.9972625779996349138 ) ) ;
#924 = DIRECTION ( 'NONE',  ( -0.03774298798120412357, 0.9992874795864554738, 0.000000000000000000 ) ) ;
#925 = CARTESIAN_POINT ( 'NONE',  ( 20.61437827766086173, 75.00000000000007105, 0.4999999999978433363 ) ) ;
#926 = DIRECTION ( 'NONE',  ( -1.000000000000000000, 0.000000000000000000, 0.000000000000000000 ) ) ;
#927 = EDGE_CURVE ( 'NONE', #4672, #348, #3961, .T. ) ;
#928 = ORIENTED_EDGE ( 'NONE', *, *, #3304, .T. ) ;
#929 = EDGE_LOOP ( 'NONE', ( #5012, #2285, #5261, #2383 ) ) ;
#930 = EDGE_CURVE ( 'NONE', #1391, #4478, #2816, .T. ) ;
#931 = CARTESIAN_POINT ( 'NONE',  ( -18.38215907065805155, 23.70856865989687634, 0.000000000000000000 ) ) ;
#932 = CARTESIAN_POINT ( 'NONE',  ( -22.39905047270415395, 22.17664689465800620, 21.00000000000000000 ) ) ;
#933 = DIRECTION ( 'NONE',  ( 0.000000000000000000, -1.000000000000000000, 0.000000000000000000 ) ) ;
#934 = CARTESIAN_POINT ( 'NONE',  ( 16.03466805310923604, 75.70332215241711538, 21.00000000000000000 ) ) ;
#935 = DIRECTION ( 'NONE',  ( 0.5788523453879101943, -0.8154323774776884859, 0.000000000000000000 ) ) ;
#936 = DIRECTION ( 'NONE',  ( -0.000000000000000000, 0.000000000000000000, -1.000000000000000000 ) ) ;
#937 = VERTEX_POINT ( 'NONE', #5472 ) ;
#938 = EDGE_CURVE ( 'NONE', #152, #2610, #5111, .T. ) ;
#939 = CYLINDRICAL_SURFACE ( 'NONE', #4158, 1.499999999999995781 ) ;
#940 = CARTESIAN_POINT ( 'NONE',  ( 29.51695639438649010, 9.258665805874137789, 19.69999999999812701 ) ) ;
#941 = ORIENTED_EDGE ( 'NONE', *, *, #492, .T. ) ;
#942 = DIRECTION ( 'NONE',  ( -1.000000000000000000, 0.000000000000000000, 0.000000000000000000 ) ) ;
#943 = VERTEX_POINT ( 'NONE', #1377 ) ;
#944 = AXIS2_PLACEMENT_3D ( 'NONE', #6107, #5552, #1536 ) ;
#945 = CARTESIAN_POINT ( 'NONE',  ( -29.46262665035074590, 5.653846848946578518, 2.129670411449513967 ) ) ;
#946 = ORIENTED_EDGE ( 'NONE', *, *, #4777, .T. ) ;
#947 = DIRECTION ( 'NONE',  ( 0.5888628737284323789, -0.8082329589569409167, 0.000000000000000000 ) ) ;
#948 = CARTESIAN_POINT ( 'NONE',  ( -0.9719846703437875490, -30.00029748540471175, 4.999971773055136737 ) ) ;
#949 = LINE ( 'NONE', #3899, #5405 ) ;
#950 = DIRECTION ( 'NONE',  ( -0.03687559206387868577, 0.9763222103962598819, 0.2131551833685960129 ) ) ;
#951 = DIRECTION ( 'NONE',  ( -0.000000000000000000, -0.000000000000000000, 1.000000000000000000 ) ) ;
#952 = CARTESIAN_POINT ( 'NONE',  ( 3.339766697952641077E-17, 95.89212203745127283, 15.43457091895199618 ) ) ;
#953 = CARTESIAN_POINT ( 'NONE',  ( -13.50665244752419625, 28.11074788934647017, 14.03119450667810675 ) ) ;
#954 = DIRECTION ( 'NONE',  ( -0.000000000000000000, 0.000000000000000000, 1.000000000000000000 ) ) ;
#955 = EDGE_CURVE ( 'NONE', #1154, #6134, #3819, .T. ) ;
#956 = EDGE_CURVE ( 'NONE', #4673, #202, #1870, .T. ) ;
#957 = DIRECTION ( 'NONE',  ( 1.000000000000000000, 0.000000000000000000, 0.000000000000000000 ) ) ;
#958 = ORIENTED_EDGE ( 'NONE', *, *, #1824, .F. ) ;
#959 = DIRECTION ( 'NONE',  ( 0.5788523453879270697, 0.8154323774776766065, 0.000000000000000000 ) ) ;
#960 = CARTESIAN_POINT ( 'NONE',  ( -29.90555810450386076, 152.4273967863303767, 3.791788547105010565 ) ) ;
#961 = CARTESIAN_POINT ( 'NONE',  ( 30.55103441749232474, 36.63702869330428058, 3.500000000000002220 ) ) ;
#962 = CARTESIAN_POINT ( 'NONE',  ( 17.01123581841151733, 77.42226567394784809, 15.47812922134208691 ) ) ;
#963 = CARTESIAN_POINT ( 'NONE',  ( -22.11183385110316024, 126.8517574222073847, 14.98907332310817253 ) ) ;
#964 = DIRECTION ( 'NONE',  ( 1.000000000000000000, 0.000000000000000000, 0.000000000000000000 ) ) ;
#965 = ADVANCED_FACE ( 'NONE', ( #5443 ), #3353, .F. ) ;
#966 = ORIENTED_EDGE ( 'NONE', *, *, #4566, .T. ) ;
#967 = CARTESIAN_POINT ( 'NONE',  ( -16.78600405087359348, 71.87272398841916754, 14.69083602415193290 ) ) ;
#968 = ORIENTED_EDGE ( 'NONE', *, *, #5864, .F. ) ;
#969 = DIRECTION ( 'NONE',  ( -0.000000000000000000, 1.000000000000000000, -0.000000000000000000 ) ) ;
#970 = ORIENTED_EDGE ( 'NONE', *, *, #1825, .F. ) ;
#971 = ORIENTED_EDGE ( 'NONE', *, *, #4170, .F. ) ;
#972 = FACE_BOUND ( 'NONE', #6035, .T. ) ;
#973 = FACE_BOUND ( 'NONE', #4264, .T. ) ;
#974 = CARTESIAN_POINT ( 'NONE',  ( -21.99351920263835325, 15.61257625452772935, 5.500000000000000000 ) ) ;
#975 = CARTESIAN_POINT ( 'NONE',  ( -19.51661539667203371, 120.7542013029525663, 7.000000000000000000 ) ) ;
#976 = EDGE_CURVE ( 'NONE', #2298, #152, #4918, .T. ) ;
#977 = CARTESIAN_POINT ( 'NONE',  ( 22.19572249233216255, 127.1171417492521982, 15.43457091895199795 ) ) ;
#978 = CARTESIAN_POINT ( 'NONE',  ( 17.96160490080955086, 125.9697933496531590, 3.590224374424856091 ) ) ;
#979 = CARTESIAN_POINT ( 'NONE',  ( 16.98942356647673435, 72.50886406899815029, 15.22703066545527761 ) ) ;
#980 = CARTESIAN_POINT ( 'NONE',  ( 3.686287386450715076E-15, 94.78830711548314980, 13.99999999999999822 ) ) ;
#981 = CARTESIAN_POINT ( 'NONE',  ( 29.36623311149929094, 31.76308731462605550, 2.500000000000002220 ) ) ;
#982 = DIRECTION ( 'NONE',  ( -0.000000000000000000, -0.000000000000000000, 1.000000000000000000 ) ) ;
#983 = CIRCLE ( 'NONE', #4410, 0.9999999999999996669 ) ;
#984 = CARTESIAN_POINT ( 'NONE',  ( 29.09790089312236461, 140.5508468074502275, 20.50000000000387956 ) ) ;
#985 = VERTEX_POINT ( 'NONE', #5858 ) ;
#986 = EDGE_CURVE ( 'NONE', #643, #2074, #5370, .T. ) ;
#987 = AXIS2_PLACEMENT_3D ( 'NONE', #2872, #2938, #3392 ) ;
#988 = FACE_OUTER_BOUND ( 'NONE', #4088, .T. ) ;
#989 = CARTESIAN_POINT ( 'NONE',  ( -22.27868256395751345, 22.76271290330197417, 15.47804427495760571 ) ) ;
#990 = DIRECTION ( 'NONE',  ( 0.000000000000000000, -0.000000000000000000, -1.000000000000000000 ) ) ;
#991 = FACE_OUTER_BOUND ( 'NONE', #5587, .T. ) ;
#992 = CARTESIAN_POINT ( 'NONE',  ( -26.67352893741211872, 11.13263699561376185, 0.2946032745954462739 ) ) ;
#993 = CARTESIAN_POINT ( 'NONE',  ( 20.70519337430941320, 26.42633928107313324, 14.14580399102149322 ) ) ;
#994 = EDGE_LOOP ( 'NONE', ( #6155, #5974, #4760, #4730, #3579 ) ) ;
#995 = CARTESIAN_POINT ( 'NONE',  ( -17.73824133803189085, 125.8041231543550964, 5.565429081048003823 ) ) ;
#996 = CARTESIAN_POINT ( 'NONE',  ( 29.43520556014026113, 7.094221773284673738, 19.98645189650853382 ) ) ;
#997 = ORIENTED_EDGE ( 'NONE', *, *, #1715, .F. ) ;
#998 = CARTESIAN_POINT ( 'NONE',  ( 22.27915728199902290, 22.76038811680070140, 15.49999999999940314 ) ) ;
#999 = B_SPLINE_CURVE_WITH_KNOTS ( 'NONE', 3,
 ( #5621, #1666, #183, #4124, #3628, #722, #5680, #2667, #3145, #2756 ),
 .UNSPECIFIED., .F., .F.,
 ( 4, 2, 2, 2, 4 ),
 ( 0.000000000000000000, 0.006871782807971665158, 0.01374356561594333032, 0.02061534842391499547, 0.02748713123188666063 ),
 .UNSPECIFIED. ) ;
#1000 = ORIENTED_EDGE ( 'NONE', *, *, #2947, .T. ) ;
#1001 = AXIS2_PLACEMENT_3D ( 'NONE', #54, #5013, #5577 ) ;
#1002 = AXIS2_PLACEMENT_3D ( 'NONE', #1405, #851, #1829 ) ;
#1003 = EDGE_CURVE ( 'NONE', #137, #4206, #3428, .T. ) ;
#1004 = CARTESIAN_POINT ( 'NONE',  ( -12.57435216595292715, 121.1185930466224505, 7.000000000000000000 ) ) ;
#1005 = CARTESIAN_POINT ( 'NONE',  ( -17.74817186027531690, 125.8131772318450174, 5.500000000000171418 ) ) ;
#1006 = CARTESIAN_POINT ( 'NONE',  ( -20.10000000000000142, 2.461540066286179870E-15, 21.00000000000000000 ) ) ;
#1007 = VERTEX_POINT ( 'NONE', #424 ) ;
#1008 = AXIS2_PLACEMENT_3D ( 'NONE', #4824, #3734, #2865 ) ;
#1009 = AXIS2_PLACEMENT_3D ( 'NONE', #4869, #3432, #3850 ) ;
#1010 = B_SPLINE_CURVE_WITH_KNOTS ( 'NONE', 3,
 ( #4622, #4182, #6199, #1757, #1724, #3689, #5710, #5212 ),
 .UNSPECIFIED., .F., .F.,
 ( 4, 2, 2, 4 ),
 ( 0.000000000000000000, 0.01332080056245293909, 0.01998120084367941557, 0.02664160112490588511 ),
 .UNSPECIFIED. ) ;
#1011 = CARTESIAN_POINT ( 'NONE',  ( 26.10523919606830390, 156.9073900058814957, 4.512577891585674905 ) ) ;
#1012 = ADVANCED_FACE ( 'NONE', ( #485 ), #3446, .T. ) ;
#1013 = CARTESIAN_POINT ( 'NONE',  ( -18.16172599417229350, 74.15358895002735551, 15.43457091895199795 ) ) ;
#1014 = CARTESIAN_POINT ( 'NONE',  ( 29.79783263406518756, 145.9789707886251051, 2.402213147249294245 ) ) ;
#1015 = CARTESIAN_POINT ( 'NONE',  ( 0.000000000000000000, 0.000000000000000000, 7.000000000000000000 ) ) ;
#1016 = CIRCLE ( 'NONE', #203, 20.10000000000000142 ) ;
#1017 = DIRECTION ( 'NONE',  ( 0.5788523453879101943, -0.8154323774776885969, 3.472733394097494846E-18 ) ) ;
#1018 = EDGE_LOOP ( 'NONE', ( #3012, #1038, #6381, #5839, #4453, #349 ) ) ;
#1019 = CIRCLE ( 'NONE', #2257, 9.999999999999998224 ) ;
#1020 = CARTESIAN_POINT ( 'NONE',  ( 25.10590816447923856, 10.14742434321217246, 0.6378293138732528123 ) ) ;
#1021 = CARTESIAN_POINT ( 'NONE',  ( -278.1066884401993207, 75.00000000000000000, 5.500000000000000000 ) ) ;
#1022 = FACE_OUTER_BOUND ( 'NONE', #6091, .T. ) ;
#1023 = CARTESIAN_POINT ( 'NONE',  ( 29.19030649722636639, 9.996196684698137602, 0.6663929141219877561 ) ) ;
#1024 = CARTESIAN_POINT ( 'NONE',  ( -44.02060525217950016, 31.24898066279909159, 7.000000000000000000 ) ) ;
#1025 = ADVANCED_FACE ( 'NONE', ( #4368 ), #1538, .T. ) ;
#1026 = ADVANCED_FACE ( 'NONE', ( #2089 ), #1136, .F. ) ;
#1027 = ORIENTED_EDGE ( 'NONE', *, *, #3250, .F. ) ;
#1028 = AXIS2_PLACEMENT_3D ( 'NONE', #3547, #4014, #6056 ) ;
#1029 = CARTESIAN_POINT ( 'NONE',  ( 29.45948155179632977, 117.8867097137410411, 18.52311362703094133 ) ) ;
#1030 = DIRECTION ( 'NONE',  ( 1.000000000000000000, 0.000000000000000000, 0.000000000000000000 ) ) ;
#1031 = ORIENTED_EDGE ( 'NONE', *, *, #3614, .T. ) ;
#1032 = PLANE ( 'NONE',  #2346 ) ;
#1033 = EDGE_CURVE ( 'NONE', #2718, #3826, #744, .T. ) ;
#1034 = ADVANCED_FACE ( 'NONE', ( #4039 ), #6149, .F. ) ;
#1035 = ORIENTED_EDGE ( 'NONE', *, *, #3556, .F. ) ;
#1036 = CARTESIAN_POINT ( 'NONE',  ( -17.74570713621941564, 125.8113686294274061, 5.522054082694886290 ) ) ;
#1037 = DIRECTION ( 'NONE',  ( 0.5888628737284323789, -0.8082329589569409167, 0.000000000000000000 ) ) ;
#1038 = ORIENTED_EDGE ( 'NONE', *, *, #2102, .F. ) ;
#1039 =( BOUNDED_CURVE ( )  B_SPLINE_CURVE ( 3, ( #1370, #883, #2957, #1478 ),
 .UNSPECIFIED., .F., .F. ) 
 B_SPLINE_CURVE_WITH_KNOTS ( ( 4, 4 ),
 ( 4.712388980384688786, 6.239552075879728932 ),
 .UNSPECIFIED. ) 
 CURVE ( )  GEOMETRIC_REPRESENTATION_ITEM ( )  RATIONAL_B_SPLINE_CURVE ( ( 1.000000000000000000, 0.8149093080398366329, 0.8149093080398366329, 1.000000000000000000 ) ) 
 REPRESENTATION_ITEM ( '' )  );
#1040 = DIRECTION ( 'NONE',  ( -0.5788523453879270697, -0.8154323774776766065, 0.000000000000000000 ) ) ;
#1041 = LINE ( 'NONE', #4091, #3954 ) ;
#1042 = CARTESIAN_POINT ( 'NONE',  ( 22.39905047270415395, 22.17664689465800620, 21.00000000000000000 ) ) ;
#1043 = CARTESIAN_POINT ( 'NONE',  ( 17.33014836183736662, 125.3934357976574319, 14.96716858837188902 ) ) ;
#1044 = CARTESIAN_POINT ( 'NONE',  ( 1.172074188397415728, 52.49898342726964984, 5.565429081048003823 ) ) ;
#1045 = ORIENTED_EDGE ( 'NONE', *, *, #3220, .T. ) ;
#1046 = CARTESIAN_POINT ( 'NONE',  ( 30.10349734147091638, 24.78798809954680493, 3.227807773548182269 ) ) ;
#1047 = CARTESIAN_POINT ( 'NONE',  ( -29.46410631866621443, 5.646173743823786673, 18.87468758513365330 ) ) ;
#1048 = CARTESIAN_POINT ( 'NONE',  ( 29.10647805531522181, 10.11176988500844409, 0.6291576134378051854 ) ) ;
#1049 = CARTESIAN_POINT ( 'NONE',  ( 22.05720413735476626, 23.27445807465166538, 14.91954397261313758 ) ) ;
#1050 = ORIENTED_EDGE ( 'NONE', *, *, #5748, .T. ) ;
#1051 = VERTEX_POINT ( 'NONE', #3632 ) ;
#1052 = AXIS2_PLACEMENT_3D ( 'NONE', #2488, #1523, #2461 ) ;
#1053 = CARTESIAN_POINT ( 'NONE',  ( -16.78600871992126642, 78.12726138147634458, 6.309156277057843099 ) ) ;
#1054 = CARTESIAN_POINT ( 'NONE',  ( -17.00985568025587114, 77.42738956583123411, 15.43457091895199795 ) ) ;
#1055 = ORIENTED_EDGE ( 'NONE', *, *, #5313, .T. ) ;
#1056 = ORIENTED_EDGE ( 'NONE', *, *, #3985, .F. ) ;
#1057 = ADVANCED_FACE ( 'NONE', ( #698 ), #5121, .F. ) ;
#1058 = VECTOR ( 'NONE', #4959, 1000.000000000000000 ) ;
#1059 = EDGE_LOOP ( 'NONE', ( #3958, #3988, #4298, #3009 ) ) ;
#1060 = CARTESIAN_POINT ( 'NONE',  ( -0.9653319468908254652, 97.62971668440488315, 21.00000000000000000 ) ) ;
#1061 = CARTESIAN_POINT ( 'NONE',  ( 22.27569735221403491, 22.77019724029806724, 5.565429081048003823 ) ) ;
#1062 = ORIENTED_EDGE ( 'NONE', *, *, #938, .F. ) ;
#1063 = AXIS2_PLACEMENT_3D ( 'NONE', #4778, #4680, #6198 ) ;
#1064 = CARTESIAN_POINT ( 'NONE',  ( 29.39254743437663464, 144.0351994320384108, 21.04583633038713586 ) ) ;
#1065 = CARTESIAN_POINT ( 'NONE',  ( -15.59117595168159376, 68.08056964636656971, 7.000000000000000000 ) ) ;
#1066 = DIRECTION ( 'NONE',  ( -0.8074637002697746535, -0.5883024067539724955, -0.04361938736533609723 ) ) ;
#1067 = DIRECTION ( 'NONE',  ( -0.000000000000000000, -0.000000000000000000, -1.000000000000000000 ) ) ;
#1068 = CARTESIAN_POINT ( 'NONE',  ( -1.734723475976807094E-15, 100.8801126955994931, 14.58680187058798872 ) ) ;
#1069 = CARTESIAN_POINT ( 'NONE',  ( 278.1066884401993207, 75.00000000000007105, 15.50000000000000178 ) ) ;
#1070 = EDGE_LOOP ( 'NONE', ( #2356, #4238, #252, #1866 ) ) ;
#1071 = DIRECTION ( 'NONE',  ( -0.000000000000000000, -0.000000000000000000, 1.000000000000000000 ) ) ;
#1072 = DIRECTION ( 'NONE',  ( -0.000000000000000000, 0.000000000000000000, 1.000000000000000000 ) ) ;
#1073 = CARTESIAN_POINT ( 'NONE',  ( -29.71497607432991117, 145.8432288344405663, 19.47404177200293063 ) ) ;
#1074 = CARTESIAN_POINT ( 'NONE',  ( 29.39345461399870629, 9.474145869107088558, 0.8323405331499841298 ) ) ;
#1075 = DIRECTION ( 'NONE',  ( -0.8146562665393508595, 0.5783014062182789683, -0.04361938736533609029 ) ) ;
#1076 = B_SPLINE_CURVE_WITH_KNOTS ( 'NONE', 3,
 ( #2672, #3208, #3631, #2761, #4752, #6204, #2273, #1296, #3661, #5683, #2208, #1264, #1794, #3178, #1204, #3241, #3696, #4657 ),
 .UNSPECIFIED., .F., .F.,
 ( 4, 2, 2, 2, 2, 2, 2, 2, 4 ),
 ( 5.485677294651095664E-18, 0.001001605299860987199, 0.002003210599721969194, 0.003004815899582951189, 0.004006421199443932317, 0.005008026499304913878, 0.006009631799165896307, 0.007011237099026877001, 0.008012842398887857695 ),
 .UNSPECIFIED. ) ;
#1077 = VERTEX_POINT ( 'NONE', #5155 ) ;
#1078 = AXIS2_PLACEMENT_3D ( 'NONE', #3746, #5203, #1220 ) ;
#1079 = CARTESIAN_POINT ( 'NONE',  ( -17.01122097318217996, 77.42066445156348209, 5.499999999998727240 ) ) ;
#1080 = CARTESIAN_POINT ( 'NONE',  ( 16.66616096458306373, 71.49663565812089416, 6.477269026274090180 ) ) ;
#1081 = EDGE_CURVE ( 'NONE', #285, #3500, #603, .T. ) ;
#1082 = CARTESIAN_POINT ( 'NONE',  ( 16.30586857193762995, -25.18655953636915257, 5.340157957254556109 ) ) ;
#1083 = ORIENTED_EDGE ( 'NONE', *, *, #5919, .T. ) ;
#1084 = CARTESIAN_POINT ( 'NONE',  ( 0.000000000000000000, 0.000000000000000000, 5.500000000000003553 ) ) ;
#1085 = DIRECTION ( 'NONE',  ( -0.000000000000000000, -0.000000000000000000, -1.000000000000000000 ) ) ;
#1086 = CARTESIAN_POINT ( 'NONE',  ( -1.650000000000004574, -9.000000000000001776, 15.66690475583125419 ) ) ;
#1087 = AXIS2_PLACEMENT_3D ( 'NONE', #604, #1642, #4129 ) ;
#1088 = ORIENTED_EDGE ( 'NONE', *, *, #39, .T. ) ;
#1089 = EDGE_CURVE ( 'NONE', #1289, #1784, #4007, .T. ) ;
#1090 = EDGE_CURVE ( 'NONE', #3647, #2744, #3516, .T. ) ;
#1091 = VECTOR ( 'NONE', #2497, 1000.000000000000000 ) ;
#1092 = CARTESIAN_POINT ( 'NONE',  ( 30.00000000000000000, 5.722409996601569700E-15, 3.312032733496141024 ) ) ;
#1093 = AXIS2_PLACEMENT_3D ( 'NONE', #3861, #5390, #1396 ) ;
#1094 = CARTESIAN_POINT ( 'NONE',  ( -16.19020424250545176, 25.71681556646954192, 6.518941016996574689 ) ) ;
#1095 = CARTESIAN_POINT ( 'NONE',  ( -20.10000000000000497, 150.0000000000000000, 21.00000000000000000 ) ) ;
#1096 = CIRCLE ( 'NONE', #2978, 258.9923101625378195 ) ;
#1097 = CARTESIAN_POINT ( 'NONE',  ( 2.394058588206413596, 49.96748678975931313, 15.50000000000000178 ) ) ;
#1098 = DIRECTION ( 'NONE',  ( -1.000000000000000000, 0.000000000000000000, 0.000000000000000000 ) ) ;
#1099 = LINE ( 'NONE', #5085, #3067 ) ;
#1100 = ORIENTED_EDGE ( 'NONE', *, *, #4525, .F. ) ;
#1101 = DIRECTION ( 'NONE',  ( -1.000000000000000000, 0.000000000000000000, 0.000000000000000000 ) ) ;
#1102 = DIRECTION ( 'NONE',  ( 1.000000000000000000, 0.000000000000000000, 0.000000000000000000 ) ) ;
#1103 =( BOUNDED_SURFACE ( )  B_SPLINE_SURFACE ( 3, 2, ( 
 ( #1438, #5910, #3416 ),
 ( #4884, #3897, #442 ),
 ( #918, #2892, #4389 ),
 ( #6404, #4355, #3309 ),
 ( #921, #3936, #5398 ),
 ( #6409, #3832, #6374 ) ),
 .UNSPECIFIED., .F., .F., .F. ) 
 B_SPLINE_SURFACE_WITH_KNOTS ( ( 4, 2, 4 ),
 ( 3, 3 ),
 ( 0.01087326523329889758, 0.01251961408574724446, 0.01416596293819559135 ),
 ( 0.000000000000000000, 1.000000000000000000 ),
 .UNSPECIFIED. ) 
 GEOMETRIC_REPRESENTATION_ITEM ( )  RATIONAL_B_SPLINE_SURFACE ( (
 ( 1.000000000000000000, 0.8871452871965397335, 1.000000000000000000),
 ( 1.000000000000000000, 0.8587937777103089587, 1.000000000000000000),
 ( 1.000000000000000000, 0.8286869630256754604, 1.000000000000000000),
 ( 1.000000000000000000, 0.7636914943014279089, 1.000000000000000000),
 ( 1.000000000000000000, 0.7287955051160902586, 1.000000000000000000),
 ( 1.000000000000000000, 0.6904321580552909010, 1.000000000000000000) ) ) 
 REPRESENTATION_ITEM ( '' )  SURFACE ( )  );
#1104 = CARTESIAN_POINT ( 'NONE',  ( 21.99286971539128999, 74.99999999999995737, 3.500000000000002220 ) ) ;
#1105 = CARTESIAN_POINT ( 'NONE',  ( 29.39387691339800313, 6.000000000000781597, 5.500000000000003553 ) ) ;
#1106 = CARTESIAN_POINT ( 'NONE',  ( 17.73824133803189085, 125.8041231543550964, 5.565429081048003823 ) ) ;
#1107 = CARTESIAN_POINT ( 'NONE',  ( 1.396097351028011612E-14, 139.0000000000010232, 15.66690475583125419 ) ) ;
#1108 = VERTEX_POINT ( 'NONE', #5533 ) ;
#1109 = ORIENTED_EDGE ( 'NONE', *, *, #1863, .F. ) ;
#1110 = ORIENTED_EDGE ( 'NONE', *, *, #6018, .F. ) ;
#1111 = AXIS2_PLACEMENT_3D ( 'NONE', #6193, #4207, #1753 ) ;
#1112 = CARTESIAN_POINT ( 'NONE',  ( -3.616294504566618162, 51.64466530096243702, 14.00000000000000178 ) ) ;
#1113 = CARTESIAN_POINT ( 'NONE',  ( 15.71821012267423434, 68.48883701159081738, 7.000000000000001776 ) ) ;
#1114 = CIRCLE ( 'NONE', #712, 2.499999999999998668 ) ;
#1115 = ORIENTED_EDGE ( 'NONE', *, *, #3297, .F. ) ;
#1116 = CARTESIAN_POINT ( 'NONE',  ( 28.12144069751736808, -10.49536306230232796, 4.944181473743877397 ) ) ;
#1117 = AXIS2_PLACEMENT_3D ( 'NONE', #15, #5566, #490 ) ;
#1118 = ORIENTED_EDGE ( 'NONE', *, *, #5608, .T. ) ;
#1119 = VERTEX_POINT ( 'NONE', #2540 ) ;
#1120 = ADVANCED_FACE ( 'NONE', ( #4531 ), #140, .F. ) ;
#1121 = PLANE ( 'NONE',  #4089 ) ;
#1122 = EDGE_LOOP ( 'NONE', ( #684, #175, #3926, #264 ) ) ;
#1123 = DIRECTION ( 'NONE',  ( -0.5888628737284321568, -0.8082329589569411388, 0.000000000000000000 ) ) ;
#1124 = ORIENTED_EDGE ( 'NONE', *, *, #4010, .T. ) ;
#1125 = LINE ( 'NONE', #5108, #1528 ) ;
#1126 = ORIENTED_EDGE ( 'NONE', *, *, #5865, .F. ) ;
#1127 = ADVANCED_FACE ( 'NONE', ( #1828 ), #311, .F. ) ;
#1128 = CARTESIAN_POINT ( 'NONE',  ( 15.52224116029399603, 75.00000000000005684, 0.000000000000000000 ) ) ;
#1129 = CARTESIAN_POINT ( 'NONE',  ( -13.15895462492872703, 28.40124602272796039, 6.987282986602325607 ) ) ;
#1130 = CARTESIAN_POINT ( 'NONE',  ( -17.74817186027349791, 24.18682276815653509, 5.499999999999949374 ) ) ;
#1131 = CARTESIAN_POINT ( 'NONE',  ( -22.39905047270378091, 127.8233531053402885, 0.000000000000000000 ) ) ;
#1132 = CARTESIAN_POINT ( 'NONE',  ( -12.57435216595293248, 121.1185930466224505, 14.00000000000000178 ) ) ;
#1133 = LINE ( 'NONE', #3147, #5911 ) ;
#1134 = ORIENTED_EDGE ( 'NONE', *, *, #6072, .T. ) ;
#1135 = CARTESIAN_POINT ( 'NONE',  ( 19.75376609556174046, 28.67977408084980695, 6.994356148951135665 ) ) ;
#1136 = CYLINDRICAL_SURFACE ( 'NONE', #4378, 1.500000000000002442 ) ;
#1137 = B_SPLINE_CURVE_WITH_KNOTS ( 'NONE', 3,
 ( #5244, #691, #3268, #747 ),
 .UNSPECIFIED., .F., .F.,
 ( 4, 4 ),
 ( 0.000000000000000000, 6.578796115764003563E-05 ),
 .UNSPECIFIED. ) ;
#1138 = EDGE_CURVE ( 'NONE', #5567, #1375, #1152, .T. ) ;
#1139 = CARTESIAN_POINT ( 'NONE',  ( -13.36746116222343161, 75.00000000000005684, 14.00000000000000178 ) ) ;
#1140 = ADVANCED_FACE ( 'NONE', ( #1297 ), #5956, .T. ) ;
#1141 = AXIS2_PLACEMENT_3D ( 'NONE', #882, #951, #2860 ) ;
#1142 = CARTESIAN_POINT ( 'NONE',  ( -29.71427175185117875, 4.161793624777249789, 19.47240133243468918 ) ) ;
#1143 = FACE_OUTER_BOUND ( 'NONE', #491, .T. ) ;
#1144 = CARTESIAN_POINT ( 'NONE',  ( 278.1066884401993207, 74.99999999999994316, 5.500000000000003553 ) ) ;
#1145 = VERTEX_POINT ( 'NONE', #4187 ) ;
#1146 = ORIENTED_EDGE ( 'NONE', *, *, #3636, .T. ) ;
#1147 = ORIENTED_EDGE ( 'NONE', *, *, #6270, .F. ) ;
#1148 = CARTESIAN_POINT ( 'NONE',  ( -2.571073631240445412, 51.65110949419596409, 14.00000000000000355 ) ) ;
#1149 = CARTESIAN_POINT ( 'NONE',  ( 16.98942307068378099, 72.50886252213513217, 5.772972429637891700 ) ) ;
#1150 = ORIENTED_EDGE ( 'NONE', *, *, #5758, .T. ) ;
#1151 = ADVANCED_FACE ( 'NONE', ( #6175 ), #276, .F. ) ;
#1152 = CIRCLE ( 'NONE', #4582, 262.6066884401992638 ) ;
#1153 = CARTESIAN_POINT ( 'NONE',  ( 26.31743790479618283, -6.048802551286615703, 4.390509394458072201 ) ) ;
#1154 = VERTEX_POINT ( 'NONE', #1205 ) ;
#1155 = B_SPLINE_CURVE_WITH_KNOTS ( 'NONE', 3,
 ( #1334, #2704, #1701, #1764, #221, #1268, #3244, #1830, #4756, #3800, #5749, #4789 ),
 .UNSPECIFIED., .F., .F.,
 ( 4, 2, 2, 2, 2, 4 ),
 ( 0.09752017608873154997, 0.09911812048505316830, 0.1007160648813747728, 0.1039119536740180094, 0.1071078424666612322, 0.1103037312593044550 ),
 .UNSPECIFIED. ) ;
#1156 = AXIS2_PLACEMENT_3D ( 'NONE', #3998, #5045, #6046 ) ;
#1157 = CARTESIAN_POINT ( 'NONE',  ( 28.58153231718296183, 139.1521988264129561, 0.3895403084338414645 ) ) ;
#1158 = ORIENTED_EDGE ( 'NONE', *, *, #4740, .T. ) ;
#1159 = LINE ( 'NONE', #5705, #5409 ) ;
#1160 = EDGE_CURVE ( 'NONE', #3215, #1551, #3179, .T. ) ;
#1161 = EDGE_CURVE ( 'NONE', #4928, #2128, #5230, .T. ) ;
#1162 = CARTESIAN_POINT ( 'NONE',  ( 29.94916637979564200, 129.2980953284013594, 18.78351917721888142 ) ) ;
#1163 = ORIENTED_EDGE ( 'NONE', *, *, #3318, .F. ) ;
#1164 = CIRCLE ( 'NONE', #4920, 20.10000000000000142 ) ;
#1165 = CARTESIAN_POINT ( 'NONE',  ( 278.1066884401993207, 75.00000000000007105, 0.000000000000000000 ) ) ;
#1166 = CARTESIAN_POINT ( 'NONE',  ( 17.33014836183726359, 24.60656420234174746, 14.96716858837188902 ) ) ;
#1167 = EDGE_CURVE ( 'NONE', #4538, #4962, #341, .T. ) ;
#1168 = CARTESIAN_POINT ( 'NONE',  ( -19.99100444264080068, 28.11456156774019632, 6.982213053105268408 ) ) ;
#1169 = DIRECTION ( 'NONE',  ( -0.000000000000000000, -0.000000000000000000, -1.000000000000000000 ) ) ;
#1170 = CARTESIAN_POINT ( 'NONE',  ( -1.770451845801048307, 51.65604563891329803, 5.565429081048003823 ) ) ;
#1171 = AXIS2_PLACEMENT_3D ( 'NONE', #3334, #2850, #4383 ) ;
#1172 = CARTESIAN_POINT ( 'NONE',  ( 4.615664167924079742, 26.60343815103619036, 5.554819490941119042 ) ) ;
#1173 = DIRECTION ( 'NONE',  ( -1.000000000000000000, 0.000000000000000000, 0.000000000000000000 ) ) ;
#1174 = CARTESIAN_POINT ( 'NONE',  ( 14.42217164733979651, 27.32650854022307385, 6.880287504227838191 ) ) ;
#1175 = CARTESIAN_POINT ( 'NONE',  ( -29.78203981934872502, 146.3534009227242620, 19.63503745366683972 ) ) ;
#1176 = CARTESIAN_POINT ( 'NONE',  ( -16.82094198585915734, 124.8912727067719572, 6.289298591633603053 ) ) ;
#1177 = DIRECTION ( 'NONE',  ( 1.000000000000000000, 0.000000000000000000, 0.000000000000000000 ) ) ;
#1178 = EDGE_LOOP ( 'NONE', ( #1815, #3860 ) ) ;
#1179 = ORIENTED_EDGE ( 'NONE', *, *, #4047, .F. ) ;
#1180 = ORIENTED_EDGE ( 'NONE', *, *, #2615, .T. ) ;
#1181 = EDGE_CURVE ( 'NONE', #6213, #6166, #4254, .T. ) ;
#1182 = EDGE_CURVE ( 'NONE', #5338, #5787, #2266, .T. ) ;
#1183 = FACE_OUTER_BOUND ( 'NONE', #584, .T. ) ;
#1184 = CARTESIAN_POINT ( 'NONE',  ( 17.00985568025590311, 72.57261043416893642, 5.565429081048003823 ) ) ;
#1185 = ORIENTED_EDGE ( 'NONE', *, *, #1445, .F. ) ;
#1186 = CARTESIAN_POINT ( 'NONE',  ( 12.01757228757171525, -24.24336194425818647, 5.381400495927776362 ) ) ;
#1187 = ORIENTED_EDGE ( 'NONE', *, *, #6147, .F. ) ;
#1188 = VECTOR ( 'NONE', #4292, 1000.000000000000227 ) ;
#1189 = CARTESIAN_POINT ( 'NONE',  ( 29.01599401131114320, 7.647149417397768545, 20.80957090670553811 ) ) ;
#1190 = VECTOR ( 'NONE', #1775, 1000.000000000000000 ) ;
#1191 = ORIENTED_EDGE ( 'NONE', *, *, #1358, .T. ) ;
#1192 = FACE_OUTER_BOUND ( 'NONE', #1906, .T. ) ;
#1193 = ORIENTED_EDGE ( 'NONE', *, *, #4930, .T. ) ;
#1194 = AXIS2_PLACEMENT_3D ( 'NONE', #160, #3214, #1177 ) ;
#1195 = CARTESIAN_POINT ( 'NONE',  ( -30.00000000000000355, 148.1673879748788636, 2.927141425657528551 ) ) ;
#1196 = CARTESIAN_POINT ( 'NONE',  ( 17.68858478284398572, 24.24627585696799059, 15.29777173284786507 ) ) ;
#1197 = CARTESIAN_POINT ( 'NONE',  ( 30.98645703166939214, 74.66031310816917710, 17.50000000000000000 ) ) ;
#1198 = CARTESIAN_POINT ( 'NONE',  ( 34.78312208934865168, 1.313755036248577257, 2.500000000000002220 ) ) ;
#1199 = PLANE ( 'NONE',  #2359 ) ;
#1200 = VECTOR ( 'NONE', #5799, 1000.000000000000000 ) ;
#1201 = CIRCLE ( 'NONE', #5052, 9.999999999999998224 ) ;
#1202 = EDGE_CURVE ( 'NONE', #4477, #1607, #1483, .T. ) ;
#1203 =( BOUNDED_CURVE ( )  B_SPLINE_CURVE ( 3, ( #2882, #2519, #3470, #1914 ),
 .UNSPECIFIED., .F., .F. ) 
 B_SPLINE_CURVE_WITH_KNOTS ( ( 4, 4 ),
 ( 0.6373782687012349291, 0.6389221092709248540 ),
 .UNSPECIFIED. ) 
 CURVE ( )  GEOMETRIC_REPRESENTATION_ITEM ( )  RATIONAL_B_SPLINE_CURVE ( ( 1.000000000000000000, 0.9999998013797011254, 0.9999998013797011254, 1.000000000000000000 ) ) 
 REPRESENTATION_ITEM ( '' )  );
#1204 = CARTESIAN_POINT ( 'NONE',  ( -1.332377579125594735, 26.96911133206383937, 3.396544638693043794 ) ) ;
#1205 = CARTESIAN_POINT ( 'NONE',  ( 24.18677324489464553, 12.00000000000026112, 0.000000000000000000 ) ) ;
#1206 = DIRECTION ( 'NONE',  ( 1.000000000000000000, -3.548664317267263130E-15, 0.000000000000000000 ) ) ;
#1207 = FACE_OUTER_BOUND ( 'NONE', #2400, .T. ) ;
#1208 = CARTESIAN_POINT ( 'NONE',  ( 22.27868256395710489, 127.2372870966962637, 15.47804427495762702 ) ) ;
#1209 = EDGE_LOOP ( 'NONE', ( #6305, #3841, #2315, #1768 ) ) ;
#1210 = VERTEX_POINT ( 'NONE', #6308 ) ;
#1211 = ORIENTED_EDGE ( 'NONE', *, *, #5247, .F. ) ;
#1212 = AXIS2_PLACEMENT_3D ( 'NONE', #4960, #35, #2446 ) ;
#1213 = CARTESIAN_POINT ( 'NONE',  ( -19.86954421174208463, 172.5623171784589829, 5.436654785173557158 ) ) ;
#1214 = DIRECTION ( 'NONE',  ( -0.000000000000000000, -0.000000000000000000, -1.000000000000000000 ) ) ;
#1215 = ORIENTED_EDGE ( 'NONE', *, *, #2821, .F. ) ;
#1216 = CARTESIAN_POINT ( 'NONE',  ( -21.51016302092816446, -16.41636573805509514, 5.372606562867964008 ) ) ;
#1217 = AXIS2_PLACEMENT_3D ( 'NONE', #517, #41, #1519 ) ;
#1218 = ORIENTED_EDGE ( 'NONE', *, *, #6337, .F. ) ;
#1219 = CIRCLE ( 'NONE', #306, 0.9999999999999998890 ) ;
#1220 = DIRECTION ( 'NONE',  ( 0.5788523453879270697, -0.8154323774776766065, 0.000000000000000000 ) ) ;
#1221 = EDGE_CURVE ( 'NONE', #3890, #5338, #5152, .T. ) ;
#1222 = EDGE_LOOP ( 'NONE', ( #296, #602, #6367, #5141, #4768, #4398, #5662, #3840, #2387, #2694, #822, #5902, #327 ) ) ;
#1223 = CARTESIAN_POINT ( 'NONE',  ( -278.1066884401993207, 75.00000000000000000, 15.50000000000000178 ) ) ;
#1224 = EDGE_CURVE ( 'NONE', #832, #1145, #2194, .T. ) ;
#1225 = CARTESIAN_POINT ( 'NONE',  ( 278.1066884401993207, 75.00000000000007105, 15.50000000000000178 ) ) ;
#1226 = ORIENTED_EDGE ( 'NONE', *, *, #6036, .F. ) ;
#1227 = CARTESIAN_POINT ( 'NONE',  ( -1.649999999999987921, 150.0000000000009948, 15.66690475583125419 ) ) ;
#1228 = CARTESIAN_POINT ( 'NONE',  ( 14.42217164733978763, 27.32650854022307740, 14.11971249577216625 ) ) ;
#1229 = DIRECTION ( 'NONE',  ( -0.000000000000000000, -0.000000000000000000, -1.000000000000000000 ) ) ;
#1230 = CARTESIAN_POINT ( 'NONE',  ( -15.89540167673637860, -25.46169775486426801, 5.328134863803639654 ) ) ;
#1231 = EDGE_CURVE ( 'NONE', #4140, #4738, #328, .T. ) ;
#1232 = DIRECTION ( 'NONE',  ( -0.000000000000000000, -0.000000000000000000, 1.000000000000000000 ) ) ;
#1233 = DIRECTION ( 'NONE',  ( 0.000000000000000000, 0.000000000000000000, 1.000000000000000000 ) ) ;
#1234 = DIRECTION ( 'NONE',  ( 0.5788523453879270697, 0.8154323774776764955, 0.000000000000000000 ) ) ;
#1235 = CARTESIAN_POINT ( 'NONE',  ( -17.74817186027531690, 125.8131772318450174, 5.500000000000171418 ) ) ;
#1236 = CARTESIAN_POINT ( 'NONE',  ( 29.45616853340914076, 118.0554059535251810, 2.475128388151627501 ) ) ;
#1237 = CARTESIAN_POINT ( 'NONE',  ( -0.9739307408649074960, 52.35832700682897922, 21.00000000000000000 ) ) ;
#1238 = FACE_OUTER_BOUND ( 'NONE', #5863, .T. ) ;
#1239 = ORIENTED_EDGE ( 'NONE', *, *, #544, .F. ) ;
#1240 = EDGE_LOOP ( 'NONE', ( #1933, #520, #4697, #1387 ) ) ;
#1241 =( BOUNDED_CURVE ( )  B_SPLINE_CURVE ( 3, ( #2084, #3109, #5114, #4522 ),
 .UNSPECIFIED., .F., .F. ) 
 B_SPLINE_CURVE_WITH_KNOTS ( ( 4, 4 ),
 ( 4.712388980384689674, 6.239552075879728044 ),
 .UNSPECIFIED. ) 
 CURVE ( )  GEOMETRIC_REPRESENTATION_ITEM ( )  RATIONAL_B_SPLINE_CURVE ( ( 1.000000000000000000, 0.8149093080398369660, 0.8149093080398369660, 1.000000000000000000 ) ) 
 REPRESENTATION_ITEM ( '' )  );
#1242 = PRODUCT_DEFINITION_SHAPE ( 'NONE', 'NONE',  #1766 ) ;
#1243 = CARTESIAN_POINT ( 'NONE',  ( 15.59117595168155290, 68.08056964636652708, 7.000000000000000000 ) ) ;
#1244 = LINE ( 'NONE', #5696, #1190 ) ;
#1245 = EDGE_LOOP ( 'NONE', ( #576, #2016, #1803, #3370 ) ) ;
#1246 = CARTESIAN_POINT ( 'NONE',  ( -13.56545890574805924, -23.41202719002188815, 5.411171437144664864 ) ) ;
#1247 = VERTEX_POINT ( 'NONE', #4887 ) ;
#1248 = ORIENTED_EDGE ( 'NONE', *, *, #3114, .T. ) ;
#1249 = B_SPLINE_CURVE_WITH_KNOTS ( 'NONE', 3,
 ( #3343, #5465, #979, #30, #1369, #5981, #1504, #5847, #2341, #4324, #6343, #1860, #5359, #4060, #2145, #4621 ),
 .UNSPECIFIED., .F., .F.,
 ( 4, 2, 2, 2, 2, 2, 2, 4 ),
 ( 0.000000000000000000, 0.0003233305604733057695, 0.0006466611209466115390, 0.001293322241893226331, 0.001939983362839841014, 0.002586644483786455697, 0.003879966725679683762, 0.005173288967572912261 ),
 .UNSPECIFIED. ) ;
#1250 = CARTESIAN_POINT ( 'NONE',  ( -18.52407979681462535, 169.6631224657869268, 5.445136534220120339 ) ) ;
#1251 = DIRECTION ( 'NONE',  ( 0.000000000000000000, 0.000000000000000000, 1.000000000000000000 ) ) ;
#1252 = ORIENTED_EDGE ( 'NONE', *, *, #986, .T. ) ;
#1253 = DIRECTION ( 'NONE',  ( -0.5888628737284321568, -0.8082329589569411388, -1.119559437274922296E-20 ) ) ;
#1254 = CARTESIAN_POINT ( 'NONE',  ( 30.20722703045655066, 122.4656533048724185, 18.49502876247849414 ) ) ;
#1255 = ORIENTED_EDGE ( 'NONE', *, *, #3842, .F. ) ;
#1256 = CIRCLE ( 'NONE', #2503, 261.1066884401992638 ) ;
#1257 = EDGE_CURVE ( 'NONE', #4350, #4045, #2296, .T. ) ;
#1258 = ADVANCED_FACE ( 'NONE', ( #5881 ), #413, .T. ) ;
#1259 = DIRECTION ( 'NONE',  ( 0.000000000000000000, 1.000000000000000000, 0.000000000000000000 ) ) ;
#1260 = CARTESIAN_POINT ( 'NONE',  ( -4.174178364069192071E-15, -9.000000000000001776, 15.66690475583125419 ) ) ;
#1261 = CARTESIAN_POINT ( 'NONE',  ( -7.825792614798337298E-13, -1.804112415015879378E-13, 8.000000000000001776 ) ) ;
#1262 = CARTESIAN_POINT ( 'NONE',  ( 20.70522974163783658, 123.5737462391606414, 14.14581395455418367 ) ) ;
#1263 = CARTESIAN_POINT ( 'NONE',  ( 29.55174693790586815, 36.67477168128549891, 17.50000000000000000 ) ) ;
#1264 = CARTESIAN_POINT ( 'NONE',  ( -2.591954600755403515, 26.87685972285548885, 3.856569251743897642 ) ) ;
#1265 = DIRECTION ( 'NONE',  ( 0.5788523453879101943, -0.8154323774776884859, 0.000000000000000000 ) ) ;
#1266 = CARTESIAN_POINT ( 'NONE',  ( -21.42116764072774515, 125.2501154558491265, 6.590054398723169449 ) ) ;
#1267 = VECTOR ( 'NONE', #4800, 999.9999999999998863 ) ;
#1268 = CARTESIAN_POINT ( 'NONE',  ( -26.69534126906876637, 145.8225198246644254, 2.346575947904955495 ) ) ;
#1269 = CARTESIAN_POINT ( 'NONE',  ( -1.161725994172214449, 97.48662778684924035, 15.43457091895199795 ) ) ;
#1270 = CARTESIAN_POINT ( 'NONE',  ( -15.59117595168155468, 81.91943035363361503, 7.000000000000000000 ) ) ;
#1271 = ORIENTED_EDGE ( 'NONE', *, *, #1690, .T. ) ;
#1272 = VERTEX_POINT ( 'NONE', #4820 ) ;
#1273 = ORIENTED_EDGE ( 'NONE', *, *, #168, .F. ) ;
#1274 = EDGE_CURVE ( 'NONE', #6106, #3561, #1996, .T. ) ;
#1275 = CARTESIAN_POINT ( 'NONE',  ( 9.680459785152240926, 178.4635081629804176, 5.136719698857216798 ) ) ;
#1276 = FACE_OUTER_BOUND ( 'NONE', #4809, .T. ) ;
#1277 = VERTEX_POINT ( 'NONE', #2376 ) ;
#1278 = CARTESIAN_POINT ( 'NONE',  ( 3.547041882289106773, -26.78063653154320178, 5.253132266074438839 ) ) ;
#1279 = VERTEX_POINT ( 'NONE', #376 ) ;
#1280 = ADVANCED_FACE ( 'NONE', ( #4428 ), #445, .F. ) ;
#1281 = CARTESIAN_POINT ( 'NONE',  ( 0.4462061052178401543, 177.0000097145425002, 5.239165436035326806 ) ) ;
#1282 = FACE_OUTER_BOUND ( 'NONE', #914, .T. ) ;
#1283 = ORIENTED_EDGE ( 'NONE', *, *, #4274, .F. ) ;
#1284 = AXIS2_PLACEMENT_3D ( 'NONE', #5813, #816, #2409 ) ;
#1285 = CARTESIAN_POINT ( 'NONE',  ( -22.27751583681983050, 127.2339941216090722, 5.543823307497428132 ) ) ;
#1286 = ORIENTED_EDGE ( 'NONE', *, *, #5485, .F. ) ;
#1287 = CIRCLE ( 'NONE', #987, 1.650000000000000355 ) ;
#1288 = CARTESIAN_POINT ( 'NONE',  ( 17.00779500779313125, 72.98242804830888986, 21.00000000000000000 ) ) ;
#1289 = VERTEX_POINT ( 'NONE', #4923 ) ;
#1290 = DIRECTION ( 'NONE',  ( -1.000000000000000000, 0.000000000000000000, 0.000000000000000000 ) ) ;
#1291 = CARTESIAN_POINT ( 'NONE',  ( -19.51661539667221845, 29.24579869704624357, 7.000000000000000000 ) ) ;
#1292 = DIRECTION ( 'NONE',  ( 0.000000000000000000, -0.000000000000000000, -1.000000000000000000 ) ) ;
#1293 = ADVANCED_FACE ( 'NONE', ( #1928 ), #1442, .T. ) ;
#1294 = ADVANCED_FACE ( 'NONE', ( #5435 ), #4853, .F. ) ;
#1295 = DIRECTION ( 'NONE',  ( -0.5888628737284321568, -0.8082329589569411388, 0.000000000000000000 ) ) ;
#1296 = CARTESIAN_POINT ( 'NONE',  ( -4.191397726798956391, 26.67356411349587120, 5.049678628563834870 ) ) ;
#1297 = FACE_OUTER_BOUND ( 'NONE', #3766, .T. ) ;
#1298 = CARTESIAN_POINT ( 'NONE',  ( -29.50649404246211560, 5.419115178896612761, 2.015263027388654482 ) ) ;
#1299 = CARTESIAN_POINT ( 'NONE',  ( 30.46346353981027733, 115.6815074461014063, 2.539391923880710333 ) ) ;
#1300 = CARTESIAN_POINT ( 'NONE',  ( -1.649999999999986811, 159.0000000000009663, 11.00000000000000178 ) ) ;
#1301 = EDGE_CURVE ( 'NONE', #2650, #1939, #5832, .T. ) ;
#1302 = VECTOR ( 'NONE', #4987, 999.9999999999998863 ) ;
#1303 = CARTESIAN_POINT ( 'NONE',  ( 18.17294631277515649, 23.87077930408020876, 1.756783972518103809 ) ) ;
#1304 = EDGE_LOOP ( 'NONE', ( #1395, #5061, #5427 ) ) ;
#1305 = AXIS2_PLACEMENT_3D ( 'NONE', #661, #31, #2023 ) ;
#1306 = VERTEX_POINT ( 'NONE', #5952 ) ;
#1307 = VERTEX_POINT ( 'NONE', #5399 ) ;
#1308 = CARTESIAN_POINT ( 'NONE',  ( -14.60679927953915502, 176.2084741834330828, 5.287416436867664160 ) ) ;
#1309 = VECTOR ( 'NONE', #81, 1000.000000000000000 ) ;
#1310 = CARTESIAN_POINT ( 'NONE',  ( 16.48109934823602529, 79.08594812033420851, 6.664744506705079452 ) ) ;
#1311 = CARTESIAN_POINT ( 'NONE',  ( 1.770451845801053414, 51.65604563891329803, 5.565429081048003823 ) ) ;
#1312 = CARTESIAN_POINT ( 'NONE',  ( 1.396097351028011612E-14, 139.0000000000010232, 11.00000000000000178 ) ) ;
#1313 = AXIS2_PLACEMENT_3D ( 'NONE', #122, #5623, #2119 ) ;
#1314 = ORIENTED_EDGE ( 'NONE', *, *, #3467, .F. ) ;
#1315 = AXIS2_PLACEMENT_3D ( 'NONE', #3883, #862, #5895 ) ;
#1316 = CARTESIAN_POINT ( 'NONE',  ( -25.31310388499578679, 159.4349622693478352, 4.830424035536671212 ) ) ;
#1317 = DIRECTION ( 'NONE',  ( -1.000000000000000000, 0.000000000000000000, 0.000000000000000000 ) ) ;
#1318 = VERTEX_POINT ( 'NONE', #1477 ) ;
#1319 = AXIS2_PLACEMENT_3D ( 'NONE', #4688, #4253, #6273 ) ;
#1320 = CARTESIAN_POINT ( 'NONE',  ( -1.170910021989882921, 101.7555691005818090, 7.000000000000000000 ) ) ;
#1321 = ORIENTED_EDGE ( 'NONE', *, *, #2598, .F. ) ;
#1322 = VERTEX_POINT ( 'NONE', #3449 ) ;
#1323 = AXIS2_PLACEMENT_3D ( 'NONE', #3700, #6244, #1206 ) ;
#1324 = CARTESIAN_POINT ( 'NONE',  ( -29.43060049657528054, 5.817460162588808714, 2.238256282268498154 ) ) ;
#1325 = ORIENTED_EDGE ( 'NONE', *, *, #5432, .F. ) ;
#1326 = DIRECTION ( 'NONE',  ( -0.000000000000000000, 0.000000000000000000, 1.000000000000000000 ) ) ;
#1327 = CARTESIAN_POINT ( 'NONE',  ( 22.31889962375342762, 127.4342378539321317, 17.33808461437901016 ) ) ;
#1328 = CARTESIAN_POINT ( 'NONE',  ( -27.37169823285838532, -12.28960691234672353, 5.106074795103670461 ) ) ;
#1329 = DIRECTION ( 'NONE',  ( -0.000000000000000000, 0.000000000000000000, 1.000000000000000000 ) ) ;
#1330 = CARTESIAN_POINT ( 'NONE',  ( 22.31889962375376513, 22.56576214606634778, 17.33808461437734394 ) ) ;
#1331 = DIRECTION ( 'NONE',  ( -0.8082329589569386963, -0.5888628737284355985, 0.000000000000000000 ) ) ;
#1332 = CARTESIAN_POINT ( 'NONE',  ( -22.27751583682018577, 22.76600587838925804, 5.543823307497425468 ) ) ;
#1333 = CARTESIAN_POINT ( 'NONE',  ( 8.719061083885987122E-15, 56.65273585600793638, 7.000000000000000000 ) ) ;
#1334 = CARTESIAN_POINT ( 'NONE',  ( -27.00000000000000000, 150.0000000000000000, 3.312032733496089953 ) ) ;
#1335 = FACE_OUTER_BOUND ( 'NONE', #5096, .T. ) ;
#1336 = CARTESIAN_POINT ( 'NONE',  ( 1.347111479062092941E-14, 135.0000000000009948, 15.66690475583125419 ) ) ;
#1337 = ORIENTED_EDGE ( 'NONE', *, *, #6036, .T. ) ;
#1338 = ORIENTED_EDGE ( 'NONE', *, *, #4320, .T. ) ;
#1339 = VERTEX_POINT ( 'NONE', #2956 ) ;
#1340 = ORIENTED_EDGE ( 'NONE', *, *, #5590, .T. ) ;
#1341 = EDGE_CURVE ( 'NONE', #2370, #6125, #1249, .T. ) ;
#1342 = CARTESIAN_POINT ( 'NONE',  ( 21.42118823482346102, 24.74983658598648262, 6.590043393195220034 ) ) ;
#1343 = CARTESIAN_POINT ( 'NONE',  ( -1.971385830548851414, 179.9994008532798659, 5.000056850121613827 ) ) ;
#1344 = EDGE_CURVE ( 'NONE', #5668, #4672, #180, .T. ) ;
#1345 = CARTESIAN_POINT ( 'NONE',  ( 29.15769115322872906, 13.94780619093620011, 19.71936773044795288 ) ) ;
#1346 =( BOUNDED_SURFACE ( )  B_SPLINE_SURFACE ( 3, 2, ( 
 ( #755, #6208, #2185 ),
 ( #2733, #1299, #3212 ),
 ( #1236, #5288, #5220 ),
 ( #344, #249, #5253 ),
 ( #728, #4722, #2310 ),
 ( #2828, #6310, #6277 ),
 ( #4160, #2245, #784 ),
 ( #2765, #4223, #6179 ),
 ( #5687, #5192, #4692 ),
 ( #2863, #5361, #5983 ) ),
 .UNSPECIFIED., .F., .F., .T. ) 
 B_SPLINE_SURFACE_WITH_KNOTS ( ( 4, 2, 2, 2, 4 ),
 ( 3, 3 ),
 ( 0.000000000000000000, 0.007112364663832618575, 0.01422472932766523715, 0.02133709399149785746, 0.02844945865533047430 ),
 ( 0.000000000000000000, 1.000000000000000000 ),
 .UNSPECIFIED. ) 
 GEOMETRIC_REPRESENTATION_ITEM ( )  RATIONAL_B_SPLINE_SURFACE ( (
 ( 1.000000000000000000, 0.7071067811865475727, 1.000000000000000000),
 ( 1.000000000000000000, 0.7213144771328954263, 1.000000000000000000),
 ( 1.000000000000000000, 0.7360284769516322045, 1.000000000000000000),
 ( 1.000000000000000000, 0.7661981004573473752, 1.000000000000000000),
 ( 1.000000000000000000, 0.7816532809387114478, 1.000000000000000000),
 ( 1.000000000000000000, 0.8130686306642865846, 1.000000000000000000),
 ( 1.000000000000000000, 0.8290292594990261721, 1.000000000000000000),
 ( 1.000000000000000000, 0.8612500465112339354, 1.000000000000000000),
 ( 1.000000000000000000, 0.8774613302154699035, 1.000000000000000000),
 ( 1.000000000000000000, 0.8935182097253859812, 1.000000000000000000) ) ) 
 REPRESENTATION_ITEM ( '' )  SURFACE ( )  );
#1347 = ORIENTED_EDGE ( 'NONE', *, *, #6240, .F. ) ;
#1348 = DIRECTION ( 'NONE',  ( -1.000000000000000000, 0.000000000000000000, 0.000000000000000000 ) ) ;
#1349 = DIRECTION ( 'NONE',  ( -0.000000000000000000, -0.000000000000000000, -1.000000000000000000 ) ) ;
#1350 = ORIENTED_EDGE ( 'NONE', *, *, #2181, .F. ) ;
#1351 = CARTESIAN_POINT ( 'NONE',  ( 15.77883938172566047, 171.9274297680929635, 5.438926779142304824 ) ) ;
#1352 = CARTESIAN_POINT ( 'NONE',  ( 16.03466805310923604, 75.70332215241711538, 21.00000000000000000 ) ) ;
#1353 = EDGE_CURVE ( 'NONE', #5455, #4016, #1041, .T. ) ;
#1354 = ORIENTED_EDGE ( 'NONE', *, *, #4136, .T. ) ;
#1355 = CARTESIAN_POINT ( 'NONE',  ( -29.39387691339823760, 144.0000000000000284, 2.432180132345494350 ) ) ;
#1356 = ORIENTED_EDGE ( 'NONE', *, *, #3645, .F. ) ;
#1357 = ORIENTED_EDGE ( 'NONE', *, *, #5665, .F. ) ;
#1358 = EDGE_CURVE ( 'NONE', #3569, #4707, #3017, .T. ) ;
#1359 = CARTESIAN_POINT ( 'NONE',  ( -29.39387691339797470, 6.000000000000789591, 2.500000000000005773 ) ) ;
#1360 = ORIENTED_EDGE ( 'NONE', *, *, #4358, .F. ) ;
#1361 = DIRECTION ( 'NONE',  ( -0.5788523453879270697, 0.8154323774776764955, -1.383174873806726376E-18 ) ) ;
#1362 = UNCERTAINTY_MEASURE_WITH_UNIT (LENGTH_MEASURE( 1.000000000000000082E-05 ), #2481, 'distance_accuracy_value', 'NONE');
#1363 = CARTESIAN_POINT ( 'NONE',  ( 22.35886403800281030, 127.6288183457762528, 19.17141874352443409 ) ) ;
#1364 = CARTESIAN_POINT ( 'NONE',  ( 21.42118823482314482, 125.2501634140119648, 14.40995660680476753 ) ) ;
#1365 = CARTESIAN_POINT ( 'NONE',  ( -26.04215233213523817, 7.201863589119376741, 1.523669489324859239 ) ) ;
#1366 = CARTESIAN_POINT ( 'NONE',  ( 17.73824133803177006, 24.19587684564405095, 15.43457091895199795 ) ) ;
#1367 = EDGE_CURVE ( 'NONE', #3005, #5660, #4121, .T. ) ;
#1368 = FACE_OUTER_BOUND ( 'NONE', #2949, .T. ) ;
#1369 = CARTESIAN_POINT ( 'NONE',  ( 16.92392691642398361, 72.30430697166403320, 14.98354790634151712 ) ) ;
#1370 = CARTESIAN_POINT ( 'NONE',  ( -3.616294504566651913, 98.35533469903765535, 7.000000000000000000 ) ) ;
#1371 = LINE ( 'NONE', #4889, #1539 ) ;
#1372 = CARTESIAN_POINT ( 'NONE',  ( 21.42118823482316969, 125.2501634140120217, 6.590043393195242238 ) ) ;
#1373 = CARTESIAN_POINT ( 'NONE',  ( 1.650000000000028777, 139.0000000000010232, 8.000000000000001776 ) ) ;
#1374 = VERTEX_POINT ( 'NONE', #2051 ) ;
#1375 = VERTEX_POINT ( 'NONE', #1065 ) ;
#1376 = ORIENTED_EDGE ( 'NONE', *, *, #4144, .T. ) ;
#1377 = CARTESIAN_POINT ( 'NONE',  ( -29.39387691339797826, 143.9999999999992042, 18.50000000000000355 ) ) ;
#1378 = AXIS2_PLACEMENT_3D ( 'NONE', #4655, #242, #663 ) ;
#1379 = CARTESIAN_POINT ( 'NONE',  ( 22.39905047270378091, 127.8233531053402885, 0.000000000000000000 ) ) ;
#1380 = CARTESIAN_POINT ( 'NONE',  ( -30.00000000000000000, -1.408630019008165046E-11, 20.56312544678556264 ) ) ;
#1381 = ORIENTED_EDGE ( 'NONE', *, *, #2502, .F. ) ;
#1382 = CARTESIAN_POINT ( 'NONE',  ( -17.01122097318216575, 72.57933554843646107, 5.500000000002281730 ) ) ;
#1383 = CARTESIAN_POINT ( 'NONE',  ( -4.333722051463333792E-16, 49.60361390518269786, -1.355252715606880543E-17 ) ) ;
#1384 = ADVANCED_FACE ( 'NONE', ( #2596 ), #3044, .F. ) ;
#1385 = ORIENTED_EDGE ( 'NONE', *, *, #4670, .F. ) ;
#1386 = EDGE_CURVE ( 'NONE', #1247, #1427, #2594, .T. ) ;
#1387 = ORIENTED_EDGE ( 'NONE', *, *, #5367, .F. ) ;
#1388 = CIRCLE ( 'NONE', #5872, 5.750000000000000000 ) ;
#1389 = CARTESIAN_POINT ( 'NONE',  ( -24.64625230174335968, 161.0604696462409038, 4.998848878532201390 ) ) ;
#1390 = DIRECTION ( 'NONE',  ( 0.8074637002697746535, 0.5883024067539724955, -0.04361938736533609723 ) ) ;
#1391 = VERTEX_POINT ( 'NONE', #1595 ) ;
#1392 = CARTESIAN_POINT ( 'NONE',  ( -17.73824133803006831, 24.19587684564644903, 5.565429081048003823 ) ) ;
#1393 = ORIENTED_EDGE ( 'NONE', *, *, #1181, .F. ) ;
#1394 = CARTESIAN_POINT ( 'NONE',  ( -16.98942356647675567, 72.50886406899817871, 5.772969334544747255 ) ) ;
#1395 = ORIENTED_EDGE ( 'NONE', *, *, #4333, .T. ) ;
#1396 = DIRECTION ( 'NONE',  ( 1.000000000000000000, 0.000000000000000000, 0.000000000000000000 ) ) ;
#1397 = DIRECTION ( 'NONE',  ( 0.000000000000000000, 0.000000000000000000, -1.000000000000000000 ) ) ;
#1398 = CARTESIAN_POINT ( 'NONE',  ( -22.27569735221394609, 22.77019724029819869, 15.43457091895199795 ) ) ;
#1399 = DIRECTION ( 'NONE',  ( 0.5888628737284323789, 0.8082329589569410278, 2.082963656566165364E-18 ) ) ;
#1400 = EDGE_CURVE ( 'NONE', #6249, #3004, #2911, .T. ) ;
#1401 = VECTOR ( 'NONE', #1760, 1000.000000000000000 ) ;
#1402 = CARTESIAN_POINT ( 'NONE',  ( 22.27915728199902290, 22.76038811680070140, 15.49999999999940314 ) ) ;
#1403 = DIRECTION ( 'NONE',  ( -0.5788523453879270697, 0.8154323774776764955, 0.000000000000000000 ) ) ;
#1404 = DIRECTION ( 'NONE',  ( -0.000000000000000000, 0.000000000000000000, 1.000000000000000000 ) ) ;
#1405 = CARTESIAN_POINT ( 'NONE',  ( -278.1066884401993207, 75.00000000000000000, 0.000000000000000000 ) ) ;
#1406 = CARTESIAN_POINT ( 'NONE',  ( -27.00000000000078515, -1.779217859863853788E-13, 3.312032733496182768 ) ) ;
#1407 = DIRECTION ( 'NONE',  ( -0.8146562665393389802, 0.5783014062182958437, 0.04361938736533609029 ) ) ;
#1408 = FACE_OUTER_BOUND ( 'NONE', #6430, .T. ) ;
#1409 = ORIENTED_EDGE ( 'NONE', *, *, #4816, .F. ) ;
#1410 = ORIENTED_EDGE ( 'NONE', *, *, #2656, .F. ) ;
#1411 = ADVANCED_FACE ( 'NONE', ( #6011 ), #1664, .T. ) ;
#1412 = AXIS2_PLACEMENT_3D ( 'NONE', #1576, #5000, #5446 ) ;
#1413 = CARTESIAN_POINT ( 'NONE',  ( 1.816043739956997749, 51.65576454715237986, 6.413198129412018389 ) ) ;
#1414 = CARTESIAN_POINT ( 'NONE',  ( 22.27868256395716529, 127.2372870966964911, 5.521955725042398733 ) ) ;
#1415 = CARTESIAN_POINT ( 'NONE',  ( 1.649999999999998579, 11.00000000000000178, 8.000000000000001776 ) ) ;
#1416 = DIRECTION ( 'NONE',  ( 1.000000000000000000, 0.000000000000000000, 0.000000000000000000 ) ) ;
#1417 = AXIS2_PLACEMENT_3D ( 'NONE', #2052, #1066, #4061 ) ;
#1418 = EDGE_LOOP ( 'NONE', ( #1527, #4303, #1337, #5480 ) ) ;
#1419 = LINE ( 'NONE', #2391, #5686 ) ;
#1420 = CARTESIAN_POINT ( 'NONE',  ( 17.00997526639650559, 77.28630117980735292, 3.664758746067501516 ) ) ;
#1421 = ORIENTED_EDGE ( 'NONE', *, *, #2988, .F. ) ;
#1422 = VECTOR ( 'NONE', #969, 1000.000000000000000 ) ;
#1423 = VECTOR ( 'NONE', #4986, 1000.000000000000000 ) ;
#1424 = DIRECTION ( 'NONE',  ( -0.000000000000000000, -0.000000000000000000, 1.000000000000000000 ) ) ;
#1425 = LINE ( 'NONE', #3987, #683 ) ;
#1426 = CIRCLE ( 'NONE', #5702, 260.6066884401993207 ) ;
#1427 = VERTEX_POINT ( 'NONE', #1565 ) ;
#1428 = DIRECTION ( 'NONE',  ( 0.000000000000000000, 0.000000000000000000, -1.000000000000000000 ) ) ;
#1429 = ORIENTED_EDGE ( 'NONE', *, *, #1518, .F. ) ;
#1430 = VECTOR ( 'NONE', #4936, 1000.000000000000000 ) ;
#1431 = EDGE_CURVE ( 'NONE', #3036, #5988, #2110, .T. ) ;
#1432 = EDGE_CURVE ( 'NONE', #943, #5922, #6074, .T. ) ;
#1433 = CARTESIAN_POINT ( 'NONE',  ( -15.71925978455596074, 68.49221045582044098, 6.999999999999999112 ) ) ;
#1434 = EDGE_LOOP ( 'NONE', ( #5376, #4550, #3425, #6295, #384, #1118 ) ) ;
#1435 = CARTESIAN_POINT ( 'NONE',  ( -26.04354284069950864, 138.2989714374177197, 0.1024745415904591839 ) ) ;
#1436 = CARTESIAN_POINT ( 'NONE',  ( 0.000000000000000000, 96.31201194879814409, 21.09770055780105835 ) ) ;
#1437 = CARTESIAN_POINT ( 'NONE',  ( 6.838689001405321655, -29.21433058846452724, 5.071496147200607929 ) ) ;
#1438 = CARTESIAN_POINT ( 'NONE',  ( 29.09790089312341621, 9.449153192551166924, 20.49999999999683453 ) ) ;
#1439 = VERTEX_POINT ( 'NONE', #2564 ) ;
#1440 = LINE ( 'NONE', #977, #2880 ) ;
#1441 = CARTESIAN_POINT ( 'NONE',  ( -3.008173271821897643, 50.80999963383721507, 7.000000000000000000 ) ) ;
#1442 = PLANE ( 'NONE',  #4784 ) ;
#1443 = CIRCLE ( 'NONE', #3927, 262.6066884401992638 ) ;
#1444 = CARTESIAN_POINT ( 'NONE',  ( 29.38984679513191978, 143.9802192638353233, 20.10650472886997875 ) ) ;
#1445 = EDGE_CURVE ( 'NONE', #6112, #1466, #3570, .T. ) ;
#1446 = DIRECTION ( 'NONE',  ( 0.000000000000000000, 0.000000000000000000, -1.000000000000000000 ) ) ;
#1447 = AXIS2_PLACEMENT_3D ( 'NONE', #2876, #1521, #3494 ) ;
#1448 = CARTESIAN_POINT ( 'NONE',  ( 0.000000000000000000, 0.000000000000000000, 15.50000000000000355 ) ) ;
#1449 = FACE_OUTER_BOUND ( 'NONE', #2851, .T. ) ;
#1450 = ORIENTED_EDGE ( 'NONE', *, *, #544, .T. ) ;
#1451 = DIRECTION ( 'NONE',  ( 0.000000000000000000, 0.000000000000000000, -1.000000000000000000 ) ) ;
#1452 = CARTESIAN_POINT ( 'NONE',  ( 26.99999999999921840, 1.044795349726208356, 3.092601319172001428 ) ) ;
#1453 = CARTESIAN_POINT ( 'NONE',  ( -0.9739307408649072739, 52.35832700682897922, 0.000000000000000000 ) ) ;
#1454 = EDGE_CURVE ( 'NONE', #4552, #620, #4495, .T. ) ;
#1455 = CARTESIAN_POINT ( 'NONE',  ( -1.649999999999986811, 159.0000000000009663, 15.66690475583125419 ) ) ;
#1456 = LINE ( 'NONE', #5339, #80 ) ;
#1457 = CARTESIAN_POINT ( 'NONE',  ( -22.27915728199864631, 127.2396118831974832, 5.500000000002280842 ) ) ;
#1458 = EDGE_LOOP ( 'NONE', ( #5075, #1385 ) ) ;
#1459 = ORIENTED_EDGE ( 'NONE', *, *, #4686, .T. ) ;
#1460 = DIRECTION ( 'NONE',  ( -1.000000000000000000, 0.000000000000000000, 0.000000000000000000 ) ) ;
#1461 = CARTESIAN_POINT ( 'NONE',  ( 1.650000000000028777, 139.0000000000010232, 11.00000000000000178 ) ) ;
#1462 = EDGE_CURVE ( 'NONE', #3500, #1108, #6233, .T. ) ;
#1463 = EDGE_LOOP ( 'NONE', ( #1031, #3876, #3296, #5137 ) ) ;
#1464 = DIRECTION ( 'NONE',  ( -1.000000000000000000, 0.000000000000000000, -0.000000000000000000 ) ) ;
#1465 = VERTEX_POINT ( 'NONE', #4746 ) ;
#1466 = VERTEX_POINT ( 'NONE', #5709 ) ;
#1467 =( BOUNDED_CURVE ( )  B_SPLINE_CURVE ( 3, ( #503, #4025, #3559, #556 ),
 .UNSPECIFIED., .F., .F. ) 
 B_SPLINE_CURVE_WITH_KNOTS ( ( 4, 4 ),
 ( 5.644263197908661489, 5.645807038478351636 ),
 .UNSPECIFIED. ) 
 CURVE ( )  GEOMETRIC_REPRESENTATION_ITEM ( )  RATIONAL_B_SPLINE_CURVE ( ( 1.000000000000000000, 0.9999998013797011254, 0.9999998013797011254, 1.000000000000000000 ) ) 
 REPRESENTATION_ITEM ( '' )  );
#1468 = VECTOR ( 'NONE', #4521, 1000.000000000000000 ) ;
#1469 = CARTESIAN_POINT ( 'NONE',  ( -16.84516539512982547, 72.05801234150334267, 6.210139649485215685 ) ) ;
#1470 = ORIENTED_EDGE ( 'NONE', *, *, #185, .F. ) ;
#1471 = LINE ( 'NONE', #334, #4210 ) ;
#1472 = CARTESIAN_POINT ( 'NONE',  ( -21.18250163357517479, 25.30693763584212519, 14.30674332156892348 ) ) ;
#1473 = DIRECTION ( 'NONE',  ( -0.5788523453879101943, -0.8154323774776885969, 0.000000000000000000 ) ) ;
#1474 = EDGE_CURVE ( 'NONE', #2463, #5144, #4269, .T. ) ;
#1475 = DIRECTION ( 'NONE',  ( 0.5788523453879101943, -0.8154323774776884859, -0.000000000000000000 ) ) ;
#1476 = DIRECTION ( 'NONE',  ( 1.000000000000000000, 0.000000000000000000, 0.000000000000000000 ) ) ;
#1477 = CARTESIAN_POINT ( 'NONE',  ( -18.38215907065804444, 23.70856865989688700, 21.00000000000001066 ) ) ;
#1478 = CARTESIAN_POINT ( 'NONE',  ( -1.770451845801054747, 98.34395436108681565, 5.565429081048002935 ) ) ;
#1479 = CARTESIAN_POINT ( 'NONE',  ( 1.067198960817128213E-15, 49.18383175641007199, 15.43457091895199618 ) ) ;
#1480 = CARTESIAN_POINT ( 'NONE',  ( 15.52373216671963618, 75.00000000000005684, -0.02760088204563670294 ) ) ;
#1481 = DIRECTION ( 'NONE',  ( -0.000000000000000000, -0.000000000000000000, -1.000000000000000000 ) ) ;
#1482 = ORIENTED_EDGE ( 'NONE', *, *, #6063, .T. ) ;
#1483 = CIRCLE ( 'NONE', #4799, 20.10000000000000142 ) ;
#1484 = CARTESIAN_POINT ( 'NONE',  ( 1.172074188397386640, 50.83493889908672969, 5.565429081048003823 ) ) ;
#1485 = DIRECTION ( 'NONE',  ( -0.8074637002697747645, 0.5883024067539722735, 0.04361938736533609029 ) ) ;
#1486 = CARTESIAN_POINT ( 'NONE',  ( 16.94888107761819995, 77.61773009394964618, 15.05702432956264580 ) ) ;
#1487 = LINE ( 'NONE', #68, #3290 ) ;
#1488 = CARTESIAN_POINT ( 'NONE',  ( -17.00985568025585692, 77.42738956583124832, 5.565429081048004711 ) ) ;
#1489 = CARTESIAN_POINT ( 'NONE',  ( 21.18247562114184390, 25.30699841101856151, 14.30673225182394326 ) ) ;
#1490 = EDGE_LOOP ( 'NONE', ( #3438, #860, #5939, #5308, #5129 ) ) ;
#1491 = CARTESIAN_POINT ( 'NONE',  ( 1.734723475976807094E-15, 100.8801126955994647, 6.413198129412022830 ) ) ;
#1492 = DIRECTION ( 'NONE',  ( -0.9992874795864554738, -0.03774298798120413051, 0.000000000000000000 ) ) ;
#1493 = ORIENTED_EDGE ( 'NONE', *, *, #2381, .T. ) ;
#1494 = TOROIDAL_SURFACE ( 'NONE', #5350, 9.000000000000001776, 1.000000000000000000 ) ;
#1495 = DIRECTION ( 'NONE',  ( -0.8074637002697746535, -0.5883024067539724955, 0.04361938736533609723 ) ) ;
#1496 = EDGE_CURVE ( 'NONE', #4384, #4513, #1719, .T. ) ;
#1497 = ORIENTED_EDGE ( 'NONE', *, *, #5042, .T. ) ;
#1498 = EDGE_CURVE ( 'NONE', #2787, #2295, #342, .T. ) ;
#1499 = CARTESIAN_POINT ( 'NONE',  ( -13.04350521507559613, 121.4996382035766089, 6.999999999999999112 ) ) ;
#1500 = DIRECTION ( 'NONE',  ( -0.8082329589569416939, 0.5888628737284314907, 0.000000000000000000 ) ) ;
#1501 = LINE ( 'NONE', #3477, #187 ) ;
#1502 = ORIENTED_EDGE ( 'NONE', *, *, #4954, .F. ) ;
#1503 = CARTESIAN_POINT ( 'NONE',  ( 28.47476151187024840, 143.4138510108951721, 21.01062717613913478 ) ) ;
#1504 = CARTESIAN_POINT ( 'NONE',  ( 16.78600871992126642, 71.87273861852378332, 14.69084372294216045 ) ) ;
#1505 = ADVANCED_FACE ( 'NONE', ( #2723 ), #5242, .T. ) ;
#1506 = CYLINDRICAL_SURFACE ( 'NONE', #2142, 1.650000000000003242 ) ;
#1507 = EDGE_CURVE ( 'NONE', #3561, #4837, #3232, .T. ) ;
#1508 = CARTESIAN_POINT ( 'NONE',  ( -3.673940397442060756E-15, 150.0000000000000000, 11.00000000000000178 ) ) ;
#1509 = LINE ( 'NONE', #5469, #1058 ) ;
#1510 = AXIS2_PLACEMENT_3D ( 'NONE', #507, #2473, #2326 ) ;
#1511 = CARTESIAN_POINT ( 'NONE',  ( 29.39387691339797115, 6.000000000000764722, 20.05404896005698134 ) ) ;
#1512 = B_SPLINE_CURVE_WITH_KNOTS ( 'NONE', 3,
 ( #2011, #5998, #1029, #550, #2426, #2518, #4511, #2039, #902, #4873 ),
 .UNSPECIFIED., .F., .F.,
 ( 4, 2, 2, 2, 4 ),
 ( 0.000000000000000000, 0.006842471965358990806, 0.01368494393071798161, 0.02052741589607701492, 0.02736988786143604996 ),
 .UNSPECIFIED. ) ;
#1513 = ORIENTED_EDGE ( 'NONE', *, *, #5263, .F. ) ;
#1514 = AXIS2_PLACEMENT_3D ( 'NONE', #6059, #3190, #1805 ) ;
#1515 = CARTESIAN_POINT ( 'NONE',  ( 22.27915728199868894, 127.2396118831975969, 5.500000000001392664 ) ) ;
#1516 = ADVANCED_FACE ( 'NONE', ( #4212 ), #2297, .F. ) ;
#1517 = DIRECTION ( 'NONE',  ( -0.000000000000000000, -0.000000000000000000, -1.000000000000000000 ) ) ;
#1518 = EDGE_CURVE ( 'NONE', #4564, #1953, #1957, .T. ) ;
#1519 = DIRECTION ( 'NONE',  ( -1.000000000000000000, 0.000000000000000000, 0.000000000000000000 ) ) ;
#1520 = CARTESIAN_POINT ( 'NONE',  ( -25.89541272716262910, 11.80021439547832962, 0.06858144338446692245 ) ) ;
#1521 = DIRECTION ( 'NONE',  ( -0.000000000000000000, -0.000000000000000000, -1.000000000000000000 ) ) ;
#1522 = ORIENTED_EDGE ( 'NONE', *, *, #2191, .T. ) ;
#1523 = DIRECTION ( 'NONE',  ( 0.000000000000000000, -1.000000000000000000, 0.000000000000000000 ) ) ;
#1524 = DIRECTION ( 'NONE',  ( -0.000000000000000000, -0.000000000000000000, -1.000000000000000000 ) ) ;
#1525 = ORIENTED_EDGE ( 'NONE', *, *, #1824, .T. ) ;
#1526 = CARTESIAN_POINT ( 'NONE',  ( 0.000000000000000000, 0.000000000000000000, 11.00000000000000178 ) ) ;
#1527 = ORIENTED_EDGE ( 'NONE', *, *, #3858, .T. ) ;
#1528 = VECTOR ( 'NONE', #656, 1000.000000000000000 ) ;
#1529 = AXIS2_PLACEMENT_3D ( 'NONE', #2861, #3344, #3903 ) ;
#1530 = CARTESIAN_POINT ( 'NONE',  ( 13.36746116222342984, 75.00000000000008527, 14.00000000000000178 ) ) ;
#1531 = VERTEX_POINT ( 'NONE', #1288 ) ;
#1532 = CARTESIAN_POINT ( 'NONE',  ( -3.616294504566625712, 51.64466530096243702, 7.000000000000000000 ) ) ;
#1533 = ORIENTED_EDGE ( 'NONE', *, *, #6093, .F. ) ;
#1534 = B_SPLINE_CURVE_WITH_KNOTS ( 'NONE', 3,
 ( #154, #65, #1601, #6020, #3083, #5087 ),
 .UNSPECIFIED., .F., .F.,
 ( 4, 2, 4 ),
 ( 2.110382192020081086E-17, 0.001981899302268485055, 0.003963798604536948426 ),
 .UNSPECIFIED. ) ;
#1535 = CARTESIAN_POINT ( 'NONE',  ( 28.85213772220883399, 141.6865941506749778, 20.82062739741643398 ) ) ;
#1536 = DIRECTION ( 'NONE',  ( 1.000000000000000000, 0.000000000000000000, 0.000000000000000000 ) ) ;
#1537 = CARTESIAN_POINT ( 'NONE',  ( 20.09999999999999787, 150.0000000000000000, 11.00000000000000178 ) ) ;
#1538 =( BOUNDED_SURFACE ( )  B_SPLINE_SURFACE ( 3, 2, ( 
 ( #3605, #3572, #4627 ),
 ( #3084, #95, #66 ),
 ( #3053, #4568, #6083 ),
 ( #2151, #1572, #5088 ),
 ( #1046, #5054, #124 ),
 ( #4068, #4128, #3542 ),
 ( #637, #1672, #4596 ),
 ( #5592, #2637, #3149 ),
 ( #3116, #2604, #155 ),
 ( #1602, #3024, #2673 ) ),
 .UNSPECIFIED., .F., .F., .T. ) 
 B_SPLINE_SURFACE_WITH_KNOTS ( ( 4, 2, 2, 2, 4 ),
 ( 3, 3 ),
 ( 0.000000000000000000, 0.007112364663832622044, 0.01422472932766524409, 0.02133709399149786440, 0.02844945865533048818 ),
 ( 0.000000000000000000, 1.000000000000000000 ),
 .UNSPECIFIED. ) 
 GEOMETRIC_REPRESENTATION_ITEM ( )  RATIONAL_B_SPLINE_SURFACE ( (
 ( 1.000000000000000000, 0.7071067811865473507, 1.000000000000000000),
 ( 1.000000000000000000, 0.7213144771339798922, 1.000000000000000000),
 ( 1.000000000000000000, 0.7360284769501839186, 1.000000000000000000),
 ( 1.000000000000000000, 0.7661981004587956612, 1.000000000000000000),
 ( 1.000000000000000000, 0.7816532809398951676, 1.000000000000000000),
 ( 1.000000000000000000, 0.8130686306631013105, 1.000000000000000000),
 ( 1.000000000000000000, 0.8290292595021924171, 1.000000000000000000),
 ( 1.000000000000000000, 0.8612500465080645817, 1.000000000000000000),
 ( 1.000000000000000000, 0.8774613302178505547, 1.000000000000000000),
 ( 1.000000000000000000, 0.8935182097253859812, 1.000000000000000000) ) ) 
 REPRESENTATION_ITEM ( '' )  SURFACE ( )  );
#1539 = VECTOR ( 'NONE', #379, 1000.000000000000000 ) ;
#1540 = DIRECTION ( 'NONE',  ( -0.000000000000000000, -0.000000000000000000, -1.000000000000000000 ) ) ;
#1541 = CARTESIAN_POINT ( 'NONE',  ( 17.02912031398470205, 125.0949101235862884, 14.79714758686657383 ) ) ;
#1542 = CARTESIAN_POINT ( 'NONE',  ( 28.84037691363152334, 8.260306258225272202, 20.81409165536519623 ) ) ;
#1543 = ORIENTED_EDGE ( 'NONE', *, *, #5297, .T. ) ;
#1544 = CIRCLE ( 'NONE', #4028, 27.00000000000000000 ) ;
#1545 = CARTESIAN_POINT ( 'NONE',  ( -1.471150456955545360, 51.65789094839188778, 0.000000000000000000 ) ) ;
#1546 = DIRECTION ( 'NONE',  ( -0.5888628737284323789, 0.8082329589569410278, 0.000000000000000000 ) ) ;
#1547 = CARTESIAN_POINT ( 'NONE',  ( 1.650000000000013456, 135.0000000000009948, 8.000000000000001776 ) ) ;
#1548 = CARTESIAN_POINT ( 'NONE',  ( 29.52114143758670295, 9.369469467565675558, 20.20824193029555005 ) ) ;
#1549 = DIRECTION ( 'NONE',  ( -1.000000000000000000, 0.000000000000000000, 0.000000000000000000 ) ) ;
#1550 = DIRECTION ( 'NONE',  ( 0.5788523453879101943, 0.8154323774776885969, -0.000000000000000000 ) ) ;
#1551 = VERTEX_POINT ( 'NONE', #2696 ) ;
#1552 = CIRCLE ( 'NONE', #1028, 251.4923101625378763 ) ;
#1553 = EDGE_CURVE ( 'NONE', #115, #2524, #256, .T. ) ;
#1554 = DIRECTION ( 'NONE',  ( 1.000000000000000000, -0.000000000000000000, -0.000000000000000000 ) ) ;
#1555 = CARTESIAN_POINT ( 'NONE',  ( 16.84516184781473669, 72.05800124027716436, 6.210146777080057134 ) ) ;
#1556 = ORIENTED_EDGE ( 'NONE', *, *, #5602, .T. ) ;
#1557 = CARTESIAN_POINT ( 'NONE',  ( 29.01054679451843299, 10.24402908686718661, 0.5865464273138133455 ) ) ;
#1558 = VERTEX_POINT ( 'NONE', #2753 ) ;
#1559 = CARTESIAN_POINT ( 'NONE',  ( -17.74236018148137006, 24.19169456762583437, 15.45604816621676036 ) ) ;
#1560 =( BOUNDED_CURVE ( )  B_SPLINE_CURVE ( 3, ( #4317, #1855, #1958, #2921 ),
 .UNSPECIFIED., .F., .T. ) 
 B_SPLINE_CURVE_WITH_KNOTS ( ( 4, 4 ),
 ( 1.570796326794896558, 3.097959422289934039 ),
 .UNSPECIFIED. ) 
 CURVE ( )  GEOMETRIC_REPRESENTATION_ITEM ( )  RATIONAL_B_SPLINE_CURVE ( ( 1.000000000000000000, 0.8149093080398372990, 0.8149093080398372990, 1.000000000000000000 ) ) 
 REPRESENTATION_ITEM ( '' )  );
#1561 = CARTESIAN_POINT ( 'NONE',  ( 29.39387691339797470, 6.000000000000786926, 1.857151321493194507 ) ) ;
#1562 = ORIENTED_EDGE ( 'NONE', *, *, #1257, .F. ) ;
#1563 = ADVANCED_FACE ( 'NONE', ( #212 ), #4244, .T. ) ;
#1564 = CARTESIAN_POINT ( 'NONE',  ( 29.19068262759807553, 140.0043218814352315, 0.6665599854305395144 ) ) ;
#1565 = CARTESIAN_POINT ( 'NONE',  ( 26.99999999999921485, -1.804112415015879378E-13, 8.000000000000001776 ) ) ;
#1566 = FACE_OUTER_BOUND ( 'NONE', #3015, .T. ) ;
#1567 = DIRECTION ( 'NONE',  ( 1.000000000000000000, 0.000000000000000000, 0.000000000000000000 ) ) ;
#1568 = CARTESIAN_POINT ( 'NONE',  ( 29.10647805531522181, 10.11176988500844409, 0.6291576134378051854 ) ) ;
#1569 = DIRECTION ( 'NONE',  ( -1.000000000000000000, 0.000000000000000000, 0.000000000000000000 ) ) ;
#1570 = ORIENTED_EDGE ( 'NONE', *, *, #652, .F. ) ;
#1571 = EDGE_CURVE ( 'NONE', #3529, #1920, #4284, .T. ) ;
#1572 = CARTESIAN_POINT ( 'NONE',  ( 30.19593613718964065, 27.23540776950621378, 2.499168828737039938 ) ) ;
#1573 =( BOUNDED_CURVE ( )  B_SPLINE_CURVE ( 3, ( #418, #1303, #4363, #2278 ),
 .UNSPECIFIED., .F., .F. ) 
 B_SPLINE_CURVE_WITH_KNOTS ( ( 4, 4 ),
 ( 0.2939544294605268004, 0.3204267127913340008 ),
 .UNSPECIFIED. ) 
 CURVE ( )  GEOMETRIC_REPRESENTATION_ITEM ( )  RATIONAL_B_SPLINE_CURVE ( ( 1.000000000000000000, 0.9999416023705284262, 0.9999416023705284262, 1.000000000000000000 ) ) 
 REPRESENTATION_ITEM ( '' )  );
#1574 = DIRECTION ( 'NONE',  ( 1.000000000000000000, 0.000000000000000000, 0.000000000000000000 ) ) ;
#1575 = CARTESIAN_POINT ( 'NONE',  ( 30.12110455049702296, 25.25415849235935895, 18.55449168168739504 ) ) ;
#1576 = CARTESIAN_POINT ( 'NONE',  ( 0.000000000000000000, 27.50000000000000000, 9.000000000000000000 ) ) ;
#1577 = FACE_OUTER_BOUND ( 'NONE', #1490, .T. ) ;
#1578 = ORIENTED_EDGE ( 'NONE', *, *, #1138, .F. ) ;
#1579 = ORIENTED_EDGE ( 'NONE', *, *, #1003, .F. ) ;
#1580 = EDGE_LOOP ( 'NONE', ( #1562, #5778, #2425, #3668, #2840, #842, #1187 ) ) ;
#1581 = VECTOR ( 'NONE', #5561, 1000.000000000000000 ) ;
#1582 = FACE_OUTER_BOUND ( 'NONE', #4272, .T. ) ;
#1583 = CYLINDRICAL_SURFACE ( 'NONE', #3776, 1.650000000000000355 ) ;
#1584 = EDGE_CURVE ( 'NONE', #6389, #3890, #1722, .T. ) ;
#1585 = VERTEX_POINT ( 'NONE', #5646 ) ;
#1586 = EDGE_CURVE ( 'NONE', #3898, #4647, #6291, .T. ) ;
#1587 = DIRECTION ( 'NONE',  ( -0.000000000000000000, 0.000000000000000000, 1.000000000000000000 ) ) ;
#1588 = ORIENTED_EDGE ( 'NONE', *, *, #1274, .T. ) ;
#1589 = CARTESIAN_POINT ( 'NONE',  ( 29.84796613217970318, 3.273151854066739475, 20.93678852996212569 ) ) ;
#1590 = AXIS2_PLACEMENT_3D ( 'NONE', #5328, #4296, #4224 ) ;
#1591 = CARTESIAN_POINT ( 'NONE',  ( 3.469446951953614189E-15, 100.8161682435899991, 15.43457091895199973 ) ) ;
#1592 = CARTESIAN_POINT ( 'NONE',  ( 17.74817186027515703, 24.18682276815417254, 15.49999999999962519 ) ) ;
#1593 = ORIENTED_EDGE ( 'NONE', *, *, #877, .F. ) ;
#1594 = CARTESIAN_POINT ( 'NONE',  ( 29.25301016969562085, 140.1292665968015569, 0.7065751916052167569 ) ) ;
#1595 = CARTESIAN_POINT ( 'NONE',  ( 22.27915728199868894, 127.2396118831975969, 5.500000000001392664 ) ) ;
#1596 = DIRECTION ( 'NONE',  ( -0.000000000000000000, -0.000000000000000000, 1.000000000000000000 ) ) ;
#1597 = FACE_OUTER_BOUND ( 'NONE', #2644, .T. ) ;
#1598 = CARTESIAN_POINT ( 'NONE',  ( 22.05721009660865306, 126.7255556970801820, 14.91955149928981861 ) ) ;
#1599 = EDGE_CURVE ( 'NONE', #5301, #2943, #1693, .T. ) ;
#1600 = ORIENTED_EDGE ( 'NONE', *, *, #5010, .T. ) ;
#1601 = CARTESIAN_POINT ( 'NONE',  ( -29.89329490377652121, -2.611836209020701460, 20.95279522209983725 ) ) ;
#1602 = CARTESIAN_POINT ( 'NONE',  ( 29.48236798742113862, 8.342899358434049617, 1.092418556285592590 ) ) ;
#1603 = CARTESIAN_POINT ( 'NONE',  ( 1.649999999999999023, 15.00000000000000178, 8.000000000000001776 ) ) ;
#1604 = AXIS2_PLACEMENT_3D ( 'NONE', #2842, #1251, #739 ) ;
#1605 = CARTESIAN_POINT ( 'NONE',  ( -30.00000000000041567, 148.9474647778178280, 20.35469766332355590 ) ) ;
#1606 = DIRECTION ( 'NONE',  ( -0.000000000000000000, -0.000000000000000000, -1.000000000000000000 ) ) ;
#1607 = VERTEX_POINT ( 'NONE', #745 ) ;
#1608 = EDGE_CURVE ( 'NONE', #4268, #4552, #2856, .T. ) ;
#1609 = CARTESIAN_POINT ( 'NONE',  ( -3.339766697952641077E-17, 95.89212203745127283, 5.565429081048004711 ) ) ;
#1610 = PLANE ( 'NONE',  #1117 ) ;
#1611 = ORIENTED_EDGE ( 'NONE', *, *, #1843, .T. ) ;
#1612 = EDGE_LOOP ( 'NONE', ( #2800, #1110, #2330, #4372, #3401, #5366 ) ) ;
#1613 = VERTEX_POINT ( 'NONE', #4878 ) ;
#1614 = AXIS2_PLACEMENT_3D ( 'NONE', #4767, #5228, #292 ) ;
#1615 = DIRECTION ( 'NONE',  ( -0.8154323774776895961, 0.5788523453879087510, 0.000000000000000000 ) ) ;
#1616 = CARTESIAN_POINT ( 'NONE',  ( -17.00523522941574939, 77.44180491512625508, 15.32568038565759316 ) ) ;
#1617 = ORIENTED_EDGE ( 'NONE', *, *, #1090, .F. ) ;
#1618 = CARTESIAN_POINT ( 'NONE',  ( -20.10000000000000142, 2.461540066286179870E-15, 11.00000000000000178 ) ) ;
#1619 = ORIENTED_EDGE ( 'NONE', *, *, #810, .F. ) ;
#1620 = CARTESIAN_POINT ( 'NONE',  ( 29.49669562966915493, 141.2777604176927184, 19.81711505569538190 ) ) ;
#1621 = ORIENTED_EDGE ( 'NONE', *, *, #4197, .F. ) ;
#1622 = DIRECTION ( 'NONE',  ( 0.000000000000000000, -0.000000000000000000, -1.000000000000000000 ) ) ;
#1623 = AXIS2_PLACEMENT_3D ( 'NONE', #1225, #1783, #5643 ) ;
#1624 = DIRECTION ( 'NONE',  ( 0.03687559206322969796, 0.9763222103961989307, -0.2131551833689872277 ) ) ;
#1625 = CIRCLE ( 'NONE', #1730, 1.650000000000015010 ) ;
#1626 = ORIENTED_EDGE ( 'NONE', *, *, #5665, .T. ) ;
#1627 = ADVANCED_FACE ( 'NONE', ( #1919, #6435, #437, #2369, #3825, #3785, #1883, #972 ), #2918, .F. ) ;
#1629 = ADVANCED_FACE ( 'NONE', ( #4349 ), #1494, .T. ) ;
#1628 = B_SPLINE_CURVE_WITH_KNOTS ( 'NONE', 3,
 ( #1004, #1499, #3475, #3152, #3182, #5688, #1644, #1176, #1736, #3608, #5629, #4071, #6152, #5158, #3666, #5193 ),
 .UNSPECIFIED., .F., .F.,
 ( 4, 2, 2, 2, 2, 2, 2, 4 ),
 ( -1.077726513896848444E-05, 0.001802424250770324164, 0.003615625766679616843, 0.005428827282588910390, 0.006335428040543566487, 0.006788728419520895403, 0.007015378609009586749, 0.007242028798498278096 ),
 .UNSPECIFIED. ) ;
#1630 = AXIS2_PLACEMENT_3D ( 'NONE', #6385, #1972, #3946 ) ;
#1631 = CARTESIAN_POINT ( 'NONE',  ( 29.47840193650272411, 141.7621062396404170, 20.56798862460065536 ) ) ;
#1632 = CIRCLE ( 'NONE', #2554, 9.000000000000001776 ) ;
#1633 = CARTESIAN_POINT ( 'NONE',  ( 17.74236018148307181, 24.19169456762344339, 5.543951833783236971 ) ) ;
#1634 = CYLINDRICAL_SURFACE ( 'NONE', #83, 1.500000000000002220 ) ;
#1635 = AXIS2_PLACEMENT_3D ( 'NONE', #1865, #4894, #3837 ) ;
#1636 = CARTESIAN_POINT ( 'NONE',  ( 29.48860552748278252, 8.508045151610872381, 1.131011003816684291 ) ) ;
#1637 = PLANE ( 'NONE',  #555 ) ;
#1638 = CARTESIAN_POINT ( 'NONE',  ( 17.01123581841148180, 77.42226567394783387, 5.521870778657919310 ) ) ;
#1639 = ORIENTED_EDGE ( 'NONE', *, *, #2036, .F. ) ;
#1640 = EDGE_CURVE ( 'NONE', #2066, #2653, #5290, .T. ) ;
#1641 = DIRECTION ( 'NONE',  ( 0.5788523453879270697, 0.8154323774776764955, 0.000000000000000000 ) ) ;
#1642 = DIRECTION ( 'NONE',  ( -0.000000000000000000, -0.000000000000000000, 1.000000000000000000 ) ) ;
#1643 = CARTESIAN_POINT ( 'NONE',  ( 30.37759300926346739, 32.04497499126888016, 17.52564492861479195 ) ) ;
#1644 = CARTESIAN_POINT ( 'NONE',  ( -16.19017549174730064, 124.2831571035957552, 6.518949752619921156 ) ) ;
#1645 = DIRECTION ( 'NONE',  ( 1.000000000000000000, 2.688382058535806848E-15, 0.000000000000000000 ) ) ;
#1646 = ORIENTED_EDGE ( 'NONE', *, *, #2361, .F. ) ;
#1647 = ORIENTED_EDGE ( 'NONE', *, *, #472, .F. ) ;
#1648 = EDGE_LOOP ( 'NONE', ( #162, #641, #430, #5039, #2000 ) ) ;
#1649 = CIRCLE ( 'NONE', #4123, 1.650000000000000355 ) ;
#1650 = DIRECTION ( 'NONE',  ( 0.8074637002697746535, 0.5883024067539724955, 0.04361938736533609723 ) ) ;
#1651 = CARTESIAN_POINT ( 'NONE',  ( -16.94888251222481657, 77.61772561312844232, 15.05702932919114190 ) ) ;
#1652 = B_SPLINE_CURVE_WITH_KNOTS ( 'NONE', 3,
 ( #828, #6284, #1345, #2804, #4729, #4797, #5337, #2686, #6221, #4233 ),
 .UNSPECIFIED., .F., .F.,
 ( 4, 2, 2, 2, 4 ),
 ( 2.596354315556552991E-16, 0.006825879537371792004, 0.01365175907474333074, 0.02047763861211486860, 0.02730351814948640821 ),
 .UNSPECIFIED. ) ;
#1653 = ORIENTED_EDGE ( 'NONE', *, *, #1160, .F. ) ;
#1654 = CARTESIAN_POINT ( 'NONE',  ( -8.708911303573936280, -25.56078920530903176, 5.321834043437977613 ) ) ;
#1655 = EDGE_LOOP ( 'NONE', ( #2869, #1459, #3909, #3995, #5258 ) ) ;
#1656 = EDGE_CURVE ( 'NONE', #5144, #2463, #3461, .T. ) ;
#1657 = CARTESIAN_POINT ( 'NONE',  ( 29.39387691339798181, 143.9999999999990905, 19.99848568875562904 ) ) ;
#1658 = B_SPLINE_CURVE_WITH_KNOTS ( 'NONE', 3,
 ( #260, #1776, #3133, #3222, #1153, #4141, #4731, #6160, #3646, #5231, #765, #2743, #3743, #4112, #1746, #5669, #2196, #4703, #5760, #737, #1683, #2715, #1186, #5136, #4169, #2256, #230, #294, #1278, #2165, #676, #6131, #169, #4201, #3254, #6189, #5727, #2134, #1654, #4642, #201, #3675, #1246, #3160, #5201, #5169, #5698, #710, #2688, #1712, #1216, #3710, #2222, #6223, #2423, #3288, #391, #2286, #5374, #2875, #4831, #3916, #2357, #322 ),
 .UNSPECIFIED., .F., .F.,
 ( 4, 2, 2, 2, 2, 2, 2, 2, 2, 2, 2, 2, 2, 2, 2, 2, 2, 2, 2, 2, 2, 2, 2, 2, 2, 2, 2, 2, 2, 2, 2, 4 ),
 ( 0.01280988766760707102, 0.01810428069392739855, 0.01942787895050748087, 0.02075147720708756319, 0.02339867372024772782, 0.02604587023340789245, 0.02736946848998797130, 0.02869306674656804668, 0.03398745977288838288, 0.03663465628604855445, 0.03928185279920872602, 0.04457624582552906223, 0.04722344233868922686, 0.04987063885184939149, 0.05251783536500955613, 0.05384143362158963497, 0.05516503187816972076, 0.06045942490449004308, 0.06310662141765020772, 0.06443021967423027963, 0.06575381793081037929, 0.07104821095713066692, 0.07237180921371072495, 0.07369540747029081074, 0.07634260398345095455, 0.08163699700977124218, 0.08296059526635131409, 0.08428419352293139988, 0.08693139003609152982, 0.08957858654925168751, 0.09222578306241183133, 0.09752017608873211896 ),
 .UNSPECIFIED. ) ;
#1659 = ORIENTED_EDGE ( 'NONE', *, *, #1221, .F. ) ;
#1660 = DIRECTION ( 'NONE',  ( -0.5888628737284321568, 0.8082329589569411388, 2.427950995527627963E-18 ) ) ;
#1661 = CARTESIAN_POINT ( 'NONE',  ( 29.12570778957955753, -1.100075064986241857, 5.500000000000003553 ) ) ;
#1662 = ORIENTED_EDGE ( 'NONE', *, *, #6384, .F. ) ;
#1663 = CARTESIAN_POINT ( 'NONE',  ( 29.55174693790585394, 36.67477168128549891, 18.50000000000000355 ) ) ;
#1664 = CYLINDRICAL_SURFACE ( 'NONE', #944, 30.00000000000001421 ) ;
#1665 = CARTESIAN_POINT ( 'NONE',  ( -2.372921544576893638, 100.0619034969256091, 5.500000000000000000 ) ) ;
#1666 = CARTESIAN_POINT ( 'NONE',  ( 29.60201179746560385, 138.4893980355346059, 19.20834687594835088 ) ) ;
#1667 = CYLINDRICAL_SURFACE ( 'NONE', #2937, 30.00000000000000000 ) ;
#1668 = EDGE_CURVE ( 'NONE', #4311, #3735, #4843, .T. ) ;
#1669 = CARTESIAN_POINT ( 'NONE',  ( 44.02060525217950726, 31.24898066279910225, 15.50000000000000178 ) ) ;
#1670 =( BOUNDED_CURVE ( )  B_SPLINE_CURVE ( 3, ( #388, #1871, #3846, #1379 ),
 .UNSPECIFIED., .F., .F. ) 
 B_SPLINE_CURVE_WITH_KNOTS ( ( 4, 4 ),
 ( 5.867294091209195095, 5.869576401415748990 ),
 .UNSPECIFIED. ) 
 CURVE ( )  GEOMETRIC_REPRESENTATION_ITEM ( )  RATIONAL_B_SPLINE_CURVE ( ( 1.000000000000000000, 0.9999995659217237876, 0.9999995659217237876, 1.000000000000000000 ) ) 
 REPRESENTATION_ITEM ( '' )  );
#1671 = CARTESIAN_POINT ( 'NONE',  ( 2.586114150930569178, 26.87743230694326257, 3.853573314210746226 ) ) ;
#1672 = CARTESIAN_POINT ( 'NONE',  ( 29.84031970721124338, 17.82006825838531583, 2.000661220147787134 ) ) ;
#1673 = DIRECTION ( 'NONE',  ( -0.9992874795864554738, -0.03774298798120413051, 0.000000000000000000 ) ) ;
#1674 = CARTESIAN_POINT ( 'NONE',  ( -29.39387691339796049, 6.000000000001007194, 18.56837079308311544 ) ) ;
#1675 = CARTESIAN_POINT ( 'NONE',  ( 17.73824133803189085, 125.8041231543550964, 5.565429081048003823 ) ) ;
#1676 = FACE_BOUND ( 'NONE', #1458, .T. ) ;
#1677 = ORIENTED_EDGE ( 'NONE', *, *, #3999, .T. ) ;
#1678 = EDGE_LOOP ( 'NONE', ( #2538, #788, #4290, #4407 ) ) ;
#1679 = VERTEX_POINT ( 'NONE', #1955 ) ;
#1680 = CARTESIAN_POINT ( 'NONE',  ( -17.96533194689090251, 74.29667784758299831, 0.000000000000000000 ) ) ;
#1681 = CARTESIAN_POINT ( 'NONE',  ( 21.99351920263835325, 15.61257625452772935, 15.50000000000000178 ) ) ;
#1682 = ORIENTED_EDGE ( 'NONE', *, *, #6442, .F. ) ;
#1683 = CARTESIAN_POINT ( 'NONE',  ( 15.77883938172485934, -21.92742976809322641, 5.438926779142303047 ) ) ;
#1684 = EDGE_CURVE ( 'NONE', #400, #1375, #4892, .T. ) ;
#1685 = ORIENTED_EDGE ( 'NONE', *, *, #134, .F. ) ;
#1686 = CARTESIAN_POINT ( 'NONE',  ( 29.95988935528929176, 2.008420061951238011, 20.99999999999998934 ) ) ;
#1687 = ORIENTED_EDGE ( 'NONE', *, *, #1861, .T. ) ;
#1688 = DIRECTION ( 'NONE',  ( 1.000000000000000000, 0.000000000000000000, 0.000000000000000000 ) ) ;
#1689 = LINE ( 'NONE', #4742, #2044 ) ;
#1690 = EDGE_CURVE ( 'NONE', #254, #1739, #3409, .T. ) ;
#1691 = ORIENTED_EDGE ( 'NONE', *, *, #2440, .F. ) ;
#1692 = AXIS2_PLACEMENT_3D ( 'NONE', #4497, #2506, #5955 ) ;
#1693 = LINE ( 'NONE', #1227, #3979 ) ;
#1694 = CARTESIAN_POINT ( 'NONE',  ( 1.649999999999997247, 2.020667218593132508E-16, 15.66690475583125419 ) ) ;
#1695 = CARTESIAN_POINT ( 'NONE',  ( 17.74817186027530980, 125.8131772318450174, 5.500000000000171418 ) ) ;
#1696 = FACE_OUTER_BOUND ( 'NONE', #759, .T. ) ;
#1697 = LINE ( 'NONE', #724, #5601 ) ;
#1698 = DIRECTION ( 'NONE',  ( -0.8082329589569386963, 0.5888628737284355985, 0.000000000000000000 ) ) ;
#1699 = CARTESIAN_POINT ( 'NONE',  ( 0.9739307408649074960, 52.35832700682897922, 21.00000000000000000 ) ) ;
#1700 = CARTESIAN_POINT ( 'NONE',  ( 16.82094198585907563, 25.10872729322724339, 6.289298591633605717 ) ) ;
#1701 = CARTESIAN_POINT ( 'NONE',  ( -26.98479856932081233, 148.9530252181665162, 3.087761301410381964 ) ) ;
#1702 = CARTESIAN_POINT ( 'NONE',  ( 17.01077732352909422, 72.57548586995839912, 5.543708640552803324 ) ) ;
#1703 = DIRECTION ( 'NONE',  ( -0.5888628737284323789, -0.8082329589569410278, 0.000000000000000000 ) ) ;
#1704 = ORIENTED_EDGE ( 'NONE', *, *, #24, .F. ) ;
#1705 = VERTEX_POINT ( 'NONE', #2495 ) ;
#1706 = ORIENTED_EDGE ( 'NONE', *, *, #678, .T. ) ;
#1707 = EDGE_CURVE ( 'NONE', #2223, #196, #2983, .T. ) ;
#1708 = EDGE_CURVE ( 'NONE', #2384, #642, #1628, .T. ) ;
#1709 = DIRECTION ( 'NONE',  ( -1.000000000000000000, 0.000000000000000000, 0.000000000000000000 ) ) ;
#1710 = CARTESIAN_POINT ( 'NONE',  ( 16.10098698232306091, 80.28923612289614198, 14.09648128935824829 ) ) ;
#1711 = ORIENTED_EDGE ( 'NONE', *, *, #267, .T. ) ;
#1712 = CARTESIAN_POINT ( 'NONE',  ( -20.39208097389319718, -17.78433870705876174, 5.416631157692691545 ) ) ;
#1713 = VERTEX_POINT ( 'NONE', #4662 ) ;
#1714 = DIRECTION ( 'NONE',  ( 0.5788523453879269587, -0.8154323774776764955, 0.000000000000000000 ) ) ;
#1715 = EDGE_CURVE ( 'NONE', #5384, #3550, #4733, .T. ) ;
#1716 = VERTEX_POINT ( 'NONE', #669 ) ;
#1717 = CARTESIAN_POINT ( 'NONE',  ( 29.94525253494669670, 20.59828128703873773, 18.06285057452280185 ) ) ;
#1718 = CARTESIAN_POINT ( 'NONE',  ( 30.12110455050497748, 124.7458415076001614, 18.55449168168355101 ) ) ;
#1719 = B_SPLINE_CURVE_WITH_KNOTS ( 'NONE', 3,
 ( #2203, #4181, #2664, #270, #1756, #2267, #3753, #3720 ),
 .UNSPECIFIED., .F., .F.,
 ( 4, 2, 2, 4 ),
 ( 0.000000000000000000, 0.006404943833803284844, 0.009607415750704928134, 0.01280988766760657316 ),
 .UNSPECIFIED. ) ;
#1720 = ORIENTED_EDGE ( 'NONE', *, *, #5208, .T. ) ;
#1721 = CIRCLE ( 'NONE', #5382, 258.1066884401992070 ) ;
#1722 = LINE ( 'NONE', #2175, #2623 ) ;
#1723 = AXIS2_PLACEMENT_3D ( 'NONE', #6143, #3203, #3267 ) ;
#1724 = CARTESIAN_POINT ( 'NONE',  ( 29.23100206060365380, 18.92684130209147142, 1.843077718131200360 ) ) ;
#1725 = CARTESIAN_POINT ( 'NONE',  ( -21.77208691676561614, 23.93453165843889252, 6.356755203624775419 ) ) ;
#1727 = CARTESIAN_POINT ( 'NONE',  ( -17.01122097318214088, 72.57933554843654633, 15.49999999999940314 ) ) ;
#1726 = B_SPLINE_CURVE_WITH_KNOTS ( 'NONE', 3,
 ( #2193, #764, #4167, #1710, #4700, #258, #2220, #2355, #12, #1903, #5962, #425, #1486, #5371, #3879, #5891 ),
 .UNSPECIFIED., .F., .F.,
 ( 4, 2, 2, 2, 2, 2, 2, 4 ),
 ( -9.918063960374112097E-06, 0.001272805251991654873, 0.002555528567943683889, 0.003196890225919719972, 0.003838251883895756490, 0.004479613541871792573, 0.004800294370859810832, 0.005120975199847829090 ),
 .UNSPECIFIED. ) ;
#1728 = DIRECTION ( 'NONE',  ( 0.000000000000000000, 0.000000000000000000, -1.000000000000000000 ) ) ;
#1729 = AXIS2_PLACEMENT_3D ( 'NONE', #6263, #6136, #5736 ) ;
#1730 = AXIS2_PLACEMENT_3D ( 'NONE', #809, #3144, #746 ) ;
#1731 = FACE_OUTER_BOUND ( 'NONE', #1867, .T. ) ;
#1732 = DIRECTION ( 'NONE',  ( -0.000000000000000000, -0.000000000000000000, 1.000000000000000000 ) ) ;
#1733 = AXIS2_PLACEMENT_3D ( 'NONE', #749, #3693, #5151 ) ;
#1734 = CARTESIAN_POINT ( 'NONE',  ( 17.61022444761560379, 24.32551274097684058, 5.806928021700935361 ) ) ;
#1735 = CARTESIAN_POINT ( 'NONE',  ( 29.99105393848227763, 0.7325869634703396915, 21.00000000000000000 ) ) ;
#1736 = CARTESIAN_POINT ( 'NONE',  ( -17.02912031398470205, 125.0949101235862884, 6.202852413133422615 ) ) ;
#1737 = CARTESIAN_POINT ( 'NONE',  ( 31.98574451125584517, 75.37742987981194176, 17.50000000000000000 ) ) ;
#1738 = ORIENTED_EDGE ( 'NONE', *, *, #5431, .T. ) ;
#1739 = VERTEX_POINT ( 'NONE', #1675 ) ;
#1740 = ORIENTED_EDGE ( 'NONE', *, *, #1925, .T. ) ;
#1741 = AXIS2_PLACEMENT_3D ( 'NONE', #4226, #5596, #3639 ) ;
#1742 = CIRCLE ( 'NONE', #5920, 26.99999999999999645 ) ;
#1743 = CARTESIAN_POINT ( 'NONE',  ( 19.85832718932828200, 172.5742714911644384, 5.436654655875162945 ) ) ;
#1744 = CARTESIAN_POINT ( 'NONE',  ( 16.78600405087359348, 78.12727601158096036, 6.309163975848067096 ) ) ;
#1745 = VERTEX_POINT ( 'NONE', #6209 ) ;
#1746 = CARTESIAN_POINT ( 'NONE',  ( 22.74783890122210650, -14.55109157956516341, 5.267503345080496224 ) ) ;
#1747 = VECTOR ( 'NONE', #4739, 1000.000000000000114 ) ;
#1748 = EDGE_CURVE ( 'NONE', #4375, #2831, #2641, .T. ) ;
#1749 = ORIENTED_EDGE ( 'NONE', *, *, #1708, .T. ) ;
#1750 = CIRCLE ( 'NONE', #4556, 27.00000000000000000 ) ;
#1751 = CARTESIAN_POINT ( 'NONE',  ( -13.36746116222342984, 75.00000000000008527, 7.000000000000000000 ) ) ;
#1752 = ORIENTED_EDGE ( 'NONE', *, *, #5919, .F. ) ;
#1753 = DIRECTION ( 'NONE',  ( 1.000000000000000000, 0.000000000000000000, 0.000000000000000000 ) ) ;
#1754 = CYLINDRICAL_SURFACE ( 'NONE', #1729, 1.500000000000002220 ) ;
#1755 = ORIENTED_EDGE ( 'NONE', *, *, #2717, .F. ) ;
#1756 = CARTESIAN_POINT ( 'NONE',  ( 26.69552798014470341, 145.8221866925087227, 2.346559821120770994 ) ) ;
#1757 = CARTESIAN_POINT ( 'NONE',  ( 29.26577408242130574, 21.14051006597140869, 2.020256013323798783 ) ) ;
#1758 = CARTESIAN_POINT ( 'NONE',  ( -22.11183385110341959, 23.14824257779105920, 6.010926676891791942 ) ) ;
#1759 = CARTESIAN_POINT ( 'NONE',  ( -29.52931978057058870, -5.315686416020649396, 4.280487092261633819 ) ) ;
#1760 = DIRECTION ( 'NONE',  ( -0.000000000000000000, -0.000000000000000000, -1.000000000000000000 ) ) ;
#1761 = CARTESIAN_POINT ( 'NONE',  ( -3.673940397442060756E-15, 150.0000000000000000, 11.00000000000000178 ) ) ;
#1762 = CARTESIAN_POINT ( 'NONE',  ( -17.68858590586918567, 125.7537252822829572, 15.29777378076903638 ) ) ;
#1763 = CARTESIAN_POINT ( 'NONE',  ( -4.174178364069192071E-15, -9.000000000000001776, 11.00000000000000178 ) ) ;
#1764 = CARTESIAN_POINT ( 'NONE',  ( -26.92371780131307091, 147.9050227266455408, 2.849999568799767236 ) ) ;
#1765 = LINE ( 'NONE', #3763, #3650 ) ;
#1766 = PRODUCT_DEFINITION ( 'UNKNOWN', '', #6117, #404 ) ;
#1767 = CYLINDRICAL_SURFACE ( 'NONE', #6004, 1.649999999999999911 ) ;
#1768 = ORIENTED_EDGE ( 'NONE', *, *, #825, .T. ) ;
#1769 = ORIENTED_EDGE ( 'NONE', *, *, #4360, .F. ) ;
#1770 = ORIENTED_EDGE ( 'NONE', *, *, #956, .T. ) ;
#1771 = ORIENTED_EDGE ( 'NONE', *, *, #446, .F. ) ;
#1772 = ADVANCED_FACE ( 'NONE', ( #1143 ), #3701, .T. ) ;
#1773 = AXIS2_PLACEMENT_3D ( 'NONE', #2531, #2991, #2022 ) ;
#1774 = CARTESIAN_POINT ( 'NONE',  ( 26.03488318605684526, 164.9385834104850517, 5.293189512996229418 ) ) ;
#1775 = DIRECTION ( 'NONE',  ( 0.000000000000000000, 0.000000000000000000, 1.000000000000000000 ) ) ;
#1776 = CARTESIAN_POINT ( 'NONE',  ( 26.99999999999922906, -1.727277352325829129, 3.674801300996223929 ) ) ;
#1777 = EDGE_LOOP ( 'NONE', ( #302, #970, #1909, #1593 ) ) ;
#1778 = CARTESIAN_POINT ( 'NONE',  ( 16.49443607980028048, 171.3946911494759320, 5.445226743706998995 ) ) ;
#1779 = EDGE_CURVE ( 'NONE', #6125, #4552, #4600, .T. ) ;
#1780 = CARTESIAN_POINT ( 'NONE',  ( -20.00000000000001776, 75.00000000000000000, 18.50000000000000355 ) ) ;
#1781 = ADVANCED_FACE ( 'NONE', ( #1207 ), #5719, .T. ) ;
#1782 = CARTESIAN_POINT ( 'NONE',  ( -5.204170427930422072E-15, 54.17073537413242690, 14.58680187058797806 ) ) ;
#1783 = DIRECTION ( 'NONE',  ( 0.000000000000000000, 0.000000000000000000, 1.000000000000000000 ) ) ;
#1784 = VERTEX_POINT ( 'NONE', #6121 ) ;
#1785 = VECTOR ( 'NONE', #1554, 1000.000000000000000 ) ;
#1786 = ADVANCED_FACE ( 'NONE', ( #729 ), #2705, .F. ) ;
#1787 = DIRECTION ( 'NONE',  ( 0.5888628737284321568, 0.8082329589569411388, 0.000000000000000000 ) ) ;
#1788 = ORIENTED_EDGE ( 'NONE', *, *, #4451, .F. ) ;
#1789 = CARTESIAN_POINT ( 'NONE',  ( 16.19017549174721893, 25.71684289640346321, 14.48105024738008950 ) ) ;
#1790 = CARTESIAN_POINT ( 'NONE',  ( -22.27569735221396385, 22.77019724029817027, 5.565429081048003823 ) ) ;
#1791 = CARTESIAN_POINT ( 'NONE',  ( -3.928698614729554173, -29.74575893251481418, 5.023823103669429635 ) ) ;
#1792 = CARTESIAN_POINT ( 'NONE',  ( -3.673940397442060756E-15, 150.0000000000000000, 15.50000000000000178 ) ) ;
#1793 = CIRCLE ( 'NONE', #1692, 30.00000000000000000 ) ;
#1794 = CARTESIAN_POINT ( 'NONE',  ( -2.285875848599969729, 26.90492396463618974, 3.713209524845954235 ) ) ;
#1795 = CARTESIAN_POINT ( 'NONE',  ( -0.9653319468908421186, 99.03636098923900022, 21.00000000000000000 ) ) ;
#1796 = DIRECTION ( 'NONE',  ( 1.000000000000000000, 0.000000000000000000, 0.000000000000000000 ) ) ;
#1797 = AXIS2_PLACEMENT_3D ( 'NONE', #4580, #4082, #6096 ) ;
#1798 = CARTESIAN_POINT ( 'NONE',  ( -20.10000000000000497, 150.0000000000000000, 11.00000000000000178 ) ) ;
#1799 = CARTESIAN_POINT ( 'NONE',  ( 19.81309427741580720, 121.4615318636899559, 6.990977717965079385 ) ) ;
#1800 = CYLINDRICAL_SURFACE ( 'NONE', #4644, 1.499999999999995781 ) ;
#1801 = VERTEX_POINT ( 'NONE', #4191 ) ;
#1802 = ORIENTED_EDGE ( 'NONE', *, *, #1221, .T. ) ;
#1803 = ORIENTED_EDGE ( 'NONE', *, *, #3928, .T. ) ;
#1804 = CARTESIAN_POINT ( 'NONE',  ( -10.60790902561455873, 178.0790357176374243, 5.164315699248613889 ) ) ;
#1805 = DIRECTION ( 'NONE',  ( 0.000000000000000000, 0.000000000000000000, -1.000000000000000000 ) ) ;
#1806 = VERTEX_POINT ( 'NONE', #250 ) ;
#1807 = DIRECTION ( 'NONE',  ( -1.000000000000000000, 0.000000000000000000, 0.000000000000000000 ) ) ;
#1808 = FACE_OUTER_BOUND ( 'NONE', #5600, .T. ) ;
#1809 = EDGE_LOOP ( 'NONE', ( #1682, #3703, #2199 ) ) ;
#1810 = CARTESIAN_POINT ( 'NONE',  ( -23.65284004955358554, 163.0283637641817904, 5.164339971740933066 ) ) ;
#1811 = CARTESIAN_POINT ( 'NONE',  ( 21.99286971539128999, 74.99999999999995737, 2.500000000000002220 ) ) ;
#1812 = ORIENTED_EDGE ( 'NONE', *, *, #40, .F. ) ;
#1813 = AXIS2_PLACEMENT_3D ( 'NONE', #1927, #950, #4819 ) ;
#1814 = CARTESIAN_POINT ( 'NONE',  ( 1.816043739957008851, 98.34423545284774093, 6.413198129412020165 ) ) ;
#1815 = ORIENTED_EDGE ( 'NONE', *, *, #513, .T. ) ;
#1816 = EDGE_LOOP ( 'NONE', ( #4382, #4793, #5966, #966 ) ) ;
#1817 = AXIS2_PLACEMENT_3D ( 'NONE', #708, #75, #4049 ) ;
#1818 = CARTESIAN_POINT ( 'NONE',  ( 23.41770689214159873, 23.75031036007347396, 14.00000000000000178 ) ) ;
#1819 = ORIENTED_EDGE ( 'NONE', *, *, #1182, .F. ) ;
#1820 = CYLINDRICAL_SURFACE ( 'NONE', #6220, 1.649999999999999911 ) ;
#1821 = CARTESIAN_POINT ( 'NONE',  ( -22.26918877706544109, 22.78519862874332702, 5.642758743516989028 ) ) ;
#1822 = DIRECTION ( 'NONE',  ( 1.000000000000000000, 0.000000000000000000, 0.000000000000000000 ) ) ;
#1823 = FACE_OUTER_BOUND ( 'NONE', #4105, .T. ) ;
#1824 = EDGE_CURVE ( 'NONE', #2799, #1558, #5663, .T. ) ;
#1825 = EDGE_CURVE ( 'NONE', #2914, #2447, #2607, .T. ) ;
#1826 = DIRECTION ( 'NONE',  ( -0.000000000000000000, -0.000000000000000000, -1.000000000000000000 ) ) ;
#1827 = FACE_OUTER_BOUND ( 'NONE', #3291, .T. ) ;
#1828 = FACE_OUTER_BOUND ( 'NONE', #3976, .T. ) ;
#1829 = DIRECTION ( 'NONE',  ( -1.000000000000000000, 0.000000000000000000, 0.000000000000000000 ) ) ;
#1830 = CARTESIAN_POINT ( 'NONE',  ( -26.04215233213452763, 142.7981364108807725, 1.523669489324816162 ) ) ;
#1831 = LINE ( 'NONE', #2864, #57 ) ;
#1832 = DIRECTION ( 'NONE',  ( 1.000000000000000000, 0.000000000000000000, 0.000000000000000000 ) ) ;
#1833 = ORIENTED_EDGE ( 'NONE', *, *, #5402, .T. ) ;
#1834 = ORIENTED_EDGE ( 'NONE', *, *, #652, .T. ) ;
#1835 = EDGE_CURVE ( 'NONE', #3215, #438, #3120, .T. ) ;
#1836 = CARTESIAN_POINT ( 'NONE',  ( -18.17294631277330907, 23.87077930408280935, 1.756783972518284775 ) ) ;
#1837 = CARTESIAN_POINT ( 'NONE',  ( 28.50032732546763015, 159.5697971300818949, 4.858773737974906304 ) ) ;
#1838 = PLANE ( 'NONE',  #2132 ) ;
#1839 = CARTESIAN_POINT ( 'NONE',  ( -17.01123581841147114, 72.57773432605226560, 5.521870778657900658 ) ) ;
#1840 = CARTESIAN_POINT ( 'NONE',  ( -1.219727444046192488E-15, 15.00000000000000178, 15.66690475583125419 ) ) ;
#1841 = TOROIDAL_SURFACE ( 'NONE', #93, 260.6066884401993207, 2.500000000000000000 ) ;
#1842 = ORIENTED_EDGE ( 'NONE', *, *, #3304, .F. ) ;
#1843 = EDGE_CURVE ( 'NONE', #832, #2914, #3192, .T. ) ;
#1844 = CYLINDRICAL_SURFACE ( 'NONE', #3019, 1.499999999999999556 ) ;
#1845 = CARTESIAN_POINT ( 'NONE',  ( -17.00985568025585692, 72.57261043416886537, 15.43457091895199795 ) ) ;
#1846 = ORIENTED_EDGE ( 'NONE', *, *, #4645, .F. ) ;
#1847 = CIRCLE ( 'NONE', #2153, 261.1066884401993207 ) ;
#1848 = CARTESIAN_POINT ( 'NONE',  ( 29.13494726856647077, 137.7033020508630159, 1.043622115584421639 ) ) ;
#1849 = VERTEX_POINT ( 'NONE', #2578 ) ;
#1850 = EDGE_CURVE ( 'NONE', #1739, #5605, #6099, .T. ) ;
#1851 = AXIS2_PLACEMENT_3D ( 'NONE', #4395, #1997, #3483 ) ;
#1852 = CARTESIAN_POINT ( 'NONE',  ( -29.39387691339792852, 6.000000000000777156, 2.432421332704222117 ) ) ;
#1853 = VERTEX_POINT ( 'NONE', #3575 ) ;
#1854 = LINE ( 'NONE', #5806, #5273 ) ;
#1855 = CARTESIAN_POINT ( 'NONE',  ( -14.41737714987807806, 75.00000000000007105, 6.999999999999999112 ) ) ;
#1856 = CARTESIAN_POINT ( 'NONE',  ( -27.56956948959040687, -11.83889533832246599, 5.067703694050130991 ) ) ;
#1857 = CARTESIAN_POINT ( 'NONE',  ( -26.87764195860025396, 2.620211683657281299, 2.726356683963508054 ) ) ;
#1858 = DIRECTION ( 'NONE',  ( 0.000000000000000000, 0.000000000000000000, 1.000000000000000000 ) ) ;
#1859 = CARTESIAN_POINT ( 'NONE',  ( 17.73824133803189440, 125.8041231543550964, 15.43457091895199973 ) ) ;
#1860 = CARTESIAN_POINT ( 'NONE',  ( 16.22899093987517460, 70.11716922170164423, 14.15551151591354184 ) ) ;
#1861 = EDGE_CURVE ( 'NONE', #4478, #3350, #4679, .T. ) ;
#1862 = CARTESIAN_POINT ( 'NONE',  ( 0.9653319468908254652, 97.62971668440488315, 21.00000000000000000 ) ) ;
#1863 = EDGE_CURVE ( 'NONE', #4142, #3215, #1831, .T. ) ;
#1864 = DIRECTION ( 'NONE',  ( 0.5888628737284323789, -0.8082329589569410278, 0.000000000000000000 ) ) ;
#1865 = CARTESIAN_POINT ( 'NONE',  ( -1.734723475976807094E-15, 11.00000000000000178, 15.66690475583125419 ) ) ;
#1866 = ORIENTED_EDGE ( 'NONE', *, *, #5543, .T. ) ;
#1867 = EDGE_LOOP ( 'NONE', ( #419, #2249, #2216, #6290 ) ) ;
#1868 = ORIENTED_EDGE ( 'NONE', *, *, #1167, .F. ) ;
#1869 = CARTESIAN_POINT ( 'NONE',  ( -3.673940397442060756E-15, 150.0000000000000000, 5.500000000000000000 ) ) ;
#1870 = LINE ( 'NONE', #3845, #238 ) ;
#1871 = CARTESIAN_POINT ( 'NONE',  ( 22.31889962375337433, 127.4342378539320464, 3.661915385621561825 ) ) ;
#1872 = ORIENTED_EDGE ( 'NONE', *, *, #5664, .F. ) ;
#1873 = DIRECTION ( 'NONE',  ( -0.000000000000000000, -0.000000000000000000, -1.000000000000000000 ) ) ;
#1874 = FACE_OUTER_BOUND ( 'NONE', #5224, .T. ) ;
#1875 = EDGE_LOOP ( 'NONE', ( #64, #5207, #1191, #888, #2738 ) ) ;
#1876 = CARTESIAN_POINT ( 'NONE',  ( -24.27309597103089089, 161.8573703285158274, 5.071353759655893967 ) ) ;
#1877 = CARTESIAN_POINT ( 'NONE',  ( 22.27569735221403491, 22.77019724029806724, 5.565429081048003823 ) ) ;
#1878 = ORIENTED_EDGE ( 'NONE', *, *, #3910, .F. ) ;
#1879 = EDGE_CURVE ( 'NONE', #642, #6190, #1765, .T. ) ;
#1880 = CARTESIAN_POINT ( 'NONE',  ( 278.1066884401993207, 75.00000000000007105, 20.50000000000387956 ) ) ;
#1881 = ORIENTED_EDGE ( 'NONE', *, *, #5475, .T. ) ;
#1882 = B_SPLINE_CURVE_WITH_KNOTS ( 'NONE', 3,
 ( #984, #6, #4528, #2960 ),
 .UNSPECIFIED., .F., .F.,
 ( 4, 4 ),
 ( 1.319799692004274605E-15, 0.001256315725141144866 ),
 .UNSPECIFIED. ) ;
#1883 = FACE_BOUND ( 'NONE', #4972, .T. ) ;
#1884 = ORIENTED_EDGE ( 'NONE', *, *, #166, .T. ) ;
#1885 = FACE_OUTER_BOUND ( 'NONE', #3186, .T. ) ;
#1886 = EDGE_CURVE ( 'NONE', #732, #2943, #4503, .T. ) ;
#1887 = CARTESIAN_POINT ( 'NONE',  ( -20.46685906572508173, 26.98793278119467942, 14.09087642430117526 ) ) ;
#1888 = CARTESIAN_POINT ( 'NONE',  ( 13.30417245828263795, -26.90668712543366681, 5.246239121822362073 ) ) ;
#1889 = DIRECTION ( 'NONE',  ( -0.000000000000000000, -0.000000000000000000, -1.000000000000000000 ) ) ;
#1890 = AXIS2_PLACEMENT_3D ( 'NONE', #5568, #4166, #3093 ) ;
#1891 = CARTESIAN_POINT ( 'NONE',  ( 29.17183320431693616, 142.9707498817284375, 20.81462122880850529 ) ) ;
#1892 = CARTESIAN_POINT ( 'NONE',  ( -7.825792614798337298E-13, -1.804112415015879378E-13, 0.000000000000000000 ) ) ;
#1893 = CARTESIAN_POINT ( 'NONE',  ( 17.00997526639644875, 72.71369882019277497, 3.664758746068257800 ) ) ;
#1894 = DIRECTION ( 'NONE',  ( -0.8074637002697747645, 0.5883024067539722735, -0.04361938736533609029 ) ) ;
#1895 = CARTESIAN_POINT ( 'NONE',  ( -17.00985568025587114, 77.42738956583123411, 15.43457091895199795 ) ) ;
#1896 = CARTESIAN_POINT ( 'NONE',  ( 0.000000000000000000, 25.00000000000000000, 9.000000000000000000 ) ) ;
#1897 = FACE_OUTER_BOUND ( 'NONE', #3315, .T. ) ;
#1898 = VERTEX_POINT ( 'NONE', #5784 ) ;
#1899 = ORIENTED_EDGE ( 'NONE', *, *, #1987, .F. ) ;
#1900 = CARTESIAN_POINT ( 'NONE',  ( 21.77209955190355117, 23.93450235511843971, 6.356745460413337767 ) ) ;
#1901 = CARTESIAN_POINT ( 'NONE',  ( -28.12144069751736097, 160.4953630623022889, 4.944181473743837429 ) ) ;
#1902 = VECTOR ( 'NONE', #4917, 1000.000000000000000 ) ;
#1903 = CARTESIAN_POINT ( 'NONE',  ( 16.78600405087359348, 78.12727601158094615, 14.69083602415193113 ) ) ;
#1904 = VERTEX_POINT ( 'NONE', #1300 ) ;
#1905 = CARTESIAN_POINT ( 'NONE',  ( 17.96533194689090251, 74.29667784758299831, 0.000000000000000000 ) ) ;
#1906 = EDGE_LOOP ( 'NONE', ( #687, #3092, #6130 ) ) ;
#1907 = CARTESIAN_POINT ( 'NONE',  ( 278.1066884401993207, 75.00000000000007105, 7.000000000000000000 ) ) ;
#1908 = CARTESIAN_POINT ( 'NONE',  ( 21.99286971539128999, 74.99999999999995737, 2.500000000000002220 ) ) ;
#1909 = ORIENTED_EDGE ( 'NONE', *, *, #3750, .F. ) ;
#1910 = ORIENTED_EDGE ( 'NONE', *, *, #3558, .F. ) ;
#1911 = EDGE_CURVE ( 'NONE', #3004, #144, #1388, .T. ) ;
#1912 = ADVANCED_FACE ( 'NONE', ( #5819 ), #2246, .T. ) ;
#1913 = CYLINDRICAL_SURFACE ( 'NONE', #6167, 261.1066884401992638 ) ;
#1914 = CARTESIAN_POINT ( 'NONE',  ( -17.01122097318214088, 72.57933554843654633, 15.49999999999940314 ) ) ;
#1915 = CARTESIAN_POINT ( 'NONE',  ( 3.616294504566644807, 98.35533469903765535, 7.000000000000000000 ) ) ;
#1916 = VERTEX_POINT ( 'NONE', #3280 ) ;
#1917 = EDGE_CURVE ( 'NONE', #3515, #6154, #2311, .T. ) ;
#1918 = AXIS2_PLACEMENT_3D ( 'NONE', #4786, #1403, #5074 ) ;
#1919 = FACE_OUTER_BOUND ( 'NONE', #3669, .T. ) ;
#1920 = VERTEX_POINT ( 'NONE', #3313 ) ;
#1921 = CARTESIAN_POINT ( 'NONE',  ( -25.40961391237402722, 137.9999999999999432, 0.000000000000000000 ) ) ;
#1922 = DIRECTION ( 'NONE',  ( -5.881243339847810484E-18, 0.07394153448179151267, 0.9972625779996349138 ) ) ;
#1923 = CARTESIAN_POINT ( 'NONE',  ( 6.352930904678223634, -29.32380622513793256, 5.061892558093862071 ) ) ;
#1924 =( GEOMETRIC_REPRESENTATION_CONTEXT ( 3 ) GLOBAL_UNCERTAINTY_ASSIGNED_CONTEXT ( ( #5807 ) ) GLOBAL_UNIT_ASSIGNED_CONTEXT ( ( #3197, #4275, #4706 ) ) REPRESENTATION_CONTEXT ( 'NONE', 'WORKASPACE' ) );
#1925 = EDGE_CURVE ( 'NONE', #1306, #2250, #2734, .T. ) ;
#1926 = CARTESIAN_POINT ( 'NONE',  ( 22.39905047270415395, 22.17664689465800620, 21.00000000000000000 ) ) ;
#1927 = CARTESIAN_POINT ( 'NONE',  ( 28.51766891479999444, 140.7035912061458021, 19.69999999999835438 ) ) ;
#1928 = FACE_OUTER_BOUND ( 'NONE', #3651, .T. ) ;
#1929 = CARTESIAN_POINT ( 'NONE',  ( 29.34485690747249720, 143.7641201328788725, 20.34340600579574598 ) ) ;
#1930 = CARTESIAN_POINT ( 'NONE',  ( -1.649999999999987921, 150.0000000000009948, 11.00000000000000178 ) ) ;
#1931 = CARTESIAN_POINT ( 'NONE',  ( 29.48860552748278252, 8.508045151610872381, 1.131011003816684291 ) ) ;
#1932 = CARTESIAN_POINT ( 'NONE',  ( -17.00883327770668885, 77.15193698649592591, 19.16857495140082079 ) ) ;
#1933 = ORIENTED_EDGE ( 'NONE', *, *, #4525, .T. ) ;
#1934 = ADVANCED_FACE ( 'NONE', ( #1335 ), #5883, .F. ) ;
#1935 = CARTESIAN_POINT ( 'NONE',  ( 22.21130524426322594, 22.91866782052756335, 5.826915262933663797 ) ) ;
#1936 = CARTESIAN_POINT ( 'NONE',  ( 26.93956338208702306, 2.089321170479483847, 2.855762774919324176 ) ) ;
#1937 = CARTESIAN_POINT ( 'NONE',  ( 18.17294631277526662, 126.1292206959189173, 19.24321602748177540 ) ) ;
#1938 = AXIS2_PLACEMENT_3D ( 'NONE', #2353, #4367, #4897 ) ;
#1939 = VERTEX_POINT ( 'NONE', #3836 ) ;
#1940 = CARTESIAN_POINT ( 'NONE',  ( -3.673940397442060756E-15, 150.0000000000000000, -117.0000000000000000 ) ) ;
#1941 = CIRCLE ( 'NONE', #5589, 0.9999999999999998890 ) ;
#1942 = ORIENTED_EDGE ( 'NONE', *, *, #3042, .T. ) ;
#1943 = ORIENTED_EDGE ( 'NONE', *, *, #3137, .F. ) ;
#1944 = VECTOR ( 'NONE', #2419, 1000.000000000000227 ) ;
#1945 = AXIS2_PLACEMENT_3D ( 'NONE', #530, #4551, #3504 ) ;
#1946 = CARTESIAN_POINT ( 'NONE',  ( 1.530808498934189352E-14, 150.0000000000009948, 15.66690475583125419 ) ) ;
#1947 = LINE ( 'NONE', #5938, #6197 ) ;
#1948 = TOROIDAL_SURFACE ( 'NONE', #3798, 262.6066884401992638, 1.500000000000000000 ) ;
#1949 = ADVANCED_FACE ( 'NONE', ( #3733 ), #5254, .F. ) ;
#1950 = EDGE_LOOP ( 'NONE', ( #5517, #2159, #1124, #5095 ) ) ;
#1951 = EDGE_CURVE ( 'NONE', #532, #4026, #2517, .T. ) ;
#1952 = CARTESIAN_POINT ( 'NONE',  ( 0.000000000000000000, 25.00000000000000000, 8.000000000000001776 ) ) ;
#1953 = VERTEX_POINT ( 'NONE', #2345 ) ;
#1954 = AXIS2_PLACEMENT_3D ( 'NONE', #780, #5779, #1698 ) ;
#1955 = CARTESIAN_POINT ( 'NONE',  ( 15.22159531471674754, 75.00000000000005684, 5.565429081048006488 ) ) ;
#1956 = DIRECTION ( 'NONE',  ( -0.000000000000000000, -0.000000000000000000, 1.000000000000000000 ) ) ;
#1957 = B_SPLINE_CURVE_WITH_KNOTS ( 'NONE', 3,
 ( #720, #1195, #3655, #2785 ),
 .UNSPECIFIED., .F., .F.,
 ( 4, 4 ),
 ( 0.1002962954097442322, 0.1058474147352417294 ),
 .UNSPECIFIED. ) ;
#1958 = CARTESIAN_POINT ( 'NONE',  ( -15.17579862255016643, 75.00000000000007105, 6.413198129412021053 ) ) ;
#1959 = CARTESIAN_POINT ( 'NONE',  ( 29.76461521083588124, -3.873799704611741390, 4.051065247634459077 ) ) ;
#1960 = CIRCLE ( 'NONE', #4549, 1.649999999999999911 ) ;
#1961 = ORIENTED_EDGE ( 'NONE', *, *, #6006, .T. ) ;
#1962 = CARTESIAN_POINT ( 'NONE',  ( 29.45714957869604333, 142.3247859903422921, 1.383965896116718053 ) ) ;
#1963 = CARTESIAN_POINT ( 'NONE',  ( 29.55174693790585394, 113.3252283187146787, 18.50000000000000355 ) ) ;
#1964 = DIRECTION ( 'NONE',  ( -0.8146562665393508595, -0.5783014062182789683, 0.04361938736533609029 ) ) ;
#1965 = B_SPLINE_CURVE_WITH_KNOTS ( 'NONE', 3,
 ( #3905, #4003, #6414, #480, #5528, #2445, #4431, #6014, #1541, #1043, #566, #4890, #62, #5, #2959, #5499 ),
 .UNSPECIFIED., .F., .F.,
 ( 4, 2, 2, 2, 2, 2, 2, 4 ),
 ( -1.077726513897656344E-05, 0.001802424250770313973, 0.003615625766679604267, 0.005428827282588894777, 0.006335428040543558681, 0.006788728419520891934, 0.007015378609009578943, 0.007242028798498265953 ),
 .UNSPECIFIED. ) ;
#1966 = CARTESIAN_POINT ( 'NONE',  ( 4.330143261882131397E-15, 93.34726414399220573, 14.00000000000000178 ) ) ;
#1967 = CARTESIAN_POINT ( 'NONE',  ( -15.75742720906480443, 26.12245314709464239, 14.36977835846096774 ) ) ;
#1968 = CIRCLE ( 'NONE', #422, 258.1066884401993207 ) ;
#1969 = DIRECTION ( 'NONE',  ( 0.03774298798119875981, 0.9992874795864558068, 0.000000000000000000 ) ) ;
#1970 = CARTESIAN_POINT ( 'NONE',  ( 0.9653319468908421186, 99.03636098923900022, 21.00000000000000000 ) ) ;
#1971 = ORIENTED_EDGE ( 'NONE', *, *, #5653, .T. ) ;
#1972 = DIRECTION ( 'NONE',  ( -0.03774298798119871123, 0.9992874795864558068, -0.000000000000000000 ) ) ;
#1973 = DIRECTION ( 'NONE',  ( 0.5888628737284321568, 0.8082329589569411388, -2.427950995527627963E-18 ) ) ;
#1974 = CARTESIAN_POINT ( 'NONE',  ( 30.37298029332173854, 31.92284821927734839, 3.472982787682674211 ) ) ;
#1975 = CARTESIAN_POINT ( 'NONE',  ( -22.31889962375346670, 127.4342378539322596, 17.33808461438006532 ) ) ;
#1976 = EDGE_CURVE ( 'NONE', #4083, #732, #3513, .T. ) ;
#1977 = CARTESIAN_POINT ( 'NONE',  ( -29.06059694071532462, 6.696190446572119370, 1.664884587727138987 ) ) ;
#1978 = CARTESIAN_POINT ( 'NONE',  ( 29.12570778957955753, -1.100075064986241857, 2.500000000000002220 ) ) ;
#1979 = ORIENTED_EDGE ( 'NONE', *, *, #3456, .F. ) ;
#1980 = ORIENTED_EDGE ( 'NONE', *, *, #2808, .T. ) ;
#1981 = CARTESIAN_POINT ( 'NONE',  ( 29.48860552748278252, 141.4919548483892697, 1.131011003816656535 ) ) ;
#1982 = CARTESIAN_POINT ( 'NONE',  ( -17.00985568025585692, 72.57261043416886537, 15.43457091895199795 ) ) ;
#1983 = ORIENTED_EDGE ( 'NONE', *, *, #4609, .F. ) ;
#1984 = DIRECTION ( 'NONE',  ( -0.5788523453879101943, -0.8154323774776884859, 0.000000000000000000 ) ) ;
#1985 = ORIENTED_EDGE ( 'NONE', *, *, #5949, .F. ) ;
#1986 = ADVANCED_FACE ( 'NONE', ( #4926 ), #2414, .F. ) ;
#1987 = EDGE_CURVE ( 'NONE', #5144, #3004, #4466, .T. ) ;
#1988 = AXIS2_PLACEMENT_3D ( 'NONE', #2410, #4393, #5496 ) ;
#1989 = CARTESIAN_POINT ( 'NONE',  ( 17.72381198230922550, 125.7894715712095035, 5.640669338268945232 ) ) ;
#1990 = FACE_OUTER_BOUND ( 'NONE', #4576, .T. ) ;
#1991 = CARTESIAN_POINT ( 'NONE',  ( -22.26918891884153950, 22.78519830196850293, 15.35724294095301801 ) ) ;
#1992 = APPLICATION_CONTEXT ( 'automotive_design' ) ;
#1993 = EDGE_CURVE ( 'NONE', #6315, #3550, #1793, .T. ) ;
#1994 = EDGE_CURVE ( 'NONE', #2552, #3368, #1965, .T. ) ;
#1995 = CARTESIAN_POINT ( 'NONE',  ( 26.41325623132135192, 155.6154863627851341, 4.326031246579171707 ) ) ;
#1996 = LINE ( 'NONE', #508, #5735 ) ;
#1997 = DIRECTION ( 'NONE',  ( 0.000000000000000000, -0.000000000000000000, -1.000000000000000000 ) ) ;
#1998 = LINE ( 'NONE', #1480, #3455 ) ;
#1999 = LINE ( 'NONE', #3974, #4325 ) ;
#2000 = ORIENTED_EDGE ( 'NONE', *, *, #2272, .T. ) ;
#2001 = AXIS2_PLACEMENT_3D ( 'NONE', #4356, #4956, #3869 ) ;
#2002 = CARTESIAN_POINT ( 'NONE',  ( 22.27751583682012182, 22.76600587838935041, 15.45617669250258253 ) ) ;
#2003 = CARTESIAN_POINT ( 'NONE',  ( -22.35886403800313715, 22.37118165422217686, 19.17141874352343933 ) ) ;
#2004 = CARTESIAN_POINT ( 'NONE',  ( 29.48860552748278252, 8.508045151610872381, 1.131011003816684291 ) ) ;
#2005 = FACE_OUTER_BOUND ( 'NONE', #4106, .T. ) ;
#2006 = CARTESIAN_POINT ( 'NONE',  ( -26.44457161329612305, 11.38263950042848727, 0.2105722157217158608 ) ) ;
#2007 = DIRECTION ( 'NONE',  ( -0.8154323774776895961, -0.5788523453879087510, 0.000000000000000000 ) ) ;
#2008 = ORIENTED_EDGE ( 'NONE', *, *, #5580, .F. ) ;
#2009 = AXIS2_PLACEMENT_3D ( 'NONE', #898, #2322, #2775 ) ;
#2010 = ADVANCED_FACE ( 'NONE', ( #4524 ), #2478, .T. ) ;
#2011 = CARTESIAN_POINT ( 'NONE',  ( 29.55174693790585394, 113.3252283187146787, 18.50000000000000355 ) ) ;
#2012 = CARTESIAN_POINT ( 'NONE',  ( 1.641026710857447199E-14, 159.0000000000009663, 11.00000000000000178 ) ) ;
#2013 = ORIENTED_EDGE ( 'NONE', *, *, #4983, .T. ) ;
#2014 = AXIS2_PLACEMENT_3D ( 'NONE', #3202, #5146, #775 ) ;
#2015 = CARTESIAN_POINT ( 'NONE',  ( 3.469446951953614189E-15, 100.8161682435899991, 5.565429081048002935 ) ) ;
#2016 = ORIENTED_EDGE ( 'NONE', *, *, #1707, .T. ) ;
#2017 = LINE ( 'NONE', #2558, #3586 ) ;
#2018 =( BOUNDED_CURVE ( )  B_SPLINE_CURVE ( 3, ( #5849, #3972, #4925, #1479 ),
 .UNSPECIFIED., .F., .F. ) 
 B_SPLINE_CURVE_WITH_KNOTS ( ( 4, 4 ),
 ( 4.712388980384689674, 6.239552075879727155 ),
 .UNSPECIFIED. ) 
 CURVE ( )  GEOMETRIC_REPRESENTATION_ITEM ( )  RATIONAL_B_SPLINE_CURVE ( ( 1.000000000000000000, 0.8149093080398372990, 0.8149093080398372990, 1.000000000000000000 ) ) 
 REPRESENTATION_ITEM ( '' )  );
#2019 = CARTESIAN_POINT ( 'NONE',  ( 1.816043739957013736, 98.34423545284771251, 14.58680187058797983 ) ) ;
#2020 = EDGE_LOOP ( 'NONE', ( #3216, #4614, #2509, #3680, #5852 ) ) ;
#2021 = CARTESIAN_POINT ( 'NONE',  ( 29.47602644389780835, 141.8250000417744729, 19.89237643775531339 ) ) ;
#2022 = DIRECTION ( 'NONE',  ( -1.000000000000000000, 0.000000000000000000, 0.000000000000000000 ) ) ;
#2023 = DIRECTION ( 'NONE',  ( -1.000000000000000000, 0.000000000000000000, 0.000000000000000000 ) ) ;
#2024 = DIRECTION ( 'NONE',  ( -1.000000000000000000, 0.000000000000000000, 0.000000000000000000 ) ) ;
#2025 = FACE_OUTER_BOUND ( 'NONE', #3473, .T. ) ;
#2026 = EDGE_CURVE ( 'NONE', #5755, #1713, #1164, .T. ) ;
#2027 = CIRCLE ( 'NONE', #5677, 258.1066884401993207 ) ;
#2028 = CARTESIAN_POINT ( 'NONE',  ( 29.37788012121739456, 6.077913950231609519, 20.19841582535159219 ) ) ;
#2029 = EDGE_LOOP ( 'NONE', ( #823, #4771, #2429 ) ) ;
#2030 = DIRECTION ( 'NONE',  ( 1.000000000000000000, 0.000000000000000000, 0.000000000000000000 ) ) ;
#2031 = CARTESIAN_POINT ( 'NONE',  ( 278.1066884401993207, 75.00000000000007105, 2.500000000000002220 ) ) ;
#2032 = DIRECTION ( 'NONE',  ( 0.000000000000000000, 0.000000000000000000, -1.000000000000000000 ) ) ;
#2033 = CARTESIAN_POINT ( 'NONE',  ( 29.60733049092148050, 11.65142027455127405, 19.75494721949090149 ) ) ;
#2034 = PLANE ( 'NONE',  #1412 ) ;
#2035 = CARTESIAN_POINT ( 'NONE',  ( -22.27915728199900158, 22.76038811680079732, 15.49999999999851497 ) ) ;
#2036 = EDGE_CURVE ( 'NONE', #5893, #5170, #1509, .T. ) ;
#2037 = ORIENTED_EDGE ( 'NONE', *, *, #4360, .T. ) ;
#2038 = TOROIDAL_SURFACE ( 'NONE', #2232, 251.4923101625378195, 10.00000000000000000 ) ;
#2039 = CARTESIAN_POINT ( 'NONE',  ( 29.15769139725473735, 136.0521760245747487, 19.71936509369918156 ) ) ;
#2040 = CYLINDRICAL_SURFACE ( 'NONE', #1817, 1.499999999999999556 ) ;
#2041 = ORIENTED_EDGE ( 'NONE', *, *, #1779, .T. ) ;
#2042 = CYLINDRICAL_SURFACE ( 'NONE', #5493, 20.10000000000000142 ) ;
#2043 = ORIENTED_EDGE ( 'NONE', *, *, #5622, .F. ) ;
#2044 = VECTOR ( 'NONE', #3624, 1000.000000000000000 ) ;
#2045 = AXIS2_PLACEMENT_3D ( 'NONE', #2928, #5953, #5360 ) ;
#2046 = CARTESIAN_POINT ( 'NONE',  ( -17.74570713621758600, 24.18863137057414292, 15.47794591730511549 ) ) ;
#2047 = CARTESIAN_POINT ( 'NONE',  ( 1.536681149425001669, 98.34251307381613572, 1.218525657289598163 ) ) ;
#2048 = EDGE_CURVE ( 'NONE', #568, #1679, #1998, .T. ) ;
#2049 = ORIENTED_EDGE ( 'NONE', *, *, #5402, .F. ) ;
#2050 = CARTESIAN_POINT ( 'NONE',  ( 28.12642030999310450, -1.062332077005043285, 3.500000000000002220 ) ) ;
#2051 = CARTESIAN_POINT ( 'NONE',  ( 17.74817186027529559, 125.8131772318449890, 15.49999999999973710 ) ) ;
#2052 = CARTESIAN_POINT ( 'NONE',  ( -16.03466805310923604, 75.70332215241711538, 21.00000000000000000 ) ) ;
#2053 = CIRCLE ( 'NONE', #4334, 261.1066884401992638 ) ;
#2054 = DIRECTION ( 'NONE',  ( -0.000000000000000000, 0.000000000000000000, 1.000000000000000000 ) ) ;
#2055 = PLANE ( 'NONE',  #6178 ) ;
#2056 = CARTESIAN_POINT ( 'NONE',  ( 26.61437827766149766, 75.00000000000007105, -7.499999999999998224 ) ) ;
#2057 = ORIENTED_EDGE ( 'NONE', *, *, #4282, .F. ) ;
#2058 = AXIS2_PLACEMENT_3D ( 'NONE', #2205, #6268, #4713 ) ;
#2059 = ADVANCED_FACE ( 'NONE', ( #2025 ), #3973, .F. ) ;
#2060 = ADVANCED_FACE ( 'NONE', ( #3484 ), #2055, .T. ) ;
#2061 = CARTESIAN_POINT ( 'NONE',  ( 30.25744592032419789, 28.86394751815218029, 5.500000000000003553 ) ) ;
#2062 = CARTESIAN_POINT ( 'NONE',  ( 30.55103441749232118, 113.3629713066958971, 3.500000000000002220 ) ) ;
#2063 = CARTESIAN_POINT ( 'NONE',  ( 29.33406276482213926, 25.24815252954779865, 18.73036128132745048 ) ) ;
#2064 = CARTESIAN_POINT ( 'NONE',  ( -28.55495751878467203, 7.943827572955501459, 1.302767353071962564 ) ) ;
#2065 = CARTESIAN_POINT ( 'NONE',  ( 16.96163847837713945, 72.50643079628423493, 15.43457091895199795 ) ) ;
#2066 = VERTEX_POINT ( 'NONE', #4993 ) ;
#2067 = CARTESIAN_POINT ( 'NONE',  ( -17.00523522941573518, 77.44180491512625508, 5.674319614342415719 ) ) ;
#2068 = CARTESIAN_POINT ( 'NONE',  ( -16.78600871992127352, 78.12726138147634458, 14.69084372294215690 ) ) ;
#2069 = EDGE_LOOP ( 'NONE', ( #3023, #5002, #4575 ) ) ;
#2070 = CARTESIAN_POINT ( 'NONE',  ( 30.00000000000000000, 5.722409996601569700E-15, 3.312032733496141024 ) ) ;
#2071 = ORIENTED_EDGE ( 'NONE', *, *, #2576, .F. ) ;
#2072 = CARTESIAN_POINT ( 'NONE',  ( 28.32186498191641988, 138.8305467761800571, 0.2823492446155123625 ) ) ;
#2073 = ADVANCED_FACE ( 'NONE', ( #537 ), #2535, .F. ) ;
#2074 = VERTEX_POINT ( 'NONE', #5404 ) ;
#2075 = CARTESIAN_POINT ( 'NONE',  ( 15.52224116029399603, 75.00000000000005684, 21.00000000000000000 ) ) ;
#2076 = VERTEX_POINT ( 'NONE', #925 ) ;
#2077 = LINE ( 'NONE', #2047, #4951 ) ;
#2078 = ORIENTED_EDGE ( 'NONE', *, *, #4904, .F. ) ;
#2079 = VERTEX_POINT ( 'NONE', #1931 ) ;
#2080 = B_SPLINE_CURVE_WITH_KNOTS ( 'NONE', 3,
 ( #1291, #5213, #1168, #4183, #3175, #5280, #6201, #1725, #2177, #4214, #1758, #4248, #811, #2300, #1821, #1790 ),
 .UNSPECIFIED., .F., .F.,
 ( 4, 2, 2, 2, 2, 2, 2, 4 ),
 ( -1.184109088559726483E-05, 0.001825696770277276558, 0.003663234631440150622, 0.005500772492603024470, 0.006419541423184459659, 0.006878925888475174652, 0.007108618121120531715, 0.007338310353765887042 ),
 .UNSPECIFIED. ) ;
#2081 = CARTESIAN_POINT ( 'NONE',  ( 29.35449928378278273, 140.3886405214998376, 0.7890271104540049762 ) ) ;
#2082 = ADVANCED_FACE ( 'NONE', ( #5438, #4184, #2149, #3659, #692 ), #1637, .T. ) ;
#2083 = CARTESIAN_POINT ( 'NONE',  ( -17.42802434367148123, 24.50879531789133381, 5.970256240746302012 ) ) ;
#2084 = CARTESIAN_POINT ( 'NONE',  ( 2.960297294911369600E-15, 46.59496372415127752, 7.000000000000000000 ) ) ;
#2085 = DIRECTION ( 'NONE',  ( 0.000000000000000000, 0.000000000000000000, 1.000000000000000000 ) ) ;
#2086 = CARTESIAN_POINT ( 'NONE',  ( 22.11183843749321909, 126.8517680136431522, 14.98908014616934814 ) ) ;
#2087 = CARTESIAN_POINT ( 'NONE',  ( 278.1066884401993207, 75.00000000000007105, 5.500000000000000000 ) ) ;
#2088 = VERTEX_POINT ( 'NONE', #2633 ) ;
#2089 = FACE_OUTER_BOUND ( 'NONE', #4825, .T. ) ;
#2090 = CARTESIAN_POINT ( 'NONE',  ( 48.80872242859229715, 34.64792940963695855, 7.000000000000000000 ) ) ;
#2091 = CARTESIAN_POINT ( 'NONE',  ( -29.48679666558115997, 5.526652975886097607, 18.93473051670606111 ) ) ;
#2092 = B_SPLINE_CURVE_WITH_KNOTS ( 'NONE', 3,
 ( #2606, #2677, #5092, #3637, #5535, #4070, #2640, #3119, #4534, #1073, #1175, #6151, #1605, #2125 ),
 .UNSPECIFIED., .F., .F.,
 ( 4, 2, 2, 2, 2, 2, 4 ),
 ( 3.469446951953614189E-18, 0.0002048914738904646169, 0.0004097829477809257644, 0.0008195658955619172315, 0.001639131791123824488, 0.003278263582247720968, 0.006556527164495511324 ),
 .UNSPECIFIED. ) ;
#2093 = CARTESIAN_POINT ( 'NONE',  ( 3.008173271821897643, 50.80999963383721507, 14.00000000000000178 ) ) ;
#2094 = EDGE_LOOP ( 'NONE', ( #5690, #4260, #6016, #2172 ) ) ;
#2095 = CARTESIAN_POINT ( 'NONE',  ( -17.01123581841151733, 77.42226567394784809, 5.521870778657914869 ) ) ;
#2096 = CARTESIAN_POINT ( 'NONE',  ( 19.99100444264079357, 28.11456156774016435, 14.01778694689473603 ) ) ;
#2097 = ORIENTED_EDGE ( 'NONE', *, *, #410, .F. ) ;
#2098 = ORIENTED_EDGE ( 'NONE', *, *, #3319, .T. ) ;
#2099 = CYLINDRICAL_SURFACE ( 'NONE', #6382, 261.1066884401993207 ) ;
#2100 = CARTESIAN_POINT ( 'NONE',  ( 16.10098698232307513, 69.71076387710402855, 6.903518710641743716 ) ) ;
#2101 = CARTESIAN_POINT ( 'NONE',  ( -3.673940397442060756E-15, 150.0000000000000000, -117.0000000000000000 ) ) ;
#2102 = EDGE_CURVE ( 'NONE', #873, #2996, #466, .T. ) ;
#2103 = ADVANCED_FACE ( 'NONE', ( #4153 ), #1667, .T. ) ;
#2104 = ORIENTED_EDGE ( 'NONE', *, *, #211, .T. ) ;
#2105 = CARTESIAN_POINT ( 'NONE',  ( 29.99105393848227763, 0.7325869634703396915, 21.00000000000000000 ) ) ;
#2106 = AXIS2_PLACEMENT_3D ( 'NONE', #631, #5117, #4063 ) ;
#2107 = ORIENTED_EDGE ( 'NONE', *, *, #5342, .F. ) ;
#2108 = LINE ( 'NONE', #5576, #1309 ) ;
#2109 = CARTESIAN_POINT ( 'NONE',  ( 17.74570713621925933, 24.18863137057176615, 15.47794591730511904 ) ) ;
#2110 = B_SPLINE_CURVE_WITH_KNOTS ( 'NONE', 3,
 ( #3564, #3626, #1633, #4990 ),
 .UNSPECIFIED., .F., .F.,
 ( 4, 4 ),
 ( 1.756530659060385949E-16, 6.679488182493484815E-05 ),
 .UNSPECIFIED. ) ;
#2111 = ORIENTED_EDGE ( 'NONE', *, *, #4197, .T. ) ;
#2112 = EDGE_CURVE ( 'NONE', #4867, #2742, #6043, .T. ) ;
#2113 = FACE_OUTER_BOUND ( 'NONE', #2202, .T. ) ;
#2114 = CARTESIAN_POINT ( 'NONE',  ( -13.50665244752419802, 28.11074788934647017, 6.968805493321896805 ) ) ;
#2115 = CARTESIAN_POINT ( 'NONE',  ( -17.74570713621756468, 24.18863137057415713, 5.522054082694879185 ) ) ;
#2116 = CARTESIAN_POINT ( 'NONE',  ( 29.39387691339797470, 6.000000000000786926, 1.857151321493194507 ) ) ;
#2118 = CARTESIAN_POINT ( 'NONE',  ( 17.01122097318216575, 72.57933554843651791, 15.49999999999851497 ) ) ;
#2117 = B_SPLINE_CURVE_WITH_KNOTS ( 'NONE', 3,
 ( #2579, #2095, #5507, #1488 ),
 .UNSPECIFIED., .F., .F.,
 ( 4, 4 ),
 ( 1.275384284111807156E-15, 6.578796115912119132E-05 ),
 .UNSPECIFIED. ) ;
#2119 = DIRECTION ( 'NONE',  ( 0.000000000000000000, 0.000000000000000000, -1.000000000000000000 ) ) ;
#2120 = ORIENTED_EDGE ( 'NONE', *, *, #4610, .F. ) ;
#2121 = CARTESIAN_POINT ( 'NONE',  ( 23.99918072960906557, 130.0774651082687967, 21.00000000000000000 ) ) ;
#2122 = DIRECTION ( 'NONE',  ( -0.8154323774776776057, 0.5788523453879257374, 0.000000000000000000 ) ) ;
#2123 = LINE ( 'NONE', #2090, #394 ) ;
#2124 = CIRCLE ( 'NONE', #6415, 9.000000000000001776 ) ;
#2125 = CARTESIAN_POINT ( 'NONE',  ( -30.00000000000000355, 150.0000000000116245, 20.56312544678507948 ) ) ;
#2126 = DIRECTION ( 'NONE',  ( 0.8146562665393508595, -0.5783014062182789683, -0.04361938736533609029 ) ) ;
#2127 = CARTESIAN_POINT ( 'NONE',  ( 1.530808498934189352E-14, 150.0000000000009948, 11.00000000000000178 ) ) ;
#2128 = VERTEX_POINT ( 'NONE', #1132 ) ;
#2129 = ORIENTED_EDGE ( 'NONE', *, *, #2750, .T. ) ;
#2130 = ORIENTED_EDGE ( 'NONE', *, *, #6019, .F. ) ;
#2131 = ADVANCED_FACE ( 'NONE', ( #6145 ), #5084, .T. ) ;
#2132 = AXIS2_PLACEMENT_3D ( 'NONE', #796, #5827, #3739 ) ;
#2133 = DIRECTION ( 'NONE',  ( 1.000000000000000000, 0.000000000000000000, 0.000000000000000000 ) ) ;
#2134 = CARTESIAN_POINT ( 'NONE',  ( -8.283315051102000837, -25.70185083868779685, 5.314632686554599417 ) ) ;
#2135 = ORIENTED_EDGE ( 'NONE', *, *, #361, .F. ) ;
#2136 = EDGE_CURVE ( 'NONE', #4779, #3282, #151, .T. ) ;
#2137 = DIRECTION ( 'NONE',  ( -1.000000000000000000, 0.000000000000000000, 0.000000000000000000 ) ) ;
#2138 = ORIENTED_EDGE ( 'NONE', *, *, #1454, .F. ) ;
#2139 = CARTESIAN_POINT ( 'NONE',  ( -17.73824133803189440, 125.8041231543550964, 15.43457091895199795 ) ) ;
#2140 = AXIS2_PLACEMENT_3D ( 'NONE', #4415, #1428, #1464 ) ;
#2141 = CARTESIAN_POINT ( 'NONE',  ( -22.27915728199864631, 127.2396118831974832, 5.500000000002280842 ) ) ;
#2142 = AXIS2_PLACEMENT_3D ( 'NONE', #5526, #4000, #60 ) ;
#2143 = ORIENTED_EDGE ( 'NONE', *, *, #1886, .T. ) ;
#2144 = CARTESIAN_POINT ( 'NONE',  ( -27.00000000000000000, 150.0000000000000000, 3.312032733496089953 ) ) ;
#2145 = CARTESIAN_POINT ( 'NONE',  ( 15.71925978455670680, 68.49221045582014256, 14.00000000000000711 ) ) ;
#2146 = CARTESIAN_POINT ( 'NONE',  ( 2.394058588206442462, 53.36643553659706640, 15.50000000000000178 ) ) ;
#2147 = CIRCLE ( 'NONE', #2877, 1.650000000000015010 ) ;
#2148 = CARTESIAN_POINT ( 'NONE',  ( 278.1066884401993207, 75.00000000000007105, 21.00000000000000000 ) ) ;
#2149 = FACE_BOUND ( 'NONE', #3496, .T. ) ;
#2150 = DIRECTION ( 'NONE',  ( 1.000000000000000000, 0.000000000000000000, 0.000000000000000000 ) ) ;
#2151 = CARTESIAN_POINT ( 'NONE',  ( 30.19288912431097316, 27.15473472317064818, 3.336418043618860185 ) ) ;
#2152 = CARTESIAN_POINT ( 'NONE',  ( 29.57579986333301392, 139.1833880717102261, 1.629405478775470817 ) ) ;
#2153 = AXIS2_PLACEMENT_3D ( 'NONE', #443, #506, #2894 ) ;
#2154 = CARTESIAN_POINT ( 'NONE',  ( -30.00000000000049027, 1.054338720657485018, 20.35434052640156821 ) ) ;
#2155 = DIRECTION ( 'NONE',  ( -1.000000000000000000, 0.000000000000000000, 0.000000000000000000 ) ) ;
#2156 = CARTESIAN_POINT ( 'NONE',  ( 22.27569735221361569, 127.2298027597001635, 15.43457091895199795 ) ) ;
#2157 = ORIENTED_EDGE ( 'NONE', *, *, #2591, .F. ) ;
#2158 = ORIENTED_EDGE ( 'NONE', *, *, #3509, .F. ) ;
#2159 = ORIENTED_EDGE ( 'NONE', *, *, #3802, .T. ) ;
#2160 = CIRCLE ( 'NONE', #3076, 1.000000000000000888 ) ;
#2161 = B_SPLINE_CURVE_WITH_KNOTS ( 'NONE', 3,
 ( #2661, #1285, #4774, #2141 ),
 .UNSPECIFIED., .F., .F.,
 ( 4, 4 ),
 ( 0.000000000000000000, 6.625069557663131146E-05 ),
 .UNSPECIFIED. ) ;
#2162 = PLANE ( 'NONE',  #847 ) ;
#2163 = CARTESIAN_POINT ( 'NONE',  ( 31.98574451125584517, 75.37742987981194176, 2.500000000000002220 ) ) ;
#2164 = EDGE_CURVE ( 'NONE', #4379, #532, #216, .T. ) ;
#2165 = CARTESIAN_POINT ( 'NONE',  ( 2.225376092559711250, -26.91177625193111211, 5.244835349758142584 ) ) ;
#2166 = VECTOR ( 'NONE', #3325, 1000.000000000000000 ) ;
#2167 = ORIENTED_EDGE ( 'NONE', *, *, #2418, .F. ) ;
#2168 = DIRECTION ( 'NONE',  ( -0.000000000000000000, 0.000000000000000000, 1.000000000000000000 ) ) ;
#2169 = ORIENTED_EDGE ( 'NONE', *, *, #4670, .T. ) ;
#2170 = CARTESIAN_POINT ( 'NONE',  ( 0.000000000000000000, 0.000000000000000000, 11.00000000000000178 ) ) ;
#2171 = DIRECTION ( 'NONE',  ( -1.000000000000000000, 0.000000000000000000, 0.000000000000000000 ) ) ;
#2172 = ORIENTED_EDGE ( 'NONE', *, *, #956, .F. ) ;
#2173 = EDGE_CURVE ( 'NONE', #1531, #1339, #255, .T. ) ;
#2174 = EDGE_CURVE ( 'NONE', #5692, #1077, #5119, .T. ) ;
#2175 = CARTESIAN_POINT ( 'NONE',  ( -0.9739307408649072739, 52.35832700682897922, 0.000000000000000000 ) ) ;
#2176 = DIRECTION ( 'NONE',  ( -1.000000000000000000, 0.000000000000000000, 0.000000000000000000 ) ) ;
#2177 = CARTESIAN_POINT ( 'NONE',  ( -21.88839194796197773, 23.66493134703905099, 6.266854654223811494 ) ) ;
#2178 = CARTESIAN_POINT ( 'NONE',  ( -22.27868256395716529, 127.2372870966964911, 15.47804427495760748 ) ) ;
#2179 = CARTESIAN_POINT ( 'NONE',  ( -3.616294504566651913, 98.35533469903765535, 7.000000000000000000 ) ) ;
#2180 = ADVANCED_FACE ( 'NONE', ( #1696 ), #2668, .F. ) ;
#2181 = EDGE_CURVE ( 'NONE', #1465, #1439, #4247, .T. ) ;
#2182 = CARTESIAN_POINT ( 'NONE',  ( 5.284961553826259539, 26.47797101810921561, 6.710101212566237372 ) ) ;
#2183 = DIRECTION ( 'NONE',  ( 1.000000000000000000, 0.000000000000000000, 0.000000000000000000 ) ) ;
#2184 = CARTESIAN_POINT ( 'NONE',  ( 13.50822588633135801, 28.11220155591990988, 6.974204889095894977 ) ) ;
#2185 = CARTESIAN_POINT ( 'NONE',  ( 30.55103441749232118, 113.3629713066958971, 3.500000000000002220 ) ) ;
#2186 = DIRECTION ( 'NONE',  ( 0.5788523453879101943, -0.8154323774776885969, 3.472733394097494846E-18 ) ) ;
#2187 = DIRECTION ( 'NONE',  ( -0.8074637002697746535, 0.5883024067539724955, -0.04361938736533609723 ) ) ;
#2188 = ORIENTED_EDGE ( 'NONE', *, *, #986, .F. ) ;
#2189 = VERTEX_POINT ( 'NONE', #1568 ) ;
#2190 = EDGE_LOOP ( 'NONE', ( #4995, #2049, #1410, #4111, #2008, #4074 ) ) ;
#2191 = EDGE_CURVE ( 'NONE', #6406, #3515, #6110, .T. ) ;
#2192 = DIRECTION ( 'NONE',  ( -0.5788523453879270697, -0.8154323774776766065, -0.000000000000000000 ) ) ;
#2193 = CARTESIAN_POINT ( 'NONE',  ( 15.59117595168156711, 81.91943035363360082, 14.00000000000000178 ) ) ;
#2194 =( BOUNDED_CURVE ( )  B_SPLINE_CURVE ( 3, ( #3420, #1893, #477, #3 ),
 .UNSPECIFIED., .F., .T. ) 
 B_SPLINE_CURVE_WITH_KNOTS ( ( 4, 4 ),
 ( 5.644263197908661489, 5.645807038478351636 ),
 .UNSPECIFIED. ) 
 CURVE ( )  GEOMETRIC_REPRESENTATION_ITEM ( )  RATIONAL_B_SPLINE_CURVE ( ( 1.000000000000000000, 0.9999998013797011254, 0.9999998013797011254, 1.000000000000000000 ) ) 
 REPRESENTATION_ITEM ( '' )  );
#2195 = VECTOR ( 'NONE', #858, 1000.000000000000000 ) ;
#2196 = CARTESIAN_POINT ( 'NONE',  ( 20.39954221699724712, -17.77602931121139207, 5.416427949487362170 ) ) ;
#2197 = EDGE_LOOP ( 'NONE', ( #4585, #123, #1360, #3943 ) ) ;
#2198 = PLANE ( 'NONE',  #3474 ) ;
#2199 = ORIENTED_EDGE ( 'NONE', *, *, #2927, .F. ) ;
#2200 = LINE ( 'NONE', #2692, #1747 ) ;
#2201 = CARTESIAN_POINT ( 'NONE',  ( 29.51695639438647945, 140.7413341941261820, 19.69999999999816609 ) ) ;
#2202 = EDGE_LOOP ( 'NONE', ( #5492, #71, #2098, #1314 ) ) ;
#2203 = CARTESIAN_POINT ( 'NONE',  ( 24.18677324489565095, 138.0000000000000000, 1.387778780781445676E-14 ) ) ;
#2204 = CYLINDRICAL_SURFACE ( 'NONE', #4530, 1.499999999999998446 ) ;
#2205 = CARTESIAN_POINT ( 'NONE',  ( -3.673940397442060756E-15, 150.0000000000000000, 21.00000000000000000 ) ) ;
#2206 = CARTESIAN_POINT ( 'NONE',  ( 28.82110089920450591, 139.4901979930418179, 0.5000000000000639488 ) ) ;
#2207 = CARTESIAN_POINT ( 'NONE',  ( -278.1066884401993207, 75.00000000000000000, 7.000000000000000000 ) ) ;
#2208 = CARTESIAN_POINT ( 'NONE',  ( -3.167675655517165900, 26.81510112149259939, 4.189704847316815695 ) ) ;
#2209 = CARTESIAN_POINT ( 'NONE',  ( -278.1066884401993207, 75.00000000000000000, 7.000000000000000000 ) ) ;
#2210 = EDGE_CURVE ( 'NONE', #3625, #2971, #5457, .T. ) ;
#2211 = CARTESIAN_POINT ( 'NONE',  ( 22.39905047270378091, 127.8233531053402885, 21.00000000000000000 ) ) ;
#2212 = EDGE_CURVE ( 'NONE', #2610, #3569, #6070, .T. ) ;
#2213 = DIRECTION ( 'NONE',  ( -0.000000000000000000, -0.000000000000000000, 1.000000000000000000 ) ) ;
#2214 = DIRECTION ( 'NONE',  ( -1.000000000000000000, 0.000000000000000000, -0.000000000000000000 ) ) ;
#2215 = ADVANCED_FACE ( 'NONE', ( #4288 ), #5868, .F. ) ;
#2216 = ORIENTED_EDGE ( 'NONE', *, *, #5855, .F. ) ;
#2217 = ORIENTED_EDGE ( 'NONE', *, *, #2973, .F. ) ;
#2218 = ORIENTED_EDGE ( 'NONE', *, *, #5942, .T. ) ;
#2219 = CARTESIAN_POINT ( 'NONE',  ( 7.805630564515307235, 179.0335083639146774, 5.087727578835779418 ) ) ;
#2220 = CARTESIAN_POINT ( 'NONE',  ( 16.48109934823603240, 79.08594812033423693, 14.33525549329491788 ) ) ;
#2221 = ORIENTED_EDGE ( 'NONE', *, *, #2750, .F. ) ;
#2222 = CARTESIAN_POINT ( 'NONE',  ( -22.98169331322653264, -14.17883530606826170, 5.244462593437977382 ) ) ;
#2223 = VERTEX_POINT ( 'NONE', #4849 ) ;
#2224 = ORIENTED_EDGE ( 'NONE', *, *, #4687, .T. ) ;
#2225 = AXIS2_PLACEMENT_3D ( 'NONE', #1892, #3868, #5284 ) ;
#2226 = DIRECTION ( 'NONE',  ( 0.000000000000000000, 0.000000000000000000, -1.000000000000000000 ) ) ;
#2227 =( BOUNDED_CURVE ( )  B_SPLINE_CURVE ( 3, ( #6416, #2995, #1932, #5440 ),
 .UNSPECIFIED., .F., .F. ) 
 B_SPLINE_CURVE_WITH_KNOTS ( ( 4, 4 ),
 ( 5.644263197908661489, 5.645807038478350748 ),
 .UNSPECIFIED. ) 
 CURVE ( )  GEOMETRIC_REPRESENTATION_ITEM ( )  RATIONAL_B_SPLINE_CURVE ( ( 1.000000000000000000, 0.9999998013797011254, 0.9999998013797011254, 1.000000000000000000 ) ) 
 REPRESENTATION_ITEM ( '' )  );
#2228 = ORIENTED_EDGE ( 'NONE', *, *, #3407, .T. ) ;
#2229 = DIRECTION ( 'NONE',  ( -0.000000000000000000, 0.000000000000000000, 1.000000000000000000 ) ) ;
#2230 = LINE ( 'NONE', #6230, #5265 ) ;
#2231 = ORIENTED_EDGE ( 'NONE', *, *, #3456, .T. ) ;
#2232 = AXIS2_PLACEMENT_3D ( 'NONE', #2608, #3576, #5159 ) ;
#2233 = DIRECTION ( 'NONE',  ( -0.5788523453879101943, -0.8154323774776884859, -0.000000000000000000 ) ) ;
#2234 = CARTESIAN_POINT ( 'NONE',  ( 15.75739066140023681, 26.12248719988498635, 14.36976913303581860 ) ) ;
#2235 = EDGE_CURVE ( 'NONE', #5238, #6351, #3031, .T. ) ;
#2236 = DIRECTION ( 'NONE',  ( 0.000000000000000000, -0.000000000000000000, -1.000000000000000000 ) ) ;
#2237 = CARTESIAN_POINT ( 'NONE',  ( -4.907548677185912034, -29.60001373745820530, 5.037169177137784892 ) ) ;
#2238 = DIRECTION ( 'NONE',  ( 1.000000000000000000, -0.000000000000000000, -0.000000000000000000 ) ) ;
#2239 = AXIS2_PLACEMENT_3D ( 'NONE', #5471, #4827, #959 ) ;
#2240 = AXIS2_PLACEMENT_3D ( 'NONE', #3303, #5907, #2435 ) ;
#2241 = CARTESIAN_POINT ( 'NONE',  ( 0.6687939686106670889, 26.99372396689702214, 3.279261641966086938 ) ) ;
#2242 = CARTESIAN_POINT ( 'NONE',  ( -17.72381222518951205, 125.7894718178304601, 15.35933192820305671 ) ) ;
#2243 = VECTOR ( 'NONE', #63, 1000.000000000000000 ) ;
#2244 = CARTESIAN_POINT ( 'NONE',  ( -20.46681754848340873, 123.0119692737214763, 6.909132442138615104 ) ) ;
#2245 = CARTESIAN_POINT ( 'NONE',  ( 29.84031970721578730, 132.1799317416183044, 2.000661220176674249 ) ) ;
#2246 = CYLINDRICAL_SURFACE ( 'NONE', #5021, 30.00000000000000000 ) ;
#2247 = CYLINDRICAL_SURFACE ( 'NONE', #1741, 1.500000000000003553 ) ;
#2248 = EDGE_LOOP ( 'NONE', ( #224, #3952, #317, #5373 ) ) ;
#2249 = ORIENTED_EDGE ( 'NONE', *, *, #3803, .F. ) ;
#2250 = VERTEX_POINT ( 'NONE', #5354 ) ;
#2251 = EDGE_CURVE ( 'NONE', #4538, #3541, #352, .T. ) ;
#2252 = ADVANCED_FACE ( 'NONE', ( #3235 ), #4705, .F. ) ;
#2253 = CARTESIAN_POINT ( 'NONE',  ( 15.89540167673635729, 175.4616977548642467, 5.328134863803649424 ) ) ;
#2254 = CARTESIAN_POINT ( 'NONE',  ( 16.94888107761816443, 77.61773009394963196, 5.942975670437323110 ) ) ;
#2255 = EDGE_LOOP ( 'NONE', ( #3881, #1833, #946, #1881 ) ) ;
#2256 = CARTESIAN_POINT ( 'NONE',  ( 7.009195770815305870, -26.08946864890876327, 5.294148881697276821 ) ) ;
#2257 = AXIS2_PLACEMENT_3D ( 'NONE', #4855, #6346, #6413 ) ;
#2258 = ORIENTED_EDGE ( 'NONE', *, *, #5091, .F. ) ;
#2259 = CARTESIAN_POINT ( 'NONE',  ( -20.39208097389240848, 167.7843387070586232, 5.416631157692688880 ) ) ;
#2260 = CIRCLE ( 'NONE', #2058, 30.00000000000015987 ) ;
#2261 = FILL_AREA_STYLE ('',( #2811 ) ) ;
#2262 = EDGE_LOOP ( 'NONE', ( #6222, #5821, #4117, #761 ) ) ;
#2263 = CARTESIAN_POINT ( 'NONE',  ( -18.17294631277329842, 23.87077930408282000, 19.24321602748167948 ) ) ;
#2264 = CARTESIAN_POINT ( 'NONE',  ( 30.55103441749232118, 113.3629713066958828, 17.50000000000000355 ) ) ;
#2265 = ORIENTED_EDGE ( 'NONE', *, *, #3161, .F. ) ;
#2266 = B_SPLINE_CURVE_WITH_KNOTS ( 'NONE', 3,
 ( #3760, #5780, #1332, #5217 ),
 .UNSPECIFIED., .F., .F.,
 ( 4, 4 ),
 ( 5.070150408454080412E-16, 6.625069557894564941E-05 ),
 .UNSPECIFIED. ) ;
#2267 = CARTESIAN_POINT ( 'NONE',  ( 26.93956338208780110, 147.9106788295204353, 2.855762774919234470 ) ) ;
#2268 = CARTESIAN_POINT ( 'NONE',  ( 17.73824133803177006, 24.19587684564405095, 15.43457091895199795 ) ) ;
#2269 = CARTESIAN_POINT ( 'NONE',  ( -2.325087137846783405E-17, 54.10787796254885507, 5.565429081048004711 ) ) ;
#2270 = CARTESIAN_POINT ( 'NONE',  ( -17.00985568025585692, 72.57261043416886537, 15.43457091895199795 ) ) ;
#2271 = DIRECTION ( 'NONE',  ( 0.5888628737284321568, -0.8082329589569411388, 0.000000000000000000 ) ) ;
#2272 = EDGE_CURVE ( 'NONE', #5660, #1119, #5139, .T. ) ;
#2273 = CARTESIAN_POINT ( 'NONE',  ( -4.618437682935279120, 26.60294853563857131, 5.558650379475490233 ) ) ;
#2274 = CARTESIAN_POINT ( 'NONE',  ( 0.000000000000000000, 49.61137521592316801, 21.10289866929397107 ) ) ;
#2275 = CARTESIAN_POINT ( 'NONE',  ( -22.21130330065778935, 127.0813276963712610, 5.826919959413889849 ) ) ;
#2276 = CARTESIAN_POINT ( 'NONE',  ( -1.067198960817128213E-15, 49.18383175641007199, 5.565429081048003823 ) ) ;
#2277 = CARTESIAN_POINT ( 'NONE',  ( 22.11183843749324041, 126.8517680136431522, 6.010919853830658077 ) ) ;
#2278 = CARTESIAN_POINT ( 'NONE',  ( 17.74817186027517835, 24.18682276815415122, 5.500000000000171418 ) ) ;
#2279 = EDGE_LOOP ( 'NONE', ( #21, #3886, #1619, #2802 ) ) ;
#2280 = VERTEX_POINT ( 'NONE', #1618 ) ;
#2281 = EDGE_LOOP ( 'NONE', ( #1126, #36, #1556, #5793 ) ) ;
#2282 = AXIS2_PLACEMENT_3D ( 'NONE', #6242, #3274, #2183 ) ;
#2283 = DIRECTION ( 'NONE',  ( -0.000000000000000000, -0.000000000000000000, -1.000000000000000000 ) ) ;
#2284 = CARTESIAN_POINT ( 'NONE',  ( 34.78312208934865168, 1.313755036248577257, 3.500000000000002220 ) ) ;
#2285 = ORIENTED_EDGE ( 'NONE', *, *, #3657, .F. ) ;
#2286 = CARTESIAN_POINT ( 'NONE',  ( -25.31310388499658259, -9.434962269347943575, 4.830424035536698746 ) ) ;
#2287 = DIRECTION ( 'NONE',  ( -1.000000000000000000, 0.000000000000000000, 0.000000000000000000 ) ) ;
#2288 = ORIENTED_EDGE ( 'NONE', *, *, #5466, .F. ) ;
#2289 = CARTESIAN_POINT ( 'NONE',  ( -7.004738622546098803, 176.0907534561499403, 5.294079422027597737 ) ) ;
#2290 = VECTOR ( 'NONE', #892, 1000.000000000000000 ) ;
#2291 = EDGE_CURVE ( 'NONE', #3589, #1916, #4807, .T. ) ;
#2292 = EDGE_CURVE ( 'NONE', #6315, #3397, #4353, .T. ) ;
#2293 = CARTESIAN_POINT ( 'NONE',  ( 2.571073631240465396, 98.34889050580416381, 6.999999999999999112 ) ) ;
#2294 = EDGE_LOOP ( 'NONE', ( #4905, #6417 ) ) ;
#2295 = VERTEX_POINT ( 'NONE', #975 ) ;
#2296 = CIRCLE ( 'NONE', #2001, 257.4923101625349773 ) ;
#2297 = CYLINDRICAL_SURFACE ( 'NONE', #2014, 1.499999999999996225 ) ;
#2298 = VERTEX_POINT ( 'NONE', #1398 ) ;
#2299 = CARTESIAN_POINT ( 'NONE',  ( -1.770451845801047863, 51.65604563891330514, 15.43457091895199973 ) ) ;
#2300 = CARTESIAN_POINT ( 'NONE',  ( -22.25210838854869166, 22.82456869985773551, 5.710500577941355793 ) ) ;
#2301 = CARTESIAN_POINT ( 'NONE',  ( -1.734723475976807094E-15, 11.00000000000000178, 11.00000000000000178 ) ) ;
#2302 = EDGE_CURVE ( 'NONE', #4311, #1051, #52, .T. ) ;
#2303 = CARTESIAN_POINT ( 'NONE',  ( -27.00000000000078515, -1.779217859863853788E-13, 3.312032733496182768 ) ) ;
#2304 = VECTOR ( 'NONE', #4608, 1000.000000000000000 ) ;
#2305 = CARTESIAN_POINT ( 'NONE',  ( 3.441499254663113572, 26.78100878308124422, 4.381607012957074332 ) ) ;
#2306 = LINE ( 'NONE', #1441, #879 ) ;
#2307 = DIRECTION ( 'NONE',  ( -0.5888628737284321568, -0.8082329589569411388, -0.000000000000000000 ) ) ;
#2308 = CARTESIAN_POINT ( 'NONE',  ( 17.33014836183727425, 24.60656420234175812, 6.032831411628110985 ) ) ;
#2309 = VECTOR ( 'NONE', #6366, 1000.000000000000000 ) ;
#2310 = CARTESIAN_POINT ( 'NONE',  ( 30.10349734147029110, 125.2120119004697898, 3.227807773525541712 ) ) ;
#2311 = LINE ( 'NONE', #1269, #4499 ) ;
#2312 = EDGE_CURVE ( 'NONE', #6134, #1427, #138, .T. ) ;
#2313 = EDGE_CURVE ( 'NONE', #5885, #5567, #2953, .T. ) ;
#2314 = LINE ( 'NONE', #4857, #6330 ) ;
#2315 = ORIENTED_EDGE ( 'NONE', *, *, #713, .T. ) ;
#2316 = VERTEX_POINT ( 'NONE', #3445 ) ;
#2317 = ORIENTED_EDGE ( 'NONE', *, *, #6045, .F. ) ;
#2318 = CARTESIAN_POINT ( 'NONE',  ( -22.21736839837650734, 16.18714413556630305, 7.000000000000000000 ) ) ;
#2319 = CYLINDRICAL_SURFACE ( 'NONE', #4942, 1.650000000000003242 ) ;
#2320 = VERTEX_POINT ( 'NONE', #6403 ) ;
#2321 = ADVANCED_FACE ( 'NONE', ( #3554 ), #5570, .F. ) ;
#2322 = DIRECTION ( 'NONE',  ( 0.000000000000000000, 0.000000000000000000, -1.000000000000000000 ) ) ;
#2323 = CARTESIAN_POINT ( 'NONE',  ( -1.650000000000001688, 15.00000000000000178, 11.00000000000000178 ) ) ;
#2324 = ORIENTED_EDGE ( 'NONE', *, *, #4492, .T. ) ;
#2325 = CARTESIAN_POINT ( 'NONE',  ( 22.74783890122289520, 164.5510915795648827, 5.267503345080478461 ) ) ;
#2326 = DIRECTION ( 'NONE',  ( 1.000000000000000000, 0.000000000000000000, 0.000000000000000000 ) ) ;
#2327 = EDGE_LOOP ( 'NONE', ( #2129, #1493, #2224, #855, #4732 ) ) ;
#2328 = VECTOR ( 'NONE', #849, 1000.000000000000000 ) ;
#2329 = DIRECTION ( 'NONE',  ( 0.03774298798119719162, 0.9992874795864556958, 0.000000000000000000 ) ) ;
#2330 = ORIENTED_EDGE ( 'NONE', *, *, #4154, .F. ) ;
#2331 = EDGE_CURVE ( 'NONE', #1939, #832, #2621, .T. ) ;
#2332 = CARTESIAN_POINT ( 'NONE',  ( 17.33014836183738439, 125.3934357976574034, 6.032831411628107432 ) ) ;
#2333 = ORIENTED_EDGE ( 'NONE', *, *, #897, .T. ) ;
#2334 = DIRECTION ( 'NONE',  ( 0.5788523453879270697, -0.8154323774776764955, -3.475358822216074088E-18 ) ) ;
#2335 = DIRECTION ( 'NONE',  ( 0.5788523453879101943, 0.8154323774776884859, 0.000000000000000000 ) ) ;
#2336 = CARTESIAN_POINT ( 'NONE',  ( 278.1066884401993207, 75.00000000000007105, 21.00000000000000000 ) ) ;
#2337 = DIRECTION ( 'NONE',  ( 0.03774298798119706672, 0.9992874795864556958, -0.000000000000000000 ) ) ;
#2338 = VECTOR ( 'NONE', #4758, 1000.000000000000000 ) ;
#2339 = CARTESIAN_POINT ( 'NONE',  ( 17.01122097318217996, 77.42066445156365262, 5.500000000001391776 ) ) ;
#2340 = FACE_OUTER_BOUND ( 'NONE', #3603, .T. ) ;
#2341 = CARTESIAN_POINT ( 'NONE',  ( 16.60495145326133581, 71.30419824976878829, 14.45420165068920504 ) ) ;
#2342 = CARTESIAN_POINT ( 'NONE',  ( 1.770451845801049640, 51.65604563891329803, 15.43457091895199795 ) ) ;
#2343 = B_SPLINE_CURVE_WITH_KNOTS ( 'NONE', 3,
 ( #6373, #5433, #3935, #5845, #2858, #1891, #2924, #4921 ),
 .UNSPECIFIED., .F., .F.,
 ( 4, 2, 2, 4 ),
 ( 2.797157557069881010E-17, 0.003811886014641864551, 0.005717829021962783816, 0.007623772029283703081 ),
 .UNSPECIFIED. ) ;
#2344 = DIRECTION ( 'NONE',  ( -1.000000000000000000, 0.000000000000000000, 0.000000000000000000 ) ) ;
#2345 = CARTESIAN_POINT ( 'NONE',  ( -29.50649404246214047, 144.5808848211035240, 2.015263027388628281 ) ) ;
#2346 = AXIS2_PLACEMENT_3D ( 'NONE', #2523, #3989, #4022 ) ;
#2347 = CARTESIAN_POINT ( 'NONE',  ( -6.208744310275228838E-15, 103.4050362758487296, 14.00000000000000178 ) ) ;
#2348 = EDGE_LOOP ( 'NONE', ( #3247, #383, #178, #2078 ) ) ;
#2349 = AXIS2_PLACEMENT_3D ( 'NONE', #4429, #2443, #2377 ) ;
#2350 = ORIENTED_EDGE ( 'NONE', *, *, #1432, .F. ) ;
#2351 = ORIENTED_EDGE ( 'NONE', *, *, #5153, .F. ) ;
#2352 = ADVANCED_FACE ( 'NONE', ( #5262 ), #3618, .T. ) ;
#2353 = CARTESIAN_POINT ( 'NONE',  ( -0.9653319468908421186, 99.03636098923900022, 21.00000000000000000 ) ) ;
#2354 = CARTESIAN_POINT ( 'NONE',  ( -12.41744566311254516, 177.3270383307762756, 5.218214851385740261 ) ) ;
#2355 = CARTESIAN_POINT ( 'NONE',  ( 16.60494366232716601, 78.69582625659595010, 14.45419318771108230 ) ) ;
#2356 = ORIENTED_EDGE ( 'NONE', *, *, #4841, .T. ) ;
#2357 = CARTESIAN_POINT ( 'NONE',  ( -27.00000000000078515, -1.733876916769035548, 3.676187363596971291 ) ) ;
#2358 = CYLINDRICAL_SURFACE ( 'NONE', #2671, 20.10000000000000142 ) ;
#2359 = AXIS2_PLACEMENT_3D ( 'NONE', #3660, #5118, #6173 ) ;
#2360 = VERTEX_POINT ( 'NONE', #5637 ) ;
#2361 = EDGE_CURVE ( 'NONE', #3737, #1585, #4671, .T. ) ;
#2362 = CARTESIAN_POINT ( 'NONE',  ( 0.8938477783645136787, 176.9888700934191945, 5.239886827640960476 ) ) ;
#2363 = CIRCLE ( 'NONE', #6028, 26.99999999999999645 ) ;
#2364 = EDGE_LOOP ( 'NONE', ( #791, #2708, #733, #5733 ) ) ;
#2365 = DIRECTION ( 'NONE',  ( -0.000000000000000000, 0.000000000000000000, 1.000000000000000000 ) ) ;
#2366 = ORIENTED_EDGE ( 'NONE', *, *, #4118, .F. ) ;
#2367 = ORIENTED_EDGE ( 'NONE', *, *, #3240, .T. ) ;
#2368 = CIRCLE ( 'NONE', #6032, 1.650000000000000355 ) ;
#2369 = FACE_BOUND ( 'NONE', #558, .T. ) ;
#2370 = VERTEX_POINT ( 'NONE', #4235 ) ;
#2371 = DIRECTION ( 'NONE',  ( 1.000000000000000000, 0.000000000000000000, 0.000000000000000000 ) ) ;
#2372 = CARTESIAN_POINT ( 'NONE',  ( -21.88840209280903437, 23.66490785657144968, 14.73315465446989236 ) ) ;
#2373 = CARTESIAN_POINT ( 'NONE',  ( -26.95199381682408557, -13.18462481485686588, 5.176251241897766420 ) ) ;
#2374 = DIRECTION ( 'NONE',  ( -0.000000000000000000, -0.000000000000000000, -1.000000000000000000 ) ) ;
#2375 = FACE_OUTER_BOUND ( 'NONE', #5704, .T. ) ;
#2376 = CARTESIAN_POINT ( 'NONE',  ( -1.770451845801048307, 51.65604563891329803, 5.565429081048003823 ) ) ;
#2377 = DIRECTION ( 'NONE',  ( 1.000000000000000000, 0.000000000000000000, 0.000000000000000000 ) ) ;
#2378 = DIRECTION ( 'NONE',  ( 1.000000000000000000, 0.000000000000000000, 0.000000000000000000 ) ) ;
#2379 = CARTESIAN_POINT ( 'NONE',  ( 22.26918891884121265, 127.2148016980298735, 5.642757059046997092 ) ) ;
#2380 = EDGE_CURVE ( 'NONE', #6134, #5310, #1658, .T. ) ;
#2381 = EDGE_CURVE ( 'NONE', #400, #2609, #6331, .T. ) ;
#2382 = CARTESIAN_POINT ( 'NONE',  ( 27.31900578275833524, 11.92408540276773898, 0.02616413864354070681 ) ) ;
#2383 = ORIENTED_EDGE ( 'NONE', *, *, #107, .F. ) ;
#2384 = VERTEX_POINT ( 'NONE', #6357 ) ;
#2385 = ORIENTED_EDGE ( 'NONE', *, *, #3041, .T. ) ;
#2386 = PLANE ( 'NONE',  #1938 ) ;
#2387 = ORIENTED_EDGE ( 'NONE', *, *, #3129, .F. ) ;
#2388 = CARTESIAN_POINT ( 'NONE',  ( 29.53207871843879317, 9.659046112151120411, 1.398165638551315482 ) ) ;
#2389 = LINE ( 'NONE', #6388, #5708 ) ;
#2390 = ORIENTED_EDGE ( 'NONE', *, *, #5512, .T. ) ;
#2391 = CARTESIAN_POINT ( 'NONE',  ( 21.85317580034680418, 131.6008532160110747, 15.43457091895199973 ) ) ;
#2392 = CARTESIAN_POINT ( 'NONE',  ( 278.1066884401993207, 75.00000000000007105, 18.50000000000000355 ) ) ;
#2393 = EDGE_CURVE ( 'NONE', #2320, #2751, #3812, .T. ) ;
#2394 = EDGE_LOOP ( 'NONE', ( #1215, #5661 ) ) ;
#2395 = CARTESIAN_POINT ( 'NONE',  ( 1.734723475976807094E-15, 101.9390722659946675, 7.000000000000003553 ) ) ;
#2396 = CARTESIAN_POINT ( 'NONE',  ( 29.39387691339797470, 6.000000000000786926, 19.99848568875562549 ) ) ;
#2397 = ORIENTED_EDGE ( 'NONE', *, *, #644, .T. ) ;
#2398 = CARTESIAN_POINT ( 'NONE',  ( 29.23085111659452906, 131.0830248277306112, 1.842156284398434041 ) ) ;
#2399 = ORIENTED_EDGE ( 'NONE', *, *, #4333, .F. ) ;
#2400 = EDGE_LOOP ( 'NONE', ( #5539, #5035, #5530, #2866, #2737 ) ) ;
#2401 = CARTESIAN_POINT ( 'NONE',  ( 0.000000000000000000, 0.000000000000000000, 0.000000000000000000 ) ) ;
#2402 = ORIENTED_EDGE ( 'NONE', *, *, #1879, .F. ) ;
#2403 = CARTESIAN_POINT ( 'NONE',  ( 30.98645703166939569, 75.33968689183073764, 2.500000000000002220 ) ) ;
#2404 = DIRECTION ( 'NONE',  ( 1.000000000000000000, 0.000000000000000000, 0.000000000000000000 ) ) ;
#2405 = CARTESIAN_POINT ( 'NONE',  ( 21.94842733413286240, -20.47512572535829278, 5.449531845537099350 ) ) ;
#2406 = FACE_OUTER_BOUND ( 'NONE', #929, .T. ) ;
#2407 = AXIS2_PLACEMENT_3D ( 'NONE', #666, #190, #1173 ) ;
#2408 = DIRECTION ( 'NONE',  ( -0.000000000000000000, 0.000000000000000000, 1.000000000000000000 ) ) ;
#2409 = DIRECTION ( 'NONE',  ( -1.000000000000000000, 0.000000000000000000, 0.000000000000000000 ) ) ;
#2410 = CARTESIAN_POINT ( 'NONE',  ( 22.05131924787930942, 131.4601967955704254, 21.00000000000000000 ) ) ;
#2411 = VECTOR ( 'NONE', #2563, 1000.000000000000000 ) ;
#2412 = CARTESIAN_POINT ( 'NONE',  ( 17.74236018148319616, 125.8083054323757040, 15.45604816621676036 ) ) ;
#2413 = CARTESIAN_POINT ( 'NONE',  ( -17.02913421592766241, 24.90507618293881720, 14.79715426301475567 ) ) ;
#2414 = CYLINDRICAL_SURFACE ( 'NONE', #4172, 20.10000000000000142 ) ;
#2415 = CARTESIAN_POINT ( 'NONE',  ( 28.32191155241500624, 11.16903239576433293, 0.2824858363151516172 ) ) ;
#2416 = ORIENTED_EDGE ( 'NONE', *, *, #185, .T. ) ;
#2417 = EDGE_CURVE ( 'NONE', #1279, #4225, #5656, .T. ) ;
#2418 = EDGE_CURVE ( 'NONE', #1898, #6213, #5829, .T. ) ;
#2419 = DIRECTION ( 'NONE',  ( -0.5788523453879101943, -0.8154323774776885969, -3.472733394097494846E-18 ) ) ;
#2420 = DIRECTION ( 'NONE',  ( 1.000000000000000000, -5.396917480816732271E-14, 0.000000000000000000 ) ) ;
#2421 = DIRECTION ( 'NONE',  ( 1.000000000000000000, 3.578073287499912417E-15, 0.000000000000000000 ) ) ;
#2422 = DIRECTION ( 'NONE',  ( 0.000000000000000000, -1.000000000000000000, 0.000000000000000000 ) ) ;
#2423 = CARTESIAN_POINT ( 'NONE',  ( -23.65284004955437780, -13.02836376418195208, 5.164339971740968593 ) ) ;
#2424 = CYLINDRICAL_SURFACE ( 'NONE', #618, 1.650000000000000355 ) ;
#2425 = ORIENTED_EDGE ( 'NONE', *, *, #492, .F. ) ;
#2426 = CARTESIAN_POINT ( 'NONE',  ( 29.33460820359472976, 124.7202282238635718, 18.72887825004131557 ) ) ;
#2427 = DIRECTION ( 'NONE',  ( 1.000000000000000000, 0.000000000000000000, 0.000000000000000000 ) ) ;
#2428 = B_SPLINE_CURVE_WITH_KNOTS ( 'NONE', 3,
 ( #6203, #4656, #1638, #3081 ),
 .UNSPECIFIED., .F., .F.,
 ( 4, 4 ),
 ( 0.000000000000000000, 6.578796115772472537E-05 ),
 .UNSPECIFIED. ) ;
#2429 = ORIENTED_EDGE ( 'NONE', *, *, #3503, .T. ) ;
#2430 = CARTESIAN_POINT ( 'NONE',  ( -29.43055946909146670, 144.1823332254409422, 2.238413041293386918 ) ) ;
#2431 = ORIENTED_EDGE ( 'NONE', *, *, #5247, .T. ) ;
#2432 = ADVANCED_FACE ( 'NONE', ( #4304 ), #5930, .T. ) ;
#2433 = AXIS2_PLACEMENT_3D ( 'NONE', #233, #3588, #2654 ) ;
#2434 = CARTESIAN_POINT ( 'NONE',  ( 15.75739066140034694, 123.8775128001142320, 6.630230866964183178 ) ) ;
#2435 = DIRECTION ( 'NONE',  ( 0.5788523453879270697, -0.8154323774776766065, 0.000000000000000000 ) ) ;
#2436 = DIRECTION ( 'NONE',  ( 0.05370107013642660965, -0.0003310879849769567508, 0.9985570016012850214 ) ) ;
#2437 = DIRECTION ( 'NONE',  ( -0.000000000000000000, -0.000000000000000000, 1.000000000000000000 ) ) ;
#2438 = AXIS2_PLACEMENT_3D ( 'NONE', #5667, #4110, #136 ) ;
#2439 = CARTESIAN_POINT ( 'NONE',  ( 278.1066884401993207, 75.00000000000007105, 18.50000000000000355 ) ) ;
#2440 = EDGE_CURVE ( 'NONE', #1466, #5424, #830, .T. ) ;
#2441 = CARTESIAN_POINT ( 'NONE',  ( -0.9653319468908253542, 97.62971668440488315, 0.000000000000000000 ) ) ;
#2442 = DIRECTION ( 'NONE',  ( 0.000000000000000000, 0.000000000000000000, -1.000000000000000000 ) ) ;
#2443 = DIRECTION ( 'NONE',  ( -0.000000000000000000, 0.000000000000000000, 1.000000000000000000 ) ) ;
#2444 = CARTESIAN_POINT ( 'NONE',  ( -13.04263872888575193, 28.49773729066933825, 14.00800567653596573 ) ) ;
#2445 = CARTESIAN_POINT ( 'NONE',  ( 15.75739066140032563, 123.8775128001142178, 14.36976913303582037 ) ) ;
#2446 = DIRECTION ( 'NONE',  ( -1.000000000000000000, 0.000000000000000000, 0.000000000000000000 ) ) ;
#2447 = VERTEX_POINT ( 'NONE', #1311 ) ;
#2448 = FACE_OUTER_BOUND ( 'NONE', #2262, .T. ) ;
#2449 = CARTESIAN_POINT ( 'NONE',  ( -29.94090783669879130, 151.9437180863894525, 3.701430315950658301 ) ) ;
#2450 = DIRECTION ( 'NONE',  ( -0.000000000000000000, 0.000000000000000000, -1.000000000000000000 ) ) ;
#2451 = AXIS2_PLACEMENT_3D ( 'NONE', #22, #2491, #1984 ) ;
#2452 = PLANE ( 'NONE',  #2470 ) ;
#2453 = CIRCLE ( 'NONE', #3265, 261.1066884401993207 ) ;
#2454 = DIRECTION ( 'NONE',  ( 0.000000000000000000, 0.000000000000000000, 1.000000000000000000 ) ) ;
#2455 = CARTESIAN_POINT ( 'NONE',  ( -2.394058588206413596, 49.96748678975931313, 5.500000000000000000 ) ) ;
#2456 = EDGE_CURVE ( 'NONE', #4056, #1007, #2547, .T. ) ;
#2457 = EDGE_CURVE ( 'NONE', #2751, #6190, #459, .T. ) ;
#2458 = EDGE_LOOP ( 'NONE', ( #4581, #3506, #4664, #4519 ) ) ;
#2459 = ORIENTED_EDGE ( 'NONE', *, *, #5545, .T. ) ;
#2460 = VECTOR ( 'NONE', #1085, 1000.000000000000000 ) ;
#2461 = DIRECTION ( 'NONE',  ( 0.000000000000000000, 0.000000000000000000, -1.000000000000000000 ) ) ;
#2462 = FACE_OUTER_BOUND ( 'NONE', #4981, .T. ) ;
#2463 = VERTEX_POINT ( 'NONE', #5416 ) ;
#2464 = FACE_OUTER_BOUND ( 'NONE', #653, .T. ) ;
#2465 = EDGE_CURVE ( 'NONE', #3368, #4867, #1419, .T. ) ;
#2466 = ORIENTED_EDGE ( 'NONE', *, *, #5173, .F. ) ;
#2467 = CARTESIAN_POINT ( 'NONE',  ( 14.87349643565097956, 123.0727759468224320, 6.812080069991574227 ) ) ;
#2468 = DIRECTION ( 'NONE',  ( 0.5888628737284321568, 0.8082329589569411388, 0.000000000000000000 ) ) ;
#2469 = DIRECTION ( 'NONE',  ( 0.000000000000000000, 0.000000000000000000, 1.000000000000000000 ) ) ;
#2470 = AXIS2_PLACEMENT_3D ( 'NONE', #934, #5445, #3880 ) ;
#2471 = ADVANCED_FACE ( 'NONE', ( #354 ), #6319, .T. ) ;
#2472 = DIRECTION ( 'NONE',  ( 0.03774298798119875287, 0.9992874795864556958, 0.000000000000000000 ) ) ;
#2473 = DIRECTION ( 'NONE',  ( -0.000000000000000000, 0.000000000000000000, 1.000000000000000000 ) ) ;
#2474 = DIRECTION ( 'NONE',  ( -1.000000000000000000, 0.000000000000000000, -0.000000000000000000 ) ) ;
#2475 = CARTESIAN_POINT ( 'NONE',  ( -2.325087137846783405E-17, 54.10787796254885507, 5.565429081048004711 ) ) ;
#2476 = CARTESIAN_POINT ( 'NONE',  ( 17.00985568025588890, 77.42738956583120569, 5.565429081048003823 ) ) ;
#2477 = VECTOR ( 'NONE', #3951, 1000.000000000000227 ) ;
#2478 = CYLINDRICAL_SURFACE ( 'NONE', #754, 0.9999999999999996669 ) ;
#2479 = FACE_OUTER_BOUND ( 'NONE', #1648, .T. ) ;
#2480 = ORIENTED_EDGE ( 'NONE', *, *, #5622, .T. ) ;
#2481 =( LENGTH_UNIT ( ) NAMED_UNIT ( * ) SI_UNIT ( .MILLI., .METRE. ) );
#2482 = CARTESIAN_POINT ( 'NONE',  ( -3.616294504566645251, 98.35533469903765535, 14.00000000000000178 ) ) ;
#2483 = LINE ( 'NONE', #543, #919 ) ;
#2484 = CARTESIAN_POINT ( 'NONE',  ( 44.42754594048253125, 32.36904915258257631, 14.00000000000000178 ) ) ;
#2485 = DIRECTION ( 'NONE',  ( 0.03774298798119875287, 0.9992874795864556958, 0.000000000000000000 ) ) ;
#2486 = ORIENTED_EDGE ( 'NONE', *, *, #79, .T. ) ;
#2487 = VERTEX_POINT ( 'NONE', #4868 ) ;
#2488 = CARTESIAN_POINT ( 'NONE',  ( -17.50000000000001421, 75.00000000000000000, 2.499999999999998668 ) ) ;
#2489 = CARTESIAN_POINT ( 'NONE',  ( 29.55174693790586460, 113.3252283187146787, 17.50000000000000000 ) ) ;
#2490 = ORIENTED_EDGE ( 'NONE', *, *, #3768, .F. ) ;
#2491 = DIRECTION ( 'NONE',  ( -0.8146562665393508595, 0.5783014062182789683, 0.04361938736533609029 ) ) ;
#2492 = EDGE_LOOP ( 'NONE', ( #1802, #6313, #5501, #3300, #6397 ) ) ;
#2493 = B_SPLINE_CURVE_WITH_KNOTS ( 'NONE', 3,
 ( #5140, #1157, #2072, #3099, #3165, #5105, #3649, #6191, #3068, #6101 ),
 .UNSPECIFIED., .F., .F.,
 ( 4, 2, 2, 2, 4 ),
 ( 3.812215800229728095E-17, 0.001280380264773950177, 0.001920570397160909978, 0.002240665463354389771, 0.002560760529547869997 ),
 .UNSPECIFIED. ) ;
#2494 = EDGE_CURVE ( 'NONE', #568, #4080, #1456, .T. ) ;
#2495 = CARTESIAN_POINT ( 'NONE',  ( 26.61437827766149766, 75.00000000000007105, 18.50000000000000355 ) ) ;
#2496 = CARTESIAN_POINT ( 'NONE',  ( 17.63290628723673592, 125.6557371080930494, 5.565429081048003823 ) ) ;
#2497 = DIRECTION ( 'NONE',  ( -0.000000000000000000, -0.000000000000000000, -1.000000000000000000 ) ) ;
#2498 = EDGE_LOOP ( 'NONE', ( #2217, #1193, #6007, #4744 ) ) ;
#2499 = CARTESIAN_POINT ( 'NONE',  ( 29.51695639438648655, 140.7413341941260398, 19.69999999999814833 ) ) ;
#2500 = CARTESIAN_POINT ( 'NONE',  ( -12.57435216595212957, 28.88140695337789410, 7.000000000000000000 ) ) ;
#2501 = LINE ( 'NONE', #2631, #2968 ) ;
#2502 = EDGE_CURVE ( 'NONE', #114, #3466, #428, .T. ) ;
#2503 = AXIS2_PLACEMENT_3D ( 'NONE', #5065, #2283, #4266 ) ;
#2504 = CARTESIAN_POINT ( 'NONE',  ( -22.31889962375343117, 127.4342378539322596, 3.661915385619789909 ) ) ;
#2506 = DIRECTION ( 'NONE',  ( -0.000000000000000000, 0.000000000000000000, 1.000000000000000000 ) ) ;
#2505 = B_SPLINE_CURVE_WITH_KNOTS ( 'NONE', 3,
 ( #1048, #1023, #489, #4072, #1074, #2513, #3982, #545 ),
 .UNSPECIFIED., .F., .F.,
 ( 4, 2, 2, 4 ),
 ( 1.032575502086598950E-16, 0.0004374987502002997543, 0.0008749975004004961841, 0.001749995000800891104 ),
 .UNSPECIFIED. ) ;
#2507 = CARTESIAN_POINT ( 'NONE',  ( 29.06842161967809801, 7.429895441630277375, 20.76514648939565078 ) ) ;
#2508 = EDGE_CURVE ( 'NONE', #709, #4113, #4543, .T. ) ;
#2509 = ORIENTED_EDGE ( 'NONE', *, *, #910, .T. ) ;
#2510 = CARTESIAN_POINT ( 'NONE',  ( 26.69552798014390049, 4.177813307491303085, 2.346559821120850486 ) ) ;
#2511 = FACE_OUTER_BOUND ( 'NONE', #1059, .T. ) ;
#2512 = CYLINDRICAL_SURFACE ( 'NONE', #204, 30.00000000000001421 ) ;
#2513 = CARTESIAN_POINT ( 'NONE',  ( 29.47896485691850543, 9.067088356603862920, 0.9598497816047414366 ) ) ;
#2514 = CARTESIAN_POINT ( 'NONE',  ( 21.77208691676563035, 23.93453165843883212, 14.64324479637524057 ) ) ;
#2515 = AXIS2_PLACEMENT_3D ( 'NONE', #4588, #4059, #4520 ) ;
#2516 = VERTEX_POINT ( 'NONE', #6423 ) ;
#2517 = CIRCLE ( 'NONE', #3340, 1.650000000000003242 ) ;
#2518 = CARTESIAN_POINT ( 'NONE',  ( 29.25928720630805913, 129.2632700165607673, 19.00917802497460585 ) ) ;
#2519 = CARTESIAN_POINT ( 'NONE',  ( -17.00883327770663200, 72.84806301350424462, 19.16857495140180845 ) ) ;
#2520 = EDGE_CURVE ( 'NONE', #1108, #1613, #4217, .T. ) ;
#2521 = ORIENTED_EDGE ( 'NONE', *, *, #4806, .F. ) ;
#2522 = VECTOR ( 'NONE', #332, 999.9999999999998863 ) ;
#2523 = CARTESIAN_POINT ( 'NONE',  ( -23.99918072960906557, 130.0774651082687967, 21.00000000000000000 ) ) ;
#2524 = VERTEX_POINT ( 'NONE', #3773 ) ;
#2525 = DIRECTION ( 'NONE',  ( 0.8074637002697747645, 0.5883024067539722735, -0.04361938736533609029 ) ) ;
#2526 = CARTESIAN_POINT ( 'NONE',  ( 13.36746116222342984, 75.00000000000005684, 7.000000000000000000 ) ) ;
#2527 = ORIENTED_EDGE ( 'NONE', *, *, #4762, .F. ) ;
#2528 = EDGE_CURVE ( 'NONE', #4871, #4146, #5028, .T. ) ;
#2529 = EDGE_CURVE ( 'NONE', #863, #4673, #2117, .T. ) ;
#2530 = CARTESIAN_POINT ( 'NONE',  ( -1.469704118686706140, 51.65789986562988645, -0.02689427233690107680 ) ) ;
#2531 = CARTESIAN_POINT ( 'NONE',  ( -7.825792614798337298E-13, -1.804112415015879378E-13, 8.000000000000001776 ) ) ;
#2532 =( BOUNDED_CURVE ( )  B_SPLINE_CURVE ( 3, ( #1139, #2575, #4040, #5562 ),
 .UNSPECIFIED., .F., .F. ) 
 B_SPLINE_CURVE_WITH_KNOTS ( ( 4, 4 ),
 ( 4.712388980384690562, 6.239552075879727155 ),
 .UNSPECIFIED. ) 
 CURVE ( )  GEOMETRIC_REPRESENTATION_ITEM ( )  RATIONAL_B_SPLINE_CURVE ( ( 1.000000000000000000, 0.8149093080398374100, 0.8149093080398374100, 1.000000000000000000 ) ) 
 REPRESENTATION_ITEM ( '' )  );
#2533 = PLANE ( 'NONE',  #6212 ) ;
#2534 = CARTESIAN_POINT ( 'NONE',  ( -15.59117595168155823, 81.91943035363358661, 14.00000000000000178 ) ) ;
#2535 = CYLINDRICAL_SURFACE ( 'NONE', #5762, 1.499999999999996225 ) ;
#2536 = AXIS2_PLACEMENT_3D ( 'NONE', #621, #4583, #6162 ) ;
#2537 = DIRECTION ( 'NONE',  ( -0.5888628737284321568, 0.8082329589569411388, 0.000000000000000000 ) ) ;
#2538 = ORIENTED_EDGE ( 'NONE', *, *, #1707, .F. ) ;
#2539 = CARTESIAN_POINT ( 'NONE',  ( 22.27915728199902290, 22.76038811680070140, 15.49999999999940314 ) ) ;
#2540 = CARTESIAN_POINT ( 'NONE',  ( 30.00000000000000000, 5.722409996601569700E-15, 3.312032733496141024 ) ) ;
#2541 = DIRECTION ( 'NONE',  ( 0.000000000000000000, 0.000000000000000000, -1.000000000000000000 ) ) ;
#2542 = CARTESIAN_POINT ( 'NONE',  ( 30.55103441749232474, 36.63702869330430190, 18.50000000000000711 ) ) ;
#2543 = CARTESIAN_POINT ( 'NONE',  ( -29.50649404246211560, 5.419115178896612761, 2.015263027388654482 ) ) ;
#2544 = DIRECTION ( 'NONE',  ( 5.881243339847810484E-18, 0.07394153448179151267, -0.9972625779996349138 ) ) ;
#2545 = ORIENTED_EDGE ( 'NONE', *, *, #4911, .F. ) ;
#2546 = ADVANCED_FACE ( 'NONE', ( #3002 ), #2034, .F. ) ;
#2547 = CIRCLE ( 'NONE', #5400, 1.650000000000000355 ) ;
#2548 = CARTESIAN_POINT ( 'NONE',  ( 0.000000000000000000, 0.000000000000000000, 18.50000000000000355 ) ) ;
#2549 = CARTESIAN_POINT ( 'NONE',  ( -16.84516539512984323, 77.94198765849679944, 14.78986035051479142 ) ) ;
#2550 = EDGE_LOOP ( 'NONE', ( #6400, #5014, #4529, #6365 ) ) ;
#2551 = CARTESIAN_POINT ( 'NONE',  ( 29.01659833844192704, -7.680997213913332899, 4.619629699021327696 ) ) ;
#2552 = VERTEX_POINT ( 'NONE', #4536 ) ;
#2553 = CIRCLE ( 'NONE', #5388, 257.4923101625349773 ) ;
#2554 = AXIS2_PLACEMENT_3D ( 'NONE', #2889, #1326, #2371 ) ;
#2555 = EDGE_CURVE ( 'NONE', #2189, #2079, #2505, .T. ) ;
#2556 = CIRCLE ( 'NONE', #5395, 258.1066884401992070 ) ;
#2557 = EDGE_LOOP ( 'NONE', ( #1979, #2691, #5349, #5295, #3388 ) ) ;
#2558 = CARTESIAN_POINT ( 'NONE',  ( 17.96533194689090251, 74.29667784758299831, 21.00000000000000000 ) ) ;
#2559 = CARTESIAN_POINT ( 'NONE',  ( -17.74570713621938012, 125.8113686294273776, 15.47794591730512792 ) ) ;
#2560 = VERTEX_POINT ( 'NONE', #2969 ) ;
#2561 = AXIS2_PLACEMENT_3D ( 'NONE', #3057, #2454, #1549 ) ;
#2562 = ORIENTED_EDGE ( 'NONE', *, *, #4840, .F. ) ;
#2563 = DIRECTION ( 'NONE',  ( -0.05370107013642661659, -0.0003310879849769525225, 0.9985570016012850214 ) ) ;
#2564 = CARTESIAN_POINT ( 'NONE',  ( 28.82110089920450591, 139.4901979930418179, 0.5000000000000639488 ) ) ;
#2565 = DIRECTION ( 'NONE',  ( 0.5888628737284321568, -0.8082329589569411388, 0.000000000000000000 ) ) ;
#2566 = DIRECTION ( 'NONE',  ( -0.5788523453879101943, 0.8154323774776885969, 0.000000000000000000 ) ) ;
#2567 = CARTESIAN_POINT ( 'NONE',  ( 22.25210911150076853, 127.1754329665848502, 15.28950233348389531 ) ) ;
#2568 = CIRCLE ( 'NONE', #3403, 261.1066884401993207 ) ;
#2569 = ORIENTED_EDGE ( 'NONE', *, *, #2457, .F. ) ;
#2570 =( BOUNDED_CURVE ( )  B_SPLINE_CURVE ( 3, ( #3948, #5859, #457, #2482 ),
 .UNSPECIFIED., .F., .F. ) 
 B_SPLINE_CURVE_WITH_KNOTS ( ( 4, 4 ),
 ( 3.185225884889649972, 4.712388980384689674 ),
 .UNSPECIFIED. ) 
 CURVE ( )  GEOMETRIC_REPRESENTATION_ITEM ( )  RATIONAL_B_SPLINE_CURVE ( ( 1.000000000000000000, 0.8149093080398366329, 0.8149093080398366329, 1.000000000000000000 ) ) 
 REPRESENTATION_ITEM ( '' )  );
#2571 = AXIS2_PLACEMENT_3D ( 'NONE', #2148, #1067, #4093 ) ;
#2572 = CARTESIAN_POINT ( 'NONE',  ( -14.62707845542318452, 76.72886466010371009, 15.50000000000000178 ) ) ;
#2573 = AXIS2_PLACEMENT_3D ( 'NONE', #1312, #4406, #429 ) ;
#2574 = ADVANCED_FACE ( 'NONE', ( #4507 ), #101, .T. ) ;
#2575 = CARTESIAN_POINT ( 'NONE',  ( -14.41737714987807450, 75.00000000000004263, 14.00000000000000000 ) ) ;
#2576 = EDGE_CURVE ( 'NONE', #333, #1077, #4836, .T. ) ;
#2577 = CARTESIAN_POINT ( 'NONE',  ( 29.15740724001477346, 13.92734345544399943, 19.72229148647317487 ) ) ;
#2578 = CARTESIAN_POINT ( 'NONE',  ( 3.616294504566657686, 98.35533469903766957, 14.00000000000000178 ) ) ;
#2579 = CARTESIAN_POINT ( 'NONE',  ( -17.01122097318217996, 77.42066445156348209, 5.499999999998727240 ) ) ;
#2580 = DIRECTION ( 'NONE',  ( 0.5788523453879269587, 0.8154323774776764955, 0.000000000000000000 ) ) ;
#2581 = ORIENTED_EDGE ( 'NONE', *, *, #911, .T. ) ;
#2582 = ORIENTED_EDGE ( 'NONE', *, *, #781, .T. ) ;
#2583 = CYLINDRICAL_SURFACE ( 'NONE', #6272, 1.499999999999998446 ) ;
#2584 = CARTESIAN_POINT ( 'NONE',  ( -16.98942356647674501, 77.49113593100192077, 15.22703066545527761 ) ) ;
#2585 = EDGE_CURVE ( 'NONE', #4962, #3924, #6226, .T. ) ;
#2586 = CARTESIAN_POINT ( 'NONE',  ( 26.99925645448053757, -13.22544675083970134, 5.194995548341449165 ) ) ;
#2587 = ORIENTED_EDGE ( 'NONE', *, *, #2418, .T. ) ;
#2588 = CARTESIAN_POINT ( 'NONE',  ( 28.84037691363152334, 8.260306258225272202, 20.81409165536519623 ) ) ;
#2589 = ORIENTED_EDGE ( 'NONE', *, *, #1976, .F. ) ;
#2590 = CARTESIAN_POINT ( 'NONE',  ( -49.17338902963631142, 35.82677847278987571, 15.50000000000000178 ) ) ;
#2591 = EDGE_CURVE ( 'NONE', #1716, #2650, #4475, .T. ) ;
#2592 = CARTESIAN_POINT ( 'NONE',  ( -17.73824133803189440, 125.8041231543550964, 15.43457091895199795 ) ) ;
#2593 = ORIENTED_EDGE ( 'NONE', *, *, #5899, .F. ) ;
#2594 = CIRCLE ( 'NONE', #1773, 27.00000000000000000 ) ;
#2595 = CARTESIAN_POINT ( 'NONE',  ( 29.10647805531969823, 139.8882301149978389, 0.6291576134397699471 ) ) ;
#2596 = FACE_OUTER_BOUND ( 'NONE', #316, .T. ) ;
#2597 = CARTESIAN_POINT ( 'NONE',  ( -17.73824133803006831, 24.19587684564644903, 5.565429081048003823 ) ) ;
#2598 = EDGE_CURVE ( 'NONE', #2653, #3302, #5312, .T. ) ;
#2599 = LINE ( 'NONE', #148, #5182 ) ;
#2600 = CARTESIAN_POINT ( 'NONE',  ( 1.650000000000019673, 159.0000000000009663, 15.66690475583125419 ) ) ;
#2601 = CARTESIAN_POINT ( 'NONE',  ( -1.816043739957005743, 51.65576454715237986, 6.413198129412017501 ) ) ;
#2602 = ORIENTED_EDGE ( 'NONE', *, *, #6286, .F. ) ;
#2603 =( NAMED_UNIT ( * ) PLANE_ANGLE_UNIT ( ) SI_UNIT ( $, .RADIAN. ) );
#2604 = CARTESIAN_POINT ( 'NONE',  ( 29.57495989428592154, 10.79437281606603527, 1.106103953302508769 ) ) ;
#2605 = FACE_OUTER_BOUND ( 'NONE', #2689, .T. ) ;
#2606 = CARTESIAN_POINT ( 'NONE',  ( -29.39387691339797826, 143.9999999999992042, 18.50000000000000355 ) ) ;
#2607 = LINE ( 'NONE', #2678, #559 ) ;
#2608 = CARTESIAN_POINT ( 'NONE',  ( 278.1066884401993207, 75.00000000000007105, 28.50000000000000355 ) ) ;
#2609 = VERTEX_POINT ( 'NONE', #3609 ) ;
#2610 = VERTEX_POINT ( 'NONE', #4162 ) ;
#2611 = VERTEX_POINT ( 'NONE', #4663 ) ;
#2612 =( BOUNDED_CURVE ( )  B_SPLINE_CURVE ( 3, ( #2475, #3799, #5817, #1333 ),
 .UNSPECIFIED., .F., .F. ) 
 B_SPLINE_CURVE_WITH_KNOTS ( ( 4, 4 ),
 ( 3.185225884889651304, 4.712388980384692339 ),
 .UNSPECIFIED. ) 
 CURVE ( )  GEOMETRIC_REPRESENTATION_ITEM ( )  RATIONAL_B_SPLINE_CURVE ( ( 1.000000000000000000, 0.8149093080398364108, 0.8149093080398364108, 1.000000000000000000 ) ) 
 REPRESENTATION_ITEM ( '' )  );
#2613 = AXIS2_PLACEMENT_3D ( 'NONE', #1946, #5098, #1709 ) ;
#2614 = ADVANCED_FACE ( 'NONE', ( #6181 ), #251, .F. ) ;
#2615 = EDGE_CURVE ( 'NONE', #114, #5070, #3153, .T. ) ;
#2616 = LINE ( 'NONE', #4668, #4690 ) ;
#2617 = CARTESIAN_POINT ( 'NONE',  ( -1.796526787861281171, 51.61931372935781326, 5.565429081048003823 ) ) ;
#2618 = CARTESIAN_POINT ( 'NONE',  ( 33.78383460976219510, 1.276012048267378463, 3.500000000000002220 ) ) ;
#2619 = VERTEX_POINT ( 'NONE', #758 ) ;
#2620 = ORIENTED_EDGE ( 'NONE', *, *, #3670, .F. ) ;
#2621 = CIRCLE ( 'NONE', #1797, 261.1066884401992638 ) ;
#2622 = CARTESIAN_POINT ( 'NONE',  ( 18.38215907066006238, 126.2914313401049213, 0.000000000000000000 ) ) ;
#2623 = VECTOR ( 'NONE', #6298, 1000.000000000000000 ) ;
#2624 = ORIENTED_EDGE ( 'NONE', *, *, #2164, .F. ) ;
#2625 = DIRECTION ( 'NONE',  ( 1.000000000000000000, 0.000000000000000000, -0.000000000000000000 ) ) ;
#2626 = CARTESIAN_POINT ( 'NONE',  ( 22.27868256395752766, 22.76271290330196706, 5.521955725042365870 ) ) ;
#2627 = ORIENTED_EDGE ( 'NONE', *, *, #4830, .F. ) ;
#2628 = B_SPLINE_CURVE_WITH_KNOTS ( 'NONE', 3,
 ( #2873, #962, #4404, #5476 ),
 .UNSPECIFIED., .F., .F.,
 ( 4, 4 ),
 ( 1.183005100670867591E-15, 6.578796115911688162E-05 ),
 .UNSPECIFIED. ) ;
#2629 = CARTESIAN_POINT ( 'NONE',  ( -26.83453331601500480, 153.4640853990119638, 3.991486248060354125 ) ) ;
#2630 = CARTESIAN_POINT ( 'NONE',  ( -12.80916607415852937, 28.69004520577322737, 6.998352299367275542 ) ) ;
#2631 = CARTESIAN_POINT ( 'NONE',  ( 18.17283402878178933, 78.37602281384688752, 14.00000000000000178 ) ) ;
#2632 = CARTESIAN_POINT ( 'NONE',  ( -17.01077732352913330, 77.42451413004165772, 15.45629135944718691 ) ) ;
#2633 = CARTESIAN_POINT ( 'NONE',  ( -17.50000000000001421, 75.00000000000000000, 21.00000000000000000 ) ) ;
#2634 = CYLINDRICAL_SURFACE ( 'NONE', #2763, 261.1066884401993207 ) ;
#2635 =( BOUNDED_SURFACE ( )  B_SPLINE_SURFACE ( 3, 2, ( 
 ( #3026, #1548, #4599 ),
 ( #6085, #2033, #5057 ),
 ( #192, #605, #2577 ),
 ( #158, #4101, #5125 ),
 ( #5157, #4661, #4629 ),
 ( #127, #1575, #2063 ),
 ( #4130, #3574, #4041 ),
 ( #1643, #3607, #5628 ),
 ( #5594, #4012, #6023 ),
 ( #573, #2542, #100 ) ),
 .UNSPECIFIED., .F., .F., .T. ) 
 B_SPLINE_SURFACE_WITH_KNOTS ( ( 4, 2, 2, 2, 4 ),
 ( 3, 3 ),
 ( -1.618497003086361019E-15, 0.006871782807970453454, 0.01374356561594252540, 0.02061534842391459649, 0.02748713123188667104 ),
 ( 0.000000000000000000, 1.000000000000000000 ),
 .UNSPECIFIED. ) 
 GEOMETRIC_REPRESENTATION_ITEM ( )  RATIONAL_B_SPLINE_SURFACE ( (
 ( 1.000000000000000000, 0.8871452871960248121, 1.000000000000000000),
 ( 1.000000000000000000, 0.8714880763406036568, 1.000000000000000000),
 ( 1.000000000000000000, 0.8558557099151071768, 1.000000000000000000),
 ( 1.000000000000000000, 0.8248458733142673971, 1.000000000000000000),
 ( 1.000000000000000000, 0.8094674609065882764, 1.000000000000000000),
 ( 1.000000000000000000, 0.7791677346124218362, 1.000000000000000000),
 ( 1.000000000000000000, 0.7642459158878383008, 1.000000000000000000),
 ( 1.000000000000000000, 0.7350848260232036857, 1.000000000000000000),
 ( 1.000000000000000000, 0.7208484996963256952, 1.000000000000000000),
 ( 1.000000000000000000, 0.7071067811865475727, 1.000000000000000000) ) ) 
 REPRESENTATION_ITEM ( '' )  SURFACE ( )  );
#2636 = ADVANCED_FACE ( 'NONE', ( #3667 ), #890, .T. ) ;
#2637 = CARTESIAN_POINT ( 'NONE',  ( 29.66313197943204472, 13.12882658981094863, 1.458275248128751533 ) ) ;
#2638 = CARTESIAN_POINT ( 'NONE',  ( -1.729938167174874131E-15, 53.69523201013809199, 3.252606517456513302E-16 ) ) ;
#2639 = AXIS2_PLACEMENT_3D ( 'NONE', #2441, #4427, #340 ) ;
#2640 = CARTESIAN_POINT ( 'NONE',  ( -29.48755277848319878, 144.4773825552155415, 18.93673710884859318 ) ) ;
#2641 = LINE ( 'NONE', #5126, #864 ) ;
#2642 = DIRECTION ( 'NONE',  ( -0.5888628737284321568, 0.8082329589569411388, 2.427950995527627963E-18 ) ) ;
#2643 = ORIENTED_EDGE ( 'NONE', *, *, #2048, .F. ) ;
#2644 = EDGE_LOOP ( 'NONE', ( #5396, #5410, #3549, #1109 ) ) ;
#2645 = ORIENTED_EDGE ( 'NONE', *, *, #1507, .T. ) ;
#2646 = CIRCLE ( 'NONE', #5574, 252.1066884401991786 ) ;
#2647 = CARTESIAN_POINT ( 'NONE',  ( -15.59117595168155468, 81.91943035363361503, 7.000000000000000000 ) ) ;
#2648 = CARTESIAN_POINT ( 'NONE',  ( 16.60494366232718022, 71.30417374340420622, 6.545806812288914145 ) ) ;
#2649 = ADVANCED_FACE ( 'NONE', ( #1238 ), #2038, .F. ) ;
#2650 = VERTEX_POINT ( 'NONE', #2735 ) ;
#2651 = EDGE_CURVE ( 'NONE', #1679, #1613, #6122, .T. ) ;
#2652 = DIRECTION ( 'NONE',  ( 0.9992874795864556958, 0.03774298798119871817, 0.000000000000000000 ) ) ;
#2653 = VERTEX_POINT ( 'NONE', #5689 ) ;
#2654 = DIRECTION ( 'NONE',  ( 1.000000000000000000, 0.000000000000000000, 0.000000000000000000 ) ) ;
#2655 = B_SPLINE_CURVE_WITH_KNOTS ( 'NONE', 3,
 ( #659, #3595, #592, #3508, #2081, #1594, #1564, #2595 ),
 .UNSPECIFIED., .F., .F.,
 ( 4, 2, 2, 4 ),
 ( 0.000000000000000000, 0.0008719526756596940494, 0.001307929013489579672, 0.001743905351319465511 ),
 .UNSPECIFIED. ) ;
#2656 = EDGE_CURVE ( 'NONE', #3625, #1801, #6029, .T. ) ;
#2657 = ORIENTED_EDGE ( 'NONE', *, *, #3842, .T. ) ;
#2658 = DIRECTION ( 'NONE',  ( 1.000000000000000000, 0.000000000000000000, 0.000000000000000000 ) ) ;
#2659 = EDGE_CURVE ( 'NONE', #5170, #4206, #1721, .T. ) ;
#2660 = CIRCLE ( 'NONE', #6322, 30.00000000000000000 ) ;
#2661 = CARTESIAN_POINT ( 'NONE',  ( -22.27569735221371516, 127.2298027597003056, 5.565429081048003823 ) ) ;
#2662 = CIRCLE ( 'NONE', #5164, 0.9999999999999998890 ) ;
#2663 = VERTEX_POINT ( 'NONE', #1737 ) ;
#2664 = CARTESIAN_POINT ( 'NONE',  ( 25.80171521902484599, 141.7821240224335781, 1.241361073288172134 ) ) ;
#2665 = CYLINDRICAL_SURFACE ( 'NONE', #4204, 30.00000000000000000 ) ;
#2666 = CIRCLE ( 'NONE', #3690, 262.6066884401992638 ) ;
#2667 = CARTESIAN_POINT ( 'NONE',  ( 30.37759300926373740, 117.9550250087241636, 17.52564492870407875 ) ) ;
#2668 = PLANE ( 'NONE',  #5347 ) ;
#2669 = ADVANCED_FACE ( 'NONE', ( #5127, #194, #4724, #3702, #2706, #5720, #5195, #4132, #6153, #1676 ), #730, .T. ) ;
#2670 = DIRECTION ( 'NONE',  ( -1.000000000000000000, 0.000000000000000000, 0.000000000000000000 ) ) ;
#2671 = AXIS2_PLACEMENT_3D ( 'NONE', #392, #4340, #964 ) ;
#2672 = CARTESIAN_POINT ( 'NONE',  ( -5.662375826453064143, 26.39957386019704799, 8.000000000000001776 ) ) ;
#2673 = CARTESIAN_POINT ( 'NONE',  ( 29.08633641018629845, 8.541638820459830583, 0.3112895966232651079 ) ) ;
#2674 = VECTOR ( 'NONE', #449, 1000.000000000000114 ) ;
#2675 = CARTESIAN_POINT ( 'NONE',  ( -21.77208691676534258, 126.0654683415596224, 6.356755203624774531 ) ) ;
#2676 = AXIS2_PLACEMENT_3D ( 'NONE', #2439, #2408, #6306 ) ;
#2677 = CARTESIAN_POINT ( 'NONE',  ( -29.39387691339792141, 143.9999999999992042, 18.56943057531058727 ) ) ;
#2678 = CARTESIAN_POINT ( 'NONE',  ( 18.16172599417229350, 74.15358895002735551, 5.565429081048003823 ) ) ;
#2679 = CARTESIAN_POINT ( 'NONE',  ( -25.40771620847812784, 12.00000000000026823, -6.188610942183751602E-15 ) ) ;
#2680 = ORIENTED_EDGE ( 'NONE', *, *, #5865, .T. ) ;
#2681 =( BOUNDED_SURFACE ( )  B_SPLINE_SURFACE ( 3, 2, ( 
 ( #3169, #4677, #2201 ),
 ( #5143, #5206, #804 ),
 ( #6165, #4209, #742 ),
 ( #3718, #2749, #5272 ),
 ( #208, #1162, #4116 ),
 ( #301, #1718, #5766 ),
 ( #4177, #1254, #3653 ),
 ( #771, #3260, #717 ),
 ( #5240, #5675, #3229 ),
 ( #3141, #4709, #2264 ) ),
 .UNSPECIFIED., .F., .F., .F. ) 
 B_SPLINE_SURFACE_WITH_KNOTS ( ( 4, 2, 2, 2, 4 ),
 ( 3, 3 ),
 ( -8.534839501805890905E-16, 0.006871782807971059739, 0.01374356561594297296, 0.02061534842391488792, 0.02748713123188679941 ),
 ( 0.000000000000000000, 1.000000000000000000 ),
 .UNSPECIFIED. ) 
 GEOMETRIC_REPRESENTATION_ITEM ( )  RATIONAL_B_SPLINE_SURFACE ( (
 ( 1.000000000000000000, 0.8871452871960258113, 1.000000000000000000),
 ( 1.000000000000000000, 0.8714880763428892729, 1.000000000000000000),
 ( 1.000000000000000000, 0.8558557099120505107, 1.000000000000000000),
 ( 1.000000000000000000, 0.8248458733173171797, 1.000000000000000000),
 ( 1.000000000000000000, 0.8094674609051859537, 1.000000000000000000),
 ( 1.000000000000000000, 0.7791677346138188298, 1.000000000000000000),
 ( 1.000000000000000000, 0.7642459158851588885, 1.000000000000000000),
 ( 1.000000000000000000, 0.7350848260258784350, 1.000000000000000000),
 ( 1.000000000000000000, 0.7208484996943167467, 1.000000000000000000),
 ( 1.000000000000000000, 0.7071067811865475727, 1.000000000000000000) ) ) 
 REPRESENTATION_ITEM ( '' )  SURFACE ( )  );
#2682 = VERTEX_POINT ( 'NONE', #5222 ) ;
#2683 = EDGE_LOOP ( 'NONE', ( #1910, #5765 ) ) ;
#2684 = AXIS2_PLACEMENT_3D ( 'NONE', #3835, #5882, #2378 ) ;
#2685 = DIRECTION ( 'NONE',  ( -1.000000000000000000, 0.000000000000000000, 0.000000000000000000 ) ) ;
#2686 = CARTESIAN_POINT ( 'NONE',  ( 29.45947981964560469, 32.11320032517730283, 18.52311507252888489 ) ) ;
#2687 = ORIENTED_EDGE ( 'NONE', *, *, #6129, .F. ) ;
#2688 = CARTESIAN_POINT ( 'NONE',  ( -18.52407979681540695, -19.66312246578714351, 5.445136534220116786 ) ) ;
#2689 = EDGE_LOOP ( 'NONE', ( #6064, #609, #234, #5632, #76, #4229, #6027, #6183, #284 ) ) ;
#2690 = CARTESIAN_POINT ( 'NONE',  ( 29.47627370881081532, 141.8184534288820942, 19.89145426355757706 ) ) ;
#2691 = ORIENTED_EDGE ( 'NONE', *, *, #678, .F. ) ;
#2692 = CARTESIAN_POINT ( 'NONE',  ( 24.19732417714157080, 129.9368086878281190, 5.565429081048002935 ) ) ;
#2693 = CARTESIAN_POINT ( 'NONE',  ( 17.73824133803177361, 24.19587684564405095, 5.565429081048003823 ) ) ;
#2694 = ORIENTED_EDGE ( 'NONE', *, *, #2380, .F. ) ;
#2695 = ADVANCED_FACE ( 'NONE', ( #281 ), #2247, .F. ) ;
#2696 = CARTESIAN_POINT ( 'NONE',  ( 3.249519878977829358E-16, 49.60361390518269786, 21.00000000000000000 ) ) ;
#2697 = FACE_OUTER_BOUND ( 'NONE', #2094, .T. ) ;
#2698 = CARTESIAN_POINT ( 'NONE',  ( 29.36623311149929094, 118.2369126853740084, 18.50000000000000355 ) ) ;
#2699 = CARTESIAN_POINT ( 'NONE',  ( 28.91543170726700751, 139.6232861227268245, 0.5434938165758327333 ) ) ;
#2700 = DIRECTION ( 'NONE',  ( -0.03774298798119875287, -0.9992874795864556958, -0.000000000000000000 ) ) ;
#2701 = PLANE ( 'NONE',  #1319 ) ;
#2702 = CARTESIAN_POINT ( 'NONE',  ( -13.50665244752516081, 121.8892521106540272, 14.03119450667811208 ) ) ;
#2703 = CARTESIAN_POINT ( 'NONE',  ( 17.68858478284399638, 24.24627585696799059, 5.702228267152146479 ) ) ;
#2704 = CARTESIAN_POINT ( 'NONE',  ( -26.99999999999999645, 149.4766843169201138, 3.202124223177467144 ) ) ;
#2705 = PLANE ( 'NONE',  #6185 ) ;
#2706 = FACE_BOUND ( 'NONE', #3754, .T. ) ;
#2707 = ORIENTED_EDGE ( 'NONE', *, *, #72, .F. ) ;
#2708 = ORIENTED_EDGE ( 'NONE', *, *, #1779, .F. ) ;
#2709 = ORIENTED_EDGE ( 'NONE', *, *, #810, .T. ) ;
#2710 = ADVANCED_FACE ( 'NONE', ( #5659 ), #6246, .F. ) ;
#2711 = CARTESIAN_POINT ( 'NONE',  ( -23.86606223753582157, 168.2043341226404891, 5.422497847065200993 ) ) ;
#2712 = CARTESIAN_POINT ( 'NONE',  ( -22.39905047270415395, 22.17664689465800620, 0.000000000000000000 ) ) ;
#2713 = EDGE_LOOP ( 'NONE', ( #5770, #4180 ) ) ;
#2714 = AXIS2_PLACEMENT_3D ( 'NONE', #2548, #5032, #2133 ) ;
#2715 = CARTESIAN_POINT ( 'NONE',  ( 13.57311397376724571, -23.40739991820763777, 5.411293265642527217 ) ) ;
#2716 = VERTEX_POINT ( 'NONE', #4601 ) ;
#2717 = EDGE_CURVE ( 'NONE', #4083, #5301, #3375, .T. ) ;
#2718 = VERTEX_POINT ( 'NONE', #787 ) ;
#2719 = CARTESIAN_POINT ( 'NONE',  ( 29.68753720145591046, 13.77498191860832044, 18.84452063508007313 ) ) ;
#2720 = PLANE ( 'NONE',  #85 ) ;
#2721 = ORIENTED_EDGE ( 'NONE', *, *, #359, .T. ) ;
#2722 = VECTOR ( 'NONE', #474, 1000.000000000000000 ) ;
#2723 = FACE_OUTER_BOUND ( 'NONE', #3184, .T. ) ;
#2724 = FACE_OUTER_BOUND ( 'NONE', #1678, .T. ) ;
#2725 = CYLINDRICAL_SURFACE ( 'NONE', #3406, 1.499999999999996225 ) ;
#2726 = CARTESIAN_POINT ( 'NONE',  ( -7.805630564515337433, -29.03350836391468093, 5.087727578835772313 ) ) ;
#2727 = ADVANCED_FACE ( 'NONE', ( #4259 ), #3385, .T. ) ;
#2728 = ADVANCED_FACE ( 'NONE', ( #5820 ), #1767, .F. ) ;
#2729 = CARTESIAN_POINT ( 'NONE',  ( -15.52373216671963618, 75.00000000000005684, 21.02760088204563971 ) ) ;
#2730 = DIRECTION ( 'NONE',  ( 1.000000000000000000, 0.000000000000000000, -0.000000000000000000 ) ) ;
#2731 = CARTESIAN_POINT ( 'NONE',  ( -22.39905047270415395, 22.17664689465800620, 0.000000000000000000 ) ) ;
#2732 = CARTESIAN_POINT ( 'NONE',  ( 13.04350521507473637, 28.50036179642178524, 7.000000000000000000 ) ) ;
#2733 = CARTESIAN_POINT ( 'NONE',  ( 29.50257122209973915, 115.6918708419159287, 2.500000000000002220 ) ) ;
#2734 = LINE ( 'NONE', #820, #3231 ) ;
#2735 = CARTESIAN_POINT ( 'NONE',  ( 22.39905047270415395, 22.17664689465800620, 0.000000000000000000 ) ) ;
#2736 = EDGE_LOOP ( 'NONE', ( #1338, #2265, #6137 ) ) ;
#2737 = ORIENTED_EDGE ( 'NONE', *, *, #4179, .T. ) ;
#2738 = ORIENTED_EDGE ( 'NONE', *, *, #1274, .F. ) ;
#2739 = COLOUR_RGB ( '',0.7921568627450980005, 0.8196078431372548767, 0.9333333333333333481 ) ;
#2740 = CARTESIAN_POINT ( 'NONE',  ( 27.37169823285838177, 162.2896069123467555, 5.106074795103650033 ) ) ;
#2741 = CARTESIAN_POINT ( 'NONE',  ( 16.41844321052942490, 79.28369848368072326, 6.714824230678656747 ) ) ;
#2742 = VERTEX_POINT ( 'NONE', #2347 ) ;
#2743 = CARTESIAN_POINT ( 'NONE',  ( 23.65772382437752697, -13.01950426967404439, 5.163672401922103639 ) ) ;
#2744 = VERTEX_POINT ( 'NONE', #4791 ) ;
#2745 = AXIS2_PLACEMENT_3D ( 'NONE', #1453, #3429, #2965 ) ;
#2746 = CARTESIAN_POINT ( 'NONE',  ( -9.963333950399256622, 175.0983786000132341, 5.343973876005417623 ) ) ;
#2747 = ORIENTED_EDGE ( 'NONE', *, *, #3041, .F. ) ;
#2748 = DIRECTION ( 'NONE',  ( -0.000000000000000000, -0.000000000000000000, -1.000000000000000000 ) ) ;
#2749 = CARTESIAN_POINT ( 'NONE',  ( 29.86343330455705214, 131.5679736094155885, 18.94826601111278563 ) ) ;
#2750 = EDGE_CURVE ( 'NONE', #1277, #400, #3314, .T. ) ;
#2751 = VERTEX_POINT ( 'NONE', #2767 ) ;
#2752 = VECTOR ( 'NONE', #3844, 1000.000000000000000 ) ;
#2753 = CARTESIAN_POINT ( 'NONE',  ( -1.650000000000001021, 139.0000000000010232, 8.000000000000001776 ) ) ;
#2754 = AXIS2_PLACEMENT_3D ( 'NONE', #6177, #2764, #1796 ) ;
#2755 = DIRECTION ( 'NONE',  ( -0.8154323774776895961, -0.5788523453879087510, 0.000000000000000000 ) ) ;
#2756 = CARTESIAN_POINT ( 'NONE',  ( 30.55103441749232118, 113.3629713066958828, 17.50000000000000000 ) ) ;
#2757 = CARTESIAN_POINT ( 'NONE',  ( -19.85832718932827134, -22.57427149116450238, 5.436654655875145181 ) ) ;
#2758 = CARTESIAN_POINT ( 'NONE',  ( -278.1066884401993207, 75.00000000000000000, 2.499999999999998668 ) ) ;
#2759 =( GEOMETRIC_REPRESENTATION_CONTEXT ( 3 ) GLOBAL_UNCERTAINTY_ASSIGNED_CONTEXT ( ( #1362 ) ) GLOBAL_UNIT_ASSIGNED_CONTEXT ( ( #2481, #2603, #5625 ) ) REPRESENTATION_CONTEXT ( 'NONE', 'WORKASPACE' ) );
#2760 = AXIS2_PLACEMENT_3D ( 'NONE', #5521, #1622, #3070 ) ;
#2761 = CARTESIAN_POINT ( 'NONE',  ( -5.288239518393570648, 26.47731246963499174, 6.717905750357085815 ) ) ;
#2762 = CARTESIAN_POINT ( 'NONE',  ( -17.42802434367319364, 125.4912046821100517, 15.02974375925369444 ) ) ;
#2763 = AXIS2_PLACEMENT_3D ( 'NONE', #2207, #150, #3568 ) ;
#2764 = DIRECTION ( 'NONE',  ( -0.000000000000000000, -0.000000000000000000, 1.000000000000000000 ) ) ;
#2765 = CARTESIAN_POINT ( 'NONE',  ( 29.14652252871202975, 136.8506544069043116, 1.169246673670248926 ) ) ;
#2766 = DIRECTION ( 'NONE',  ( 0.000000000000000000, 0.000000000000000000, 1.000000000000000000 ) ) ;
#2767 = CARTESIAN_POINT ( 'NONE',  ( -3.469446951953614189E-15, 100.3963860948173874, 0.000000000000000000 ) ) ;
#2768 = ORIENTED_EDGE ( 'NONE', *, *, #2651, .T. ) ;
#2769 = VERTEX_POINT ( 'NONE', #3873 ) ;
#2770 = ADVANCED_FACE ( 'NONE', ( #2830 ), #3389, .F. ) ;
#2771 = ADVANCED_FACE ( 'NONE', ( #381 ), #1800, .F. ) ;
#2772 = CARTESIAN_POINT ( 'NONE',  ( -8.273434572806992904, 178.8408089144852795, 5.103291579482416296 ) ) ;
#2773 = CARTESIAN_POINT ( 'NONE',  ( 16.98942307068377389, 77.49113747786500994, 5.772972429637891700 ) ) ;
#2774 = ORIENTED_EDGE ( 'NONE', *, *, #6139, .F. ) ;
#2775 = DIRECTION ( 'NONE',  ( -1.000000000000000000, 0.000000000000000000, 0.000000000000000000 ) ) ;
#2776 = AXIS2_PLACEMENT_3D ( 'NONE', #536, #2054, #1567 ) ;
#2777 = VERTEX_POINT ( 'NONE', #4329 ) ;
#2778 = CARTESIAN_POINT ( 'NONE',  ( 22.98613828706509565, 164.1716470956540093, 5.244005445918724639 ) ) ;
#2779 = SURFACE_SIDE_STYLE ('',( #4240 ) ) ;
#2780 = ADVANCED_FACE ( 'NONE', ( #1408 ), #2900, .F. ) ;
#2781 = CLOSED_SHELL ( 'NONE', ( #1140, #1629, #3162, #5166, #5531, #2252, #3717, #1057, #2780, #48, #3843, #750, #3408, #4721, #4698, #6176, #3791, #2321, #625, #2432, #4546, #1912, #2849, #2180, #232, #1411, #6100, #5209, #4493, #2131, #5186, #2574, #4635, #218, #4251, #4486, #4719, #2727, #3435, #5986, #2669, #5131, #561, #3103, #3453, #1293, #4095, #1772, #6338, #3327, #310, #174, #736, #2471, #2060, #4436, #1627, #3027, #1781, #2103, #5699, #3128, #4079, #2082, #5064, #3278, #3634, #1505, #2546, #1986, #4879, #8, #299, #2728, #2710, #4408, #4137, #4008, #6297, #3365, #4589, #826, #6038, #1949, #3079, #694, #1294, #5788, #3867, #751, #4001, #3527, #965, #6216, #6215, #1258, #1563, #6194, #6349, #3687, #1786, #538, #3172, #2614, #1151, #1280, #32, #4804, #5101, #493, #762, #5235, #3426, #2059, #4196, #2770, #2649, #133, #3478, #98, #1012, #4321, #1025, #525, #2636, #2352, #5246, #3262, #5176, #2010, #3602, #6383, #5985, #569, #2073, #1127, #3487, #1934, #677, #4971, #3010, #4772, #4081, #4418, #834, #5644, #1034, #2843, #4119, #2215, #4501, #2695, #2848, #3741, #3725, #5511, #4409, #3394, #4565, #1384, #4237, #2771, #3051, #1026, #6002, #619, #324, #2833, #1516, #4891, #3790, #3583, #5700, #244, #288, #3383, #773, #1120 ) ) ;
#2782 = ORIENTED_EDGE ( 'NONE', *, *, #1608, .F. ) ;
#2783 = DIRECTION ( 'NONE',  ( -0.05370107013642660965, -0.0003310879849769567508, -0.9985570016012850214 ) ) ;
#2784 = EDGE_LOOP ( 'NONE', ( #2385, #5887, #905, #5968 ) ) ;
#2785 = CARTESIAN_POINT ( 'NONE',  ( -29.50649404246214047, 144.5808848211035240, 2.015263027388628281 ) ) ;
#2786 = B_SPLINE_CURVE_WITH_KNOTS ( 'NONE', 3,
 ( #1298, #3210, #5251, #220 ),
 .UNSPECIFIED., .F., .F.,
 ( 4, 4 ),
 ( 0.0006051131125063536308, 0.006190957716414062159 ),
 .UNSPECIFIED. ) ;
#2787 = VERTEX_POINT ( 'NONE', #1270 ) ;
#2788 = CARTESIAN_POINT ( 'NONE',  ( -17.00779500779309927, 72.98242804830884722, 0.000000000000000000 ) ) ;
#2789 = FACE_OUTER_BOUND ( 'NONE', #2458, .T. ) ;
#2790 = CARTESIAN_POINT ( 'NONE',  ( -26.92371780131385250, 2.094977273354297509, 2.849999568799849836 ) ) ;
#2791 = DIRECTION ( 'NONE',  ( -0.000000000000000000, 0.000000000000000000, 1.000000000000000000 ) ) ;
#2792 = EDGE_CURVE ( 'NONE', #4206, #2487, #2314, .T. ) ;
#2793 = CYLINDRICAL_SURFACE ( 'NONE', #373, 1.500000000000003553 ) ;
#2794 = CARTESIAN_POINT ( 'NONE',  ( -278.1066884401993207, 75.00000000000000000, 5.500000000000000000 ) ) ;
#2795 = CARTESIAN_POINT ( 'NONE',  ( 17.72381198230910471, 24.21052842878962608, 5.640669338268947008 ) ) ;
#2796 = CARTESIAN_POINT ( 'NONE',  ( 0.000000000000000000, 0.000000000000000000, 14.00000000000000178 ) ) ;
#2797 = DIRECTION ( 'NONE',  ( 0.5788523453879101943, 0.8154323774776885969, -3.466138530372890970E-18 ) ) ;
#2798 = CYLINDRICAL_SURFACE ( 'NONE', #909, 1.500000000000002220 ) ;
#2799 = VERTEX_POINT ( 'NONE', #1373 ) ;
#2800 = ORIENTED_EDGE ( 'NONE', *, *, #4136, .F. ) ;
#2801 = ORIENTED_EDGE ( 'NONE', *, *, #4103, .T. ) ;
#2802 = ORIENTED_EDGE ( 'NONE', *, *, #1358, .F. ) ;
#2803 = LINE ( 'NONE', #2318, #2195 ) ;
#2804 = CARTESIAN_POINT ( 'NONE',  ( 29.22395482853807636, 18.46945571985779466, 19.19776775892137266 ) ) ;
#2805 = DIRECTION ( 'NONE',  ( 1.000000000000000000, 0.000000000000000000, 0.000000000000000000 ) ) ;
#2806 = CARTESIAN_POINT ( 'NONE',  ( 1.347111479062092941E-14, 135.0000000000009948, 8.000000000000001776 ) ) ;
#2807 = EDGE_CURVE ( 'NONE', #1307, #4135, #2813, .T. ) ;
#2808 = EDGE_CURVE ( 'NONE', #3466, #3036, #1573, .T. ) ;
#2809 = ORIENTED_EDGE ( 'NONE', *, *, #5730, .F. ) ;
#2810 = FACE_OUTER_BOUND ( 'NONE', #3749, .T. ) ;
#2811 = FILL_AREA_STYLE_COLOUR ( '', #2739 ) ;
#2812 = CIRCLE ( 'NONE', #5969, 31.50000000000015987 ) ;
#2813 = B_SPLINE_CURVE_WITH_KNOTS ( 'NONE', 3,
 ( #315, #5363, #2382, #887, #451, #2415, #3805, #3764 ),
 .UNSPECIFIED., .F., .F.,
 ( 4, 2, 2, 4 ),
 ( 1.772613098617651791E-17, 0.0006427273269205772532, 0.001285454653841136942, 0.002570909307682256104 ),
 .UNSPECIFIED. ) ;
#2814 = ORIENTED_EDGE ( 'NONE', *, *, #5543, .F. ) ;
#2815 = VERTEX_POINT ( 'NONE', #3281 ) ;
#2816 = B_SPLINE_CURVE_WITH_KNOTS ( 'NONE', 3,
 ( #1515, #1414, #2936, #4933 ),
 .UNSPECIFIED., .F., .F.,
 ( 4, 4 ),
 ( 1.380906353953734625E-15, 6.625069557893381806E-05 ),
 .UNSPECIFIED. ) ;
#2817 = CARTESIAN_POINT ( 'NONE',  ( 16.82094198585919997, 124.8912727067719715, 6.289298591633606605 ) ) ;
#2818 = CARTESIAN_POINT ( 'NONE',  ( -19.51661539667222200, 29.24579869704622581, 14.00000000000000178 ) ) ;
#2819 = CARTESIAN_POINT ( 'NONE',  ( -30.00000000000000000, 4.408565490272189937E-15, 3.312032733496152126 ) ) ;
#2820 = CARTESIAN_POINT ( 'NONE',  ( -1.734723475976807094E-15, 11.00000000000000178, 11.00000000000000178 ) ) ;
#2821 = EDGE_CURVE ( 'NONE', #2943, #732, #4745, .T. ) ;
#2822 = AXIS2_PLACEMENT_3D ( 'NONE', #2907, #1873, #1348 ) ;
#2823 = DIRECTION ( 'NONE',  ( 1.000000000000000000, 0.000000000000000000, 0.000000000000000000 ) ) ;
#2824 = DIRECTION ( 'NONE',  ( 1.000000000000000000, 0.000000000000000000, -0.000000000000000000 ) ) ;
#2825 = CARTESIAN_POINT ( 'NONE',  ( 0.9739307408649072739, 52.35832700682897922, 0.000000000000000000 ) ) ;
#2826 = CARTESIAN_POINT ( 'NONE',  ( 17.74817186027529559, 125.8131772318449890, 15.49999999999973710 ) ) ;
#2827 = VECTOR ( 'NONE', #2186, 1000.000000000000227 ) ;
#2828 = CARTESIAN_POINT ( 'NONE',  ( 29.25025882245394726, 129.8300432933918671, 1.947610757235276990 ) ) ;
#2829 = CARTESIAN_POINT ( 'NONE',  ( 22.27569735221361569, 127.2298027597001635, 5.565429081048002935 ) ) ;
#2830 = FACE_OUTER_BOUND ( 'NONE', #4299, .T. ) ;
#2831 = VERTEX_POINT ( 'NONE', #4397 ) ;
#2832 = ORIENTED_EDGE ( 'NONE', *, *, #5043, .T. ) ;
#2833 = ADVANCED_FACE ( 'NONE', ( #1897 ), #2798, .F. ) ;
#2834 = CARTESIAN_POINT ( 'NONE',  ( 22.18708898383530936, 22.97453496516627780, 5.877187604043840885 ) ) ;
#2835 = CARTESIAN_POINT ( 'NONE',  ( -7.798296896642586518, 178.9729415921451050, 5.092185681672537712 ) ) ;
#2836 = CARTESIAN_POINT ( 'NONE',  ( -3.616294504566645251, 98.35533469903765535, 14.00000000000000178 ) ) ;
#2837 = ORIENTED_EDGE ( 'NONE', *, *, #4763, .T. ) ;
#2838 = CARTESIAN_POINT ( 'NONE',  ( 1.347111479062092941E-14, 135.0000000000009948, 8.000000000000001776 ) ) ;
#2839 = CARTESIAN_POINT ( 'NONE',  ( -17.00779500779307085, 77.01757195169130910, 0.000000000000000000 ) ) ;
#2840 = ORIENTED_EDGE ( 'NONE', *, *, #3452, .F. ) ;
#2841 = CARTESIAN_POINT ( 'NONE',  ( 21.51683699983029285, 166.4073391763795371, 5.372205398013469413 ) ) ;
#2842 = CARTESIAN_POINT ( 'NONE',  ( 278.1066884401993207, 75.00000000000007105, 15.50000000000000178 ) ) ;
#2843 = ADVANCED_FACE ( 'NONE', ( #511 ), #5921, .F. ) ;
#2844 = ORIENTED_EDGE ( 'NONE', *, *, #2456, .T. ) ;
#2845 = TOROIDAL_SURFACE ( 'NONE', #73, 9.000000000000001776, 1.000000000000000000 ) ;
#2846 = LINE ( 'NONE', #3402, #6218 ) ;
#2847 = ORIENTED_EDGE ( 'NONE', *, *, #3008, .F. ) ;
#2848 = ADVANCED_FACE ( 'NONE', ( #1449 ), #4854, .F. ) ;
#2849 = ADVANCED_FACE ( 'NONE', ( #2479 ), #567, .T. ) ;
#2850 = DIRECTION ( 'NONE',  ( 0.000000000000000000, 1.000000000000000000, 0.000000000000000000 ) ) ;
#2851 = EDGE_LOOP ( 'NONE', ( #4880, #5613, #3333, #5785, #4175, #5934 ) ) ;
#2852 = CARTESIAN_POINT ( 'NONE',  ( -25.22955214716254702, 137.9999999999999716, 0.000000000000000000 ) ) ;
#2853 = CARTESIAN_POINT ( 'NONE',  ( 0.000000000000000000, 0.000000000000000000, 11.00000000000000178 ) ) ;
#2854 = CARTESIAN_POINT ( 'NONE',  ( 19.63517066112566312, 121.0374203221076215, 14.00113302878234300 ) ) ;
#2855 = DIRECTION ( 'NONE',  ( 1.000000000000000000, 2.688382058535806848E-15, 0.000000000000000000 ) ) ;
#2856 =( BOUNDED_CURVE ( )  B_SPLINE_CURVE ( 3, ( #4454, #6332, #5314, #26 ),
 .UNSPECIFIED., .F., .T. ) 
 B_SPLINE_CURVE_WITH_KNOTS ( ( 4, 4 ),
 ( 0.04363323129985817450, 1.570796326794895892 ),
 .UNSPECIFIED. ) 
 CURVE ( )  GEOMETRIC_REPRESENTATION_ITEM ( )  RATIONAL_B_SPLINE_CURVE ( ( 1.000000000000000000, 0.8149093080398372990, 0.8149093080398372990, 1.000000000000000000 ) ) 
 REPRESENTATION_ITEM ( '' )  );
#2857 = VECTOR ( 'NONE', #3324, 1000.000000000000114 ) ;
#2858 = CARTESIAN_POINT ( 'NONE',  ( 29.44404816003603997, 144.2160361623548681, 20.84145158038596435 ) ) ;
#2859 = DIRECTION ( 'NONE',  ( -0.000000000000000000, 0.000000000000000000, 1.000000000000000000 ) ) ;
#2860 = DIRECTION ( 'NONE',  ( 1.000000000000000000, 0.000000000000000000, 0.000000000000000000 ) ) ;
#2861 = CARTESIAN_POINT ( 'NONE',  ( -278.1066884401993207, 75.00000000000000000, 21.00000000000000000 ) ) ;
#2862 = EDGE_CURVE ( 'NONE', #4350, #5753, #1882, .T. ) ;
#2863 = CARTESIAN_POINT ( 'NONE',  ( 29.08633641018629490, 141.4583611795403328, 0.3112895966232648859 ) ) ;
#2864 = CARTESIAN_POINT ( 'NONE',  ( -0.05107437781912914365, 49.11188300874569990, 15.43457091895199795 ) ) ;
#2865 = DIRECTION ( 'NONE',  ( -1.000000000000000000, 0.000000000000000000, 0.000000000000000000 ) ) ;
#2866 = ORIENTED_EDGE ( 'NONE', *, *, #1640, .T. ) ;
#2867 = AXIS2_PLACEMENT_3D ( 'NONE', #4092, #4560, #5620 ) ;
#2868 = EDGE_LOOP ( 'NONE', ( #325, #2218, #3990, #3098, #1621 ) ) ;
#2869 = ORIENTED_EDGE ( 'NONE', *, *, #5026, .T. ) ;
#2870 = CARTESIAN_POINT ( 'NONE',  ( -17.74817186027349791, 24.18682276815653509, 5.499999999999949374 ) ) ;
#2871 = CARTESIAN_POINT ( 'NONE',  ( 29.39387691339798181, 143.9999999999990905, 2.500000000000002220 ) ) ;
#2872 = CARTESIAN_POINT ( 'NONE',  ( -4.174178364069192071E-15, -9.000000000000001776, 8.000000000000001776 ) ) ;
#2873 = CARTESIAN_POINT ( 'NONE',  ( 17.01122097318215509, 77.42066445156346788, 15.50000000000117950 ) ) ;
#2874 = ORIENTED_EDGE ( 'NONE', *, *, #5194, .F. ) ;
#2875 = CARTESIAN_POINT ( 'NONE',  ( -26.11376373783085469, -6.917285299849615932, 4.516651181359566891 ) ) ;
#2876 = CARTESIAN_POINT ( 'NONE',  ( -3.089976191583687637E-15, 0.000000000000000000, 11.00000000000000178 ) ) ;
#2877 = AXIS2_PLACEMENT_3D ( 'NONE', #3307, #337, #3726 ) ;
#2878 = ORIENTED_EDGE ( 'NONE', *, *, #287, .F. ) ;
#2879 = ORIENTED_EDGE ( 'NONE', *, *, #2235, .T. ) ;
#2880 = VECTOR ( 'NONE', #3308, 1000.000000000000114 ) ;
#2881 = CARTESIAN_POINT ( 'NONE',  ( 3.571011158707013498E-16, 103.4050362758487296, 7.000000000000000000 ) ) ;
#2882 = CARTESIAN_POINT ( 'NONE',  ( -17.00779500779308506, 72.98242804830879038, 20.99999999999995737 ) ) ;
#2883 = VECTOR ( 'NONE', #3001, 999.9999999999998863 ) ;
#2884 = ORIENTED_EDGE ( 'NONE', *, *, #1553, .T. ) ;
#2885 = CARTESIAN_POINT ( 'NONE',  ( 31.98574451125584517, 74.62257012018798719, 3.500000000000002220 ) ) ;
#2886 = ORIENTED_EDGE ( 'NONE', *, *, #350, .T. ) ;
#2887 = CARTESIAN_POINT ( 'NONE',  ( -16.41845417155995790, 70.71633612977510097, 6.714815794296055351 ) ) ;
#2888 = ORIENTED_EDGE ( 'NONE', *, *, #6259, .T. ) ;
#2889 = CARTESIAN_POINT ( 'NONE',  ( 21.99286971539128999, 74.99999999999995737, 18.50000000000000355 ) ) ;
#2890 = CARTESIAN_POINT ( 'NONE',  ( -19.75376609556168006, 28.67977408084983537, 14.00564385104886611 ) ) ;
#2891 = CARTESIAN_POINT ( 'NONE',  ( -23.41770689214156675, 23.75031036007352725, 7.000000000000000000 ) ) ;
#2892 = CARTESIAN_POINT ( 'NONE',  ( 29.47840193650272411, 8.237893760361965079, 20.56798862460252053 ) ) ;
#2893 = EDGE_CURVE ( 'NONE', #5162, #3355, #3911, .T. ) ;
#2894 = DIRECTION ( 'NONE',  ( -1.000000000000000000, 0.000000000000000000, 0.000000000000000000 ) ) ;
#2895 = CARTESIAN_POINT ( 'NONE',  ( -25.22955214716243688, 12.00000000000026112, 0.000000000000000000 ) ) ;
#2896 = DIRECTION ( 'NONE',  ( 1.000000000000000000, 0.000000000000000000, 0.000000000000000000 ) ) ;
#2897 = CARTESIAN_POINT ( 'NONE',  ( 29.26253888967960393, 143.3862486984947111, 20.54156142989499045 ) ) ;
#2898 = CARTESIAN_POINT ( 'NONE',  ( -17.42802434367148479, 24.50879531789131960, 15.02974375925369444 ) ) ;
#2899 = DIRECTION ( 'NONE',  ( 1.000000000000000000, 0.000000000000000000, 0.000000000000000000 ) ) ;
#2900 = CYLINDRICAL_SURFACE ( 'NONE', #1635, 1.650000000000000355 ) ;
#2901 = VERTEX_POINT ( 'NONE', #601 ) ;
#2902 = EDGE_LOOP ( 'NONE', ( #6188, #5022, #1983, #6256 ) ) ;
#2903 = ORIENTED_EDGE ( 'NONE', *, *, #1850, .T. ) ;
#2904 = CARTESIAN_POINT ( 'NONE',  ( 29.99999999999999645, 150.0000000000000000, 21.00000000000000000 ) ) ;
#2905 = CARTESIAN_POINT ( 'NONE',  ( -24.45246600800073722, 167.4080760031714021, 5.401002547225291828 ) ) ;
#2906 = DIRECTION ( 'NONE',  ( -0.000000000000000000, -0.000000000000000000, 1.000000000000000000 ) ) ;
#2907 = CARTESIAN_POINT ( 'NONE',  ( -3.673940397442060756E-15, 150.0000000000000000, 21.00000000000000000 ) ) ;
#2908 = LINE ( 'NONE', #5375, #2166 ) ;
#2909 = ORIENTED_EDGE ( 'NONE', *, *, #5356, .T. ) ;
#2910 = EDGE_CURVE ( 'NONE', #1307, #1154, #4927, .T. ) ;
#2911 = CIRCLE ( 'NONE', #1156, 5.750000000000000000 ) ;
#2912 = LINE ( 'NONE', #3921, #3117 ) ;
#2913 = DIRECTION ( 'NONE',  ( 0.000000000000000000, -1.000000000000000000, 0.000000000000000000 ) ) ;
#2914 = VERTEX_POINT ( 'NONE', #3540 ) ;
#2915 = DIRECTION ( 'NONE',  ( -0.000000000000000000, -0.000000000000000000, 1.000000000000000000 ) ) ;
#2916 = VERTEX_POINT ( 'NONE', #4468 ) ;
#2917 = EDGE_CURVE ( 'NONE', #2447, #3654, #91, .T. ) ;
#2918 = PLANE ( 'NONE',  #4281 ) ;
#2919 = ORIENTED_EDGE ( 'NONE', *, *, #4127, .F. ) ;
#2920 = CARTESIAN_POINT ( 'NONE',  ( -17.00985568025585692, 77.42738956583124832, 5.565429081048004711 ) ) ;
#2921 = CARTESIAN_POINT ( 'NONE',  ( -15.22159531471674754, 75.00000000000005684, 5.565429081048006488 ) ) ;
#2922 = CARTESIAN_POINT ( 'NONE',  ( 1.971385830548832763, -29.99940085327983041, 5.000056850121561425 ) ) ;
#2923 = VECTOR ( 'NONE', #1071, 1000.000000000000000 ) ;
#2924 = CARTESIAN_POINT ( 'NONE',  ( 29.01599401131119649, 142.3528505826024571, 20.80957090670551324 ) ) ;
#2925 = CARTESIAN_POINT ( 'NONE',  ( -1.650000000000003242, 0.000000000000000000, 11.00000000000000178 ) ) ;
#2926 = DIRECTION ( 'NONE',  ( 0.5888628737284323789, -0.8082329589569409167, -0.000000000000000000 ) ) ;
#2927 = EDGE_CURVE ( 'NONE', #4375, #2611, #2932, .T. ) ;
#2928 = CARTESIAN_POINT ( 'NONE',  ( -3.673940397442060756E-15, 150.0000000000000000, 5.500000000000000000 ) ) ;
#2929 = EDGE_CURVE ( 'NONE', #2250, #4871, #1999, .T. ) ;
#2930 = CARTESIAN_POINT ( 'NONE',  ( -13.15895462492873413, 28.40124602272797105, 14.01271701339767617 ) ) ;
#2931 = CARTESIAN_POINT ( 'NONE',  ( 2.372921544576893638, 100.0619034969256091, 15.50000000000000178 ) ) ;
#2932 = LINE ( 'NONE', #1970, #2243 ) ;
#2933 = VERTEX_POINT ( 'NONE', #6050 ) ;
#2934 = ORIENTED_EDGE ( 'NONE', *, *, #5816, .F. ) ;
#2935 = CARTESIAN_POINT ( 'NONE',  ( 30.99286971539128999, 74.99999999999995737, 18.50000000000000355 ) ) ;
#2936 = CARTESIAN_POINT ( 'NONE',  ( 22.27751583681980918, 127.2339941216090438, 5.543823307497424580 ) ) ;
#2937 = AXIS2_PLACEMENT_3D ( 'NONE', #5585, #1169, #1098 ) ;
#2938 = DIRECTION ( 'NONE',  ( 0.000000000000000000, 0.000000000000000000, -1.000000000000000000 ) ) ;
#2939 = CARTESIAN_POINT ( 'NONE',  ( 30.99286971539128999, 74.99999999999995737, 17.50000000000000000 ) ) ;
#2940 = CARTESIAN_POINT ( 'NONE',  ( -22.27569735221371161, 127.2298027597003056, 15.43457091895199973 ) ) ;
#2941 = CYLINDRICAL_SURFACE ( 'NONE', #3804, 1.499999999999998446 ) ;
#2942 = ORIENTED_EDGE ( 'NONE', *, *, #4058, .F. ) ;
#2943 = VERTEX_POINT ( 'NONE', #3022 ) ;
#2944 = CARTESIAN_POINT ( 'NONE',  ( 12.57435216595283656, 28.88140695337690644, 7.000000000000000000 ) ) ;
#2945 = CYLINDRICAL_SURFACE ( 'NONE', #3366, 5.750000000000000888 ) ;
#2946 = ORIENTED_EDGE ( 'NONE', *, *, #1599, .T. ) ;
#2947 = EDGE_CURVE ( 'NONE', #5607, #5292, #5557, .T. ) ;
#2948 = CARTESIAN_POINT ( 'NONE',  ( 29.55174693790586815, 36.67477168128547760, 3.500000000000002220 ) ) ;
#2949 = EDGE_LOOP ( 'NONE', ( #318, #2221, #2747, #1842 ) ) ;
#2950 = TOROIDAL_SURFACE ( 'NONE', #1604, 262.6066884401992638, 1.500000000000000000 ) ;
#2951 = CARTESIAN_POINT ( 'NONE',  ( -16.66616770818207982, 71.49665684287316481, 6.477260716325505818 ) ) ;
#2952 = FACE_BOUND ( 'NONE', #5086, .T. ) ;
#2953 = LINE ( 'NONE', #2891, #3648 ) ;
#2954 = AXIS2_PLACEMENT_3D ( 'NONE', #6387, #933, #3462 ) ;
#2955 = CARTESIAN_POINT ( 'NONE',  ( 29.42557157988112237, 143.1608485421961632, 1.626026421466885807 ) ) ;
#2956 = CARTESIAN_POINT ( 'NONE',  ( 17.01122097318216575, 72.57933554843651791, 15.49999999999851497 ) ) ;
#2957 = CARTESIAN_POINT ( 'NONE',  ( -1.816043739957014402, 98.34423545284774093, 6.413198129412021053 ) ) ;
#2958 = CARTESIAN_POINT ( 'NONE',  ( 29.55174693790586460, 113.3252283187146929, 3.500000000000002220 ) ) ;
#2959 = CARTESIAN_POINT ( 'NONE',  ( 17.72381198230922905, 125.7894715712095035, 15.35933066173105033 ) ) ;
#2960 = CARTESIAN_POINT ( 'NONE',  ( 28.84037691363148781, 141.7396937417748859, 20.81409165536522821 ) ) ;
#2961 = ORIENTED_EDGE ( 'NONE', *, *, #2440, .T. ) ;
#2962 = ORIENTED_EDGE ( 'NONE', *, *, #3472, .T. ) ;
#2963 = LINE ( 'NONE', #857, #3682 ) ;
#2964 = CARTESIAN_POINT ( 'NONE',  ( -22.27915728199900158, 22.76038811680079732, 15.49999999999851497 ) ) ;
#2965 = DIRECTION ( 'NONE',  ( 0.5788523453879101943, 0.8154323774776884859, 0.000000000000000000 ) ) ;
#2966 = AXIS2_PLACEMENT_3D ( 'NONE', #3560, #1624, #624 ) ;
#2967 = CARTESIAN_POINT ( 'NONE',  ( -1.469704118686714800, 98.34210013437022724, -0.02689427233690242988 ) ) ;
#2968 = VECTOR ( 'NONE', #2565, 1000.000000000000000 ) ;
#2969 = CARTESIAN_POINT ( 'NONE',  ( 30.55103441749232474, 36.63702869330428058, 3.500000000000002220 ) ) ;
#2970 = CARTESIAN_POINT ( 'NONE',  ( 21.42116764072802582, 24.74988454414932093, 14.40994560127685276 ) ) ;
#2971 = VERTEX_POINT ( 'NONE', #5987 ) ;
#2972 = ORIENTED_EDGE ( 'NONE', *, *, #1911, .T. ) ;
#2973 = EDGE_CURVE ( 'NONE', #293, #6166, #2227, .T. ) ;
#2974 = EDGE_CURVE ( 'NONE', #2815, #5241, #120, .T. ) ;
#2975 = AXIS2_PLACEMENT_3D ( 'NONE', #3623, #2229, #2658 ) ;
#2976 = CARTESIAN_POINT ( 'NONE',  ( -3.673940397442060756E-15, 150.0000000000000000, 7.000000000000000000 ) ) ;
#2977 = DIRECTION ( 'NONE',  ( -0.000000000000000000, 0.000000000000000000, 1.000000000000000000 ) ) ;
#2978 = AXIS2_PLACEMENT_3D ( 'NONE', #5714, #4185, #4126 ) ;
#2979 = VERTEX_POINT ( 'NONE', #3514 ) ;
#2980 = PLANE ( 'NONE',  #2451 ) ;
#2981 = ORIENTED_EDGE ( 'NONE', *, *, #5132, .T. ) ;
#2982 = EDGE_CURVE ( 'NONE', #3826, #2076, #3587, .T. ) ;
#2983 = LINE ( 'NONE', #529, #5133 ) ;
#2984 = CARTESIAN_POINT ( 'NONE',  ( 1.649999999999997247, 2.020667218593132508E-16, 11.00000000000000178 ) ) ;
#2985 = PLANE ( 'NONE',  #1001 ) ;
#2986 = ORIENTED_EDGE ( 'NONE', *, *, #4487, .T. ) ;
#2987 = CIRCLE ( 'NONE', #3814, 20.10000000000000142 ) ;
#2988 = EDGE_CURVE ( 'NONE', #649, #1466, #6126, .T. ) ;
#2989 = EDGE_CURVE ( 'NONE', #5761, #1307, #1096, .T. ) ;
#2990 = CARTESIAN_POINT ( 'NONE',  ( 25.98891577576710077, 157.3327999041875387, 4.570212010049903739 ) ) ;
#2991 = DIRECTION ( 'NONE',  ( -0.000000000000000000, -0.000000000000000000, -1.000000000000000000 ) ) ;
#2992 = CARTESIAN_POINT ( 'NONE',  ( 18.38215907066006238, 126.2914313401049213, 0.000000000000000000 ) ) ;
#2993 = DIRECTION ( 'NONE',  ( -0.000000000000000000, 0.07521308834678465394, -0.9971674840975004450 ) ) ;
#2994 = DIRECTION ( 'NONE',  ( -1.000000000000000000, 0.000000000000000000, -0.000000000000000000 ) ) ;
#2995 = CARTESIAN_POINT ( 'NONE',  ( -17.00997526639650914, 77.28630117980742398, 17.33524125393148907 ) ) ;
#2996 = VERTEX_POINT ( 'NONE', #6146 ) ;
#2997 = EDGE_CURVE ( 'NONE', #937, #2663, #505, .T. ) ;
#2998 = SHAPE_DEFINITION_REPRESENTATION ( #1242, #5738 ) ;
#2999 = CARTESIAN_POINT ( 'NONE',  ( -29.98814357793577656, 150.9732660654506162, 3.512644575161687932 ) ) ;
#3000 = DIRECTION ( 'NONE',  ( -1.000000000000000000, 0.000000000000000000, 0.000000000000000000 ) ) ;
#3001 = DIRECTION ( 'NONE',  ( -0.5788523453879270697, -0.8154323774776766065, 0.000000000000000000 ) ) ;
#3002 = FACE_OUTER_BOUND ( 'NONE', #330, .T. ) ;
#3003 = PLANE ( 'NONE',  #719 ) ;
#3004 = VERTEX_POINT ( 'NONE', #3630 ) ;
#3005 = VERTEX_POINT ( 'NONE', #4563 ) ;
#3006 = CARTESIAN_POINT ( 'NONE',  ( -7.825792614798337298E-13, -1.804112415015879378E-13, -117.0000000000000000 ) ) ;
#3007 = DIRECTION ( 'NONE',  ( -0.000000000000000000, 0.000000000000000000, 1.000000000000000000 ) ) ;
#3008 = EDGE_CURVE ( 'NONE', #5270, #521, #2428, .T. ) ;
#3009 = ORIENTED_EDGE ( 'NONE', *, *, #1081, .T. ) ;
#3010 = ADVANCED_FACE ( 'NONE', ( #5215 ), #3177, .F. ) ;
#3011 = DIRECTION ( 'NONE',  ( 0.5888628737284323789, -0.8082329589569410278, 0.000000000000000000 ) ) ;
#3012 = ORIENTED_EDGE ( 'NONE', *, *, #6384, .T. ) ;
#3013 = CARTESIAN_POINT ( 'NONE',  ( -17.74817186027348370, 24.18682276815654930, 15.49999999999995737 ) ) ;
#3014 = CARTESIAN_POINT ( 'NONE',  ( -23.99918072960906557, 130.0774651082687967, 0.000000000000000000 ) ) ;
#3015 = EDGE_LOOP ( 'NONE', ( #6225, #420, #2390 ) ) ;
#3016 = CARTESIAN_POINT ( 'NONE',  ( 29.49964207320297760, 141.1997500563590506, 20.41497781646494758 ) ) ;
#3017 = LINE ( 'NONE', #1013, #5971 ) ;
#3018 = CARTESIAN_POINT ( 'NONE',  ( 17.96160490080941585, 24.03020665034597059, 17.40977562557507241 ) ) ;
#3019 = AXIS2_PLACEMENT_3D ( 'NONE', #4120, #5305, #5833 ) ;
#3020 = CARTESIAN_POINT ( 'NONE',  ( 0.9653319468908254652, 97.62971668440488315, 21.00000000000000000 ) ) ;
#3021 = CARTESIAN_POINT ( 'NONE',  ( 28.12642030999310450, -1.062332077005043507, 17.50000000000000000 ) ) ;
#3022 = CARTESIAN_POINT ( 'NONE',  ( -1.649999999999987921, 150.0000000000009948, 8.000000000000001776 ) ) ;
#3023 = ORIENTED_EDGE ( 'NONE', *, *, #4449, .T. ) ;
#3024 = CARTESIAN_POINT ( 'NONE',  ( 29.48670900398765582, 8.457832588038412425, 0.6032191424517315825 ) ) ;
#3025 = CARTESIAN_POINT ( 'NONE',  ( -278.1066884401993207, 75.00000000000000000, 15.50000000000000178 ) ) ;
#3026 = CARTESIAN_POINT ( 'NONE',  ( 29.51695639438649010, 9.258665805874127130, 19.69999999999812346 ) ) ;
#3027 = ADVANCED_FACE ( 'NONE', ( #5682 ), #6078, .F. ) ;
#3028 = DIRECTION ( 'NONE',  ( -1.000000000000000000, 0.000000000000000000, 0.000000000000000000 ) ) ;
#3029 = CARTESIAN_POINT ( 'NONE',  ( 29.39387691339797826, 143.9999999999992326, 1.857151321493136775 ) ) ;
#3030 = ORIENTED_EDGE ( 'NONE', *, *, #500, .T. ) ;
#3031 = CIRCLE ( 'NONE', #6079, 258.9923101625378195 ) ;
#3032 = DIRECTION ( 'NONE',  ( -0.000000000000000000, -0.000000000000000000, 1.000000000000000000 ) ) ;
#3033 = FACE_OUTER_BOUND ( 'NONE', #1777, .T. ) ;
#3034 = ORIENTED_EDGE ( 'NONE', *, *, #5026, .F. ) ;
#3035 = AXIS2_PLACEMENT_3D ( 'NONE', #4131, #6086, #3213 ) ;
#3036 = VERTEX_POINT ( 'NONE', #245 ) ;
#3037 = ORIENTED_EDGE ( 'NONE', *, *, #5512, .F. ) ;
#3038 = DIRECTION ( 'NONE',  ( -0.5888628737284323789, -0.8082329589569409167, -0.000000000000000000 ) ) ;
#3039 = CARTESIAN_POINT ( 'NONE',  ( -16.03466805310923604, 75.70332215241711538, 0.000000000000000000 ) ) ;
#3040 = ORIENTED_EDGE ( 'NONE', *, *, #3594, .F. ) ;
#3041 = EDGE_CURVE ( 'NONE', #5885, #1277, #6251, .T. ) ;
#3042 = EDGE_CURVE ( 'NONE', #3082, #709, #1133, .T. ) ;
#3043 = DIRECTION ( 'NONE',  ( -0.8146562665393389802, 0.5783014062182958437, -0.04361938736533609029 ) ) ;
#3044 = CYLINDRICAL_SURFACE ( 'NONE', #126, 1.500000000000002442 ) ;
#3045 = LINE ( 'NONE', #3511, #3170 ) ;
#3046 = DIRECTION ( 'NONE',  ( 0.000000000000000000, 0.000000000000000000, -1.000000000000000000 ) ) ;
#3047 = CARTESIAN_POINT ( 'NONE',  ( -7.825792614798337298E-13, -1.804112415015879378E-13, 8.000000000000001776 ) ) ;
#3048 = VECTOR ( 'NONE', #1889, 1000.000000000000000 ) ;
#3049 = CARTESIAN_POINT ( 'NONE',  ( 0.000000000000000000, 0.000000000000000000, 21.00000000000000000 ) ) ;
#3050 = EDGE_LOOP ( 'NONE', ( #3217, #589, #3531, #84 ) ) ;
#3051 = ADVANCED_FACE ( 'NONE', ( #217 ), #1948, .F. ) ;
#3052 = CARTESIAN_POINT ( 'NONE',  ( 19.99116923586948502, 28.11484194711011142, 6.977453342560702154 ) ) ;
#3053 = CARTESIAN_POINT ( 'NONE',  ( 30.37184558274264035, 31.89280549782642282, 3.472641227077083226 ) ) ;
#3054 = CARTESIAN_POINT ( 'NONE',  ( 29.70774787492440439, 135.6899180792100594, 2.214258262368440811 ) ) ;
#3055 = CARTESIAN_POINT ( 'NONE',  ( -29.59571222118120559, 4.915123202987887296, 19.19887471754933372 ) ) ;
#3056 = ORIENTED_EDGE ( 'NONE', *, *, #5775, .F. ) ;
#3057 = CARTESIAN_POINT ( 'NONE',  ( 0.000000000000000000, 0.000000000000000000, 14.00000000000000178 ) ) ;
#3058 = LINE ( 'NONE', #1024, #3194 ) ;
#3059 = ORIENTED_EDGE ( 'NONE', *, *, #5431, .F. ) ;
#3060 = VECTOR ( 'NONE', #2642, 1000.000000000000227 ) ;
#3061 = CARTESIAN_POINT ( 'NONE',  ( -16.41845417155994724, 79.28366387022502693, 6.714815794296058016 ) ) ;
#3062 = CARTESIAN_POINT ( 'NONE',  ( 16.78600405087358993, 71.87272398841919596, 6.309163975848067096 ) ) ;
#3063 = CARTESIAN_POINT ( 'NONE',  ( 22.60957975156222943, -19.74319151080736745, 5.446817119555509734 ) ) ;
#3064 = ORIENTED_EDGE ( 'NONE', *, *, #5855, .T. ) ;
#3065 = AXIS2_PLACEMENT_3D ( 'NONE', #1869, #1451, #423 ) ;
#3066 = CIRCLE ( 'NONE', #2760, 252.1066884401991786 ) ;
#3067 = VECTOR ( 'NONE', #632, 1000.000000000000000 ) ;
#3068 = CARTESIAN_POINT ( 'NONE',  ( 27.00207563527498422, 137.9999999999999716, -2.119276434030256687E-15 ) ) ;
#3069 = VERTEX_POINT ( 'NONE', #2179 ) ;
#3070 = DIRECTION ( 'NONE',  ( 1.000000000000000000, 3.578073287499912417E-15, 0.000000000000000000 ) ) ;
#3071 = DIRECTION ( 'NONE',  ( -0.000000000000000000, -0.000000000000000000, -1.000000000000000000 ) ) ;
#3072 = ORIENTED_EDGE ( 'NONE', *, *, #6261, .F. ) ;
#3073 = CARTESIAN_POINT ( 'NONE',  ( 30.00000000000000000, 2.032221719180126840, 2.885218729991247510 ) ) ;
#3074 = CARTESIAN_POINT ( 'NONE',  ( -15.75742720906479732, 26.12245314709464949, 6.630221641539035815 ) ) ;
#3075 = LINE ( 'NONE', #1694, #4953 ) ;
#3076 = AXIS2_PLACEMENT_3D ( 'NONE', #2939, #2422, #3915 ) ;
#3077 = DIRECTION ( 'NONE',  ( -0.5888628737284321568, -0.8082329589569411388, -0.000000000000000000 ) ) ;
#3078 = CARTESIAN_POINT ( 'NONE',  ( -6.208744310275228838E-15, 103.4050362758487296, 14.00000000000000178 ) ) ;
#3079 = ADVANCED_FACE ( 'NONE', ( #4155 ), #1199, .F. ) ;
#3080 = EDGE_CURVE ( 'NONE', #3735, #839, #1697, .T. ) ;
#3081 = CARTESIAN_POINT ( 'NONE',  ( 17.01122097318217996, 77.42066445156365262, 5.500000000001391776 ) ) ;
#3082 = VERTEX_POINT ( 'NONE', #4684 ) ;
#3083 = CARTESIAN_POINT ( 'NONE',  ( -29.99999999999969802, -0.6500470566918812310, 20.69185070396663662 ) ) ;
#3084 = CARTESIAN_POINT ( 'NONE',  ( 30.46141103633297931, 34.26415024723768710, 3.500000000230163444 ) ) ;
#3085 = CIRCLE ( 'NONE', #3295, 30.00000000000001421 ) ;
#3086 = CARTESIAN_POINT ( 'NONE',  ( -26.78163637905121064, 19.01152500136548440, 15.50000000000000178 ) ) ;
#3087 = CARTESIAN_POINT ( 'NONE',  ( -29.42075821081582276, 5.866960012214833320, 18.72521029133926973 ) ) ;
#3088 = CARTESIAN_POINT ( 'NONE',  ( 17.74236018148317129, 125.8083054323756755, 5.543951833783232530 ) ) ;
#3089 = DIRECTION ( 'NONE',  ( -0.000000000000000000, -0.000000000000000000, -1.000000000000000000 ) ) ;
#3090 = ORIENTED_EDGE ( 'NONE', *, *, #1231, .F. ) ;
#3091 = EDGE_LOOP ( 'NONE', ( #2013, #3417, #5636, #1985 ) ) ;
#3092 = ORIENTED_EDGE ( 'NONE', *, *, #560, .T. ) ;
#3093 = DIRECTION ( 'NONE',  ( -0.8082329589569409167, 0.5888628737284324899, 0.000000000000000000 ) ) ;
#3094 = CARTESIAN_POINT ( 'NONE',  ( -15.84610458595609295, 81.10178019169785557, 14.01871457236446972 ) ) ;
#3095 = ORIENTED_EDGE ( 'NONE', *, *, #4487, .F. ) ;
#3096 = CARTESIAN_POINT ( 'NONE',  ( 29.62420619564826652, -4.831904362062448222, 4.208190675201803899 ) ) ;
#3097 = EDGE_CURVE ( 'NONE', #2088, #5197, #1426, .T. ) ;
#3098 = ORIENTED_EDGE ( 'NONE', *, *, #56, .F. ) ;
#3099 = CARTESIAN_POINT ( 'NONE',  ( 27.85599597578164222, 138.4082808106895754, 0.1397003706542123136 ) ) ;
#3100 = EDGE_LOOP ( 'NONE', ( #1185, #3072, #1788, #1691 ) ) ;
#3101 = CARTESIAN_POINT ( 'NONE',  ( 30.55103441749232829, 36.63702869330430190, 17.50000000000000000 ) ) ;
#3102 = CARTESIAN_POINT ( 'NONE',  ( 15.22159531471674754, 75.00000000000005684, 5.565429081048006488 ) ) ;
#3103 = ADVANCED_FACE ( 'NONE', ( #5586 ), #2634, .T. ) ;
#3104 = ORIENTED_EDGE ( 'NONE', *, *, #4840, .T. ) ;
#3105 = B_SPLINE_CURVE_WITH_KNOTS ( 'NONE', 3,
 ( #5260, #3322, #5757, #4302, #6187, #2741, #1310, #5790, #5199, #1744, #6318, #353, #2254, #2773, #735, #3286 ),
 .UNSPECIFIED., .F., .F.,
 ( 4, 2, 2, 2, 2, 2, 2, 4 ),
 ( -9.918063960365867078E-06, 0.001272805251991666799, 0.002555528567943699501, 0.003196890225919732983, 0.003838251883895767332, 0.004479613541871801247, 0.004800294370859816036, 0.005120975199847830825 ),
 .UNSPECIFIED. ) ;
#3106 = VECTOR ( 'NONE', #2307, 1000.000000000000000 ) ;
#3107 = CARTESIAN_POINT ( 'NONE',  ( 29.43472904442140248, 142.9183945090277348, 19.98722049546469748 ) ) ;
#3108 = CARTESIAN_POINT ( 'NONE',  ( -13.73678573377138079, 27.91571576296507473, 6.950719129591052869 ) ) ;
#3109 = CARTESIAN_POINT ( 'NONE',  ( 3.469446951953613794E-15, 48.06092773400538221, 6.999999999999998224 ) ) ;
#3110 = CARTESIAN_POINT ( 'NONE',  ( -30.00000000000000355, 150.0000000000116245, 20.56312544678507948 ) ) ;
#3111 = CARTESIAN_POINT ( 'NONE',  ( 3.469446951953614189E-15, 100.8161682435899991, 15.43457091895199973 ) ) ;
#3112 = DIRECTION ( 'NONE',  ( -0.000000000000000000, -0.000000000000000000, -1.000000000000000000 ) ) ;
#3113 = EDGE_CURVE ( 'NONE', #5310, #5162, #1099, .T. ) ;
#3114 = EDGE_CURVE ( 'NONE', #3302, #4140, #6017, .T. ) ;
#3115 = CARTESIAN_POINT ( 'NONE',  ( 20.11000692170345516, 27.83281219040396337, 6.963936587803253531 ) ) ;
#3116 = CARTESIAN_POINT ( 'NONE',  ( 29.56942471162557240, 10.64782271412154380, 1.634713154276743685 ) ) ;
#3117 = VECTOR ( 'NONE', #3436, 1000.000000000000000 ) ;
#3118 = CARTESIAN_POINT ( 'NONE',  ( 1.650000000000018563, 150.0000000000009948, 11.00000000000000178 ) ) ;
#3119 = CARTESIAN_POINT ( 'NONE',  ( -29.55387098053382644, 144.8396706222335695, 19.10489224434827094 ) ) ;
#3120 = LINE ( 'NONE', #5595, #2827 ) ;
#3121 = ORIENTED_EDGE ( 'NONE', *, *, #3768, .T. ) ;
#3122 = DIRECTION ( 'NONE',  ( 0.000000000000000000, -0.000000000000000000, -1.000000000000000000 ) ) ;
#3123 = ORIENTED_EDGE ( 'NONE', *, *, #927, .T. ) ;
#3124 =( BOUNDED_CURVE ( )  B_SPLINE_CURVE ( 3, ( #13, #4441, #1975, #5372 ),
 .UNSPECIFIED., .F., .F. ) 
 B_SPLINE_CURVE_WITH_KNOTS ( ( 4, 4 ),
 ( 0.4136089057638371869, 0.4158912159703899158 ),
 .UNSPECIFIED. ) 
 CURVE ( )  GEOMETRIC_REPRESENTATION_ITEM ( )  RATIONAL_B_SPLINE_CURVE ( ( 1.000000000000000000, 0.9999995659217237876, 0.9999995659217237876, 1.000000000000000000 ) ) 
 REPRESENTATION_ITEM ( '' )  );
#3125 = EDGE_LOOP ( 'NONE', ( #163, #3775, #5415, #331, #5007 ) ) ;
#3126 = ORIENTED_EDGE ( 'NONE', *, *, #3939, .F. ) ;
#3127 = VECTOR ( 'NONE', #219, 1000.000000000000000 ) ;
#3128 = ADVANCED_FACE ( 'NONE', ( #1823 ), #5774, .F. ) ;
#3129 = EDGE_CURVE ( 'NONE', #5310, #2777, #5948, .T. ) ;
#3130 = CARTESIAN_POINT ( 'NONE',  ( -16.66616770818210824, 78.50334315712701994, 6.477260716325542234 ) ) ;
#3131 = CARTESIAN_POINT ( 'NONE',  ( -16.41845417155993658, 79.28366387022497008, 14.28518420570396508 ) ) ;
#3132 = ORIENTED_EDGE ( 'NONE', *, *, #911, .F. ) ;
#3133 = CARTESIAN_POINT ( 'NONE',  ( 26.83582118295767316, -3.455339455000257409, 3.990013902607946417 ) ) ;
#3134 = ORIENTED_EDGE ( 'NONE', *, *, #4872, .F. ) ;
#3135 = VECTOR ( 'NONE', #4125, 1000.000000000000000 ) ;
#3136 = CARTESIAN_POINT ( 'NONE',  ( 29.43522752053740987, 142.9051968008377003, 19.98642361509526211 ) ) ;
#3137 = EDGE_CURVE ( 'NONE', #3709, #131, #2147, .T. ) ;
#3138 = AXIS2_PLACEMENT_3D ( 'NONE', #3173, #1259, #6168 ) ;
#3139 = ORIENTED_EDGE ( 'NONE', *, *, #3097, .T. ) ;
#3140 = FACE_OUTER_BOUND ( 'NONE', #1178, .T. ) ;
#3141 = CARTESIAN_POINT ( 'NONE',  ( 29.55174693790586460, 113.3252283187146787, 18.50000000000000711 ) ) ;
#3142 = ORIENTED_EDGE ( 'NONE', *, *, #3472, .F. ) ;
#3143 = DIRECTION ( 'NONE',  ( -0.000000000000000000, -0.000000000000000000, -1.000000000000000000 ) ) ;
#3144 = DIRECTION ( 'NONE',  ( -0.000000000000000000, 0.000000000000000000, -1.000000000000000000 ) ) ;
#3145 = CARTESIAN_POINT ( 'NONE',  ( 30.46432708261893296, 115.6586441922250970, 17.50000000000000711 ) ) ;
#3146 = CARTESIAN_POINT ( 'NONE',  ( 17.00779500779313125, 72.98242804830888986, 21.00000000000000000 ) ) ;
#3147 = CARTESIAN_POINT ( 'NONE',  ( -1.649999999999986589, 135.0000000000009948, 15.66690475583125419 ) ) ;
#3148 = CARTESIAN_POINT ( 'NONE',  ( 4.810387140297865294, 26.56857104539160019, 5.832414590781720420 ) ) ;
#3149 = CARTESIAN_POINT ( 'NONE',  ( 29.14652252871742633, 13.14934559310116668, 1.169246673673497883 ) ) ;
#3150 = CARTESIAN_POINT ( 'NONE',  ( 17.73824133803177361, 24.19587684564405095, 5.565429081048003823 ) ) ;
#3151 = DIRECTION ( 'NONE',  ( 1.000000000000000000, 0.000000000000000000, 0.000000000000000000 ) ) ;
#3152 = CARTESIAN_POINT ( 'NONE',  ( -14.42217164733986223, 122.6734914597761588, 6.880287504227836415 ) ) ;
#3153 = LINE ( 'NONE', #4104, #4004 ) ;
#3154 = ORIENTED_EDGE ( 'NONE', *, *, #6359, .T. ) ;
#3155 = ORIENTED_EDGE ( 'NONE', *, *, #2591, .T. ) ;
#3156 = ORIENTED_EDGE ( 'NONE', *, *, #3671, .F. ) ;
#3157 = VECTOR ( 'NONE', #3771, 1000.000000000000114 ) ;
#3158 = DIRECTION ( 'NONE',  ( -0.000000000000000000, -0.000000000000000000, -1.000000000000000000 ) ) ;
#3159 = CARTESIAN_POINT ( 'NONE',  ( -16.60495145326134647, 78.69580175023128277, 14.45420165068921925 ) ) ;
#3160 = CARTESIAN_POINT ( 'NONE',  ( -15.40646341282482723, -22.17740806290687416, 5.434268044355635041 ) ) ;
#3161 = EDGE_CURVE ( 'NONE', #2916, #44, #4216, .T. ) ;
#3162 = ADVANCED_FACE ( 'NONE', ( #5355 ), #1841, .T. ) ;
#3163 = ORIENTED_EDGE ( 'NONE', *, *, #4982, .T. ) ;
#3164 = AXIS2_PLACEMENT_3D ( 'NONE', #223, #2187, #1703 ) ;
#3165 = CARTESIAN_POINT ( 'NONE',  ( 27.68907695604674046, 138.2790548053424118, 0.09567807912851561403 ) ) ;
#3166 = ORIENTED_EDGE ( 'NONE', *, *, #868, .T. ) ;
#3167 = CARTESIAN_POINT ( 'NONE',  ( -5.204170427930422072E-15, 55.21169288451698520, 14.00000000000000000 ) ) ;
#3168 = AXIS2_PLACEMENT_3D ( 'NONE', #5973, #1495, #3011 ) ;
#3169 = CARTESIAN_POINT ( 'NONE',  ( 29.09790089312156169, 140.5508468074496022, 20.49999999999833378 ) ) ;
#3170 = VECTOR ( 'NONE', #5497, 1000.000000000000227 ) ;
#3171 = ORIENTED_EDGE ( 'NONE', *, *, #6129, .T. ) ;
#3172 = ADVANCED_FACE ( 'NONE', ( #3339 ), #4289, .F. ) ;
#3173 = CARTESIAN_POINT ( 'NONE',  ( 0.000000000000000000, 25.00000000000000000, 9.000000000000000000 ) ) ;
#3174 = CARTESIAN_POINT ( 'NONE',  ( -3.673940397442060756E-15, 150.0000000000000000, 21.00000000000000000 ) ) ;
#3175 = CARTESIAN_POINT ( 'NONE',  ( -20.70519337430940254, 26.42633928107317232, 6.854196008978510335 ) ) ;
#3176 = DIRECTION ( 'NONE',  ( -0.9992874795864556958, -0.03774298798119870429, 0.000000000000000000 ) ) ;
#3177 = CYLINDRICAL_SURFACE ( 'NONE', #401, 1.500000000000002442 ) ;
#3178 = CARTESIAN_POINT ( 'NONE',  ( -1.654595914230232445, 26.95111267273911793, 3.482963269652377125 ) ) ;
#3179 = LINE ( 'NONE', #2274, #3127 ) ;
#3180 = AXIS2_PLACEMENT_3D ( 'NONE', #3356, #668, #3151 ) ;
#3181 = CARTESIAN_POINT ( 'NONE',  ( 15.75739066140025102, 26.12248719988497569, 6.630230866964182290 ) ) ;
#3182 = CARTESIAN_POINT ( 'NONE',  ( -14.87349643565094581, 123.0727759468224463, 6.812080069991575115 ) ) ;
#3183 = CARTESIAN_POINT ( 'NONE',  ( 22.27915728199864631, 127.2396118831975400, 15.49999999999851497 ) ) ;
#3184 = EDGE_LOOP ( 'NONE', ( #4947, #2972, #5900 ) ) ;
#3185 = ORIENTED_EDGE ( 'NONE', *, *, #4982, .F. ) ;
#3186 = EDGE_LOOP ( 'NONE', ( #1513, #738, #2169, #3772 ) ) ;
#3187 = EDGE_CURVE ( 'NONE', #620, #6125, #2666, .T. ) ;
#3188 = VECTOR ( 'NONE', #2993, 1000.000000000000114 ) ;
#3189 = CARTESIAN_POINT ( 'NONE',  ( -21.94842733413286240, 170.4751257253583105, 5.449531845537106456 ) ) ;
#3190 = DIRECTION ( 'NONE',  ( 0.000000000000000000, -1.000000000000000000, 0.000000000000000000 ) ) ;
#3191 = ORIENTED_EDGE ( 'NONE', *, *, #2893, .T. ) ;
#3192 = B_SPLINE_CURVE_WITH_KNOTS ( 'NONE', 3,
 ( #4161, #6180, #1702, #4571 ),
 .UNSPECIFIED., .F., .F.,
 ( 4, 4 ),
 ( 3.822418994192221895E-16, 6.578796115911823687E-05 ),
 .UNSPECIFIED. ) ;
#3193 = DIRECTION ( 'NONE',  ( 0.03774298798119871123, -0.9992874795864558068, 0.000000000000000000 ) ) ;
#3194 = VECTOR ( 'NONE', #2580, 1000.000000000000227 ) ;
#3195 = ORIENTED_EDGE ( 'NONE', *, *, #2380, .T. ) ;
#3196 = EDGE_CURVE ( 'NONE', #3541, #4538, #904, .T. ) ;
#3197 =( LENGTH_UNIT ( ) NAMED_UNIT ( * ) SI_UNIT ( .MILLI., .METRE. ) );
#3198 = EDGE_CURVE ( 'NONE', #985, #2487, #2556, .T. ) ;
#3199 = ORIENTED_EDGE ( 'NONE', *, *, #2508, .T. ) ;
#3200 = CARTESIAN_POINT ( 'NONE',  ( 2.325087137846783713E-17, 54.10787796254885507, 15.43457091895199618 ) ) ;
#3201 = VERTEX_POINT ( 'NONE', #274 ) ;
#3202 = CARTESIAN_POINT ( 'NONE',  ( -2.372921544576876762, 96.60417417671827423, 5.500000000000000000 ) ) ;
#3203 = DIRECTION ( 'NONE',  ( -0.000000000000000000, 0.000000000000000000, 1.000000000000000000 ) ) ;
#3204 = FACE_OUTER_BOUND ( 'NONE', #2248, .T. ) ;
#3205 = CARTESIAN_POINT ( 'NONE',  ( -15.05302111095253004, -25.96889246397722317, 5.301521784298010687 ) ) ;
#3206 = DIRECTION ( 'NONE',  ( 0.000000000000000000, -0.000000000000000000, -1.000000000000000000 ) ) ;
#3207 = B_SPLINE_CURVE_WITH_KNOTS ( 'NONE', 3,
 ( #6288, #6320, #2096, #5478, #993, #1489, #2970, #2514, #4443, #1049, #5029, #546, #4508, #5001, #70, #5597 ),
 .UNSPECIFIED., .F., .F.,
 ( 4, 2, 2, 2, 2, 2, 2, 4 ),
 ( -1.184109088559412911E-05, 0.001825696770277289351, 0.003663234631440172740, 0.005500772492603055695, 0.006419541423184502160, 0.006878925888475223224, 0.007108618121120587226, 0.007338310353765952095 ),
 .UNSPECIFIED. ) ;
#3208 = CARTESIAN_POINT ( 'NONE',  ( -5.603500205676311907, 26.41220193872661426, 7.666624108146298688 ) ) ;
#3209 = CARTESIAN_POINT ( 'NONE',  ( -12.57435216595293248, 121.1185930466224505, 14.00000000000000178 ) ) ;
#3210 = CARTESIAN_POINT ( 'NONE',  ( -29.83510487712416293, 3.629864846480092666, 2.496501003103893890 ) ) ;
#3211 = EDGE_CURVE ( 'NONE', #4675, #1374, #6224, .T. ) ;
#3212 = CARTESIAN_POINT ( 'NONE',  ( 30.46141103633286207, 115.7358497527654890, 3.500000000230163444 ) ) ;
#3213 = DIRECTION ( 'NONE',  ( 1.000000000000000000, 0.000000000000000000, 0.000000000000000000 ) ) ;
#3214 = DIRECTION ( 'NONE',  ( -0.000000000000000000, 0.000000000000000000, 1.000000000000000000 ) ) ;
#3215 = VERTEX_POINT ( 'NONE', #813 ) ;
#3216 = ORIENTED_EDGE ( 'NONE', *, *, #1993, .F. ) ;
#3217 = ORIENTED_EDGE ( 'NONE', *, *, #4127, .T. ) ;
#3218 = CARTESIAN_POINT ( 'NONE',  ( 12.40684625884289183, 177.3187845737011514, 5.218289862639541532 ) ) ;
#3219 = CARTESIAN_POINT ( 'NONE',  ( 1.641026710857447199E-14, 159.0000000000009663, 15.66690475583125419 ) ) ;
#3220 = EDGE_CURVE ( 'NONE', #3709, #2799, #5743, .T. ) ;
#3221 = ORIENTED_EDGE ( 'NONE', *, *, #3187, .T. ) ;
#3222 = CARTESIAN_POINT ( 'NONE',  ( 26.41325623132058809, -5.615486362785330421, 4.326031246579242762 ) ) ;
#3223 = ORIENTED_EDGE ( 'NONE', *, *, #3528, .F. ) ;
#3224 = EDGE_LOOP ( 'NONE', ( #6040, #6156, #2486, #5670 ) ) ;
#3225 = CARTESIAN_POINT ( 'NONE',  ( 24.65081177573939897, 161.0502690208781189, 4.997873394683516324 ) ) ;
#3226 = CARTESIAN_POINT ( 'NONE',  ( -15.59117595168159554, 68.08056964636658392, 14.00000000000000178 ) ) ;
#3227 = ORIENTED_EDGE ( 'NONE', *, *, #6148, .F. ) ;
#3228 = CARTESIAN_POINT ( 'NONE',  ( 1.796977721417233775, 98.30754675603193959, 15.43457091895199795 ) ) ;
#3229 = CARTESIAN_POINT ( 'NONE',  ( 30.46434850550565798, 115.6580769975319640, 17.49999999985258725 ) ) ;
#3230 = EDGE_LOOP ( 'NONE', ( #3807, #1062, #6266, #1626, #4163, #3851 ) ) ;
#3231 = VECTOR ( 'NONE', #1864, 1000.000000000000000 ) ;
#3232 = LINE ( 'NONE', #5768, #5024 ) ;
#3233 = DIRECTION ( 'NONE',  ( -1.000000000000000000, 0.000000000000000000, 0.000000000000000000 ) ) ;
#3234 = DIRECTION ( 'NONE',  ( 1.000000000000000000, -2.642314232406670816E-15, 0.000000000000000000 ) ) ;
#3235 = FACE_OUTER_BOUND ( 'NONE', #4802, .T. ) ;
#3236 = LINE ( 'NONE', #6339, #3048 ) ;
#3237 = EDGE_CURVE ( 'NONE', #622, #839, #983, .T. ) ;
#3238 = EDGE_CURVE ( 'NONE', #3248, #1119, #3236, .T. ) ;
#3239 = B_SPLINE_CURVE_WITH_KNOTS ( 'NONE', 3,
 ( #3450, #4327, #479, #4, #5403, #2898, #5954, #2413, #4465, #3904, #1967, #5917, #5468, #509, #953, #2930, #2444, #4430, #33, #6144 ),
 .UNSPECIFIED., .F., .F.,
 ( 4, 2, 2, 2, 2, 2, 2, 2, 2, 4 ),
 ( 1.734723475976807094E-18, 0.0002292431788415348842, 0.0004584863576830680337, 0.0009169727153661407296, 0.001833945430732293169, 0.003667890861464597613, 0.005501836292196901623, 0.006418809007563057098, 0.006877295365246129631, 0.007335781722929201297 ),
 .UNSPECIFIED. ) ;
#3240 = EDGE_CURVE ( 'NONE', #5550, #1679, #5248, .T. ) ;
#3241 = CARTESIAN_POINT ( 'NONE',  ( -0.6749688928763424300, 26.99356614173567692, 3.280003584514625370 ) ) ;
#3242 = CARTESIAN_POINT ( 'NONE',  ( -15.75742720906618466, 123.8775468529063488, 14.36977835846098905 ) ) ;
#3243 = CARTESIAN_POINT ( 'NONE',  ( -18.38215907066006594, 126.2914313401049213, 0.000000000000000000 ) ) ;
#3244 = CARTESIAN_POINT ( 'NONE',  ( -26.51507450946728284, 144.8027544791706873, 2.080263124962514532 ) ) ;
#3245 = CARTESIAN_POINT ( 'NONE',  ( 19.51661539667202661, 120.7542013029525521, 7.000000000000000000 ) ) ;
#3246 = CARTESIAN_POINT ( 'NONE',  ( 20.63119140053779788, 132.4683053253385481, 5.500000000000000000 ) ) ;
#3247 = ORIENTED_EDGE ( 'NONE', *, *, #3966, .T. ) ;
#3248 = VERTEX_POINT ( 'NONE', #3374 ) ;
#3249 = ORIENTED_EDGE ( 'NONE', *, *, #6359, .F. ) ;
#3250 = EDGE_CURVE ( 'NONE', #3737, #6406, #5394, .T. ) ;
#3251 = MECHANICAL_DESIGN_GEOMETRIC_PRESENTATION_REPRESENTATION (  '', ( #4619 ), #1924 ) ;
#3252 = CARTESIAN_POINT ( 'NONE',  ( 25.53147416810216441, 165.7830716936480542, 5.336617855451417647 ) ) ;
#3253 = LINE ( 'NONE', #5725, #4096 ) ;
#3254 = CARTESIAN_POINT ( 'NONE',  ( -3.546988769461377089, -26.82422245247918369, 5.250964709085428339 ) ) ;
#3255 = ORIENTED_EDGE ( 'NONE', *, *, #2528, .T. ) ;
#3256 = CIRCLE ( 'NONE', #1614, 261.1066884401992638 ) ;
#3257 = CARTESIAN_POINT ( 'NONE',  ( 24.27797677652945652, 161.8474214727403080, 5.070490563947823937 ) ) ;
#3258 = CARTESIAN_POINT ( 'NONE',  ( -0.9653319468908253542, 97.62971668440488315, 0.000000000000000000 ) ) ;
#3259 = VERTEX_POINT ( 'NONE', #4715 ) ;
#3260 = CARTESIAN_POINT ( 'NONE',  ( 30.37989762209737421, 117.8940078271815537, 18.44710569303644476 ) ) ;
#3261 = ORIENTED_EDGE ( 'NONE', *, *, #4467, .F. ) ;
#3262 = ADVANCED_FACE ( 'NONE', ( #2406 ), #1103, .T. ) ;
#3263 = VECTOR ( 'NONE', #6068, 1000.000000000000000 ) ;
#3264 = DIRECTION ( 'NONE',  ( 0.000000000000000000, 0.000000000000000000, 1.000000000000000000 ) ) ;
#3265 = AXIS2_PLACEMENT_3D ( 'NONE', #1021, #2032, #3000 ) ;
#3266 = ORIENTED_EDGE ( 'NONE', *, *, #3884, .T. ) ;
#3267 = DIRECTION ( 'NONE',  ( 1.000000000000000000, 0.000000000000000000, 0.000000000000000000 ) ) ;
#3268 = CARTESIAN_POINT ( 'NONE',  ( 17.01123581841149957, 72.57773432605230823, 15.47812922134209934 ) ) ;
#3269 = CARTESIAN_POINT ( 'NONE',  ( -13.74662452660412804, -26.66973039266923351, 5.260225547394776768 ) ) ;
#3270 = DIRECTION ( 'NONE',  ( -0.000000000000000000, -0.000000000000000000, -1.000000000000000000 ) ) ;
#3271 = AXIS2_PLACEMENT_3D ( 'NONE', #94, #5503, #2030 ) ;
#3272 = VECTOR ( 'NONE', #3476, 1000.000000000000227 ) ;
#3273 = CARTESIAN_POINT ( 'NONE',  ( 1.326884821269001202, 26.96938626748049117, 3.395224410860279818 ) ) ;
#3274 = DIRECTION ( 'NONE',  ( -0.000000000000000000, 0.000000000000000000, 1.000000000000000000 ) ) ;
#3275 = AXIS2_PLACEMENT_3D ( 'NONE', #5185, #1232, #4097 ) ;
#3276 = EDGE_CURVE ( 'NONE', #2280, #5755, #5323, .T. ) ;
#3277 = CARTESIAN_POINT ( 'NONE',  ( 14.87349643565088009, 26.92722405317679701, 6.812080069991575115 ) ) ;
#3278 = ADVANCED_FACE ( 'NONE', ( #881, #6307, #3378, #5434, #2340 ), #3901, .F. ) ;
#3279 = DIRECTION ( 'NONE',  ( 1.000000000000000000, 0.000000000000000000, 0.000000000000000000 ) ) ;
#3280 = CARTESIAN_POINT ( 'NONE',  ( 12.57435216595282768, 28.88140695337690644, 14.00000000000000178 ) ) ;
#3281 = CARTESIAN_POINT ( 'NONE',  ( 29.39387691339797470, 6.000000000000786926, 19.99848568875562549 ) ) ;
#3282 = VERTEX_POINT ( 'NONE', #2925 ) ;
#3283 = EDGE_LOOP ( 'NONE', ( #5130, #2774, #1239, #1179 ) ) ;
#3284 = EDGE_LOOP ( 'NONE', ( #132, #453, #4168, #3640 ) ) ;
#3285 = CARTESIAN_POINT ( 'NONE',  ( -15.88632804463248327, 175.4532999972054199, 5.327378306357768878 ) ) ;
#3286 = CARTESIAN_POINT ( 'NONE',  ( 17.00985568025588890, 77.42738956583120569, 5.565429081048003823 ) ) ;
#3287 = ORIENTED_EDGE ( 'NONE', *, *, #2576, .T. ) ;
#3288 = CARTESIAN_POINT ( 'NONE',  ( -24.27309597103169381, -11.85737032851601569, 5.071353759655933047 ) ) ;
#3289 = CARTESIAN_POINT ( 'NONE',  ( 17.00779500779307085, 77.01757195169130910, 0.000000000000000000 ) ) ;
#3290 = VECTOR ( 'NONE', #3847, 1000.000000000000114 ) ;
#3291 = EDGE_LOOP ( 'NONE', ( #5759, #2768, #103, #3740 ) ) ;
#3292 =( BOUNDED_CURVE ( )  B_SPLINE_CURVE ( 3, ( #597, #2504, #565, #1131 ),
 .UNSPECIFIED., .F., .F. ) 
 B_SPLINE_CURVE_WITH_KNOTS ( ( 4, 4 ),
 ( 5.867294091209195983, 5.869576401415749878 ),
 .UNSPECIFIED. ) 
 CURVE ( )  GEOMETRIC_REPRESENTATION_ITEM ( )  RATIONAL_B_SPLINE_CURVE ( ( 1.000000000000000000, 0.9999995659217237876, 0.9999995659217237876, 1.000000000000000000 ) ) 
 REPRESENTATION_ITEM ( '' )  );
#3293 = FACE_OUTER_BOUND ( 'NONE', #2197, .T. ) ;
#3294 = DIRECTION ( 'NONE',  ( -0.5888628737284323789, -0.8082329589569409167, -0.000000000000000000 ) ) ;
#3295 = AXIS2_PLACEMENT_3D ( 'NONE', #4073, #4970, #519 ) ;
#3296 = ORIENTED_EDGE ( 'NONE', *, *, #3319, .F. ) ;
#3297 = EDGE_CURVE ( 'NONE', #4860, #6154, #4392, .T. ) ;
#3298 = DIRECTION ( 'NONE',  ( 1.000000000000000000, 0.000000000000000000, 0.000000000000000000 ) ) ;
#3299 = VERTEX_POINT ( 'NONE', #444 ) ;
#3300 = ORIENTED_EDGE ( 'NONE', *, *, #599, .F. ) ;
#3301 = CARTESIAN_POINT ( 'NONE',  ( 31.98574451125584517, 74.62257012018797298, 18.50000000000000355 ) ) ;
#3302 = VERTEX_POINT ( 'NONE', #2895 ) ;
#3303 = CARTESIAN_POINT ( 'NONE',  ( -22.05131924787930942, 131.4601967955704254, 21.00000000000000000 ) ) ;
#3304 = EDGE_CURVE ( 'NONE', #1375, #5885, #2306, .T. ) ;
#3305 = FACE_OUTER_BOUND ( 'NONE', #6228, .T. ) ;
#3306 = CARTESIAN_POINT ( 'NONE',  ( -5.393448091460833815, -29.51529683844324126, 5.044848073230610019 ) ) ;
#3307 = CARTESIAN_POINT ( 'NONE',  ( 1.396097351028011612E-14, 139.0000000000010232, 11.00000000000000178 ) ) ;
#3308 = DIRECTION ( 'NONE',  ( 0.5788523453879270697, 0.8154323774776764955, 1.383174873806726376E-18 ) ) ;
#3309 = CARTESIAN_POINT ( 'NONE',  ( 29.43472904442135629, 7.081605490971054628, 19.98722049546469037 ) ) ;
#3310 = DIRECTION ( 'NONE',  ( 1.000000000000000000, 0.000000000000000000, 0.000000000000000000 ) ) ;
#3311 = CARTESIAN_POINT ( 'NONE',  ( 3.686287386450715076E-15, 95.82926462586770811, 14.58680187058797806 ) ) ;
#3312 = DIRECTION ( 'NONE',  ( -1.000000000000000000, 0.000000000000000000, 0.000000000000000000 ) ) ;
#3313 = CARTESIAN_POINT ( 'NONE',  ( 3.469446951953614189E-15, 100.3963860948173874, 21.00000000000000000 ) ) ;
#3314 = LINE ( 'NONE', #5329, #2338 ) ;
#3315 = EDGE_LOOP ( 'NONE', ( #225, #4036, #3765, #5161 ) ) ;
#3316 = ORIENTED_EDGE ( 'NONE', *, *, #2181, .T. ) ;
#3317 = ORIENTED_EDGE ( 'NONE', *, *, #5545, .F. ) ;
#3318 = EDGE_CURVE ( 'NONE', #2971, #1849, #5846, .T. ) ;
#3319 = EDGE_CURVE ( 'NONE', #4350, #4261, #4189, .T. ) ;
#3320 = DIRECTION ( 'NONE',  ( 0.5788523453879269587, 0.8154323774776764955, -0.000000000000000000 ) ) ;
#3321 = CARTESIAN_POINT ( 'NONE',  ( 26.72983021029316220, 163.6293903434750803, 5.208068097727653445 ) ) ;
#3322 = CARTESIAN_POINT ( 'NONE',  ( 15.71821012267321116, 81.51116298840908314, 7.000000000000002665 ) ) ;
#3323 = VERTEX_POINT ( 'NONE', #1963 ) ;
#3324 = DIRECTION ( 'NONE',  ( -0.000000000000000000, 0.07521308834678465394, 0.9971674840975004450 ) ) ;
#3325 = DIRECTION ( 'NONE',  ( -0.5888628737284323789, -0.8082329589569410278, -2.625428118579048432E-21 ) ) ;
#3326 = ORIENTED_EDGE ( 'NONE', *, *, #5115, .F. ) ;
#3327 = ADVANCED_FACE ( 'NONE', ( #1827 ), #4922, .F. ) ;
#3328 = EDGE_CURVE ( 'NONE', #1705, #622, #5888, .T. ) ;
#3329 = CARTESIAN_POINT ( 'NONE',  ( 9.554832454303479494, 175.2684751673310188, 5.336530818194554548 ) ) ;
#3330 = CARTESIAN_POINT ( 'NONE',  ( -12.57435216595214023, 28.88140695337789055, 14.00000000000000178 ) ) ;
#3331 = VECTOR ( 'NONE', #2192, 999.9999999999998863 ) ;
#3332 = CARTESIAN_POINT ( 'NONE',  ( 29.37880961193641127, 122.2120760251744542, 2.369820146612726219 ) ) ;
#3333 = ORIENTED_EDGE ( 'NONE', *, *, #5556, .F. ) ;
#3334 = CARTESIAN_POINT ( 'NONE',  ( 0.000000000000000000, 27.50000000000000000, 9.000000000000000000 ) ) ;
#3335 = ORIENTED_EDGE ( 'NONE', *, *, #783, .T. ) ;
#3336 = CYLINDRICAL_SURFACE ( 'NONE', #291, 261.1066884401992638 ) ;
#3337 = CARTESIAN_POINT ( 'NONE',  ( -19.99116923586948147, 28.11484194711015761, 14.02254665743929429 ) ) ;
#3338 = DIRECTION ( 'NONE',  ( 0.000000000000000000, 0.000000000000000000, 1.000000000000000000 ) ) ;
#3339 = FACE_OUTER_BOUND ( 'NONE', #5633, .T. ) ;
#3340 = AXIS2_PLACEMENT_3D ( 'NONE', #4823, #5221, #380 ) ;
#3341 = CARTESIAN_POINT ( 'NONE',  ( 5.514893383845870467, 26.43103703652329273, 7.338553026146992231 ) ) ;
#3342 = CYLINDRICAL_SURFACE ( 'NONE', #1284, 1.650000000000000133 ) ;
#3343 = CARTESIAN_POINT ( 'NONE',  ( 17.00985568025586048, 72.57261043416887958, 15.43457091895199795 ) ) ;
#3344 = DIRECTION ( 'NONE',  ( -0.000000000000000000, -0.000000000000000000, -1.000000000000000000 ) ) ;
#3345 = AXIS2_PLACEMENT_3D ( 'NONE', #689, #304, #239 ) ;
#3346 = CARTESIAN_POINT ( 'NONE',  ( 29.99999999999999645, 150.0000000000000000, 3.312032733496089953 ) ) ;
#3347 = CARTESIAN_POINT ( 'NONE',  ( 21.18250163357489413, 124.6930623641563898, 6.693256678431080964 ) ) ;
#3348 = DIRECTION ( 'NONE',  ( -0.8154323774776789380, 0.5788523453879236280, 0.000000000000000000 ) ) ;
#3349 = EDGE_LOOP ( 'NONE', ( #2874, #1252, #364, #6329, #347, #3704 ) ) ;
#3350 = VERTEX_POINT ( 'NONE', #3796 ) ;
#3351 = B_SPLINE_CURVE_WITH_KNOTS ( 'NONE', 3,
 ( #198, #2067, #673, #3615, #5634, #6186, #1053, #3130, #578, #4048, #3061, #613, #5134, #6058, #3552, #2647 ),
 .UNSPECIFIED., .F., .F.,
 ( 4, 2, 2, 2, 2, 2, 2, 4 ),
 ( 0.000000000000000000, 0.0003233305604733063116, 0.0006466611209466126232, 0.001293322241893222644, 0.001939983362839832557, 0.002586644483786442253, 0.003879966725679662512, 0.005173288967572883638 ),
 .UNSPECIFIED. ) ;
#3352 = CARTESIAN_POINT ( 'NONE',  ( -17.96160490080766081, 24.03020665034845038, 3.590224374424863640 ) ) ;
#3353 = PLANE ( 'NONE',  #6275 ) ;
#3354 = CARTESIAN_POINT ( 'NONE',  ( -1.649999999999986811, 159.0000000000009663, 8.000000000000001776 ) ) ;
#3355 = VERTEX_POINT ( 'NONE', #4886 ) ;
#3356 = CARTESIAN_POINT ( 'NONE',  ( -278.1066884401993207, 75.00000000000000000, 18.50000000000000355 ) ) ;
#3357 = ORIENTED_EDGE ( 'NONE', *, *, #6093, .T. ) ;
#3358 = DIRECTION ( 'NONE',  ( -1.000000000000000000, 0.000000000000000000, 0.000000000000000000 ) ) ;
#3359 = DIRECTION ( 'NONE',  ( 1.000000000000000000, 0.000000000000000000, 0.000000000000000000 ) ) ;
#3360 = EDGE_LOOP ( 'NONE', ( #5673, #23, #2111 ) ) ;
#3361 = CARTESIAN_POINT ( 'NONE',  ( -25.60679882326158463, 158.6063550066059520, 4.734508356344010238 ) ) ;
#3362 = LINE ( 'NONE', #4907, #6000 ) ;
#3363 = EDGE_CURVE ( 'NONE', #5070, #3466, #4716, .T. ) ;
#3364 = EDGE_LOOP ( 'NONE', ( #229, #1421, #6427, #3533, #1470, #4650 ) ) ;
#3365 = ADVANCED_FACE ( 'NONE', ( #375 ), #3342, .F. ) ;
#3366 = AXIS2_PLACEMENT_3D ( 'NONE', #47, #3922, #6362 ) ;
#3367 = DIRECTION ( 'NONE',  ( 1.000000000000000000, -0.000000000000000000, -0.000000000000000000 ) ) ;
#3368 = VERTEX_POINT ( 'NONE', #1859 ) ;
#3369 = DIRECTION ( 'NONE',  ( 1.000000000000000000, 0.000000000000000000, 0.000000000000000000 ) ) ;
#3370 = ORIENTED_EDGE ( 'NONE', *, *, #5803, .F. ) ;
#3371 = CARTESIAN_POINT ( 'NONE',  ( -26.67971653485494343, 138.8743756931752387, 0.2969459248036379617 ) ) ;
#3372 = CYLINDRICAL_SURFACE ( 'NONE', #289, 1.499999999999998890 ) ;
#3373 = CARTESIAN_POINT ( 'NONE',  ( 29.25019487049278766, -6.735502395857388080, 4.492474118211269740 ) ) ;
#3374 = CARTESIAN_POINT ( 'NONE',  ( 30.00000000000000000, 3.673940397442058389E-15, 21.00000000000000000 ) ) ;
#3375 = CIRCLE ( 'NONE', #278, 1.650000000000003242 ) ;
#3376 = CARTESIAN_POINT ( 'NONE',  ( -0.9739307408648785191, 50.97559531952740031, 21.00000000000000000 ) ) ;
#3377 = TOROIDAL_SURFACE ( 'NONE', #2045, 31.50000000000015987, 1.500000000000000000 ) ;
#3378 = FACE_BOUND ( 'NONE', #4364, .T. ) ;
#3379 = CARTESIAN_POINT ( 'NONE',  ( 0.000000000000000000, 0.000000000000000000, 7.000000000000000000 ) ) ;
#3380 = FACE_OUTER_BOUND ( 'NONE', #5544, .T. ) ;
#3381 = DIRECTION ( 'NONE',  ( -0.9992874795864554738, -0.03774298798120413051, 0.000000000000000000 ) ) ;
#3382 = DIRECTION ( 'NONE',  ( -0.8082329589569432482, -0.5888628737284292702, 0.000000000000000000 ) ) ;
#3383 = ADVANCED_FACE ( 'NONE', ( #1368 ), #2793, .F. ) ;
#3384 = CIRCLE ( 'NONE', #591, 0.9999999999999996669 ) ;
#3385 = CYLINDRICAL_SURFACE ( 'NONE', #5067, 261.1066884401992638 ) ;
#3386 = VECTOR ( 'NONE', #1361, 1000.000000000000114 ) ;
#3387 = ORIENTED_EDGE ( 'NONE', *, *, #5089, .F. ) ;
#3388 = ORIENTED_EDGE ( 'NONE', *, *, #2989, .F. ) ;
#3389 = TOROIDAL_SURFACE ( 'NONE', #1008, 251.4923101625378195, 10.00000000000000000 ) ;
#3390 = DIRECTION ( 'NONE',  ( -0.000000000000000000, -0.000000000000000000, -1.000000000000000000 ) ) ;
#3391 = CARTESIAN_POINT ( 'NONE',  ( 21.99286971539128999, 74.99999999999995737, 2.500000000000002220 ) ) ;
#3392 = DIRECTION ( 'NONE',  ( -1.000000000000000000, 0.000000000000000000, 0.000000000000000000 ) ) ;
#3393 = DIRECTION ( 'NONE',  ( -0.5888628737284323789, -0.8082329589569409167, 0.000000000000000000 ) ) ;
#3394 = ADVANCED_FACE ( 'NONE', ( #2375 ), #5880, .F. ) ;
#3395 = CARTESIAN_POINT ( 'NONE',  ( -17.00985568025588179, 72.57261043416890800, 5.565429081048004711 ) ) ;
#3396 = CARTESIAN_POINT ( 'NONE',  ( 17.01122097318217996, 77.42066445156365262, 5.500000000001391776 ) ) ;
#3397 = VERTEX_POINT ( 'NONE', #172 ) ;
#3398 = DIRECTION ( 'NONE',  ( -0.000000000000000000, -0.000000000000000000, -1.000000000000000000 ) ) ;
#3399 = CARTESIAN_POINT ( 'NONE',  ( 21.99286971539128999, 74.99999999999995737, 17.50000000000000000 ) ) ;
#3400 = AXIS2_PLACEMENT_3D ( 'NONE', #5734, #2748, #654 ) ;
#3401 = ORIENTED_EDGE ( 'NONE', *, *, #840, .F. ) ;
#3402 = CARTESIAN_POINT ( 'NONE',  ( -30.00000000000000355, 137.9999999999999716, 0.000000000000000000 ) ) ;
#3403 = AXIS2_PLACEMENT_3D ( 'NONE', #1, #1826, #5464 ) ;
#3404 = B_SPLINE_CURVE_WITH_KNOTS ( 'NONE', 3,
 ( #1380, #2154, #5657, #3518, #1142, #3055, #4570, #2091, #1047, #5027, #3087, #700, #1674, #6054 ),
 .UNSPECIFIED., .F., .F.,
 ( 4, 2, 2, 2, 2, 2, 4 ),
 ( 0.003963798604536948426, 0.007178324619827110460, 0.008785587627472193212, 0.009589219131294736756, 0.009991034883206007661, 0.01019194275916164225, 0.01039285063511727857 ),
 .UNSPECIFIED. ) ;
#3405 = VERTEX_POINT ( 'NONE', #4114 ) ;
#3406 = AXIS2_PLACEMENT_3D ( 'NONE', #4848, #4459, #875 ) ;
#3407 = EDGE_CURVE ( 'NONE', #4195, #5546, #269, .T. ) ;
#3408 = ADVANCED_FACE ( 'NONE', ( #110 ), #5573, .F. ) ;
#3409 = B_SPLINE_CURVE_WITH_KNOTS ( 'NONE', 3,
 ( #5426, #501, #4419, #469, #2467, #2434, #5458, #2817, #367, #2332, #4313, #5489, #4489, #4985, #1989, #3962 ),
 .UNSPECIFIED., .F., .F.,
 ( 4, 2, 2, 2, 2, 2, 2, 4 ),
 ( -1.077726513896713765E-05, 0.001802424250770359076, 0.003615625766679685365, 0.005428827282589011871, 0.006335428040543688785, 0.006788728419521022905, 0.007015378609009663077, 0.007242028798498302382 ),
 .UNSPECIFIED. ) ;
#3410 = CARTESIAN_POINT ( 'NONE',  ( -15.59117595168159376, 68.08056964636656971, 7.000000000000000000 ) ) ;
#3411 = VERTEX_POINT ( 'NONE', #4955 ) ;
#3412 = CARTESIAN_POINT ( 'NONE',  ( -28.55616782042002200, 142.0590264612888518, 1.303608771768219876 ) ) ;
#3413 = CARTESIAN_POINT ( 'NONE',  ( -22.27569735221394609, 22.77019724029819869, 15.43457091895199795 ) ) ;
#3414 = CARTESIAN_POINT ( 'NONE',  ( 30.00000000000000355, -0.4854273620680604751, 3.413983811894560016 ) ) ;
#3415 = B_SPLINE_CURVE_WITH_KNOTS ( 'NONE', 3,
 ( #5154, #275, #2241, #3273, #339, #4218, #1671, #6241, #2305, #5250, #5651, #1172, #3148, #697, #2182, #3341, #848, #5879 ),
 .UNSPECIFIED., .F., .F.,
 ( 4, 2, 2, 2, 2, 2, 2, 2, 4 ),
 ( 0.008012842398887857695, 0.009014020088472947043, 0.01001519777805803466, 0.01101637546764312400, 0.01201755315722821335, 0.01301873084681330270, 0.01401990853639839205, 0.01502108622598347966, 0.01602226391556856727 ),
 .UNSPECIFIED. ) ;
#3416 = CARTESIAN_POINT ( 'NONE',  ( 29.51695639438649010, 9.258665805874130683, 19.69999999999809503 ) ) ;
#3417 = ORIENTED_EDGE ( 'NONE', *, *, #1925, .F. ) ;
#3418 = DIRECTION ( 'NONE',  ( -0.000000000000000000, -0.000000000000000000, -1.000000000000000000 ) ) ;
#3419 = DIRECTION ( 'NONE',  ( 0.5888628737284323789, -0.8082329589569410278, 0.000000000000000000 ) ) ;
#3420 = CARTESIAN_POINT ( 'NONE',  ( 17.01122097318214088, 72.57933554843660318, 5.499999999999617195 ) ) ;
#3421 = FACE_OUTER_BOUND ( 'NONE', #6264, .T. ) ;
#3422 = DIRECTION ( 'NONE',  ( -0.000000000000000000, -0.000000000000000000, 1.000000000000000000 ) ) ;
#3423 = CARTESIAN_POINT ( 'NONE',  ( 1.650000000000018563, 150.0000000000009948, 15.66690475583125419 ) ) ;
#3424 = CARTESIAN_POINT ( 'NONE',  ( 49.17338902963630431, 35.82677847278986860, 7.000000000000000000 ) ) ;
#3425 = ORIENTED_EDGE ( 'NONE', *, *, #465, .T. ) ;
#3426 = ADVANCED_FACE ( 'NONE', ( #5610 ), #2198, .T. ) ;
#3427 = FACE_OUTER_BOUND ( 'NONE', #4171, .T. ) ;
#3428 = LINE ( 'NONE', #2871, #5547 ) ;
#3429 = DIRECTION ( 'NONE',  ( 0.8146562665393508595, -0.5783014062182789683, 0.04361938736533609029 ) ) ;
#3430 = LINE ( 'NONE', #4866, #2883 ) ;
#3431 = CARTESIAN_POINT ( 'NONE',  ( -4.330143261882131397E-15, 93.34726414399220573, 7.000000000000000000 ) ) ;
#3432 = DIRECTION ( 'NONE',  ( 0.8146562665393508595, 0.5783014062182789683, -0.04361938736533609029 ) ) ;
#3433 = ORIENTED_EDGE ( 'NONE', *, *, #5226, .F. ) ;
#3434 = AXIS2_PLACEMENT_3D ( 'NONE', #1699, #4157, #1265 ) ;
#3435 = ADVANCED_FACE ( 'NONE', ( #4674 ), #5671, .T. ) ;
#3436 = DIRECTION ( 'NONE',  ( -0.000000000000000000, -0.000000000000000000, -1.000000000000000000 ) ) ;
#3437 = FACE_OUTER_BOUND ( 'NONE', #6327, .T. ) ;
#3438 = ORIENTED_EDGE ( 'NONE', *, *, #4748, .T. ) ;
#3439 = CARTESIAN_POINT ( 'NONE',  ( -20.00000000000001776, 75.00000000000000000, 2.499999999999998668 ) ) ;
#3440 = VERTEX_POINT ( 'NONE', #3620 ) ;
#3441 = CIRCLE ( 'NONE', #1052, 2.500000000000000000 ) ;
#3442 = CARTESIAN_POINT ( 'NONE',  ( -16.78600871992124155, 71.87273861852378332, 6.309156277057804019 ) ) ;
#3443 = CARTESIAN_POINT ( 'NONE',  ( -22.19572249233218031, 127.1171417492522266, 5.565429081048003823 ) ) ;
#3444 = CARTESIAN_POINT ( 'NONE',  ( -19.81309427741606655, 28.53846813630882906, 14.00902228203491795 ) ) ;
#3445 = CARTESIAN_POINT ( 'NONE',  ( -22.39905047270378091, 127.8233531053402885, 0.000000000000000000 ) ) ;
#3446 = TOROIDAL_SURFACE ( 'NONE', #3854, 260.6066884401993207, 2.500000000000000000 ) ;
#3447 = LINE ( 'NONE', #880, #912 ) ;
#3448 = CARTESIAN_POINT ( 'NONE',  ( 0.000000000000000000, 0.000000000000000000, 7.000000000000000000 ) ) ;
#3449 = CARTESIAN_POINT ( 'NONE',  ( -17.74817186027349791, 24.18682276815653509, 5.499999999999949374 ) ) ;
#3450 = CARTESIAN_POINT ( 'NONE',  ( -17.73824133803007541, 24.19587684564644192, 15.43457091895199795 ) ) ;
#3451 = DIRECTION ( 'NONE',  ( 0.000000000000000000, 0.000000000000000000, 1.000000000000000000 ) ) ;
#3452 = EDGE_CURVE ( 'NONE', #5241, #5238, #6411, .T. ) ;
#3453 = ADVANCED_FACE ( 'NONE', ( #5640 ), #1121, .T. ) ;
#3454 = DIRECTION ( 'NONE',  ( 0.000000000000000000, 0.000000000000000000, 1.000000000000000000 ) ) ;
#3455 = VECTOR ( 'NONE', #6049, 1000.000000000000114 ) ;
#3456 = EDGE_CURVE ( 'NONE', #1439, #5761, #2493, .T. ) ;
#3457 = ORIENTED_EDGE ( 'NONE', *, *, #3556, .T. ) ;
#3458 = VERTEX_POINT ( 'NONE', #5172 ) ;
#3459 = CARTESIAN_POINT ( 'NONE',  ( 22.27569735221403491, 22.77019724029806724, 5.565429081048003823 ) ) ;
#3460 = CARTESIAN_POINT ( 'NONE',  ( -22.27751583682006498, 22.76600587838942502, 15.45617669250258608 ) ) ;
#3461 = CIRCLE ( 'NONE', #1171, 5.750000000000000000 ) ;
#3462 = DIRECTION ( 'NONE',  ( 0.000000000000000000, 0.000000000000000000, -1.000000000000000000 ) ) ;
#3463 = CARTESIAN_POINT ( 'NONE',  ( -27.00000000000078515, -1.771046951438900888E-13, 8.000000000000001776 ) ) ;
#3464 = CARTESIAN_POINT ( 'NONE',  ( -21.88839194796166510, 126.3350686529594640, 14.73314534577623292 ) ) ;
#3465 = CARTESIAN_POINT ( 'NONE',  ( -26.78163637905120353, 19.01152500136548085, 14.00000000000000178 ) ) ;
#3466 = VERTEX_POINT ( 'NONE', #714 ) ;
#3467 = EDGE_CURVE ( 'NONE', #5737, #4261, #3723, .T. ) ;
#3468 = ORIENTED_EDGE ( 'NONE', *, *, #5387, .F. ) ;
#3469 = DIRECTION ( 'NONE',  ( -0.5788523453879101943, -0.8154323774776885969, -3.472733394097494846E-18 ) ) ;
#3470 = CARTESIAN_POINT ( 'NONE',  ( -17.00997526639644875, 72.71369882019270392, 17.33524125393138959 ) ) ;
#3471 = CARTESIAN_POINT ( 'NONE',  ( 3.616294504566617718, 51.64466530096243702, 7.000000000000000000 ) ) ;
#3472 = EDGE_CURVE ( 'NONE', #5605, #4413, #3862, .T. ) ;
#3473 = EDGE_LOOP ( 'NONE', ( #3134, #5448, #5167, #2351 ) ) ;
#3474 = AXIS2_PLACEMENT_3D ( 'NONE', #1084, #2168, #6133 ) ;
#3475 = CARTESIAN_POINT ( 'NONE',  ( -13.50822588633142551, 121.8877984440794080, 6.974204889095895865 ) ) ;
#3476 = DIRECTION ( 'NONE',  ( -0.5888628737284321568, -0.8082329589569411388, -1.119559437274922296E-20 ) ) ;
#3477 = CARTESIAN_POINT ( 'NONE',  ( 29.39387691339798181, 143.9999999999990905, 2.500000000000002220 ) ) ;
#3478 = ADVANCED_FACE ( 'NONE', ( #651 ), #171, .T. ) ;
#3479 = ORIENTED_EDGE ( 'NONE', *, *, #3363, .T. ) ;
#3480 = VECTOR ( 'NONE', #6031, 1000.000000000000227 ) ;
#3481 = CARTESIAN_POINT ( 'NONE',  ( 26.31743790479696443, 156.0488025512863999, 4.390509394458025128 ) ) ;
#3482 = CARTESIAN_POINT ( 'NONE',  ( 18.38215907065995935, 23.70856865989418694, 21.00000000000000000 ) ) ;
#3483 = DIRECTION ( 'NONE',  ( 1.000000000000000000, 0.000000000000000000, 0.000000000000000000 ) ) ;
#3484 = FACE_OUTER_BOUND ( 'NONE', #6254, .T. ) ;
#3485 = CARTESIAN_POINT ( 'NONE',  ( 29.38983185658606700, 6.019855633205770218, 20.10684351840792772 ) ) ;
#3486 = EDGE_LOOP ( 'NONE', ( #4557, #3261, #2707 ) ) ;
#3487 = ADVANCED_FACE ( 'NONE', ( #4646 ), #2950, .F. ) ;
#3488 = CARTESIAN_POINT ( 'NONE',  ( 17.00985568025587824, 77.42738956583121990, 15.43457091895199795 ) ) ;
#3489 = CARTESIAN_POINT ( 'NONE',  ( 24.18677324489464553, 12.00000000000026112, 0.000000000000000000 ) ) ;
#3490 = DIRECTION ( 'NONE',  ( -1.000000000000000000, 0.000000000000000000, 0.000000000000000000 ) ) ;
#3491 = AXIS2_PLACEMENT_3D ( 'NONE', #4863, #3390, #891 ) ;
#3492 = DIRECTION ( 'NONE',  ( -0.5888628737284321568, -0.8082329589569411388, 0.000000000000000000 ) ) ;
#3493 = CARTESIAN_POINT ( 'NONE',  ( -25.57962868404749202, 11.94863981464408553, 0.01769990650300504523 ) ) ;
#3494 = DIRECTION ( 'NONE',  ( 1.000000000000000000, 0.000000000000000000, 0.000000000000000000 ) ) ;
#3495 = ORIENTED_EDGE ( 'NONE', *, *, #2291, .F. ) ;
#3496 = EDGE_LOOP ( 'NONE', ( #4015, #3468 ) ) ;
#3497 = DIRECTION ( 'NONE',  ( 0.000000000000000000, -0.000000000000000000, -1.000000000000000000 ) ) ;
#3498 = CARTESIAN_POINT ( 'NONE',  ( -16.48109934823605016, 70.91405187966596202, 14.33525549329492144 ) ) ;
#3499 = AXIS2_PLACEMENT_3D ( 'NONE', #2056, #4035, #482 ) ;
#3500 = VERTEX_POINT ( 'NONE', #1751 ) ;
#3501 = ORIENTED_EDGE ( 'NONE', *, *, #2112, .F. ) ;
#3502 = CIRCLE ( 'NONE', #5179, 261.1066884401993207 ) ;
#3503 = EDGE_CURVE ( 'NONE', #2128, #2742, #4308, .T. ) ;
#3504 = DIRECTION ( 'NONE',  ( -1.000000000000000000, 0.000000000000000000, 0.000000000000000000 ) ) ;
#3505 = CARTESIAN_POINT ( 'NONE',  ( 30.25744592032420144, 121.1360524818477273, 5.500000000000003553 ) ) ;
#3506 = ORIENTED_EDGE ( 'NONE', *, *, #3985, .T. ) ;
#3507 = VECTOR ( 'NONE', #2436, 1000.000000000000000 ) ;
#3508 = CARTESIAN_POINT ( 'NONE',  ( 29.39311383934260746, 140.5243520843862086, 0.8318692221715844326 ) ) ;
#3509 = EDGE_CURVE ( 'NONE', #5615, #568, #5703, .T. ) ;
#3510 = DIRECTION ( 'NONE',  ( -0.8154323774776776057, -0.5788523453879257374, 0.000000000000000000 ) ) ;
#3511 = CARTESIAN_POINT ( 'NONE',  ( 0.05107437781913413272, 49.11188300874569279, 5.565429081048003823 ) ) ;
#3512 = VECTOR ( 'NONE', #6089, 1000.000000000000000 ) ;
#3513 = LINE ( 'NONE', #3423, #3975 ) ;
#3514 = CARTESIAN_POINT ( 'NONE',  ( 18.38215907065995935, 23.70856865989418694, 21.00000000000000000 ) ) ;
#3515 = VERTEX_POINT ( 'NONE', #396 ) ;
#3516 = LINE ( 'NONE', #2061, #2923 ) ;
#3517 = CARTESIAN_POINT ( 'NONE',  ( 29.48860552748278252, 141.4919548483892697, 1.131011003816656535 ) ) ;
#3518 = CARTESIAN_POINT ( 'NONE',  ( -29.78157303186389981, 3.650521873984919452, 19.63382833325402643 ) ) ;
#3519 = CARTESIAN_POINT ( 'NONE',  ( -22.25210838854840034, 127.1754313001406729, 15.28949942205867707 ) ) ;
#3520 = LINE ( 'NONE', #5994, #2477 ) ;
#3521 = ORIENTED_EDGE ( 'NONE', *, *, #713, .F. ) ;
#3522 = VERTEX_POINT ( 'NONE', #1780 ) ;
#3523 = ORIENTED_EDGE ( 'NONE', *, *, #5556, .T. ) ;
#3524 = CARTESIAN_POINT ( 'NONE',  ( -20.63119140053779788, 132.4683053253385481, 15.50000000000000178 ) ) ;
#3525 = CARTESIAN_POINT ( 'NONE',  ( -15.52224116029399603, 75.00000000000005684, 21.00000000000000000 ) ) ;
#3526 = ORIENTED_EDGE ( 'NONE', *, *, #3657, .T. ) ;
#3527 = ADVANCED_FACE ( 'NONE', ( #1282 ), #298, .F. ) ;
#3528 = EDGE_CURVE ( 'NONE', #6213, #3405, #6258, .T. ) ;
#3529 = VERTEX_POINT ( 'NONE', #5764 ) ;
#3530 = CARTESIAN_POINT ( 'NONE',  ( 1.161725994172214449, 97.48662778684924035, 5.565429081048003823 ) ) ;
#3531 = ORIENTED_EDGE ( 'NONE', *, *, #5341, .F. ) ;
#3532 = CARTESIAN_POINT ( 'NONE',  ( 17.73824133803177006, 24.19587684564405095, 15.43457091895199795 ) ) ;
#3533 = ORIENTED_EDGE ( 'NONE', *, *, #1431, .F. ) ;
#3534 = EDGE_CURVE ( 'NONE', #4860, #1585, #4737, .T. ) ;
#3535 = PLANE ( 'NONE',  #4651 ) ;
#3536 = CARTESIAN_POINT ( 'NONE',  ( -17.56543302670554851, 24.37068804652271226, 5.851348752629133010 ) ) ;
#3537 = PLANE ( 'NONE',  #1417 ) ;
#3538 = CARTESIAN_POINT ( 'NONE',  ( 0.000000000000000000, 100.5721143409225533, 18.67021276608630487 ) ) ;
#3539 = CARTESIAN_POINT ( 'NONE',  ( -0.05062344426318905050, 95.82263975562499070, 15.43457091895199795 ) ) ;
#3540 = CARTESIAN_POINT ( 'NONE',  ( 17.00985568025590311, 72.57261043416893642, 5.565429081048003823 ) ) ;
#3541 = VERTEX_POINT ( 'NONE', #5834 ) ;
#3542 = CARTESIAN_POINT ( 'NONE',  ( 29.25025882245213893, 20.16995670659467876, 1.947610757233960710 ) ) ;
#3543 = B_SPLINE_CURVE_WITH_KNOTS ( 'NONE', 3,
 ( #3532, #5549, #2109, #1592 ),
 .UNSPECIFIED., .F., .F.,
 ( 4, 4 ),
 ( 0.000000000000000000, 6.679488182455251780E-05 ),
 .UNSPECIFIED. ) ;
#3544 = DIRECTION ( 'NONE',  ( -1.000000000000000000, 0.000000000000000000, -0.000000000000000000 ) ) ;
#3545 = FACE_OUTER_BOUND ( 'NONE', #711, .T. ) ;
#3546 = CARTESIAN_POINT ( 'NONE',  ( -22.21130330065777514, 127.0813276963712610, 15.17308004058613946 ) ) ;
#3547 = CARTESIAN_POINT ( 'NONE',  ( 278.1066884401993207, 75.00000000000007105, 2.500000000000002220 ) ) ;
#3548 = VERTEX_POINT ( 'NONE', #5306 ) ;
#3549 = ORIENTED_EDGE ( 'NONE', *, *, #5298, .T. ) ;
#3550 = VERTEX_POINT ( 'NONE', #5268 ) ;
#3551 = MANIFOLD_SOLID_BREP ( 'Fillet6', #2781 ) ;
#3552 = CARTESIAN_POINT ( 'NONE',  ( -15.71925978455691819, 81.50778954418002797, 7.000000000000000000 ) ) ;
#3553 = FACE_OUTER_BOUND ( 'NONE', #1240, .T. ) ;
#3554 = FACE_OUTER_BOUND ( 'NONE', #3349, .T. ) ;
#3555 = EDGE_LOOP ( 'NONE', ( #1088, #6057, #2130, #1677 ) ) ;
#3556 = EDGE_CURVE ( 'NONE', #348, #1806, #2124, .T. ) ;
#3557 = DIRECTION ( 'NONE',  ( -1.000000000000000000, 0.000000000000000000, -0.000000000000000000 ) ) ;
#3558 = EDGE_CURVE ( 'NONE', #1007, #4056, #3562, .T. ) ;
#3559 = CARTESIAN_POINT ( 'NONE',  ( 17.00883327770663200, 77.15193698649586906, 19.16857495140243373 ) ) ;
#3560 = CARTESIAN_POINT ( 'NONE',  ( 28.51766891479997312, 9.296408793853732533, 19.69999999999845031 ) ) ;
#3561 = VERTEX_POINT ( 'NONE', #360 ) ;
#3562 = CIRCLE ( 'NONE', #3992, 1.650000000000000355 ) ;
#3563 = CARTESIAN_POINT ( 'NONE',  ( -3.673940397442060756E-15, 150.0000000000000000, 7.000000000000000000 ) ) ;
#3564 = CARTESIAN_POINT ( 'NONE',  ( 17.74817186027517835, 24.18682276815415122, 5.500000000000171418 ) ) ;
#3565 = DIRECTION ( 'NONE',  ( -1.000000000000000000, -1.796773678036536187E-15, 0.000000000000000000 ) ) ;
#3566 = DIRECTION ( 'NONE',  ( 1.000000000000000000, 0.000000000000000000, 0.000000000000000000 ) ) ;
#3567 = CARTESIAN_POINT ( 'NONE',  ( 21.88840209280866844, 126.3350921434268912, 14.73315465446991546 ) ) ;
#3568 = DIRECTION ( 'NONE',  ( -1.000000000000000000, 0.000000000000000000, 0.000000000000000000 ) ) ;
#3569 = VERTEX_POINT ( 'NONE', #1845 ) ;
#3570 = B_SPLINE_CURVE_WITH_KNOTS ( 'NONE', 3,
 ( #5081, #4590, #4559, #5618, #3536, #2083, #117, #534, #5582, #1094, #3074, #628, #146, #3108, #2114, #1129, #5113, #2630, #660, #2500 ),
 .UNSPECIFIED., .F., .F.,
 ( 4, 2, 2, 2, 2, 2, 2, 2, 2, 4 ),
 ( 1.734723475976807094E-18, 0.0002292431788415392481, 0.0004584863576830767616, 0.0009169727153661595947, 0.001833945430732317455, 0.003667890861464626669, 0.005501836292196934583, 0.006418809007563089190, 0.006877295365246166928, 0.007335781722929244665 ),
 .UNSPECIFIED. ) ;
#3571 = CARTESIAN_POINT ( 'NONE',  ( 19.81309427741606299, 28.53846813630877577, 6.990977717965078497 ) ) ;
#3572 = CARTESIAN_POINT ( 'NONE',  ( 30.55103441749232474, 36.63702869330428058, 2.500000000000002220 ) ) ;
#3573 = DIRECTION ( 'NONE',  ( 0.03774298798119870429, -0.9992874795864556958, 0.000000000000000000 ) ) ;
#3574 = CARTESIAN_POINT ( 'NONE',  ( 30.20722703046075353, 27.53434669512372324, 18.49502876247058580 ) ) ;
#3575 = CARTESIAN_POINT ( 'NONE',  ( 2.325087137846783713E-17, 54.10787796254885507, 15.43457091895199618 ) ) ;
#3576 = DIRECTION ( 'NONE',  ( 0.000000000000000000, -0.000000000000000000, -1.000000000000000000 ) ) ;
#3577 = DIRECTION ( 'NONE',  ( 0.9992874795864556958, -0.03774298798119875287, 0.000000000000000000 ) ) ;
#3578 = ORIENTED_EDGE ( 'NONE', *, *, #2997, .F. ) ;
#3579 = ORIENTED_EDGE ( 'NONE', *, *, #1748, .T. ) ;
#3580 = CIRCLE ( 'NONE', #4208, 261.1066884401992638 ) ;
#3581 = CARTESIAN_POINT ( 'NONE',  ( -1.770451845801047863, 51.65604563891330514, 15.43457091895199973 ) ) ;
#3582 = CARTESIAN_POINT ( 'NONE',  ( 16.92392493978530155, 72.30430079475033267, 6.016457752400455661 ) ) ;
#3583 = ADVANCED_FACE ( 'NONE', ( #3820 ), #5481, .F. ) ;
#3584 = CARTESIAN_POINT ( 'NONE',  ( 29.94090783669879130, -1.943718086389454758, 3.701430315950694716 ) ) ;
#3585 = ORIENTED_EDGE ( 'NONE', *, *, #1656, .F. ) ;
#3586 = VECTOR ( 'NONE', #3038, 1000.000000000000000 ) ;
#3587 = CIRCLE ( 'NONE', #3499, 10.00000000000000000 ) ;
#3588 = DIRECTION ( 'NONE',  ( 0.000000000000000000, 0.000000000000000000, 1.000000000000000000 ) ) ;
#3589 = VERTEX_POINT ( 'NONE', #3330 ) ;
#3590 = FACE_BOUND ( 'NONE', #4604, .T. ) ;
#3591 = DIRECTION ( 'NONE',  ( 1.000000000000000000, 0.000000000000000000, 0.000000000000000000 ) ) ;
#3592 = ORIENTED_EDGE ( 'NONE', *, *, #6408, .T. ) ;
#3593 = EDGE_CURVE ( 'NONE', #1784, #3569, #3970, .T. ) ;
#3594 = EDGE_CURVE ( 'NONE', #3522, #943, #2027, .T. ) ;
#3595 = CARTESIAN_POINT ( 'NONE',  ( 29.49919536614867255, 141.2115771211427102, 1.045852183227079957 ) ) ;
#3596 = CARTESIAN_POINT ( 'NONE',  ( -29.39387691339797826, 143.9999999999992042, 21.00000000000000000 ) ) ;
#3597 = CARTESIAN_POINT ( 'NONE',  ( 1.650000000000019673, 159.0000000000009663, 11.00000000000000178 ) ) ;
#3598 = CIRCLE ( 'NONE', #806, 1.650000000000000355 ) ;
#3599 = DIRECTION ( 'NONE',  ( -0.5788523453879101943, 0.8154323774776885969, 0.000000000000000000 ) ) ;
#3600 = DIRECTION ( 'NONE',  ( -0.000000000000000000, -0.000000000000000000, 1.000000000000000000 ) ) ;
#3601 = DIRECTION ( 'NONE',  ( -0.8154323774776776057, -0.5788523453879257374, 0.000000000000000000 ) ) ;
#3602 = ADVANCED_FACE ( 'NONE', ( #2462 ), #2845, .T. ) ;
#3603 = EDGE_LOOP ( 'NONE', ( #3059, #2135 ) ) ;
#3604 = CARTESIAN_POINT ( 'NONE',  ( 20.46685906572509239, 26.98793278119464389, 6.909123575698820297 ) ) ;
#3605 = CARTESIAN_POINT ( 'NONE',  ( 30.55103441749232474, 36.63702869330428058, 3.500000000000002220 ) ) ;
#3606 = DIRECTION ( 'NONE',  ( 0.000000000000000000, 0.000000000000000000, 1.000000000000000000 ) ) ;
#3607 = CARTESIAN_POINT ( 'NONE',  ( 30.37989762209363320, 32.10599217283920126, 18.44710569304447390 ) ) ;
#3608 = CARTESIAN_POINT ( 'NONE',  ( -17.33014836183736307, 125.3934357976574603, 6.032831411628107432 ) ) ;
#3609 = CARTESIAN_POINT ( 'NONE',  ( -17.01122097318216575, 72.57933554843646107, 5.500000000002281730 ) ) ;
#3610 = ORIENTED_EDGE ( 'NONE', *, *, #39, .F. ) ;
#3611 = ORIENTED_EDGE ( 'NONE', *, *, #4740, .F. ) ;
#3612 = ORIENTED_EDGE ( 'NONE', *, *, #1224, .F. ) ;
#3613 = B_SPLINE_CURVE_WITH_KNOTS ( 'NONE', 3,
 ( #2539, #5989, #2002, #5560 ),
 .UNSPECIFIED., .F., .F.,
 ( 4, 4 ),
 ( 5.952528628945683419E-16, 6.625069557894567652E-05 ),
 .UNSPECIFIED. ) ;
#3614 = EDGE_CURVE ( 'NONE', #3323, #5611, #3664, .T. ) ;
#3615 = CARTESIAN_POINT ( 'NONE',  ( -16.94888251222479525, 77.61772561312847074, 5.942970670808860767 ) ) ;
#3616 = CARTESIAN_POINT ( 'NONE',  ( -16.66616770818211180, 78.50334315712694888, 14.52273928367446132 ) ) ;
#3617 = EDGE_LOOP ( 'NONE', ( #4194, #5802, #2057, #3056 ) ) ;
#3618 = CYLINDRICAL_SURFACE ( 'NONE', #658, 0.9999999999999996669 ) ;
#3619 = EDGE_LOOP ( 'NONE', ( #5941, #547, #672, #2157, #390 ) ) ;
#3620 = CARTESIAN_POINT ( 'NONE',  ( 31.99286971539128643, 74.99999999999995737, 17.50000000000000000 ) ) ;
#3621 = B_SPLINE_CURVE_WITH_KNOTS ( 'NONE', 3,
 ( #1061, #557, #2626, #5522 ),
 .UNSPECIFIED., .F., .F.,
 ( 4, 4 ),
 ( 8.673617379884035472E-19, 6.625069557663475380E-05 ),
 .UNSPECIFIED. ) ;
#3622 = VERTEX_POINT ( 'NONE', #5421 ) ;
#3623 = CARTESIAN_POINT ( 'NONE',  ( -3.673940397442060756E-15, 150.0000000000000000, 21.00000000000000000 ) ) ;
#3624 = DIRECTION ( 'NONE',  ( -0.5888628737284323789, 0.8082329589569410278, -2.082963656566165364E-18 ) ) ;
#3625 = VERTEX_POINT ( 'NONE', #4977 ) ;
#3626 = CARTESIAN_POINT ( 'NONE',  ( 17.74570713621929130, 24.18863137057173418, 5.522054082694885402 ) ) ;
#3627 = DIRECTION ( 'NONE',  ( -0.8082329589569432482, 0.5888628737284292702, 0.000000000000000000 ) ) ;
#3628 = CARTESIAN_POINT ( 'NONE',  ( 29.94525253494668604, 129.4017187129614967, 18.06285057452279474 ) ) ;
#3629 = CARTESIAN_POINT ( 'NONE',  ( 278.1066884401993207, 75.00000000000007105, 7.000000000000000000 ) ) ;
#3630 = CARTESIAN_POINT ( 'NONE',  ( 7.041719095097283838E-16, 25.00000000000000000, 14.75000000000000000 ) ) ;
#3631 = CARTESIAN_POINT ( 'NONE',  ( -5.516364427612628241, 26.43072598927919969, 7.343752775119996024 ) ) ;
#3632 = CARTESIAN_POINT ( 'NONE',  ( 31.99286971539128643, 74.99999999999995737, 3.500000000000002220 ) ) ;
#3633 = AXIS2_PLACEMENT_3D ( 'NONE', #74, #3497, #5482 ) ;
#3634 = ADVANCED_FACE ( 'NONE', ( #3437 ), #2945, .F. ) ;
#3635 = DIRECTION ( 'NONE',  ( -1.000000000000000000, 0.000000000000000000, 0.000000000000000000 ) ) ;
#3636 = EDGE_CURVE ( 'NONE', #1210, #3589, #1947, .T. ) ;
#3637 = CARTESIAN_POINT ( 'NONE',  ( -29.42121636974411558, 144.1353340069349827, 18.72712098816466764 ) ) ;
#3638 = DIRECTION ( 'NONE',  ( -0.5888628737284323789, -0.8082329589569410278, 0.000000000000000000 ) ) ;
#3639 = DIRECTION ( 'NONE',  ( -0.8082329589569386963, 0.5888628737284355985, 0.000000000000000000 ) ) ;
#3640 = ORIENTED_EDGE ( 'NONE', *, *, #3534, .F. ) ;
#3641 = ORIENTED_EDGE ( 'NONE', *, *, #1879, .T. ) ;
#3642 = EDGE_LOOP ( 'NONE', ( #889, #4858, #1027, #3874 ) ) ;
#3643 = FACE_OUTER_BOUND ( 'NONE', #2784, .T. ) ;
#3644 = FACE_OUTER_BOUND ( 'NONE', #4726, .T. ) ;
#3645 = EDGE_CURVE ( 'NONE', #6106, #2610, #1203, .T. ) ;
#3646 = CARTESIAN_POINT ( 'NONE',  ( 25.31668305666425667, -9.425313026371281211, 4.829341800009804508 ) ) ;
#3647 = VERTEX_POINT ( 'NONE', #3853 ) ;
#3648 = VECTOR ( 'NONE', #1473, 1000.000000000000227 ) ;
#3649 = CARTESIAN_POINT ( 'NONE',  ( 27.31315171613389836, 138.0825894395784701, 0.02840054857019186363 ) ) ;
#3650 = VECTOR ( 'NONE', #4856, 1000.000000000000114 ) ;
#3651 = EDGE_LOOP ( 'NONE', ( #4603, #1134, #5805 ) ) ;
#3652 = CARTESIAN_POINT ( 'NONE',  ( -29.39387691339797470, 6.000000000000789591, 21.00000000000000000 ) ) ;
#3653 = CARTESIAN_POINT ( 'NONE',  ( 30.20433301542811222, 122.5422755634339183, 17.65246167699756796 ) ) ;
#3654 = VERTEX_POINT ( 'NONE', #1877 ) ;
#3655 = CARTESIAN_POINT ( 'NONE',  ( -29.83349595210462724, 146.3613747313963245, 2.494144794063211101 ) ) ;
#3656 = CARTESIAN_POINT ( 'NONE',  ( 13.50822588633134558, 28.11220155591990988, 14.02579511090410591 ) ) ;
#3657 = EDGE_CURVE ( 'NONE', #5559, #2815, #5392, .T. ) ;
#3658 = CARTESIAN_POINT ( 'NONE',  ( 278.1066884401993207, 75.00000000000007105, 14.00000000000000178 ) ) ;
#3659 = FACE_BOUND ( 'NONE', #2683, .T. ) ;
#3660 = CARTESIAN_POINT ( 'NONE',  ( 0.9653319468908420076, 99.03636098923900022, 0.000000000000000000 ) ) ;
#3661 = CARTESIAN_POINT ( 'NONE',  ( -3.953840333314667888, 26.71019231912122294, 4.811670821565583012 ) ) ;
#3662 = CARTESIAN_POINT ( 'NONE',  ( -17.33015661189860168, 125.3934440255937659, 14.96717383590422834 ) ) ;
#3663 = CARTESIAN_POINT ( 'NONE',  ( -22.26918877706518884, 127.2148013712551489, 5.642758743516999687 ) ) ;
#3664 = CIRCLE ( 'NONE', #4516, 0.9999999999999998890 ) ;
#3665 = FACE_OUTER_BOUND ( 'NONE', #2255, .T. ) ;
#3666 = CARTESIAN_POINT ( 'NONE',  ( -17.72381198230922195, 125.7894715712094893, 5.640669338268955890 ) ) ;
#3667 = FACE_OUTER_BOUND ( 'NONE', #397, .T. ) ;
#3668 = ORIENTED_EDGE ( 'NONE', *, *, #2235, .F. ) ;
#3669 = EDGE_LOOP ( 'NONE', ( #1834, #4667, #4228, #2288, #3592, #1248, #5174, #5697, #2909 ) ) ;
#3670 = EDGE_CURVE ( 'NONE', #4379, #1904, #577, .T. ) ;
#3671 = EDGE_CURVE ( 'NONE', #1247, #144, #1425, .T. ) ;
#3672 = CARTESIAN_POINT ( 'NONE',  ( -30.00000000000000355, 150.0000000000000000, 21.00000000000000000 ) ) ;
#3673 = DIRECTION ( 'NONE',  ( -0.5888628737284323789, -0.8082329589569410278, 0.000000000000000000 ) ) ;
#3674 = ORIENTED_EDGE ( 'NONE', *, *, #3211, .F. ) ;
#3675 = CARTESIAN_POINT ( 'NONE',  ( -12.01034839145694733, -24.24660057872646135, 5.381267289101434592 ) ) ;
#3676 = ORIENTED_EDGE ( 'NONE', *, *, #825, .F. ) ;
#3677 = AXIS2_PLACEMENT_3D ( 'NONE', #5536, #5565, #3028 ) ;
#3678 = VECTOR ( 'NONE', #5771, 1000.000000000000000 ) ;
#3679 = CARTESIAN_POINT ( 'NONE',  ( 278.1066884401993207, 75.00000000000007105, 5.500000000000000000 ) ) ;
#3680 = ORIENTED_EDGE ( 'NONE', *, *, #886, .F. ) ;
#3681 = DIRECTION ( 'NONE',  ( -0.000000000000000000, -0.000000000000000000, -1.000000000000000000 ) ) ;
#3682 = VECTOR ( 'NONE', #515, 1000.000000000000114 ) ;
#3683 = LINE ( 'NONE', #1661, #695 ) ;
#3684 = VECTOR ( 'NONE', #923, 1000.000000000000114 ) ;
#3685 = ORIENTED_EDGE ( 'NONE', *, *, #6147, .T. ) ;
#3686 = AXIS2_PLACEMENT_3D ( 'NONE', #4994, #5957, #6015 ) ;
#3687 = ADVANCED_FACE ( 'NONE', ( #5999 ), #5004, .F. ) ;
#3688 = DIRECTION ( 'NONE',  ( 0.000000000000000000, 0.000000000000000000, -1.000000000000000000 ) ) ;
#3689 = CARTESIAN_POINT ( 'NONE',  ( 29.16560335948924632, 14.50637076594129304, 1.354514069414445077 ) ) ;
#3690 = AXIS2_PLACEMENT_3D ( 'NONE', #878, #3270, #5282 ) ;
#3691 = DIRECTION ( 'NONE',  ( -0.03774298798119870429, 0.9992874795864556958, -0.000000000000000000 ) ) ;
#3692 = CARTESIAN_POINT ( 'NONE',  ( -26.03488318605685237, -14.93858341048505345, 5.293189512996240076 ) ) ;
#3693 = DIRECTION ( 'NONE',  ( -0.03774298798120413051, 0.9992874795864554738, 0.000000000000000000 ) ) ;
#3694 = AXIS2_PLACEMENT_3D ( 'NONE', #5913, #2374, #2823 ) ;
#3695 = EDGE_CURVE ( 'NONE', #5424, #649, #3362, .T. ) ;
#3696 = CARTESIAN_POINT ( 'NONE',  ( -0.3363489571312791027, 26.99999999999983658, 3.249999999999993783 ) ) ;
#3697 = DIRECTION ( 'NONE',  ( 0.000000000000000000, 0.000000000000000000, 1.000000000000000000 ) ) ;
#3698 = TOROIDAL_SURFACE ( 'NONE', #3180, 260.6066884401993207, 2.500000000000000000 ) ;
#3699 = CARTESIAN_POINT ( 'NONE',  ( -19.51661539667203371, 120.7542013029525663, 7.000000000000000000 ) ) ;
#3700 = CARTESIAN_POINT ( 'NONE',  ( -278.1066884401993207, 75.00000000000000000, 2.499999999999998668 ) ) ;
#3701 = PLANE ( 'NONE',  #665 ) ;
#3702 = FACE_OUTER_BOUND ( 'NONE', #433, .T. ) ;
#3703 = ORIENTED_EDGE ( 'NONE', *, *, #5475, .F. ) ;
#3704 = ORIENTED_EDGE ( 'NONE', *, *, #5356, .F. ) ;
#3705 = ORIENTED_EDGE ( 'NONE', *, *, #3695, .T. ) ;
#3706 = AXIS2_PLACEMENT_3D ( 'NONE', #5808, #5461, #5353 ) ;
#3707 = CARTESIAN_POINT ( 'NONE',  ( 18.33895251190591935, 173.8228925377560472, 5.399679726032545979 ) ) ;
#3708 = CARTESIAN_POINT ( 'NONE',  ( 26.61437827766149766, 75.00000000000007105, 2.500000000000002220 ) ) ;
#3709 = VERTEX_POINT ( 'NONE', #1461 ) ;
#3710 = CARTESIAN_POINT ( 'NONE',  ( -22.74352805311431425, -14.55784815054310855, 5.267911119530470643 ) ) ;
#3711 = ORIENTED_EDGE ( 'NONE', *, *, #3452, .T. ) ;
#3712 = CARTESIAN_POINT ( 'NONE',  ( 18.52948944363503969, 169.6580811917706342, 5.445098332755303971 ) ) ;
#3713 = PRESENTATION_STYLE_ASSIGNMENT (( #802 ) ) ;
#3714 = EDGE_CURVE ( 'NONE', #4647, #2516, #4874, .T. ) ;
#3715 = ORIENTED_EDGE ( 'NONE', *, *, #4386, .T. ) ;
#3716 = PLANE ( 'NONE',  #6436 ) ;
#3717 = ADVANCED_FACE ( 'NONE', ( #6128 ), #1583, .F. ) ;
#3718 = CARTESIAN_POINT ( 'NONE',  ( 29.22348737080959680, 131.5613653291408127, 19.20076626659584562 ) ) ;
#3719 = EDGE_LOOP ( 'NONE', ( #1769, #2228, #805, #5786 ) ) ;
#3720 = CARTESIAN_POINT ( 'NONE',  ( 26.99999999999999289, 150.0000000000000000, 3.312032733496076631 ) ) ;
#3721 = CARTESIAN_POINT ( 'NONE',  ( -15.83827400582784861, 75.84641104997274397, 5.565429081048004711 ) ) ;
#3722 = CARTESIAN_POINT ( 'NONE',  ( 15.59117595168156889, 81.91943035363357239, 7.000000000000000000 ) ) ;
#3724 = DIRECTION ( 'NONE',  ( 1.000000000000000000, 0.000000000000000000, 0.000000000000000000 ) ) ;
#3723 = B_SPLINE_CURVE_WITH_KNOTS ( 'NONE', 3,
 ( #1657, #4053, #3136, #2690, #1620, #4462 ),
 .UNSPECIFIED., .F., .F.,
 ( 4, 2, 4 ),
 ( 8.333897564733123610E-17, 0.001645124559047216484, 0.003290249118094349702 ),
 .UNSPECIFIED. ) ;
#3725 = ADVANCED_FACE ( 'NONE', ( #3553 ), #5542, .F. ) ;
#3726 = DIRECTION ( 'NONE',  ( 1.000000000000000000, 0.000000000000000000, 0.000000000000000000 ) ) ;
#3727 = PRODUCT ( 'Link_1_Optimized', 'Link_1_Optimized', '', ( #5532 ) ) ;
#3728 = AXIS2_PLACEMENT_3D ( 'NONE', #2825, #1964, #922 ) ;
#3729 = FACE_BOUND ( 'NONE', #4460, .T. ) ;
#3730 = CARTESIAN_POINT ( 'NONE',  ( -17.56543302670730355, 125.6293119534787621, 15.14865124737085722 ) ) ;
#3731 = CARTESIAN_POINT ( 'NONE',  ( 4.330143261882131397E-15, 93.34726414399220573, 14.00000000000000178 ) ) ;
#3732 = CYLINDRICAL_SURFACE ( 'NONE', #4220, 261.1066884401993207 ) ;
#3733 = FACE_OUTER_BOUND ( 'NONE', #5578, .T. ) ;
#3734 = DIRECTION ( 'NONE',  ( 0.000000000000000000, -0.000000000000000000, -1.000000000000000000 ) ) ;
#3735 = VERTEX_POINT ( 'NONE', #5066 ) ;
#3736 = ORIENTED_EDGE ( 'NONE', *, *, #153, .F. ) ;
#3737 = VERTEX_POINT ( 'NONE', #3525 ) ;
#3738 = CARTESIAN_POINT ( 'NONE',  ( 15.05302111095249984, 175.9688924639771699, 5.301521784298040885 ) ) ;
#3739 = DIRECTION ( 'NONE',  ( 0.5888628737284321568, 0.8082329589569411388, 0.000000000000000000 ) ) ;
#3740 = ORIENTED_EDGE ( 'NONE', *, *, #3509, .T. ) ;
#3741 = ADVANCED_FACE ( 'NONE', ( #3644 ), #774, .F. ) ;
#3742 = AXIS2_PLACEMENT_3D ( 'NONE', #2794, #5716, #5745 ) ;
#3743 = CARTESIAN_POINT ( 'NONE',  ( 23.44078883936091273, -13.40625053265453737, 5.192107762985824770 ) ) ;
#3744 = ORIENTED_EDGE ( 'NONE', *, *, #4893, .F. ) ;
#3745 = CARTESIAN_POINT ( 'NONE',  ( 3.547041882289907022, 176.7806365315430241, 5.253132266074458379 ) ) ;
#3746 = CARTESIAN_POINT ( 'NONE',  ( -22.05131924787930942, 131.4601967955704254, 0.000000000000000000 ) ) ;
#3747 = ORIENTED_EDGE ( 'NONE', *, *, #6426, .T. ) ;
#3748 = DIRECTION ( 'NONE',  ( -0.000000000000000000, -0.000000000000000000, -1.000000000000000000 ) ) ;
#3749 = EDGE_LOOP ( 'NONE', ( #3195, #4445, #2043, #6433 ) ) ;
#3750 = EDGE_CURVE ( 'NONE', #873, #2914, #5145, .T. ) ;
#3751 = EDGE_CURVE ( 'NONE', #5332, #5455, #189, .T. ) ;
#3752 = AXIS2_PLACEMENT_3D ( 'NONE', #4051, #3896, #108 ) ;
#3753 = CARTESIAN_POINT ( 'NONE',  ( 27.00000000000001066, 148.9552046502737426, 3.092601319171925045 ) ) ;
#3754 = EDGE_LOOP ( 'NONE', ( #3335, #4309, #2814 ) ) ;
#3755 = DIRECTION ( 'NONE',  ( -0.000000000000000000, -0.000000000000000000, -1.000000000000000000 ) ) ;
#3756 = DIRECTION ( 'NONE',  ( 0.000000000000000000, -1.000000000000000000, 0.000000000000000000 ) ) ;
#3757 = CARTESIAN_POINT ( 'NONE',  ( 19.81309427741580365, 121.4615318636898849, 14.00902228203491973 ) ) ;
#3758 = CARTESIAN_POINT ( 'NONE',  ( -25.05193137054104824, 10.12219874172322776, 0.6311929612999055417 ) ) ;
#3759 = PLANE ( 'NONE',  #4548 ) ;
#3760 = CARTESIAN_POINT ( 'NONE',  ( -22.27915728199903711, 22.76038811680067298, 5.500000000000504485 ) ) ;
#3761 = CARTESIAN_POINT ( 'NONE',  ( 12.57435216595283656, 28.88140695337690644, 7.000000000000000000 ) ) ;
#3762 = LINE ( 'NONE', #1798, #3923 ) ;
#3763 = CARTESIAN_POINT ( 'NONE',  ( -21.85317580034680418, 131.6008532160110747, 5.565429081048003823 ) ) ;
#3764 = CARTESIAN_POINT ( 'NONE',  ( 28.82110089920449525, 10.50980200695835443, 0.5000000000000830447 ) ) ;
#3765 = ORIENTED_EDGE ( 'NONE', *, *, #2520, .F. ) ;
#3766 = EDGE_LOOP ( 'NONE', ( #4057, #5835, #2120, #5278 ) ) ;
#3767 = ORIENTED_EDGE ( 'NONE', *, *, #3966, .F. ) ;
#3768 = EDGE_CURVE ( 'NONE', #2663, #703, #5165, .T. ) ;
#3769 = VECTOR ( 'NONE', #3294, 1000.000000000000000 ) ;
#3770 = CARTESIAN_POINT ( 'NONE',  ( -13.30417245828265038, 176.9066871254336490, 5.246239121822359408 ) ) ;
#3771 = DIRECTION ( 'NONE',  ( 0.05394159705921557774, 0.000000000000000000, 0.9985440922196181512 ) ) ;
#3772 = ORIENTED_EDGE ( 'NONE', *, *, #5315, .F. ) ;
#3773 = CARTESIAN_POINT ( 'NONE',  ( 1.649999999999999023, 15.00000000000000178, 11.00000000000000178 ) ) ;
#3774 = FACE_OUTER_BOUND ( 'NONE', #6182, .T. ) ;
#3775 = ORIENTED_EDGE ( 'NONE', *, *, #5871, .T. ) ;
#3776 = AXIS2_PLACEMENT_3D ( 'NONE', #105, #165, #614 ) ;
#3777 = EDGE_CURVE ( 'NONE', #5787, #1277, #4139, .T. ) ;
#3778 = CARTESIAN_POINT ( 'NONE',  ( -26.32754713701540794, 156.0525431211370631, 4.393960489849019879 ) ) ;
#3779 = ORIENTED_EDGE ( 'NONE', *, *, #5034, .T. ) ;
#3780 = PLANE ( 'NONE',  #2140 ) ;
#3781 = ORIENTED_EDGE ( 'NONE', *, *, #500, .F. ) ;
#3782 = ORIENTED_EDGE ( 'NONE', *, *, #5432, .T. ) ;
#3783 =( BOUNDED_CURVE ( )  B_SPLINE_CURVE ( 3, ( #6369, #1363, #1327, #3895 ),
 .UNSPECIFIED., .F., .F. ) 
 B_SPLINE_CURVE_WITH_KNOTS ( ( 4, 4 ),
 ( 0.4136089057638374089, 0.4158912159703910261 ),
 .UNSPECIFIED. ) 
 CURVE ( )  GEOMETRIC_REPRESENTATION_ITEM ( )  RATIONAL_B_SPLINE_CURVE ( ( 1.000000000000000000, 0.9999995659217237876, 0.9999995659217237876, 1.000000000000000000 ) ) 
 REPRESENTATION_ITEM ( '' )  );
#3784 = VECTOR ( 'NONE', #1037, 1000.000000000000000 ) ;
#3785 = FACE_BOUND ( 'NONE', #715, .T. ) ;
#3786 = AXIS2_PLACEMENT_3D ( 'NONE', #1862, #1894, #3834 ) ;
#3787 = EDGE_LOOP ( 'NONE', ( #5831, #3221, #2041 ) ) ;
#3788 = CARTESIAN_POINT ( 'NONE',  ( 1.347111479062092941E-14, 135.0000000000009948, 15.66690475583125419 ) ) ;
#3789 = LINE ( 'NONE', #6236, #5079 ) ;
#3790 = ADVANCED_FACE ( 'NONE', ( #3033 ), #2040, .F. ) ;
#3791 = ADVANCED_FACE ( 'NONE', ( #5033 ), #579, .F. ) ;
#3792 = CARTESIAN_POINT ( 'NONE',  ( 278.1066884401993207, 74.99999999999994316, 15.50000000000000355 ) ) ;
#3793 = EDGE_LOOP ( 'NONE', ( #1980, #5123, #3715, #1055, #766 ) ) ;
#3794 = B_SPLINE_CURVE_WITH_KNOTS ( 'NONE', 3,
 ( #377, #5916, #4359, #6376, #2897, #4957, #1929, #4888, #447, #1444, #5436, #4924 ),
 .UNSPECIFIED., .F., .F.,
 ( 4, 2, 2, 2, 2, 4 ),
 ( 0.000000000000000000, 0.001289628421583383132, 0.001934442632375113621, 0.002256849737770942436, 0.002418053290468826378, 0.002579256843166709452 ),
 .UNSPECIFIED. ) ;
#3795 = CARTESIAN_POINT ( 'NONE',  ( 0.000000000000000000, 0.000000000000000000, 11.00000000000000178 ) ) ;
#3796 = CARTESIAN_POINT ( 'NONE',  ( 19.51661539667202661, 120.7542013029525521, 7.000000000000000000 ) ) ;
#3797 = CARTESIAN_POINT ( 'NONE',  ( -12.80916607415936248, 121.3099547942271528, 14.00164770063272535 ) ) ;
#3798 = AXIS2_PLACEMENT_3D ( 'NONE', #2087, #1728, #2670 ) ;
#3799 = CARTESIAN_POINT ( 'NONE',  ( 6.938893903907228378E-15, 54.17073537413243400, 6.413198129412021942 ) ) ;
#3800 = CARTESIAN_POINT ( 'NONE',  ( -25.05193137054041586, 139.8778012582769747, 0.6311929612998933292 ) ) ;
#3801 = CARTESIAN_POINT ( 'NONE',  ( 0.000000000000000000, 0.000000000000000000, 21.00000000000000000 ) ) ;
#3802 = EDGE_CURVE ( 'NONE', #521, #1391, #3256, .T. ) ;
#3803 = EDGE_CURVE ( 'NONE', #670, #285, #3253, .T. ) ;
#3804 = AXIS2_PLACEMENT_3D ( 'NONE', #2455, #4476, #2007 ) ;
#3805 = CARTESIAN_POINT ( 'NONE',  ( 28.58144786395804005, 10.84792032577149357, 0.3895013689487711872 ) ) ;
#3806 = ORIENTED_EDGE ( 'NONE', *, *, #2173, .T. ) ;
#3807 = ORIENTED_EDGE ( 'NONE', *, *, #2212, .F. ) ;
#3808 = DIRECTION ( 'NONE',  ( 0.000000000000000000, 0.000000000000000000, -1.000000000000000000 ) ) ;
#3809 = CARTESIAN_POINT ( 'NONE',  ( 27.56956948959039622, 161.8388953383224589, 5.067703694050107011 ) ) ;
#3810 = LINE ( 'NONE', #4199, #3157 ) ;
#3811 = EDGE_LOOP ( 'NONE', ( #6087, #3744, #941, #5967, #5229, #3848, #1579, #824 ) ) ;
#3812 = LINE ( 'NONE', #4339, #4277 ) ;
#3813 = CARTESIAN_POINT ( 'NONE',  ( -1.650000000000001021, 139.0000000000010232, 11.00000000000000178 ) ) ;
#3814 = AXIS2_PLACEMENT_3D ( 'NONE', #1508, #884, #3940 ) ;
#3815 = B_SPLINE_CURVE_WITH_KNOTS ( 'NONE', 3,
 ( #1092, #3073, #5080, #627 ),
 .UNSPECIFIED., .F., .F.,
 ( 4, 4 ),
 ( 0.1002962954097450787, 0.1064520474753198331 ),
 .UNSPECIFIED. ) ;
#3816 = EDGE_CURVE ( 'NONE', #2619, #6033, #3810, .T. ) ;
#3817 = ORIENTED_EDGE ( 'NONE', *, *, #3802, .F. ) ;
#3818 = CARTESIAN_POINT ( 'NONE',  ( -21.51016302092737931, 166.4163657380549068, 5.372606562867956015 ) ) ;
#3819 = B_SPLINE_CURVE_WITH_KNOTS ( 'NONE', 3,
 ( #3489, #1020, #4402, #6420, #2510, #1936, #1452, #3947 ),
 .UNSPECIFIED., .F., .F.,
 ( 4, 2, 2, 4 ),
 ( 2.274433770938405229E-17, 0.006404943833803548522, 0.009607415750705311508, 0.01280988766760707102 ),
 .UNSPECIFIED. ) ;
#3820 = FACE_OUTER_BOUND ( 'NONE', #1018, .T. ) ;
#3821 = VECTOR ( 'NONE', #5792, 1000.000000000000000 ) ;
#3822 = ORIENTED_EDGE ( 'NONE', *, *, #389, .F. ) ;
#3823 = CARTESIAN_POINT ( 'NONE',  ( 29.26562001718198403, 128.8690313370880176, 2.019578629142900539 ) ) ;
#3824 = ORIENTED_EDGE ( 'NONE', *, *, #644, .F. ) ;
#3825 = FACE_BOUND ( 'NONE', #2736, .T. ) ;
#3826 = VERTEX_POINT ( 'NONE', #3708 ) ;
#3827 = CARTESIAN_POINT ( 'NONE',  ( 22.39905047270378091, 127.8233531053402885, 0.000000000000000000 ) ) ;
#3828 = CARTESIAN_POINT ( 'NONE',  ( -22.27915728199868184, 127.2396118831975969, 15.49999999999940314 ) ) ;
#3829 = CARTESIAN_POINT ( 'NONE',  ( -29.75374203427248077, -3.867040957232627196, 4.046274461848087256 ) ) ;
#3830 = CARTESIAN_POINT ( 'NONE',  ( 15.19472288567205709, 74.96311673938008369, 5.565429081048004711 ) ) ;
#3831 = DIRECTION ( 'NONE',  ( 0.000000000000000000, 0.000000000000000000, 1.000000000000000000 ) ) ;
#3832 = CARTESIAN_POINT ( 'NONE',  ( 29.39254743437662398, 5.964800567961240141, 21.04583633038720336 ) ) ;
#3833 = CARTESIAN_POINT ( 'NONE',  ( -22.27915728199903711, 22.76038811680067298, 5.500000000000504485 ) ) ;
#3834 = DIRECTION ( 'NONE',  ( -0.5888628737284321568, -0.8082329589569411388, 0.000000000000000000 ) ) ;
#3835 = CARTESIAN_POINT ( 'NONE',  ( 1.530808498934189352E-14, 150.0000000000009948, 11.00000000000000178 ) ) ;
#3836 = CARTESIAN_POINT ( 'NONE',  ( 22.27915728199900158, 22.76038811680086837, 5.500000000002280842 ) ) ;
#3837 = DIRECTION ( 'NONE',  ( -1.000000000000000000, 0.000000000000000000, 0.000000000000000000 ) ) ;
#3838 = ORIENTED_EDGE ( 'NONE', *, *, #3276, .T. ) ;
#3839 = ORIENTED_EDGE ( 'NONE', *, *, #2615, .F. ) ;
#3840 = ORIENTED_EDGE ( 'NONE', *, *, #6408, .F. ) ;
#3841 = ORIENTED_EDGE ( 'NONE', *, *, #267, .F. ) ;
#3842 = EDGE_CURVE ( 'NONE', #985, #2815, #1244, .T. ) ;
#3843 = ADVANCED_FACE ( 'NONE', ( #1276 ), #2319, .F. ) ;
#3844 = DIRECTION ( 'NONE',  ( 0.5888628737284321568, -0.8082329589569411388, 0.000000000000000000 ) ) ;
#3845 = CARTESIAN_POINT ( 'NONE',  ( -1.796977721417233775, 98.30754675603193959, 5.565429081048004711 ) ) ;
#3846 = CARTESIAN_POINT ( 'NONE',  ( 22.35886403800280675, 127.6288183457761960, 1.828581256475693806 ) ) ;
#3847 = DIRECTION ( 'NONE',  ( -0.03774298798119870429, 0.9992874795864556958, -0.000000000000000000 ) ) ;
#3848 = ORIENTED_EDGE ( 'NONE', *, *, #2792, .F. ) ;
#3849 = CARTESIAN_POINT ( 'NONE',  ( 0.000000000000000000, 100.5721143409225533, 2.329787233913699129 ) ) ;
#3850 = DIRECTION ( 'NONE',  ( -0.5788523453879101943, 0.8154323774776884859, 0.000000000000000000 ) ) ;
#3851 = ORIENTED_EDGE ( 'NONE', *, *, #3593, .T. ) ;
#3852 = CARTESIAN_POINT ( 'NONE',  ( -8.708911303573110274, 175.5607892053089074, 5.321834043438006034 ) ) ;
#3853 = CARTESIAN_POINT ( 'NONE',  ( 30.25744592032418723, 28.86394751815193160, 5.500000000000003553 ) ) ;
#3854 = AXIS2_PLACEMENT_3D ( 'NONE', #3878, #5890, #1102 ) ;
#3855 = ORIENTED_EDGE ( 'NONE', *, *, #3991, .T. ) ;
#3856 = FACE_OUTER_BOUND ( 'NONE', #800, .T. ) ;
#3857 = EDGE_LOOP ( 'NONE', ( #1218, #647, #6103, #5599, #1749, #3611 ) ) ;
#3858 = EDGE_CURVE ( 'NONE', #5607, #5270, #3105, .T. ) ;
#3859 = CARTESIAN_POINT ( 'NONE',  ( -29.48475796685117345, 5.537465751701981631, 2.070754526505424131 ) ) ;
#3860 = ORIENTED_EDGE ( 'NONE', *, *, #5730, .T. ) ;
#3861 = CARTESIAN_POINT ( 'NONE',  ( -3.673940397442060756E-15, 150.0000000000000000, 21.00000000000000000 ) ) ;
#3862 =( BOUNDED_CURVE ( )  B_SPLINE_CURVE ( 3, ( #6066, #978, #682, #2622 ),
 .UNSPECIFIED., .F., .F. ) 
 B_SPLINE_CURVE_WITH_KNOTS ( ( 4, 4 ),
 ( 5.962758594388242628, 5.989230877719047719 ),
 .UNSPECIFIED. ) 
 CURVE ( )  GEOMETRIC_REPRESENTATION_ITEM ( )  RATIONAL_B_SPLINE_CURVE ( ( 1.000000000000000000, 0.9999416023705284262, 0.9999416023705284262, 1.000000000000000000 ) ) 
 REPRESENTATION_ITEM ( '' )  );
#3863 = CARTESIAN_POINT ( 'NONE',  ( -19.63517066112585852, 28.96257967789108534, 14.00113302878234478 ) ) ;
#3864 = CARTESIAN_POINT ( 'NONE',  ( 18.35729440750890262, -23.80999455409385490, 5.400196527083322984 ) ) ;
#3865 = CARTESIAN_POINT ( 'NONE',  ( -25.74948406049737670, 8.186711389772787228, 1.233382629721361257 ) ) ;
#3866 = PLANE ( 'NONE',  #4337 ) ;
#3867 = ADVANCED_FACE ( 'NONE', ( #6253 ), #1838, .F. ) ;
#3868 = DIRECTION ( 'NONE',  ( 0.000000000000000000, 0.000000000000000000, -1.000000000000000000 ) ) ;
#3869 = DIRECTION ( 'NONE',  ( 1.000000000000000000, 0.000000000000000000, 0.000000000000000000 ) ) ;
#3870 = CARTESIAN_POINT ( 'NONE',  ( 29.51695639438648655, 140.7413341941260398, 19.69999999999813056 ) ) ;
#3871 = CARTESIAN_POINT ( 'NONE',  ( -3.673940397442060756E-15, 150.0000000000000000, 0.000000000000000000 ) ) ;
#3872 = DIRECTION ( 'NONE',  ( 0.000000000000000000, 1.000000000000000000, 0.000000000000000000 ) ) ;
#3873 = CARTESIAN_POINT ( 'NONE',  ( 20.09999999999999787, 150.0000000000000000, 21.00000000000000000 ) ) ;
#3874 = ORIENTED_EDGE ( 'NONE', *, *, #2361, .T. ) ;
#3875 = EDGE_LOOP ( 'NONE', ( #3357, #3918, #3155 ) ) ;
#3876 = ORIENTED_EDGE ( 'NONE', *, *, #5520, .F. ) ;
#3877 = CARTESIAN_POINT ( 'NONE',  ( -22.27569735221371516, 127.2298027597003056, 5.565429081048003823 ) ) ;
#3878 = CARTESIAN_POINT ( 'NONE',  ( -278.1066884401993207, 75.00000000000000000, 18.50000000000000355 ) ) ;
#3879 = CARTESIAN_POINT ( 'NONE',  ( 17.00523515608036362, 77.44180514392546399, 15.32567865735624224 ) ) ;
#3880 = DIRECTION ( 'NONE',  ( 0.5888628737284323789, 0.8082329589569410278, 0.000000000000000000 ) ) ;
#3881 = ORIENTED_EDGE ( 'NONE', *, *, #5652, .T. ) ;
#3882 = DIRECTION ( 'NONE',  ( -0.5788523453879270697, -0.8154323774776764955, 3.475358822216074088E-18 ) ) ;
#3883 = CARTESIAN_POINT ( 'NONE',  ( 0.000000000000000000, 0.000000000000000000, 21.00000000000000000 ) ) ;
#3884 = EDGE_CURVE ( 'NONE', #703, #496, #5300, .T. ) ;
#3885 = EDGE_CURVE ( 'NONE', #1745, #622, #1652, .T. ) ;
#3886 = ORIENTED_EDGE ( 'NONE', *, *, #1089, .F. ) ;
#3887 = CARTESIAN_POINT ( 'NONE',  ( 278.1066884401993207, 75.00000000000007105, 7.000000000000000000 ) ) ;
#3888 = ORIENTED_EDGE ( 'NONE', *, *, #2465, .F. ) ;
#3889 = DIRECTION ( 'NONE',  ( 0.03774298798119875287, 0.9992874795864556958, -0.000000000000000000 ) ) ;
#3890 = VERTEX_POINT ( 'NONE', #2712 ) ;
#3891 = VERTEX_POINT ( 'NONE', #4669 ) ;
#3892 = CARTESIAN_POINT ( 'NONE',  ( -29.40198165472459735, 5.960335039485498143, 2.372613332137071929 ) ) ;
#3893 = ORIENTED_EDGE ( 'NONE', *, *, #5042, .F. ) ;
#3894 = CARTESIAN_POINT ( 'NONE',  ( 14.41737714987807273, 75.00000000000007105, 14.00000000000000000 ) ) ;
#3895 = CARTESIAN_POINT ( 'NONE',  ( 22.27915728199864631, 127.2396118831975400, 15.49999999999851497 ) ) ;
#3896 = DIRECTION ( 'NONE',  ( -0.000000000000000000, -0.000000000000000000, -1.000000000000000000 ) ) ;
#3897 = CARTESIAN_POINT ( 'NONE',  ( 29.49964207320091703, 8.800249943654799623, 20.41497781650502574 ) ) ;
#3898 = VERTEX_POINT ( 'NONE', #228 ) ;
#3899 = CARTESIAN_POINT ( 'NONE',  ( 1.649999999999998579, 11.00000000000000178, 15.66690475583125419 ) ) ;
#3900 = AXIS2_PLACEMENT_3D ( 'NONE', #3086, #6084, #5090 ) ;
#3901 = PLANE ( 'NONE',  #5368 ) ;
#3902 = CARTESIAN_POINT ( 'NONE',  ( 22.35886403800308742, 22.37118165422240068, 1.828581256478157835 ) ) ;
#3903 = DIRECTION ( 'NONE',  ( -1.000000000000000000, 0.000000000000000000, 0.000000000000000000 ) ) ;
#3904 = CARTESIAN_POINT ( 'NONE',  ( -16.19020424250545531, 25.71681556646954192, 14.48105898300342531 ) ) ;
#3905 = CARTESIAN_POINT ( 'NONE',  ( 12.57435216595290584, 121.1185930466224363, 14.00000000000000178 ) ) ;
#3906 = CIRCLE ( 'NONE', #1623, 261.1066884401993207 ) ;
#3907 = CARTESIAN_POINT ( 'NONE',  ( 29.37001311255051661, 6.115884280552116969, 20.23840452166476922 ) ) ;
#3908 = CIRCLE ( 'NONE', #1093, 20.10000000000000142 ) ;
#3909 = ORIENTED_EDGE ( 'NONE', *, *, #6018, .T. ) ;
#3910 = EDGE_CURVE ( 'NONE', #3548, #6392, #1726, .T. ) ;
#3911 = CIRCLE ( 'NONE', #1212, 27.00000000000000000 ) ;
#3912 = CARTESIAN_POINT ( 'NONE',  ( 22.05721009660900123, 23.27444430291819089, 6.080448500710199156 ) ) ;
#3913 = CARTESIAN_POINT ( 'NONE',  ( -22.27569735221394609, 22.77019724029819869, 15.43457091895199795 ) ) ;
#3914 = DIRECTION ( 'NONE',  ( 1.000000000000000000, 0.000000000000000000, 0.000000000000000000 ) ) ;
#3915 = DIRECTION ( 'NONE',  ( 0.000000000000000000, 0.000000000000000000, -1.000000000000000000 ) ) ;
#3916 = CARTESIAN_POINT ( 'NONE',  ( -26.83453331601578284, -3.464085399012167610, 3.991486248060442499 ) ) ;
#3917 = DIRECTION ( 'NONE',  ( -0.000000000000000000, 0.000000000000000000, 1.000000000000000000 ) ) ;
#3918 = ORIENTED_EDGE ( 'NONE', *, *, #5089, .T. ) ;
#3919 = ORIENTED_EDGE ( 'NONE', *, *, #5928, .T. ) ;
#3920 = AXIS2_PLACEMENT_3D ( 'NONE', #2050, #6044, #4558 ) ;
#3921 = CARTESIAN_POINT ( 'NONE',  ( -1.650000000000003242, 0.000000000000000000, 15.66690475583125419 ) ) ;
#3922 = DIRECTION ( 'NONE',  ( 0.000000000000000000, -1.000000000000000000, 0.000000000000000000 ) ) ;
#3923 = VECTOR ( 'NONE', #2213, 1000.000000000000000 ) ;
#3924 = VERTEX_POINT ( 'NONE', #1415 ) ;
#3925 = CARTESIAN_POINT ( 'NONE',  ( 15.59117595168155468, 68.08056964636651287, 14.00000000000000178 ) ) ;
#3926 = ORIENTED_EDGE ( 'NONE', *, *, #6138, .F. ) ;
#3927 = AXIS2_PLACEMENT_3D ( 'NONE', #3658, #241, #335 ) ;
#3928 = EDGE_CURVE ( 'NONE', #196, #4859, #1287, .T. ) ;
#3929 = EDGE_CURVE ( 'NONE', #4026, #532, #378, .T. ) ;
#3930 = CARTESIAN_POINT ( 'NONE',  ( -16.92392691642398717, 72.30430697166404741, 6.016452093658480216 ) ) ;
#3931 = ORIENTED_EDGE ( 'NONE', *, *, #3114, .F. ) ;
#3932 = CARTESIAN_POINT ( 'NONE',  ( -26.45095628786591035, 138.6232029266253107, 0.2125474383678311041 ) ) ;
#3933 = CARTESIAN_POINT ( 'NONE',  ( 29.39387691339798181, 143.9999999999990905, 19.99848568875562904 ) ) ;
#3934 = CARTESIAN_POINT ( 'NONE',  ( 21.99286971539128999, 74.99999999999995737, 3.500000000000002220 ) ) ;
#3935 = CARTESIAN_POINT ( 'NONE',  ( 29.84796613217970673, 146.7268481459333316, 20.93678852996213280 ) ) ;
#3936 = CARTESIAN_POINT ( 'NONE',  ( 29.41359549322225675, 6.522071276906988402, 20.94866234848931441 ) ) ;
#3937 = CARTESIAN_POINT ( 'NONE',  ( 22.27915728199900158, 22.76038811680086837, 5.500000000002280842 ) ) ;
#3938 = LINE ( 'NONE', #5401, #6010 ) ;
#3939 = EDGE_CURVE ( 'NONE', #3891, #4268, #486, .T. ) ;
#3940 = DIRECTION ( 'NONE',  ( 1.000000000000000000, 0.000000000000000000, 0.000000000000000000 ) ) ;
#3941 = CARTESIAN_POINT ( 'NONE',  ( 0.000000000000000000, 0.000000000000000000, 21.00000000000000000 ) ) ;
#3942 = DIRECTION ( 'NONE',  ( 0.5888628737284323789, 0.8082329589569410278, -0.000000000000000000 ) ) ;
#3943 = ORIENTED_EDGE ( 'NONE', *, *, #4526, .F. ) ;
#3944 =( BOUNDED_CURVE ( )  B_SPLINE_CURVE ( 3, ( #471, #5945, #3894, #4286 ),
 .UNSPECIFIED., .F., .F. ) 
 B_SPLINE_CURVE_WITH_KNOTS ( ( 4, 4 ),
 ( 3.185225884889653081, 4.712388980384689674 ),
 .UNSPECIFIED. ) 
 CURVE ( )  GEOMETRIC_REPRESENTATION_ITEM ( )  RATIONAL_B_SPLINE_CURVE ( ( 1.000000000000000000, 0.8149093080398374100, 0.8149093080398374100, 1.000000000000000000 ) ) 
 REPRESENTATION_ITEM ( '' )  );
#3945 = ORIENTED_EDGE ( 'NONE', *, *, #1400, .F. ) ;
#3946 = DIRECTION ( 'NONE',  ( -0.9992874795864556958, -0.03774298798119871817, 0.000000000000000000 ) ) ;
#3947 = CARTESIAN_POINT ( 'NONE',  ( 26.99999999999921485, -1.845164436262168160E-13, 3.312032733496181436 ) ) ;
#3948 = CARTESIAN_POINT ( 'NONE',  ( -1.770451845801062074, 98.34395436108682986, 15.43457091895199973 ) ) ;
#3949 = FACE_OUTER_BOUND ( 'NONE', #3284, .T. ) ;
#3950 = CARTESIAN_POINT ( 'NONE',  ( -19.75301251653357326, 121.3192571633515513, 14.00000000000000000 ) ) ;
#3951 = DIRECTION ( 'NONE',  ( 0.5788523453879269587, -0.8154323774776764955, 0.000000000000000000 ) ) ;
#3952 = ORIENTED_EDGE ( 'NONE', *, *, #2191, .F. ) ;
#3953 = EDGE_LOOP ( 'NONE', ( #2104, #3523, #4344, #4245, #3747 ) ) ;
#3954 = VECTOR ( 'NONE', #5525, 1000.000000000000000 ) ;
#3955 = CARTESIAN_POINT ( 'NONE',  ( -30.00000000000000355, 137.9999999999999716, 0.000000000000000000 ) ) ;
#3956 = DIRECTION ( 'NONE',  ( -0.03774298798120413051, 0.9992874795864554738, 0.000000000000000000 ) ) ;
#3957 = EDGE_CURVE ( 'NONE', #2079, #2560, #5937, .T. ) ;
#3958 = ORIENTED_EDGE ( 'NONE', *, *, #1462, .T. ) ;
#3959 = PLANE ( 'NONE',  #3168 ) ;
#3960 = ORIENTED_EDGE ( 'NONE', *, *, #1825, .T. ) ;
#3961 = CIRCLE ( 'NONE', #549, 9.000000000000001776 ) ;
#3962 = CARTESIAN_POINT ( 'NONE',  ( 17.73824133803189085, 125.8041231543550964, 5.565429081048003823 ) ) ;
#3963 = CARTESIAN_POINT ( 'NONE',  ( -18.38215907066007659, 126.2914313401048929, 21.00000000000001066 ) ) ;
#3964 = DIRECTION ( 'NONE',  ( 0.5888628737284321568, -0.8082329589569411388, 1.119559437274922296E-20 ) ) ;
#3965 = VECTOR ( 'NONE', #6205, 1000.000000000000000 ) ;
#3966 = EDGE_CURVE ( 'NONE', #3405, #4016, #2570, .T. ) ;
#3967 =( BOUNDED_CURVE ( )  B_SPLINE_CURVE ( 3, ( #2116, #6048, #662, #1636 ),
 .UNSPECIFIED., .F., .F. ) 
 B_SPLINE_CURVE_WITH_KNOTS ( ( 4, 4 ),
 ( 4.981152050516747032, 5.007263269572705511 ),
 .UNSPECIFIED. ) 
 CURVE ( )  GEOMETRIC_REPRESENTATION_ITEM ( )  RATIONAL_B_SPLINE_CURVE ( ( 1.000000000000000000, 0.9999431844936363944, 0.9999431844936363944, 1.000000000000000000 ) ) 
 REPRESENTATION_ITEM ( '' )  );
#3968 = CARTESIAN_POINT ( 'NONE',  ( 28.34671358076387904, 143.9949748847918727, 20.99700954684064058 ) ) ;
#3969 = CARTESIAN_POINT ( 'NONE',  ( -22.35886403800315136, 22.37118165422197080, 1.828581256474066885 ) ) ;
#3970 = B_SPLINE_CURVE_WITH_KNOTS ( 'NONE', 3,
 ( #3226, #5237, #768, #6394, #4412, #903, #3498, #20, #6429, #967, #495, #4941, #432, #463, #4481, #1982 ),
 .UNSPECIFIED., .F., .F.,
 ( 4, 2, 2, 2, 2, 2, 2, 4 ),
 ( -9.918063960369988741E-06, 0.001272805251991630153, 0.002555528567943630546, 0.003196890225919649716, 0.003838251883895669753, 0.004479613541871688490, 0.004800294370859715422, 0.005120975199847742354 ),
 .UNSPECIFIED. ) ;
#3971 = CARTESIAN_POINT ( 'NONE',  ( -17.00779500779307085, 77.01757195169130910, 0.000000000000000000 ) ) ;
#3972 = CARTESIAN_POINT ( 'NONE',  ( -3.469446951953613794E-15, 48.06092773400537510, 13.99999999999999822 ) ) ;
#3973 = PLANE ( 'NONE',  #5124 ) ;
#3974 = CARTESIAN_POINT ( 'NONE',  ( -26.96321148753029107, 19.64487345577360244, 14.00000000000000178 ) ) ;
#3975 = VECTOR ( 'NONE', #4396, 1000.000000000000000 ) ;
#3976 = EDGE_LOOP ( 'NONE', ( #1150, #1163, #161, #4279 ) ) ;
#3977 = APPLICATION_PROTOCOL_DEFINITION ( 'draft international standard', 'automotive_design', 1998, #5293 ) ;
#3978 = CARTESIAN_POINT ( 'NONE',  ( -28.45334970541362907, 159.5586394364497664, 4.845322222308441340 ) ) ;
#3979 = VECTOR ( 'NONE', #3143, 1000.000000000000000 ) ;
#3980 = CARTESIAN_POINT ( 'NONE',  ( -1.219727444046192488E-15, 15.00000000000000178, 15.66690475583125419 ) ) ;
#3981 = DIRECTION ( 'NONE',  ( -1.000000000000000000, 0.000000000000000000, 0.000000000000000000 ) ) ;
#3982 = CARTESIAN_POINT ( 'NONE',  ( 29.49918017615137344, 8.788020706826950246, 1.045974334498242397 ) ) ;
#3983 = CARTESIAN_POINT ( 'NONE',  ( 12.57435216595293603, 121.1185930466224505, 7.000000000000000000 ) ) ;
#3984 = ORIENTED_EDGE ( 'NONE', *, *, #4904, .T. ) ;
#3985 = EDGE_CURVE ( 'NONE', #4045, #1705, #4625, .T. ) ;
#3986 = LINE ( 'NONE', #3955, #1785 ) ;
#3987 = CARTESIAN_POINT ( 'NONE',  ( 5.662375826453064143, 27.50000000000000000, 8.000000000000001776 ) ) ;
#3988 = ORIENTED_EDGE ( 'NONE', *, *, #6286, .T. ) ;
#3989 = DIRECTION ( 'NONE',  ( 0.8146562665393389802, 0.5783014062182958437, -0.04361938736533609029 ) ) ;
#3990 = ORIENTED_EDGE ( 'NONE', *, *, #3008, .T. ) ;
#3991 = EDGE_CURVE ( 'NONE', #167, #1374, #590, .T. ) ;
#3992 = AXIS2_PLACEMENT_3D ( 'NONE', #836, #6326, #1317 ) ;
#3993 = CYLINDRICAL_SURFACE ( 'NONE', #4743, 1.500000000000002220 ) ;
#3994 = CARTESIAN_POINT ( 'NONE',  ( 2.571073631240475166, 98.34889050580414960, 13.99999999999999822 ) ) ;
#3995 = ORIENTED_EDGE ( 'NONE', *, *, #5379, .T. ) ;
#3996 = AXIS2_PLACEMENT_3D ( 'NONE', #2012, #1524, #1030 ) ;
#3997 = CARTESIAN_POINT ( 'NONE',  ( 29.43555862636439002, 142.8964304067359024, 20.83675984250957214 ) ) ;
#3998 = CARTESIAN_POINT ( 'NONE',  ( 0.000000000000000000, 25.00000000000000000, 9.000000000000000000 ) ) ;
#3999 = EDGE_CURVE ( 'NONE', #3647, #548, #2646, .T. ) ;
#4000 = DIRECTION ( 'NONE',  ( -0.000000000000000000, -0.000000000000000000, -1.000000000000000000 ) ) ;
#4001 = ADVANCED_FACE ( 'NONE', ( #4829 ), #4338, .F. ) ;
#4002 = LINE ( 'NONE', #3020, #9 ) ;
#4003 = CARTESIAN_POINT ( 'NONE',  ( 13.04350521507583416, 121.4996382035762821, 14.00000000000000888 ) ) ;
#4004 = VECTOR ( 'NONE', #4694, 1000.000000000000000 ) ;
#4005 = CARTESIAN_POINT ( 'NONE',  ( 29.34454953019599088, 6.237327627105305083, 20.34435441085143381 ) ) ;
#4006 = ORIENTED_EDGE ( 'NONE', *, *, #3929, .T. ) ;
#4007 = LINE ( 'NONE', #6021, #6065 ) ;
#4008 = ADVANCED_FACE ( 'NONE', ( #4966 ), #38, .F. ) ;
#4009 = CARTESIAN_POINT ( 'NONE',  ( 30.10632786799104110, 125.1370705705932806, 3.231589661363646560 ) ) ;
#4010 = EDGE_CURVE ( 'NONE', #1391, #4647, #1670, .T. ) ;
#4011 = AXIS2_PLACEMENT_3D ( 'NONE', #236, #3748, #6195 ) ;
#4012 = CARTESIAN_POINT ( 'NONE',  ( 30.46627895010024645, 34.39303366458791800, 18.46187452946657714 ) ) ;
#4013 = CARTESIAN_POINT ( 'NONE',  ( -20.70519337430915030, 123.5736607189254386, 14.14580399102148967 ) ) ;
#4014 = DIRECTION ( 'NONE',  ( 0.000000000000000000, -0.000000000000000000, -1.000000000000000000 ) ) ;
#4015 = ORIENTED_EDGE ( 'NONE', *, *, #2585, .F. ) ;
#4016 = VERTEX_POINT ( 'NONE', #2836 ) ;
#4017 = B_SPLINE_CURVE_WITH_KNOTS ( 'NONE', 3,
 ( #3459, #455, #6419, #1935, #2834, #5825, #3912, #5924, #1900, #1342, #386, #5889, #3604, #3115, #3052, #3571, #1135, #570, #5120, #5591 ),
 .UNSPECIFIED., .F., .F.,
 ( 4, 2, 2, 2, 2, 2, 2, 2, 2, 4 ),
 ( 1.734723475976807094E-18, 0.0002328354916375477597, 0.0004656709832750937847, 0.0009313419665501858347, 0.001862683933100369935, 0.003725367866200751579, 0.005588051799301133223, 0.006519393765851323394, 0.006985064749126420648, 0.007450735732401517902 ),
 .UNSPECIFIED. ) ;
#4018 = CYLINDRICAL_SURFACE ( 'NONE', #45, 27.00000000000000000 ) ;
#4019 = CARTESIAN_POINT ( 'NONE',  ( 15.59117595168155290, 68.08056964636652708, 7.000000000000000000 ) ) ;
#4020 = AXIS2_PLACEMENT_3D ( 'NONE', #6379, #5884, #5291 ) ;
#4021 = ORIENTED_EDGE ( 'NONE', *, *, #5672, .F. ) ;
#4022 = DIRECTION ( 'NONE',  ( -0.5788523453879270697, 0.8154323774776766065, 0.000000000000000000 ) ) ;
#4023 = ORIENTED_EDGE ( 'NONE', *, *, #1161, .T. ) ;
#4024 = CIRCLE ( 'NONE', #4448, 0.9999999999999998890 ) ;
#4025 = CARTESIAN_POINT ( 'NONE',  ( 17.00997526639650559, 77.28630117980740977, 17.33524125393165605 ) ) ;
#4026 = VERTEX_POINT ( 'NONE', #3354 ) ;
#4027 = ORIENTED_EDGE ( 'NONE', *, *, #2136, .T. ) ;
#4028 = AXIS2_PLACEMENT_3D ( 'NONE', #4523, #5116, #4032 ) ;
#4029 = CARTESIAN_POINT ( 'NONE',  ( 29.41359549321801836, 143.4779287230895761, 20.94866234851570752 ) ) ;
#4030 = DIRECTION ( 'NONE',  ( 0.5888628737284323789, -0.8082329589569410278, 2.625428118579048432E-21 ) ) ;
#4031 = FACE_OUTER_BOUND ( 'NONE', #1612, .T. ) ;
#4032 = DIRECTION ( 'NONE',  ( 1.000000000000000000, 0.000000000000000000, 0.000000000000000000 ) ) ;
#4033 = TOROIDAL_SURFACE ( 'NONE', #4967, 31.50000000000001421, 1.500000000000000000 ) ;
#4034 = DIRECTION ( 'NONE',  ( -0.5888628737284321568, 0.8082329589569411388, 0.000000000000000000 ) ) ;
#4035 = DIRECTION ( 'NONE',  ( 0.000000000000000000, -1.000000000000000000, 0.000000000000000000 ) ) ;
#4036 = ORIENTED_EDGE ( 'NONE', *, *, #4763, .F. ) ;
#4037 = B_SPLINE_CURVE_WITH_KNOTS ( 'NONE', 3,
 ( #2062, #97, #638, #5593, #4009, #5055, #5122, #3054, #6116, #2152, #5025, #3517 ),
 .UNSPECIFIED., .F., .F.,
 ( 4, 2, 2, 2, 2, 4 ),
 ( 0.000000000000000000, 0.007067311466972660793, 0.01413462293394532159, 0.02120193440091790171, 0.02473559013440418744, 0.02826924586789048011 ),
 .UNSPECIFIED. ) ;
#4038 = APPLICATION_PROTOCOL_DEFINITION ( 'draft international standard', 'automotive_design', 1998, #1992 ) ;
#4039 = FACE_OUTER_BOUND ( 'NONE', #3091, .T. ) ;
#4040 = CARTESIAN_POINT ( 'NONE',  ( -15.17579862255016820, 75.00000000000004263, 14.58680187058798161 ) ) ;
#4041 = CARTESIAN_POINT ( 'NONE',  ( 29.37408690867955485, 27.52732690787996006, 18.63860152446307694 ) ) ;
#4042 = CARTESIAN_POINT ( 'NONE',  ( -27.81308086433929461, 9.452495357634900230, 0.8395596106793923319 ) ) ;
#4043 = FACE_OUTER_BOUND ( 'NONE', #3793, .T. ) ;
#4044 = ORIENTED_EDGE ( 'NONE', *, *, #3885, .T. ) ;
#4045 = VERTEX_POINT ( 'NONE', #5534 ) ;
#4046 = EDGE_CURVE ( 'NONE', #1306, #6406, #2532, .T. ) ;
#4047 = EDGE_CURVE ( 'NONE', #496, #675, #4037, .T. ) ;
#4048 = CARTESIAN_POINT ( 'NONE',  ( -16.48110924782922027, 79.08591689978933914, 6.664735979901205809 ) ) ;
#4049 = DIRECTION ( 'NONE',  ( -0.8082329589569409167, 0.5888628737284324899, 0.000000000000000000 ) ) ;
#4050 = EDGE_LOOP ( 'NONE', ( #5365, #226, #2942, #616 ) ) ;
#4051 = CARTESIAN_POINT ( 'NONE',  ( -7.825792614798337298E-13, -1.804112415015879378E-13, 14.00000000000000178 ) ) ;
#4052 = ORIENTED_EDGE ( 'NONE', *, *, #3695, .F. ) ;
#4053 = CARTESIAN_POINT ( 'NONE',  ( 29.41457293612756629, 143.4520498376744513, 20.00594208901586413 ) ) ;
#4054 = LINE ( 'NONE', #2496, #4961 ) ;
#4055 = LINE ( 'NONE', #82, #1091 ) ;
#4056 = VERTEX_POINT ( 'NONE', #1603 ) ;
#4057 = ORIENTED_EDGE ( 'NONE', *, *, #5297, .F. ) ;
#4058 = EDGE_CURVE ( 'NONE', #4311, #1806, #2662, .T. ) ;
#4059 = DIRECTION ( 'NONE',  ( -0.000000000000000000, -0.000000000000000000, -1.000000000000000000 ) ) ;
#4060 = CARTESIAN_POINT ( 'NONE',  ( 15.84610458595607874, 68.89821980830221548, 14.01871457236446794 ) ) ;
#4061 = DIRECTION ( 'NONE',  ( 0.5888628737284323789, -0.8082329589569410278, 0.000000000000000000 ) ) ;
#4062 = DIRECTION ( 'NONE',  ( -0.5788523453879270697, 0.8154323774776764955, -1.383174873806726376E-18 ) ) ;
#4063 = DIRECTION ( 'NONE',  ( -1.000000000000000000, 0.000000000000000000, 0.000000000000000000 ) ) ;
#4064 = DIRECTION ( 'NONE',  ( 1.000000000000000000, 0.000000000000000000, 0.000000000000000000 ) ) ;
#4065 = EDGE_LOOP ( 'NONE', ( #3142, #4332, #4510, #1211 ) ) ;
#4066 = EDGE_CURVE ( 'NONE', #1051, #703, #1201, .T. ) ;
#4067 = DIRECTION ( 'NONE',  ( 0.05370107013642661659, -0.0003310879849769525225, -0.9985570016012850214 ) ) ;
#4068 = CARTESIAN_POINT ( 'NONE',  ( 29.92496611224666481, 20.06117573991472014, 2.892371832811315713 ) ) ;
#4069 = CYLINDRICAL_SURFACE ( 'NONE', #3900, 1.499999999999999778 ) ;
#4070 = CARTESIAN_POINT ( 'NONE',  ( -29.46498314081177838, 144.3583803499665805, 18.87724163293569291 ) ) ;
#4071 = CARTESIAN_POINT ( 'NONE',  ( -17.56542928847980534, 125.6293081863365018, 5.851352401651758406 ) ) ;
#4072 = CARTESIAN_POINT ( 'NONE',  ( 29.35528403314877366, 9.609147583440439178, 0.7897286357537625090 ) ) ;
#4073 = CARTESIAN_POINT ( 'NONE',  ( -7.825792614798337298E-13, -1.804112415015879378E-13, 5.500000000000000000 ) ) ;
#4074 = ORIENTED_EDGE ( 'NONE', *, *, #3910, .T. ) ;
#4075 = ORIENTED_EDGE ( 'NONE', *, *, #5315, .T. ) ;
#4076 = AXIS2_PLACEMENT_3D ( 'NONE', #4318, #778, #812 ) ;
#4077 = CARTESIAN_POINT ( 'NONE',  ( -278.1066884401993207, 75.00000000000000000, 7.000000000000000000 ) ) ;
#4078 = CARTESIAN_POINT ( 'NONE',  ( -16.10100316236173867, 80.28918469861881135, 14.09648818785385593 ) ) ;
#4079 = ADVANCED_FACE ( 'NONE', ( #2605 ), #667, .F. ) ;
#4080 = VERTEX_POINT ( 'NONE', #2638 ) ;
#4081 = ADVANCED_FACE ( 'NONE', ( #191 ), #895, .F. ) ;
#4082 = DIRECTION ( 'NONE',  ( 0.000000000000000000, 0.000000000000000000, -1.000000000000000000 ) ) ;
#4083 = VERTEX_POINT ( 'NONE', #3118 ) ;
#4084 = DIRECTION ( 'NONE',  ( 0.000000000000000000, 0.000000000000000000, -1.000000000000000000 ) ) ;
#4085 = ORIENTED_EDGE ( 'NONE', *, *, #389, .T. ) ;
#4086 = LINE ( 'NONE', #112, #1423 ) ;
#4087 = LINE ( 'NONE', #177, #900 ) ;
#4088 = EDGE_LOOP ( 'NONE', ( #3984, #3782, #6051, #1393, #6248 ) ) ;
#4089 = AXIS2_PLACEMENT_3D ( 'NONE', #3448, #4084, #3557 ) ;
#4090 = CYLINDRICAL_SURFACE ( 'NONE', #3920, 0.9999999999999996669 ) ;
#4091 = CARTESIAN_POINT ( 'NONE',  ( -49.17338902963630431, 35.82677847278986860, 14.00000000000000178 ) ) ;
#4092 = CARTESIAN_POINT ( 'NONE',  ( -278.1066884401993207, 75.00000000000000000, 5.500000000000000000 ) ) ;
#4093 = DIRECTION ( 'NONE',  ( -1.000000000000000000, 0.000000000000000000, 0.000000000000000000 ) ) ;
#4094 = CARTESIAN_POINT ( 'NONE',  ( -22.27915728199868184, 127.2396118831975969, 15.49999999999940314 ) ) ;
#4095 = ADVANCED_FACE ( 'NONE', ( #2511 ), #4532, .T. ) ;
#4096 = VECTOR ( 'NONE', #3673, 1000.000000000000000 ) ;
#4097 = DIRECTION ( 'NONE',  ( -1.000000000000000000, -3.552713678800500929E-15, 0.000000000000000000 ) ) ;
#4098 = ORIENTED_EDGE ( 'NONE', *, *, #25, .T. ) ;
#4099 = DIRECTION ( 'NONE',  ( 1.000000000000000000, 8.884263044122893140E-15, 0.000000000000000000 ) ) ;
#4100 = DIRECTION ( 'NONE',  ( -0.5788523453879269587, 0.8154323774776764955, 0.000000000000000000 ) ) ;
#4101 = CARTESIAN_POINT ( 'NONE',  ( 29.86343330454926459, 18.43202639055629177, 18.94826601112808362 ) ) ;
#4102 = CARTESIAN_POINT ( 'NONE',  ( 0.000000000000000000, 0.000000000000000000, 21.00000000000000000 ) ) ;
#4103 = EDGE_CURVE ( 'NONE', #5611, #2663, #4628, .T. ) ;
#4104 = CARTESIAN_POINT ( 'NONE',  ( 0.9739307408648782971, 50.97559531952740031, 0.000000000000000000 ) ) ;
#4105 = EDGE_LOOP ( 'NONE', ( #4469, #1450, #3316, #2231, #1570, #4877, #5223, #4792, #5691, #92, #1429, #5767, #5294 ) ) ;
#4106 = EDGE_LOOP ( 'NONE', ( #2888, #2416, #6247, #4938 ) ) ;
#4107 = AXIS2_PLACEMENT_3D ( 'NONE', #5453, #2915, #3298 ) ;
#4108 = DIRECTION ( 'NONE',  ( 0.5888628737284321568, -0.8082329589569411388, -0.000000000000000000 ) ) ;
#4109 = AXIS2_PLACEMENT_3D ( 'NONE', #67, #699, #3635 ) ;
#4110 = DIRECTION ( 'NONE',  ( 0.000000000000000000, 0.000000000000000000, 1.000000000000000000 ) ) ;
#4111 = ORIENTED_EDGE ( 'NONE', *, *, #2210, .T. ) ;
#4112 = CARTESIAN_POINT ( 'NONE',  ( 22.98613828706429629, -14.17164709565423131, 5.244005445918769936 ) ) ;
#4113 = VERTEX_POINT ( 'NONE', #1547 ) ;
#4114 = CARTESIAN_POINT ( 'NONE',  ( -1.770451845801062074, 98.34395436108682986, 15.43457091895199973 ) ) ;
#4115 = ORIENTED_EDGE ( 'NONE', *, *, #2494, .F. ) ;
#4116 = CARTESIAN_POINT ( 'NONE',  ( 29.94525253494621708, 129.4017187129738602, 18.06285057465077770 ) ) ;
#4117 = ORIENTED_EDGE ( 'NONE', *, *, #3614, .F. ) ;
#4118 = EDGE_CURVE ( 'NONE', #1272, #2384, #2123, .T. ) ;
#4119 = ADVANCED_FACE ( 'NONE', ( #4597 ), #4069, .F. ) ;
#4120 = CARTESIAN_POINT ( 'NONE',  ( 26.96321148753029107, 19.64487345577360244, 5.500000000000000000 ) ) ;
#4121 = LINE ( 'NONE', #5016, #1468 ) ;
#4122 = CARTESIAN_POINT ( 'NONE',  ( 14.87349643565086765, 26.92722405317678991, 14.18791993000842488 ) ) ;
#4123 = AXIS2_PLACEMENT_3D ( 'NONE', #5142, #4648, #770 ) ;
#4124 = CARTESIAN_POINT ( 'NONE',  ( 29.85915415222491731, 131.6812689146933337, 18.27084289330360889 ) ) ;
#4125 = DIRECTION ( 'NONE',  ( -0.000000000000000000, -0.000000000000000000, -1.000000000000000000 ) ) ;
#4126 = DIRECTION ( 'NONE',  ( 1.000000000000000000, 0.000000000000000000, 0.000000000000000000 ) ) ;
#4127 = EDGE_CURVE ( 'NONE', #703, #4672, #1941, .T. ) ;
#4128 = CARTESIAN_POINT ( 'NONE',  ( 29.92907455377380543, 20.16995128730832931, 2.181562764318684788 ) ) ;
#4129 = DIRECTION ( 'NONE',  ( 1.000000000000000000, 0.000000000000000000, 0.000000000000000000 ) ) ;
#4130 = CARTESIAN_POINT ( 'NONE',  ( 30.20433301542826143, 27.45772443657004658, 17.65246167699756796 ) ) ;
#4131 = CARTESIAN_POINT ( 'NONE',  ( 1.396097351028011612E-14, 139.0000000000010232, 8.000000000000001776 ) ) ;
#4132 = FACE_BOUND ( 'NONE', #4794, .T. ) ;
#4133 = ORIENTED_EDGE ( 'NONE', *, *, #2381, .F. ) ;
#4134 = EDGE_LOOP ( 'NONE', ( #1662, #286, #1347, #3037 ) ) ;
#4135 = VERTEX_POINT ( 'NONE', #5505 ) ;
#4136 = EDGE_CURVE ( 'NONE', #106, #863, #2453, .T. ) ;
#4137 = ADVANCED_FACE ( 'NONE', ( #4998 ), #4504, .F. ) ;
#4138 = LINE ( 'NONE', #645, #454 ) ;
#4139 = LINE ( 'NONE', #2617, #3480 ) ;
#4140 = VERTEX_POINT ( 'NONE', #5156 ) ;
#4141 = CARTESIAN_POINT ( 'NONE',  ( 26.10523919606752585, -6.907390005881730133, 4.512577891585715761 ) ) ;
#4142 = VERTEX_POINT ( 'NONE', #4159 ) ;
#4143 = ORIENTED_EDGE ( 'NONE', *, *, #6261, .T. ) ;
#4144 = EDGE_CURVE ( 'NONE', #2223, #3411, #588, .T. ) ;
#4145 = CARTESIAN_POINT ( 'NONE',  ( 29.17183320431689708, 7.029250118271668235, 20.81462122880852661 ) ) ;
#4146 = VERTEX_POINT ( 'NONE', #3731 ) ;
#4147 = DIRECTION ( 'NONE',  ( 0.000000000000000000, 0.000000000000000000, 1.000000000000000000 ) ) ;
#4148 = FACE_OUTER_BOUND ( 'NONE', #1418, .T. ) ;
#4149 = ORIENTED_EDGE ( 'NONE', *, *, #4872, .T. ) ;
#4150 = DIRECTION ( 'NONE',  ( -1.000000000000000000, 0.000000000000000000, 0.000000000000000000 ) ) ;
#4151 = DIRECTION ( 'NONE',  ( -0.5788523453879101943, 0.8154323774776884859, 0.000000000000000000 ) ) ;
#4152 = CARTESIAN_POINT ( 'NONE',  ( 278.1066884401993207, 75.00000000000007105, 28.50000000000000355 ) ) ;
#4153 = FACE_OUTER_BOUND ( 'NONE', #3811, .T. ) ;
#4154 = EDGE_CURVE ( 'NONE', #2295, #6321, #4901, .T. ) ;
#4155 = FACE_OUTER_BOUND ( 'NONE', #2868, .T. ) ;
#4156 = FACE_BOUND ( 'NONE', #4914, .T. ) ;
#4157 = DIRECTION ( 'NONE',  ( -0.8146562665393508595, -0.5783014062182789683, -0.04361938736533609029 ) ) ;
#4158 = AXIS2_PLACEMENT_3D ( 'NONE', #3524, #4480, #5449 ) ;
#4159 = CARTESIAN_POINT ( 'NONE',  ( -17.73824133803007541, 24.19587684564644192, 15.43457091895199795 ) ) ;
#4160 = CARTESIAN_POINT ( 'NONE',  ( 29.21412090101984305, 132.1749656144108371, 1.742054891722279564 ) ) ;
#4161 = CARTESIAN_POINT ( 'NONE',  ( 17.01122097318214088, 72.57933554843660318, 5.499999999999617195 ) ) ;
#4162 = CARTESIAN_POINT ( 'NONE',  ( -17.01122097318214088, 72.57933554843654633, 15.49999999999940314 ) ) ;
#4163 = ORIENTED_EDGE ( 'NONE', *, *, #560, .F. ) ;
#4164 = ORIENTED_EDGE ( 'NONE', *, *, #4777, .F. ) ;
#4165 = ORIENTED_EDGE ( 'NONE', *, *, #5208, .F. ) ;
#4166 = DIRECTION ( 'NONE',  ( 0.5888628737284323789, 0.8082329589569410278, 0.000000000000000000 ) ) ;
#4167 = CARTESIAN_POINT ( 'NONE',  ( 15.84608435443631969, 81.10184484446737940, 14.01871036139389126 ) ) ;
#4168 = ORIENTED_EDGE ( 'NONE', *, *, #5723, .F. ) ;
#4169 = CARTESIAN_POINT ( 'NONE',  ( 8.709000251095117662, -25.57229974723489718, 5.321477820165720019 ) ) ;
#4170 = EDGE_CURVE ( 'NONE', #4988, #2320, #6170, .T. ) ;
#4171 = EDGE_LOOP ( 'NONE', ( #1647, #393, #6214, #6285 ) ) ;
#4172 = AXIS2_PLACEMENT_3D ( 'NONE', #90, #982, #2899 ) ;
#4173 = CARTESIAN_POINT ( 'NONE',  ( 29.44404816003602221, 5.783963837645229589, 20.84145158038598211 ) ) ;
#4174 = AXIS2_PLACEMENT_3D ( 'NONE', #4757, #4723, #5289 ) ;
#4175 = ORIENTED_EDGE ( 'NONE', *, *, #3187, .F. ) ;
#4176 = CARTESIAN_POINT ( 'NONE',  ( 30.20433301542803051, 27.45772443656374051, 17.65246167690826695 ) ) ;
#4177 = CARTESIAN_POINT ( 'NONE',  ( 29.37408690867173178, 122.4726730921279625, 18.63860152446424223 ) ) ;
#4178 = B_SPLINE_CURVE_WITH_KNOTS ( 'NONE', 3,
 ( #6076, #2632, #6013, #5047 ),
 .UNSPECIFIED., .F., .F.,
 ( 4, 4 ),
 ( 0.000000000000000000, 6.578796115852534091E-05 ),
 .UNSPECIFIED. ) ;
#4179 = EDGE_CURVE ( 'NONE', #2653, #5660, #2786, .T. ) ;
#4180 = ORIENTED_EDGE ( 'NONE', *, *, #1951, .F. ) ;
#4181 = CARTESIAN_POINT ( 'NONE',  ( 25.10590816448017293, 139.8525756567880478, 0.6378293138732479273 ) ) ;
#4182 = CARTESIAN_POINT ( 'NONE',  ( 29.45938024789100140, 32.22950977112948578, 2.500000000000002665 ) ) ;
#4183 = CARTESIAN_POINT ( 'NONE',  ( -20.46681754848367163, 26.98803072627717370, 6.909132442138615993 ) ) ;
#4184 = FACE_BOUND ( 'NONE', #4555, .T. ) ;
#4185 = DIRECTION ( 'NONE',  ( -0.000000000000000000, 0.000000000000000000, 1.000000000000000000 ) ) ;
#4186 = CYLINDRICAL_SURFACE ( 'NONE', #1954, 1.500000000000003553 ) ;
#4187 = CARTESIAN_POINT ( 'NONE',  ( 17.00779500779313125, 72.98242804830888986, 0.000000000000000000 ) ) ;
#4188 = CARTESIAN_POINT ( 'NONE',  ( -278.1066884401993207, 75.00000000000000000, 2.499999999999998668 ) ) ;
#4189 = CIRCLE ( 'NONE', #1813, 1.000000000000000000 ) ;
#4190 = CYLINDRICAL_SURFACE ( 'NONE', #408, 252.1066884401991786 ) ;
#4191 = CARTESIAN_POINT ( 'NONE',  ( 22.27915728199864631, 127.2396118831975400, 15.49999999999851497 ) ) ;
#4192 = DIRECTION ( 'NONE',  ( -0.000000000000000000, 0.000000000000000000, 1.000000000000000000 ) ) ;
#4193 = EDGE_LOOP ( 'NONE', ( #2097, #6380, #6092, #5519, #4098 ) ) ;
#4194 = ORIENTED_EDGE ( 'NONE', *, *, #3816, .T. ) ;
#4195 = VERTEX_POINT ( 'NONE', #5655 ) ;
#4196 = ADVANCED_FACE ( 'NONE', ( #277 ), #343, .F. ) ;
#4197 = EDGE_CURVE ( 'NONE', #2516, #3898, #753, .T. ) ;
#4198 = CARTESIAN_POINT ( 'NONE',  ( 29.99999999999999645, 150.0000000000000000, 3.312032733496089953 ) ) ;
#4199 = CARTESIAN_POINT ( 'NONE',  ( -15.47426733653355413, 75.00000000000005684, 0.8880711901166710165 ) ) ;
#4200 = ORIENTED_EDGE ( 'NONE', *, *, #2529, .T. ) ;
#4201 = CARTESIAN_POINT ( 'NONE',  ( -1.787761629715969081, -26.99996110987758868, 5.239168575664672645 ) ) ;
#4202 = VERTEX_POINT ( 'NONE', #2211 ) ;
#4203 = VECTOR ( 'NONE', #6024, 1000.000000000000000 ) ;
#4204 = AXIS2_PLACEMENT_3D ( 'NONE', #3174, #3755, #1290 ) ;
#4205 = EDGE_CURVE ( 'NONE', #649, #5988, #5211, .T. ) ;
#4206 = VERTEX_POINT ( 'NONE', #4691 ) ;
#4207 = DIRECTION ( 'NONE',  ( 0.000000000000000000, 0.000000000000000000, 1.000000000000000000 ) ) ;
#4208 = AXIS2_PLACEMENT_3D ( 'NONE', #398, #5423, #942 ) ;
#4209 = CARTESIAN_POINT ( 'NONE',  ( 29.69250646519710557, 136.0934513107636405, 19.43795572951433925 ) ) ;
#4210 = VECTOR ( 'NONE', #947, 1000.000000000000000 ) ;
#4211 = ORIENTED_EDGE ( 'NONE', *, *, #4748, .F. ) ;
#4212 = FACE_OUTER_BOUND ( 'NONE', #790, .T. ) ;
#4213 = FACE_OUTER_BOUND ( 'NONE', #5030, .T. ) ;
#4214 = CARTESIAN_POINT ( 'NONE',  ( -22.05720413735476981, 23.27445807465169381, 6.080456027386902385 ) ) ;
#4215 = CARTESIAN_POINT ( 'NONE',  ( 19.51661539667201595, 120.7542013029525378, 14.00000000000000178 ) ) ;
#4216 = LINE ( 'NONE', #5810, #799 ) ;
#4217 =( BOUNDED_CURVE ( )  B_SPLINE_CURVE ( 3, ( #3431, #798, #4769, #1609 ),
 .UNSPECIFIED., .F., .T. ) 
 B_SPLINE_CURVE_WITH_KNOTS ( ( 4, 4 ),
 ( 4.712388980384689674, 6.239552075879728044 ),
 .UNSPECIFIED. ) 
 CURVE ( )  GEOMETRIC_REPRESENTATION_ITEM ( )  RATIONAL_B_SPLINE_CURVE ( ( 1.000000000000000000, 0.8149093080398369660, 0.8149093080398369660, 1.000000000000000000 ) ) 
 REPRESENTATION_ITEM ( '' )  );
#4218 = CARTESIAN_POINT ( 'NONE',  ( 2.284571150573320164, 26.90502189176960357, 3.712719806319264126 ) ) ;
#4219 = CARTESIAN_POINT ( 'NONE',  ( -3.673940397442060756E-15, 150.0000000000000000, 11.00000000000000178 ) ) ;
#4220 = AXIS2_PLACEMENT_3D ( 'NONE', #5818, #5327, #279 ) ;
#4221 = CARTESIAN_POINT ( 'NONE',  ( -19.99100444264048804, 121.8854384322584963, 6.982213053105255085 ) ) ;
#4222 = AXIS2_PLACEMENT_3D ( 'NONE', #3795, #5812, #4818 ) ;
#4223 = CARTESIAN_POINT ( 'NONE',  ( 29.66313197942831081, 136.8711734101686091, 1.458275248102889554 ) ) ;
#4224 = DIRECTION ( 'NONE',  ( -0.8154323774776776057, 0.5788523453879257374, 0.000000000000000000 ) ) ;
#4225 = VERTEX_POINT ( 'NONE', #248 ) ;
#4226 = CARTESIAN_POINT ( 'NONE',  ( 19.37292154457695403, 73.27113533989638938, 15.50000000000000178 ) ) ;
#4227 = ORIENTED_EDGE ( 'NONE', *, *, #2982, .F. ) ;
#4228 = ORIENTED_EDGE ( 'NONE', *, *, #2910, .T. ) ;
#4229 = ORIENTED_EDGE ( 'NONE', *, *, #1386, .F. ) ;
#4230 = VECTOR ( 'NONE', #1922, 1000.000000000000114 ) ;
#4231 = VECTOR ( 'NONE', #460, 1000.000000000000114 ) ;
#4232 = CARTESIAN_POINT ( 'NONE',  ( 20.10000000000000142, 0.000000000000000000, 11.00000000000000178 ) ) ;
#4233 = CARTESIAN_POINT ( 'NONE',  ( 29.55174693790585394, 36.67477168128549891, 18.50000000000000355 ) ) ;
#4234 = EDGE_LOOP ( 'NONE', ( #1147, #5109, #5870, #552, #4632, #2657, #580, #3711 ) ) ;
#4235 = CARTESIAN_POINT ( 'NONE',  ( 17.00985568025586048, 72.57261043416887958, 15.43457091895199795 ) ) ;
#4236 = EDGE_CURVE ( 'NONE', #6080, #2066, #4314, .T. ) ;
#4237 = ADVANCED_FACE ( 'NONE', ( #4326 ), #3377, .F. ) ;
#4238 = ORIENTED_EDGE ( 'NONE', *, *, #3211, .T. ) ;
#4239 = CARTESIAN_POINT ( 'NONE',  ( 7.009195770816107895, 176.0894686489086212, 5.294148881697315012 ) ) ;
#4240 = SURFACE_STYLE_FILL_AREA ( #2261 ) ;
#4241 = ORIENTED_EDGE ( 'NONE', *, *, #3858, .F. ) ;
#4242 = DIRECTION ( 'NONE',  ( 0.000000000000000000, 0.000000000000000000, 1.000000000000000000 ) ) ;
#4243 = ORIENTED_EDGE ( 'NONE', *, *, #6259, .F. ) ;
#4244 = PLANE ( 'NONE',  #5463 ) ;
#4245 = ORIENTED_EDGE ( 'NONE', *, *, #4762, .T. ) ;
#4246 = DIRECTION ( 'NONE',  ( -0.000000000000000000, -0.000000000000000000, -1.000000000000000000 ) ) ;
#4247 = B_SPLINE_CURVE_WITH_KNOTS ( 'NONE', 3,
 ( #723, #6077, #2699, #2206 ),
 .UNSPECIFIED., .F., .F.,
 ( 4, 4 ),
 ( 0.0007319474637895305880, 0.001238416312511958798 ),
 .UNSPECIFIED. ) ;
#4248 = CARTESIAN_POINT ( 'NONE',  ( -22.18708635937068507, 22.97454102063311865, 5.877192931915466545 ) ) ;
#4249 = CARTESIAN_POINT ( 'NONE',  ( -29.95403130125276903, -1.924918618030586837, 3.701564180915219104 ) ) ;
#4250 = CARTESIAN_POINT ( 'NONE',  ( -26.69534126906951954, 4.177480175335540835, 2.346575947905026549 ) ) ;
#4251 = ADVANCED_FACE ( 'NONE', ( #3380 ), #6345, .F. ) ;
#4252 = VECTOR ( 'NONE', #87, 1000.000000000000114 ) ;
#4253 = DIRECTION ( 'NONE',  ( 0.8074637002697746535, -0.5883024067539724955, 0.04361938736533609723 ) ) ;
#4254 = LINE ( 'NONE', #1795, #3106 ) ;
#4255 = CARTESIAN_POINT ( 'NONE',  ( -21.88839194796167931, 126.3350686529594071, 6.266854654223764420 ) ) ;
#4256 = ORIENTED_EDGE ( 'NONE', *, *, #6102, .T. ) ;
#4257 = FACE_OUTER_BOUND ( 'NONE', #3283, .T. ) ;
#4258 = CARTESIAN_POINT ( 'NONE',  ( 21.88840209280868621, 126.3350921434269480, 6.266845345530094313 ) ) ;
#4259 = FACE_OUTER_BOUND ( 'NONE', #856, .T. ) ;
#4260 = ORIENTED_EDGE ( 'NONE', *, *, #4919, .F. ) ;
#4261 = VERTEX_POINT ( 'NONE', #3870 ) ;
#4262 = ORIENTED_EDGE ( 'NONE', *, *, #938, .T. ) ;
#4264 = EDGE_LOOP ( 'NONE', ( #1711, #4027 ) ) ;
#4263 = EDGE_CURVE ( 'NONE', #4146, #3515, #182, .T. ) ;
#4265 = AXIS2_PLACEMENT_3D ( 'NONE', #2031, #5654, #4099 ) ;
#4266 = DIRECTION ( 'NONE',  ( -1.000000000000000000, 0.000000000000000000, 0.000000000000000000 ) ) ;
#4267 = DIRECTION ( 'NONE',  ( -0.03774298798119870429, 0.9992874795864556958, -0.000000000000000000 ) ) ;
#4268 = VERTEX_POINT ( 'NONE', #2342 ) ;
#4269 = CIRCLE ( 'NONE', #5104, 5.750000000000000000 ) ;
#4270 = DIRECTION ( 'NONE',  ( 0.5788523453879270697, -0.8154323774776766065, 0.000000000000000000 ) ) ;
#4271 = ORIENTED_EDGE ( 'NONE', *, *, #1033, .T. ) ;
#4272 = EDGE_LOOP ( 'NONE', ( #55, #5078, #5892, #1704 ) ) ;
#4273 = CARTESIAN_POINT ( 'NONE',  ( -17.86936958901242889, 170.2603127655749518, 5.448320588289081279 ) ) ;
#4274 = EDGE_CURVE ( 'NONE', #1374, #3368, #4347, .T. ) ;
#4275 =( NAMED_UNIT ( * ) PLANE_ANGLE_UNIT ( ) SI_UNIT ( $, .RADIAN. ) );
#4276 = EDGE_CURVE ( 'NONE', #3069, #202, #1039, .T. ) ;
#4277 = VECTOR ( 'NONE', #4270, 999.9999999999998863 ) ;
#4278 = CARTESIAN_POINT ( 'NONE',  ( 26.99999999999921485, -1.845164436262168160E-13, 3.312032733496181436 ) ) ;
#4279 = ORIENTED_EDGE ( 'NONE', *, *, #436, .F. ) ;
#4280 = ORIENTED_EDGE ( 'NONE', *, *, #4154, .T. ) ;
#4281 = AXIS2_PLACEMENT_3D ( 'NONE', #2401, #872, #3369 ) ;
#4282 = EDGE_CURVE ( 'NONE', #4080, #5550, #415, .T. ) ;
#4283 = EDGE_CURVE ( 'NONE', #1898, #6166, #6323, .T. ) ;
#4284 = LINE ( 'NONE', #807, #2522 ) ;
#4285 = ORIENTED_EDGE ( 'NONE', *, *, #1640, .F. ) ;
#4286 = CARTESIAN_POINT ( 'NONE',  ( 13.36746116222342984, 75.00000000000008527, 14.00000000000000178 ) ) ;
#4287 = DIRECTION ( 'NONE',  ( 0.000000000000000000, 0.000000000000000000, -1.000000000000000000 ) ) ;
#4288 = FACE_OUTER_BOUND ( 'NONE', #3230, .T. ) ;
#4289 = PLANE ( 'NONE',  #5502 ) ;
#4290 = ORIENTED_EDGE ( 'NONE', *, *, #5803, .T. ) ;
#4291 = FACE_OUTER_BOUND ( 'NONE', #6299, .T. ) ;
#4292 = DIRECTION ( 'NONE',  ( -0.5788523453879269587, -0.8154323774776764955, 0.000000000000000000 ) ) ;
#4293 = CARTESIAN_POINT ( 'NONE',  ( -17.73824133803189440, 125.8041231543550964, 15.43457091895199795 ) ) ;
#4294 = CARTESIAN_POINT ( 'NONE',  ( 17.42801794239232294, 24.50880173189344902, 5.970260951826232620 ) ) ;
#4295 = DIRECTION ( 'NONE',  ( 0.000000000000000000, 0.000000000000000000, 1.000000000000000000 ) ) ;
#4296 = DIRECTION ( 'NONE',  ( 0.5788523453879270697, 0.8154323774776764955, 0.000000000000000000 ) ) ;
#4297 = DIRECTION ( 'NONE',  ( 0.5888628737284321568, 0.8082329589569411388, 0.000000000000000000 ) ) ;
#4298 = ORIENTED_EDGE ( 'NONE', *, *, #3803, .T. ) ;
#4299 = EDGE_LOOP ( 'NONE', ( #4227, #4315, #231, #5972, #5419 ) ) ;
#4300 = CARTESIAN_POINT ( 'NONE',  ( 29.99105393848227052, 149.2674130365296890, 21.00000000000000000 ) ) ;
#4301 = CARTESIAN_POINT ( 'NONE',  ( 30.00000000000000355, 150.9600593540469617, 3.513667610554898513 ) ) ;
#4302 = CARTESIAN_POINT ( 'NONE',  ( 16.10098698232305026, 80.28923612289614198, 6.903518710641750822 ) ) ;
#4303 = ORIENTED_EDGE ( 'NONE', *, *, #5942, .F. ) ;
#4304 = FACE_OUTER_BOUND ( 'NONE', #2020, .T. ) ;
#4305 = CARTESIAN_POINT ( 'NONE',  ( 28.84037691363152334, 8.260306258225272202, 20.81409165536519623 ) ) ;
#4306 = ORIENTED_EDGE ( 'NONE', *, *, #243, .T. ) ;
#4307 = CARTESIAN_POINT ( 'NONE',  ( -8.283315051101197923, 175.7018508386876476, 5.314632686554634056 ) ) ;
#4308 = LINE ( 'NONE', #4835, #4939 ) ;
#4309 = ORIENTED_EDGE ( 'NONE', *, *, #1571, .F. ) ;
#4310 = DIRECTION ( 'NONE',  ( -0.9992874795864556958, 0.03774298798119719855, 0.000000000000000000 ) ) ;
#4311 = VERTEX_POINT ( 'NONE', #4394 ) ;
#4312 = AXIS2_PLACEMENT_3D ( 'NONE', #2853, #2469, #2404 ) ;
#4313 = CARTESIAN_POINT ( 'NONE',  ( 17.42801794239245083, 125.4911982681057623, 5.970260951826237950 ) ) ;
#4314 = CIRCLE ( 'NONE', #696, 258.1066884401993207 ) ;
#4315 = ORIENTED_EDGE ( 'NONE', *, *, #1033, .F. ) ;
#4316 = CARTESIAN_POINT ( 'NONE',  ( -25.58159021391362131, 138.0519640454739942, 0.01790795904620375023 ) ) ;
#4317 = CARTESIAN_POINT ( 'NONE',  ( -13.36746116222342984, 75.00000000000008527, 7.000000000000000000 ) ) ;
#4318 = CARTESIAN_POINT ( 'NONE',  ( 278.1066884401993207, 75.00000000000007105, -7.499999999999998224 ) ) ;
#4319 = DIRECTION ( 'NONE',  ( -0.9992874795864556958, 0.03774298798119719855, 0.000000000000000000 ) ) ;
#4320 = EDGE_CURVE ( 'NONE', #2316, #44, #6114, .T. ) ;
#4321 = ADVANCED_FACE ( 'NONE', ( #3421 ), #5795, .T. ) ;
#4322 = FACE_OUTER_BOUND ( 'NONE', #4050, .T. ) ;
#4323 = CARTESIAN_POINT ( 'NONE',  ( 15.47426733653355413, 75.00000000000005684, 20.11192880988333087 ) ) ;
#4324 = CARTESIAN_POINT ( 'NONE',  ( 16.48110924782920961, 70.91408310021080297, 14.33526402009879774 ) ) ;
#4325 = VECTOR ( 'NONE', #3942, 1000.000000000000000 ) ;
#4326 = FACE_OUTER_BOUND ( 'NONE', #3857, .T. ) ;
#4327 = CARTESIAN_POINT ( 'NONE',  ( -17.72381222518770016, 24.21052818217109959, 15.35933192820307802 ) ) ;
#4328 = CARTESIAN_POINT ( 'NONE',  ( 19.99116923586922923, 121.8851580528885563, 6.977453342560700378 ) ) ;
#4329 = CARTESIAN_POINT ( 'NONE',  ( -24.18677324489622293, 12.00000000000023981, 0.000000000000000000 ) ) ;
#4330 = ORIENTED_EDGE ( 'NONE', *, *, #2792, .T. ) ;
#4331 = ORIENTED_EDGE ( 'NONE', *, *, #5274, .F. ) ;
#4332 = ORIENTED_EDGE ( 'NONE', *, *, #6337, .T. ) ;
#4333 = EDGE_CURVE ( 'NONE', #4016, #333, #3938, .T. ) ;
#4334 = AXIS2_PLACEMENT_3D ( 'NONE', #1223, #5239, #1688 ) ;
#4335 = LINE ( 'NONE', #1484, #1944 ) ;
#4336 = CARTESIAN_POINT ( 'NONE',  ( -15.03642281615156051, 175.9644350676715305, 5.300994439690247972 ) ) ;
#4337 = AXIS2_PLACEMENT_3D ( 'NONE', #5950, #4851, #475 ) ;
#4338 = PLANE ( 'NONE',  #2745 ) ;
#4339 = CARTESIAN_POINT ( 'NONE',  ( -22.05131924787930942, 131.4601967955704254, 0.000000000000000000 ) ) ;
#4340 = DIRECTION ( 'NONE',  ( -0.000000000000000000, -0.000000000000000000, 1.000000000000000000 ) ) ;
#4341 = TOROIDAL_SURFACE ( 'NONE', #6344, 251.4923101625378195, 10.00000000000000000 ) ;
#4342 = EDGE_LOOP ( 'NONE', ( #6090, #4678 ) ) ;
#4343 = CARTESIAN_POINT ( 'NONE',  ( -3.546988769460583057, 176.8242224524789776, 5.250964709085456761 ) ) ;
#4344 = ORIENTED_EDGE ( 'NONE', *, *, #2173, .F. ) ;
#4345 = CARTESIAN_POINT ( 'NONE',  ( -29.42009682221354794, 144.1297371389048010, 2.277801392143659065 ) ) ;
#4346 = ORIENTED_EDGE ( 'NONE', *, *, #2393, .T. ) ;
#4347 = B_SPLINE_CURVE_WITH_KNOTS ( 'NONE', 3,
 ( #2826, #4464, #2412, #5848 ),
 .UNSPECIFIED., .F., .F.,
 ( 4, 4 ),
 ( 2.661599519697340387E-16, 6.679488182493146001E-05 ),
 .UNSPECIFIED. ) ;
#4348 = EDGE_CURVE ( 'NONE', #5753, #5737, #3794, .T. ) ;
#4349 = FACE_OUTER_BOUND ( 'NONE', #464, .T. ) ;
#4350 = VERTEX_POINT ( 'NONE', #478 ) ;
#4351 = FACE_OUTER_BOUND ( 'NONE', #3125, .T. ) ;
#4352 = CARTESIAN_POINT ( 'NONE',  ( -22.11183843749354949, 23.14823198635523127, 14.98908014616938011 ) ) ;
#4353 = LINE ( 'NONE', #4388, #1902 ) ;
#4354 = DIRECTION ( 'NONE',  ( 0.000000000000000000, 0.000000000000000000, 1.000000000000000000 ) ) ;
#4355 = CARTESIAN_POINT ( 'NONE',  ( 29.43555862636440423, 7.103569593261871873, 20.83675984250757551 ) ) ;
#4356 = CARTESIAN_POINT ( 'NONE',  ( 278.1066884401993207, 75.00000000000007105, 20.50000000000387956 ) ) ;
#4357 =( BOUNDED_CURVE ( )  B_SPLINE_CURVE ( 3, ( #4591, #3018, #5017, #3482 ),
 .UNSPECIFIED., .F., .F. ) 
 B_SPLINE_CURVE_WITH_KNOTS ( ( 4, 4 ),
 ( 5.962758594388251510, 5.989230877719059265 ),
 .UNSPECIFIED. ) 
 CURVE ( )  GEOMETRIC_REPRESENTATION_ITEM ( )  RATIONAL_B_SPLINE_CURVE ( ( 1.000000000000000000, 0.9999416023705284262, 0.9999416023705284262, 1.000000000000000000 ) ) 
 REPRESENTATION_ITEM ( '' )  );
#4358 = EDGE_CURVE ( 'NONE', #5550, #285, #2612, .T. ) ;
#4359 = CARTESIAN_POINT ( 'NONE',  ( 29.06844476502471863, 142.5702249532506016, 20.76507305702535788 ) ) ;
#4360 = EDGE_CURVE ( 'NONE', #4195, #2979, #4357, .T. ) ;
#4361 = CARTESIAN_POINT ( 'NONE',  ( 29.39387691339797826, 143.9999999999992326, 1.857151321493136775 ) ) ;
#4362 = CARTESIAN_POINT ( 'NONE',  ( 20.46685906572486147, 123.0120672188039492, 6.909123575698815856 ) ) ;
#4363 = CARTESIAN_POINT ( 'NONE',  ( 17.96160490080942651, 24.03020665034595638, 3.590224374424880516 ) ) ;
#4364 = EDGE_LOOP ( 'NONE', ( #5036, #958 ) ) ;
#4365 = ORIENTED_EDGE ( 'NONE', *, *, #1432, .T. ) ;
#4366 = ORIENTED_EDGE ( 'NONE', *, *, #4862, .F. ) ;
#4367 = DIRECTION ( 'NONE',  ( 0.8074637002697747645, -0.5883024067539722735, -0.04361938736533609029 ) ) ;
#4368 = FACE_OUTER_BOUND ( 'NONE', #1122, .T. ) ;
#4369 = CARTESIAN_POINT ( 'NONE',  ( 30.19515522805885155, 27.21473233395409963, 3.338655315908217069 ) ) ;
#4370 = ORIENTED_EDGE ( 'NONE', *, *, #3885, .F. ) ;
#4371 = DIRECTION ( 'NONE',  ( -0.05370107013642700516, 0.0003310879849764010430, 0.9985570016012850214 ) ) ;
#4372 = ORIENTED_EDGE ( 'NONE', *, *, #1498, .F. ) ;
#4373 = DIRECTION ( 'NONE',  ( 0.5788523453879101943, 0.8154323774776885969, 0.000000000000000000 ) ) ;
#4374 = LINE ( 'NONE', #355, #3821 ) ;
#4375 = VERTEX_POINT ( 'NONE', #5325 ) ;
#4376 = FACE_OUTER_BOUND ( 'NONE', #1950, .T. ) ;
#4377 = CARTESIAN_POINT ( 'NONE',  ( 23.99918072960906557, 130.0774651082687967, 0.000000000000000000 ) ) ;
#4378 = AXIS2_PLACEMENT_3D ( 'NONE', #5023, #1641, #2122 ) ;
#4379 = VERTEX_POINT ( 'NONE', #3597 ) ;
#4380 = EDGE_CURVE ( 'NONE', #6112, #1322, #4665, .T. ) ;
#4381 = CARTESIAN_POINT ( 'NONE',  ( -278.1066884401993207, 75.00000000000000000, 21.00000000000000000 ) ) ;
#4382 = ORIENTED_EDGE ( 'NONE', *, *, #3220, .F. ) ;
#4383 = DIRECTION ( 'NONE',  ( 0.000000000000000000, 0.000000000000000000, 1.000000000000000000 ) ) ;
#4384 = VERTEX_POINT ( 'NONE', #629 ) ;
#4385 = CARTESIAN_POINT ( 'NONE',  ( -27.65254826690124190, 140.2615505282776383, 0.7491031829547633025 ) ) ;
#4386 = EDGE_CURVE ( 'NONE', #5988, #5233, #3045, .T. ) ;
#4387 = CARTESIAN_POINT ( 'NONE',  ( 0.000000000000000000, 0.000000000000000000, 21.00000000000000000 ) ) ;
#4388 = CARTESIAN_POINT ( 'NONE',  ( 29.99999999999999645, 150.0000000000000000, 21.00000000000000000 ) ) ;
#4389 = CARTESIAN_POINT ( 'NONE',  ( 29.47602644389784388, 8.174999958226567998, 19.89237643775532050 ) ) ;
#4390 = AXIS2_PLACEMENT_3D ( 'NONE', #3629, #3600, #5649 ) ;
#4391 = CARTESIAN_POINT ( 'NONE',  ( 22.35886403800313715, 22.37118165422224791, 19.17141874352255115 ) ) ;
#4392 = LINE ( 'NONE', #4323, #680 ) ;
#4393 = DIRECTION ( 'NONE',  ( 0.8146562665393389802, -0.5783014062182958437, -0.04361938736533609029 ) ) ;
#4394 = CARTESIAN_POINT ( 'NONE',  ( 31.98574451125584517, 74.62257012018797298, 3.500000000000003109 ) ) ;
#4395 = CARTESIAN_POINT ( 'NONE',  ( 21.99286971539128999, 74.99999999999995737, 17.50000000000000000 ) ) ;
#4396 = DIRECTION ( 'NONE',  ( -0.000000000000000000, -0.000000000000000000, -1.000000000000000000 ) ) ;
#4397 = CARTESIAN_POINT ( 'NONE',  ( 1.770451845801052970, 98.34395436108681565, 15.43457091895199973 ) ) ;
#4398 = ORIENTED_EDGE ( 'NONE', *, *, #4179, .F. ) ;
#4399 = ORIENTED_EDGE ( 'NONE', *, *, #1993, .T. ) ;
#4400 =( BOUNDED_CURVE ( )  B_SPLINE_CURVE ( 3, ( #19, #1491, #2395, #2881 ),
 .UNSPECIFIED., .F., .T. ) 
 B_SPLINE_CURVE_WITH_KNOTS ( ( 4, 4 ),
 ( 3.185225884889650416, 4.712388980384695003 ),
 .UNSPECIFIED. ) 
 CURVE ( )  GEOMETRIC_REPRESENTATION_ITEM ( )  RATIONAL_B_SPLINE_CURVE ( ( 1.000000000000000000, 0.8149093080398355227, 0.8149093080398355227, 1.000000000000000000 ) ) 
 REPRESENTATION_ITEM ( '' )  );
#4401 = LINE ( 'NONE', #6316, #2752 ) ;
#4402 = CARTESIAN_POINT ( 'NONE',  ( 25.80171521902397558, 8.217875977566571066, 1.241361073288223649 ) ) ;
#4403 = CARTESIAN_POINT ( 'NONE',  ( 29.66361785483195845, 13.14169068016404829, 2.037466786891451775 ) ) ;
#4404 = CARTESIAN_POINT ( 'NONE',  ( 17.01077732352909422, 77.42451413004171457, 15.45629135944719224 ) ) ;
#4405 = DIRECTION ( 'NONE',  ( -0.000000000000000000, -0.000000000000000000, -1.000000000000000000 ) ) ;
#4406 = DIRECTION ( 'NONE',  ( -0.000000000000000000, -0.000000000000000000, -1.000000000000000000 ) ) ;
#4407 = ORIENTED_EDGE ( 'NONE', *, *, #5672, .T. ) ;
#4408 = ADVANCED_FACE ( 'NONE', ( #564 ), #1506, .F. ) ;
#4409 = ADVANCED_FACE ( 'NONE', ( #4031 ), #4845, .F. ) ;
#4410 = AXIS2_PLACEMENT_3D ( 'NONE', #1263, #2337, #4319 ) ;
#4411 = FACE_OUTER_BOUND ( 'NONE', #4696, .T. ) ;
#4412 = CARTESIAN_POINT ( 'NONE',  ( -16.22897677618471235, 70.11712432942135820, 14.15550369108526318 ) ) ;
#4413 = VERTEX_POINT ( 'NONE', #2992 ) ;
#4414 = VECTOR ( 'NONE', #6158, 1000.000000000000000 ) ;
#4415 = CARTESIAN_POINT ( 'NONE',  ( 0.000000000000000000, 0.000000000000000000, 7.000000000000000000 ) ) ;
#4416 = ORIENTED_EDGE ( 'NONE', *, *, #2717, .T. ) ;
#4417 = VERTEX_POINT ( 'NONE', #1042 ) ;
#4418 = ADVANCED_FACE ( 'NONE', ( #4991 ), #1634, .F. ) ;
#4419 = CARTESIAN_POINT ( 'NONE',  ( 13.50822588633145038, 121.8877984440794222, 6.974204889095894089 ) ) ;
#4420 = EDGE_LOOP ( 'NONE', ( #1812, #4759 ) ) ;
#4421 = CARTESIAN_POINT ( 'NONE',  ( -25.89850789819805144, 138.2015636220081944, 0.06918990264157402759 ) ) ;
#4422 = CARTESIAN_POINT ( 'NONE',  ( 29.55174693790585394, 113.3252283187146929, 2.500000000000002220 ) ) ;
#4423 = CARTESIAN_POINT ( 'NONE',  ( 7.798296896642568754, -28.97294159214509790, 5.092185681672523501 ) ) ;
#4424 = CIRCLE ( 'NONE', #2966, 1.000000000000001110 ) ;
#4425 = CARTESIAN_POINT ( 'NONE',  ( 30.55103441749232118, 113.3629713066958971, 3.500000000000002220 ) ) ;
#4426 = CIRCLE ( 'NONE', #283, 262.6066884401992638 ) ;
#4427 = DIRECTION ( 'NONE',  ( 0.8074637002697747645, 0.5883024067539722735, 0.04361938736533609029 ) ) ;
#4428 = FACE_OUTER_BOUND ( 'NONE', #5801, .T. ) ;
#4429 = CARTESIAN_POINT ( 'NONE',  ( -278.1066884401993207, 75.00000000000000000, 2.499999999999998668 ) ) ;
#4430 = CARTESIAN_POINT ( 'NONE',  ( -12.80916607415853115, 28.69004520577323092, 14.00164770063272357 ) ) ;
#4431 = CARTESIAN_POINT ( 'NONE',  ( 16.19017549174731485, 124.2831571035957552, 14.48105024738007707 ) ) ;
#4432 = VECTOR ( 'NONE', #4567, 999.9999999999998863 ) ;
#4433 = DIRECTION ( 'NONE',  ( -1.000000000000000000, 0.000000000000000000, 0.000000000000000000 ) ) ;
#4434 = CIRCLE ( 'NONE', #2975, 30.00000000000000000 ) ;
#4435 = ORIENTED_EDGE ( 'NONE', *, *, #6324, .F. ) ;
#4436 = ADVANCED_FACE ( 'NONE', ( #1566 ), #2533, .T. ) ;
#4437 = AXIS2_PLACEMENT_3D ( 'NONE', #372, #2238, #4850 ) ;
#4438 = FACE_OUTER_BOUND ( 'NONE', #6132, .T. ) ;
#4439 = CARTESIAN_POINT ( 'NONE',  ( -27.00000000000000000, 150.0000000000000000, -117.0000000000000000 ) ) ;
#4440 = CARTESIAN_POINT ( 'NONE',  ( 29.84034030474271404, 17.82061360077755552, 2.678719791889065505 ) ) ;
#4441 = CARTESIAN_POINT ( 'NONE',  ( -22.35886403800277478, 127.6288183457762671, 19.17141874352515174 ) ) ;
#4442 = CARTESIAN_POINT ( 'NONE',  ( -22.05720413735444296, 126.7255419253467181, 14.91954397261316068 ) ) ;
#4443 = CARTESIAN_POINT ( 'NONE',  ( 21.88839194796198484, 23.66493134703900125, 14.73314534577622581 ) ) ;
#4444 = ORIENTED_EDGE ( 'NONE', *, *, #1917, .T. ) ;
#4445 = ORIENTED_EDGE ( 'NONE', *, *, #3113, .T. ) ;
#4446 = DIRECTION ( 'NONE',  ( -0.000000000000000000, -0.000000000000000000, 1.000000000000000000 ) ) ;
#4447 = DIRECTION ( 'NONE',  ( -0.5788523453879101943, -0.8154323774776885969, 0.000000000000000000 ) ) ;
#4448 = AXIS2_PLACEMENT_3D ( 'NONE', #2958, #924, #3381 ) ;
#4449 = EDGE_CURVE ( 'NONE', #1849, #3548, #2501, .T. ) ;
#4450 = ORIENTED_EDGE ( 'NONE', *, *, #3594, .T. ) ;
#4451 = EDGE_CURVE ( 'NONE', #5424, #5233, #1241, .T. ) ;
#4452 = CARTESIAN_POINT ( 'NONE',  ( -1.471150456955551578, 98.34210905160823302, 21.00000000000000000 ) ) ;
#4453 = ORIENTED_EDGE ( 'NONE', *, *, #2331, .F. ) ;
#4454 = CARTESIAN_POINT ( 'NONE',  ( 1.770451845801049640, 51.65604563891329803, 15.43457091895199795 ) ) ;
#4455 = B_SPLINE_CURVE_WITH_KNOTS ( 'NONE', 3,
 ( #29, #86, #5494, #1995, #3481, #1011, #2990, #4989, #4803, #3225, #3257, #865, #358, #2778, #2325, #2841, #5763, #3712, #4773, #1778, #1351, #6361, #5236, #3329, #5729, #4239, #4834, #6257, #3745, #5344, #395, #2362, #1281, #5267, #4343, #801, #2289, #4307, #3852, #767, #2746, #179, #5866, #6141, #4736, #297, #326, #4273, #1250, #2259, #3818, #6292, #6325, #5796, #1810, #1876, #1389, #1316, #3361, #5378, #3778, #2629, #4620, #2144 ),
 .UNSPECIFIED., .F., .F.,
 ( 4, 2, 2, 2, 2, 2, 2, 2, 2, 2, 2, 2, 2, 2, 2, 2, 2, 2, 2, 2, 2, 2, 2, 2, 2, 2, 2, 2, 2, 2, 2, 4 ),
 ( 0.01280988766760657316, 0.01810428069392703079, 0.01942787895050720332, 0.02075147720708737931, 0.02339867372024764802, 0.02604587023340791674, 0.02736946848998805457, 0.02869306674656818892, 0.03398745977288852166, 0.03663465628604866547, 0.03928185279920880235, 0.04457624582552903447, 0.04722344233868914359, 0.04987063885184925965, 0.05251783536500937571, 0.05384143362158943374, 0.05516503187816949177, 0.06045942490448972390, 0.06310662141764984689, 0.06443021967422990492, 0.06575381793080996295, 0.07104821095713012569, 0.07237180921371014208, 0.07369540747029015848, 0.07634260398345026066, 0.08163699700977045115, 0.08296059526635050918, 0.08428419352293058109, 0.08693139003609079429, 0.08957858654925100750, 0.09222578306241120683, 0.09752017608873154997 ),
 .UNSPECIFIED. ) ;
#4456 = ORIENTED_EDGE ( 'NONE', *, *, #4058, .T. ) ;
#4457 = CARTESIAN_POINT ( 'NONE',  ( -17.73824133803189085, 125.8041231543550964, 5.565429081048003823 ) ) ;
#4458 = EDGE_LOOP ( 'NONE', ( #4611, #4643, #5798 ) ) ;
#4459 = DIRECTION ( 'NONE',  ( 0.5888628737284321568, 0.8082329589569411388, 0.000000000000000000 ) ) ;
#4460 = EDGE_LOOP ( 'NONE', ( #1497, #4702 ) ) ;
#4461 = CARTESIAN_POINT ( 'NONE',  ( 29.09790089312339489, 140.5508468074490054, 20.49999999999690203 ) ) ;
#4462 = CARTESIAN_POINT ( 'NONE',  ( 29.51695639438648655, 140.7413341941260398, 19.69999999999813056 ) ) ;
#4463 = CARTESIAN_POINT ( 'NONE',  ( 22.39905047270415395, 22.17664689465800620, 0.000000000000000000 ) ) ;
#4464 = CARTESIAN_POINT ( 'NONE',  ( 17.74570713621940499, 125.8113686294274061, 15.47794591730511549 ) ) ;
#4465 = CARTESIAN_POINT ( 'NONE',  ( -16.82095946235008199, 25.10871025011427804, 14.71070863733557843 ) ) ;
#4466 = LINE ( 'NONE', #510, #859 ) ;
#4467 = EDGE_CURVE ( 'NONE', #1318, #2979, #499, .T. ) ;
#4468 = CARTESIAN_POINT ( 'NONE',  ( -1.471150456955549801, 98.34210905160823302, 0.000000000000000000 ) ) ;
#4469 = ORIENTED_EDGE ( 'NONE', *, *, #446, .T. ) ;
#4470 = CARTESIAN_POINT ( 'NONE',  ( -22.27915728199900158, 22.76038811680079732, 15.49999999999851497 ) ) ;
#4471 = CARTESIAN_POINT ( 'NONE',  ( 17.74817186027529559, 125.8131772318449890, 15.49999999999973710 ) ) ;
#4472 = PRODUCT_RELATED_PRODUCT_CATEGORY ( 'part', '', ( #3727 ) ) ;
#4473 = DIRECTION ( 'NONE',  ( -0.000000000000000000, -0.000000000000000000, -1.000000000000000000 ) ) ;
#4474 = EDGE_CURVE ( 'NONE', #44, #863, #5929, .T. ) ;
#4475 = LINE ( 'NONE', #607, #1430 ) ;
#4476 = DIRECTION ( 'NONE',  ( -0.5788523453879101943, 0.8154323774776884859, 0.000000000000000000 ) ) ;
#4477 = VERTEX_POINT ( 'NONE', #1537 ) ;
#4478 = VERTEX_POINT ( 'NONE', #88 ) ;
#4479 = ORIENTED_EDGE ( 'NONE', *, *, #1202, .F. ) ;
#4480 = DIRECTION ( 'NONE',  ( -0.5788523453879270697, 0.8154323774776764955, 0.000000000000000000 ) ) ;
#4481 = CARTESIAN_POINT ( 'NONE',  ( -17.00523515608032810, 72.55819485607463548, 15.32567865735624402 ) ) ;
#4482 = VERTEX_POINT ( 'NONE', #5046 ) ;
#4483 =( BOUNDED_CURVE ( )  B_SPLINE_CURVE ( 3, ( #3581, #5666, #1148, #1112 ),
 .UNSPECIFIED., .F., .T. ) 
 B_SPLINE_CURVE_WITH_KNOTS ( ( 4, 4 ),
 ( 3.185225884889649972, 4.712388980384689674 ),
 .UNSPECIFIED. ) 
 CURVE ( )  GEOMETRIC_REPRESENTATION_ITEM ( )  RATIONAL_B_SPLINE_CURVE ( ( 1.000000000000000000, 0.8149093080398366329, 0.8149093080398366329, 1.000000000000000000 ) ) 
 REPRESENTATION_ITEM ( '' )  );
#4484 = FACE_OUTER_BOUND ( 'NONE', #3617, .T. ) ;
#4485 = ORIENTED_EDGE ( 'NONE', *, *, #210, .F. ) ;
#4486 = ADVANCED_FACE ( 'NONE', ( #5082 ), #3537, .F. ) ;
#4487 = EDGE_CURVE ( 'NONE', #3350, #5607, #4426, .T. ) ;
#4488 = CIRCLE ( 'NONE', #3633, 257.4923101625362278 ) ;
#4489 = CARTESIAN_POINT ( 'NONE',  ( 17.61022444761572814, 125.6744872590223565, 5.806928021700922926 ) ) ;
#4490 = CARTESIAN_POINT ( 'NONE',  ( 3.616294504566657686, 98.35533469903766957, 14.00000000000000178 ) ) ;
#4491 = VERTEX_POINT ( 'NONE', #1095 ) ;
#4492 = EDGE_CURVE ( 'NONE', #4779, #1279, #3075, .T. ) ;
#4493 = ADVANCED_FACE ( 'NONE', ( #776 ), #5647, .T. ) ;
#4494 = CARTESIAN_POINT ( 'NONE',  ( 28.97600529773259836, 141.1156710973214103, 20.69625183623204023 ) ) ;
#4495 = LINE ( 'NONE', #1818, #650 ) ;
#4496 = DIRECTION ( 'NONE',  ( 0.000000000000000000, 0.000000000000000000, 1.000000000000000000 ) ) ;
#4497 = CARTESIAN_POINT ( 'NONE',  ( -3.673940397442060756E-15, 150.0000000000000000, 21.00000000000000000 ) ) ;
#4498 = CARTESIAN_POINT ( 'NONE',  ( 28.95973097650750816, 7.843588517755014422, 20.81101923401839215 ) ) ;
#4499 = VECTOR ( 'NONE', #6347, 1000.000000000000227 ) ;
#4500 = ORIENTED_EDGE ( 'NONE', *, *, #5010, .F. ) ;
#4501 = ADVANCED_FACE ( 'NONE', ( #4652 ), #2204, .F. ) ;
#4502 = CARTESIAN_POINT ( 'NONE',  ( -278.1066884401993207, 75.00000000000000000, 15.50000000000000178 ) ) ;
#4503 = CIRCLE ( 'NONE', #4174, 1.650000000000003242 ) ;
#4504 = CYLINDRICAL_SURFACE ( 'NONE', #4109, 1.650000000000003242 ) ;
#4505 = CARTESIAN_POINT ( 'NONE',  ( 7.041719095097283838E-16, 27.50000000000000000, 14.75000000000000000 ) ) ;
#4506 = B_SPLINE_CURVE_WITH_KNOTS ( 'NONE', 3,
 ( #3013, #2046, #1559, #6039 ),
 .UNSPECIFIED., .F., .F.,
 ( 4, 4 ),
 ( 4.615798956820346112E-17, 6.679488182493179883E-05 ),
 .UNSPECIFIED. ) ;
#4507 = FACE_OUTER_BOUND ( 'NONE', #4984, .T. ) ;
#4508 = CARTESIAN_POINT ( 'NONE',  ( 22.21130330065803449, 22.91867230362719354, 15.17308004058614834 ) ) ;
#4509 = ORIENTED_EDGE ( 'NONE', *, *, #4380, .T. ) ;
#4510 = ORIENTED_EDGE ( 'NONE', *, *, #4170, .T. ) ;
#4511 = CARTESIAN_POINT ( 'NONE',  ( 29.22395536865332488, 131.5305085570190045, 19.19776422324613208 ) ) ;
#4512 = CARTESIAN_POINT ( 'NONE',  ( 16.22897677618471590, 70.11712432942135820, 6.844496308914736815 ) ) ;
#4513 = VERTEX_POINT ( 'NONE', #4681 ) ;
#4514 = FACE_OUTER_BOUND ( 'NONE', #5364, .T. ) ;
#4515 = EDGE_LOOP ( 'NONE', ( #2627, #3893, #1942, #3199 ) ) ;
#4516 = AXIS2_PLACEMENT_3D ( 'NONE', #2489, #3956, #1492 ) ;
#4517 = CARTESIAN_POINT ( 'NONE',  ( -25.22955214716254702, 137.9999999999999716, 0.000000000000000000 ) ) ;
#4518 = CARTESIAN_POINT ( 'NONE',  ( 15.17579862255016820, 75.00000000000004263, 6.413198129412021942 ) ) ;
#4519 = ORIENTED_EDGE ( 'NONE', *, *, #706, .T. ) ;
#4520 = DIRECTION ( 'NONE',  ( 1.000000000000000000, 0.000000000000000000, 0.000000000000000000 ) ) ;
#4521 = DIRECTION ( 'NONE',  ( -0.000000000000000000, -0.000000000000000000, -1.000000000000000000 ) ) ;
#4522 = CARTESIAN_POINT ( 'NONE',  ( -1.067198960817128213E-15, 49.18383175641007199, 5.565429081048003823 ) ) ;
#4523 = CARTESIAN_POINT ( 'NONE',  ( -7.825792614798337298E-13, -1.804112415015879378E-13, 0.000000000000000000 ) ) ;
#4524 = FACE_OUTER_BOUND ( 'NONE', #2550, .T. ) ;
#4525 = EDGE_CURVE ( 'NONE', #1916, #438, #6081, .T. ) ;
#4526 = EDGE_CURVE ( 'NONE', #6033, #5550, #6267, .T. ) ;
#4527 = AXIS2_PLACEMENT_3D ( 'NONE', #2838, #6390, #2805 ) ;
#4528 = CARTESIAN_POINT ( 'NONE',  ( 28.92802662040229578, 141.3365487851407636, 20.73685246018492379 ) ) ;
#4529 = ORIENTED_EDGE ( 'NONE', *, *, #5579, .F. ) ;
#4530 = AXIS2_PLACEMENT_3D ( 'NONE', #2146, #4151, #2755 ) ;
#4531 = FACE_OUTER_BOUND ( 'NONE', #757, .T. ) ;
#4532 = PLANE ( 'NONE',  #789 ) ;
#4533 = CIRCLE ( 'NONE', #5904, 30.00000000000000000 ) ;
#4534 = CARTESIAN_POINT ( 'NONE',  ( -29.59652416103540062, 145.0897662998126521, 19.20074028749537121 ) ) ;
#4535 = VECTOR ( 'NONE', #1660, 1000.000000000000227 ) ;
#4536 = CARTESIAN_POINT ( 'NONE',  ( 12.57435216595290584, 121.1185930466224363, 14.00000000000000178 ) ) ;
#4537 = CARTESIAN_POINT ( 'NONE',  ( 5.662375826453064143, 25.00000000000000000, 8.000000000000001776 ) ) ;
#4538 = VERTEX_POINT ( 'NONE', #6234 ) ;
#4539 = ORIENTED_EDGE ( 'NONE', *, *, #1911, .F. ) ;
#4540 = AXIS2_PLACEMENT_3D ( 'NONE', #2820, #4783, #6303 ) ;
#4541 = CARTESIAN_POINT ( 'NONE',  ( 17.01122097318214088, 72.57933554843660318, 5.499999999999617195 ) ) ;
#4542 = CARTESIAN_POINT ( 'NONE',  ( 16.48109934823604661, 70.91405187966594781, 6.664744506705078564 ) ) ;
#4543 = CIRCLE ( 'NONE', #4527, 1.649999999999999911 ) ;
#4544 = EDGE_LOOP ( 'NONE', ( #896, #908, #1482, #382, #740, #5598, #3526, #1255, #4435, #1617, #5854, #1639 ) ) ;
#4545 = CARTESIAN_POINT ( 'NONE',  ( 29.98814357793577656, -0.9732660654505868036, 3.512644575161725236 ) ) ;
#4546 = ADVANCED_FACE ( 'NONE', ( #4213 ), #2665, .T. ) ;
#4547 = ORIENTED_EDGE ( 'NONE', *, *, #4474, .T. ) ;
#4548 = AXIS2_PLACEMENT_3D ( 'NONE', #1761, #1233, #2730 ) ;
#4549 = AXIS2_PLACEMENT_3D ( 'NONE', #894, #4473, #1416 ) ;
#4550 = ORIENTED_EDGE ( 'NONE', *, *, #3328, .T. ) ;
#4551 = DIRECTION ( 'NONE',  ( 0.000000000000000000, 0.000000000000000000, -1.000000000000000000 ) ) ;
#4552 = VERTEX_POINT ( 'NONE', #4712 ) ;
#4553 = LINE ( 'NONE', #3014, #1302 ) ;
#4554 = EDGE_CURVE ( 'NONE', #6250, #937, #5903, .T. ) ;
#4555 = EDGE_LOOP ( 'NONE', ( #3676, #5641 ) ) ;
#4556 = AXIS2_PLACEMENT_3D ( 'NONE', #1261, #1229, #4749 ) ;
#4557 = ORIENTED_EDGE ( 'NONE', *, *, #365, .T. ) ;
#4558 = DIRECTION ( 'NONE',  ( 0.9992874795864556958, -0.03774298798119871817, 0.000000000000000000 ) ) ;
#4559 = CARTESIAN_POINT ( 'NONE',  ( -17.68858590586739510, 24.24627471771855625, 5.702226219230953852 ) ) ;
#4560 = DIRECTION ( 'NONE',  ( 0.000000000000000000, 0.000000000000000000, -1.000000000000000000 ) ) ;
#4561 = CARTESIAN_POINT ( 'NONE',  ( -3.673940397442060756E-15, 150.0000000000000000, 14.00000000000000178 ) ) ;
#4562 = CARTESIAN_POINT ( 'NONE',  ( 22.21130524426279962, 127.0813321794707065, 15.17308473706640548 ) ) ;
#4563 = CARTESIAN_POINT ( 'NONE',  ( -30.00000000000000000, -1.408630019008165046E-11, 20.56312544678556264 ) ) ;
#4564 = VERTEX_POINT ( 'NONE', #213 ) ;
#4565 = ADVANCED_FACE ( 'NONE', ( #2697 ), #5279, .F. ) ;
#4566 = EDGE_CURVE ( 'NONE', #1558, #2799, #1625, .T. ) ;
#4567 = DIRECTION ( 'NONE',  ( -0.5788523453879270697, -0.8154323774776766065, -0.000000000000000000 ) ) ;
#4568 = CARTESIAN_POINT ( 'NONE',  ( 30.37428578525301148, 31.95741256653812101, 2.553860995543062895 ) ) ;
#4569 = DIRECTION ( 'NONE',  ( -0.9992874795864554738, 0.03774298798120413051, 0.000000000000000000 ) ) ;
#4570 = CARTESIAN_POINT ( 'NONE',  ( -29.55316102181319593, 5.164393136814188878, 19.10326649462447790 ) ) ;
#4571 = CARTESIAN_POINT ( 'NONE',  ( 17.00985568025590311, 72.57261043416893642, 5.565429081048003823 ) ) ;
#4572 = CARTESIAN_POINT ( 'NONE',  ( -22.26918877706517463, 127.2148013712551204, 15.35724125648300209 ) ) ;
#4573 = FACE_OUTER_BOUND ( 'NONE', #5824, .T. ) ;
#4574 = ORIENTED_EDGE ( 'NONE', *, *, #3407, .F. ) ;
#4575 = ORIENTED_EDGE ( 'NONE', *, *, #3318, .T. ) ;
#4576 = EDGE_LOOP ( 'NONE', ( #907, #4444, #1115, #502 ) ) ;
#4577 = CARTESIAN_POINT ( 'NONE',  ( 22.05131924787930942, 131.4601967955704254, 21.00000000000000000 ) ) ;
#4578 = DIRECTION ( 'NONE',  ( -0.8154323774776882638, -0.5788523453879105274, 0.000000000000000000 ) ) ;
#4579 = ORIENTED_EDGE ( 'NONE', *, *, #366, .T. ) ;
#4580 = CARTESIAN_POINT ( 'NONE',  ( 278.1066884401993207, 75.00000000000007105, 5.500000000000000000 ) ) ;
#4581 = ORIENTED_EDGE ( 'NONE', *, *, #1257, .T. ) ;
#4582 = AXIS2_PLACEMENT_3D ( 'NONE', #2209, #1732, #4718 ) ;
#4583 = DIRECTION ( 'NONE',  ( 0.000000000000000000, 0.000000000000000000, 1.000000000000000000 ) ) ;
#4584 = EDGE_CURVE ( 'NONE', #2718, #2189, #1010, .T. ) ;
#4585 = ORIENTED_EDGE ( 'NONE', *, *, #5732, .F. ) ;
#4586 = CARTESIAN_POINT ( 'NONE',  ( -22.27569735221396385, 22.77019724029817027, 5.565429081048003823 ) ) ;
#4587 = ORIENTED_EDGE ( 'NONE', *, *, #4449, .F. ) ;
#4588 = CARTESIAN_POINT ( 'NONE',  ( -278.1066884401993207, 75.00000000000000000, 14.00000000000000178 ) ) ;
#4589 = ADVANCED_FACE ( 'NONE', ( #2724 ), #5740, .F. ) ;
#4590 = CARTESIAN_POINT ( 'NONE',  ( -17.72381222518769306, 24.21052818217111380, 5.640668071796931748 ) ) ;
#4591 = CARTESIAN_POINT ( 'NONE',  ( 17.74817186027515703, 24.18682276815417254, 15.49999999999962519 ) ) ;
#4592 = LINE ( 'NONE', #119, #6340 ) ;
#4593 = CARTESIAN_POINT ( 'NONE',  ( -3.616294504566625712, 51.64466530096243702, 7.000000000000000000 ) ) ;
#4594 = ORIENTED_EDGE ( 'NONE', *, *, #448, .T. ) ;
#4595 = LINE ( 'NONE', #2121, #4432 ) ;
#4596 = CARTESIAN_POINT ( 'NONE',  ( 29.21412090101445358, 17.82503438558401498, 1.742054891719086784 ) ) ;
#4597 = FACE_OUTER_BOUND ( 'NONE', #253, .T. ) ;
#4598 = AXIS2_PLACEMENT_3D ( 'NONE', #2101, #2437, #5462 ) ;
#4599 = CARTESIAN_POINT ( 'NONE',  ( 29.09790089312156880, 9.449153192550681979, 20.49999999999829470 ) ) ;
#4600 = LINE ( 'NONE', #2093, #5979 ) ;
#4601 = CARTESIAN_POINT ( 'NONE',  ( 1.650000000000013456, 135.0000000000009948, 11.00000000000000178 ) ) ;
#4602 = ORIENTED_EDGE ( 'NONE', *, *, #2251, .T. ) ;
#4603 = ORIENTED_EDGE ( 'NONE', *, *, #635, .T. ) ;
#4604 = EDGE_LOOP ( 'NONE', ( #4594, #1376 ) ) ;
#4605 = VECTOR ( 'NONE', #5555, 1000.000000000000227 ) ;
#4606 = CARTESIAN_POINT ( 'NONE',  ( 30.55103441749232829, 36.63702869330430190, 17.50000000000000000 ) ) ;
#4607 = DIRECTION ( 'NONE',  ( -0.5788523453879101943, 0.8154323774776884859, 0.000000000000000000 ) ) ;
#4608 = DIRECTION ( 'NONE',  ( 0.5888628737284323789, -0.8082329589569409167, -0.000000000000000000 ) ) ;
#4609 = EDGE_CURVE ( 'NONE', #6154, #4871, #3944, .T. ) ;
#4610 = EDGE_CURVE ( 'NONE', #6196, #6250, #1632, .T. ) ;
#4611 = ORIENTED_EDGE ( 'NONE', *, *, #168, .T. ) ;
#4612 =( BOUNDED_CURVE ( )  B_SPLINE_CURVE ( 3, ( #3963, #53, #5977, #6005 ),
 .UNSPECIFIED., .F., .F. ) 
 B_SPLINE_CURVE_WITH_KNOTS ( ( 4, 4 ),
 ( 0.2939544294605393460, 0.3204267127913468793 ),
 .UNSPECIFIED. ) 
 CURVE ( )  GEOMETRIC_REPRESENTATION_ITEM ( )  RATIONAL_B_SPLINE_CURVE ( ( 1.000000000000000000, 0.9999416023705284262, 0.9999416023705284262, 1.000000000000000000 ) ) 
 REPRESENTATION_ITEM ( '' )  );
#4613 = DIRECTION ( 'NONE',  ( -0.000000000000000000, -0.000000000000000000, -1.000000000000000000 ) ) ;
#4614 = ORIENTED_EDGE ( 'NONE', *, *, #2292, .T. ) ;
#4615 = CARTESIAN_POINT ( 'NONE',  ( 26.78163637905121064, 19.01152500136548440, 5.500000000000000000 ) ) ;
#4616 = CARTESIAN_POINT ( 'NONE',  ( -17.74236018148316774, 125.8083054323756755, 15.45604816621677102 ) ) ;
#4617 = EDGE_LOOP ( 'NONE', ( #6293, #6441, #4149, #968 ) ) ;
#4618 = EDGE_CURVE ( 'NONE', #1077, #3405, #1854, .T. ) ;
#4619 = STYLED_ITEM ( 'NONE', ( #3713 ), #3551 ) ;
#4620 = CARTESIAN_POINT ( 'NONE',  ( -27.00000000000000000, 151.7338769167688213, 3.676187363596880697 ) ) ;
#4621 = CARTESIAN_POINT ( 'NONE',  ( 15.59117595168155468, 68.08056964636651287, 14.00000000000000178 ) ) ;
#4622 = CARTESIAN_POINT ( 'NONE',  ( 29.55174693790585394, 36.67477168128547760, 2.500000000000002220 ) ) ;
#4623 = LINE ( 'NONE', #6109, #5932 ) ;
#4624 = CARTESIAN_POINT ( 'NONE',  ( -22.27569735221371161, 127.2298027597003056, 15.43457091895199973 ) ) ;
#4625 = CIRCLE ( 'NONE', #2954, 10.00000000000000178 ) ;
#4626 = CARTESIAN_POINT ( 'NONE',  ( -278.1066884401993207, 75.00000000000000000, 0.000000000000000000 ) ) ;
#4627 = CARTESIAN_POINT ( 'NONE',  ( 29.55174693790586815, 36.67477168128547760, 2.500000000000002220 ) ) ;
#4628 = LINE ( 'NONE', #6150, #4735 ) ;
#4629 = CARTESIAN_POINT ( 'NONE',  ( 29.25876328206341626, 20.70383151338584682, 19.01168234048476435 ) ) ;
#4630 = CARTESIAN_POINT ( 'NONE',  ( -30.00000000000000355, 150.0000000000116245, 20.56312544678507948 ) ) ;
#4631 = DIRECTION ( 'NONE',  ( 1.000000000000000000, 0.000000000000000000, 0.000000000000000000 ) ) ;
#4632 = ORIENTED_EDGE ( 'NONE', *, *, #5115, .T. ) ;
#4633 = EDGE_LOOP ( 'NONE', ( #1878, #4587, #5128, #2545 ) ) ;
#4634 = ORIENTED_EDGE ( 'NONE', *, *, #1599, .F. ) ;
#4635 = ADVANCED_FACE ( 'NONE', ( #4351 ), #4881, .F. ) ;
#4636 = CIRCLE ( 'NONE', #4011, 1.650000000000003242 ) ;
#4637 = FACE_OUTER_BOUND ( 'NONE', #1434, .T. ) ;
#4638 =( BOUNDED_CURVE ( )  B_SPLINE_CURVE ( 3, ( #6105, #2019, #3994, #4490 ),
 .UNSPECIFIED., .F., .F. ) 
 B_SPLINE_CURVE_WITH_KNOTS ( ( 4, 4 ),
 ( 0.04363323129985702958, 1.570796326794901221 ),
 .UNSPECIFIED. ) 
 CURVE ( )  GEOMETRIC_REPRESENTATION_ITEM ( )  RATIONAL_B_SPLINE_CURVE ( ( 1.000000000000000000, 0.8149093080398357447, 0.8149093080398357447, 1.000000000000000000 ) ) 
 REPRESENTATION_ITEM ( '' )  );
#4639 = AXIS2_PLACEMENT_3D ( 'NONE', #271, #5147, #2176 ) ;
#4640 = CARTESIAN_POINT ( 'NONE',  ( 17.00523515608037428, 72.55819485607470654, 5.674321342643765753 ) ) ;
#4641 = ORIENTED_EDGE ( 'NONE', *, *, #4893, .T. ) ;
#4642 = CARTESIAN_POINT ( 'NONE',  ( -9.548728040272900230, -25.25907507619127657, 5.336502648721116238 ) ) ;
#4643 = ORIENTED_EDGE ( 'NONE', *, *, #4919, .T. ) ;
#4644 = AXIS2_PLACEMENT_3D ( 'NONE', #3246, #5752, #3348 ) ;
#4645 = EDGE_CURVE ( 'NONE', #4738, #1953, #488, .T. ) ;
#4646 = FACE_OUTER_BOUND ( 'NONE', #2190, .T. ) ;
#4647 = VERTEX_POINT ( 'NONE', #3827 ) ;
#4648 = DIRECTION ( 'NONE',  ( -0.000000000000000000, -0.000000000000000000, -1.000000000000000000 ) ) ;
#4649 = DIRECTION ( 'NONE',  ( -0.03774298798119875287, -0.9992874795864556958, 0.000000000000000000 ) ) ;
#4650 = ORIENTED_EDGE ( 'NONE', *, *, #4380, .F. ) ;
#4651 = AXIS2_PLACEMENT_3D ( 'NONE', #58, #3043, #1040 ) ;
#4652 = FACE_OUTER_BOUND ( 'NONE', #170, .T. ) ;
#4653 = CIRCLE ( 'NONE', #1851, 9.999999999999998224 ) ;
#4654 = DIRECTION ( 'NONE',  ( 0.03774298798120413051, 0.9992874795864554738, -0.000000000000000000 ) ) ;
#4655 = CARTESIAN_POINT ( 'NONE',  ( -3.089976191583687637E-15, 0.000000000000000000, 11.00000000000000178 ) ) ;
#4656 = CARTESIAN_POINT ( 'NONE',  ( 17.01077732352915817, 77.42451413004162930, 5.543708640552816647 ) ) ;
#4657 = CARTESIAN_POINT ( 'NONE',  ( -7.445004465095374930E-16, 26.99999999999982236, 3.249999999999983569 ) ) ;
#4658 = AXIS2_PLACEMENT_3D ( 'NONE', #2806, #936, #4801 ) ;
#4659 = CARTESIAN_POINT ( 'NONE',  ( -17.96160490080953309, 125.9697933496531590, 3.590224374425072806 ) ) ;
#4660 = EDGE_CURVE ( 'NONE', #3622, #6389, #1471, .T. ) ;
#4661 = CARTESIAN_POINT ( 'NONE',  ( 29.94916637980357876, 20.70190467164521309, 18.78351917721478870 ) ) ;
#4662 = CARTESIAN_POINT ( 'NONE',  ( 20.10000000000000142, 0.000000000000000000, 21.00000000000000000 ) ) ;
#4663 = CARTESIAN_POINT ( 'NONE',  ( 17.00779500779307085, 77.01757195169130910, 21.00000000000000000 ) ) ;
#4664 = ORIENTED_EDGE ( 'NONE', *, *, #409, .F. ) ;
#4665 = B_SPLINE_CURVE_WITH_KNOTS ( 'NONE', 3,
 ( #2597, #147, #2115, #1130 ),
 .UNSPECIFIED., .F., .F.,
 ( 4, 4 ),
 ( 8.673617379884035472E-19, 6.679488182498247173E-05 ),
 .UNSPECIFIED. ) ;
#4666 = ORIENTED_EDGE ( 'NONE', *, *, #1994, .T. ) ;
#4667 = ORIENTED_EDGE ( 'NONE', *, *, #2989, .T. ) ;
#4668 = CARTESIAN_POINT ( 'NONE',  ( 26.99999999999999289, 150.0000000000000000, -117.0000000000000000 ) ) ;
#4669 = CARTESIAN_POINT ( 'NONE',  ( 22.27569735221393543, 22.77019724029821290, 15.43457091895199795 ) ) ;
#4670 = EDGE_CURVE ( 'NONE', #4491, #2769, #3908, .T. ) ;
#4671 = LINE ( 'NONE', #6255, #2304 ) ;
#4672 = VERTEX_POINT ( 'NONE', #2403 ) ;
#4673 = VERTEX_POINT ( 'NONE', #2920 ) ;
#4674 = FACE_OUTER_BOUND ( 'NONE', #1304, .T. ) ;
#4675 = VERTEX_POINT ( 'NONE', #6334 ) ;
#4676 = CARTESIAN_POINT ( 'NONE',  ( 30.37759300926373385, 32.04497499127601401, 17.52564492870407520 ) ) ;
#4677 = CARTESIAN_POINT ( 'NONE',  ( 29.52114143758669229, 140.6305305324346193, 20.20824193029558913 ) ) ;
#4678 = ORIENTED_EDGE ( 'NONE', *, *, #79, .F. ) ;
#4679 = B_SPLINE_CURVE_WITH_KNOTS ( 'NONE', 3,
 ( #2829, #2379, #5751, #5850, #6245, #2277, #885, #4258, #6278, #1372, #3347, #5362, #4362, #280, #4328, #1799, #4790, #853, #6378, #3245 ),
 .UNSPECIFIED., .F., .F.,
 ( 4, 2, 2, 2, 2, 2, 2, 2, 2, 4 ),
 ( 8.673617379884035472E-19, 0.0002328354916375313883, 0.0004656709832750619091, 0.0009313419665500586577, 0.001862683933100047710, 0.003725367866200025163, 0.005588051799300003918, 0.006519393765850011943, 0.006985064749125013787, 0.007450735732400016499 ),
 .UNSPECIFIED. ) ;
#4680 = DIRECTION ( 'NONE',  ( -0.000000000000000000, -0.000000000000000000, -1.000000000000000000 ) ) ;
#4681 = CARTESIAN_POINT ( 'NONE',  ( 26.99999999999999289, 150.0000000000000000, 3.312032733496076631 ) ) ;
#4682 = CARTESIAN_POINT ( 'NONE',  ( -19.51661539667221845, 29.24579869704624357, 7.000000000000000000 ) ) ;
#4683 = DIRECTION ( 'NONE',  ( -0.000000000000000000, 0.000000000000000000, -1.000000000000000000 ) ) ;
#4684 = CARTESIAN_POINT ( 'NONE',  ( -1.649999999999986589, 135.0000000000009948, 11.00000000000000178 ) ) ;
#4685 =( BOUNDED_CURVE ( )  B_SPLINE_CURVE ( 3, ( #3289, #6424, #1420, #3396 ),
 .UNSPECIFIED., .F., .T. ) 
 B_SPLINE_CURVE_WITH_KNOTS ( ( 4, 4 ),
 ( 0.6373782687012347070, 0.6389221092709247429 ),
 .UNSPECIFIED. ) 
 CURVE ( )  GEOMETRIC_REPRESENTATION_ITEM ( )  RATIONAL_B_SPLINE_CURVE ( ( 1.000000000000000000, 0.9999998013797011254, 0.9999998013797011254, 1.000000000000000000 ) ) 
 REPRESENTATION_ITEM ( '' )  );
#4686 = EDGE_CURVE ( 'NONE', #202, #6321, #4915, .T. ) ;
#4687 = EDGE_CURVE ( 'NONE', #2609, #3622, #792, .T. ) ;
#4688 = CARTESIAN_POINT ( 'NONE',  ( 16.03466805310923604, 75.70332215241711538, 0.000000000000000000 ) ) ;
#4689 = CARTESIAN_POINT ( 'NONE',  ( -13.15895462492961698, 121.5987539772724659, 14.01271701339767795 ) ) ;
#4690 = VECTOR ( 'NONE', #3032, 1000.000000000000000 ) ;
#4691 = CARTESIAN_POINT ( 'NONE',  ( 29.39387691339791076, 143.9999999999991189, 5.500000000000003553 ) ) ;
#4692 = CARTESIAN_POINT ( 'NONE',  ( 29.56942471162787811, 139.3521772858173620, 1.634713154061490759 ) ) ;
#4693 = CARTESIAN_POINT ( 'NONE',  ( -29.74110442466745852, 153.9327735252650768, 21.00000000000000000 ) ) ;
#4694 = DIRECTION ( 'NONE',  ( -0.5788523453879101943, -0.8154323774776884859, 0.000000000000000000 ) ) ;
#4695 = EDGE_LOOP ( 'NONE', ( #528, #512, #6123, #2490, #461, #1543 ) ) ;
#4696 = EDGE_LOOP ( 'NONE', ( #1755, #5754, #2143, #4634 ) ) ;
#4697 = ORIENTED_EDGE ( 'NONE', *, *, #5298, .F. ) ;
#4698 = ADVANCED_FACE ( 'NONE', ( #1885 ), #369, .F. ) ;
#4699 = CARTESIAN_POINT ( 'NONE',  ( 29.95403130125276547, 151.9249186180305742, 3.701564180915166258 ) ) ;
#4700 = CARTESIAN_POINT ( 'NONE',  ( 16.22897677618469814, 79.88287567057882654, 14.15550369108526141 ) ) ;
#4701 = B_SPLINE_CURVE_WITH_KNOTS ( 'NONE', 3,
 ( #4305, #6391, #4770, #5303 ),
 .UNSPECIFIED., .F., .F.,
 ( 4, 4 ),
 ( 0.000000000000000000, 0.001256315725139807828 ),
 .UNSPECIFIED. ) ;
#4702 = ORIENTED_EDGE ( 'NONE', *, *, #4931, .T. ) ;
#4703 = CARTESIAN_POINT ( 'NONE',  ( 18.52948944363423323, -19.65808119177090418, 5.445098332755315518 ) ) ;
#4704 = ORIENTED_EDGE ( 'NONE', *, *, #6072, .F. ) ;
#4705 = TOROIDAL_SURFACE ( 'NONE', #4076, 251.4923101625378195, 10.00000000000000000 ) ;
#4706 =( NAMED_UNIT ( * ) SI_UNIT ( $, .STERADIAN. ) SOLID_ANGLE_UNIT ( ) );
#4707 = VERTEX_POINT ( 'NONE', #2299 ) ;
#4708 = CARTESIAN_POINT ( 'NONE',  ( -17.74817186027348370, 24.18682276815654930, 15.49999999999995737 ) ) ;
#4709 = CARTESIAN_POINT ( 'NONE',  ( 30.55103441749232118, 113.3629713066958828, 18.50000000000000711 ) ) ;
#4710 = ORIENTED_EDGE ( 'NONE', *, *, #5322, .T. ) ;
#4711 = DIRECTION ( 'NONE',  ( 0.000000000000000000, 0.000000000000000000, 1.000000000000000000 ) ) ;
#4712 = CARTESIAN_POINT ( 'NONE',  ( 3.616294504566624823, 51.64466530096242991, 14.00000000000000178 ) ) ;
#4713 = DIRECTION ( 'NONE',  ( -1.000000000000000000, 0.000000000000000000, 0.000000000000000000 ) ) ;
#4714 = CARTESIAN_POINT ( 'NONE',  ( 20.46685906572482239, 123.0120672188039066, 14.09087642430117349 ) ) ;
#4715 = CARTESIAN_POINT ( 'NONE',  ( 1.471150456955545582, 51.65789094839188778, 21.00000000000000000 ) ) ;
#4716 = CIRCLE ( 'NONE', #2225, 30.00000000000001421 ) ;
#4717 = CARTESIAN_POINT ( 'NONE',  ( -7.825792614798337298E-13, -1.804112415015879378E-13, 5.500000000000000000 ) ) ;
#4718 = DIRECTION ( 'NONE',  ( -1.000000000000000000, 0.000000000000000000, 0.000000000000000000 ) ) ;
#4719 = ADVANCED_FACE ( 'NONE', ( #6300 ), #3336, .T. ) ;
#4720 = CARTESIAN_POINT ( 'NONE',  ( -19.75301251653535317, 121.3192571633508834, 7.000000000000003553 ) ) ;
#4721 = ADVANCED_FACE ( 'NONE', ( #403 ), #1820, .F. ) ;
#4722 = CARTESIAN_POINT ( 'NONE',  ( 30.10693406778859327, 125.1210207584361171, 2.433623897882105425 ) ) ;
#4723 = DIRECTION ( 'NONE',  ( -0.000000000000000000, 0.000000000000000000, -1.000000000000000000 ) ) ;
#4724 = FACE_BOUND ( 'NONE', #1809, .T. ) ;
#4725 = ORIENTED_EDGE ( 'NONE', *, *, #472, .T. ) ;
#4726 = EDGE_LOOP ( 'NONE', ( #4574, #1752, #1100, #3495, #2107, #4211 ) ) ;
#4727 = ORIENTED_EDGE ( 'NONE', *, *, #3467, .T. ) ;
#4728 = CARTESIAN_POINT ( 'NONE',  ( 29.52931978057057805, 155.3156864160206112, 4.280487092261600957 ) ) ;
#4729 = CARTESIAN_POINT ( 'NONE',  ( 29.25928650028114930, 20.73668525196073631, 19.00918156916317514 ) ) ;
#4730 = ORIENTED_EDGE ( 'NONE', *, *, #6442, .T. ) ;
#4731 = CARTESIAN_POINT ( 'NONE',  ( 25.98891577576631917, -7.332799904187749185, 4.570212010049965023 ) ) ;
#4732 = ORIENTED_EDGE ( 'NONE', *, *, #599, .T. ) ;
#4733 = B_SPLINE_CURVE_WITH_KNOTS ( 'NONE', 3,
 ( #4630, #128, #5658, #159, #222, #4693 ),
 .UNSPECIFIED., .F., .F.,
 ( 4, 2, 4 ),
 ( 0.006556527164495511324, 0.008577863968870294564, 0.01059920077324507867 ),
 .UNSPECIFIED. ) ;
#4734 = VECTOR ( 'NONE', #3320, 1000.000000000000227 ) ;
#4735 = VECTOR ( 'NONE', #3573, 1000.000000000000114 ) ;
#4736 = CARTESIAN_POINT ( 'NONE',  ( -15.76947345150722946, 171.9208269322624858, 5.438154856957781114 ) ) ;
#4737 = LINE ( 'NONE', #1352, #3769 ) ;
#4738 = VERTEX_POINT ( 'NONE', #4517 ) ;
#4739 = DIRECTION ( 'NONE',  ( -0.5788523453879270697, -0.8154323774776764955, 3.475358822216074088E-18 ) ) ;
#4740 = EDGE_CURVE ( 'NONE', #4988, #642, #5619, .T. ) ;
#4741 = VECTOR ( 'NONE', #6438, 1000.000000000000114 ) ;
#4742 = CARTESIAN_POINT ( 'NONE',  ( -15.19472288567205709, 74.96311673938008369, 15.43457091895199795 ) ) ;
#4743 = AXIS2_PLACEMENT_3D ( 'NONE', #2590, #2468, #1500 ) ;
#4744 = ORIENTED_EDGE ( 'NONE', *, *, #4283, .T. ) ;
#4745 = CIRCLE ( 'NONE', #4020, 1.650000000000003242 ) ;
#4746 = CARTESIAN_POINT ( 'NONE',  ( 29.10647805531969823, 139.8882301149978389, 0.6291576134397699471 ) ) ;
#4747 = CARTESIAN_POINT ( 'NONE',  ( 17.72381198230909760, 24.21052842878961897, 15.35933066173105210 ) ) ;
#4748 = EDGE_CURVE ( 'NONE', #5546, #4142, #4506, .T. ) ;
#4749 = DIRECTION ( 'NONE',  ( -1.000000000000000000, 0.000000000000000000, 0.000000000000000000 ) ) ;
#4750 = CARTESIAN_POINT ( 'NONE',  ( -18.33895251190592646, -23.82289253775602589, 5.399679726032538873 ) ) ;
#4751 = DIRECTION ( 'NONE',  ( 1.000000000000000000, 0.000000000000000000, 0.000000000000000000 ) ) ;
#4752 = CARTESIAN_POINT ( 'NONE',  ( -5.146548727430982240, 26.50551617597935561, 6.413738418787543694 ) ) ;
#4753 = CARTESIAN_POINT ( 'NONE',  ( -17.61022728155167272, 125.6744901209947756, 15.19307521742798883 ) ) ;
#4754 = CIRCLE ( 'NONE', #1217, 257.4923101625362278 ) ;
#4755 = DIRECTION ( 'NONE',  ( 0.5888628737284321568, -0.8082329589569411388, 0.000000000000000000 ) ) ;
#4756 = CARTESIAN_POINT ( 'NONE',  ( -25.74948406049668392, 141.8132886102273176, 1.233382629721329060 ) ) ;
#4757 = CARTESIAN_POINT ( 'NONE',  ( 1.530808498934189352E-14, 150.0000000000009948, 8.000000000000001776 ) ) ;
#4758 = DIRECTION ( 'NONE',  ( -0.5888628737284323789, 0.8082329589569410278, -2.082963656566165364E-18 ) ) ;
#4759 = ORIENTED_EDGE ( 'NONE', *, *, #2026, .F. ) ;
#4760 = ORIENTED_EDGE ( 'NONE', *, *, #5652, .F. ) ;
#4761 = VECTOR ( 'NONE', #3691, 1000.000000000000114 ) ;
#4762 = EDGE_CURVE ( 'NONE', #1531, #3259, #2017, .T. ) ;
#4763 = EDGE_CURVE ( 'NONE', #1613, #6033, #6067, .T. ) ;
#4764 = CIRCLE ( 'NONE', #1447, 1.650000000000000133 ) ;
#4765 = ORIENTED_EDGE ( 'NONE', *, *, #2174, .T. ) ;
#4766 = CARTESIAN_POINT ( 'NONE',  ( -9.685098812522463518, 178.4106806479740044, 5.138435893200829163 ) ) ;
#4767 = CARTESIAN_POINT ( 'NONE',  ( 278.1066884401993207, 75.00000000000007105, 5.500000000000000000 ) ) ;
#4768 = ORIENTED_EDGE ( 'NONE', *, *, #2272, .F. ) ;
#4769 = CARTESIAN_POINT ( 'NONE',  ( -3.686287386450715076E-15, 95.82926462586770811, 6.413198129412020165 ) ) ;
#4770 = CARTESIAN_POINT ( 'NONE',  ( 29.01401778026602329, 9.060466325330953197, 20.63505175791653912 ) ) ;
#4771 = ORIENTED_EDGE ( 'NONE', *, *, #5456, .T. ) ;
#4772 = ADVANCED_FACE ( 'NONE', ( #27 ), #3993, .F. ) ;
#4773 = CARTESIAN_POINT ( 'NONE',  ( 17.87355665168555419, 170.2567323028928854, 5.448319728785182114 ) ) ;
#4774 = CARTESIAN_POINT ( 'NONE',  ( -22.27868256395712976, 127.2372870966962921, 5.521955725042383634 ) ) ;
#4775 = ORIENTED_EDGE ( 'NONE', *, *, #5943, .T. ) ;
#4776 = ORIENTED_EDGE ( 'NONE', *, *, #5072, .T. ) ;
#4777 = EDGE_CURVE ( 'NONE', #540, #2611, #1467, .T. ) ;
#4778 = CARTESIAN_POINT ( 'NONE',  ( -1.219727444046192488E-15, 15.00000000000000178, 11.00000000000000178 ) ) ;
#4779 = VERTEX_POINT ( 'NONE', #2984 ) ;
#4780 = DIRECTION ( 'NONE',  ( 1.000000000000000000, 0.000000000000000000, 0.000000000000000000 ) ) ;
#4781 = CARTESIAN_POINT ( 'NONE',  ( -17.74817186027348370, 24.18682276815654930, 15.49999999999995737 ) ) ;
#4782 = CARTESIAN_POINT ( 'NONE',  ( -12.40684625884290071, -27.31878457370113722, 5.218289862639505117 ) ) ;
#4783 = DIRECTION ( 'NONE',  ( -0.000000000000000000, -0.000000000000000000, -1.000000000000000000 ) ) ;
#4784 = AXIS2_PLACEMENT_3D ( 'NONE', #3379, #2442, #2474 ) ;
#4785 = FACE_BOUND ( 'NONE', #2294, .T. ) ;
#4786 = CARTESIAN_POINT ( 'NONE',  ( -25.41930857695058066, 129.0693565785006740, 5.500000000000000000 ) ) ;
#4787 = CARTESIAN_POINT ( 'NONE',  ( 25.41930857695058066, 129.0693565785006740, 15.50000000000000178 ) ) ;
#4788 = DIRECTION ( 'NONE',  ( 1.000000000000000000, 0.000000000000000000, 0.000000000000000000 ) ) ;
#4789 = CARTESIAN_POINT ( 'NONE',  ( -24.18677324489564384, 137.9999999999999716, 0.000000000000000000 ) ) ;
#4790 = CARTESIAN_POINT ( 'NONE',  ( 19.75376609556150242, 121.3202259191489247, 6.994356148951133889 ) ) ;
#4791 = CARTESIAN_POINT ( 'NONE',  ( 30.25744592032418723, 28.86394751815193160, 15.50000000000000355 ) ) ;
#4792 = ORIENTED_EDGE ( 'NONE', *, *, #5194, .T. ) ;
#4793 = ORIENTED_EDGE ( 'NONE', *, *, #96, .F. ) ;
#4794 = EDGE_LOOP ( 'NONE', ( #2645, #3781, #1588 ) ) ;
#4795 = AXIS2_PLACEMENT_3D ( 'NONE', #4787, #1234, #5684 ) ;
#4796 = DIRECTION ( 'NONE',  ( -0.000000000000000000, -0.000000000000000000, 1.000000000000000000 ) ) ;
#4797 = CARTESIAN_POINT ( 'NONE',  ( 29.33460712698508388, 25.27970898651884113, 18.72888133978322855 ) ) ;
#4798 = ORIENTED_EDGE ( 'NONE', *, *, #1474, .T. ) ;
#4799 = AXIS2_PLACEMENT_3D ( 'NONE', #4219, #3697, #3310 ) ;
#4800 = DIRECTION ( 'NONE',  ( 0.5788523453879270697, -0.8154323774776766065, -0.000000000000000000 ) ) ;
#4801 = DIRECTION ( 'NONE',  ( 1.000000000000000000, 0.000000000000000000, 0.000000000000000000 ) ) ;
#4802 = EDGE_LOOP ( 'NONE', ( #268, #4912, #1706, #1350, #657 ) ) ;
#4803 = CARTESIAN_POINT ( 'NONE',  ( 25.31668305666503827, 159.4253130263711000, 4.829341800009756547 ) ) ;
#4804 = ADVANCED_FACE ( 'NONE', ( #1990 ), #142, .F. ) ;
#4805 = ORIENTED_EDGE ( 'NONE', *, *, #2927, .T. ) ;
#4806 = EDGE_CURVE ( 'NONE', #2463, #3458, #2108, .T. ) ;
#4807 = CIRCLE ( 'NONE', #3752, 31.50000000000001421 ) ;
#4808 = CARTESIAN_POINT ( 'NONE',  ( 1.770451845801060298, 98.34395436108682986, 5.565429081048002047 ) ) ;
#4809 = EDGE_LOOP ( 'NONE', ( #2620, #6432, #4896, #5823 ) ) ;
#4810 = AXIS2_PLACEMENT_3D ( 'NONE', #4102, #1606, #2155 ) ;
#4811 = CARTESIAN_POINT ( 'NONE',  ( -29.50649404246211560, 5.419115178896612761, 2.015263027388654482 ) ) ;
#4812 = ORIENTED_EDGE ( 'NONE', *, *, #5473, .F. ) ;
#4813 = CARTESIAN_POINT ( 'NONE',  ( -29.06089384809312648, 143.3046748692317749, 1.665122643192166851 ) ) ;
#4814 = CARTESIAN_POINT ( 'NONE',  ( -20.11000692170346937, 27.83281219040401666, 14.03606341219673936 ) ) ;
#4815 = CARTESIAN_POINT ( 'NONE',  ( -30.00000000000001421, -0.9600593540469527509, 3.513667610554949583 ) ) ;
#4816 = EDGE_CURVE ( 'NONE', #131, #1558, #4086, .T. ) ;
#4817 = CARTESIAN_POINT ( 'NONE',  ( 1.650000000000028777, 139.0000000000010232, 15.66690475583125419 ) ) ;
#4818 = DIRECTION ( 'NONE',  ( 1.000000000000000000, 0.000000000000000000, 0.000000000000000000 ) ) ;
#4819 = DIRECTION ( 'NONE',  ( 0.000000000000000000, -0.2133002565385400118, 0.9769866941573939201 ) ) ;
#4820 = CARTESIAN_POINT ( 'NONE',  ( 3.571011158707013498E-16, 103.4050362758487296, 7.000000000000000000 ) ) ;
#4821 = CARTESIAN_POINT ( 'NONE',  ( 0.000000000000000000, 53.81555795325517266, 1.622857316583521836 ) ) ;
#4822 = CARTESIAN_POINT ( 'NONE',  ( -22.27915728199903711, 22.76038811680067298, 5.500000000000504485 ) ) ;
#4823 = CARTESIAN_POINT ( 'NONE',  ( 1.641026710857447199E-14, 159.0000000000009663, 8.000000000000001776 ) ) ;
#4824 = CARTESIAN_POINT ( 'NONE',  ( 278.1066884401993207, 75.00000000000007105, -7.499999999999998224 ) ) ;
#4825 = EDGE_LOOP ( 'NONE', ( #1687, #5452, #1226, #3185 ) ) ;
#4826 = ORIENTED_EDGE ( 'NONE', *, *, #1861, .F. ) ;
#4827 = DIRECTION ( 'NONE',  ( 0.8146562665393389802, -0.5783014062182958437, 0.04361938736533609029 ) ) ;
#4828 = CARTESIAN_POINT ( 'NONE',  ( 22.66303307610159834, 169.7569689959453001, 5.453888661373366809 ) ) ;
#4829 = FACE_OUTER_BOUND ( 'NONE', #2492, .T. ) ;
#4830 = EDGE_CURVE ( 'NONE', #2716, #4113, #4948, .T. ) ;
#4831 = CARTESIAN_POINT ( 'NONE',  ( -26.32754713701618954, -6.052543121137266446, 4.393960489849097151 ) ) ;
#4832 = CARTESIAN_POINT ( 'NONE',  ( 34.78312208934865168, 1.313755036248577257, 5.500000000000003553 ) ) ;
#4833 = ORIENTED_EDGE ( 'NONE', *, *, #5564, .F. ) ;
#4834 = CARTESIAN_POINT ( 'NONE',  ( 6.151403321810264835, 176.3047381874665120, 5.281795694845320632 ) ) ;
#4835 = CARTESIAN_POINT ( 'NONE',  ( 1.170910021989882921, 101.7555691005818090, 14.00000000000000178 ) ) ;
#4836 = B_SPLINE_CURVE_WITH_KNOTS ( 'NONE', 3,
 ( #518, #3950, #69, #5059, #4013, #6055, #6088, #4969, #3464, #4442, #963, #574, #3546, #3519, #4572, #2940 ),
 .UNSPECIFIED., .F., .F.,
 ( 4, 2, 2, 2, 2, 2, 2, 4 ),
 ( -1.184109088560395808E-05, 0.001825696770277197628, 0.003663234631439999268, 0.005500772492602800691, 0.006419541423184163022, 0.006878925888474877147, 0.007108618121120264567, 0.007338310353765651120 ),
 .UNSPECIFIED. ) ;
#4837 = VERTEX_POINT ( 'NONE', #585 ) ;
#4838 = CARTESIAN_POINT ( 'NONE',  ( 29.50557058654905163, 115.5475226956522761, 2.500000000000001332 ) ) ;
#4839 = ORIENTED_EDGE ( 'NONE', *, *, #4660, .F. ) ;
#4840 = EDGE_CURVE ( 'NONE', #2609, #5338, #5058, .T. ) ;
#4841 = EDGE_CURVE ( 'NONE', #3529, #4675, #4612, .T. ) ;
#4842 = AXIS2_PLACEMENT_3D ( 'NONE', #4381, #6396, #5487 ) ;
#4843 = LINE ( 'NONE', #3301, #2309 ) ;
#4844 =( BOUNDED_CURVE ( )  B_SPLINE_CURVE ( 3, ( #931, #1836, #3352, #2870 ),
 .UNSPECIFIED., .F., .F. ) 
 B_SPLINE_CURVE_WITH_KNOTS ( ( 4, 4 ),
 ( 0.2939544294606745711, 0.3204267127914682267 ),
 .UNSPECIFIED. ) 
 CURVE ( )  GEOMETRIC_REPRESENTATION_ITEM ( )  RATIONAL_B_SPLINE_CURVE ( ( 1.000000000000000000, 0.9999416023705285372, 0.9999416023705285372, 1.000000000000000000 ) ) 
 REPRESENTATION_ITEM ( '' )  );
#4845 = TOROIDAL_SURFACE ( 'NONE', #2867, 262.6066884401992638, 1.500000000000000000 ) ;
#4846 = ORIENTED_EDGE ( 'NONE', *, *, #4618, .F. ) ;
#4847 = DIRECTION ( 'NONE',  ( 1.000000000000000000, 0.000000000000000000, 0.000000000000000000 ) ) ;
#4848 = CARTESIAN_POINT ( 'NONE',  ( 2.372921544576876762, 96.60417417671827423, 15.50000000000000178 ) ) ;
#4849 = CARTESIAN_POINT ( 'NONE',  ( 1.649999999999996358, -9.000000000000001776, 11.00000000000000178 ) ) ;
#4850 = DIRECTION ( 'NONE',  ( 0.000000000000000000, 0.000000000000000000, -1.000000000000000000 ) ) ;
#4851 = DIRECTION ( 'NONE',  ( -0.000000000000000000, 0.000000000000000000, 1.000000000000000000 ) ) ;
#4852 = CARTESIAN_POINT ( 'NONE',  ( -19.37292154457695403, 73.27113533989638938, 5.500000000000000000 ) ) ;
#4853 = PLANE ( 'NONE',  #3728 ) ;
#4854 = TOROIDAL_SURFACE ( 'NONE', #295, 262.6066884401992638, 1.500000000000000000 ) ;
#4855 = CARTESIAN_POINT ( 'NONE',  ( 21.99286971539128999, 74.99999999999995737, 17.50000000000000000 ) ) ;
#4856 = DIRECTION ( 'NONE',  ( 0.5788523453879270697, -0.8154323774776764955, -3.475358822216074088E-18 ) ) ;
#4857 = CARTESIAN_POINT ( 'NONE',  ( 29.39387691339791076, 143.9999999999991189, 5.500000000000003553 ) ) ;
#4858 = ORIENTED_EDGE ( 'NONE', *, *, #5949, .T. ) ;
#4859 = VERTEX_POINT ( 'NONE', #5076 ) ;
#4860 = VERTEX_POINT ( 'NONE', #2075 ) ;
#4861 = VECTOR ( 'NONE', #4935, 1000.000000000000000 ) ;
#4862 = EDGE_CURVE ( 'NONE', #6190, #1739, #4054, .T. ) ;
#4863 = CARTESIAN_POINT ( 'NONE',  ( -1.734723475976807094E-15, 11.00000000000000178, 15.66690475583125419 ) ) ;
#4864 = DIRECTION ( 'NONE',  ( 0.000000000000000000, 0.000000000000000000, 1.000000000000000000 ) ) ;
#4865 = CARTESIAN_POINT ( 'NONE',  ( 1.796526787861281393, 51.61931372935781326, 15.43457091895199795 ) ) ;
#4866 = CARTESIAN_POINT ( 'NONE',  ( 22.05131924787930942, 131.4601967955704254, 0.000000000000000000 ) ) ;
#4867 = VERTEX_POINT ( 'NONE', #1591 ) ;
#4868 = CARTESIAN_POINT ( 'NONE',  ( 29.39387691339798181, 143.9999999999990905, 15.50000000000000355 ) ) ;
#4869 = CARTESIAN_POINT ( 'NONE',  ( -0.9739307408648785191, 50.97559531952740031, 21.00000000000000000 ) ) ;
#4870 = AXIS2_PLACEMENT_3D ( 'NONE', #4561, #1540, #5648 ) ;
#4871 = VERTEX_POINT ( 'NONE', #1530 ) ;
#4872 = EDGE_CURVE ( 'NONE', #2744, #5160, #3066, .T. ) ;
#4873 = CARTESIAN_POINT ( 'NONE',  ( 29.09790089312236461, 140.5508468074502275, 20.50000000000387956 ) ) ;
#4874 = LINE ( 'NONE', #4377, #173 ) ;
#4875 = ORIENTED_EDGE ( 'NONE', *, *, #833, .T. ) ;
#4876 = DIRECTION ( 'NONE',  ( 1.000000000000000000, 0.000000000000000000, 0.000000000000000000 ) ) ;
#4877 = ORIENTED_EDGE ( 'NONE', *, *, #1496, .T. ) ;
#4878 = CARTESIAN_POINT ( 'NONE',  ( -3.339766697952641077E-17, 95.89212203745127283, 5.565429081048004711 ) ) ;
#4879 = ADVANCED_FACE ( 'NONE', ( #3590, #973, #2952, #741, #3140 ), #3716, .T. ) ;
#4880 = ORIENTED_EDGE ( 'NONE', *, *, #6398, .F. ) ;
#4881 = PLANE ( 'NONE',  #2240 ) ;
#4882 = CARTESIAN_POINT ( 'NONE',  ( -22.05721009660900123, 23.27444430291820510, 14.91955149928979374 ) ) ;
#4883 = CARTESIAN_POINT ( 'NONE',  ( 3.924152423659565958, -29.80816179338727778, 5.018776060086320712 ) ) ;
#4884 = CARTESIAN_POINT ( 'NONE',  ( 28.97600529770505062, 8.884328902688316987, 20.69625183625015552 ) ) ;
#4885 = ORIENTED_EDGE ( 'NONE', *, *, #4320, .F. ) ;
#4886 = CARTESIAN_POINT ( 'NONE',  ( -5.662375826453064143, 26.39957386019704799, 8.000000000000001776 ) ) ;
#4887 = CARTESIAN_POINT ( 'NONE',  ( 5.662375826453064143, 26.39957386019671048, 8.000000000000001776 ) ) ;
#4888 = CARTESIAN_POINT ( 'NONE',  ( 29.37028066127164294, 143.8854010730520088, 20.23712188994050010 ) ) ;
#4889 = CARTESIAN_POINT ( 'NONE',  ( 0.000000000000000000, 49.61137521592316801, -0.1028986692939691666 ) ) ;
#4890 = CARTESIAN_POINT ( 'NONE',  ( 17.56542928847980534, 125.6293081863365018, 15.14864759834824781 ) ) ;
#4891 = ADVANCED_FACE ( 'NONE', ( #5674 ), #6135, .F. ) ;
#4893 = EDGE_CURVE ( 'NONE', #6351, #6315, #4434, .T. ) ;
#4892 = B_SPLINE_CURVE_WITH_KNOTS ( 'NONE', 3,
 ( #5873, #5944, #1394, #913, #3930, #1469, #3442, #2951, #841, #4913, #2887, #6399, #5905, #4946, #1433, #3410 ),
 .UNSPECIFIED., .F., .F.,
 ( 4, 2, 2, 2, 2, 2, 2, 4 ),
 ( 0.000000000000000000, 0.0003233305604733206773, 0.0006466611209466413546, 0.001293322241893253436, 0.001939983362839865300, 0.002586644483786477381, 0.003879966725679741008, 0.005173288967573004202 ),
 .UNSPECIFIED. ) ;
#4894 = DIRECTION ( 'NONE',  ( -0.000000000000000000, -0.000000000000000000, -1.000000000000000000 ) ) ;
#4895 = ORIENTED_EDGE ( 'NONE', *, *, #5386, .T. ) ;
#4896 = ORIENTED_EDGE ( 'NONE', *, *, #1951, .T. ) ;
#4897 = DIRECTION ( 'NONE',  ( 0.5888628737284321568, 0.8082329589569411388, 0.000000000000000000 ) ) ;
#4898 = CARTESIAN_POINT ( 'NONE',  ( -29.25019487049278055, 156.7355023958573952, 4.492474118211221779 ) ) ;
#4899 = DIRECTION ( 'NONE',  ( -0.5788523453879101943, 0.8154323774776885969, 3.466138530372890970E-18 ) ) ;
#4900 = LINE ( 'NONE', #1905, #5286 ) ;
#4901 = B_SPLINE_CURVE_WITH_KNOTS ( 'NONE', 3,
 ( #3699, #4720, #4221, #2244, #6243, #5747, #1266, #2675, #4255, #5685, #312, #5781, #2275, #6276, #3663, #5219 ),
 .UNSPECIFIED., .F., .F.,
 ( 4, 2, 2, 2, 2, 2, 2, 4 ),
 ( -1.184109088560454762E-05, 0.001825696770277225383, 0.003663234631440055213, 0.005500772492602884825, 0.006419541423184333892, 0.006878925888475025466, 0.007108618121120336558, 0.007338310353765649385 ),
 .UNSPECIFIED. ) ;
#4902 = CARTESIAN_POINT ( 'NONE',  ( -1.219727444046192488E-15, 15.00000000000000178, 8.000000000000001776 ) ) ;
#4903 = LINE ( 'NONE', #5417, #6140 ) ;
#4904 = EDGE_CURVE ( 'NONE', #3405, #5332, #176, .T. ) ;
#4905 = ORIENTED_EDGE ( 'NONE', *, *, #96, .T. ) ;
#4906 = PLANE ( 'NONE',  #5451 ) ;
#4907 = CARTESIAN_POINT ( 'NONE',  ( 16.41092188742759106, 23.47681078257868137, 7.000000000000000000 ) ) ;
#4908 = VECTOR ( 'NONE', #4796, 1000.000000000000000 ) ;
#4909 = ORIENTED_EDGE ( 'NONE', *, *, #1003, .T. ) ;
#4910 = LINE ( 'NONE', #838, #1422 ) ;
#4911 = EDGE_CURVE ( 'NONE', #6392, #2831, #5642, .T. ) ;
#4912 = ORIENTED_EDGE ( 'NONE', *, *, #2982, .T. ) ;
#4913 = CARTESIAN_POINT ( 'NONE',  ( -16.48110924782920605, 70.91408310021084560, 6.664735979901191598 ) ) ;
#4914 = EDGE_LOOP ( 'NONE', ( #679, #4416 ) ) ;
#4915 = LINE ( 'NONE', #3443, #3386 ) ;
#4916 = CARTESIAN_POINT ( 'NONE',  ( -22.21130524426319042, 22.91866782052760243, 15.17308473706635752 ) ) ;
#4917 = DIRECTION ( 'NONE',  ( -0.000000000000000000, -0.000000000000000000, -1.000000000000000000 ) ) ;
#4918 = B_SPLINE_CURVE_WITH_KNOTS ( 'NONE', 3,
 ( #3913, #3460, #989, #2964 ),
 .UNSPECIFIED., .F., .F.,
 ( 4, 4 ),
 ( 1.734723475976807094E-18, 6.625069557745262171E-05 ),
 .UNSPECIFIED. ) ;
#4919 = EDGE_CURVE ( 'NONE', #3069, #2787, #1159, .T. ) ;
#4920 = AXIS2_PLACEMENT_3D ( 'NONE', #3941, #3451, #5918 ) ;
#4921 = CARTESIAN_POINT ( 'NONE',  ( 28.84037691363148781, 141.7396937417748859, 20.81409165536522821 ) ) ;
#4922 = PLANE ( 'NONE',  #2639 ) ;
#4923 = CARTESIAN_POINT ( 'NONE',  ( -3.616294504566618162, 51.64466530096243702, 14.00000000000000178 ) ) ;
#4924 = CARTESIAN_POINT ( 'NONE',  ( 29.39387691339798181, 143.9999999999990905, 19.99848568875562904 ) ) ;
#4925 = CARTESIAN_POINT ( 'NONE',  ( -3.469446951953613794E-15, 49.11988730440060635, 14.58680187058797806 ) ) ;
#4926 = FACE_OUTER_BOUND ( 'NONE', #5103, .T. ) ;
#4927 = LINE ( 'NONE', #5050, #5276 ) ;
#4928 = VERTEX_POINT ( 'NONE', #2139 ) ;
#4929 =( BOUNDED_CURVE ( )  B_SPLINE_CURVE ( 3, ( #4708, #685, #2263, #6229 ),
 .UNSPECIFIED., .F., .F. ) 
 B_SPLINE_CURVE_WITH_KNOTS ( ( 4, 4 ),
 ( 5.962758594388117395, 5.989230877718911827 ),
 .UNSPECIFIED. ) 
 CURVE ( )  GEOMETRIC_REPRESENTATION_ITEM ( )  RATIONAL_B_SPLINE_CURVE ( ( 1.000000000000000000, 0.9999416023705285372, 0.9999416023705285372, 1.000000000000000000 ) ) 
 REPRESENTATION_ITEM ( '' )  );
#4930 = EDGE_CURVE ( 'NONE', #293, #5692, #2053, .T. ) ;
#4931 = EDGE_CURVE ( 'NONE', #2716, #3082, #514, .T. ) ;
#4932 = LINE ( 'NONE', #484, #4734 ) ;
#4933 = CARTESIAN_POINT ( 'NONE',  ( 22.27569735221361569, 127.2298027597001635, 5.565429081048002935 ) ) ;
#4934 = CARTESIAN_POINT ( 'NONE',  ( 1.641026710857447199E-14, 159.0000000000009663, 8.000000000000001776 ) ) ;
#4935 = DIRECTION ( 'NONE',  ( -0.000000000000000000, -0.000000000000000000, -1.000000000000000000 ) ) ;
#4936 = DIRECTION ( 'NONE',  ( 0.5788523453879101943, -0.8154323774776884859, 0.000000000000000000 ) ) ;
#4937 = DIRECTION ( 'NONE',  ( -0.5788523453879101943, -0.8154323774776884859, 0.000000000000000000 ) ) ;
#4938 = ORIENTED_EDGE ( 'NONE', *, *, #3363, .F. ) ;
#4939 = VECTOR ( 'NONE', #1714, 1000.000000000000227 ) ;
#4940 = CARTESIAN_POINT ( 'NONE',  ( 13.36746116222342984, 75.00000000000005684, 7.000000000000000000 ) ) ;
#4941 = CARTESIAN_POINT ( 'NONE',  ( -16.92392493978529089, 72.30430079475030425, 14.98354224759955500 ) ) ;
#4942 = AXIS2_PLACEMENT_3D ( 'NONE', #3219, #1214, #321 ) ;
#4943 = DIRECTION ( 'NONE',  ( 1.000000000000000000, 0.000000000000000000, 0.000000000000000000 ) ) ;
#4944 = EDGE_LOOP ( 'NONE', ( #4021, #5232 ) ) ;
#4945 = EDGE_CURVE ( 'NONE', #2524, #115, #1649, .T. ) ;
#4946 = CARTESIAN_POINT ( 'NONE',  ( -15.84610458595611249, 68.89821980830225812, 6.981285427635532059 ) ) ;
#4947 = ORIENTED_EDGE ( 'NONE', *, *, #1400, .T. ) ;
#4948 = LINE ( 'NONE', #5038, #2460 ) ;
#4949 = DIRECTION ( 'NONE',  ( -0.8154323774776887079, 0.5788523453879097502, 0.000000000000000000 ) ) ;
#4950 = CARTESIAN_POINT ( 'NONE',  ( 9.685098812522424438, -28.41068064797396175, 5.138435893200793636 ) ) ;
#4951 = VECTOR ( 'NONE', #6041, 1000.000000000000114 ) ;
#4952 = FACE_OUTER_BOUND ( 'NONE', #6042, .T. ) ;
#4953 = VECTOR ( 'NONE', #4246, 1000.000000000000000 ) ;
#4954 = EDGE_CURVE ( 'NONE', #2933, #2066, #235, .T. ) ;
#4955 = CARTESIAN_POINT ( 'NONE',  ( -1.650000000000004574, -9.000000000000001776, 11.00000000000000178 ) ) ;
#4956 = DIRECTION ( 'NONE',  ( -0.000000000000000000, 0.000000000000000000, 1.000000000000000000 ) ) ;
#4957 = CARTESIAN_POINT ( 'NONE',  ( 29.32505667066477173, 143.6714517147024424, 20.39836161069876042 ) ) ;
#4958 = CARTESIAN_POINT ( 'NONE',  ( 3.616294504566644807, 98.35533469903765535, 7.000000000000000000 ) ) ;
#4959 = DIRECTION ( 'NONE',  ( 0.000000000000000000, 0.000000000000000000, 1.000000000000000000 ) ) ;
#4960 = CARTESIAN_POINT ( 'NONE',  ( -7.825792614798337298E-13, -1.804112415015879378E-13, 8.000000000000001776 ) ) ;
#4961 = VECTOR ( 'NONE', #6104, 1000.000000000000114 ) ;
#4962 = VERTEX_POINT ( 'NONE', #300 ) ;
#4963 = VECTOR ( 'NONE', #2537, 1000.000000000000000 ) ;
#4964 = DIRECTION ( 'NONE',  ( 0.000000000000000000, -1.000000000000000000, 0.000000000000000000 ) ) ;
#4965 = CARTESIAN_POINT ( 'NONE',  ( -26.99925645448055178, 163.2254467508396658, 5.194995548341417191 ) ) ;
#4966 = FACE_OUTER_BOUND ( 'NONE', #2281, .T. ) ;
#4967 = AXIS2_PLACEMENT_3D ( 'NONE', #4717, #5216, #309 ) ;
#4968 = CARTESIAN_POINT ( 'NONE',  ( 29.51695639438649010, 9.258665805874137789, 19.69999999999812701 ) ) ;
#4969 = CARTESIAN_POINT ( 'NONE',  ( -21.77208691676534258, 126.0654683415595940, 14.64324479637521570 ) ) ;
#4970 = DIRECTION ( 'NONE',  ( 0.000000000000000000, 0.000000000000000000, -1.000000000000000000 ) ) ;
#4971 = ADVANCED_FACE ( 'NONE', ( #6260 ), #5923, .F. ) ;
#4972 = EDGE_LOOP ( 'NONE', ( #3479, #1381, #1180 ) ) ;
#4973 = EDGE_CURVE ( 'NONE', #5546, #1318, #4929, .T. ) ;
#4974 = ORIENTED_EDGE ( 'NONE', *, *, #1518, .T. ) ;
#4975 = VECTOR ( 'NONE', #1475, 1000.000000000000000 ) ;
#4976 = DIRECTION ( 'NONE',  ( -0.5888628737284323789, -0.8082329589569410278, 0.000000000000000000 ) ) ;
#4977 = CARTESIAN_POINT ( 'NONE',  ( 22.27569735221361569, 127.2298027597001635, 15.43457091895199795 ) ) ;
#4978 = AXIS2_PLACEMENT_3D ( 'NONE', #1940, #2906, #487 ) ;
#4979 = ORIENTED_EDGE ( 'NONE', *, *, #4687, .F. ) ;
#4980 = CARTESIAN_POINT ( 'NONE',  ( -5.662375826453064143, 25.00000000000000000, 8.000000000000001776 ) ) ;
#4981 = EDGE_LOOP ( 'NONE', ( #2258, #4331, #3578, #356 ) ) ;
#4982 = EDGE_CURVE ( 'NONE', #4478, #2682, #2200, .T. ) ;
#4983 = EDGE_CURVE ( 'NONE', #1853, #2250, #655, .T. ) ;
#4984 = EDGE_LOOP ( 'NONE', ( #5722, #1146, #6003 ) ) ;
#4985 = CARTESIAN_POINT ( 'NONE',  ( 17.68858478284411007, 125.7537241430311497, 5.702228267152126939 ) ) ;
#4986 = DIRECTION ( 'NONE',  ( -0.000000000000000000, -0.000000000000000000, -1.000000000000000000 ) ) ;
#4987 = DIRECTION ( 'NONE',  ( 0.5788523453879270697, -0.8154323774776766065, 0.000000000000000000 ) ) ;
#4988 = VERTEX_POINT ( 'NONE', #5175 ) ;
#4989 = CARTESIAN_POINT ( 'NONE',  ( 25.60971769108863327, 158.5975083787001836, 4.733431423994086451 ) ) ;
#4990 = CARTESIAN_POINT ( 'NONE',  ( 17.73824133803177361, 24.19587684564405095, 5.565429081048003823 ) ) ;
#4991 = FACE_OUTER_BOUND ( 'NONE', #2902, .T. ) ;
#4992 = DIRECTION ( 'NONE',  ( 1.000000000000000000, 0.000000000000000000, 0.000000000000000000 ) ) ;
#4993 = CARTESIAN_POINT ( 'NONE',  ( -29.39387691339797470, 6.000000000000789591, 2.500000000000005773 ) ) ;
#4994 = CARTESIAN_POINT ( 'NONE',  ( 22.21736839837650734, 16.18714413556630660, 15.50000000000000178 ) ) ;
#4995 = ORIENTED_EDGE ( 'NONE', *, *, #5043, .F. ) ;
#4996 = EDGE_CURVE ( 'NONE', #839, #5559, #5750, .T. ) ;
#4997 = CARTESIAN_POINT ( 'NONE',  ( -30.00000000000000355, 150.0000000000000000, 3.312032733496091730 ) ) ;
#4998 = FACE_OUTER_BOUND ( 'NONE', #633, .T. ) ;
#4999 = CARTESIAN_POINT ( 'NONE',  ( -18.38215907065805155, 23.70856865989687634, 0.000000000000000000 ) ) ;
#5000 = DIRECTION ( 'NONE',  ( 0.000000000000000000, 1.000000000000000000, 0.000000000000000000 ) ) ;
#5001 = CARTESIAN_POINT ( 'NONE',  ( 22.25210838854866680, 22.82456869985775327, 15.28949942205867707 ) ) ;
#5002 = ORIENTED_EDGE ( 'NONE', *, *, #5580, .T. ) ;
#5003 = FACE_OUTER_BOUND ( 'NONE', #5509, .T. ) ;
#5004 = PLANE ( 'NONE',  #6418 ) ;
#5005 = ORIENTED_EDGE ( 'NONE', *, *, #3751, .T. ) ;
#5006 = DIRECTION ( 'NONE',  ( -0.000000000000000000, -0.000000000000000000, 1.000000000000000000 ) ) ;
#5007 = ORIENTED_EDGE ( 'NONE', *, *, #5473, .T. ) ;
#5008 = VECTOR ( 'NONE', #3469, 1000.000000000000227 ) ;
#5009 = EDGE_CURVE ( 'NONE', #4135, #2076, #4754, .T. ) ;
#5010 = EDGE_CURVE ( 'NONE', #4413, #2751, #3430, .T. ) ;
#5011 = DIRECTION ( 'NONE',  ( -1.000000000000000000, 0.000000000000000000, 0.000000000000000000 ) ) ;
#5012 = ORIENTED_EDGE ( 'NONE', *, *, #2974, .F. ) ;
#5013 = DIRECTION ( 'NONE',  ( 0.8146562665393389802, 0.5783014062182958437, 0.04361938736533609029 ) ) ;
#5014 = ORIENTED_EDGE ( 'NONE', *, *, #3080, .F. ) ;
#5015 = CARTESIAN_POINT ( 'NONE',  ( 29.41395949738262061, 143.4682913090075260, 20.00637638164398169 ) ) ;
#5016 = CARTESIAN_POINT ( 'NONE',  ( -30.00000000000000000, 0.000000000000000000, 21.00000000000000000 ) ) ;
#5017 = CARTESIAN_POINT ( 'NONE',  ( 18.17294631277514227, 23.87077930408021942, 19.24321602748176119 ) ) ;
#5018 = CARTESIAN_POINT ( 'NONE',  ( -3.673940397442060756E-15, 150.0000000000000000, 8.000000000000001776 ) ) ;
#5019 = DIRECTION ( 'NONE',  ( 0.000000000000000000, -1.000000000000000000, 0.000000000000000000 ) ) ;
#5020 = CARTESIAN_POINT ( 'NONE',  ( 29.26219697465173653, 6.615246111293168418, 20.54202501582356533 ) ) ;
#5021 = AXIS2_PLACEMENT_3D ( 'NONE', #3801, #417, #345 ) ;
#5022 = ORIENTED_EDGE ( 'NONE', *, *, #2528, .F. ) ;
#5023 = CARTESIAN_POINT ( 'NONE',  ( -44.02060525217950726, 31.24898066279910225, 5.500000000000000000 ) ) ;
#5024 = VECTOR ( 'NONE', #2233, 1000.000000000000000 ) ;
#5025 = CARTESIAN_POINT ( 'NONE',  ( 29.53207871843879317, 140.3409538878490821, 1.398165638551289502 ) ) ;
#5026 = EDGE_CURVE ( 'NONE', #2916, #202, #5506, .T. ) ;
#5027 = CARTESIAN_POINT ( 'NONE',  ( -29.43148796482189056, 5.812979094433615934, 18.76505794887814815 ) ) ;
#5028 = LINE ( 'NONE', #2484, #4203 ) ;
#5029 = CARTESIAN_POINT ( 'NONE',  ( 22.11183385110349775, 23.14824257779098815, 14.98907332310814056 ) ) ;
#5030 = EDGE_LOOP ( 'NONE', ( #5470, #5886, #4974, #3171, #2350 ) ) ;
#5031 = ORIENTED_EDGE ( 'NONE', *, *, #4451, .T. ) ;
#5032 = DIRECTION ( 'NONE',  ( -0.000000000000000000, 0.000000000000000000, 1.000000000000000000 ) ) ;
#5033 = FACE_OUTER_BOUND ( 'NONE', #6163, .T. ) ;
#5034 = EDGE_CURVE ( 'NONE', #1898, #5692, #3124, .T. ) ;
#5035 = ORIENTED_EDGE ( 'NONE', *, *, #5168, .T. ) ;
#5036 = ORIENTED_EDGE ( 'NONE', *, *, #4566, .F. ) ;
#5037 = VECTOR ( 'NONE', #308, 1000.000000000000114 ) ;
#5038 = CARTESIAN_POINT ( 'NONE',  ( 1.650000000000013456, 135.0000000000009948, 15.66690475583125419 ) ) ;
#5039 = ORIENTED_EDGE ( 'NONE', *, *, #1367, .T. ) ;
#5040 = LINE ( 'NONE', #3039, #3784 ) ;
#5041 = ORIENTED_EDGE ( 'NONE', *, *, #5263, .T. ) ;
#5042 = EDGE_CURVE ( 'NONE', #3082, #2716, #1960, .T. ) ;
#5043 = EDGE_CURVE ( 'NONE', #540, #6392, #2628, .T. ) ;
#5044 = CARTESIAN_POINT ( 'NONE',  ( 1.650000000000019673, 159.0000000000009663, 8.000000000000001776 ) ) ;
#5045 = DIRECTION ( 'NONE',  ( 0.000000000000000000, 1.000000000000000000, 0.000000000000000000 ) ) ;
#5046 = CARTESIAN_POINT ( 'NONE',  ( -24.18677324489564384, 137.9999999999999716, 0.000000000000000000 ) ) ;
#5047 = CARTESIAN_POINT ( 'NONE',  ( -17.01122097318217996, 77.42066445156358157, 15.49999999999940314 ) ) ;
#5048 = CARTESIAN_POINT ( 'NONE',  ( 22.27569735221361569, 127.2298027597001635, 15.43457091895199795 ) ) ;
#5049 = AXIS2_PLACEMENT_3D ( 'NONE', #1907, #4405, #1807 ) ;
#5050 = CARTESIAN_POINT ( 'NONE',  ( -30.00000000000000355, 12.00000000000026112, 0.000000000000000000 ) ) ;
#5051 = ORIENTED_EDGE ( 'NONE', *, *, #5816, .T. ) ;
#5052 = AXIS2_PLACEMENT_3D ( 'NONE', #1104, #1072, #125 ) ;
#5053 = CARTESIAN_POINT ( 'NONE',  ( 1.469704118686706362, 51.65789986562988645, 21.02689427233690367 ) ) ;
#5054 = CARTESIAN_POINT ( 'NONE',  ( 30.10693406778846537, 24.87897924159397789, 2.433623897908676614 ) ) ;
#5055 = CARTESIAN_POINT ( 'NONE',  ( 29.92892113322530889, 129.8341106919006620, 2.901281362478830950 ) ) ;
#5056 = CIRCLE ( 'NONE', #3065, 30.00000000000015987 ) ;
#5057 = CARTESIAN_POINT ( 'NONE',  ( 29.12659997839352854, 11.68095788351814512, 20.05306525931005268 ) ) ;
#5058 = CIRCLE ( 'NONE', #1945, 261.1066884401993207 ) ;
#5059 = CARTESIAN_POINT ( 'NONE',  ( -20.46681754848341228, 123.0119692737214052, 14.09086755786139022 ) ) ;
#5060 = CARTESIAN_POINT ( 'NONE',  ( 18.38215907066006238, 126.2914313401049213, 21.00000000000000000 ) ) ;
#5061 = ORIENTED_EDGE ( 'NONE', *, *, #5564, .T. ) ;
#5062 = EDGE_LOOP ( 'NONE', ( #1283, #3674, #5540, #4023, #5407, #4666 ) ) ;
#5063 = AXIS2_PLACEMENT_3D ( 'NONE', #3049, #1481, #4433 ) ;
#5064 = ADVANCED_FACE ( 'NONE', ( #1022 ), #6422, .F. ) ;
#5065 = CARTESIAN_POINT ( 'NONE',  ( 278.1066884401993207, 75.00000000000007105, 21.00000000000000000 ) ) ;
#5066 = CARTESIAN_POINT ( 'NONE',  ( 31.98574451125584517, 74.62257012018797298, 17.50000000000000000 ) ) ;
#5067 = AXIS2_PLACEMENT_3D ( 'NONE', #6350, #5406, #854 ) ;
#5068 = EDGE_LOOP ( 'NONE', ( #3317, #3227, #997, #2466, #3040 ) ) ;
#5069 = CARTESIAN_POINT ( 'NONE',  ( 15.03642281615155341, -25.96443506767154474, 5.300994439690239091 ) ) ;
#5070 = VERTEX_POINT ( 'NONE', #4999 ) ;
#5071 = ORIENTED_EDGE ( 'NONE', *, *, #5386, .F. ) ;
#5072 = EDGE_CURVE ( 'NONE', #4146, #1306, #2389, .T. ) ;
#5073 = CIRCLE ( 'NONE', #5815, 30.00000000000015987 ) ;
#5074 = DIRECTION ( 'NONE',  ( -0.8154323774776789380, -0.5788523453879236280, 0.000000000000000000 ) ) ;
#5075 = ORIENTED_EDGE ( 'NONE', *, *, #366, .F. ) ;
#5076 = CARTESIAN_POINT ( 'NONE',  ( -1.650000000000004574, -9.000000000000001776, 8.000000000000001776 ) ) ;
#5077 = CARTESIAN_POINT ( 'NONE',  ( 14.41737714987807273, 75.00000000000004263, 7.000000000000000000 ) ) ;
#5078 = ORIENTED_EDGE ( 'NONE', *, *, #2929, .F. ) ;
#5079 = VECTOR ( 'NONE', #6171, 1000.000000000000000 ) ;
#5080 = CARTESIAN_POINT ( 'NONE',  ( 29.79563988938841135, 4.031771422563816820, 2.399254453125672093 ) ) ;
#5081 = CARTESIAN_POINT ( 'NONE',  ( -17.73824133803006831, 24.19587684564644903, 5.565429081048003823 ) ) ;
#5082 = FACE_OUTER_BOUND ( 'NONE', #3642, .T. ) ;
#5083 = DIRECTION ( 'NONE',  ( 0.5788523453879101943, 0.8154323774776884859, 0.000000000000000000 ) ) ;
#5084 = PLANE ( 'NONE',  #2106 ) ;
#5085 = CARTESIAN_POINT ( 'NONE',  ( -27.00000000000078515, -1.771046951438900888E-13, -117.0000000000000000 ) ) ;
#5086 = EDGE_LOOP ( 'NONE', ( #4602, #5256 ) ) ;
#5087 = CARTESIAN_POINT ( 'NONE',  ( -30.00000000000000000, -1.408630019008165046E-11, 20.56312544678556264 ) ) ;
#5088 = CARTESIAN_POINT ( 'NONE',  ( 29.36864292212600702, 27.22566537847233548, 2.351289130663435145 ) ) ;
#5089 = EDGE_CURVE ( 'NONE', #1145, #1716, #4900, .T. ) ;
#5090 = DIRECTION ( 'NONE',  ( -0.8154323774776882638, 0.5788523453879105274, 0.000000000000000000 ) ) ;
#5091 = EDGE_CURVE ( 'NONE', #3440, #6250, #2160, .T. ) ;
#5092 = CARTESIAN_POINT ( 'NONE',  ( -29.40239889526058548, 144.0417100532542349, 18.63048525852765636 ) ) ;
#5093 = CARTESIAN_POINT ( 'NONE',  ( 0.000000000000000000, 0.000000000000000000, 7.000000000000000000 ) ) ;
#5094 = DIRECTION ( 'NONE',  ( -1.000000000000000000, 0.000000000000000000, 0.000000000000000000 ) ) ;
#5095 = ORIENTED_EDGE ( 'NONE', *, *, #1586, .F. ) ;
#5096 = EDGE_LOOP ( 'NONE', ( #5331, #6097, #3501, #3888 ) ) ;
#5097 = EDGE_LOOP ( 'NONE', ( #2589, #157, #2946, #5631 ) ) ;
#5098 = DIRECTION ( 'NONE',  ( -0.000000000000000000, -0.000000000000000000, -1.000000000000000000 ) ) ;
#5099 = DIRECTION ( 'NONE',  ( -0.5788523453879270697, -0.8154323774776766065, 0.000000000000000000 ) ) ;
#5100 = ORIENTED_EDGE ( 'NONE', *, *, #4283, .F. ) ;
#5101 = ADVANCED_FACE ( 'NONE', ( #3949 ), #2452, .F. ) ;
#5102 = CARTESIAN_POINT ( 'NONE',  ( 19.86954421174210239, -22.56231717845898288, 5.436654785173546500 ) ) ;
#5103 = EDGE_LOOP ( 'NONE', ( #368, #5575, #2333, #6289 ) ) ;
#5104 = AXIS2_PLACEMENT_3D ( 'NONE', #5210, #5739, #4711 ) ;
#5105 = CARTESIAN_POINT ( 'NONE',  ( 27.40974981216735529, 138.1258958390907310, 0.04326677218221709059 ) ) ;
#5106 = ORIENTED_EDGE ( 'NONE', *, *, #3671, .T. ) ;
#5107 = CARTESIAN_POINT ( 'NONE',  ( 30.11784100116476637, 25.16775240306864347, 17.75339740947056200 ) ) ;
#5108 = CARTESIAN_POINT ( 'NONE',  ( 0.9653319468908253542, 97.62971668440488315, 0.000000000000000000 ) ) ;
#5109 = ORIENTED_EDGE ( 'NONE', *, *, #3238, .T. ) ;
#5110 =( BOUNDED_CURVE ( )  B_SPLINE_CURVE ( 3, ( #1402, #1330, #4391, #1926 ),
 .UNSPECIFIED., .F., .T. ) 
 B_SPLINE_CURVE_WITH_KNOTS ( ( 4, 4 ),
 ( 5.867294091209222628, 5.869576401415776523 ),
 .UNSPECIFIED. ) 
 CURVE ( )  GEOMETRIC_REPRESENTATION_ITEM ( )  RATIONAL_B_SPLINE_CURVE ( ( 1.000000000000000000, 0.9999995659217237876, 0.9999995659217237876, 1.000000000000000000 ) ) 
 REPRESENTATION_ITEM ( '' )  );
#5111 = CIRCLE ( 'NONE', #5856, 261.1066884401992638 ) ;
#5112 = FACE_OUTER_BOUND ( 'NONE', #994, .T. ) ;
#5113 = CARTESIAN_POINT ( 'NONE',  ( -13.04263872888575015, 28.49773729066933470, 6.991994323464034267 ) ) ;
#5114 = CARTESIAN_POINT ( 'NONE',  ( 3.469446951953613794E-15, 49.11988730440059925, 6.413198129412020165 ) ) ;
#5115 = EDGE_CURVE ( 'NONE', #5170, #985, #2483, .T. ) ;
#5116 = DIRECTION ( 'NONE',  ( 0.000000000000000000, -0.000000000000000000, -1.000000000000000000 ) ) ;
#5117 = DIRECTION ( 'NONE',  ( 0.000000000000000000, 0.000000000000000000, 1.000000000000000000 ) ) ;
#5118 = DIRECTION ( 'NONE',  ( -0.8074637002697747645, -0.5883024067539722735, 0.04361938736533609029 ) ) ;
#5119 = B_SPLINE_CURVE_WITH_KNOTS ( 'NONE', 3,
 ( #4094, #2178, #6172, #4624 ),
 .UNSPECIFIED., .F., .F.,
 ( 4, 4 ),
 ( 5.981878934503222419E-16, 6.625069557890794628E-05 ),
 .UNSPECIFIED. ) ;
#5120 = CARTESIAN_POINT ( 'NONE',  ( 19.57652342990321870, 29.10260158330027380, 7.000000000000001776 ) ) ;
#5121 = CYLINDRICAL_SURFACE ( 'NONE', #2407, 1.650000000000000133 ) ;
#5122 = CARTESIAN_POINT ( 'NONE',  ( 29.84034030474271049, 132.1793863992226363, 2.678719791889067281 ) ) ;
#5123 = ORIENTED_EDGE ( 'NONE', *, *, #1431, .T. ) ;
#5124 = AXIS2_PLACEMENT_3D ( 'NONE', #1448, #954, #5984 ) ;
#5125 = CARTESIAN_POINT ( 'NONE',  ( 29.22348737079950709, 18.43863467083459540, 19.20076626660315355 ) ) ;
#5126 = CARTESIAN_POINT ( 'NONE',  ( 1.469704118686715022, 98.34210013437022724, 21.02689427233690367 ) ) ;
#5127 = FACE_BOUND ( 'NONE', #3486, .T. ) ;
#5128 = ORIENTED_EDGE ( 'NONE', *, *, #5758, .F. ) ;
#5129 = ORIENTED_EDGE ( 'NONE', *, *, #4973, .F. ) ;
#5130 = ORIENTED_EDGE ( 'NONE', *, *, #5341, .T. ) ;
#5131 = ADVANCED_FACE ( 'NONE', ( #2005 ), #2512, .T. ) ;
#5132 = EDGE_CURVE ( 'NONE', #1904, #4026, #5927, .T. ) ;
#5133 = VECTOR ( 'NONE', #5975, 1000.000000000000000 ) ;
#5134 = CARTESIAN_POINT ( 'NONE',  ( -16.10100316236172802, 80.28918469861882556, 6.903511812146150284 ) ) ;
#5135 = CARTESIAN_POINT ( 'NONE',  ( -16.22899093987517816, 79.88283077829844103, 14.15551151591356671 ) ) ;
#5136 = CARTESIAN_POINT ( 'NONE',  ( 9.554832454302673028, -25.26847516733114318, 5.336530818194522574 ) ) ;
#5137 = ORIENTED_EDGE ( 'NONE', *, *, #706, .F. ) ;
#5138 =( BOUNDED_CURVE ( )  B_SPLINE_CURVE ( 3, ( #3102, #4518, #5077, #2526 ),
 .UNSPECIFIED., .F., .F. ) 
 B_SPLINE_CURVE_WITH_KNOTS ( ( 4, 4 ),
 ( 3.185225884889653081, 4.712388980384689674 ),
 .UNSPECIFIED. ) 
 CURVE ( )  GEOMETRIC_REPRESENTATION_ITEM ( )  RATIONAL_B_SPLINE_CURVE ( ( 1.000000000000000000, 0.8149093080398374100, 0.8149093080398374100, 1.000000000000000000 ) ) 
 REPRESENTATION_ITEM ( '' )  );
#5139 = B_SPLINE_CURVE_WITH_KNOTS ( 'NONE', 3,
 ( #2819, #4815, #4249, #6336, #3829, #6237, #1759, #307, #5809, #1856, #1328, #2373, #273, #3692, #748, #5245, #5713, #2757, #4750, #1230, #3205, #3269, #5214, #4782, #6269, #5281, #2726, #3306, #2237, #1791, #5909, #6370, #948, #2922, #4883, #1923, #1437, #4423, #441, #4950, #617, #5876, #1888, #6061, #5069, #5947, #1082, #3864, #5102, #2405, #3063, #5430, #581, #5606, #2586, #1116, #6439, #2551, #3373, #3096, #1959, #648, #3584, #4545, #3414, #2070 ),
 .UNSPECIFIED., .F., .F.,
 ( 4, 2, 2, 2, 2, 2, 2, 2, 2, 2, 2, 2, 2, 2, 2, 2, 2, 2, 2, 2, 2, 2, 2, 2, 2, 2, 2, 2, 2, 2, 2, 2, 4 ),
 ( 0.006190957716414061292, 0.009131749519330659842, 0.01060214542078895955, 0.01207254132224725579, 0.01795412492808044769, 0.01942452082953874740, 0.02089491673099704364, 0.02383570853391364305, 0.02971729213974683495, 0.03559887574558003032, 0.03853966754849662973, 0.04001006344995492597, 0.04148045935141322915, 0.04736204295724640717, 0.04883243885870470341, 0.05030283476016300659, 0.05324362656307959213, 0.05912521016891279096, 0.06059560607037108720, 0.06206600197182938344, 0.06500679377474598286, 0.06794758557766257534, 0.06941798147912088546, 0.07088837738057919557, 0.07676996098641239441, 0.07971075278932897301, 0.08265154459224556549, 0.08853312819807875045, 0.09147392000099532905, 0.09441471180391192153, 0.09735550360682850013, 0.09882589950828679637, 0.1002962954097450787 ),
 .UNSPECIFIED. ) ;
#5140 = CARTESIAN_POINT ( 'NONE',  ( 28.82110089920450591, 139.4901979930418179, 0.5000000000000639488 ) ) ;
#5141 = ORIENTED_EDGE ( 'NONE', *, *, #600, .F. ) ;
#5142 = CARTESIAN_POINT ( 'NONE',  ( -1.219727444046192488E-15, 15.00000000000000178, 11.00000000000000178 ) ) ;
#5143 = CARTESIAN_POINT ( 'NONE',  ( 29.12659997846674642, 138.3190421164733834, 20.05306525925530181 ) ) ;
#5144 = VERTEX_POINT ( 'NONE', #4505 ) ;
#5145 = B_SPLINE_CURVE_WITH_KNOTS ( 'NONE', 3,
 ( #4019, #1113, #674, #2100, #4512, #5569, #4542, #2648, #1080, #3062, #1555, #3582, #646, #1149, #4640, #1184 ),
 .UNSPECIFIED., .F., .F.,
 ( 4, 2, 2, 2, 2, 2, 2, 4 ),
 ( -9.918063960358799435E-06, 0.001272805251991658993, 0.002555528567943676516, 0.003196890225919704360, 0.003838251883895732203, 0.004479613541871761348, 0.004800294370859760525, 0.005120975199847760569 ),
 .UNSPECIFIED. ) ;
#5146 = DIRECTION ( 'NONE',  ( -0.5888628737284321568, 0.8082329589569411388, 0.000000000000000000 ) ) ;
#5147 = DIRECTION ( 'NONE',  ( 0.000000000000000000, 0.000000000000000000, 1.000000000000000000 ) ) ;
#5148 = CARTESIAN_POINT ( 'NONE',  ( -278.1066884401993207, 75.00000000000000000, 14.00000000000000178 ) ) ;
#5149 = CARTESIAN_POINT ( 'NONE',  ( 17.00997526639650559, 72.71369882019247655, 17.33524125392764859 ) ) ;
#5150 = VECTOR ( 'NONE', #4267, 1000.000000000000114 ) ;
#5151 = DIRECTION ( 'NONE',  ( -0.9992874795864554738, -0.03774298798120413051, 0.000000000000000000 ) ) ;
#5152 =( BOUNDED_CURVE ( )  B_SPLINE_CURVE ( 3, ( #2731, #3969, #6375, #3833 ),
 .UNSPECIFIED., .F., .T. ) 
 B_SPLINE_CURVE_WITH_KNOTS ( ( 4, 4 ),
 ( 0.4136089057638095978, 0.4158912159703627154 ),
 .UNSPECIFIED. ) 
 CURVE ( )  GEOMETRIC_REPRESENTATION_ITEM ( )  RATIONAL_B_SPLINE_CURVE ( ( 1.000000000000000000, 0.9999995659217237876, 0.9999995659217237876, 1.000000000000000000 ) ) 
 REPRESENTATION_ITEM ( '' )  );
#5153 = EDGE_CURVE ( 'NONE', #5160, #2487, #1487, .T. ) ;
#5154 = CARTESIAN_POINT ( 'NONE',  ( -7.445004465095374930E-16, 26.99999999999982236, 3.249999999999983569 ) ) ;
#5155 = CARTESIAN_POINT ( 'NONE',  ( -22.27569735221371161, 127.2298027597003056, 15.43457091895199973 ) ) ;
#5156 = CARTESIAN_POINT ( 'NONE',  ( -17.50000000000001421, 75.00000000000000000, -6.505213034913026604E-16 ) ) ;
#5157 = CARTESIAN_POINT ( 'NONE',  ( 29.94525253494726513, 20.59828128705391137, 18.06285057465079191 ) ) ;
#5158 = CARTESIAN_POINT ( 'NONE',  ( -17.68858478284407099, 125.7537241430311212, 5.702228267152118946 ) ) ;
#5159 = DIRECTION ( 'NONE',  ( -1.000000000000000000, 0.000000000000000000, 0.000000000000000000 ) ) ;
#5160 = VERTEX_POINT ( 'NONE', #5992 ) ;
#5161 = ORIENTED_EDGE ( 'NONE', *, *, #1462, .F. ) ;
#5162 = VERTEX_POINT ( 'NONE', #3463 ) ;
#5163 = DIRECTION ( 'NONE',  ( 0.5788523453879101943, 0.8154323774776884859, 0.000000000000000000 ) ) ;
#5164 = AXIS2_PLACEMENT_3D ( 'NONE', #156, #6053, #4569 ) ;
#5165 = LINE ( 'NONE', #2163, #4414 ) ;
#5166 = ADVANCED_FACE ( 'NONE', ( #991 ), #3698, .T. ) ;
#5167 = ORIENTED_EDGE ( 'NONE', *, *, #3198, .T. ) ;
#5168 = EDGE_CURVE ( 'NONE', #3005, #2933, #3404, .T. ) ;
#5169 = CARTESIAN_POINT ( 'NONE',  ( -16.48492551169907472, -21.38799142523119556, 5.444019053960996501 ) ) ;
#5170 = VERTEX_POINT ( 'NONE', #1105 ) ;
#5171 = AXIS2_PLACEMENT_3D ( 'NONE', #4626, #186, #2150 ) ;
#5172 = CARTESIAN_POINT ( 'NONE',  ( -7.445004465095374930E-16, 26.99999999999982236, 3.249999999999983569 ) ) ;
#5173 = EDGE_CURVE ( 'NONE', #943, #5384, #2092, .T. ) ;
#5174 = ORIENTED_EDGE ( 'NONE', *, *, #1231, .T. ) ;
#5175 = CARTESIAN_POINT ( 'NONE',  ( -17.74817186027531690, 125.8131772318450174, 5.500000000000171418 ) ) ;
#5176 = ADVANCED_FACE ( 'NONE', ( #6119 ), #2635, .T. ) ;
#5177 = FACE_OUTER_BOUND ( 'NONE', #1463, .T. ) ;
#5178 = ORIENTED_EDGE ( 'NONE', *, *, #4010, .F. ) ;
#5179 = AXIS2_PLACEMENT_3D ( 'NONE', #61, #2085, #3566 ) ;
#5180 = DIRECTION ( 'NONE',  ( 0.5788523453879101943, -0.8154323774776885969, 0.000000000000000000 ) ) ;
#5181 = CARTESIAN_POINT ( 'NONE',  ( 12.57435216595282768, 28.88140695337690644, 14.00000000000000178 ) ) ;
#5182 = VECTOR ( 'NONE', #3599, 1000.000000000000227 ) ;
#5183 = LINE ( 'NONE', #2698, #4761 ) ;
#5184 = DIRECTION ( 'NONE',  ( 0.03774298798119870429, -0.9992874795864556958, 0.000000000000000000 ) ) ;
#5185 = CARTESIAN_POINT ( 'NONE',  ( -7.825792614798337298E-13, -1.804112415015879378E-13, 7.000000000000000000 ) ) ;
#5186 = ADVANCED_FACE ( 'NONE', ( #3545 ), #5563, .T. ) ;
#5187 = DIRECTION ( 'NONE',  ( 1.000000000000000000, 0.000000000000000000, 0.000000000000000000 ) ) ;
#5188 = CARTESIAN_POINT ( 'NONE',  ( -17.02913421592927889, 125.0949238170624653, 14.79715426301477166 ) ) ;
#5189 = AXIS2_PLACEMENT_3D ( 'NONE', #2392, #3917, #3359 ) ;
#5190 = B_SPLINE_CURVE_WITH_KNOTS ( 'NONE', 3,
 ( #6328, #1848, #6364, #2398, #3823, #5836, #3332, #870, #4838, #906 ),
 .UNSPECIFIED., .F., .F.,
 ( 4, 2, 2, 2, 4 ),
 ( 4.524239973494010430E-15, 0.006669026353207058860, 0.01333805270640959356, 0.02000707905961208663, 0.02667610541281457970 ),
 .UNSPECIFIED. ) ;
#5191 = CARTESIAN_POINT ( 'NONE',  ( 16.19017549174722248, 25.71684289640345966, 6.518949752619917604 ) ) ;
#5192 = CARTESIAN_POINT ( 'NONE',  ( 29.57495989429445160, 139.2056271838966097, 1.106103953135560980 ) ) ;
#5193 = CARTESIAN_POINT ( 'NONE',  ( -17.73824133803189085, 125.8041231543550964, 5.565429081048003823 ) ) ;
#5194 = EDGE_CURVE ( 'NONE', #643, #4482, #1155, .T. ) ;
#5195 = FACE_BOUND ( 'NONE', #5645, .T. ) ;
#5196 = ORIENTED_EDGE ( 'NONE', *, *, #611, .F. ) ;
#5197 = VERTEX_POINT ( 'NONE', #313 ) ;
#5198 = CARTESIAN_POINT ( 'NONE',  ( -22.60957975156222588, 169.7431915108072928, 5.446817119555511510 ) ) ;
#5199 = CARTESIAN_POINT ( 'NONE',  ( 16.66616096458306373, 78.50336434187926216, 6.477269026274094621 ) ) ;
#5200 = ORIENTED_EDGE ( 'NONE', *, *, #1987, .T. ) ;
#5201 = CARTESIAN_POINT ( 'NONE',  ( -15.76947345150802171, -21.92082693226267054, 5.438154856957762462 ) ) ;
#5202 = ORIENTED_EDGE ( 'NONE', *, *, #927, .F. ) ;
#5203 = DIRECTION ( 'NONE',  ( -0.8146562665393389802, -0.5783014062182958437, 0.04361938736533609029 ) ) ;
#5204 = ORIENTED_EDGE ( 'NONE', *, *, #4618, .T. ) ;
#5205 = CARTESIAN_POINT ( 'NONE',  ( 29.85915415222492442, 18.31873108530680128, 18.27084289330359823 ) ) ;
#5206 = CARTESIAN_POINT ( 'NONE',  ( 29.60733049092950253, 138.3485797254579666, 19.75494721932140152 ) ) ;
#5207 = ORIENTED_EDGE ( 'NONE', *, *, #2212, .T. ) ;
#5208 = EDGE_CURVE ( 'NONE', #5922, #6080, #303, .T. ) ;
#5209 = ADVANCED_FACE ( 'NONE', ( #3665 ), #3732, .T. ) ;
#5210 = CARTESIAN_POINT ( 'NONE',  ( 0.000000000000000000, 27.50000000000000000, 9.000000000000000000 ) ) ;
#5211 = B_SPLINE_CURVE_WITH_KNOTS ( 'NONE', 3,
 ( #3761, #2732, #2184, #1174, #3277, #3181, #5191, #1700, #727, #2308, #4294, #818, #1734, #2703, #2795, #3150 ),
 .UNSPECIFIED., .F., .F.,
 ( 4, 2, 2, 2, 2, 2, 2, 4 ),
 ( -1.077726513897352767E-05, 0.001802424250770377290, 0.003615625766679727866, 0.005428827282589074321, 0.006335428040543745164, 0.006788728419521079284, 0.007015378609009743742, 0.007242028798498409067 ),
 .UNSPECIFIED. ) ;
#5212 = CARTESIAN_POINT ( 'NONE',  ( 29.10647805531522181, 10.11176988500844409, 0.6291576134378051854 ) ) ;
#5213 = CARTESIAN_POINT ( 'NONE',  ( -19.75301251653306167, 28.68074283664678248, 7.000000000000000000 ) ) ;
#5214 = CARTESIAN_POINT ( 'NONE',  ( -13.30281377362187634, -26.89388351241211694, 5.246191135592765953 ) ) ;
#5215 = FACE_OUTER_BOUND ( 'NONE', #5958, .T. ) ;
#5216 = DIRECTION ( 'NONE',  ( 0.000000000000000000, 0.000000000000000000, -1.000000000000000000 ) ) ;
#5217 = CARTESIAN_POINT ( 'NONE',  ( -22.27569735221396385, 22.77019724029817027, 5.565429081048003823 ) ) ;
#5218 = AXIS2_PLACEMENT_3D ( 'NONE', #2572, #6115, #5626 ) ;
#5219 = CARTESIAN_POINT ( 'NONE',  ( -22.27569735221371516, 127.2298027597003056, 5.565429081048003823 ) ) ;
#5220 = CARTESIAN_POINT ( 'NONE',  ( 30.37184558274278956, 118.1071945021696479, 3.472641227067824410 ) ) ;
#5221 = DIRECTION ( 'NONE',  ( -0.000000000000000000, 0.000000000000000000, -1.000000000000000000 ) ) ;
#5222 = CARTESIAN_POINT ( 'NONE',  ( 1.770451845801060298, 98.34395436108682986, 5.565429081048002047 ) ) ;
#5223 = ORIENTED_EDGE ( 'NONE', *, *, #611, .T. ) ;
#5224 = EDGE_LOOP ( 'NONE', ( #6159, #2680, #2844, #5912 ) ) ;
#5225 = ORIENTED_EDGE ( 'NONE', *, *, #5959, .T. ) ;
#5226 = EDGE_CURVE ( 'NONE', #1607, #4491, #3762, .T. ) ;
#5227 = CARTESIAN_POINT ( 'NONE',  ( 29.81301312646382229, 153.3795819330077279, 3.962547931219677189 ) ) ;
#5228 = DIRECTION ( 'NONE',  ( 0.000000000000000000, 0.000000000000000000, -1.000000000000000000 ) ) ;
#5229 = ORIENTED_EDGE ( 'NONE', *, *, #5943, .F. ) ;
#5230 = B_SPLINE_CURVE_WITH_KNOTS ( 'NONE', 3,
 ( #4293, #2242, #1762, #4753, #3730, #2762, #3662, #5188, #6274, #5285, #3242, #817, #726, #5324, #2702, #4689, #850, #3797, #5814, #3209 ),
 .UNSPECIFIED., .F., .F.,
 ( 4, 2, 2, 2, 2, 2, 2, 2, 2, 4 ),
 ( 1.734723475976807094E-18, 0.0002292431788415800955, 0.0004584863576831584562, 0.0009169727153663124672, 0.001833945430732675025, 0.003667890861465436352, 0.005501836292198195727, 0.006418809007564574981, 0.006877295365247752465, 0.007335781722930930816 ),
 .UNSPECIFIED. ) ;
#5231 = CARTESIAN_POINT ( 'NONE',  ( 24.65081177573862448, -11.05026902087831964, 4.997873394683555404 ) ) ;
#5232 = ORIENTED_EDGE ( 'NONE', *, *, #3928, .F. ) ;
#5233 = VERTEX_POINT ( 'NONE', #2276 ) ;
#5234 = AXIS2_PLACEMENT_3D ( 'NONE', #6311, #1407, #785 ) ;
#5235 = ADVANCED_FACE ( 'NONE', ( #852 ), #4190, .T. ) ;
#5236 = CARTESIAN_POINT ( 'NONE',  ( 12.01757228757250928, 174.2433619442579698, 5.381400495927804783 ) ) ;
#5237 = CARTESIAN_POINT ( 'NONE',  ( -15.71821012267378848, 68.48883701159094528, 14.00000000000000533 ) ) ;
#5238 = VERTEX_POINT ( 'NONE', #1735 ) ;
#5239 = DIRECTION ( 'NONE',  ( 0.000000000000000000, 0.000000000000000000, 1.000000000000000000 ) ) ;
#5240 = CARTESIAN_POINT ( 'NONE',  ( 29.50418297501012432, 115.6143032285594643, 18.50000000000000711 ) ) ;
#5241 = VERTEX_POINT ( 'NONE', #819 ) ;
#5242 = PLANE ( 'NONE',  #3138 ) ;
#5243 = CARTESIAN_POINT ( 'NONE',  ( 17.02912031398460968, 24.90508987641288385, 14.79714758686658627 ) ) ;
#5244 = CARTESIAN_POINT ( 'NONE',  ( 17.00985568025586048, 72.57261043416887958, 15.43457091895199795 ) ) ;
#5245 = CARTESIAN_POINT ( 'NONE',  ( -23.90373574965568437, -18.23341762654073150, 5.433581782071078337 ) ) ;
#5246 = ADVANCED_FACE ( 'NONE', ( #4257 ), #1346, .T. ) ;
#5247 = EDGE_CURVE ( 'NONE', #4413, #2320, #5073, .T. ) ;
#5248 = LINE ( 'NONE', #3830, #5997 ) ;
#5249 = AXIS2_PLACEMENT_3D ( 'NONE', #5951, #2859, #1476 ) ;
#5250 = CARTESIAN_POINT ( 'NONE',  ( 3.951812261119621361, 26.71047600497201913, 4.809934277904622135 ) ) ;
#5251 = CARTESIAN_POINT ( 'NONE',  ( -30.00000000000000000, 1.823570902542540395, 2.929040272465259775 ) ) ;
#5252 = AXIS2_PLACEMENT_3D ( 'NONE', #1681, #4607, #4578 ) ;
#5253 = CARTESIAN_POINT ( 'NONE',  ( 30.19288912431080973, 122.8452652768336293, 3.336418043628116337 ) ) ;
#5254 = PLANE ( 'NONE',  #5234 ) ;
#5255 = DIRECTION ( 'NONE',  ( -0.000000000000000000, -0.000000000000000000, -1.000000000000000000 ) ) ;
#5256 = ORIENTED_EDGE ( 'NONE', *, *, #3196, .T. ) ;
#5257 = EDGE_LOOP ( 'NONE', ( #5571, #2480, #3191, #6161, #2317, #3156 ) ) ;
#5258 = ORIENTED_EDGE ( 'NONE', *, *, #5776, .T. ) ;
#5259 = CARTESIAN_POINT ( 'NONE',  ( 5.393448091460814275, 179.5152968384431915, 5.044848073230618901 ) ) ;
#5260 = CARTESIAN_POINT ( 'NONE',  ( 15.59117595168156889, 81.91943035363357239, 7.000000000000000000 ) ) ;
#5261 = ORIENTED_EDGE ( 'NONE', *, *, #5928, .F. ) ;
#5262 = FACE_OUTER_BOUND ( 'NONE', #3050, .T. ) ;
#5263 = EDGE_CURVE ( 'NONE', #1607, #4477, #2987, .T. ) ;
#5264 = ORIENTED_EDGE ( 'NONE', *, *, #4686, .F. ) ;
#5265 = VECTOR ( 'NONE', #2783, 1000.000000000000000 ) ;
#5266 = AXIS2_PLACEMENT_3D ( 'NONE', #1665, #240, #3627 ) ;
#5267 = CARTESIAN_POINT ( 'NONE',  ( -1.787761629715156175, 176.9999611098773471, 5.239168575664700178 ) ) ;
#5268 = CARTESIAN_POINT ( 'NONE',  ( -29.74110442466745852, 153.9327735252650768, 21.00000000000000000 ) ) ;
#5269 = B_SPLINE_CURVE_WITH_KNOTS ( 'NONE', 3,
 ( #3413, #1991, #5908, #4916, #473, #4352, #4882, #2372, #5429, #5318, #1472, #5391, #1887, #4814, #3337, #3444, #2890, #3863, #5875, #2818 ),
 .UNSPECIFIED., .F., .F.,
 ( 4, 2, 2, 2, 2, 2, 2, 2, 2, 4 ),
 ( 3.469446951953614189E-18, 0.0002328354916375032803, 0.0004656709832750030912, 0.0009313419665500101939, 0.001862683933100022339, 0.003725367866200058557, 0.005588051799300094123, 0.006519393765850113424, 0.006985064749125127412, 0.007450735732400141399 ),
 .UNSPECIFIED. ) ;
#5270 = VERTEX_POINT ( 'NONE', #2476 ) ;
#5271 = VECTOR ( 'NONE', #4067, 1000.000000000000000 ) ;
#5272 = CARTESIAN_POINT ( 'NONE',  ( 29.85915415222525482, 131.6812689146844946, 18.27084289305723885 ) ) ;
#5273 = VECTOR ( 'NONE', #2334, 1000.000000000000114 ) ;
#5274 = EDGE_CURVE ( 'NONE', #2663, #3440, #1019, .T. ) ;
#5275 = ORIENTED_EDGE ( 'NONE', *, *, #2302, .F. ) ;
#5276 = VECTOR ( 'NONE', #1569, 1000.000000000000000 ) ;
#5277 = DIRECTION ( 'NONE',  ( -1.000000000000000000, 0.000000000000000000, 0.000000000000000000 ) ) ;
#5278 = ORIENTED_EDGE ( 'NONE', *, *, #5579, .T. ) ;
#5279 = CYLINDRICAL_SURFACE ( 'NONE', #5266, 1.499999999999996225 ) ;
#5280 = CARTESIAN_POINT ( 'NONE',  ( -21.18247562114182259, 25.30699841101860770, 6.693267748176075393 ) ) ;
#5281 = CARTESIAN_POINT ( 'NONE',  ( -9.680459785152269347, -28.46350816298047448, 5.136719698857210581 ) ) ;
#5282 = DIRECTION ( 'NONE',  ( 1.000000000000000000, 0.000000000000000000, 0.000000000000000000 ) ) ;
#5283 = CARTESIAN_POINT ( 'NONE',  ( -278.1066884401993207, 75.00000000000000000, 18.50000000000000355 ) ) ;
#5284 = DIRECTION ( 'NONE',  ( -1.000000000000000000, 0.000000000000000000, 0.000000000000000000 ) ) ;
#5285 = CARTESIAN_POINT ( 'NONE',  ( -16.19020424250692258, 124.2831844335316021, 14.48105898300345729 ) ) ;
#5286 = VECTOR ( 'NONE', #3393, 1000.000000000000000 ) ;
#5287 = DIRECTION ( 'NONE',  ( -0.000000000000000000, -0.000000000000000000, -1.000000000000000000 ) ) ;
#5288 = CARTESIAN_POINT ( 'NONE',  ( 30.37428578525702605, 118.0425874334542016, 2.553860995537233780 ) ) ;
#5289 = DIRECTION ( 'NONE',  ( 1.000000000000000000, 0.000000000000000000, 0.000000000000000000 ) ) ;
#5290 = B_SPLINE_CURVE_WITH_KNOTS ( 'NONE', 3,
 ( #1359, #1852, #3892, #5838, #1324, #945, #3859, #4811 ),
 .UNSPECIFIED., .F., .F.,
 ( 4, 2, 2, 4 ),
 ( 7.573910767901059648E-18, 0.0001994264440971600313, 0.0003988528881943125275, 0.0007977057763886182245 ),
 .UNSPECIFIED. ) ;
#5291 = DIRECTION ( 'NONE',  ( 1.000000000000000000, 0.000000000000000000, 0.000000000000000000 ) ) ;
#5292 = VERTEX_POINT ( 'NONE', #4958 ) ;
#5293 = APPLICATION_CONTEXT ( 'automotive_design' ) ;
#5294 = ORIENTED_EDGE ( 'NONE', *, *, #5326, .F. ) ;
#5295 = ORIENTED_EDGE ( 'NONE', *, *, #2807, .F. ) ;
#5296 = CIRCLE ( 'NONE', #4658, 1.649999999999999911 ) ;
#5297 = EDGE_CURVE ( 'NONE', #3440, #3735, #4653, .T. ) ;
#5298 = EDGE_CURVE ( 'NONE', #1210, #3215, #2018, .T. ) ;
#5299 = CARTESIAN_POINT ( 'NONE',  ( 3.434445758937930027, 179.8068779683909497, 5.018147393719432081 ) ) ;
#5300 = LINE ( 'NONE', #2284, #5150 ) ;
#5301 = VERTEX_POINT ( 'NONE', #1930 ) ;
#5302 = CARTESIAN_POINT ( 'NONE',  ( -0.9739307408648782971, 50.97559531952740031, 0.000000000000000000 ) ) ;
#5303 = CARTESIAN_POINT ( 'NONE',  ( 29.09790089312236461, 9.449153192549935909, 20.50000000000387956 ) ) ;
#5304 = ORIENTED_EDGE ( 'NONE', *, *, #5775, .T. ) ;
#5305 = DIRECTION ( 'NONE',  ( -0.5888628737284323789, 0.8082329589569410278, 0.000000000000000000 ) ) ;
#5306 = CARTESIAN_POINT ( 'NONE',  ( 15.59117595168156711, 81.91943035363360082, 14.00000000000000178 ) ) ;
#5307 = EDGE_CURVE ( 'NONE', #5301, #4083, #5516, .T. ) ;
#5308 = ORIENTED_EDGE ( 'NONE', *, *, #72, .T. ) ;
#5309 = CARTESIAN_POINT ( 'NONE',  ( -29.50649404246214047, 144.5808848211035240, 2.015263027388628281 ) ) ;
#5310 = VERTEX_POINT ( 'NONE', #1406 ) ;
#5311 = ORIENTED_EDGE ( 'NONE', *, *, #2520, .T. ) ;
#5312 = B_SPLINE_CURVE_WITH_KNOTS ( 'NONE', 3,
 ( #2543, #14, #1977, #2064, #5964, #4042, #42, #129, #5477, #992, #2006, #5993, #1520, #3493, #2679, #5630 ),
 .UNSPECIFIED., .F., .F.,
 ( 4, 2, 2, 2, 2, 2, 2, 4 ),
 ( 0.000000000000000000, 0.002090465332175828195, 0.004180930664351654655, 0.005226163330439573089, 0.006271395996527489788, 0.007316628662615408223, 0.007839244995659373078, 0.008361861328703337065 ),
 .UNSPECIFIED. ) ;
#5313 = EDGE_CURVE ( 'NONE', #5233, #114, #1371, .T. ) ;
#5314 = CARTESIAN_POINT ( 'NONE',  ( 2.571073631240454738, 51.65110949419593567, 13.99999999999999822 ) ) ;
#5315 = EDGE_CURVE ( 'NONE', #4477, #2769, #5437, .T. ) ;
#5316 = ORIENTED_EDGE ( 'NONE', *, *, #2494, .T. ) ;
#5317 = CARTESIAN_POINT ( 'NONE',  ( -29.29127120456754341, 143.9386060521259765, 1.842515296661544566 ) ) ;
#5318 = CARTESIAN_POINT ( 'NONE',  ( -21.42118823482345036, 24.74983658598651459, 14.40995660680477464 ) ) ;
#5319 = CARTESIAN_POINT ( 'NONE',  ( -17.01077732352909422, 72.57548586995839912, 15.45629135944719579 ) ) ;
#5320 = DIRECTION ( 'NONE',  ( -0.8074637002697747645, -0.5883024067539722735, -0.04361938736533609029 ) ) ;
#5321 = CARTESIAN_POINT ( 'NONE',  ( 29.39387691339797826, 143.9999999999992326, 1.857151321493136775 ) ) ;
#5322 = EDGE_CURVE ( 'NONE', #1806, #2718, #5498, .T. ) ;
#5323 = LINE ( 'NONE', #5358, #2328 ) ;
#5324 = CARTESIAN_POINT ( 'NONE',  ( -13.73678573377237733, 122.0842842370354902, 14.04928087040895690 ) ) ;
#5325 = CARTESIAN_POINT ( 'NONE',  ( 1.471150456955549801, 98.34210905160823302, 21.00000000000000000 ) ) ;
#5326 = EDGE_CURVE ( 'NONE', #137, #3397, #320, .T. ) ;
#5327 = DIRECTION ( 'NONE',  ( -0.000000000000000000, -0.000000000000000000, 1.000000000000000000 ) ) ;
#5328 = CARTESIAN_POINT ( 'NONE',  ( -48.80872242859231847, 34.64792940963697276, 15.50000000000000178 ) ) ;
#5329 = CARTESIAN_POINT ( 'NONE',  ( -16.96163847837711103, 72.50643079628419230, 5.565429081048004711 ) ) ;
#5330 = ORIENTED_EDGE ( 'NONE', *, *, #5313, .F. ) ;
#5331 = ORIENTED_EDGE ( 'NONE', *, *, #1994, .F. ) ;
#5332 = VERTEX_POINT ( 'NONE', #1895 ) ;
#5333 =( BOUNDED_CURVE ( )  B_SPLINE_CURVE ( 3, ( #5321, #2955, #1962, #6407 ),
 .UNSPECIFIED., .F., .T. ) 
 B_SPLINE_CURVE_WITH_KNOTS ( ( 4, 4 ),
 ( 4.981152050516749696, 5.007263269572707287 ),
 .UNSPECIFIED. ) 
 CURVE ( )  GEOMETRIC_REPRESENTATION_ITEM ( )  RATIONAL_B_SPLINE_CURVE ( ( 1.000000000000000000, 0.9999431844936363944, 0.9999431844936363944, 1.000000000000000000 ) ) 
 REPRESENTATION_ITEM ( '' )  );
#5334 = CIRCLE ( 'NONE', #5746, 1.650000000000000133 ) ;
#5335 = CARTESIAN_POINT ( 'NONE',  ( 1.770451845801053414, 51.65604563891329803, 5.565429081048003823 ) ) ;
#5336 = CARTESIAN_POINT ( 'NONE',  ( -3.924152423659585054, 179.8081617933872565, 5.018776060086343804 ) ) ;
#5337 = CARTESIAN_POINT ( 'NONE',  ( 29.37459655988123686, 27.55554737066993454, 18.63766283245423239 ) ) ;
#5338 = VERTEX_POINT ( 'NONE', #4822 ) ;
#5339 = CARTESIAN_POINT ( 'NONE',  ( 16.03466805310923604, 75.70332215241711538, 0.000000000000000000 ) ) ;
#5340 = DIRECTION ( 'NONE',  ( -1.000000000000000000, 0.000000000000000000, 0.000000000000000000 ) ) ;
#5341 = EDGE_CURVE ( 'NONE', #496, #5668, #4024, .T. ) ;
#5342 = EDGE_CURVE ( 'NONE', #4142, #3589, #3239, .T. ) ;
#5343 = EDGE_LOOP ( 'NONE', ( #6211, #3326, #6333, #4330 ) ) ;
#5344 = CARTESIAN_POINT ( 'NONE',  ( 2.225376092560512387, 176.9117762519309167, 5.244835349758159460 ) ) ;
#5345 = DIRECTION ( 'NONE',  ( 0.5888628737284321568, -0.8082329589569411388, 0.000000000000000000 ) ) ;
#5346 = EDGE_LOOP ( 'NONE', ( #1961, #6296 ) ) ;
#5347 = AXIS2_PLACEMENT_3D ( 'NONE', #1198, #3176, #5184 ) ;
#5348 = LINE ( 'NONE', #1952, #1200 ) ;
#5349 = ORIENTED_EDGE ( 'NONE', *, *, #5009, .F. ) ;
#5350 = AXIS2_PLACEMENT_3D ( 'NONE', #5351, #5804, #402 ) ;
#5351 = CARTESIAN_POINT ( 'NONE',  ( 21.99286971539128999, 74.99999999999995737, 3.500000000000002220 ) ) ;
#5352 = CARTESIAN_POINT ( 'NONE',  ( -278.1066884401993207, 75.00000000000000000, 14.00000000000000178 ) ) ;
#5353 = DIRECTION ( 'NONE',  ( -1.000000000000000000, 0.000000000000000000, 0.000000000000000000 ) ) ;
#5354 = CARTESIAN_POINT ( 'NONE',  ( -6.457619259007282781E-15, 56.65273585600793638, 14.00000000000000178 ) ) ;
#5355 = FACE_OUTER_BOUND ( 'NONE', #871, .T. ) ;
#5356 = EDGE_CURVE ( 'NONE', #4482, #4384, #5609, .T. ) ;
#5357 = DIRECTION ( 'NONE',  ( 1.000000000000000000, 0.000000000000000000, 0.000000000000000000 ) ) ;
#5358 = CARTESIAN_POINT ( 'NONE',  ( -20.10000000000000142, 2.461540066286179870E-15, 11.00000000000000178 ) ) ;
#5359 = CARTESIAN_POINT ( 'NONE',  ( 16.10100316236173867, 69.71081530138124549, 14.09648818785384883 ) ) ;
#5360 = DIRECTION ( 'NONE',  ( -1.000000000000000000, 0.000000000000000000, 0.000000000000000000 ) ) ;
#5361 = CARTESIAN_POINT ( 'NONE',  ( 29.48670900398765227, 141.5421674119617137, 0.6032191424517321376 ) ) ;
#5362 = CARTESIAN_POINT ( 'NONE',  ( 20.70522974163785435, 123.5737462391606698, 6.854186045445816333 ) ) ;
#5363 = CARTESIAN_POINT ( 'NONE',  ( 27.11237690186296945, 12.00000000000027001, -4.848416590083613563E-15 ) ) ;
#5364 = EDGE_LOOP ( 'NONE', ( #2809, #3838, #829, #5933 ) ) ;
#5365 = ORIENTED_EDGE ( 'NONE', *, *, #6138, .T. ) ;
#5366 = ORIENTED_EDGE ( 'NONE', *, *, #2529, .F. ) ;
#5367 = EDGE_CURVE ( 'NONE', #1916, #1210, #4592, .T. ) ;
#5368 = AXIS2_PLACEMENT_3D ( 'NONE', #2, #6342, #2824 ) ;
#5369 = DIRECTION ( 'NONE',  ( 1.000000000000000000, 0.000000000000000000, 0.000000000000000000 ) ) ;
#5370 = LINE ( 'NONE', #4439, #2290 ) ;
#5371 = CARTESIAN_POINT ( 'NONE',  ( 16.98942307068381297, 77.49113747786498152, 15.22702757036207188 ) ) ;
#5372 = CARTESIAN_POINT ( 'NONE',  ( -22.27915728199868184, 127.2396118831975969, 15.49999999999940314 ) ) ;
#5373 = ORIENTED_EDGE ( 'NONE', *, *, #5072, .F. ) ;
#5374 = CARTESIAN_POINT ( 'NONE',  ( -25.60679882326236978, -8.606355006606090541, 4.734508356344070634 ) ) ;
#5375 = CARTESIAN_POINT ( 'NONE',  ( 15.83827400582784861, 75.84641104997274397, 15.43457091895199618 ) ) ;
#5376 = ORIENTED_EDGE ( 'NONE', *, *, #409, .T. ) ;
#5377 =( BOUNDED_CURVE ( )  B_SPLINE_CURVE ( 3, ( #4470, #37, #2003, #932 ),
 .UNSPECIFIED., .F., .T. ) 
 B_SPLINE_CURVE_WITH_KNOTS ( ( 4, 4 ),
 ( 5.867294091209222628, 5.869576401415776523 ),
 .UNSPECIFIED. ) 
 CURVE ( )  GEOMETRIC_REPRESENTATION_ITEM ( )  RATIONAL_B_SPLINE_CURVE ( ( 1.000000000000000000, 0.9999995659217237876, 0.9999995659217237876, 1.000000000000000000 ) ) 
 REPRESENTATION_ITEM ( '' )  );
#5378 = CARTESIAN_POINT ( 'NONE',  ( -26.11376373783007665, 156.9172852998494818, 4.516651181359498501 ) ) ;
#5379 = EDGE_CURVE ( 'NONE', #106, #2316, #3292, .T. ) ;
#5380 = DIRECTION ( 'NONE',  ( 0.5788523453879101943, -0.8154323774776885969, 0.000000000000000000 ) ) ;
#5381 = EDGE_LOOP ( 'NONE', ( #111, #1646, #5071, #2582 ) ) ;
#5382 = AXIS2_PLACEMENT_3D ( 'NONE', #1144, #3122, #1645 ) ;
#5383 = CARTESIAN_POINT ( 'NONE',  ( -29.46253038336486796, 144.3456553993012506, 2.129961647878181985 ) ) ;
#5384 = VERTEX_POINT ( 'NONE', #3110 ) ;
#5385 = AXIS2_PLACEMENT_3D ( 'NONE', #3980, #1517, #3490 ) ;
#5386 = EDGE_CURVE ( 'NONE', #3299, #3737, #4002, .T. ) ;
#5387 = EDGE_CURVE ( 'NONE', #3924, #4962, #3598, .T. ) ;
#5388 = AXIS2_PLACEMENT_3D ( 'NONE', #1880, #2365, #4876 ) ;
#5389 = ORIENTED_EDGE ( 'NONE', *, *, #1202, .T. ) ;
#5390 = DIRECTION ( 'NONE',  ( 0.000000000000000000, 0.000000000000000000, 1.000000000000000000 ) ) ;
#5391 = CARTESIAN_POINT ( 'NONE',  ( -20.70522974163811725, 26.42625376083788424, 14.14581395455419077 ) ) ;
#5393 = DIRECTION ( 'NONE',  ( 1.000000000000000000, 0.000000000000000000, 0.000000000000000000 ) ) ;
#5392 = B_SPLINE_CURVE_WITH_KNOTS ( 'NONE', 3,
 ( #940, #5483, #5867, #996, #5515, #2396 ),
 .UNSPECIFIED., .F., .F.,
 ( 4, 2, 4 ),
 ( 3.469446951953613804E-18, 0.001637310683667095703, 0.003274621367334187936 ),
 .UNSPECIFIED. ) ;
#5394 = LINE ( 'NONE', #2729, #5037 ) ;
#5395 = AXIS2_PLACEMENT_3D ( 'NONE', #3792, #846, #2855 ) ;
#5396 = ORIENTED_EDGE ( 'NONE', *, *, #5342, .T. ) ;
#5397 = CARTESIAN_POINT ( 'NONE',  ( -17.00985568025588179, 72.57261043416890800, 5.565429081048004711 ) ) ;
#5398 = CARTESIAN_POINT ( 'NONE',  ( 29.41395949738264193, 6.531708690993045074, 20.00637638164106136 ) ) ;
#5399 = CARTESIAN_POINT ( 'NONE',  ( 26.89359816955226279, 12.00000000000026112, 0.000000000000000000 ) ) ;
#5400 = AXIS2_PLACEMENT_3D ( 'NONE', #4902, #6287, #3358 ) ;
#5401 = CARTESIAN_POINT ( 'NONE',  ( 44.02060525217950726, 31.24898066279909514, 14.00000000000000178 ) ) ;
#5402 = EDGE_CURVE ( 'NONE', #1801, #540, #3502, .T. ) ;
#5403 = CARTESIAN_POINT ( 'NONE',  ( -17.56543302670555917, 24.37068804652270160, 15.14865124737087143 ) ) ;
#5404 = CARTESIAN_POINT ( 'NONE',  ( -27.00000000000000000, 150.0000000000000000, 8.000000000000001776 ) ) ;
#5405 = VECTOR ( 'NONE', #3418, 1000.000000000000000 ) ;
#5406 = DIRECTION ( 'NONE',  ( -0.000000000000000000, -0.000000000000000000, 1.000000000000000000 ) ) ;
#5407 = ORIENTED_EDGE ( 'NONE', *, *, #5456, .F. ) ;
#5408 = ORIENTED_EDGE ( 'NONE', *, *, #3196, .F. ) ;
#5409 = VECTOR ( 'NONE', #1123, 1000.000000000000000 ) ;
#5410 = ORIENTED_EDGE ( 'NONE', *, *, #3636, .F. ) ;
#5411 = CARTESIAN_POINT ( 'NONE',  ( 0.000000000000000000, 0.000000000000000000, 21.00000000000000000 ) ) ;
#5412 = CARTESIAN_POINT ( 'NONE',  ( -29.01659833844191994, 157.6809972139133151, 4.619629699021280622 ) ) ;
#5413 = CARTESIAN_POINT ( 'NONE',  ( 29.70774787492440794, 14.31008192079017149, 2.214258262368443919 ) ) ;
#5414 = DIRECTION ( 'NONE',  ( -0.000000000000000000, -0.000000000000000000, -1.000000000000000000 ) ) ;
#5415 = ORIENTED_EDGE ( 'NONE', *, *, #4841, .F. ) ;
#5416 = CARTESIAN_POINT ( 'NONE',  ( 0.000000000000000000, 27.50000000000000000, 3.249999999999998668 ) ) ;
#5417 = CARTESIAN_POINT ( 'NONE',  ( 0.9739307408648785191, 50.97559531952740031, 21.00000000000000000 ) ) ;
#5418 = CIRCLE ( 'NONE', #4870, 31.50000000000015987 ) ;
#5419 = ORIENTED_EDGE ( 'NONE', *, *, #5009, .T. ) ;
#5420 = DIRECTION ( 'NONE',  ( -1.000000000000000000, 0.000000000000000000, 0.000000000000000000 ) ) ;
#5421 = CARTESIAN_POINT ( 'NONE',  ( -17.00779500779309927, 72.98242804830884722, 0.000000000000000000 ) ) ;
#5422 = ORIENTED_EDGE ( 'NONE', *, *, #4276, .F. ) ;
#5423 = DIRECTION ( 'NONE',  ( 0.000000000000000000, 0.000000000000000000, -1.000000000000000000 ) ) ;
#5424 = VERTEX_POINT ( 'NONE', #89 ) ;
#5425 = ORIENTED_EDGE ( 'NONE', *, *, #5168, .F. ) ;
#5426 = CARTESIAN_POINT ( 'NONE',  ( 12.57435216595293603, 121.1185930466224505, 7.000000000000000000 ) ) ;
#5427 = ORIENTED_EDGE ( 'NONE', *, *, #1353, .T. ) ;
#5428 = CARTESIAN_POINT ( 'NONE',  ( -27.10305771279270459, 139.4052904215818955, 0.4726212081454412850 ) ) ;
#5429 = CARTESIAN_POINT ( 'NONE',  ( -21.77209955190355473, 23.93450235511845747, 14.64325453958666401 ) ) ;
#5430 = CARTESIAN_POINT ( 'NONE',  ( 23.86606223753582512, -18.20433412264054596, 5.422497847065200993 ) ) ;
#5431 = EDGE_CURVE ( 'NONE', #3201, #2074, #2363, .T. ) ;
#5432 = EDGE_CURVE ( 'NONE', #5332, #293, #4178, .T. ) ;
#5433 = CARTESIAN_POINT ( 'NONE',  ( 29.95988935528913188, 147.9915799380488295, 21.00000000000001421 ) ) ;
#5434 = FACE_BOUND ( 'NONE', #4342, .T. ) ;
#5435 = FACE_OUTER_BOUND ( 'NONE', #3619, .T. ) ;
#5436 = CARTESIAN_POINT ( 'NONE',  ( 29.39387691339797470, 143.9999999999992326, 20.05377575365950094 ) ) ;
#5437 = LINE ( 'NONE', #416, #5510 ) ;
#5438 = FACE_BOUND ( 'NONE', #4944, .T. ) ;
#5439 = AXIS2_PLACEMENT_3D ( 'NONE', #6410, #1404, #2896 ) ;
#5440 = CARTESIAN_POINT ( 'NONE',  ( -17.00779500779312059, 77.01757195169139436, 20.99999999999951328 ) ) ;
#5441 = ORIENTED_EDGE ( 'NONE', *, *, #410, .T. ) ;
#5442 = CYLINDRICAL_SURFACE ( 'NONE', #3491, 1.650000000000000355 ) ;
#5443 = FACE_OUTER_BOUND ( 'NONE', #5676, .T. ) ;
#5444 = CARTESIAN_POINT ( 'NONE',  ( 17.96160490080953664, 125.9697933496531590, 17.40977562557504399 ) ) ;
#5445 = DIRECTION ( 'NONE',  ( 0.8074637002697746535, -0.5883024067539724955, -0.04361938736533609723 ) ) ;
#5446 = DIRECTION ( 'NONE',  ( 0.000000000000000000, -0.000000000000000000, 1.000000000000000000 ) ) ;
#5447 = FACE_OUTER_BOUND ( 'NONE', #4695, .T. ) ;
#5448 = ORIENTED_EDGE ( 'NONE', *, *, #6324, .T. ) ;
#5449 = DIRECTION ( 'NONE',  ( -0.8154323774776789380, -0.5788523453879236280, 0.000000000000000000 ) ) ;
#5450 = DIRECTION ( 'NONE',  ( -0.5888628737284323789, 0.8082329589569410278, 0.000000000000000000 ) ) ;
#5451 = AXIS2_PLACEMENT_3D ( 'NONE', #523, #462, #4976 ) ;
#5452 = ORIENTED_EDGE ( 'NONE', *, *, #243, .F. ) ;
#5453 = CARTESIAN_POINT ( 'NONE',  ( -3.673940397442060756E-15, 150.0000000000000000, 14.00000000000000178 ) ) ;
#5454 = ORIENTED_EDGE ( 'NONE', *, *, #4274, .T. ) ;
#5455 = VERTEX_POINT ( 'NONE', #2534 ) ;
#5456 = EDGE_CURVE ( 'NONE', #2552, #2128, #5418, .T. ) ;
#5457 = B_SPLINE_CURVE_WITH_KNOTS ( 'NONE', 3,
 ( #5048, #598, #2567, #4562, #121, #2086, #1598, #3567, #336, #1364, #6302, #1262, #4714, #5773, #5843, #3757, #371, #2854, #5742, #4215 ),
 .UNSPECIFIED., .F., .F.,
 ( 4, 2, 2, 2, 2, 2, 2, 2, 2, 4 ),
 ( 0.000000000000000000, 0.0002328354916374936038, 0.0004656709832749872076, 0.0009313419665500434789, 0.001862683933100082187, 0.003725367866200157436, 0.005588051799300233768, 0.006519393765850269550, 0.006985064749125268792, 0.007450735732400267167 ),
 .UNSPECIFIED. ) ;
#5458 = CARTESIAN_POINT ( 'NONE',  ( 16.19017549174732906, 124.2831571035957552, 6.518949752619917604 ) ) ;
#5459 = AXIS2_PLACEMENT_3D ( 'NONE', #876, #3338, #3724 ) ;
#5460 = CARTESIAN_POINT ( 'NONE',  ( -17.00883327770663200, 72.84806301350415936, 1.831425048599419014 ) ) ;
#5461 = DIRECTION ( 'NONE',  ( -0.000000000000000000, -0.000000000000000000, -1.000000000000000000 ) ) ;
#5462 = DIRECTION ( 'NONE',  ( 1.000000000000000000, 0.000000000000000000, 0.000000000000000000 ) ) ;
#5463 = AXIS2_PLACEMENT_3D ( 'NONE', #6265, #3264, #5277 ) ;
#5464 = DIRECTION ( 'NONE',  ( -1.000000000000000000, 0.000000000000000000, 0.000000000000000000 ) ) ;
#5465 = CARTESIAN_POINT ( 'NONE',  ( 17.00523522941574939, 72.55819508487385860, 15.32568038565758961 ) ) ;
#5466 = EDGE_CURVE ( 'NONE', #2777, #1154, #1544, .T. ) ;
#5467 = EDGE_CURVE ( 'NONE', #5893, #2079, #3967, .T. ) ;
#5468 = CARTESIAN_POINT ( 'NONE',  ( -14.42223251512259630, 27.32645507961965947, 14.11972101120143286 ) ) ;
#5469 = CARTESIAN_POINT ( 'NONE',  ( 29.39387691339797470, 6.000000000000786926, 2.500000000000002220 ) ) ;
#5470 = ORIENTED_EDGE ( 'NONE', *, *, #5173, .T. ) ;
#5471 = CARTESIAN_POINT ( 'NONE',  ( 22.05131924787930942, 131.4601967955704254, 0.000000000000000000 ) ) ;
#5472 = CARTESIAN_POINT ( 'NONE',  ( 30.98645703166939569, 75.33968689183073764, 18.50000000000000355 ) ) ;
#5473 = EDGE_CURVE ( 'NONE', #1920, #4867, #5527, .T. ) ;
#5474 = CARTESIAN_POINT ( 'NONE',  ( 278.1066884401993207, 74.99999999999994316, 5.500000000000003553 ) ) ;
#5475 = EDGE_CURVE ( 'NONE', #2611, #4202, #615, .T. ) ;
#5476 = CARTESIAN_POINT ( 'NONE',  ( 17.00985568025587824, 77.42738956583121990, 15.43457091895199795 ) ) ;
#5477 = CARTESIAN_POINT ( 'NONE',  ( -27.09796067273259013, 10.60182941690832337, 0.4702869386632910764 ) ) ;
#5478 = CARTESIAN_POINT ( 'NONE',  ( 20.46681754848367518, 26.98803072627713817, 14.09086755786139200 ) ) ;
#5479 = ORIENTED_EDGE ( 'NONE', *, *, #1301, .T. ) ;
#5480 = ORIENTED_EDGE ( 'NONE', *, *, #2947, .F. ) ;
#5481 = TOROIDAL_SURFACE ( 'NONE', #6098, 262.6066884401992638, 1.500000000000000000 ) ;
#5482 = DIRECTION ( 'NONE',  ( -1.000000000000000000, 0.000000000000000000, 0.000000000000000000 ) ) ;
#5483 = CARTESIAN_POINT ( 'NONE',  ( 29.49667626852557945, 8.721726974551708977, 19.81722697059292670 ) ) ;
#5484 = ORIENTED_EDGE ( 'NONE', *, *, #930, .T. ) ;
#5485 = EDGE_CURVE ( 'NONE', #4867, #4928, #4623, .T. ) ;
#5486 = VECTOR ( 'NONE', #4899, 1000.000000000000227 ) ;
#5487 = DIRECTION ( 'NONE',  ( 1.000000000000000000, -8.893058646255064722E-15, 0.000000000000000000 ) ) ;
#5488 = ORIENTED_EDGE ( 'NONE', *, *, #1684, .T. ) ;
#5489 = CARTESIAN_POINT ( 'NONE',  ( 17.56542928847983376, 125.6293081863365586, 5.851352401651761959 ) ) ;
#5490 = CARTESIAN_POINT ( 'NONE',  ( -17.74236018148318905, 125.8083054323757040, 5.543951833783239636 ) ) ;
#5491 = CARTESIAN_POINT ( 'NONE',  ( 28.84037691363148781, 141.7396937417748859, 20.81409165536522821 ) ) ;
#5492 = ORIENTED_EDGE ( 'NONE', *, *, #4348, .F. ) ;
#5493 = AXIS2_PLACEMENT_3D ( 'NONE', #1526, #5006, #4943 ) ;
#5494 = CARTESIAN_POINT ( 'NONE',  ( 26.83582118295844410, 153.4553394550000291, 3.990013902607867369 ) ) ;
#5495 = VECTOR ( 'NONE', #4755, 1000.000000000000000 ) ;
#5496 = DIRECTION ( 'NONE',  ( 0.5788523453879270697, 0.8154323774776766065, 0.000000000000000000 ) ) ;
#5497 = DIRECTION ( 'NONE',  ( -0.5788523453879101943, 0.8154323774776885969, 3.466138530372890970E-18 ) ) ;
#5498 = LINE ( 'NONE', #981, #2674 ) ;
#5499 = CARTESIAN_POINT ( 'NONE',  ( 17.73824133803189440, 125.8041231543550964, 15.43457091895199973 ) ) ;
#5500 = CARTESIAN_POINT ( 'NONE',  ( 29.21590657047203266, 6.817251916914983667, 20.60825787119753727 ) ) ;
#5501 = ORIENTED_EDGE ( 'NONE', *, *, #3777, .T. ) ;
#5502 = AXIS2_PLACEMENT_3D ( 'NONE', #6238, #5320, #2271 ) ;
#5503 = DIRECTION ( 'NONE',  ( 0.000000000000000000, 0.000000000000000000, 1.000000000000000000 ) ) ;
#5504 = DIRECTION ( 'NONE',  ( 0.000000000000000000, 0.000000000000000000, 1.000000000000000000 ) ) ;
#5505 = CARTESIAN_POINT ( 'NONE',  ( 28.82110089920449525, 10.50980200695835443, 0.5000000000000830447 ) ) ;
#5506 = LINE ( 'NONE', #2967, #104 ) ;
#5507 = CARTESIAN_POINT ( 'NONE',  ( -17.01077732352909422, 77.42451413004171457, 5.543708640552810429 ) ) ;
#5508 = FACE_OUTER_BOUND ( 'NONE', #4544, .T. ) ;
#5509 = EDGE_LOOP ( 'NONE', ( #3612, #1611, #3960, #1872, #3387 ) ) ;
#5510 = VECTOR ( 'NONE', #3422, 1000.000000000000000 ) ;
#5511 = ADVANCED_FACE ( 'NONE', ( #1597 ), #5584, .F. ) ;
#5512 = EDGE_CURVE ( 'NONE', #2996, #704, #2599, .T. ) ;
#5513 = CIRCLE ( 'NONE', #2676, 251.4923101625378763 ) ;
#5514 = FACE_OUTER_BOUND ( 'NONE', #7, .T. ) ;
#5515 = CARTESIAN_POINT ( 'NONE',  ( 29.41458780147651808, 6.548343738930868518, 20.00594744473050923 ) ) ;
#5516 = CIRCLE ( 'NONE', #2684, 1.650000000000003242 ) ;
#5517 = ORIENTED_EDGE ( 'NONE', *, *, #56, .T. ) ;
#5518 = CARTESIAN_POINT ( 'NONE',  ( 28.82110089920449525, 10.50980200695835443, 0.5000000000000830447 ) ) ;
#5519 = ORIENTED_EDGE ( 'NONE', *, *, #6426, .F. ) ;
#5520 = EDGE_CURVE ( 'NONE', #4261, #5611, #999, .T. ) ;
#5521 = CARTESIAN_POINT ( 'NONE',  ( 278.1066884401993207, 74.99999999999994316, 15.50000000000000355 ) ) ;
#5522 = CARTESIAN_POINT ( 'NONE',  ( 22.27915728199900158, 22.76038811680086837, 5.500000000002280842 ) ) ;
#5523 = ORIENTED_EDGE ( 'NONE', *, *, #1656, .T. ) ;
#5524 = FACE_OUTER_BOUND ( 'NONE', #4065, .T. ) ;
#5525 = DIRECTION ( 'NONE',  ( 0.5888628737284321568, 0.8082329589569411388, -0.000000000000000000 ) ) ;
#5526 = CARTESIAN_POINT ( 'NONE',  ( 1.530808498934189352E-14, 150.0000000000009948, 15.66690475583125419 ) ) ;
#5527 = LINE ( 'NONE', #3538, #3188 ) ;
#5528 = CARTESIAN_POINT ( 'NONE',  ( 14.87349643565096180, 123.0727759468224320, 14.18791993000842311 ) ) ;
#5529 = CARTESIAN_POINT ( 'NONE',  ( 29.32454031172916231, 6.330935849449569552, 20.39970151632651962 ) ) ;
#5530 = ORIENTED_EDGE ( 'NONE', *, *, #4954, .T. ) ;
#5531 = ADVANCED_FACE ( 'NONE', ( #2789 ), #4341, .F. ) ;
#5532 = PRODUCT_CONTEXT ( 'NONE', #1992, 'mechanical' ) ;
#5533 = CARTESIAN_POINT ( 'NONE',  ( -4.330143261882131397E-15, 93.34726414399220573, 7.000000000000000000 ) ) ;
#5534 = CARTESIAN_POINT ( 'NONE',  ( 20.61437827766035724, 75.00000000000007105, 20.50000000000387956 ) ) ;
#5535 = CARTESIAN_POINT ( 'NONE',  ( -29.43204983462685931, 144.1898607182760372, 18.76713399906990176 ) ) ;
#5536 = CARTESIAN_POINT ( 'NONE',  ( -1.734723475976807094E-15, 11.00000000000000178, 8.000000000000001776 ) ) ;
#5537 = LINE ( 'NONE', #2065, #3512 ) ;
#5538 = ORIENTED_EDGE ( 'NONE', *, *, #6425, .F. ) ;
#5539 = ORIENTED_EDGE ( 'NONE', *, *, #1367, .F. ) ;
#5540 = ORIENTED_EDGE ( 'NONE', *, *, #5871, .F. ) ;
#5541 = DIRECTION ( 'NONE',  ( -0.5888628737284323789, 0.8082329589569410278, 0.000000000000000000 ) ) ;
#5542 = CYLINDRICAL_SURFACE ( 'NONE', #5252, 1.499999999999999778 ) ;
#5543 = EDGE_CURVE ( 'NONE', #167, #3529, #2260, .T. ) ;
#5544 = EDGE_LOOP ( 'NONE', ( #139, #1522, #1971, #4895 ) ) ;
#5545 = EDGE_CURVE ( 'NONE', #2088, #3522, #1114, .T. ) ;
#5546 = VERTEX_POINT ( 'NONE', #4781 ) ;
#5547 = VECTOR ( 'NONE', #4864, 1000.000000000000000 ) ;
#5548 = DIRECTION ( 'NONE',  ( -0.5888628737284321568, 0.8082329589569411388, 0.000000000000000000 ) ) ;
#5549 = CARTESIAN_POINT ( 'NONE',  ( 17.74236018148305050, 24.19169456762347181, 15.45604816621676569 ) ) ;
#5550 = VERTEX_POINT ( 'NONE', #2269 ) ;
#5551 = DIRECTION ( 'NONE',  ( -0.000000000000000000, -0.000000000000000000, -1.000000000000000000 ) ) ;
#5552 = DIRECTION ( 'NONE',  ( -0.000000000000000000, -0.000000000000000000, 1.000000000000000000 ) ) ;
#5553 = DIRECTION ( 'NONE',  ( 0.000000000000000000, 0.000000000000000000, -1.000000000000000000 ) ) ;
#5554 = CARTESIAN_POINT ( 'NONE',  ( -1.734723475976807094E-15, 11.00000000000000178, 8.000000000000001776 ) ) ;
#5555 = DIRECTION ( 'NONE',  ( 0.5888628737284321568, 0.8082329589569411388, -2.427950995527627963E-18 ) ) ;
#5556 = EDGE_CURVE ( 'NONE', #2370, #1339, #1137, .T. ) ;
#5557 = LINE ( 'NONE', #3424, #4963 ) ;
#5558 = AXIS2_PLACEMENT_3D ( 'NONE', #3934, #1587, #5393 ) ;
#5559 = VERTEX_POINT ( 'NONE', #5772 ) ;
#5560 = CARTESIAN_POINT ( 'NONE',  ( 22.27569735221393543, 22.77019724029821290, 15.43457091895199795 ) ) ;
#5561 = DIRECTION ( 'NONE',  ( -0.5888628737284323789, 0.8082329589569410278, 0.000000000000000000 ) ) ;
#5562 = CARTESIAN_POINT ( 'NONE',  ( -15.22159531471674754, 75.00000000000005684, 15.43457091895199618 ) ) ;
#5563 = PLANE ( 'NONE',  #6232 ) ;
#5564 = EDGE_CURVE ( 'NONE', #333, #5455, #414, .T. ) ;
#5565 = DIRECTION ( 'NONE',  ( 0.000000000000000000, 0.000000000000000000, -1.000000000000000000 ) ) ;
#5566 = DIRECTION ( 'NONE',  ( 0.8146562665393508595, 0.5783014062182789683, 0.04361938736533609029 ) ) ;
#5567 = VERTEX_POINT ( 'NONE', #4682 ) ;
#5568 = CARTESIAN_POINT ( 'NONE',  ( -26.96321148753029107, 19.64487345577360244, 15.50000000000000178 ) ) ;
#5569 = CARTESIAN_POINT ( 'NONE',  ( 16.41844321052944622, 70.71630151631943306, 6.714824230678658523 ) ) ;
#5570 = CYLINDRICAL_SURFACE ( 'NONE', #4598, 26.99999999999999645 ) ;
#5571 = ORIENTED_EDGE ( 'NONE', *, *, #1386, .T. ) ;
#5572 = AXIS2_PLACEMENT_3D ( 'NONE', #205, #4613, #2137 ) ;
#5573 = CYLINDRICAL_SURFACE ( 'NONE', #5572, 1.650000000000015010 ) ;
#5574 = AXIS2_PLACEMENT_3D ( 'NONE', #5474, #990, #2421 ) ;
#5575 = ORIENTED_EDGE ( 'NONE', *, *, #513, .F. ) ;
#5576 = CARTESIAN_POINT ( 'NONE',  ( 0.000000000000000000, 27.50000000000000000, 3.249999999999998668 ) ) ;
#5577 = DIRECTION ( 'NONE',  ( -0.5788523453879270697, 0.8154323774776766065, 0.000000000000000000 ) ) ;
#5578 = EDGE_LOOP ( 'NONE', ( #5178, #5484, #3163, #2593, #586 ) ) ;
#5579 = EDGE_CURVE ( 'NONE', #6196, #3735, #1219, .T. ) ;
#5580 = EDGE_CURVE ( 'NONE', #3548, #2971, #1443, .T. ) ;
#5581 = CARTESIAN_POINT ( 'NONE',  ( 29.39313292473998374, 144.0196979251146558, 19.99820572810438435 ) ) ;
#5582 = CARTESIAN_POINT ( 'NONE',  ( -16.82095946235007133, 25.10871025011428159, 6.289291362664426011 ) ) ;
#5583 = CARTESIAN_POINT ( 'NONE',  ( -17.01122097318217996, 77.42066445156348209, 5.499999999998727240 ) ) ;
#5584 = CYLINDRICAL_SURFACE ( 'NONE', #5711, 1.499999999999998446 ) ;
#5585 = CARTESIAN_POINT ( 'NONE',  ( -3.673940397442060756E-15, 150.0000000000000000, 21.00000000000000000 ) ) ;
#5586 = FACE_OUTER_BOUND ( 'NONE', #259, .T. ) ;
#5587 = EDGE_LOOP ( 'NONE', ( #6280, #2459, #2878, #5425, #5538 ) ) ;
#5588 = CIRCLE ( 'NONE', #4842, 260.6066884401993207 ) ;
#5589 = AXIS2_PLACEMENT_3D ( 'NONE', #5627, #6022, #1673 ) ;
#5590 = EDGE_CURVE ( 'NONE', #5567, #5787, #2080, .T. ) ;
#5591 = CARTESIAN_POINT ( 'NONE',  ( 19.51661539667222911, 29.24579869704621160, 7.000000000000000000 ) ) ;
#5592 = CARTESIAN_POINT ( 'NONE',  ( 29.65792286330988148, 12.99090946148581160, 2.036171340835868815 ) ) ;
#5593 = CARTESIAN_POINT ( 'NONE',  ( 30.19515522805884800, 122.7852676660460673, 3.338655315908215293 ) ) ;
#5594 = CARTESIAN_POINT ( 'NONE',  ( 30.46434850550577167, 34.34192300247121210, 17.49999999985258725 ) ) ;
#5595 = CARTESIAN_POINT ( 'NONE',  ( -1.172074188397386862, 50.83493889908672969, 15.43457091895199795 ) ) ;
#5596 = DIRECTION ( 'NONE',  ( 0.5888628737284323789, 0.8082329589569410278, 0.000000000000000000 ) ) ;
#5597 = CARTESIAN_POINT ( 'NONE',  ( 22.27569735221393543, 22.77019724029821290, 15.43457091895199795 ) ) ;
#5598 = ORIENTED_EDGE ( 'NONE', *, *, #4996, .T. ) ;
#5599 = ORIENTED_EDGE ( 'NONE', *, *, #635, .F. ) ;
#5600 = EDGE_LOOP ( 'NONE', ( #1653, #109, #1083, #2037, #5996 ) ) ;
#5601 = VECTOR ( 'NONE', #2700, 1000.000000000000114 ) ;
#5602 = EDGE_CURVE ( 'NONE', #115, #1007, #3789, .T. ) ;
#5603 = PLANE ( 'NONE',  #2714 ) ;
#5604 = CARTESIAN_POINT ( 'NONE',  ( -16.92392691642399782, 77.69569302833606628, 14.98354790634151534 ) ) ;
#5605 = VERTEX_POINT ( 'NONE', #1695 ) ;
#5606 = CARTESIAN_POINT ( 'NONE',  ( 26.08149691479093235, -14.95367295022327170, 5.303634220183575110 ) ) ;
#5607 = VERTEX_POINT ( 'NONE', #3722 ) ;
#5608 = EDGE_CURVE ( 'NONE', #937, #3323, #5183, .T. ) ;
#5609 = CIRCLE ( 'NONE', #2776, 26.99999999999999645 ) ;
#5610 = FACE_OUTER_BOUND ( 'NONE', #3555, .T. ) ;
#5611 = VERTEX_POINT ( 'NONE', #5712 ) ;
#5612 = CARTESIAN_POINT ( 'NONE',  ( -6.457619259007282781E-15, 56.65273585600793638, 14.00000000000000178 ) ) ;
#5613 = ORIENTED_EDGE ( 'NONE', *, *, #5959, .F. ) ;
#5614 = CARTESIAN_POINT ( 'NONE',  ( -17.74817186027528848, 125.8131772318449890, 15.49999999999962519 ) ) ;
#5615 = VERTEX_POINT ( 'NONE', #777 ) ;
#5616 = CIRCLE ( 'NONE', #2573, 1.650000000000015010 ) ;
#5617 = CARTESIAN_POINT ( 'NONE',  ( 29.49657664613986796, 141.2809106386331166, 19.81780281748538641 ) ) ;
#5618 = CARTESIAN_POINT ( 'NONE',  ( -17.61022728154990702, 24.32550987900664907, 5.806924782572004062 ) ) ;
#5619 = B_SPLINE_CURVE_WITH_KNOTS ( 'NONE', 3,
 ( #1005, #1036, #5490, #4457 ),
 .UNSPECIFIED., .F., .F.,
 ( 4, 4 ),
 ( 1.714153465429577287E-16, 6.679488182493625761E-05 ),
 .UNSPECIFIED. ) ;
#5620 = DIRECTION ( 'NONE',  ( -1.000000000000000000, 0.000000000000000000, 0.000000000000000000 ) ) ;
#5621 = CARTESIAN_POINT ( 'NONE',  ( 29.51695639438648655, 140.7413341941260398, 19.69999999999813056 ) ) ;
#5622 = EDGE_CURVE ( 'NONE', #1427, #5162, #1750, .T. ) ;
#5623 = DIRECTION ( 'NONE',  ( 1.000000000000000000, -0.000000000000000000, -0.000000000000000000 ) ) ;
#5624 = ORIENTED_EDGE ( 'NONE', *, *, #1161, .F. ) ;
#5625 =( NAMED_UNIT ( * ) SI_UNIT ( $, .STERADIAN. ) SOLID_ANGLE_UNIT ( ) );
#5626 = DIRECTION ( 'NONE',  ( -0.8082329589569391404, -0.5888628737284350434, 0.000000000000000000 ) ) ;
#5627 = CARTESIAN_POINT ( 'NONE',  ( 30.98645703166939214, 75.33968689183073764, 3.500000000000002220 ) ) ;
#5628 = CARTESIAN_POINT ( 'NONE',  ( 29.45914860727594942, 32.09626372525989524, 18.52331357154815805 ) ) ;
#5629 = CARTESIAN_POINT ( 'NONE',  ( -17.42801794239241886, 125.4911982681057623, 5.970260951826237950 ) ) ;
#5630 = CARTESIAN_POINT ( 'NONE',  ( -25.22955214716243688, 12.00000000000026112, 0.000000000000000000 ) ) ;
#5631 = ORIENTED_EDGE ( 'NONE', *, *, #2821, .T. ) ;
#5632 = ORIENTED_EDGE ( 'NONE', *, *, #955, .T. ) ;
#5633 = EDGE_LOOP ( 'NONE', ( #4164, #2832, #5707, #6279, #4805 ) ) ;
#5634 = CARTESIAN_POINT ( 'NONE',  ( -16.92392691642398717, 77.69569302833610891, 6.016452093658481992 ) ) ;
#5635 = CARTESIAN_POINT ( 'NONE',  ( -16.48110924782922027, 79.08591689978922545, 14.33526402009880840 ) ) ;
#5636 = ORIENTED_EDGE ( 'NONE', *, *, #4046, .T. ) ;
#5637 = CARTESIAN_POINT ( 'NONE',  ( -19.51661539667222200, 29.24579869704622581, 14.00000000000000178 ) ) ;
#5638 = ORIENTED_EDGE ( 'NONE', *, *, #4945, .T. ) ;
#5639 = VECTOR ( 'NONE', #594, 1000.000000000000000 ) ;
#5640 = FACE_OUTER_BOUND ( 'NONE', #4458, .T. ) ;
#5641 = ORIENTED_EDGE ( 'NONE', *, *, #2417, .F. ) ;
#5642 = LINE ( 'NONE', #3228, #4535 ) ;
#5643 = DIRECTION ( 'NONE',  ( 1.000000000000000000, 0.000000000000000000, 0.000000000000000000 ) ) ;
#5644 = ADVANCED_FACE ( 'NONE', ( #3204 ), #2725, .F. ) ;
#5645 = EDGE_LOOP ( 'NONE', ( #282, #5100, #2587 ) ) ;
#5646 = CARTESIAN_POINT ( 'NONE',  ( 1.729938167174874131E-15, 53.69523201013809199, 21.00000000000000000 ) ) ;
#5647 = PLANE ( 'NONE',  #4639 ) ;
#5648 = DIRECTION ( 'NONE',  ( 1.000000000000000000, 0.000000000000000000, 0.000000000000000000 ) ) ;
#5649 = DIRECTION ( 'NONE',  ( -1.000000000000000000, 0.000000000000000000, 0.000000000000000000 ) ) ;
#5650 = DIRECTION ( 'NONE',  ( -0.5788523453879270697, 0.8154323774776764955, 0.000000000000000000 ) ) ;
#5651 = CARTESIAN_POINT ( 'NONE',  ( 4.186614144755562705, 26.67432359348591930, 5.044511856421492801 ) ) ;
#5652 = EDGE_CURVE ( 'NONE', #4202, #1801, #3783, .T. ) ;
#5653 = EDGE_CURVE ( 'NONE', #3515, #3299, #504, .T. ) ;
#5654 = DIRECTION ( 'NONE',  ( 0.000000000000000000, -0.000000000000000000, -1.000000000000000000 ) ) ;
#5655 = CARTESIAN_POINT ( 'NONE',  ( 17.74817186027515703, 24.18682276815417254, 15.49999999999962519 ) ) ;
#5656 = CIRCLE ( 'NONE', #2009, 1.650000000000000133 ) ;
#5657 = CARTESIAN_POINT ( 'NONE',  ( -29.94400437910620383, 2.104806538095820745, 20.09022131804049849 ) ) ;
#5658 = CARTESIAN_POINT ( 'NONE',  ( -29.97899177387618863, 151.3002855034328888, 20.79874306074654911 ) ) ;
#5659 = FACE_OUTER_BOUND ( 'NONE', #1816, .T. ) ;
#5660 = VERTEX_POINT ( 'NONE', #6335 ) ;
#5661 = ORIENTED_EDGE ( 'NONE', *, *, #1886, .F. ) ;
#5662 = ORIENTED_EDGE ( 'NONE', *, *, #2598, .T. ) ;
#5663 = CIRCLE ( 'NONE', #3035, 1.650000000000015010 ) ;
#5664 = EDGE_CURVE ( 'NONE', #1716, #2447, #28, .T. ) ;
#5665 = EDGE_CURVE ( 'NONE', #2298, #2360, #5269, .T. ) ;
#5666 = CARTESIAN_POINT ( 'NONE',  ( -1.816043739956994862, 51.65576454715239407, 14.58680187058798516 ) ) ;
#5667 = CARTESIAN_POINT ( 'NONE',  ( -7.825792614798337298E-13, -1.804112415015879378E-13, 15.50000000000000178 ) ) ;
#5668 = VERTEX_POINT ( 'NONE', #4422 ) ;
#5669 = CARTESIAN_POINT ( 'NONE',  ( 21.51683699982949705, -16.40733917637970762, 5.372205398013475630 ) ) ;
#5670 = ORIENTED_EDGE ( 'NONE', *, *, #3042, .F. ) ;
#5671 = PLANE ( 'NONE',  #2536 ) ;
#5672 = EDGE_CURVE ( 'NONE', #4859, #196, #2368, .T. ) ;
#5673 = ORIENTED_EDGE ( 'NONE', *, *, #1586, .T. ) ;
#5674 = FACE_OUTER_BOUND ( 'NONE', #4134, .T. ) ;
#5675 = CARTESIAN_POINT ( 'NONE',  ( 30.46627895010033527, 115.6069663354098083, 18.46187452947052066 ) ) ;
#5676 = EDGE_LOOP ( 'NONE', ( #3736, #2837, #262, #2934 ) ) ;
#5677 = AXIS2_PLACEMENT_3D ( 'NONE', #524, #3007, #5898 ) ;
#5678 = CARTESIAN_POINT ( 'NONE',  ( -44.42754594048253125, 32.36904915258257631, 7.000000000000000000 ) ) ;
#5679 = CARTESIAN_POINT ( 'NONE',  ( 17.61022444761559314, 24.32551274097684768, 15.19307197829907707 ) ) ;
#5680 = CARTESIAN_POINT ( 'NONE',  ( 30.20433301542802340, 122.5422755634364762, 17.65246167690826695 ) ) ;
#5681 = DIRECTION ( 'NONE',  ( -1.000000000000000000, 0.000000000000000000, 0.000000000000000000 ) ) ;
#5682 = FACE_OUTER_BOUND ( 'NONE', #1222, .T. ) ;
#5683 = CARTESIAN_POINT ( 'NONE',  ( -3.440160728995970807, 26.78119715891097030, 4.380449280834240788 ) ) ;
#5684 = DIRECTION ( 'NONE',  ( -0.8154323774776789380, 0.5788523453879236280, 0.000000000000000000 ) ) ;
#5685 = CARTESIAN_POINT ( 'NONE',  ( -22.05720413735445717, 126.7255419253467181, 6.080456027386842877 ) ) ;
#5686 = VECTOR ( 'NONE', #3882, 1000.000000000000114 ) ;
#5687 = CARTESIAN_POINT ( 'NONE',  ( 29.11517604411631766, 139.1744480939044308, 0.8042935090221731143 ) ) ;
#5688 = CARTESIAN_POINT ( 'NONE',  ( -15.75739066140032385, 123.8775128001142605, 6.630230866964185843 ) ) ;
#5689 = CARTESIAN_POINT ( 'NONE',  ( -29.50649404246211560, 5.419115178896612761, 2.015263027388654482 ) ) ;
#5690 = ORIENTED_EDGE ( 'NONE', *, *, #840, .T. ) ;
#5691 = ORIENTED_EDGE ( 'NONE', *, *, #6062, .F. ) ;
#5692 = VERTEX_POINT ( 'NONE', #3828 ) ;
#5693 = VECTOR ( 'NONE', #3889, 1000.000000000000114 ) ;
#5694 = LINE ( 'NONE', #4232, #4908 ) ;
#5695 = AXIS2_PLACEMENT_3D ( 'NONE', #1763, #5287, #4788 ) ;
#5696 = CARTESIAN_POINT ( 'NONE',  ( 29.39387691339797470, 6.000000000000786926, 2.500000000000002220 ) ) ;
#5697 = ORIENTED_EDGE ( 'NONE', *, *, #6062, .T. ) ;
#5698 = CARTESIAN_POINT ( 'NONE',  ( -16.83790971052889773, -21.11121638601198569, 5.445991909484380500 ) ) ;
#5699 = ADVANCED_FACE ( 'NONE', ( #3305 ), #440, .F. ) ;
#5700 = ADVANCED_FACE ( 'NONE', ( #5842 ), #3372, .F. ) ;
#5701 = ORIENTED_EDGE ( 'NONE', *, *, #5864, .T. ) ;
#5702 = AXIS2_PLACEMENT_3D ( 'NONE', #664, #3206, #4064 ) ;
#5703 = LINE ( 'NONE', #3258, #6304 ) ;
#5704 = EDGE_LOOP ( 'NONE', ( #4280, #5264, #5422, #1273 ) ) ;
#5705 = CARTESIAN_POINT ( 'NONE',  ( -18.17283402878179643, 78.37602281384687331, 7.000000000000000000 ) ) ;
#5706 = DIRECTION ( 'NONE',  ( 0.000000000000000000, 0.000000000000000000, 1.000000000000000000 ) ) ;
#5707 = ORIENTED_EDGE ( 'NONE', *, *, #4911, .T. ) ;
#5708 = VECTOR ( 'NONE', #3492, 1000.000000000000000 ) ;
#5709 = CARTESIAN_POINT ( 'NONE',  ( -12.57435216595212957, 28.88140695337789410, 7.000000000000000000 ) ) ;
#5710 = CARTESIAN_POINT ( 'NONE',  ( 29.13498485258212156, 12.29958241137530628, 1.044169276483842390 ) ) ;
#5711 = AXIS2_PLACEMENT_3D ( 'NONE', #1097, #5083, #630 ) ;
#5712 = CARTESIAN_POINT ( 'NONE',  ( 30.55103441749232118, 113.3629713066958828, 17.50000000000000000 ) ) ;
#5713 = CARTESIAN_POINT ( 'NONE',  ( -22.66303307610159834, -19.75696899594525746, 5.453888661373358815 ) ) ;
#5714 = CARTESIAN_POINT ( 'NONE',  ( 278.1066884401993207, 75.00000000000007105, 0.000000000000000000 ) ) ;
#5715 = FACE_OUTER_BOUND ( 'NONE', #869, .T. ) ;
#5716 = DIRECTION ( 'NONE',  ( 0.000000000000000000, 0.000000000000000000, -1.000000000000000000 ) ) ;
#5717 = DIRECTION ( 'NONE',  ( 1.000000000000000000, 0.000000000000000000, 0.000000000000000000 ) ) ;
#5718 = DIRECTION ( 'NONE',  ( -0.000000000000000000, -0.000000000000000000, 1.000000000000000000 ) ) ;
#5719 = CYLINDRICAL_SURFACE ( 'NONE', #4810, 30.00000000000000000 ) ;
#5720 = FACE_BOUND ( 'NONE', #5381, .T. ) ;
#5721 = EDGE_LOOP ( 'NONE', ( #3779, #4765, #5204, #3223, #2167 ) ) ;
#5722 = ORIENTED_EDGE ( 'NONE', *, *, #5367, .T. ) ;
#5723 = EDGE_CURVE ( 'NONE', #1585, #1853, #405, .T. ) ;
#5724 = LINE ( 'NONE', #3672, #338 ) ;
#5725 = CARTESIAN_POINT ( 'NONE',  ( -1.160572106141477988, 55.05981385450608911, 7.000000000000000000 ) ) ;
#5726 = EDGE_LOOP ( 'NONE', ( #3919, #6372, #78, #4370 ) ) ;
#5727 = CARTESIAN_POINT ( 'NONE',  ( -7.004738622546899940, -26.09075345615011088, 5.294079422027561321 ) ) ;
#5728 = ORIENTED_EDGE ( 'NONE', *, *, #1584, .F. ) ;
#5729 = CARTESIAN_POINT ( 'NONE',  ( 8.709000251095922351, 175.5722997472347231, 5.321477820165756434 ) ) ;
#5730 = EDGE_CURVE ( 'NONE', #2280, #2901, #786, .T. ) ;
#5731 = CARTESIAN_POINT ( 'NONE',  ( -1.536681149425001669, 98.34251307381613572, 19.78147434271040339 ) ) ;
#5732 = EDGE_CURVE ( 'NONE', #3500, #6033, #1560, .T. ) ;
#5733 = ORIENTED_EDGE ( 'NONE', *, *, #211, .F. ) ;
#5734 = CARTESIAN_POINT ( 'NONE',  ( 1.347111479062092941E-14, 135.0000000000009948, 11.00000000000000178 ) ) ;
#5735 = VECTOR ( 'NONE', #2926, 1000.000000000000000 ) ;
#5736 = DIRECTION ( 'NONE',  ( -0.8082329589569416939, -0.5888628737284314907, 0.000000000000000000 ) ) ;
#5737 = VERTEX_POINT ( 'NONE', #3933 ) ;
#5738 = ADVANCED_BREP_SHAPE_REPRESENTATION ( 'Link_1_Optimized', ( #3551, #3271 ), #2759 ) ;
#5739 = DIRECTION ( 'NONE',  ( 0.000000000000000000, 1.000000000000000000, 0.000000000000000000 ) ) ;
#5740 = CYLINDRICAL_SURFACE ( 'NONE', #5800, 1.650000000000000355 ) ;
#5741 = DIRECTION ( 'NONE',  ( -0.000000000000000000, -0.000000000000000000, -1.000000000000000000 ) ) ;
#5742 = CARTESIAN_POINT ( 'NONE',  ( 19.57652342990389371, 120.8973984166979960, 14.00000000000000000 ) ) ;
#5743 = LINE ( 'NONE', #4817, #1401 ) ;
#5744 = CARTESIAN_POINT ( 'NONE',  ( -19.51661539667202305, 120.7542013029525521, 14.00000000000000178 ) ) ;
#5745 = DIRECTION ( 'NONE',  ( -1.000000000000000000, 0.000000000000000000, 0.000000000000000000 ) ) ;
#5746 = AXIS2_PLACEMENT_3D ( 'NONE', #164, #6127, #707 ) ;
#5747 = CARTESIAN_POINT ( 'NONE',  ( -21.18247562114156324, 124.6930015889799392, 6.693267748176070064 ) ) ;
#5748 = EDGE_CURVE ( 'NONE', #5197, #3248, #4533, .T. ) ;
#5749 = CARTESIAN_POINT ( 'NONE',  ( -24.64548277152109534, 138.9245586088135838, 0.3183192982885380551 ) ) ;
#5750 = B_SPLINE_CURVE_WITH_KNOTS ( 'NONE', 3,
 ( #3101, #265, #4676, #4176, #5107, #1717, #5205, #2719, #426, #4968 ),
 .UNSPECIFIED., .F., .F.,
 ( 4, 2, 2, 2, 4 ),
 ( 0.000000000000000000, 0.006891603177639198108, 0.01378320635527839622, 0.02067480953291759432, 0.02756641271055678549 ),
 .UNSPECIFIED. ) ;
#5751 = CARTESIAN_POINT ( 'NONE',  ( 22.25210911150077564, 127.1754329665848502, 5.710497666516101134 ) ) ;
#5752 = DIRECTION ( 'NONE',  ( 0.5788523453879270697, 0.8154323774776764955, 0.000000000000000000 ) ) ;
#5753 = VERTEX_POINT ( 'NONE', #5491 ) ;
#5754 = ORIENTED_EDGE ( 'NONE', *, *, #1976, .T. ) ;
#5755 = VERTEX_POINT ( 'NONE', #1006 ) ;
#5756 = CARTESIAN_POINT ( 'NONE',  ( 11.95533498345504242, 177.5193137241033696, 5.204443182144562918 ) ) ;
#5757 = CARTESIAN_POINT ( 'NONE',  ( 15.84608435443631969, 81.10184484446739361, 6.981289638606111403 ) ) ;
#5758 = EDGE_CURVE ( 'NONE', #2831, #1849, #4638, .T. ) ;
#5759 = ORIENTED_EDGE ( 'NONE', *, *, #2048, .T. ) ;
#5760 = CARTESIAN_POINT ( 'NONE',  ( 17.87355665168475838, -20.25673230289311633, 5.448319728785187444 ) ) ;
#5761 = VERTEX_POINT ( 'NONE', #143 ) ;
#5762 = AXIS2_PLACEMENT_3D ( 'NONE', #2931, #4034, #3382 ) ;
#5763 = CARTESIAN_POINT ( 'NONE',  ( 20.39954221699804293, 167.7760293112112322, 5.416427949487342630 ) ) ;
#5764 = CARTESIAN_POINT ( 'NONE',  ( -18.38215907066007659, 126.2914313401048929, 21.00000000000001066 ) ) ;
#5765 = ORIENTED_EDGE ( 'NONE', *, *, #2456, .F. ) ;
#5766 = CARTESIAN_POINT ( 'NONE',  ( 30.11784100116519269, 124.8322475969201690, 17.75339740934263943 ) ) ;
#5767 = ORIENTED_EDGE ( 'NONE', *, *, #910, .F. ) ;
#5768 = CARTESIAN_POINT ( 'NONE',  ( -0.9739307408649074960, 52.35832700682897922, 21.00000000000000000 ) ) ;
#5769 =( BOUNDED_CURVE ( )  B_SPLINE_CURVE ( 3, ( #4808, #1814, #2293, #1915 ),
 .UNSPECIFIED., .F., .F. ) 
 B_SPLINE_CURVE_WITH_KNOTS ( ( 4, 4 ),
 ( 0.04363323129985703652, 1.570796326794896780 ),
 .UNSPECIFIED. ) 
 CURVE ( )  GEOMETRIC_REPRESENTATION_ITEM ( )  RATIONAL_B_SPLINE_CURVE ( ( 1.000000000000000000, 0.8149093080398366329, 0.8149093080398366329, 1.000000000000000000 ) ) 
 REPRESENTATION_ITEM ( '' )  );
#5770 = ORIENTED_EDGE ( 'NONE', *, *, #3929, .F. ) ;
#5771 = DIRECTION ( 'NONE',  ( 0.5888628737284323789, -0.8082329589569410278, 2.625428118579048432E-21 ) ) ;
#5772 = CARTESIAN_POINT ( 'NONE',  ( 29.51695639438649010, 9.258665805874137789, 19.69999999999812701 ) ) ;
#5773 = CARTESIAN_POINT ( 'NONE',  ( 20.11000692170318871, 122.1671878095946084, 14.03606341219673936 ) ) ;
#5774 = CYLINDRICAL_SURFACE ( 'NONE', #4437, 100.0000000000000142 ) ;
#5775 = EDGE_CURVE ( 'NONE', #2619, #4080, #5040, .T. ) ;
#5776 = EDGE_CURVE ( 'NONE', #2316, #2916, #4553, .T. ) ;
#5777 = PRESENTATION_LAYER_ASSIGNMENT (  '', '', ( #4619 ) ) ;
#5778 = ORIENTED_EDGE ( 'NONE', *, *, #2862, .T. ) ;
#5779 = DIRECTION ( 'NONE',  ( 0.5888628737284323789, 0.8082329589569410278, 0.000000000000000000 ) ) ;
#5780 = CARTESIAN_POINT ( 'NONE',  ( -22.27868256395755253, 22.76271290330178587, 5.521955725042402285 ) ) ;
#5781 = CARTESIAN_POINT ( 'NONE',  ( -22.18708635937043638, 127.0254589793653253, 5.877192931915502960 ) ) ;
#5782 = AXIS2_PLACEMENT_3D ( 'NONE', #4934, #2450, #3914 ) ;
#5783 = CARTESIAN_POINT ( 'NONE',  ( 278.1066884401993207, 74.99999999999994316, 5.500000000000003553 ) ) ;
#5784 = CARTESIAN_POINT ( 'NONE',  ( -22.39905047270366723, 127.8233531053401606, 21.00000000000040146 ) ) ;
#5785 = ORIENTED_EDGE ( 'NONE', *, *, #1341, .T. ) ;
#5786 = ORIENTED_EDGE ( 'NONE', *, *, #4467, .T. ) ;
#5787 = VERTEX_POINT ( 'NONE', #4586 ) ;
#5788 = ADVANCED_FACE ( 'NONE', ( #587 ), #2985, .F. ) ;
#5789 = CARTESIAN_POINT ( 'NONE',  ( 23.90373574965566306, 168.2334176265407564, 5.433581782071088107 ) ) ;
#5790 = CARTESIAN_POINT ( 'NONE',  ( 16.60494366232716601, 78.69582625659597852, 6.545806812288917698 ) ) ;
#5791 = CARTESIAN_POINT ( 'NONE',  ( -23.99918072960906557, 130.0774651082687967, 21.00000000000000000 ) ) ;
#5792 = DIRECTION ( 'NONE',  ( 0.5788523453879101943, -0.8154323774776884859, -0.000000000000000000 ) ) ;
#5793 = ORIENTED_EDGE ( 'NONE', *, *, #3558, .T. ) ;
#5794 = VECTOR ( 'NONE', #5940, 1000.000000000000227 ) ;
#5795 = TOROIDAL_SURFACE ( 'NONE', #2349, 260.6066884401993207, 2.500000000000000000 ) ;
#5796 = CARTESIAN_POINT ( 'NONE',  ( -23.43598409109644720, 163.4146281298305325, 5.192705444504546186 ) ) ;
#5797 = DIRECTION ( 'NONE',  ( 0.000000000000000000, -0.000000000000000000, -1.000000000000000000 ) ) ;
#5798 = ORIENTED_EDGE ( 'NONE', *, *, #1498, .T. ) ;
#5799 = DIRECTION ( 'NONE',  ( -1.000000000000000000, 0.000000000000000000, 0.000000000000000000 ) ) ;
#5800 = AXIS2_PLACEMENT_3D ( 'NONE', #1260, #181, #3233 ) ;
#5801 = EDGE_LOOP ( 'NONE', ( #3855, #5454, #209, #4812, #237 ) ) ;
#5802 = ORIENTED_EDGE ( 'NONE', *, *, #4526, .T. ) ;
#5803 = EDGE_CURVE ( 'NONE', #3411, #4859, #531, .T. ) ;
#5804 = DIRECTION ( 'NONE',  ( -0.000000000000000000, 0.000000000000000000, 1.000000000000000000 ) ) ;
#5805 = ORIENTED_EDGE ( 'NONE', *, *, #4118, .T. ) ;
#5806 = CARTESIAN_POINT ( 'NONE',  ( -24.19732417714157080, 129.9368086878281190, 15.43457091895199973 ) ) ;
#5807 = UNCERTAINTY_MEASURE_WITH_UNIT (LENGTH_MEASURE( 1.000000000000000082E-05 ), #3197, 'distance_accuracy_value', 'NONE');
#5808 = CARTESIAN_POINT ( 'NONE',  ( -278.1066884401993207, 75.00000000000000000, 21.00000000000000000 ) ) ;
#5809 = CARTESIAN_POINT ( 'NONE',  ( -28.50032732546762659, -9.569797130081864722, 4.858773737974936502 ) ) ;
#5810 = CARTESIAN_POINT ( 'NONE',  ( -0.9653319468908420076, 99.03636098923900022, 0.000000000000000000 ) ) ;
#5811 =( BOUNDED_CURVE ( )  B_SPLINE_CURVE ( 3, ( #3471, #527, #1413, #5335 ),
 .UNSPECIFIED., .F., .F. ) 
 B_SPLINE_CURVE_WITH_KNOTS ( ( 4, 4 ),
 ( 4.712388980384691450, 6.239552075879728044 ),
 .UNSPECIFIED. ) 
 CURVE ( )  GEOMETRIC_REPRESENTATION_ITEM ( )  RATIONAL_B_SPLINE_CURVE ( ( 1.000000000000000000, 0.8149093080398374100, 0.8149093080398374100, 1.000000000000000000 ) ) 
 REPRESENTATION_ITEM ( '' )  );
#5812 = DIRECTION ( 'NONE',  ( 0.000000000000000000, 0.000000000000000000, 1.000000000000000000 ) ) ;
#5813 = CARTESIAN_POINT ( 'NONE',  ( -3.089976191583687637E-15, 0.000000000000000000, 15.66690475583125419 ) ) ;
#5814 = CARTESIAN_POINT ( 'NONE',  ( -12.69298226349073566, 121.2149441717412373, 14.00000000000000355 ) ) ;
#5815 = AXIS2_PLACEMENT_3D ( 'NONE', #3871, #1446, #2344 ) ;
#5816 = EDGE_CURVE ( 'NONE', #5615, #2619, #1125, .T. ) ;
#5817 = CARTESIAN_POINT ( 'NONE',  ( 6.938893903907228378E-15, 55.21169288451699231, 7.000000000000000888 ) ) ;
#5818 = CARTESIAN_POINT ( 'NONE',  ( 278.1066884401993207, 75.00000000000007105, 14.00000000000000178 ) ) ;
#5819 = FACE_OUTER_BOUND ( 'NONE', #4234, .T. ) ;
#5820 = FACE_OUTER_BOUND ( 'NONE', #4515, .T. ) ;
#5821 = ORIENTED_EDGE ( 'NONE', *, *, #4103, .F. ) ;
#5822 = ORIENTED_EDGE ( 'NONE', *, *, #2651, .F. ) ;
#5823 = ORIENTED_EDGE ( 'NONE', *, *, #5132, .F. ) ;
#5824 = EDGE_LOOP ( 'NONE', ( #5031, #206, #195, #4052 ) ) ;
#5825 = CARTESIAN_POINT ( 'NONE',  ( 22.11183843749354594, 23.14823198635521351, 6.010919853830622550 ) ) ;
#5826 = CARTESIAN_POINT ( 'NONE',  ( 29.75374203427247721, 153.8670409572326321, 4.046274461848057058 ) ) ;
#5827 = DIRECTION ( 'NONE',  ( 0.8074637002697747645, -0.5883024067539722735, 0.04361938736533609029 ) ) ;
#5828 = ORIENTED_EDGE ( 'NONE', *, *, #4930, .F. ) ;
#5829 = LINE ( 'NONE', #5791, #1267 ) ;
#5830 = PLANE ( 'NONE',  #1009 ) ;
#5831 = ORIENTED_EDGE ( 'NONE', *, *, #1454, .T. ) ;
#5832 =( BOUNDED_CURVE ( )  B_SPLINE_CURVE ( 3, ( #4463, #3902, #5915, #3937 ),
 .UNSPECIFIED., .F., .T. ) 
 B_SPLINE_CURVE_WITH_KNOTS ( ( 4, 4 ),
 ( 0.4136089057638107080, 0.4158912159703644917 ),
 .UNSPECIFIED. ) 
 CURVE ( )  GEOMETRIC_REPRESENTATION_ITEM ( )  RATIONAL_B_SPLINE_CURVE ( ( 1.000000000000000000, 0.9999995659217237876, 0.9999995659217237876, 1.000000000000000000 ) ) 
 REPRESENTATION_ITEM ( '' )  );
#5833 = DIRECTION ( 'NONE',  ( -0.8082329589569409167, -0.5888628737284324899, 0.000000000000000000 ) ) ;
#5834 = CARTESIAN_POINT ( 'NONE',  ( 1.649999999999998579, 11.00000000000000178, 11.00000000000000178 ) ) ;
#5835 = ORIENTED_EDGE ( 'NONE', *, *, #5091, .T. ) ;
#5836 = CARTESIAN_POINT ( 'NONE',  ( 29.33959609072115526, 124.4336895143143664, 2.283628730418585384 ) ) ;
#5837 = ORIENTED_EDGE ( 'NONE', *, *, #25, .F. ) ;
#5838 = CARTESIAN_POINT ( 'NONE',  ( -29.42013450741525205, 5.870077050028795540, 2.277553957465517698 ) ) ;
#5839 = ORIENTED_EDGE ( 'NONE', *, *, #1843, .F. ) ;
#5840 = CARTESIAN_POINT ( 'NONE',  ( -3.673940397442060756E-15, 150.0000000000000000, 11.00000000000000178 ) ) ;
#5841 = EDGE_CURVE ( 'NONE', #3654, #1939, #3621, .T. ) ;
#5842 = FACE_OUTER_BOUND ( 'NONE', #3100, .T. ) ;
#5843 = CARTESIAN_POINT ( 'NONE',  ( 19.99116923586919725, 121.8851580528885137, 14.02254665743929785 ) ) ;
#5844 = CARTESIAN_POINT ( 'NONE',  ( -24.18677324489622293, 12.00000000000023981, 0.000000000000000000 ) ) ;
#5845 = CARTESIAN_POINT ( 'NONE',  ( 29.56020624620525439, 144.8426888785250526, 20.86315674780825091 ) ) ;
#5846 = LINE ( 'NONE', #476, #1188 ) ;
#5847 = CARTESIAN_POINT ( 'NONE',  ( 16.66616770818210469, 71.49665684287313638, 14.52273928367446132 ) ) ;
#5848 = CARTESIAN_POINT ( 'NONE',  ( 17.73824133803189440, 125.8041231543550964, 15.43457091895199973 ) ) ;
#5849 = CARTESIAN_POINT ( 'NONE',  ( -2.681970067347046242E-15, 46.59496372415127752, 14.00000000000000178 ) ) ;
#5850 = CARTESIAN_POINT ( 'NONE',  ( 22.21130524426281383, 127.0813321794707349, 5.826915262933590967 ) ) ;
#5851 = DIRECTION ( 'NONE',  ( -0.000000000000000000, -0.000000000000000000, 1.000000000000000000 ) ) ;
#5852 = ORIENTED_EDGE ( 'NONE', *, *, #1715, .T. ) ;
#5853 = ORIENTED_EDGE ( 'NONE', *, *, #634, .T. ) ;
#5854 = ORIENTED_EDGE ( 'NONE', *, *, #6019, .T. ) ;
#5855 = EDGE_CURVE ( 'NONE', #1679, #670, #5138, .T. ) ;
#5856 = AXIS2_PLACEMENT_3D ( 'NONE', #4502, #5504, #542 ) ;
#5857 = CARTESIAN_POINT ( 'NONE',  ( 30.99286971539128999, 74.99999999999995737, 3.500000000000002220 ) ) ;
#5858 = CARTESIAN_POINT ( 'NONE',  ( 29.39387691339800313, 6.000000000000781597, 15.50000000000000355 ) ) ;
#5859 = CARTESIAN_POINT ( 'NONE',  ( -1.816043739957007963, 98.34423545284774093, 14.58680187058798516 ) ) ;
#5860 = ORIENTED_EDGE ( 'NONE', *, *, #976, .T. ) ;
#5861 = DIRECTION ( 'NONE',  ( -0.5888628737284323789, -0.8082329589569409167, 0.000000000000000000 ) ) ;
#5862 = DIRECTION ( 'NONE',  ( -0.5788523453879101943, -0.8154323774776884859, -0.000000000000000000 ) ) ;
#5863 = EDGE_LOOP ( 'NONE', ( #1056, #3685, #4044, #808 ) ) ;
#5864 = EDGE_CURVE ( 'NONE', #548, #5160, #113, .T. ) ;
#5865 = EDGE_CURVE ( 'NONE', #2524, #4056, #4055, .T. ) ;
#5866 = CARTESIAN_POINT ( 'NONE',  ( -13.56545890574727764, 173.4120271900217460, 5.411171437144686180 ) ) ;
#5867 = CARTESIAN_POINT ( 'NONE',  ( 29.47624787588043205, 8.180862615626180556, 19.89153653626148710 ) ) ;
#5868 = TOROIDAL_SURFACE ( 'NONE', #5459, 262.6066884401992638, 1.500000000000000000 ) ;
#5869 = LINE ( 'NONE', #2885, #5693 ) ;
#5870 = ORIENTED_EDGE ( 'NONE', *, *, #600, .T. ) ;
#5871 = EDGE_CURVE ( 'NONE', #4928, #4675, #6217, .T. ) ;
#5872 = AXIS2_PLACEMENT_3D ( 'NONE', #1896, #3872, #2766 ) ;
#5873 = CARTESIAN_POINT ( 'NONE',  ( -17.00985568025588179, 72.57261043416890800, 5.565429081048004711 ) ) ;
#5874 = CARTESIAN_POINT ( 'NONE',  ( -27.81699132004917274, 140.5546808618429395, 0.8418132865669161191 ) ) ;
#5875 = CARTESIAN_POINT ( 'NONE',  ( -19.57652342990285632, 29.10260158330021696, 14.00000000000000533 ) ) ;
#5876 = CARTESIAN_POINT ( 'NONE',  ( 12.41744566311252385, -27.32703833077636446, 5.218214851385719832 ) ) ;
#5877 = CARTESIAN_POINT ( 'NONE',  ( -26.98479856932158327, 1.046974781833335477, 3.087761301410467230 ) ) ;
#5878 = EDGE_LOOP ( 'NONE', ( #5479, #554, #6026, #1533 ) ) ;
#5879 = CARTESIAN_POINT ( 'NONE',  ( 5.662375826453064143, 26.39957386019671048, 8.000000000000001776 ) ) ;
#5880 = CYLINDRICAL_SURFACE ( 'NONE', #1918, 1.499999999999995781 ) ;
#5881 = FACE_OUTER_BOUND ( 'NONE', #6437, .T. ) ;
#5882 = DIRECTION ( 'NONE',  ( -0.000000000000000000, -0.000000000000000000, -1.000000000000000000 ) ) ;
#5883 = CYLINDRICAL_SURFACE ( 'NONE', #1590, 1.500000000000002442 ) ;
#5884 = DIRECTION ( 'NONE',  ( -0.000000000000000000, 0.000000000000000000, -1.000000000000000000 ) ) ;
#5885 = VERTEX_POINT ( 'NONE', #1532 ) ;
#5886 = ORIENTED_EDGE ( 'NONE', *, *, #886, .T. ) ;
#5887 = ORIENTED_EDGE ( 'NONE', *, *, #3777, .F. ) ;
#5888 = CIRCLE ( 'NONE', #5249, 251.4923101625378763 ) ;
#5889 = CARTESIAN_POINT ( 'NONE',  ( 20.70522974163813856, 26.42625376083787359, 6.854186045445812780 ) ) ;
#5890 = DIRECTION ( 'NONE',  ( -0.000000000000000000, 0.000000000000000000, 1.000000000000000000 ) ) ;
#5891 = CARTESIAN_POINT ( 'NONE',  ( 17.00985568025587824, 77.42738956583121990, 15.43457091895199795 ) ) ;
#5892 = ORIENTED_EDGE ( 'NONE', *, *, #4983, .F. ) ;
#5893 = VERTEX_POINT ( 'NONE', #1561 ) ;
#5894 = CARTESIAN_POINT ( 'NONE',  ( -17.01077732352914751, 72.57548586995847018, 5.543708640552809541 ) ) ;
#5895 = DIRECTION ( 'NONE',  ( 1.000000000000000000, 0.000000000000000000, 0.000000000000000000 ) ) ;
#5896 = ORIENTED_EDGE ( 'NONE', *, *, #6148, .T. ) ;
#5897 = CARTESIAN_POINT ( 'NONE',  ( 1.650000000000018563, 150.0000000000009948, 8.000000000000001776 ) ) ;
#5898 = DIRECTION ( 'NONE',  ( 1.000000000000000000, 0.000000000000000000, 0.000000000000000000 ) ) ;
#5899 = EDGE_CURVE ( 'NONE', #2516, #2682, #2077, .T. ) ;
#5900 = ORIENTED_EDGE ( 'NONE', *, *, #6045, .T. ) ;
#5901 = LINE ( 'NONE', #1320, #5794 ) ;
#5902 = ORIENTED_EDGE ( 'NONE', *, *, #2910, .F. ) ;
#5903 = CIRCLE ( 'NONE', #1723, 9.000000000000001776 ) ;
#5904 = AXIS2_PLACEMENT_3D ( 'NONE', #4387, #5946, #3591 ) ;
#5905 = CARTESIAN_POINT ( 'NONE',  ( -16.10100316236175289, 69.71081530138133076, 6.903511812146152948 ) ) ;
#5906 = ORIENTED_EDGE ( 'NONE', *, *, #1138, .T. ) ;
#5907 = DIRECTION ( 'NONE',  ( -0.8146562665393389802, -0.5783014062182958437, -0.04361938736533609029 ) ) ;
#5908 = CARTESIAN_POINT ( 'NONE',  ( -22.25210911150115933, 22.82456703341342319, 15.28950233348384735 ) ) ;
#5909 = CARTESIAN_POINT ( 'NONE',  ( -3.434445758937947346, -29.80687796839096393, 5.018147393719424088 ) ) ;
#5910 = CARTESIAN_POINT ( 'NONE',  ( 29.52114143758670650, 9.369469467565897602, 20.20824193029401883 ) ) ;
#5911 = VECTOR ( 'NONE', #3112, 1000.000000000000000 ) ;
#5912 = ORIENTED_EDGE ( 'NONE', *, *, #5602, .F. ) ;
#5913 = CARTESIAN_POINT ( 'NONE',  ( -4.174178364069192071E-15, -9.000000000000001776, 11.00000000000000178 ) ) ;
#5914 = DIRECTION ( 'NONE',  ( -0.05394159705921557774, 0.000000000000000000, -0.9985440922196181512 ) ) ;
#5915 = CARTESIAN_POINT ( 'NONE',  ( 22.31889962375370828, 22.56576214606650765, 3.661915385623539354 ) ) ;
#5916 = CARTESIAN_POINT ( 'NONE',  ( 28.95979503836849744, 142.1566351504914394, 20.81101758493310072 ) ) ;
#5917 = CARTESIAN_POINT ( 'NONE',  ( -14.87354915613712336, 26.92717683217080094, 14.18792907046271168 ) ) ;
#5918 = DIRECTION ( 'NONE',  ( 1.000000000000000000, 0.000000000000000000, 0.000000000000000000 ) ) ;
#5919 = EDGE_CURVE ( 'NONE', #438, #4195, #3543, .T. ) ;
#5920 = AXIS2_PLACEMENT_3D ( 'NONE', #374, #3831, #5357 ) ;
#5921 = CYLINDRICAL_SURFACE ( 'NONE', #3686, 1.499999999999999556 ) ;
#5922 = VERTEX_POINT ( 'NONE', #5978 ) ;
#5923 = TOROIDAL_SURFACE ( 'NONE', #1111, 31.50000000000015987, 1.500000000000000000 ) ;
#5924 = CARTESIAN_POINT ( 'NONE',  ( 21.88840209280903082, 23.66490785657142482, 6.266845345530101419 ) ) ;
#5925 = DIRECTION ( 'NONE',  ( -0.5888628737284321568, -0.8082329589569411388, 0.000000000000000000 ) ) ;
#5926 = CARTESIAN_POINT ( 'NONE',  ( 18.38215907066006238, 126.2914313401049213, 21.00000000000000000 ) ) ;
#5927 = LINE ( 'NONE', #1455, #4861 ) ;
#5928 = EDGE_CURVE ( 'NONE', #1745, #5559, #4424, .T. ) ;
#5929 =( BOUNDED_CURVE ( )  B_SPLINE_CURVE ( 3, ( #3971, #5982, #6012, #5583 ),
 .UNSPECIFIED., .F., .F. ) 
 B_SPLINE_CURVE_WITH_KNOTS ( ( 4, 4 ),
 ( 0.6373782687012351511, 0.6389221092709246319 ),
 .UNSPECIFIED. ) 
 CURVE ( )  GEOMETRIC_REPRESENTATION_ITEM ( )  RATIONAL_B_SPLINE_CURVE ( ( 1.000000000000000000, 0.9999998013797011254, 0.9999998013797011254, 1.000000000000000000 ) ) 
 REPRESENTATION_ITEM ( '' )  );
#5930 = CYLINDRICAL_SURFACE ( 'NONE', #2822, 30.00000000000000000 ) ;
#5931 = FACE_OUTER_BOUND ( 'NONE', #1580, .T. ) ;
#5932 = VECTOR ( 'NONE', #4062, 1000.000000000000114 ) ;
#5933 = ORIENTED_EDGE ( 'NONE', *, *, #897, .F. ) ;
#5934 = ORIENTED_EDGE ( 'NONE', *, *, #134, .T. ) ;
#5935 = AXIS2_PLACEMENT_3D ( 'NONE', #1908, #831, #2287 ) ;
#5936 = DIRECTION ( 'NONE',  ( 1.000000000000000000, 0.000000000000000000, 0.000000000000000000 ) ) ;
#5937 = B_SPLINE_CURVE_WITH_KNOTS ( 'NONE', 3,
 ( #2004, #2388, #6355, #4403, #5413, #4440, #6421, #893, #4369, #1974, #5991, #961 ),
 .UNSPECIFIED., .F., .F.,
 ( 4, 2, 2, 2, 2, 4 ),
 ( 2.114055231498537878E-17, 0.003543277938573966435, 0.007086555877147911187, 0.01417311175429580156, 0.02125966763144369193, 0.02834622350859158230 ),
 .UNSPECIFIED. ) ;
#5938 = CARTESIAN_POINT ( 'NONE',  ( -16.41092188742592484, 23.47681078258102616, 14.00000000000000178 ) ) ;
#5939 = ORIENTED_EDGE ( 'NONE', *, *, #1160, .T. ) ;
#5940 = DIRECTION ( 'NONE',  ( -0.5788523453879269587, -0.8154323774776764955, 0.000000000000000000 ) ) ;
#5941 = ORIENTED_EDGE ( 'NONE', *, *, #2917, .T. ) ;
#5942 = EDGE_CURVE ( 'NONE', #2682, #5270, #4087, .T. ) ;
#5943 = EDGE_CURVE ( 'NONE', #2487, #5737, #1501, .T. ) ;
#5944 = CARTESIAN_POINT ( 'NONE',  ( -17.00523522941577070, 72.55819508487387282, 5.674319614342424600 ) ) ;
#5945 = CARTESIAN_POINT ( 'NONE',  ( 15.17579862255016820, 75.00000000000007105, 14.58680187058798161 ) ) ;
#5946 = DIRECTION ( 'NONE',  ( -0.000000000000000000, 0.000000000000000000, 1.000000000000000000 ) ) ;
#5947 = CARTESIAN_POINT ( 'NONE',  ( 15.88632804463247972, -25.45329999720542702, 5.327378306357765325 ) ) ;
#5948 = B_SPLINE_CURVE_WITH_KNOTS ( 'NONE', 3,
 ( #2303, #6371, #5877, #2790, #1857, #4250, #407, #1365, #3865, #3758, #779, #5844 ),
 .UNSPECIFIED., .F., .F.,
 ( 4, 2, 2, 2, 2, 4 ),
 ( 0.09752017608873211896, 0.09911812048505379280, 0.1007160648813754666, 0.1039119536740188143, 0.1071078424666621481, 0.1103037312593054958 ),
 .UNSPECIFIED. ) ;
#5949 = EDGE_CURVE ( 'NONE', #1853, #6406, #1689, .T. ) ;
#5950 = CARTESIAN_POINT ( 'NONE',  ( 0.000000000000000000, 0.000000000000000000, 2.500000000000002220 ) ) ;
#5951 = CARTESIAN_POINT ( 'NONE',  ( 278.1066884401993207, 75.00000000000007105, 18.50000000000000355 ) ) ;
#5952 = CARTESIAN_POINT ( 'NONE',  ( -13.36746116222343161, 75.00000000000005684, 14.00000000000000178 ) ) ;
#5953 = DIRECTION ( 'NONE',  ( 0.000000000000000000, 0.000000000000000000, -1.000000000000000000 ) ) ;
#5954 = CARTESIAN_POINT ( 'NONE',  ( -17.33015661189691770, 24.60655597440756281, 14.96717383590421768 ) ) ;
#5955 = DIRECTION ( 'NONE',  ( 1.000000000000000000, 0.000000000000000000, 0.000000000000000000 ) ) ;
#5956 = TOROIDAL_SURFACE ( 'NONE', #2282, 9.000000000000001776, 1.000000000000000000 ) ;
#5957 = DIRECTION ( 'NONE',  ( -0.5888628737284323789, 0.8082329589569410278, 0.000000000000000000 ) ) ;
#5958 = EDGE_LOOP ( 'NONE', ( #2071, #2399, #3767, #4846 ) ) ;
#5959 = EDGE_CURVE ( 'NONE', #1339, #6192, #3906, .T. ) ;
#5960 = PLANE ( 'NONE',  #2239 ) ;
#5961 = CARTESIAN_POINT ( 'NONE',  ( 0.9653319468908253542, 97.62971668440488315, 0.000000000000000000 ) ) ;
#5962 = CARTESIAN_POINT ( 'NONE',  ( 16.84516184781472958, 77.94199875972297775, 14.78985322291993754 ) ) ;
#5963 = DIRECTION ( 'NONE',  ( -0.000000000000000000, -0.000000000000000000, 1.000000000000000000 ) ) ;
#5964 = CARTESIAN_POINT ( 'NONE',  ( -28.28060103423218763, 8.557218149586505618, 1.118103933198487443 ) ) ;
#5965 = CARTESIAN_POINT ( 'NONE',  ( 0.9739307408648785191, 50.97559531952740031, 21.00000000000000000 ) ) ;
#5966 = ORIENTED_EDGE ( 'NONE', *, *, #4816, .T. ) ;
#5967 = ORIENTED_EDGE ( 'NONE', *, *, #4348, .T. ) ;
#5968 = ORIENTED_EDGE ( 'NONE', *, *, #2313, .F. ) ;
#5969 = AXIS2_PLACEMENT_3D ( 'NONE', #2976, #1424, #1460 ) ;
#5970 = LINE ( 'NONE', #6030, #5008 ) ;
#5971 = VECTOR ( 'NONE', #4030, 1000.000000000000000 ) ;
#5972 = ORIENTED_EDGE ( 'NONE', *, *, #6200, .F. ) ;
#5973 = CARTESIAN_POINT ( 'NONE',  ( -16.03466805310923604, 75.70332215241711538, 0.000000000000000000 ) ) ;
#5974 = ORIENTED_EDGE ( 'NONE', *, *, #2656, .T. ) ;
#5975 = DIRECTION ( 'NONE',  ( -0.000000000000000000, -0.000000000000000000, -1.000000000000000000 ) ) ;
#5976 = VECTOR ( 'NONE', #4373, 1000.000000000000227 ) ;
#5977 = CARTESIAN_POINT ( 'NONE',  ( -17.96160490080950467, 125.9697933496531306, 17.40977562557469227 ) ) ;
#5978 = CARTESIAN_POINT ( 'NONE',  ( -29.39387691339797826, 143.9999999999992042, 2.500000000000005773 ) ) ;
#5979 = VECTOR ( 'NONE', #3638, 1000.000000000000000 ) ;
#5980 = CARTESIAN_POINT ( 'NONE',  ( 29.52114143758670295, 140.6305305324342783, 20.20824193029408988 ) ) ;
#5981 = CARTESIAN_POINT ( 'NONE',  ( 16.84516539512982902, 72.05801234150334267, 14.78986035051478609 ) ) ;
#5982 = CARTESIAN_POINT ( 'NONE',  ( -17.00883327770663200, 77.15193698649581222, 1.831425048596687644 ) ) ;
#5983 = CARTESIAN_POINT ( 'NONE',  ( 29.48236798742113507, 141.6571006415661031, 1.092418556285592146 ) ) ;
#5984 = DIRECTION ( 'NONE',  ( 1.000000000000000000, 0.000000000000000000, 0.000000000000000000 ) ) ;
#5985 = ADVANCED_FACE ( 'NONE', ( #5177 ), #2681, .T. ) ;
#5986 = ADVANCED_FACE ( 'NONE', ( #1192 ), #2720, .T. ) ;
#5987 = CARTESIAN_POINT ( 'NONE',  ( 19.51661539667201595, 120.7542013029525378, 14.00000000000000178 ) ) ;
#5988 = VERTEX_POINT ( 'NONE', #2693 ) ;
#5989 = CARTESIAN_POINT ( 'NONE',  ( 22.27868256395755253, 22.76271290330183916, 15.47804427495759860 ) ) ;
#5990 = DIRECTION ( 'NONE',  ( 0.000000000000000000, -0.000000000000000000, -1.000000000000000000 ) ) ;
#5991 = CARTESIAN_POINT ( 'NONE',  ( 30.46197852063776423, 34.27917502378466708, 3.500000000000002220 ) ) ;
#5992 = CARTESIAN_POINT ( 'NONE',  ( 30.25744592032419078, 121.1360524818479689, 15.50000000000000355 ) ) ;
#5993 = CARTESIAN_POINT ( 'NONE',  ( -26.04052177855241368, 11.70304330633573997, 0.1017863559995621919 ) ) ;
#5994 = CARTESIAN_POINT ( 'NONE',  ( -3.018511187670307905, 97.51323416131485544, 7.000000000000000000 ) ) ;
#5995 = EDGE_CURVE ( 'NONE', #3561, #4707, #2230, .T. ) ;
#5996 = ORIENTED_EDGE ( 'NONE', *, *, #365, .F. ) ;
#5997 = VECTOR ( 'NONE', #1399, 1000.000000000000000 ) ;
#5998 = CARTESIAN_POINT ( 'NONE',  ( 29.50436276219509679, 115.6056507458614391, 18.50000000000001066 ) ) ;
#5999 = FACE_OUTER_BOUND ( 'NONE', #1875, .T. ) ;
#6000 = VECTOR ( 'NONE', #5380, 1000.000000000000227 ) ;
#6001 = CARTESIAN_POINT ( 'NONE',  ( 30.98645703166939214, 74.66031310816917710, 18.50000000000000355 ) ) ;
#6002 = ADVANCED_FACE ( 'NONE', ( #4148 ), #1754, .F. ) ;
#6003 = ORIENTED_EDGE ( 'NONE', *, *, #2291, .T. ) ;
#6004 = AXIS2_PLACEMENT_3D ( 'NONE', #1336, #821, #926 ) ;
#6005 = CARTESIAN_POINT ( 'NONE',  ( -17.74817186027528848, 125.8131772318449890, 15.49999999999962519 ) ) ;
#6006 = EDGE_CURVE ( 'NONE', #1904, #4379, #4636, .T. ) ;
#6007 = ORIENTED_EDGE ( 'NONE', *, *, #5034, .F. ) ;
#6008 = VECTOR ( 'NONE', #3071, 1000.000000000000000 ) ;
#6009 = CARTESIAN_POINT ( 'NONE',  ( 28.60161087268665270, 142.8352466011787953, 20.97870082461688312 ) ) ;
#6010 = VECTOR ( 'NONE', #6412, 1000.000000000000227 ) ;
#6011 = FACE_OUTER_BOUND ( 'NONE', #3719, .T. ) ;
#6012 = CARTESIAN_POINT ( 'NONE',  ( -17.00997526639645230, 77.28630117980731029, 3.664758746066385076 ) ) ;
#6013 = CARTESIAN_POINT ( 'NONE',  ( -17.01123581841150667, 77.42226567394780545, 15.47812922134208158 ) ) ;
#6014 = CARTESIAN_POINT ( 'NONE',  ( 16.82094198585917511, 124.8912727067719572, 14.71070140836638984 ) ) ;
#6015 = DIRECTION ( 'NONE',  ( -0.8082329589569409167, -0.5888628737284324899, 0.000000000000000000 ) ) ;
#6016 = ORIENTED_EDGE ( 'NONE', *, *, #4276, .T. ) ;
#6017 = CIRCLE ( 'NONE', #5171, 260.6066884401993207 ) ;
#6018 = EDGE_CURVE ( 'NONE', #6321, #106, #2161, .T. ) ;
#6019 = EDGE_CURVE ( 'NONE', #3647, #5170, #3683, .T. ) ;
#6020 = CARTESIAN_POINT ( 'NONE',  ( -29.97891986005740250, -1.301972584641456709, 20.79899642963066242 ) ) ;
#6021 = CARTESIAN_POINT ( 'NONE',  ( 22.21736839837650734, 16.18714413556630305, 14.00000000000000178 ) ) ;
#6022 = DIRECTION ( 'NONE',  ( -0.03774298798120412357, 0.9992874795864554738, 0.000000000000000000 ) ) ;
#6023 = CARTESIAN_POINT ( 'NONE',  ( 29.50418297502667997, 34.38569677144641190, 18.50000000000000711 ) ) ;
#6024 = DIRECTION ( 'NONE',  ( -0.5888628737284321568, 0.8082329589569411388, 0.000000000000000000 ) ) ;
#6025 = LINE ( 'NONE', #3465, #18 ) ;
#6026 = ORIENTED_EDGE ( 'NONE', *, *, #1224, .T. ) ;
#6027 = ORIENTED_EDGE ( 'NONE', *, *, #359, .F. ) ;
#6028 = AXIS2_PLACEMENT_3D ( 'NONE', #5018, #4496, #4992 ) ;
#6029 = B_SPLINE_CURVE_WITH_KNOTS ( 'NONE', 3,
 ( #2156, #640, #1208, #3183 ),
 .UNSPECIFIED., .F., .F.,
 ( 4, 4 ),
 ( 0.000000000000000000, 6.625069557744863726E-05 ),
 .UNSPECIFIED. ) ;
#6030 = CARTESIAN_POINT ( 'NONE',  ( -1.172074188397415950, 52.49898342726964984, 15.43457091895199795 ) ) ;
#6031 = DIRECTION ( 'NONE',  ( 0.5788523453879101943, 0.8154323774776885969, -3.466138530372890970E-18 ) ) ;
#6032 = AXIS2_PLACEMENT_3D ( 'NONE', #916, #1397, #370 ) ;
#6033 = VERTEX_POINT ( 'NONE', #686 ) ;
#6034 = FACE_OUTER_BOUND ( 'NONE', #5721, .T. ) ;
#6035 = EDGE_LOOP ( 'NONE', ( #4085, #5728, #4839 ) ) ;
#6036 = EDGE_CURVE ( 'NONE', #2682, #5292, #5769, .T. ) ;
#6037 = CIRCLE ( 'NONE', #1315, 20.10000000000000142 ) ;
#6038 = ADVANCED_FACE ( 'NONE', ( #3856 ), #3780, .T. ) ;
#6039 = CARTESIAN_POINT ( 'NONE',  ( -17.73824133803007541, 24.19587684564644192, 15.43457091895199795 ) ) ;
#6040 = ORIENTED_EDGE ( 'NONE', *, *, #4931, .F. ) ;
#6041 = DIRECTION ( 'NONE',  ( 0.05370107013642699822, 0.0003310879849763967604, 0.9985570016012850214 ) ) ;
#6042 = EDGE_LOOP ( 'NONE', ( #3123, #3457, #4710, #4271, #1884, #582 ) ) ;
#6043 =( BOUNDED_CURVE ( )  B_SPLINE_CURVE ( 3, ( #3111, #1068, #184, #3078 ),
 .UNSPECIFIED., .F., .T. ) 
 B_SPLINE_CURVE_WITH_KNOTS ( ( 4, 4 ),
 ( 3.185225884889649528, 4.712388980384684345 ),
 .UNSPECIFIED. ) 
 CURVE ( )  GEOMETRIC_REPRESENTATION_ITEM ( )  RATIONAL_B_SPLINE_CURVE ( ( 1.000000000000000000, 0.8149093080398378541, 0.8149093080398378541, 1.000000000000000000 ) ) 
 REPRESENTATION_ITEM ( '' )  );
#6044 = DIRECTION ( 'NONE',  ( -0.03774298798119875981, -0.9992874795864558068, 0.000000000000000000 ) ) ;
#6045 = EDGE_CURVE ( 'NONE', #144, #6249, #5348, .T. ) ;
#6046 = DIRECTION ( 'NONE',  ( 0.000000000000000000, 0.000000000000000000, 1.000000000000000000 ) ) ;
#6047 = DIRECTION ( 'NONE',  ( -0.5888628737284321568, 0.8082329589569411388, 0.000000000000000000 ) ) ;
#6048 = CARTESIAN_POINT ( 'NONE',  ( 29.42557157988111527, 6.839151457803867018, 1.626026421466935545 ) ) ;
#6049 = DIRECTION ( 'NONE',  ( -0.05394159705921557774, 0.000000000000000000, 0.9985440922196181512 ) ) ;
#6050 = CARTESIAN_POINT ( 'NONE',  ( -29.39387691339797470, 6.000000000000789591, 18.50000000000000355 ) ) ;
#6051 = ORIENTED_EDGE ( 'NONE', *, *, #2973, .T. ) ;
#6052 = LINE ( 'NONE', #5053, #5271 ) ;
#6053 = DIRECTION ( 'NONE',  ( 0.03774298798120412357, 0.9992874795864554738, 0.000000000000000000 ) ) ;
#6054 = CARTESIAN_POINT ( 'NONE',  ( -29.39387691339797470, 6.000000000000789591, 18.50000000000000355 ) ) ;
#6055 = CARTESIAN_POINT ( 'NONE',  ( -21.18247562114155613, 124.6930015889799677, 14.30673225182393793 ) ) ;
#6056 = DIRECTION ( 'NONE',  ( 1.000000000000000000, 0.000000000000000000, 0.000000000000000000 ) ) ;
#6057 = ORIENTED_EDGE ( 'NONE', *, *, #2659, .F. ) ;
#6058 = CARTESIAN_POINT ( 'NONE',  ( -15.84610458595607163, 81.10178019169788399, 6.981285427635530283 ) ) ;
#6059 = CARTESIAN_POINT ( 'NONE',  ( 0.000000000000000000, 27.50000000000000000, 9.000000000000000000 ) ) ;
#6060 = ORIENTED_EDGE ( 'NONE', *, *, #1507, .F. ) ;
#6061 = CARTESIAN_POINT ( 'NONE',  ( 14.60679927953914969, -26.20847418343312540, 5.287416436867669489 ) ) ;
#6062 = EDGE_CURVE ( 'NONE', #4738, #4482, #2846, .T. ) ;
#6063 = EDGE_CURVE ( 'NONE', #2560, #4311, #5869, .T. ) ;
#6064 = ORIENTED_EDGE ( 'NONE', *, *, #3113, .F. ) ;
#6065 = VECTOR ( 'NONE', #1546, 1000.000000000000000 ) ;
#6066 = CARTESIAN_POINT ( 'NONE',  ( 17.74817186027530980, 125.8131772318450174, 5.500000000000171418 ) ) ;
#6067 = LINE ( 'NONE', #3530, #3272 ) ;
#6068 = DIRECTION ( 'NONE',  ( -0.000000000000000000, -0.000000000000000000, 1.000000000000000000 ) ) ;
#6069 = ORIENTED_EDGE ( 'NONE', *, *, #4047, .T. ) ;
#6070 = B_SPLINE_CURVE_WITH_KNOTS ( 'NONE', 3,
 ( #1727, #845, #5319, #2270 ),
 .UNSPECIFIED., .F., .F.,
 ( 4, 4 ),
 ( 6.046624968386496762E-16, 6.578796115913166742E-05 ),
 .UNSPECIFIED. ) ;
#6071 = AXIS2_PLACEMENT_3D ( 'NONE', #3563, #5551, #145 ) ;
#6072 = EDGE_CURVE ( 'NONE', #254, #1272, #5901, .T. ) ;
#6073 = CYLINDRICAL_SURFACE ( 'NONE', #6071, 30.00000000000015987 ) ;
#6074 = LINE ( 'NONE', #3596, #5639 ) ;
#6075 = CARTESIAN_POINT ( 'NONE',  ( 278.1066884401993207, 75.00000000000007105, 7.000000000000000000 ) ) ;
#6076 = CARTESIAN_POINT ( 'NONE',  ( -17.00985568025587114, 77.42738956583123411, 15.43457091895199795 ) ) ;
#6077 = CARTESIAN_POINT ( 'NONE',  ( 29.01054679452139951, 139.7559709131370766, 0.5865464273151341779 ) ) ;
#6078 = CYLINDRICAL_SURFACE ( 'NONE', #1313, 100.0000000000000142 ) ;
#6079 = AXIS2_PLACEMENT_3D ( 'NONE', #2336, #1292, #6202 ) ;
#6080 = VERTEX_POINT ( 'NONE', #3439 ) ;
#6081 = B_SPLINE_CURVE_WITH_KNOTS ( 'NONE', 3,
 ( #5181, #721, #3656, #1228, #4122, #2234, #1789, #690, #5243, #1166, #6169, #305, #5679, #1196, #4747, #2268 ),
 .UNSPECIFIED., .F., .F.,
 ( 4, 2, 2, 2, 2, 2, 2, 4 ),
 ( -1.077726513897099165E-05, 0.001802424250770369918, 0.003615625766679710518, 0.005428827282589055239, 0.006335428040543729551, 0.006788728419521068008, 0.007015378609009741140, 0.007242028798498415139 ),
 .UNSPECIFIED. ) ;
#6082 = LINE ( 'NONE', #636, #793 ) ;
#6083 = CARTESIAN_POINT ( 'NONE',  ( 29.45616853340624886, 31.94459404646698886, 2.475128388151059955 ) ) ;
#6084 = DIRECTION ( 'NONE',  ( 0.5788523453879101943, 0.8154323774776884859, 0.000000000000000000 ) ) ;
#6085 = CARTESIAN_POINT ( 'NONE',  ( 29.60200590372679486, 11.51044592119183818, 19.20838094522321882 ) ) ;
#6086 = DIRECTION ( 'NONE',  ( -0.000000000000000000, 0.000000000000000000, -1.000000000000000000 ) ) ;
#6087 = ORIENTED_EDGE ( 'NONE', *, *, #2292, .F. ) ;
#6088 = CARTESIAN_POINT ( 'NONE',  ( -21.42116764072774160, 125.2501154558491265, 14.40994560127681545 ) ) ;
#6089 = DIRECTION ( 'NONE',  ( 0.5888628737284323789, 0.8082329589569410278, 2.082963656566165364E-18 ) ) ;
#6090 = ORIENTED_EDGE ( 'NONE', *, *, #2508, .F. ) ;
#6091 = EDGE_LOOP ( 'NONE', ( #2188, #5196, #4875, #1738 ) ) ;
#6093 = EDGE_CURVE ( 'NONE', #2650, #1145, #3580, .T. ) ;
#6092 = ORIENTED_EDGE ( 'NONE', *, *, #3939, .T. ) ;
#6094 = CARTESIAN_POINT ( 'NONE',  ( -2.394058588206442462, 53.36643553659706640, 5.500000000000000000 ) ) ;
#6095 = CARTESIAN_POINT ( 'NONE',  ( -15.71925978455535144, 81.50778954417944533, 13.99999999999999822 ) ) ;
#6096 = DIRECTION ( 'NONE',  ( -1.000000000000000000, 0.000000000000000000, 0.000000000000000000 ) ) ;
#6097 = ORIENTED_EDGE ( 'NONE', *, *, #6348, .F. ) ;
#6098 = AXIS2_PLACEMENT_3D ( 'NONE', #3679, #2226, #6227 ) ;
#6099 = B_SPLINE_CURVE_WITH_KNOTS ( 'NONE', 3,
 ( #1106, #3088, #314, #756 ),
 .UNSPECIFIED., .F., .F.,
 ( 4, 4 ),
 ( 0.000000000000000000, 6.679488182476335447E-05 ),
 .UNSPECIFIED. ) ;
#6100 = ADVANCED_FACE ( 'NONE', ( #434 ), #6431, .T. ) ;
#6101 = CARTESIAN_POINT ( 'NONE',  ( 26.89359816955237292, 137.9999999999999716, 0.000000000000000000 ) ) ;
#6102 = EDGE_CURVE ( 'NONE', #6249, #3355, #4910, .T. ) ;
#6103 = ORIENTED_EDGE ( 'NONE', *, *, #1690, .F. ) ;
#6104 = DIRECTION ( 'NONE',  ( 0.5788523453879270697, 0.8154323774776764955, 1.383174873806726376E-18 ) ) ;
#6105 = CARTESIAN_POINT ( 'NONE',  ( 1.770451845801052970, 98.34395436108681565, 15.43457091895199973 ) ) ;
#6106 = VERTEX_POINT ( 'NONE', #467 ) ;
#6107 = CARTESIAN_POINT ( 'NONE',  ( -7.825792614798337298E-13, -1.804112415015879378E-13, 14.00000000000000178 ) ) ;
#6108 = CARTESIAN_POINT ( 'NONE',  ( 44.42754594048253836, 32.36904915258257631, 15.50000000000000178 ) ) ;
#6109 = CARTESIAN_POINT ( 'NONE',  ( -17.63290628723671816, 125.6557371080930210, 15.43457091895199795 ) ) ;
#6110 = LINE ( 'NONE', #3539, #4605 ) ;
#6111 = CARTESIAN_POINT ( 'NONE',  ( -2.571073631240456070, 51.65110949419593567, 6.999999999999999112 ) ) ;
#6112 = VERTEX_POINT ( 'NONE', #1392 ) ;
#6113 = AXIS2_PLACEMENT_3D ( 'NONE', #5857, #4964, #3808 ) ;
#6114 = CIRCLE ( 'NONE', #1002, 261.1066884401993207 ) ;
#6115 = DIRECTION ( 'NONE',  ( -0.5888628737284323789, 0.8082329589569410278, 0.000000000000000000 ) ) ;
#6116 = CARTESIAN_POINT ( 'NONE',  ( 29.66361785483195490, 136.8583093198361667, 2.037466786891415804 ) ) ;
#6117 = PRODUCT_DEFINITION_FORMATION_WITH_SPECIFIED_SOURCE ( 'ANY', '', #3727, .NOT_KNOWN. ) ;
#6118 = ORIENTED_EDGE ( 'NONE', *, *, #688, .F. ) ;
#6119 = FACE_OUTER_BOUND ( 'NONE', #5726, .T. ) ;
#6120 = AXIS2_PLACEMENT_3D ( 'NONE', #5840, #1956, #4780 ) ;
#6121 = CARTESIAN_POINT ( 'NONE',  ( -15.59117595168159554, 68.08056964636658392, 14.00000000000000178 ) ) ;
#6122 = LINE ( 'NONE', #702, #3060 ) ;
#6123 = ORIENTED_EDGE ( 'NONE', *, *, #4066, .T. ) ;
#6124 = ORIENTED_EDGE ( 'NONE', *, *, #2393, .F. ) ;
#6125 = VERTEX_POINT ( 'NONE', #3925 ) ;
#6126 = CIRCLE ( 'NONE', #3275, 31.50000000000001421 ) ;
#6127 = DIRECTION ( 'NONE',  ( 0.000000000000000000, 0.000000000000000000, -1.000000000000000000 ) ) ;
#6128 = FACE_OUTER_BOUND ( 'NONE', #1245, .T. ) ;
#6129 = EDGE_CURVE ( 'NONE', #1953, #5922, #693, .T. ) ;
#6130 = ORIENTED_EDGE ( 'NONE', *, *, #210, .T. ) ;
#6131 = CARTESIAN_POINT ( 'NONE',  ( 0.8938477783636987750, -26.98887009341934373, 5.239886827640932943 ) ) ;
#6132 = EDGE_LOOP ( 'NONE', ( #470, #214, #2903, #2962, #1600 ) ) ;
#6133 = DIRECTION ( 'NONE',  ( 1.000000000000000000, 0.000000000000000000, 0.000000000000000000 ) ) ;
#6134 = VERTEX_POINT ( 'NONE', #4278 ) ;
#6135 = CYLINDRICAL_SURFACE ( 'NONE', #795, 1.499999999999999778 ) ;
#6136 = DIRECTION ( 'NONE',  ( -0.5888628737284321568, 0.8082329589569411388, 0.000000000000000000 ) ) ;
#6137 = ORIENTED_EDGE ( 'NONE', *, *, #5776, .F. ) ;
#6138 = EDGE_CURVE ( 'NONE', #2560, #2718, #3384, .T. ) ;
#6139 = EDGE_CURVE ( 'NONE', #1465, #5668, #5190, .T. ) ;
#6140 = VECTOR ( 'NONE', #5862, 1000.000000000000000 ) ;
#6141 = CARTESIAN_POINT ( 'NONE',  ( -15.40646341282404208, 172.1774080629067498, 5.434268044355651917 ) ) ;
#6142 = DIRECTION ( 'NONE',  ( -0.5788523453879270697, 0.8154323774776764955, 0.000000000000000000 ) ) ;
#6143 = CARTESIAN_POINT ( 'NONE',  ( 21.99286971539128999, 74.99999999999995737, 18.50000000000000355 ) ) ;
#6144 = CARTESIAN_POINT ( 'NONE',  ( -12.57435216595214023, 28.88140695337789055, 14.00000000000000178 ) ) ;
#6145 = FACE_OUTER_BOUND ( 'NONE', #2029, .T. ) ;
#6146 = CARTESIAN_POINT ( 'NONE',  ( 19.51661539667222911, 29.24579869704621160, 7.000000000000000000 ) ) ;
#6147 = EDGE_CURVE ( 'NONE', #4045, #1745, #2553, .T. ) ;
#6148 = EDGE_CURVE ( 'NONE', #3550, #2088, #5588, .T. ) ;
#6149 = CYLINDRICAL_SURFACE ( 'NONE', #5218, 1.500000000000005107 ) ;
#6150 = CARTESIAN_POINT ( 'NONE',  ( 31.98574451125584517, 75.37742987981195597, 17.50000000000000000 ) ) ;
#6151 = CARTESIAN_POINT ( 'NONE',  ( -29.94405998583083317, 147.8967658020065983, 20.09058338015385914 ) ) ;
#6152 = CARTESIAN_POINT ( 'NONE',  ( -17.61022444761569616, 125.6744872590222997, 5.806928021700919373 ) ) ;
#6153 = FACE_BOUND ( 'NONE', #4420, .T. ) ;
#6154 = VERTEX_POINT ( 'NONE', #50 ) ;
#6155 = ORIENTED_EDGE ( 'NONE', *, *, #436, .T. ) ;
#6156 = ORIENTED_EDGE ( 'NONE', *, *, #4830, .T. ) ;
#6157 = LINE ( 'NONE', #4577, #3331 ) ;
#6158 = DIRECTION ( 'NONE',  ( -0.000000000000000000, -0.000000000000000000, -1.000000000000000000 ) ) ;
#6159 = ORIENTED_EDGE ( 'NONE', *, *, #4945, .F. ) ;
#6160 = CARTESIAN_POINT ( 'NONE',  ( 25.60971769108784812, -8.597508378700407405, 4.733431423994137077 ) ) ;
#6161 = ORIENTED_EDGE ( 'NONE', *, *, #6102, .F. ) ;
#6162 = DIRECTION ( 'NONE',  ( -1.000000000000000000, 0.000000000000000000, 0.000000000000000000 ) ) ;
#6163 = EDGE_LOOP ( 'NONE', ( #4798, #5200, #3945, #4256, #2886, #2521 ) ) ;
#6164 = DIRECTION ( 'NONE',  ( -0.5788523453879101943, 0.8154323774776884859, 0.000000000000000000 ) ) ;
#6165 = CARTESIAN_POINT ( 'NONE',  ( 29.15740724000469442, 136.0726565445800134, 19.72229148648043306 ) ) ;
#6166 = VERTEX_POINT ( 'NONE', #553 ) ;
#6167 = AXIS2_PLACEMENT_3D ( 'NONE', #3887, #3398, #5420 ) ;
#6168 = DIRECTION ( 'NONE',  ( 0.000000000000000000, -0.000000000000000000, 1.000000000000000000 ) ) ;
#6169 = CARTESIAN_POINT ( 'NONE',  ( 17.42801794239232649, 24.50880173189344902, 15.02973904817376649 ) ) ;
#6170 =( BOUNDED_CURVE ( )  B_SPLINE_CURVE ( 3, ( #1235, #4659, #6309, #3243 ),
 .UNSPECIFIED., .F., .F. ) 
 B_SPLINE_CURVE_WITH_KNOTS ( ( 4, 4 ),
 ( 5.962758594388241740, 5.989230877719046831 ),
 .UNSPECIFIED. ) 
 CURVE ( )  GEOMETRIC_REPRESENTATION_ITEM ( )  RATIONAL_B_SPLINE_CURVE ( ( 1.000000000000000000, 0.9999416023705284262, 0.9999416023705284262, 1.000000000000000000 ) ) 
 REPRESENTATION_ITEM ( '' )  );
#6171 = DIRECTION ( 'NONE',  ( -0.000000000000000000, -0.000000000000000000, -1.000000000000000000 ) ) ;
#6172 = CARTESIAN_POINT ( 'NONE',  ( -22.27751583681980918, 127.2339941216090438, 15.45617669250258608 ) ) ;
#6173 = DIRECTION ( 'NONE',  ( 0.5888628737284321568, -0.8082329589569411388, 0.000000000000000000 ) ) ;
#6174 = CARTESIAN_POINT ( 'NONE',  ( -17.01122097318217996, 77.42066445156358157, 15.49999999999940314 ) ) ;
#6175 = FACE_OUTER_BOUND ( 'NONE', #4193, .T. ) ;
#6176 = ADVANCED_FACE ( 'NONE', ( #4514 ), #2042, .F. ) ;
#6177 = CARTESIAN_POINT ( 'NONE',  ( 278.1066884401993207, 74.99999999999994316, 5.500000000000003553 ) ) ;
#6178 = AXIS2_PLACEMENT_3D ( 'NONE', #1015, #450, #2994 ) ;
#6179 = CARTESIAN_POINT ( 'NONE',  ( 29.65792286330963989, 137.0090905385205247, 2.036171340802327645 ) ) ;
#6180 = CARTESIAN_POINT ( 'NONE',  ( 17.01123581841151733, 72.57773432605230823, 5.521870778657914869 ) ) ;
#6181 = FACE_OUTER_BOUND ( 'NONE', #3953, .T. ) ;
#6182 = EDGE_LOOP ( 'NONE', ( #3433, #4479, #4075, #4579 ) ) ;
#6183 = ORIENTED_EDGE ( 'NONE', *, *, #350, .F. ) ;
#6184 = ORIENTED_EDGE ( 'NONE', *, *, #4282, .T. ) ;
#6185 = AXIS2_PLACEMENT_3D ( 'NONE', #1237, #2126, #639 ) ;
#6186 = CARTESIAN_POINT ( 'NONE',  ( -16.84516539512982192, 77.94198765849678523, 6.210139649485222790 ) ) ;
#6187 = CARTESIAN_POINT ( 'NONE',  ( 16.22897677618470169, 79.88287567057882654, 6.844496308914736815 ) ) ;
#6188 = ORIENTED_EDGE ( 'NONE', *, *, #4263, .F. ) ;
#6189 = CARTESIAN_POINT ( 'NONE',  ( -6.145392565077020919, -26.30616201764909690, 5.281713483745862803 ) ) ;
#6190 = VERTEX_POINT ( 'NONE', #2015 ) ;
#6191 = CARTESIAN_POINT ( 'NONE',  ( 27.10937184948040368, 138.0194318485582983, 0.006693917056835725111 ) ) ;
#6192 = VERTEX_POINT ( 'NONE', #998 ) ;
#6193 = CARTESIAN_POINT ( 'NONE',  ( -3.673940397442060756E-15, 150.0000000000000000, 15.50000000000000178 ) ) ;
#6194 = ADVANCED_FACE ( 'NONE', ( #6034 ), #1032, .F. ) ;
#6195 = DIRECTION ( 'NONE',  ( 1.000000000000000000, 0.000000000000000000, 0.000000000000000000 ) ) ;
#6196 = VERTEX_POINT ( 'NONE', #6001 ) ;
#6197 = VECTOR ( 'NONE', #4447, 1000.000000000000227 ) ;
#6198 = DIRECTION ( 'NONE',  ( 1.000000000000000000, 0.000000000000000000, 0.000000000000000000 ) ) ;
#6199 = CARTESIAN_POINT ( 'NONE',  ( 29.37666863840666309, 27.78843835158042452, 2.415699828129943771 ) ) ;
#6200 = EDGE_CURVE ( 'NONE', #4135, #2189, #681, .T. ) ;
#6201 = CARTESIAN_POINT ( 'NONE',  ( -21.42116764072801161, 24.74988454414936712, 6.590054398723165008 ) ) ;
#6202 = DIRECTION ( 'NONE',  ( 1.000000000000000000, 2.679189161852926399E-15, 0.000000000000000000 ) ) ;
#6203 = CARTESIAN_POINT ( 'NONE',  ( 17.00985568025588890, 77.42738956583120569, 5.565429081048003823 ) ) ;
#6204 = CARTESIAN_POINT ( 'NONE',  ( -4.809777216266156508, 26.56869200184328150, 5.831127029973589337 ) ) ;
#6205 = DIRECTION ( 'NONE',  ( -0.000000000000000000, -0.000000000000000000, -1.000000000000000000 ) ) ;
#6206 = DIRECTION ( 'NONE',  ( 0.000000000000000000, -0.000000000000000000, -1.000000000000000000 ) ) ;
#6207 = AXIS2_PLACEMENT_3D ( 'NONE', #6210, #4192, #4631 ) ;
#6208 = CARTESIAN_POINT ( 'NONE',  ( 30.55103441749232118, 113.3629713066958971, 2.500000000000002665 ) ) ;
#6209 = CARTESIAN_POINT ( 'NONE',  ( 29.09790089312236461, 9.449153192549935909, 20.50000000000387956 ) ) ;
#6210 = CARTESIAN_POINT ( 'NONE',  ( 21.99286971539128999, 74.99999999999995737, 3.500000000000002220 ) ) ;
#6211 = ORIENTED_EDGE ( 'NONE', *, *, #3198, .F. ) ;
#6212 = AXIS2_PLACEMENT_3D ( 'NONE', #535, #5553, #595 ) ;
#6213 = VERTEX_POINT ( 'NONE', #4452 ) ;
#6214 = ORIENTED_EDGE ( 'NONE', *, *, #1167, .T. ) ;
#6215 = ADVANCED_FACE ( 'NONE', ( #2464 ), #2980, .F. ) ;
#6216 = ADVANCED_FACE ( 'NONE', ( #4484 ), #3959, .F. ) ;
#6217 = B_SPLINE_CURVE_WITH_KNOTS ( 'NONE', 3,
 ( #2592, #4616, #2559, #5614 ),
 .UNSPECIFIED., .F., .F.,
 ( 4, 4 ),
 ( 1.734723475976807094E-18, 6.679488182455544515E-05 ),
 .UNSPECIFIED. ) ;
#6218 = VECTOR ( 'NONE', #3367, 1000.000000000000000 ) ;
#6219 = CARTESIAN_POINT ( 'NONE',  ( 13.30281377362187101, 176.8938835124120885, 5.246191135592797039 ) ) ;
#6220 = AXIS2_PLACEMENT_3D ( 'NONE', #3788, #623, #5011 ) ;
#6221 = CARTESIAN_POINT ( 'NONE',  ( 29.50436269022160118, 34.39434579032442940, 18.50000000000000711 ) ) ;
#6222 = ORIENTED_EDGE ( 'NONE', *, *, #2997, .T. ) ;
#6223 = CARTESIAN_POINT ( 'NONE',  ( -23.43598409109723235, -13.41462812983076880, 5.192705444504570167 ) ) ;
#6224 = CIRCLE ( 'NONE', #596, 30.00000000000015987 ) ;
#6225 = ORIENTED_EDGE ( 'NONE', *, *, #877, .T. ) ;
#6226 = CIRCLE ( 'NONE', #3677, 1.650000000000000355 ) ;
#6227 = DIRECTION ( 'NONE',  ( -1.000000000000000000, 0.000000000000000000, 0.000000000000000000 ) ) ;
#6228 = EDGE_LOOP ( 'NONE', ( #1502, #760, #4450, #4365, #1720, #718 ) ) ;
#6229 = CARTESIAN_POINT ( 'NONE',  ( -18.38215907065804444, 23.70856865989688700, 21.00000000000001066 ) ) ;
#6230 = CARTESIAN_POINT ( 'NONE',  ( -1.518313946284953531, 51.65760016713545610, 20.12300756073981134 ) ) ;
#6231 = EDGE_LOOP ( 'NONE', ( #2884, #5638 ) ) ;
#6232 = AXIS2_PLACEMENT_3D ( 'NONE', #2796, #4295, #3312 ) ;
#6233 = LINE ( 'NONE', #5678, #6262 ) ;
#6234 = CARTESIAN_POINT ( 'NONE',  ( -1.650000000000002132, 11.00000000000000178, 11.00000000000000178 ) ) ;
#6235 = AXIS2_PLACEMENT_3D ( 'NONE', #5148, #5741, #3234 ) ;
#6236 = CARTESIAN_POINT ( 'NONE',  ( -1.650000000000001688, 15.00000000000000178, 15.66690475583125419 ) ) ;
#6237 = CARTESIAN_POINT ( 'NONE',  ( -29.61188723114461752, -4.834801486816405536, 4.205180414651468190 ) ) ;
#6238 = CARTESIAN_POINT ( 'NONE',  ( 0.9653319468908421186, 99.03636098923900022, 21.00000000000000000 ) ) ;
#6239 = VECTOR ( 'NONE', #2544, 1000.000000000000114 ) ;
#6240 = EDGE_CURVE ( 'NONE', #704, #2447, #5811, .T. ) ;
#6241 = CARTESIAN_POINT ( 'NONE',  ( 3.163686494186439546, 26.81558206682192491, 4.187019447333138800 ) ) ;
#6242 = CARTESIAN_POINT ( 'NONE',  ( 21.99286971539128999, 74.99999999999995737, 17.50000000000000000 ) ) ;
#6243 = CARTESIAN_POINT ( 'NONE',  ( -20.70519337430915385, 123.5736607189254102, 6.854196008978513888 ) ) ;
#6244 = DIRECTION ( 'NONE',  ( 0.000000000000000000, -0.000000000000000000, -1.000000000000000000 ) ) ;
#6245 = CARTESIAN_POINT ( 'NONE',  ( 22.18708898383498962, 127.0254650348320808, 5.877187604043869307 ) ) ;
#6246 = CYLINDRICAL_SURFACE ( 'NONE', #583, 1.650000000000015010 ) ;
#6247 = ORIENTED_EDGE ( 'NONE', *, *, #2808, .F. ) ;
#6248 = ORIENTED_EDGE ( 'NONE', *, *, #3528, .T. ) ;
#6249 = VERTEX_POINT ( 'NONE', #4980 ) ;
#6250 = VERTEX_POINT ( 'NONE', #2935 ) ;
#6251 =( BOUNDED_CURVE ( )  B_SPLINE_CURVE ( 3, ( #4593, #6111, #2601, #1170 ),
 .UNSPECIFIED., .F., .F. ) 
 B_SPLINE_CURVE_WITH_KNOTS ( ( 4, 4 ),
 ( 1.570796326794897890, 3.097959422289935372 ),
 .UNSPECIFIED. ) 
 CURVE ( )  GEOMETRIC_REPRESENTATION_ITEM ( )  RATIONAL_B_SPLINE_CURVE ( ( 1.000000000000000000, 0.8149093080398372990, 0.8149093080398372990, 1.000000000000000000 ) ) 
 REPRESENTATION_ITEM ( '' )  );
#6252 = CARTESIAN_POINT ( 'NONE',  ( 26.95199381682408202, 163.1846248148568463, 5.176251241897747768 ) ) ;
#6253 = FACE_OUTER_BOUND ( 'NONE', #200, .T. ) ;
#6254 = EDGE_LOOP ( 'NONE', ( #2986, #1000, #4306 ) ) ;
#6255 = CARTESIAN_POINT ( 'NONE',  ( -16.03466805310923604, 75.70332215241711538, 21.00000000000000000 ) ) ;
#6256 = ORIENTED_EDGE ( 'NONE', *, *, #1917, .F. ) ;
#6257 = CARTESIAN_POINT ( 'NONE',  ( 4.420326561709047475, 176.6503232067940417, 5.261288543963333453 ) ) ;
#6258 = LINE ( 'NONE', #5731, #481 ) ;
#6259 = EDGE_CURVE ( 'NONE', #5070, #1322, #4844, .T. ) ;
#6260 = FACE_OUTER_BOUND ( 'NONE', #5062, .T. ) ;
#6261 = EDGE_CURVE ( 'NONE', #5233, #6112, #4335, .T. ) ;
#6262 = VECTOR ( 'NONE', #1787, 1000.000000000000000 ) ;
#6263 = CARTESIAN_POINT ( 'NONE',  ( 49.17338902963631142, 35.82677847278987571, 5.500000000000000000 ) ) ;
#6264 = EDGE_LOOP ( 'NONE', ( #3824, #4165, #2687, #1846, #3090 ) ) ;
#6265 = CARTESIAN_POINT ( 'NONE',  ( 0.000000000000000000, 0.000000000000000000, 14.00000000000000178 ) ) ;
#6266 = ORIENTED_EDGE ( 'NONE', *, *, #976, .F. ) ;
#6267 = LINE ( 'NONE', #3721, #3678 ) ;
#6268 = DIRECTION ( 'NONE',  ( -0.000000000000000000, -0.000000000000000000, -1.000000000000000000 ) ) ;
#6269 = CARTESIAN_POINT ( 'NONE',  ( -11.95533498345505841, -27.51931372410340870, 5.204443182144558477 ) ) ;
#6270 = EDGE_CURVE ( 'NONE', #3248, #5238, #2660, .T. ) ;
#6271 = DIRECTION ( 'NONE',  ( 1.000000000000000000, 0.000000000000000000, 0.000000000000000000 ) ) ;
#6272 = AXIS2_PLACEMENT_3D ( 'NONE', #6094, #5163, #1615 ) ;
#6273 = DIRECTION ( 'NONE',  ( 0.5888628737284323789, 0.8082329589569410278, 0.000000000000000000 ) ) ;
#6274 = CARTESIAN_POINT ( 'NONE',  ( -16.82095946235165940, 124.8912897498869796, 14.71070863733559975 ) ) ;
#6275 = AXIS2_PLACEMENT_3D ( 'NONE', #5961, #1485, #5925 ) ;
#6276 = CARTESIAN_POINT ( 'NONE',  ( -22.25210838854841100, 127.1754313001407013, 5.710500577941366451 ) ) ;
#6277 = CARTESIAN_POINT ( 'NONE',  ( 29.92496611224727943, 129.9388242600689978, 2.892371832833918965 ) ) ;
#6278 = CARTESIAN_POINT ( 'NONE',  ( 21.77209955190323143, 126.0654976448799260, 6.356745460413346649 ) ) ;
#6279 = ORIENTED_EDGE ( 'NONE', *, *, #1748, .F. ) ;
#6280 = ORIENTED_EDGE ( 'NONE', *, *, #3097, .F. ) ;
#6281 = CIRCLE ( 'NONE', #2515, 262.6066884401992638 ) ;
#6282 = CARTESIAN_POINT ( 'NONE',  ( -6.352930904678236068, 179.3238062251379290, 5.061892558093887828 ) ) ;
#6283 = AXIS2_PLACEMENT_3D ( 'NONE', #2301, #406, #1822 ) ;
#6284 = CARTESIAN_POINT ( 'NONE',  ( 29.12675776291784047, 11.69322806849261731, 20.05060806724438649 ) ) ;
#6285 = ORIENTED_EDGE ( 'NONE', *, *, #2585, .T. ) ;
#6286 = EDGE_CURVE ( 'NONE', #1108, #670, #4401, .T. ) ;
#6287 = DIRECTION ( 'NONE',  ( 0.000000000000000000, 0.000000000000000000, -1.000000000000000000 ) ) ;
#6288 = CARTESIAN_POINT ( 'NONE',  ( 19.51661539667222911, 29.24579869704622226, 14.00000000000000178 ) ) ;
#6289 = ORIENTED_EDGE ( 'NONE', *, *, #40, .T. ) ;
#6290 = ORIENTED_EDGE ( 'NONE', *, *, #3240, .F. ) ;
#6291 = CIRCLE ( 'NONE', #357, 261.1066884401992638 ) ;
#6292 = CARTESIAN_POINT ( 'NONE',  ( -22.74352805311352910, 164.5578481505429522, 5.267911119530455544 ) ) ;
#6293 = ORIENTED_EDGE ( 'NONE', *, *, #3999, .F. ) ;
#6294 = CARTESIAN_POINT ( 'NONE',  ( -29.48475783223175739, 144.4625335153099002, 2.070754870184559504 ) ) ;
#6295 = ORIENTED_EDGE ( 'NONE', *, *, #4610, .T. ) ;
#6296 = ORIENTED_EDGE ( 'NONE', *, *, #3670, .T. ) ;
#6297 = ADVANCED_FACE ( 'NONE', ( #3427 ), #5442, .F. ) ;
#6298 = DIRECTION ( 'NONE',  ( -0.5788523453879101943, -0.8154323774776884859, 0.000000000000000000 ) ) ;
#6299 = EDGE_LOOP ( 'NONE', ( #6184, #2367, #2643, #5316 ) ) ;
#6300 = FACE_OUTER_BOUND ( 'NONE', #2498, .T. ) ;
#6301 = DIRECTION ( 'NONE',  ( -1.000000000000000000, 0.000000000000000000, 0.000000000000000000 ) ) ;
#6302 = CARTESIAN_POINT ( 'NONE',  ( 21.18250163357487637, 124.6930623641563614, 14.30674332156892170 ) ) ;
#6303 = DIRECTION ( 'NONE',  ( 1.000000000000000000, 0.000000000000000000, 0.000000000000000000 ) ) ;
#6304 = VECTOR ( 'NONE', #5345, 1000.000000000000000 ) ;
#6305 = ORIENTED_EDGE ( 'NONE', *, *, #4492, .F. ) ;
#6306 = DIRECTION ( 'NONE',  ( 1.000000000000000000, 0.000000000000000000, 0.000000000000000000 ) ) ;
#6307 = FACE_BOUND ( 'NONE', #2394, .T. ) ;
#6308 = CARTESIAN_POINT ( 'NONE',  ( -2.681970067347046242E-15, 46.59496372415127752, 14.00000000000000178 ) ) ;
#6309 = CARTESIAN_POINT ( 'NONE',  ( -18.17294631277524886, 126.1292206959188889, 1.756783972518491277 ) ) ;
#6310 = CARTESIAN_POINT ( 'NONE',  ( 29.92907455377393333, 129.8300487126561791, 2.181562764344560978 ) ) ;
#6311 = CARTESIAN_POINT ( 'NONE',  ( 23.99918072960906557, 130.0774651082687967, 0.000000000000000000 ) ) ;
#6312 = DIRECTION ( 'NONE',  ( -0.8082329589569416939, 0.5888628737284314907, 0.000000000000000000 ) ) ;
#6313 = ORIENTED_EDGE ( 'NONE', *, *, #1182, .T. ) ;
#6314 = ORIENTED_EDGE ( 'NONE', *, *, #3161, .T. ) ;
#6315 = VERTEX_POINT ( 'NONE', #2904 ) ;
#6316 = CARTESIAN_POINT ( 'NONE',  ( 13.98352733526739300, 74.15442965048906387, 7.000000000000000000 ) ) ;
#6317 = CARTESIAN_POINT ( 'NONE',  ( 29.05899357387930593, 157.7052496974377220, 4.637100201199574556 ) ) ;
#6318 = CARTESIAN_POINT ( 'NONE',  ( 16.84516184781472958, 77.94199875972296354, 6.210146777080056246 ) ) ;
#6319 = CYLINDRICAL_SURFACE ( 'NONE', #5049, 261.1066884401992638 ) ;
#6320 = CARTESIAN_POINT ( 'NONE',  ( 19.75301251653529633, 28.68074283664768132, 14.00000000000000178 ) ) ;
#6321 = VERTEX_POINT ( 'NONE', #3877 ) ;
#6322 = AXIS2_PLACEMENT_3D ( 'NONE', #5411, #6353, #5369 ) ;
#6323 = CIRCLE ( 'NONE', #1529, 261.1066884401993207 ) ;
#6324 = EDGE_CURVE ( 'NONE', #2744, #985, #2963, .T. ) ;
#6325 = CARTESIAN_POINT ( 'NONE',  ( -22.98169331322574749, 164.1788353060680663, 5.244462593437956954 ) ) ;
#6326 = DIRECTION ( 'NONE',  ( 0.000000000000000000, 0.000000000000000000, -1.000000000000000000 ) ) ;
#6327 = EDGE_LOOP ( 'NONE', ( #1899, #5523, #362, #2721, #5106, #4539 ) ) ;
#6328 = CARTESIAN_POINT ( 'NONE',  ( 29.10647805531969823, 139.8882301149978389, 0.6291576134397699471 ) ) ;
#6329 = ORIENTED_EDGE ( 'NONE', *, *, #833, .F. ) ;
#6330 = VECTOR ( 'NONE', #5851, 1000.000000000000000 ) ;
#6331 = B_SPLINE_CURVE_WITH_KNOTS ( 'NONE', 3,
 ( #3395, #5894, #1839, #1382 ),
 .UNSPECIFIED., .F., .F.,
 ( 4, 4 ),
 ( 0.000000000000000000, 6.578796115684082955E-05 ),
 .UNSPECIFIED. ) ;
#6332 = CARTESIAN_POINT ( 'NONE',  ( 1.816043739957004188, 51.65576454715237986, 14.58680187058797806 ) ) ;
#6333 = ORIENTED_EDGE ( 'NONE', *, *, #2659, .T. ) ;
#6334 = CARTESIAN_POINT ( 'NONE',  ( -17.74817186027528848, 125.8131772318449890, 15.49999999999962519 ) ) ;
#6335 = CARTESIAN_POINT ( 'NONE',  ( -30.00000000000000000, 4.408565490272189937E-15, 3.312032733496152126 ) ) ;
#6336 = CARTESIAN_POINT ( 'NONE',  ( -29.81301312646384716, -3.379581933007825167, 3.962547931219727371 ) ) ;
#6337 = EDGE_CURVE ( 'NONE', #5605, #4988, #5056, .T. ) ;
#6338 = ADVANCED_FACE ( 'NONE', ( #4438 ), #5960, .F. ) ;
#6339 = CARTESIAN_POINT ( 'NONE',  ( 30.00000000000000000, 3.673940397442058389E-15, 21.00000000000000000 ) ) ;
#6340 = VECTOR ( 'NONE', #2566, 1000.000000000000227 ) ;
#6341 = CARTESIAN_POINT ( 'NONE',  ( -3.673940397442060756E-15, 150.0000000000000000, 21.00000000000000000 ) ) ;
#6342 = DIRECTION ( 'NONE',  ( 0.000000000000000000, 0.000000000000000000, 1.000000000000000000 ) ) ;
#6343 = CARTESIAN_POINT ( 'NONE',  ( 16.41845417155993303, 70.71633612977508676, 14.28518420570394021 ) ) ;
#6344 = AXIS2_PLACEMENT_3D ( 'NONE', #4152, #2236, #6301 ) ;
#6345 = PLANE ( 'NONE',  #3786 ) ;
#6346 = DIRECTION ( 'NONE',  ( 0.000000000000000000, -0.000000000000000000, -1.000000000000000000 ) ) ;
#6347 = DIRECTION ( 'NONE',  ( 0.5888628737284321568, -0.8082329589569411388, 1.119559437274922296E-20 ) ) ;
#6348 = EDGE_CURVE ( 'NONE', #2742, #2552, #4932, .T. ) ;
#6349 = ADVANCED_FACE ( 'NONE', ( #988 ), #2386, .F. ) ;
#6350 = CARTESIAN_POINT ( 'NONE',  ( -278.1066884401993207, 75.00000000000000000, 14.00000000000000178 ) ) ;
#6351 = VERTEX_POINT ( 'NONE', #4300 ) ;
#6352 = ORIENTED_EDGE ( 'NONE', *, *, #4236, .F. ) ;
#6353 = DIRECTION ( 'NONE',  ( -0.000000000000000000, 0.000000000000000000, 1.000000000000000000 ) ) ;
#6354 = CARTESIAN_POINT ( 'NONE',  ( -16.30586857193764772, 175.1865595363691455, 5.340157957254566767 ) ) ;
#6355 = CARTESIAN_POINT ( 'NONE',  ( 29.57579986333302458, 10.81661192828999596, 1.629405478775511007 ) ) ;
#6356 = EDGE_LOOP ( 'NONE', ( #4241, #3095, #4826, #452, #3817, #2847 ) ) ;
#6357 = CARTESIAN_POINT ( 'NONE',  ( -12.57435216595292715, 121.1185930466224505, 7.000000000000000000 ) ) ;
#6358 = LINE ( 'NONE', #4832, #4231 ) ;
#6359 = EDGE_CURVE ( 'NONE', #348, #1051, #6434, .T. ) ;
#6360 = ORIENTED_EDGE ( 'NONE', *, *, #5379, .F. ) ;
#6361 = CARTESIAN_POINT ( 'NONE',  ( 13.57311397376805573, 173.4073999182073749, 5.411293265642537875 ) ) ;
#6362 = DIRECTION ( 'NONE',  ( 0.000000000000000000, 0.000000000000000000, -1.000000000000000000 ) ) ;
#6363 = ORIENTED_EDGE ( 'NONE', *, *, #1708, .F. ) ;
#6364 = CARTESIAN_POINT ( 'NONE',  ( 29.16551195410232822, 135.5001453891377423, 1.353624256033624462 ) ) ;
#6365 = ORIENTED_EDGE ( 'NONE', *, *, #465, .F. ) ;
#6366 = DIRECTION ( 'NONE',  ( 0.000000000000000000, 0.000000000000000000, 1.000000000000000000 ) ) ;
#6367 = ORIENTED_EDGE ( 'NONE', *, *, #5467, .F. ) ;
#6368 = CARTESIAN_POINT ( 'NONE',  ( -28.28248938683697133, 141.4470320224745592, 1.119383681245282425 ) ) ;
#6369 = CARTESIAN_POINT ( 'NONE',  ( 22.39905047270378091, 127.8233531053402885, 21.00000000000000000 ) ) ;
#6370 = CARTESIAN_POINT ( 'NONE',  ( -1.955495034318003533, -29.95258931620614717, 5.004534984803135522 ) ) ;
#6371 = CARTESIAN_POINT ( 'NONE',  ( -27.00000000000079581, 0.5233156830797106585, 3.202124223177562179 ) ) ;
#6372 = ORIENTED_EDGE ( 'NONE', *, *, #4996, .F. ) ;
#6373 = CARTESIAN_POINT ( 'NONE',  ( 29.99105393848227052, 149.2674130365296890, 21.00000000000000000 ) ) ;
#6374 = CARTESIAN_POINT ( 'NONE',  ( 29.39313292473996952, 5.980302074885038621, 19.99820572810438080 ) ) ;
#6375 = CARTESIAN_POINT ( 'NONE',  ( -22.31889962375380776, 22.56576214606606356, 3.661915385619642471 ) ) ;
#6376 = CARTESIAN_POINT ( 'NONE',  ( 29.21575258619309778, 143.1820963340628339, 20.60844604380106659 ) ) ;
#6377 = CARTESIAN_POINT ( 'NONE',  ( 29.99999999999999645, 147.9788821295483388, 2.887550797444947026 ) ) ;
#6378 = CARTESIAN_POINT ( 'NONE',  ( 19.57652342990254368, 120.8973984166986213, 7.000000000000000000 ) ) ;
#6379 = CARTESIAN_POINT ( 'NONE',  ( 1.530808498934189352E-14, 150.0000000000009948, 8.000000000000001776 ) ) ;
#6380 = ORIENTED_EDGE ( 'NONE', *, *, #6398, .T. ) ;
#6381 = ORIENTED_EDGE ( 'NONE', *, *, #3750, .T. ) ;
#6382 = AXIS2_PLACEMENT_3D ( 'NONE', #4077, #3158, #2685 ) ;
#6383 = ADVANCED_FACE ( 'NONE', ( #2448 ), #10, .T. ) ;
#6384 = EDGE_CURVE ( 'NONE', #3654, #2996, #4017, .T. ) ;
#6385 = CARTESIAN_POINT ( 'NONE',  ( 33.78383460976219510, 1.276012048267378463, 17.50000000000000000 ) ) ;
#6386 = CARTESIAN_POINT ( 'NONE',  ( -26.08149691479095011, 164.9536729502232504, 5.303634220183567116 ) ) ;
#6387 = CARTESIAN_POINT ( 'NONE',  ( 26.61437827766149766, 75.00000000000007105, 28.50000000000000355 ) ) ;
#6388 = CARTESIAN_POINT ( 'NONE',  ( -13.98352733526739300, 74.15442965048906387, 14.00000000000000178 ) ) ;
#6389 = VERTEX_POINT ( 'NONE', #1545 ) ;
#6390 = DIRECTION ( 'NONE',  ( -0.000000000000000000, 0.000000000000000000, -1.000000000000000000 ) ) ;
#6391 = CARTESIAN_POINT ( 'NONE',  ( 28.92802662040234196, 8.663451214859382077, 20.73685246018487405 ) ) ;
#6392 = VERTEX_POINT ( 'NONE', #3488 ) ;
#6393 = CARTESIAN_POINT ( 'NONE',  ( 3.616294504566617718, 51.64466530096243702, 7.000000000000000000 ) ) ;
#6394 = CARTESIAN_POINT ( 'NONE',  ( -16.10098698232307157, 69.71076387710401434, 14.09648128935825362 ) ) ;
#6395 = ORIENTED_EDGE ( 'NONE', *, *, #3503, .F. ) ;
#6396 = DIRECTION ( 'NONE',  ( 0.000000000000000000, -0.000000000000000000, -1.000000000000000000 ) ) ;
#6397 = ORIENTED_EDGE ( 'NONE', *, *, #1584, .T. ) ;
#6398 = EDGE_CURVE ( 'NONE', #6192, #3891, #3613, .T. ) ;
#6399 = CARTESIAN_POINT ( 'NONE',  ( -16.22899093987518526, 70.11716922170167265, 6.844488484086455493 ) ) ;
#6400 = ORIENTED_EDGE ( 'NONE', *, *, #3237, .T. ) ;
#6401 = CARTESIAN_POINT ( 'NONE',  ( -17.00997526639644875, 72.71369882019250497, 3.664758746071640427 ) ) ;
#6402 = CARTESIAN_POINT ( 'NONE',  ( 0.000000000000000000, 53.81555795325517266, 19.37714268341647994 ) ) ;
#6403 = CARTESIAN_POINT ( 'NONE',  ( -18.38215907066006594, 126.2914313401049213, 0.000000000000000000 ) ) ;
#6404 = CARTESIAN_POINT ( 'NONE',  ( 28.60161087268664559, 7.164753398817399699, 20.97870082461714603 ) ) ;
#6405 = B_SPLINE_CURVE_WITH_KNOTS ( 'NONE', 3,
 ( #4198, #4301, #4699, #5227, #5826, #763, #4728, #6317, #1837, #3809, #2740, #6252, #3321, #1774, #3252, #5789, #4828, #1743, #3707, #2253, #3738, #734, #6219, #3218, #5756, #1275, #2219, #5259, #351, #257, #5299, #319, #794, #1343, #5336, #6282, #387, #2835, #2772, #4766, #1804, #2354, #3770, #1308, #4336, #3285, #6354, #827, #1213, #3189, #5198, #2711, #2905, #6386, #4965, #1901, #3978, #5412, #4898, #456, #11, #960, #2449, #2999, #516, #4997 ),
 .UNSPECIFIED., .F., .F.,
 ( 4, 2, 2, 2, 2, 2, 2, 2, 2, 2, 2, 2, 2, 2, 2, 2, 2, 2, 2, 2, 2, 2, 2, 2, 2, 2, 2, 2, 2, 2, 2, 2, 4 ),
 ( 0.006190957716413131480, 0.009131749519329730030, 0.01060214542078807137, 0.01207254132224641271, 0.01795412492807969482, 0.01942452082953799800, 0.02089491673099629424, 0.02383570853391282773, 0.02971729213974596412, 0.03559887574557910050, 0.03853966754849566523, 0.04001006344995394759, 0.04148045935141222995, 0.04736204295724539409, 0.04883243885870368339, 0.05030283476016197269, 0.05324362656307855129, 0.05912521016891170850, 0.06059560607037000474, 0.06206600197182829404, 0.06500679377474487264, 0.06794758557766145124, 0.06941798147911976136, 0.07088837738057805760, 0.07676996098641129807, 0.07971075278932794606, 0.08265154459224458017, 0.08853312819807780676, 0.09147392000099441312, 0.09441471180391101947, 0.09735550360682763971, 0.09882589950828593595, 0.1002962954097442322 ),
 .UNSPECIFIED. ) ;
#6406 = VERTEX_POINT ( 'NONE', #541 ) ;
#6407 = CARTESIAN_POINT ( 'NONE',  ( 29.48860552748278252, 141.4919548483892697, 1.131011003816656535 ) ) ;
#6408 = EDGE_CURVE ( 'NONE', #2777, #3302, #6082, .T. ) ;
#6409 = CARTESIAN_POINT ( 'NONE',  ( 28.34671358076379377, 6.005025115207801356, 20.99700954684063348 ) ) ;
#6410 = CARTESIAN_POINT ( 'NONE',  ( -278.1066884401993207, 75.00000000000000000, 0.000000000000000000 ) ) ;
#6411 = B_SPLINE_CURVE_WITH_KNOTS ( 'NONE', 3,
 ( #2588, #1189, #4145, #4173, #141, #1589, #1686, #2105 ),
 .UNSPECIFIED., .F., .F.,
 ( 4, 2, 2, 4 ),
 ( -0.002320137049720523165, -0.0004141940423995592313, 0.001491748964921404703, 0.005303634979563333005 ),
 .UNSPECIFIED. ) ;
#6412 = DIRECTION ( 'NONE',  ( -0.5788523453879269587, 0.8154323774776764955, 0.000000000000000000 ) ) ;
#6413 = DIRECTION ( 'NONE',  ( 1.000000000000000000, 4.996003610813205063E-14, 0.000000000000000000 ) ) ;
#6414 = CARTESIAN_POINT ( 'NONE',  ( 13.50822588633143972, 121.8877984440794222, 14.02579511090410946 ) ) ;
#6415 = AXIS2_PLACEMENT_3D ( 'NONE', #1811, #5797, #263 ) ;
#6416 = CARTESIAN_POINT ( 'NONE',  ( -17.01122097318217996, 77.42066445156358157, 15.49999999999940314 ) ) ;
#6417 = ORIENTED_EDGE ( 'NONE', *, *, #3137, .T. ) ;
#6418 = AXIS2_PLACEMENT_3D ( 'NONE', #551, #1390, #5450 ) ;
#6419 = CARTESIAN_POINT ( 'NONE',  ( 22.25210911150120197, 22.82456703341336635, 5.710497666516188175 ) ) ;
#6420 = CARTESIAN_POINT ( 'NONE',  ( 26.51380934594306993, 5.204172597399030487, 2.078442467103565505 ) ) ;
#6421 = CARTESIAN_POINT ( 'NONE',  ( 29.92892113322531600, 20.16588930809952629, 2.901281362478831838 ) ) ;
#6422 = CYLINDRICAL_SURFACE ( 'NONE', #4978, 26.99999999999999645 ) ;
#6423 = CARTESIAN_POINT ( 'NONE',  ( 1.471150456955551578, 98.34210905160823302, 0.000000000000000000 ) ) ;
#6424 = CARTESIAN_POINT ( 'NONE',  ( 17.00883327770663200, 77.15193698649582643, 1.831425048596457161 ) ) ;
#6425 = EDGE_CURVE ( 'NONE', #5197, #3005, #1534, .T. ) ;
#6426 = EDGE_CURVE ( 'NONE', #3259, #4268, #6052, .T. ) ;
#6427 = ORIENTED_EDGE ( 'NONE', *, *, #4205, .T. ) ;
#6428 = CYLINDRICAL_SURFACE ( 'NONE', #2613, 1.650000000000003242 ) ;
#6429 = CARTESIAN_POINT ( 'NONE',  ( -16.66616096458306728, 71.49663565812085153, 14.52273097372590982 ) ) ;
#6430 = EDGE_LOOP ( 'NONE', ( #5408, #4725, #626, #1868 ) ) ;
#6431 = CYLINDRICAL_SURFACE ( 'NONE', #4107, 30.00000000000015987 ) ;
#6432 = ORIENTED_EDGE ( 'NONE', *, *, #2164, .T. ) ;
#6433 = ORIENTED_EDGE ( 'NONE', *, *, #2312, .F. ) ;
#6434 = CIRCLE ( 'NONE', #6113, 1.000000000000000000 ) ;
#6435 = FACE_BOUND ( 'NONE', #3360, .T. ) ;
#6436 = AXIS2_PLACEMENT_3D ( 'NONE', #2170, #4147, #2625 ) ;
#6437 = EDGE_LOOP ( 'NONE', ( #3806, #5225, #5441, #3166 ) ) ;
#6438 = DIRECTION ( 'NONE',  ( 5.881243339847807402E-18, 0.07394153448179145716, -0.9972625779996349138 ) ) ;
#6439 = CARTESIAN_POINT ( 'NONE',  ( 28.45334970541364328, -9.558639436449769988, 4.845322222308483973 ) ) ;
#6440 = VECTOR ( 'NONE', #1017, 1000.000000000000227 ) ;
#6442 = EDGE_CURVE ( 'NONE', #4202, #4375, #4595, .T. ) ;
#6441 = ORIENTED_EDGE ( 'NONE', *, *, #1090, .T. ) ;
ENDSEC;
END-ISO-10303-21;
