ISO-10303-21;
HEADER;
FILE_DESCRIPTION (( 'STEP AP214' ),
    '1' );
FILE_NAME ('Link_2_base.STEP',
    '2026-08-20T20:50:08',
    ( '' ),
    ( '' ),
    'SwSTEP 2.0',
    'SolidWorks 2025',
    '' );
FILE_SCHEMA (( 'AUTOMOTIVE_DESIGN' ));
ENDSEC;

DATA;
#1 = CARTESIAN_POINT ( 'NONE',  ( 17.97197622313965937, -16.58921000082071373, 7.390573940194566482 ) ) ;
#2 = FACE_BOUND ( 'NONE', #775, .T. ) ;
#3 = ORIENTED_EDGE ( 'NONE', *, *, #1741, .T. ) ;
#4 = CARTESIAN_POINT ( 'NONE',  ( -1.298432143576257802, -22.00000000000000000, 7.024011621360361168 ) ) ;
#5 = FACE_OUTER_BOUND ( 'NONE', #905, .T. ) ;
#6 = CARTESIAN_POINT ( 'NONE',  ( 0.000000000000000000, 0.000000000000000000, 0.000000000000000000 ) ) ;
#7 = ORIENTED_EDGE ( 'NONE', *, *, #1515, .F. ) ;
#8 = CARTESIAN_POINT ( 'NONE',  ( 9.119939986136566645, -18.84195931352332209, 0.3450320552153073317 ) ) ;
#9 = CARTESIAN_POINT ( 'NONE',  ( -25.74999999999998934, 1.102182119232618108E-15, 2.000000000000000000 ) ) ;
#10 = ORIENTED_EDGE ( 'NONE', *, *, #2756, .F. ) ;
#11 = CARTESIAN_POINT ( 'NONE',  ( -1.999999999999991340, 22.00000000000000355, 5.999999999999997335 ) ) ;
#12 = DIRECTION ( 'NONE',  ( -0.000000000000000000, -0.000000000000000000, 1.000000000000000000 ) ) ;
#13 = VERTEX_POINT ( 'NONE', #163 ) ;
#14 = AXIS2_PLACEMENT_3D ( 'NONE', #480, #1552, #1025 ) ;
#15 = DIRECTION ( 'NONE',  ( 0.09950371902099870713, 0.9950371902099891530, -0.000000000000000000 ) ) ;
#16 = CARTESIAN_POINT ( 'NONE',  ( 8.024814048950055678, 16.17258078454454306, 0.000000000000000000 ) ) ;
#17 = AXIS2_PLACEMENT_3D ( 'NONE', #1503, #465, #3279 ) ;
#18 = VERTEX_POINT ( 'NONE', #653 ) ;
#19 = ADVANCED_FACE ( 'NONE', ( #1971 ), #2981, .T. ) ;
#20 = CARTESIAN_POINT ( 'NONE',  ( -1.980198019801972853, 22.19801980198018754, 7.999999999999996447 ) ) ;
#21 = DIRECTION ( 'NONE',  ( -0.7035975447302874608, -0.07035975447303439989, 0.7071067811865514585 ) ) ;
#22 = DIRECTION ( 'NONE',  ( 0.000000000000000000, 0.000000000000000000, 1.000000000000000000 ) ) ;
#23 = ORIENTED_EDGE ( 'NONE', *, *, #1600, .T. ) ;
#24 = CARTESIAN_POINT ( 'NONE',  ( 9.719416103405585261, -19.45923763398005590, 0.6408291232786533786 ) ) ;
#25 = DIRECTION ( 'NONE',  ( 0.000000000000000000, 0.000000000000000000, -1.000000000000000000 ) ) ;
#26 = ORIENTED_EDGE ( 'NONE', *, *, #857, .F. ) ;
#27 =( BOUNDED_CURVE ( )  B_SPLINE_CURVE ( 3, ( #3126, #2905, #2888, #1333 ),
 .UNSPECIFIED., .F., .F. ) 
 B_SPLINE_CURVE_WITH_KNOTS ( ( 4, 4 ),
 ( 1.192264241874023911, 1.570796326794897668 ),
 .UNSPECIFIED. ) 
 CURVE ( )  GEOMETRIC_REPRESENTATION_ITEM ( )  RATIONAL_B_SPLINE_CURVE ( ( 1.000000000000000000, 0.9880950566766572019, 0.9880950566766572019, 1.000000000000000000 ) ) 
 REPRESENTATION_ITEM ( '' )  );
#28 = EDGE_CURVE ( 'NONE', #1120, #466, #428, .T. ) ;
#29 = DIRECTION ( 'NONE',  ( 1.000000000000000000, 1.826024711554533913E-16, 0.000000000000000000 ) ) ;
#30 = CIRCLE ( 'NONE', #922, 22.00000000000000000 ) ;
#31 = CIRCLE ( 'NONE', #1899, 1.399999999999999911 ) ;
#32 = DIRECTION ( 'NONE',  ( 1.334402673828313339E-16, -4.336808689942016750E-16, -1.000000000000000000 ) ) ;
#33 = ORIENTED_EDGE ( 'NONE', *, *, #3234, .F. ) ;
#34 = ORIENTED_EDGE ( 'NONE', *, *, #1028, .F. ) ;
#35 = AXIS2_PLACEMENT_3D ( 'NONE', #3045, #1984, #2749 ) ;
#36 = EDGE_CURVE ( 'NONE', #2430, #146, #2734, .T. ) ;
#37 = EDGE_CURVE ( 'NONE', #2940, #740, #1795, .T. ) ;
#38 = AXIS2_PLACEMENT_3D ( 'NONE', #547, #2376, #95 ) ;
#39 = DIRECTION ( 'NONE',  ( -0.000000000000000000, -0.000000000000000000, 1.000000000000000000 ) ) ;
#40 = FACE_OUTER_BOUND ( 'NONE', #719, .T. ) ;
#41 = ORIENTED_EDGE ( 'NONE', *, *, #3157, .F. ) ;
#42 = DIRECTION ( 'NONE',  ( 0.000000000000000000, -1.000000000000000000, 0.000000000000000000 ) ) ;
#43 = DIRECTION ( 'NONE',  ( -2.775557561562891351E-16, -1.000000000000000000, 0.000000000000000000 ) ) ;
#44 = ORIENTED_EDGE ( 'NONE', *, *, #349, .T. ) ;
#45 = CARTESIAN_POINT ( 'NONE',  ( 8.178740849306347371, -16.99999999999999289, 0.000000000000000000 ) ) ;
#46 = CARTESIAN_POINT ( 'NONE',  ( -38.00000000000001421, 19.00000000000000355, 19.00000000000000000 ) ) ;
#47 = FACE_OUTER_BOUND ( 'NONE', #1855, .T. ) ;
#48 = ORIENTED_EDGE ( 'NONE', *, *, #1663, .F. ) ;
#49 = CARTESIAN_POINT ( 'NONE',  ( 7.999999999999986677, 19.00000000000000355, 8.000000000000000000 ) ) ;
#50 = EDGE_CURVE ( 'NONE', #2430, #1066, #751, .T. ) ;
#51 = CARTESIAN_POINT ( 'NONE',  ( 55.00000000000000000, 16.50000000000000355, -3.000000000000000000 ) ) ;
#52 = DIRECTION ( 'NONE',  ( 0.000000000000000000, 1.000000000000000000, 0.000000000000000000 ) ) ;
#53 = ORIENTED_EDGE ( 'NONE', *, *, #2497, .T. ) ;
#54 = ORIENTED_EDGE ( 'NONE', *, *, #2301, .F. ) ;
#55 = EDGE_CURVE ( 'NONE', #114, #1207, #2998, .T. ) ;
#56 = VECTOR ( 'NONE', #2440, 1000.000000000000000 ) ;
#57 = CARTESIAN_POINT ( 'NONE',  ( 52.90000000000001279, -14.59952611956460800, 23.50000000000000000 ) ) ;
#58 = DIRECTION ( 'NONE',  ( -0.000000000000000000, -0.000000000000000000, -1.000000000000000000 ) ) ;
#59 = VERTEX_POINT ( 'NONE', #2674 ) ;
#60 = CARTESIAN_POINT ( 'NONE',  ( 17.88718728738011876, 17.16465279271604771, 7.782138346688149078 ) ) ;
#61 = DIRECTION ( 'NONE',  ( 1.000000000000000000, 0.000000000000000000, 0.000000000000000000 ) ) ;
#62 = VERTEX_POINT ( 'NONE', #376 ) ;
#63 = DIRECTION ( 'NONE',  ( -0.000000000000000000, -0.000000000000000000, 1.000000000000000000 ) ) ;
#64 = DIRECTION ( 'NONE',  ( 1.259073490628327937E-16, 0.000000000000000000, -1.000000000000000000 ) ) ;
#65 = DIRECTION ( 'NONE',  ( 0.000000000000000000, 0.000000000000000000, -1.000000000000000000 ) ) ;
#66 = DIRECTION ( 'NONE',  ( 0.9950371902099891530, -0.09950371902099863775, -0.000000000000000000 ) ) ;
#67 = EDGE_CURVE ( 'NONE', #2849, #18, #259, .T. ) ;
#68 = CARTESIAN_POINT ( 'NONE',  ( 55.00000000000000711, -13.50000000000000000, 5.499999999999996447 ) ) ;
#69 = FACE_OUTER_BOUND ( 'NONE', #3255, .T. ) ;
#70 = VERTEX_POINT ( 'NONE', #750 ) ;
#71 = ORIENTED_EDGE ( 'NONE', *, *, #2668, .F. ) ;
#72 = DIRECTION ( 'NONE',  ( 1.000000000000000000, 0.000000000000000000, 0.000000000000000000 ) ) ;
#73 = FACE_OUTER_BOUND ( 'NONE', #2807, .T. ) ;
#74 = EDGE_CURVE ( 'NONE', #1128, #375, #2840, .T. ) ;
#75 = ORIENTED_EDGE ( 'NONE', *, *, #374, .T. ) ;
#76 = CARTESIAN_POINT ( 'NONE',  ( 18.00000000000001066, 16.00000000000000000, 5.999999999999998224 ) ) ;
#77 = VECTOR ( 'NONE', #1102, 1000.000000000000000 ) ;
#78 = CARTESIAN_POINT ( 'NONE',  ( -44.99999999999999289, 10.49999999999999822, 8.000000000000000000 ) ) ;
#79 = AXIS2_PLACEMENT_3D ( 'NONE', #3044, #746, #2776 ) ;
#80 = ORIENTED_EDGE ( 'NONE', *, *, #2503, .F. ) ;
#81 = ADVANCED_FACE ( 'NONE', ( #2050 ), #444, .T. ) ;
#82 = FILL_AREA_STYLE ('',( #1337 ) ) ;
#83 = CARTESIAN_POINT ( 'NONE',  ( 13.00000000000000178, 15.67506218943954721, 2.999999999999997335 ) ) ;
#84 = CARTESIAN_POINT ( 'NONE',  ( 13.00000000000000178, 15.67506218943954721, -8.000000000000000000 ) ) ;
#85 = FACE_OUTER_BOUND ( 'NONE', #3291, .T. ) ;
#86 = CARTESIAN_POINT ( 'NONE',  ( 55.00000000000000711, -21.99999999999999645, 19.00000000000000000 ) ) ;
#87 = PLANE ( 'NONE',  #3227 ) ;
#88 = ORIENTED_EDGE ( 'NONE', *, *, #2898, .F. ) ;
#89 = VECTOR ( 'NONE', #3183, 1000.000000000000000 ) ;
#90 = ORIENTED_EDGE ( 'NONE', *, *, #1944, .F. ) ;
#91 = EDGE_CURVE ( 'NONE', #3248, #2374, #2424, .T. ) ;
#92 = VECTOR ( 'NONE', #1854, 1000.000000000000000 ) ;
#93 = AXIS2_PLACEMENT_3D ( 'NONE', #186, #660, #2725 ) ;
#94 = DIRECTION ( 'NONE',  ( -0.000000000000000000, -0.000000000000000000, -1.000000000000000000 ) ) ;
#95 = DIRECTION ( 'NONE',  ( 1.000000000000000000, 0.000000000000000000, 0.000000000000000000 ) ) ;
#96 = EDGE_CURVE ( 'NONE', #930, #2400, #1996, .T. ) ;
#97 = CARTESIAN_POINT ( 'NONE',  ( -46.60000000000000142, 4.999999999999976907, -8.000000000000000000 ) ) ;
#98 = LINE ( 'NONE', #1104, #1031 ) ;
#99 = VECTOR ( 'NONE', #2943, 1000.000000000000000 ) ;
#100 = ORIENTED_EDGE ( 'NONE', *, *, #2554, .F. ) ;
#101 = DIRECTION ( 'NONE',  ( 0.2873478855663482712, -0.9578262852211506528, 0.000000000000000000 ) ) ;
#102 = EDGE_CURVE ( 'NONE', #576, #2613, #2252, .T. ) ;
#103 = CARTESIAN_POINT ( 'NONE',  ( -38.00000000000001421, 3.469446951953614189E-15, 19.00000000000000000 ) ) ;
#104 = DIRECTION ( 'NONE',  ( -1.000000000000000000, 0.000000000000000000, 0.000000000000000000 ) ) ;
#105 = DIRECTION ( 'NONE',  ( 0.9950371902099890420, 0.09950371902099880428, 0.000000000000000000 ) ) ;
#106 = VERTEX_POINT ( 'NONE', #1531 ) ;
#107 = ORIENTED_EDGE ( 'NONE', *, *, #1326, .F. ) ;
#108 = FACE_OUTER_BOUND ( 'NONE', #125, .T. ) ;
#109 = LINE ( 'NONE', #361, #612 ) ;
#110 = ORIENTED_EDGE ( 'NONE', *, *, #474, .F. ) ;
#111 = CARTESIAN_POINT ( 'NONE',  ( 9.240724115032568520, -21.07592758849673231, 2.037770031663667769 ) ) ;
#112 = EDGE_CURVE ( 'NONE', #2454, #359, #2517, .T. ) ;
#113 = CARTESIAN_POINT ( 'NONE',  ( 26.25000000000000355, 6.249999999999996447, 19.00000000000000000 ) ) ;
#114 = VERTEX_POINT ( 'NONE', #768 ) ;
#115 = CARTESIAN_POINT ( 'NONE',  ( -38.49999999999998579, 20.39387162850647073, 24.00000000000000000 ) ) ;
#116 = CARTESIAN_POINT ( 'NONE',  ( 54.99999999999999289, 13.50000000000000000, 6.599999999999996980 ) ) ;
#117 = PLANE ( 'NONE',  #1148 ) ;
#118 = CARTESIAN_POINT ( 'NONE',  ( 18.00000000000001066, -15.99999999999998934, 4.857836797894839798 ) ) ;
#119 = ORIENTED_EDGE ( 'NONE', *, *, #164, .F. ) ;
#120 = ORIENTED_EDGE ( 'NONE', *, *, #2291, .T. ) ;
#121 = FACE_OUTER_BOUND ( 'NONE', #2903, .T. ) ;
#122 = ORIENTED_EDGE ( 'NONE', *, *, #1909, .F. ) ;
#123 = CYLINDRICAL_SURFACE ( 'NONE', #2944, 5.000000000000000000 ) ;
#124 = VECTOR ( 'NONE', #2787, 1000.000000000000000 ) ;
#125 = EDGE_LOOP ( 'NONE', ( #3175, #2621, #2209 ) ) ;
#126 = DIRECTION ( 'NONE',  ( -0.000000000000000000, -0.000000000000000000, -1.000000000000000000 ) ) ;
#127 = DIRECTION ( 'NONE',  ( 1.000000000000000000, 0.000000000000000000, 0.000000000000000000 ) ) ;
#128 = PLANE ( 'NONE',  #829 ) ;
#129 = VECTOR ( 'NONE', #909, 1000.000000000000114 ) ;
#130 = AXIS2_PLACEMENT_3D ( 'NONE', #3047, #1498, #1272 ) ;
#131 = FACE_OUTER_BOUND ( 'NONE', #2593, .T. ) ;
#132 = ORIENTED_EDGE ( 'NONE', *, *, #2295, .T. ) ;
#133 = VERTEX_POINT ( 'NONE', #1257 ) ;
#134 = ADVANCED_FACE ( 'NONE', ( #2069 ), #2002, .F. ) ;
#135 = ORIENTED_EDGE ( 'NONE', *, *, #3196, .T. ) ;
#136 = VECTOR ( 'NONE', #820, 1000.000000000000000 ) ;
#137 = CARTESIAN_POINT ( 'NONE',  ( 20.00000000000000355, 18.89451368167669543, 19.00000000000000000 ) ) ;
#138 = DIRECTION ( 'NONE',  ( -0.000000000000000000, 0.000000000000000000, 1.000000000000000000 ) ) ;
#139 = CARTESIAN_POINT ( 'NONE',  ( 52.90000000000000568, 14.59952611956461688, 23.50000000000000000 ) ) ;
#140 = VERTEX_POINT ( 'NONE', #1287 ) ;
#141 = EDGE_LOOP ( 'NONE', ( #2235, #490, #1920, #3265, #1504, #652 ) ) ;
#142 = CARTESIAN_POINT ( 'NONE',  ( 32.91816741430205440, 11.10000000000001208, 5.500000000000000000 ) ) ;
#143 = AXIS2_PLACEMENT_3D ( 'NONE', #739, #1769, #3085 ) ;
#144 = DIRECTION ( 'NONE',  ( -1.000000000000000000, 0.000000000000000000, -1.259073490628327937E-16 ) ) ;
#145 = DIRECTION ( 'NONE',  ( -0.000000000000000000, -0.000000000000000000, -1.000000000000000000 ) ) ;
#146 = VERTEX_POINT ( 'NONE', #3302 ) ;
#147 = VERTEX_POINT ( 'NONE', #11 ) ;
#148 = EDGE_CURVE ( 'NONE', #133, #2128, #2155, .T. ) ;
#149 = CARTESIAN_POINT ( 'NONE',  ( -1.298432143576260689, 22.00000000000000355, 7.024011621360373603 ) ) ;
#150 = ORIENTED_EDGE ( 'NONE', *, *, #1883, .T. ) ;
#151 = EDGE_CURVE ( 'NONE', #1837, #1106, #1404, .T. ) ;
#152 = CARTESIAN_POINT ( 'NONE',  ( 11.46590894392336324, 20.43390287091499147, 2.999999999999995115 ) ) ;
#153 = CARTESIAN_POINT ( 'NONE',  ( 17.97197622313965937, 16.58921000082072084, 3.609426059805425080 ) ) ;
#154 = CARTESIAN_POINT ( 'NONE',  ( 20.00000000000000355, 18.89451368167669543, 19.00000000000000000 ) ) ;
#155 = ORIENTED_EDGE ( 'NONE', *, *, #1824, .T. ) ;
#156 = COLOUR_RGB ( '',0.7921568627450980005, 0.8196078431372548767, 0.9333333333333333481 ) ;
#157 = VERTEX_POINT ( 'NONE', #2319 ) ;
#158 = VECTOR ( 'NONE', #462, 1000.000000000000114 ) ;
#159 = DIRECTION ( 'NONE',  ( -1.000000000000000000, 0.000000000000000000, 0.000000000000000000 ) ) ;
#160 = CARTESIAN_POINT ( 'NONE',  ( 18.00000000000001066, -15.99999999999998934, 11.99999999999999645 ) ) ;
#161 = FACE_OUTER_BOUND ( 'NONE', #2422, .T. ) ;
#162 = ORIENTED_EDGE ( 'NONE', *, *, #1491, .T. ) ;
#163 = CARTESIAN_POINT ( 'NONE',  ( -38.00000000000001421, -18.99999999999999645, 8.000000000000000000 ) ) ;
#164 = EDGE_CURVE ( 'NONE', #2441, #1372, #1732, .T. ) ;
#165 = CARTESIAN_POINT ( 'NONE',  ( -49.39999999999999858, 4.999999999999976907, -8.000000000000000000 ) ) ;
#166 = EDGE_CURVE ( 'NONE', #1407, #424, #1752, .T. ) ;
#167 = FACE_OUTER_BOUND ( 'NONE', #2186, .T. ) ;
#168 = EDGE_CURVE ( 'NONE', #1994, #2922, #2751, .T. ) ;
#169 = DIRECTION ( 'NONE',  ( -0.09950371902100682564, 0.9950371902099883759, 0.000000000000000000 ) ) ;
#170 = CARTESIAN_POINT ( 'NONE',  ( 18.57469577113268855, -17.91565257044223358, 7.999999999999998224 ) ) ;
#171 = ORIENTED_EDGE ( 'NONE', *, *, #1883, .F. ) ;
#172 = EDGE_LOOP ( 'NONE', ( #1197, #1352, #1890, #383, #2364, #2830 ) ) ;
#173 = CARTESIAN_POINT ( 'NONE',  ( 18.00000000000001066, 16.00000000000000000, 11.99999999999999645 ) ) ;
#174 = CARTESIAN_POINT ( 'NONE',  ( -38.16735036748521281, 20.73264963251480353, 23.66735036748523058 ) ) ;
#175 = DIRECTION ( 'NONE',  ( 1.000000000000000000, 0.000000000000000000, 0.000000000000000000 ) ) ;
#176 = ADVANCED_FACE ( 'NONE', ( #2501 ), #218, .F. ) ;
#177 = VERTEX_POINT ( 'NONE', #1240 ) ;
#178 = AXIS2_PLACEMENT_3D ( 'NONE', #1802, #2816, #2572 ) ;
#179 = DIRECTION ( 'NONE',  ( 0.9578262852211505418, 0.2873478855663482712, 4.473440846217416069E-17 ) ) ;
#180 = EDGE_LOOP ( 'NONE', ( #171, #639 ) ) ;
#181 = AXIS2_PLACEMENT_3D ( 'NONE', #2765, #1766, #2551 ) ;
#182 = ORIENTED_EDGE ( 'NONE', *, *, #3169, .T. ) ;
#183 = CARTESIAN_POINT ( 'NONE',  ( -38.00000000000001421, 19.90000000000000213, 19.00000000000000000 ) ) ;
#184 = EDGE_CURVE ( 'NONE', #157, #2420, #2268, .T. ) ;
#185 = DIRECTION ( 'NONE',  ( 0.000000000000000000, 0.000000000000000000, -1.000000000000000000 ) ) ;
#186 = CARTESIAN_POINT ( 'NONE',  ( 22.50000000000000000, -6.250000000000002665, 19.00000000000000000 ) ) ;
#187 = EDGE_CURVE ( 'NONE', #1234, #248, #1133, .T. ) ;
#188 = VECTOR ( 'NONE', #1183, 1000.000000000000114 ) ;
#189 = CARTESIAN_POINT ( 'NONE',  ( 16.08876981997914868, -20.39112301800207661, 7.999999999999998224 ) ) ;
#190 = EDGE_CURVE ( 'NONE', #381, #2437, #2780, .T. ) ;
#191 = ORIENTED_EDGE ( 'NONE', *, *, #112, .F. ) ;
#192 = VECTOR ( 'NONE', #3118, 1000.000000000000000 ) ;
#193 = ORIENTED_EDGE ( 'NONE', *, *, #2539, .F. ) ;
#194 = LINE ( 'NONE', #173, #3032 ) ;
#195 = DIRECTION ( 'NONE',  ( -1.000000000000000000, -0.000000000000000000, -0.000000000000000000 ) ) ;
#196 = LINE ( 'NONE', #1203, #1475 ) ;
#197 = CIRCLE ( 'NONE', #35, 6.000000000000001776 ) ;
#198 = EDGE_CURVE ( 'NONE', #418, #3207, #788, .T. ) ;
#199 = EDGE_LOOP ( 'NONE', ( #1942, #132, #3190, #936 ) ) ;
#200 = AXIS2_PLACEMENT_3D ( 'NONE', #1605, #1623, #2393 ) ;
#201 = LINE ( 'NONE', #937, #2721 ) ;
#202 = ORIENTED_EDGE ( 'NONE', *, *, #3173, .F. ) ;
#203 = EDGE_LOOP ( 'NONE', ( #1415, #533, #3141, #2308 ) ) ;
#204 = DIRECTION ( 'NONE',  ( 1.000000000000000000, 0.000000000000000000, 0.000000000000000000 ) ) ;
#205 = LINE ( 'NONE', #1922, #129 ) ;
#206 = B_SPLINE_CURVE_WITH_KNOTS ( 'NONE', 3,
 ( #76, #1117, #851, #1643, #2095, #815, #1891, #1388, #2645, #60, #1317, #3144, #2908, #550 ),
 .UNSPECIFIED., .F., .F.,
 ( 4, 2, 2, 2, 2, 2, 4 ),
 ( 0.000000000000000000, 0.0004204364588806123798, 0.0008408729177612247595, 0.001681745835522449519, 0.002102182294403061140, 0.002522618753283672761, 0.003363491671044888630 ),
 .UNSPECIFIED. ) ;
#207 = CARTESIAN_POINT ( 'NONE',  ( 4.604697939403316731, 21.53953020605965918, 7.999999999999998224 ) ) ;
#208 = CARTESIAN_POINT ( 'NONE',  ( 17.99999999999999289, -15.99999999999993072, 4.999999999999997335 ) ) ;
#209 = ORIENTED_EDGE ( 'NONE', *, *, #552, .T. ) ;
#210 = ADVANCED_FACE ( 'NONE', ( #2939 ), #1597, .T. ) ;
#211 = DIRECTION ( 'NONE',  ( 0.000000000000000000, 1.334402673828313832E-16, 1.000000000000000000 ) ) ;
#212 = VECTOR ( 'NONE', #3197, 1000.000000000000000 ) ;
#213 = AXIS2_PLACEMENT_3D ( 'NONE', #2250, #2499, #2283 ) ;
#214 = ORIENTED_EDGE ( 'NONE', *, *, #434, .F. ) ;
#215 = CARTESIAN_POINT ( 'NONE',  ( 18.74999999999999645, 6.249999999999998224, 40.36000936329383393 ) ) ;
#216 = ORIENTED_EDGE ( 'NONE', *, *, #2035, .T. ) ;
#217 = EDGE_CURVE ( 'NONE', #714, #354, #1151, .T. ) ;
#218 = PLANE ( 'NONE',  #2314 ) ;
#219 = ORIENTED_EDGE ( 'NONE', *, *, #1366, .F. ) ;
#220 = CARTESIAN_POINT ( 'NONE',  ( -38.49999999999998579, 3.469446951953614189E-15, 24.00000000000000000 ) ) ;
#221 = CARTESIAN_POINT ( 'NONE',  ( 2.571857489792001683, -21.68623183208557137, 3.254707913514358619 ) ) ;
#222 = DIRECTION ( 'NONE',  ( 0.000000000000000000, -1.000000000000000000, 0.000000000000000000 ) ) ;
#223 = EDGE_LOOP ( 'NONE', ( #350, #992, #1423, #1167 ) ) ;
#224 = DIRECTION ( 'NONE',  ( -1.000000000000000000, 0.000000000000000000, 0.000000000000000000 ) ) ;
#225 = CARTESIAN_POINT ( 'NONE',  ( -34.74999999999998579, 0.000000000000000000, 0.000000000000000000 ) ) ;
#226 = ORIENTED_EDGE ( 'NONE', *, *, #725, .F. ) ;
#227 = LINE ( 'NONE', #1014, #1077 ) ;
#228 = DIRECTION ( 'NONE',  ( -1.000000000000000000, 2.775557561562891351E-16, -1.119176436114069085E-16 ) ) ;
#229 = ORIENTED_EDGE ( 'NONE', *, *, #960, .T. ) ;
#230 = DIRECTION ( 'NONE',  ( 0.000000000000000000, 0.000000000000000000, 1.000000000000000000 ) ) ;
#231 = AXIS2_PLACEMENT_3D ( 'NONE', #1368, #1746, #2511 ) ;
#232 = EDGE_LOOP ( 'NONE', ( #1249, #2720, #517, #1113 ) ) ;
#233 = VECTOR ( 'NONE', #3292, 1000.000000000000000 ) ;
#234 = VECTOR ( 'NONE', #327, 1000.000000000000000 ) ;
#235 = CARTESIAN_POINT ( 'NONE',  ( -46.60000000000000142, -5.000000000000006217, 0.000000000000000000 ) ) ;
#236 = DIRECTION ( 'NONE',  ( -0.000000000000000000, -0.000000000000000000, -1.000000000000000000 ) ) ;
#237 = FACE_OUTER_BOUND ( 'NONE', #2322, .T. ) ;
#238 = ORIENTED_EDGE ( 'NONE', *, *, #1103, .F. ) ;
#239 = CARTESIAN_POINT ( 'NONE',  ( -38.00000000000001421, 20.90000000000000213, 24.00000000000000000 ) ) ;
#240 = CARTESIAN_POINT ( 'NONE',  ( -44.99999999999999289, 10.49999999999999822, 11.00000000000000000 ) ) ;
#241 = AXIS2_PLACEMENT_3D ( 'NONE', #806, #3098, #2829 ) ;
#242 = EDGE_LOOP ( 'NONE', ( #3091, #1059, #807 ) ) ;
#243 = PLANE ( 'NONE',  #2077 ) ;
#244 = DIRECTION ( 'NONE',  ( 2.376410661236640319E-16, -1.000000000000000000, 0.000000000000000000 ) ) ;
#245 = ORIENTED_EDGE ( 'NONE', *, *, #2332, .F. ) ;
#246 = DIRECTION ( 'NONE',  ( -1.000000000000000000, 0.000000000000000000, 0.000000000000000000 ) ) ;
#247 = VECTOR ( 'NONE', #2592, 1000.000000000000114 ) ;
#248 = VERTEX_POINT ( 'NONE', #1813 ) ;
#249 = DIRECTION ( 'NONE',  ( 0.000000000000000000, -1.000000000000000000, 0.000000000000000000 ) ) ;
#250 = FACE_BOUND ( 'NONE', #2500, .T. ) ;
#251 = ORIENTED_EDGE ( 'NONE', *, *, #3041, .F. ) ;
#252 = DIRECTION ( 'NONE',  ( -0.000000000000000000, -0.000000000000000000, -1.000000000000000000 ) ) ;
#253 = DIRECTION ( 'NONE',  ( 0.000000000000000000, 0.000000000000000000, -1.000000000000000000 ) ) ;
#254 = APPLICATION_PROTOCOL_DEFINITION ( 'draft international standard', 'automotive_design', 1998, #1544 ) ;
#255 = EDGE_LOOP ( 'NONE', ( #472, #562, #2625, #2478 ) ) ;
#256 = CARTESIAN_POINT ( 'NONE',  ( 8.365877976663581350, -17.57632215339816995, 0.02577330275160500533 ) ) ;
#257 = FACE_OUTER_BOUND ( 'NONE', #1968, .T. ) ;
#258 = EDGE_LOOP ( 'NONE', ( #1530, #2004, #724, #1846 ) ) ;
#259 = LINE ( 'NONE', #2533, #2886 ) ;
#260 = ORIENTED_EDGE ( 'NONE', *, *, #2275, .T. ) ;
#261 = CARTESIAN_POINT ( 'NONE',  ( -1.666538115477051774, -21.97255317836125954, 4.471909064594942862 ) ) ;
#262 = LINE ( 'NONE', #1803, #3067 ) ;
#263 = ADVANCED_FACE ( 'NONE', ( #85 ), #1091, .T. ) ;
#264 = VERTEX_POINT ( 'NONE', #2585 ) ;
#265 = DIRECTION ( 'NONE',  ( -2.376410661236640319E-16, 1.000000000000000000, 0.000000000000000000 ) ) ;
#266 = ADVANCED_FACE ( 'NONE', ( #2617 ), #2845, .F. ) ;
#267 = LINE ( 'NONE', #2760, #2431 ) ;
#268 = ORIENTED_EDGE ( 'NONE', *, *, #2881, .T. ) ;
#269 = CARTESIAN_POINT ( 'NONE',  ( 12.89727253599122925, -20.68301416329385489, 1.618186741721075128 ) ) ;
#270 = LINE ( 'NONE', #9, #2383 ) ;
#271 = VERTEX_POINT ( 'NONE', #1422 ) ;
#272 = EDGE_CURVE ( 'NONE', #3207, #2483, #557, .T. ) ;
#273 = DIRECTION ( 'NONE',  ( 0.000000000000000000, 0.000000000000000000, -1.000000000000000000 ) ) ;
#274 = DIRECTION ( 'NONE',  ( -0.9950371902099891530, 0.09950371902099867938, -1.759308880506637327E-16 ) ) ;
#275 = ORIENTED_EDGE ( 'NONE', *, *, #685, .F. ) ;
#276 = ORIENTED_EDGE ( 'NONE', *, *, #1591, .T. ) ;
#277 = VECTOR ( 'NONE', #94, 1000.000000000000000 ) ;
#278 = AXIS2_PLACEMENT_3D ( 'NONE', #3245, #185, #1420 ) ;
#279 = LINE ( 'NONE', #1332, #2472 ) ;
#280 = DIRECTION ( 'NONE',  ( 0.09950371902099994226, 0.9950371902099890420, 0.000000000000000000 ) ) ;
#281 = VECTOR ( 'NONE', #3272, 1000.000000000000000 ) ;
#282 = VERTEX_POINT ( 'NONE', #139 ) ;
#283 = LINE ( 'NONE', #2027, #124 ) ;
#284 = DIRECTION ( 'NONE',  ( 0.000000000000000000, -1.000000000000000000, 0.000000000000000000 ) ) ;
#285 = EDGE_CURVE ( 'NONE', #698, #2357, #3275, .T. ) ;
#286 = EDGE_LOOP ( 'NONE', ( #694, #2277, #1131, #1205, #2019, #1216, #1863, #75 ) ) ;
#287 = FACE_OUTER_BOUND ( 'NONE', #1675, .T. ) ;
#288 = CARTESIAN_POINT ( 'NONE',  ( -44.99999999999999289, 10.49999999999999822, 2.000000000000000000 ) ) ;
#289 = DIRECTION ( 'NONE',  ( 1.000000000000000000, 1.826024711554534160E-16, -0.000000000000000000 ) ) ;
#290 = VERTEX_POINT ( 'NONE', #1924 ) ;
#291 = CARTESIAN_POINT ( 'NONE',  ( -60.00000000000001421, 3.469446951953614189E-15, 19.00000000000000000 ) ) ;
#292 = EDGE_CURVE ( 'NONE', #2727, #568, #3193, .T. ) ;
#293 = VECTOR ( 'NONE', #3166, 1000.000000000000000 ) ;
#294 = LINE ( 'NONE', #1599, #3274 ) ;
#295 = CARTESIAN_POINT ( 'NONE',  ( 53.00000000000000711, 0.000000000000000000, -0.9999999999999986677 ) ) ;
#296 = EDGE_LOOP ( 'NONE', ( #214, #1638, #3095, #1021, #3284, #965, #673 ) ) ;
#297 = ORIENTED_EDGE ( 'NONE', *, *, #707, .T. ) ;
#298 = AXIS2_PLACEMENT_3D ( 'NONE', #856, #1882, #2654 ) ;
#299 = CARTESIAN_POINT ( 'NONE',  ( -1.791071288685385288E-15, 5.000000000000000000, -8.000000000000000000 ) ) ;
#300 = FACE_OUTER_BOUND ( 'NONE', #232, .T. ) ;
#301 = ORIENTED_EDGE ( 'NONE', *, *, #1326, .T. ) ;
#302 = LINE ( 'NONE', #2347, #1347 ) ;
#303 = CARTESIAN_POINT ( 'NONE',  ( 53.00000000000000711, -11.49999999999999822, 12.00000000000000000 ) ) ;
#304 = EDGE_CURVE ( 'NONE', #968, #680, #3096, .T. ) ;
#305 = ORIENTED_EDGE ( 'NONE', *, *, #2434, .T. ) ;
#306 = LINE ( 'NONE', #569, #1486 ) ;
#307 = DIRECTION ( 'NONE',  ( -0.000000000000000000, -0.000000000000000000, -1.000000000000000000 ) ) ;
#308 = CARTESIAN_POINT ( 'NONE',  ( 0.7765528226066658046, 21.72995385941462843, 3.621416763327011346 ) ) ;
#309 = DIRECTION ( 'NONE',  ( 1.000000000000000000, 0.000000000000000000, 0.000000000000000000 ) ) ;
#310 = CARTESIAN_POINT ( 'NONE',  ( -38.49999999999997158, -20.39387162850646362, 24.00000000000000000 ) ) ;
#311 = EDGE_CURVE ( 'NONE', #2391, #1312, #586, .T. ) ;
#312 = CARTESIAN_POINT ( 'NONE',  ( 53.90000000000000568, -15.50451368167669841, 23.50000000000000000 ) ) ;
#313 = EDGE_LOOP ( 'NONE', ( #2972, #978, #670, #2219, #2826 ) ) ;
#314 = ORIENTED_EDGE ( 'NONE', *, *, #483, .F. ) ;
#315 = AXIS2_PLACEMENT_3D ( 'NONE', #1894, #2365, #583 ) ;
#316 = VECTOR ( 'NONE', #689, 1000.000000000000000 ) ;
#317 = FACE_OUTER_BOUND ( 'NONE', #223, .T. ) ;
#318 = DIRECTION ( 'NONE',  ( -1.000000000000000000, 0.000000000000000000, 0.000000000000000000 ) ) ;
#319 = EDGE_CURVE ( 'NONE', #1695, #576, #2106, .T. ) ;
#320 = EDGE_LOOP ( 'NONE', ( #2666, #1836, #90, #1816, #2014 ) ) ;
#321 = CARTESIAN_POINT ( 'NONE',  ( -38.00000000000001421, 3.469446951953614189E-15, 23.50000000000003553 ) ) ;
#322 = CARTESIAN_POINT ( 'NONE',  ( 55.00000000000000000, 16.50000000000000355, -8.000000000000000000 ) ) ;
#323 = ORIENTED_EDGE ( 'NONE', *, *, #1969, .F. ) ;
#324 = CARTESIAN_POINT ( 'NONE',  ( -1.425304228867297907, -23.91565257044229398, 4.999999999999992006 ) ) ;
#325 = LINE ( 'NONE', #288, #1299 ) ;
#326 = DIRECTION ( 'NONE',  ( 0.000000000000000000, 0.000000000000000000, -1.000000000000000000 ) ) ;
#327 = DIRECTION ( 'NONE',  ( 1.000000000000000000, 0.000000000000000000, 0.000000000000000000 ) ) ;
#328 = LINE ( 'NONE', #1342, #544 ) ;
#329 = CARTESIAN_POINT ( 'NONE',  ( 1.680699226677178748, 16.80699226677182523, -8.000000000000000000 ) ) ;
#330 = ORIENTED_EDGE ( 'NONE', *, *, #3138, .F. ) ;
#331 = EDGE_CURVE ( 'NONE', #456, #2831, #2428, .T. ) ;
#332 = EDGE_LOOP ( 'NONE', ( #1856, #3121, #1603, #1886, #1558 ) ) ;
#333 = DIRECTION ( 'NONE',  ( 0.9950371902099891530, -0.09950371902099867938, 0.000000000000000000 ) ) ;
#334 = CARTESIAN_POINT ( 'NONE',  ( -38.00000000000000711, 3.469446951953614189E-15, 19.00000000000000000 ) ) ;
#335 = ORIENTED_EDGE ( 'NONE', *, *, #1005, .T. ) ;
#336 = CARTESIAN_POINT ( 'NONE',  ( 22.50000000000000355, 6.249999999999997335, 19.00000000000000000 ) ) ;
#337 = LINE ( 'NONE', #2612, #1521 ) ;
#338 = EDGE_LOOP ( 'NONE', ( #553, #2210, #1735, #33, #1413 ) ) ;
#339 = CYLINDRICAL_SURFACE ( 'NONE', #785, 2.000000000000000000 ) ;
#340 = LINE ( 'NONE', #1050, #293 ) ;
#341 = CARTESIAN_POINT ( 'NONE',  ( -1.400000000000001688, 5.000000000000000000, 0.000000000000000000 ) ) ;
#342 = CARTESIAN_POINT ( 'NONE',  ( 16.08876981997914868, -20.39112301800207661, 2.999999999999995559 ) ) ;
#343 = VERTEX_POINT ( 'NONE', #1561 ) ;
#344 = AXIS2_PLACEMENT_3D ( 'NONE', #2599, #1896, #1648 ) ;
#345 = VERTEX_POINT ( 'NONE', #291 ) ;
#346 = AXIS2_PLACEMENT_3D ( 'NONE', #1421, #1436, #2176 ) ;
#347 = CARTESIAN_POINT ( 'NONE',  ( 26.25000000000000000, -6.250000000000001776, 40.36000936329383393 ) ) ;
#348 = CARTESIAN_POINT ( 'NONE',  ( 49.00000000000000711, 11.50000000000000000, -0.9999999999999986677 ) ) ;
#349 = EDGE_CURVE ( 'NONE', #2108, #1793, #401, .T. ) ;
#350 = ORIENTED_EDGE ( 'NONE', *, *, #2187, .F. ) ;
#351 = CARTESIAN_POINT ( 'NONE',  ( 3.582019519320706724, -21.64179804806792262, 3.141583770800317144 ) ) ;
#352 = FACE_OUTER_BOUND ( 'NONE', #172, .T. ) ;
#353 = CONICAL_SURFACE ( 'NONE', #563, 20.40000000000002345, 0.7853981633974587151 ) ;
#354 = VERTEX_POINT ( 'NONE', #2338 ) ;
#355 = LINE ( 'NONE', #1847, #2240 ) ;
#356 = DIRECTION ( 'NONE',  ( 1.000000000000000000, 0.000000000000000000, 0.000000000000000000 ) ) ;
#357 = DIRECTION ( 'NONE',  ( -1.334402673828313339E-16, 4.336808689942016750E-16, 1.000000000000000000 ) ) ;
#358 = DIRECTION ( 'NONE',  ( 0.000000000000000000, 0.000000000000000000, 1.000000000000000000 ) ) ;
#359 = VERTEX_POINT ( 'NONE', #49 ) ;
#360 = ORIENTED_EDGE ( 'NONE', *, *, #50, .T. ) ;
#361 = CARTESIAN_POINT ( 'NONE',  ( 53.90000000000000568, -15.50451368167669841, 23.50000000000000000 ) ) ;
#362 = AXIS2_PLACEMENT_3D ( 'NONE', #1659, #384, #1409 ) ;
#363 = ORIENTED_EDGE ( 'NONE', *, *, #1201, .T. ) ;
#364 = AXIS2_PLACEMENT_3D ( 'NONE', #692, #1728, #1196 ) ;
#365 = DIRECTION ( 'NONE',  ( -0.000000000000000000, 0.000000000000000000, 1.000000000000000000 ) ) ;
#366 = PLANE ( 'NONE',  #925 ) ;
#367 = EDGE_CURVE ( 'NONE', #2613, #3220, #813, .T. ) ;
#368 = ORIENTED_EDGE ( 'NONE', *, *, #796, .T. ) ;
#369 = LINE ( 'NONE', #2134, #419 ) ;
#370 = DIRECTION ( 'NONE',  ( 0.000000000000000000, 0.000000000000000000, 1.000000000000000000 ) ) ;
#371 = CARTESIAN_POINT ( 'NONE',  ( 53.00000000000000711, 0.000000000000000000, 0.000000000000000000 ) ) ;
#372 = EDGE_CURVE ( 'NONE', #2868, #1658, #1324, .T. ) ;
#373 = CARTESIAN_POINT ( 'NONE',  ( 18.00005804801953602, -16.01562951504877574, 4.718335095497810272 ) ) ;
#374 = EDGE_CURVE ( 'NONE', #938, #3207, #1070, .T. ) ;
#375 = VERTEX_POINT ( 'NONE', #572 ) ;
#376 = CARTESIAN_POINT ( 'NONE',  ( 7.440306508910426331, -21.25596934910894475, 2.999999999999994671 ) ) ;
#377 = ORIENTED_EDGE ( 'NONE', *, *, #1442, .F. ) ;
#378 = FACE_OUTER_BOUND ( 'NONE', #860, .T. ) ;
#379 = DIRECTION ( 'NONE',  ( -1.000000000000000000, 0.000000000000000000, 0.000000000000000000 ) ) ;
#380 = DIRECTION ( 'NONE',  ( 0.000000000000000000, 0.000000000000000000, -1.000000000000000000 ) ) ;
#381 = VERTEX_POINT ( 'NONE', #3007 ) ;
#382 = VECTOR ( 'NONE', #1298, 1000.000000000000000 ) ;
#383 = ORIENTED_EDGE ( 'NONE', *, *, #430, .F. ) ;
#384 = DIRECTION ( 'NONE',  ( 1.000000000000000000, -0.000000000000000000, 0.000000000000000000 ) ) ;
#385 = ADVANCED_FACE ( 'NONE', ( #2007, #3225, #2971, #678 ), #2258, .F. ) ;
#386 = DIRECTION ( 'NONE',  ( 1.000000000000000000, 0.000000000000000000, 0.000000000000000000 ) ) ;
#387 = DIRECTION ( 'NONE',  ( 1.000000000000000000, -0.000000000000000000, -0.000000000000000000 ) ) ;
#388 = AXIS2_PLACEMENT_3D ( 'NONE', #1527, #1775, #2548 ) ;
#389 = VECTOR ( 'NONE', #1615, 1000.000000000000000 ) ;
#390 = EDGE_CURVE ( 'NONE', #2128, #133, #1671, .T. ) ;
#391 = DIRECTION ( 'NONE',  ( -0.000000000000000000, -0.000000000000000000, -1.000000000000000000 ) ) ;
#392 = VERTEX_POINT ( 'NONE', #1693 ) ;
#393 = ADVANCED_FACE ( 'NONE', ( #709 ), #2523, .T. ) ;
#394 = ORIENTED_EDGE ( 'NONE', *, *, #2924, .T. ) ;
#395 = VECTOR ( 'NONE', #1108, 1000.000000000000000 ) ;
#396 = DIRECTION ( 'NONE',  ( -0.9950371902099891530, 0.09950371902099867938, -0.000000000000000000 ) ) ;
#397 = ORIENTED_EDGE ( 'NONE', *, *, #1910, .T. ) ;
#398 = AXIS2_PLACEMENT_3D ( 'NONE', #3199, #901, #211 ) ;
#399 = CARTESIAN_POINT ( 'NONE',  ( -38.00000000000001421, 22.00000000000000355, 5.000000000000000000 ) ) ;
#400 = CARTESIAN_POINT ( 'NONE',  ( -2.000000000000024869, 22.00000000000000711, 4.895167875629250709 ) ) ;
#401 = LINE ( 'NONE', #154, #2261 ) ;
#402 = ORIENTED_EDGE ( 'NONE', *, *, #2404, .T. ) ;
#403 = EDGE_LOOP ( 'NONE', ( #844, #2688 ) ) ;
#404 = CYLINDRICAL_SURFACE ( 'NONE', #727, 19.00000000000000355 ) ;
#405 = CARTESIAN_POINT ( 'NONE',  ( 53.00000000000000711, 11.50000000000000000, 12.00000000000000000 ) ) ;
#406 = AXIS2_PLACEMENT_3D ( 'NONE', #439, #2466, #175 ) ;
#407 = LINE ( 'NONE', #1929, #99 ) ;
#408 = EDGE_CURVE ( 'NONE', #797, #1042, #2348, .T. ) ;
#409 = CARTESIAN_POINT ( 'NONE',  ( 17.88718728738012587, -17.16465279271604061, 3.217861653311848258 ) ) ;
#410 = ORIENTED_EDGE ( 'NONE', *, *, #754, .F. ) ;
#411 = DIRECTION ( 'NONE',  ( -0.000000000000000000, -0.000000000000000000, -1.000000000000000000 ) ) ;
#412 = EDGE_CURVE ( 'NONE', #2470, #418, #1960, .T. ) ;
#413 = B_SPLINE_CURVE_WITH_KNOTS ( 'NONE', 3,
 ( #477, #492, #2274, #2022, #706, #2289, #2540, #1, #3246, #943, #1743, #1975, #958, #2801 ),
 .UNSPECIFIED., .F., .F.,
 ( 4, 2, 2, 2, 2, 2, 4 ),
 ( 0.000000000000000000, 0.0008396608250969594999, 0.001259491237645445376, 0.001679321650193930926, 0.002099152062742416693, 0.002518982475290902460, 0.003358643300387873995 ),
 .UNSPECIFIED. ) ;
#414 = PLANE ( 'NONE',  #1403 ) ;
#415 = FACE_OUTER_BOUND ( 'NONE', #2494, .T. ) ;
#416 = ADVANCED_FACE ( 'NONE', ( #237 ), #1437, .F. ) ;
#417 = CARTESIAN_POINT ( 'NONE',  ( -6.938893903907228378E-15, 21.99999999999999289, 19.00000000000000000 ) ) ;
#418 = VERTEX_POINT ( 'NONE', #1215 ) ;
#419 = VECTOR ( 'NONE', #2401, 1000.000000000000000 ) ;
#420 = EDGE_LOOP ( 'NONE', ( #2436, #1336, #736, #908 ) ) ;
#421 = CARTESIAN_POINT ( 'NONE',  ( 13.00000000000000178, -15.67506218943954721, -8.000000000000000000 ) ) ;
#422 = LINE ( 'NONE', #949, #1843 ) ;
#423 = DIRECTION ( 'NONE',  ( 1.000000000000000000, 0.000000000000000000, 0.000000000000000000 ) ) ;
#424 = VERTEX_POINT ( 'NONE', #1489 ) ;
#425 = EDGE_CURVE ( 'NONE', #1628, #1408, #2766, .T. ) ;
#426 = CARTESIAN_POINT ( 'NONE',  ( -48.00000000000000000, 4.999999999999976907, 0.000000000000000000 ) ) ;
#427 = VERTEX_POINT ( 'NONE', #3021 ) ;
#428 = LINE ( 'NONE', #3240, #1370 ) ;
#429 = ADVANCED_FACE ( 'NONE', ( #2193 ), #3264, .F. ) ;
#430 = EDGE_CURVE ( 'NONE', #3228, #2498, #929, .T. ) ;
#431 = DIRECTION ( 'NONE',  ( -0.000000000000000000, -0.000000000000000000, -1.000000000000000000 ) ) ;
#432 = CARTESIAN_POINT ( 'NONE',  ( 7.999999999999986677, 19.00000000000000355, 8.000000000000000000 ) ) ;
#433 = CARTESIAN_POINT ( 'NONE',  ( -1.791071288685385288E-15, 5.000000000000000000, -8.000000000000000000 ) ) ;
#434 = EDGE_CURVE ( 'NONE', #3228, #1985, #1758, .T. ) ;
#435 = DIRECTION ( 'NONE',  ( 0.2873478855663482712, -0.9578262852211505418, 0.000000000000000000 ) ) ;
#436 = ORIENTED_EDGE ( 'NONE', *, *, #166, .F. ) ;
#437 = EDGE_LOOP ( 'NONE', ( #26, #604, #2221, #150 ) ) ;
#438 = CARTESIAN_POINT ( 'NONE',  ( 20.00000000000000355, 18.89451368167669543, 24.00000000000000000 ) ) ;
#439 = CARTESIAN_POINT ( 'NONE',  ( -38.00000000000001421, 3.469446951953614189E-15, 5.000000000000000000 ) ) ;
#440 = EDGE_LOOP ( 'NONE', ( #2109, #1637, #1329, #120 ) ) ;
#441 = AXIS2_PLACEMENT_3D ( 'NONE', #1589, #2611, #1572 ) ;
#442 = CARTESIAN_POINT ( 'NONE',  ( -0.007692729093030340956, 21.84576173852048697, 3.767687874971855422 ) ) ;
#443 = ORIENTED_EDGE ( 'NONE', *, *, #1389, .F. ) ;
#444 = CONICAL_SURFACE ( 'NONE', #1513, 20.40000000000002345, 0.7853981633974587151 ) ;
#445 = ORIENTED_EDGE ( 'NONE', *, *, #187, .T. ) ;
#446 = DIRECTION ( 'NONE',  ( -0.000000000000000000, 0.000000000000000000, 1.000000000000000000 ) ) ;
#447 = ADVANCED_FACE ( 'NONE', ( #2476 ), #2955, .T. ) ;
#448 = CARTESIAN_POINT ( 'NONE',  ( -48.00000000000000000, -5.000000000000006217, 8.000000000000000000 ) ) ;
#449 = DIRECTION ( 'NONE',  ( 1.000000000000000000, 7.542275982507857147E-17, 0.000000000000000000 ) ) ;
#450 = CIRCLE ( 'NONE', #2324, 1.399999999999998579 ) ;
#451 = DIRECTION ( 'NONE',  ( 0.000000000000000000, 0.000000000000000000, 1.000000000000000000 ) ) ;
#452 = ORIENTED_EDGE ( 'NONE', *, *, #2779, .F. ) ;
#453 = EDGE_CURVE ( 'NONE', #1978, #3054, #2710, .T. ) ;
#454 = LINE ( 'NONE', #2063, #3176 ) ;
#455 = VECTOR ( 'NONE', #2825, 1000.000000000000000 ) ;
#456 = VERTEX_POINT ( 'NONE', #961 ) ;
#457 = AXIS2_PLACEMENT_3D ( 'NONE', #2640, #2141, #1587 ) ;
#458 = DIRECTION ( 'NONE',  ( 0.000000000000000000, 1.000000000000000000, 0.000000000000000000 ) ) ;
#459 = VERTEX_POINT ( 'NONE', #1993 ) ;
#460 = DIRECTION ( 'NONE',  ( -0.000000000000000000, -0.000000000000000000, -1.000000000000000000 ) ) ;
#461 = CLOSED_SHELL ( 'NONE', ( #81, #1225, #545, #2882, #3256, #2204, #1276, #1331, #1313, #2238, #134, #429, #1574, #836, #1983, #2800, #3036, #1395, #1251, #2536, #2396, #2812, #895, #2875, #2772, #3089, #3149, #2340, #2157, #1373, #3236, #2846, #3006, #1972, #385, #769, #994, #176, #1699, #2735, #2545, #1861, #2439, #1348, #1010, #878, #2514, #1449, #393, #2198, #2761, #210, #2170, #508, #3145, #749, #2049, #510, #266, #889, #2421, #2257, #1012, #3178, #641, #2889, #988, #1562, #2641, #1076, #2457, #1497, #1477, #416, #3129, #2789, #1818, #1341, #2444, #1265, #2902, #1988, #19, #447, #2552, #2818, #2618, #2054, #263, #1083, #1431, #3208, #2685, #1853, #975, #1807, #777, #1356, #496, #610, #669, #1962 ) ) ;
#462 = DIRECTION ( 'NONE',  ( -0.9950371902099891530, 0.09950371902099867938, -1.252824948382694440E-16 ) ) ;
#463 = DIRECTION ( 'NONE',  ( 1.000000000000000000, -0.000000000000000000, 0.000000000000000000 ) ) ;
#464 = CARTESIAN_POINT ( 'NONE',  ( -1.346348047183057339, -21.94670443388181269, 4.257857268064487499 ) ) ;
#465 = DIRECTION ( 'NONE',  ( -0.000000000000000000, -0.000000000000000000, -1.000000000000000000 ) ) ;
#466 = VERTEX_POINT ( 'NONE', #2208 ) ;
#467 = CARTESIAN_POINT ( 'NONE',  ( -4.950419227018302348E-14, -21.99999999999999645, 7.403035229483899471 ) ) ;
#468 = DIRECTION ( 'NONE',  ( 0.000000000000000000, 0.000000000000000000, 1.000000000000000000 ) ) ;
#469 = AXIS2_PLACEMENT_3D ( 'NONE', #2493, #435, #1711 ) ;
#470 = VERTEX_POINT ( 'NONE', #189 ) ;
#471 = CARTESIAN_POINT ( 'NONE',  ( 55.00000000000000711, -13.50000000000000000, 5.499999999999996447 ) ) ;
#472 = ORIENTED_EDGE ( 'NONE', *, *, #1704, .F. ) ;
#473 = CARTESIAN_POINT ( 'NONE',  ( -38.00000000000001421, 3.469446951953614189E-15, 5.000000000000000000 ) ) ;
#474 = EDGE_CURVE ( 'NONE', #70, #2391, #2228, .T. ) ;
#475 = ORIENTED_EDGE ( 'NONE', *, *, #2332, .T. ) ;
#476 = DIRECTION ( 'NONE',  ( -0.000000000000000000, -0.000000000000000000, 1.000000000000000000 ) ) ;
#477 = CARTESIAN_POINT ( 'NONE',  ( 17.57608565308551718, -18.21523560585638535, 7.999999999999998224 ) ) ;
#478 = CARTESIAN_POINT ( 'NONE',  ( 2.019011871348574960, -20.19011871348579135, 24.00000000000000000 ) ) ;
#479 = EDGE_LOOP ( 'NONE', ( #536, #1688, #314, #1624 ) ) ;
#480 = CARTESIAN_POINT ( 'NONE',  ( 2.019011871348574960, 20.19011871348579490, 24.00000000000000000 ) ) ;
#481 = LINE ( 'NONE', #3072, #3283 ) ;
#482 = ORIENTED_EDGE ( 'NONE', *, *, #2086, .F. ) ;
#483 = EDGE_CURVE ( 'NONE', #3029, #2913, #1757, .T. ) ;
#484 = DIRECTION ( 'NONE',  ( 0.000000000000000000, 0.000000000000000000, -1.000000000000000000 ) ) ;
#485 = LINE ( 'NONE', #716, #1384 ) ;
#486 = VERTEX_POINT ( 'NONE', #2024 ) ;
#487 = PRODUCT_DEFINITION ( 'UNKNOWN', '', #2718, #1297 ) ;
#488 = CARTESIAN_POINT ( 'NONE',  ( -44.99999999999999289, -10.50000000000000178, 8.000000000000000000 ) ) ;
#489 = VECTOR ( 'NONE', #2040, 1000.000000000000000 ) ;
#490 = ORIENTED_EDGE ( 'NONE', *, *, #2982, .F. ) ;
#491 = VECTOR ( 'NONE', #3055, 1000.000000000000000 ) ;
#492 = CARTESIAN_POINT ( 'NONE',  ( 17.68072368230188118, -17.95184573800757022, 8.000000000000000000 ) ) ;
#493 = PLANE ( 'NONE',  #2064 ) ;
#494 = ORIENTED_EDGE ( 'NONE', *, *, #372, .F. ) ;
#495 = LINE ( 'NONE', #239, #382 ) ;
#496 = ADVANCED_FACE ( 'NONE', ( #3038 ), #991, .F. ) ;
#497 = AXIS2_PLACEMENT_3D ( 'NONE', #1027, #2263, #1478 ) ;
#498 = FACE_OUTER_BOUND ( 'NONE', #2315, .T. ) ;
#499 = VECTOR ( 'NONE', #2419, 1000.000000000000000 ) ;
#500 = CIRCLE ( 'NONE', #93, 3.750000000000003553 ) ;
#501 = ORIENTED_EDGE ( 'NONE', *, *, #2988, .F. ) ;
#502 = CARTESIAN_POINT ( 'NONE',  ( 8.000000000000000000, -21.99999999999999645, -8.000000000000000000 ) ) ;
#503 = CARTESIAN_POINT ( 'NONE',  ( 3.945376525622240393, 21.28716085081511622, 3.247537921415053042 ) ) ;
#504 = ORIENTED_EDGE ( 'NONE', *, *, #2745, .F. ) ;
#505 = EDGE_CURVE ( 'NONE', #424, #1658, #1973, .T. ) ;
#506 = AXIS2_PLACEMENT_3D ( 'NONE', #1776, #1849, #1052 ) ;
#507 = DIRECTION ( 'NONE',  ( -0.000000000000000000, 1.000000000000000000, -0.000000000000000000 ) ) ;
#508 = ADVANCED_FACE ( 'NONE', ( #3261 ), #1448, .T. ) ;
#509 = ORIENTED_EDGE ( 'NONE', *, *, #2746, .F. ) ;
#510 = ADVANCED_FACE ( 'NONE', ( #1467 ), #907, .F. ) ;
#511 = LINE ( 'NONE', #1006, #1559 ) ;
#512 = CARTESIAN_POINT ( 'NONE',  ( -38.00000000000000711, 3.469446951953614189E-15, 19.00000000000000000 ) ) ;
#513 = ORIENTED_EDGE ( 'NONE', *, *, #2662, .F. ) ;
#514 = DIRECTION ( 'NONE',  ( -0.000000000000000000, -0.000000000000000000, 1.000000000000000000 ) ) ;
#515 = EDGE_CURVE ( 'NONE', #2394, #147, #2675, .T. ) ;
#516 = FACE_OUTER_BOUND ( 'NONE', #2743, .T. ) ;
#517 = ORIENTED_EDGE ( 'NONE', *, *, #663, .T. ) ;
#518 = DIRECTION ( 'NONE',  ( 0.000000000000000000, 1.000000000000000000, 0.000000000000000000 ) ) ;
#519 = LINE ( 'NONE', #571, #2062 ) ;
#520 = ORIENTED_EDGE ( 'NONE', *, *, #3030, .F. ) ;
#521 = DIRECTION ( 'NONE',  ( -0.000000000000000000, 0.000000000000000000, 1.000000000000000000 ) ) ;
#522 = EDGE_CURVE ( 'NONE', #1126, #2850, #1295, .T. ) ;
#523 = CARTESIAN_POINT ( 'NONE',  ( -49.39999999999999858, -5.000000000000006217, -8.000000000000000000 ) ) ;
#524 = VERTEX_POINT ( 'NONE', #1433 ) ;
#525 = ORIENTED_EDGE ( 'NONE', *, *, #1548, .T. ) ;
#526 = EDGE_CURVE ( 'NONE', #1274, #1810, #1146, .T. ) ;
#527 = CARTESIAN_POINT ( 'NONE',  ( -1.999999999999991340, -22.00000000000000355, 4.999999999999992006 ) ) ;
#528 = CARTESIAN_POINT ( 'NONE',  ( 26.25000000000000355, 6.249999999999996447, 11.99999999999999822 ) ) ;
#529 = VERTEX_POINT ( 'NONE', #1956 ) ;
#530 = DIRECTION ( 'NONE',  ( 0.000000000000000000, 0.000000000000000000, -1.000000000000000000 ) ) ;
#531 = EDGE_CURVE ( 'NONE', #2550, #787, #2935, .T. ) ;
#532 = CARTESIAN_POINT ( 'NONE',  ( -60.00000000000000711, 22.00000000000000355, 11.00000000000000000 ) ) ;
#533 = ORIENTED_EDGE ( 'NONE', *, *, #823, .T. ) ;
#534 = FACE_OUTER_BOUND ( 'NONE', #931, .T. ) ;
#535 = DIRECTION ( 'NONE',  ( -0.000000000000000000, -0.000000000000000000, -1.000000000000000000 ) ) ;
#536 = ORIENTED_EDGE ( 'NONE', *, *, #1727, .F. ) ;
#537 = CARTESIAN_POINT ( 'NONE',  ( 49.00000000000000711, -13.50000000000000000, 5.499999999999996447 ) ) ;
#538 = CARTESIAN_POINT ( 'NONE',  ( -38.00000000000000000, -20.89999999999999503, 23.50000000000003553 ) ) ;
#539 = DIRECTION ( 'NONE',  ( 0.000000000000000000, -0.000000000000000000, 1.000000000000000000 ) ) ;
#540 = ORIENTED_EDGE ( 'NONE', *, *, #744, .T. ) ;
#541 = VERTEX_POINT ( 'NONE', #1723 ) ;
#542 = VECTOR ( 'NONE', #1653, 1000.000000000000000 ) ;
#543 = AXIS2_PLACEMENT_3D ( 'NONE', #321, #3161, #1063 ) ;
#544 = VECTOR ( 'NONE', #2371, 1000.000000000000000 ) ;
#545 = ADVANCED_FACE ( 'NONE', ( #2967 ), #1987, .T. ) ;
#546 = CARTESIAN_POINT ( 'NONE',  ( 53.00000000000000711, 11.50000000000000000, -1.534563074902560759E-15 ) ) ;
#547 = CARTESIAN_POINT ( 'NONE',  ( -38.00000000000001421, 3.469446951953614189E-15, 19.00000000000000000 ) ) ;
#548 = AXIS2_PLACEMENT_3D ( 'NONE', #2880, #2177, #2863 ) ;
#549 = VERTEX_POINT ( 'NONE', #656 ) ;
#550 = CARTESIAN_POINT ( 'NONE',  ( 17.57608565308551718, 18.21523560585638535, 7.999999999999998224 ) ) ;
#551 = DIRECTION ( 'NONE',  ( -0.7035975447302902364, 0.07035975447302975083, 0.7071067811865491270 ) ) ;
#552 = EDGE_CURVE ( 'NONE', #2936, #1126, #940, .T. ) ;
#553 = ORIENTED_EDGE ( 'NONE', *, *, #1821, .T. ) ;
#554 = CARTESIAN_POINT ( 'NONE',  ( 13.49751859510499230, -20.65024814048949509, 1.583029336846314417 ) ) ;
#555 = PLANE ( 'NONE',  #344 ) ;
#556 = CARTESIAN_POINT ( 'NONE',  ( 49.00000000000000711, 13.50000000000000000, 6.599999999999996980 ) ) ;
#557 = LINE ( 'NONE', #3137, #1289 ) ;
#558 = VECTOR ( 'NONE', #2480, 1000.000000000000000 ) ;
#559 = LINE ( 'NONE', #1582, #2525 ) ;
#560 = DIRECTION ( 'NONE',  ( -0.9950371902099891530, -0.09950371902099872101, 0.000000000000000000 ) ) ;
#561 = ORIENTED_EDGE ( 'NONE', *, *, #2857, .T. ) ;
#562 = ORIENTED_EDGE ( 'NONE', *, *, #372, .T. ) ;
#563 = AXIS2_PLACEMENT_3D ( 'NONE', #2327, #1115, #1350 ) ;
#564 = DIRECTION ( 'NONE',  ( -0.09950371902099867938, -0.9950371902099891530, 0.000000000000000000 ) ) ;
#565 = CYLINDRICAL_SURFACE ( 'NONE', #2124, 19.89999999999999503 ) ;
#566 = CARTESIAN_POINT ( 'NONE',  ( 5.897197706666528205, -21.41028022933334185, 2.563317749330013218 ) ) ;
#567 = CARTESIAN_POINT ( 'NONE',  ( -0.7895514065912487833, 21.90304455956136920, 4.004243805343168816 ) ) ;
#568 = VERTEX_POINT ( 'NONE', #1190 ) ;
#569 = CARTESIAN_POINT ( 'NONE',  ( 52.90000000000001279, -14.59952611956460800, 24.00000000000000000 ) ) ;
#570 = CARTESIAN_POINT ( 'NONE',  ( 26.25000000000000355, -6.250000000000001776, 19.00000000000000711 ) ) ;
#571 = CARTESIAN_POINT ( 'NONE',  ( 8.000000000000000000, -21.99999999999999645, -8.000000000000000000 ) ) ;
#572 = CARTESIAN_POINT ( 'NONE',  ( -38.00000000000001421, -21.99999999999999645, 5.000000000000000000 ) ) ;
#573 = DIRECTION ( 'NONE',  ( 0.7071067811865425767, 0.000000000000000000, 0.7071067811865524577 ) ) ;
#574 = CARTESIAN_POINT ( 'NONE',  ( 54.99999999999999289, 14.41860260878449829, -7.999999999999998224 ) ) ;
#575 = ORIENTED_EDGE ( 'NONE', *, *, #1560, .T. ) ;
#576 = VERTEX_POINT ( 'NONE', #183 ) ;
#577 = STYLED_ITEM ( 'NONE', ( #1964 ), #3201 ) ;
#578 = FACE_OUTER_BOUND ( 'NONE', #1446, .T. ) ;
#579 = CARTESIAN_POINT ( 'NONE',  ( 8.000000000000000000, -15.67506218943954721, -8.000000000000000000 ) ) ;
#580 = DIRECTION ( 'NONE',  ( 0.000000000000000000, 0.000000000000000000, 1.000000000000000000 ) ) ;
#581 = CARTESIAN_POINT ( 'NONE',  ( 18.42875486424589937, -1.842875486424609077, 24.00000000000000000 ) ) ;
#582 = ORIENTED_EDGE ( 'NONE', *, *, #1969, .T. ) ;
#583 = DIRECTION ( 'NONE',  ( 0.000000000000000000, -0.000000000000000000, -1.000000000000000000 ) ) ;
#584 = CARTESIAN_POINT ( 'NONE',  ( 26.25000000000000355, 6.249999999999997335, 19.00000000000000000 ) ) ;
#585 = CARTESIAN_POINT ( 'NONE',  ( -38.33267175080649025, -20.23059551205308182, 23.83267175080652578 ) ) ;
#586 = LINE ( 'NONE', #1831, #3051 ) ;
#587 = DIRECTION ( 'NONE',  ( -1.000000000000000000, 0.000000000000000000, 0.000000000000000000 ) ) ;
#588 = ORIENTED_EDGE ( 'NONE', *, *, #2795, .F. ) ;
#589 = VERTEX_POINT ( 'NONE', #1687 ) ;
#590 = FACE_OUTER_BOUND ( 'NONE', #862, .T. ) ;
#591 = CYLINDRICAL_SURFACE ( 'NONE', #457, 9.000000000000001776 ) ;
#592 = CARTESIAN_POINT ( 'NONE',  ( -60.00000000000000000, -16.99999999999999289, 5.000000000000000000 ) ) ;
#593 = VECTOR ( 'NONE', #252, 1000.000000000000000 ) ;
#594 = AXIS2_PLACEMENT_3D ( 'NONE', #3288, #29, #703 ) ;
#595 = CARTESIAN_POINT ( 'NONE',  ( -1.425304228867297907, -23.91565257044229398, 2.999999999999992450 ) ) ;
#596 = ORIENTED_EDGE ( 'NONE', *, *, #1221, .T. ) ;
#597 = LINE ( 'NONE', #2163, #3253 ) ;
#598 = DIRECTION ( 'NONE',  ( 1.000000000000000000, 0.000000000000000000, 0.000000000000000000 ) ) ;
#599 = LINE ( 'NONE', #1380, #879 ) ;
#600 = EDGE_CURVE ( 'NONE', #2757, #456, #2458, .T. ) ;
#601 = LINE ( 'NONE', #3155, #1633 ) ;
#602 = ORIENTED_EDGE ( 'NONE', *, *, #2311, .F. ) ;
#603 = AXIS2_PLACEMENT_3D ( 'NONE', #1928, #2683, #386 ) ;
#604 = ORIENTED_EDGE ( 'NONE', *, *, #2665, .F. ) ;
#605 = AXIS2_PLACEMENT_3D ( 'NONE', #1885, #2704, #1382 ) ;
#606 = EDGE_CURVE ( 'NONE', #2661, #2940, #1416, .T. ) ;
#607 = VECTOR ( 'NONE', #1119, 1000.000000000000000 ) ;
#608 = CARTESIAN_POINT ( 'NONE',  ( -38.00000000000000000, -20.89999999999999503, 19.00000000000000000 ) ) ;
#609 = CIRCLE ( 'NONE', #2799, 7.099999999999998757 ) ;
#610 = ADVANCED_FACE ( 'NONE', ( #1161 ), #2471, .F. ) ;
#611 = ORIENTED_EDGE ( 'NONE', *, *, #2158, .T. ) ;
#612 = VECTOR ( 'NONE', #2092, 1000.000000000000000 ) ;
#613 = CARTESIAN_POINT ( 'NONE',  ( -38.00000000000001421, 19.00000000000000355, 8.000000000000000000 ) ) ;
#614 = DIRECTION ( 'NONE',  ( 0.000000000000000000, 0.000000000000000000, -1.000000000000000000 ) ) ;
#615 = ORIENTED_EDGE ( 'NONE', *, *, #505, .F. ) ;
#616 = EDGE_CURVE ( 'NONE', #1074, #146, #997, .T. ) ;
#617 = CARTESIAN_POINT ( 'NONE',  ( -38.16598852988525437, 20.06598852988524229, 23.66598852988527213 ) ) ;
#618 = DIRECTION ( 'NONE',  ( -1.000000000000000000, -0.000000000000000000, -0.000000000000000000 ) ) ;
#619 = DIRECTION ( 'NONE',  ( 1.259073490628327937E-16, 0.000000000000000000, -1.000000000000000000 ) ) ;
#620 = CARTESIAN_POINT ( 'NONE',  ( 49.00000000000000711, 22.00000000000000355, -0.9999999999999986677 ) ) ;
#621 = ORIENTED_EDGE ( 'NONE', *, *, #1100, .F. ) ;
#622 = ORIENTED_EDGE ( 'NONE', *, *, #1118, .F. ) ;
#623 = VECTOR ( 'NONE', #2265, 1000.000000000000114 ) ;
#624 = VERTEX_POINT ( 'NONE', #2242 ) ;
#625 = VECTOR ( 'NONE', #2763, 1000.000000000000114 ) ;
#626 = EDGE_CURVE ( 'NONE', #589, #827, #1740, .T. ) ;
#627 = CARTESIAN_POINT ( 'NONE',  ( 18.00000000000001066, 16.00000000000000000, 4.999999999999997335 ) ) ;
#628 = CARTESIAN_POINT ( 'NONE',  ( 18.00000000000000355, 15.99999999999993072, 4.715515347019629822 ) ) ;
#629 = EDGE_LOOP ( 'NONE', ( #2084, #1330, #251, #875, #1376, #323 ) ) ;
#630 = ORIENTED_EDGE ( 'NONE', *, *, #2504, .T. ) ;
#631 = DIRECTION ( 'NONE',  ( -0.000000000000000000, -0.000000000000000000, -1.000000000000000000 ) ) ;
#632 = EDGE_CURVE ( 'NONE', #808, #2757, #1174, .T. ) ;
#633 = FACE_OUTER_BOUND ( 'NONE', #1982, .T. ) ;
#634 = PLANE ( 'NONE',  #1957 ) ;
#635 = CARTESIAN_POINT ( 'NONE',  ( 17.98452333693673566, -16.48155408655026122, 3.700006667830520790 ) ) ;
#636 = EDGE_LOOP ( 'NONE', ( #645, #1584, #1568, #748 ) ) ;
#637 = CARTESIAN_POINT ( 'NONE',  ( 49.00000000000000711, 11.50000000000000000, -1.534563074902560759E-15 ) ) ;
#638 = CARTESIAN_POINT ( 'NONE',  ( 10.58312214030802068, 20.94168778596919012, -5.928932188134524495 ) ) ;
#639 = ORIENTED_EDGE ( 'NONE', *, *, #1904, .F. ) ;
#640 = DIRECTION ( 'NONE',  ( -1.000000000000000000, 0.000000000000000000, 0.000000000000000000 ) ) ;
#641 = ADVANCED_FACE ( 'NONE', ( #733 ), #2719, .F. ) ;
#642 = DIRECTION ( 'NONE',  ( 1.000000000000000000, 0.000000000000000000, 0.000000000000000000 ) ) ;
#643 = DIRECTION ( 'NONE',  ( 0.5955966830474263007, -0.5390075901931368207, 0.5955966830474219709 ) ) ;
#644 = VERTEX_POINT ( 'NONE', #2218 ) ;
#645 = ORIENTED_EDGE ( 'NONE', *, *, #151, .F. ) ;
#646 = CARTESIAN_POINT ( 'NONE',  ( -38.00000000000000000, -20.89999999999999503, 23.50000000000003553 ) ) ;
#647 = DIRECTION ( 'NONE',  ( 0.000000000000000000, 0.000000000000000000, 1.000000000000000000 ) ) ;
#648 = VECTOR ( 'NONE', #2125, 1000.000000000000000 ) ;
#649 = VECTOR ( 'NONE', #1514, 1000.000000000000000 ) ;
#650 = EDGE_CURVE ( 'NONE', #1296, #2569, #2485, .T. ) ;
#651 = DIRECTION ( 'NONE',  ( -0.000000000000000000, -1.000000000000000000, -0.000000000000000000 ) ) ;
#652 = ORIENTED_EDGE ( 'NONE', *, *, #2703, .F. ) ;
#653 = CARTESIAN_POINT ( 'NONE',  ( -3.999999999999989786, 10.49999999999999822, 2.000000000000000000 ) ) ;
#654 = EDGE_CURVE ( 'NONE', #424, #1312, #201, .T. ) ;
#655 = AXIS2_PLACEMENT_3D ( 'NONE', #2248, #980, #760 ) ;
#656 = CARTESIAN_POINT ( 'NONE',  ( 18.74999999999999645, -6.250000000000001776, 11.99999999999999645 ) ) ;
#657 = AXIS2_PLACEMENT_3D ( 'NONE', #2672, #2184, #105 ) ;
#658 = ORIENTED_EDGE ( 'NONE', *, *, #2093, .T. ) ;
#659 = VECTOR ( 'NONE', #2648, 1000.000000000000000 ) ;
#660 = DIRECTION ( 'NONE',  ( -0.000000000000000000, -0.000000000000000000, -1.000000000000000000 ) ) ;
#661 = DIRECTION ( 'NONE',  ( 0.07035975447302936225, -0.7035975447302950103, 0.7071067811865443531 ) ) ;
#662 = ORIENTED_EDGE ( 'NONE', *, *, #1002, .T. ) ;
#663 = EDGE_CURVE ( 'NONE', #1106, #1234, #3013, .T. ) ;
#664 = ORIENTED_EDGE ( 'NONE', *, *, #2320, .T. ) ;
#665 = CARTESIAN_POINT ( 'NONE',  ( -38.00000000000000711, 3.469446951953614189E-15, 19.00000000000000000 ) ) ;
#666 = LINE ( 'NONE', #2212, #2215 ) ;
#667 = AXIS2_PLACEMENT_3D ( 'NONE', #2853, #848, #1315 ) ;
#668 = DIRECTION ( 'NONE',  ( 0.000000000000000000, 0.000000000000000000, -1.000000000000000000 ) ) ;
#669 = ADVANCED_FACE ( 'NONE', ( #1000 ), #1206, .F. ) ;
#670 = ORIENTED_EDGE ( 'NONE', *, *, #3269, .F. ) ;
#671 = PLANE ( 'NONE',  #2217 ) ;
#672 = ORIENTED_EDGE ( 'NONE', *, *, #2638, .T. ) ;
#673 = ORIENTED_EDGE ( 'NONE', *, *, #2970, .F. ) ;
#674 = EDGE_CURVE ( 'NONE', #147, #59, #485, .T. ) ;
#675 = CARTESIAN_POINT ( 'NONE',  ( -6.938893903907228378E-15, 21.99999999999999289, -3.000000000000000000 ) ) ;
#676 = CARTESIAN_POINT ( 'NONE',  ( -3.999999999999989786, -10.50000000000000178, 2.000000000000000000 ) ) ;
#677 = CARTESIAN_POINT ( 'NONE',  ( 18.00085562847608855, 16.06432330928559082, 4.433645655017211418 ) ) ;
#678 = FACE_OUTER_BOUND ( 'NONE', #3195, .T. ) ;
#679 = ORIENTED_EDGE ( 'NONE', *, *, #2580, .T. ) ;
#680 = VERTEX_POINT ( 'NONE', #3028 ) ;
#681 = CARTESIAN_POINT ( 'NONE',  ( -3.999999999999989786, -10.50000000000000178, 11.00000000000000000 ) ) ;
#682 = CARTESIAN_POINT ( 'NONE',  ( 16.08876981997914868, 20.39112301800208016, -1.000000000000003997 ) ) ;
#683 = CARTESIAN_POINT ( 'NONE',  ( 20.44776673559450231, -18.34724322706120248, 24.00000000000000000 ) ) ;
#684 = ORIENTED_EDGE ( 'NONE', *, *, #1614, .F. ) ;
#685 = EDGE_CURVE ( 'NONE', #427, #2113, #2515, .T. ) ;
#686 = CARTESIAN_POINT ( 'NONE',  ( -0.2493781056045618061, 17.00000000000000000, 0.000000000000000000 ) ) ;
#687 = ORIENTED_EDGE ( 'NONE', *, *, #959, .T. ) ;
#688 = ORIENTED_EDGE ( 'NONE', *, *, #1378, .T. ) ;
#689 = DIRECTION ( 'NONE',  ( 0.5955966830474255236, 0.5390075901931337121, -0.5955966830474255236 ) ) ;
#690 = FACE_BOUND ( 'NONE', #2658, .T. ) ;
#691 = CARTESIAN_POINT ( 'NONE',  ( -46.60000000000000142, 4.999999999999976907, 0.000000000000000000 ) ) ;
#692 = CARTESIAN_POINT ( 'NONE',  ( 19.90049628097899870, -17.89947649146670372, 24.00000000000000000 ) ) ;
#693 = ORIENTED_EDGE ( 'NONE', *, *, #2822, .F. ) ;
#694 = ORIENTED_EDGE ( 'NONE', *, *, #198, .F. ) ;
#695 = LINE ( 'NONE', #1733, #2398 ) ;
#696 = LINE ( 'NONE', #142, #2695 ) ;
#697 = AXIS2_PLACEMENT_3D ( 'NONE', #2326, #39, #1043 ) ;
#698 = VERTEX_POINT ( 'NONE', #3286 ) ;
#699 = VECTOR ( 'NONE', #476, 1000.000000000000000 ) ;
#700 = FACE_OUTER_BOUND ( 'NONE', #3119, .T. ) ;
#701 = ORIENTED_EDGE ( 'NONE', *, *, #1640, .T. ) ;
#702 = AXIS2_PLACEMENT_3D ( 'NONE', #1017, #460, #1796 ) ;
#703 = DIRECTION ( 'NONE',  ( 0.000000000000000000, 1.000000000000000000, 0.000000000000000000 ) ) ;
#704 = CARTESIAN_POINT ( 'NONE',  ( 22.49999999999999645, -6.250000000000002665, 40.36000936329383393 ) ) ;
#705 = CARTESIAN_POINT ( 'NONE',  ( -38.00000000000001421, 3.469446951953614189E-15, 24.00000000000000000 ) ) ;
#706 = CARTESIAN_POINT ( 'NONE',  ( 17.88706069461521864, -17.16525008566993193, 7.782380071152915413 ) ) ;
#707 = EDGE_CURVE ( 'NONE', #2297, #2661, #1917, .T. ) ;
#708 = VECTOR ( 'NONE', #2496, 1000.000000000000000 ) ;
#709 = FACE_OUTER_BOUND ( 'NONE', #2733, .T. ) ;
#710 = ORIENTED_EDGE ( 'NONE', *, *, #526, .F. ) ;
#711 = CARTESIAN_POINT ( 'NONE',  ( 49.00000000000000711, 22.00000000000000355, 12.00000000000000000 ) ) ;
#712 = DIRECTION ( 'NONE',  ( -1.000000000000000000, 0.000000000000000000, 0.000000000000000000 ) ) ;
#713 = EDGE_CURVE ( 'NONE', #1319, #2712, #2929, .T. ) ;
#714 = VERTEX_POINT ( 'NONE', #1736 ) ;
#715 = AXIS2_PLACEMENT_3D ( 'NONE', #334, #58, #1061 ) ;
#716 = CARTESIAN_POINT ( 'NONE',  ( 17.99999999999999289, 15.99999999999993072, 5.999999999999998224 ) ) ;
#717 = EDGE_LOOP ( 'NONE', ( #1385, #1790, #1774, #1941 ) ) ;
#718 = CARTESIAN_POINT ( 'NONE',  ( -1.791071288685385288E-15, 5.000000000000000000, 0.000000000000000000 ) ) ;
#719 = EDGE_LOOP ( 'NONE', ( #1199, #868, #1712, #1172 ) ) ;
#720 = DIRECTION ( 'NONE',  ( 0.000000000000000000, 1.000000000000000000, 0.000000000000000000 ) ) ;
#721 = CARTESIAN_POINT ( 'NONE',  ( 26.50480234964024007, 10.94419969878313736, 30.76360606153989252 ) ) ;
#722 = DIRECTION ( 'NONE',  ( 1.000000000000000000, 0.000000000000000000, 0.000000000000000000 ) ) ;
#723 = EDGE_CURVE ( 'NONE', #3226, #427, #3257, .T. ) ;
#724 = ORIENTED_EDGE ( 'NONE', *, *, #522, .F. ) ;
#725 = EDGE_CURVE ( 'NONE', #2045, #2850, #1055, .T. ) ;
#726 = CARTESIAN_POINT ( 'NONE',  ( 19.90049628097899870, -17.89947649146670372, 19.00000000000000000 ) ) ;
#727 = AXIS2_PLACEMENT_3D ( 'NONE', #665, #3229, #2232 ) ;
#728 = EDGE_CURVE ( 'NONE', #1443, #271, #1787, .T. ) ;
#729 = AXIS2_PLACEMENT_3D ( 'NONE', #2509, #2245, #222 ) ;
#730 = ORIENTED_EDGE ( 'NONE', *, *, #1967, .T. ) ;
#731 = CARTESIAN_POINT ( 'NONE',  ( 18.00000000000001066, 16.00000000000000000, 7.999999999999998224 ) ) ;
#732 = ADVANCED_BREP_SHAPE_REPRESENTATION ( 'Link_2_base', ( #3201, #1051 ), #845 ) ;
#733 = FACE_OUTER_BOUND ( 'NONE', #2032, .T. ) ;
#734 = ORIENTED_EDGE ( 'NONE', *, *, #1704, .T. ) ;
#735 = DIRECTION ( 'NONE',  ( 1.000000000000000000, 0.000000000000000000, 0.000000000000000000 ) ) ;
#736 = ORIENTED_EDGE ( 'NONE', *, *, #184, .T. ) ;
#737 = CARTESIAN_POINT ( 'NONE',  ( -38.33403386114805045, -20.56395666018610413, 23.83403386114808598 ) ) ;
#738 = CARTESIAN_POINT ( 'NONE',  ( 3.075590786450499881, -21.66190308583905022, 3.191800468015949743 ) ) ;
#739 = CARTESIAN_POINT ( 'NONE',  ( -48.00000000000000000, -5.000000000000006217, 0.000000000000000000 ) ) ;
#740 = VERTEX_POINT ( 'NONE', #2236 ) ;
#741 = EDGE_CURVE ( 'NONE', #3054, #470, #197, .T. ) ;
#742 = LINE ( 'NONE', #2294, #2042 ) ;
#743 = CARTESIAN_POINT ( 'NONE',  ( -44.99999999999999289, -10.50000000000000178, 2.000000000000000000 ) ) ;
#744 = EDGE_CURVE ( 'NONE', #2090, #3226, #2031, .T. ) ;
#745 = ORIENTED_EDGE ( 'NONE', *, *, #2759, .T. ) ;
#746 = DIRECTION ( 'NONE',  ( 1.000000000000000000, -0.000000000000000000, -0.000000000000000000 ) ) ;
#747 = DIRECTION ( 'NONE',  ( 1.000000000000000000, 0.000000000000000000, 0.000000000000000000 ) ) ;
#748 = ORIENTED_EDGE ( 'NONE', *, *, #663, .F. ) ;
#749 = ADVANCED_FACE ( 'NONE', ( #700 ), #2468, .F. ) ;
#750 = CARTESIAN_POINT ( 'NONE',  ( 19.90049628097899870, -17.89947649146670372, 23.50000000000000000 ) ) ;
#751 = CIRCLE ( 'NONE', #1990, 5.000000000000000888 ) ;
#752 = VECTOR ( 'NONE', #2522, 1000.000000000000000 ) ;
#753 = ORIENTED_EDGE ( 'NONE', *, *, #1122, .T. ) ;
#754 = EDGE_CURVE ( 'NONE', #2229, #1101, #3206, .T. ) ;
#755 = DIRECTION ( 'NONE',  ( -0.000000000000000000, -0.000000000000000000, -1.000000000000000000 ) ) ;
#756 = DIRECTION ( 'NONE',  ( 0.000000000000000000, 0.000000000000000000, 1.000000000000000000 ) ) ;
#757 = ORIENTED_EDGE ( 'NONE', *, *, #2214, .F. ) ;
#758 = CARTESIAN_POINT ( 'NONE',  ( -34.74999999999998579, 0.000000000000000000, 2.000000000000000000 ) ) ;
#759 = CIRCLE ( 'NONE', #1026, 5.000000000000000888 ) ;
#760 = DIRECTION ( 'NONE',  ( -1.000000000000000000, 0.000000000000000000, 0.000000000000000000 ) ) ;
#761 = EDGE_CURVE ( 'NONE', #1372, #2441, #609, .T. ) ;
#762 = VECTOR ( 'NONE', #791, 1000.000000000000000 ) ;
#763 = ORIENTED_EDGE ( 'NONE', *, *, #761, .T. ) ;
#764 = DIRECTION ( 'NONE',  ( 0.000000000000000000, -0.000000000000000000, 1.000000000000000000 ) ) ;
#765 = CARTESIAN_POINT ( 'NONE',  ( 57.00000000000000711, -13.50000000000000000, 5.499999999999996447 ) ) ;
#766 = EDGE_LOOP ( 'NONE', ( #2053, #2681, #452, #2189, #998, #2676, #3271, #1729 ) ) ;
#767 = AXIS2_PLACEMENT_3D ( 'NONE', #765, #1792, #2809 ) ;
#768 = CARTESIAN_POINT ( 'NONE',  ( 49.00000000000000711, 11.50000000000000000, 12.00000000000000000 ) ) ;
#769 = ADVANCED_FACE ( 'NONE', ( #2101, #786 ), #1811, .F. ) ;
#770 = EDGE_CURVE ( 'NONE', #2374, #3220, #2067, .T. ) ;
#771 = AXIS2_PLACEMENT_3D ( 'NONE', #779, #2817, #2976 ) ;
#772 = LINE ( 'NONE', #2341, #2646 ) ;
#773 = ORIENTED_EDGE ( 'NONE', *, *, #367, .T. ) ;
#774 = VECTOR ( 'NONE', #2802, 1000.000000000000114 ) ;
#775 = EDGE_LOOP ( 'NONE', ( #1826, #1970 ) ) ;
#776 = AXIS2_PLACEMENT_3D ( 'NONE', #1173, #1721, #2239 ) ;
#777 = ADVANCED_FACE ( 'NONE', ( #47 ), #1069, .T. ) ;
#778 = CARTESIAN_POINT ( 'NONE',  ( -38.00000000000001421, 3.469446951953614189E-15, 24.00000000000000000 ) ) ;
#779 = CARTESIAN_POINT ( 'NONE',  ( -1.791071288685385288E-15, 5.000000000000000000, 0.000000000000000000 ) ) ;
#780 = VERTEX_POINT ( 'NONE', #2549 ) ;
#781 = CARTESIAN_POINT ( 'NONE',  ( -38.00000000000001421, 20.90000000000000213, 24.00000000000000000 ) ) ;
#782 = LINE ( 'NONE', #1862, #2537 ) ;
#783 = ORIENTED_EDGE ( 'NONE', *, *, #725, .T. ) ;
#784 = CARTESIAN_POINT ( 'NONE',  ( 8.024814048950057455, -16.17258078454454306, -8.000000000000000000 ) ) ;
#786 = FACE_OUTER_BOUND ( 'NONE', #2358, .T. ) ;
#785 = AXIS2_PLACEMENT_3D ( 'NONE', #324, #869, #101 ) ;
#787 = VERTEX_POINT ( 'NONE', #2353 ) ;
#788 = LINE ( 'NONE', #2633, #389 ) ;
#789 = AXIS2_PLACEMENT_3D ( 'NONE', #977, #1453, #451 ) ;
#790 = EDGE_CURVE ( 'NONE', #2748, #1793, #1596, .T. ) ;
#791 = DIRECTION ( 'NONE',  ( 0.000000000000000000, -1.000000000000000000, 0.000000000000000000 ) ) ;
#792 = ORIENTED_EDGE ( 'NONE', *, *, #91, .F. ) ;
#793 = ORIENTED_EDGE ( 'NONE', *, *, #959, .F. ) ;
#794 = CARTESIAN_POINT ( 'NONE',  ( 16.08876981997914868, -20.39112301800207661, 11.99999999999999645 ) ) ;
#795 = CARTESIAN_POINT ( 'NONE',  ( 13.04472320731633594, 12.29020761301544518, 17.23639393846008261 ) ) ;
#796 = EDGE_CURVE ( 'NONE', #549, #524, #2616, .T. ) ;
#797 = VERTEX_POINT ( 'NONE', #556 ) ;
#798 = DIRECTION ( 'NONE',  ( 1.000000000000000000, 0.000000000000000000, -0.000000000000000000 ) ) ;
#799 = CARTESIAN_POINT ( 'NONE',  ( 1.399999999999998357, 5.000000000000000000, 8.000000000000000000 ) ) ;
#800 = ORIENTED_EDGE ( 'NONE', *, *, #2662, .T. ) ;
#801 = PLANE ( 'NONE',  #1730 ) ;
#802 = DIRECTION ( 'NONE',  ( -0.000000000000000000, -0.000000000000000000, -1.000000000000000000 ) ) ;
#803 = CARTESIAN_POINT ( 'NONE',  ( -58.90000000000000568, 3.469446951953614189E-15, 24.00000000000000000 ) ) ;
#804 = DIRECTION ( 'NONE',  ( -1.000000000000000000, -0.000000000000000000, -0.000000000000000000 ) ) ;
#805 = DIRECTION ( 'NONE',  ( -1.826024711554534160E-16, 1.000000000000000000, 0.000000000000000000 ) ) ;
#806 = CARTESIAN_POINT ( 'NONE',  ( 1.680699226677180746, -16.80699226677182523, -3.000000000000000000 ) ) ;
#807 = ORIENTED_EDGE ( 'NONE', *, *, #2275, .F. ) ;
#808 = VERTEX_POINT ( 'NONE', #1034 ) ;
#809 = AXIS2_PLACEMENT_3D ( 'NONE', #299, #1060, #3102 ) ;
#810 = AXIS2_PLACEMENT_3D ( 'NONE', #3019, #1309, #1989 ) ;
#811 = LINE ( 'NONE', #1819, #277 ) ;
#812 = CARTESIAN_POINT ( 'NONE',  ( 1.680699226677179192, 16.80699226677182878, 0.000000000000000000 ) ) ;
#813 = CIRCLE ( 'NONE', #1457, 20.89999999999999858 ) ;
#814 = ORIENTED_EDGE ( 'NONE', *, *, #2555, .F. ) ;
#815 = CARTESIAN_POINT ( 'NONE',  ( 17.99351955677417081, 16.30352626116343018, 7.072129294697080404 ) ) ;
#816 = LINE ( 'NONE', #1318, #2797 ) ;
#817 = ORIENTED_EDGE ( 'NONE', *, *, #1110, .F. ) ;
#818 = CARTESIAN_POINT ( 'NONE',  ( 53.90000000000000568, -15.50451368167669841, 24.00000000000000000 ) ) ;
#819 = AXIS2_PLACEMENT_3D ( 'NONE', #2028, #1281, #1252 ) ;
#820 = DIRECTION ( 'NONE',  ( -0.000000000000000000, -0.000000000000000000, 1.000000000000000000 ) ) ;
#821 = CARTESIAN_POINT ( 'NONE',  ( 7.440306508910421002, 21.25596934910894831, 7.999999999999996447 ) ) ;
#822 = DIRECTION ( 'NONE',  ( 0.000000000000000000, 0.000000000000000000, -1.000000000000000000 ) ) ;
#823 = EDGE_CURVE ( 'NONE', #930, #133, #3115, .T. ) ;
#824 = VECTOR ( 'NONE', #2709, 1000.000000000000000 ) ;
#825 = CARTESIAN_POINT ( 'NONE',  ( 9.537837682373911719, 20.62670999706989505, 2.999999999999995115 ) ) ;
#826 = CARTESIAN_POINT ( 'NONE',  ( 55.00000000000000000, -3.099999999999982325, 5.500000000000000888 ) ) ;
#827 = VERTEX_POINT ( 'NONE', #821 ) ;
#828 = ORIENTED_EDGE ( 'NONE', *, *, #2414, .T. ) ;
#829 = AXIS2_PLACEMENT_3D ( 'NONE', #2182, #1679, #1170 ) ;
#830 = CARTESIAN_POINT ( 'NONE',  ( -58.90000000000000568, 3.469446951953614189E-15, 23.50000000000003553 ) ) ;
#831 = LINE ( 'NONE', #1099, #2655 ) ;
#832 =( BOUNDED_CURVE ( )  B_SPLINE_CURVE ( 3, ( #842, #574, #1566, #2568 ),
 .UNSPECIFIED., .F., .F. ) 
 B_SPLINE_CURVE_WITH_KNOTS ( ( 4, 4 ),
 ( 1.570796326794897002, 3.141592653589793116 ),
 .UNSPECIFIED. ) 
 CURVE ( )  GEOMETRIC_REPRESENTATION_ITEM ( )  RATIONAL_B_SPLINE_CURVE ( ( 1.000000000000000000, 0.8047378541243650485, 0.8047378541243650485, 1.000000000000000000 ) ) 
 REPRESENTATION_ITEM ( '' )  );
#833 = EDGE_LOOP ( 'NONE', ( #2162, #800, #1048, #3079, #1004 ) ) ;
#834 = CARTESIAN_POINT ( 'NONE',  ( 0.000000000000000000, 0.000000000000000000, 2.000000000000000000 ) ) ;
#835 = PLANE ( 'NONE',  #2487 ) ;
#836 = ADVANCED_FACE ( 'NONE', ( #2565 ), #1578, .T. ) ;
#837 = ORIENTED_EDGE ( 'NONE', *, *, #3230, .F. ) ;
#838 = DIRECTION ( 'NONE',  ( -0.5170364906592866960, -0.6319334885835651283, -0.5773502691896268413 ) ) ;
#839 = DIRECTION ( 'NONE',  ( 0.000000000000000000, 0.000000000000000000, 1.000000000000000000 ) ) ;
#840 = DIRECTION ( 'NONE',  ( 0.000000000000000000, 0.000000000000000000, -1.000000000000000000 ) ) ;
#841 = DIRECTION ( 'NONE',  ( -0.9578262852211505418, -0.2873478855663482712, -4.473440846217416685E-17 ) ) ;
#842 = CARTESIAN_POINT ( 'NONE',  ( 54.99999999999999289, 11.47506218943955680, -8.000000000000000000 ) ) ;
#843 = ORIENTED_EDGE ( 'NONE', *, *, #198, .T. ) ;
#844 = ORIENTED_EDGE ( 'NONE', *, *, #2039, .T. ) ;
#845 =( GEOMETRIC_REPRESENTATION_CONTEXT ( 3 ) GLOBAL_UNCERTAINTY_ASSIGNED_CONTEXT ( ( #2835 ) ) GLOBAL_UNIT_ASSIGNED_CONTEXT ( ( #2448, #1200, #2313 ) ) REPRESENTATION_CONTEXT ( 'NONE', 'WORKASPACE' ) );
#846 = VECTOR ( 'NONE', #3205, 1000.000000000000000 ) ;
#847 = CARTESIAN_POINT ( 'NONE',  ( -3.999999999999989786, -10.50000000000000178, 8.000000000000000000 ) ) ;
#848 = DIRECTION ( 'NONE',  ( -1.000000000000000000, 0.000000000000000000, 0.000000000000000000 ) ) ;
#849 = ORIENTED_EDGE ( 'NONE', *, *, #28, .F. ) ;
#850 = EDGE_CURVE ( 'NONE', #2956, #1372, #2122, .T. ) ;
#851 = CARTESIAN_POINT ( 'NONE',  ( 18.00005804801953246, 16.01562951504877930, 6.281664904502185287 ) ) ;
#852 = CARTESIAN_POINT ( 'NONE',  ( 54.99999999999999289, 11.47506218943955680, -8.000000000000000000 ) ) ;
#853 = ORIENTED_EDGE ( 'NONE', *, *, #2530, .T. ) ;
#854 = FACE_OUTER_BOUND ( 'NONE', #1602, .T. ) ;
#855 = DIRECTION ( 'NONE',  ( 0.000000000000000000, 0.000000000000000000, 1.000000000000000000 ) ) ;
#856 = CARTESIAN_POINT ( 'NONE',  ( 53.00000000000000711, 0.000000000000000000, 0.000000000000000000 ) ) ;
#857 = EDGE_CURVE ( 'NONE', #2412, #624, #270, .T. ) ;
#858 = EDGE_CURVE ( 'NONE', #2712, #2697, #2862, .T. ) ;
#859 = DIRECTION ( 'NONE',  ( -1.000000000000000000, 0.000000000000000000, 0.000000000000000000 ) ) ;
#860 = EDGE_LOOP ( 'NONE', ( #1905, #3143, #3180, #3187, #238 ) ) ;
#861 = APPLICATION_CONTEXT ( 'automotive_design' ) ;
#862 = EDGE_LOOP ( 'NONE', ( #2947, #817, #23, #2486 ) ) ;
#863 = CARTESIAN_POINT ( 'NONE',  ( -38.00000000000001421, 3.469446951953614189E-15, 0.000000000000000000 ) ) ;
#864 = EDGE_CURVE ( 'NONE', #2884, #1101, #3182, .T. ) ;
#865 = CARTESIAN_POINT ( 'NONE',  ( 13.49751859510499230, -20.65024814048949509, 1.583029336846314417 ) ) ;
#866 = VECTOR ( 'NONE', #2445, 1000.000000000000000 ) ;
#867 = FACE_OUTER_BOUND ( 'NONE', #203, .T. ) ;
#868 = ORIENTED_EDGE ( 'NONE', *, *, #857, .T. ) ;
#869 = DIRECTION ( 'NONE',  ( -0.9578262852211505418, -0.2873478855663482712, -2.524298763222747107E-16 ) ) ;
#870 = FACE_BOUND ( 'NONE', #2728, .T. ) ;
#871 = DIRECTION ( 'NONE',  ( 0.09950371902099872101, 0.9950371902099892640, 0.000000000000000000 ) ) ;
#872 = CARTESIAN_POINT ( 'NONE',  ( -34.74999999999998579, 0.000000000000000000, 2.000000000000000000 ) ) ;
#873 = ORIENTED_EDGE ( 'NONE', *, *, #151, .T. ) ;
#874 = AXIS2_PLACEMENT_3D ( 'NONE', #2942, #195, #1393 ) ;
#875 = ORIENTED_EDGE ( 'NONE', *, *, #50, .F. ) ;
#876 = EDGE_CURVE ( 'NONE', #1259, #2045, #519, .T. ) ;
#877 = ORIENTED_EDGE ( 'NONE', *, *, #2434, .F. ) ;
#878 = ADVANCED_FACE ( 'NONE', ( #257 ), #1339, .F. ) ;
#879 = VECTOR ( 'NONE', #1913, 1000.000000000000000 ) ;
#880 = FACE_BOUND ( 'NONE', #420, .T. ) ;
#881 = CARTESIAN_POINT ( 'NONE',  ( 17.68072368230188829, 17.95184573800758088, 2.999999999999997335 ) ) ;
#882 = ORIENTED_EDGE ( 'NONE', *, *, #2539, .T. ) ;
#883 = DIRECTION ( 'NONE',  ( 0.000000000000000000, 0.000000000000000000, 1.000000000000000000 ) ) ;
#884 = FACE_OUTER_BOUND ( 'NONE', #338, .T. ) ;
#885 = CARTESIAN_POINT ( 'NONE',  ( 53.00000000000000711, -11.49999999999999822, 12.00000000000000000 ) ) ;
#886 = CARTESIAN_POINT ( 'NONE',  ( 17.93029655713486648, -16.92031137595149559, 3.350625428671507144 ) ) ;
#887 = EDGE_LOOP ( 'NONE', ( #119, #1607 ) ) ;
#888 = ORIENTED_EDGE ( 'NONE', *, *, #3101, .T. ) ;
#889 = ADVANCED_FACE ( 'NONE', ( #2047 ), #3136, .F. ) ;
#890 = VECTOR ( 'NONE', #838, 999.9999999999998863 ) ;
#891 = DIRECTION ( 'NONE',  ( -0.9578262852211505418, 0.2873478855663482712, -2.524298763222747107E-16 ) ) ;
#892 = ORIENTED_EDGE ( 'NONE', *, *, #1794, .F. ) ;
#893 = VECTOR ( 'NONE', #396, 1000.000000000000114 ) ;
#894 = DIRECTION ( 'NONE',  ( -0.9950371902099891530, 0.09950371902099862387, -0.000000000000000000 ) ) ;
#895 = ADVANCED_FACE ( 'NONE', ( #2136 ), #2702, .T. ) ;
#896 = CARTESIAN_POINT ( 'NONE',  ( 18.00000000000001066, 16.00000000000000000, 4.999999999999997335 ) ) ;
#897 = CARTESIAN_POINT ( 'NONE',  ( 7.999999999999986677, 18.99999999999999645, 19.00000000000000355 ) ) ;
#898 = ORIENTED_EDGE ( 'NONE', *, *, #367, .F. ) ;
#899 = ORIENTED_EDGE ( 'NONE', *, *, #2642, .F. ) ;
#900 = CARTESIAN_POINT ( 'NONE',  ( 18.00000000000001066, 22.00000000000000355, 11.99999999999999645 ) ) ;
#901 = DIRECTION ( 'NONE',  ( 0.000000000000000000, 1.000000000000000000, -1.334402673828313832E-16 ) ) ;
#902 = DIRECTION ( 'NONE',  ( -1.000000000000000000, 0.000000000000000000, 0.000000000000000000 ) ) ;
#903 = EDGE_CURVE ( 'NONE', #3219, #1695, #599, .T. ) ;
#904 = DIRECTION ( 'NONE',  ( 1.000000000000000000, -0.000000000000000000, -0.000000000000000000 ) ) ;
#905 = EDGE_LOOP ( 'NONE', ( #162, #662, #2231, #2333 ) ) ;
#906 = ORIENTED_EDGE ( 'NONE', *, *, #971, .F. ) ;
#907 = CYLINDRICAL_SURFACE ( 'NONE', #2241, 2.000000000000000000 ) ;
#908 = ORIENTED_EDGE ( 'NONE', *, *, #2741, .T. ) ;
#909 = DIRECTION ( 'NONE',  ( -0.9950371902099891530, 0.09950371902099870713, 0.000000000000000000 ) ) ;
#910 = LINE ( 'NONE', #2206, #824 ) ;
#911 = EDGE_CURVE ( 'NONE', #1665, #1274, #1897, .T. ) ;
#912 = CARTESIAN_POINT ( 'NONE',  ( 59.99999999999999289, 22.00000000000000355, 19.00000000000000000 ) ) ;
#913 = ORIENTED_EDGE ( 'NONE', *, *, #55, .F. ) ;
#914 = ORIENTED_EDGE ( 'NONE', *, *, #2039, .F. ) ;
#915 = DIRECTION ( 'NONE',  ( 0.9950371902099891530, 0.09950371902099880428, 1.759308880506637821E-16 ) ) ;
#916 = CARTESIAN_POINT ( 'NONE',  ( 19.90049628097900580, 17.89947649146670727, 19.00000000000000000 ) ) ;
#917 = PLANE ( 'NONE',  #3241 ) ;
#918 = AXIS2_PLACEMENT_3D ( 'NONE', #220, #573, #2105 ) ;
#919 = CARTESIAN_POINT ( 'NONE',  ( 17.94706172103959929, -16.80253371474282176, 3.430273219699962350 ) ) ;
#920 = ORIENTED_EDGE ( 'NONE', *, *, #1237, .F. ) ;
#921 = EDGE_LOOP ( 'NONE', ( #2065, #3140, #1292, #1887, #2249 ) ) ;
#922 = AXIS2_PLACEMENT_3D ( 'NONE', #103, #855, #1379 ) ;
#923 = DIRECTION ( 'NONE',  ( 0.000000000000000000, 0.000000000000000000, -1.000000000000000000 ) ) ;
#924 = VECTOR ( 'NONE', #391, 1000.000000000000000 ) ;
#925 = AXIS2_PLACEMENT_3D ( 'NONE', #1165, #1390, #2411 ) ;
#926 = CARTESIAN_POINT ( 'NONE',  ( -44.99999999999999289, 10.49999999999999822, 11.00000000000000000 ) ) ;
#927 = VECTOR ( 'NONE', #984, 1000.000000000000000 ) ;
#928 = CARTESIAN_POINT ( 'NONE',  ( 17.88706069461521508, 17.16525008566992838, 3.217619928847082367 ) ) ;
#929 = LINE ( 'NONE', #912, #1434 ) ;
#930 = VERTEX_POINT ( 'NONE', #341 ) ;
#931 = EDGE_LOOP ( 'NONE', ( #1016, #1085, #2781, #596 ) ) ;
#932 = DIRECTION ( 'NONE',  ( 0.000000000000000000, 0.000000000000000000, 1.000000000000000000 ) ) ;
#933 = LINE ( 'NONE', #1912, #1358 ) ;
#934 = CIRCLE ( 'NONE', #1038, 19.00000000000000000 ) ;
#935 = DIRECTION ( 'NONE',  ( -1.000000000000000000, 0.000000000000000000, 0.000000000000000000 ) ) ;
#936 = ORIENTED_EDGE ( 'NONE', *, *, #102, .T. ) ;
#937 = CARTESIAN_POINT ( 'NONE',  ( 53.40000000000001990, -14.59952611956460800, 24.00000000000000000 ) ) ;
#938 = VERTEX_POINT ( 'NONE', #160 ) ;
#939 = EDGE_LOOP ( 'NONE', ( #1311, #2589, #2178, #658 ) ) ;
#940 = LINE ( 'NONE', #675, #893 ) ;
#941 = PLANE ( 'NONE',  #3002 ) ;
#942 = AXIS2_PLACEMENT_3D ( 'NONE', #421, #932, #2464 ) ;
#943 = CARTESIAN_POINT ( 'NONE',  ( 17.99211826989538210, -16.31938868233175555, 7.068313237165202878 ) ) ;
#944 = AXIS2_PLACEMENT_3D ( 'NONE', #478, #661, #2461 ) ;
#945 = DIRECTION ( 'NONE',  ( 0.9950371902099890420, 0.09950371902099880428, 0.000000000000000000 ) ) ;
#946 = ORIENTED_EDGE ( 'NONE', *, *, #1955, .F. ) ;
#947 = ORIENTED_EDGE ( 'NONE', *, *, #3169, .F. ) ;
#948 = CARTESIAN_POINT ( 'NONE',  ( 18.00000000000001066, -16.00000000000000000, 5.999999999999998224 ) ) ;
#949 = CARTESIAN_POINT ( 'NONE',  ( -6.938893903907228378E-15, -21.99999999999999289, 19.00000000000000000 ) ) ;
#950 = CARTESIAN_POINT ( 'NONE',  ( 20.00000000000000355, 18.89451368167669543, 24.00000000000000000 ) ) ;
#951 = ORIENTED_EDGE ( 'NONE', *, *, #453, .F. ) ;
#952 = DIRECTION ( 'NONE',  ( -0.000000000000000000, -0.000000000000000000, 1.000000000000000000 ) ) ;
#953 = ORIENTED_EDGE ( 'NONE', *, *, #1684, .T. ) ;
#954 = DIRECTION ( 'NONE',  ( -0.000000000000000000, 0.000000000000000000, 1.000000000000000000 ) ) ;
#955 = EDGE_CURVE ( 'NONE', #2159, #2550, #1220, .T. ) ;
#956 = CARTESIAN_POINT ( 'NONE',  ( 48.51485148514852597, 17.14851485148514953, -0.9999999999999986677 ) ) ;
#957 = DIRECTION ( 'NONE',  ( 1.000000000000000000, 1.826024711554534160E-16, -0.000000000000000000 ) ) ;
#958 = CARTESIAN_POINT ( 'NONE',  ( 18.00000000000000711, -15.99999999999992717, 6.284484652980361297 ) ) ;
#959 = EDGE_CURVE ( 'NONE', #1665, #114, #2197, .T. ) ;
#960 = EDGE_CURVE ( 'NONE', #177, #3022, #1851, .T. ) ;
#961 = CARTESIAN_POINT ( 'NONE',  ( -1.999999999999991340, 22.00000000000000355, 4.999999999999992006 ) ) ;
#962 = ORIENTED_EDGE ( 'NONE', *, *, #674, .F. ) ;
#963 = LINE ( 'NONE', #995, #1680 ) ;
#964 = AXIS2_PLACEMENT_3D ( 'NONE', #336, #1353, #2379 ) ;
#965 = ORIENTED_EDGE ( 'NONE', *, *, #1838, .F. ) ;
#966 = VECTOR ( 'NONE', #894, 1000.000000000000114 ) ;
#967 = CARTESIAN_POINT ( 'NONE',  ( 52.90000000000000568, 14.59952611956461688, 19.00000000000000000 ) ) ;
#968 = VERTEX_POINT ( 'NONE', #1613 ) ;
#969 = AXIS2_PLACEMENT_3D ( 'NONE', #2827, #804, #3077 ) ;
#970 = DIRECTION ( 'NONE',  ( -1.000000000000000000, 0.000000000000000000, 0.000000000000000000 ) ) ;
#971 = EDGE_CURVE ( 'NONE', #459, #1207, #407, .T. ) ;
#972 = ORIENTED_EDGE ( 'NONE', *, *, #2857, .F. ) ;
#973 = CARTESIAN_POINT ( 'NONE',  ( 32.91816741430205440, 4.000000000000013323, 5.500000000000000000 ) ) ;
#974 = CARTESIAN_POINT ( 'NONE',  ( 56.99999999999998579, 19.00000000000000355, 19.00000000000000000 ) ) ;
#975 = ADVANCED_FACE ( 'NONE', ( #2450 ), #2403, .T. ) ;
#976 = VECTOR ( 'NONE', #3053, 1000.000000000000000 ) ;
#977 = CARTESIAN_POINT ( 'NONE',  ( 49.00000000000000711, 13.50000000000000000, 5.499999999999996447 ) ) ;
#978 = ORIENTED_EDGE ( 'NONE', *, *, #713, .F. ) ;
#979 = CARTESIAN_POINT ( 'NONE',  ( -1.999999999999991340, -22.00000000000000355, 5.999999999999997335 ) ) ;
#980 = DIRECTION ( 'NONE',  ( 1.119176436114069332E-16, -0.000000000000000000, -1.000000000000000000 ) ) ;
#981 = EDGE_LOOP ( 'NONE', ( #297, #2510 ) ) ;
#982 = CARTESIAN_POINT ( 'NONE',  ( 12.44839066652979831, -20.64680847412683207, 1.579312713319107830 ) ) ;
#983 = VECTOR ( 'NONE', #668, 1000.000000000000000 ) ;
#984 = DIRECTION ( 'NONE',  ( -0.000000000000000000, -0.000000000000000000, -1.000000000000000000 ) ) ;
#985 = ORIENTED_EDGE ( 'NONE', *, *, #1921, .F. ) ;
#986 = CARTESIAN_POINT ( 'NONE',  ( 18.75000000000000000, 6.249999999999998224, 19.00000000000000000 ) ) ;
#987 = ORIENTED_EDGE ( 'NONE', *, *, #685, .T. ) ;
#988 = ADVANCED_FACE ( 'NONE', ( #1867 ), #117, .F. ) ;
#989 = CARTESIAN_POINT ( 'NONE',  ( 52.87128712871287917, -16.71287128712871706, -0.9999999999999983347 ) ) ;
#990 = CARTESIAN_POINT ( 'NONE',  ( 7.440306508910421002, 21.25596934910894831, 7.999999999999996447 ) ) ;
#991 = PLANE ( 'NONE',  #1598 ) ;
#992 = ORIENTED_EDGE ( 'NONE', *, *, #2782, .T. ) ;
#993 = CARTESIAN_POINT ( 'NONE',  ( 52.90000000000001279, -14.59952611956460800, 19.00000000000000000 ) ) ;
#994 = ADVANCED_FACE ( 'NONE', ( #2879 ), #634, .F. ) ;
#995 = CARTESIAN_POINT ( 'NONE',  ( 0.000000000000000000, 17.00000000000000000, 0.000000000000000000 ) ) ;
#996 = CIRCLE ( 'NONE', #1595, 7.100000000000000533 ) ;
#997 = CIRCLE ( 'NONE', #3083, 5.000000000000000888 ) ;
#998 = ORIENTED_EDGE ( 'NONE', *, *, #2560, .F. ) ;
#999 = DIRECTION ( 'NONE',  ( 1.000000000000000000, -0.000000000000000000, 0.000000000000000000 ) ) ;
#1000 = FACE_OUTER_BOUND ( 'NONE', #2876, .T. ) ;
#1001 = ORIENTED_EDGE ( 'NONE', *, *, #483, .T. ) ;
#1002 = EDGE_CURVE ( 'NONE', #524, #1120, #3016, .T. ) ;
#1003 = DIRECTION ( 'NONE',  ( -0.000000000000000000, 0.000000000000000000, 1.000000000000000000 ) ) ;
#1004 = ORIENTED_EDGE ( 'NONE', *, *, #1442, .T. ) ;
#1005 = EDGE_CURVE ( 'NONE', #1994, #2604, #2671, .T. ) ;
#1006 = CARTESIAN_POINT ( 'NONE',  ( -57.00000000000000711, 3.469446951953614189E-15, 19.00000000000000000 ) ) ;
#1007 = DIRECTION ( 'NONE',  ( 0.000000000000000000, 1.000000000000000000, 0.000000000000000000 ) ) ;
#1008 = ORIENTED_EDGE ( 'NONE', *, *, #728, .F. ) ;
#1009 = PLANE ( 'NONE',  #14 ) ;
#1010 = ADVANCED_FACE ( 'NONE', ( #1394 ), #128, .F. ) ;
#1011 = DIRECTION ( 'NONE',  ( -0.000000000000000000, -0.000000000000000000, 1.000000000000000000 ) ) ;
#1012 = ADVANCED_FACE ( 'NONE', ( #1109 ), #1124, .F. ) ;
#1013 = ORIENTED_EDGE ( 'NONE', *, *, #425, .T. ) ;
#1014 = CARTESIAN_POINT ( 'NONE',  ( -60.00000000000000000, -21.99999999999999645, 5.000000000000000000 ) ) ;
#1015 = DIRECTION ( 'NONE',  ( 0.000000000000000000, 0.000000000000000000, -1.000000000000000000 ) ) ;
#1016 = ORIENTED_EDGE ( 'NONE', *, *, #36, .T. ) ;
#1017 = CARTESIAN_POINT ( 'NONE',  ( -1.791071288685385288E-15, 5.000000000000000000, 8.000000000000000000 ) ) ;
#1018 = EDGE_CURVE ( 'NONE', #1188, #541, #2388, .T. ) ;
#1019 = AXIS2_PLACEMENT_3D ( 'NONE', #1046, #514, #2309 ) ;
#1020 = VECTOR ( 'NONE', #3015, 1000.000000000000000 ) ;
#1021 = ORIENTED_EDGE ( 'NONE', *, *, #1553, .T. ) ;
#1022 = CARTESIAN_POINT ( 'NONE',  ( -1.999999999999991340, -22.00000000000000355, 5.999999999999997335 ) ) ;
#1023 = FACE_BOUND ( 'NONE', #403, .T. ) ;
#1024 = ORIENTED_EDGE ( 'NONE', *, *, #1955, .T. ) ;
#1025 = DIRECTION ( 'NONE',  ( -0.9950371902099891530, 0.09950371902099870713, 0.000000000000000000 ) ) ;
#1026 = AXIS2_PLACEMENT_3D ( 'NONE', #83, #2121, #1881 ) ;
#1027 = CARTESIAN_POINT ( 'NONE',  ( -38.00000000000001421, 3.469446951953614189E-15, 23.50000000000003553 ) ) ;
#1028 = EDGE_CURVE ( 'NONE', #1810, #808, #1419, .T. ) ;
#1029 = CIRCLE ( 'NONE', #2535, 9.000000000000001776 ) ;
#1030 = APPLICATION_PROTOCOL_DEFINITION ( 'draft international standard', 'automotive_design', 1998, #861 ) ;
#1031 = VECTOR ( 'NONE', #1300, 1000.000000000000114 ) ;
#1032 = ORIENTED_EDGE ( 'NONE', *, *, #2606, .F. ) ;
#1033 = CARTESIAN_POINT ( 'NONE',  ( 17.57608565308551718, -18.21523560585638535, 7.999999999999998224 ) ) ;
#1034 = CARTESIAN_POINT ( 'NONE',  ( 18.00000000000001066, 16.00000000000000000, -1.000000000000002665 ) ) ;
#1035 = ORIENTED_EDGE ( 'NONE', *, *, #3152, .T. ) ;
#1036 = AXIS2_PLACEMENT_3D ( 'NONE', #84, #25, #2792 ) ;
#1037 = DIRECTION ( 'NONE',  ( -0.000000000000000000, 0.000000000000000000, 1.000000000000000000 ) ) ;
#1038 = AXIS2_PLACEMENT_3D ( 'NONE', #512, #1278, #423 ) ;
#1039 = EDGE_CURVE ( 'NONE', #2712, #1665, #2715, .T. ) ;
#1040 = CARTESIAN_POINT ( 'NONE',  ( 20.00000000000000355, -18.89451368167669187, 23.50000000000000000 ) ) ;
#1041 = EDGE_LOOP ( 'NONE', ( #1480, #1512, #684, #2927 ) ) ;
#1042 = VERTEX_POINT ( 'NONE', #2557 ) ;
#1043 = DIRECTION ( 'NONE',  ( 1.000000000000000000, 0.000000000000000000, 0.000000000000000000 ) ) ;
#1044 = CARTESIAN_POINT ( 'NONE',  ( 52.90000000000000568, 14.59952611956461688, 19.00000000000000000 ) ) ;
#1045 = ORIENTED_EDGE ( 'NONE', *, *, #2580, .F. ) ;
#1046 = CARTESIAN_POINT ( 'NONE',  ( -48.00000000000000000, 4.999999999999976907, -8.000000000000000000 ) ) ;
#1047 = DIRECTION ( 'NONE',  ( -0.2873478855663482157, -0.9578262852211506528, 0.000000000000000000 ) ) ;
#1048 = ORIENTED_EDGE ( 'NONE', *, *, #1473, .T. ) ;
#1049 = CARTESIAN_POINT ( 'NONE',  ( 11.43568555125974662, -20.43301603979800518, 1.363320907991146358 ) ) ;
#1050 = CARTESIAN_POINT ( 'NONE',  ( -38.00000000000001421, -18.99999999999999645, 19.00000000000000000 ) ) ;
#1052 = DIRECTION ( 'NONE',  ( 0.000000000000000000, 0.000000000000000000, 1.000000000000000000 ) ) ;
#1051 = AXIS2_PLACEMENT_3D ( 'NONE', #6, #22, #1789 ) ;
#1053 = ORIENTED_EDGE ( 'NONE', *, *, #304, .F. ) ;
#1054 = CARTESIAN_POINT ( 'NONE',  ( -38.00000000000001421, 3.469446951953614189E-15, 19.00000000000000000 ) ) ;
#1055 = CIRCLE ( 'NONE', #1488, 5.000000000000000888 ) ;
#1056 = DIRECTION ( 'NONE',  ( -0.000000000000000000, -0.000000000000000000, -1.000000000000000000 ) ) ;
#1057 = CARTESIAN_POINT ( 'NONE',  ( -48.00000000000000000, -5.000000000000006217, -8.000000000000000000 ) ) ;
#1058 = ORIENTED_EDGE ( 'NONE', *, *, #971, .T. ) ;
#1059 = ORIENTED_EDGE ( 'NONE', *, *, #1237, .T. ) ;
#1060 = DIRECTION ( 'NONE',  ( -0.000000000000000000, -0.000000000000000000, 1.000000000000000000 ) ) ;
#1061 = DIRECTION ( 'NONE',  ( -1.000000000000000000, 0.000000000000000000, 0.000000000000000000 ) ) ;
#1062 = ORIENTED_EDGE ( 'NONE', *, *, #2795, .T. ) ;
#1063 = DIRECTION ( 'NONE',  ( 1.000000000000000000, 0.000000000000000000, 0.000000000000000000 ) ) ;
#1064 = EDGE_CURVE ( 'NONE', #2483, #2470, #2730, .T. ) ;
#1065 = CARTESIAN_POINT ( 'NONE',  ( -48.00000000000000000, 4.999999999999976907, 8.000000000000000000 ) ) ;
#1066 = VERTEX_POINT ( 'NONE', #2573 ) ;
#1067 = CARTESIAN_POINT ( 'NONE',  ( 53.89999999999999858, 15.50451368167670374, 19.00000000000000000 ) ) ;
#1068 = DIRECTION ( 'NONE',  ( 0.5955966830474264118, -0.5390075901931318247, -0.5955966830474264118 ) ) ;
#1069 = CYLINDRICAL_SURFACE ( 'NONE', #1036, 5.000000000000000888 ) ;
#1070 = LINE ( 'NONE', #2103, #2738 ) ;
#1071 = CARTESIAN_POINT ( 'NONE',  ( -49.39999999999999858, 4.999999999999976907, 8.000000000000000000 ) ) ;
#1072 = LINE ( 'NONE', #1835, #192 ) ;
#1073 = ORIENTED_EDGE ( 'NONE', *, *, #2291, .F. ) ;
#1074 = VERTEX_POINT ( 'NONE', #16 ) ;
#1075 = VECTOR ( 'NONE', #2805, 1000.000000000000114 ) ;
#1076 = ADVANCED_FACE ( 'NONE', ( #2541 ), #493, .F. ) ;
#1077 = VECTOR ( 'NONE', #1235, 1000.000000000000000 ) ;
#1078 = CARTESIAN_POINT ( 'NONE',  ( 55.00000000000000000, 11.10000000000001563, 5.500000000000000000 ) ) ;
#1079 = CYLINDRICAL_SURFACE ( 'NONE', #200, 1.399999999999999911 ) ;
#1080 = AXIS2_PLACEMENT_3D ( 'NONE', #2811, #521, #1543 ) ;
#1081 = PRODUCT_RELATED_PRODUCT_CATEGORY ( 'part', '', ( #3151 ) ) ;
#1082 = FACE_BOUND ( 'NONE', #2477, .T. ) ;
#1083 = ADVANCED_FACE ( 'NONE', ( #1184, #1520, #2, #1023, #250, #1294 ), #917, .T. ) ;
#1084 = CARTESIAN_POINT ( 'NONE',  ( -1.527421829661665509, 21.96125628885132386, 4.365862776346864038 ) ) ;
#1085 = ORIENTED_EDGE ( 'NONE', *, *, #1118, .T. ) ;
#1086 = LINE ( 'NONE', #2099, #1914 ) ;
#1087 = VECTOR ( 'NONE', #1980, 1000.000000000000000 ) ;
#1088 = CARTESIAN_POINT ( 'NONE',  ( 53.00000000000000711, 6.856571371417153671, 12.00000000000000000 ) ) ;
#1089 = DIRECTION ( 'NONE',  ( 0.000000000000000000, 1.000000000000000000, 4.336808689942016750E-16 ) ) ;
#1090 = VECTOR ( 'NONE', #651, 1000.000000000000000 ) ;
#1091 = PLANE ( 'NONE',  #548 ) ;
#1092 = AXIS2_PLACEMENT_3D ( 'NONE', #240, #2788, #2546 ) ;
#1093 = LINE ( 'NONE', #86, #648 ) ;
#1094 = FACE_OUTER_BOUND ( 'NONE', #320, .T. ) ;
#1095 = ORIENTED_EDGE ( 'NONE', *, *, #184, .F. ) ;
#1096 = ORIENTED_EDGE ( 'NONE', *, *, #2571, .T. ) ;
#1097 = CIRCLE ( 'NONE', #771, 1.399999999999999911 ) ;
#1098 = CARTESIAN_POINT ( 'NONE',  ( -3.999999999999989786, 10.49999999999999822, 8.000000000000000000 ) ) ;
#1099 = CARTESIAN_POINT ( 'NONE',  ( 8.000000000000000000, -15.67506218943954721, -8.000000000000000000 ) ) ;
#1100 = EDGE_CURVE ( 'NONE', #1646, #1759, #3252, .T. ) ;
#1101 = VERTEX_POINT ( 'NONE', #3069 ) ;
#1102 = DIRECTION ( 'NONE',  ( -0.000000000000000000, -0.000000000000000000, 1.000000000000000000 ) ) ;
#1103 = EDGE_CURVE ( 'NONE', #1508, #1387, #2010, .T. ) ;
#1104 = CARTESIAN_POINT ( 'NONE',  ( 52.90000000000001279, -14.59952611956460800, 19.00000000000000000 ) ) ;
#1105 = EDGE_CURVE ( 'NONE', #529, #1180, #262, .T. ) ;
#1106 = VERTEX_POINT ( 'NONE', #2058 ) ;
#1107 = FACE_OUTER_BOUND ( 'NONE', #440, .T. ) ;
#1108 = DIRECTION ( 'NONE',  ( -0.000000000000000000, -0.000000000000000000, -1.000000000000000000 ) ) ;
#1109 = FACE_OUTER_BOUND ( 'NONE', #2574, .T. ) ;
#1110 = EDGE_CURVE ( 'NONE', #2400, #930, #1097, .T. ) ;
#1111 = CARTESIAN_POINT ( 'NONE',  ( 17.68072077609886605, -17.95185305336348591, 2.999999999999996003 ) ) ;
#1112 = ORIENTED_EDGE ( 'NONE', *, *, #1747, .T. ) ;
#1113 = ORIENTED_EDGE ( 'NONE', *, *, #1938, .F. ) ;
#1114 = PLANE ( 'NONE',  #231 ) ;
#1115 = DIRECTION ( 'NONE',  ( 0.000000000000000000, 0.000000000000000000, -1.000000000000000000 ) ) ;
#1116 = ORIENTED_EDGE ( 'NONE', *, *, #285, .T. ) ;
#1117 = CARTESIAN_POINT ( 'NONE',  ( 18.00000000000001421, 16.00000000000000000, 6.142163202105156650 ) ) ;
#1118 = EDGE_CURVE ( 'NONE', #146, #2045, #1966, .T. ) ;
#1119 = DIRECTION ( 'NONE',  ( -0.000000000000000000, -0.000000000000000000, 1.000000000000000000 ) ) ;
#1120 = VERTEX_POINT ( 'NONE', #528 ) ;
#1121 = CARTESIAN_POINT ( 'NONE',  ( 53.90000000000000568, 15.50451368167670552, 24.00000000000000000 ) ) ;
#1122 = EDGE_CURVE ( 'NONE', #2727, #359, #2962, .T. ) ;
#1123 = CARTESIAN_POINT ( 'NONE',  ( 49.00000000000000711, 17.10000000000000497, 12.00000000000000000 ) ) ;
#1124 = PLANE ( 'NONE',  #298 ) ;
#1125 = CARTESIAN_POINT ( 'NONE',  ( 17.99351955677417436, -16.30352626116343373, 3.927870705302916043 ) ) ;
#1126 = VERTEX_POINT ( 'NONE', #1698 ) ;
#1127 = EDGE_CURVE ( 'NONE', #2286, #392, #934, .T. ) ;
#1128 = VERTEX_POINT ( 'NONE', #1441 ) ;
#1129 = PLANE ( 'NONE',  #2596 ) ;
#1130 = CIRCLE ( 'NONE', #543, 20.89999999999999858 ) ;
#1131 = ORIENTED_EDGE ( 'NONE', *, *, #2377, .F. ) ;
#1132 = LINE ( 'NONE', #97, #77 ) ;
#1133 = CIRCLE ( 'NONE', #2634, 1.399999999999999911 ) ;
#1134 = DIRECTION ( 'NONE',  ( 1.000000000000000000, 0.000000000000000000, 0.000000000000000000 ) ) ;
#1135 = ORIENTED_EDGE ( 'NONE', *, *, #331, .F. ) ;
#1136 = LINE ( 'NONE', #1121, #2451 ) ;
#1137 = FACE_OUTER_BOUND ( 'NONE', #255, .T. ) ;
#1138 = CARTESIAN_POINT ( 'NONE',  ( 49.00000000000000711, 22.00000000000000355, 12.00000000000000000 ) ) ;
#1139 = EDGE_CURVE ( 'NONE', #2831, #1128, #1308, .T. ) ;
#1140 = DIRECTION ( 'NONE',  ( 1.000000000000000000, 2.376410661236640319E-16, -0.000000000000000000 ) ) ;
#1141 = ORIENTED_EDGE ( 'NONE', *, *, #2782, .F. ) ;
#1142 = VECTOR ( 'NONE', #307, 1000.000000000000000 ) ;
#1143 = PRODUCT_DEFINITION_SHAPE ( 'NONE', 'NONE',  #487 ) ;
#1144 = ORIENTED_EDGE ( 'NONE', *, *, #2150, .T. ) ;
#1145 = EDGE_CURVE ( 'NONE', #466, #549, #2278, .T. ) ;
#1146 = LINE ( 'NONE', #956, #158 ) ;
#1147 = ORIENTED_EDGE ( 'NONE', *, *, #1718, .T. ) ;
#1148 = AXIS2_PLACEMENT_3D ( 'NONE', #2416, #1411, #647 ) ;
#1149 = PLANE ( 'NONE',  #2948 ) ;
#1150 = CARTESIAN_POINT ( 'NONE',  ( 17.98041304472999968, 16.49208770075950881, 3.709718869104699834 ) ) ;
#1151 = LINE ( 'NONE', #2123, #1181 ) ;
#1152 = ORIENTED_EDGE ( 'NONE', *, *, #1663, .T. ) ;
#1153 = EDGE_LOOP ( 'NONE', ( #1926, #906, #377, #2622 ) ) ;
#1154 = CARTESIAN_POINT ( 'NONE',  ( 53.00000000000000711, 1.143428628582879414, 12.00000000000000000 ) ) ;
#1155 = CARTESIAN_POINT ( 'NONE',  ( -48.00000000000000000, -5.000000000000006217, 0.000000000000000000 ) ) ;
#1156 = CARTESIAN_POINT ( 'NONE',  ( 22.50000000000000355, 6.249999999999997335, 11.99999999999999645 ) ) ;
#1157 = CYLINDRICAL_SURFACE ( 'NONE', #605, 1.399999999999998579 ) ;
#1158 = ORIENTED_EDGE ( 'NONE', *, *, #3108, .T. ) ;
#1159 = ORIENTED_EDGE ( 'NONE', *, *, #1145, .T. ) ;
#1160 = AXIS2_PLACEMENT_3D ( 'NONE', #2974, #2247, #3266 ) ;
#1161 = FACE_OUTER_BOUND ( 'NONE', #2946, .T. ) ;
#1162 = ORIENTED_EDGE ( 'NONE', *, *, #2638, .F. ) ;
#1163 = VECTOR ( 'NONE', #2770, 1000.000000000000114 ) ;
#1164 = FACE_BOUND ( 'NONE', #1737, .T. ) ;
#1165 = CARTESIAN_POINT ( 'NONE',  ( -6.938893903907228378E-15, -21.99999999999999289, -8.000000000000000000 ) ) ;
#1166 = DIRECTION ( 'NONE',  ( -1.000000000000000000, 0.000000000000000000, 0.000000000000000000 ) ) ;
#1167 = ORIENTED_EDGE ( 'NONE', *, *, #3082, .T. ) ;
#1168 = ORIENTED_EDGE ( 'NONE', *, *, #1618, .F. ) ;
#1169 = LINE ( 'NONE', #2465, #2164 ) ;
#1170 = DIRECTION ( 'NONE',  ( 0.000000000000000000, -1.000000000000000000, 2.891205793294677833E-16 ) ) ;
#1171 = CARTESIAN_POINT ( 'NONE',  ( 17.99958463312500712, -16.07697461474370115, 4.444456024804456895 ) ) ;
#1172 = ORIENTED_EDGE ( 'NONE', *, *, #217, .F. ) ;
#1173 = CARTESIAN_POINT ( 'NONE',  ( 2.019011871348577181, -20.19011871348579490, 24.00000000000000000 ) ) ;
#1174 = LINE ( 'NONE', #3221, #3304 ) ;
#1175 = DIRECTION ( 'NONE',  ( -0.000000000000000000, 0.000000000000000000, -1.000000000000000000 ) ) ;
#1176 = FACE_OUTER_BOUND ( 'NONE', #2080, .T. ) ;
#1177 = DIRECTION ( 'NONE',  ( 0.9578262852211505418, 0.2873478855663482712, 4.473440846217416069E-17 ) ) ;
#1178 = EDGE_LOOP ( 'NONE', ( #1397, #3026, #2406, #588 ) ) ;
#1179 = VECTOR ( 'NONE', #1471, 1000.000000000000000 ) ;
#1180 = VERTEX_POINT ( 'NONE', #1534 ) ;
#1181 = VECTOR ( 'NONE', #1340, 1000.000000000000000 ) ;
#1182 = DIRECTION ( 'NONE',  ( -0.000000000000000000, -0.000000000000000000, 1.000000000000000000 ) ) ;
#1183 = DIRECTION ( 'NONE',  ( -0.9950371902099891530, -0.09950371902099880428, -1.040094558286943873E-16 ) ) ;
#1184 = FACE_BOUND ( 'NONE', #2542, .T. ) ;
#1185 = ORIENTED_EDGE ( 'NONE', *, *, #74, .T. ) ;
#1186 = DIRECTION ( 'NONE',  ( -0.2873478855663482157, 0.9578262852211506528, 0.000000000000000000 ) ) ;
#1187 = VERTEX_POINT ( 'NONE', #683 ) ;
#1188 = VERTEX_POINT ( 'NONE', #2307 ) ;
#1189 = CIRCLE ( 'NONE', #874, 5.000000000000000000 ) ;
#1190 = CARTESIAN_POINT ( 'NONE',  ( 7.999999999999986677, -18.99999999999999289, 19.00000000000000000 ) ) ;
#1191 = AXIS2_PLACEMENT_3D ( 'NONE', #1412, #145, #859 ) ;
#1192 = VECTOR ( 'NONE', #249, 1000.000000000000000 ) ;
#1193 = FACE_BOUND ( 'NONE', #2409, .T. ) ;
#1194 = AXIS2_PLACEMENT_3D ( 'NONE', #2016, #179, #1186 ) ;
#1195 = CYLINDRICAL_SURFACE ( 'NONE', #3231, 1.399999999999999911 ) ;
#1196 = DIRECTION ( 'NONE',  ( -0.09950371902100682564, 0.9950371902099883759, 0.000000000000000000 ) ) ;
#1197 = ORIENTED_EDGE ( 'NONE', *, *, #1910, .F. ) ;
#1198 = VECTOR ( 'NONE', #840, 1000.000000000000000 ) ;
#1199 = ORIENTED_EDGE ( 'NONE', *, *, #1500, .F. ) ;
#1200 =( NAMED_UNIT ( * ) PLANE_ANGLE_UNIT ( ) SI_UNIT ( $, .RADIAN. ) );
#1201 = EDGE_CURVE ( 'NONE', #568, #2454, #196, .T. ) ;
#1202 = CARTESIAN_POINT ( 'NONE',  ( -1.399999999999998579, -5.000000000000000000, 0.000000000000000000 ) ) ;
#1203 = CARTESIAN_POINT ( 'NONE',  ( 7.999999999999992895, -18.99999999999999289, 81.00806399170998873 ) ) ;
#1204 = EDGE_CURVE ( 'NONE', #2871, #1438, #2916, .T. ) ;
#1205 = ORIENTED_EDGE ( 'NONE', *, *, #632, .T. ) ;
#1206 = PLANE ( 'NONE',  #3146 ) ;
#1207 = VERTEX_POINT ( 'NONE', #348 ) ;
#1208 = ORIENTED_EDGE ( 'NONE', *, *, #3101, .F. ) ;
#1209 = EDGE_CURVE ( 'NONE', #2229, #1074, #1874, .T. ) ;
#1210 = DIRECTION ( 'NONE',  ( -1.000000000000000000, 0.000000000000000000, 0.000000000000000000 ) ) ;
#1211 = CARTESIAN_POINT ( 'NONE',  ( 8.024814048950057455, 16.17258078454453951, -8.000000000000000000 ) ) ;
#1212 = VECTOR ( 'NONE', #484, 1000.000000000000000 ) ;
#1213 = CARTESIAN_POINT ( 'NONE',  ( 1.570516176382618756, -21.74128680338034414, 3.410341955232877531 ) ) ;
#1214 = VECTOR ( 'NONE', #891, 1000.000000000000000 ) ;
#1215 = CARTESIAN_POINT ( 'NONE',  ( 18.00000000000001066, -15.99999999999998934, 4.999999999999997335 ) ) ;
#1216 = ORIENTED_EDGE ( 'NONE', *, *, #3269, .T. ) ;
#1217 = DIRECTION ( 'NONE',  ( -0.000000000000000000, -0.000000000000000000, -1.000000000000000000 ) ) ;
#1218 = DIRECTION ( 'NONE',  ( -0.9950371902099891530, 0.09950371902099867938, -0.000000000000000000 ) ) ;
#1219 = ORIENTED_EDGE ( 'NONE', *, *, #1845, .F. ) ;
#1220 = B_SPLINE_CURVE_WITH_KNOTS ( 'NONE', 3,
 ( #2684, #585, #2631, #1427 ),
 .UNSPECIFIED., .F., .F.,
 ( 4, 4 ),
 ( 0.000000000000000000, 0.0008625017017047069282 ),
 .UNSPECIFIED. ) ;
#1221 = EDGE_CURVE ( 'NONE', #1259, #2430, #831, .T. ) ;
#1222 = DIRECTION ( 'NONE',  ( -0.000000000000000000, -0.000000000000000000, 1.000000000000000000 ) ) ;
#1223 = EDGE_LOOP ( 'NONE', ( #2361, #1963, #3305, #773 ) ) ;
#1224 = CARTESIAN_POINT ( 'NONE',  ( 18.00000000000001066, 22.00000000000000355, 11.99999999999999645 ) ) ;
#1225 = ADVANCED_FACE ( 'NONE', ( #73 ), #565, .F. ) ;
#1226 = ORIENTED_EDGE ( 'NONE', *, *, #505, .T. ) ;
#1227 = CARTESIAN_POINT ( 'NONE',  ( -38.16735036748519860, -20.73264963251479642, 23.66735036748523058 ) ) ;
#1228 = CARTESIAN_POINT ( 'NONE',  ( 3.582019519320706724, -21.64179804806792262, 3.141583770800317144 ) ) ;
#1229 = CARTESIAN_POINT ( 'NONE',  ( 55.00000000000000000, 1.801124374578790135E-14, 0.000000000000000000 ) ) ;
#1230 = VERTEX_POINT ( 'NONE', #608 ) ;
#1231 = CARTESIAN_POINT ( 'NONE',  ( 54.99999999999999289, 13.50000000000000000, 5.499999999999996447 ) ) ;
#1232 = DIRECTION ( 'NONE',  ( -0.000000000000000000, -0.000000000000000000, 1.000000000000000000 ) ) ;
#1233 = CIRCLE ( 'NONE', #1400, 1.399999999999998579 ) ;
#1234 = VERTEX_POINT ( 'NONE', #3103 ) ;
#1235 = DIRECTION ( 'NONE',  ( 1.000000000000000000, -0.000000000000000000, 0.000000000000000000 ) ) ;
#1236 = AXIS2_PLACEMENT_3D ( 'NONE', #68, #2087, #3097 ) ;
#1237 = EDGE_CURVE ( 'NONE', #2748, #1407, #2130, .T. ) ;
#1238 = DIRECTION ( 'NONE',  ( -1.000000000000000000, -3.154042683594195121E-16, -0.000000000000000000 ) ) ;
#1239 = EDGE_LOOP ( 'NONE', ( #1785, #3063, #2153, #1401 ) ) ;
#1240 = CARTESIAN_POINT ( 'NONE',  ( 53.00000000000000711, 1.143428628582874751, -0.9999999999999991118 ) ) ;
#1241 = ORIENTED_EDGE ( 'NONE', *, *, #434, .T. ) ;
#1242 = EDGE_CURVE ( 'NONE', #2357, #698, #1639, .T. ) ;
#1243 = AXIS2_PLACEMENT_3D ( 'NONE', #1697, #159, #370 ) ;
#1244 = CYLINDRICAL_SURFACE ( 'NONE', #1670, 20.89999999999999503 ) ;
#1245 = VECTOR ( 'NONE', #1343, 1000.000000000000114 ) ;
#1246 = CARTESIAN_POINT ( 'NONE',  ( -1.768208184028500218, -21.98086133033666201, 4.551971451572531357 ) ) ;
#1247 = AXIS2_PLACEMENT_3D ( 'NONE', #2427, #2443, #3192 ) ;
#1248 = DIRECTION ( 'NONE',  ( 2.775557561562891351E-16, 1.000000000000000000, 0.000000000000000000 ) ) ;
#1249 = ORIENTED_EDGE ( 'NONE', *, *, #2678, .F. ) ;
#1250 = CARTESIAN_POINT ( 'NONE',  ( -38.00000000000001421, 20.90000000000000213, 19.00000000000000000 ) ) ;
#1251 = ADVANCED_FACE ( 'NONE', ( #300 ), #1079, .F. ) ;
#1252 = DIRECTION ( 'NONE',  ( 1.000000000000000000, 0.000000000000000000, 0.000000000000000000 ) ) ;
#1253 = ORIENTED_EDGE ( 'NONE', *, *, #2295, .F. ) ;
#1254 = PLANE ( 'NONE',  #3110 ) ;
#1255 = CARTESIAN_POINT ( 'NONE',  ( 1.400000000000001243, -5.000000000000000000, -8.000000000000000000 ) ) ;
#1256 = ORIENTED_EDGE ( 'NONE', *, *, #1461, .T. ) ;
#1257 = CARTESIAN_POINT ( 'NONE',  ( -1.400000000000001688, 5.000000000000000000, 8.000000000000000000 ) ) ;
#1258 = EDGE_CURVE ( 'NONE', #1961, #62, #27, .T. ) ;
#1259 = VERTEX_POINT ( 'NONE', #579 ) ;
#1260 = EDGE_CURVE ( 'NONE', #1658, #1429, #109, .T. ) ;
#1261 = LINE ( 'NONE', #2754, #1507 ) ;
#1262 = CARTESIAN_POINT ( 'NONE',  ( -38.00000000000000711, 3.469446951953614189E-15, 8.000000000000000000 ) ) ;
#1263 = ORIENTED_EDGE ( 'NONE', *, *, #96, .T. ) ;
#1264 = LINE ( 'NONE', #711, #489 ) ;
#1265 = ADVANCED_FACE ( 'NONE', ( #1369 ), #353, .T. ) ;
#1266 = LINE ( 'NONE', #3282, #1414 ) ;
#1267 = VECTOR ( 'NONE', #2266, 1000.000000000000000 ) ;
#1268 = ORIENTED_EDGE ( 'NONE', *, *, #600, .T. ) ;
#1269 = CARTESIAN_POINT ( 'NONE',  ( 8.626256200484750281, -18.11642278425659924, 0.1185372451580758157 ) ) ;
#1270 = CARTESIAN_POINT ( 'NONE',  ( -1.999999999999991340, -22.00000000000000355, 2.999999999999993339 ) ) ;
#1271 = ORIENTED_EDGE ( 'NONE', *, *, #3249, .T. ) ;
#1272 = DIRECTION ( 'NONE',  ( 1.000000000000000000, 0.000000000000000000, 0.000000000000000000 ) ) ;
#1273 = LINE ( 'NONE', #295, #762 ) ;
#1274 = VERTEX_POINT ( 'NONE', #1858 ) ;
#1275 =( BOUNDED_CURVE ( )  B_SPLINE_CURVE ( 3, ( #1505, #1806, #2758, #467 ),
 .UNSPECIFIED., .F., .F. ) 
 B_SPLINE_CURVE_WITH_KNOTS ( ( 4, 4 ),
 ( 1.570796326794896780, 2.364067851773933526 ),
 .UNSPECIFIED. ) 
 CURVE ( )  GEOMETRIC_REPRESENTATION_ITEM ( )  RATIONAL_B_SPLINE_CURVE ( ( 1.000000000000000000, 0.9482439166690010968, 0.9482439166690010968, 1.000000000000000000 ) ) 
 REPRESENTATION_ITEM ( '' )  );
#1276 = ADVANCED_FACE ( 'NONE', ( #40 ), #591, .F. ) ;
#1277 = FACE_OUTER_BOUND ( 'NONE', #1153, .T. ) ;
#1278 = DIRECTION ( 'NONE',  ( 0.000000000000000000, 0.000000000000000000, 1.000000000000000000 ) ) ;
#1279 = ORIENTED_EDGE ( 'NONE', *, *, #1927, .T. ) ;
#1280 = LINE ( 'NONE', #20, #1075 ) ;
#1281 = DIRECTION ( 'NONE',  ( -0.000000000000000000, -0.000000000000000000, -1.000000000000000000 ) ) ;
#1282 = ORIENTED_EDGE ( 'NONE', *, *, #2970, .T. ) ;
#1283 = CARTESIAN_POINT ( 'NONE',  ( 11.85889178329759908, -20.54529556905739796, 1.473863613675278295 ) ) ;
#1284 = CARTESIAN_POINT ( 'NONE',  ( 16.08876981997914868, 20.39112301800208016, 11.00000000000000000 ) ) ;
#1285 = ORIENTED_EDGE ( 'NONE', *, *, #1727, .T. ) ;
#1286 = AXIS2_PLACEMENT_3D ( 'NONE', #778, #2832, #2623 ) ;
#1287 = CARTESIAN_POINT ( 'NONE',  ( 53.00000000000000711, 11.10000000000001563, 5.500000000000000000 ) ) ;
#1288 = CIRCLE ( 'NONE', #1455, 1.100000000000000311 ) ;
#1289 = VECTOR ( 'NONE', #841, 1000.000000000000000 ) ;
#1290 = CARTESIAN_POINT ( 'NONE',  ( -49.39999999999999858, -5.000000000000006217, 0.000000000000000000 ) ) ;
#1291 = ORIENTED_EDGE ( 'NONE', *, *, #1515, .T. ) ;
#1292 = ORIENTED_EDGE ( 'NONE', *, *, #2305, .T. ) ;
#1293 = CARTESIAN_POINT ( 'NONE',  ( -38.00000000000001421, 22.00000000000000355, 19.00000000000000000 ) ) ;
#1294 = FACE_BOUND ( 'NONE', #3158, .T. ) ;
#1295 =( BOUNDED_CURVE ( )  B_SPLINE_CURVE ( 3, ( #1919, #638, #1666, #3244 ),
 .UNSPECIFIED., .F., .F. ) 
 B_SPLINE_CURVE_WITH_KNOTS ( ( 4, 4 ),
 ( 1.570796326794896780, 3.141592653589793116 ),
 .UNSPECIFIED. ) 
 CURVE ( )  GEOMETRIC_REPRESENTATION_ITEM ( )  RATIONAL_B_SPLINE_CURVE ( ( 1.000000000000000000, 0.8047378541243650485, 0.8047378541243650485, 1.000000000000000000 ) ) 
 REPRESENTATION_ITEM ( '' )  );
#1296 = VERTEX_POINT ( 'NONE', #1044 ) ;
#1297 = PRODUCT_DEFINITION_CONTEXT ( 'detailed design', #1544, 'design' ) ;
#1298 = DIRECTION ( 'NONE',  ( -0.000000000000000000, -0.000000000000000000, -1.000000000000000000 ) ) ;
#1299 = VECTOR ( 'NONE', #2652, 1000.000000000000000 ) ;
#1300 = DIRECTION ( 'NONE',  ( -0.9950371902099891530, -0.09950371902099880428, 0.000000000000000000 ) ) ;
#1301 = EDGE_LOOP ( 'NONE', ( #1365, #3148, #1152, #2179 ) ) ;
#1302 = CARTESIAN_POINT ( 'NONE',  ( 10.39960960190758854, -19.95485113086344597, 0.9619879149558416831 ) ) ;
#1303 = LINE ( 'NONE', #2386, #395 ) ;
#1304 = CARTESIAN_POINT ( 'NONE',  ( 6.335363249554577969, 20.97716374704248565, 3.065963726703840653 ) ) ;
#1305 = ORIENTED_EDGE ( 'NONE', *, *, #1921, .T. ) ;
#1306 = EDGE_CURVE ( 'NONE', #3220, #1230, #3131, .T. ) ;
#1307 = DIRECTION ( 'NONE',  ( -0.09950371902099994226, -0.9950371902099890420, 0.000000000000000000 ) ) ;
#1308 = CIRCLE ( 'NONE', #406, 21.99999999999999289 ) ;
#1309 = DIRECTION ( 'NONE',  ( -0.000000000000000000, -0.000000000000000000, -1.000000000000000000 ) ) ;
#1310 = PLANE ( 'NONE',  #2484 ) ;
#1311 = ORIENTED_EDGE ( 'NONE', *, *, #2070, .T. ) ;
#1312 = VERTEX_POINT ( 'NONE', #2870 ) ;
#1313 = ADVANCED_FACE ( 'NONE', ( #3159 ), #2608, .T. ) ;
#1314 = DIRECTION ( 'NONE',  ( 0.000000000000000000, 1.000000000000000000, -1.334402673828313832E-16 ) ) ;
#1315 = DIRECTION ( 'NONE',  ( 0.000000000000000000, 0.000000000000000000, -1.000000000000000000 ) ) ;
#1316 = ORIENTED_EDGE ( 'NONE', *, *, #1127, .T. ) ;
#1317 = CARTESIAN_POINT ( 'NONE',  ( 17.86088011974687362, 17.29161538588983049, 7.835971500698438064 ) ) ;
#1318 = CARTESIAN_POINT ( 'NONE',  ( 49.00000000000000711, 22.00000000000000355, -0.9999999999999986677 ) ) ;
#1319 = VERTEX_POINT ( 'NONE', #1889 ) ;
#1320 = DIRECTION ( 'NONE',  ( -0.09950371902099872101, 0.9950371902099891530, 0.000000000000000000 ) ) ;
#1321 = CARTESIAN_POINT ( 'NONE',  ( -38.00000000000001421, 3.469446951953614189E-15, 19.00000000000000000 ) ) ;
#1323 = CARTESIAN_POINT ( 'NONE',  ( 49.00000000000000711, 22.00000000000000355, 12.00000000000000000 ) ) ;
#1322 = AXIS2_PLACEMENT_3D ( 'NONE', #818, #1320, #2629 ) ;
#1324 = LINE ( 'NONE', #2354, #3003 ) ;
#1325 = VECTOR ( 'NONE', #1177, 1000.000000000000000 ) ;
#1326 = EDGE_CURVE ( 'NONE', #157, #549, #1820, .T. ) ;
#1327 = CARTESIAN_POINT ( 'NONE',  ( 18.00000000000001066, -15.99999999999998934, 11.99999999999999645 ) ) ;
#1328 = LINE ( 'NONE', #2126, #3060 ) ;
#1329 = ORIENTED_EDGE ( 'NONE', *, *, #1122, .F. ) ;
#1330 = ORIENTED_EDGE ( 'NONE', *, *, #744, .F. ) ;
#1331 = ADVANCED_FACE ( 'NONE', ( #2111 ), #2345, .F. ) ;
#1332 = CARTESIAN_POINT ( 'NONE',  ( 18.00000000000001066, 22.00000000000000355, -1.000000000000002665 ) ) ;
#1333 = CARTESIAN_POINT ( 'NONE',  ( 7.440306508910426331, -21.25596934910894475, 2.999999999999994671 ) ) ;
#1334 = CARTESIAN_POINT ( 'NONE',  ( 16.08876981997914868, 20.39112301800208016, 11.99999999999999645 ) ) ;
#1335 = LINE ( 'NONE', #2132, #659 ) ;
#1336 = ORIENTED_EDGE ( 'NONE', *, *, #2230, .T. ) ;
#1337 = FILL_AREA_STYLE_COLOUR ( '', #156 ) ;
#1338 = LINE ( 'NONE', #1594, #2851 ) ;
#1339 = PLANE ( 'NONE',  #3235 ) ;
#1340 = DIRECTION ( 'NONE',  ( 0.000000000000000000, 0.000000000000000000, -1.000000000000000000 ) ) ;
#1341 = ADVANCED_FACE ( 'NONE', ( #121 ), #1129, .T. ) ;
#1342 = CARTESIAN_POINT ( 'NONE',  ( 53.00000000000000711, 11.50000000000000000, 12.00000000000000000 ) ) ;
#1343 = DIRECTION ( 'NONE',  ( 0.9950371902099891530, -0.09950371902099867938, -0.000000000000000000 ) ) ;
#1344 = ORIENTED_EDGE ( 'NONE', *, *, #190, .T. ) ;
#1345 = ORIENTED_EDGE ( 'NONE', *, *, #1417, .F. ) ;
#1346 = AXIS2_PLACEMENT_3D ( 'NONE', #2169, #411, #1430 ) ;
#1347 = VECTOR ( 'NONE', #1669, 1000.000000000000000 ) ;
#1348 = ADVANCED_FACE ( 'NONE', ( #2408 ), #1583, .T. ) ;
#1349 = DIRECTION ( 'NONE',  ( 0.000000000000000000, -0.000000000000000000, -1.000000000000000000 ) ) ;
#1350 = DIRECTION ( 'NONE',  ( -1.000000000000000000, 0.000000000000000000, 0.000000000000000000 ) ) ;
#1351 = EDGE_CURVE ( 'NONE', #2127, #2936, #832, .T. ) ;
#1352 = ORIENTED_EDGE ( 'NONE', *, *, #331, .T. ) ;
#1353 = DIRECTION ( 'NONE',  ( -0.000000000000000000, -0.000000000000000000, -1.000000000000000000 ) ) ;
#1354 = FACE_OUTER_BOUND ( 'NONE', #242, .T. ) ;
#1355 = ORIENTED_EDGE ( 'NONE', *, *, #2158, .F. ) ;
#1356 = ADVANCED_FACE ( 'NONE', ( #1094 ), #1616, .T. ) ;
#1357 = SURFACE_STYLE_USAGE ( .BOTH. , #1611 ) ;
#1358 = VECTOR ( 'NONE', #2432, 1000.000000000000000 ) ;
#1359 = FACE_OUTER_BOUND ( 'NONE', #2597, .T. ) ;
#1360 = DIRECTION ( 'NONE',  ( 0.9950371902099892640, -0.09950371902099869326, 0.000000000000000000 ) ) ;
#1361 = AXIS2_PLACEMENT_3D ( 'NONE', #3210, #614, #379 ) ;
#1362 = VECTOR ( 'NONE', #65, 1000.000000000000000 ) ;
#1363 = CARTESIAN_POINT ( 'NONE',  ( 53.00000000000000711, 0.000000000000000000, -0.9999999999999986677 ) ) ;
#1364 = ORIENTED_EDGE ( 'NONE', *, *, #2207, .F. ) ;
#1365 = ORIENTED_EDGE ( 'NONE', *, *, #531, .F. ) ;
#1366 = EDGE_CURVE ( 'NONE', #541, #1810, #1328, .T. ) ;
#1367 = VECTOR ( 'NONE', #3200, 1000.000000000000000 ) ;
#1368 = CARTESIAN_POINT ( 'NONE',  ( -1.999999999999991340, 22.00000000000000355, 7.999999999999996447 ) ) ;
#1369 = FACE_OUTER_BOUND ( 'NONE', #2072, .T. ) ;
#1370 = VECTOR ( 'NONE', #3188, 1000.000000000000000 ) ;
#1371 = EDGE_CURVE ( 'NONE', #3022, #177, #1273, .T. ) ;
#1372 = VERTEX_POINT ( 'NONE', #826 ) ;
#1373 = ADVANCED_FACE ( 'NONE', ( #2356 ), #1310, .F. ) ;
#1374 = DIRECTION ( 'NONE',  ( 1.000000000000000000, -0.000000000000000000, 0.000000000000000000 ) ) ;
#1375 = DIRECTION ( 'NONE',  ( -0.000000000000000000, 1.000000000000000000, -0.000000000000000000 ) ) ;
#1376 = ORIENTED_EDGE ( 'NONE', *, *, #1221, .F. ) ;
#1377 = DIRECTION ( 'NONE',  ( -0.7071067811865549002, 0.000000000000000000, -0.7071067811865402453 ) ) ;
#1378 = EDGE_CURVE ( 'NONE', #968, #375, #772, .T. ) ;
#1379 = DIRECTION ( 'NONE',  ( 1.000000000000000000, 0.000000000000000000, 0.000000000000000000 ) ) ;
#1380 = CARTESIAN_POINT ( 'NONE',  ( -57.90000000000000568, 3.469446951953614189E-15, 24.00000000000000000 ) ) ;
#1381 = UNCERTAINTY_MEASURE_WITH_UNIT (LENGTH_MEASURE( 1.000000000000000082E-05 ), #1440, 'distance_accuracy_value', 'NONE');
#1382 = DIRECTION ( 'NONE',  ( 1.000000000000000000, 0.000000000000000000, 0.000000000000000000 ) ) ;
#1383 = ORIENTED_EDGE ( 'NONE', *, *, #1625, .F. ) ;
#1384 = VECTOR ( 'NONE', #1764, 1000.000000000000000 ) ;
#1385 = ORIENTED_EDGE ( 'NONE', *, *, #1927, .F. ) ;
#1386 = DIRECTION ( 'NONE',  ( 0.000000000000000000, -1.000000000000000000, 0.000000000000000000 ) ) ;
#1387 = VERTEX_POINT ( 'NONE', #2635 ) ;
#1388 = CARTESIAN_POINT ( 'NONE',  ( 17.94706172103959574, 16.80253371474281465, 7.569726780300028324 ) ) ;
#1389 = EDGE_CURVE ( 'NONE', #1429, #290, #2303, .T. ) ;
#1390 = DIRECTION ( 'NONE',  ( -0.09950371902099880428, 0.9950371902099891530, 0.000000000000000000 ) ) ;
#1391 = EDGE_LOOP ( 'NONE', ( #1657, #520 ) ) ;
#1392 = LINE ( 'NONE', #3150, #1805 ) ;
#1393 = DIRECTION ( 'NONE',  ( 0.000000000000000000, 0.000000000000000000, 1.000000000000000000 ) ) ;
#1394 = FACE_OUTER_BOUND ( 'NONE', #2139, .T. ) ;
#1395 = ADVANCED_FACE ( 'NONE', ( #2603 ), #1815, .F. ) ;
#1396 = DIRECTION ( 'NONE',  ( 1.000000000000000000, 0.000000000000000000, 0.000000000000000000 ) ) ;
#1397 = ORIENTED_EDGE ( 'NONE', *, *, #1399, .F. ) ;
#1398 = ORIENTED_EDGE ( 'NONE', *, *, #1640, .F. ) ;
#1399 = EDGE_CURVE ( 'NONE', #1438, #2913, #1798, .T. ) ;
#1400 = AXIS2_PLACEMENT_3D ( 'NONE', #2663, #365, #1823 ) ;
#1401 = ORIENTED_EDGE ( 'NONE', *, *, #1700, .T. ) ;
#1402 = FACE_BOUND ( 'NONE', #766, .T. ) ;
#1403 = AXIS2_PLACEMENT_3D ( 'NONE', #1755, #2020, #805 ) ;
#1404 = CIRCLE ( 'NONE', #1080, 1.399999999999999911 ) ;
#1405 = DIRECTION ( 'NONE',  ( -0.000000000000000000, -0.000000000000000000, -1.000000000000000000 ) ) ;
#1406 = DIRECTION ( 'NONE',  ( -0.000000000000000000, -0.000000000000000000, -1.000000000000000000 ) ) ;
#1407 = VERTEX_POINT ( 'NONE', #3139 ) ;
#1408 = VERTEX_POINT ( 'NONE', #2088 ) ;
#1409 = DIRECTION ( 'NONE',  ( 0.000000000000000000, 0.000000000000000000, -1.000000000000000000 ) ) ;
#1410 = DIRECTION ( 'NONE',  ( -0.9950371902099891530, -0.09950371902099880428, -0.000000000000000000 ) ) ;
#1411 = DIRECTION ( 'NONE',  ( -1.000000000000000000, 0.000000000000000000, 0.000000000000000000 ) ) ;
#1412 = CARTESIAN_POINT ( 'NONE',  ( -38.00000000000001421, 3.469446951953614189E-15, 24.00000000000000000 ) ) ;
#1413 = ORIENTED_EDGE ( 'NONE', *, *, #2452, .F. ) ;
#1414 = VECTOR ( 'NONE', #1218, 1000.000000000000114 ) ;
#1415 = ORIENTED_EDGE ( 'NONE', *, *, #96, .F. ) ;
#1416 = LINE ( 'NONE', #165, #56 ) ;
#1417 = EDGE_CURVE ( 'NONE', #541, #2284, #2107, .T. ) ;
#1418 = ORIENTED_EDGE ( 'NONE', *, *, #1201, .F. ) ;
#1419 = CIRCLE ( 'NONE', #1689, 6.000000000000000000 ) ;
#1420 = DIRECTION ( 'NONE',  ( -1.000000000000000000, 0.000000000000000000, 0.000000000000000000 ) ) ;
#1421 = CARTESIAN_POINT ( 'NONE',  ( -1.999999999999991340, 21.99999999999999289, -2.668805347656626876E-15 ) ) ;
#1422 = CARTESIAN_POINT ( 'NONE',  ( 55.00000000000000711, -13.50000000000000000, 6.599999999999996980 ) ) ;
#1423 = ORIENTED_EDGE ( 'NONE', *, *, #790, .T. ) ;
#1424 = ORIENTED_EDGE ( 'NONE', *, *, #911, .F. ) ;
#1425 = DIRECTION ( 'NONE',  ( -0.000000000000000000, -1.000000000000000000, -0.000000000000000000 ) ) ;
#1426 = LINE ( 'NONE', #1965, #558 ) ;
#1427 = CARTESIAN_POINT ( 'NONE',  ( -38.00000000000000000, -19.89999999999999503, 23.50000000000003553 ) ) ;
#1428 = CARTESIAN_POINT ( 'NONE',  ( 18.00000000000001066, -15.99999999999998934, 4.999999999999997335 ) ) ;
#1429 = VERTEX_POINT ( 'NONE', #312 ) ;
#1430 = DIRECTION ( 'NONE',  ( 1.000000000000000000, 0.000000000000000000, 0.000000000000000000 ) ) ;
#1431 = ADVANCED_FACE ( 'NONE', ( #69 ), #2071, .T. ) ;
#1432 = VECTOR ( 'NONE', #915, 1000.000000000000114 ) ;
#1433 = CARTESIAN_POINT ( 'NONE',  ( 18.75000000000000355, 6.249999999999998224, 11.99999999999999645 ) ) ;
#1434 = VECTOR ( 'NONE', #2726, 1000.000000000000000 ) ;
#1435 = DIRECTION ( 'NONE',  ( 0.000000000000000000, 0.000000000000000000, 1.000000000000000000 ) ) ;
#1436 = DIRECTION ( 'NONE',  ( -0.2873478855663482712, -0.9578262852211505418, -0.000000000000000000 ) ) ;
#1437 = PLANE ( 'NONE',  #364 ) ;
#1438 = VERTEX_POINT ( 'NONE', #1290 ) ;
#1439 = ORIENTED_EDGE ( 'NONE', *, *, #112, .T. ) ;
#1440 =( LENGTH_UNIT ( ) NAMED_UNIT ( * ) SI_UNIT ( .MILLI., .METRE. ) );
#1441 = CARTESIAN_POINT ( 'NONE',  ( -60.00000000000000711, 3.469446951953614189E-15, 5.000000000000000000 ) ) ;
#1442 = EDGE_CURVE ( 'NONE', #1759, #459, #1072, .T. ) ;
#1443 = VERTEX_POINT ( 'NONE', #2866 ) ;
#1444 = DIRECTION ( 'NONE',  ( 0.000000000000000000, -1.000000000000000000, 0.000000000000000000 ) ) ;
#1445 = ORIENTED_EDGE ( 'NONE', *, *, #876, .T. ) ;
#1446 = EDGE_LOOP ( 'NONE', ( #1713, #2097, #985, #80, #3017, #972 ) ) ;
#1447 = EDGE_CURVE ( 'NONE', #2850, #2127, #2848, .T. ) ;
#1448 = CYLINDRICAL_SURFACE ( 'NONE', #2669, 6.000000000000000000 ) ;
#1449 = ADVANCED_FACE ( 'NONE', ( #2372 ), #87, .F. ) ;
#1450 = DIRECTION ( 'NONE',  ( -0.000000000000000000, -0.000000000000000000, -1.000000000000000000 ) ) ;
#1451 = DIRECTION ( 'NONE',  ( -0.000000000000000000, -0.000000000000000000, 1.000000000000000000 ) ) ;
#1452 = EDGE_CURVE ( 'NONE', #1066, #2532, #601, .T. ) ;
#1453 = DIRECTION ( 'NONE',  ( -1.000000000000000000, 0.000000000000000000, 0.000000000000000000 ) ) ;
#1454 = ORIENTED_EDGE ( 'NONE', *, *, #3018, .F. ) ;
#1455 = AXIS2_PLACEMENT_3D ( 'NONE', #1231, #3023, #42 ) ;
#1456 = ORIENTED_EDGE ( 'NONE', *, *, #2112, .F. ) ;
#1457 = AXIS2_PLACEMENT_3D ( 'NONE', #1054, #2601, #309 ) ;
#1458 = CARTESIAN_POINT ( 'NONE',  ( -58.90000000000000568, 3.469446951953614189E-15, 19.00000000000000000 ) ) ;
#1459 = DIRECTION ( 'NONE',  ( -0.09950371902099865162, -0.9950371902099892640, 0.000000000000000000 ) ) ;
#1460 = DIRECTION ( 'NONE',  ( 1.119176436114069085E-16, 0.000000000000000000, -1.000000000000000000 ) ) ;
#1461 = EDGE_CURVE ( 'NONE', #2159, #3080, #3122, .T. ) ;
#1462 = VERTEX_POINT ( 'NONE', #2932 ) ;
#1463 = CARTESIAN_POINT ( 'NONE',  ( 55.00000000000000000, 4.000000000000017764, 5.500000000000000000 ) ) ;
#1464 = ORIENTED_EDGE ( 'NONE', *, *, #2399, .T. ) ;
#1465 = ORIENTED_EDGE ( 'NONE', *, *, #2874, .T. ) ;
#1466 = CIRCLE ( 'NONE', #2907, 19.00000000000000000 ) ;
#1467 = FACE_OUTER_BOUND ( 'NONE', #2429, .T. ) ;
#1468 = AXIS2_PLACEMENT_3D ( 'NONE', #1057, #12, #2813 ) ;
#1469 = CARTESIAN_POINT ( 'NONE',  ( 0.000000000000000000, 0.000000000000000000, 0.000000000000000000 ) ) ;
#1470 = VECTOR ( 'NONE', #289, 1000.000000000000000 ) ;
#1471 = DIRECTION ( 'NONE',  ( 0.9578262852211505418, -0.2873478855663482712, 2.524298763222747107E-16 ) ) ;
#1472 = DIRECTION ( 'NONE',  ( -1.000000000000000000, -3.154042683594195121E-16, 0.000000000000000000 ) ) ;
#1473 = EDGE_CURVE ( 'NONE', #140, #1646, #1949, .T. ) ;
#1474 = ORIENTED_EDGE ( 'NONE', *, *, #654, .F. ) ;
#1475 = VECTOR ( 'NONE', #2234, 1000.000000000000000 ) ;
#1476 = CARTESIAN_POINT ( 'NONE',  ( -38.00000000000000000, -20.89999999999999503, 23.50000000000003553 ) ) ;
#1477 = ADVANCED_FACE ( 'NONE', ( #161 ), #3218, .F. ) ;
#1478 = DIRECTION ( 'NONE',  ( 1.000000000000000000, 0.000000000000000000, 0.000000000000000000 ) ) ;
#1479 = EDGE_CURVE ( 'NONE', #418, #1387, #2224, .T. ) ;
#1480 = ORIENTED_EDGE ( 'NONE', *, *, #67, .F. ) ;
#1481 = CARTESIAN_POINT ( 'NONE',  ( 55.00000000000000000, -16.49999999999999645, -8.000000000000000000 ) ) ;
#1482 = ORIENTED_EDGE ( 'NONE', *, *, #1838, .T. ) ;
#1483 = CARTESIAN_POINT ( 'NONE',  ( 53.00000000000000711, -11.50000000000000000, 1.534563074902560759E-15 ) ) ;
#1484 = DIRECTION ( 'NONE',  ( -0.000000000000000000, -0.000000000000000000, -1.000000000000000000 ) ) ;
#1485 = DIRECTION ( 'NONE',  ( 0.000000000000000000, 0.000000000000000000, -1.000000000000000000 ) ) ;
#1486 = VECTOR ( 'NONE', #1593, 1000.000000000000000 ) ;
#1487 = DIRECTION ( 'NONE',  ( 0.5170364906592860299, -0.6319334885835664606, 0.5773502691896259531 ) ) ;
#1488 = AXIS2_PLACEMENT_3D ( 'NONE', #3238, #1495, #747 ) ;
#1489 = CARTESIAN_POINT ( 'NONE',  ( 53.40000000000000568, 15.05201990062066386, 24.00000000000000000 ) ) ;
#1490 = EDGE_LOOP ( 'NONE', ( #1158, #443, #1398, #2293 ) ) ;
#1491 = EDGE_CURVE ( 'NONE', #2420, #524, #3202, .T. ) ;
#1492 = CYLINDRICAL_SURFACE ( 'NONE', #1019, 1.399999999999998579 ) ;
#1493 = PLANE ( 'NONE',  #1948 ) ;
#1494 = ORIENTED_EDGE ( 'NONE', *, *, #1110, .T. ) ;
#1495 = DIRECTION ( 'NONE',  ( -0.000000000000000000, 0.000000000000000000, -1.000000000000000000 ) ) ;
#1496 = EDGE_LOOP ( 'NONE', ( #219, #1749, #2251, #2447, #34 ) ) ;
#1497 = ADVANCED_FACE ( 'NONE', ( #131 ), #671, .F. ) ;
#1498 = DIRECTION ( 'NONE',  ( 0.000000000000000000, 0.000000000000000000, -1.000000000000000000 ) ) ;
#1499 = ORIENTED_EDGE ( 'NONE', *, *, #2898, .T. ) ;
#1500 = EDGE_CURVE ( 'NONE', #2412, #714, #1029, .T. ) ;
#1501 = FACE_BOUND ( 'NONE', #2920, .T. ) ;
#1502 = DIRECTION ( 'NONE',  ( -1.000000000000000000, 0.000000000000000000, 0.000000000000000000 ) ) ;
#1503 = CARTESIAN_POINT ( 'NONE',  ( -1.791071288685385288E-15, 5.000000000000000000, 8.000000000000000000 ) ) ;
#1504 = ORIENTED_EDGE ( 'NONE', *, *, #3041, .T. ) ;
#1505 = CARTESIAN_POINT ( 'NONE',  ( 7.440306508910418337, -21.25596934910894831, 7.999999999999998224 ) ) ;
#1506 = CARTESIAN_POINT ( 'NONE',  ( 7.440306508910418337, -21.25596934910894831, 7.999999999999998224 ) ) ;
#1507 = VECTOR ( 'NONE', #2740, 1000.000000000000000 ) ;
#1508 = VERTEX_POINT ( 'NONE', #342 ) ;
#1509 = CARTESIAN_POINT ( 'NONE',  ( 8.316253694429752485, -19.08697723934151824, -7.999999999999998224 ) ) ;
#1510 = CIRCLE ( 'NONE', #2260, 1.399999999999998579 ) ;
#1511 = DIRECTION ( 'NONE',  ( -0.000000000000000000, 0.000000000000000000, 1.000000000000000000 ) ) ;
#1512 = ORIENTED_EDGE ( 'NONE', *, *, #1700, .F. ) ;
#1513 = AXIS2_PLACEMENT_3D ( 'NONE', #2033, #273, #246 ) ;
#1514 = DIRECTION ( 'NONE',  ( 1.000000000000000000, 0.000000000000000000, 0.000000000000000000 ) ) ;
#1515 = EDGE_CURVE ( 'NONE', #1274, #1207, #2687, .T. ) ;
#1516 = ORIENTED_EDGE ( 'NONE', *, *, #2271, .T. ) ;
#1517 = AXIS2_PLACEMENT_3D ( 'NONE', #3267, #2041, #1788 ) ;
#1518 = CIRCLE ( 'NONE', #1781, 22.00000000000000000 ) ;
#1519 = CARTESIAN_POINT ( 'NONE',  ( 0.3330743202379928825, -21.82166697683703660, 3.675194521237035161 ) ) ;
#1520 = FACE_OUTER_BOUND ( 'NONE', #3043, .T. ) ;
#1521 = VECTOR ( 'NONE', #1375, 1000.000000000000000 ) ;
#1522 = EDGE_LOOP ( 'NONE', ( #2195, #1767, #575, #2885 ) ) ;
#1523 = PLANE ( 'NONE',  #2783 ) ;
#1524 = CARTESIAN_POINT ( 'NONE',  ( 3.582019519320706724, -21.64179804806792262, 3.141583770800317144 ) ) ;
#1525 = PRODUCT_CONTEXT ( 'NONE', #861, 'mechanical' ) ;
#1526 = ORIENTED_EDGE ( 'NONE', *, *, #2044, .F. ) ;
#1527 = CARTESIAN_POINT ( 'NONE',  ( 49.00000000000000711, 13.50000000000000000, 5.499999999999996447 ) ) ;
#1528 = VECTOR ( 'NONE', #1946, 1000.000000000000000 ) ;
#1529 = CARTESIAN_POINT ( 'NONE',  ( 7.934226495395595435, 20.78707111576772704, 2.999999999999994227 ) ) ;
#1530 = ORIENTED_EDGE ( 'NONE', *, *, #1351, .F. ) ;
#1531 = CARTESIAN_POINT ( 'NONE',  ( 49.00000000000000711, -11.50000000000000000, -0.9999999999999986677 ) ) ;
#1532 = ORIENTED_EDGE ( 'NONE', *, *, #1710, .T. ) ;
#1533 = CARTESIAN_POINT ( 'NONE',  ( -0.6430943050705599795, -21.89217891144049588, 3.962770325875175637 ) ) ;
#1534 = CARTESIAN_POINT ( 'NONE',  ( -44.99999999999999289, 10.49999999999999822, 8.000000000000000000 ) ) ;
#1535 =( BOUNDED_CURVE ( )  B_SPLINE_CURVE ( 3, ( #1742, #2753, #2507, #1852 ),
 .UNSPECIFIED., .F., .T. ) 
 B_SPLINE_CURVE_WITH_KNOTS ( ( 4, 4 ),
 ( 0.000000000000000000, 1.570796326794895892 ),
 .UNSPECIFIED. ) 
 CURVE ( )  GEOMETRIC_REPRESENTATION_ITEM ( )  RATIONAL_B_SPLINE_CURVE ( ( 1.000000000000000000, 0.8047378541243652705, 0.8047378541243652705, 1.000000000000000000 ) ) 
 REPRESENTATION_ITEM ( '' )  );
#1536 = EDGE_LOOP ( 'NONE', ( #2775, #1903, #898, #2558, #2267, #2814 ) ) ;
#1537 = CARTESIAN_POINT ( 'NONE',  ( -2.000000000000004885, -22.00000000000000000, 6.531849412142339162 ) ) ;
#1538 = PLANE ( 'NONE',  #1685 ) ;
#1539 = ORIENTED_EDGE ( 'NONE', *, *, #2191, .T. ) ;
#1540 = CARTESIAN_POINT ( 'NONE',  ( 9.308329201640637152, -19.05940573201893073, 0.4383042074501499186 ) ) ;
#1541 = CARTESIAN_POINT ( 'NONE',  ( 18.75000000000000000, 6.249999999999998224, 11.99999999999999645 ) ) ;
#1542 = ORIENTED_EDGE ( 'NONE', *, *, #374, .F. ) ;
#1543 = DIRECTION ( 'NONE',  ( 1.000000000000000000, 0.000000000000000000, 0.000000000000000000 ) ) ;
#1544 = APPLICATION_CONTEXT ( 'automotive_design' ) ;
#1545 = CARTESIAN_POINT ( 'NONE',  ( -60.00000000000000000, -21.99999999999999645, 11.00000000000000000 ) ) ;
#1546 = ORIENTED_EDGE ( 'NONE', *, *, #36, .F. ) ;
#1547 = ORIENTED_EDGE ( 'NONE', *, *, #728, .T. ) ;
#1548 = EDGE_CURVE ( 'NONE', #177, #2922, #2453, .T. ) ;
#1549 = DIRECTION ( 'NONE',  ( -0.000000000000000000, -0.000000000000000000, 1.000000000000000000 ) ) ;
#1550 = DIRECTION ( 'NONE',  ( 1.000000000000000000, 0.000000000000000000, -0.000000000000000000 ) ) ;
#1551 = ORIENTED_EDGE ( 'NONE', *, *, #2571, .F. ) ;
#1552 = DIRECTION ( 'NONE',  ( -0.07035975447302889041, -0.7035975447302903474, 0.7071067811865490160 ) ) ;
#1553 = EDGE_CURVE ( 'NONE', #345, #968, #1518, .T. ) ;
#1554 = CARTESIAN_POINT ( 'NONE',  ( -1.345613126043080143, 21.94667402060582617, 4.266337801216470993 ) ) ;
#1555 = EDGE_LOOP ( 'NONE', ( #509, #2246, #914, #504 ) ) ;
#1556 = CARTESIAN_POINT ( 'NONE',  ( 9.937399955629686588, -19.63727174647315366, 0.7477671112952792853 ) ) ;
#1557 = CARTESIAN_POINT ( 'NONE',  ( -1.400000000000001688, 5.000000000000000000, -8.000000000000000000 ) ) ;
#1558 = ORIENTED_EDGE ( 'NONE', *, *, #1479, .F. ) ;
#1559 = VECTOR ( 'NONE', #236, 1000.000000000000000 ) ;
#1560 = EDGE_CURVE ( 'NONE', #290, #2767, #1682, .T. ) ;
#1561 = CARTESIAN_POINT ( 'NONE',  ( 11.46590894392336324, 20.43390287091499147, 2.999999999999995115 ) ) ;
#1562 = ADVANCED_FACE ( 'NONE', ( #2389 ), #2137, .F. ) ;
#1563 = AXIS2_PLACEMENT_3D ( 'NONE', #3177, #2952, #1435 ) ;
#1564 = CARTESIAN_POINT ( 'NONE',  ( 53.00000000000000711, -11.50000000000000000, -0.9999999999999986677 ) ) ;
#1565 = AXIS2_PLACEMENT_3D ( 'NONE', #537, #1166, #2085 ) ;
#1566 = CARTESIAN_POINT ( 'NONE',  ( 54.99999999999999289, 16.50000000000000000, -5.928932188134524495 ) ) ;
#1567 = ORIENTED_EDGE ( 'NONE', *, *, #1684, .F. ) ;
#1568 = ORIENTED_EDGE ( 'NONE', *, *, #187, .F. ) ;
#1569 = CARTESIAN_POINT ( 'NONE',  ( 49.00000000000000711, -13.50000000000000000, 6.599999999999996980 ) ) ;
#1570 = DIRECTION ( 'NONE',  ( 1.119176436114069332E-16, -0.000000000000000000, -1.000000000000000000 ) ) ;
#1571 = EDGE_LOOP ( 'NONE', ( #1817, #1547 ) ) ;
#1572 = DIRECTION ( 'NONE',  ( 0.000000000000000000, 0.000000000000000000, 1.000000000000000000 ) ) ;
#1573 = DIRECTION ( 'NONE',  ( -1.000000000000000000, -0.000000000000000000, -0.000000000000000000 ) ) ;
#1574 = ADVANCED_FACE ( 'NONE', ( #1950 ), #1157, .F. ) ;
#1575 = VERTEX_POINT ( 'NONE', #584 ) ;
#1576 = LINE ( 'NONE', #1763, #623 ) ;
#1577 = DIRECTION ( 'NONE',  ( -0.000000000000000000, -0.000000000000000000, -1.000000000000000000 ) ) ;
#1578 = PLANE ( 'NONE',  #506 ) ;
#1579 = DIRECTION ( 'NONE',  ( -1.000000000000000000, 0.000000000000000000, 0.000000000000000000 ) ) ;
#1580 = EDGE_CURVE ( 'NONE', #486, #1654, #2056, .T. ) ;
#1581 = VECTOR ( 'NONE', #2037, 1000.000000000000000 ) ;
#1582 = CARTESIAN_POINT ( 'NONE',  ( 53.90000000000000568, 15.50451368167670552, 19.00000000000000000 ) ) ;
#1583 = PLANE ( 'NONE',  #2171 ) ;
#1584 = ORIENTED_EDGE ( 'NONE', *, *, #2678, .T. ) ;
#1585 = EDGE_LOOP ( 'NONE', ( #2343, #1305, #2979, #2803 ) ) ;
#1586 = DIRECTION ( 'NONE',  ( 0.000000000000000000, 1.000000000000000000, 0.000000000000000000 ) ) ;
#1587 = DIRECTION ( 'NONE',  ( -1.000000000000000000, 0.000000000000000000, 0.000000000000000000 ) ) ;
#1588 = VERTEX_POINT ( 'NONE', #570 ) ;
#1589 = CARTESIAN_POINT ( 'NONE',  ( 53.00000000000000711, 4.000000000000016875, 5.500000000000000000 ) ) ;
#1590 = CARTESIAN_POINT ( 'NONE',  ( 55.00000000000000000, -16.49999999999999645, 19.00000000000000000 ) ) ;
#1591 = EDGE_CURVE ( 'NONE', #2956, #177, #1630, .T. ) ;
#1592 = ORIENTED_EDGE ( 'NONE', *, *, #311, .T. ) ;
#1593 = DIRECTION ( 'NONE',  ( -0.000000000000000000, -0.000000000000000000, -1.000000000000000000 ) ) ;
#1594 = CARTESIAN_POINT ( 'NONE',  ( -44.99999999999999289, -10.50000000000000178, 2.000000000000000000 ) ) ;
#1596 = LINE ( 'NONE', #2299, #1635 ) ;
#1595 = AXIS2_PLACEMENT_3D ( 'NONE', #2598, #1647, #1629 ) ;
#1597 = CYLINDRICAL_SURFACE ( 'NONE', #1834, 6.000000000000000000 ) ;
#1598 = AXIS2_PLACEMENT_3D ( 'NONE', #2276, #3294, #1248 ) ;
#1599 = CARTESIAN_POINT ( 'NONE',  ( 20.00000000000000355, 18.89451368167669898, 23.50000000000000000 ) ) ;
#1600 = EDGE_CURVE ( 'NONE', #2400, #2128, #3135, .T. ) ;
#1601 = DIRECTION ( 'NONE',  ( 0.9950371902099892640, -0.09950371902099869326, 0.000000000000000000 ) ) ;
#1602 = EDGE_LOOP ( 'NONE', ( #2528, #229 ) ) ;
#1603 = ORIENTED_EDGE ( 'NONE', *, *, #1258, .T. ) ;
#1604 = LINE ( 'NONE', #1839, #3107 ) ;
#1605 = CARTESIAN_POINT ( 'NONE',  ( 1.270545709182997360E-15, -5.000000000000000000, -8.000000000000000000 ) ) ;
#1606 = EDGE_CURVE ( 'NONE', #2286, #2711, #2843, .T. ) ;
#1607 = ORIENTED_EDGE ( 'NONE', *, *, #761, .F. ) ;
#1608 = DIRECTION ( 'NONE',  ( -0.000000000000000000, -0.000000000000000000, 1.000000000000000000 ) ) ;
#1609 = LINE ( 'NONE', #113, #1634 ) ;
#1610 = ORIENTED_EDGE ( 'NONE', *, *, #292, .F. ) ;
#1611 = SURFACE_SIDE_STYLE ('',( #2120 ) ) ;
#1612 = CARTESIAN_POINT ( 'NONE',  ( 12.00000000000000888, -15.99999999999998934, -1.000000000000004441 ) ) ;
#1613 = CARTESIAN_POINT ( 'NONE',  ( -38.00000000000000000, -21.99999999999999645, 19.00000000000000000 ) ) ;
#1614 = EDGE_CURVE ( 'NONE', #2778, #1872, #1338, .T. ) ;
#1615 = DIRECTION ( 'NONE',  ( -0.000000000000000000, -0.000000000000000000, 1.000000000000000000 ) ) ;
#1616 = CYLINDRICAL_SURFACE ( 'NONE', #1898, 5.000000000000000888 ) ;
#1617 = ORIENTED_EDGE ( 'NONE', *, *, #2187, .T. ) ;
#1618 = EDGE_CURVE ( 'NONE', #2711, #1720, #1466, .T. ) ;
#1619 = ORIENTED_EDGE ( 'NONE', *, *, #1064, .T. ) ;
#1620 = CIRCLE ( 'NONE', #178, 6.000000000000000000 ) ;
#1621 = AXIS2_PLACEMENT_3D ( 'NONE', #473, #1003, #2567 ) ;
#1622 = CARTESIAN_POINT ( 'NONE',  ( -25.74999999999998934, 1.102182119232618306E-15, 2.000000000000000000 ) ) ;
#1623 = DIRECTION ( 'NONE',  ( -0.000000000000000000, -0.000000000000000000, 1.000000000000000000 ) ) ;
#1624 = ORIENTED_EDGE ( 'NONE', *, *, #1947, .F. ) ;
#1625 = EDGE_CURVE ( 'NONE', #2498, #345, #30, .T. ) ;
#1626 = CARTESIAN_POINT ( 'NONE',  ( 16.08876981997915223, 20.39112301800208016, 7.999999999999998224 ) ) ;
#1627 = DIRECTION ( 'NONE',  ( -0.9578262852211505418, -0.2873478855663482712, -2.524298763222747107E-16 ) ) ;
#1628 = VERTEX_POINT ( 'NONE', #116 ) ;
#1629 = DIRECTION ( 'NONE',  ( 0.000000000000000000, 0.000000000000000000, 1.000000000000000000 ) ) ;
#1630 = CIRCLE ( 'NONE', #2796, 7.100000000000000533 ) ;
#1631 = CARTESIAN_POINT ( 'NONE',  ( -57.90000000000000568, 3.469446951953614189E-15, 19.00000000000000000 ) ) ;
#1632 = CARTESIAN_POINT ( 'NONE',  ( 53.00000000000000711, 4.000000000000016875, 5.500000000000000000 ) ) ;
#1633 = VECTOR ( 'NONE', #3186, 1000.000000000000000 ) ;
#1634 = VECTOR ( 'NONE', #43, 1000.000000000000000 ) ;
#1635 = VECTOR ( 'NONE', #535, 1000.000000000000000 ) ;
#1636 = CARTESIAN_POINT ( 'NONE',  ( -38.00000000000001421, 3.469446951953614189E-15, 19.00000000000000000 ) ) ;
#1637 = ORIENTED_EDGE ( 'NONE', *, *, #2759, .F. ) ;
#1638 = ORIENTED_EDGE ( 'NONE', *, *, #430, .T. ) ;
#1639 = CIRCLE ( 'NONE', #667, 1.100000000000001199 ) ;
#1640 = EDGE_CURVE ( 'NONE', #1312, #1429, #2630, .T. ) ;
#1641 = DIRECTION ( 'NONE',  ( -0.000000000000000000, -0.000000000000000000, -1.000000000000000000 ) ) ;
#1642 = ORIENTED_EDGE ( 'NONE', *, *, #2074, .T. ) ;
#1643 = CARTESIAN_POINT ( 'NONE',  ( 17.99958463312500712, 16.07697461474370471, 6.555543975195536888 ) ) ;
#1644 = EDGE_CURVE ( 'NONE', #2284, #343, #759, .T. ) ;
#1645 = CARTESIAN_POINT ( 'NONE',  ( 17.99532580191748465, 16.24427437308311539, 4.053590873471654810 ) ) ;
#1646 = VERTEX_POINT ( 'NONE', #1088 ) ;
#1647 = DIRECTION ( 'NONE',  ( 1.000000000000000000, -0.000000000000000000, -0.000000000000000000 ) ) ;
#1648 = DIRECTION ( 'NONE',  ( 1.000000000000000000, 0.000000000000000000, 1.119176436114069085E-16 ) ) ;
#1649 = DIRECTION ( 'NONE',  ( -1.000000000000000000, 0.000000000000000000, -1.084202172485504434E-16 ) ) ;
#1650 = CARTESIAN_POINT ( 'NONE',  ( 20.00000000000000355, -18.89451368167669187, 24.00000000000000000 ) ) ;
#1651 = ORIENTED_EDGE ( 'NONE', *, *, #2665, .T. ) ;
#1652 = AXIS2_PLACEMENT_3D ( 'NONE', #426, #1511, #1750 ) ;
#1653 = DIRECTION ( 'NONE',  ( 0.000000000000000000, -1.334402673828313832E-16, -1.000000000000000000 ) ) ;
#1654 = VERTEX_POINT ( 'NONE', #1866 ) ;
#1655 = CARTESIAN_POINT ( 'NONE',  ( 20.00000000000000355, -18.89451368167669187, 19.00000000000000000 ) ) ;
#1656 = CYLINDRICAL_SURFACE ( 'NONE', #1361, 6.000000000000000000 ) ;
#1657 = ORIENTED_EDGE ( 'NONE', *, *, #408, .F. ) ;
#1658 = VERTEX_POINT ( 'NONE', #2082 ) ;
#1659 = CARTESIAN_POINT ( 'NONE',  ( -38.00000000000001421, 16.99999999999999289, 5.000000000000000000 ) ) ;
#1660 = FACE_OUTER_BOUND ( 'NONE', #3034, .T. ) ;
#1661 = CARTESIAN_POINT ( 'NONE',  ( 1.680699226677178748, 16.80699226677182523, -3.000000000000000000 ) ) ;
#1662 = DIRECTION ( 'NONE',  ( -1.000000000000000000, 0.000000000000000000, 0.000000000000000000 ) ) ;
#1663 = EDGE_CURVE ( 'NONE', #3248, #1230, #1848, .T. ) ;
#1664 = VERTEX_POINT ( 'NONE', #2352 ) ;
#1665 = VERTEX_POINT ( 'NONE', #1123 ) ;
#1666 = CARTESIAN_POINT ( 'NONE',  ( 8.316253694429752485, 19.08697723934151824, -7.999999999999998224 ) ) ;
#1667 = AXIS2_PLACEMENT_3D ( 'NONE', #2607, #1349, #72 ) ;
#1668 = ORIENTED_EDGE ( 'NONE', *, *, #272, .F. ) ;
#1669 = DIRECTION ( 'NONE',  ( -1.000000000000000000, -0.000000000000000000, -0.000000000000000000 ) ) ;
#1670 = AXIS2_PLACEMENT_3D ( 'NONE', #705, #1056, #2273 ) ;
#1671 = CIRCLE ( 'NONE', #17, 1.399999999999999911 ) ;
#1672 = CARTESIAN_POINT ( 'NONE',  ( 17.86075965086130068, 17.29221274825038890, 3.163765815274427684 ) ) ;
#1673 = CARTESIAN_POINT ( 'NONE',  ( -38.00000000000001421, 3.469446951953614189E-15, 19.00000000000000000 ) ) ;
#1674 = ORIENTED_EDGE ( 'NONE', *, *, #1127, .F. ) ;
#1675 = EDGE_LOOP ( 'NONE', ( #100, #1344, #1271, #3213 ) ) ;
#1676 = FACE_OUTER_BOUND ( 'NONE', #1841, .T. ) ;
#1677 = EDGE_CURVE ( 'NONE', #787, #1695, #2003, .T. ) ;
#1678 = CARTESIAN_POINT ( 'NONE',  ( -38.33403386114806466, 20.56395666018611124, 23.83403386114808598 ) ) ;
#1679 = DIRECTION ( 'NONE',  ( -1.334402673828313339E-16, 2.891205793294677833E-16, 1.000000000000000000 ) ) ;
#1680 = VECTOR ( 'NONE', #1734, 1000.000000000000000 ) ;
#1681 = VECTOR ( 'NONE', #560, 1000.000000000000114 ) ;
#1682 = LINE ( 'NONE', #1650, #924 ) ;
#1683 = ORIENTED_EDGE ( 'NONE', *, *, #2452, .T. ) ;
#1684 = EDGE_CURVE ( 'NONE', #1720, #13, #3059, .T. ) ;
#1685 = AXIS2_PLACEMENT_3D ( 'NONE', #2561, #21, #1877 ) ;
#1686 = DIRECTION ( 'NONE',  ( 0.000000000000000000, 1.000000000000000000, 0.000000000000000000 ) ) ;
#1687 = CARTESIAN_POINT ( 'NONE',  ( 17.57608565308551718, 18.21523560585638535, 7.999999999999998224 ) ) ;
#1688 = ORIENTED_EDGE ( 'NONE', *, *, #1399, .T. ) ;
#1689 = AXIS2_PLACEMENT_3D ( 'NONE', #2917, #619, #1649 ) ;
#1690 = CARTESIAN_POINT ( 'NONE',  ( 9.515881010810108620, 19.80527909224266736, 1.122200088446917876 ) ) ;
#1691 = CARTESIAN_POINT ( 'NONE',  ( -1.839054438599853958, 21.98668411972840886, 4.625456880185904396 ) ) ;
#1692 = EDGE_CURVE ( 'NONE', #780, #568, #340, .T. ) ;
#1693 = CARTESIAN_POINT ( 'NONE',  ( -57.00000000000000711, 3.469446951953614189E-15, 19.00000000000000000 ) ) ;
#1694 = ORIENTED_EDGE ( 'NONE', *, *, #2207, .T. ) ;
#1695 = VERTEX_POINT ( 'NONE', #1631 ) ;
#1696 = CARTESIAN_POINT ( 'NONE',  ( -38.00000000000001421, 20.90000000000000213, 23.50000000000003553 ) ) ;
#1697 = CARTESIAN_POINT ( 'NONE',  ( -60.00000000000000711, 17.00000000000000000, 5.000000000000000000 ) ) ;
#1698 = CARTESIAN_POINT ( 'NONE',  ( 13.49751859510499408, 20.65024814048949509, -3.000000000000000000 ) ) ;
#1699 = ADVANCED_FACE ( 'NONE', ( #870, #1359 ), #555, .F. ) ;
#1700 = EDGE_CURVE ( 'NONE', #1872, #2849, #325, .T. ) ;
#1701 = ORIENTED_EDGE ( 'NONE', *, *, #1797, .T. ) ;
#1702 = DIRECTION ( 'NONE',  ( -2.376410661236640319E-16, 1.000000000000000000, 0.000000000000000000 ) ) ;
#1703 = ORIENTED_EDGE ( 'NONE', *, *, #1103, .T. ) ;
#1704 = EDGE_CURVE ( 'NONE', #2868, #2108, #1303, .T. ) ;
#1705 = ORIENTED_EDGE ( 'NONE', *, *, #37, .F. ) ;
#1706 = EDGE_CURVE ( 'NONE', #1180, #2849, #2135, .T. ) ;
#1707 = DIRECTION ( 'NONE',  ( 1.119176436114069332E-16, -0.000000000000000000, -1.000000000000000000 ) ) ;
#1708 = CYLINDRICAL_SURFACE ( 'NONE', #278, 6.000000000000000000 ) ;
#1709 = LINE ( 'NONE', #2161, #3123 ) ;
#1710 = EDGE_CURVE ( 'NONE', #1575, #1120, #1828, .T. ) ;
#1711 = DIRECTION ( 'NONE',  ( 0.000000000000000000, 0.000000000000000000, -1.000000000000000000 ) ) ;
#1712 = ORIENTED_EDGE ( 'NONE', *, *, #1904, .T. ) ;
#1713 = ORIENTED_EDGE ( 'NONE', *, *, #1461, .F. ) ;
#1714 = LINE ( 'NONE', #3214, #1432 ) ;
#1715 = PLANE ( 'NONE',  #3120 ) ;
#1716 = CARTESIAN_POINT ( 'NONE',  ( 48.51485148514852597, 17.14851485148514953, 12.00000000000000000 ) ) ;
#1717 = EDGE_LOOP ( 'NONE', ( #1765, #2893, #1185, #2933 ) ) ;
#1718 = EDGE_CURVE ( 'NONE', #3237, #3064, #2009, .T. ) ;
#1719 = CARTESIAN_POINT ( 'NONE',  ( -0.1306670155259520572, 19.38014259094425640, 7.216200377126980737E-16 ) ) ;
#1720 = VERTEX_POINT ( 'NONE', #2729 ) ;
#1721 = DIRECTION ( 'NONE',  ( -0.07035975447302887653, 0.7035975447302895702, 0.7071067811865497932 ) ) ;
#1722 = EDGE_CURVE ( 'NONE', #2922, #106, #933, .T. ) ;
#1723 = CARTESIAN_POINT ( 'NONE',  ( 16.08876981997914868, 20.39112301800208016, 2.999999999999995559 ) ) ;
#1724 = FACE_BOUND ( 'NONE', #180, .T. ) ;
#1725 = VECTOR ( 'NONE', #640, 1000.000000000000000 ) ;
#1726 = CARTESIAN_POINT ( 'NONE',  ( 18.57469577113268855, 17.91565257044223358, 2.999999999999997335 ) ) ;
#1727 = EDGE_CURVE ( 'NONE', #1438, #2871, #450, .T. ) ;
#1728 = DIRECTION ( 'NONE',  ( 0.9950371902099883759, 0.09950371902100682564, -0.000000000000000000 ) ) ;
#1729 = ORIENTED_EDGE ( 'NONE', *, *, #650, .F. ) ;
#1730 = AXIS2_PLACEMENT_3D ( 'NONE', #502, #999, #2298 ) ;
#1731 = EDGE_LOOP ( 'NONE', ( #1008, #216, #1116, #602 ) ) ;
#1732 = CIRCLE ( 'NONE', #594, 7.099999999999998757 ) ;
#1733 = CARTESIAN_POINT ( 'NONE',  ( -38.00000000000001421, 22.00000000000000355, 11.00000000000000000 ) ) ;
#1734 = DIRECTION ( 'NONE',  ( 1.000000000000000000, -0.000000000000000000, 0.000000000000000000 ) ) ;
#1735 = ORIENTED_EDGE ( 'NONE', *, *, #1139, .F. ) ;
#1736 = CARTESIAN_POINT ( 'NONE',  ( -43.74999999999999289, 0.000000000000000000, 2.000000000000000000 ) ) ;
#1737 = EDGE_LOOP ( 'NONE', ( #1494, #1263 ) ) ;
#1738 = CARTESIAN_POINT ( 'NONE',  ( 52.94975185951050634, 15.09704471466961273, 24.00000000000000000 ) ) ;
#1739 = VECTOR ( 'NONE', #802, 1000.000000000000000 ) ;
#1740 = LINE ( 'NONE', #2188, #846 ) ;
#1741 = EDGE_CURVE ( 'NONE', #70, #1753, #2975, .T. ) ;
#1742 = CARTESIAN_POINT ( 'NONE',  ( 55.00000000000000000, -16.49999999999999645, -3.000000000000000000 ) ) ;
#1743 = CARTESIAN_POINT ( 'NONE',  ( 17.99532580191749531, -16.24427437308311184, 6.946409126528338085 ) ) ;
#1744 = DIRECTION ( 'NONE',  ( 0.9578262852211505418, 0.2873478855663482712, 2.524298763222747107E-16 ) ) ;
#1745 = ORIENTED_EDGE ( 'NONE', *, *, #1039, .F. ) ;
#1746 = DIRECTION ( 'NONE',  ( -1.334402673828313339E-16, -2.891205793294677833E-16, 1.000000000000000000 ) ) ;
#1747 = EDGE_CURVE ( 'NONE', #18, #2778, #666, .T. ) ;
#1748 = DIRECTION ( 'NONE',  ( 0.000000000000000000, 0.000000000000000000, -1.000000000000000000 ) ) ;
#1749 = ORIENTED_EDGE ( 'NONE', *, *, #1018, .F. ) ;
#1750 = DIRECTION ( 'NONE',  ( 1.000000000000000000, 0.000000000000000000, 0.000000000000000000 ) ) ;
#1751 = ORIENTED_EDGE ( 'NONE', *, *, #1692, .T. ) ;
#1752 = LINE ( 'NONE', #1738, #3111 ) ;
#1753 = VERTEX_POINT ( 'NONE', #2196 ) ;
#1754 =( BOUNDED_CURVE ( )  B_SPLINE_CURVE ( 3, ( #3263, #2784, #207, #990 ),
 .UNSPECIFIED., .F., .T. ) 
 B_SPLINE_CURVE_WITH_KNOTS ( ( 4, 4 ),
 ( 3.919117455405659811, 4.712388980384690562 ),
 .UNSPECIFIED. ) 
 CURVE ( )  GEOMETRIC_REPRESENTATION_ITEM ( )  RATIONAL_B_SPLINE_CURVE ( ( 1.000000000000000000, 0.9482439166690018739, 0.9482439166690018739, 1.000000000000000000 ) ) 
 REPRESENTATION_ITEM ( '' )  );
#1755 = CARTESIAN_POINT ( 'NONE',  ( 7.999999999999986677, 18.99999999999999645, 81.00806399170998873 ) ) ;
#1756 = CARTESIAN_POINT ( 'NONE',  ( -2.000000000000007105, -21.99999999999999645, 4.869088121128765323 ) ) ;
#1757 = CIRCLE ( 'NONE', #3033, 1.399999999999998579 ) ;
#1758 = LINE ( 'NONE', #417, #1163 ) ;
#1759 = VERTEX_POINT ( 'NONE', #405 ) ;
#1760 = PLANE ( 'NONE',  #2521 ) ;
#1761 = CARTESIAN_POINT ( 'NONE',  ( -3.999999999999989786, 10.49999999999999822, 11.00000000000000000 ) ) ;
#1762 = ORIENTED_EDGE ( 'NONE', *, *, #2756, .T. ) ;
#1763 = CARTESIAN_POINT ( 'NONE',  ( 19.90049628097900580, 17.89947649146670727, 19.00000000000000000 ) ) ;
#1764 = DIRECTION ( 'NONE',  ( 0.9578262852211505418, -0.2873478855663482712, 4.473440846217416685E-17 ) ) ;
#1765 = ORIENTED_EDGE ( 'NONE', *, *, #1553, .F. ) ;
#1766 = DIRECTION ( 'NONE',  ( -0.000000000000000000, -0.000000000000000000, 1.000000000000000000 ) ) ;
#1767 = ORIENTED_EDGE ( 'NONE', *, *, #1389, .T. ) ;
#1768 = LINE ( 'NONE', #1726, #1179 ) ;
#1769 = DIRECTION ( 'NONE',  ( -0.000000000000000000, 0.000000000000000000, 1.000000000000000000 ) ) ;
#1770 = EDGE_LOOP ( 'NONE', ( #2951, #1935, #611, #1871, #757 ) ) ;
#1771 = FACE_OUTER_BOUND ( 'NONE', #437, .T. ) ;
#1772 = CARTESIAN_POINT ( 'NONE',  ( 0.000000000000000000, 0.000000000000000000, -8.000000000000000000 ) ) ;
#1773 = VECTOR ( 'NONE', #2057, 1000.000000000000000 ) ;
#1774 = ORIENTED_EDGE ( 'NONE', *, *, #1706, .T. ) ;
#1775 = DIRECTION ( 'NONE',  ( -1.000000000000000000, 0.000000000000000000, 0.000000000000000000 ) ) ;
#1776 = CARTESIAN_POINT ( 'NONE',  ( -3.999999999999989786, 10.49999999999999822, 11.00000000000000000 ) ) ;
#1777 = ORIENTED_EDGE ( 'NONE', *, *, #1801, .T. ) ;
#1778 = DIRECTION ( 'NONE',  ( 1.000000000000000000, 0.000000000000000000, 0.000000000000000000 ) ) ;
#1779 = ORIENTED_EDGE ( 'NONE', *, *, #1371, .F. ) ;
#1780 = VECTOR ( 'NONE', #1068, 1000.000000000000000 ) ;
#1781 = AXIS2_PLACEMENT_3D ( 'NONE', #1636, #358, #1915 ) ;
#1782 = CARTESIAN_POINT ( 'NONE',  ( 0.08763487164800791429, -21.83880329149363320, 3.738470163329779439 ) ) ;
#1783 = CARTESIAN_POINT ( 'NONE',  ( 8.000000000000000000, 15.67506218943954721, -8.000000000000000000 ) ) ;
#1784 = VECTOR ( 'NONE', #1405, 1000.000000000000000 ) ;
#1785 = ORIENTED_EDGE ( 'NONE', *, *, #1706, .F. ) ;
#1786 = FACE_OUTER_BOUND ( 'NONE', #2300, .T. ) ;
#1787 = CIRCLE ( 'NONE', #3066, 1.100000000000000311 ) ;
#1788 = DIRECTION ( 'NONE',  ( 1.000000000000000000, 1.387778780781445360E-14, 0.000000000000000000 ) ) ;
#1789 = DIRECTION ( 'NONE',  ( 1.000000000000000000, 0.000000000000000000, 0.000000000000000000 ) ) ;
#1790 = ORIENTED_EDGE ( 'NONE', *, *, #1105, .T. ) ;
#1791 = CARTESIAN_POINT ( 'NONE',  ( 8.779823339176180852, -18.37213691164319940, 0.1855653524682044919 ) ) ;
#1792 = DIRECTION ( 'NONE',  ( -1.000000000000000000, -0.000000000000000000, -0.000000000000000000 ) ) ;
#1793 = VERTEX_POINT ( 'NONE', #916 ) ;
#1794 = EDGE_CURVE ( 'NONE', #140, #2441, #696, .T. ) ;
#1795 = CIRCLE ( 'NONE', #1346, 1.399999999999998579 ) ;
#1796 = DIRECTION ( 'NONE',  ( 1.000000000000000000, 0.000000000000000000, 0.000000000000000000 ) ) ;
#1797 = EDGE_CURVE ( 'NONE', #264, #2127, #1426, .T. ) ;
#1798 = LINE ( 'NONE', #523, #92 ) ;
#1799 = ORIENTED_EDGE ( 'NONE', *, *, #3234, .T. ) ;
#1800 = ORIENTED_EDGE ( 'NONE', *, *, #616, .F. ) ;
#1801 = EDGE_CURVE ( 'NONE', #264, #3164, #1169, .T. ) ;
#1802 = CARTESIAN_POINT ( 'NONE',  ( 12.00000000000000888, -15.99999999999998934, 11.99999999999999645 ) ) ;
#1803 = CARTESIAN_POINT ( 'NONE',  ( -44.99999999999999289, 10.49999999999999822, 8.000000000000000000 ) ) ;
#1804 = ORIENTED_EDGE ( 'NONE', *, *, #3088, .T. ) ;
#1805 = VECTOR ( 'NONE', #63, 1000.000000000000000 ) ;
#1806 = CARTESIAN_POINT ( 'NONE',  ( 4.604697939403288309, -21.53953020605966628, 7.999999999999998224 ) ) ;
#1807 = ADVANCED_FACE ( 'NONE', ( #633 ), #2449, .T. ) ;
#1808 = VECTOR ( 'NONE', #1744, 1000.000000000000000 ) ;
#1809 = DIRECTION ( 'NONE',  ( 0.000000000000000000, -0.000000000000000000, -1.000000000000000000 ) ) ;
#1810 = VERTEX_POINT ( 'NONE', #682 ) ;
#1811 = PLANE ( 'NONE',  #1900 ) ;
#1812 = ORIENTED_EDGE ( 'NONE', *, *, #3000, .F. ) ;
#1813 = CARTESIAN_POINT ( 'NONE',  ( -1.399999999999998579, -5.000000000000000000, 8.000000000000000000 ) ) ;
#1814 = CARTESIAN_POINT ( 'NONE',  ( -49.39999999999999858, -5.000000000000006217, 8.000000000000000000 ) ) ;
#1815 = CYLINDRICAL_SURFACE ( 'NONE', #1468, 1.399999999999998579 ) ;
#1816 = ORIENTED_EDGE ( 'NONE', *, *, #2822, .T. ) ;
#1817 = ORIENTED_EDGE ( 'NONE', *, *, #2921, .T. ) ;
#1818 = ADVANCED_FACE ( 'NONE', ( #1137 ), #1715, .F. ) ;
#1819 = CARTESIAN_POINT ( 'NONE',  ( 53.90000000000000568, -15.50451368167669841, 24.00000000000000000 ) ) ;
#1820 = LINE ( 'NONE', #2833, #2752 ) ;
#1821 = EDGE_CURVE ( 'NONE', #2532, #375, #1189, .T. ) ;
#1822 = ORIENTED_EDGE ( 'NONE', *, *, #2904, .T. ) ;
#1823 = DIRECTION ( 'NONE',  ( 1.000000000000000000, 0.000000000000000000, 0.000000000000000000 ) ) ;
#1824 = EDGE_CURVE ( 'NONE', #470, #1978, #2233, .T. ) ;
#1825 = LINE ( 'NONE', #595, #3061 ) ;
#1826 = ORIENTED_EDGE ( 'NONE', *, *, #390, .T. ) ;
#1827 = CARTESIAN_POINT ( 'NONE',  ( 13.19710439423490911, -20.68028956057650092, 1.615121692508814988 ) ) ;
#1828 = LINE ( 'NONE', #2701, #1087 ) ;
#1829 = DIRECTION ( 'NONE',  ( -0.000000000000000000, -0.000000000000000000, 1.000000000000000000 ) ) ;
#1830 = AXIS2_PLACEMENT_3D ( 'NONE', #1469, #2491, #1936 ) ;
#1831 = CARTESIAN_POINT ( 'NONE',  ( 36.82283385132354425, -0.04989072100289662637, 7.422833851323654031 ) ) ;
#1832 = CIRCLE ( 'NONE', #2578, 6.000000000000000000 ) ;
#1833 = LINE ( 'NONE', #3035, #699 ) ;
#1834 = AXIS2_PLACEMENT_3D ( 'NONE', #1850, #380, #2369 ) ;
#1835 = CARTESIAN_POINT ( 'NONE',  ( 53.00000000000000711, 11.50000000000000000, -1.534563074902560759E-15 ) ) ;
#1836 = ORIENTED_EDGE ( 'NONE', *, *, #864, .F. ) ;
#1837 = VERTEX_POINT ( 'NONE', #1202 ) ;
#1838 = EDGE_CURVE ( 'NONE', #2113, #680, #422, .T. ) ;
#1839 = CARTESIAN_POINT ( 'NONE',  ( 53.00000000000000711, 0.000000000000000000, 12.00000000000000000 ) ) ;
#1840 = DIRECTION ( 'NONE',  ( 0.000000000000000000, 0.000000000000000000, 1.000000000000000000 ) ) ;
#1841 = EDGE_LOOP ( 'NONE', ( #2771, #730, #182, #1567 ) ) ;
#1842 = LINE ( 'NONE', #3128, #2999 ) ;
#1843 = VECTOR ( 'NONE', #1410, 1000.000000000000114 ) ;
#1844 = CARTESIAN_POINT ( 'NONE',  ( -0.4015158912872402452, 21.87381424550303777, 3.877997399843649440 ) ) ;
#1845 = EDGE_CURVE ( 'NONE', #2550, #3248, #2165, .T. ) ;
#1846 = ORIENTED_EDGE ( 'NONE', *, *, #552, .F. ) ;
#1847 = CARTESIAN_POINT ( 'NONE',  ( -58.40000000000003411, 3.469446951953614189E-15, 24.00000000000000000 ) ) ;
#1848 = LINE ( 'NONE', #2335, #1895 ) ;
#1849 = DIRECTION ( 'NONE',  ( -1.000000000000000000, 0.000000000000000000, 0.000000000000000000 ) ) ;
#1850 = CARTESIAN_POINT ( 'NONE',  ( 12.00000000000000888, -15.99999999999998934, 11.99999999999999645 ) ) ;
#1851 = CIRCLE ( 'NONE', #2804, 7.100000000000000533 ) ;
#1852 = CARTESIAN_POINT ( 'NONE',  ( 55.00000000000000711, -11.47506218943955147, -8.000000000000000000 ) ) ;
#1853 = ADVANCED_FACE ( 'NONE', ( #884 ), #2055, .T. ) ;
#1854 = DIRECTION ( 'NONE',  ( -0.000000000000000000, -0.000000000000000000, 1.000000000000000000 ) ) ;
#1855 = EDGE_LOOP ( 'NONE', ( #622, #1800, #693, #2017, #122, #2456, #226 ) ) ;
#1856 = ORIENTED_EDGE ( 'NONE', *, *, #412, .F. ) ;
#1857 = DIRECTION ( 'NONE',  ( 0.000000000000000000, 1.334402673828313832E-16, 1.000000000000000000 ) ) ;
#1858 = CARTESIAN_POINT ( 'NONE',  ( 49.00000000000000711, 17.10000000000000142, -0.9999999999999991118 ) ) ;
#1859 = ORIENTED_EDGE ( 'NONE', *, *, #2191, .F. ) ;
#1860 = DIRECTION ( 'NONE',  ( -0.9950371902099891530, -0.09950371902099880428, -1.113622176340172808E-16 ) ) ;
#1861 = ADVANCED_FACE ( 'NONE', ( #1660 ), #2181, .T. ) ;
#1862 = CARTESIAN_POINT ( 'NONE',  ( 49.00000000000000711, -11.50000000000000000, 1.534563074902560759E-15 ) ) ;
#1863 = ORIENTED_EDGE ( 'NONE', *, *, #3276, .T. ) ;
#1864 = EDGE_CURVE ( 'NONE', #1753, #2767, #2512, .T. ) ;
#1865 = PLANE ( 'NONE',  #1322 ) ;
#1866 = CARTESIAN_POINT ( 'NONE',  ( 16.08876981997913447, -20.39112301800209082, -1.000000000000003997 ) ) ;
#1867 = FACE_OUTER_BOUND ( 'NONE', #1301, .T. ) ;
#1868 = CARTESIAN_POINT ( 'NONE',  ( -38.00000000000000000, -21.99999999999999645, 19.00000000000000000 ) ) ;
#1869 = VECTOR ( 'NONE', #2531, 1000.000000000000000 ) ;
#1870 = CARTESIAN_POINT ( 'NONE',  ( 1.680699226677178748, 16.80699226677182523, 5.000000000000000000 ) ) ;
#1871 = ORIENTED_EDGE ( 'NONE', *, *, #600, .F. ) ;
#1872 = VERTEX_POINT ( 'NONE', #743 ) ;
#1873 = CARTESIAN_POINT ( 'NONE',  ( 18.75000000000000000, 6.249999999999998224, 19.00000000000000000 ) ) ;
#1874 = LINE ( 'NONE', #812, #247 ) ;
#1875 = ORIENTED_EDGE ( 'NONE', *, *, #1209, .T. ) ;
#1876 = CARTESIAN_POINT ( 'NONE',  ( -49.39999999999999858, 4.999999999999976907, 0.000000000000000000 ) ) ;
#1877 = DIRECTION ( 'NONE',  ( -0.09950371902100682564, 0.9950371902099883759, 0.000000000000000000 ) ) ;
#1878 = B_SPLINE_CURVE_WITH_KNOTS ( 'NONE', 3,
 ( #45, #2824, #256, #1269, #1791, #8, #1540, #24, #1556, #1302, #2582, #2564, #1049, #1283, #2081, #3092, #982, #269, #1827, #554 ),
 .UNSPECIFIED., .F., .F.,
 ( 4, 2, 2, 2, 2, 2, 2, 2, 2, 4 ),
 ( 0.05170099745429877769, 0.05260843526835724121, 0.05351587308241570473, 0.05442331089647416131, 0.05533074871053262483, 0.05623818652459108836, 0.05714562433864954494, 0.05759934324567878017, 0.05805306215270800846, 0.05896049996676647198 ),
 .UNSPECIFIED. ) ;
#1879 = ORIENTED_EDGE ( 'NONE', *, *, #1864, .T. ) ;
#1880 = CARTESIAN_POINT ( 'NONE',  ( -38.33267175080650446, 20.23059551205308892, 23.83267175080652578 ) ) ;
#1881 = DIRECTION ( 'NONE',  ( -1.422473250300981502E-14, 1.000000000000000000, -4.336808689942016750E-16 ) ) ;
#1882 = DIRECTION ( 'NONE',  ( -1.000000000000000000, 0.000000000000000000, 0.000000000000000000 ) ) ;
#1883 = EDGE_CURVE ( 'NONE', #354, #624, #2482, .T. ) ;
#1884 =( BOUNDED_CURVE ( )  B_SPLINE_CURVE ( 3, ( #784, #1509, #2316, #2046 ),
 .UNSPECIFIED., .F., .F. ) 
 B_SPLINE_CURVE_WITH_KNOTS ( ( 4, 4 ),
 ( 3.252606517456513302E-16, 1.570796326794896558 ),
 .UNSPECIFIED. ) 
 CURVE ( )  GEOMETRIC_REPRESENTATION_ITEM ( )  RATIONAL_B_SPLINE_CURVE ( ( 1.000000000000000000, 0.8047378541243650485, 0.8047378541243650485, 1.000000000000000000 ) ) 
 REPRESENTATION_ITEM ( '' )  );
#1885 = CARTESIAN_POINT ( 'NONE',  ( -48.00000000000000000, -5.000000000000006217, -8.000000000000000000 ) ) ;
#1886 = ORIENTED_EDGE ( 'NONE', *, *, #2150, .F. ) ;
#1887 = ORIENTED_EDGE ( 'NONE', *, *, #1018, .T. ) ;
#1888 = CIRCLE ( 'NONE', #441, 7.100000000000000533 ) ;
#1889 = CARTESIAN_POINT ( 'NONE',  ( 18.00000000000001066, 16.00000000000000000, 11.99999999999999645 ) ) ;
#1890 = ORIENTED_EDGE ( 'NONE', *, *, #3243, .T. ) ;
#1891 = CARTESIAN_POINT ( 'NONE',  ( 17.98452333693672500, 16.48155408655026477, 7.299993332169473881 ) ) ;
#1892 = CARTESIAN_POINT ( 'NONE',  ( -38.00000000000001421, 16.99999999999999289, 0.000000000000000000 ) ) ;
#1893 = ORIENTED_EDGE ( 'NONE', *, *, #1606, .F. ) ;
#1894 = CARTESIAN_POINT ( 'NONE',  ( 56.99999999999998579, 19.00000000000000355, 19.00000000000000000 ) ) ;
#1895 = VECTOR ( 'NONE', #2895, 1000.000000000000000 ) ;
#1896 = DIRECTION ( 'NONE',  ( -1.119176436114069085E-16, 0.000000000000000000, 1.000000000000000000 ) ) ;
#1897 = LINE ( 'NONE', #3167, #1198 ) ;
#1898 = AXIS2_PLACEMENT_3D ( 'NONE', #1870, #1601, #2587 ) ;
#1899 = AXIS2_PLACEMENT_3D ( 'NONE', #2460, #138, #1134 ) ;
#1900 = AXIS2_PLACEMENT_3D ( 'NONE', #1323, #3056, #1015 ) ;
#1901 = CARTESIAN_POINT ( 'NONE',  ( 52.90000000000000568, 14.59952611956461688, 24.00000000000000000 ) ) ;
#1902 = ORIENTED_EDGE ( 'NONE', *, *, #3196, .F. ) ;
#1903 = ORIENTED_EDGE ( 'NONE', *, *, #1306, .F. ) ;
#1904 = EDGE_CURVE ( 'NONE', #624, #354, #2269, .T. ) ;
#1905 = ORIENTED_EDGE ( 'NONE', *, *, #2404, .F. ) ;
#1906 = LINE ( 'NONE', #137, #966 ) ;
#1907 = FACE_OUTER_BOUND ( 'NONE', #313, .T. ) ;
#1908 = ORIENTED_EDGE ( 'NONE', *, *, #515, .F. ) ;
#1909 = EDGE_CURVE ( 'NONE', #1126, #2284, #267, .T. ) ;
#1910 = EDGE_CURVE ( 'NONE', #456, #147, #454, .T. ) ;
#1911 = CARTESIAN_POINT ( 'NONE',  ( 8.024814048950057455, -16.17258078454454306, -8.000000000000000000 ) ) ;
#1912 = CARTESIAN_POINT ( 'NONE',  ( 53.00000000000000711, -11.50000000000000000, -0.9999999999999986677 ) ) ;
#1913 = DIRECTION ( 'NONE',  ( -0.000000000000000000, -0.000000000000000000, -1.000000000000000000 ) ) ;
#1914 = VECTOR ( 'NONE', #126, 1000.000000000000000 ) ;
#1915 = DIRECTION ( 'NONE',  ( 1.000000000000000000, 0.000000000000000000, 0.000000000000000000 ) ) ;
#1916 = ORIENTED_EDGE ( 'NONE', *, *, #1145, .F. ) ;
#1917 = CIRCLE ( 'NONE', #1652, 1.399999999999998579 ) ;
#1918 = CARTESIAN_POINT ( 'NONE',  ( 8.000000000000000000, -21.99999999999999645, 0.000000000000000000 ) ) ;
#1919 = CARTESIAN_POINT ( 'NONE',  ( 13.49751859510499408, 20.65024814048949509, -3.000000000000000000 ) ) ;
#1920 = ORIENTED_EDGE ( 'NONE', *, *, #1821, .F. ) ;
#1921 = EDGE_CURVE ( 'NONE', #3219, #2550, #2270, .T. ) ;
#1922 = CARTESIAN_POINT ( 'NONE',  ( 19.90049628097900580, 17.89947649146670727, 23.50000000000000000 ) ) ;
#1923 = CARTESIAN_POINT ( 'NONE',  ( 52.90000000000000568, 14.59952611956461688, 24.00000000000000000 ) ) ;
#1924 = CARTESIAN_POINT ( 'NONE',  ( 20.00000000000000355, -18.89451368167669187, 23.50000000000000000 ) ) ;
#1925 = ORIENTED_EDGE ( 'NONE', *, *, #1500, .T. ) ;
#1926 = ORIENTED_EDGE ( 'NONE', *, *, #55, .T. ) ;
#1927 = EDGE_CURVE ( 'NONE', #529, #18, #3010, .T. ) ;
#1928 = CARTESIAN_POINT ( 'NONE',  ( -38.00000000000001421, 3.469446951953614189E-15, 5.000000000000000000 ) ) ;
#1929 = CARTESIAN_POINT ( 'NONE',  ( 53.00000000000000711, 11.50000000000000000, -0.9999999999999986677 ) ) ;
#1930 = CARTESIAN_POINT ( 'NONE',  ( 17.57608565308551718, -18.21523560585638535, 2.999999999999997335 ) ) ;
#1931 = VERTEX_POINT ( 'NONE', #2774 ) ;
#1932 = ORIENTED_EDGE ( 'NONE', *, *, #858, .T. ) ;
#1933 = CARTESIAN_POINT ( 'NONE',  ( -1.425304228867297240, 23.91565257044229398, 5.999999999999997335 ) ) ;
#1934 = CONICAL_SURFACE ( 'NONE', #1286, 20.39999999999996660, 0.7853981633974518317 ) ;
#1935 = ORIENTED_EDGE ( 'NONE', *, *, #864, .T. ) ;
#1936 = DIRECTION ( 'NONE',  ( 1.000000000000000000, 0.000000000000000000, 0.000000000000000000 ) ) ;
#1937 = CIRCLE ( 'NONE', #1236, 1.100000000000000311 ) ;
#1938 = EDGE_CURVE ( 'NONE', #248, #1234, #2378, .T. ) ;
#1939 = CARTESIAN_POINT ( 'NONE',  ( 17.76441711550507918, 17.68664317687255405, 3.036008147812860436 ) ) ;
#1940 = CARTESIAN_POINT ( 'NONE',  ( 1.270545709182997360E-15, -5.000000000000000000, -8.000000000000000000 ) ) ;
#1941 = ORIENTED_EDGE ( 'NONE', *, *, #67, .T. ) ;
#1942 = ORIENTED_EDGE ( 'NONE', *, *, #2518, .F. ) ;
#1943 = FACE_OUTER_BOUND ( 'NONE', #629, .T. ) ;
#1944 = EDGE_CURVE ( 'NONE', #343, #2884, #1266, .T. ) ;
#1945 = DIRECTION ( 'NONE',  ( 1.000000000000000000, 1.826024711554534160E-16, -0.000000000000000000 ) ) ;
#1946 = DIRECTION ( 'NONE',  ( -0.000000000000000000, -0.000000000000000000, -1.000000000000000000 ) ) ;
#1947 = EDGE_CURVE ( 'NONE', #2871, #3029, #481, .T. ) ;
#1948 = AXIS2_PLACEMENT_3D ( 'NONE', #1772, #3025, #2280 ) ;
#1949 = CIRCLE ( 'NONE', #2116, 7.100000000000000533 ) ;
#1950 = FACE_OUTER_BOUND ( 'NONE', #479, .T. ) ;
#1951 = ORIENTED_EDGE ( 'NONE', *, *, #319, .T. ) ;
#1952 = VECTOR ( 'NONE', #1573, 1000.000000000000000 ) ;
#1953 = ORIENTED_EDGE ( 'NONE', *, *, #2904, .F. ) ;
#1954 = VECTOR ( 'NONE', #1829, 1000.000000000000000 ) ;
#1955 = EDGE_CURVE ( 'NONE', #2254, #2229, #963, .T. ) ;
#1956 = CARTESIAN_POINT ( 'NONE',  ( -3.999999999999989786, 10.49999999999999822, 8.000000000000000000 ) ) ;
#1957 = AXIS2_PLACEMENT_3D ( 'NONE', #2387, #2433, #144 ) ;
#1958 = FACE_OUTER_BOUND ( 'NONE', #3039, .T. ) ;
#1959 = CARTESIAN_POINT ( 'NONE',  ( -1.999999999999991340, 22.00000000000000355, 4.999999999999992006 ) ) ;
#1960 = LINE ( 'NONE', #208, #1808 ) ;
#1961 = VERTEX_POINT ( 'NONE', #1524 ) ;
#1962 = ADVANCED_FACE ( 'NONE', ( #5 ), #3042, .F. ) ;
#1963 = ORIENTED_EDGE ( 'NONE', *, *, #2668, .T. ) ;
#1964 = PRESENTATION_STYLE_ASSIGNMENT (( #1357 ) ) ;
#1965 = CARTESIAN_POINT ( 'NONE',  ( 54.99999999999999289, 22.00000000000000355, -8.000000000000000000 ) ) ;
#1966 = LINE ( 'NONE', #1783, #1581 ) ;
#1967 = EDGE_CURVE ( 'NONE', #392, #780, #2114, .T. ) ;
#1968 = EDGE_LOOP ( 'NONE', ( #1144, #2142, #1703 ) ) ;
#1969 = EDGE_CURVE ( 'NONE', #3164, #1259, #2954, .T. ) ;
#1970 = ORIENTED_EDGE ( 'NONE', *, *, #148, .T. ) ;
#1971 = FACE_OUTER_BOUND ( 'NONE', #2815, .T. ) ;
#1972 = ADVANCED_FACE ( 'NONE', ( #498 ), #1493, .F. ) ;
#1973 = LINE ( 'NONE', #2984, #316 ) ;
#1974 = PLANE ( 'NONE',  #1995 ) ;
#1975 = CARTESIAN_POINT ( 'NONE',  ( 18.00085562847609211, -16.06432330928558727, 6.566354344982785918 ) ) ;
#1976 = CARTESIAN_POINT ( 'NONE',  ( -48.00000000000000000, -5.000000000000006217, 8.000000000000000000 ) ) ;
#1977 = ORIENTED_EDGE ( 'NONE', *, *, #741, .T. ) ;
#1978 = VERTEX_POINT ( 'NONE', #1506 ) ;
#1979 = CARTESIAN_POINT ( 'NONE',  ( -57.90000000000000568, 3.469446951953614189E-15, 23.50000000000003553 ) ) ;
#1980 = DIRECTION ( 'NONE',  ( 1.119176436114069332E-16, -0.000000000000000000, -1.000000000000000000 ) ) ;
#1981 = CARTESIAN_POINT ( 'NONE',  ( 12.00000000000000888, -15.99999999999998934, 2.999999999999997335 ) ) ;
#1982 = EDGE_LOOP ( 'NONE', ( #1135, #1355, #410, #946, #1799 ) ) ;
#1983 = ADVANCED_FACE ( 'NONE', ( #3297 ), #2527, .T. ) ;
#1984 = DIRECTION ( 'NONE',  ( 1.334402673828313339E-16, -2.891205793294677833E-16, -1.000000000000000000 ) ) ;
#1985 = VERTEX_POINT ( 'NONE', #2806 ) ;
#1986 = DIRECTION ( 'NONE',  ( 1.000000000000000000, 0.000000000000000000, 0.000000000000000000 ) ) ;
#1987 = CYLINDRICAL_SURFACE ( 'NONE', #2292, 20.89999999999999503 ) ;
#1988 = ADVANCED_FACE ( 'NONE', ( #516 ), #1538, .T. ) ;
#1989 = DIRECTION ( 'NONE',  ( 1.000000000000000000, 0.000000000000000000, 0.000000000000000000 ) ) ;
#1990 = AXIS2_PLACEMENT_3D ( 'NONE', #2934, #954, #1986 ) ;
#1991 = AXIS2_PLACEMENT_3D ( 'NONE', #834, #580, #798 ) ;
#1992 = LINE ( 'NONE', #974, #2059 ) ;
#1993 = CARTESIAN_POINT ( 'NONE',  ( 53.00000000000000711, 11.50000000000000000, -0.9999999999999986677 ) ) ;
#1994 = VERTEX_POINT ( 'NONE', #303 ) ;
#1995 = AXIS2_PLACEMENT_3D ( 'NONE', #2985, #3191, #2937 ) ;
#1996 = CIRCLE ( 'NONE', #2043, 1.399999999999999911 ) ;
#1997 = DIRECTION ( 'NONE',  ( -0.000000000000000000, -0.000000000000000000, 1.000000000000000000 ) ) ;
#1998 = DIRECTION ( 'NONE',  ( -0.000000000000000000, -0.000000000000000000, 1.000000000000000000 ) ) ;
#1999 = ORIENTED_EDGE ( 'NONE', *, *, #1741, .F. ) ;
#2000 = DIRECTION ( 'NONE',  ( 1.000000000000000000, 1.826024711554534160E-16, -0.000000000000000000 ) ) ;
#2001 = EDGE_LOOP ( 'NONE', ( #920, #1141, #888, #436 ) ) ;
#2002 = CYLINDRICAL_SURFACE ( 'NONE', #181, 1.399999999999998579 ) ;
#2003 = CIRCLE ( 'NONE', #3011, 19.89999999999999858 ) ;
#2004 = ORIENTED_EDGE ( 'NONE', *, *, #1447, .F. ) ;
#2005 = FACE_OUTER_BOUND ( 'NONE', #2581, .T. ) ;
#2006 = LINE ( 'NONE', #3020, #752 ) ;
#2007 = FACE_BOUND ( 'NONE', #887, .T. ) ;
#2008 = ORIENTED_EDGE ( 'NONE', *, *, #2555, .T. ) ;
#2009 = B_SPLINE_CURVE_WITH_KNOTS ( 'NONE', 3,
 ( #3251, #174, #1678, #2670 ),
 .UNSPECIFIED., .F., .F.,
 ( 4, 4 ),
 ( 0.000000000000000000, 0.0008695780174490574726 ),
 .UNSPECIFIED. ) ;
#2010 = CIRCLE ( 'NONE', #2966, 6.000000000000000000 ) ;
#2011 = CARTESIAN_POINT ( 'NONE',  ( -4.950419227018302348E-14, -21.99999999999999645, 7.403035229483899471 ) ) ;
#2012 = CARTESIAN_POINT ( 'NONE',  ( -38.00000000000000711, 3.469446951953614189E-15, 19.00000000000000000 ) ) ;
#2013 = EDGE_CURVE ( 'NONE', #1230, #787, #337, .T. ) ;
#2014 = ORIENTED_EDGE ( 'NONE', *, *, #1209, .F. ) ;
#2015 = CARTESIAN_POINT ( 'NONE',  ( -38.49999999999998579, 20.39387162850647073, 24.00000000000000000 ) ) ;
#2016 = CARTESIAN_POINT ( 'NONE',  ( -1.425304228867297240, -23.91565257044229398, 5.999999999999997335 ) ) ;
#2017 = ORIENTED_EDGE ( 'NONE', *, *, #1644, .F. ) ;
#2018 = DIRECTION ( 'NONE',  ( 2.775557561562891351E-16, 1.000000000000000000, 0.000000000000000000 ) ) ;
#2019 = ORIENTED_EDGE ( 'NONE', *, *, #3088, .F. ) ;
#2020 = DIRECTION ( 'NONE',  ( 1.000000000000000000, 1.826024711554534160E-16, -0.000000000000000000 ) ) ;
#2021 = AXIS2_PLACEMENT_3D ( 'NONE', #2894, #3181, #883 ) ;
#2022 = CARTESIAN_POINT ( 'NONE',  ( 17.86075965086129713, -17.29221274825038535, 7.836234184725563878 ) ) ;
#2023 = VECTOR ( 'NONE', #1484, 1000.000000000000000 ) ;
#2024 = CARTESIAN_POINT ( 'NONE',  ( 18.00000000000001066, -15.99999999999998934, -1.000000000000002665 ) ) ;
#2025 = EDGE_CURVE ( 'NONE', #1575, #1588, #1609, .T. ) ;
#2026 = ORIENTED_EDGE ( 'NONE', *, *, #2288, .T. ) ;
#2027 = CARTESIAN_POINT ( 'NONE',  ( 13.69055661870419627, -12.81861676778738790, 17.82644352540672017 ) ) ;
#2028 = CARTESIAN_POINT ( 'NONE',  ( 1.270545709182997360E-15, -5.000000000000000000, 8.000000000000000000 ) ) ;
#2029 = ORIENTED_EDGE ( 'NONE', *, *, #626, .F. ) ;
#2030 = DIRECTION ( 'NONE',  ( 0.000000000000000000, -1.000000000000000000, -2.891205793294678326E-16 ) ) ;
#2031 = LINE ( 'NONE', #2996, #927 ) ;
#2032 = EDGE_LOOP ( 'NONE', ( #2692, #501, #330, #2867, #3012, #2890 ) ) ;
#2033 = CARTESIAN_POINT ( 'NONE',  ( -38.00000000000001421, 3.469446951953614189E-15, 24.00000000000000000 ) ) ;
#2034 = EDGE_LOOP ( 'NONE', ( #2463, #394, #734, #44 ) ) ;
#2035 = EDGE_CURVE ( 'NONE', #1443, #698, #3130, .T. ) ;
#2036 = LINE ( 'NONE', #3005, #3217 ) ;
#2037 = DIRECTION ( 'NONE',  ( 0.000000000000000000, 0.000000000000000000, -1.000000000000000000 ) ) ;
#2038 = EDGE_LOOP ( 'NONE', ( #2384, #2643, #763, #892, #513, #3046 ) ) ;
#2039 = EDGE_CURVE ( 'NONE', #740, #2940, #2700, .T. ) ;
#2040 = DIRECTION ( 'NONE',  ( -0.000000000000000000, -1.000000000000000000, -0.000000000000000000 ) ) ;
#2041 = DIRECTION ( 'NONE',  ( -0.000000000000000000, 0.000000000000000000, -1.000000000000000000 ) ) ;
#2042 = VECTOR ( 'NONE', #2544, 1000.000000000000000 ) ;
#2043 = AXIS2_PLACEMENT_3D ( 'NONE', #718, #1037, #1778 ) ;
#2044 = EDGE_CURVE ( 'NONE', #2936, #1985, #3147, .T. ) ;
#2045 = VERTEX_POINT ( 'NONE', #2577 ) ;
#2046 = CARTESIAN_POINT ( 'NONE',  ( 13.49751859510499408, -20.65024814048949509, -3.000000000000000000 ) ) ;
#2047 = FACE_OUTER_BOUND ( 'NONE', #2060, .T. ) ;
#2048 = ORIENTED_EDGE ( 'NONE', *, *, #606, .F. ) ;
#2049 = ADVANCED_FACE ( 'NONE', ( #3109 ), #2144, .F. ) ;
#2050 = FACE_OUTER_BOUND ( 'NONE', #3086, .T. ) ;
#2051 = DIRECTION ( 'NONE',  ( 0.000000000000000000, 0.000000000000000000, 1.000000000000000000 ) ) ;
#2052 = ORIENTED_EDGE ( 'NONE', *, *, #2650, .F. ) ;
#2053 = ORIENTED_EDGE ( 'NONE', *, *, #3082, .F. ) ;
#2054 = ADVANCED_FACE ( 'NONE', ( #1354 ), #835, .T. ) ;
#2055 = TOROIDAL_SURFACE ( 'NONE', #603, 16.99999999999998934, 5.000000000000000000 ) ;
#2056 = CIRCLE ( 'NONE', #2909, 6.000000000000000000 ) ;
#2057 = DIRECTION ( 'NONE',  ( 0.000000000000000000, 1.000000000000000000, -0.000000000000000000 ) ) ;
#2058 = CARTESIAN_POINT ( 'NONE',  ( 1.400000000000001243, -5.000000000000000000, 0.000000000000000000 ) ) ;
#2059 = VECTOR ( 'NONE', #1502, 1000.000000000000000 ) ;
#2060 = EDGE_LOOP ( 'NONE', ( #2516, #2373, #2318, #3295 ) ) ;
#2061 = LINE ( 'NONE', #2078, #2897 ) ;
#2062 = VECTOR ( 'NONE', #2844, 1000.000000000000000 ) ;
#2063 = CARTESIAN_POINT ( 'NONE',  ( -1.999999999999991340, 22.00000000000000355, 7.999999999999996447 ) ) ;
#2064 = AXIS2_PLACEMENT_3D ( 'NONE', #950, #2290, #280 ) ;
#2065 = ORIENTED_EDGE ( 'NONE', *, *, #1644, .T. ) ;
#2066 = CARTESIAN_POINT ( 'NONE',  ( -58.39999999999997726, 3.469446951953614189E-15, 24.00000000000000000 ) ) ;
#2067 = LINE ( 'NONE', #803, #455 ) ;
#2068 = ORIENTED_EDGE ( 'NONE', *, *, #2093, .F. ) ;
#2069 = FACE_OUTER_BOUND ( 'NONE', #1555, .T. ) ;
#2070 = EDGE_CURVE ( 'NONE', #106, #2488, #816, .T. ) ;
#2071 = CYLINDRICAL_SURFACE ( 'NONE', #241, 5.000000000000000888 ) ;
#2072 = EDGE_LOOP ( 'NONE', ( #2588, #561, #2513, #71 ) ) ;
#2073 = ORIENTED_EDGE ( 'NONE', *, *, #2703, .T. ) ;
#2074 = EDGE_CURVE ( 'NONE', #2569, #1753, #98, .T. ) ;
#2075 = CARTESIAN_POINT ( 'NONE',  ( -6.938893903907228378E-15, 21.99999999999999289, 7.403035229483910129 ) ) ;
#2076 = DIRECTION ( 'NONE',  ( -0.000000000000000000, -0.000000000000000000, -1.000000000000000000 ) ) ;
#2077 = AXIS2_PLACEMENT_3D ( 'NONE', #2282, #2651, #2877 ) ;
#2078 = CARTESIAN_POINT ( 'NONE',  ( 53.90000000000000568, -15.50451368167669841, 19.00000000000000000 ) ) ;
#2079 = LINE ( 'NONE', #2892, #2960 ) ;
#2080 = EDGE_LOOP ( 'NONE', ( #1551, #1762, #2168, #2990 ) ) ;
#2081 = CARTESIAN_POINT ( 'NONE',  ( 12.00291345367516094, -20.57691967758000473, 1.506149710768126981 ) ) ;
#2082 = CARTESIAN_POINT ( 'NONE',  ( 53.90000000000000568, 15.50451368167670552, 23.50000000000000000 ) ) ;
#2083 = CARTESIAN_POINT ( 'NONE',  ( 1.565846954979035255, 21.61616171900709915, 3.510066952796902839 ) ) ;
#2084 = ORIENTED_EDGE ( 'NONE', *, *, #3018, .T. ) ;
#2085 = DIRECTION ( 'NONE',  ( 0.000000000000000000, 0.000000000000000000, -1.000000000000000000 ) ) ;
#2086 = EDGE_CURVE ( 'NONE', #345, #1128, #1335, .T. ) ;
#2087 = DIRECTION ( 'NONE',  ( -1.000000000000000000, -3.154042683594195121E-16, -0.000000000000000000 ) ) ;
#2088 = CARTESIAN_POINT ( 'NONE',  ( 54.99999999999999289, 13.50000000000000000, 4.399999999999995026 ) ) ;
#2089 = ORIENTED_EDGE ( 'NONE', *, *, #168, .F. ) ;
#2090 = VERTEX_POINT ( 'NONE', #2349 ) ;
#2091 = CARTESIAN_POINT ( 'NONE',  ( 8.000000000000000000, -15.67506218943954721, 0.000000000000000000 ) ) ;
#2092 = DIRECTION ( 'NONE',  ( 0.000000000000000000, -1.000000000000000000, 0.000000000000000000 ) ) ;
#2093 = EDGE_CURVE ( 'NONE', #2604, #106, #782, .T. ) ;
#2094 = ORIENTED_EDGE ( 'NONE', *, *, #1618, .T. ) ;
#2095 = CARTESIAN_POINT ( 'NONE',  ( 17.99902735237053975, 16.12358010629841232, 6.691211037864911226 ) ) ;
#2096 = DIRECTION ( 'NONE',  ( 0.000000000000000000, -1.000000000000000000, 0.000000000000000000 ) ) ;
#2097 = ORIENTED_EDGE ( 'NONE', *, *, #955, .T. ) ;
#2098 = EDGE_CURVE ( 'NONE', #1312, #1187, #2079, .T. ) ;
#2099 = CARTESIAN_POINT ( 'NONE',  ( -38.00000000000001421, -18.99999999999999645, 19.00000000000000000 ) ) ;
#2100 = DIRECTION ( 'NONE',  ( 1.000000000000000000, -0.000000000000000000, -0.000000000000000000 ) ) ;
#2101 = FACE_BOUND ( 'NONE', #1391, .T. ) ;
#2102 = AXIS2_PLACEMENT_3D ( 'NONE', #758, #530, #224 ) ;
#2103 = CARTESIAN_POINT ( 'NONE',  ( 18.00000000000001066, -15.99999999999998934, 11.99999999999999645 ) ) ;
#2104 = AXIS2_PLACEMENT_3D ( 'NONE', #2847, #463, #1485 ) ;
#2105 = DIRECTION ( 'NONE',  ( 0.000000000000000000, -1.000000000000000000, 0.000000000000000000 ) ) ;
#2106 = CIRCLE ( 'NONE', #2473, 19.89999999999999858 ) ;
#2107 = LINE ( 'NONE', #2620, #2325 ) ;
#2108 = VERTEX_POINT ( 'NONE', #2627 ) ;
#2109 = ORIENTED_EDGE ( 'NONE', *, *, #1606, .T. ) ;
#2110 = CARTESIAN_POINT ( 'NONE',  ( 49.00000000000000711, -17.10000000000000142, -0.9999999999999991118 ) ) ;
#2111 = FACE_OUTER_BOUND ( 'NONE', #2323, .T. ) ;
#2112 = EDGE_CURVE ( 'NONE', #1180, #381, #2873, .T. ) ;
#2113 = VERTEX_POINT ( 'NONE', #1590 ) ;
#2114 = CIRCLE ( 'NONE', #2534, 19.00000000000000000 ) ;
#2115 = DIRECTION ( 'NONE',  ( 0.000000000000000000, 0.000000000000000000, 1.000000000000000000 ) ) ;
#2116 = AXIS2_PLACEMENT_3D ( 'NONE', #2199, #904, #2657 ) ;
#2117 = AXIS2_PLACEMENT_3D ( 'NONE', #1065, #2838, #61 ) ;
#2118 = CARTESIAN_POINT ( 'NONE',  ( -1.425304228867297907, 23.91565257044229398, 4.999999999999992006 ) ) ;
#2119 = ORIENTED_EDGE ( 'NONE', *, *, #3260, .T. ) ;
#2120 = SURFACE_STYLE_FILL_AREA ( #82 ) ;
#2121 = DIRECTION ( 'NONE',  ( -1.334402673828313339E-16, 4.336808689942016750E-16, 1.000000000000000000 ) ) ;
#2122 = LINE ( 'NONE', #2583, #1470 ) ;
#2123 = CARTESIAN_POINT ( 'NONE',  ( -43.74999999999999289, 0.000000000000000000, 2.000000000000000000 ) ) ;
#2124 = AXIS2_PLACEMENT_3D ( 'NONE', #2360, #1641, #2660 ) ;
#2125 = DIRECTION ( 'NONE',  ( 3.154042683594195121E-16, -1.000000000000000000, -0.000000000000000000 ) ) ;
#2126 = CARTESIAN_POINT ( 'NONE',  ( 16.08876981997914868, 20.39112301800208016, 11.00000000000000000 ) ) ;
#2127 = VERTEX_POINT ( 'NONE', #852 ) ;
#2128 = VERTEX_POINT ( 'NONE', #799 ) ;
#2129 = FACE_OUTER_BOUND ( 'NONE', #2995, .T. ) ;
#2130 = LINE ( 'NONE', #795, #2653 ) ;
#2131 = CARTESIAN_POINT ( 'NONE',  ( -34.74999999999998579, 0.000000000000000000, 2.000000000000000000 ) ) ;
#2132 = CARTESIAN_POINT ( 'NONE',  ( -60.00000000000000711, 3.469446951953614189E-15, 0.000000000000000000 ) ) ;
#2133 = EDGE_LOOP ( 'NONE', ( #7, #2859, #2636, #2563, #2173, #3268, #2762, #3052, #3239, #1779, #54, #1058 ) ) ;
#2134 = CARTESIAN_POINT ( 'NONE',  ( -6.938893903907228378E-15, 21.99999999999999289, -8.000000000000000000 ) ) ;
#2135 = LINE ( 'NONE', #3093, #1739 ) ;
#2136 = FACE_OUTER_BOUND ( 'NONE', #3127, .T. ) ;
#2137 = CYLINDRICAL_SURFACE ( 'NONE', #1191, 19.89999999999999503 ) ;
#2138 = ORIENTED_EDGE ( 'NONE', *, *, #1722, .T. ) ;
#2139 = EDGE_LOOP ( 'NONE', ( #1977, #155, #2342 ) ) ;
#2140 = LINE ( 'NONE', #347, #2576 ) ;
#2141 = DIRECTION ( 'NONE',  ( 0.000000000000000000, 0.000000000000000000, -1.000000000000000000 ) ) ;
#2142 = ORIENTED_EDGE ( 'NONE', *, *, #3230, .T. ) ;
#2143 = LINE ( 'NONE', #3106, #2418 ) ;
#2144 = CYLINDRICAL_SURFACE ( 'NONE', #2647, 2.000000000000000000 ) ;
#2145 = ORIENTED_EDGE ( 'NONE', *, *, #2174, .T. ) ;
#2146 = FACE_OUTER_BOUND ( 'NONE', #332, .T. ) ;
#2147 = CARTESIAN_POINT ( 'NONE',  ( -38.00000000000000711, 3.469446951953614189E-15, 8.000000000000000000 ) ) ;
#2148 = DIRECTION ( 'NONE',  ( -4.336808689942019314E-15, 1.000000000000000000, -4.336808689942019215E-16 ) ) ;
#2149 = AXIS2_PLACEMENT_3D ( 'NONE', #2306, #15, #2591 ) ;
#2150 = EDGE_CURVE ( 'NONE', #1387, #62, #1825, .T. ) ;
#2151 = CARTESIAN_POINT ( 'NONE',  ( 17.76495546922934565, -17.68464618547880818, 3.036517429352491249 ) ) ;
#2152 = ORIENTED_EDGE ( 'NONE', *, *, #1909, .T. ) ;
#2153 = ORIENTED_EDGE ( 'NONE', *, *, #2554, .T. ) ;
#2154 = CIRCLE ( 'NONE', #810, 20.39999999999996660 ) ;
#2155 = CIRCLE ( 'NONE', #702, 1.399999999999999911 ) ;
#2156 = CARTESIAN_POINT ( 'NONE',  ( -38.49999999999997158, 3.469446951953614189E-15, 24.00000000000000000 ) ) ;
#2157 = ADVANCED_FACE ( 'NONE', ( #352 ), #2397, .F. ) ;
#2158 = EDGE_CURVE ( 'NONE', #1101, #456, #3289, .T. ) ;
#2159 = VERTEX_POINT ( 'NONE', #2911 ) ;
#2160 = PLANE ( 'NONE',  #1563 ) ;
#2161 = CARTESIAN_POINT ( 'NONE',  ( 19.90049628097899870, -17.89947649146670372, 23.50000000000000000 ) ) ;
#2162 = ORIENTED_EDGE ( 'NONE', *, *, #2301, .T. ) ;
#2163 = CARTESIAN_POINT ( 'NONE',  ( 49.00000000000000711, -17.10000000000000142, 12.00000000000000000 ) ) ;
#2164 = VECTOR ( 'NONE', #3232, 1000.000000000000114 ) ;
#2165 = LINE ( 'NONE', #646, #89 ) ;
#2166 = CARTESIAN_POINT ( 'NONE',  ( 12.00000000000000355, 16.00000000000000000, 2.999999999999997335 ) ) ;
#2167 = DIRECTION ( 'NONE',  ( 0.000000000000000000, -1.000000000000000000, 0.000000000000000000 ) ) ;
#2168 = ORIENTED_EDGE ( 'NONE', *, *, #3030, .T. ) ;
#2169 = CARTESIAN_POINT ( 'NONE',  ( -48.00000000000000000, 4.999999999999976907, 8.000000000000000000 ) ) ;
#2170 = ADVANCED_FACE ( 'NONE', ( #1907 ), #1656, .T. ) ;
#2171 = AXIS2_PLACEMENT_3D ( 'NONE', #3078, #587, #2051 ) ;
#2172 = CARTESIAN_POINT ( 'NONE',  ( 12.00000000000000355, 16.00000000000000000, 11.00000000000000000 ) ) ;
#2173 = ORIENTED_EDGE ( 'NONE', *, *, #1580, .T. ) ;
#2174 = EDGE_CURVE ( 'NONE', #1106, #1837, #31, .T. ) ;
#2175 = DIRECTION ( 'NONE',  ( 1.000000000000000000, 0.000000000000000000, -0.000000000000000000 ) ) ;
#2176 = DIRECTION ( 'NONE',  ( 0.000000000000000000, 0.000000000000000000, -1.000000000000000000 ) ) ;
#2177 = DIRECTION ( 'NONE',  ( 0.07035975447302915409, 0.7035975447302934560, 0.7071067811865459074 ) ) ;
#2178 = ORIENTED_EDGE ( 'NONE', *, *, #2530, .F. ) ;
#2179 = ORIENTED_EDGE ( 'NONE', *, *, #2013, .T. ) ;
#2180 = CARTESIAN_POINT ( 'NONE',  ( 13.49751859510499408, -20.65024814048949509, -3.000000000000000000 ) ) ;
#2181 = PLANE ( 'NONE',  #398 ) ;
#2182 = CARTESIAN_POINT ( 'NONE',  ( -1.999999999999991340, -22.00000000000000355, 7.999999999999996447 ) ) ;
#2183 = MECHANICAL_DESIGN_GEOMETRIC_PRESENTATION_REPRESENTATION (  '', ( #577 ), #2610 ) ;
#2184 = DIRECTION ( 'NONE',  ( 0.09950371902099881816, -0.9950371902099891530, 0.000000000000000000 ) ) ;
#2185 = EDGE_LOOP ( 'NONE', ( #688, #2819, #2570, #2008, #2991, #1053 ) ) ;
#2186 = EDGE_LOOP ( 'NONE', ( #1610, #753, #191, #1418 ) ) ;
#2187 = EDGE_CURVE ( 'NONE', #282, #1296, #2925, .T. ) ;
#2188 = CARTESIAN_POINT ( 'NONE',  ( -1.425304228867297685, 23.91565257044229398, 7.999999999999996447 ) ) ;
#2189 = ORIENTED_EDGE ( 'NONE', *, *, #2881, .F. ) ;
#2190 = CARTESIAN_POINT ( 'NONE',  ( 8.228682012312344085, 18.21126041816742358, 0.000000000000000000 ) ) ;
#2191 = EDGE_CURVE ( 'NONE', #2391, #282, #910, .T. ) ;
#2192 = LINE ( 'NONE', #721, #2220 ) ;
#2193 = FACE_OUTER_BOUND ( 'NONE', #636, .T. ) ;
#2194 = ORIENTED_EDGE ( 'NONE', *, *, #1560, .F. ) ;
#2195 = ORIENTED_EDGE ( 'NONE', *, *, #2414, .F. ) ;
#2196 = CARTESIAN_POINT ( 'NONE',  ( 19.90049628097899870, -17.89947649146670372, 19.00000000000000000 ) ) ;
#2197 = LINE ( 'NONE', #1138, #1367 ) ;
#2198 = ADVANCED_FACE ( 'NONE', ( #415 ), #3179, .F. ) ;
#2199 = CARTESIAN_POINT ( 'NONE',  ( 53.00000000000000711, 4.000000000000016875, 5.500000000000000000 ) ) ;
#2200 = ORIENTED_EDGE ( 'NONE', *, *, #2288, .F. ) ;
#2201 = ORIENTED_EDGE ( 'NONE', *, *, #770, .T. ) ;
#2202 = DIRECTION ( 'NONE',  ( -1.000000000000000000, 0.000000000000000000, 0.000000000000000000 ) ) ;
#2203 = VECTOR ( 'NONE', #1549, 1000.000000000000000 ) ;
#2204 = ADVANCED_FACE ( 'NONE', ( #1176 ), #2953, .F. ) ;
#2205 = LINE ( 'NONE', #432, #1725 ) ;
#2206 = CARTESIAN_POINT ( 'NONE',  ( 52.90000000000000568, 14.59952611956461688, 23.50000000000000000 ) ) ;
#2207 = EDGE_CURVE ( 'NONE', #290, #70, #1709, .T. ) ;
#2208 = CARTESIAN_POINT ( 'NONE',  ( 26.25000000000000355, -6.250000000000001776, 11.99999999999999645 ) ) ;
#2209 = ORIENTED_EDGE ( 'NONE', *, *, #3024, .T. ) ;
#2210 = ORIENTED_EDGE ( 'NONE', *, *, #74, .F. ) ;
#2211 = LINE ( 'NONE', #900, #2502 ) ;
#2212 = CARTESIAN_POINT ( 'NONE',  ( -3.999999999999989786, -10.50000000000000178, 2.000000000000000000 ) ) ;
#2213 = DIRECTION ( 'NONE',  ( -1.000000000000000000, 0.000000000000000000, 0.000000000000000000 ) ) ;
#2214 = EDGE_CURVE ( 'NONE', #1188, #2757, #2331, .T. ) ;
#2215 = VECTOR ( 'NONE', #2930, 1000.000000000000000 ) ;
#2216 = ORIENTED_EDGE ( 'NONE', *, *, #2271, .F. ) ;
#2217 = AXIS2_PLACEMENT_3D ( 'NONE', #1901, #1140, #1702 ) ;
#2218 = CARTESIAN_POINT ( 'NONE',  ( 49.00000000000000711, -17.09999999999999787, 12.00000000000000000 ) ) ;
#2219 = ORIENTED_EDGE ( 'NONE', *, *, #2642, .T. ) ;
#2220 = VECTOR ( 'NONE', #1487, 1000.000000000000114 ) ;
#2221 = ORIENTED_EDGE ( 'NONE', *, *, #217, .T. ) ;
#2222 = AXIS2_PLACEMENT_3D ( 'NONE', #371, #902, #2896 ) ;
#2223 = CARTESIAN_POINT ( 'NONE',  ( -1.999999999999994005, 21.99999999999999289, 4.999999999999992006 ) ) ;
#2224 = B_SPLINE_CURVE_WITH_KNOTS ( 'NONE', 3,
 ( #1428, #118, #373, #1171, #2435, #1125, #635, #919, #886, #409, #2405, #2151, #1111, #1930 ),
 .UNSPECIFIED., .F., .F.,
 ( 4, 2, 2, 2, 2, 2, 4 ),
 ( 0.000000000000000000, 0.0004204364588806125966, 0.0008408729177612251932, 0.001681745835522450386, 0.002102182294403064176, 0.002522618753283677098, 0.003363491671044896436 ),
 .UNSPECIFIED. ) ;
#2225 = AXIS2_PLACEMENT_3D ( 'NONE', #1156, #3154, #104 ) ;
#2226 = FACE_OUTER_BOUND ( 'NONE', #296, .T. ) ;
#2227 = CARTESIAN_POINT ( 'NONE',  ( -0.3998766147464774545, -21.87401352202670424, 3.882204397181826749 ) ) ;
#2228 = LINE ( 'NONE', #3247, #3198 ) ;
#2229 = VERTEX_POINT ( 'NONE', #2938 ) ;
#2230 = EDGE_CURVE ( 'NONE', #1588, #157, #500, .T. ) ;
#2231 = ORIENTED_EDGE ( 'NONE', *, *, #1710, .F. ) ;
#2232 = DIRECTION ( 'NONE',  ( -1.000000000000000000, 0.000000000000000000, 0.000000000000000000 ) ) ;
#2233 = LINE ( 'NONE', #2415, #188 ) ;
#2234 = DIRECTION ( 'NONE',  ( -0.000000000000000000, -0.000000000000000000, -1.000000000000000000 ) ) ;
#2235 = ORIENTED_EDGE ( 'NONE', *, *, #2287, .F. ) ;
#2236 = CARTESIAN_POINT ( 'NONE',  ( -46.60000000000000142, 4.999999999999976907, 8.000000000000000000 ) ) ;
#2237 = ORIENTED_EDGE ( 'NONE', *, *, #1258, .F. ) ;
#2238 = ADVANCED_FACE ( 'NONE', ( #867 ), #1195, .F. ) ;
#2239 = DIRECTION ( 'NONE',  ( 0.9950371902099890420, 0.09950371902099880428, -0.000000000000000000 ) ) ;
#2240 = VECTOR ( 'NONE', #1377, 1000.000000000000114 ) ;
#2241 = AXIS2_PLACEMENT_3D ( 'NONE', #1933, #2707, #2723 ) ;
#2242 = CARTESIAN_POINT ( 'NONE',  ( -25.74999999999998934, 1.102182119232618306E-15, 0.000000000000000000 ) ) ;
#2243 = DIRECTION ( 'NONE',  ( 0.09950371902099994226, 0.9950371902099890420, 0.000000000000000000 ) ) ;
#2244 = CARTESIAN_POINT ( 'NONE',  ( -1.999999999999991340, -22.00000000000000355, 4.999999999999992006 ) ) ;
#2245 = DIRECTION ( 'NONE',  ( -1.000000000000000000, -3.154042683594195121E-16, -0.000000000000000000 ) ) ;
#2246 = ORIENTED_EDGE ( 'NONE', *, *, #606, .T. ) ;
#2247 = DIRECTION ( 'NONE',  ( -1.000000000000000000, -0.000000000000000000, -0.000000000000000000 ) ) ;
#2248 = CARTESIAN_POINT ( 'NONE',  ( 22.50000000000000000, 6.249999999999997335, 40.36000936329383393 ) ) ;
#2249 = ORIENTED_EDGE ( 'NONE', *, *, #1417, .T. ) ;
#2250 = CARTESIAN_POINT ( 'NONE',  ( 12.00000000000000355, 16.00000000000000000, 11.99999999999999645 ) ) ;
#2251 = ORIENTED_EDGE ( 'NONE', *, *, #2214, .T. ) ;
#2252 = LINE ( 'NONE', #2794, #2690 ) ;
#2253 = B_SPLINE_CURVE_WITH_KNOTS ( 'NONE', 3,
 ( #2244, #1756, #3278, #1246, #261, #464, #2256, #1533, #2227, #1782, #1519, #2508, #1213, #221, #738, #1228 ),
 .UNSPECIFIED., .F., .F.,
 ( 4, 2, 2, 2, 2, 2, 2, 4 ),
 ( 9.697399036122159075E-18, 0.0003865232749599643554, 0.0007730465499199189530, 0.001546093099839830967, 0.002319139649759742114, 0.003092186199679654128, 0.004638279299519475554, 0.006184372399359298715 ),
 .UNSPECIFIED. ) ;
#2254 = VERTEX_POINT ( 'NONE', #1892 ) ;
#2255 = AXIS2_PLACEMENT_3D ( 'NONE', #546, #1314, #1857 ) ;
#2256 = CARTESIAN_POINT ( 'NONE',  ( -1.115596804674377385, -21.92846575125191322, 4.151775243720646102 ) ) ;
#2257 = ADVANCED_FACE ( 'NONE', ( #2664 ), #366, .F. ) ;
#2258 = PLANE ( 'NONE',  #2579 ) ;
#2259 = ORIENTED_EDGE ( 'NONE', *, *, #903, .T. ) ;
#2260 = AXIS2_PLACEMENT_3D ( 'NONE', #448, #1450, #2426 ) ;
#2261 = VECTOR ( 'NONE', #1307, 1000.000000000000000 ) ;
#2262 = CYLINDRICAL_SURFACE ( 'NONE', #2102, 9.000000000000001776 ) ;
#2263 = DIRECTION ( 'NONE',  ( -0.000000000000000000, -0.000000000000000000, 1.000000000000000000 ) ) ;
#2264 = ORIENTED_EDGE ( 'NONE', *, *, #3243, .F. ) ;
#2265 = DIRECTION ( 'NONE',  ( 0.9950371902099891530, -0.09950371902099869326, 0.000000000000000000 ) ) ;
#2266 = DIRECTION ( 'NONE',  ( -0.000000000000000000, -0.000000000000000000, 1.000000000000000000 ) ) ;
#2267 = ORIENTED_EDGE ( 'NONE', *, *, #319, .F. ) ;
#2268 = LINE ( 'NONE', #986, #2949 ) ;
#2269 = CIRCLE ( 'NONE', #2590, 9.000000000000001776 ) ;
#2270 = CIRCLE ( 'NONE', #497, 19.89999999999999858 ) ;
#2271 = EDGE_CURVE ( 'NONE', #2394, #827, #1754, .T. ) ;
#2272 = ORIENTED_EDGE ( 'NONE', *, *, #1306, .T. ) ;
#2273 = DIRECTION ( 'NONE',  ( -1.000000000000000000, 0.000000000000000000, 0.000000000000000000 ) ) ;
#2274 = CARTESIAN_POINT ( 'NONE',  ( 17.76441711550507918, -17.68664317687256471, 7.963991852187133347 ) ) ;
#2275 = EDGE_CURVE ( 'NONE', #2868, #1407, #2192, .T. ) ;
#2276 = CARTESIAN_POINT ( 'NONE',  ( 26.25000000000000000, 6.249999999999996447, 40.36000936329383393 ) ) ;
#2277 = ORIENTED_EDGE ( 'NONE', *, *, #2906, .T. ) ;
#2278 = CIRCLE ( 'NONE', #2543, 3.750000000000003553 ) ;
#2279 = CARTESIAN_POINT ( 'NONE',  ( -44.99999999999999289, -10.50000000000000178, 11.00000000000000000 ) ) ;
#2280 = DIRECTION ( 'NONE',  ( 1.000000000000000000, 0.000000000000000000, -0.000000000000000000 ) ) ;
#2281 = ORIENTED_EDGE ( 'NONE', *, *, #3249, .F. ) ;
#2282 = CARTESIAN_POINT ( 'NONE',  ( -38.00000000000001421, -18.99999999999999645, 19.00000000000000000 ) ) ;
#2283 = DIRECTION ( 'NONE',  ( 1.000000000000000000, 0.000000000000000000, 0.000000000000000000 ) ) ;
#2284 = VERTEX_POINT ( 'NONE', #2769 ) ;
#2285 = DIRECTION ( 'NONE',  ( 0.9950371902099891530, -0.09950371902099870713, 0.000000000000000000 ) ) ;
#2286 = VERTEX_POINT ( 'NONE', #2556 ) ;
#2287 = EDGE_CURVE ( 'NONE', #2470, #1961, #2253, .T. ) ;
#2288 = EDGE_CURVE ( 'NONE', #3054, #3207, #413, .T. ) ;
#2289 = CARTESIAN_POINT ( 'NONE',  ( 17.93007220376987121, -16.92170225252690230, 7.650212452395305895 ) ) ;
#2290 = DIRECTION ( 'NONE',  ( 0.9950371902099890420, -0.09950371902099994226, 0.000000000000000000 ) ) ;
#2291 = EDGE_CURVE ( 'NONE', #2727, #2286, #1992, .T. ) ;
#2292 = AXIS2_PLACEMENT_3D ( 'NONE', #2691, #431, #3189 ) ;
#2293 = ORIENTED_EDGE ( 'NONE', *, *, #2098, .T. ) ;
#2294 = CARTESIAN_POINT ( 'NONE',  ( 53.00000000000000711, 0.000000000000000000, 12.00000000000000000 ) ) ;
#2295 = EDGE_CURVE ( 'NONE', #3237, #1664, #2987, .T. ) ;
#2296 = DIRECTION ( 'NONE',  ( 1.000000000000000000, 0.000000000000000000, 0.000000000000000000 ) ) ;
#2297 = VERTEX_POINT ( 'NONE', #691 ) ;
#2298 = DIRECTION ( 'NONE',  ( 0.000000000000000000, 0.000000000000000000, -1.000000000000000000 ) ) ;
#2299 = CARTESIAN_POINT ( 'NONE',  ( 19.90049628097900580, 17.89947649146670727, 24.00000000000000000 ) ) ;
#2300 = EDGE_LOOP ( 'NONE', ( #1859, #1592, #1474, #1208 ) ) ;
#2301 = EDGE_CURVE ( 'NONE', #459, #3022, #2006, .T. ) ;
#2302 = CARTESIAN_POINT ( 'NONE',  ( 7.999999999999986677, 19.00000000000000355, 8.000000000000000000 ) ) ;
#2303 = LINE ( 'NONE', #1040, #1681 ) ;
#2304 = EDGE_LOOP ( 'NONE', ( #2467, #2553, #828, #268 ) ) ;
#2305 = EDGE_CURVE ( 'NONE', #2884, #1188, #1768, .T. ) ;
#2306 = CARTESIAN_POINT ( 'NONE',  ( 19.90049628097900580, 17.89947649146670727, 24.00000000000000000 ) ) ;
#2307 = CARTESIAN_POINT ( 'NONE',  ( 17.57608565308551718, 18.21523560585638535, 2.999999999999997335 ) ) ;
#2308 = ORIENTED_EDGE ( 'NONE', *, *, #1600, .F. ) ;
#2309 = DIRECTION ( 'NONE',  ( 1.000000000000000000, 0.000000000000000000, 0.000000000000000000 ) ) ;
#2310 = DIRECTION ( 'NONE',  ( -1.000000000000000000, 0.000000000000000000, 0.000000000000000000 ) ) ;
#2311 = EDGE_CURVE ( 'NONE', #271, #2357, #1261, .T. ) ;
#2312 = AXIS2_PLACEMENT_3D ( 'NONE', #2131, #2891, #2855 ) ;
#2313 =( NAMED_UNIT ( * ) SI_UNIT ( $, .STERADIAN. ) SOLID_ANGLE_UNIT ( ) );
#2314 = AXIS2_PLACEMENT_3D ( 'NONE', #1224, #970, #230 ) ;
#2315 = EDGE_LOOP ( 'NONE', ( #1445, #783, #2390, #2680, #1777, #582 ) ) ;
#2316 = CARTESIAN_POINT ( 'NONE',  ( 10.58312214030802068, -20.94168778596919367, -5.928932188134524495 ) ) ;
#2317 = DIRECTION ( 'NONE',  ( 2.775557561562891351E-16, 1.000000000000000000, -0.000000000000000000 ) ) ;
#2318 = ORIENTED_EDGE ( 'NONE', *, *, #2311, .T. ) ;
#2319 = CARTESIAN_POINT ( 'NONE',  ( 18.74999999999999645, -6.250000000000001776, 19.00000000000000000 ) ) ;
#2320 = EDGE_CURVE ( 'NONE', #392, #1720, #511, .T. ) ;
#2321 = CARTESIAN_POINT ( 'NONE',  ( -1.999999999999991340, 22.00000000000000355, 2.999999999999993339 ) ) ;
#2322 = EDGE_LOOP ( 'NONE', ( #2194, #1694, #3, #1879 ) ) ;
#2323 = EDGE_LOOP ( 'NONE', ( #1316, #664, #1168, #1893 ) ) ;
#2324 = AXIS2_PLACEMENT_3D ( 'NONE', #1155, #2993, #127 ) ;
#2325 = VECTOR ( 'NONE', #274, 1000.000000000000114 ) ;
#2326 = CARTESIAN_POINT ( 'NONE',  ( -38.00000000000001421, 3.469446951953614189E-15, 23.50000000000003553 ) ) ;
#2327 = CARTESIAN_POINT ( 'NONE',  ( -38.00000000000001421, 3.469446951953614189E-15, 24.00000000000000000 ) ) ;
#2328 = ORIENTED_EDGE ( 'NONE', *, *, #723, .F. ) ;
#2329 = DIRECTION ( 'NONE',  ( -0.7071067811865451302, -1.680376093444430060E-16, 0.7071067811865500152 ) ) ;
#2330 = DIRECTION ( 'NONE',  ( -0.000000000000000000, -1.000000000000000000, -0.000000000000000000 ) ) ;
#2331 = B_SPLINE_CURVE_WITH_KNOTS ( 'NONE', 3,
 ( #3223, #881, #1939, #1672, #928, #2969, #3162, #153, #1150, #2475, #1645, #677, #628, #896 ),
 .UNSPECIFIED., .F., .F.,
 ( 4, 2, 2, 2, 2, 2, 4 ),
 ( 0.000000000000000000, 0.0008396608250969765219, 0.001259491237645458820, 0.001679321650193941117, 0.002099152062742423198, 0.002518982475290906797, 0.003358643300387873128 ),
 .UNSPECIFIED. ) ;
#2332 = EDGE_CURVE ( 'NONE', #13, #2454, #2036, .T. ) ;
#2333 = ORIENTED_EDGE ( 'NONE', *, *, #2741, .F. ) ;
#2334 = CARTESIAN_POINT ( 'NONE',  ( -38.00000000000001421, 19.90000000000000213, 24.00000000000000000 ) ) ;
#2335 = CARTESIAN_POINT ( 'NONE',  ( -38.00000000000000000, -20.89999999999999503, 24.00000000000000000 ) ) ;
#2336 = DIRECTION ( 'NONE',  ( 0.000000000000000000, 1.000000000000000000, 0.000000000000000000 ) ) ;
#2337 = EDGE_LOOP ( 'NONE', ( #1013, #1096 ) ) ;
#2338 = CARTESIAN_POINT ( 'NONE',  ( -43.74999999999999289, 0.000000000000000000, 0.000000000000000000 ) ) ;
#2339 = DIRECTION ( 'NONE',  ( 0.9950371902099891530, 0.09950371902099880428, 1.252824948382694440E-16 ) ) ;
#2340 = ADVANCED_FACE ( 'NONE', ( #2492 ), #3293, .T. ) ;
#2341 = CARTESIAN_POINT ( 'NONE',  ( -38.00000000000001421, -21.99999999999999645, 11.00000000000000000 ) ) ;
#2342 = ORIENTED_EDGE ( 'NONE', *, *, #453, .T. ) ;
#2343 = ORIENTED_EDGE ( 'NONE', *, *, #903, .F. ) ;
#2344 = CARTESIAN_POINT ( 'NONE',  ( 7.999999999999986677, -18.99999999999999289, 8.000000000000000000 ) ) ;
#2345 = CYLINDRICAL_SURFACE ( 'NONE', #715, 19.00000000000000355 ) ;
#2346 = ORIENTED_EDGE ( 'NONE', *, *, #1366, .T. ) ;
#2347 = CARTESIAN_POINT ( 'NONE',  ( 57.00000000000000711, 13.50000000000000000, 4.399999999999995026 ) ) ;
#2348 = CIRCLE ( 'NONE', #789, 1.100000000000001199 ) ;
#2349 = CARTESIAN_POINT ( 'NONE',  ( 13.49751859510499230, -20.65024814048949509, 1.583029336846314417 ) ) ;
#2350 = ORIENTED_EDGE ( 'NONE', *, *, #616, .T. ) ;
#2351 = FACE_OUTER_BOUND ( 'NONE', #1522, .T. ) ;
#2352 = CARTESIAN_POINT ( 'NONE',  ( -38.00000000000001421, 19.90000000000000213, 23.50000000000003553 ) ) ;
#2353 = CARTESIAN_POINT ( 'NONE',  ( -38.00000000000000000, -19.89999999999999503, 19.00000000000000000 ) ) ;
#2354 = CARTESIAN_POINT ( 'NONE',  ( 53.89999999999999858, 15.50451368167670552, 23.50000000000000000 ) ) ;
#2355 = LINE ( 'NONE', #989, #2370 ) ;
#2356 = FACE_OUTER_BOUND ( 'NONE', #2185, .T. ) ;
#2357 = VERTEX_POINT ( 'NONE', #1569 ) ;
#2358 = EDGE_LOOP ( 'NONE', ( #793, #2407, #1291, #913 ) ) ;
#2359 = LINE ( 'NONE', #1098, #1773 ) ;
#2360 = CARTESIAN_POINT ( 'NONE',  ( -38.00000000000001421, 3.469446951953614189E-15, 24.00000000000000000 ) ) ;
#2361 = ORIENTED_EDGE ( 'NONE', *, *, #770, .F. ) ;
#2362 = DIRECTION ( 'NONE',  ( -1.000000000000000000, 0.000000000000000000, 0.000000000000000000 ) ) ;
#2363 = DIRECTION ( 'NONE',  ( 0.000000000000000000, -1.334402673828313832E-16, -1.000000000000000000 ) ) ;
#2364 = ORIENTED_EDGE ( 'NONE', *, *, #3152, .F. ) ;
#2365 = DIRECTION ( 'NONE',  ( 0.000000000000000000, -1.000000000000000000, 0.000000000000000000 ) ) ;
#2366 = CARTESIAN_POINT ( 'NONE',  ( 36.82283385132351583, -0.04989072100302499591, 40.57716614867648275 ) ) ;
#2367 = DIRECTION ( 'NONE',  ( 1.334402673828313339E-16, 4.336808689942016750E-16, -1.000000000000000000 ) ) ;
#2368 = CIRCLE ( 'NONE', #2312, 9.000000000000001776 ) ;
#2369 = DIRECTION ( 'NONE',  ( -1.000000000000000000, 0.000000000000000000, 0.000000000000000000 ) ) ;
#2370 = VECTOR ( 'NONE', #2339, 1000.000000000000114 ) ;
#2371 = DIRECTION ( 'NONE',  ( -1.000000000000000000, -0.000000000000000000, -0.000000000000000000 ) ) ;
#2372 = FACE_OUTER_BOUND ( 'NONE', #921, .T. ) ;
#2373 = ORIENTED_EDGE ( 'NONE', *, *, #2921, .F. ) ;
#2374 = VERTEX_POINT ( 'NONE', #830 ) ;
#2375 = PLANE ( 'NONE',  #2149 ) ;
#2376 = DIRECTION ( 'NONE',  ( 0.000000000000000000, 0.000000000000000000, 1.000000000000000000 ) ) ;
#2377 = EDGE_CURVE ( 'NONE', #808, #486, #279, .T. ) ;
#2378 = CIRCLE ( 'NONE', #819, 1.399999999999999911 ) ;
#2379 = DIRECTION ( 'NONE',  ( 1.000000000000000000, 0.000000000000000000, 0.000000000000000000 ) ) ;
#2380 = AXIS2_PLACEMENT_3D ( 'NONE', #2963, #3170, #1396 ) ;
#2381 = AXIS2_PLACEMENT_3D ( 'NONE', #532, #284, #1809 ) ;
#2382 = DIRECTION ( 'NONE',  ( -0.9578262852211505418, 0.2873478855663482712, -2.524298763222747107E-16 ) ) ;
#2383 = VECTOR ( 'NONE', #326, 1000.000000000000000 ) ;
#2384 = ORIENTED_EDGE ( 'NONE', *, *, #1591, .F. ) ;
#2385 = LINE ( 'NONE', #2667, #890 ) ;
#2386 = CARTESIAN_POINT ( 'NONE',  ( 20.00000000000000355, 18.89451368167669543, 24.00000000000000000 ) ) ;
#2387 = CARTESIAN_POINT ( 'NONE',  ( 49.00000000000000711, 22.00000000000000355, -0.9999999999999986677 ) ) ;
#2388 = CIRCLE ( 'NONE', #2858, 5.999999999999998224 ) ;
#2389 = FACE_OUTER_BOUND ( 'NONE', #1585, .T. ) ;
#2390 = ORIENTED_EDGE ( 'NONE', *, *, #1447, .T. ) ;
#2391 = VERTEX_POINT ( 'NONE', #57 ) ;
#2392 = DIRECTION ( 'NONE',  ( 1.119176436114069332E-16, -0.000000000000000000, -1.000000000000000000 ) ) ;
#2393 = DIRECTION ( 'NONE',  ( 1.000000000000000000, 0.000000000000000000, 0.000000000000000000 ) ) ;
#2394 = VERTEX_POINT ( 'NONE', #2075 ) ;
#2395 = FACE_OUTER_BOUND ( 'NONE', #141, .T. ) ;
#2396 = ADVANCED_FACE ( 'NONE', ( #590 ), #3125, .F. ) ;
#2397 = PLANE ( 'NONE',  #2381 ) ;
#2398 = VECTOR ( 'NONE', #1997, 1000.000000000000000 ) ;
#2399 = EDGE_CURVE ( 'NONE', #2437, #529, #2359, .T. ) ;
#2400 = VERTEX_POINT ( 'NONE', #2869 ) ;
#2401 = DIRECTION ( 'NONE',  ( -0.000000000000000000, -0.000000000000000000, 1.000000000000000000 ) ) ;
#2402 = CARTESIAN_POINT ( 'NONE',  ( 53.00000000000000711, 4.000000000000016875, 5.500000000000000000 ) ) ;
#2403 = CYLINDRICAL_SURFACE ( 'NONE', #2438, 5.000000000000000888 ) ;
#2404 = EDGE_CURVE ( 'NONE', #1654, #1508, #2887, .T. ) ;
#2405 = CARTESIAN_POINT ( 'NONE',  ( 17.86088011974687717, -17.29161538588983404, 3.164028499301559716 ) ) ;
#2406 = ORIENTED_EDGE ( 'NONE', *, *, #1947, .T. ) ;
#2407 = ORIENTED_EDGE ( 'NONE', *, *, #911, .T. ) ;
#2408 = FACE_OUTER_BOUND ( 'NONE', #833, .T. ) ;
#2409 = EDGE_LOOP ( 'NONE', ( #2145, #873 ) ) ;
#2410 = FACE_OUTER_BOUND ( 'NONE', #1041, .T. ) ;
#2411 = DIRECTION ( 'NONE',  ( -0.9950371902099891530, -0.09950371902099880428, 0.000000000000000000 ) ) ;
#2412 = VERTEX_POINT ( 'NONE', #1622 ) ;
#2413 = PLANE ( 'NONE',  #315 ) ;
#2414 = EDGE_CURVE ( 'NONE', #1429, #1462, #811, .T. ) ;
#2415 = CARTESIAN_POINT ( 'NONE',  ( -1.980198019801972853, -22.19801980198018754, 7.999999999999996447 ) ) ;
#2416 = CARTESIAN_POINT ( 'NONE',  ( -38.00000000000000000, -19.89999999999999503, 24.00000000000000000 ) ) ;
#2417 =( BOUNDED_CURVE ( )  B_SPLINE_CURVE ( 3, ( #351, #566, #111, #865 ),
 .UNSPECIFIED., .F., .T. ) 
 B_SPLINE_CURVE_WITH_KNOTS ( ( 4, 4 ),
 ( 3.522414157548108715, 3.893994412546302630 ),
 .UNSPECIFIED. ) 
 CURVE ( )  GEOMETRIC_REPRESENTATION_ITEM ( )  RATIONAL_B_SPLINE_CURVE ( ( 1.000000000000000000, 0.9885270684043969691, 0.9885270684043969691, 1.000000000000000000 ) ) 
 REPRESENTATION_ITEM ( '' )  );
#2418 = VECTOR ( 'NONE', #1860, 1000.000000000000114 ) ;
#2419 = DIRECTION ( 'NONE',  ( 1.119176436114069332E-16, -0.000000000000000000, -1.000000000000000000 ) ) ;
#2420 = VERTEX_POINT ( 'NONE', #1873 ) ;
#2421 = ADVANCED_FACE ( 'NONE', ( #2129 ), #3068, .F. ) ;
#2422 = EDGE_LOOP ( 'NONE', ( #1999, #2997, #135, #1642 ) ) ;
#2423 = CIRCLE ( 'NONE', #388, 1.100000000000001199 ) ;
#2424 = CIRCLE ( 'NONE', #130, 20.89999999999999858 ) ;
#2425 = EDGE_LOOP ( 'NONE', ( #2790, #3076, #1674, #1073, #2764 ) ) ;
#2426 = DIRECTION ( 'NONE',  ( 1.000000000000000000, 0.000000000000000000, 0.000000000000000000 ) ) ;
#2427 = CARTESIAN_POINT ( 'NONE',  ( 57.00000000000000711, 13.50000000000000000, 5.499999999999996447 ) ) ;
#2428 = LINE ( 'NONE', #2696, #2899 ) ;
#2429 = EDGE_LOOP ( 'NONE', ( #1908, #1516, #2029, #899, #962 ) ) ;
#2430 = VERTEX_POINT ( 'NONE', #2091 ) ;
#2431 = VECTOR ( 'NONE', #1011, 1000.000000000000000 ) ;
#2432 = DIRECTION ( 'NONE',  ( -1.000000000000000000, -0.000000000000000000, -0.000000000000000000 ) ) ;
#2433 = DIRECTION ( 'NONE',  ( 1.259073490628327937E-16, 0.000000000000000000, -1.000000000000000000 ) ) ;
#2434 = EDGE_CURVE ( 'NONE', #3203, #1646, #1604, .T. ) ;
#2435 = CARTESIAN_POINT ( 'NONE',  ( 17.99902735237054330, -16.12358010629841942, 4.308788962135084333 ) ) ;
#2436 = ORIENTED_EDGE ( 'NONE', *, *, #2025, .T. ) ;
#2437 = VERTEX_POINT ( 'NONE', #847 ) ;
#2438 = AXIS2_PLACEMENT_3D ( 'NONE', #1661, #1360, #871 ) ;
#2439 = ADVANCED_FACE ( 'NONE', ( #1277 ), #2852, .F. ) ;
#2440 = DIRECTION ( 'NONE',  ( -0.000000000000000000, -0.000000000000000000, 1.000000000000000000 ) ) ;
#2441 = VERTEX_POINT ( 'NONE', #1078 ) ;
#2442 = FACE_OUTER_BOUND ( 'NONE', #2304, .T. ) ;
#2443 = DIRECTION ( 'NONE',  ( -1.000000000000000000, -0.000000000000000000, -0.000000000000000000 ) ) ;
#2444 = ADVANCED_FACE ( 'NONE', ( #578 ), #1934, .F. ) ;
#2445 = DIRECTION ( 'NONE',  ( 1.826024711554534160E-16, -1.000000000000000000, 0.000000000000000000 ) ) ;
#2446 = ORIENTED_EDGE ( 'NONE', *, *, #2980, .F. ) ;
#2447 = ORIENTED_EDGE ( 'NONE', *, *, #632, .F. ) ;
#2448 =( LENGTH_UNIT ( ) NAMED_UNIT ( * ) SI_UNIT ( .MILLI., .METRE. ) );
#2449 = CYLINDRICAL_SURFACE ( 'NONE', #1243, 5.000000000000000000 ) ;
#2450 = FACE_OUTER_BOUND ( 'NONE', #258, .T. ) ;
#2451 = VECTOR ( 'NONE', #631, 1000.000000000000000 ) ;
#2452 = EDGE_CURVE ( 'NONE', #2532, #2254, #2686, .T. ) ;
#2453 = LINE ( 'NONE', #1363, #2957 ) ;
#2454 = VERTEX_POINT ( 'NONE', #2344 ) ;
#2455 = AXIS2_PLACEMENT_3D ( 'NONE', #704, #1707, #1210 ) ;
#2456 = ORIENTED_EDGE ( 'NONE', *, *, #522, .T. ) ;
#2457 = ADVANCED_FACE ( 'NONE', ( #317 ), #2375, .F. ) ;
#2458 = LINE ( 'NONE', #2223, #1214 ) ;
#2459 = FACE_BOUND ( 'NONE', #2425, .T. ) ;
#2460 = CARTESIAN_POINT ( 'NONE',  ( 1.270545709182997360E-15, -5.000000000000000000, 0.000000000000000000 ) ) ;
#2461 = DIRECTION ( 'NONE',  ( -0.9950371902099891530, -0.09950371902099872101, 0.000000000000000000 ) ) ;
#2462 = ORIENTED_EDGE ( 'NONE', *, *, #91, .T. ) ;
#2463 = ORIENTED_EDGE ( 'NONE', *, *, #790, .F. ) ;
#2464 = DIRECTION ( 'NONE',  ( 1.000000000000000000, 0.000000000000000000, 0.000000000000000000 ) ) ;
#2465 = CARTESIAN_POINT ( 'NONE',  ( 1.680699226677180969, -16.80699226677182878, -8.000000000000000000 ) ) ;
#2466 = DIRECTION ( 'NONE',  ( -0.000000000000000000, 0.000000000000000000, 1.000000000000000000 ) ) ;
#2467 = ORIENTED_EDGE ( 'NONE', *, *, #3124, .F. ) ;
#2468 = CYLINDRICAL_SURFACE ( 'NONE', #1194, 2.000000000000000000 ) ;
#2469 = ORIENTED_EDGE ( 'NONE', *, *, #168, .T. ) ;
#2470 = VERTEX_POINT ( 'NONE', #527 ) ;
#2471 = CYLINDRICAL_SURFACE ( 'NONE', #2455, 3.750000000000000000 ) ;
#2472 = VECTOR ( 'NONE', #3142, 1000.000000000000000 ) ;
#2473 = AXIS2_PLACEMENT_3D ( 'NONE', #1673, #1406, #3116 ) ;
#2474 = DIRECTION ( 'NONE',  ( 0.000000000000000000, 0.000000000000000000, 1.000000000000000000 ) ) ;
#2475 = CARTESIAN_POINT ( 'NONE',  ( 17.99211826989536434, 16.31938868233175199, 3.931686762834791349 ) ) ;
#2476 = FACE_OUTER_BOUND ( 'NONE', #1490, .T. ) ;
#2477 = EDGE_LOOP ( 'NONE', ( #1651, #1925 ) ) ;
#2478 = ORIENTED_EDGE ( 'NONE', *, *, #2779, .T. ) ;
#2479 = CYLINDRICAL_SURFACE ( 'NONE', #1160, 1.100000000000001199 ) ;
#2480 = DIRECTION ( 'NONE',  ( -3.154042683594195121E-16, 1.000000000000000000, -0.000000000000000000 ) ) ;
#2481 = DIRECTION ( 'NONE',  ( -1.734723475976807094E-15, 1.000000000000000000, 4.336808689942017736E-16 ) ) ;
#2482 = CIRCLE ( 'NONE', #2747, 9.000000000000001776 ) ;
#2483 = VERTEX_POINT ( 'NONE', #1022 ) ;
#2484 = AXIS2_PLACEMENT_3D ( 'NONE', #1545, #52, #539 ) ;
#2485 = LINE ( 'NONE', #967, #1869 ) ;
#2486 = ORIENTED_EDGE ( 'NONE', *, *, #148, .F. ) ;
#2487 = AXIS2_PLACEMENT_3D ( 'NONE', #581, #551, #2595 ) ;
#2488 = VERTEX_POINT ( 'NONE', #2110 ) ;
#2489 = VECTOR ( 'NONE', #3185, 1000.000000000000000 ) ;
#2490 = CARTESIAN_POINT ( 'NONE',  ( -38.00000000000000000, -19.89999999999999503, 24.00000000000000000 ) ) ;
#2491 = DIRECTION ( 'NONE',  ( -0.000000000000000000, 0.000000000000000000, 1.000000000000000000 ) ) ;
#2492 = FACE_OUTER_BOUND ( 'NONE', #2609, .T. ) ;
#2493 = CARTESIAN_POINT ( 'NONE',  ( -1.999999999999991340, -21.99999999999999289, -2.668805347656626876E-15 ) ) ;
#2494 = EDGE_LOOP ( 'NONE', ( #1804, #1268, #397, #2786 ) ) ;
#2495 = LINE ( 'NONE', #681, #3081 ) ;
#2496 = DIRECTION ( 'NONE',  ( 0.09950371902100681176, -0.9950371902099883759, 0.000000000000000000 ) ) ;
#2497 = EDGE_CURVE ( 'NONE', #1931, #938, #1620, .T. ) ;
#2498 = VERTEX_POINT ( 'NONE', #1293 ) ;
#2499 = DIRECTION ( 'NONE',  ( -1.119176436114069085E-16, 0.000000000000000000, 1.000000000000000000 ) ) ;
#2500 = EDGE_LOOP ( 'NONE', ( #445, #3171 ) ) ;
#2501 = FACE_OUTER_BOUND ( 'NONE', #286, .T. ) ;
#2502 = VECTOR ( 'NONE', #1425, 1000.000000000000000 ) ;
#2503 = EDGE_CURVE ( 'NONE', #1664, #3219, #2737, .T. ) ;
#2504 = EDGE_CURVE ( 'NONE', #1588, #466, #2140, .T. ) ;
#2505 = AXIS2_PLACEMENT_3D ( 'NONE', #2777, #2000, #458 ) ;
#2506 = CARTESIAN_POINT ( 'NONE',  ( -6.938893903907228378E-15, 21.99999999999999289, 7.403035229483910129 ) ) ;
#2507 = CARTESIAN_POINT ( 'NONE',  ( 55.00000000000000711, -14.41860260878449296, -7.999999999999998224 ) ) ;
#2508 = CARTESIAN_POINT ( 'NONE',  ( 1.072827087126628776, -21.77202798560779584, 3.502643371504765124 ) ) ;
#2509 = CARTESIAN_POINT ( 'NONE',  ( 54.99999999999999289, 13.50000000000000000, 5.499999999999996447 ) ) ;
#2510 = ORIENTED_EDGE ( 'NONE', *, *, #2746, .T. ) ;
#2511 = DIRECTION ( 'NONE',  ( 0.000000000000000000, -1.000000000000000000, -2.891205793294677833E-16 ) ) ;
#2512 = LINE ( 'NONE', #726, #708 ) ;
#2513 = ORIENTED_EDGE ( 'NONE', *, *, #1718, .F. ) ;
#2514 = ADVANCED_FACE ( 'NONE', ( #108 ), #1114, .F. ) ;
#2515 = LINE ( 'NONE', #1481, #3254 ) ;
#2516 = ORIENTED_EDGE ( 'NONE', *, *, #2035, .F. ) ;
#2517 = LINE ( 'NONE', #2302, #1020 ) ;
#2518 = EDGE_CURVE ( 'NONE', #3237, #2613, #495, .T. ) ;
#2519 = ORIENTED_EDGE ( 'NONE', *, *, #650, .T. ) ;
#2520 = FACE_OUTER_BOUND ( 'NONE', #939, .T. ) ;
#2521 = AXIS2_PLACEMENT_3D ( 'NONE', #2820, #2329, #265 ) ;
#2522 = DIRECTION ( 'NONE',  ( 0.000000000000000000, -1.000000000000000000, 0.000000000000000000 ) ) ;
#2523 = PLANE ( 'NONE',  #469 ) ;
#2524 = ORIENTED_EDGE ( 'NONE', *, *, #707, .F. ) ;
#2525 = VECTOR ( 'NONE', #3004, 1000.000000000000000 ) ;
#2526 = CARTESIAN_POINT ( 'NONE',  ( -38.00000000000000000, -19.89999999999999503, 23.50000000000003553 ) ) ;
#2527 = PLANE ( 'NONE',  #1092 ) ;
#2528 = ORIENTED_EDGE ( 'NONE', *, *, #1371, .T. ) ;
#2529 = FACE_OUTER_BOUND ( 'NONE', #3100, .T. ) ;
#2530 = EDGE_CURVE ( 'NONE', #2604, #644, #1264, .T. ) ;
#2531 = DIRECTION ( 'NONE',  ( 2.376410661236640319E-16, -1.000000000000000000, 0.000000000000000000 ) ) ;
#2532 = VERTEX_POINT ( 'NONE', #2575 ) ;
#2533 = CARTESIAN_POINT ( 'NONE',  ( -3.999999999999989786, 10.49999999999999822, 2.000000000000000000 ) ) ;
#2534 = AXIS2_PLACEMENT_3D ( 'NONE', #2012, #468, #2296 ) ;
#2535 = AXIS2_PLACEMENT_3D ( 'NONE', #872, #2918, #1662 ) ;
#2536 = ADVANCED_FACE ( 'NONE', ( #3040 ), #1492, .F. ) ;
#2537 = VECTOR ( 'NONE', #2363, 1000.000000000000000 ) ;
#2538 = ORIENTED_EDGE ( 'NONE', *, *, #2497, .F. ) ;
#2539 = EDGE_CURVE ( 'NONE', #1994, #3203, #742, .T. ) ;
#2540 = CARTESIAN_POINT ( 'NONE',  ( 17.94689744768425754, -16.80379050849031231, 7.570669349971200113 ) ) ;
#2541 = FACE_OUTER_BOUND ( 'NONE', #2034, .T. ) ;
#2542 = EDGE_LOOP ( 'NONE', ( #2834, #1456, #3204, #2965 ) ) ;
#2543 = AXIS2_PLACEMENT_3D ( 'NONE', #3233, #1460, #935 ) ;
#2544 = DIRECTION ( 'NONE',  ( 0.000000000000000000, 1.000000000000000000, 0.000000000000000000 ) ) ;
#2545 = ADVANCED_FACE ( 'NONE', ( #1771 ), #2262, .F. ) ;
#2546 = DIRECTION ( 'NONE',  ( 0.000000000000000000, -0.000000000000000000, -1.000000000000000000 ) ) ;
#2547 = EDGE_LOOP ( 'NONE', ( #1532, #3194, #2958, #2854 ) ) ;
#2548 = DIRECTION ( 'NONE',  ( 0.000000000000000000, 0.000000000000000000, 1.000000000000000000 ) ) ;
#2549 = CARTESIAN_POINT ( 'NONE',  ( -38.00000000000001421, -18.99999999999999645, 19.00000000000000000 ) ) ;
#2550 = VERTEX_POINT ( 'NONE', #2526 ) ;
#2551 = DIRECTION ( 'NONE',  ( 1.000000000000000000, 0.000000000000000000, 0.000000000000000000 ) ) ;
#2552 = ADVANCED_FACE ( 'NONE', ( #1786 ), #1760, .T. ) ;
#2553 = ORIENTED_EDGE ( 'NONE', *, *, #1260, .T. ) ;
#2554 = EDGE_CURVE ( 'NONE', #381, #1872, #3281, .T. ) ;
#2555 = EDGE_CURVE ( 'NONE', #2483, #2823, #2656, .T. ) ;
#2556 = CARTESIAN_POINT ( 'NONE',  ( -38.00000000000001421, 19.00000000000000355, 19.00000000000000000 ) ) ;
#2557 = CARTESIAN_POINT ( 'NONE',  ( 49.00000000000000711, 13.50000000000000000, 4.399999999999995026 ) ) ;
#2558 = ORIENTED_EDGE ( 'NONE', *, *, #102, .F. ) ;
#2559 = FACE_OUTER_BOUND ( 'NONE', #2001, .T. ) ;
#2560 = EDGE_CURVE ( 'NONE', #2767, #1462, #2061, .T. ) ;
#2561 = CARTESIAN_POINT ( 'NONE',  ( 18.42875486424574660, 1.842875486424722764, 24.00000000000000000 ) ) ;
#2562 = SHAPE_DEFINITION_REPRESENTATION ( #1143, #732 ) ;
#2563 = ORIENTED_EDGE ( 'NONE', *, *, #2377, .T. ) ;
#2564 = CARTESIAN_POINT ( 'NONE',  ( 11.16451491018447228, -20.33480882133385492, 1.271235795762057474 ) ) ;
#2565 = FACE_OUTER_BOUND ( 'NONE', #3273, .T. ) ;
#2566 = ORIENTED_EDGE ( 'NONE', *, *, #3138, .T. ) ;
#2567 = DIRECTION ( 'NONE',  ( 1.000000000000000000, 0.000000000000000000, 0.000000000000000000 ) ) ;
#2568 = CARTESIAN_POINT ( 'NONE',  ( 55.00000000000000000, 16.50000000000000355, -3.000000000000000000 ) ) ;
#2569 = VERTEX_POINT ( 'NONE', #993 ) ;
#2570 = ORIENTED_EDGE ( 'NONE', *, *, #1064, .F. ) ;
#2571 = EDGE_CURVE ( 'NONE', #1408, #1628, #1288, .T. ) ;
#2572 = DIRECTION ( 'NONE',  ( 1.000000000000000000, 0.000000000000000000, 0.000000000000000000 ) ) ;
#2573 = CARTESIAN_POINT ( 'NONE',  ( 8.178740849306347371, -16.99999999999999289, 0.000000000000000000 ) ) ;
#2574 = EDGE_LOOP ( 'NONE', ( #305, #2566 ) ) ;
#2575 = CARTESIAN_POINT ( 'NONE',  ( -38.00000000000001421, -16.99999999999999289, 0.000000000000000000 ) ) ;
#2576 = VECTOR ( 'NONE', #2392, 1000.000000000000000 ) ;
#2577 = CARTESIAN_POINT ( 'NONE',  ( 8.000000000000000000, 15.67506218943954721, -8.000000000000000000 ) ) ;
#2578 = AXIS2_PLACEMENT_3D ( 'NONE', #3299, #3285, #2030 ) ;
#2579 = AXIS2_PLACEMENT_3D ( 'NONE', #1229, #1472, #3211 ) ;
#2580 = EDGE_CURVE ( 'NONE', #70, #1187, #283, .T. ) ;
#2581 = EDGE_LOOP ( 'NONE', ( #2717, #1253, #1147 ) ) ;
#2582 = CARTESIAN_POINT ( 'NONE',  ( 10.64377120430140167, -20.09438680420888801, 1.069427182764551398 ) ) ;
#2583 = CARTESIAN_POINT ( 'NONE',  ( 32.91816741430205440, -3.099999999999986322, 5.500000000000000888 ) ) ;
#2584 = ORIENTED_EDGE ( 'NONE', *, *, #1039, .T. ) ;
#2585 = CARTESIAN_POINT ( 'NONE',  ( 55.00000000000000711, -11.47506218943955147, -8.000000000000000000 ) ) ;
#2586 = PLANE ( 'NONE',  #2104 ) ;
#2587 = DIRECTION ( 'NONE',  ( 0.09950371902099872101, 0.9950371902099892640, 0.000000000000000000 ) ) ;
#2588 = ORIENTED_EDGE ( 'NONE', *, *, #3132, .F. ) ;
#2589 = ORIENTED_EDGE ( 'NONE', *, *, #3173, .T. ) ;
#2590 = AXIS2_PLACEMENT_3D ( 'NONE', #225, #253, #712 ) ;
#2591 = DIRECTION ( 'NONE',  ( -0.9950371902099891530, 0.09950371902099870713, 0.000000000000000000 ) ) ;
#2592 = DIRECTION ( 'NONE',  ( 0.9950371902099891530, -0.09950371902099867938, 0.000000000000000000 ) ) ;
#2593 = EDGE_LOOP ( 'NONE', ( #1902, #1539, #1617, #2519 ) ) ;
#2594 = CARTESIAN_POINT ( 'NONE',  ( 7.999999999999986677, 18.99999999999999645, 19.00000000000000355 ) ) ;
#2595 = DIRECTION ( 'NONE',  ( 0.09950371902099994226, 0.9950371902099890420, -0.000000000000000000 ) ) ;
#2596 = AXIS2_PLACEMENT_3D ( 'NONE', #2156, #3174, #1386 ) ;
#2597 = EDGE_LOOP ( 'NONE', ( #3280, #2584, #687, #2446, #621, #877, #193, #335, #853, #3057, #53, #2706 ) ) ;
#2598 = CARTESIAN_POINT ( 'NONE',  ( 53.00000000000000711, 4.000000000000016875, 5.500000000000000000 ) ) ;
#2599 = CARTESIAN_POINT ( 'NONE',  ( 49.00000000000000711, 22.00000000000000355, 12.00000000000000000 ) ) ;
#2600 = CARTESIAN_POINT ( 'NONE',  ( 9.537837682373911719, 20.62670999706989505, 2.999999999999995115 ) ) ;
#2601 = DIRECTION ( 'NONE',  ( 0.000000000000000000, 0.000000000000000000, 1.000000000000000000 ) ) ;
#2602 = FACE_OUTER_BOUND ( 'NONE', #1223, .T. ) ;
#2603 = FACE_OUTER_BOUND ( 'NONE', #1178, .T. ) ;
#2604 = VERTEX_POINT ( 'NONE', #2773 ) ;
#2605 = ORIENTED_EDGE ( 'NONE', *, *, #741, .F. ) ;
#2606 = EDGE_CURVE ( 'NONE', #827, #2697, #1280, .T. ) ;
#2607 = CARTESIAN_POINT ( 'NONE',  ( -38.00000000000001421, 3.469446951953614189E-15, 0.000000000000000000 ) ) ;
#2608 = CYLINDRICAL_SURFACE ( 'NONE', #3184, 21.99999999999999289 ) ;
#2609 = EDGE_LOOP ( 'NONE', ( #482, #1383, #2264, #3014 ) ) ;
#2610 =( GEOMETRIC_REPRESENTATION_CONTEXT ( 3 ) GLOBAL_UNCERTAINTY_ASSIGNED_CONTEXT ( ( #1381 ) ) GLOBAL_UNIT_ASSIGNED_CONTEXT ( ( #1440, #3009, #2959 ) ) REPRESENTATION_CONTEXT ( 'NONE', 'WORKASPACE' ) );
#2611 = DIRECTION ( 'NONE',  ( 1.000000000000000000, -0.000000000000000000, -0.000000000000000000 ) ) ;
#2612 = CARTESIAN_POINT ( 'NONE',  ( -38.00000000000000000, -19.89999999999999503, 19.00000000000000000 ) ) ;
#2613 = VERTEX_POINT ( 'NONE', #1250 ) ;
#2614 = CYLINDRICAL_SURFACE ( 'NONE', #942, 5.000000000000000888 ) ;
#2615 = DIRECTION ( 'NONE',  ( 0.000000000000000000, 0.000000000000000000, 1.000000000000000000 ) ) ;
#2616 = LINE ( 'NONE', #1541, #2912 ) ;
#2617 = FACE_OUTER_BOUND ( 'NONE', #2731, .T. ) ;
#2618 = ADVANCED_FACE ( 'NONE', ( #2559 ), #1009, .T. ) ;
#2619 = CARTESIAN_POINT ( 'NONE',  ( 20.00000000000000355, 18.89451368167669543, 23.50000000000000000 ) ) ;
#2620 = CARTESIAN_POINT ( 'NONE',  ( -1.980198019801972853, 22.19801980198018754, 2.999999999999993339 ) ) ;
#2621 = ORIENTED_EDGE ( 'NONE', *, *, #2606, .T. ) ;
#2622 = ORIENTED_EDGE ( 'NONE', *, *, #2980, .T. ) ;
#2623 = DIRECTION ( 'NONE',  ( 1.000000000000000000, 0.000000000000000000, 0.000000000000000000 ) ) ;
#2624 = DIRECTION ( 'NONE',  ( 0.6319334885835700133, 0.5170364906592839205, 0.5773502691896238437 ) ) ;
#2625 = ORIENTED_EDGE ( 'NONE', *, *, #3124, .T. ) ;
#2626 = DIRECTION ( 'NONE',  ( 0.000000000000000000, 0.000000000000000000, -1.000000000000000000 ) ) ;
#2627 = CARTESIAN_POINT ( 'NONE',  ( 20.00000000000000355, 18.89451368167669543, 19.00000000000000000 ) ) ;
#2628 = ORIENTED_EDGE ( 'NONE', *, *, #2098, .F. ) ;
#2629 = DIRECTION ( 'NONE',  ( -0.9950371902099891530, -0.09950371902099872101, 0.000000000000000000 ) ) ;
#2630 = LINE ( 'NONE', #2366, #1780 ) ;
#2631 = CARTESIAN_POINT ( 'NONE',  ( -38.16598852988524015, -20.06598852988523518, 23.66598852988527213 ) ) ;
#2632 = AXIS2_PLACEMENT_3D ( 'NONE', #3049, #755, #3084 ) ;
#2633 = CARTESIAN_POINT ( 'NONE',  ( 18.00000000000001066, -16.00000000000000000, 7.999999999999998224 ) ) ;
#2634 = AXIS2_PLACEMENT_3D ( 'NONE', #3259, #3031, #735 ) ;
#2635 = CARTESIAN_POINT ( 'NONE',  ( 17.57608565308551718, -18.21523560585638535, 2.999999999999997335 ) ) ;
#2636 = ORIENTED_EDGE ( 'NONE', *, *, #1028, .T. ) ;
#2637 = ORIENTED_EDGE ( 'NONE', *, *, #408, .T. ) ;
#2638 = EDGE_CURVE ( 'NONE', #1978, #2823, #1275, .T. ) ;
#2639 = CARTESIAN_POINT ( 'NONE',  ( -6.938893903907228378E-15, 21.99999999999999289, -8.000000000000000000 ) ) ;
#2640 = CARTESIAN_POINT ( 'NONE',  ( -34.74999999999998579, 0.000000000000000000, 2.000000000000000000 ) ) ;
#2641 = ADVANCED_FACE ( 'NONE', ( #3296 ), #1523, .F. ) ;
#2642 = EDGE_CURVE ( 'NONE', #59, #589, #206, .T. ) ;
#2643 = ORIENTED_EDGE ( 'NONE', *, *, #850, .T. ) ;
#2644 = VECTOR ( 'NONE', #2961, 1000.000000000000000 ) ;
#2645 = CARTESIAN_POINT ( 'NONE',  ( 17.93029655713486292, 16.92031137595149914, 7.649374571328491079 ) ) ;
#2646 = VECTOR ( 'NONE', #2883, 1000.000000000000000 ) ;
#2647 = AXIS2_PLACEMENT_3D ( 'NONE', #2118, #2382, #1047 ) ;
#2648 = DIRECTION ( 'NONE',  ( -0.000000000000000000, -0.000000000000000000, -1.000000000000000000 ) ) ;
#2649 = ORIENTED_EDGE ( 'NONE', *, *, #1260, .F. ) ;
#2650 = EDGE_CURVE ( 'NONE', #644, #1931, #2143, .T. ) ;
#2651 = DIRECTION ( 'NONE',  ( -7.304098846218135653E-17, 1.000000000000000000, 0.000000000000000000 ) ) ;
#2652 = DIRECTION ( 'NONE',  ( -0.000000000000000000, 1.000000000000000000, -0.000000000000000000 ) ) ;
#2653 = VECTOR ( 'NONE', #2624, 1000.000000000000114 ) ;
#2654 = DIRECTION ( 'NONE',  ( 0.000000000000000000, 0.000000000000000000, 1.000000000000000000 ) ) ;
#2655 = VECTOR ( 'NONE', #1840, 1000.000000000000000 ) ;
#2656 =( BOUNDED_CURVE ( )  B_SPLINE_CURVE ( 3, ( #979, #1537, #4, #2011 ),
 .UNSPECIFIED., .F., .F. ) 
 B_SPLINE_CURVE_WITH_KNOTS ( ( 4, 4 ),
 ( 3.141592653589793116, 3.919117455405653150 ),
 .UNSPECIFIED. ) 
 CURVE ( )  GEOMETRIC_REPRESENTATION_ITEM ( )  RATIONAL_B_SPLINE_CURVE ( ( 1.000000000000000000, 0.9502525815036551027, 0.9502525815036551027, 1.000000000000000000 ) ) 
 REPRESENTATION_ITEM ( '' )  );
#2657 = DIRECTION ( 'NONE',  ( 0.000000000000000000, 0.000000000000000000, 1.000000000000000000 ) ) ;
#2658 = EDGE_LOOP ( 'NONE', ( #2698, #1285 ) ) ;
#2659 = ORIENTED_EDGE ( 'NONE', *, *, #1351, .T. ) ;
#2660 = DIRECTION ( 'NONE',  ( -1.000000000000000000, 0.000000000000000000, 0.000000000000000000 ) ) ;
#2661 = VERTEX_POINT ( 'NONE', #1876 ) ;
#2662 = EDGE_CURVE ( 'NONE', #3022, #140, #1888, .T. ) ;
#2663 = CARTESIAN_POINT ( 'NONE',  ( -48.00000000000000000, 4.999999999999976907, 0.000000000000000000 ) ) ;
#2664 = FACE_OUTER_BOUND ( 'NONE', #2919, .T. ) ;
#2665 = EDGE_CURVE ( 'NONE', #714, #2412, #2368, .T. ) ;
#2666 = ORIENTED_EDGE ( 'NONE', *, *, #754, .T. ) ;
#2667 = CARTESIAN_POINT ( 'NONE',  ( 26.50480234964023296, -10.94419969878317822, 30.76360606153988186 ) ) ;
#2668 = EDGE_CURVE ( 'NONE', #2374, #3237, #1130, .T. ) ;
#2669 = AXIS2_PLACEMENT_3D ( 'NONE', #2172, #923, #2202 ) ;
#2670 = CARTESIAN_POINT ( 'NONE',  ( -38.49999999999998579, 20.39387162850647073, 24.00000000000000000 ) ) ;
#2671 = LINE ( 'NONE', #885, #2489 ) ;
#2672 = CARTESIAN_POINT ( 'NONE',  ( 52.90000000000001279, -14.59952611956460800, 24.00000000000000000 ) ) ;
#2673 = EDGE_LOOP ( 'NONE', ( #2462, #2201, #2272, #48 ) ) ;
#2674 = CARTESIAN_POINT ( 'NONE',  ( 18.00000000000001066, 16.00000000000000000, 5.999999999999998224 ) ) ;
#2675 =( BOUNDED_CURVE ( )  B_SPLINE_CURVE ( 3, ( #2506, #149, #3001, #2950 ),
 .UNSPECIFIED., .F., .F. ) 
 B_SPLINE_CURVE_WITH_KNOTS ( ( 4, 4 ),
 ( 2.364067851773922868, 3.141592653589793116 ),
 .UNSPECIFIED. ) 
 CURVE ( )  GEOMETRIC_REPRESENTATION_ITEM ( )  RATIONAL_B_SPLINE_CURVE ( ( 1.000000000000000000, 0.9502525815036539925, 0.9502525815036539925, 1.000000000000000000 ) ) 
 REPRESENTATION_ITEM ( '' )  );
#2676 = ORIENTED_EDGE ( 'NONE', *, *, #1864, .F. ) ;
#2677 = PLANE ( 'NONE',  #1830 ) ;
#2678 = EDGE_CURVE ( 'NONE', #1837, #248, #1842, .T. ) ;
#2679 = CARTESIAN_POINT ( 'NONE',  ( -1.765391411633940200, 21.98063243768827846, 4.555760181692732225 ) ) ;
#2680 = ORIENTED_EDGE ( 'NONE', *, *, #1797, .F. ) ;
#2681 = ORIENTED_EDGE ( 'NONE', *, *, #349, .F. ) ;
#2682 = LINE ( 'NONE', #2713, #212 ) ;
#2683 = DIRECTION ( 'NONE',  ( -0.000000000000000000, 0.000000000000000000, 1.000000000000000000 ) ) ;
#2684 = CARTESIAN_POINT ( 'NONE',  ( -38.49999999999997158, -20.39387162850646362, 24.00000000000000000 ) ) ;
#2685 = ADVANCED_FACE ( 'NONE', ( #2395 ), #123, .T. ) ;
#2686 = CIRCLE ( 'NONE', #1667, 16.99999999999998934 ) ;
#2687 = LINE ( 'NONE', #620, #1090 ) ;
#2688 = ORIENTED_EDGE ( 'NONE', *, *, #37, .T. ) ;
#2689 = EDGE_LOOP ( 'NONE', ( #3048, #2605, #2026, #1542, #2538 ) ) ;
#2690 = VECTOR ( 'NONE', #507, 1000.000000000000000 ) ;
#2691 = CARTESIAN_POINT ( 'NONE',  ( -38.00000000000001421, 3.469446951953614189E-15, 24.00000000000000000 ) ) ;
#2692 = ORIENTED_EDGE ( 'NONE', *, *, #850, .F. ) ;
#2693 = FACE_BOUND ( 'NONE', #1536, .T. ) ;
#2694 = CARTESIAN_POINT ( 'NONE',  ( -1.958784160939602614, 21.99656990615518737, 4.796063167975777475 ) ) ;
#2695 = VECTOR ( 'NONE', #1945, 1000.000000000000000 ) ;
#2696 = CARTESIAN_POINT ( 'NONE',  ( -60.00000000000000711, 22.00000000000000355, 5.000000000000000000 ) ) ;
#2697 = VERTEX_POINT ( 'NONE', #1626 ) ;
#2698 = ORIENTED_EDGE ( 'NONE', *, *, #1204, .T. ) ;
#2699 = FACE_OUTER_BOUND ( 'NONE', #1731, .T. ) ;
#2700 = CIRCLE ( 'NONE', #2117, 1.399999999999998579 ) ;
#2701 = CARTESIAN_POINT ( 'NONE',  ( 26.25000000000000000, 6.249999999999996447, 40.36000936329383393 ) ) ;
#2702 = PLANE ( 'NONE',  #2222 ) ;
#2703 = EDGE_CURVE ( 'NONE', #1961, #2090, #2417, .T. ) ;
#2704 = DIRECTION ( 'NONE',  ( -0.000000000000000000, -0.000000000000000000, 1.000000000000000000 ) ) ;
#2705 = ORIENTED_EDGE ( 'NONE', *, *, #2988, .T. ) ;
#2706 = ORIENTED_EDGE ( 'NONE', *, *, #3276, .F. ) ;
#2707 = DIRECTION ( 'NONE',  ( 0.9578262852211505418, -0.2873478855663482712, 4.473440846217416069E-17 ) ) ;
#2708 = CARTESIAN_POINT ( 'NONE',  ( -4.950419227018302348E-14, -21.99999999999999645, 7.403035229483899471 ) ) ;
#2709 = DIRECTION ( 'NONE',  ( -2.376410661236640319E-16, 1.000000000000000000, 0.000000000000000000 ) ) ;
#2710 = LINE ( 'NONE', #170, #1325 ) ;
#2711 = VERTEX_POINT ( 'NONE', #613 ) ;
#2712 = VERTEX_POINT ( 'NONE', #1334 ) ;
#2713 = CARTESIAN_POINT ( 'NONE',  ( 57.00000000000000711, 13.50000000000000000, 6.599999999999996980 ) ) ;
#2714 = DIRECTION ( 'NONE',  ( 0.9950371902099891530, -0.09950371902099863775, 0.000000000000000000 ) ) ;
#2715 = LINE ( 'NONE', #1716, #774 ) ;
#2716 = VECTOR ( 'NONE', #3134, 1000.000000000000114 ) ;
#2717 = ORIENTED_EDGE ( 'NONE', *, *, #3104, .T. ) ;
#2718 = PRODUCT_DEFINITION_FORMATION_WITH_SPECIFIED_SOURCE ( 'ANY', '', #3151, .NOT_KNOWN. ) ;
#2719 = CYLINDRICAL_SURFACE ( 'NONE', #2505, 7.099999999999999645 ) ;
#2720 = ORIENTED_EDGE ( 'NONE', *, *, #2174, .F. ) ;
#2721 = VECTOR ( 'NONE', #244, 1000.000000000000000 ) ;
#2722 = ORIENTED_EDGE ( 'NONE', *, *, #2745, .T. ) ;
#2723 = DIRECTION ( 'NONE',  ( 0.2873478855663482712, 0.9578262852211506528, 0.000000000000000000 ) ) ;
#2724 = FACE_OUTER_BOUND ( 'NONE', #2798, .T. ) ;
#2725 = DIRECTION ( 'NONE',  ( 1.000000000000000000, 0.000000000000000000, 0.000000000000000000 ) ) ;
#2726 = DIRECTION ( 'NONE',  ( -1.000000000000000000, 0.000000000000000000, 0.000000000000000000 ) ) ;
#2727 = VERTEX_POINT ( 'NONE', #2594 ) ;
#2728 = EDGE_LOOP ( 'NONE', ( #1916, #849, #2841, #3172 ) ) ;
#2729 = CARTESIAN_POINT ( 'NONE',  ( -57.00000000000000711, 3.469446951953614189E-15, 8.000000000000000000 ) ) ;
#2730 = LINE ( 'NONE', #2785, #983 ) ;
#2731 = EDGE_LOOP ( 'NONE', ( #10, #3073, #2119, #2637 ) ) ;
#2732 = CARTESIAN_POINT ( 'NONE',  ( -0.03695055222911628606, 21.25914602369719475, 1.460967095087787770 ) ) ;
#2733 = EDGE_LOOP ( 'NONE', ( #1619, #2750, #843, #3287 ) ) ;
#2734 = LINE ( 'NONE', #1918, #3242 ) ;
#2735 = ADVANCED_FACE ( 'NONE', ( #1082, #2410 ), #3087, .T. ) ;
#2736 = CARTESIAN_POINT ( 'NONE',  ( 13.00000000000000178, 15.67506218943954721, 0.000000000000000000 ) ) ;
#2737 = CIRCLE ( 'NONE', #697, 19.89999999999999858 ) ;
#2738 = VECTOR ( 'NONE', #822, 1000.000000000000000 ) ;
#2739 = CARTESIAN_POINT ( 'NONE',  ( -38.00000000000001421, 3.469446951953614189E-15, 19.00000000000000000 ) ) ;
#2740 = DIRECTION ( 'NONE',  ( -1.000000000000000000, -0.000000000000000000, -0.000000000000000000 ) ) ;
#2741 = EDGE_CURVE ( 'NONE', #2420, #1575, #3163, .T. ) ;
#2742 = DIRECTION ( 'NONE',  ( 1.000000000000000000, 0.000000000000000000, 0.000000000000000000 ) ) ;
#2743 = EDGE_LOOP ( 'NONE', ( #1045, #1364, #3112 ) ) ;
#2744 = CARTESIAN_POINT ( 'NONE',  ( -34.74999999999998579, 0.000000000000000000, 0.000000000000000000 ) ) ;
#2745 = EDGE_CURVE ( 'NONE', #2297, #740, #1132, .T. ) ;
#2746 = EDGE_CURVE ( 'NONE', #2661, #2297, #1233, .T. ) ;
#2747 = AXIS2_PLACEMENT_3D ( 'NONE', #2744, #1748, #2310 ) ;
#2748 = VERTEX_POINT ( 'NONE', #2836 ) ;
#2749 = DIRECTION ( 'NONE',  ( 0.000000000000000000, -1.000000000000000000, 2.891205793294677833E-16 ) ) ;
#2750 = ORIENTED_EDGE ( 'NONE', *, *, #412, .T. ) ;
#2751 = LINE ( 'NONE', #1483, #281 ) ;
#2752 = VECTOR ( 'NONE', #1570, 1000.000000000000000 ) ;
#2753 = CARTESIAN_POINT ( 'NONE',  ( 55.00000000000000711, -16.49999999999999289, -5.928932188134523606 ) ) ;
#2754 = CARTESIAN_POINT ( 'NONE',  ( 57.00000000000000711, -13.50000000000000000, 6.599999999999996980 ) ) ;
#2755 = DIRECTION ( 'NONE',  ( -0.000000000000000000, -0.000000000000000000, 1.000000000000000000 ) ) ;
#2756 = EDGE_CURVE ( 'NONE', #1408, #1042, #302, .T. ) ;
#2757 = VERTEX_POINT ( 'NONE', #627 ) ;
#2758 = CARTESIAN_POINT ( 'NONE',  ( 1.989229360022419346, -21.80107706399774870, 7.790150768867877495 ) ) ;
#2759 = EDGE_CURVE ( 'NONE', #359, #2711, #2205, .T. ) ;
#2760 = CARTESIAN_POINT ( 'NONE',  ( 13.49751859510499230, 20.65024814048949509, -8.000000000000000000 ) ) ;
#2761 = ADVANCED_FACE ( 'NONE', ( #378 ), #1708, .T. ) ;
#2762 = ORIENTED_EDGE ( 'NONE', *, *, #2070, .F. ) ;
#2763 = DIRECTION ( 'NONE',  ( 0.9950371902099891530, 0.09950371902099880428, -0.000000000000000000 ) ) ;
#2764 = ORIENTED_EDGE ( 'NONE', *, *, #292, .T. ) ;
#2765 = CARTESIAN_POINT ( 'NONE',  ( -48.00000000000000000, 4.999999999999976907, -8.000000000000000000 ) ) ;
#2766 = CIRCLE ( 'NONE', #729, 1.100000000000000311 ) ;
#2767 = VERTEX_POINT ( 'NONE', #1655 ) ;
#2768 = CARTESIAN_POINT ( 'NONE',  ( -44.99999999999999289, 10.49999999999999822, 2.000000000000000000 ) ) ;
#2769 = CARTESIAN_POINT ( 'NONE',  ( 13.49751859510499585, 20.65024814048949509, 2.999999999999995559 ) ) ;
#2770 = DIRECTION ( 'NONE',  ( 0.9950371902099891530, -0.09950371902099867938, 0.000000000000000000 ) ) ;
#2771 = ORIENTED_EDGE ( 'NONE', *, *, #2320, .F. ) ;
#2772 = ADVANCED_FACE ( 'NONE', ( #1164, #2923, #1193, #690, #2724, #1724 ), #2677, .F. ) ;
#2773 = CARTESIAN_POINT ( 'NONE',  ( 49.00000000000000711, -11.50000000000000000, 12.00000000000000000 ) ) ;
#2774 = CARTESIAN_POINT ( 'NONE',  ( 16.08876981997914868, -20.39112301800207661, 11.99999999999999645 ) ) ;
#2775 = ORIENTED_EDGE ( 'NONE', *, *, #2013, .F. ) ;
#2776 = DIRECTION ( 'NONE',  ( 0.000000000000000000, 0.000000000000000000, 1.000000000000000000 ) ) ;
#2777 = CARTESIAN_POINT ( 'NONE',  ( 32.91816741430205440, 4.000000000000013323, 5.500000000000000000 ) ) ;
#2778 = VERTEX_POINT ( 'NONE', #676 ) ;
#2779 = EDGE_CURVE ( 'NONE', #3160, #2108, #1906, .T. ) ;
#2780 = LINE ( 'NONE', #488, #649 ) ;
#2781 = ORIENTED_EDGE ( 'NONE', *, *, #876, .F. ) ;
#2782 = EDGE_CURVE ( 'NONE', #282, #2748, #205, .T. ) ;
#2783 = AXIS2_PLACEMENT_3D ( 'NONE', #781, #2362, #2115 ) ;
#2784 = CARTESIAN_POINT ( 'NONE',  ( 1.989229360022466198, 21.80107706399774514, 7.790150768867881048 ) ) ;
#2785 = CARTESIAN_POINT ( 'NONE',  ( -1.999999999999991340, -22.00000000000000355, 7.999999999999996447 ) ) ;
#2786 = ORIENTED_EDGE ( 'NONE', *, *, #674, .T. ) ;
#2787 = DIRECTION ( 'NONE',  ( 0.6319334885835744542, -0.5170364906592819221, 0.5773502691896208461 ) ) ;
#2788 = DIRECTION ( 'NONE',  ( 0.000000000000000000, -1.000000000000000000, 0.000000000000000000 ) ) ;
#2789 = ADVANCED_FACE ( 'NONE', ( #2442 ), #2160, .F. ) ;
#2790 = ORIENTED_EDGE ( 'NONE', *, *, #1692, .F. ) ;
#2791 = LINE ( 'NONE', #2334, #491 ) ;
#2792 = DIRECTION ( 'NONE',  ( -1.000000000000000000, 0.000000000000000000, 0.000000000000000000 ) ) ;
#2793 = ORIENTED_EDGE ( 'NONE', *, *, #2503, .T. ) ;
#2794 = CARTESIAN_POINT ( 'NONE',  ( -38.00000000000001421, 20.90000000000000213, 19.00000000000000000 ) ) ;
#2795 = EDGE_CURVE ( 'NONE', #2913, #3029, #1510, .T. ) ;
#2796 = AXIS2_PLACEMENT_3D ( 'NONE', #2402, #2100, #3114 ) ;
#2797 = VECTOR ( 'NONE', #2330, 1000.000000000000000 ) ;
#2798 = EDGE_LOOP ( 'NONE', ( #1024, #1875, #2350, #1546, #360, #3105, #1683 ) ) ;
#2799 = AXIS2_PLACEMENT_3D ( 'NONE', #1463, #2978, #2336 ) ;
#2800 = ADVANCED_FACE ( 'NONE', ( #3222 ), #941, .T. ) ;
#2801 = CARTESIAN_POINT ( 'NONE',  ( 18.00000000000001066, -16.00000000000000000, 5.999999999999998224 ) ) ;
#2802 = DIRECTION ( 'NONE',  ( 0.9950371902099891530, -0.09950371902099867938, 1.113622176340172808E-16 ) ) ;
#2803 = ORIENTED_EDGE ( 'NONE', *, *, #1677, .T. ) ;
#2804 = AXIS2_PLACEMENT_3D ( 'NONE', #1632, #387, #2931 ) ;
#2805 = DIRECTION ( 'NONE',  ( 0.9950371902099891530, -0.09950371902099867938, 1.040094558286944243E-16 ) ) ;
#2806 = CARTESIAN_POINT ( 'NONE',  ( 55.00000000000000000, 16.50000000000000355, 19.00000000000000000 ) ) ;
#2807 = EDGE_LOOP ( 'NONE', ( #2793, #2259, #1951, #1812 ) ) ;
#2808 = CARTESIAN_POINT ( 'NONE',  ( 53.00000000000000711, 6.856571371417158112, -0.9999999999999991118 ) ) ;
#2809 = DIRECTION ( 'NONE',  ( 0.000000000000000000, 0.000000000000000000, 1.000000000000000000 ) ) ;
#2810 = ORIENTED_EDGE ( 'NONE', *, *, #654, .T. ) ;
#2811 = CARTESIAN_POINT ( 'NONE',  ( 1.270545709182997360E-15, -5.000000000000000000, 0.000000000000000000 ) ) ;
#2812 = ADVANCED_FACE ( 'NONE', ( #880, #2226, #2459, #2693, #1402 ), #1149, .T. ) ;
#2813 = DIRECTION ( 'NONE',  ( 1.000000000000000000, 0.000000000000000000, 0.000000000000000000 ) ) ;
#2814 = ORIENTED_EDGE ( 'NONE', *, *, #1677, .F. ) ;
#2815 = EDGE_LOOP ( 'NONE', ( #110, #679, #2628, #3250 ) ) ;
#2816 = DIRECTION ( 'NONE',  ( -1.119176436114069085E-16, 0.000000000000000000, 1.000000000000000000 ) ) ;
#2817 = DIRECTION ( 'NONE',  ( -0.000000000000000000, 0.000000000000000000, 1.000000000000000000 ) ) ;
#2818 = ADVANCED_FACE ( 'NONE', ( #1958 ), #1974, .T. ) ;
#2819 = ORIENTED_EDGE ( 'NONE', *, *, #2982, .T. ) ;
#2820 = CARTESIAN_POINT ( 'NONE',  ( 53.40000000000001279, 1.269003293100366251E-14, 24.00000000000000000 ) ) ;
#2821 = CARTESIAN_POINT ( 'NONE',  ( -0.007692729093030340956, 21.84576173852048697, 3.767687874971855422 ) ) ;
#2822 = EDGE_CURVE ( 'NONE', #343, #1074, #2986, .T. ) ;
#2823 = VERTEX_POINT ( 'NONE', #2708 ) ;
#2824 = CARTESIAN_POINT ( 'NONE',  ( 8.259685058419217185, -17.29454439730722370, 2.839677955670040901E-16 ) ) ;
#2825 = DIRECTION ( 'NONE',  ( -0.000000000000000000, -0.000000000000000000, -1.000000000000000000 ) ) ;
#2826 = ORIENTED_EDGE ( 'NONE', *, *, #3024, .F. ) ;
#2827 = CARTESIAN_POINT ( 'NONE',  ( 57.00000000000000711, 13.50000000000000000, 5.499999999999996447 ) ) ;
#2828 = LINE ( 'NONE', #1327, #233 ) ;
#2829 = DIRECTION ( 'NONE',  ( 0.09950371902099880428, -0.9950371902099892640, 0.000000000000000000 ) ) ;
#2830 = ORIENTED_EDGE ( 'NONE', *, *, #515, .T. ) ;
#2831 = VERTEX_POINT ( 'NONE', #399 ) ;
#2832 = DIRECTION ( 'NONE',  ( -0.000000000000000000, -0.000000000000000000, 1.000000000000000000 ) ) ;
#2833 = CARTESIAN_POINT ( 'NONE',  ( 18.74999999999999289, -6.250000000000001776, 40.36000936329383393 ) ) ;
#2834 = ORIENTED_EDGE ( 'NONE', *, *, #190, .F. ) ;
#2835 = UNCERTAINTY_MEASURE_WITH_UNIT (LENGTH_MEASURE( 1.000000000000000082E-05 ), #2448, 'distance_accuracy_value', 'NONE');
#2836 = CARTESIAN_POINT ( 'NONE',  ( 19.90049628097900580, 17.89947649146670727, 23.50000000000000000 ) ) ;
#2837 = AXIS2_PLACEMENT_3D ( 'NONE', #2639, #564, #333 ) ;
#2838 = DIRECTION ( 'NONE',  ( -0.000000000000000000, -0.000000000000000000, -1.000000000000000000 ) ) ;
#2839 = CIRCLE ( 'NONE', #79, 7.100000000000000533 ) ;
#2840 = CIRCLE ( 'NONE', #1621, 21.99999999999999289 ) ;
#2841 = ORIENTED_EDGE ( 'NONE', *, *, #1002, .F. ) ;
#2842 = CARTESIAN_POINT ( 'NONE',  ( -46.60000000000000142, -5.000000000000006217, 8.000000000000000000 ) ) ;
#2843 = LINE ( 'NONE', #46, #1142 ) ;
#2844 = DIRECTION ( 'NONE',  ( 0.000000000000000000, 1.000000000000000000, 0.000000000000000000 ) ) ;
#2845 = CYLINDRICAL_SURFACE ( 'NONE', #969, 1.100000000000001199 ) ;
#2846 = ADVANCED_FACE ( 'NONE', ( #167 ), #414, .F. ) ;
#2847 = CARTESIAN_POINT ( 'NONE',  ( 49.00000000000000711, 22.00000000000000355, 12.00000000000000000 ) ) ;
#2848 = LINE ( 'NONE', #329, #1245 ) ;
#2849 = VERTEX_POINT ( 'NONE', #2768 ) ;
#2850 = VERTEX_POINT ( 'NONE', #1211 ) ;
#2851 = VECTOR ( 'NONE', #618, 1000.000000000000000 ) ;
#2852 = PLANE ( 'NONE',  #2255 ) ;
#2853 = CARTESIAN_POINT ( 'NONE',  ( 49.00000000000000711, -13.50000000000000000, 5.499999999999996447 ) ) ;
#2854 = ORIENTED_EDGE ( 'NONE', *, *, #2025, .F. ) ;
#2855 = DIRECTION ( 'NONE',  ( -1.000000000000000000, 0.000000000000000000, 0.000000000000000000 ) ) ;
#2856 = CARTESIAN_POINT ( 'NONE',  ( 57.00000000000000711, -13.50000000000000000, 4.399999999999995026 ) ) ;
#2857 = EDGE_CURVE ( 'NONE', #3080, #3064, #2154, .T. ) ;
#2858 = AXIS2_PLACEMENT_3D ( 'NONE', #2166, #357, #2148 ) ;
#2859 = ORIENTED_EDGE ( 'NONE', *, *, #526, .T. ) ;
#2860 = DIRECTION ( 'NONE',  ( 0.000000000000000000, 0.000000000000000000, 1.000000000000000000 ) ) ;
#2861 = CARTESIAN_POINT ( 'NONE',  ( -38.00000000000000711, 3.469446951953614189E-15, 8.000000000000000000 ) ) ;
#2862 = LINE ( 'NONE', #1284, #1362 ) ;
#2863 = DIRECTION ( 'NONE',  ( 0.9950371902099891530, -0.09950371902099863775, 0.000000000000000000 ) ) ;
#2864 = EDGE_CURVE ( 'NONE', #1654, #2488, #2355, .T. ) ;
#2865 = CARTESIAN_POINT ( 'NONE',  ( 53.00000000000000711, -3.099999999999983658, 5.500000000000000888 ) ) ;
#2866 = CARTESIAN_POINT ( 'NONE',  ( 55.00000000000000711, -13.50000000000000000, 4.399999999999995026 ) ) ;
#2867 = ORIENTED_EDGE ( 'NONE', *, *, #1473, .F. ) ;
#2868 = VERTEX_POINT ( 'NONE', #2619 ) ;
#2869 = CARTESIAN_POINT ( 'NONE',  ( 1.399999999999998357, 5.000000000000000000, 0.000000000000000000 ) ) ;
#2870 = CARTESIAN_POINT ( 'NONE',  ( 53.40000000000000568, -15.05201990062065853, 24.00000000000000000 ) ) ;
#2871 = VERTEX_POINT ( 'NONE', #235 ) ;
#2872 = AXIS2_PLACEMENT_3D ( 'NONE', #1940, #2755, #722 ) ;
#2873 = LINE ( 'NONE', #78, #2910 ) ;
#2874 = EDGE_CURVE ( 'NONE', #470, #1931, #1833, .T. ) ;
#2875 = ADVANCED_FACE ( 'NONE', ( #1501, #2520 ), #2586, .F. ) ;
#2876 = EDGE_LOOP ( 'NONE', ( #301, #368, #3008, #1095 ) ) ;
#2877 = DIRECTION ( 'NONE',  ( -1.000000000000000000, -7.304098846218135653E-17, 0.000000000000000000 ) ) ;
#2878 = DIRECTION ( 'NONE',  ( 1.000000000000000000, 0.000000000000000000, 0.000000000000000000 ) ) ;
#2879 = FACE_OUTER_BOUND ( 'NONE', #2133, .T. ) ;
#2880 = CARTESIAN_POINT ( 'NONE',  ( 2.019011871348573184, 20.19011871348579135, 24.00000000000000000 ) ) ;
#2881 = EDGE_CURVE ( 'NONE', #1462, #3160, #559, .T. ) ;
#2882 = ADVANCED_FACE ( 'NONE', ( #3117 ), #3277, .F. ) ;
#2883 = DIRECTION ( 'NONE',  ( 0.000000000000000000, 0.000000000000000000, -1.000000000000000000 ) ) ;
#2884 = VERTEX_POINT ( 'NONE', #825 ) ;
#2885 = ORIENTED_EDGE ( 'NONE', *, *, #2560, .T. ) ;
#2886 = VECTOR ( 'NONE', #3058, 1000.000000000000000 ) ;
#2887 = LINE ( 'NONE', #794, #2203 ) ;
#2888 = CARTESIAN_POINT ( 'NONE',  ( 6.115049819601177106, -21.38849501803987607, 2.999999999999993783 ) ) ;
#2889 = ADVANCED_FACE ( 'NONE', ( #2602 ), #1244, .T. ) ;
#2890 = ORIENTED_EDGE ( 'NONE', *, *, #164, .T. ) ;
#2891 = DIRECTION ( 'NONE',  ( 0.000000000000000000, 0.000000000000000000, -1.000000000000000000 ) ) ;
#2892 = CARTESIAN_POINT ( 'NONE',  ( 19.95024814048949580, -18.39699508657170313, 24.00000000000000000 ) ) ;
#2893 = ORIENTED_EDGE ( 'NONE', *, *, #2086, .T. ) ;
#2894 = CARTESIAN_POINT ( 'NONE',  ( 53.00000000000000711, 0.000000000000000000, 0.000000000000000000 ) ) ;
#2895 = DIRECTION ( 'NONE',  ( -0.000000000000000000, -0.000000000000000000, -1.000000000000000000 ) ) ;
#2896 = DIRECTION ( 'NONE',  ( 0.000000000000000000, 0.000000000000000000, 1.000000000000000000 ) ) ;
#2897 = VECTOR ( 'NONE', #3071, 1000.000000000000114 ) ;
#2898 = EDGE_CURVE ( 'NONE', #427, #264, #1535, .T. ) ;
#2899 = VECTOR ( 'NONE', #1579, 1000.000000000000000 ) ;
#2900 = DIRECTION ( 'NONE',  ( 0.000000000000000000, 1.000000000000000000, -4.336808689942016750E-16 ) ) ;
#2901 = ORIENTED_EDGE ( 'NONE', *, *, #2044, .T. ) ;
#2902 = ADVANCED_FACE ( 'NONE', ( #2005 ), #3262, .T. ) ;
#2903 = EDGE_LOOP ( 'NONE', ( #1953, #1219, #3099 ) ) ;
#2904 = EDGE_CURVE ( 'NONE', #3248, #2159, #2983, .T. ) ;
#2905 = CARTESIAN_POINT ( 'NONE',  ( 4.813458788954585010, -21.51865412110453590, 3.047763208557587422 ) ) ;
#2906 = EDGE_CURVE ( 'NONE', #418, #486, #2828, .T. ) ;
#2907 = AXIS2_PLACEMENT_3D ( 'NONE', #2147, #839, #356 ) ;
#2908 = CARTESIAN_POINT ( 'NONE',  ( 17.68072077609888026, 17.95185305336349302, 8.000000000000001776 ) ) ;
#2909 = AXIS2_PLACEMENT_3D ( 'NONE', #1612, #64, #3153 ) ;
#2910 = VECTOR ( 'NONE', #2096, 1000.000000000000000 ) ;
#2911 = CARTESIAN_POINT ( 'NONE',  ( -38.49999999999997158, -20.39387162850646362, 24.00000000000000000 ) ) ;
#2912 = VECTOR ( 'NONE', #2317, 1000.000000000000000 ) ;
#2913 = VERTEX_POINT ( 'NONE', #1814 ) ;
#2914 = CARTESIAN_POINT ( 'NONE',  ( -38.00000000000001421, 19.90000000000000213, 23.50000000000003553 ) ) ;
#2915 = CARTESIAN_POINT ( 'NONE',  ( 1.399999999999998357, 5.000000000000000000, -8.000000000000000000 ) ) ;
#2916 = CIRCLE ( 'NONE', #143, 1.399999999999998579 ) ;
#2917 = CARTESIAN_POINT ( 'NONE',  ( 12.00000000000000355, 16.00000000000000000, -1.000000000000004441 ) ) ;
#2918 = DIRECTION ( 'NONE',  ( 0.000000000000000000, 0.000000000000000000, -1.000000000000000000 ) ) ;
#2919 = EDGE_LOOP ( 'NONE', ( #2237, #2073, #540, #3212, #987, #1482, #41, #1162, #2964, #1465, #2052, #202, #2977, #402, #837 ) ) ;
#2920 = EDGE_LOOP ( 'NONE', ( #3156, #2941 ) ) ;
#2921 = EDGE_CURVE ( 'NONE', #271, #1443, #1937, .T. ) ;
#2922 = VERTEX_POINT ( 'NONE', #1564 ) ;
#2923 = FACE_BOUND ( 'NONE', #981, .T. ) ;
#2924 = EDGE_CURVE ( 'NONE', #2748, #2868, #294, .T. ) ;
#2925 = LINE ( 'NONE', #1923, #1784 ) ;
#2926 = PRESENTATION_LAYER_ASSIGNMENT (  '', '', ( #577 ) ) ;
#2927 = ORIENTED_EDGE ( 'NONE', *, *, #1747, .F. ) ;
#2928 = LINE ( 'NONE', #3165, #2716 ) ;
#2929 = CIRCLE ( 'NONE', #213, 5.999999999999998224 ) ;
#2930 = DIRECTION ( 'NONE',  ( -0.000000000000000000, -1.000000000000000000, -0.000000000000000000 ) ) ;
#2931 = DIRECTION ( 'NONE',  ( 0.000000000000000000, 1.832454376031838374E-15, 1.000000000000000000 ) ) ;
#2932 = CARTESIAN_POINT ( 'NONE',  ( 53.90000000000000568, -15.50451368167669841, 19.00000000000000000 ) ) ;
#2933 = ORIENTED_EDGE ( 'NONE', *, *, #1378, .F. ) ;
#2934 = CARTESIAN_POINT ( 'NONE',  ( 13.00000000000000178, -15.67506218943954721, 0.000000000000000000 ) ) ;
#2935 = LINE ( 'NONE', #2490, #2023 ) ;
#2936 = VERTEX_POINT ( 'NONE', #51 ) ;
#2937 = DIRECTION ( 'NONE',  ( 0.000000000000000000, -1.000000000000000000, 0.000000000000000000 ) ) ;
#2938 = CARTESIAN_POINT ( 'NONE',  ( -0.2493781056045618061, 17.00000000000000000, 0.000000000000000000 ) ) ;
#2939 = FACE_OUTER_BOUND ( 'NONE', #2689, .T. ) ;
#2940 = VERTEX_POINT ( 'NONE', #1071 ) ;
#2941 = ORIENTED_EDGE ( 'NONE', *, *, #285, .F. ) ;
#2942 = CARTESIAN_POINT ( 'NONE',  ( -38.00000000000001421, -16.99999999999999289, 5.000000000000000000 ) ) ;
#2943 = DIRECTION ( 'NONE',  ( -1.000000000000000000, -0.000000000000000000, -0.000000000000000000 ) ) ;
#2944 = AXIS2_PLACEMENT_3D ( 'NONE', #592, #1374, #2626 ) ;
#2945 = CARTESIAN_POINT ( 'NONE',  ( 18.74999999999999645, 6.249999999999998224, 40.36000936329383393 ) ) ;
#2946 = EDGE_LOOP ( 'NONE', ( #630, #1159, #107, #3258 ) ) ;
#2947 = ORIENTED_EDGE ( 'NONE', *, *, #823, .F. ) ;
#2948 = AXIS2_PLACEMENT_3D ( 'NONE', #2739, #2474, #2175 ) ;
#2949 = VECTOR ( 'NONE', #2018, 1000.000000000000000 ) ;
#2950 = CARTESIAN_POINT ( 'NONE',  ( -1.999999999999991340, 22.00000000000000355, 5.999999999999997335 ) ) ;
#2951 = ORIENTED_EDGE ( 'NONE', *, *, #2305, .F. ) ;
#2952 = DIRECTION ( 'NONE',  ( -1.000000000000000000, 0.000000000000000000, 0.000000000000000000 ) ) ;
#2953 = CYLINDRICAL_SURFACE ( 'NONE', #1247, 1.100000000000001199 ) ;
#2954 = CIRCLE ( 'NONE', #1517, 5.000000000000000888 ) ;
#2955 = PLANE ( 'NONE',  #944 ) ;
#2956 = VERTEX_POINT ( 'NONE', #2865 ) ;
#2957 = VECTOR ( 'NONE', #2167, 1000.000000000000000 ) ;
#2958 = ORIENTED_EDGE ( 'NONE', *, *, #2504, .F. ) ;
#2959 =( NAMED_UNIT ( * ) SI_UNIT ( $, .STERADIAN. ) SOLID_ANGLE_UNIT ( ) );
#2960 = VECTOR ( 'NONE', #3090, 1000.000000000000227 ) ;
#2961 = DIRECTION ( 'NONE',  ( -0.000000000000000000, -0.000000000000000000, -1.000000000000000000 ) ) ;
#2962 = LINE ( 'NONE', #3050, #1528 ) ;
#2963 = CARTESIAN_POINT ( 'NONE',  ( -38.00000000000001421, 3.469446951953614189E-15, 24.00000000000000000 ) ) ;
#2964 = ORIENTED_EDGE ( 'NONE', *, *, #1824, .F. ) ;
#2965 = ORIENTED_EDGE ( 'NONE', *, *, #2399, .F. ) ;
#2966 = AXIS2_PLACEMENT_3D ( 'NONE', #1981, #2994, #2481 ) ;
#2967 = FACE_OUTER_BOUND ( 'NONE', #2673, .T. ) ;
#2968 = DIRECTION ( 'NONE',  ( 1.000000000000000000, 0.000000000000000000, -0.000000000000000000 ) ) ;
#2969 = CARTESIAN_POINT ( 'NONE',  ( 17.93007220376986055, 16.92170225252689519, 3.349787547604689664 ) ) ;
#2970 = EDGE_CURVE ( 'NONE', #1985, #2113, #1093, .T. ) ;
#2971 = FACE_BOUND ( 'NONE', #1571, .T. ) ;
#2972 = ORIENTED_EDGE ( 'NONE', *, *, #858, .F. ) ;
#2973 = ORIENTED_EDGE ( 'NONE', *, *, #166, .T. ) ;
#2974 = CARTESIAN_POINT ( 'NONE',  ( 57.00000000000000711, -13.50000000000000000, 5.499999999999996447 ) ) ;
#2975 = LINE ( 'NONE', #3215, #2644 ) ;
#2976 = DIRECTION ( 'NONE',  ( 1.000000000000000000, 0.000000000000000000, 0.000000000000000000 ) ) ;
#2977 = ORIENTED_EDGE ( 'NONE', *, *, #2864, .F. ) ;
#2978 = DIRECTION ( 'NONE',  ( 1.000000000000000000, 1.826024711554533913E-16, 0.000000000000000000 ) ) ;
#2979 = ORIENTED_EDGE ( 'NONE', *, *, #531, .T. ) ;
#2980 = EDGE_CURVE ( 'NONE', #1759, #114, #328, .T. ) ;
#2981 = PLANE ( 'NONE',  #776 ) ;
#2982 = EDGE_CURVE ( 'NONE', #375, #2470, #227, .T. ) ;
#2983 = B_SPLINE_CURVE_WITH_KNOTS ( 'NONE', 3,
 ( #538, #1227, #737, #310 ),
 .UNSPECIFIED., .F., .F.,
 ( 4, 4 ),
 ( 0.000000000000000000, 0.0008695780174490593158 ),
 .UNSPECIFIED. ) ;
#2984 = CARTESIAN_POINT ( 'NONE',  ( 48.56783299952642352, 10.67896886714361671, 28.83216700047357861 ) ) ;
#2985 = CARTESIAN_POINT ( 'NONE',  ( 53.40000000000000568, 0.000000000000000000, 24.00000000000000000 ) ) ;
#2986 =( BOUNDED_CURVE ( )  B_SPLINE_CURVE ( 3, ( #152, #1690, #2190, #3209 ),
 .UNSPECIFIED., .F., .T. ) 
 B_SPLINE_CURVE_WITH_KNOTS ( ( 4, 4 ),
 ( 5.123905826452178403, 6.283185307179586232 ),
 .UNSPECIFIED. ) 
 CURVE ( )  GEOMETRIC_REPRESENTATION_ITEM ( )  RATIONAL_B_SPLINE_CURVE ( ( 1.000000000000000000, 0.8911066843560504491, 0.8911066843560504491, 1.000000000000000000 ) ) 
 REPRESENTATION_ITEM ( '' )  );
#2987 = LINE ( 'NONE', #3037, #1192 ) ;
#2988 = EDGE_CURVE ( 'NONE', #3203, #2956, #2839, .T. ) ;
#2989 = DIRECTION ( 'NONE',  ( -0.000000000000000000, -0.000000000000000000, -1.000000000000000000 ) ) ;
#2990 = ORIENTED_EDGE ( 'NONE', *, *, #3260, .F. ) ;
#2991 = ORIENTED_EDGE ( 'NONE', *, *, #3157, .T. ) ;
#2992 = CARTESIAN_POINT ( 'NONE',  ( -6.938893903907228378E-15, 21.99999999999999289, 19.00000000000000000 ) ) ;
#2993 = DIRECTION ( 'NONE',  ( -0.000000000000000000, 0.000000000000000000, 1.000000000000000000 ) ) ;
#2994 = DIRECTION ( 'NONE',  ( -1.334402673828313339E-16, -4.336808689942016750E-16, 1.000000000000000000 ) ) ;
#2995 = EDGE_LOOP ( 'NONE', ( #209, #2152, #1345, #2346, #710, #1424, #1745, #1932, #1032, #2216, #1035, #1241, #1526 ) ) ;
#2996 = CARTESIAN_POINT ( 'NONE',  ( 13.49751859510499230, -20.65024814048949509, -8.000000000000000000 ) ) ;
#2997 = ORIENTED_EDGE ( 'NONE', *, *, #474, .T. ) ;
#2998 = LINE ( 'NONE', #637, #542 ) ;
#2999 = VECTOR ( 'NONE', #1608, 1000.000000000000000 ) ;
#3000 = EDGE_CURVE ( 'NONE', #1664, #576, #2791, .T. ) ;
#3001 = CARTESIAN_POINT ( 'NONE',  ( -2.000000000000027089, 22.00000000000000355, 6.531849412142346267 ) ) ;
#3002 = AXIS2_PLACEMENT_3D ( 'NONE', #926, #2968, #1175 ) ;
#3003 = VECTOR ( 'NONE', #66, 1000.000000000000114 ) ;
#3004 = DIRECTION ( 'NONE',  ( -0.000000000000000000, 1.000000000000000000, -0.000000000000000000 ) ) ;
#3005 = CARTESIAN_POINT ( 'NONE',  ( -38.00000000000001421, -18.99999999999999645, 8.000000000000000000 ) ) ;
#3006 = ADVANCED_FACE ( 'NONE', ( #534 ), #801, .F. ) ;
#3007 = CARTESIAN_POINT ( 'NONE',  ( -44.99999999999999289, -10.50000000000000178, 8.000000000000000000 ) ) ;
#3008 = ORIENTED_EDGE ( 'NONE', *, *, #1491, .F. ) ;
#3009 =( NAMED_UNIT ( * ) PLANE_ANGLE_UNIT ( ) SI_UNIT ( $, .RADIAN. ) );
#3010 = LINE ( 'NONE', #1761, #976 ) ;
#3011 = AXIS2_PLACEMENT_3D ( 'NONE', #1321, #1577, #2878 ) ;
#3012 = ORIENTED_EDGE ( 'NONE', *, *, #1794, .T. ) ;
#3013 = LINE ( 'NONE', #1255, #1267 ) ;
#3014 = ORIENTED_EDGE ( 'NONE', *, *, #1139, .T. ) ;
#3015 = DIRECTION ( 'NONE',  ( -0.000000000000000000, 1.000000000000000000, -0.000000000000000000 ) ) ;
#3016 = CIRCLE ( 'NONE', #2225, 3.750000000000000000 ) ;
#3017 = ORIENTED_EDGE ( 'NONE', *, *, #3104, .F. ) ;
#3018 = EDGE_CURVE ( 'NONE', #3164, #3226, #1884, .T. ) ;
#3019 = CARTESIAN_POINT ( 'NONE',  ( -38.00000000000001421, 3.469446951953614189E-15, 24.00000000000000000 ) ) ;
#3020 = CARTESIAN_POINT ( 'NONE',  ( 53.00000000000000711, 0.000000000000000000, -0.9999999999999986677 ) ) ;
#3021 = CARTESIAN_POINT ( 'NONE',  ( 55.00000000000000000, -16.49999999999999645, -3.000000000000000000 ) ) ;
#3022 = VERTEX_POINT ( 'NONE', #2808 ) ;
#3023 = DIRECTION ( 'NONE',  ( -1.000000000000000000, -3.154042683594195121E-16, -0.000000000000000000 ) ) ;
#3024 = EDGE_CURVE ( 'NONE', #2697, #589, #1832, .T. ) ;
#3025 = DIRECTION ( 'NONE',  ( 0.000000000000000000, -0.000000000000000000, 1.000000000000000000 ) ) ;
#3026 = ORIENTED_EDGE ( 'NONE', *, *, #1204, .F. ) ;
#3027 = LINE ( 'NONE', #731, #1212 ) ;
#3028 = CARTESIAN_POINT ( 'NONE',  ( -6.938893903907228378E-15, -21.99999999999999289, 19.00000000000000000 ) ) ;
#3029 = VERTEX_POINT ( 'NONE', #2842 ) ;
#3030 = EDGE_CURVE ( 'NONE', #1042, #797, #2423, .T. ) ;
#3031 = DIRECTION ( 'NONE',  ( -0.000000000000000000, -0.000000000000000000, -1.000000000000000000 ) ) ;
#3032 = VECTOR ( 'NONE', #1182, 1000.000000000000000 ) ;
#3033 = AXIS2_PLACEMENT_3D ( 'NONE', #1976, #2989, #2742 ) ;
#3034 = EDGE_LOOP ( 'NONE', ( #2068, #3298, #2469, #2138 ) ) ;
#3035 = CARTESIAN_POINT ( 'NONE',  ( 16.08876981997914868, -20.39112301800207661, 11.99999999999999645 ) ) ;
#3036 = ADVANCED_FACE ( 'NONE', ( #287 ), #1254, .T. ) ;
#3037 = CARTESIAN_POINT ( 'NONE',  ( -38.00000000000001421, 19.90000000000000213, 23.50000000000003553 ) ) ;
#3038 = FACE_OUTER_BOUND ( 'NONE', #2547, .T. ) ;
#3039 = EDGE_LOOP ( 'NONE', ( #701, #2649, #615, #2810 ) ) ;
#3040 = FACE_OUTER_BOUND ( 'NONE', #3301, .T. ) ;
#3041 = EDGE_CURVE ( 'NONE', #1066, #2090, #1878, .T. ) ;
#3042 = CYLINDRICAL_SURFACE ( 'NONE', #655, 3.750000000000003553 ) ;
#3043 = EDGE_LOOP ( 'NONE', ( #2094, #953, #475, #1439, #745 ) ) ;
#3044 = CARTESIAN_POINT ( 'NONE',  ( 53.00000000000000711, 4.000000000000016875, 5.500000000000000000 ) ) ;
#3045 = CARTESIAN_POINT ( 'NONE',  ( 12.00000000000000888, -15.99999999999998934, 7.999999999999996447 ) ) ;
#3046 = ORIENTED_EDGE ( 'NONE', *, *, #960, .F. ) ;
#3047 = CARTESIAN_POINT ( 'NONE',  ( -38.00000000000001421, 3.469446951953614189E-15, 23.50000000000003553 ) ) ;
#3048 = ORIENTED_EDGE ( 'NONE', *, *, #2874, .F. ) ;
#3049 = CARTESIAN_POINT ( 'NONE',  ( -38.00000000000001421, 3.469446951953614189E-15, 0.000000000000000000 ) ) ;
#3050 = CARTESIAN_POINT ( 'NONE',  ( 7.999999999999986677, 18.99999999999999645, 81.00806399170998873 ) ) ;
#3051 = VECTOR ( 'NONE', #643, 999.9999999999998863 ) ;
#3052 = ORIENTED_EDGE ( 'NONE', *, *, #1722, .F. ) ;
#3053 = DIRECTION ( 'NONE',  ( -0.000000000000000000, -0.000000000000000000, -1.000000000000000000 ) ) ;
#3054 = VERTEX_POINT ( 'NONE', #1033 ) ;
#3055 = DIRECTION ( 'NONE',  ( -0.000000000000000000, -0.000000000000000000, -1.000000000000000000 ) ) ;
#3056 = DIRECTION ( 'NONE',  ( 1.000000000000000000, -0.000000000000000000, 0.000000000000000000 ) ) ;
#3057 = ORIENTED_EDGE ( 'NONE', *, *, #2650, .T. ) ;
#3058 = DIRECTION ( 'NONE',  ( 1.000000000000000000, -0.000000000000000000, -0.000000000000000000 ) ) ;
#3059 = CIRCLE ( 'NONE', #3224, 19.00000000000000000 ) ;
#3060 = VECTOR ( 'NONE', #3062, 1000.000000000000000 ) ;
#3061 = VECTOR ( 'NONE', #1627, 1000.000000000000000 ) ;
#3062 = DIRECTION ( 'NONE',  ( 0.000000000000000000, 0.000000000000000000, -1.000000000000000000 ) ) ;
#3063 = ORIENTED_EDGE ( 'NONE', *, *, #2112, .T. ) ;
#3064 = VERTEX_POINT ( 'NONE', #2015 ) ;
#3065 = B_SPLINE_CURVE_WITH_KNOTS ( 'NONE', 3,
 ( #115, #1880, #617, #2914 ),
 .UNSPECIFIED., .F., .F.,
 ( 4, 4 ),
 ( 0.000000000000000000, 0.0008625017017047069282 ),
 .UNSPECIFIED. ) ;
#3066 = AXIS2_PLACEMENT_3D ( 'NONE', #471, #1238, #1444 ) ;
#3067 = VECTOR ( 'NONE', #2213, 1000.000000000000000 ) ;
#3068 = PLANE ( 'NONE',  #2837 ) ;
#3069 = CARTESIAN_POINT ( 'NONE',  ( -0.007692729093030340956, 21.84576173852048697, 3.767687874971855422 ) ) ;
#3070 = ORIENTED_EDGE ( 'NONE', *, *, #1801, .F. ) ;
#3071 = DIRECTION ( 'NONE',  ( 0.9950371902099891530, 0.09950371902099872101, -0.000000000000000000 ) ) ;
#3072 = CARTESIAN_POINT ( 'NONE',  ( -46.60000000000000142, -5.000000000000006217, -8.000000000000000000 ) ) ;
#3073 = ORIENTED_EDGE ( 'NONE', *, *, #425, .F. ) ;
#3074 = CARTESIAN_POINT ( 'NONE',  ( -44.99999999999999289, -10.50000000000000178, 11.00000000000000000 ) ) ;
#3075 = CARTESIAN_POINT ( 'NONE',  ( 3.150109109431117549, 21.39478916652023344, 3.322504653131456820 ) ) ;
#3076 = ORIENTED_EDGE ( 'NONE', *, *, #1967, .F. ) ;
#3077 = DIRECTION ( 'NONE',  ( 0.000000000000000000, 0.000000000000000000, 1.000000000000000000 ) ) ;
#3078 = CARTESIAN_POINT ( 'NONE',  ( 53.00000000000000711, 0.000000000000000000, 0.000000000000000000 ) ) ;
#3079 = ORIENTED_EDGE ( 'NONE', *, *, #1100, .T. ) ;
#3080 = VERTEX_POINT ( 'NONE', #2066 ) ;
#3081 = VECTOR ( 'NONE', #1217, 1000.000000000000000 ) ;
#3082 = EDGE_CURVE ( 'NONE', #1793, #1296, #1576, .T. ) ;
#3083 = AXIS2_PLACEMENT_3D ( 'NONE', #2736, #446, #204 ) ;
#3084 = DIRECTION ( 'NONE',  ( -1.000000000000000000, 0.000000000000000000, 0.000000000000000000 ) ) ;
#3085 = DIRECTION ( 'NONE',  ( 1.000000000000000000, 0.000000000000000000, 0.000000000000000000 ) ) ;
#3086 = EDGE_LOOP ( 'NONE', ( #1256, #3133, #792, #1822 ) ) ;
#3087 = PLANE ( 'NONE',  #1991 ) ;
#3088 = EDGE_CURVE ( 'NONE', #59, #2757, #3027, .T. ) ;
#3089 = ADVANCED_FACE ( 'NONE', ( #2529 ), #243, .T. ) ;
#3090 = DIRECTION ( 'NONE',  ( -0.9950371902099890420, -0.09950371902099880428, 0.000000000000000000 ) ) ;
#3091 = ORIENTED_EDGE ( 'NONE', *, *, #2924, .F. ) ;
#3092 = CARTESIAN_POINT ( 'NONE',  ( 12.29781645605032203, -20.62777121435781780, 1.558979767612307166 ) ) ;
#3093 = CARTESIAN_POINT ( 'NONE',  ( -44.99999999999999289, 10.49999999999999822, 11.00000000000000000 ) ) ;
#3094 = CARTESIAN_POINT ( 'NONE',  ( -0.007692729093030340956, 21.84576173852048697, 3.767687874971855422 ) ) ;
#3095 = ORIENTED_EDGE ( 'NONE', *, *, #1625, .T. ) ;
#3096 = LINE ( 'NONE', #1868, #234 ) ;
#3097 = DIRECTION ( 'NONE',  ( 0.000000000000000000, -1.000000000000000000, 0.000000000000000000 ) ) ;
#3098 = DIRECTION ( 'NONE',  ( -0.9950371902099892640, -0.09950371902099881816, 0.000000000000000000 ) ) ;
#3099 = ORIENTED_EDGE ( 'NONE', *, *, #955, .F. ) ;
#3100 = EDGE_LOOP ( 'NONE', ( #1751, #363, #245, #947 ) ) ;
#3101 = EDGE_CURVE ( 'NONE', #282, #424, #2928, .T. ) ;
#3102 = DIRECTION ( 'NONE',  ( 1.000000000000000000, 0.000000000000000000, 0.000000000000000000 ) ) ;
#3103 = CARTESIAN_POINT ( 'NONE',  ( 1.400000000000001243, -5.000000000000000000, 8.000000000000000000 ) ) ;
#3104 = EDGE_CURVE ( 'NONE', #3064, #1664, #3065, .T. ) ;
#3105 = ORIENTED_EDGE ( 'NONE', *, *, #1452, .T. ) ;
#3106 = CARTESIAN_POINT ( 'NONE',  ( 52.87128712871287917, -16.71287128712871706, 12.00000000000000000 ) ) ;
#3107 = VECTOR ( 'NONE', #1586, 1000.000000000000000 ) ;
#3108 = EDGE_CURVE ( 'NONE', #1187, #290, #2385, .T. ) ;
#3109 = FACE_OUTER_BOUND ( 'NONE', #1770, .T. ) ;
#3110 = AXIS2_PLACEMENT_3D ( 'NONE', #3074, #518, #764 ) ;
#3111 = VECTOR ( 'NONE', #2285, 1000.000000000000114 ) ;
#3112 = ORIENTED_EDGE ( 'NONE', *, *, #3108, .F. ) ;
#3113 = PLANE ( 'NONE',  #2021 ) ;
#3114 = DIRECTION ( 'NONE',  ( 0.000000000000000000, 0.000000000000000000, 1.000000000000000000 ) ) ;
#3115 = LINE ( 'NONE', #1557, #1954 ) ;
#3116 = DIRECTION ( 'NONE',  ( 1.000000000000000000, 0.000000000000000000, 0.000000000000000000 ) ) ;
#3117 = FACE_OUTER_BOUND ( 'NONE', #2038, .T. ) ;
#3118 = DIRECTION ( 'NONE',  ( 0.000000000000000000, -1.334402673828313832E-16, -1.000000000000000000 ) ) ;
#3119 = EDGE_LOOP ( 'NONE', ( #951, #672, #814, #1668, #2200 ) ) ;
#3120 = AXIS2_PLACEMENT_3D ( 'NONE', #438, #1459, #2714 ) ;
#3121 = ORIENTED_EDGE ( 'NONE', *, *, #2287, .T. ) ;
#3122 = CIRCLE ( 'NONE', #2380, 20.39999999999996660 ) ;
#3123 = VECTOR ( 'NONE', #169, 1000.000000000000000 ) ;
#3124 = EDGE_CURVE ( 'NONE', #1658, #3160, #1136, .T. ) ;
#3125 = CYLINDRICAL_SURFACE ( 'NONE', #809, 1.399999999999999911 ) ;
#3126 = CARTESIAN_POINT ( 'NONE',  ( 3.582019519320706724, -21.64179804806792262, 3.141583770800317144 ) ) ;
#3127 = EDGE_LOOP ( 'NONE', ( #882, #2705, #276, #525, #2089 ) ) ;
#3128 = CARTESIAN_POINT ( 'NONE',  ( -1.399999999999998579, -5.000000000000000000, -8.000000000000000000 ) ) ;
#3129 = ADVANCED_FACE ( 'NONE', ( #2351 ), #1865, .F. ) ;
#3130 = LINE ( 'NONE', #2856, #1952 ) ;
#3131 = CIRCLE ( 'NONE', #38, 20.89999999999999858 ) ;
#3132 = EDGE_CURVE ( 'NONE', #3080, #2374, #355, .T. ) ;
#3133 = ORIENTED_EDGE ( 'NONE', *, *, #3132, .T. ) ;
#3134 = DIRECTION ( 'NONE',  ( 0.5955966830474265228, 0.5390075901931357105, 0.5955966830474225260 ) ) ;
#3135 = LINE ( 'NONE', #2915, #136 ) ;
#3136 = CYLINDRICAL_SURFACE ( 'NONE', #767, 1.100000000000001199 ) ;
#3137 = CARTESIAN_POINT ( 'NONE',  ( -1.999999999999994005, -21.99999999999999289, 5.999999999999997335 ) ) ;
#3138 = EDGE_CURVE ( 'NONE', #1646, #3203, #996, .T. ) ;
#3139 = CARTESIAN_POINT ( 'NONE',  ( 20.44776673559450586, 18.34724322706120603, 24.00000000000000000 ) ) ;
#3140 = ORIENTED_EDGE ( 'NONE', *, *, #1944, .T. ) ;
#3141 = ORIENTED_EDGE ( 'NONE', *, *, #390, .F. ) ;
#3142 = DIRECTION ( 'NONE',  ( -0.000000000000000000, -1.000000000000000000, -0.000000000000000000 ) ) ;
#3143 = ORIENTED_EDGE ( 'NONE', *, *, #1580, .F. ) ;
#3144 = CARTESIAN_POINT ( 'NONE',  ( 17.76495546922935631, 17.68464618547881173, 7.963482570647507863 ) ) ;
#3145 = ADVANCED_FACE ( 'NONE', ( #2146 ), #339, .F. ) ;
#3146 = AXIS2_PLACEMENT_3D ( 'NONE', #215, #228, #3270 ) ;
#3147 = LINE ( 'NONE', #322, #607 ) ;
#3148 = ORIENTED_EDGE ( 'NONE', *, *, #1845, .T. ) ;
#3149 = ADVANCED_FACE ( 'NONE', ( #1107 ), #2413, .T. ) ;
#3150 = CARTESIAN_POINT ( 'NONE',  ( -6.938893903907228378E-15, -21.99999999999999289, -8.000000000000000000 ) ) ;
#3151 = PRODUCT ( 'Link_2_base', 'Link_2_base', '', ( #1525 ) ) ;
#3152 = EDGE_CURVE ( 'NONE', #2394, #3228, #369, .T. ) ;
#3153 = DIRECTION ( 'NONE',  ( -1.000000000000000000, 0.000000000000000000, -1.084202172485504434E-16 ) ) ;
#3154 = DIRECTION ( 'NONE',  ( 1.119176436114069085E-16, 0.000000000000000000, -1.000000000000000000 ) ) ;
#3155 = CARTESIAN_POINT ( 'NONE',  ( 0.000000000000000000, -16.99999999999999289, 0.000000000000000000 ) ) ;
#3156 = ORIENTED_EDGE ( 'NONE', *, *, #1242, .F. ) ;
#3157 = EDGE_CURVE ( 'NONE', #2823, #680, #1392, .T. ) ;
#3158 = EDGE_LOOP ( 'NONE', ( #1001, #1062 ) ) ;
#3159 = FACE_OUTER_BOUND ( 'NONE', #1717, .T. ) ;
#3160 = VERTEX_POINT ( 'NONE', #1067 ) ;
#3161 = DIRECTION ( 'NONE',  ( 0.000000000000000000, 0.000000000000000000, -1.000000000000000000 ) ) ;
#3162 = CARTESIAN_POINT ( 'NONE',  ( 17.94689744768425044, 16.80379050849031231, 3.429330650028793226 ) ) ;
#3163 = CIRCLE ( 'NONE', #964, 3.750000000000000000 ) ;
#3164 = VERTEX_POINT ( 'NONE', #1911 ) ;
#3165 = CARTESIAN_POINT ( 'NONE',  ( 48.56783299952640931, 10.67896886714358473, 19.16783299952643560 ) ) ;
#3166 = DIRECTION ( 'NONE',  ( 1.000000000000000000, 7.304098846218135653E-17, 0.000000000000000000 ) ) ;
#3167 = CARTESIAN_POINT ( 'NONE',  ( 49.00000000000000711, 17.10000000000000142, 12.00000000000000000 ) ) ;
#3168 = AXIS2_PLACEMENT_3D ( 'NONE', #973, #957, #720 ) ;
#3169 = EDGE_CURVE ( 'NONE', #780, #13, #1086, .T. ) ;
#3170 = DIRECTION ( 'NONE',  ( -0.000000000000000000, -0.000000000000000000, -1.000000000000000000 ) ) ;
#3171 = ORIENTED_EDGE ( 'NONE', *, *, #1938, .T. ) ;
#3172 = ORIENTED_EDGE ( 'NONE', *, *, #796, .F. ) ;
#3173 = EDGE_CURVE ( 'NONE', #2488, #644, #597, .T. ) ;
#3174 = DIRECTION ( 'NONE',  ( 0.7071067811865425767, 0.000000000000000000, 0.7071067811865524577 ) ) ;
#3175 = ORIENTED_EDGE ( 'NONE', *, *, #626, .T. ) ;
#3176 = VECTOR ( 'NONE', #1232, 1000.000000000000000 ) ;
#3177 = CARTESIAN_POINT ( 'NONE',  ( 53.90000000000000568, 15.50451368167670552, 24.00000000000000000 ) ) ;
#3178 = ADVANCED_FACE ( 'NONE', ( #854 ), #3113, .F. ) ;
#3179 = PLANE ( 'NONE',  #346 ) ;
#3180 = ORIENTED_EDGE ( 'NONE', *, *, #2906, .F. ) ;
#3181 = DIRECTION ( 'NONE',  ( -1.000000000000000000, 0.000000000000000000, 0.000000000000000000 ) ) ;
#3182 = B_SPLINE_CURVE_WITH_KNOTS ( 'NONE', 3,
 ( #2600, #1529, #1304, #503, #3075, #2083, #308, #3094 ),
 .UNSPECIFIED., .F., .F.,
 ( 4, 2, 2, 4 ),
 ( -0.006207578594023577777, -0.001376492356422854765, 0.001039050762377507174, 0.003454593881177868246 ),
 .UNSPECIFIED. ) ;
#3183 = DIRECTION ( 'NONE',  ( 0.000000000000000000, -1.000000000000000000, 0.000000000000000000 ) ) ;
#3184 = AXIS2_PLACEMENT_3D ( 'NONE', #863, #2076, #318 ) ;
#3185 = DIRECTION ( 'NONE',  ( -1.000000000000000000, -0.000000000000000000, -0.000000000000000000 ) ) ;
#3186 = DIRECTION ( 'NONE',  ( -1.000000000000000000, -0.000000000000000000, -0.000000000000000000 ) ) ;
#3187 = ORIENTED_EDGE ( 'NONE', *, *, #1479, .T. ) ;
#3188 = DIRECTION ( 'NONE',  ( -2.775557561562891844E-16, -1.000000000000000000, 0.000000000000000000 ) ) ;
#3189 = DIRECTION ( 'NONE',  ( -1.000000000000000000, 0.000000000000000000, 0.000000000000000000 ) ) ;
#3190 = ORIENTED_EDGE ( 'NONE', *, *, #3000, .T. ) ;
#3191 = DIRECTION ( 'NONE',  ( 0.7071067811865475727, 0.000000000000000000, 0.7071067811865475727 ) ) ;
#3192 = DIRECTION ( 'NONE',  ( 0.000000000000000000, 0.000000000000000000, 1.000000000000000000 ) ) ;
#3193 = LINE ( 'NONE', #897, #866 ) ;
#3194 = ORIENTED_EDGE ( 'NONE', *, *, #28, .T. ) ;
#3195 = EDGE_LOOP ( 'NONE', ( #1701, #2659, #2901, #1282, #275, #1499 ) ) ;
#3196 = EDGE_CURVE ( 'NONE', #2391, #2569, #306, .T. ) ;
#3197 = DIRECTION ( 'NONE',  ( -1.000000000000000000, -0.000000000000000000, -0.000000000000000000 ) ) ;
#3198 = VECTOR ( 'NONE', #945, 1000.000000000000227 ) ;
#3199 = CARTESIAN_POINT ( 'NONE',  ( 53.00000000000000711, -11.50000000000000000, 1.534563074902560759E-15 ) ) ;
#3200 = DIRECTION ( 'NONE',  ( -0.000000000000000000, -1.000000000000000000, -0.000000000000000000 ) ) ;
#3201 = MANIFOLD_SOLID_BREP ( 'Cut-Extrude12', #461 ) ;
#3202 = LINE ( 'NONE', #2945, #499 ) ;
#3203 = VERTEX_POINT ( 'NONE', #1154 ) ;
#3204 = ORIENTED_EDGE ( 'NONE', *, *, #1105, .F. ) ;
#3205 = DIRECTION ( 'NONE',  ( -0.9578262852211505418, 0.2873478855663482712, -4.473440846217416069E-17 ) ) ;
#3206 =( BOUNDED_CURVE ( )  B_SPLINE_CURVE ( 3, ( #686, #1719, #2732, #442 ),
 .UNSPECIFIED., .F., .F. ) 
 B_SPLINE_CURVE_WITH_KNOTS ( ( 4, 4 ),
 ( 1.570796326794896558, 2.892564276612595187 ),
 .UNSPECIFIED. ) 
 CURVE ( )  GEOMETRIC_REPRESENTATION_ITEM ( )  RATIONAL_B_SPLINE_CURVE ( ( 1.000000000000000000, 0.8596332953333801763, 0.8596332953333801763, 1.000000000000000000 ) ) 
 REPRESENTATION_ITEM ( '' )  );
#3207 = VERTEX_POINT ( 'NONE', #948 ) ;
#3208 = ADVANCED_FACE ( 'NONE', ( #1943 ), #2614, .T. ) ;
#3209 = CARTESIAN_POINT ( 'NONE',  ( 8.024814048950055678, 16.17258078454454306, 0.000000000000000000 ) ) ;
#3210 = CARTESIAN_POINT ( 'NONE',  ( 12.00000000000000355, 16.00000000000000000, 11.00000000000000000 ) ) ;
#3211 = DIRECTION ( 'NONE',  ( 3.154042683594195121E-16, -1.000000000000000000, 0.000000000000000000 ) ) ;
#3212 = ORIENTED_EDGE ( 'NONE', *, *, #723, .T. ) ;
#3213 = ORIENTED_EDGE ( 'NONE', *, *, #1614, .T. ) ;
#3214 = CARTESIAN_POINT ( 'NONE',  ( -1.980198019801972853, -22.19801980198018754, 2.999999999999993339 ) ) ;
#3215 = CARTESIAN_POINT ( 'NONE',  ( 19.90049628097899870, -17.89947649146670372, 24.00000000000000000 ) ) ;
#3216 = CARTESIAN_POINT ( 'NONE',  ( 53.00000000000000711, 0.000000000000000000, 12.00000000000000000 ) ) ;
#3217 = VECTOR ( 'NONE', #449, 1000.000000000000000 ) ;
#3218 = PLANE ( 'NONE',  #657 ) ;
#3219 = VERTEX_POINT ( 'NONE', #1979 ) ;
#3220 = VERTEX_POINT ( 'NONE', #1458 ) ;
#3221 = CARTESIAN_POINT ( 'NONE',  ( 18.00000000000001066, 16.00000000000000000, 11.99999999999999645 ) ) ;
#3222 = FACE_OUTER_BOUND ( 'NONE', #1239, .T. ) ;
#3223 = CARTESIAN_POINT ( 'NONE',  ( 17.57608565308551718, 18.21523560585638535, 2.999999999999997335 ) ) ;
#3224 = AXIS2_PLACEMENT_3D ( 'NONE', #2861, #2615, #598 ) ;
#3225 = FACE_BOUND ( 'NONE', #2337, .T. ) ;
#3226 = VERTEX_POINT ( 'NONE', #2180 ) ;
#3227 = AXIS2_PLACEMENT_3D ( 'NONE', #2321, #32, #2900 ) ;
#3228 = VERTEX_POINT ( 'NONE', #2992 ) ;
#3229 = DIRECTION ( 'NONE',  ( -0.000000000000000000, -0.000000000000000000, -1.000000000000000000 ) ) ;
#3230 = EDGE_CURVE ( 'NONE', #62, #1508, #1714, .T. ) ;
#3231 = AXIS2_PLACEMENT_3D ( 'NONE', #433, #1451, #642 ) ;
#3232 = DIRECTION ( 'NONE',  ( -0.9950371902099891530, -0.09950371902099880428, 0.000000000000000000 ) ) ;
#3233 = CARTESIAN_POINT ( 'NONE',  ( 22.50000000000000000, -6.250000000000002665, 11.99999999999999645 ) ) ;
#3234 = EDGE_CURVE ( 'NONE', #2254, #2831, #3303, .T. ) ;
#3235 = AXIS2_PLACEMENT_3D ( 'NONE', #1270, #2367, #1089 ) ;
#3236 = ADVANCED_FACE ( 'NONE', ( #1676 ), #404, .F. ) ;
#3237 = VERTEX_POINT ( 'NONE', #1696 ) ;
#3238 = CARTESIAN_POINT ( 'NONE',  ( 13.00000000000000178, 15.67506218943954721, -8.000000000000000000 ) ) ;
#3239 = ORIENTED_EDGE ( 'NONE', *, *, #1548, .F. ) ;
#3240 = CARTESIAN_POINT ( 'NONE',  ( 26.25000000000000355, 6.249999999999996447, 11.99999999999999822 ) ) ;
#3241 = AXIS2_PLACEMENT_3D ( 'NONE', #1262, #756, #1550 ) ;
#3242 = VECTOR ( 'NONE', #1686, 1000.000000000000000 ) ;
#3243 = EDGE_CURVE ( 'NONE', #2831, #2498, #695, .T. ) ;
#3244 = CARTESIAN_POINT ( 'NONE',  ( 8.024814048950057455, 16.17258078454453951, -8.000000000000000000 ) ) ;
#3245 = CARTESIAN_POINT ( 'NONE',  ( 12.00000000000000888, -15.99999999999998934, 11.99999999999999645 ) ) ;
#3246 = CARTESIAN_POINT ( 'NONE',  ( 17.98041304473000679, -16.49208770075951236, 7.290281130895294837 ) ) ;
#3247 = CARTESIAN_POINT ( 'NONE',  ( 52.90000000000001990, -14.59952611956460800, 23.50000000000000000 ) ) ;
#3248 = VERTEX_POINT ( 'NONE', #1476 ) ;
#3249 = EDGE_CURVE ( 'NONE', #2437, #2778, #2495, .T. ) ;
#3250 = ORIENTED_EDGE ( 'NONE', *, *, #311, .F. ) ;
#3251 = CARTESIAN_POINT ( 'NONE',  ( -38.00000000000001421, 20.90000000000000213, 23.50000000000003553 ) ) ;
#3252 = LINE ( 'NONE', #3216, #3290 ) ;
#3253 = VECTOR ( 'NONE', #2860, 1000.000000000000000 ) ;
#3254 = VECTOR ( 'NONE', #1222, 1000.000000000000000 ) ;
#3255 = EDGE_LOOP ( 'NONE', ( #88, #2328, #1454, #3070 ) ) ;
#3256 = ADVANCED_FACE ( 'NONE', ( #2699 ), #2479, .F. ) ;
#3257 = LINE ( 'NONE', #3300, #625 ) ;
#3258 = ORIENTED_EDGE ( 'NONE', *, *, #2230, .F. ) ;
#3259 = CARTESIAN_POINT ( 'NONE',  ( 1.270545709182997360E-15, -5.000000000000000000, 8.000000000000000000 ) ) ;
#3260 = EDGE_CURVE ( 'NONE', #1628, #797, #2682, .T. ) ;
#3261 = FACE_OUTER_BOUND ( 'NONE', #1496, .T. ) ;
#3262 = PLANE ( 'NONE',  #918 ) ;
#3263 = CARTESIAN_POINT ( 'NONE',  ( -6.938893903907228378E-15, 21.99999999999999289, 7.403035229483910129 ) ) ;
#3264 = CYLINDRICAL_SURFACE ( 'NONE', #2872, 1.399999999999999911 ) ;
#3265 = ORIENTED_EDGE ( 'NONE', *, *, #1452, .F. ) ;
#3266 = DIRECTION ( 'NONE',  ( 0.000000000000000000, 0.000000000000000000, 1.000000000000000000 ) ) ;
#3267 = CARTESIAN_POINT ( 'NONE',  ( 13.00000000000000178, -15.67506218943954721, -8.000000000000000000 ) ) ;
#3268 = ORIENTED_EDGE ( 'NONE', *, *, #2864, .T. ) ;
#3269 = EDGE_CURVE ( 'NONE', #59, #1319, #194, .T. ) ;
#3270 = DIRECTION ( 'NONE',  ( -2.775557561562891351E-16, -1.000000000000000000, 0.000000000000000000 ) ) ;
#3271 = ORIENTED_EDGE ( 'NONE', *, *, #2074, .F. ) ;
#3272 = DIRECTION ( 'NONE',  ( 0.000000000000000000, -1.334402673828313832E-16, -1.000000000000000000 ) ) ;
#3273 = EDGE_LOOP ( 'NONE', ( #2281, #1464, #1279, #1112 ) ) ;
#3274 = VECTOR ( 'NONE', #2243, 1000.000000000000000 ) ;
#3275 = CIRCLE ( 'NONE', #1565, 1.100000000000001199 ) ;
#3276 = EDGE_CURVE ( 'NONE', #1319, #938, #2211, .T. ) ;
#3277 = CYLINDRICAL_SURFACE ( 'NONE', #3168, 7.099999999999999645 ) ;
#3278 = CARTESIAN_POINT ( 'NONE',  ( -1.935663195508319001, -21.99464579453229618, 4.748559033946484931 ) ) ;
#3279 = DIRECTION ( 'NONE',  ( 1.000000000000000000, 0.000000000000000000, 0.000000000000000000 ) ) ;
#3280 = ORIENTED_EDGE ( 'NONE', *, *, #713, .T. ) ;
#3281 = LINE ( 'NONE', #2279, #593 ) ;
#3282 = CARTESIAN_POINT ( 'NONE',  ( 11.46590894392336502, 20.43390287091499147, 2.999999999999995559 ) ) ;
#3283 = VECTOR ( 'NONE', #1998, 1000.000000000000000 ) ;
#3284 = ORIENTED_EDGE ( 'NONE', *, *, #304, .T. ) ;
#3285 = DIRECTION ( 'NONE',  ( 1.334402673828313339E-16, 2.891205793294677833E-16, -1.000000000000000000 ) ) ;
#3286 = CARTESIAN_POINT ( 'NONE',  ( 49.00000000000000711, -13.50000000000000000, 4.399999999999995026 ) ) ;
#3287 = ORIENTED_EDGE ( 'NONE', *, *, #272, .T. ) ;
#3288 = CARTESIAN_POINT ( 'NONE',  ( 55.00000000000000000, 4.000000000000017764, 5.500000000000000000 ) ) ;
#3289 = B_SPLINE_CURVE_WITH_KNOTS ( 'NONE', 3,
 ( #2821, #1844, #567, #1554, #1084, #2679, #1691, #2694, #400, #1959 ),
 .UNSPECIFIED., .F., .F.,
 ( 4, 2, 2, 2, 4 ),
 ( 0.000000000000000000, 0.001226794194136253966, 0.001840191291204381274, 0.002146889839738444928, 0.002453588388272509233 ),
 .UNSPECIFIED. ) ;
#3290 = VECTOR ( 'NONE', #1007, 1000.000000000000000 ) ;
#3291 = EDGE_LOOP ( 'NONE', ( #1226, #494, #260, #2973 ) ) ;
#3292 = DIRECTION ( 'NONE',  ( 0.000000000000000000, 0.000000000000000000, -1.000000000000000000 ) ) ;
#3293 = CYLINDRICAL_SURFACE ( 'NONE', #2632, 21.99999999999999289 ) ;
#3294 = DIRECTION ( 'NONE',  ( 1.000000000000000000, -2.775557561562891351E-16, 1.119176436114069085E-16 ) ) ;
#3295 = ORIENTED_EDGE ( 'NONE', *, *, #1242, .T. ) ;
#3296 = FACE_OUTER_BOUND ( 'NONE', #199, .T. ) ;
#3297 = FACE_OUTER_BOUND ( 'NONE', #717, .T. ) ;
#3298 = ORIENTED_EDGE ( 'NONE', *, *, #1005, .F. ) ;
#3299 = CARTESIAN_POINT ( 'NONE',  ( 12.00000000000000355, 16.00000000000000000, 7.999999999999996447 ) ) ;
#3300 = CARTESIAN_POINT ( 'NONE',  ( -6.938893903907228378E-15, -21.99999999999999289, -3.000000000000000000 ) ) ;
#3301 = EDGE_LOOP ( 'NONE', ( #2048, #2524, #2722, #1705 ) ) ;
#3302 = CARTESIAN_POINT ( 'NONE',  ( 8.000000000000000000, 15.67506218943954721, 0.000000000000000000 ) ) ;
#3303 = CIRCLE ( 'NONE', #362, 5.000000000000000000 ) ;
#3304 = VECTOR ( 'NONE', #952, 1000.000000000000000 ) ;
#3305 = ORIENTED_EDGE ( 'NONE', *, *, #2518, .T. ) ;
ENDSEC;
END-ISO-10303-21;
