ISO-10303-21;
HEADER;
FILE_DESCRIPTION (( 'STEP AP214' ),
    '1' );
FILE_NAME ('Link_2_Cover.STEP',
    '2026-08-22T00:37:31',
    ( '' ),
    ( '' ),
    'SwSTEP 2.0',
    'SolidWorks 2025',
    '' );
FILE_SCHEMA (( 'AUTOMOTIVE_DESIGN' ));
ENDSEC;

DATA;
#1 = CARTESIAN_POINT ( 'NONE',  ( -54.34323485107294971, 9.191690699523165975, 48.66136822124191497 ) ) ;
#2 = ORIENTED_EDGE ( 'NONE', *, *, #617, .T. ) ;
#3 = CARTESIAN_POINT ( 'NONE',  ( -38.00000000000002132, 20.85000000000000497, 39.00000000000000000 ) ) ;
#4 = DIRECTION ( 'NONE',  ( 0.9537169507482291531, -2.623456902555774242E-16, -0.3007057995042662912 ) ) ;
#5 = ORIENTED_EDGE ( 'NONE', *, *, #1516, .T. ) ;
#6 = VERTEX_POINT ( 'NONE', #1662 ) ;
#7 = ORIENTED_EDGE ( 'NONE', *, *, #434, .T. ) ;
#8 = ORIENTED_EDGE ( 'NONE', *, *, #1258, .T. ) ;
#9 = AXIS2_PLACEMENT_3D ( 'NONE', #1600, #321, #831 ) ;
#10 = CARTESIAN_POINT ( 'NONE',  ( 55.00000000000000000, 16.50000000000000355, 39.00000000000000000 ) ) ;
#11 = CARTESIAN_POINT ( 'NONE',  ( -59.09354166563786492, 6.249999999999997335, 54.75000000000000711 ) ) ;
#12 = ORIENTED_EDGE ( 'NONE', *, *, #1332, .F. ) ;
#13 = ORIENTED_EDGE ( 'NONE', *, *, #345, .T. ) ;
#14 = EDGE_CURVE ( 'NONE', #454, #810, #1058, .T. ) ;
#15 = CARTESIAN_POINT ( 'NONE',  ( -55.59069162071134684, 6.496010676934560024, 47.24999999999995026 ) ) ;
#16 = PLANE ( 'NONE',  #759 ) ;
#17 = DIRECTION ( 'NONE',  ( 1.000000000000000000, -1.831433230166797560E-16, 0.000000000000000000 ) ) ;
#18 = VERTEX_POINT ( 'NONE', #1174 ) ;
#19 = ORIENTED_EDGE ( 'NONE', *, *, #1556, .F. ) ;
#20 = FACE_OUTER_BOUND ( 'NONE', #283, .T. ) ;
#21 = CARTESIAN_POINT ( 'NONE',  ( -38.00000000000000000, -19.74999999999998934, 46.50000000000000000 ) ) ;
#22 = ORIENTED_EDGE ( 'NONE', *, *, #926, .F. ) ;
#23 = CIRCLE ( 'NONE', #881, 19.74999999999999645 ) ;
#24 = EDGE_CURVE ( 'NONE', #469, #386, #1105, .T. ) ;
#25 = DIRECTION ( 'NONE',  ( -0.3007057995042663467, -2.745481104012767995E-17, -0.9537169507482290420 ) ) ;
#26 = ADVANCED_FACE ( 'NONE', ( #20 ), #766, .F. ) ;
#27 = VERTEX_POINT ( 'NONE', #118 ) ;
#28 = CARTESIAN_POINT ( 'NONE',  ( 54.99999999999999289, -16.49999999999999289, 45.24694147761348262 ) ) ;
#29 = SURFACE_SIDE_STYLE ('',( #1448 ) ) ;
#30 = ORIENTED_EDGE ( 'NONE', *, *, #1288, .F. ) ;
#31 = ORIENTED_EDGE ( 'NONE', *, *, #244, .F. ) ;
#32 = VECTOR ( 'NONE', #702, 1000.000000000000000 ) ;
#33 = ORIENTED_EDGE ( 'NONE', *, *, #599, .T. ) ;
#34 = LINE ( 'NONE', #65, #784 ) ;
#35 = DIRECTION ( 'NONE',  ( 1.000000000000000000, -2.739037067331800130E-16, 0.000000000000000000 ) ) ;
#36 = EDGE_CURVE ( 'NONE', #1212, #1579, #797, .T. ) ;
#37 = CARTESIAN_POINT ( 'NONE',  ( -58.78700932500687060, 7.208472144974666485, 54.63339963655075593 ) ) ;
#38 = FILL_AREA_STYLE_COLOUR ( '', #1030 ) ;
#39 = VECTOR ( 'NONE', #1422, 1000.000000000000114 ) ;
#40 = ORIENTED_EDGE ( 'NONE', *, *, #1526, .T. ) ;
#41 = VERTEX_POINT ( 'NONE', #971 ) ;
#42 = ORIENTED_EDGE ( 'NONE', *, *, #206, .T. ) ;
#43 = ORIENTED_EDGE ( 'NONE', *, *, #62, .T. ) ;
#44 = CYLINDRICAL_SURFACE ( 'NONE', #1043, 2.999999999999999112 ) ;
#45 = LINE ( 'NONE', #823, #516 ) ;
#46 = CARTESIAN_POINT ( 'NONE',  ( -8.893640210445294514, 18.99999999999998934, 63.50000000000000000 ) ) ;
#47 = VECTOR ( 'NONE', #793, 1000.000000000000000 ) ;
#48 = FACE_OUTER_BOUND ( 'NONE', #295, .T. ) ;
#49 = CARTESIAN_POINT ( 'NONE',  ( -55.01557988916140118, -7.879835725065349905, 47.61420337302566708 ) ) ;
#50 = ORIENTED_EDGE ( 'NONE', *, *, #1638, .T. ) ;
#51 = ORIENTED_EDGE ( 'NONE', *, *, #727, .T. ) ;
#52 = VERTEX_POINT ( 'NONE', #1359 ) ;
#53 = VERTEX_POINT ( 'NONE', #1483 ) ;
#54 = ORIENTED_EDGE ( 'NONE', *, *, #694, .T. ) ;
#55 = DIRECTION ( 'NONE',  ( -9.130123557772672032E-17, 1.000000000000000000, 0.000000000000000000 ) ) ;
#56 = PLANE ( 'NONE',  #1491 ) ;
#57 = LINE ( 'NONE', #78, #163 ) ;
#58 = AXIS2_PLACEMENT_3D ( 'NONE', #351, #1136, #1394 ) ;
#59 = SURFACE_STYLE_USAGE ( .BOTH. , #29 ) ;
#60 = CARTESIAN_POINT ( 'NONE',  ( -53.86023630752503522, -10.00077022717680819, 51.24590500521464520 ) ) ;
#61 = ORIENTED_EDGE ( 'NONE', *, *, #106, .F. ) ;
#62 = EDGE_CURVE ( 'NONE', #643, #792, #366, .T. ) ;
#63 = ORIENTED_EDGE ( 'NONE', *, *, #496, .F. ) ;
#64 = CARTESIAN_POINT ( 'NONE',  ( 0.8303528263282357047, -20.71594111258376358, 63.57962414786014449 ) ) ;
#65 = CARTESIAN_POINT ( 'NONE',  ( -0.05735696428904429184, -20.84999999999999432, 169.6300125883206533 ) ) ;
#66 = VECTOR ( 'NONE', #421, 1000.000000000000000 ) ;
#67 = DIRECTION ( 'NONE',  ( 1.000000000000000000, -2.398714191750070777E-16, 0.000000000000000000 ) ) ;
#68 = AXIS2_PLACEMENT_3D ( 'NONE', #728, #98, #1651 ) ;
#69 = AXIS2_PLACEMENT_3D ( 'NONE', #640, #663, #374 ) ;
#70 = CARTESIAN_POINT ( 'NONE',  ( -55.67766952966369587, -6.250000000000002665, 47.25000000000000000 ) ) ;
#71 = ORIENTED_EDGE ( 'NONE', *, *, #963, .T. ) ;
#72 = DIRECTION ( 'NONE',  ( 0.9950371902099891530, -0.09950371902099874877, 0.000000000000000000 ) ) ;
#73 = AXIS2_PLACEMENT_3D ( 'NONE', #542, #755, #1280 ) ;
#74 = PLANE ( 'NONE',  #137 ) ;
#75 = ORIENTED_EDGE ( 'NONE', *, *, #834, .F. ) ;
#76 = FACE_OUTER_BOUND ( 'NONE', #1559, .T. ) ;
#77 = AXIS2_PLACEMENT_3D ( 'NONE', #1606, #1326, #937 ) ;
#78 = CARTESIAN_POINT ( 'NONE',  ( -1.622809725565987016, 22.16228097255659080, 61.30163616026204920 ) ) ;
#79 = EDGE_LOOP ( 'NONE', ( #966, #540, #250, #1071 ) ) ;
#80 = DIRECTION ( 'NONE',  ( -0.9494089267861937076, -0.09494089267861879899, 0.2993474847665748562 ) ) ;
#81 = ADVANCED_FACE ( 'NONE', ( #1224 ), #839, .T. ) ;
#82 = ADVANCED_FACE ( 'NONE', ( #1232 ), #178, .T. ) ;
#83 = CIRCLE ( 'NONE', #726, 22.00000000000000000 ) ;
#84 = CARTESIAN_POINT ( 'NONE',  ( -54.62156132465880631, -8.678998983900331865, 48.13282832273038991 ) ) ;
#85 = DIRECTION ( 'NONE',  ( -0.9950371902099891530, -0.09950371902099880428, 0.000000000000000000 ) ) ;
#86 = APPLICATION_PROTOCOL_DEFINITION ( 'draft international standard', 'automotive_design', 1998, #876 ) ;
#87 = CARTESIAN_POINT ( 'NONE',  ( -57.98306724275595769, -9.203289522109058041, 53.32396128047210482 ) ) ;
#88 = DIRECTION ( 'NONE',  ( -7.885106708985491499E-17, 1.000000000000000000, 0.000000000000000000 ) ) ;
#89 = VECTOR ( 'NONE', #1225, 1000.000000000000114 ) ;
#90 = PLANE ( 'NONE',  #785 ) ;
#91 = CARTESIAN_POINT ( 'NONE',  ( -54.43227845725169090, 9.032257714750430821, 48.47410192991112154 ) ) ;
#92 = ADVANCED_FACE ( 'NONE', ( #199 ), #714, .T. ) ;
#93 = EDGE_CURVE ( 'NONE', #1337, #1222, #103, .T. ) ;
#94 = FACE_BOUND ( 'NONE', #1117, .T. ) ;
#95 = CARTESIAN_POINT ( 'NONE',  ( -58.05772807242480837, -9.040107522522761840, 48.48274843961277725 ) ) ;
#96 = DIRECTION ( 'NONE',  ( 1.000000000000000000, -0.000000000000000000, -0.000000000000000000 ) ) ;
#97 = VECTOR ( 'NONE', #1541, 1000.000000000000000 ) ;
#98 = DIRECTION ( 'NONE',  ( -0.000000000000000000, -0.000000000000000000, -1.000000000000000000 ) ) ;
#99 = CARTESIAN_POINT ( 'NONE',  ( -58.94318316179570161, -6.741333690539549117, 54.72552111939266695 ) ) ;
#100 = DIRECTION ( 'NONE',  ( 0.000000000000000000, 0.000000000000000000, -1.000000000000000000 ) ) ;
#101 = CARTESIAN_POINT ( 'NONE',  ( -8.431896047265816208, 18.99999999999998934, 66.50000000000000000 ) ) ;
#102 = CARTESIAN_POINT ( 'NONE',  ( 55.00000000000000000, -13.57524905351498212, 46.50000000000000000 ) ) ;
#103 =( BOUNDED_CURVE ( )  B_SPLINE_CURVE ( 3, ( #436, #1474, #64, #822 ),
 .UNSPECIFIED., .F., .F. ) 
 B_SPLINE_CURVE_WITH_KNOTS ( ( 4, 4 ),
 ( 0.02992581187968757633, 1.570796326794896114 ),
 .UNSPECIFIED. ) 
 CURVE ( )  GEOMETRIC_REPRESENTATION_ITEM ( )  RATIONAL_B_SPLINE_CURVE ( ( 1.000000000000000000, 0.8117384023750995325, 0.8117384023750995325, 1.000000000000000000 ) ) 
 REPRESENTATION_ITEM ( '' )  );
#104 = CARTESIAN_POINT ( 'NONE',  ( -55.50021551571482092, 6.735636867330952349, 54.72609553778222846 ) ) ;
#105 = LINE ( 'NONE', #237, #353 ) ;
#106 = EDGE_CURVE ( 'NONE', #318, #1339, #739, .T. ) ;
#107 = CARTESIAN_POINT ( 'NONE',  ( -7.991522811932492587, -21.99999999999999289, 66.36115085224469112 ) ) ;
#108 = CARTESIAN_POINT ( 'NONE',  ( -58.94318316179570161, 6.741333690539547341, 47.27447888060734016 ) ) ;
#109 = DIRECTION ( 'NONE',  ( -0.9950371902099890420, -0.09950371902099887367, 0.000000000000000000 ) ) ;
#110 = CARTESIAN_POINT ( 'NONE',  ( -55.59079152634801346, 6.495728101121863496, 54.75000000000000000 ) ) ;
#111 = DIRECTION ( 'NONE',  ( 0.000000000000000000, 0.000000000000000000, -1.000000000000000000 ) ) ;
#112 = CIRCLE ( 'NONE', #671, 22.00000000000000000 ) ;
#113 = LINE ( 'NONE', #1148, #1283 ) ;
#114 = CARTESIAN_POINT ( 'NONE',  ( -38.00000000000002132, 19.75000000000000000, 39.00000000000000000 ) ) ;
#115 = AXIS2_PLACEMENT_3D ( 'NONE', #324, #67, #680 ) ;
#116 = VERTEX_POINT ( 'NONE', #1100 ) ;
#117 = EDGE_CURVE ( 'NONE', #641, #1356, #563, .T. ) ;
#118 = CARTESIAN_POINT ( 'NONE',  ( 51.67449047657704142, -15.67681525591339131, 46.50000000000000000 ) ) ;
#119 = CARTESIAN_POINT ( 'NONE',  ( -54.34799762921482369, 9.183214591733268151, 53.34909282123788898 ) ) ;
#120 = LINE ( 'NONE', #525, #39 ) ;
#121 = CARTESIAN_POINT ( 'NONE',  ( -55.49839952279846500, 6.740419437464922225, 47.27442066104137552 ) ) ;
#122 = EDGE_CURVE ( 'NONE', #526, #1337, #707, .T. ) ;
#123 = EDGE_LOOP ( 'NONE', ( #1297, #1431, #1587, #2, #960 ) ) ;
#124 = CARTESIAN_POINT ( 'NONE',  ( -0.05735696428904429184, -20.84999999999999432, 46.50000000000000000 ) ) ;
#125 = CARTESIAN_POINT ( 'NONE',  ( 55.00000000000000000, 16.50000000000000355, 39.00000000000000000 ) ) ;
#126 = ORIENTED_EDGE ( 'NONE', *, *, #343, .T. ) ;
#127 = EDGE_LOOP ( 'NONE', ( #207, #40, #292, #600 ) ) ;
#128 = ORIENTED_EDGE ( 'NONE', *, *, #1589, .T. ) ;
#129 = CARTESIAN_POINT ( 'NONE',  ( -38.00000000000001421, 3.469446951953614189E-15, 39.00000000000000000 ) ) ;
#130 = CARTESIAN_POINT ( 'NONE',  ( -38.00000000000001421, 3.469446951953614189E-15, 47.25000000000000000 ) ) ;
#131 = DIRECTION ( 'NONE',  ( -1.000000000000000000, 0.000000000000000000, -9.251858538542964333E-15 ) ) ;
#132 = VERTEX_POINT ( 'NONE', #812 ) ;
#133 = CARTESIAN_POINT ( 'NONE',  ( -57.85283446746733205, 9.480953436422325353, 49.08071499609792454 ) ) ;
#134 = APPLICATION_CONTEXT ( 'automotive_design' ) ;
#135 = DIRECTION ( 'NONE',  ( 0.9494089267861938186, 0.09494089267861925696, -0.2993474847665749117 ) ) ;
#136 = CIRCLE ( 'NONE', #1062, 20.85000000000000142 ) ;
#137 = AXIS2_PLACEMENT_3D ( 'NONE', #954, #835, #187 ) ;
#138 = ORIENTED_EDGE ( 'NONE', *, *, #14, .T. ) ;
#139 = EDGE_CURVE ( 'NONE', #296, #158, #455, .T. ) ;
#140 = VECTOR ( 'NONE', #753, 1000.000000000000000 ) ;
#141 = ORIENTED_EDGE ( 'NONE', *, *, #981, .F. ) ;
#142 = ORIENTED_EDGE ( 'NONE', *, *, #1628, .T. ) ;
#143 = CARTESIAN_POINT ( 'NONE',  ( -59.09354166563786492, 6.250000000000000888, 47.25000000000000000 ) ) ;
#144 = DIRECTION ( 'NONE',  ( 0.000000000000000000, 0.000000000000000000, -1.000000000000000000 ) ) ;
#145 = CARTESIAN_POINT ( 'NONE',  ( -53.87910317542272054, 9.970983201180397160, 51.53101404209553493 ) ) ;
#146 = LINE ( 'NONE', #415, #695 ) ;
#147 = DIRECTION ( 'NONE',  ( 1.000000000000000000, 5.329070518200751394E-15, 0.000000000000000000 ) ) ;
#148 = VERTEX_POINT ( 'NONE', #687 ) ;
#149 = ORIENTED_EDGE ( 'NONE', *, *, #185, .T. ) ;
#150 = DIRECTION ( 'NONE',  ( 0.000000000000000000, 0.000000000000000000, 1.000000000000000000 ) ) ;
#151 = ADVANCED_FACE ( 'NONE', ( #1202 ), #44, .T. ) ;
#152 = CARTESIAN_POINT ( 'NONE',  ( -6.938893903907228378E-15, 21.99999999999999289, 39.00000000000000000 ) ) ;
#153 = ORIENTED_EDGE ( 'NONE', *, *, #584, .T. ) ;
#154 = CARTESIAN_POINT ( 'NONE',  ( -0.05735696428904429184, -20.84999999999999432, 169.6300125883206533 ) ) ;
#155 = EDGE_LOOP ( 'NONE', ( #432, #418, #820, #196 ) ) ;
#156 = LINE ( 'NONE', #936, #394 ) ;
#157 = AXIS2_PLACEMENT_3D ( 'NONE', #1147, #1655, #1537 ) ;
#158 = VERTEX_POINT ( 'NONE', #546 ) ;
#159 = EDGE_CURVE ( 'NONE', #1609, #1550, #1069, .T. ) ;
#160 = ORIENTED_EDGE ( 'NONE', *, *, #679, .T. ) ;
#161 = ORIENTED_EDGE ( 'NONE', *, *, #1296, .F. ) ;
#162 = FACE_OUTER_BOUND ( 'NONE', #656, .T. ) ;
#163 = VECTOR ( 'NONE', #212, 1000.000000000000114 ) ;
#164 = FACE_OUTER_BOUND ( 'NONE', #1408, .T. ) ;
#165 = DIRECTION ( 'NONE',  ( 1.000000000000000000, -0.000000000000000000, -0.000000000000000000 ) ) ;
#166 = ORIENTED_EDGE ( 'NONE', *, *, #873, .T. ) ;
#167 = ORIENTED_EDGE ( 'NONE', *, *, #122, .F. ) ;
#168 = EDGE_LOOP ( 'NONE', ( #12, #1066, #1435, #1304, #376, #161, #1159 ) ) ;
#169 = DIRECTION ( 'NONE',  ( -0.000000000000000000, -0.000000000000000000, -1.000000000000000000 ) ) ;
#170 = PLANE ( 'NONE',  #925 ) ;
#171 = CARTESIAN_POINT ( 'NONE',  ( -38.00000000000001421, 3.469446951953614189E-15, 39.00000000000000000 ) ) ;
#172 = CARTESIAN_POINT ( 'NONE',  ( -57.98613489995896231, 9.196630938770796959, 53.33234168626389504 ) ) ;
#173 = CARTESIAN_POINT ( 'NONE',  ( 53.85000000000000142, -15.45926430357109638, 39.00000000000000000 ) ) ;
#174 = CIRCLE ( 'NONE', #1125, 3.000000000000002665 ) ;
#175 = ORIENTED_EDGE ( 'NONE', *, *, #478, .T. ) ;
#176 = EDGE_LOOP ( 'NONE', ( #1350, #1172, #1087, #634, #1667 ) ) ;
#177 = EDGE_LOOP ( 'NONE', ( #8, #1471, #397, #1153, #983, #406, #522 ) ) ;
#178 = SPHERICAL_SURFACE ( 'NONE', #1445, 3.000000000000000000 ) ;
#179 = DIRECTION ( 'NONE',  ( -0.9950371902099891530, 0.09950371902099876265, 0.000000000000000000 ) ) ;
#180 = EDGE_CURVE ( 'NONE', #158, #1609, #146, .T. ) ;
#181 = VECTOR ( 'NONE', #1652, 1000.000000000000000 ) ;
#182 = DIRECTION ( 'NONE',  ( 1.000000000000000000, -0.000000000000000000, -0.000000000000000000 ) ) ;
#183 = AXIS2_PLACEMENT_3D ( 'NONE', #1271, #1049, #658 ) ;
#184 = PRODUCT_RELATED_PRODUCT_CATEGORY ( 'part', '', ( #1492 ) ) ;
#185 = EDGE_CURVE ( 'NONE', #328, #526, #219, .T. ) ;
#186 = CARTESIAN_POINT ( 'NONE',  ( -0.1122201475219980621, -19.74999999999998934, 46.50000000000000000 ) ) ;
#187 = DIRECTION ( 'NONE',  ( 1.000000000000000000, 0.000000000000000000, -0.000000000000000000 ) ) ;
#188 = ORIENTED_EDGE ( 'NONE', *, *, #929, .F. ) ;
#189 = EDGE_LOOP ( 'NONE', ( #1399, #923, #931, #1434 ) ) ;
#190 = EDGE_LOOP ( 'NONE', ( #1073, #969, #166, #255, #1290 ) ) ;
#191 = CARTESIAN_POINT ( 'NONE',  ( -8.893640210445294514, 18.99999999999999645, 63.50000000000000000 ) ) ;
#192 = DIRECTION ( 'NONE',  ( 0.000000000000000000, 0.000000000000000000, -1.000000000000000000 ) ) ;
#193 = FACE_OUTER_BOUND ( 'NONE', #127, .T. ) ;
#194 = EDGE_CURVE ( 'NONE', #1356, #515, #817, .T. ) ;
#195 = DIRECTION ( 'NONE',  ( -0.000000000000000000, -0.000000000000000000, -1.000000000000000000 ) ) ;
#196 = ORIENTED_EDGE ( 'NONE', *, *, #1241, .F. ) ;
#197 = ORIENTED_EDGE ( 'NONE', *, *, #499, .T. ) ;
#198 = ADVANCED_FACE ( 'NONE', ( #423 ), #293, .F. ) ;
#199 = FACE_OUTER_BOUND ( 'NONE', #79, .T. ) ;
#200 = CARTESIAN_POINT ( 'NONE',  ( -38.00000000000001421, 3.469446951953614189E-15, 47.25000000000000000 ) ) ;
#201 = VECTOR ( 'NONE', #1264, 1000.000000000000000 ) ;
#202 = CARTESIAN_POINT ( 'NONE',  ( -55.59079152634800636, -6.495728101121868825, 47.25000000000000000 ) ) ;
#203 = ORIENTED_EDGE ( 'NONE', *, *, #1527, .F. ) ;
#204 = ADVANCED_FACE ( 'NONE', ( #1325 ), #16, .F. ) ;
#205 = LINE ( 'NONE', #210, #649 ) ;
#206 = EDGE_CURVE ( 'NONE', #306, #1213, #156, .T. ) ;
#207 = ORIENTED_EDGE ( 'NONE', *, *, #1614, .F. ) ;
#208 = CARTESIAN_POINT ( 'NONE',  ( -38.00000000000001421, 20.85000000000000497, 169.6300125883206533 ) ) ;
#209 = CARTESIAN_POINT ( 'NONE',  ( -54.43550023714961128, -9.026386662812051043, 48.46773094058207931 ) ) ;
#210 = CARTESIAN_POINT ( 'NONE',  ( 53.85000000000000142, 1.135269213054933226E-15, 45.81406448207005866 ) ) ;
#211 = EDGE_CURVE ( 'NONE', #1442, #1599, #682, .T. ) ;
#212 = DIRECTION ( 'NONE',  ( 0.9494089267861937076, -0.09494089267861915982, -0.2993474847665750227 ) ) ;
#213 = CARTESIAN_POINT ( 'NONE',  ( -57.66007609840208659, -9.873431763798643956, 51.99897074020598353 ) ) ;
#214 = CARTESIAN_POINT ( 'NONE',  ( 7.467057896511716919, -17.98708463348453179, 60.43854995194356405 ) ) ;
#215 = EDGE_CURVE ( 'NONE', #778, #1320, #874, .T. ) ;
#216 = DIRECTION ( 'NONE',  ( -0.000000000000000000, -0.000000000000000000, -1.000000000000000000 ) ) ;
#217 = VECTOR ( 'NONE', #88, 1000.000000000000000 ) ;
#218 = FACE_OUTER_BOUND ( 'NONE', #836, .T. ) ;
#219 =( BOUNDED_CURVE ( )  B_SPLINE_CURVE ( 3, ( #796, #927, #28, #806 ),
 .UNSPECIFIED., .F., .F. ) 
 B_SPLINE_CURVE_WITH_KNOTS ( ( 4, 4 ),
 ( 5.990706769688630473, 7.531577284603846678 ),
 .UNSPECIFIED. ) 
 CURVE ( )  GEOMETRIC_REPRESENTATION_ITEM ( )  RATIONAL_B_SPLINE_CURVE ( ( 1.000000000000000000, 0.8117384023750975341, 0.8117384023750975341, 1.000000000000000000 ) ) 
 REPRESENTATION_ITEM ( '' )  );
#220 = DIRECTION ( 'NONE',  ( -0.000000000000000000, -0.000000000000000000, 1.000000000000000000 ) ) ;
#221 = LINE ( 'NONE', #1387, #1018 ) ;
#222 = CIRCLE ( 'NONE', #489, 20.85000000000000142 ) ;
#223 = VECTOR ( 'NONE', #1634, 1000.000000000000000 ) ;
#224 = AXIS2_PLACEMENT_3D ( 'NONE', #1268, #1152, #1308 ) ;
#225 = DIRECTION ( 'NONE',  ( -0.000000000000000000, 0.000000000000000000, -1.000000000000000000 ) ) ;
#226 = CARTESIAN_POINT ( 'NONE',  ( -38.00000000000000000, -18.99999999999999645, 66.50000000000000000 ) ) ;
#227 = DIRECTION ( 'NONE',  ( -0.9537169507482290420, 2.612266079842055611E-16, 0.3007057995042663467 ) ) ;
#228 = AXIS2_PLACEMENT_3D ( 'NONE', #961, #55, #571 ) ;
#229 = CARTESIAN_POINT ( 'NONE',  ( 18.00826512770979804, 1.416227083887831426E-15, 57.11492007862450748 ) ) ;
#230 = EDGE_CURVE ( 'NONE', #1289, #1579, #1524, .T. ) ;
#231 = CARTESIAN_POINT ( 'NONE',  ( -38.00000000000001421, 3.469446951953614189E-15, 54.75000000000000711 ) ) ;
#232 = CARTESIAN_POINT ( 'NONE',  ( 51.75000000000000711, -13.55879042313570793, 39.00000000000000000 ) ) ;
#233 = CARTESIAN_POINT ( 'NONE',  ( -60.00000000000001421, 3.469446951953614189E-15, 66.50000000000000000 ) ) ;
#234 = LINE ( 'NONE', #623, #1633 ) ;
#235 = VECTOR ( 'NONE', #1455, 1000.000000000000000 ) ;
#236 = CARTESIAN_POINT ( 'NONE',  ( -1.921320882628984261, 19.17716940192662278, 61.30163616026204920 ) ) ;
#237 = CARTESIAN_POINT ( 'NONE',  ( -8.431896047265787786, -18.99999999999998934, 66.49999999999998579 ) ) ;
#238 = CARTESIAN_POINT ( 'NONE',  ( -38.00000000000000000, -21.99999999999999645, 66.50000000000000000 ) ) ;
#239 = ADVANCED_FACE ( 'NONE', ( #372 ), #875, .F. ) ;
#240 = CARTESIAN_POINT ( 'NONE',  ( -59.09354166563786492, 6.250000000000000888, 47.25000000000000000 ) ) ;
#241 = DIRECTION ( 'NONE',  ( 1.000000000000000000, -2.739037067331800130E-16, 0.000000000000000000 ) ) ;
#242 = B_SPLINE_CURVE_WITH_KNOTS ( 'NONE', 3,
 ( #743, #593, #855, #463, #1490, #355, #341, #846, #1255, #95, #1366, #720, #606, #1503, #1624, #1131, #985, #1496, #1381, #346, #1369, #213, #1640, #724, #1246, #87, #601, #1123, #1631, #350, #737, #613, #858, #99, #484, #996 ),
 .UNSPECIFIED., .F., .F.,
 ( 4, 2, 2, 2, 2, 2, 2, 2, 2, 2, 2, 2, 2, 2, 2, 2, 2, 4 ),
 ( 0.000000000000000000, 0.0007586805590236014646, 0.001517361118047202929, 0.002276041677070802117, 0.003034722236094401088, 0.003793402795118000492, 0.004552083354141599897, 0.005310763913165199301, 0.005690104192676989463, 0.006069444472188779624, 0.006828125031212359079, 0.007586805590235939402, 0.008345486149259518857, 0.009104166708283099180, 0.009862847267306677768, 0.01062152782633025809, 0.01138020838535383841, 0.01213888894437741874 ),
 .UNSPECIFIED. ) ;
#243 = ORIENTED_EDGE ( 'NONE', *, *, #1261, .F. ) ;
#244 = EDGE_CURVE ( 'NONE', #409, #1064, #891, .T. ) ;
#245 = ORIENTED_EDGE ( 'NONE', *, *, #1273, .T. ) ;
#246 = CYLINDRICAL_SURFACE ( 'NONE', #183, 20.85000000000000142 ) ;
#247 = DIRECTION ( 'NONE',  ( -1.000000000000000000, 0.000000000000000000, 0.000000000000000000 ) ) ;
#248 = EDGE_CURVE ( 'NONE', #917, #810, #1517, .T. ) ;
#249 = CARTESIAN_POINT ( 'NONE',  ( -38.00000000000000711, 19.00000000000000355, 63.50000000000000000 ) ) ;
#250 = ORIENTED_EDGE ( 'NONE', *, *, #1140, .T. ) ;
#251 = CARTESIAN_POINT ( 'NONE',  ( -38.00000000000000000, -19.74999999999998934, 46.50000000000000000 ) ) ;
#252 = VECTOR ( 'NONE', #752, 1000.000000000000000 ) ;
#253 = CARTESIAN_POINT ( 'NONE',  ( 0.8303528263283642685, 20.71594111258375648, 63.57962414786009475 ) ) ;
#254 = CIRCLE ( 'NONE', #1551, 3.000000000000002665 ) ;
#255 = ORIENTED_EDGE ( 'NONE', *, *, #1357, .F. ) ;
#256 = ORIENTED_EDGE ( 'NONE', *, *, #1261, .T. ) ;
#257 = CARTESIAN_POINT ( 'NONE',  ( -38.00000000000001421, 3.469446951953614189E-15, 39.00000000000000000 ) ) ;
#258 = DIRECTION ( 'NONE',  ( 1.000000000000000000, 0.000000000000000000, -0.000000000000000000 ) ) ;
#259 = DIRECTION ( 'NONE',  ( -9.130123557772672032E-17, 1.000000000000000000, 0.000000000000000000 ) ) ;
#260 = EDGE_CURVE ( 'NONE', #515, #305, #234, .T. ) ;
#261 = LINE ( 'NONE', #124, #901 ) ;
#262 = DIRECTION ( 'NONE',  ( -1.000000000000000000, 0.000000000000000000, -0.000000000000000000 ) ) ;
#263 = ORIENTED_EDGE ( 'NONE', *, *, #117, .T. ) ;
#264 = ORIENTED_EDGE ( 'NONE', *, *, #93, .F. ) ;
#265 = CARTESIAN_POINT ( 'NONE',  ( 53.85000000000000142, -15.45926430357109638, 169.6300125883206533 ) ) ;
#266 = LINE ( 'NONE', #1536, #597 ) ;
#267 = LINE ( 'NONE', #921, #848 ) ;
#268 = ORIENTED_EDGE ( 'NONE', *, *, #742, .T. ) ;
#269 = LINE ( 'NONE', #1274, #629 ) ;
#270 = CARTESIAN_POINT ( 'NONE',  ( -57.66218557873322936, 9.869235965363053253, 52.01381559763694895 ) ) ;
#271 = DIRECTION ( 'NONE',  ( -0.9537169507482291531, 0.000000000000000000, 0.3007057995042662912 ) ) ;
#272 = VECTOR ( 'NONE', #962, 1000.000000000000000 ) ;
#273 = EDGE_CURVE ( 'NONE', #148, #1309, #261, .T. ) ;
#274 = AXIS2_PLACEMENT_3D ( 'NONE', #1515, #225, #1388 ) ;
#275 = ORIENTED_EDGE ( 'NONE', *, *, #926, .T. ) ;
#276 = VERTEX_POINT ( 'NONE', #251 ) ;
#277 = ORIENTED_EDGE ( 'NONE', *, *, #1129, .T. ) ;
#278 = LINE ( 'NONE', #1007, #396 ) ;
#279 = LINE ( 'NONE', #757, #389 ) ;
#280 = ORIENTED_EDGE ( 'NONE', *, *, #654, .T. ) ;
#281 = ORIENTED_EDGE ( 'NONE', *, *, #230, .F. ) ;
#282 = DIRECTION ( 'NONE',  ( 0.000000000000000000, 0.000000000000000000, 1.000000000000000000 ) ) ;
#283 = EDGE_LOOP ( 'NONE', ( #1659, #550, #1481, #1419 ) ) ;
#284 = DIRECTION ( 'NONE',  ( -0.9950371902099891530, 0.09950371902099867938, 0.000000000000000000 ) ) ;
#285 = CARTESIAN_POINT ( 'NONE',  ( -26.87999956809981938, -18.74999999999999289, 71.26813557209216299 ) ) ;
#286 = ADVANCED_FACE ( 'NONE', ( #528 ), #904, .T. ) ;
#287 = ORIENTED_EDGE ( 'NONE', *, *, #1284, .F. ) ;
#288 = ORIENTED_EDGE ( 'NONE', *, *, #893, .F. ) ;
#289 = ORIENTED_EDGE ( 'NONE', *, *, #1015, .F. ) ;
#290 = FACE_OUTER_BOUND ( 'NONE', #190, .T. ) ;
#291 = DIRECTION ( 'NONE',  ( 0.000000000000000000, 1.000000000000000000, 0.000000000000000000 ) ) ;
#292 = ORIENTED_EDGE ( 'NONE', *, *, #139, .T. ) ;
#293 = CYLINDRICAL_SURFACE ( 'NONE', #323, 3.750000000000003553 ) ;
#294 = PRESENTATION_STYLE_ASSIGNMENT (( #59 ) ) ;
#295 = EDGE_LOOP ( 'NONE', ( #1427, #1173, #713, #1451 ) ) ;
#296 = VERTEX_POINT ( 'NONE', #762 ) ;
#297 = CARTESIAN_POINT ( 'NONE',  ( 48.44869985944989565, -17.15513001405500404, 45.51414983076450227 ) ) ;
#298 = CARTESIAN_POINT ( 'NONE',  ( -0.1620957686428921851, -18.74999999999999289, 62.84401286273840981 ) ) ;
#299 =( GEOMETRIC_REPRESENTATION_CONTEXT ( 3 ) GLOBAL_UNCERTAINTY_ASSIGNED_CONTEXT ( ( #585 ) ) GLOBAL_UNIT_ASSIGNED_CONTEXT ( ( #612, #331, #977 ) ) REPRESENTATION_CONTEXT ( 'NONE', 'WORKASPACE' ) );
#300 = AXIS2_PLACEMENT_3D ( 'NONE', #986, #866, #1382 ) ;
#301 = CARTESIAN_POINT ( 'NONE',  ( -60.00100000000001188, -6.250000000000002665, 54.75000000000000711 ) ) ;
#302 = CARTESIAN_POINT ( 'NONE',  ( -0.1122201475220255401, 19.74999999999999289, 46.50000000000000000 ) ) ;
#303 = LINE ( 'NONE', #692, #590 ) ;
#304 = EDGE_CURVE ( 'NONE', #792, #433, #500, .T. ) ;
#305 = VERTEX_POINT ( 'NONE', #1031 ) ;
#306 = VERTEX_POINT ( 'NONE', #1170 ) ;
#307 = CIRCLE ( 'NONE', #1646, 19.00000000000000000 ) ;
#308 = VECTOR ( 'NONE', #1266, 1000.000000000000000 ) ;
#309 = ORIENTED_EDGE ( 'NONE', *, *, #260, .T. ) ;
#310 = ORIENTED_EDGE ( 'NONE', *, *, #1111, .T. ) ;
#311 = CARTESIAN_POINT ( 'NONE',  ( -8.893640210445294514, 18.99999999999999645, 63.50000000000000000 ) ) ;
#312 = DIRECTION ( 'NONE',  ( 1.000000000000000000, -0.000000000000000000, 0.000000000000000000 ) ) ;
#313 =( GEOMETRIC_REPRESENTATION_CONTEXT ( 3 ) GLOBAL_UNCERTAINTY_ASSIGNED_CONTEXT ( ( #999 ) ) GLOBAL_UNIT_ASSIGNED_CONTEXT ( ( #1094, #807, #450 ) ) REPRESENTATION_CONTEXT ( 'NONE', 'WORKASPACE' ) );
#314 = EDGE_CURVE ( 'NONE', #1339, #908, #1406, .T. ) ;
#315 = DIRECTION ( 'NONE',  ( 1.000000000000000000, 0.000000000000000000, 0.000000000000000000 ) ) ;
#316 = PLANE ( 'NONE',  #1252 ) ;
#317 = DIRECTION ( 'NONE',  ( 1.000000000000000000, 0.000000000000000000, 0.000000000000000000 ) ) ;
#318 = VERTEX_POINT ( 'NONE', #1511 ) ;
#319 = VERTEX_POINT ( 'NONE', #1657 ) ;
#320 = ORIENTED_EDGE ( 'NONE', *, *, #914, .F. ) ;
#321 = DIRECTION ( 'NONE',  ( 0.000000000000000000, 0.000000000000000000, -1.000000000000000000 ) ) ;
#322 = CARTESIAN_POINT ( 'NONE',  ( -0.1122201475220255401, 19.74999999999999289, 39.00000000000000000 ) ) ;
#323 = AXIS2_PLACEMENT_3D ( 'NONE', #1063, #662, #1054 ) ;
#324 = CARTESIAN_POINT ( 'NONE',  ( 52.75000000000000000, 14.46377798524780012, 46.50000000000000000 ) ) ;
#325 = CARTESIAN_POINT ( 'NONE',  ( 53.85000000000000142, 15.45926430357109993, 169.6300125883206533 ) ) ;
#326 = ADVANCED_FACE ( 'NONE', ( #506 ), #362, .F. ) ;
#327 = ORIENTED_EDGE ( 'NONE', *, *, #1332, .T. ) ;
#328 = VERTEX_POINT ( 'NONE', #102 ) ;
#329 = DIRECTION ( 'NONE',  ( -7.691785919822037952E-15, -1.000000000000000000, 0.000000000000000000 ) ) ;
#330 = CARTESIAN_POINT ( 'NONE',  ( 1.341614560489159835, -18.94108759746610104, 63.41842394227903412 ) ) ;
#331 =( NAMED_UNIT ( * ) PLANE_ANGLE_UNIT ( ) SI_UNIT ( $, .RADIAN. ) );
#332 = CARTESIAN_POINT ( 'NONE',  ( -54.61877009122568438, -8.684350026185542859, 53.86270134694095191 ) ) ;
#333 = ADVANCED_FACE ( 'NONE', ( #616 ), #512, .F. ) ;
#334 = EDGE_CURVE ( 'NONE', #335, #402, #475, .T. ) ;
#335 = VERTEX_POINT ( 'NONE', #1229 ) ;
#336 = CARTESIAN_POINT ( 'NONE',  ( -38.00000000000000000, -21.99999999999999645, 39.00000000000000000 ) ) ;
#337 = AXIS2_PLACEMENT_3D ( 'NONE', #427, #832, #1475 ) ;
#338 = FACE_OUTER_BOUND ( 'NONE', #168, .T. ) ;
#339 = PRODUCT_DEFINITION_SHAPE ( 'NONE', 'NONE',  #1020 ) ;
#340 = ORIENTED_EDGE ( 'NONE', *, *, #185, .F. ) ;
#341 = CARTESIAN_POINT ( 'NONE',  ( -58.45567410650478024, -8.100145285785661287, 47.72938559774947009 ) ) ;
#342 = CARTESIAN_POINT ( 'NONE',  ( -38.00000000000001421, 18.75000000000000355, 36.00000000000000711 ) ) ;
#343 = EDGE_CURVE ( 'NONE', #1213, #419, #495, .T. ) ;
#344 = CARTESIAN_POINT ( 'NONE',  ( 0.7524905351501294248, -18.99999999999998934, 63.60417403396793645 ) ) ;
#345 = EDGE_CURVE ( 'NONE', #1410, #41, #1220, .T. ) ;
#346 = CARTESIAN_POINT ( 'NONE',  ( -57.59564521141846427, -10.00053444171592965, 51.24505369055389536 ) ) ;
#347 = CARTESIAN_POINT ( 'NONE',  ( -0.1620957686428887712, 18.74999999999999289, 39.00000000000000000 ) ) ;
#348 = CIRCLE ( 'NONE', #1583, 2.999999999999997780 ) ;
#349 = DIRECTION ( 'NONE',  ( 0.000000000000000000, 0.000000000000000000, -1.000000000000000000 ) ) ;
#350 = CARTESIAN_POINT ( 'NONE',  ( -58.45335508042040118, -8.106009377627154677, 54.26734179744256181 ) ) ;
#351 = CARTESIAN_POINT ( 'NONE',  ( -0.1620957686428910194, -18.74999999999999289, 36.00000000000000711 ) ) ;
#352 = CARTESIAN_POINT ( 'NONE',  ( 7.776116632202740853, -18.96116632202751973, 46.50000000000000000 ) ) ;
#353 = VECTOR ( 'NONE', #879, 1000.000000000000000 ) ;
#354 = ADVANCED_FACE ( 'NONE', ( #589, #1095 ), #1596, .F. ) ;
#355 = CARTESIAN_POINT ( 'NONE',  ( -58.53854697357181891, -7.888280911560824116, 47.61816436382560624 ) ) ;
#356 = FACE_OUTER_BOUND ( 'NONE', #176, .T. ) ;
#357 = ADVANCED_FACE ( 'NONE', ( #841 ), #74, .T. ) ;
#358 = AXIS2_PLACEMENT_3D ( 'NONE', #200, #976, #715 ) ;
#359 = VECTOR ( 'NONE', #216, 1000.000000000000000 ) ;
#360 = VECTOR ( 'NONE', #763, 1000.000000000000000 ) ;
#361 = CARTESIAN_POINT ( 'NONE',  ( -60.00100000000001188, 6.249999999999999112, 51.00000000000000711 ) ) ;
#362 = PLANE ( 'NONE',  #1544 ) ;
#363 = CARTESIAN_POINT ( 'NONE',  ( -38.00000000000000000, -21.99999999999999645, 63.50000000000000000 ) ) ;
#364 = CARTESIAN_POINT ( 'NONE',  ( 55.00000000000000000, -16.49999999999999645, 43.44853283086639806 ) ) ;
#365 = CARTESIAN_POINT ( 'NONE',  ( 54.99999999999999289, 88.51019046846228377, 46.50000000000000000 ) ) ;
#366 = CIRCLE ( 'NONE', #498, 2.999999999999999112 ) ;
#367 = DIRECTION ( 'NONE',  ( 0.000000000000000000, 0.000000000000000000, -1.000000000000000000 ) ) ;
#368 = FACE_OUTER_BOUND ( 'NONE', #1546, .T. ) ;
#369 = CARTESIAN_POINT ( 'NONE',  ( -38.00000000000000000, -20.84999999999999432, 169.6300125883206533 ) ) ;
#370 = VECTOR ( 'NONE', #887, 1000.000000000000000 ) ;
#371 = CARTESIAN_POINT ( 'NONE',  ( -8.893640210445290961, -18.99999999999999289, 63.50000000000000000 ) ) ;
#372 = FACE_OUTER_BOUND ( 'NONE', #666, .T. ) ;
#373 = VECTOR ( 'NONE', #964, 999.9999999999998863 ) ;
#374 = DIRECTION ( 'NONE',  ( -0.9950371902099891530, 0.09950371902099867938, 0.000000000000000000 ) ) ;
#375 = EDGE_CURVE ( 'NONE', #526, #1588, #1355, .T. ) ;
#376 = ORIENTED_EDGE ( 'NONE', *, *, #765, .F. ) ;
#377 = EDGE_CURVE ( 'NONE', #648, #469, #1493, .T. ) ;
#378 = EDGE_LOOP ( 'NONE', ( #1348, #245, #71, #1597, #1673 ) ) ;
#379 = DIRECTION ( 'NONE',  ( -1.000000000000000000, 0.000000000000000000, 0.000000000000000000 ) ) ;
#380 = CARTESIAN_POINT ( 'NONE',  ( -38.00000000000001421, 19.00000000000000355, 63.50000000000000000 ) ) ;
#381 = EDGE_CURVE ( 'NONE', #1289, #335, #1093, .T. ) ;
#382 = CARTESIAN_POINT ( 'NONE',  ( 51.75000000000000711, -13.55879042313570793, 46.47619193871591392 ) ) ;
#383 = CARTESIAN_POINT ( 'NONE',  ( -58.45335508042040118, 8.106009377627152901, 47.73265820255744529 ) ) ;
#384 = CARTESIAN_POINT ( 'NONE',  ( 55.00000000000000000, 16.50000000000000355, 43.44853283086639806 ) ) ;
#385 = ORIENTED_EDGE ( 'NONE', *, *, #1053, .T. ) ;
#386 = VERTEX_POINT ( 'NONE', #1248 ) ;
#387 = LINE ( 'NONE', #767, #1162 ) ;
#388 = CARTESIAN_POINT ( 'NONE',  ( -8.893640210445294514, 18.99999999999999645, 66.50000000000000000 ) ) ;
#389 = VECTOR ( 'NONE', #780, 1000.000000000000114 ) ;
#390 = DIRECTION ( 'NONE',  ( 1.000000000000000000, -0.000000000000000000, -0.000000000000000000 ) ) ;
#391 =( BOUNDED_CURVE ( )  B_SPLINE_CURVE ( 3, ( #899, #1412, #424, #1575 ),
 .UNSPECIFIED., .F., .F. ) 
 B_SPLINE_CURVE_WITH_KNOTS ( ( 4, 4 ),
 ( 1.893200676165530671, 3.434071191080731111 ),
 .UNSPECIFIED. ) 
 CURVE ( )  GEOMETRIC_REPRESENTATION_ITEM ( )  RATIONAL_B_SPLINE_CURVE ( ( 1.000000000000000000, 0.8117384023751013089, 0.8117384023751013089, 1.000000000000000000 ) ) 
 REPRESENTATION_ITEM ( '' )  );
#392 = EDGE_CURVE ( 'NONE', #53, #6, #615, .T. ) ;
#393 = DIRECTION ( 'NONE',  ( -1.000000000000000000, 0.000000000000000000, 0.000000000000000000 ) ) ;
#394 = VECTOR ( 'NONE', #165, 1000.000000000000000 ) ;
#395 = DIRECTION ( 'NONE',  ( 0.000000000000000000, -0.000000000000000000, -1.000000000000000000 ) ) ;
#396 = VECTOR ( 'NONE', #886, 1000.000000000000000 ) ;
#397 = ORIENTED_EDGE ( 'NONE', *, *, #159, .T. ) ;
#398 = ORIENTED_EDGE ( 'NONE', *, *, #314, .F. ) ;
#399 = ORIENTED_EDGE ( 'NONE', *, *, #929, .T. ) ;
#400 = CARTESIAN_POINT ( 'NONE',  ( -54.91624055513652536, 8.090284540483317244, 54.27601772821262216 ) ) ;
#401 = CARTESIAN_POINT ( 'NONE',  ( -0.05735696428904429184, -20.84999999999999432, 39.00000000000000000 ) ) ;
#402 = VERTEX_POINT ( 'NONE', #740 ) ;
#403 = FACE_OUTER_BOUND ( 'NONE', #1351, .T. ) ;
#404 = CARTESIAN_POINT ( 'NONE',  ( -58.53854697357184733, 7.888280911560829445, 54.38183563617437954 ) ) ;
#405 = CARTESIAN_POINT ( 'NONE',  ( -38.00000000000001421, 3.469446951953614189E-15, 39.00000000000000000 ) ) ;
#406 = ORIENTED_EDGE ( 'NONE', *, *, #956, .T. ) ;
#407 = VERTEX_POINT ( 'NONE', #735 ) ;
#408 = ORIENTED_EDGE ( 'NONE', *, *, #1238, .T. ) ;
#409 = VERTEX_POINT ( 'NONE', #861 ) ;
#410 = CARTESIAN_POINT ( 'NONE',  ( 0.01343231075812134634, -21.99865676892417810, 60.78573102789618332 ) ) ;
#411 = CARTESIAN_POINT ( 'NONE',  ( -38.00000000000002132, 20.85000000000000497, 169.6300125883206533 ) ) ;
#412 = ORIENTED_EDGE ( 'NONE', *, *, #1627, .T. ) ;
#413 = CARTESIAN_POINT ( 'NONE',  ( -53.94536913417694990, 9.864665571056068671, 52.03047790165111053 ) ) ;
#414 = VERTEX_POINT ( 'NONE', #1505 ) ;
#415 = CARTESIAN_POINT ( 'NONE',  ( 7.776116632202740853, -18.96116632202751973, 39.00000000000000000 ) ) ;
#416 = DIRECTION ( 'NONE',  ( 0.000000000000000000, 0.000000000000000000, -1.000000000000000000 ) ) ;
#417 = CIRCLE ( 'NONE', #578, 19.74999999999999645 ) ;
#418 = ORIENTED_EDGE ( 'NONE', *, *, #511, .T. ) ;
#419 = VERTEX_POINT ( 'NONE', #479 ) ;
#420 = EDGE_LOOP ( 'NONE', ( #922, #1440, #889, #203, #1036 ) ) ;
#421 = DIRECTION ( 'NONE',  ( 0.9537169507482290420, -2.612266079842056104E-16, -0.3007057995042663467 ) ) ;
#422 = LINE ( 'NONE', #1582, #507 ) ;
#423 = FACE_OUTER_BOUND ( 'NONE', #1086, .T. ) ;
#424 = CARTESIAN_POINT ( 'NONE',  ( 55.00000000000000000, 15.29897639521661290, 46.49999999999999289 ) ) ;
#425 = ORIENTED_EDGE ( 'NONE', *, *, #449, .F. ) ;
#426 = ORIENTED_EDGE ( 'NONE', *, *, #1586, .F. ) ;
#427 = CARTESIAN_POINT ( 'NONE',  ( -38.00000000000001421, 3.469446951953614189E-15, 46.50000000000000000 ) ) ;
#428 = DIRECTION ( 'NONE',  ( -0.9537169507482291531, 8.823654314133152035E-15, 0.3007057995042664023 ) ) ;
#429 = EDGE_CURVE ( 'NONE', #1578, #328, #1377, .T. ) ;
#430 = CARTESIAN_POINT ( 'NONE',  ( -0.1620957686428887712, 18.74999999999999289, 36.00000000000000711 ) ) ;
#431 = DIRECTION ( 'NONE',  ( -1.000000000000000000, 0.000000000000000000, 0.000000000000000000 ) ) ;
#432 = ORIENTED_EDGE ( 'NONE', *, *, #1254, .T. ) ;
#433 = VERTEX_POINT ( 'NONE', #745 ) ;
#434 = EDGE_CURVE ( 'NONE', #643, #760, #867, .T. ) ;
#435 = ORIENTED_EDGE ( 'NONE', *, *, #1347, .F. ) ;
#436 = CARTESIAN_POINT ( 'NONE',  ( 0.01343231075812134634, -21.99865676892417810, 60.78573102789618332 ) ) ;
#437 = CARTESIAN_POINT ( 'NONE',  ( -38.00000000000001421, 3.469446951953614189E-15, 46.50000000000000000 ) ) ;
#438 = CARTESIAN_POINT ( 'NONE',  ( 51.67449047657702010, 14.57132893759009740, 46.50000000000000000 ) ) ;
#439 = CARTESIAN_POINT ( 'NONE',  ( -38.00000000000001421, 3.469446951953614189E-15, 66.50000000000000000 ) ) ;
#440 = CARTESIAN_POINT ( 'NONE',  ( -53.99324937518218093, -9.787348386888661267, 49.73014597505159884 ) ) ;
#441 = ORIENTED_EDGE ( 'NONE', *, *, #1556, .T. ) ;
#442 = VECTOR ( 'NONE', #1135, 1000.000000000000000 ) ;
#443 = AXIS2_PLACEMENT_3D ( 'NONE', #361, #622, #1010 ) ;
#444 = ORIENTED_EDGE ( 'NONE', *, *, #799, .F. ) ;
#445 = DIRECTION ( 'NONE',  ( -1.000000000000000000, 1.831433230166797560E-16, 0.000000000000000000 ) ) ;
#446 = CARTESIAN_POINT ( 'NONE',  ( -38.00000000000002132, 19.75000000000000000, 46.50000000000000000 ) ) ;
#447 = AXIS2_PLACEMENT_3D ( 'NONE', #405, #624, #1145 ) ;
#448 = CARTESIAN_POINT ( 'NONE',  ( -0.1620957686428887712, 18.74999999999999289, 63.50000000000000000 ) ) ;
#449 = EDGE_CURVE ( 'NONE', #402, #577, #1257, .T. ) ;
#450 =( NAMED_UNIT ( * ) SI_UNIT ( $, .STERADIAN. ) SOLID_ANGLE_UNIT ( ) );
#451 = CARTESIAN_POINT ( 'NONE',  ( -55.21200565681613170, -7.440955668363264941, 54.56382710261331681 ) ) ;
#452 = ORIENTED_EDGE ( 'NONE', *, *, #36, .T. ) ;
#453 = ORIENTED_EDGE ( 'NONE', *, *, #1111, .F. ) ;
#454 = VERTEX_POINT ( 'NONE', #1645 ) ;
#455 = LINE ( 'NONE', #1330, #1128 ) ;
#456 = CARTESIAN_POINT ( 'NONE',  ( 51.67449047657703431, 15.67681525591339486, 46.50000000000000000 ) ) ;
#457 = PLANE ( 'NONE',  #1486 ) ;
#458 = ADVANCED_FACE ( 'NONE', ( #995 ), #1642, .F. ) ;
#459 = CARTESIAN_POINT ( 'NONE',  ( -54.91303724956472365, -8.097004113435767536, 54.27232801468984036 ) ) ;
#460 = ORIENTED_EDGE ( 'NONE', *, *, #727, .F. ) ;
#461 = CARTESIAN_POINT ( 'NONE',  ( -55.67766952966369587, -6.250000000000002665, 47.25000000000000000 ) ) ;
#462 = ORIENTED_EDGE ( 'NONE', *, *, #584, .F. ) ;
#463 = CARTESIAN_POINT ( 'NONE',  ( -58.78700932500687770, -7.208472144974669149, 47.36660036344924407 ) ) ;
#464 = VECTOR ( 'NONE', #1205, 1000.000000000000000 ) ;
#465 = ADVANCED_FACE ( 'NONE', ( #1143 ), #486, .T. ) ;
#466 = DIRECTION ( 'NONE',  ( 1.000000000000000000, 0.000000000000000000, 0.000000000000000000 ) ) ;
#467 = ORIENTED_EDGE ( 'NONE', *, *, #490, .T. ) ;
#468 = LINE ( 'NONE', #1233, #862 ) ;
#469 = VERTEX_POINT ( 'NONE', #1383 ) ;
#470 = CARTESIAN_POINT ( 'NONE',  ( 2.839369682221702381E-14, -21.99999999999998934, 60.72722526919307739 ) ) ;
#471 = FACE_OUTER_BOUND ( 'NONE', #1197, .T. ) ;
#472 = CARTESIAN_POINT ( 'NONE',  ( -54.34799762921482369, -9.183214591733271703, 48.65090717876211812 ) ) ;
#473 = DIRECTION ( 'NONE',  ( 1.000000000000000000, 0.000000000000000000, -0.000000000000000000 ) ) ;
#474 = DIRECTION ( 'NONE',  ( -1.000000000000000000, 0.000000000000000000, 0.000000000000000000 ) ) ;
#475 = CIRCLE ( 'NONE', #1409, 22.00000000000000000 ) ;
#476 = LINE ( 'NONE', #1507, #1661 ) ;
#477 = VECTOR ( 'NONE', #1156, 1000.000000000000000 ) ;
#478 = EDGE_CURVE ( 'NONE', #18, #643, #497, .T. ) ;
#479 = CARTESIAN_POINT ( 'NONE',  ( -55.67766952966369587, -6.250000000000002665, 54.75000000000000711 ) ) ;
#480 = DIRECTION ( 'NONE',  ( -1.000000000000000000, 0.000000000000000000, -0.000000000000000000 ) ) ;
#481 = ADVANCED_BREP_SHAPE_REPRESENTATION ( 'Link_2_Cover', ( #847, #675 ), #299 ) ;
#482 = ADVANCED_FACE ( 'NONE', ( #872 ), #90, .T. ) ;
#483 = SHAPE_DEFINITION_REPRESENTATION ( #339, #481 ) ;
#484 = CARTESIAN_POINT ( 'NONE',  ( -59.02059848460093860, -6.496180804548269627, 54.75000000000003553 ) ) ;
#485 = PLANE ( 'NONE',  #1083 ) ;
#486 = CYLINDRICAL_SURFACE ( 'NONE', #68, 22.00000000000000000 ) ;
#487 = LINE ( 'NONE', #208, #1568 ) ;
#488 = CARTESIAN_POINT ( 'NONE',  ( 48.15018870238689885, -14.17001844342503958, 45.51414983076450937 ) ) ;
#489 = AXIS2_PLACEMENT_3D ( 'NONE', #129, #1155, #379 ) ;
#490 = EDGE_CURVE ( 'NONE', #949, #907, #603, .T. ) ;
#491 = DIRECTION ( 'NONE',  ( 0.09950371902099833243, -0.9950371902099892640, 0.000000000000000000 ) ) ;
#492 = CARTESIAN_POINT ( 'NONE',  ( -57.59606091552309692, 9.999719830477337368, 51.13459632373471919 ) ) ;
#493 = CARTESIAN_POINT ( 'NONE',  ( 53.85000000000000142, -15.45926430357109638, 169.6300125883206533 ) ) ;
#494 = CARTESIAN_POINT ( 'NONE',  ( -0.05735696428912970268, 20.85000000000000142, 169.6300125883206533 ) ) ;
#495 = B_SPLINE_CURVE_WITH_KNOTS ( 'NONE', 3,
 ( #70, #202, #717, #595, #1487, #49, #857, #1500, #84, #209, #472, #704, #1119, #440, #710, #965, #980, #60, #1235, #586, #1112, #1371, #1104, #693, #1615, #332, #1210, #459, #567, #451, #1346, #1362, #1470, #1620 ),
 .UNSPECIFIED., .F., .F.,
 ( 4, 2, 2, 2, 2, 2, 2, 2, 2, 2, 2, 2, 2, 2, 2, 2, 4 ),
 ( 0.000000000000000000, 0.0007703877932329870892, 0.001540775586465974178, 0.002311163379698961268, 0.003081551172931948357, 0.003851938966164935880, 0.004622326759397922535, 0.005392714552630908757, 0.006163102345863896714, 0.006933490139096883803, 0.007703877932329871760, 0.008474265725562857982, 0.009244653518795845071, 0.01001504131202883216, 0.01078542910526181751, 0.01155581689849480807, 0.01232620469172779863 ),
 .UNSPECIFIED. ) ;
#496 = EDGE_CURVE ( 'NONE', #419, #1676, #1604, .T. ) ;
#497 = LINE ( 'NONE', #101, #650 ) ;
#498 = AXIS2_PLACEMENT_3D ( 'NONE', #191, #329, #1463 ) ;
#499 = EDGE_CURVE ( 'NONE', #414, #1324, #610, .T. ) ;
#500 = LINE ( 'NONE', #519, #181 ) ;
#501 = CARTESIAN_POINT ( 'NONE',  ( -0.05735696428912970268, 20.85000000000000142, 39.00000000000000000 ) ) ;
#502 = EDGE_CURVE ( 'NONE', #1462, #1085, #1509, .T. ) ;
#503 = CARTESIAN_POINT ( 'NONE',  ( -6.938893903907228378E-15, -21.99999999999999289, 39.00000000000000000 ) ) ;
#504 = PLANE ( 'NONE',  #157 ) ;
#505 = CARTESIAN_POINT ( 'NONE',  ( -38.00000000000001421, 3.469446951953614189E-15, 46.50000000000000000 ) ) ;
#506 = FACE_OUTER_BOUND ( 'NONE', #1535, .T. ) ;
#507 = VECTOR ( 'NONE', #315, 1000.000000000000000 ) ;
#508 = TOROIDAL_SURFACE ( 'NONE', #300, 19.00000000000000000, 3.000000000000000000 ) ;
#509 = CARTESIAN_POINT ( 'NONE',  ( -8.893640210445266092, 21.99999999999999645, 63.50000000000000000 ) ) ;
#510 = ORIENTED_EDGE ( 'NONE', *, *, #1398, .T. ) ;
#511 = EDGE_CURVE ( 'NONE', #116, #318, #1124, .T. ) ;
#512 = PLANE ( 'NONE',  #827 ) ;
#513 = FACE_OUTER_BOUND ( 'NONE', #420, .T. ) ;
#514 = CARTESIAN_POINT ( 'NONE',  ( -54.71552609269411249, 8.497263798577883165, 47.98846214528624898 ) ) ;
#515 = VERTEX_POINT ( 'NONE', #347 ) ;
#516 = VECTOR ( 'NONE', #708, 1000.000000000000000 ) ;
#517 = VECTOR ( 'NONE', #100, 1000.000000000000000 ) ;
#518 = VECTOR ( 'NONE', #1336, 1000.000000000000114 ) ;
#519 = CARTESIAN_POINT ( 'NONE',  ( -38.00000000000001421, 19.00000000000000355, 66.50000000000000000 ) ) ;
#520 = PLANE ( 'NONE',  #1510 ) ;
#521 = ORIENTED_EDGE ( 'NONE', *, *, #736, .F. ) ;
#522 = ORIENTED_EDGE ( 'NONE', *, *, #1207, .T. ) ;
#523 = ORIENTED_EDGE ( 'NONE', *, *, #62, .F. ) ;
#524 = CARTESIAN_POINT ( 'NONE',  ( -55.31235085427330489, 7.204780010767544596, 54.63428483399831492 ) ) ;
#525 = CARTESIAN_POINT ( 'NONE',  ( -6.938893903907228378E-15, 21.99999999999999289, 39.00000000000000000 ) ) ;
#526 = VERTEX_POINT ( 'NONE', #364 ) ;
#527 = CARTESIAN_POINT ( 'NONE',  ( -53.86023630752504232, 10.00077022717680286, 50.75409499478535480 ) ) ;
#528 = FACE_OUTER_BOUND ( 'NONE', #1472, .T. ) ;
#529 = VECTOR ( 'NONE', #284, 1000.000000000000114 ) ;
#530 = LINE ( 'NONE', #285, #732 ) ;
#531 = ORIENTED_EDGE ( 'NONE', *, *, #815, .F. ) ;
#532 = EDGE_LOOP ( 'NONE', ( #188, #142, #1034, #531, #309 ) ) ;
#533 = ORIENTED_EDGE ( 'NONE', *, *, #244, .T. ) ;
#534 = CARTESIAN_POINT ( 'NONE',  ( -38.00000000000000000, -18.74999999999999289, 39.00000000000000000 ) ) ;
#535 = CARTESIAN_POINT ( 'NONE',  ( -38.00000000000001421, 3.469446951953614189E-15, 46.50000000000000000 ) ) ;
#536 = VERTEX_POINT ( 'NONE', #1004 ) ;
#537 = CARTESIAN_POINT ( 'NONE',  ( -54.10980285795645983, 9.594286308410312714, 49.28483052610540938 ) ) ;
#538 = DIRECTION ( 'NONE',  ( 2.750770970881420371E-16, 1.000000000000000000, 0.000000000000000000 ) ) ;
#539 = FACE_OUTER_BOUND ( 'NONE', #1328, .T. ) ;
#540 = ORIENTED_EDGE ( 'NONE', *, *, #345, .F. ) ;
#541 = ORIENTED_EDGE ( 'NONE', *, *, #765, .T. ) ;
#542 = CARTESIAN_POINT ( 'NONE',  ( -38.00000000000001421, 3.469446951953614189E-15, 63.50000000000000000 ) ) ;
#543 = FACE_OUTER_BOUND ( 'NONE', #1024, .T. ) ;
#544 = ORIENTED_EDGE ( 'NONE', *, *, #799, .T. ) ;
#545 = DIRECTION ( 'NONE',  ( -0.9537169507482290420, 0.000000000000000000, 0.3007057995042663467 ) ) ;
#546 = CARTESIAN_POINT ( 'NONE',  ( 52.74999999999999289, -14.46377798524782499, 39.00000000000000000 ) ) ;
#547 = VECTOR ( 'NONE', #992, 1000.000000000000000 ) ;
#548 = ORIENTED_EDGE ( 'NONE', *, *, #1467, .F. ) ;
#549 = VERTEX_POINT ( 'NONE', #738 ) ;
#550 = ORIENTED_EDGE ( 'NONE', *, *, #1627, .F. ) ;
#551 = FACE_OUTER_BOUND ( 'NONE', #1187, .T. ) ;
#552 = FACE_OUTER_BOUND ( 'NONE', #1047, .T. ) ;
#553 = ADVANCED_FACE ( 'NONE', ( #1644 ), #1142, .T. ) ;
#554 = ORIENTED_EDGE ( 'NONE', *, *, #621, .T. ) ;
#555 = CARTESIAN_POINT ( 'NONE',  ( -58.45567410650478735, 8.100145285785659510, 54.27061440225054412 ) ) ;
#556 = DIRECTION ( 'NONE',  ( -0.9950371902099891530, 0.09950371902099869326, 0.000000000000000000 ) ) ;
#557 = ADVANCED_FACE ( 'NONE', ( #471 ), #619, .F. ) ;
#558 = EDGE_LOOP ( 'NONE', ( #408, #660, #256, #568 ) ) ;
#559 = ORIENTED_EDGE ( 'NONE', *, *, #511, .F. ) ;
#560 = VECTOR ( 'NONE', #1613, 1000.000000000000000 ) ;
#561 = EDGE_LOOP ( 'NONE', ( #340, #1429, #264, #167 ) ) ;
#562 = ORIENTED_EDGE ( 'NONE', *, *, #1273, .F. ) ;
#563 = LINE ( 'NONE', #1452, #968 ) ;
#564 = FACE_OUTER_BOUND ( 'NONE', #948, .T. ) ;
#565 = LINE ( 'NONE', #1333, #852 ) ;
#566 = CARTESIAN_POINT ( 'NONE',  ( -8.431896047265789562, 21.99999999999999645, 63.50000000000000000 ) ) ;
#567 = CARTESIAN_POINT ( 'NONE',  ( -55.01440904937781085, -7.882312141070546119, 54.38449347693881464 ) ) ;
#568 = ORIENTED_EDGE ( 'NONE', *, *, #304, .T. ) ;
#569 = ORIENTED_EDGE ( 'NONE', *, *, #1357, .T. ) ;
#570 = ADVANCED_FACE ( 'NONE', ( #871 ), #485, .F. ) ;
#571 = DIRECTION ( 'NONE',  ( -1.000000000000000000, 0.000000000000000000, 0.000000000000000000 ) ) ;
#572 = DIRECTION ( 'NONE',  ( 0.000000000000000000, 0.000000000000000000, 1.000000000000000000 ) ) ;
#573 = AXIS2_PLACEMENT_3D ( 'NONE', #488, #1514, #614 ) ;
#574 = DIRECTION ( 'NONE',  ( 1.000000000000000000, 0.000000000000000000, 0.000000000000000000 ) ) ;
#575 = DIRECTION ( 'NONE',  ( 1.000000000000000000, -2.739037067331800130E-16, -0.000000000000000000 ) ) ;
#576 = DIRECTION ( 'NONE',  ( 1.000000000000000000, 0.000000000000000000, 0.000000000000000000 ) ) ;
#577 = VERTEX_POINT ( 'NONE', #1504 ) ;
#578 = AXIS2_PLACEMENT_3D ( 'NONE', #257, #1663, #1027 ) ;
#579 = ORIENTED_EDGE ( 'NONE', *, *, #1453, .T. ) ;
#580 = DIRECTION ( 'NONE',  ( -1.000000000000000000, 9.251858538542973800E-15, 0.000000000000000000 ) ) ;
#581 = LINE ( 'NONE', #1612, #32 ) ;
#582 = VECTOR ( 'NONE', #17, 1000.000000000000000 ) ;
#583 = DIRECTION ( 'NONE',  ( -0.000000000000000000, -0.000000000000000000, 1.000000000000000000 ) ) ;
#584 = EDGE_CURVE ( 'NONE', #53, #908, #1641, .T. ) ;
#585 = UNCERTAINTY_MEASURE_WITH_UNIT (LENGTH_MEASURE( 1.000000000000000082E-05 ), #612, 'distance_accuracy_value', 'NONE');
#586 = CARTESIAN_POINT ( 'NONE',  ( -53.94170020270468768, -9.870586497629728839, 52.01028205902188262 ) ) ;
#587 = VERTEX_POINT ( 'NONE', #1632 ) ;
#588 = CYLINDRICAL_SURFACE ( 'NONE', #1025, 20.85000000000000142 ) ;
#589 = FACE_BOUND ( 'NONE', #782, .T. ) ;
#590 = VECTOR ( 'NONE', #953, 1000.000000000000000 ) ;
#591 = ORIENTED_EDGE ( 'NONE', *, *, #770, .T. ) ;
#592 = CARTESIAN_POINT ( 'NONE',  ( -38.00000000000001421, 3.469446951953614189E-15, 169.6300125883206533 ) ) ;
#593 = CARTESIAN_POINT ( 'NONE',  ( -59.02063456980304323, -6.496059018194030088, 47.25000000000000000 ) ) ;
#594 = AXIS2_PLACEMENT_3D ( 'NONE', #171, #282, #574 ) ;
#595 = CARTESIAN_POINT ( 'NONE',  ( -55.31235085427329068, -7.204780010767548148, 47.36571516600165666 ) ) ;
#596 = DIRECTION ( 'NONE',  ( -1.000000000000000000, 0.000000000000000000, 0.000000000000000000 ) ) ;
#597 = VECTOR ( 'NONE', #779, 1000.000000000000114 ) ;
#598 = PRODUCT_CONTEXT ( 'NONE', #134, 'mechanical' ) ;
#599 = EDGE_CURVE ( 'NONE', #760, #1222, #105, .T. ) ;
#600 = ORIENTED_EDGE ( 'NONE', *, *, #1258, .F. ) ;
#601 = CARTESIAN_POINT ( 'NONE',  ( -58.05563204702841773, -9.044775464369202211, 53.51220979070343020 ) ) ;
#602 = PLANE ( 'NONE',  #58 ) ;
#603 = LINE ( 'NONE', #1126, #223 ) ;
#604 = EDGE_CURVE ( 'NONE', #778, #1676, #1256, .T. ) ;
#605 = CARTESIAN_POINT ( 'NONE',  ( 51.75000000000000711, 13.55879042313571503, 36.00000000000000711 ) ) ;
#606 = CARTESIAN_POINT ( 'NONE',  ( -57.79654141958076252, -9.597338484125852887, 49.29129621699763675 ) ) ;
#607 = VECTOR ( 'NONE', #1151, 1000.000000000000000 ) ;
#608 = CARTESIAN_POINT ( 'NONE',  ( -38.00000000000001421, 3.469446951953614189E-15, 46.50000000000000000 ) ) ;
#609 = VECTOR ( 'NONE', #751, 1000.000000000000000 ) ;
#610 = LINE ( 'NONE', #1133, #1166 ) ;
#611 = ADVANCED_FACE ( 'NONE', ( #1008 ), #602, .F. ) ;
#612 =( LENGTH_UNIT ( ) NAMED_UNIT ( * ) SI_UNIT ( .MILLI., .METRE. ) );
#613 = CARTESIAN_POINT ( 'NONE',  ( -58.70330993785619000, -7.445081150481626331, 54.56257801243071270 ) ) ;
#614 = DIRECTION ( 'NONE',  ( 0.3007057995042669019, 0.000000000000000000, 0.9537169507482288200 ) ) ;
#615 = LINE ( 'NONE', #1522, #1672 ) ;
#616 = FACE_OUTER_BOUND ( 'NONE', #683, .T. ) ;
#617 = EDGE_CURVE ( 'NONE', #1178, #1098, #476, .T. ) ;
#618 = LINE ( 'NONE', #10, #1227 ) ;
#619 = PLANE ( 'NONE',  #1594 ) ;
#620 = AXIS2_PLACEMENT_3D ( 'NONE', #1570, #1443, #85 ) ;
#621 = EDGE_CURVE ( 'NONE', #116, #148, #998, .T. ) ;
#622 = DIRECTION ( 'NONE',  ( 1.000000000000000000, -0.000000000000000000, -0.000000000000000000 ) ) ;
#623 = CARTESIAN_POINT ( 'NONE',  ( -0.1620957686428887712, 18.74999999999999289, 36.00000000000000711 ) ) ;
#624 = DIRECTION ( 'NONE',  ( 0.000000000000000000, 0.000000000000000000, 1.000000000000000000 ) ) ;
#625 = CARTESIAN_POINT ( 'NONE',  ( 4.226391370046179939E-14, 21.99999999999998934, 60.72722526919306318 ) ) ;
#626 = DIRECTION ( 'NONE',  ( -1.000000000000000000, 0.000000000000000000, 0.000000000000000000 ) ) ;
#627 = B_SPLINE_CURVE_WITH_KNOTS ( 'NONE', 3,
 ( #644, #110, #104, #524, #1164, #878, #400, #910, #1421, #1281, #119, #638, #1563, #1168, #413, #145, #1249, #527, #1372, #1395, #783, #537, #1306, #1, #91, #661, #514, #1029, #1127, #1179, #1414, #121, #15, #900 ),
 .UNSPECIFIED., .F., .F.,
 ( 4, 2, 2, 2, 2, 2, 2, 2, 2, 2, 2, 2, 2, 2, 2, 2, 4 ),
 ( 8.673617379884034509E-19, 0.0007703877932329882819, 0.001540775586465975696, 0.002311163379698963002, 0.003081551172931950525, 0.003851938966164938048, 0.004622326759397925137, 0.005392714552630913094, 0.006163102345863900183, 0.006933490139096887273, 0.007703877932329875229, 0.008474265725562861451, 0.009244653518795848540, 0.01001504131202883563, 0.01078542910526182445, 0.01155581689849481154, 0.01232620469172779863 ),
 .UNSPECIFIED. ) ;
#628 = CARTESIAN_POINT ( 'NONE',  ( -2.242621163598936818, 18.74999999999999289, 63.50000000000000000 ) ) ;
#629 = VECTOR ( 'NONE', #647, 1000.000000000000000 ) ;
#630 = EDGE_CURVE ( 'NONE', #1221, #1358, #221, .T. ) ;
#631 = CARTESIAN_POINT ( 'NONE',  ( -57.59564521141847848, 10.00053444171592787, 50.75494630944611174 ) ) ;
#632 = CARTESIAN_POINT ( 'NONE',  ( -38.00000000000001421, 3.469446951953614189E-15, 54.75000000000000711 ) ) ;
#633 = ORIENTED_EDGE ( 'NONE', *, *, #1614, .T. ) ;
#634 = ORIENTED_EDGE ( 'NONE', *, *, #381, .F. ) ;
#635 = VERTEX_POINT ( 'NONE', #1132 ) ;
#636 = CARTESIAN_POINT ( 'NONE',  ( 0.01343231075815669133, 21.99865676892417454, 60.78573102789617622 ) ) ;
#637 = DIRECTION ( 'NONE',  ( 9.143925341964808918E-17, 1.000000000000000000, 0.000000000000000000 ) ) ;
#638 = CARTESIAN_POINT ( 'NONE',  ( -54.18778039463711593, 9.462780913538995975, 52.94936495442691893 ) ) ;
#639 = CARTESIAN_POINT ( 'NONE',  ( -58.28942276825520707, 8.508022438084232419, 47.99639751294162693 ) ) ;
#640 = CARTESIAN_POINT ( 'NONE',  ( 51.75000000000000711, 13.55879042313571503, 36.00000000000000711 ) ) ;
#641 = VERTEX_POINT ( 'NONE', #232 ) ;
#642 = ORIENTED_EDGE ( 'NONE', *, *, #1254, .F. ) ;
#643 = VERTEX_POINT ( 'NONE', #1625 ) ;
#644 = CARTESIAN_POINT ( 'NONE',  ( -55.67766952966370297, 6.249999999999997335, 54.75000000000000711 ) ) ;
#645 = CARTESIAN_POINT ( 'NONE',  ( -7.991522811932492587, -18.99999999999998934, 66.36115085224469112 ) ) ;
#646 = ADVANCED_FACE ( 'NONE', ( #356 ), #508, .T. ) ;
#647 = DIRECTION ( 'NONE',  ( -0.000000000000000000, -1.000000000000000000, 2.486164595524610832E-17 ) ) ;
#648 = VERTEX_POINT ( 'NONE', #1497 ) ;
#649 = VECTOR ( 'NONE', #851, 1000.000000000000000 ) ;
#650 = VECTOR ( 'NONE', #227, 1000.000000000000000 ) ;
#651 = AXIS2_PLACEMENT_3D ( 'NONE', #632, #1426, #147 ) ;
#652 = DIRECTION ( 'NONE',  ( 1.000000000000000000, 0.000000000000000000, 0.000000000000000000 ) ) ;
#653 = PLANE ( 'NONE',  #816 ) ;
#654 = EDGE_CURVE ( 'NONE', #148, #635, #1260, .T. ) ;
#655 = ORIENTED_EDGE ( 'NONE', *, *, #1103, .T. ) ;
#656 = EDGE_LOOP ( 'NONE', ( #1616, #128, #13, #141 ) ) ;
#657 = DIRECTION ( 'NONE',  ( 0.000000000000000000, 0.000000000000000000, -1.000000000000000000 ) ) ;
#658 = DIRECTION ( 'NONE',  ( -1.000000000000000000, 0.000000000000000000, 0.000000000000000000 ) ) ;
#659 = DIRECTION ( 'NONE',  ( 1.000000000000000000, 0.000000000000000000, 0.000000000000000000 ) ) ;
#660 = ORIENTED_EDGE ( 'NONE', *, *, #230, .T. ) ;
#661 = CARTESIAN_POINT ( 'NONE',  ( -54.61877009122570570, 8.684350026185539306, 48.13729865305905520 ) ) ;
#662 = DIRECTION ( 'NONE',  ( 1.000000000000000000, -0.000000000000000000, -0.000000000000000000 ) ) ;
#663 = DIRECTION ( 'NONE',  ( 0.09950371902099867938, 0.9950371902099891530, 0.000000000000000000 ) ) ;
#664 = AXIS2_PLACEMENT_3D ( 'NONE', #1400, #150, #667 ) ;
#665 = ORIENTED_EDGE ( 'NONE', *, *, #14, .F. ) ;
#666 = EDGE_LOOP ( 'NONE', ( #1214, #149, #674, #327, #1598, #544 ) ) ;
#667 = DIRECTION ( 'NONE',  ( 1.000000000000000000, 0.000000000000000000, 0.000000000000000000 ) ) ;
#668 = DIRECTION ( 'NONE',  ( 1.000000000000000000, 0.000000000000000000, -0.000000000000000000 ) ) ;
#669 = EDGE_LOOP ( 'NONE', ( #426, #800, #1039, #686 ) ) ;
#670 = DIRECTION ( 'NONE',  ( 0.000000000000000000, 0.000000000000000000, -1.000000000000000000 ) ) ;
#671 = AXIS2_PLACEMENT_3D ( 'NONE', #1282, #1549, #659 ) ;
#672 = DIRECTION ( 'NONE',  ( 0.9950371902099891530, -0.09950371902099860999, 0.000000000000000000 ) ) ;
#673 = FACE_OUTER_BOUND ( 'NONE', #838, .T. ) ;
#674 = ORIENTED_EDGE ( 'NONE', *, *, #375, .T. ) ;
#675 = AXIS2_PLACEMENT_3D ( 'NONE', #991, #973, #1116 ) ;
#676 = EDGE_LOOP ( 'NONE', ( #444, #1660, #1311, #884 ) ) ;
#677 = ORIENTED_EDGE ( 'NONE', *, *, #938, .T. ) ;
#678 = DIRECTION ( 'NONE',  ( 0.000000000000000000, 0.000000000000000000, -1.000000000000000000 ) ) ;
#679 = EDGE_CURVE ( 'NONE', #1046, #1437, #856, .T. ) ;
#680 = DIRECTION ( 'NONE',  ( 2.398714191750070777E-16, 1.000000000000000000, 0.000000000000000000 ) ) ;
#681 = EDGE_CURVE ( 'NONE', #907, #1098, #120, .T. ) ;
#682 = LINE ( 'NONE', #302, #989 ) ;
#683 = EDGE_LOOP ( 'NONE', ( #665, #1185, #310, #699 ) ) ;
#684 = ORIENTED_EDGE ( 'NONE', *, *, #770, .F. ) ;
#685 = ORIENTED_EDGE ( 'NONE', *, *, #1526, .F. ) ;
#686 = ORIENTED_EDGE ( 'NONE', *, *, #1415, .T. ) ;
#687 = CARTESIAN_POINT ( 'NONE',  ( -38.00000000000000000, -20.84999999999999787, 46.50000000000000000 ) ) ;
#688 = LINE ( 'NONE', #1203, #66 ) ;
#689 = DIRECTION ( 'NONE',  ( -1.000000000000000000, 0.000000000000000000, 0.000000000000000000 ) ) ;
#690 = AXIS2_PLACEMENT_3D ( 'NONE', #411, #637, #1433 ) ;
#691 = CARTESIAN_POINT ( 'NONE',  ( -58.29215151129719885, 8.501502446328224494, 54.00843694979661080 ) ) ;
#692 = CARTESIAN_POINT ( 'NONE',  ( -38.00000000000000711, 18.75000000000000355, 39.00000000000000000 ) ) ;
#693 = CARTESIAN_POINT ( 'NONE',  ( -54.34323485107295681, -9.191690699523167751, 53.33863177875808503 ) ) ;
#694 = EDGE_CURVE ( 'NONE', #276, #919, #1275, .T. ) ;
#695 = VECTOR ( 'NONE', #1438, 1000.000000000000114 ) ;
#696 = ORIENTED_EDGE ( 'NONE', *, *, #392, .T. ) ;
#697 = ADVANCED_FACE ( 'NONE', ( #513 ), #1302, .T. ) ;
#698 = AXIS2_PLACEMENT_3D ( 'NONE', #493, #1529, #756 ) ;
#699 = ORIENTED_EDGE ( 'NONE', *, *, #248, .T. ) ;
#700 = ORIENTED_EDGE ( 'NONE', *, *, #967, .T. ) ;
#701 = DIRECTION ( 'NONE',  ( -1.000000000000000000, -0.000000000000000000, 0.000000000000000000 ) ) ;
#702 = DIRECTION ( 'NONE',  ( -0.9950371902099891530, 0.09950371902099869326, 0.000000000000000000 ) ) ;
#703 = CARTESIAN_POINT ( 'NONE',  ( 51.67449047657704142, 1.054037621677074759E-14, 46.50000000000000000 ) ) ;
#704 = CARTESIAN_POINT ( 'NONE',  ( -54.18778039463713014, -9.462780913539001304, 49.05063504557309528 ) ) ;
#705 = EDGE_LOOP ( 'NONE', ( #1495, #776, #828, #1610 ) ) ;
#706 = ORIENTED_EDGE ( 'NONE', *, *, #834, .T. ) ;
#707 = LINE ( 'NONE', #297, #1180 ) ;
#708 = DIRECTION ( 'NONE',  ( -0.000000000000000000, -0.000000000000000000, -1.000000000000000000 ) ) ;
#709 = LINE ( 'NONE', #703, #464 ) ;
#710 = CARTESIAN_POINT ( 'NONE',  ( -53.94536913417694279, -9.864665571056074000, 49.96952209834891079 ) ) ;
#711 = ORIENTED_EDGE ( 'NONE', *, *, #304, .F. ) ;
#712 = ORIENTED_EDGE ( 'NONE', *, *, #815, .T. ) ;
#713 = ORIENTED_EDGE ( 'NONE', *, *, #1234, .T. ) ;
#714 = PLANE ( 'NONE',  #1478 ) ;
#715 = DIRECTION ( 'NONE',  ( -1.000000000000000000, 0.000000000000000000, 0.000000000000000000 ) ) ;
#716 = PRODUCT_DEFINITION_CONTEXT ( 'detailed design', #876, 'design' ) ;
#717 = CARTESIAN_POINT ( 'NONE',  ( -55.50021551571480671, -6.735636867330956790, 47.27390446221777864 ) ) ;
#718 = EDGE_LOOP ( 'NONE', ( #425, #811, #197, #541, #1201, #75, #940, #287 ) ) ;
#719 = CARTESIAN_POINT ( 'NONE',  ( -60.00000000000001421, 3.469446951953614189E-15, 39.00000000000000000 ) ) ;
#720 = CARTESIAN_POINT ( 'NONE',  ( -57.85572978343159178, -9.474893330832863114, 49.07061806902953549 ) ) ;
#721 = DIRECTION ( 'NONE',  ( -0.000000000000000000, -0.000000000000000000, 1.000000000000000000 ) ) ;
#722 = ADVANCED_FACE ( 'NONE', ( #1028 ), #1292, .F. ) ;
#723 = DIRECTION ( 'NONE',  ( 0.000000000000000000, -0.000000000000000000, 1.000000000000000000 ) ) ;
#724 = CARTESIAN_POINT ( 'NONE',  ( -57.79409863736398734, -9.602374134832853514, 52.69904021537939798 ) ) ;
#725 = CARTESIAN_POINT ( 'NONE',  ( -60.00100000000001188, 6.249999999999997335, 54.75000000000000711 ) ) ;
#726 = AXIS2_PLACEMENT_3D ( 'NONE', #1476, #1466, #1060 ) ;
#727 = EDGE_CURVE ( 'NONE', #549, #1213, #1576, .T. ) ;
#728 = CARTESIAN_POINT ( 'NONE',  ( -38.00000000000001421, 3.469446951953614189E-15, 66.50000000000000000 ) ) ;
#729 = DIRECTION ( 'NONE',  ( 0.000000000000000000, 0.000000000000000000, -1.000000000000000000 ) ) ;
#730 = CIRCLE ( 'NONE', #1671, 22.00000000000000000 ) ;
#731 = VECTOR ( 'NONE', #1137, 1000.000000000000000 ) ;
#732 = VECTOR ( 'NONE', #271, 999.9999999999998863 ) ;
#733 = DIRECTION ( 'NONE',  ( 1.000000000000000000, 0.000000000000000000, 0.000000000000000000 ) ) ;
#734 = DIRECTION ( 'NONE',  ( -0.9494089267861938186, -0.09494089267861927084, 0.2993474847665749672 ) ) ;
#735 = CARTESIAN_POINT ( 'NONE',  ( -59.09354166563786492, -6.250000000000002665, 54.75000000000000711 ) ) ;
#736 = EDGE_CURVE ( 'NONE', #433, #414, #174, .T. ) ;
#737 = CARTESIAN_POINT ( 'NONE',  ( -58.53795475619821786, -7.889783910383526333, 54.38101904433242595 ) ) ;
#738 = CARTESIAN_POINT ( 'NONE',  ( -55.67766952966370297, 6.250000000000000888, 47.25000000000000000 ) ) ;
#739 = CIRCLE ( 'NONE', #9, 20.85000000000000142 ) ;
#740 = CARTESIAN_POINT ( 'NONE',  ( -60.00000000000001421, 3.469446951953614189E-15, 63.50000000000000000 ) ) ;
#741 = DIRECTION ( 'NONE',  ( 0.3007057995042662912, 2.371097317101936094E-17, 0.9537169507482291531 ) ) ;
#742 = EDGE_CURVE ( 'NONE', #1298, #52, #267, .T. ) ;
#743 = CARTESIAN_POINT ( 'NONE',  ( -59.09354166563786492, -6.250000000000002665, 47.25000000000000000 ) ) ;
#744 = DIRECTION ( 'NONE',  ( 0.9950371902099891530, -0.09950371902099867938, 0.000000000000000000 ) ) ;
#745 = CARTESIAN_POINT ( 'NONE',  ( -38.00000000000001421, 19.00000000000000355, 66.50000000000000000 ) ) ;
#746 = DIRECTION ( 'NONE',  ( 0.000000000000000000, 0.000000000000000000, 1.000000000000000000 ) ) ;
#747 = EDGE_CURVE ( 'NONE', #1599, #1446, #279, .T. ) ;
#748 = FACE_OUTER_BOUND ( 'NONE', #155, .T. ) ;
#749 = CARTESIAN_POINT ( 'NONE',  ( 18.00826512770979804, 1.416227083887831426E-15, 57.11492007862450748 ) ) ;
#750 = VECTOR ( 'NONE', #1677, 1000.000000000000000 ) ;
#751 = DIRECTION ( 'NONE',  ( -0.000000000000000000, -0.000000000000000000, 1.000000000000000000 ) ) ;
#752 = DIRECTION ( 'NONE',  ( 0.000000000000000000, -1.000000000000000000, 0.000000000000000000 ) ) ;
#753 = DIRECTION ( 'NONE',  ( -0.000000000000000000, -0.000000000000000000, -1.000000000000000000 ) ) ;
#754 = ORIENTED_EDGE ( 'NONE', *, *, #194, .T. ) ;
#755 = DIRECTION ( 'NONE',  ( 0.000000000000000000, 0.000000000000000000, 1.000000000000000000 ) ) ;
#756 = DIRECTION ( 'NONE',  ( 0.9950371902099891530, 0.09950371902099879040, 0.000000000000000000 ) ) ;
#757 = CARTESIAN_POINT ( 'NONE',  ( 11.70980235448253914, 18.56779774979953856, 59.10081776282237342 ) ) ;
#758 = DIRECTION ( 'NONE',  ( -1.000000000000000000, -9.130123557772672032E-17, 0.000000000000000000 ) ) ;
#759 = AXIS2_PLACEMENT_3D ( 'NONE', #430, #538, #1315 ) ;
#760 = VERTEX_POINT ( 'NONE', #645 ) ;
#761 = AXIS2_PLACEMENT_3D ( 'NONE', #371, #769, #1293 ) ;
#762 = CARTESIAN_POINT ( 'NONE',  ( 52.74999999999999289, -14.46377798524782499, 46.16089314983693725 ) ) ;
#763 = DIRECTION ( 'NONE',  ( -0.000000000000000000, -0.000000000000000000, 1.000000000000000000 ) ) ;
#764 = ORIENTED_EDGE ( 'NONE', *, *, #375, .F. ) ;
#765 = EDGE_CURVE ( 'NONE', #1324, #1200, #112, .T. ) ;
#766 = PLANE ( 'NONE',  #73 ) ;
#767 = CARTESIAN_POINT ( 'NONE',  ( -60.00000000000001421, 3.469446951953614189E-15, 66.50000000000000000 ) ) ;
#768 = DIRECTION ( 'NONE',  ( 0.9537169507482290420, 8.707553599473525279E-17, -0.3007057995042663467 ) ) ;
#769 = DIRECTION ( 'NONE',  ( -0.9537169507482290420, 0.000000000000000000, 0.3007057995042664023 ) ) ;
#770 = EDGE_CURVE ( 'NONE', #536, #635, #1402, .T. ) ;
#771 = CARTESIAN_POINT ( 'NONE',  ( -57.66007609840205106, 9.873431763798645733, 50.00102925979402357 ) ) ;
#772 = VECTOR ( 'NONE', #96, 1000.000000000000000 ) ;
#773 = LINE ( 'NONE', #1295, #1091 ) ;
#774 = EDGE_LOOP ( 'NONE', ( #1547, #160, #399, #959, #1278, #1567 ) ) ;
#775 = ORIENTED_EDGE ( 'NONE', *, *, #1084, .T. ) ;
#776 = ORIENTED_EDGE ( 'NONE', *, *, #215, .T. ) ;
#777 = ADVANCED_FACE ( 'NONE', ( #1177 ), #504, .F. ) ;
#778 = VERTEX_POINT ( 'NONE', #11 ) ;
#779 = DIRECTION ( 'NONE',  ( -0.9494089267861937076, 0.09494089267861914594, 0.2993474847665749672 ) ) ;
#780 = DIRECTION ( 'NONE',  ( 0.9494089267861937076, -0.09494089267861924308, -0.2993474847665749117 ) ) ;
#781 = ORIENTED_EDGE ( 'NONE', *, *, #117, .F. ) ;
#782 = EDGE_LOOP ( 'NONE', ( #51, #126, #1026, #510 ) ) ;
#783 = CARTESIAN_POINT ( 'NONE',  ( -53.98931337285210930, 9.793770252293295897, 49.74790190649391519 ) ) ;
#784 = VECTOR ( 'NONE', #192, 1000.000000000000000 ) ;
#785 = AXIS2_PLACEMENT_3D ( 'NONE', #352, #491, #1005 ) ;
#786 = AXIS2_PLACEMENT_3D ( 'NONE', #1055, #1653, #892 ) ;
#787 = CARTESIAN_POINT ( 'NONE',  ( -57.62297437383597298, 9.946844564580143100, 51.64178503027230249 ) ) ;
#788 = CARTESIAN_POINT ( 'NONE',  ( 0.7524905351501522954, 18.99999999999998579, 63.60417403396792224 ) ) ;
#789 = ORIENTED_EDGE ( 'NONE', *, *, #206, .F. ) ;
#790 = EDGE_CURVE ( 'NONE', #919, #1441, #1014, .T. ) ;
#791 = EDGE_LOOP ( 'NONE', ( #43, #243, #1215, #1211 ) ) ;
#792 = VERTEX_POINT ( 'NONE', #388 ) ;
#793 = DIRECTION ( 'NONE',  ( -0.000000000000000000, -0.000000000000000000, -1.000000000000000000 ) ) ;
#794 = DIRECTION ( 'NONE',  ( -1.000000000000000000, 0.000000000000000000, 0.000000000000000000 ) ) ;
#795 = PLANE ( 'NONE',  #115 ) ;
#796 = CARTESIAN_POINT ( 'NONE',  ( 55.00000000000000000, -13.57524905351498212, 46.50000000000000000 ) ) ;
#797 = CIRCLE ( 'NONE', #1385, 3.000000000000002665 ) ;
#798 = ORIENTED_EDGE ( 'NONE', *, *, #1572, .T. ) ;
#799 = EDGE_CURVE ( 'NONE', #949, #1578, #391, .T. ) ;
#800 = ORIENTED_EDGE ( 'NONE', *, *, #260, .F. ) ;
#801 = ORIENTED_EDGE ( 'NONE', *, *, #1223, .F. ) ;
#802 = EDGE_CURVE ( 'NONE', #414, #885, #1316, .T. ) ;
#803 = DIRECTION ( 'NONE',  ( -1.000000000000000000, 0.000000000000000000, 0.000000000000000000 ) ) ;
#804 = PLANE ( 'NONE',  #1113 ) ;
#805 = CIRCLE ( 'NONE', #77, 22.00000000000000000 ) ;
#806 = CARTESIAN_POINT ( 'NONE',  ( 55.00000000000000000, -16.49999999999999645, 43.44853283086639806 ) ) ;
#807 =( NAMED_UNIT ( * ) PLANE_ANGLE_UNIT ( ) SI_UNIT ( $, .RADIAN. ) );
#808 = ORIENTED_EDGE ( 'NONE', *, *, #896, .T. ) ;
#809 = VECTOR ( 'NONE', #1218, 1000.000000000000000 ) ;
#810 = VERTEX_POINT ( 'NONE', #173 ) ;
#811 = ORIENTED_EDGE ( 'NONE', *, *, #1623, .T. ) ;
#812 = CARTESIAN_POINT ( 'NONE',  ( -60.00000000000001421, 3.469446951953614189E-15, 47.25000000000000000 ) ) ;
#813 = CARTESIAN_POINT ( 'NONE',  ( -9.334013445778614582, 18.99999999999998934, 63.63884914775531598 ) ) ;
#814 = CARTESIAN_POINT ( 'NONE',  ( -0.1122201475220047096, -19.74999999999999289, 39.00000000000000000 ) ) ;
#815 = EDGE_CURVE ( 'NONE', #515, #648, #303, .T. ) ;
#816 = AXIS2_PLACEMENT_3D ( 'NONE', #1171, #928, #241 ) ;
#817 = LINE ( 'NONE', #1181, #529 ) ;
#818 = DIRECTION ( 'NONE',  ( 0.9950371902099891530, 0.09950371902099880428, -0.000000000000000000 ) ) ;
#819 = ORIENTED_EDGE ( 'NONE', *, *, #1415, .F. ) ;
#820 = ORIENTED_EDGE ( 'NONE', *, *, #106, .T. ) ;
#821 = ORIENTED_EDGE ( 'NONE', *, *, #314, .T. ) ;
#822 = CARTESIAN_POINT ( 'NONE',  ( 0.7524905351501294248, -18.99999999999998934, 63.60417403396793645 ) ) ;
#823 = CARTESIAN_POINT ( 'NONE',  ( -6.938893903907228378E-15, -21.99999999999999289, 66.50000000000000000 ) ) ;
#824 = LINE ( 'NONE', #448, #235 ) ;
#825 = EDGE_CURVE ( 'NONE', #1358, #1588, #1219, .T. ) ;
#826 = CARTESIAN_POINT ( 'NONE',  ( 55.00000000000000000, -16.49999999999999645, 66.50000000000000000 ) ) ;
#827 = AXIS2_PLACEMENT_3D ( 'NONE', #325, #317, #349 ) ;
#828 = ORIENTED_EDGE ( 'NONE', *, *, #1450, .T. ) ;
#829 = ORIENTED_EDGE ( 'NONE', *, *, #273, .F. ) ;
#830 = ORIENTED_EDGE ( 'NONE', *, *, #747, .F. ) ;
#831 = DIRECTION ( 'NONE',  ( -1.000000000000000000, 0.000000000000000000, 0.000000000000000000 ) ) ;
#832 = DIRECTION ( 'NONE',  ( -0.000000000000000000, -0.000000000000000000, -1.000000000000000000 ) ) ;
#833 = CARTESIAN_POINT ( 'NONE',  ( -36.22845182146163978, -21.99999999999999645, 72.11863299518842041 ) ) ;
#834 = EDGE_CURVE ( 'NONE', #1320, #132, #805, .T. ) ;
#835 = DIRECTION ( 'NONE',  ( 0.000000000000000000, 0.000000000000000000, 1.000000000000000000 ) ) ;
#836 = EDGE_LOOP ( 'NONE', ( #1338, #22, #829, #932, #642, #935, #1163, #441, #1418, #1231, #978, #837, #1461, #1194 ) ) ;
#837 = ORIENTED_EDGE ( 'NONE', *, *, #694, .F. ) ;
#838 = EDGE_LOOP ( 'NONE', ( #453, #533, #277, #153, #1553 ) ) ;
#839 = CYLINDRICAL_SURFACE ( 'NONE', #228, 2.999999999999999112 ) ;
#840 = CARTESIAN_POINT ( 'NONE',  ( 7.776116632202757728, 18.96116632202751617, 39.00000000000000000 ) ) ;
#841 = FACE_OUTER_BOUND ( 'NONE', #558, .T. ) ;
#842 = ORIENTED_EDGE ( 'NONE', *, *, #1204, .F. ) ;
#843 = CARTESIAN_POINT ( 'NONE',  ( -38.00000000000001421, 3.469446951953614189E-15, 66.50000000000000000 ) ) ;
#844 = CARTESIAN_POINT ( 'NONE',  ( -38.00000000000001421, 3.469446951953614189E-15, 39.00000000000000000 ) ) ;
#845 = ORIENTED_EDGE ( 'NONE', *, *, #429, .F. ) ;
#846 = CARTESIAN_POINT ( 'NONE',  ( -58.29215151129719885, -8.501502446328226270, 47.99156305020339630 ) ) ;
#847 = MANIFOLD_SOLID_BREP ( 'Fillet1', #1314 ) ;
#848 = VECTOR ( 'NONE', #258, 1000.000000000000000 ) ;
#849 = CARTESIAN_POINT ( 'NONE',  ( -38.00000000000000000, -18.99999999999999645, 63.50000000000000000 ) ) ;
#850 = ADVANCED_FACE ( 'NONE', ( #673 ), #316, .F. ) ;
#851 = DIRECTION ( 'NONE',  ( 0.000000000000000000, 1.000000000000000000, -2.486164595524610832E-17 ) ) ;
#852 = VECTOR ( 'NONE', #1571, 1000.000000000000000 ) ;
#853 = ADVANCED_FACE ( 'NONE', ( #1209 ), #1070, .T. ) ;
#854 = ORIENTED_EDGE ( 'NONE', *, *, #1288, .T. ) ;
#855 = CARTESIAN_POINT ( 'NONE',  ( -58.94462334614460985, -6.736807866559128222, 47.27397264199046134 ) ) ;
#856 = LINE ( 'NONE', #1247, #217 ) ;
#857 = CARTESIAN_POINT ( 'NONE',  ( -54.91624055513651115, -8.090284540483322573, 47.72398227178737073 ) ) ;
#858 = CARTESIAN_POINT ( 'NONE',  ( -58.78458148423541019, -7.215516156236127188, 54.63162428653445346 ) ) ;
#859 = DIRECTION ( 'NONE',  ( -0.000000000000000000, -0.000000000000000000, 1.000000000000000000 ) ) ;
#860 = EDGE_CURVE ( 'NONE', #52, #641, #945, .T. ) ;
#861 = CARTESIAN_POINT ( 'NONE',  ( 53.85000000000000142, 15.45926430357109815, 45.81406448207005866 ) ) ;
#862 = VECTOR ( 'NONE', #1489, 1000.000000000000000 ) ;
#863 = VECTOR ( 'NONE', #1242, 1000.000000000000000 ) ;
#864 = CIRCLE ( 'NONE', #786, 19.74999999999999645 ) ;
#865 = CARTESIAN_POINT ( 'NONE',  ( -38.00000000000001421, 3.469446951953614189E-15, 46.50000000000000000 ) ) ;
#866 = DIRECTION ( 'NONE',  ( 0.000000000000000000, 0.000000000000000000, 1.000000000000000000 ) ) ;
#867 = LINE ( 'NONE', #107, #731 ) ;
#868 = ADVANCED_FACE ( 'NONE', ( #48 ), #1345, .T. ) ;
#869 = CARTESIAN_POINT ( 'NONE',  ( -57.59946404900522765, 9.993058958108523626, 51.26119364698543990 ) ) ;
#870 = LINE ( 'NONE', #1259, #547 ) ;
#871 = FACE_OUTER_BOUND ( 'NONE', #774, .T. ) ;
#872 = FACE_OUTER_BOUND ( 'NONE', #378, .T. ) ;
#873 = EDGE_CURVE ( 'NONE', #18, #1329, #1041, .T. ) ;
#874 = B_SPLINE_CURVE_WITH_KNOTS ( 'NONE', 3,
 ( #1198, #1447, #1190, #37, #1458, #404, #555, #691, #1584, #1335, #172, #1044, #915, #1425, #270, #787, #1307, #869, #492, #631, #1011, #771, #1019, #1138, #133, #1286, #1390, #1006, #639, #383, #1158, #1532, #882, #108, #1267, #240 ),
 .UNSPECIFIED., .F., .F.,
 ( 4, 2, 2, 2, 2, 2, 2, 2, 2, 2, 2, 2, 2, 2, 2, 2, 2, 4 ),
 ( 8.673617379884035472E-19, 0.0007586805590236015730, 0.001517361118047202279, 0.002276041677070802984, 0.003034722236094403690, 0.003793402795118004395, 0.004552083354141605101, 0.005310763913165205373, 0.005690104192676995534, 0.006069444472188784828, 0.006828125031212364283, 0.007586805590235942871, 0.008345486149259520592, 0.009104166708283102649, 0.009862847267306681237, 0.01062152782633025982, 0.01138020838535383841, 0.01213888894437741700 ),
 .UNSPECIFIED. ) ;
#875 = PLANE ( 'NONE',  #1477 ) ;
#876 = APPLICATION_CONTEXT ( 'automotive_design' ) ;
#877 = ORIENTED_EDGE ( 'NONE', *, *, #1545, .T. ) ;
#878 = CARTESIAN_POINT ( 'NONE',  ( -55.01557988916141539, 7.879835725065344576, 54.38579662697434713 ) ) ;
#879 = DIRECTION ( 'NONE',  ( 0.9537169507482290420, 8.707553599473524046E-17, -0.3007057995042663467 ) ) ;
#880 = CARTESIAN_POINT ( 'NONE',  ( -8.893640210445266092, 18.99999999999999645, 63.50000000000000000 ) ) ;
#881 = AXIS2_PLACEMENT_3D ( 'NONE', #1436, #1196, #689 ) ;
#882 = CARTESIAN_POINT ( 'NONE',  ( -58.78458148423540308, 7.215516156236123635, 47.36837571346553943 ) ) ;
#883 = LINE ( 'NONE', #1542, #955 ) ;
#884 = ORIENTED_EDGE ( 'NONE', *, *, #1334, .F. ) ;
#885 = VERTEX_POINT ( 'NONE', #509 ) ;
#886 = DIRECTION ( 'NONE',  ( -0.000000000000000000, -0.000000000000000000, -1.000000000000000000 ) ) ;
#887 = DIRECTION ( 'NONE',  ( -0.000000000000000000, -0.000000000000000000, -1.000000000000000000 ) ) ;
#888 = CYLINDRICAL_SURFACE ( 'NONE', #903, 2.999999999999999112 ) ;
#889 = ORIENTED_EDGE ( 'NONE', *, *, #1453, .F. ) ;
#890 = EDGE_CURVE ( 'NONE', #1085, #1046, #530, .T. ) ;
#891 = LINE ( 'NONE', #1396, #1343 ) ;
#892 = DIRECTION ( 'NONE',  ( -1.000000000000000000, 0.000000000000000000, 0.000000000000000000 ) ) ;
#893 = EDGE_CURVE ( 'NONE', #335, #1221, #1533, .T. ) ;
#894 = ORIENTED_EDGE ( 'NONE', *, *, #1175, .F. ) ;
#895 = AXIS2_PLACEMENT_3D ( 'NONE', #130, #1678, #794 ) ;
#896 = EDGE_CURVE ( 'NONE', #1298, #386, #1555, .T. ) ;
#897 = ORIENTED_EDGE ( 'NONE', *, *, #24, .T. ) ;
#898 = CARTESIAN_POINT ( 'NONE',  ( -6.938893903907228378E-15, 21.99999999999999289, 60.69584601292125114 ) ) ;
#899 = CARTESIAN_POINT ( 'NONE',  ( 55.00000000000000000, 16.50000000000000355, 43.44853283086639806 ) ) ;
#900 = CARTESIAN_POINT ( 'NONE',  ( -55.67766952966370297, 6.250000000000000888, 47.25000000000000000 ) ) ;
#901 = VECTOR ( 'NONE', #1144, 1000.000000000000000 ) ;
#902 = ORIENTED_EDGE ( 'NONE', *, *, #790, .T. ) ;
#903 = AXIS2_PLACEMENT_3D ( 'NONE', #249, #35, #291 ) ;
#904 = SPHERICAL_SURFACE ( 'NONE', #1206, 3.000000000000000000 ) ;
#905 = CARTESIAN_POINT ( 'NONE',  ( 0.01343231075815669133, 21.99865676892417454, 60.78573102789617622 ) ) ;
#906 = MECHANICAL_DESIGN_GEOMETRIC_PRESENTATION_REPRESENTATION (  '', ( #1253 ), #313 ) ;
#907 = VERTEX_POINT ( 'NONE', #125 ) ;
#908 = VERTEX_POINT ( 'NONE', #501 ) ;
#909 = EDGE_LOOP ( 'NONE', ( #1364, #1621, #320, #30, #801, #1183, #700, #288 ) ) ;
#910 = CARTESIAN_POINT ( 'NONE',  ( -54.71971404225953250, 8.488996454840725292, 54.01758748352322215 ) ) ;
#911 = DIRECTION ( 'NONE',  ( -1.000000000000000000, 0.000000000000000000, 0.000000000000000000 ) ) ;
#912 = ORIENTED_EDGE ( 'NONE', *, *, #1469, .T. ) ;
#913 = CARTESIAN_POINT ( 'NONE',  ( -0.1122201475220047096, -19.74999999999999289, 46.50000000000000000 ) ) ;
#914 = EDGE_CURVE ( 'NONE', #407, #577, #1674, .T. ) ;
#915 = CARTESIAN_POINT ( 'NONE',  ( -57.79654141958077673, 9.597338484125849334, 52.70870378300238457 ) ) ;
#916 = DIRECTION ( 'NONE',  ( 0.9950371902099891530, 0.09950371902099879040, 0.000000000000000000 ) ) ;
#917 = VERTEX_POINT ( 'NONE', #1045 ) ;
#918 = ORIENTED_EDGE ( 'NONE', *, *, #273, .T. ) ;
#919 = VERTEX_POINT ( 'NONE', #1032 ) ;
#920 = DIRECTION ( 'NONE',  ( 0.9494089267861938186, -0.09494089267861915982, -0.2993474847665750782 ) ) ;
#921 = CARTESIAN_POINT ( 'NONE',  ( -38.00000000000001421, -18.74999999999999289, 39.00000000000000000 ) ) ;
#922 = ORIENTED_EDGE ( 'NONE', *, *, #93, .T. ) ;
#923 = ORIENTED_EDGE ( 'NONE', *, *, #1572, .F. ) ;
#924 = CARTESIAN_POINT ( 'NONE',  ( -8.893640210445290961, -18.99999999999999289, 66.50000000000000000 ) ) ;
#925 = AXIS2_PLACEMENT_3D ( 'NONE', #1312, #1353, #179 ) ;
#926 = EDGE_CURVE ( 'NONE', #1309, #27, #1277, .T. ) ;
#927 = CARTESIAN_POINT ( 'NONE',  ( 54.99999999999999289, -15.29897639521657737, 46.50000000000002132 ) ) ;
#928 = DIRECTION ( 'NONE',  ( -2.739037067331800130E-16, -1.000000000000000000, 0.000000000000000000 ) ) ;
#929 = EDGE_CURVE ( 'NONE', #1437, #305, #883, .T. ) ;
#930 = EDGE_LOOP ( 'NONE', ( #958, #897, #1449, #957 ) ) ;
#931 = ORIENTED_EDGE ( 'NONE', *, *, #860, .F. ) ;
#932 = ORIENTED_EDGE ( 'NONE', *, *, #621, .F. ) ;
#933 = LINE ( 'NONE', #1464, #1250 ) ;
#934 = LINE ( 'NONE', #301, #1017 ) ;
#935 = ORIENTED_EDGE ( 'NONE', *, *, #392, .F. ) ;
#936 = CARTESIAN_POINT ( 'NONE',  ( -60.00100000000001188, -6.250000000000002665, 47.25000000000000000 ) ) ;
#937 = DIRECTION ( 'NONE',  ( -1.000000000000000000, -6.217248937900876626E-15, 0.000000000000000000 ) ) ;
#938 = EDGE_CURVE ( 'NONE', #760, #1579, #1305, .T. ) ;
#939 = ORIENTED_EDGE ( 'NONE', *, *, #654, .F. ) ;
#940 = ORIENTED_EDGE ( 'NONE', *, *, #215, .F. ) ;
#941 = CYLINDRICAL_SURFACE ( 'NONE', #1299, 2.999999999999997335 ) ;
#942 = DIRECTION ( 'NONE',  ( 0.3007057995042669019, 0.000000000000000000, 0.9537169507482288200 ) ) ;
#943 = DIRECTION ( 'NONE',  ( 0.000000000000000000, -1.000000000000000000, 0.000000000000000000 ) ) ;
#944 =( BOUNDED_CURVE ( )  B_SPLINE_CURVE ( 3, ( #898, #625, #1648, #636 ),
 .UNSPECIFIED., .F., .T. ) 
 B_SPLINE_CURVE_WITH_KNOTS ( ( 4, 4 ),
 ( 6.253123785986415051, 6.283049597866100733 ),
 .UNSPECIFIED. ) 
 CURVE ( )  GEOMETRIC_REPRESENTATION_ITEM ( )  RATIONAL_B_SPLINE_CURVE ( ( 1.000000000000000000, 0.9999253718743258412, 0.9999253718743258412, 1.000000000000000000 ) ) 
 REPRESENTATION_ITEM ( '' )  );
#945 = LINE ( 'NONE', #1459, #518 ) ;
#946 = ORIENTED_EDGE ( 'NONE', *, *, #1015, .T. ) ;
#947 = VECTOR ( 'NONE', #111, 1000.000000000000000 ) ;
#948 = EDGE_LOOP ( 'NONE', ( #54, #902, #1310, #1169 ) ) ;
#949 = VERTEX_POINT ( 'NONE', #384 ) ;
#950 = DIRECTION ( 'NONE',  ( -1.000000000000000000, -9.130123557772672032E-17, 0.000000000000000000 ) ) ;
#951 = DIRECTION ( 'NONE',  ( -0.000000000000000000, -0.000000000000000000, -1.000000000000000000 ) ) ;
#952 = LINE ( 'NONE', #1068, #809 ) ;
#953 = DIRECTION ( 'NONE',  ( -1.000000000000000000, 2.750770970881420371E-16, 0.000000000000000000 ) ) ;
#954 = CARTESIAN_POINT ( 'NONE',  ( -38.00000000000001421, 3.469446951953614189E-15, 66.50000000000000000 ) ) ;
#955 = VECTOR ( 'NONE', #4, 999.9999999999998863 ) ;
#956 = EDGE_CURVE ( 'NONE', #41, #1048, #1525, .T. ) ;
#957 = ORIENTED_EDGE ( 'NONE', *, *, #1545, .F. ) ;
#958 = ORIENTED_EDGE ( 'NONE', *, *, #377, .T. ) ;
#959 = ORIENTED_EDGE ( 'NONE', *, *, #1586, .T. ) ;
#960 = ORIENTED_EDGE ( 'NONE', *, *, #1296, .T. ) ;
#961 = CARTESIAN_POINT ( 'NONE',  ( -8.893640210445301619, 88.51019046846228377, 63.50000000000000000 ) ) ;
#962 = DIRECTION ( 'NONE',  ( -0.000000000000000000, -0.000000000000000000, -1.000000000000000000 ) ) ;
#963 = EDGE_CURVE ( 'NONE', #587, #1473, #1439, .T. ) ;
#964 = DIRECTION ( 'NONE',  ( 0.9494089267861938186, -0.09494089267861915982, -0.2993474847665749672 ) ) ;
#965 = CARTESIAN_POINT ( 'NONE',  ( -53.87910317542270633, -9.970983201180398936, 50.46898595790446507 ) ) ;
#966 = ORIENTED_EDGE ( 'NONE', *, *, #956, .F. ) ;
#967 = EDGE_CURVE ( 'NONE', #1200, #1221, #1167, .T. ) ;
#968 = VECTOR ( 'NONE', #1352, 1000.000000000000000 ) ;
#969 = ORIENTED_EDGE ( 'NONE', *, *, #478, .F. ) ;
#970 = ORIENTED_EDGE ( 'NONE', *, *, #914, .T. ) ;
#971 = CARTESIAN_POINT ( 'NONE',  ( -38.00000000000001421, 19.75000000000000000, 39.00000000000000000 ) ) ;
#972 = DIRECTION ( 'NONE',  ( 1.000000000000000000, -1.831433230166797560E-16, 0.000000000000000000 ) ) ;
#973 = DIRECTION ( 'NONE',  ( 0.000000000000000000, 0.000000000000000000, 1.000000000000000000 ) ) ;
#974 = DIRECTION ( 'NONE',  ( -0.000000000000000000, -0.000000000000000000, -1.000000000000000000 ) ) ;
#975 = EDGE_LOOP ( 'NONE', ( #1675, #1543, #452, #281 ) ) ;
#976 = DIRECTION ( 'NONE',  ( -0.000000000000000000, -0.000000000000000000, 1.000000000000000000 ) ) ;
#977 =( NAMED_UNIT ( * ) SI_UNIT ( $, .STERADIAN. ) SOLID_ANGLE_UNIT ( ) );
#978 = ORIENTED_EDGE ( 'NONE', *, *, #1589, .F. ) ;
#979 = LINE ( 'NONE', #363, #442 ) ;
#980 = CARTESIAN_POINT ( 'NONE',  ( -53.86122969337773725, -9.999194641631586222, 50.73113924082048243 ) ) ;
#981 = EDGE_CURVE ( 'NONE', #1441, #41, #864, .T. ) ;
#982 = ADVANCED_FACE ( 'NONE', ( #1669 ), #1407, .F. ) ;
#983 = ORIENTED_EDGE ( 'NONE', *, *, #981, .T. ) ;
#984 = PLANE ( 'NONE',  #1269 ) ;
#985 = CARTESIAN_POINT ( 'NONE',  ( -57.61287032528417029, -9.966721424423816700, 50.48551546346747187 ) ) ;
#986 = CARTESIAN_POINT ( 'NONE',  ( -38.00000000000001421, 3.469446951953614189E-15, 63.50000000000000000 ) ) ;
#987 = AXIS2_PLACEMENT_3D ( 'NONE', #535, #144, #1050 ) ;
#988 = DIRECTION ( 'NONE',  ( 0.000000000000000000, 0.000000000000000000, -1.000000000000000000 ) ) ;
#989 = VECTOR ( 'NONE', #672, 1000.000000000000114 ) ;
#990 = CIRCLE ( 'NONE', #594, 18.74999999999999645 ) ;
#991 = CARTESIAN_POINT ( 'NONE',  ( 0.000000000000000000, 0.000000000000000000, 0.000000000000000000 ) ) ;
#992 = DIRECTION ( 'NONE',  ( -9.130123557772672032E-17, 1.000000000000000000, -0.000000000000000000 ) ) ;
#993 = CARTESIAN_POINT ( 'NONE',  ( -58.85000000000001563, 3.469446951953614189E-15, 169.6300125883206533 ) ) ;
#994 = ADVANCED_FACE ( 'NONE', ( #539 ), #520, .F. ) ;
#995 = FACE_OUTER_BOUND ( 'NONE', #705, .T. ) ;
#996 = CARTESIAN_POINT ( 'NONE',  ( -59.09354166563786492, -6.250000000000002665, 54.75000000000000711 ) ) ;
#997 = DIRECTION ( 'NONE',  ( 0.3007057995042662912, 2.371097317101936094E-17, 0.9537169507482291531 ) ) ;
#998 = CIRCLE ( 'NONE', #1157, 20.85000000000000142 ) ;
#999 = UNCERTAINTY_MEASURE_WITH_UNIT (LENGTH_MEASURE( 1.000000000000000082E-05 ), #1094, 'distance_accuracy_value', 'NONE');
#1000 = DIRECTION ( 'NONE',  ( -0.000000000000000000, -0.000000000000000000, -1.000000000000000000 ) ) ;
#1001 = VECTOR ( 'NONE', #1494, 1000.000000000000000 ) ;
#1002 = VECTOR ( 'NONE', #109, 1000.000000000000114 ) ;
#1003 = LINE ( 'NONE', #1513, #201 ) ;
#1004 = CARTESIAN_POINT ( 'NONE',  ( -0.05735696428904429184, -20.84999999999999432, 39.00000000000000000 ) ) ;
#1005 = DIRECTION ( 'NONE',  ( 0.9950371902099891530, 0.09950371902099831856, 0.000000000000000000 ) ) ;
#1006 = CARTESIAN_POINT ( 'NONE',  ( -58.20935525589592885, 8.695878342504526515, 48.14699332941307830 ) ) ;
#1007 = CARTESIAN_POINT ( 'NONE',  ( -0.1122201475219980621, -19.74999999999998934, 46.50000000000000000 ) ) ;
#1008 = FACE_OUTER_BOUND ( 'NONE', #189, .T. ) ;
#1009 = CARTESIAN_POINT ( 'NONE',  ( -57.75000000000000711, 3.469446951953614189E-15, 39.00000000000000000 ) ) ;
#1010 = DIRECTION ( 'NONE',  ( 0.000000000000000000, 0.000000000000000000, -1.000000000000000000 ) ) ;
#1011 = CARTESIAN_POINT ( 'NONE',  ( -57.60866616312022614, 9.975142018670794641, 50.49948303982195341 ) ) ;
#1012 = CARTESIAN_POINT ( 'NONE',  ( 0.5268649776037086507, 21.94731350223963062, 62.42225497661595313 ) ) ;
#1013 = CYLINDRICAL_SURFACE ( 'NONE', #1130, 2.999999999999997780 ) ;
#1014 = LINE ( 'NONE', #1530, #370 ) ;
#1015 = EDGE_CURVE ( 'NONE', #27, #454, #773, .T. ) ;
#1016 = DIRECTION ( 'NONE',  ( 9.251858538542962756E-15, 0.000000000000000000, -1.000000000000000000 ) ) ;
#1017 = VECTOR ( 'NONE', #182, 1000.000000000000000 ) ;
#1018 = VECTOR ( 'NONE', #1520, 1000.000000000000000 ) ;
#1019 = CARTESIAN_POINT ( 'NONE',  ( -57.69777884766725151, 9.798440608555720743, 49.76156581082180708 ) ) ;
#1020 = PRODUCT_DEFINITION ( 'UNKNOWN', '', #1243, #716 ) ;
#1021 = CARTESIAN_POINT ( 'NONE',  ( -38.00000000000000000, -18.74999999999999289, 36.00000000000000711 ) ) ;
#1022 = ADVANCED_FACE ( 'NONE', ( #1397 ), #653, .F. ) ;
#1023 = ORIENTED_EDGE ( 'NONE', *, *, #1103, .F. ) ;
#1024 = EDGE_LOOP ( 'NONE', ( #764, #1608, #1482, #655, #1539 ) ) ;
#1025 = AXIS2_PLACEMENT_3D ( 'NONE', #592, #1365, #596 ) ;
#1026 = ORIENTED_EDGE ( 'NONE', *, *, #496, .T. ) ;
#1027 = DIRECTION ( 'NONE',  ( -1.000000000000000000, 0.000000000000000000, 0.000000000000000000 ) ) ;
#1028 = FACE_OUTER_BOUND ( 'NONE', #1300, .T. ) ;
#1029 = CARTESIAN_POINT ( 'NONE',  ( -54.91303724956475207, 8.097004113435765760, 47.72767198531016675 ) ) ;
#1030 = COLOUR_RGB ( '',0.7921568627450980005, 0.8196078431372548767, 0.9333333333333333481 ) ;
#1031 = CARTESIAN_POINT ( 'NONE',  ( -0.1620957686428876054, 18.74999999999999289, 62.84401286273840981 ) ) ;
#1032 = CARTESIAN_POINT ( 'NONE',  ( -57.75000000000000711, 3.469446951953614189E-15, 46.50000000000000000 ) ) ;
#1033 = VERTEX_POINT ( 'NONE', #1664 ) ;
#1034 = ORIENTED_EDGE ( 'NONE', *, *, #377, .F. ) ;
#1035 = ORIENTED_EDGE ( 'NONE', *, *, #1241, .T. ) ;
#1036 = ORIENTED_EDGE ( 'NONE', *, *, #1270, .F. ) ;
#1037 = FACE_OUTER_BOUND ( 'NONE', #676, .T. ) ;
#1038 = DIRECTION ( 'NONE',  ( 0.000000000000000000, 0.000000000000000000, 1.000000000000000000 ) ) ;
#1039 = ORIENTED_EDGE ( 'NONE', *, *, #194, .F. ) ;
#1040 = ADVANCED_FACE ( 'NONE', ( #162 ), #1331, .T. ) ;
#1041 =( BOUNDED_CURVE ( )  B_SPLINE_CURVE ( 3, ( #788, #253, #1012, #905 ),
 .UNSPECIFIED., .F., .F. ) 
 B_SPLINE_CURVE_WITH_KNOTS ( ( 4, 4 ),
 ( 1.570796326794897002, 3.111666841710106102 ),
 .UNSPECIFIED. ) 
 CURVE ( )  GEOMETRIC_REPRESENTATION_ITEM ( )  RATIONAL_B_SPLINE_CURVE ( ( 1.000000000000000000, 0.8117384023750991995, 0.8117384023750991995, 1.000000000000000000 ) ) 
 REPRESENTATION_ITEM ( '' )  );
#1042 = CARTESIAN_POINT ( 'NONE',  ( -60.00100000000001188, 6.250000000000000888, 47.25000000000000000 ) ) ;
#1043 = AXIS2_PLACEMENT_3D ( 'NONE', #1590, #950, #943 ) ;
#1044 = CARTESIAN_POINT ( 'NONE',  ( -57.85572978343161310, 9.474893330832863114, 52.92938193097047161 ) ) ;
#1045 = CARTESIAN_POINT ( 'NONE',  ( 53.85000000000000142, 15.45926430357109993, 39.00000000000000000 ) ) ;
#1046 = VERTEX_POINT ( 'NONE', #1067 ) ;
#1047 = EDGE_LOOP ( 'NONE', ( #33, #385, #845, #1618, #175, #7 ) ) ;
#1048 = VERTEX_POINT ( 'NONE', #322 ) ;
#1049 = DIRECTION ( 'NONE',  ( 0.000000000000000000, 0.000000000000000000, -1.000000000000000000 ) ) ;
#1050 = DIRECTION ( 'NONE',  ( -1.000000000000000000, 0.000000000000000000, 0.000000000000000000 ) ) ;
#1051 = ORIENTED_EDGE ( 'NONE', *, *, #742, .F. ) ;
#1052 = PLANE ( 'NONE',  #1208 ) ;
#1053 = EDGE_CURVE ( 'NONE', #1222, #328, #1089, .T. ) ;
#1054 = DIRECTION ( 'NONE',  ( 0.000000000000000000, 0.000000000000000000, -1.000000000000000000 ) ) ;
#1055 = CARTESIAN_POINT ( 'NONE',  ( -38.00000000000001421, 3.469446951953614189E-15, 39.00000000000000000 ) ) ;
#1056 = ORIENTED_EDGE ( 'NONE', *, *, #1084, .F. ) ;
#1057 = EDGE_LOOP ( 'NONE', ( #1569, #548, #1051, #808, #412 ) ) ;
#1058 = LINE ( 'NONE', #265, #1518 ) ;
#1059 = PLANE ( 'NONE',  #620 ) ;
#1060 = DIRECTION ( 'NONE',  ( 1.000000000000000000, 0.000000000000000000, 0.000000000000000000 ) ) ;
#1061 = ADVANCED_FACE ( 'NONE', ( #290 ), #941, .T. ) ;
#1062 = AXIS2_PLACEMENT_3D ( 'NONE', #865, #220, #474 ) ;
#1063 = CARTESIAN_POINT ( 'NONE',  ( -60.00100000000001188, -6.250000000000002665, 51.00000000000000711 ) ) ;
#1064 = VERTEX_POINT ( 'NONE', #456 ) ;
#1065 = ORIENTED_EDGE ( 'NONE', *, *, #211, .T. ) ;
#1066 = ORIENTED_EDGE ( 'NONE', *, *, #825, .F. ) ;
#1067 = CARTESIAN_POINT ( 'NONE',  ( -2.242621163598929712, -18.74999999999999289, 63.50000000000000000 ) ) ;
#1068 = CARTESIAN_POINT ( 'NONE',  ( 52.75000000000000000, 14.46377798524780012, 46.50000000000000000 ) ) ;
#1069 = LINE ( 'NONE', #1554, #1499 ) ;
#1070 = CYLINDRICAL_SURFACE ( 'NONE', #1096, 22.00000000000000000 ) ;
#1071 = ORIENTED_EDGE ( 'NONE', *, *, #1392, .T. ) ;
#1072 = ORIENTED_EDGE ( 'NONE', *, *, #1638, .F. ) ;
#1073 = ORIENTED_EDGE ( 'NONE', *, *, #1516, .F. ) ;
#1074 = EDGE_LOOP ( 'NONE', ( #1072, #970, #1318, #1420, #63 ) ) ;
#1075 = DIRECTION ( 'NONE',  ( -0.9494089267861937076, -0.09494089267861927084, 0.2993474847665750227 ) ) ;
#1076 = DIRECTION ( 'NONE',  ( 0.3007057995042663467, 0.000000000000000000, 0.9537169507482290420 ) ) ;
#1077 = CARTESIAN_POINT ( 'NONE',  ( 54.72736700301836521, 13.26105372283388029, 45.53743172861599930 ) ) ;
#1078 = ADVANCED_FACE ( 'NONE', ( #1454 ), #170, .T. ) ;
#1079 = FILL_AREA_STYLE ('',( #38 ) ) ;
#1080 = DIRECTION ( 'NONE',  ( -0.000000000000000000, -0.000000000000000000, -1.000000000000000000 ) ) ;
#1081 = ORIENTED_EDGE ( 'NONE', *, *, #1527, .T. ) ;
#1082 = EDGE_LOOP ( 'NONE', ( #268, #1236, #263, #754, #712, #877 ) ) ;
#1083 = AXIS2_PLACEMENT_3D ( 'NONE', #749, #997, #1272 ) ;
#1084 = EDGE_CURVE ( 'NONE', #1309, #536, #34, .T. ) ;
#1085 = VERTEX_POINT ( 'NONE', #298 ) ;
#1086 = EDGE_LOOP ( 'NONE', ( #789, #854, #50, #1558 ) ) ;
#1087 = ORIENTED_EDGE ( 'NONE', *, *, #334, .F. ) ;
#1088 = DIRECTION ( 'NONE',  ( 1.831433230166797560E-16, 1.000000000000000000, -0.000000000000000000 ) ) ;
#1089 = LINE ( 'NONE', #330, #89 ) ;
#1090 = CARTESIAN_POINT ( 'NONE',  ( -38.00000000000000000, -19.74999999999998934, 39.00000000000000000 ) ) ;
#1091 = VECTOR ( 'NONE', #135, 999.9999999999998863 ) ;
#1092 = EDGE_CURVE ( 'NONE', #885, #1178, #688, .T. ) ;
#1093 = CIRCLE ( 'NONE', #1379, 3.000000000000002665 ) ;
#1094 =( LENGTH_UNIT ( ) NAMED_UNIT ( * ) SI_UNIT ( .MILLI., .METRE. ) );
#1095 = FACE_OUTER_BOUND ( 'NONE', #930, .T. ) ;
#1096 = AXIS2_PLACEMENT_3D ( 'NONE', #439, #1585, #431 ) ;
#1097 = ORIENTED_EDGE ( 'NONE', *, *, #36, .F. ) ;
#1098 = VERTEX_POINT ( 'NONE', #152 ) ;
#1099 = ORIENTED_EDGE ( 'NONE', *, *, #1347, .T. ) ;
#1100 = CARTESIAN_POINT ( 'NONE',  ( -58.85000000000001563, 3.469446951953614189E-15, 46.50000000000000000 ) ) ;
#1101 = CARTESIAN_POINT ( 'NONE',  ( 51.75000000000000711, -13.55879042313570793, 36.00000000000000711 ) ) ;
#1102 = LINE ( 'NONE', #833, #560 ) ;
#1103 = EDGE_CURVE ( 'NONE', #1566, #1358, #45, .T. ) ;
#1104 = CARTESIAN_POINT ( 'NONE',  ( -54.18272666720685038, -9.471423384449572325, 52.93524524192664416 ) ) ;
#1105 = CIRCLE ( 'NONE', #664, 18.74999999999999645 ) ;
#1106 = ORIENTED_EDGE ( 'NONE', *, *, #1501, .F. ) ;
#1107 = CARTESIAN_POINT ( 'NONE',  ( -6.938893903907228378E-15, 21.99999999999999289, 60.69584601292125114 ) ) ;
#1108 = EDGE_LOOP ( 'NONE', ( #523, #5, #1192 ) ) ;
#1109 = CARTESIAN_POINT ( 'NONE',  ( 0.01343231075812134634, -21.99865676892417810, 60.78573102789618332 ) ) ;
#1110 = ADVANCED_FACE ( 'NONE', ( #564 ), #1591, .T. ) ;
#1111 = EDGE_CURVE ( 'NONE', #409, #917, #933, .T. ) ;
#1112 = CARTESIAN_POINT ( 'NONE',  ( -53.98931337285210930, -9.793770252293301226, 52.25209809350611323 ) ) ;
#1113 = AXIS2_PLACEMENT_3D ( 'NONE', #154, #1354, #670 ) ;
#1114 = ORIENTED_EDGE ( 'NONE', *, *, #893, .T. ) ;
#1115 = LINE ( 'NONE', #840, #1602 ) ;
#1116 = DIRECTION ( 'NONE',  ( 1.000000000000000000, 0.000000000000000000, 0.000000000000000000 ) ) ;
#1117 = EDGE_LOOP ( 'NONE', ( #1106, #398, #61, #435, #684, #842, #1193 ) ) ;
#1118 = CARTESIAN_POINT ( 'NONE',  ( 0.004477771087063100834, -21.99955222289129253, 60.75718917700167054 ) ) ;
#1119 = CARTESIAN_POINT ( 'NONE',  ( -54.11425459740245714, -9.586814527943632314, 49.27054006666654118 ) ) ;
#1120 = ADVANCED_FACE ( 'NONE', ( #551 ), #1186, .F. ) ;
#1121 = CARTESIAN_POINT ( 'NONE',  ( 53.85000000000000142, -15.45926430357109638, 39.00000000000000000 ) ) ;
#1122 = LINE ( 'NONE', #1639, #1456 ) ;
#1123 = CARTESIAN_POINT ( 'NONE',  ( -58.20935525589595017, -8.695878342504526515, 53.85300667058694302 ) ) ;
#1124 = LINE ( 'NONE', #993, #517 ) ;
#1125 = AXIS2_PLACEMENT_3D ( 'NONE', #380, #247, #1038 ) ;
#1126 = CARTESIAN_POINT ( 'NONE',  ( 55.00000000000000000, 16.50000000000000355, 66.50000000000000000 ) ) ;
#1127 = CARTESIAN_POINT ( 'NONE',  ( -55.01440904937782506, 7.882312141070546119, 47.61550652306119247 ) ) ;
#1128 = VECTOR ( 'NONE', #169, 1000.000000000000000 ) ;
#1129 = EDGE_CURVE ( 'NONE', #1064, #53, #581, .T. ) ;
#1130 = AXIS2_PLACEMENT_3D ( 'NONE', #236, #920, #1548 ) ;
#1131 = CARTESIAN_POINT ( 'NONE',  ( -57.62297437383595877, -9.946844564580146653, 50.35821496972769040 ) ) ;
#1132 = CARTESIAN_POINT ( 'NONE',  ( -38.00000000000000000, -20.84999999999999432, 39.00000000000000000 ) ) ;
#1133 = CARTESIAN_POINT ( 'NONE',  ( -38.00000000000001421, 22.00000000000000355, 66.50000000000000000 ) ) ;
#1134 = ADVANCED_FACE ( 'NONE', ( #1341, #1217 ), #56, .F. ) ;
#1135 = DIRECTION ( 'NONE',  ( -1.000000000000000000, -9.130123557772672032E-17, -0.000000000000000000 ) ) ;
#1136 = DIRECTION ( 'NONE',  ( 0.09950371902099879040, -0.9950371902099891530, 0.000000000000000000 ) ) ;
#1137 = DIRECTION ( 'NONE',  ( 9.130123557772672032E-17, -1.000000000000000000, -3.351551305632182824E-34 ) ) ;
#1138 = CARTESIAN_POINT ( 'NONE',  ( -57.79409863736396602, 9.602374134832853514, 49.30095978462059492 ) ) ;
#1139 = CIRCLE ( 'NONE', #358, 22.00000000000000000 ) ;
#1140 = EDGE_CURVE ( 'NONE', #1410, #1442, #1601, .T. ) ;
#1141 = CARTESIAN_POINT ( 'NONE',  ( -38.00000000000001421, 20.85000000000000497, 39.00000000000000000 ) ) ;
#1142 = CYLINDRICAL_SURFACE ( 'NONE', #573, 2.999999999999997780 ) ;
#1143 = FACE_OUTER_BOUND ( 'NONE', #718, .T. ) ;
#1144 = DIRECTION ( 'NONE',  ( 1.000000000000000000, 0.000000000000000000, 0.000000000000000000 ) ) ;
#1145 = DIRECTION ( 'NONE',  ( 1.000000000000000000, 0.000000000000000000, 0.000000000000000000 ) ) ;
#1146 = DIRECTION ( 'NONE',  ( -0.000000000000000000, -0.000000000000000000, -1.000000000000000000 ) ) ;
#1147 = CARTESIAN_POINT ( 'NONE',  ( -37.99999999999999289, -18.74999999999999289, 36.00000000000000711 ) ) ;
#1148 = CARTESIAN_POINT ( 'NONE',  ( -0.05735696428912970268, 20.85000000000000142, 39.00000000000000000 ) ) ;
#1149 = EDGE_CURVE ( 'NONE', #276, #1550, #1484, .T. ) ;
#1150 = ADVANCED_FACE ( 'NONE', ( #543 ), #1059, .F. ) ;
#1151 = DIRECTION ( 'NONE',  ( 1.000000000000000000, -9.143925341964810151E-17, 0.000000000000000000 ) ) ;
#1152 = DIRECTION ( 'NONE',  ( 3.667893306630411334E-15, -1.000000000000000000, -1.156482317317870344E-15 ) ) ;
#1153 = ORIENTED_EDGE ( 'NONE', *, *, #1327, .T. ) ;
#1154 = ORIENTED_EDGE ( 'NONE', *, *, #1392, .F. ) ;
#1155 = DIRECTION ( 'NONE',  ( 0.000000000000000000, 0.000000000000000000, -1.000000000000000000 ) ) ;
#1156 = DIRECTION ( 'NONE',  ( -0.000000000000000000, -0.000000000000000000, 1.000000000000000000 ) ) ;
#1157 = AXIS2_PLACEMENT_3D ( 'NONE', #608, #859, #626 ) ;
#1158 = CARTESIAN_POINT ( 'NONE',  ( -58.53795475619821076, 7.889783910383517451, 47.61898095566756695 ) ) ;
#1159 = ORIENTED_EDGE ( 'NONE', *, *, #681, .F. ) ;
#1160 = ADVANCED_FACE ( 'NONE', ( #76 ), #588, .F. ) ;
#1161 = ORIENTED_EDGE ( 'NONE', *, *, #1650, .T. ) ;
#1162 = VECTOR ( 'NONE', #1146, 1000.000000000000000 ) ;
#1163 = ORIENTED_EDGE ( 'NONE', *, *, #1129, .F. ) ;
#1164 = CARTESIAN_POINT ( 'NONE',  ( -55.21443626808956395, 7.435385261728769457, 54.56578814166046953 ) ) ;
#1165 = CARTESIAN_POINT ( 'NONE',  ( -9.334013445778586160, -18.99999999999998934, 63.63884914775530888 ) ) ;
#1166 = VECTOR ( 'NONE', #1000, 1000.000000000000000 ) ;
#1167 = CIRCLE ( 'NONE', #447, 22.00000000000000000 ) ;
#1168 = CARTESIAN_POINT ( 'NONE',  ( -53.99324937518217382, 9.787348386888655938, 52.26985402494841537 ) ) ;
#1169 = ORIENTED_EDGE ( 'NONE', *, *, #1149, .F. ) ;
#1170 = CARTESIAN_POINT ( 'NONE',  ( -59.09354166563786492, -6.250000000000002665, 47.25000000000000000 ) ) ;
#1171 = CARTESIAN_POINT ( 'NONE',  ( -6.938893903907228378E-15, 21.99999999999999289, 66.50000000000000000 ) ) ;
#1172 = ORIENTED_EDGE ( 'NONE', *, *, #1623, .F. ) ;
#1173 = ORIENTED_EDGE ( 'NONE', *, *, #1391, .F. ) ;
#1174 = CARTESIAN_POINT ( 'NONE',  ( 0.7524905351501522954, 18.99999999999998579, 63.60417403396792224 ) ) ;
#1175 = EDGE_CURVE ( 'NONE', #454, #409, #205, .T. ) ;
#1176 = CARTESIAN_POINT ( 'NONE',  ( -6.938893903907228378E-15, 21.99999999999999289, 39.00000000000000000 ) ) ;
#1177 = FACE_OUTER_BOUND ( 'NONE', #1057, .T. ) ;
#1178 = VERTEX_POINT ( 'NONE', #1107 ) ;
#1179 = CARTESIAN_POINT ( 'NONE',  ( -55.21200565681613881, 7.440955668363260500, 47.43617289738669740 ) ) ;
#1180 = VECTOR ( 'NONE', #1075, 1000.000000000000114 ) ;
#1181 = CARTESIAN_POINT ( 'NONE',  ( -35.76893164127370994, 22.31068358726306755, 39.00000000000000000 ) ) ;
#1182 = DIRECTION ( 'NONE',  ( 0.000000000000000000, -1.000000000000000000, 0.000000000000000000 ) ) ;
#1183 = ORIENTED_EDGE ( 'NONE', *, *, #1363, .T. ) ;
#1184 = ORIENTED_EDGE ( 'NONE', *, *, #1665, .F. ) ;
#1185 = ORIENTED_EDGE ( 'NONE', *, *, #1175, .T. ) ;
#1186 = PLANE ( 'NONE',  #1430 ) ;
#1187 = EDGE_LOOP ( 'NONE', ( #1317, #819, #781, #798 ) ) ;
#1188 = PLANE ( 'NONE',  #1528 ) ;
#1189 = ADVANCED_FACE ( 'NONE', ( #1368 ), #984, .F. ) ;
#1190 = CARTESIAN_POINT ( 'NONE',  ( -58.94462334614460985, 6.736807866559127334, 54.72602735800953866 ) ) ;
#1191 = DIRECTION ( 'NONE',  ( 0.09950371902099869326, 0.9950371902099891530, 0.000000000000000000 ) ) ;
#1192 = ORIENTED_EDGE ( 'NONE', *, *, #1469, .F. ) ;
#1193 = ORIENTED_EDGE ( 'NONE', *, *, #248, .F. ) ;
#1194 = ORIENTED_EDGE ( 'NONE', *, *, #963, .F. ) ;
#1195 = DIRECTION ( 'NONE',  ( 0.000000000000000000, 0.000000000000000000, -1.000000000000000000 ) ) ;
#1196 = DIRECTION ( 'NONE',  ( 0.000000000000000000, 0.000000000000000000, -1.000000000000000000 ) ) ;
#1197 = EDGE_LOOP ( 'NONE', ( #1564, #569, #1161, #467, #1573 ) ) ;
#1198 = CARTESIAN_POINT ( 'NONE',  ( -59.09354166563786492, 6.249999999999997335, 54.75000000000000711 ) ) ;
#1199 = CARTESIAN_POINT ( 'NONE',  ( -0.05735696428912970268, 20.85000000000000142, 169.6300125883206533 ) ) ;
#1200 = VERTEX_POINT ( 'NONE', #719 ) ;
#1201 = ORIENTED_EDGE ( 'NONE', *, *, #1363, .F. ) ;
#1202 = FACE_OUTER_BOUND ( 'NONE', #975, .T. ) ;
#1203 = CARTESIAN_POINT ( 'NONE',  ( -1.664562979970646062, 21.99999999999999289, 61.22068070451877730 ) ) ;
#1204 = EDGE_CURVE ( 'NONE', #810, #536, #1622, .T. ) ;
#1205 = DIRECTION ( 'NONE',  ( 7.885106708985491499E-17, -1.000000000000000000, 0.000000000000000000 ) ) ;
#1206 = AXIS2_PLACEMENT_3D ( 'NONE', #1416, #652, #367 ) ;
#1207 = EDGE_CURVE ( 'NONE', #1048, #1033, #1115, .T. ) ;
#1208 = AXIS2_PLACEMENT_3D ( 'NONE', #238, #259, #758 ) ;
#1209 = FACE_OUTER_BOUND ( 'NONE', #909, .T. ) ;
#1210 = CARTESIAN_POINT ( 'NONE',  ( -54.71552609269411249, -8.497263798577884941, 54.01153785471376523 ) ) ;
#1211 = ORIENTED_EDGE ( 'NONE', *, *, #434, .F. ) ;
#1212 = VERTEX_POINT ( 'NONE', #1360 ) ;
#1213 = VERTEX_POINT ( 'NONE', #461 ) ;
#1214 = ORIENTED_EDGE ( 'NONE', *, *, #429, .T. ) ;
#1215 = ORIENTED_EDGE ( 'NONE', *, *, #938, .F. ) ;
#1216 = CARTESIAN_POINT ( 'NONE',  ( -8.893640210445290961, -18.99999999999999289, 63.50000000000000000 ) ) ;
#1217 = FACE_OUTER_BOUND ( 'NONE', #177, .T. ) ;
#1218 = DIRECTION ( 'NONE',  ( -0.000000000000000000, -0.000000000000000000, -1.000000000000000000 ) ) ;
#1219 = LINE ( 'NONE', #1595, #1523 ) ;
#1220 = LINE ( 'NONE', #1626, #1512 ) ;
#1221 = VERTEX_POINT ( 'NONE', #336 ) ;
#1222 = VERTEX_POINT ( 'NONE', #344 ) ;
#1223 = EDGE_CURVE ( 'NONE', #132, #306, #1139, .T. ) ;
#1224 = FACE_OUTER_BOUND ( 'NONE', #791, .T. ) ;
#1225 = DIRECTION ( 'NONE',  ( 0.9494089267861937076, 0.09494089267861925696, -0.2993474847665749672 ) ) ;
#1226 = CARTESIAN_POINT ( 'NONE',  ( 55.00000000000000000, 13.57524905351503719, 46.50000000000000000 ) ) ;
#1227 = VECTOR ( 'NONE', #1560, 1000.000000000000000 ) ;
#1228 = AXIS2_PLACEMENT_3D ( 'NONE', #1479, #721, #466 ) ;
#1229 = CARTESIAN_POINT ( 'NONE',  ( -38.00000000000000000, -21.99999999999999645, 63.50000000000000000 ) ) ;
#1230 = ORIENTED_EDGE ( 'NONE', *, *, #1204, .T. ) ;
#1231 = ORIENTED_EDGE ( 'NONE', *, *, #1140, .F. ) ;
#1232 = FACE_OUTER_BOUND ( 'NONE', #1108, .T. ) ;
#1233 = CARTESIAN_POINT ( 'NONE',  ( -0.1122201475219980621, -19.74999999999998934, 46.50000000000000000 ) ) ;
#1234 = EDGE_CURVE ( 'NONE', #1473, #276, #468, .T. ) ;
#1235 = CARTESIAN_POINT ( 'NONE',  ( -53.87659896902902545, -9.974963074454526790, 51.50395090986172875 ) ) ;
#1236 = ORIENTED_EDGE ( 'NONE', *, *, #860, .T. ) ;
#1237 = DIRECTION ( 'NONE',  ( 0.000000000000000000, 0.000000000000000000, 1.000000000000000000 ) ) ;
#1238 = EDGE_CURVE ( 'NONE', #433, #1289, #307, .T. ) ;
#1239 = LINE ( 'NONE', #1386, #1361 ) ;
#1240 = EDGE_CURVE ( 'NONE', #1212, #335, #979, .T. ) ;
#1241 = EDGE_CURVE ( 'NONE', #6, #1339, #487, .T. ) ;
#1242 = DIRECTION ( 'NONE',  ( -0.000000000000000000, -0.000000000000000000, 1.000000000000000000 ) ) ;
#1243 = PRODUCT_DEFINITION_FORMATION_WITH_SPECIFIED_SOURCE ( 'ANY', '', #1492, .NOT_KNOWN. ) ;
#1244 = DIRECTION ( 'NONE',  ( 1.000000000000000000, 0.000000000000000000, -0.000000000000000000 ) ) ;
#1245 = APPLICATION_PROTOCOL_DEFINITION ( 'draft international standard', 'automotive_design', 1998, #134 ) ;
#1246 = CARTESIAN_POINT ( 'NONE',  ( -57.85283446746733915, -9.480953436422328906, 52.91928500390206125 ) ) ;
#1247 = CARTESIAN_POINT ( 'NONE',  ( -2.242621163598926159, 6.288954429540033898E-15, 63.50000000000000000 ) ) ;
#1248 = CARTESIAN_POINT ( 'NONE',  ( -38.00000000000000000, -18.74999999999999289, 63.50000000000000000 ) ) ;
#1249 = CARTESIAN_POINT ( 'NONE',  ( -53.86122969337774435, 9.999194641631582670, 51.26886075917953889 ) ) ;
#1250 = VECTOR ( 'NONE', #1195, 1000.000000000000000 ) ;
#1251 = VECTOR ( 'NONE', #734, 999.9999999999998863 ) ;
#1252 = AXIS2_PLACEMENT_3D ( 'NONE', #1199, #1191, #556 ) ;
#1253 = STYLED_ITEM ( 'NONE', ( #294 ), #847 ) ;
#1254 = EDGE_CURVE ( 'NONE', #6, #116, #136, .T. ) ;
#1255 = CARTESIAN_POINT ( 'NONE',  ( -58.21066264064262441, -8.692819742307076325, 48.14449879844103464 ) ) ;
#1256 = LINE ( 'NONE', #725, #772 ) ;
#1257 = LINE ( 'NONE', #233, #359 ) ;
#1258 = EDGE_CURVE ( 'NONE', #1033, #158, #1003, .T. ) ;
#1259 = CARTESIAN_POINT ( 'NONE',  ( -8.893640210445294514, 21.99999999999999289, 66.50000000000000000 ) ) ;
#1260 = LINE ( 'NONE', #369, #1457 ) ;
#1261 = EDGE_CURVE ( 'NONE', #1579, #792, #870, .T. ) ;
#1262 = DIRECTION ( 'NONE',  ( -1.000000000000000000, 9.143925341964808918E-17, 0.000000000000000000 ) ) ;
#1263 = DIRECTION ( 'NONE',  ( 0.9537169507482291531, 0.000000000000000000, -0.3007057995042662912 ) ) ;
#1264 = DIRECTION ( 'NONE',  ( -2.398714191750070777E-16, -1.000000000000000000, 0.000000000000000000 ) ) ;
#1265 = DIRECTION ( 'NONE',  ( -0.000000000000000000, -0.000000000000000000, -1.000000000000000000 ) ) ;
#1266 = DIRECTION ( 'NONE',  ( 9.130123557772674497E-17, -1.000000000000000000, -0.000000000000000000 ) ) ;
#1267 = CARTESIAN_POINT ( 'NONE',  ( -59.02059848460093150, 6.496180804548267851, 47.24999999999997158 ) ) ;
#1268 = CARTESIAN_POINT ( 'NONE',  ( -8.893640210445290961, -18.99999999999998934, 63.50000000000000000 ) ) ;
#1269 = AXIS2_PLACEMENT_3D ( 'NONE', #1617, #723, #1244 ) ;
#1270 = EDGE_CURVE ( 'NONE', #1337, #1566, #1349, .T. ) ;
#1271 = CARTESIAN_POINT ( 'NONE',  ( -38.00000000000001421, 3.469446951953614189E-15, 169.6300125883206533 ) ) ;
#1272 = DIRECTION ( 'NONE',  ( 0.9537169507482291531, 0.000000000000000000, -0.3007057995042662912 ) ) ;
#1273 = EDGE_CURVE ( 'NONE', #296, #587, #1239, .T. ) ;
#1274 = CARTESIAN_POINT ( 'NONE',  ( 51.75000000000000711, -13.55879042313570793, 46.47619193871591392 ) ) ;
#1275 = CIRCLE ( 'NONE', #987, 19.74999999999999645 ) ;
#1276 = DIRECTION ( 'NONE',  ( -0.000000000000000000, -0.000000000000000000, 1.000000000000000000 ) ) ;
#1277 = LINE ( 'NONE', #1287, #1605 ) ;
#1278 = ORIENTED_EDGE ( 'NONE', *, *, #1498, .T. ) ;
#1279 = EDGE_LOOP ( 'NONE', ( #1065, #1557, #633, #1460, #1154 ) ) ;
#1280 = DIRECTION ( 'NONE',  ( 1.000000000000000000, 0.000000000000000000, -0.000000000000000000 ) ) ;
#1281 = CARTESIAN_POINT ( 'NONE',  ( -54.43550023714963260, 9.026386662812047490, 53.53226905941792779 ) ) ;
#1282 = CARTESIAN_POINT ( 'NONE',  ( -38.00000000000001421, 3.469446951953614189E-15, 39.00000000000000000 ) ) ;
#1283 = VECTOR ( 'NONE', #1656, 1000.000000000000000 ) ;
#1284 = EDGE_CURVE ( 'NONE', #577, #778, #730, .T. ) ;
#1285 = CARTESIAN_POINT ( 'NONE',  ( -0.1620957686428910194, -18.74999999999999289, 36.00000000000000711 ) ) ;
#1286 = CARTESIAN_POINT ( 'NONE',  ( -57.98306724275592217, 9.203289522109052712, 48.67603871952790939 ) ) ;
#1287 = CARTESIAN_POINT ( 'NONE',  ( 53.85000000000000142, -15.45926430357109638, 46.50000000000000000 ) ) ;
#1288 = EDGE_CURVE ( 'NONE', #306, #407, #242, .T. ) ;
#1289 = VERTEX_POINT ( 'NONE', #226 ) ;
#1290 = ORIENTED_EDGE ( 'NONE', *, *, #1092, .F. ) ;
#1291 = CARTESIAN_POINT ( 'NONE',  ( -0.1122201475220255401, 19.74999999999999289, 46.50000000000000000 ) ) ;
#1292 = PLANE ( 'NONE',  #690 ) ;
#1293 = DIRECTION ( 'NONE',  ( 0.3007057995042669019, 0.000000000000000000, 0.9537169507482288200 ) ) ;
#1294 = DIRECTION ( 'NONE',  ( -0.9494089267861937076, 0.09494089267861917369, 0.2993474847665749117 ) ) ;
#1295 = CARTESIAN_POINT ( 'NONE',  ( 19.72479740110979662, -18.87178456346011401, 56.57369953174981703 ) ) ;
#1296 = EDGE_CURVE ( 'NONE', #1098, #1324, #1301, .T. ) ;
#1297 = ORIENTED_EDGE ( 'NONE', *, *, #499, .F. ) ;
#1298 = VERTEX_POINT ( 'NONE', #534 ) ;
#1299 = AXIS2_PLACEMENT_3D ( 'NONE', #813, #1581, #1076 ) ;
#1300 = EDGE_LOOP ( 'NONE', ( #462, #696, #1035, #821 ) ) ;
#1301 = LINE ( 'NONE', #1176, #750 ) ;
#1302 = CYLINDRICAL_SURFACE ( 'NONE', #1630, 2.999999999999997335 ) ;
#1303 = VECTOR ( 'NONE', #195, 1000.000000000000000 ) ;
#1304 = ORIENTED_EDGE ( 'NONE', *, *, #967, .F. ) ;
#1305 = CIRCLE ( 'NONE', #224, 3.000000000000000000 ) ;
#1306 = CARTESIAN_POINT ( 'NONE',  ( -54.18272666720685748, 9.471423384449568772, 49.06475475807334874 ) ) ;
#1307 = CARTESIAN_POINT ( 'NONE',  ( -57.61287032528417029, 9.966721424423811371, 51.51448453653251391 ) ) ;
#1308 = DIRECTION ( 'NONE',  ( 1.000000000000000000, 3.469446951953614189E-15, 0.000000000000000000 ) ) ;
#1309 = VERTEX_POINT ( 'NONE', #1393 ) ;
#1310 = ORIENTED_EDGE ( 'NONE', *, *, #1327, .F. ) ;
#1311 = ORIENTED_EDGE ( 'NONE', *, *, #873, .F. ) ;
#1312 = CARTESIAN_POINT ( 'NONE',  ( 7.776116632202757728, 18.96116632202751617, 46.50000000000000000 ) ) ;
#1313 = LINE ( 'NONE', #1342, #1323 ) ;
#1314 = CLOSED_SHELL ( 'NONE', ( #1376, #1110, #853, #1424, #326, #1540, #1078, #482, #26, #204, #982, #1120, #611, #777, #239, #557, #1022, #465, #1403, #1150, #357, #1670, #92, #1040, #868, #354, #1134, #1593, #570, #198, #1189, #458, #994, #333, #1380, #850, #1577, #1160, #722, #1373, #1061, #82, #553, #1508, #81, #697, #646, #286, #151 ) ) ;
#1315 = DIRECTION ( 'NONE',  ( -1.000000000000000000, 2.750770970881420371E-16, 0.000000000000000000 ) ) ;
#1316 = LINE ( 'NONE', #566, #1319 ) ;
#1317 = ORIENTED_EDGE ( 'NONE', *, *, #1498, .F. ) ;
#1318 = ORIENTED_EDGE ( 'NONE', *, *, #1284, .T. ) ;
#1319 = VECTOR ( 'NONE', #575, 1000.000000000000000 ) ;
#1320 = VERTEX_POINT ( 'NONE', #143 ) ;
#1321 = CARTESIAN_POINT ( 'NONE',  ( -38.00000000000001421, 3.469446951953614189E-15, 39.00000000000000000 ) ) ;
#1322 = LINE ( 'NONE', #1077, #373 ) ;
#1323 = VECTOR ( 'NONE', #583, 1000.000000000000000 ) ;
#1324 = VERTEX_POINT ( 'NONE', #1411 ) ;
#1325 = FACE_OUTER_BOUND ( 'NONE', #532, .T. ) ;
#1326 = DIRECTION ( 'NONE',  ( -0.000000000000000000, -0.000000000000000000, 1.000000000000000000 ) ) ;
#1327 = EDGE_CURVE ( 'NONE', #1550, #1441, #417, .T. ) ;
#1328 = EDGE_LOOP ( 'NONE', ( #1562, #706, #1480, #42, #460 ) ) ;
#1329 = VERTEX_POINT ( 'NONE', #1654 ) ;
#1330 = CARTESIAN_POINT ( 'NONE',  ( 52.74999999999999289, -14.46377798524779656, 46.50000000000000000 ) ) ;
#1331 = CYLINDRICAL_SURFACE ( 'NONE', #337, 19.74999999999999645 ) ;
#1332 = EDGE_CURVE ( 'NONE', #1588, #907, #618, .T. ) ;
#1333 = CARTESIAN_POINT ( 'NONE',  ( 52.75000000000000000, 14.46377798524780012, 46.16089314983693725 ) ) ;
#1334 = EDGE_CURVE ( 'NONE', #1578, #18, #266, .T. ) ;
#1335 = CARTESIAN_POINT ( 'NONE',  ( -58.05772807242482259, 9.040107522522758288, 53.51725156038724407 ) ) ;
#1336 = DIRECTION ( 'NONE',  ( 0.9950371902099891530, 0.09950371902099879040, -0.000000000000000000 ) ) ;
#1337 = VERTEX_POINT ( 'NONE', #410 ) ;
#1338 = ORIENTED_EDGE ( 'NONE', *, *, #1665, .T. ) ;
#1339 = VERTEX_POINT ( 'NONE', #1141 ) ;
#1340 = DIRECTION ( 'NONE',  ( 0.000000000000000000, 0.000000000000000000, -1.000000000000000000 ) ) ;
#1341 = FACE_BOUND ( 'NONE', #1082, .T. ) ;
#1342 = CARTESIAN_POINT ( 'NONE',  ( 51.75000000000000711, -13.55879042313570793, 36.00000000000000711 ) ) ;
#1343 = VECTOR ( 'NONE', #1294, 1000.000000000000114 ) ;
#1344 = VECTOR ( 'NONE', #390, 1000.000000000000000 ) ;
#1345 = PLANE ( 'NONE',  #1468 ) ;
#1346 = CARTESIAN_POINT ( 'NONE',  ( -55.30905248883189529, -7.212762438295712286, 54.63229144245415370 ) ) ;
#1347 = EDGE_CURVE ( 'NONE', #635, #318, #222, .T. ) ;
#1348 = ORIENTED_EDGE ( 'NONE', *, *, #139, .F. ) ;
#1349 =( BOUNDED_CURVE ( )  B_SPLINE_CURVE ( 3, ( #1109, #1118, #470, #1506 ),
 .UNSPECIFIED., .F., .F. ) 
 B_SPLINE_CURVE_WITH_KNOTS ( ( 4, 4 ),
 ( 3.141728362903279503, 3.171654174782964741 ),
 .UNSPECIFIED. ) 
 CURVE ( )  GEOMETRIC_REPRESENTATION_ITEM ( )  RATIONAL_B_SPLINE_CURVE ( ( 1.000000000000000000, 0.9999253718743259522, 0.9999253718743259522, 1.000000000000000000 ) ) 
 REPRESENTATION_ITEM ( '' )  );
#1350 = ORIENTED_EDGE ( 'NONE', *, *, #736, .T. ) ;
#1351 = EDGE_LOOP ( 'NONE', ( #1081, #1488, #1114, #1405, #1023 ) ) ;
#1352 = DIRECTION ( 'NONE',  ( 0.000000000000000000, 1.000000000000000000, -0.000000000000000000 ) ) ;
#1353 = DIRECTION ( 'NONE',  ( 0.09950371902099876265, 0.9950371902099891530, -0.000000000000000000 ) ) ;
#1354 = DIRECTION ( 'NONE',  ( 0.000000000000000000, -1.000000000000000000, -0.000000000000000000 ) ) ;
#1355 = LINE ( 'NONE', #826, #1303 ) ;
#1356 = VERTEX_POINT ( 'NONE', #1401 ) ;
#1357 = EDGE_CURVE ( 'NONE', #1178, #1329, #944, .T. ) ;
#1358 = VERTEX_POINT ( 'NONE', #503 ) ;
#1359 = CARTESIAN_POINT ( 'NONE',  ( -0.1620957686428910194, -18.74999999999999289, 39.00000000000000000 ) ) ;
#1360 = CARTESIAN_POINT ( 'NONE',  ( -8.893640210445290961, -21.99999999999999289, 63.50000000000000000 ) ) ;
#1361 = VECTOR ( 'NONE', #80, 1000.000000000000227 ) ;
#1362 = CARTESIAN_POINT ( 'NONE',  ( -55.49839952279845079, -6.740419437464921337, 54.72557933895863869 ) ) ;
#1363 = EDGE_CURVE ( 'NONE', #132, #1200, #387, .T. ) ;
#1364 = ORIENTED_EDGE ( 'NONE', *, *, #334, .T. ) ;
#1365 = DIRECTION ( 'NONE',  ( 0.000000000000000000, 0.000000000000000000, -1.000000000000000000 ) ) ;
#1366 = CARTESIAN_POINT ( 'NONE',  ( -57.98613489995894810, -9.196630938770802288, 48.66765831373611917 ) ) ;
#1367 = DIRECTION ( 'NONE',  ( 1.000000000000000000, 0.000000000000000000, -0.000000000000000000 ) ) ;
#1368 = FACE_OUTER_BOUND ( 'NONE', #1074, .T. ) ;
#1369 = CARTESIAN_POINT ( 'NONE',  ( -57.60866616312023325, -9.975142018670794641, 51.50051696017804659 ) ) ;
#1370 = DIRECTION ( 'NONE',  ( 0.000000000000000000, 0.000000000000000000, -1.000000000000000000 ) ) ;
#1371 = CARTESIAN_POINT ( 'NONE',  ( -54.10980285795645273, -9.594286308410314490, 52.71516947389457641 ) ) ;
#1372 = CARTESIAN_POINT ( 'NONE',  ( -53.87659896902903256, 9.974963074454523237, 50.49604909013828546 ) ) ;
#1373 = ADVANCED_FACE ( 'NONE', ( #1037 ), #1013, .T. ) ;
#1374 = DIRECTION ( 'NONE',  ( -0.000000000000000000, 0.000000000000000000, -1.000000000000000000 ) ) ;
#1375 = DIRECTION ( 'NONE',  ( -0.09950371902099867938, -0.9950371902099891530, 0.000000000000000000 ) ) ;
#1376 = ADVANCED_FACE ( 'NONE', ( #748 ), #246, .F. ) ;
#1377 = LINE ( 'NONE', #365, #308 ) ;
#1378 = VECTOR ( 'NONE', #972, 1000.000000000000000 ) ;
#1379 = AXIS2_PLACEMENT_3D ( 'NONE', #849, #1367, #988 ) ;
#1380 = ADVANCED_FACE ( 'NONE', ( #368 ), #1432, .F. ) ;
#1381 = CARTESIAN_POINT ( 'NONE',  ( -57.59606091552309692, -9.999719830477337368, 50.86540367626528081 ) ) ;
#1382 = DIRECTION ( 'NONE',  ( 1.000000000000000000, 0.000000000000000000, 0.000000000000000000 ) ) ;
#1383 = CARTESIAN_POINT ( 'NONE',  ( -38.00000000000001421, 18.75000000000000355, 63.50000000000000000 ) ) ;
#1384 = CARTESIAN_POINT ( 'NONE',  ( 53.85000000000000142, 15.45926430357109993, 39.00000000000000000 ) ) ;
#1385 = AXIS2_PLACEMENT_3D ( 'NONE', #1216, #701, #1340 ) ;
#1386 = CARTESIAN_POINT ( 'NONE',  ( 11.70980235448252493, -18.56779774979954567, 59.10081776282238053 ) ) ;
#1387 = CARTESIAN_POINT ( 'NONE',  ( -38.00000000000000000, -21.99999999999999645, 39.00000000000000000 ) ) ;
#1388 = DIRECTION ( 'NONE',  ( 1.000000000000000000, 1.776356839400250465E-15, 0.000000000000000000 ) ) ;
#1389 = VECTOR ( 'NONE', #911, 1000.000000000000000 ) ;
#1390 = CARTESIAN_POINT ( 'NONE',  ( -58.05563204702840352, 9.044775464369202211, 48.48779020929658401 ) ) ;
#1391 = EDGE_CURVE ( 'NONE', #1473, #1609, #278, .T. ) ;
#1392 = EDGE_CURVE ( 'NONE', #1442, #1048, #1519, .T. ) ;
#1393 = CARTESIAN_POINT ( 'NONE',  ( -0.05735696428904590860, -20.84999999999999432, 46.50000000000000000 ) ) ;
#1394 = DIRECTION ( 'NONE',  ( 0.9950371902099891530, 0.09950371902099879040, 0.000000000000000000 ) ) ;
#1395 = CARTESIAN_POINT ( 'NONE',  ( -53.94170020270469479, 9.870586497629721734, 49.98971794097811738 ) ) ;
#1396 = CARTESIAN_POINT ( 'NONE',  ( 19.72479740110979307, 18.87178456346011046, 56.57369953174981703 ) ) ;
#1397 = FACE_OUTER_BOUND ( 'NONE', #123, .T. ) ;
#1398 = EDGE_CURVE ( 'NONE', #1676, #549, #627, .T. ) ;
#1399 = ORIENTED_EDGE ( 'NONE', *, *, #502, .F. ) ;
#1400 = CARTESIAN_POINT ( 'NONE',  ( -38.00000000000001421, 3.469446951953614189E-15, 63.50000000000000000 ) ) ;
#1401 = CARTESIAN_POINT ( 'NONE',  ( 51.75000000000001421, 13.55879042313571503, 39.00000000000000000 ) ) ;
#1402 = LINE ( 'NONE', #401, #1389 ) ;
#1403 = ADVANCED_FACE ( 'NONE', ( #403 ), #1052, .F. ) ;
#1404 = PLANE ( 'NONE',  #1413 ) ;
#1405 = ORIENTED_EDGE ( 'NONE', *, *, #630, .T. ) ;
#1406 = LINE ( 'NONE', #3, #607 ) ;
#1407 = PLANE ( 'NONE',  #69 ) ;
#1408 = EDGE_LOOP ( 'NONE', ( #939, #918, #775, #591 ) ) ;
#1409 = AXIS2_PLACEMENT_3D ( 'NONE', #1607, #974, #576 ) ;
#1410 = VERTEX_POINT ( 'NONE', #1635 ) ;
#1411 = CARTESIAN_POINT ( 'NONE',  ( -38.00000000000001421, 22.00000000000000355, 39.00000000000000000 ) ) ;
#1412 = CARTESIAN_POINT ( 'NONE',  ( 55.00000000000000000, 16.50000000000000355, 45.24694147761347551 ) ) ;
#1413 = AXIS2_PLACEMENT_3D ( 'NONE', #505, #729, #480 ) ;
#1414 = CARTESIAN_POINT ( 'NONE',  ( -55.30905248883191661, 7.212762438295713174, 47.36770855754583920 ) ) ;
#1415 = EDGE_CURVE ( 'NONE', #1356, #319, #1538, .T. ) ;
#1416 = CARTESIAN_POINT ( 'NONE',  ( -8.893640210445290961, -18.99999999999999289, 63.50000000000000000 ) ) ;
#1417 = CARTESIAN_POINT ( 'NONE',  ( 52.74999999999999289, -14.46377798524779656, 46.50000000000000000 ) ) ;
#1418 = ORIENTED_EDGE ( 'NONE', *, *, #211, .F. ) ;
#1419 = ORIENTED_EDGE ( 'NONE', *, *, #1628, .F. ) ;
#1420 = ORIENTED_EDGE ( 'NONE', *, *, #604, .T. ) ;
#1421 = CARTESIAN_POINT ( 'NONE',  ( -54.62156132465881342, 8.678998983900326536, 53.86717167726962430 ) ) ;
#1422 = DIRECTION ( 'NONE',  ( -0.9950371902099891530, 0.09950371902099867938, -0.000000000000000000 ) ) ;
#1423 = CARTESIAN_POINT ( 'NONE',  ( 52.75000000000000000, 14.46377798524780012, 46.16089314983693725 ) ) ;
#1424 = ADVANCED_FACE ( 'NONE', ( #218 ), #1404, .T. ) ;
#1425 = CARTESIAN_POINT ( 'NONE',  ( -57.70015638146085735, 9.793661046924531988, 52.25172278475158549 ) ) ;
#1426 = DIRECTION ( 'NONE',  ( -0.000000000000000000, 0.000000000000000000, -1.000000000000000000 ) ) ;
#1427 = ORIENTED_EDGE ( 'NONE', *, *, #159, .F. ) ;
#1428 = ORIENTED_EDGE ( 'NONE', *, *, #802, .F. ) ;
#1429 = ORIENTED_EDGE ( 'NONE', *, *, #1053, .F. ) ;
#1430 = AXIS2_PLACEMENT_3D ( 'NONE', #1101, #312, #678 ) ;
#1431 = ORIENTED_EDGE ( 'NONE', *, *, #802, .T. ) ;
#1432 = PLANE ( 'NONE',  #698 ) ;
#1433 = DIRECTION ( 'NONE',  ( -1.000000000000000000, 9.143925341964808918E-17, 0.000000000000000000 ) ) ;
#1434 = ORIENTED_EDGE ( 'NONE', *, *, #1467, .T. ) ;
#1435 = ORIENTED_EDGE ( 'NONE', *, *, #630, .F. ) ;
#1436 = CARTESIAN_POINT ( 'NONE',  ( -38.00000000000001421, 3.469446951953614189E-15, 46.50000000000000000 ) ) ;
#1437 = VERTEX_POINT ( 'NONE', #628 ) ;
#1438 = DIRECTION ( 'NONE',  ( -0.9950371902099891530, -0.09950371902099830468, 0.000000000000000000 ) ) ;
#1439 = LINE ( 'NONE', #1417, #1002 ) ;
#1440 = ORIENTED_EDGE ( 'NONE', *, *, #599, .F. ) ;
#1441 = VERTEX_POINT ( 'NONE', #1009 ) ;
#1442 = VERTEX_POINT ( 'NONE', #1521 ) ;
#1443 = DIRECTION ( 'NONE',  ( -0.09950371902099880428, 0.9950371902099891530, 0.000000000000000000 ) ) ;
#1444 = CARTESIAN_POINT ( 'NONE',  ( -6.938893903907228378E-15, -21.99999999999999289, 60.69584601292124404 ) ) ;
#1445 = AXIS2_PLACEMENT_3D ( 'NONE', #311, #1611, #580 ) ;
#1446 = VERTEX_POINT ( 'NONE', #1423 ) ;
#1447 = CARTESIAN_POINT ( 'NONE',  ( -59.02063456980302192, 6.496059018194026535, 54.75000000000000000 ) ) ;
#1448 = SURFACE_STYLE_FILL_AREA ( #1079 ) ;
#1449 = ORIENTED_EDGE ( 'NONE', *, *, #896, .F. ) ;
#1450 = EDGE_CURVE ( 'NONE', #1320, #549, #1666, .T. ) ;
#1451 = ORIENTED_EDGE ( 'NONE', *, *, #1149, .T. ) ;
#1452 = CARTESIAN_POINT ( 'NONE',  ( 51.75000000000001421, 3.469446951953614189E-15, 39.00000000000000000 ) ) ;
#1453 = EDGE_CURVE ( 'NONE', #1212, #760, #1636, .T. ) ;
#1454 = FACE_OUTER_BOUND ( 'NONE', #1279, .T. ) ;
#1455 = DIRECTION ( 'NONE',  ( -1.000000000000000000, 2.750770970881419878E-16, 0.000000000000000000 ) ) ;
#1456 = VECTOR ( 'NONE', #1502, 1000.000000000000000 ) ;
#1457 = VECTOR ( 'NONE', #1370, 1000.000000000000000 ) ;
#1458 = CARTESIAN_POINT ( 'NONE',  ( -58.70473959715921097, 7.441145458808039237, 54.56397939265151109 ) ) ;
#1459 = CARTESIAN_POINT ( 'NONE',  ( -35.76893164127370994, -22.31068358726307110, 39.00000000000000000 ) ) ;
#1460 = ORIENTED_EDGE ( 'NONE', *, *, #1207, .F. ) ;
#1461 = ORIENTED_EDGE ( 'NONE', *, *, #1234, .F. ) ;
#1462 = VERTEX_POINT ( 'NONE', #382 ) ;
#1463 = DIRECTION ( 'NONE',  ( -1.000000000000000000, 8.095376221225101878E-15, -9.251858538542973800E-15 ) ) ;
#1464 = CARTESIAN_POINT ( 'NONE',  ( 53.85000000000000142, 15.45926430357109993, 169.6300125883206533 ) ) ;
#1465 = AXIS2_PLACEMENT_3D ( 'NONE', #437, #951, #803 ) ;
#1466 = DIRECTION ( 'NONE',  ( -0.000000000000000000, -0.000000000000000000, -1.000000000000000000 ) ) ;
#1467 = EDGE_CURVE ( 'NONE', #52, #1085, #1552, .T. ) ;
#1468 = AXIS2_PLACEMENT_3D ( 'NONE', #186, #1182, #395 ) ;
#1469 = EDGE_CURVE ( 'NONE', #792, #885, #254, .T. ) ;
#1470 = CARTESIAN_POINT ( 'NONE',  ( -55.59069162071133263, -6.496010676934560024, 54.75000000000004974 ) ) ;
#1471 = ORIENTED_EDGE ( 'NONE', *, *, #180, .T. ) ;
#1472 = EDGE_LOOP ( 'NONE', ( #579, #677, #1097 ) ) ;
#1473 = VERTEX_POINT ( 'NONE', #913 ) ;
#1474 = CARTESIAN_POINT ( 'NONE',  ( 0.5268649776035827514, -21.94731350223963418, 62.42225497661599576 ) ) ;
#1475 = DIRECTION ( 'NONE',  ( -1.000000000000000000, 0.000000000000000000, 0.000000000000000000 ) ) ;
#1476 = CARTESIAN_POINT ( 'NONE',  ( -38.00000000000001421, 3.469446951953614189E-15, 63.50000000000000000 ) ) ;
#1477 = AXIS2_PLACEMENT_3D ( 'NONE', #1668, #393, #746 ) ;
#1478 = AXIS2_PLACEMENT_3D ( 'NONE', #1580, #1088, #445 ) ;
#1479 = CARTESIAN_POINT ( 'NONE',  ( -38.00000000000001421, 3.469446951953614189E-15, 36.00000000000000711 ) ) ;
#1480 = ORIENTED_EDGE ( 'NONE', *, *, #1223, .T. ) ;
#1481 = ORIENTED_EDGE ( 'NONE', *, *, #24, .F. ) ;
#1482 = ORIENTED_EDGE ( 'NONE', *, *, #1270, .T. ) ;
#1483 = CARTESIAN_POINT ( 'NONE',  ( -0.05735696428912917533, 20.85000000000000497, 46.50000000000000000 ) ) ;
#1484 = LINE ( 'NONE', #21, #272 ) ;
#1485 = CARTESIAN_POINT ( 'NONE',  ( -55.67766952966370297, 6.249999999999997335, 54.75000000000000711 ) ) ;
#1486 = AXIS2_PLACEMENT_3D ( 'NONE', #844, #1629, #473 ) ;
#1487 = CARTESIAN_POINT ( 'NONE',  ( -55.21443626808954264, -7.435385261728773010, 47.43421185833953047 ) ) ;
#1488 = ORIENTED_EDGE ( 'NONE', *, *, #1240, .T. ) ;
#1489 = DIRECTION ( 'NONE',  ( -1.000000000000000000, 0.000000000000000000, 0.000000000000000000 ) ) ;
#1490 = CARTESIAN_POINT ( 'NONE',  ( -58.70473959715918966, -7.441145458808033908, 47.43602060734851023 ) ) ;
#1491 = AXIS2_PLACEMENT_3D ( 'NONE', #1321, #572, #668 ) ;
#1492 = PRODUCT ( 'Link_2_Cover', 'Link_2_Cover', '', ( #598 ) ) ;
#1493 = LINE ( 'NONE', #342, #863 ) ;
#1494 = DIRECTION ( 'NONE',  ( -0.9950371902099891530, -0.09950371902099879040, 0.000000000000000000 ) ) ;
#1495 = ORIENTED_EDGE ( 'NONE', *, *, #604, .F. ) ;
#1496 = CARTESIAN_POINT ( 'NONE',  ( -57.59946404900523476, -9.993058958108530732, 50.73880635301455300 ) ) ;
#1497 = CARTESIAN_POINT ( 'NONE',  ( -38.00000000000001421, 18.75000000000000355, 39.00000000000000000 ) ) ;
#1498 = EDGE_CURVE ( 'NONE', #319, #1462, #269, .T. ) ;
#1499 = VECTOR ( 'NONE', #1574, 1000.000000000000000 ) ;
#1500 = CARTESIAN_POINT ( 'NONE',  ( -54.71971404225951119, -8.488996454840723516, 47.98241251647679206 ) ) ;
#1501 = EDGE_CURVE ( 'NONE', #908, #917, #113, .T. ) ;
#1502 = DIRECTION ( 'NONE',  ( 7.885106708985491499E-17, -1.000000000000000000, 0.000000000000000000 ) ) ;
#1503 = CARTESIAN_POINT ( 'NONE',  ( -57.70015638146085735, -9.793661046924537317, 49.74827721524842872 ) ) ;
#1504 = CARTESIAN_POINT ( 'NONE',  ( -60.00000000000001421, 3.469446951953614189E-15, 54.75000000000000711 ) ) ;
#1505 = CARTESIAN_POINT ( 'NONE',  ( -38.00000000000001421, 22.00000000000000355, 63.50000000000000000 ) ) ;
#1506 = CARTESIAN_POINT ( 'NONE',  ( -6.938893903907228378E-15, -21.99999999999999289, 60.69584601292124404 ) ) ;
#1507 = CARTESIAN_POINT ( 'NONE',  ( -6.938893903907228378E-15, 21.99999999999999289, 66.50000000000000000 ) ) ;
#1508 = ADVANCED_FACE ( 'NONE', ( #1531 ), #888, .T. ) ;
#1509 = LINE ( 'NONE', #214, #1251 ) ;
#1510 = AXIS2_PLACEMENT_3D ( 'NONE', #1565, #416, #262 ) ;
#1511 = CARTESIAN_POINT ( 'NONE',  ( -58.85000000000001563, 3.469446951953614189E-15, 39.00000000000000000 ) ) ;
#1512 = VECTOR ( 'NONE', #1080, 1000.000000000000000 ) ;
#1513 = CARTESIAN_POINT ( 'NONE',  ( 52.75000000000000000, 14.46377798524780012, 39.00000000000000000 ) ) ;
#1514 = DIRECTION ( 'NONE',  ( -0.9494089267861938186, -0.09494089267861927084, 0.2993474847665750782 ) ) ;
#1515 = CARTESIAN_POINT ( 'NONE',  ( -38.00000000000001421, 3.469446951953614189E-15, 54.75000000000000711 ) ) ;
#1516 = EDGE_CURVE ( 'NONE', #643, #885, #348, .T. ) ;
#1517 = LINE ( 'NONE', #1384, #252 ) ;
#1518 = VECTOR ( 'NONE', #657, 1000.000000000000000 ) ;
#1519 = LINE ( 'NONE', #1291, #47 ) ;
#1520 = DIRECTION ( 'NONE',  ( 1.000000000000000000, 9.130123557772670799E-17, 0.000000000000000000 ) ) ;
#1521 = CARTESIAN_POINT ( 'NONE',  ( -0.1122201475220255401, 19.74999999999999289, 46.50000000000000000 ) ) ;
#1522 = CARTESIAN_POINT ( 'NONE',  ( -38.00000000000002132, 20.85000000000000497, 46.50000000000000000 ) ) ;
#1523 = VECTOR ( 'NONE', #818, 1000.000000000000114 ) ;
#1524 = LINE ( 'NONE', #1647, #97 ) ;
#1525 = LINE ( 'NONE', #114, #582 ) ;
#1526 = EDGE_CURVE ( 'NONE', #1446, #296, #565, .T. ) ;
#1527 = EDGE_CURVE ( 'NONE', #1566, #1212, #1102, .T. ) ;
#1528 = AXIS2_PLACEMENT_3D ( 'NONE', #1592, #25, #545 ) ;
#1529 = DIRECTION ( 'NONE',  ( 0.09950371902099879040, -0.9950371902099891530, 0.000000000000000000 ) ) ;
#1530 = CARTESIAN_POINT ( 'NONE',  ( -57.75000000000000711, 3.469446951953614189E-15, 46.50000000000000000 ) ) ;
#1531 = FACE_OUTER_BOUND ( 'NONE', #1534, .T. ) ;
#1532 = CARTESIAN_POINT ( 'NONE',  ( -58.70330993785618290, 7.445081150481618337, 47.43742198756929440 ) ) ;
#1533 = LINE ( 'NONE', #1658, #140 ) ;
#1534 = EDGE_LOOP ( 'NONE', ( #912, #1428, #521, #711 ) ) ;
#1535 = EDGE_LOOP ( 'NONE', ( #289, #1184, #562, #685, #830, #19, #31, #894 ) ) ;
#1536 = CARTESIAN_POINT ( 'NONE',  ( -14.61460092254660381, 20.53670914576965956, 68.44939935917217610 ) ) ;
#1537 = DIRECTION ( 'NONE',  ( 0.000000000000000000, -0.000000000000000000, -1.000000000000000000 ) ) ;
#1538 = LINE ( 'NONE', #605, #477 ) ;
#1539 = ORIENTED_EDGE ( 'NONE', *, *, #825, .T. ) ;
#1540 = ADVANCED_FACE ( 'NONE', ( #193 ), #795, .T. ) ;
#1541 = DIRECTION ( 'NONE',  ( 1.000000000000000000, 9.130123557772672032E-17, -0.000000000000000000 ) ) ;
#1542 = CARTESIAN_POINT ( 'NONE',  ( 7.536450848942521930, 18.74999999999998934, 60.41667043808539006 ) ) ;
#1543 = ORIENTED_EDGE ( 'NONE', *, *, #1240, .F. ) ;
#1544 = AXIS2_PLACEMENT_3D ( 'NONE', #229, #741, #1263 ) ;
#1545 = EDGE_CURVE ( 'NONE', #648, #1298, #990, .T. ) ;
#1546 = EDGE_LOOP ( 'NONE', ( #275, #946, #138, #1230, #1056 ) ) ;
#1547 = ORIENTED_EDGE ( 'NONE', *, *, #890, .T. ) ;
#1548 = DIRECTION ( 'NONE',  ( -0.3007057995042666798, 0.000000000000000000, -0.9537169507482288200 ) ) ;
#1549 = DIRECTION ( 'NONE',  ( 0.000000000000000000, 0.000000000000000000, 1.000000000000000000 ) ) ;
#1550 = VERTEX_POINT ( 'NONE', #1090 ) ;
#1551 = AXIS2_PLACEMENT_3D ( 'NONE', #880, #131, #1016 ) ;
#1552 = LINE ( 'NONE', #1285, #609 ) ;
#1553 = ORIENTED_EDGE ( 'NONE', *, *, #1501, .T. ) ;
#1554 = CARTESIAN_POINT ( 'NONE',  ( -0.1122201475219980621, -19.74999999999998934, 39.00000000000000000 ) ) ;
#1555 = LINE ( 'NONE', #1021, #360 ) ;
#1556 = EDGE_CURVE ( 'NONE', #1064, #1599, #709, .T. ) ;
#1557 = ORIENTED_EDGE ( 'NONE', *, *, #747, .T. ) ;
#1558 = ORIENTED_EDGE ( 'NONE', *, *, #343, .F. ) ;
#1559 = EDGE_LOOP ( 'NONE', ( #559, #554, #280, #1099 ) ) ;
#1560 = DIRECTION ( 'NONE',  ( -0.000000000000000000, 1.000000000000000000, -0.000000000000000000 ) ) ;
#1561 = DIRECTION ( 'NONE',  ( -0.3007057995042663467, 0.000000000000000000, -0.9537169507482290420 ) ) ;
#1562 = ORIENTED_EDGE ( 'NONE', *, *, #1450, .F. ) ;
#1563 = CARTESIAN_POINT ( 'NONE',  ( -54.11425459740247845, 9.586814527943626985, 52.72945993333347303 ) ) ;
#1564 = ORIENTED_EDGE ( 'NONE', *, *, #617, .F. ) ;
#1565 = CARTESIAN_POINT ( 'NONE',  ( -60.00100000000001188, -6.250000000000002665, 47.25000000000000000 ) ) ;
#1566 = VERTEX_POINT ( 'NONE', #1444 ) ;
#1567 = ORIENTED_EDGE ( 'NONE', *, *, #502, .T. ) ;
#1568 = VECTOR ( 'NONE', #1619, 1000.000000000000000 ) ;
#1569 = ORIENTED_EDGE ( 'NONE', *, *, #890, .F. ) ;
#1570 = CARTESIAN_POINT ( 'NONE',  ( 55.00000000000000000, -16.49999999999999645, 66.50000000000000000 ) ) ;
#1571 = DIRECTION ( 'NONE',  ( -2.398714191750071270E-16, -1.000000000000000000, 1.004928139078069582E-16 ) ) ;
#1572 = EDGE_CURVE ( 'NONE', #641, #1462, #1313, .T. ) ;
#1573 = ORIENTED_EDGE ( 'NONE', *, *, #681, .T. ) ;
#1574 = DIRECTION ( 'NONE',  ( -1.000000000000000000, 0.000000000000000000, 0.000000000000000000 ) ) ;
#1575 = CARTESIAN_POINT ( 'NONE',  ( 55.00000000000000000, 13.57524905351503719, 46.50000000000000000 ) ) ;
#1576 = CIRCLE ( 'NONE', #895, 18.74999999999999645 ) ;
#1577 = ADVANCED_FACE ( 'NONE', ( #164 ), #804, .F. ) ;
#1578 = VERTEX_POINT ( 'NONE', #1226 ) ;
#1579 = VERTEX_POINT ( 'NONE', #924 ) ;
#1580 = CARTESIAN_POINT ( 'NONE',  ( -38.00000000000002132, 19.75000000000000000, 46.50000000000000000 ) ) ;
#1581 = DIRECTION ( 'NONE',  ( -0.9537169507482290420, 2.612266079842056104E-16, 0.3007057995042663467 ) ) ;
#1582 = CARTESIAN_POINT ( 'NONE',  ( -37.99999999999999289, -18.74999999999999289, 63.50000000000000000 ) ) ;
#1583 = AXIS2_PLACEMENT_3D ( 'NONE', #46, #428, #942 ) ;
#1584 = CARTESIAN_POINT ( 'NONE',  ( -58.21066264064263862, 8.692819742307067443, 53.85550120155899378 ) ) ;
#1585 = DIRECTION ( 'NONE',  ( -0.000000000000000000, -0.000000000000000000, -1.000000000000000000 ) ) ;
#1586 = EDGE_CURVE ( 'NONE', #305, #319, #1322, .T. ) ;
#1587 = ORIENTED_EDGE ( 'NONE', *, *, #1092, .T. ) ;
#1588 = VERTEX_POINT ( 'NONE', #1603 ) ;
#1589 = EDGE_CURVE ( 'NONE', #919, #1410, #23, .T. ) ;
#1590 = CARTESIAN_POINT ( 'NONE',  ( -38.00000000000001421, -18.99999999999999645, 63.50000000000000000 ) ) ;
#1591 = CYLINDRICAL_SURFACE ( 'NONE', #1465, 19.74999999999999645 ) ;
#1592 = CARTESIAN_POINT ( 'NONE',  ( -8.431896047265798444, 88.51019046846228377, 66.49999999999998579 ) ) ;
#1593 = ADVANCED_FACE ( 'NONE', ( #552 ), #1188, .F. ) ;
#1594 = AXIS2_PLACEMENT_3D ( 'NONE', #1649, #1375, #744 ) ;
#1595 = CARTESIAN_POINT ( 'NONE',  ( 55.00000000000000000, -16.49999999999999645, 39.00000000000000000 ) ) ;
#1596 = CYLINDRICAL_SURFACE ( 'NONE', #1228, 18.74999999999999645 ) ;
#1597 = ORIENTED_EDGE ( 'NONE', *, *, #1391, .T. ) ;
#1598 = ORIENTED_EDGE ( 'NONE', *, *, #490, .F. ) ;
#1599 = VERTEX_POINT ( 'NONE', #438 ) ;
#1600 = CARTESIAN_POINT ( 'NONE',  ( -38.00000000000001421, 3.469446951953614189E-15, 39.00000000000000000 ) ) ;
#1601 = LINE ( 'NONE', #446, #1378 ) ;
#1602 = VECTOR ( 'NONE', #72, 1000.000000000000000 ) ;
#1603 = CARTESIAN_POINT ( 'NONE',  ( 55.00000000000000000, -16.49999999999999645, 39.00000000000000000 ) ) ;
#1604 = CIRCLE ( 'NONE', #274, 18.74999999999999645 ) ;
#1605 = VECTOR ( 'NONE', #916, 1000.000000000000114 ) ;
#1606 = CARTESIAN_POINT ( 'NONE',  ( -38.00000000000001421, 3.469446951953614189E-15, 47.25000000000000000 ) ) ;
#1607 = CARTESIAN_POINT ( 'NONE',  ( -38.00000000000001421, 3.469446951953614189E-15, 63.50000000000000000 ) ) ;
#1608 = ORIENTED_EDGE ( 'NONE', *, *, #122, .T. ) ;
#1609 = VERTEX_POINT ( 'NONE', #814 ) ;
#1610 = ORIENTED_EDGE ( 'NONE', *, *, #1398, .F. ) ;
#1611 = DIRECTION ( 'NONE',  ( 0.000000000000000000, -0.000000000000000000, 1.000000000000000000 ) ) ;
#1612 = CARTESIAN_POINT ( 'NONE',  ( -0.05735696428912970268, 20.85000000000000142, 46.50000000000000000 ) ) ;
#1613 = DIRECTION ( 'NONE',  ( -0.9537169507482290420, -8.707553599473525279E-17, 0.3007057995042663467 ) ) ;
#1614 = EDGE_CURVE ( 'NONE', #1446, #1033, #952, .T. ) ;
#1615 = CARTESIAN_POINT ( 'NONE',  ( -54.43227845725169090, -9.032257714750432598, 53.52589807008890688 ) ) ;
#1616 = ORIENTED_EDGE ( 'NONE', *, *, #790, .F. ) ;
#1617 = CARTESIAN_POINT ( 'NONE',  ( -60.00100000000001188, -6.250000000000002665, 54.75000000000000711 ) ) ;
#1618 = ORIENTED_EDGE ( 'NONE', *, *, #1334, .T. ) ;
#1619 = DIRECTION ( 'NONE',  ( 0.000000000000000000, 0.000000000000000000, -1.000000000000000000 ) ) ;
#1620 = CARTESIAN_POINT ( 'NONE',  ( -55.67766952966369587, -6.250000000000002665, 54.75000000000000711 ) ) ;
#1621 = ORIENTED_EDGE ( 'NONE', *, *, #449, .T. ) ;
#1622 = LINE ( 'NONE', #1121, #1001 ) ;
#1623 = EDGE_CURVE ( 'NONE', #402, #414, #83, .T. ) ;
#1624 = CARTESIAN_POINT ( 'NONE',  ( -57.66218557873323647, -9.869235965363056806, 49.98618440236305815 ) ) ;
#1625 = CARTESIAN_POINT ( 'NONE',  ( -7.991522811932496140, 18.99999999999998934, 66.36115085224469112 ) ) ;
#1626 = CARTESIAN_POINT ( 'NONE',  ( -38.00000000000001421, 19.75000000000000000, 46.50000000000000000 ) ) ;
#1627 = EDGE_CURVE ( 'NONE', #386, #1046, #422, .T. ) ;
#1628 = EDGE_CURVE ( 'NONE', #1437, #469, #824, .T. ) ;
#1629 = DIRECTION ( 'NONE',  ( 0.000000000000000000, 0.000000000000000000, 1.000000000000000000 ) ) ;
#1630 = AXIS2_PLACEMENT_3D ( 'NONE', #1165, #768, #1561 ) ;
#1631 = CARTESIAN_POINT ( 'NONE',  ( -58.28942276825520707, -8.508022438084232419, 54.00360248705835886 ) ) ;
#1632 = CARTESIAN_POINT ( 'NONE',  ( 51.67449047657696326, -14.57132893759011338, 46.50000000000001421 ) ) ;
#1633 = VECTOR ( 'NONE', #1276, 1000.000000000000000 ) ;
#1634 = DIRECTION ( 'NONE',  ( -0.000000000000000000, -0.000000000000000000, -1.000000000000000000 ) ) ;
#1635 = CARTESIAN_POINT ( 'NONE',  ( -38.00000000000001421, 19.75000000000000000, 46.50000000000000000 ) ) ;
#1636 = CIRCLE ( 'NONE', #761, 2.999999999999997780 ) ;
#1637 = PRESENTATION_LAYER_ASSIGNMENT (  '', '', ( #1253 ) ) ;
#1638 = EDGE_CURVE ( 'NONE', #407, #419, #934, .T. ) ;
#1639 = CARTESIAN_POINT ( 'NONE',  ( 51.67449047657704142, 1.054037621677074759E-14, 46.50000000000000000 ) ) ;
#1640 = CARTESIAN_POINT ( 'NONE',  ( -57.69777884766726572, -9.798440608555720743, 52.23843418917820713 ) ) ;
#1641 = LINE ( 'NONE', #494, #947 ) ;
#1642 = CYLINDRICAL_SURFACE ( 'NONE', #443, 3.750000000000003553 ) ;
#1643 = DIRECTION ( 'NONE',  ( 1.000000000000000000, 0.000000000000000000, 0.000000000000000000 ) ) ;
#1644 = FACE_OUTER_BOUND ( 'NONE', #561, .T. ) ;
#1645 = CARTESIAN_POINT ( 'NONE',  ( 53.85000000000000142, -15.45926430357109638, 45.81406448207005866 ) ) ;
#1646 = AXIS2_PLACEMENT_3D ( 'NONE', #843, #1237, #1643 ) ;
#1647 = CARTESIAN_POINT ( 'NONE',  ( -8.431896047265789562, -18.99999999999999289, 66.50000000000000000 ) ) ;
#1648 = CARTESIAN_POINT ( 'NONE',  ( 0.004477771087076686321, 21.99955222289128542, 60.75718917700165633 ) ) ;
#1649 = CARTESIAN_POINT ( 'NONE',  ( -6.938893903907228378E-15, 21.99999999999999289, 66.50000000000000000 ) ) ;
#1650 = EDGE_CURVE ( 'NONE', #1329, #949, #57, .T. ) ;
#1651 = DIRECTION ( 'NONE',  ( -1.000000000000000000, 0.000000000000000000, 0.000000000000000000 ) ) ;
#1652 = DIRECTION ( 'NONE',  ( -1.000000000000000000, 2.739037067331800130E-16, 0.000000000000000000 ) ) ;
#1653 = DIRECTION ( 'NONE',  ( 0.000000000000000000, 0.000000000000000000, -1.000000000000000000 ) ) ;
#1654 = CARTESIAN_POINT ( 'NONE',  ( 0.01343231075815669133, 21.99865676892417454, 60.78573102789617622 ) ) ;
#1655 = DIRECTION ( 'NONE',  ( 0.000000000000000000, -1.000000000000000000, 0.000000000000000000 ) ) ;
#1656 = DIRECTION ( 'NONE',  ( 0.9950371902099891530, -0.09950371902099869326, 0.000000000000000000 ) ) ;
#1657 = CARTESIAN_POINT ( 'NONE',  ( 51.75000000000000711, 13.55879042313571503, 46.47619193871591392 ) ) ;
#1658 = CARTESIAN_POINT ( 'NONE',  ( -38.00000000000000000, -21.99999999999999645, 66.50000000000000000 ) ) ;
#1659 = ORIENTED_EDGE ( 'NONE', *, *, #679, .F. ) ;
#1660 = ORIENTED_EDGE ( 'NONE', *, *, #1650, .F. ) ;
#1661 = VECTOR ( 'NONE', #1265, 1000.000000000000000 ) ;
#1662 = CARTESIAN_POINT ( 'NONE',  ( -38.00000000000001421, 20.85000000000000497, 46.50000000000000000 ) ) ;
#1663 = DIRECTION ( 'NONE',  ( 0.000000000000000000, 0.000000000000000000, -1.000000000000000000 ) ) ;
#1664 = CARTESIAN_POINT ( 'NONE',  ( 52.75000000000000000, 14.46377798524780012, 39.00000000000000000 ) ) ;
#1665 = EDGE_CURVE ( 'NONE', #587, #27, #1122, .T. ) ;
#1666 = LINE ( 'NONE', #1042, #1344 ) ;
#1667 = ORIENTED_EDGE ( 'NONE', *, *, #1238, .F. ) ;
#1668 = CARTESIAN_POINT ( 'NONE',  ( 55.00000000000000000, 16.50000000000000355, 66.50000000000000000 ) ) ;
#1669 = FACE_OUTER_BOUND ( 'NONE', #669, .T. ) ;
#1670 = ADVANCED_FACE ( 'NONE', ( #338, #94 ), #457, .F. ) ;
#1671 = AXIS2_PLACEMENT_3D ( 'NONE', #231, #1374, #733 ) ;
#1672 = VECTOR ( 'NONE', #1262, 1000.000000000000000 ) ;
#1673 = ORIENTED_EDGE ( 'NONE', *, *, #180, .F. ) ;
#1674 = CIRCLE ( 'NONE', #651, 22.00000000000000000 ) ;
#1675 = ORIENTED_EDGE ( 'NONE', *, *, #381, .T. ) ;
#1676 = VERTEX_POINT ( 'NONE', #1485 ) ;
#1677 = DIRECTION ( 'NONE',  ( -1.000000000000000000, 2.739037067331800130E-16, 0.000000000000000000 ) ) ;
#1678 = DIRECTION ( 'NONE',  ( -0.000000000000000000, -0.000000000000000000, 1.000000000000000000 ) ) ;
ENDSEC;
END-ISO-10303-21;
