ISO-10303-21;
HEADER;
FILE_DESCRIPTION (( 'STEP AP214' ),
    '1' );
FILE_NAME ('Spur Gear.STEP',
    '2026-08-26T09:51:42',
    ( '' ),
    ( '' ),
    'SwSTEP 2.0',
    'SolidWorks 2025',
    '' );
FILE_SCHEMA (( 'AUTOMOTIVE_DESIGN' ));
ENDSEC;

DATA;
#1 = CARTESIAN_POINT ( 'NONE',  ( -5.938983526240698474, 7.000000000000000000, -2.654301534859391687 ) ) ;
#2 = EDGE_CURVE ( 'NONE', #763, #369, #1083, .T. ) ;
#3 = CARTESIAN_POINT ( 'NONE',  ( -4.431900802284785001, 7.000000000000000000, 6.099988137586459302 ) ) ;
#4 = CIRCLE ( 'NONE', #171, 5.400000000000002132 ) ;
#5 = ORIENTED_EDGE ( 'NONE', *, *, #1508, .F. ) ;
#6 = ORIENTED_EDGE ( 'NONE', *, *, #928, .T. ) ;
#7 = DIRECTION ( 'NONE',  ( -0.000000000000000000, -1.000000000000000000, -0.000000000000000000 ) ) ;
#8 = DIRECTION ( 'NONE',  ( 0.000000000000000000, 0.000000000000000000, 1.000000000000000000 ) ) ;
#9 = LINE ( 'NONE', #623, #1222 ) ;
#10 = AXIS2_PLACEMENT_3D ( 'NONE', #234, #1512, #579 ) ;
#11 = CARTESIAN_POINT ( 'NONE',  ( 7.266761401122617592, 7.000000000000000000, 2.035160617534593985 ) ) ;
#12 = LINE ( 'NONE', #381, #1333 ) ;
#13 = ORIENTED_EDGE ( 'NONE', *, *, #1636, .F. ) ;
#14 = ADVANCED_FACE ( 'NONE', ( #720 ), #1138, .T. ) ;
#15 = LINE ( 'NONE', #633, #791 ) ;
#16 = DIRECTION ( 'NONE',  ( -0.000000000000000000, -1.000000000000000000, -0.000000000000000000 ) ) ;
#17 = DIRECTION ( 'NONE',  ( 0.000000000000000000, -1.000000000000000000, 0.000000000000000000 ) ) ;
#18 = CYLINDRICAL_SURFACE ( 'NONE', #1094, 5.400000000000002132 ) ;
#19 = ORIENTED_EDGE ( 'NONE', *, *, #1481, .F. ) ;
#20 = VECTOR ( 'NONE', #292, 1000.000000000000000 ) ;
#21 = CARTESIAN_POINT ( 'NONE',  ( 5.938983526242360256, 0.000000000000000000, 2.654301534859054623 ) ) ;
#22 = CIRCLE ( 'NONE', #477, 5.000000000000000000 ) ;
#23 = EDGE_CURVE ( 'NONE', #1258, #355, #176, .T. ) ;
#24 = ADVANCED_FACE ( 'NONE', ( #984 ), #239, .T. ) ;
#25 = DIRECTION ( 'NONE',  ( 0.000000000000000000, 0.000000000000000000, 1.000000000000000000 ) ) ;
#26 = FACE_OUTER_BOUND ( 'NONE', #1035, .T. ) ;
#27 = CARTESIAN_POINT ( 'NONE',  ( 0.000000000000000000, 7.000000000000000000, 0.000000000000000000 ) ) ;
#28 = VERTEX_POINT ( 'NONE', #889 ) ;
#29 = DIRECTION ( 'NONE',  ( 0.000000000000000000, 0.000000000000000000, 1.000000000000000000 ) ) ;
#30 = ORIENTED_EDGE ( 'NONE', *, *, #206, .F. ) ;
#31 = EDGE_CURVE ( 'NONE', #681, #862, #1393, .T. ) ;
#32 = DIRECTION ( 'NONE',  ( 0.000000000000000000, 1.000000000000000000, -0.000000000000000000 ) ) ;
#33 =( NAMED_UNIT ( * ) SI_UNIT ( $, .STERADIAN. ) SOLID_ANGLE_UNIT ( ) );
#34 = CARTESIAN_POINT ( 'NONE',  ( -4.329901293953828834, 7.000000000000000000, 2.500390926358708299 ) ) ;
#35 = VECTOR ( 'NONE', #172, 1000.000000000000000 ) ;
#36 = DIRECTION ( 'NONE',  ( 0.000000000000000000, 0.000000000000000000, -1.000000000000000000 ) ) ;
#37 = DIRECTION ( 'NONE',  ( -0.000000000000000000, -1.000000000000000000, -0.000000000000000000 ) ) ;
#38 = DIRECTION ( 'NONE',  ( 0.000000000000000000, 1.000000000000000000, -0.000000000000000000 ) ) ;
#39 = VERTEX_POINT ( 'NONE', #1239 ) ;
#40 = VERTEX_POINT ( 'NONE', #1626 ) ;
#41 = ORIENTED_EDGE ( 'NONE', *, *, #203, .T. ) ;
#42 = LINE ( 'NONE', #301, #914 ) ;
#43 = DIRECTION ( 'NONE',  ( -0.000000000000000000, -1.000000000000000000, -0.000000000000000000 ) ) ;
#44 = DIRECTION ( 'NONE',  ( 0.8090169943749470072, 0.000000000000000000, 0.5877852522924736922 ) ) ;
#45 = CARTESIAN_POINT ( 'NONE',  ( -7.266761401120956698, 0.000000000000000000, -2.035160617534931493 ) ) ;
#46 = EDGE_LOOP ( 'NONE', ( #732, #1007, #1389, #446 ) ) ;
#47 = EDGE_LOOP ( 'NONE', ( #764, #899, #1263, #1378 ) ) ;
#48 = AXIS2_PLACEMENT_3D ( 'NONE', #812, #310, #1322 ) ;
#49 = CIRCLE ( 'NONE', #1576, 5.000000000000000000 ) ;
#50 = VECTOR ( 'NONE', #581, 1000.000000000000000 ) ;
#51 = CARTESIAN_POINT ( 'NONE',  ( -4.431900802284785001, 0.000000000000000000, 6.099988137586459302 ) ) ;
#52 = LINE ( 'NONE', #228, #456 ) ;
#53 = EDGE_CURVE ( 'NONE', #1539, #879, #1401, .T. ) ;
#54 = EDGE_CURVE ( 'NONE', #932, #1075, #1646, .T. ) ;
#55 = FACE_OUTER_BOUND ( 'NONE', #834, .T. ) ;
#56 = ORIENTED_EDGE ( 'NONE', *, *, #1079, .T. ) ;
#57 = ORIENTED_EDGE ( 'NONE', *, *, #31, .F. ) ;
#58 = AXIS2_PLACEMENT_3D ( 'NONE', #1604, #458, #1112 ) ;
#59 = ORIENTED_EDGE ( 'NONE', *, *, #789, .F. ) ;
#60 = FACE_OUTER_BOUND ( 'NONE', #753, .T. ) ;
#61 = LINE ( 'NONE', #958, #1059 ) ;
#62 = CARTESIAN_POINT ( 'NONE',  ( -4.431900802284785001, 7.000000000000000000, 6.099988137586459302 ) ) ;
#63 = ORIENTED_EDGE ( 'NONE', *, *, #111, .T. ) ;
#64 = ORIENTED_EDGE ( 'NONE', *, *, #591, .T. ) ;
#65 = AXIS2_PLACEMENT_3D ( 'NONE', #94, #614, #261 ) ;
#66 = VECTOR ( 'NONE', #224, 1000.000000000000000 ) ;
#67 = CARTESIAN_POINT ( 'NONE',  ( 6.364897899370607348, 7.000000000000000000, -1.343471880436269528 ) ) ;
#68 = DIRECTION ( 'NONE',  ( 0.000000000000000000, 1.000000000000000000, -0.000000000000000000 ) ) ;
#69 = ORIENTED_EDGE ( 'NONE', *, *, #132, .F. ) ;
#70 = ORIENTED_EDGE ( 'NONE', *, *, #1505, .F. ) ;
#71 = EDGE_CURVE ( 'NONE', #214, #624, #677, .T. ) ;
#72 = PLANE ( 'NONE',  #1357 ) ;
#73 = EDGE_CURVE ( 'NONE', #1474, #100, #1199, .T. ) ;
#74 = EDGE_CURVE ( 'NONE', #490, #1099, #837, .T. ) ;
#75 = CIRCLE ( 'NONE', #350, 5.000000000000000000 ) ;
#76 = LINE ( 'NONE', #698, #1367 ) ;
#77 = CARTESIAN_POINT ( 'NONE',  ( 7.075170864609638066, 7.000000000000000000, -2.624815657639508970 ) ) ;
#78 = DIRECTION ( 'NONE',  ( 0.000000000000000000, 0.000000000000000000, 1.000000000000000000 ) ) ;
#79 = ORIENTED_EDGE ( 'NONE', *, *, #380, .F. ) ;
#80 = ORIENTED_EDGE ( 'NONE', *, *, #1567, .F. ) ;
#81 = ORIENTED_EDGE ( 'NONE', *, *, #1092, .F. ) ;
#82 = CARTESIAN_POINT ( 'NONE',  ( 4.181105534030417736, 7.000000000000000000, 6.282201565796974307 ) ) ;
#83 = CIRCLE ( 'NONE', #58, 5.400000000000002132 ) ;
#84 = EDGE_CURVE ( 'NONE', #392, #980, #61, .T. ) ;
#85 = DIRECTION ( 'NONE',  ( 0.3090169943749461745, 0.000000000000000000, -0.9510565162951539753 ) ) ;
#86 = PLANE ( 'NONE',  #1461 ) ;
#87 = ORIENTED_EDGE ( 'NONE', *, *, #670, .T. ) ;
#88 = DIRECTION ( 'NONE',  ( -0.000000000000000000, -1.000000000000000000, -0.000000000000000000 ) ) ;
#89 = ORIENTED_EDGE ( 'NONE', *, *, #735, .F. ) ;
#90 = AXIS2_PLACEMENT_3D ( 'NONE', #996, #118, #1496 ) ;
#91 = DIRECTION ( 'NONE',  ( 0.000000000000000000, 0.000000000000000000, 1.000000000000000000 ) ) ;
#92 = VECTOR ( 'NONE', #165, 1000.000000000000000 ) ;
#93 = DIRECTION ( 'NONE',  ( -0.000000000000000000, -1.000000000000000000, -0.000000000000000000 ) ) ;
#94 = CARTESIAN_POINT ( 'NONE',  ( 0.000000000000000000, 7.000000000000000000, 0.000000000000000000 ) ) ;
#95 = DIRECTION ( 'NONE',  ( 0.000000000000000000, -1.000000000000000000, 0.000000000000000000 ) ) ;
#96 = ORIENTED_EDGE ( 'NONE', *, *, #1447, .T. ) ;
#97 = ADVANCED_FACE ( 'NONE', ( #1266 ), #1030, .T. ) ;
#98 = ORIENTED_EDGE ( 'NONE', *, *, #283, .F. ) ;
#99 = VERTEX_POINT ( 'NONE', #634 ) ;
#100 = VERTEX_POINT ( 'NONE', #905 ) ;
#101 = CARTESIAN_POINT ( 'NONE',  ( 4.682696070542886169, 7.000000000000000000, 5.917774709375641429 ) ) ;
#102 = CARTESIAN_POINT ( 'NONE',  ( -4.329901293953828834, 0.000000000000000000, 2.500390926358708299 ) ) ;
#103 = CARTESIAN_POINT ( 'NONE',  ( 2.143131898507868297E-16, 2.000000000000000000, 1.750000000000000000 ) ) ;
#104 = AXIS2_PLACEMENT_3D ( 'NONE', #312, #654, #519 ) ;
#105 = CARTESIAN_POINT ( 'NONE',  ( 4.972656642254110970, 0.000000000000000000, -0.5221933724647173092 ) ) ;
#106 = CIRCLE ( 'NONE', #397, 5.400000000000002132 ) ;
#107 = DIRECTION ( 'NONE',  ( 0.000000000000000000, 0.000000000000000000, -1.000000000000000000 ) ) ;
#108 = AXIS2_PLACEMENT_3D ( 'NONE', #431, #186, #437 ) ;
#109 = DIRECTION ( 'NONE',  ( 0.000000000000000000, 1.000000000000000000, -0.000000000000000000 ) ) ;
#110 = VERTEX_POINT ( 'NONE', #1298 ) ;
#111 = EDGE_CURVE ( 'NONE', #973, #689, #1556, .T. ) ;
#112 = ORIENTED_EDGE ( 'NONE', *, *, #877, .T. ) ;
#113 = CARTESIAN_POINT ( 'NONE',  ( -5.938983526241211841, 7.000000000000000000, -2.745698465139366551 ) ) ;
#114 = DIRECTION ( 'NONE',  ( 0.000000000000000000, 1.000000000000000000, -0.000000000000000000 ) ) ;
#115 = DIRECTION ( 'NONE',  ( 0.000000000000000000, 0.000000000000000000, -1.000000000000000000 ) ) ;
#116 = CARTESIAN_POINT ( 'NONE',  ( -3.716026167595942731, 0.000000000000000000, -3.345317551704503067 ) ) ;
#117 = CIRCLE ( 'NONE', #1469, 5.000000000000000000 ) ;
#118 = DIRECTION ( 'NONE',  ( 0.000000000000000000, -1.000000000000000000, 0.000000000000000000 ) ) ;
#119 = DIRECTION ( 'NONE',  ( 0.3090169943749461745, 0.000000000000000000, -0.9510565162951539753 ) ) ;
#120 = EDGE_LOOP ( 'NONE', ( #556, #361, #1124, #809 ) ) ;
#121 = ORIENTED_EDGE ( 'NONE', *, *, #641, .T. ) ;
#122 = EDGE_LOOP ( 'NONE', ( #229, #986, #424, #315 ) ) ;
#123 = CARTESIAN_POINT ( 'NONE',  ( 0.000000000000000000, 7.000000000000000000, 0.000000000000000000 ) ) ;
#124 = CARTESIAN_POINT ( 'NONE',  ( -4.682696070541226163, 0.000000000000000000, -5.917774709375979825 ) ) ;
#125 = AXIS2_PLACEMENT_3D ( 'NONE', #1077, #1580, #823 ) ;
#126 = DIRECTION ( 'NONE',  ( -0.000000000000000000, -1.000000000000000000, -0.000000000000000000 ) ) ;
#127 = EDGE_CURVE ( 'NONE', #1490, #110, #537, .T. ) ;
#128 = DIRECTION ( 'NONE',  ( -0.000000000000000000, -1.000000000000000000, 0.000000000000000000 ) ) ;
#129 = CARTESIAN_POINT ( 'NONE',  ( 0.000000000000000000, 0.000000000000000000, 0.000000000000000000 ) ) ;
#130 = VERTEX_POINT ( 'NONE', #411 ) ;
#131 = CARTESIAN_POINT ( 'NONE',  ( 4.431900802285358765, 0.000000000000000000, 6.099988137587248005 ) ) ;
#132 = EDGE_CURVE ( 'NONE', #682, #1498, #290, .T. ) ;
#133 = EDGE_CURVE ( 'NONE', #1261, #597, #1164, .T. ) ;
#134 = LINE ( 'NONE', #995, #371 ) ;
#135 = EDGE_CURVE ( 'NONE', #1390, #221, #902, .T. ) ;
#136 = CARTESIAN_POINT ( 'NONE',  ( 3.716026167597006324, 7.000000000000000000, 3.345317551703321790 ) ) ;
#137 = AXIS2_PLACEMENT_3D ( 'NONE', #1183, #16, #523 ) ;
#138 = VECTOR ( 'NONE', #119, 1000.000000000000000 ) ;
#139 = CIRCLE ( 'NONE', #939, 2.750000000000000000 ) ;
#140 = DIRECTION ( 'NONE',  ( 0.000000000000000000, 0.000000000000000000, -1.000000000000000000 ) ) ;
#141 = ORIENTED_EDGE ( 'NONE', *, *, #1492, .F. ) ;
#142 = CARTESIAN_POINT ( 'NONE',  ( 4.682696070542886169, 0.000000000000000000, 5.917774709375641429 ) ) ;
#143 = EDGE_CURVE ( 'NONE', #980, #1611, #177, .T. ) ;
#144 = DIRECTION ( 'NONE',  ( 0.000000000000000000, 0.000000000000000000, 1.000000000000000000 ) ) ;
#145 = CARTESIAN_POINT ( 'NONE',  ( -4.359637609862407004, 0.000000000000000000, -4.828084700334738244 ) ) ;
#146 = ORIENTED_EDGE ( 'NONE', *, *, #1597, .T. ) ;
#147 = CARTESIAN_POINT ( 'NONE',  ( -3.716026167594937313, 7.000000000000000000, 3.345317551705619952 ) ) ;
#148 = CARTESIAN_POINT ( 'NONE',  ( -1.039999999999999147, 7.000000000000000000, -4.890644129355560032 ) ) ;
#149 = CARTESIAN_POINT ( 'NONE',  ( 4.972656642254110970, 7.000000000000000000, -0.5221933724647173092 ) ) ;
#150 = AXIS2_PLACEMENT_3D ( 'NONE', #933, #790, #300 ) ;
#151 = FACE_OUTER_BOUND ( 'NONE', #1235, .T. ) ;
#152 = EDGE_CURVE ( 'NONE', #1318, #1254, #599, .T. ) ;
#153 = MANIFOLD_SOLID_BREP ( 'Boss-Extrude2', #1345 ) ;
#154 = CARTESIAN_POINT ( 'NONE',  ( -6.364897899368946455, 7.000000000000000000, 1.343471880435931798 ) ) ;
#155 = CARTESIAN_POINT ( 'NONE',  ( 4.431900802285520413, 7.000000000000000000, -6.099988137587470050 ) ) ;
#156 = DIRECTION ( 'NONE',  ( -0.000000000000000000, -1.000000000000000000, 0.000000000000000000 ) ) ;
#157 = CARTESIAN_POINT ( 'NONE',  ( 0.000000000000000000, 7.000000000000000000, 0.000000000000000000 ) ) ;
#158 = VECTOR ( 'NONE', #574, 1000.000000000000000 ) ;
#159 = EDGE_CURVE ( 'NONE', #1377, #701, #340, .T. ) ;
#160 = DIRECTION ( 'NONE',  ( -0.000000000000000000, -1.000000000000000000, -0.000000000000000000 ) ) ;
#161 = VERTEX_POINT ( 'NONE', #1352 ) ;
#162 = CIRCLE ( 'NONE', #1657, 5.400000000000002132 ) ;
#163 = AXIS2_PLACEMENT_3D ( 'NONE', #804, #1578, #291 ) ;
#164 = VECTOR ( 'NONE', #1027, 1000.000000000000000 ) ;
#165 = DIRECTION ( 'NONE',  ( -0.000000000000000000, -1.000000000000000000, -0.000000000000000000 ) ) ;
#166 = EDGE_LOOP ( 'NONE', ( #669, #1297, #1344, #199 ) ) ;
#167 = DIRECTION ( 'NONE',  ( 0.000000000000000000, 0.000000000000000000, -1.000000000000000000 ) ) ;
#168 = FACE_OUTER_BOUND ( 'NONE', #122, .T. ) ;
#169 = DIRECTION ( 'NONE',  ( -0.000000000000000000, -1.000000000000000000, -0.000000000000000000 ) ) ;
#170 = ORIENTED_EDGE ( 'NONE', *, *, #1644, .T. ) ;
#171 = AXIS2_PLACEMENT_3D ( 'NONE', #836, #435, #1076 ) ;
#172 = DIRECTION ( 'NONE',  ( -0.000000000000000000, -1.000000000000000000, -0.000000000000000000 ) ) ;
#173 = ORIENTED_EDGE ( 'NONE', *, *, #1582, .T. ) ;
#174 = DIRECTION ( 'NONE',  ( -0.000000000000000000, -1.000000000000000000, -0.000000000000000000 ) ) ;
#175 = CARTESIAN_POINT ( 'NONE',  ( 0.000000000000000000, 2.000000000000000000, 0.000000000000000000 ) ) ;
#176 = CIRCLE ( 'NONE', #436, 5.400000000000002132 ) ;
#177 = CIRCLE ( 'NONE', #364, 5.400000000000002132 ) ;
#178 = DIRECTION ( 'NONE',  ( 0.000000000000000000, 0.000000000000000000, -1.000000000000000000 ) ) ;
#179 = ORIENTED_EDGE ( 'NONE', *, *, #1624, .T. ) ;
#180 = ORIENTED_EDGE ( 'NONE', *, *, #893, .F. ) ;
#181 = EDGE_LOOP ( 'NONE', ( #1544, #264 ) ) ;
#182 = FACE_OUTER_BOUND ( 'NONE', #1641, .T. ) ;
#183 = EDGE_CURVE ( 'NONE', #468, #879, #731, .T. ) ;
#184 = DIRECTION ( 'NONE',  ( -0.000000000000000000, -1.000000000000000000, -0.000000000000000000 ) ) ;
#185 = CARTESIAN_POINT ( 'NONE',  ( 4.329901293953917651, 0.000000000000000000, -2.500390926358555532 ) ) ;
#186 = DIRECTION ( 'NONE',  ( 0.000000000000000000, 1.000000000000000000, -0.000000000000000000 ) ) ;
#187 = CARTESIAN_POINT ( 'NONE',  ( -7.170966132864492693, 0.000000000000000000, 2.329988137586800789 ) ) ;
#188 = ORIENTED_EDGE ( 'NONE', *, *, #928, .F. ) ;
#189 = ORIENTED_EDGE ( 'NONE', *, *, #841, .F. ) ;
#190 = APPLICATION_CONTEXT ( 'automotive_design' ) ;
#191 = CIRCLE ( 'NONE', #1201, 5.400000000000001243 ) ;
#192 = VERTEX_POINT ( 'NONE', #1642 ) ;
#193 = AXIS2_PLACEMENT_3D ( 'NONE', #1295, #314, #778 ) ;
#194 = CIRCLE ( 'NONE', #746, 5.000000000000000000 ) ;
#195 = DIRECTION ( 'NONE',  ( 0.000000000000000000, 0.000000000000000000, 1.000000000000000000 ) ) ;
#196 = CARTESIAN_POINT ( 'NONE',  ( -5.938983526241211841, 7.000000000000000000, -2.745698465139366551 ) ) ;
#197 = ORIENTED_EDGE ( 'NONE', *, *, #867, .F. ) ;
#198 = ADVANCED_FACE ( 'NONE', ( #1010 ), #1370, .T. ) ;
#199 = ORIENTED_EDGE ( 'NONE', *, *, #1408, .T. ) ;
#200 = DIRECTION ( 'NONE',  ( -0.3090169943749487280, 0.000000000000000000, -0.9510565162951530871 ) ) ;
#201 = CARTESIAN_POINT ( 'NONE',  ( 0.000000000000000000, 0.000000000000000000, -7.540000000000000036 ) ) ;
#202 = ORIENTED_EDGE ( 'NONE', *, *, #1643, .T. ) ;
#203 = EDGE_CURVE ( 'NONE', #99, #598, #1001, .T. ) ;
#204 = AXIS2_PLACEMENT_3D ( 'NONE', #756, #128, #630 ) ;
#205 = ADVANCED_FACE ( 'NONE', ( #1236 ), #702, .T. ) ;
#206 = EDGE_CURVE ( 'NONE', #803, #1416, #1602, .T. ) ;
#207 = PLANE ( 'NONE',  #894 ) ;
#208 = DIRECTION ( 'NONE',  ( 0.000000000000000000, 1.000000000000000000, -0.000000000000000000 ) ) ;
#209 = DIRECTION ( 'NONE',  ( 0.000000000000000000, 0.000000000000000000, 1.000000000000000000 ) ) ;
#210 = DIRECTION ( 'NONE',  ( -0.000000000000000000, -1.000000000000000000, -0.000000000000000000 ) ) ;
#211 = EDGE_LOOP ( 'NONE', ( #981, #1369, #70, #146 ) ) ;
#212 = ORIENTED_EDGE ( 'NONE', *, *, #135, .T. ) ;
#213 = CIRCLE ( 'NONE', #246, 5.400000000000000355 ) ;
#214 = VERTEX_POINT ( 'NONE', #101 ) ;
#215 = DIRECTION ( 'NONE',  ( -0.000000000000000000, -1.000000000000000000, -0.000000000000000000 ) ) ;
#216 = DIRECTION ( 'NONE',  ( 0.000000000000000000, 0.000000000000000000, -1.000000000000000000 ) ) ;
#217 = CIRCLE ( 'NONE', #1096, 5.000000000000000000 ) ;
#218 = CIRCLE ( 'NONE', #796, 5.000000000000000000 ) ;
#219 = DIRECTION ( 'NONE',  ( 0.000000000000000000, 0.000000000000000000, -1.000000000000000000 ) ) ;
#220 = CARTESIAN_POINT ( 'NONE',  ( 0.000000000000000000, 2.000000000000000000, 0.000000000000000000 ) ) ;
#221 = VERTEX_POINT ( 'NONE', #1501 ) ;
#222 = VERTEX_POINT ( 'NONE', #1128 ) ;
#223 = ORIENTED_EDGE ( 'NONE', *, *, #1386, .F. ) ;
#224 = DIRECTION ( 'NONE',  ( -0.000000000000000000, -1.000000000000000000, -0.000000000000000000 ) ) ;
#225 = LINE ( 'NONE', #485, #1303 ) ;
#226 = AXIS2_PLACEMENT_3D ( 'NONE', #967, #464, #219 ) ;
#227 = EDGE_CURVE ( 'NONE', #1490, #1312, #1113, .T. ) ;
#228 = CARTESIAN_POINT ( 'NONE',  ( 7.170966132866095855, 0.000000000000000000, -2.329988137587321706 ) ) ;
#229 = ORIENTED_EDGE ( 'NONE', *, *, #1453, .T. ) ;
#230 = LINE ( 'NONE', #201, #1518 ) ;
#231 = ORIENTED_EDGE ( 'NONE', *, *, #1583, .T. ) ;
#232 = DIRECTION ( 'NONE',  ( 0.000000000000000000, 1.000000000000000000, -0.000000000000000000 ) ) ;
#233 = EDGE_LOOP ( 'NONE', ( #1398, #934, #80, #254 ) ) ;
#234 = CARTESIAN_POINT ( 'NONE',  ( 0.000000000000000000, 7.000000000000000000, 0.000000000000000000 ) ) ;
#235 = CARTESIAN_POINT ( 'NONE',  ( 0.000000000000000000, 7.000000000000000000, 7.539999999999661640 ) ) ;
#236 = AXIS2_PLACEMENT_3D ( 'NONE', #1549, #658, #1430 ) ;
#237 = CARTESIAN_POINT ( 'NONE',  ( -2.033270819296078002, 7.000000000000000000, -4.567910876472859982 ) ) ;
#238 = ADVANCED_FACE ( 'NONE', ( #903 ), #1018, .T. ) ;
#239 = CYLINDRICAL_SURFACE ( 'NONE', #596, 5.400000000000000355 ) ;
#240 = CARTESIAN_POINT ( 'NONE',  ( 7.075170864610151433, 7.000000000000000000, 2.624815657637589172 ) ) ;
#241 = ORIENTED_EDGE ( 'NONE', *, *, #646, .T. ) ;
#242 = VERTEX_POINT ( 'NONE', #142 ) ;
#243 = ORIENTED_EDGE ( 'NONE', *, *, #159, .F. ) ;
#244 = ORIENTED_EDGE ( 'NONE', *, *, #206, .T. ) ;
#245 = CARTESIAN_POINT ( 'NONE',  ( -6.364897899370290268, 0.000000000000000000, -1.343471880435293864 ) ) ;
#246 = AXIS2_PLACEMENT_3D ( 'NONE', #1623, #888, #1137 ) ;
#247 = CARTESIAN_POINT ( 'NONE',  ( 0.000000000000000000, 7.000000000000000000, 0.000000000000000000 ) ) ;
#248 = CIRCLE ( 'NONE', #506, 5.000000000000000000 ) ;
#249 = CARTESIAN_POINT ( 'NONE',  ( 4.682696070542886169, 7.000000000000000000, 5.917774709375641429 ) ) ;
#250 = CIRCLE ( 'NONE', #163, 5.400000000000003908 ) ;
#251 = FACE_OUTER_BOUND ( 'NONE', #255, .T. ) ;
#252 = AXIS2_PLACEMENT_3D ( 'NONE', #758, #1649, #1414 ) ;
#253 = DIRECTION ( 'NONE',  ( -0.000000000000000000, -1.000000000000000000, -0.000000000000000000 ) ) ;
#254 = ORIENTED_EDGE ( 'NONE', *, *, #814, .T. ) ;
#255 = EDGE_LOOP ( 'NONE', ( #538, #1600, #316, #1160 ) ) ;
#256 = ORIENTED_EDGE ( 'NONE', *, *, #494, .F. ) ;
#257 = VERTEX_POINT ( 'NONE', #1540 ) ;
#258 = DIRECTION ( 'NONE',  ( 0.000000000000000000, 1.000000000000000000, -0.000000000000000000 ) ) ;
#259 = CARTESIAN_POINT ( 'NONE',  ( 4.682696070541540578, 0.000000000000000000, -5.917774709376957709 ) ) ;
#260 = DIRECTION ( 'NONE',  ( -0.000000000000000000, -1.000000000000000000, -0.000000000000000000 ) ) ;
#261 = DIRECTION ( 'NONE',  ( 0.000000000000000000, 0.000000000000000000, 1.000000000000000000 ) ) ;
#262 = CYLINDRICAL_SURFACE ( 'NONE', #1022, 5.000000000000000000 ) ;
#263 = CARTESIAN_POINT ( 'NONE',  ( 4.972656642254322357, 7.000000000000000000, 0.5221933724626975915 ) ) ;
#264 = ORIENTED_EDGE ( 'NONE', *, *, #1165, .F. ) ;
#265 = DIRECTION ( 'NONE',  ( 0.000000000000000000, 1.000000000000000000, -0.000000000000000000 ) ) ;
#266 = DIRECTION ( 'NONE',  ( 0.000000000000000000, 0.000000000000000000, 1.000000000000000000 ) ) ;
#267 = CYLINDRICAL_SURFACE ( 'NONE', #690, 5.000000000000000000 ) ;
#268 = EDGE_LOOP ( 'NONE', ( #712, #773, #739, #483 ) ) ;
#269 = ORIENTED_EDGE ( 'NONE', *, *, #73, .F. ) ;
#270 = EDGE_CURVE ( 'NONE', #682, #1075, #194, .T. ) ;
#271 = FACE_OUTER_BOUND ( 'NONE', #656, .T. ) ;
#272 = DIRECTION ( 'NONE',  ( 0.8090169943749470072, 0.000000000000000000, 0.5877852522924736922 ) ) ;
#273 = AXIS2_PLACEMENT_3D ( 'NONE', #175, #17, #1293 ) ;
#274 = VECTOR ( 'NONE', #272, 1000.000000000000000 ) ;
#275 = AXIS2_PLACEMENT_3D ( 'NONE', #708, #466, #985 ) ;
#276 = CARTESIAN_POINT ( 'NONE',  ( -4.972656642254087878, 7.000000000000000000, 0.5221933724649338027 ) ) ;
#277 = ORIENTED_EDGE ( 'NONE', *, *, #379, .T. ) ;
#278 = DIRECTION ( 'NONE',  ( 0.000000000000000000, 1.000000000000000000, -0.000000000000000000 ) ) ;
#279 = CARTESIAN_POINT ( 'NONE',  ( -7.170966132864598386, 0.000000000000000000, -2.329988137586814112 ) ) ;
#280 = DIRECTION ( 'NONE',  ( -0.000000000000000000, -1.000000000000000000, -0.000000000000000000 ) ) ;
#281 = DIRECTION ( 'NONE',  ( -0.000000000000000000, -1.000000000000000000, -0.000000000000000000 ) ) ;
#282 = CARTESIAN_POINT ( 'NONE',  ( 7.266761401122106001, 7.000000000000000000, -2.035160617536513339 ) ) ;
#283 = EDGE_CURVE ( 'NONE', #1133, #954, #398, .T. ) ;
#284 = EDGE_CURVE ( 'NONE', #588, #1619, #12, .T. ) ;
#285 = FACE_OUTER_BOUND ( 'NONE', #1632, .T. ) ;
#286 = VECTOR ( 'NONE', #215, 1000.000000000000000 ) ;
#287 = DIRECTION ( 'NONE',  ( 0.000000000000000000, 0.000000000000000000, -1.000000000000000000 ) ) ;
#288 = ORIENTED_EDGE ( 'NONE', *, *, #183, .F. ) ;
#289 = ORIENTED_EDGE ( 'NONE', *, *, #84, .F. ) ;
#290 = LINE ( 'NONE', #1291, #313 ) ;
#291 = DIRECTION ( 'NONE',  ( 0.000000000000000000, 0.000000000000000000, 1.000000000000000000 ) ) ;
#292 = DIRECTION ( 'NONE',  ( -0.000000000000000000, -1.000000000000000000, -0.000000000000000000 ) ) ;
#293 = DIRECTION ( 'NONE',  ( -0.000000000000000000, -1.000000000000000000, -0.000000000000000000 ) ) ;
#294 = CARTESIAN_POINT ( 'NONE',  ( 2.033270819297513743, 7.000000000000000000, 4.567910876472221382 ) ) ;
#295 = AXIS2_PLACEMENT_3D ( 'NONE', #62, #329, #832 ) ;
#296 = ORIENTED_EDGE ( 'NONE', *, *, #516, .F. ) ;
#297 = VERTEX_POINT ( 'NONE', #1296 ) ;
#298 = AXIS2_PLACEMENT_3D ( 'NONE', #762, #1271, #1412 ) ;
#299 = AXIS2_PLACEMENT_3D ( 'NONE', #353, #95, #1591 ) ;
#300 = DIRECTION ( 'NONE',  ( 0.000000000000000000, 0.000000000000000000, 1.000000000000000000 ) ) ;
#301 = CARTESIAN_POINT ( 'NONE',  ( 7.075170864609638066, 7.000000000000000000, -2.624815657639508970 ) ) ;
#302 = CARTESIAN_POINT ( 'NONE',  ( -0.6891439320177764616, 7.000000000000000000, 6.468533265268413324 ) ) ;
#303 = CYLINDRICAL_SURFACE ( 'NONE', #557, 5.000000000000000000 ) ;
#304 = CARTESIAN_POINT ( 'NONE',  ( -2.033270819296078002, 0.000000000000000000, -4.567910876472859982 ) ) ;
#305 = ORIENTED_EDGE ( 'NONE', *, *, #1567, .T. ) ;
#306 = ORIENTED_EDGE ( 'NONE', *, *, #1420, .F. ) ;
#307 = EDGE_CURVE ( 'NONE', #1187, #40, #648, .T. ) ;
#308 = ORIENTED_EDGE ( 'NONE', *, *, #1190, .F. ) ;
#309 = EDGE_CURVE ( 'NONE', #901, #874, #325, .T. ) ;
#310 = DIRECTION ( 'NONE',  ( -0.000000000000000000, -1.000000000000000000, -0.000000000000000000 ) ) ;
#311 = PLANE ( 'NONE',  #1627 ) ;
#312 = CARTESIAN_POINT ( 'NONE',  ( 6.364897899371950274, 7.000000000000000000, 1.343471880434954357 ) ) ;
#313 = VECTOR ( 'NONE', #667, 1000.000000000000000 ) ;
#314 = DIRECTION ( 'NONE',  ( -0.000000000000000000, -1.000000000000000000, -0.000000000000000000 ) ) ;
#315 = ORIENTED_EDGE ( 'NONE', *, *, #356, .T. ) ;
#316 = ORIENTED_EDGE ( 'NONE', *, *, #751, .F. ) ;
#317 = ORIENTED_EDGE ( 'NONE', *, *, #309, .F. ) ;
#318 = CARTESIAN_POINT ( 'NONE',  ( 1.040000000001661817, 7.000000000000000000, 4.890644129355206537 ) ) ;
#319 = DIRECTION ( 'NONE',  ( 0.000000000000000000, 0.000000000000000000, 1.000000000000000000 ) ) ;
#320 = VERTEX_POINT ( 'NONE', #1272 ) ;
#321 = ORIENTED_EDGE ( 'NONE', *, *, #307, .F. ) ;
#322 = AXIS2_PLACEMENT_3D ( 'NONE', #545, #1569, #940 ) ;
#323 = EDGE_LOOP ( 'NONE', ( #665, #605, #1205, #642 ) ) ;
#324 = AXIS2_PLACEMENT_3D ( 'NONE', #1194, #562, #287 ) ;
#325 = CIRCLE ( 'NONE', #252, 5.399999999999999467 ) ;
#326 = CYLINDRICAL_SURFACE ( 'NONE', #226, 5.400000000000002132 ) ;
#327 = EDGE_CURVE ( 'NONE', #851, #598, #22, .T. ) ;
#328 = EDGE_CURVE ( 'NONE', #879, #881, #510, .T. ) ;
#329 = DIRECTION ( 'NONE',  ( 0.5877852522924738032, 0.000000000000000000, -0.8090169943749470072 ) ) ;
#330 = PRODUCT_DEFINITION ( 'UNKNOWN', '', #1620, #645 ) ;
#331 = VERTEX_POINT ( 'NONE', #408 ) ;
#332 = ORIENTED_EDGE ( 'NONE', *, *, #1538, .T. ) ;
#333 = EDGE_CURVE ( 'NONE', #320, #588, #779, .T. ) ;
#334 = ORIENTED_EDGE ( 'NONE', *, *, #554, .T. ) ;
#335 = DIRECTION ( 'NONE',  ( -0.3090169943749487280, 0.000000000000000000, -0.9510565162951530871 ) ) ;
#336 = DIRECTION ( 'NONE',  ( 0.000000000000000000, 0.000000000000000000, 1.000000000000000000 ) ) ;
#337 = ORIENTED_EDGE ( 'NONE', *, *, #1434, .T. ) ;
#338 = ORIENTED_EDGE ( 'NONE', *, *, #1420, .T. ) ;
#339 = ORIENTED_EDGE ( 'NONE', *, *, #1081, .T. ) ;
#340 = LINE ( 'NONE', #113, #517 ) ;
#341 = CARTESIAN_POINT ( 'NONE',  ( 0.000000000000000000, 2.000000000000000000, 0.000000000000000000 ) ) ;
#342 = DIRECTION ( 'NONE',  ( 0.000000000000000000, 0.000000000000000000, 1.000000000000000000 ) ) ;
#343 = ADVANCED_FACE ( 'NONE', ( #1015 ), #267, .T. ) ;
#344 = DIRECTION ( 'NONE',  ( -0.000000000000000000, -1.000000000000000000, -0.000000000000000000 ) ) ;
#345 = ORIENTED_EDGE ( 'NONE', *, *, #1063, .T. ) ;
#346 = ORIENTED_EDGE ( 'NONE', *, *, #1606, .F. ) ;
#347 = ORIENTED_EDGE ( 'NONE', *, *, #1643, .F. ) ;
#348 = CARTESIAN_POINT ( 'NONE',  ( 7.266761401122106001, 7.000000000000000000, -2.035160617536513339 ) ) ;
#349 = AXIS2_PLACEMENT_3D ( 'NONE', #1196, #407, #1074 ) ;
#350 = AXIS2_PLACEMENT_3D ( 'NONE', #1613, #457, #1485 ) ;
#351 = DIRECTION ( 'NONE',  ( 0.000000000000000000, -1.000000000000000000, 0.000000000000000000 ) ) ;
#352 = DIRECTION ( 'NONE',  ( -0.000000000000000000, -1.000000000000000000, -0.000000000000000000 ) ) ;
#353 = CARTESIAN_POINT ( 'NONE',  ( 0.000000000000000000, 0.000000000000000000, 0.000000000000000000 ) ) ;
#354 = ORIENTED_EDGE ( 'NONE', *, *, #379, .F. ) ;
#355 = VERTEX_POINT ( 'NONE', #105 ) ;
#356 = EDGE_CURVE ( 'NONE', #214, #242, #1131, .T. ) ;
#357 = CARTESIAN_POINT ( 'NONE',  ( -4.972656642254231762, 7.000000000000000000, -0.5221933724635658969 ) ) ;
#358 = CARTESIAN_POINT ( 'NONE',  ( 3.716026167597006324, 0.000000000000000000, 3.345317551703321790 ) ) ;
#359 = DIRECTION ( 'NONE',  ( -0.000000000000000000, -1.000000000000000000, 0.000000000000000000 ) ) ;
#360 = ORIENTED_EDGE ( 'NONE', *, *, #1153, .T. ) ;
#361 = ORIENTED_EDGE ( 'NONE', *, *, #693, .F. ) ;
#362 = ORIENTED_EDGE ( 'NONE', *, *, #1644, .F. ) ;
#363 = LINE ( 'NONE', #875, #1419 ) ;
#364 = AXIS2_PLACEMENT_3D ( 'NONE', #1058, #1563, #532 ) ;
#365 = CYLINDRICAL_SURFACE ( 'NONE', #1069, 5.000000000000000000 ) ;
#366 = DIRECTION ( 'NONE',  ( -0.000000000000000000, -1.000000000000000000, -0.000000000000000000 ) ) ;
#367 = ORIENTED_EDGE ( 'NONE', *, *, #968, .F. ) ;
#368 = EDGE_LOOP ( 'NONE', ( #400, #1415, #696, #676 ) ) ;
#369 = VERTEX_POINT ( 'NONE', #1269 ) ;
#370 = DIRECTION ( 'NONE',  ( 0.000000000000000000, -1.000000000000000000, 0.000000000000000000 ) ) ;
#371 = VECTOR ( 'NONE', #1495, 1000.000000000000000 ) ;
#372 = AXIS2_PLACEMENT_3D ( 'NONE', #1, #126, #628 ) ;
#373 = CARTESIAN_POINT ( 'NONE',  ( 0.3100000000016619461, 7.000000000000000000, 7.539999999999661640 ) ) ;
#374 = CIRCLE ( 'NONE', #427, 1.750000000000000000 ) ;
#375 = DIRECTION ( 'NONE',  ( -3.533695969582383493E-15, 0.000000000000000000, 1.000000000000000000 ) ) ;
#376 = AXIS2_PLACEMENT_3D ( 'NONE', #1471, #976, #209 ) ;
#377 = ADVANCED_FACE ( 'NONE', ( #629 ), #311, .F. ) ;
#378 = DIRECTION ( 'NONE',  ( -0.000000000000000000, -1.000000000000000000, -0.000000000000000000 ) ) ;
#379 = EDGE_CURVE ( 'NONE', #1133, #1318, #1323, .T. ) ;
#380 = EDGE_CURVE ( 'NONE', #100, #851, #1596, .T. ) ;
#381 = CARTESIAN_POINT ( 'NONE',  ( -4.682696070541226163, 7.000000000000000000, -5.917774709375979825 ) ) ;
#382 = ORIENTED_EDGE ( 'NONE', *, *, #71, .T. ) ;
#383 = CARTESIAN_POINT ( 'NONE',  ( 5.938983526242872735, 7.000000000000000000, -2.654301534860973089 ) ) ;
#384 = PLANE ( 'NONE',  #959 ) ;
#385 = EDGE_CURVE ( 'NONE', #1491, #1611, #1432, .T. ) ;
#386 = EDGE_LOOP ( 'NONE', ( #1208, #1110, #1617, #548 ) ) ;
#387 = ORIENTED_EDGE ( 'NONE', *, *, #496, .T. ) ;
#388 = CARTESIAN_POINT ( 'NONE',  ( 3.244579304715038859, 7.000000000000000000, -5.638221980231087116 ) ) ;
#389 = CYLINDRICAL_SURFACE ( 'NONE', #1276, 5.400000000000002132 ) ;
#390 = FACE_OUTER_BOUND ( 'NONE', #725, .T. ) ;
#391 = ORIENTED_EDGE ( 'NONE', *, *, #74, .T. ) ;
#392 = VERTEX_POINT ( 'NONE', #1566 ) ;
#393 = DIRECTION ( 'NONE',  ( 0.000000000000000000, 1.000000000000000000, -0.000000000000000000 ) ) ;
#394 = UNCERTAINTY_MEASURE_WITH_UNIT (LENGTH_MEASURE( 1.000000000000000082E-05 ), #1157, 'distance_accuracy_value', 'NONE');
#395 = SURFACE_STYLE_FILL_AREA ( #1424 ) ;
#396 = CARTESIAN_POINT ( 'NONE',  ( -2.033270819294709764, 7.000000000000000000, 4.567910876473469273 ) ) ;
#397 = AXIS2_PLACEMENT_3D ( 'NONE', #1078, #1168, #1185 ) ;
#398 = CIRCLE ( 'NONE', #1046, 5.000000000000000000 ) ;
#399 = PRODUCT_DEFINITION_SHAPE ( 'NONE', 'NONE',  #330 ) ;
#400 = ORIENTED_EDGE ( 'NONE', *, *, #718, .T. ) ;
#401 = DIRECTION ( 'NONE',  ( 0.3090169943749487280, 0.000000000000000000, 0.9510565162951530871 ) ) ;
#402 = FILL_AREA_STYLE_COLOUR ( '', #950 ) ;
#403 = ADVANCED_FACE ( 'NONE', ( #1443 ), #805, .T. ) ;
#404 = DIRECTION ( 'NONE',  ( -0.000000000000000000, -1.000000000000000000, 0.000000000000000000 ) ) ;
#405 = DIRECTION ( 'NONE',  ( -0.000000000000000000, -1.000000000000000000, -0.000000000000000000 ) ) ;
#406 = AXIS2_PLACEMENT_3D ( 'NONE', #1354, #351, #1364 ) ;
#407 = DIRECTION ( 'NONE',  ( 0.000000000000000000, -0.000000000000000000, 1.000000000000000000 ) ) ;
#408 = CARTESIAN_POINT ( 'NONE',  ( -7.075170864608490540, 0.000000000000000000, -2.624815657637926680 ) ) ;
#409 = EDGE_LOOP ( 'NONE', ( #643, #1480, #565, #873 ) ) ;
#410 = LINE ( 'NONE', #765, #705 ) ;
#411 = CARTESIAN_POINT ( 'NONE',  ( -7.075170864607975396, 7.000000000000000000, 2.624815657639171018 ) ) ;
#412 = CARTESIAN_POINT ( 'NONE',  ( 5.938983526242360256, 7.000000000000000000, 2.654301534859054623 ) ) ;
#413 = DIRECTION ( 'NONE',  ( -0.5877852522924738032, 0.000000000000000000, 0.8090169943749470072 ) ) ;
#414 = DIRECTION ( 'NONE',  ( -0.000000000000000000, -1.000000000000000000, -0.000000000000000000 ) ) ;
#415 = PLANE ( 'NONE',  #886 ) ;
#416 = DIRECTION ( 'NONE',  ( 0.000000000000000000, 1.000000000000000000, -0.000000000000000000 ) ) ;
#417 = ORIENTED_EDGE ( 'NONE', *, *, #668, .T. ) ;
#418 = ORIENTED_EDGE ( 'NONE', *, *, #1492, .T. ) ;
#419 = DIRECTION ( 'NONE',  ( 0.000000000000000000, 0.000000000000000000, -1.000000000000000000 ) ) ;
#420 = DIRECTION ( 'NONE',  ( 0.000000000000000000, 0.000000000000000000, -1.000000000000000000 ) ) ;
#421 = EDGE_CURVE ( 'NONE', #874, #1523, #1117, .T. ) ;
#422 = EDGE_CURVE ( 'NONE', #1573, #700, #797, .T. ) ;
#423 = FACE_BOUND ( 'NONE', #181, .T. ) ;
#424 = ORIENTED_EDGE ( 'NONE', *, *, #71, .F. ) ;
#425 = AXIS2_PLACEMENT_3D ( 'NONE', #1552, #414, #1039 ) ;
#426 = EDGE_CURVE ( 'NONE', #891, #1133, #1252, .T. ) ;
#427 = AXIS2_PLACEMENT_3D ( 'NONE', #341, #370, #216 ) ;
#428 = ORIENTED_EDGE ( 'NONE', *, *, #594, .T. ) ;
#429 = DIRECTION ( 'NONE',  ( 0.000000000000000000, 0.000000000000000000, 1.000000000000000000 ) ) ;
#430 = CARTESIAN_POINT ( 'NONE',  ( -5.938983526241211841, 7.000000000000000000, 2.654301534860635137 ) ) ;
#431 = CARTESIAN_POINT ( 'NONE',  ( 6.364897899370607348, 0.000000000000000000, -1.343471880436269528 ) ) ;
#432 = DIRECTION ( 'NONE',  ( 0.000000000000000000, 0.000000000000000000, -1.000000000000000000 ) ) ;
#433 = EDGE_CURVE ( 'NONE', #1498, #865, #1388, .T. ) ;
#434 = ORIENTED_EDGE ( 'NONE', *, *, #1147, .F. ) ;
#435 = DIRECTION ( 'NONE',  ( -0.000000000000000000, -1.000000000000000000, 0.000000000000000000 ) ) ;
#436 = AXIS2_PLACEMENT_3D ( 'NONE', #497, #1381, #375 ) ;
#437 = DIRECTION ( 'NONE',  ( 0.000000000000000000, 0.000000000000000000, 1.000000000000000000 ) ) ;
#438 = AXIS2_PLACEMENT_3D ( 'NONE', #1180, #926, #29 ) ;
#439 = DIRECTION ( 'NONE',  ( -0.000000000000000000, -1.000000000000000000, 0.000000000000000000 ) ) ;
#440 = CARTESIAN_POINT ( 'NONE',  ( 7.170966132866095855, 7.000000000000000000, -2.329988137587321706 ) ) ;
#441 = ORIENTED_EDGE ( 'NONE', *, *, #1144, .T. ) ;
#442 = ORIENTED_EDGE ( 'NONE', *, *, #152, .T. ) ;
#443 = ORIENTED_EDGE ( 'NONE', *, *, #735, .T. ) ;
#444 = CARTESIAN_POINT ( 'NONE',  ( -4.972656642254087878, 0.000000000000000000, 0.5221933724649338027 ) ) ;
#445 = DIRECTION ( 'NONE',  ( -0.000000000000000000, -1.000000000000000000, -0.000000000000000000 ) ) ;
#446 = ORIENTED_EDGE ( 'NONE', *, *, #541, .T. ) ;
#447 = AXIS2_PLACEMENT_3D ( 'NONE', #430, #524, #551 ) ;
#448 = AXIS2_PLACEMENT_3D ( 'NONE', #412, #1304, #419 ) ;
#449 = AXIS2_PLACEMENT_3D ( 'NONE', #864, #232, #1242 ) ;
#450 = EDGE_CURVE ( 'NONE', #130, #39, #1193, .T. ) ;
#451 = FACE_OUTER_BOUND ( 'NONE', #1082, .T. ) ;
#452 = DIRECTION ( 'NONE',  ( 0.000000000000000000, 0.000000000000000000, 1.000000000000000000 ) ) ;
#453 = DIRECTION ( 'NONE',  ( 0.000000000000000000, 1.000000000000000000, -0.000000000000000000 ) ) ;
#454 = ORIENTED_EDGE ( 'NONE', *, *, #1079, .F. ) ;
#455 = ORIENTED_EDGE ( 'NONE', *, *, #327, .T. ) ;
#456 = VECTOR ( 'NONE', #335, 1000.000000000000114 ) ;
#457 = DIRECTION ( 'NONE',  ( 0.000000000000000000, 1.000000000000000000, -0.000000000000000000 ) ) ;
#458 = DIRECTION ( 'NONE',  ( 0.000000000000000000, 1.000000000000000000, -0.000000000000000000 ) ) ;
#459 = FACE_OUTER_BOUND ( 'NONE', #46, .T. ) ;
#460 = ORIENTED_EDGE ( 'NONE', *, *, #421, .F. ) ;
#461 = ORIENTED_EDGE ( 'NONE', *, *, #143, .T. ) ;
#462 = ORIENTED_EDGE ( 'NONE', *, *, #994, .F. ) ;
#463 = DIRECTION ( 'NONE',  ( -1.000000000000000000, 0.000000000000000000, -0.000000000000000000 ) ) ;
#464 = DIRECTION ( 'NONE',  ( -0.000000000000000000, -1.000000000000000000, -0.000000000000000000 ) ) ;
#465 = DIRECTION ( 'NONE',  ( -0.000000000000000000, -1.000000000000000000, -0.000000000000000000 ) ) ;
#466 = DIRECTION ( 'NONE',  ( 0.000000000000000000, 1.000000000000000000, -0.000000000000000000 ) ) ;
#467 = VECTOR ( 'NONE', #760, 1000.000000000000000 ) ;
#468 = VERTEX_POINT ( 'NONE', #553 ) ;
#469 = EDGE_LOOP ( 'NONE', ( #827, #241, #1148, #481, #1109, #461, #586, #13, #308, #1088, #1028, #625, #1406, #1211, #870, #19, #1456, #1119, #334, #1036, #1510, #559, #1171, #587, #79, #269, #1633, #1587, #462, #972, #179, #650, #1533, #59, #87, #1467, #346, #740, #89, #978, #618, #1374 ) ) ;
#470 = EDGE_CURVE ( 'NONE', #40, #570, #1305, .T. ) ;
#471 = ORIENTED_EDGE ( 'NONE', *, *, #1090, .T. ) ;
#472 = ORIENTED_EDGE ( 'NONE', *, *, #1636, .T. ) ;
#473 = CARTESIAN_POINT ( 'NONE',  ( -3.244579304713377077, 7.000000000000000000, 5.638221980230748720 ) ) ;
#474 = DIRECTION ( 'NONE',  ( -0.000000000000000000, -1.000000000000000000, -0.000000000000000000 ) ) ;
#475 = VECTOR ( 'NONE', #253, 1000.000000000000000 ) ;
#476 = AXIS2_PLACEMENT_3D ( 'NONE', #1581, #1057, #1326 ) ;
#477 = AXIS2_PLACEMENT_3D ( 'NONE', #499, #1051, #1159 ) ;
#478 = AXIS2_PLACEMENT_3D ( 'NONE', #1111, #114, #91 ) ;
#479 = DIRECTION ( 'NONE',  ( 7.067391939164765407E-15, 0.000000000000000000, 1.000000000000000000 ) ) ;
#480 = CARTESIAN_POINT ( 'NONE',  ( 3.716026167597006324, 7.000000000000000000, 3.345317551703321790 ) ) ;
#481 = ORIENTED_EDGE ( 'NONE', *, *, #470, .F. ) ;
#482 = DIRECTION ( 'NONE',  ( 0.000000000000000000, 0.000000000000000000, -1.000000000000000000 ) ) ;
#483 = ORIENTED_EDGE ( 'NONE', *, *, #666, .T. ) ;
#484 = ORIENTED_EDGE ( 'NONE', *, *, #283, .T. ) ;
#485 = CARTESIAN_POINT ( 'NONE',  ( 7.170966132866001708, 7.000000000000000000, 2.329988137587270192 ) ) ;
#486 = ADVANCED_FACE ( 'NONE', ( #251 ), #262, .T. ) ;
#487 = CARTESIAN_POINT ( 'NONE',  ( 0.000000000000000000, 0.000000000000000000, 0.000000000000000000 ) ) ;
#488 = VERTEX_POINT ( 'NONE', #1598 ) ;
#489 = DIRECTION ( 'NONE',  ( -0.000000000000000000, -1.000000000000000000, -0.000000000000000000 ) ) ;
#490 = VERTEX_POINT ( 'NONE', #77 ) ;
#491 = ORIENTED_EDGE ( 'NONE', *, *, #2, .T. ) ;
#492 = EDGE_LOOP ( 'NONE', ( #833, #30, #56, #41 ) ) ;
#493 = DIRECTION ( 'NONE',  ( 0.000000000000000000, 1.000000000000000000, -0.000000000000000000 ) ) ;
#494 = EDGE_CURVE ( 'NONE', #1065, #99, #1521, .T. ) ;
#495 = FACE_OUTER_BOUND ( 'NONE', #233, .T. ) ;
#496 = EDGE_CURVE ( 'NONE', #942, #763, #583, .T. ) ;
#497 = CARTESIAN_POINT ( 'NONE',  ( 3.244579304715038859, 0.000000000000000000, -5.638221980231087116 ) ) ;
#498 = DIRECTION ( 'NONE',  ( 0.000000000000000000, 0.000000000000000000, -1.000000000000000000 ) ) ;
#499 = CARTESIAN_POINT ( 'NONE',  ( 0.000000000000000000, 0.000000000000000000, 0.000000000000000000 ) ) ;
#500 = EDGE_LOOP ( 'NONE', ( #442, #1285, #98, #277 ) ) ;
#501 = ORIENTED_EDGE ( 'NONE', *, *, #270, .F. ) ;
#502 = LINE ( 'NONE', #1150, #467 ) ;
#503 = AXIS2_PLACEMENT_3D ( 'NONE', #383, #1637, #1400 ) ;
#504 = CARTESIAN_POINT ( 'NONE',  ( -5.938983526241211841, 7.000000000000000000, 2.654301534860635137 ) ) ;
#505 = ADVANCED_FACE ( 'NONE', ( #1294 ), #303, .T. ) ;
#506 = AXIS2_PLACEMENT_3D ( 'NONE', #129, #1178, #673 ) ;
#507 = VECTOR ( 'NONE', #1214, 1000.000000000000000 ) ;
#508 = CARTESIAN_POINT ( 'NONE',  ( -5.938983526241211841, 7.000000000000000000, 2.654301534860635137 ) ) ;
#509 = DIRECTION ( 'NONE',  ( -0.3090169943749487280, 0.000000000000000000, -0.9510565162951530871 ) ) ;
#510 = LINE ( 'NONE', #276, #1418 ) ;
#511 = ORIENTED_EDGE ( 'NONE', *, *, #592, .T. ) ;
#512 = PRODUCT_CONTEXT ( 'NONE', #966, 'mechanical' ) ;
#513 = CARTESIAN_POINT ( 'NONE',  ( 2.143131898507868297E-16, 0.000000000000000000, 1.750000000000000000 ) ) ;
#514 = DIRECTION ( 'NONE',  ( 0.000000000000000000, 1.000000000000000000, -0.000000000000000000 ) ) ;
#515 = ORIENTED_EDGE ( 'NONE', *, *, #1439, .T. ) ;
#516 = EDGE_CURVE ( 'NONE', #1041, #862, #1519, .T. ) ;
#517 = VECTOR ( 'NONE', #845, 1000.000000000000000 ) ;
#518 = CARTESIAN_POINT ( 'NONE',  ( -2.033270819294709764, 7.000000000000000000, 4.567910876473469273 ) ) ;
#519 = DIRECTION ( 'NONE',  ( 0.000000000000000000, 0.000000000000000000, -1.000000000000000000 ) ) ;
#520 = EDGE_CURVE ( 'NONE', #701, #257, #1487, .T. ) ;
#521 = ORIENTED_EDGE ( 'NONE', *, *, #1125, .F. ) ;
#522 =( LENGTH_UNIT ( ) NAMED_UNIT ( * ) SI_UNIT ( .MILLI., .METRE. ) );
#523 = DIRECTION ( 'NONE',  ( 0.000000000000000000, 0.000000000000000000, -1.000000000000000000 ) ) ;
#524 = DIRECTION ( 'NONE',  ( -0.000000000000000000, -1.000000000000000000, 0.000000000000000000 ) ) ;
#525 = VECTOR ( 'NONE', #366, 1000.000000000000000 ) ;
#526 = AXIS2_PLACEMENT_3D ( 'NONE', #555, #280, #178 ) ;
#527 = VECTOR ( 'NONE', #672, 1000.000000000000000 ) ;
#528 = CARTESIAN_POINT ( 'NONE',  ( 0.3099999999999999978, 7.000000000000000000, -7.540000000000000036 ) ) ;
#529 = DIRECTION ( 'NONE',  ( -0.000000000000000000, -1.000000000000000000, -0.000000000000000000 ) ) ;
#530 = VERTEX_POINT ( 'NONE', #11 ) ;
#531 = DIRECTION ( 'NONE',  ( 0.000000000000000000, 0.000000000000000000, 1.000000000000000000 ) ) ;
#532 = DIRECTION ( 'NONE',  ( 1.766847984791191746E-15, 0.000000000000000000, 1.000000000000000000 ) ) ;
#533 = CARTESIAN_POINT ( 'NONE',  ( -4.431900802284945762, 7.000000000000000000, -6.099988137586679571 ) ) ;
#534 = DIRECTION ( 'NONE',  ( -0.8090169943749470072, 0.000000000000000000, 0.5877852522924736922 ) ) ;
#535 = CARTESIAN_POINT ( 'NONE',  ( 0.000000000000000000, 7.000000000000000000, 0.000000000000000000 ) ) ;
#536 = DIRECTION ( 'NONE',  ( 0.3090169943749487280, 0.000000000000000000, 0.9510565162951530871 ) ) ;
#537 = LINE ( 'NONE', #1173, #92 ) ;
#538 = ORIENTED_EDGE ( 'NONE', *, *, #1481, .T. ) ;
#539 = CARTESIAN_POINT ( 'NONE',  ( -5.938983526241211841, 7.000000000000000000, 2.654301534860635137 ) ) ;
#540 = ADVANCED_FACE ( 'NONE', ( #1410 ), #1006, .T. ) ;
#541 = EDGE_CURVE ( 'NONE', #844, #192, #757, .T. ) ;
#542 = VECTOR ( 'NONE', #728, 1000.000000000000000 ) ;
#543 = DIRECTION ( 'NONE',  ( -0.000000000000000000, -1.000000000000000000, 0.000000000000000000 ) ) ;
#544 = EDGE_CURVE ( 'NONE', #392, #1187, #1638, .T. ) ;
#545 = CARTESIAN_POINT ( 'NONE',  ( 0.000000000000000000, 0.000000000000000000, 0.000000000000000000 ) ) ;
#546 = CARTESIAN_POINT ( 'NONE',  ( 1.039999999999999147, 0.000000000000000000, -4.890644129355560032 ) ) ;
#547 = ORIENTED_EDGE ( 'NONE', *, *, #594, .F. ) ;
#548 = ORIENTED_EDGE ( 'NONE', *, *, #1408, .F. ) ;
#549 = CARTESIAN_POINT ( 'NONE',  ( 0.000000000000000000, 7.000000000000000000, 0.000000000000000000 ) ) ;
#550 = EDGE_CURVE ( 'NONE', #1127, #1523, #769, .T. ) ;
#551 = DIRECTION ( 'NONE',  ( 0.000000000000000000, 0.000000000000000000, 1.000000000000000000 ) ) ;
#552 = CIRCLE ( 'NONE', #1197, 5.000000000000000000 ) ;
#553 = CARTESIAN_POINT ( 'NONE',  ( -7.266761401120443331, 7.000000000000000000, 2.035160617536175831 ) ) ;
#554 = EDGE_CURVE ( 'NONE', #110, #161, #1417, .T. ) ;
#555 = CARTESIAN_POINT ( 'NONE',  ( 0.000000000000000000, 7.000000000000000000, 0.000000000000000000 ) ) ;
#556 = ORIENTED_EDGE ( 'NONE', *, *, #1624, .F. ) ;
#557 = AXIS2_PLACEMENT_3D ( 'NONE', #535, #293, #36 ) ;
#558 = VECTOR ( 'NONE', #884, 1000.000000000000000 ) ;
#559 = ORIENTED_EDGE ( 'NONE', *, *, #1153, .F. ) ;
#560 = DIRECTION ( 'NONE',  ( 0.000000000000000000, 1.000000000000000000, -0.000000000000000000 ) ) ;
#561 = DIRECTION ( 'NONE',  ( -0.8090169943749468962, 0.000000000000000000, 0.5877852522924736922 ) ) ;
#562 = DIRECTION ( 'NONE',  ( 0.000000000000000000, -1.000000000000000000, 0.000000000000000000 ) ) ;
#563 = AXIS2_PLACEMENT_3D ( 'NONE', #67, #1457, #1104 ) ;
#564 = ORIENTED_EDGE ( 'NONE', *, *, #592, .F. ) ;
#565 = ORIENTED_EDGE ( 'NONE', *, *, #627, .F. ) ;
#566 = ADVANCED_FACE ( 'NONE', ( #390 ), #647, .T. ) ;
#567 = PRODUCT_RELATED_PRODUCT_CATEGORY ( 'part', '', ( #1229 ) ) ;
#568 = PLANE ( 'NONE',  #1182 ) ;
#569 = LINE ( 'NONE', #1342, #158 ) ;
#570 = VERTEX_POINT ( 'NONE', #1654 ) ;
#571 = ORIENTED_EDGE ( 'NONE', *, *, #143, .F. ) ;
#572 = DIRECTION ( 'NONE',  ( -0.000000000000000000, -1.000000000000000000, -0.000000000000000000 ) ) ;
#573 = DIRECTION ( 'NONE',  ( -0.000000000000000000, -1.000000000000000000, -0.000000000000000000 ) ) ;
#574 = DIRECTION ( 'NONE',  ( -0.000000000000000000, -1.000000000000000000, -0.000000000000000000 ) ) ;
#575 = EDGE_LOOP ( 'NONE', ( #1459, #1349 ) ) ;
#576 = ORIENTED_EDGE ( 'NONE', *, *, #54, .T. ) ;
#577 = CIRCLE ( 'NONE', #476, 5.400000000000001243 ) ;
#578 = CIRCLE ( 'NONE', #691, 5.400000000000000355 ) ;
#579 = DIRECTION ( 'NONE',  ( 0.000000000000000000, 0.000000000000000000, -1.000000000000000000 ) ) ;
#580 = VECTOR ( 'NONE', #160, 1000.000000000000000 ) ;
#581 = DIRECTION ( 'NONE',  ( -0.3090169943749461745, 0.000000000000000000, 0.9510565162951539753 ) ) ;
#582 = CARTESIAN_POINT ( 'NONE',  ( -5.938983526240698474, 7.000000000000000000, -2.654301534859391687 ) ) ;
#583 = LINE ( 'NONE', #957, #938 ) ;
#584 = DIRECTION ( 'NONE',  ( -0.000000000000000000, -1.000000000000000000, -0.000000000000000000 ) ) ;
#585 = DIRECTION ( 'NONE',  ( -0.000000000000000000, -1.000000000000000000, -0.000000000000000000 ) ) ;
#586 = ORIENTED_EDGE ( 'NONE', *, *, #943, .F. ) ;
#587 = ORIENTED_EDGE ( 'NONE', *, *, #327, .F. ) ;
#588 = VERTEX_POINT ( 'NONE', #871 ) ;
#589 = CARTESIAN_POINT ( 'NONE',  ( -4.682696070539879685, 0.000000000000000000, 5.917774709376620201 ) ) ;
#590 = CARTESIAN_POINT ( 'NONE',  ( 0.000000000000000000, 7.000000000000000000, 0.000000000000000000 ) ) ;
#591 = EDGE_CURVE ( 'NONE', #593, #1499, #878, .T. ) ;
#592 = EDGE_CURVE ( 'NONE', #1573, #490, #1034, .T. ) ;
#593 = VERTEX_POINT ( 'NONE', #263 ) ;
#594 = EDGE_CURVE ( 'NONE', #1390, #891, #738, .T. ) ;
#595 = CARTESIAN_POINT ( 'NONE',  ( -4.181105534027412141, 7.000000000000000000, 6.282201565797953968 ) ) ;
#596 = AXIS2_PLACEMENT_3D ( 'NONE', #737, #352, #1270 ) ;
#597 = VERTEX_POINT ( 'NONE', #1132 ) ;
#598 = VERTEX_POINT ( 'NONE', #631 ) ;
#599 = CIRCLE ( 'NONE', #150, 5.000000000000000000 ) ;
#600 = ORIENTED_EDGE ( 'NONE', *, *, #550, .T. ) ;
#601 = LINE ( 'NONE', #1136, #1073 ) ;
#602 = DIRECTION ( 'NONE',  ( 0.000000000000000000, 0.000000000000000000, 1.000000000000000000 ) ) ;
#603 = DIRECTION ( 'NONE',  ( -1.000000000000000000, 0.000000000000000000, 0.000000000000000000 ) ) ;
#604 =( GEOMETRIC_REPRESENTATION_CONTEXT ( 3 ) GLOBAL_UNCERTAINTY_ASSIGNED_CONTEXT ( ( #1156 ) ) GLOBAL_UNIT_ASSIGNED_CONTEXT ( ( #522, #925, #651 ) ) REPRESENTATION_CONTEXT ( 'NONE', 'WORKASPACE' ) );
#605 = ORIENTED_EDGE ( 'NONE', *, *, #1655, .T. ) ;
#606 = EDGE_CURVE ( 'NONE', #28, #1319, #49, .T. ) ;
#607 = ORIENTED_EDGE ( 'NONE', *, *, #380, .T. ) ;
#608 = ORIENTED_EDGE ( 'NONE', *, *, #1081, .F. ) ;
#609 = LINE ( 'NONE', #1363, #50 ) ;
#610 = AXIS2_PLACEMENT_3D ( 'NONE', #802, #1375, #1648 ) ;
#611 = VECTOR ( 'NONE', #1286, 1000.000000000000000 ) ;
#612 = VECTOR ( 'NONE', #184, 1000.000000000000000 ) ;
#613 = CYLINDRICAL_SURFACE ( 'NONE', #1085, 5.000000000000000000 ) ;
#614 = DIRECTION ( 'NONE',  ( 0.000000000000000000, 1.000000000000000000, -0.000000000000000000 ) ) ;
#615 = DIRECTION ( 'NONE',  ( -1.000000000000000000, 0.000000000000000000, 0.000000000000000000 ) ) ;
#616 = ORIENTED_EDGE ( 'NONE', *, *, #685, .T. ) ;
#617 = ADVANCED_FACE ( 'NONE', ( #1158, #771 ), #384, .F. ) ;
#618 = ORIENTED_EDGE ( 'NONE', *, *, #152, .F. ) ;
#619 = EDGE_LOOP ( 'NONE', ( #801, #1586, #1013, #121 ) ) ;
#620 = DIRECTION ( 'NONE',  ( 0.000000000000000000, 1.000000000000000000, -0.000000000000000000 ) ) ;
#621 = ADVANCED_FACE ( 'NONE', ( #890 ), #907, .T. ) ;
#622 = CARTESIAN_POINT ( 'NONE',  ( -4.329901293954515396, 7.000000000000000000, -2.500390926357519916 ) ) ;
#623 = CARTESIAN_POINT ( 'NONE',  ( -7.266761401120956698, 7.000000000000000000, -2.035160617534931493 ) ) ;
#624 = VERTEX_POINT ( 'NONE', #136 ) ;
#625 = ORIENTED_EDGE ( 'NONE', *, *, #668, .F. ) ;
#626 = AXIS2_PLACEMENT_3D ( 'NONE', #1033, #1048, #1324 ) ;
#627 = EDGE_CURVE ( 'NONE', #932, #1348, #1275, .T. ) ;
#628 = DIRECTION ( 'NONE',  ( 0.000000000000000000, 0.000000000000000000, -1.000000000000000000 ) ) ;
#629 = FACE_OUTER_BOUND ( 'NONE', #730, .T. ) ;
#630 = DIRECTION ( 'NONE',  ( 8.834239923955958731E-16, 0.000000000000000000, 1.000000000000000000 ) ) ;
#631 = CARTESIAN_POINT ( 'NONE',  ( -1.039999999998330926, 0.000000000000000000, 4.890644129355914416 ) ) ;
#632 = EDGE_LOOP ( 'NONE', ( #1217, #722, #1653, #924 ) ) ;
#633 = CARTESIAN_POINT ( 'NONE',  ( -7.170966132864492693, 7.000000000000000000, 2.329988137586800789 ) ) ;
#634 = CARTESIAN_POINT ( 'NONE',  ( -1.039999999998330926, 7.000000000000000000, 4.890644129355914416 ) ) ;
#635 = VECTOR ( 'NONE', #1061, 1000.000000000000000 ) ;
#636 = DIRECTION ( 'NONE',  ( 0.000000000000000000, 0.000000000000000000, 1.000000000000000000 ) ) ;
#637 = VECTOR ( 'NONE', #1283, 1000.000000000000000 ) ;
#638 = CIRCLE ( 'NONE', #275, 5.400000000000002132 ) ;
#639 = EDGE_CURVE ( 'NONE', #192, #1017, #1507, .T. ) ;
#640 = CARTESIAN_POINT ( 'NONE',  ( 7.170966132866095855, 7.000000000000000000, -2.329988137587321706 ) ) ;
#641 = EDGE_CURVE ( 'NONE', #700, #355, #748, .T. ) ;
#642 = ORIENTED_EDGE ( 'NONE', *, *, #496, .F. ) ;
#643 = ORIENTED_EDGE ( 'NONE', *, *, #73, .T. ) ;
#644 = FACE_OUTER_BOUND ( 'NONE', #1359, .T. ) ;
#645 = PRODUCT_DEFINITION_CONTEXT ( 'detailed design', #190, 'design' ) ;
#646 = EDGE_CURVE ( 'NONE', #1651, #1195, #191, .T. ) ;
#647 = CYLINDRICAL_SURFACE ( 'NONE', #1302, 5.400000000000002132 ) ;
#648 = LINE ( 'NONE', #908, #580 ) ;
#649 = ORIENTED_EDGE ( 'NONE', *, *, #309, .T. ) ;
#650 = ORIENTED_EDGE ( 'NONE', *, *, #910, .F. ) ;
#651 =( NAMED_UNIT ( * ) SI_UNIT ( $, .STERADIAN. ) SOLID_ANGLE_UNIT ( ) );
#652 = DIRECTION ( 'NONE',  ( -0.000000000000000000, -1.000000000000000000, -0.000000000000000000 ) ) ;
#653 = LINE ( 'NONE', #282, #1438 ) ;
#654 = DIRECTION ( 'NONE',  ( -0.000000000000000000, -1.000000000000000000, -0.000000000000000000 ) ) ;
#655 = CARTESIAN_POINT ( 'NONE',  ( 7.266761401122106001, 0.000000000000000000, -2.035160617536513339 ) ) ;
#656 = EDGE_LOOP ( 'NONE', ( #1509, #944, #749, #231 ) ) ;
#657 = DIRECTION ( 'NONE',  ( -0.000000000000000000, -1.000000000000000000, -0.000000000000000000 ) ) ;
#658 = DIRECTION ( 'NONE',  ( -0.000000000000000000, -1.000000000000000000, 0.000000000000000000 ) ) ;
#659 = CARTESIAN_POINT ( 'NONE',  ( -6.364897899370290268, 7.000000000000000000, -1.343471880435293864 ) ) ;
#660 = DIRECTION ( 'NONE',  ( 0.000000000000000000, 0.000000000000000000, 1.000000000000000000 ) ) ;
#661 = AXIS2_PLACEMENT_3D ( 'NONE', #1062, #1427, #420 ) ;
#662 = AXIS2_PLACEMENT_3D ( 'NONE', #687, #816, #432 ) ;
#663 = VECTOR ( 'NONE', #260, 1000.000000000000000 ) ;
#664 = DIRECTION ( 'NONE',  ( 0.000000000000000000, 1.000000000000000000, -0.000000000000000000 ) ) ;
#665 = ORIENTED_EDGE ( 'NONE', *, *, #1483, .T. ) ;
#666 = EDGE_CURVE ( 'NONE', #1639, #1261, #9, .T. ) ;
#667 = DIRECTION ( 'NONE',  ( -0.000000000000000000, -1.000000000000000000, -0.000000000000000000 ) ) ;
#668 = EDGE_CURVE ( 'NONE', #1499, #355, #248, .T. ) ;
#669 = ORIENTED_EDGE ( 'NONE', *, *, #789, .T. ) ;
#670 = EDGE_CURVE ( 'NONE', #331, #701, #1174, .T. ) ;
#671 = DIRECTION ( 'NONE',  ( 0.000000000000000000, 0.000000000000000000, 1.000000000000000000 ) ) ;
#672 = DIRECTION ( 'NONE',  ( -0.000000000000000000, -1.000000000000000000, -0.000000000000000000 ) ) ;
#673 = DIRECTION ( 'NONE',  ( 0.000000000000000000, 0.000000000000000000, 1.000000000000000000 ) ) ;
#674 = FACE_OUTER_BOUND ( 'NONE', #500, .T. ) ;
#675 = EDGE_LOOP ( 'NONE', ( #223, #296 ) ) ;
#676 = ORIENTED_EDGE ( 'NONE', *, *, #421, .T. ) ;
#677 = CIRCLE ( 'NONE', #626, 5.400000000000002132 ) ;
#678 = FACE_OUTER_BOUND ( 'NONE', #1532, .T. ) ;
#679 = LINE ( 'NONE', #1325, #1151 ) ;
#680 = DIRECTION ( 'NONE',  ( -0.000000000000000000, -1.000000000000000000, -0.000000000000000000 ) ) ;
#681 = VERTEX_POINT ( 'NONE', #1288 ) ;
#682 = VERTEX_POINT ( 'NONE', #34 ) ;
#683 = PLANE ( 'NONE',  #349 ) ;
#684 = CYLINDRICAL_SURFACE ( 'NONE', #273, 1.750000000000000000 ) ;
#685 = EDGE_CURVE ( 'NONE', #839, #222, #1167, .T. ) ;
#686 = ADVANCED_FACE ( 'NONE', ( #26 ), #684, .F. ) ;
#687 = CARTESIAN_POINT ( 'NONE',  ( 0.000000000000000000, 2.000000000000000000, 0.000000000000000000 ) ) ;
#688 = CIRCLE ( 'NONE', #1098, 5.000000000000000000 ) ;
#689 = VERTEX_POINT ( 'NONE', #185 ) ;
#690 = AXIS2_PLACEMENT_3D ( 'NONE', #1522, #529, #140 ) ;
#691 = AXIS2_PLACEMENT_3D ( 'NONE', #245, #1102, #743 ) ;
#692 = CARTESIAN_POINT ( 'NONE',  ( 4.329901293954933728, 7.000000000000000000, 2.500390926356794719 ) ) ;
#693 = EDGE_CURVE ( 'NONE', #468, #1339, #1568, .T. ) ;
#694 = CARTESIAN_POINT ( 'NONE',  ( 7.170966132866001708, 7.000000000000000000, 2.329988137587270192 ) ) ;
#695 = ORIENTED_EDGE ( 'NONE', *, *, #385, .T. ) ;
#696 = ORIENTED_EDGE ( 'NONE', *, *, #1439, .F. ) ;
#697 = ORIENTED_EDGE ( 'NONE', *, *, #898, .T. ) ;
#698 = CARTESIAN_POINT ( 'NONE',  ( 2.033270819295768472, 7.000000000000000000, -4.567910876472997650 ) ) ;
#699 = CARTESIAN_POINT ( 'NONE',  ( 2.143131898507868297E-16, 2.000000000000000000, 1.750000000000000000 ) ) ;
#700 = VERTEX_POINT ( 'NONE', #149 ) ;
#701 = VERTEX_POINT ( 'NONE', #921 ) ;
#702 = CYLINDRICAL_SURFACE ( 'NONE', #1403, 5.400000000000000355 ) ;
#703 = ADVANCED_FACE ( 'NONE', ( #168 ), #1433, .T. ) ;
#704 = CARTESIAN_POINT ( 'NONE',  ( -0.3099999999983381049, 7.000000000000000000, 7.539999999999661640 ) ) ;
#705 = VECTOR ( 'NONE', #281, 1000.000000000000000 ) ;
#706 = DIRECTION ( 'NONE',  ( 0.000000000000000000, 0.000000000000000000, 1.000000000000000000 ) ) ;
#707 = CARTESIAN_POINT ( 'NONE',  ( -7.075170864607975396, 7.000000000000000000, 2.624815657639171018 ) ) ;
#708 = CARTESIAN_POINT ( 'NONE',  ( -0.6891439320177764616, 0.000000000000000000, 6.468533265268413324 ) ) ;
#709 = AXIS2_PLACEMENT_3D ( 'NONE', #1380, #265, #1535 ) ;
#710 = CIRCLE ( 'NONE', #1656, 5.400000000000001243 ) ;
#711 = ORIENTED_EDGE ( 'NONE', *, *, #54, .F. ) ;
#712 = ORIENTED_EDGE ( 'NONE', *, *, #133, .T. ) ;
#713 = VECTOR ( 'NONE', #344, 1000.000000000000000 ) ;
#714 = CARTESIAN_POINT ( 'NONE',  ( -4.359637609860744334, 7.000000000000000000, 4.828084700334400736 ) ) ;
#715 = EDGE_CURVE ( 'NONE', #192, #222, #162, .T. ) ;
#716 = DIRECTION ( 'NONE',  ( 0.000000000000000000, 0.000000000000000000, -1.000000000000000000 ) ) ;
#717 = ADVANCED_FACE ( 'NONE', ( #1071 ), #806, .T. ) ;
#718 = EDGE_CURVE ( 'NONE', #1523, #161, #217, .T. ) ;
#719 = CARTESIAN_POINT ( 'NONE',  ( -4.181105534028757731, 7.000000000000000000, -6.282201565797312703 ) ) ;
#720 = FACE_OUTER_BOUND ( 'NONE', #1592, .T. ) ;
#721 = DIRECTION ( 'NONE',  ( 0.000000000000000000, -1.000000000000000000, 0.000000000000000000 ) ) ;
#722 = ORIENTED_EDGE ( 'NONE', *, *, #1447, .F. ) ;
#723 = EDGE_LOOP ( 'NONE', ( #337, #354, #840, #441 ) ) ;
#724 = CARTESIAN_POINT ( 'NONE',  ( 0.6891439320194392426, 7.000000000000000000, -6.468533265268753496 ) ) ;
#725 = EDGE_LOOP ( 'NONE', ( #1336, #1554, #212, #1009 ) ) ;
#726 = CARTESIAN_POINT ( 'NONE',  ( 0.000000000000000000, 7.000000000000000000, 7.539999999999661640 ) ) ;
#727 = DIRECTION ( 'NONE',  ( 0.000000000000000000, 1.000000000000000000, -0.000000000000000000 ) ) ;
#728 = DIRECTION ( 'NONE',  ( 0.000000000000000000, -1.000000000000000000, 0.000000000000000000 ) ) ;
#729 = CYLINDRICAL_SURFACE ( 'NONE', #1489, 2.750000000000000000 ) ;
#730 = EDGE_LOOP ( 'NONE', ( #112, #321, #1328, #1640 ) ) ;
#731 = CIRCLE ( 'NONE', #783, 5.400000000000003020 ) ;
#732 = ORIENTED_EDGE ( 'NONE', *, *, #639, .T. ) ;
#733 = ORIENTED_EDGE ( 'NONE', *, *, #541, .F. ) ;
#734 = CARTESIAN_POINT ( 'NONE',  ( 1.040000000001661817, 0.000000000000000000, 4.890644129355206537 ) ) ;
#735 = EDGE_CURVE ( 'NONE', #488, #1619, #679, .T. ) ;
#736 = CYLINDRICAL_SURFACE ( 'NONE', #1622, 5.000000000000000000 ) ;
#737 = CARTESIAN_POINT ( 'NONE',  ( -6.364897899370290268, 7.000000000000000000, -1.343471880435293864 ) ) ;
#738 = LINE ( 'NONE', #1146, #1020 ) ;
#739 = ORIENTED_EDGE ( 'NONE', *, *, #842, .F. ) ;
#740 = ORIENTED_EDGE ( 'NONE', *, *, #1103, .F. ) ;
#741 = ORIENTED_EDGE ( 'NONE', *, *, #923, .T. ) ;
#742 = EDGE_CURVE ( 'NONE', #1377, #1319, #744, .T. ) ;
#743 = DIRECTION ( 'NONE',  ( 0.000000000000000000, 0.000000000000000000, 1.000000000000000000 ) ) ;
#744 = CIRCLE ( 'NONE', #447, 5.400000000000003020 ) ;
#745 = CIRCLE ( 'NONE', #299, 1.750000000000000000 ) ;
#746 = AXIS2_PLACEMENT_3D ( 'NONE', #123, #416, #931 ) ;
#747 = CARTESIAN_POINT ( 'NONE',  ( 4.329901293953917651, 7.000000000000000000, -2.500390926358555532 ) ) ;
#748 = LINE ( 'NONE', #1257, #637 ) ;
#749 = ORIENTED_EDGE ( 'NONE', *, *, #53, .F. ) ;
#750 = ORIENTED_EDGE ( 'NONE', *, *, #869, .F. ) ;
#751 = EDGE_CURVE ( 'NONE', #624, #839, #912, .T. ) ;
#752 = ORIENTED_EDGE ( 'NONE', *, *, #1192, .T. ) ;
#753 = EDGE_LOOP ( 'NONE', ( #417, #872, #180, #64 ) ) ;
#754 = DIRECTION ( 'NONE',  ( 1.000000000000000000, 0.000000000000000000, 0.000000000000000000 ) ) ;
#755 = DIRECTION ( 'NONE',  ( 0.000000000000000000, 0.000000000000000000, -1.000000000000000000 ) ) ;
#756 = CARTESIAN_POINT ( 'NONE',  ( 0.6891439320207829455, 7.000000000000000000, 6.468533265269390320 ) ) ;
#757 = LINE ( 'NONE', #240, #475 ) ;
#758 = CARTESIAN_POINT ( 'NONE',  ( -4.359637609860744334, 7.000000000000000000, 4.828084700334400736 ) ) ;
#759 = ORIENTED_EDGE ( 'NONE', *, *, #127, .T. ) ;
#760 = DIRECTION ( 'NONE',  ( 0.8090169943749470072, 0.000000000000000000, -0.5877852522924736922 ) ) ;
#761 = DIRECTION ( 'NONE',  ( -0.000000000000000000, -1.000000000000000000, -0.000000000000000000 ) ) ;
#762 = CARTESIAN_POINT ( 'NONE',  ( 4.359637609864068786, 7.000000000000000000, 4.828084700334398960 ) ) ;
#763 = VERTEX_POINT ( 'NONE', #1452 ) ;
#764 = ORIENTED_EDGE ( 'NONE', *, *, #1282, .T. ) ;
#765 = CARTESIAN_POINT ( 'NONE',  ( 3.367778697655221012E-16, 7.000000000000000000, 2.750000000000000000 ) ) ;
#766 = ADVANCED_FACE ( 'NONE', ( #285 ), #937, .T. ) ;
#767 = AXIS2_PLACEMENT_3D ( 'NONE', #1565, #404, #1315 ) ;
#768 = LINE ( 'NONE', #915, #635 ) ;
#769 = CIRCLE ( 'NONE', #1355, 5.399999999999999467 ) ;
#770 = VECTOR ( 'NONE', #210, 1000.000000000000000 ) ;
#771 = FACE_BOUND ( 'NONE', #675, .T. ) ;
#772 = CARTESIAN_POINT ( 'NONE',  ( -4.431900802284945762, 7.000000000000000000, -6.099988137586679571 ) ) ;
#773 = ORIENTED_EDGE ( 'NONE', *, *, #1583, .F. ) ;
#774 = ORIENTED_EDGE ( 'NONE', *, *, #554, .F. ) ;
#775 = ADVANCED_FACE ( 'NONE', ( #1560 ), #785, .T. ) ;
#776 = DIRECTION ( 'NONE',  ( -0.000000000000000000, -1.000000000000000000, -0.000000000000000000 ) ) ;
#777 = DIRECTION ( 'NONE',  ( -0.000000000000000000, -1.000000000000000000, -0.000000000000000000 ) ) ;
#778 = DIRECTION ( 'NONE',  ( 0.000000000000000000, 0.000000000000000000, -1.000000000000000000 ) ) ;
#779 = LINE ( 'NONE', #772, #164 ) ;
#780 = ORIENTED_EDGE ( 'NONE', *, *, #422, .F. ) ;
#781 = CARTESIAN_POINT ( 'NONE',  ( 3.716026167595732677, 0.000000000000000000, -3.345317551704736658 ) ) ;
#782 = CARTESIAN_POINT ( 'NONE',  ( 4.329901293953917651, 7.000000000000000000, -2.500390926358555532 ) ) ;
#783 = AXIS2_PLACEMENT_3D ( 'NONE', #473, #857, #992 ) ;
#784 = CARTESIAN_POINT ( 'NONE',  ( 0.3100000000016619461, 0.000000000000000000, 7.539999999999661640 ) ) ;
#785 = CYLINDRICAL_SURFACE ( 'NONE', #425, 5.400000000000002132 ) ;
#786 = EDGE_CURVE ( 'NONE', #1065, #851, #929, .T. ) ;
#787 = FACE_OUTER_BOUND ( 'NONE', #1008, .T. ) ;
#788 = ORIENTED_EDGE ( 'NONE', *, *, #520, .F. ) ;
#789 = EDGE_CURVE ( 'NONE', #331, #1261, #795, .T. ) ;
#790 = DIRECTION ( 'NONE',  ( 0.000000000000000000, 1.000000000000000000, -0.000000000000000000 ) ) ;
#791 = VECTOR ( 'NONE', #401, 1000.000000000000114 ) ;
#792 = CYLINDRICAL_SURFACE ( 'NONE', #1251, 5.400000000000002132 ) ;
#793 = CIRCLE ( 'NONE', #709, 5.000000000000000000 ) ;
#794 = VECTOR ( 'NONE', #169, 1000.000000000000000 ) ;
#795 = LINE ( 'NONE', #279, #1594 ) ;
#796 = AXIS2_PLACEMENT_3D ( 'NONE', #1599, #453, #336 ) ;
#797 = CIRCLE ( 'NONE', #1463, 5.400000000000002132 ) ;
#798 = LINE ( 'NONE', #1308, #794 ) ;
#799 = ADVANCED_FACE ( 'NONE', ( #1307 ), #326, .T. ) ;
#800 = ORIENTED_EDGE ( 'NONE', *, *, #132, .T. ) ;
#801 = ORIENTED_EDGE ( 'NONE', *, *, #23, .F. ) ;
#802 = CARTESIAN_POINT ( 'NONE',  ( -3.244579304713377077, 7.000000000000000000, 5.638221980230748720 ) ) ;
#803 = VERTEX_POINT ( 'NONE', #704 ) ;
#804 = CARTESIAN_POINT ( 'NONE',  ( 0.6891439320194392426, 7.000000000000000000, -6.468533265268753496 ) ) ;
#805 = CYLINDRICAL_SURFACE ( 'NONE', #1177, 5.400000000000003908 ) ;
#806 = CYLINDRICAL_SURFACE ( 'NONE', #661, 5.400000000000002132 ) ;
#807 = VECTOR ( 'NONE', #1084, 1000.000000000000000 ) ;
#808 = FACE_OUTER_BOUND ( 'NONE', #1233, .T. ) ;
#809 = ORIENTED_EDGE ( 'NONE', *, *, #328, .T. ) ;
#810 = ORIENTED_EDGE ( 'NONE', *, *, #203, .F. ) ;
#811 = AXIS2_PLACEMENT_3D ( 'NONE', #1143, #7, #115 ) ;
#812 = CARTESIAN_POINT ( 'NONE',  ( 0.000000000000000000, 7.000000000000000000, 0.000000000000000000 ) ) ;
#813 = CIRCLE ( 'NONE', #852, 5.400000000000002132 ) ;
#814 = EDGE_CURVE ( 'NONE', #1455, #570, #76, .T. ) ;
#815 = DIRECTION ( 'NONE',  ( 0.000000000000000000, 1.000000000000000000, -0.000000000000000000 ) ) ;
#816 = DIRECTION ( 'NONE',  ( 0.000000000000000000, -1.000000000000000000, 0.000000000000000000 ) ) ;
#817 = ORIENTED_EDGE ( 'NONE', *, *, #1125, .T. ) ;
#818 = ORIENTED_EDGE ( 'NONE', *, *, #494, .T. ) ;
#819 = ORIENTED_EDGE ( 'NONE', *, *, #869, .T. ) ;
#820 = AXIS2_PLACEMENT_3D ( 'NONE', #1172, #531, #754 ) ;
#821 = AXIS2_PLACEMENT_3D ( 'NONE', #504, #1154, #479 ) ;
#822 = DIRECTION ( 'NONE',  ( -0.8090169943749470072, 0.000000000000000000, -0.5877852522924736922 ) ) ;
#823 = DIRECTION ( 'NONE',  ( 0.000000000000000000, 0.000000000000000000, 1.000000000000000000 ) ) ;
#824 = AXIS2_PLACEMENT_3D ( 'NONE', #1536, #359, #1249 ) ;
#825 = CARTESIAN_POINT ( 'NONE',  ( 0.000000000000000000, 0.000000000000000000, 0.000000000000000000 ) ) ;
#826 = CIRCLE ( 'NONE', #1387, 2.750000000000000000 ) ;
#827 = ORIENTED_EDGE ( 'NONE', *, *, #1362, .F. ) ;
#828 = VECTOR ( 'NONE', #88, 1000.000000000000000 ) ;
#829 = VERTEX_POINT ( 'NONE', #1614 ) ;
#830 = DIRECTION ( 'NONE',  ( 0.000000000000000000, 1.000000000000000000, -0.000000000000000000 ) ) ;
#831 = DIRECTION ( 'NONE',  ( 0.000000000000000000, 0.000000000000000000, -1.000000000000000000 ) ) ;
#832 = DIRECTION ( 'NONE',  ( -0.8090169943749468962, 0.000000000000000000, -0.5877852522924736922 ) ) ;
#833 = ORIENTED_EDGE ( 'NONE', *, *, #1212, .F. ) ;
#834 = EDGE_LOOP ( 'NONE', ( #306, #5, #1524, #1376 ) ) ;
#835 = ADVANCED_FACE ( 'NONE', ( #1230 ), #568, .F. ) ;
#836 = CARTESIAN_POINT ( 'NONE',  ( 0.6891439320207829455, 0.000000000000000000, 6.468533265269390320 ) ) ;
#837 = CIRCLE ( 'NONE', #125, 5.400000000000002132 ) ;
#838 = DIRECTION ( 'NONE',  ( 0.000000000000000000, -0.000000000000000000, -1.000000000000000000 ) ) ;
#839 = VERTEX_POINT ( 'NONE', #692 ) ;
#840 = ORIENTED_EDGE ( 'NONE', *, *, #426, .F. ) ;
#841 = EDGE_CURVE ( 'NONE', #1474, #865, #4, .T. ) ;
#842 = EDGE_CURVE ( 'NONE', #1639, #1539, #1107, .T. ) ;
#843 = EDGE_CURVE ( 'NONE', #1258, #1181, #52, .T. ) ;
#844 = VERTEX_POINT ( 'NONE', #1093 ) ;
#845 = DIRECTION ( 'NONE',  ( -0.000000000000000000, -1.000000000000000000, -0.000000000000000000 ) ) ;
#846 = CARTESIAN_POINT ( 'NONE',  ( 3.716026167595732677, 7.000000000000000000, -3.345317551704736658 ) ) ;
#847 = DIRECTION ( 'NONE',  ( 0.9510565162951531981, 0.000000000000000000, -0.3090169943749487835 ) ) ;
#848 = ORIENTED_EDGE ( 'NONE', *, *, #1147, .T. ) ;
#849 = DIRECTION ( 'NONE',  ( 0.000000000000000000, 1.000000000000000000, -0.000000000000000000 ) ) ;
#850 = CIRCLE ( 'NONE', #1413, 5.000000000000000000 ) ;
#851 = VERTEX_POINT ( 'NONE', #1584 ) ;
#852 = AXIS2_PLACEMENT_3D ( 'NONE', #1527, #1515, #1392 ) ;
#853 = EDGE_CURVE ( 'NONE', #130, #682, #1531, .T. ) ;
#854 = EDGE_CURVE ( 'NONE', #320, #488, #1462, .T. ) ;
#855 = VECTOR ( 'NONE', #1497, 1000.000000000000000 ) ;
#856 = EDGE_LOOP ( 'NONE', ( #1243, #1484, #817, #1100 ) ) ;
#857 = DIRECTION ( 'NONE',  ( -0.000000000000000000, -1.000000000000000000, 0.000000000000000000 ) ) ;
#858 = CARTESIAN_POINT ( 'NONE',  ( 5.938983526242360256, 0.000000000000000000, -2.745698465140947508 ) ) ;
#859 = ADVANCED_FACE ( 'NONE', ( #451 ), #1213, .F. ) ;
#860 = CARTESIAN_POINT ( 'NONE',  ( -0.3099999999999999978, 7.000000000000000000, -7.540000000000000036 ) ) ;
#861 = LINE ( 'NONE', #699, #507 ) ;
#862 = VERTEX_POINT ( 'NONE', #1590 ) ;
#863 = ADVANCED_FACE ( 'NONE', ( #1346 ), #207, .F. ) ;
#864 = CARTESIAN_POINT ( 'NONE',  ( 4.359637609862407004, 7.000000000000000000, -4.828084700334738244 ) ) ;
#865 = VERTEX_POINT ( 'NONE', #1595 ) ;
#866 = DIRECTION ( 'NONE',  ( 0.000000000000000000, 0.000000000000000000, -1.000000000000000000 ) ) ;
#867 = EDGE_CURVE ( 'NONE', #1187, #1455, #1530, .T. ) ;
#868 = FACE_OUTER_BOUND ( 'NONE', #1564, .T. ) ;
#869 = EDGE_CURVE ( 'NONE', #1099, #973, #83, .T. ) ;
#870 = ORIENTED_EDGE ( 'NONE', *, *, #715, .T. ) ;
#871 = CARTESIAN_POINT ( 'NONE',  ( -4.682696070541226163, 7.000000000000000000, -5.917774709375979825 ) ) ;
#872 = ORIENTED_EDGE ( 'NONE', *, *, #641, .F. ) ;
#873 = ORIENTED_EDGE ( 'NONE', *, *, #1421, .T. ) ;
#874 = VERTEX_POINT ( 'NONE', #318 ) ;
#875 = CARTESIAN_POINT ( 'NONE',  ( 7.266761401122617592, 7.000000000000000000, 2.035160617534593985 ) ) ;
#876 = LINE ( 'NONE', #622, #880 ) ;
#877 = EDGE_CURVE ( 'NONE', #980, #40, #975, .T. ) ;
#878 = LINE ( 'NONE', #1402, #525 ) ;
#879 = VERTEX_POINT ( 'NONE', #1332 ) ;
#880 = VECTOR ( 'NONE', #93, 1000.000000000000000 ) ;
#881 = VERTEX_POINT ( 'NONE', #444 ) ;
#882 = ORIENTED_EDGE ( 'NONE', *, *, #854, .T. ) ;
#883 = DIRECTION ( 'NONE',  ( 9.637352644315594750E-16, 0.000000000000000000, 1.000000000000000000 ) ) ;
#884 = DIRECTION ( 'NONE',  ( -0.000000000000000000, -1.000000000000000000, -0.000000000000000000 ) ) ;
#885 = AXIS2_PLACEMENT_3D ( 'NONE', #1579, #1056, #946 ) ;
#886 = AXIS2_PLACEMENT_3D ( 'NONE', #157, #664, #930 ) ;
#887 = VECTOR ( 'NONE', #584, 1000.000000000000000 ) ;
#888 = DIRECTION ( 'NONE',  ( 0.000000000000000000, 1.000000000000000000, -0.000000000000000000 ) ) ;
#889 = CARTESIAN_POINT ( 'NONE',  ( -3.716026167595942731, 7.000000000000000000, -3.345317551704503067 ) ) ;
#890 = FACE_OUTER_BOUND ( 'NONE', #492, .T. ) ;
#891 = VERTEX_POINT ( 'NONE', #860 ) ;
#892 = ORIENTED_EDGE ( 'NONE', *, *, #853, .T. ) ;
#893 = EDGE_CURVE ( 'NONE', #593, #700, #117, .T. ) ;
#894 = AXIS2_PLACEMENT_3D ( 'NONE', #951, #847, #200 ) ;
#895 = DIRECTION ( 'NONE',  ( -0.000000000000000000, -1.000000000000000000, 0.000000000000000000 ) ) ;
#896 = DIRECTION ( 'NONE',  ( 0.000000000000000000, 0.000000000000000000, -1.000000000000000000 ) ) ;
#897 = CARTESIAN_POINT ( 'NONE',  ( 0.000000000000000000, 0.000000000000000000, 0.000000000000000000 ) ) ;
#898 = EDGE_CURVE ( 'NONE', #1000, #681, #1365, .T. ) ;
#899 = ORIENTED_EDGE ( 'NONE', *, *, #450, .F. ) ;
#900 = ADVANCED_FACE ( 'NONE', ( #60 ), #365, .T. ) ;
#901 = VERTEX_POINT ( 'NONE', #373 ) ;
#902 = CIRCLE ( 'NONE', #236, 5.400000000000001243 ) ;
#903 = FACE_OUTER_BOUND ( 'NONE', #619, .T. ) ;
#904 = CARTESIAN_POINT ( 'NONE',  ( -7.266761401120956698, 7.000000000000000000, -2.035160617534931493 ) ) ;
#905 = CARTESIAN_POINT ( 'NONE',  ( -4.181105534027412141, 0.000000000000000000, 6.282201565797953968 ) ) ;
#906 = CARTESIAN_POINT ( 'NONE',  ( 7.266761401122617592, 0.000000000000000000, 2.035160617534593985 ) ) ;
#907 = CYLINDRICAL_SURFACE ( 'NONE', #298, 5.400000000000002132 ) ;
#908 = CARTESIAN_POINT ( 'NONE',  ( 4.181105534029073034, 7.000000000000000000, -6.282201565798291476 ) ) ;
#909 = ORIENTED_EDGE ( 'NONE', *, *, #867, .T. ) ;
#910 = EDGE_CURVE ( 'NONE', #597, #881, #850, .T. ) ;
#911 = DIRECTION ( 'NONE',  ( 0.8090169943749470072, 0.000000000000000000, -0.5877852522924736922 ) ) ;
#912 = CIRCLE ( 'NONE', #885, 5.000000000000000000 ) ;
#913 = ADVANCED_FACE ( 'NONE', ( #868 ), #389, .T. ) ;
#914 = VECTOR ( 'NONE', #1431, 1000.000000000000000 ) ;
#915 = CARTESIAN_POINT ( 'NONE',  ( -0.3099999999999999978, 7.000000000000000000, -7.540000000000000036 ) ) ;
#916 = AXIS2_PLACEMENT_3D ( 'NONE', #1472, #849, #78 ) ;
#917 = CARTESIAN_POINT ( 'NONE',  ( -7.266761401120443331, 7.000000000000000000, 2.035160617536175831 ) ) ;
#918 = DIRECTION ( 'NONE',  ( 0.000000000000000000, 0.000000000000000000, -1.000000000000000000 ) ) ;
#919 = CARTESIAN_POINT ( 'NONE',  ( -6.364897899368946455, 0.000000000000000000, 1.343471880435931798 ) ) ;
#920 = SURFACE_SIDE_STYLE ('',( #395 ) ) ;
#921 = CARTESIAN_POINT ( 'NONE',  ( -5.938983526241211841, 0.000000000000000000, -2.745698465139366551 ) ) ;
#922 = LINE ( 'NONE', #528, #936 ) ;
#923 = EDGE_CURVE ( 'NONE', #973, #1491, #552, .T. ) ;
#924 = ORIENTED_EDGE ( 'NONE', *, *, #284, .T. ) ;
#925 =( NAMED_UNIT ( * ) PLANE_ANGLE_UNIT ( ) SI_UNIT ( $, .RADIAN. ) );
#926 = DIRECTION ( 'NONE',  ( 0.000000000000000000, 1.000000000000000000, -0.000000000000000000 ) ) ;
#927 = PLANE ( 'NONE',  #1149 ) ;
#928 = EDGE_CURVE ( 'NONE', #1319, #257, #876, .T. ) ;
#929 = LINE ( 'NONE', #396, #20 ) ;
#930 = DIRECTION ( 'NONE',  ( 0.000000000000000000, 0.000000000000000000, 1.000000000000000000 ) ) ;
#931 = DIRECTION ( 'NONE',  ( 0.000000000000000000, 0.000000000000000000, 1.000000000000000000 ) ) ;
#932 = VERTEX_POINT ( 'NONE', #1652 ) ;
#933 = CARTESIAN_POINT ( 'NONE',  ( 0.000000000000000000, 0.000000000000000000, 0.000000000000000000 ) ) ;
#934 = ORIENTED_EDGE ( 'NONE', *, *, #1341, .F. ) ;
#935 = DIRECTION ( 'NONE',  ( 0.5877852522924738032, -0.000000000000000000, 0.8090169943749470072 ) ) ;
#936 = VECTOR ( 'NONE', #680, 1000.000000000000000 ) ;
#937 = CYLINDRICAL_SURFACE ( 'NONE', #104, 5.400000000000002132 ) ;
#938 = VECTOR ( 'NONE', #1464, 1000.000000000000000 ) ;
#939 = AXIS2_PLACEMENT_3D ( 'NONE', #1219, #258, #1494 ) ;
#940 = DIRECTION ( 'NONE',  ( 0.000000000000000000, 0.000000000000000000, -1.000000000000000000 ) ) ;
#941 = CARTESIAN_POINT ( 'NONE',  ( 3.244579304715553114, 7.000000000000000000, 5.638221980229169539 ) ) ;
#942 = VERTEX_POINT ( 'NONE', #1004 ) ;
#943 = EDGE_CURVE ( 'NONE', #689, #1611, #793, .T. ) ;
#944 = ORIENTED_EDGE ( 'NONE', *, *, #328, .F. ) ;
#945 = FACE_OUTER_BOUND ( 'NONE', #971, .T. ) ;
#946 = DIRECTION ( 'NONE',  ( 0.000000000000000000, 0.000000000000000000, 1.000000000000000000 ) ) ;
#947 = PLANE ( 'NONE',  #1044 ) ;
#948 = ORIENTED_EDGE ( 'NONE', *, *, #1144, .F. ) ;
#949 = EDGE_CURVE ( 'NONE', #1348, #100, #134, .T. ) ;
#950 = COLOUR_RGB ( '',0.7921568627450980005, 0.8196078431372548767, 0.9333333333333333481 ) ;
#951 = CARTESIAN_POINT ( 'NONE',  ( -7.170966132864492693, 7.000000000000000000, 2.329988137586800789 ) ) ;
#952 = CARTESIAN_POINT ( 'NONE',  ( -5.938983526241211841, 0.000000000000000000, 2.654301534860635137 ) ) ;
#953 = CARTESIAN_POINT ( 'NONE',  ( 4.181105534029073034, 7.000000000000000000, -6.282201565798291476 ) ) ;
#954 = VERTEX_POINT ( 'NONE', #237 ) ;
#955 = AXIS2_PLACEMENT_3D ( 'NONE', #1255, #493, #1011 ) ;
#956 = CARTESIAN_POINT ( 'NONE',  ( -3.244579304713892220, 7.000000000000000000, -5.638221980229507047 ) ) ;
#957 = CARTESIAN_POINT ( 'NONE',  ( 0.000000000000000000, 7.000000000000000000, -2.750000000000000000 ) ) ;
#958 = CARTESIAN_POINT ( 'NONE',  ( 4.682696070541540578, 7.000000000000000000, -5.917774709376957709 ) ) ;
#959 = AXIS2_PLACEMENT_3D ( 'NONE', #897, #514, #266 ) ;
#960 = LINE ( 'NONE', #480, #1520 ) ;
#961 = CIRCLE ( 'NONE', #503, 5.400000000000002132 ) ;
#962 = ORIENTED_EDGE ( 'NONE', *, *, #470, .T. ) ;
#963 = ORIENTED_EDGE ( 'NONE', *, *, #385, .F. ) ;
#964 = AXIS2_PLACEMENT_3D ( 'NONE', #388, #1264, #1525 ) ;
#965 = ORIENTED_EDGE ( 'NONE', *, *, #450, .T. ) ;
#966 = APPLICATION_CONTEXT ( 'automotive_design' ) ;
#967 = CARTESIAN_POINT ( 'NONE',  ( 5.938983526242872735, 7.000000000000000000, -2.654301534860973089 ) ) ;
#968 = EDGE_CURVE ( 'NONE', #1089, #1377, #1571, .T. ) ;
#969 = ADVANCED_FACE ( 'NONE', ( #271 ), #736, .T. ) ;
#970 = CARTESIAN_POINT ( 'NONE',  ( 0.000000000000000000, 7.000000000000000000, 0.000000000000000000 ) ) ;
#971 = EDGE_LOOP ( 'NONE', ( #750, #418, #472, #1060 ) ) ;
#972 = ORIENTED_EDGE ( 'NONE', *, *, #1282, .F. ) ;
#973 = VERTEX_POINT ( 'NONE', #747 ) ;
#974 = DIRECTION ( 'NONE',  ( -0.000000000000000000, -1.000000000000000000, -0.000000000000000000 ) ) ;
#975 = LINE ( 'NONE', #983, #1029 ) ;
#976 = DIRECTION ( 'NONE',  ( 0.000000000000000000, 1.000000000000000000, -0.000000000000000000 ) ) ;
#977 = CARTESIAN_POINT ( 'NONE',  ( -7.075170864608490540, 7.000000000000000000, -2.624815657637926680 ) ) ;
#978 = ORIENTED_EDGE ( 'NONE', *, *, #1605, .T. ) ;
#979 = EDGE_LOOP ( 'NONE', ( #1650, #733, #1468, #616 ) ) ;
#980 = VERTEX_POINT ( 'NONE', #259 ) ;
#981 = ORIENTED_EDGE ( 'NONE', *, *, #1024, .T. ) ;
#982 = CARTESIAN_POINT ( 'NONE',  ( 5.938983526242360256, 7.000000000000000000, -2.745698465140947508 ) ) ;
#983 = CARTESIAN_POINT ( 'NONE',  ( 4.431900802285520413, 0.000000000000000000, -6.099988137587470050 ) ) ;
#984 = FACE_OUTER_BOUND ( 'NONE', #856, .T. ) ;
#985 = DIRECTION ( 'NONE',  ( 0.000000000000000000, 0.000000000000000000, 1.000000000000000000 ) ) ;
#986 = ORIENTED_EDGE ( 'NONE', *, *, #1395, .F. ) ;
#987 = VERTEX_POINT ( 'NONE', #358 ) ;
#988 = DIRECTION ( 'NONE',  ( -3.533695969582383493E-15, 0.000000000000000000, 1.000000000000000000 ) ) ;
#989 = AXIS2_PLACEMENT_3D ( 'NONE', #154, #278, #8 ) ;
#990 = VERTEX_POINT ( 'NONE', #116 ) ;
#991 = AXIS2_PLACEMENT_3D ( 'NONE', #220, #721, #838 ) ;
#992 = DIRECTION ( 'NONE',  ( 0.000000000000000000, 0.000000000000000000, 1.000000000000000000 ) ) ;
#993 = LINE ( 'NONE', #357, #558 ) ;
#994 = EDGE_CURVE ( 'NONE', #39, #1498, #213, .T. ) ;
#995 = CARTESIAN_POINT ( 'NONE',  ( -4.181105534027412141, 7.000000000000000000, 6.282201565797953968 ) ) ;
#996 = CARTESIAN_POINT ( 'NONE',  ( 0.000000000000000000, 2.000000000000000000, 0.000000000000000000 ) ) ;
#997 = DIRECTION ( 'NONE',  ( 0.000000000000000000, 0.000000000000000000, 1.000000000000000000 ) ) ;
#998 = ORIENTED_EDGE ( 'NONE', *, *, #1047, .F. ) ;
#999 = EDGE_LOOP ( 'NONE', ( #1115, #69, #1572, #965 ) ) ;
#1000 = VERTEX_POINT ( 'NONE', #103 ) ;
#1001 = LINE ( 'NONE', #1227, #66 ) ;
#1002 = ADVANCED_FACE ( 'NONE', ( #495 ), #613, .T. ) ;
#1003 = CARTESIAN_POINT ( 'NONE',  ( 2.033270819297513743, 7.000000000000000000, 4.567910876472221382 ) ) ;
#1004 = CARTESIAN_POINT ( 'NONE',  ( 0.000000000000000000, 7.000000000000000000, -2.750000000000000000 ) ) ;
#1005 = CARTESIAN_POINT ( 'NONE',  ( 4.431900802285520413, 7.000000000000000000, -6.099988137587470050 ) ) ;
#1006 = CYLINDRICAL_SURFACE ( 'NONE', #610, 5.400000000000002132 ) ;
#1007 = ORIENTED_EDGE ( 'NONE', *, *, #1597, .F. ) ;
#1008 = EDGE_LOOP ( 'NONE', ( #189, #1226, #576, #332 ) ) ;
#1009 = ORIENTED_EDGE ( 'NONE', *, *, #1341, .T. ) ;
#1010 = FACE_OUTER_BOUND ( 'NONE', #1080, .T. ) ;
#1011 = DIRECTION ( 'NONE',  ( 0.000000000000000000, 0.000000000000000000, 1.000000000000000000 ) ) ;
#1012 = CARTESIAN_POINT ( 'NONE',  ( 0.000000000000000000, 7.000000000000000000, 0.000000000000000000 ) ) ;
#1013 = ORIENTED_EDGE ( 'NONE', *, *, #422, .T. ) ;
#1014 = DIRECTION ( 'NONE',  ( 0.000000000000000000, 0.000000000000000000, 1.000000000000000000 ) ) ;
#1015 = FACE_OUTER_BOUND ( 'NONE', #368, .T. ) ;
#1016 = EDGE_LOOP ( 'NONE', ( #600, #460, #317, #202 ) ) ;
#1017 = VERTEX_POINT ( 'NONE', #906 ) ;
#1018 = CYLINDRICAL_SURFACE ( 'NONE', #964, 5.400000000000001243 ) ;
#1019 = LINE ( 'NONE', #131, #1066 ) ;
#1020 = VECTOR ( 'NONE', #615, 1000.000000000000000 ) ;
#1021 = CIRCLE ( 'NONE', #916, 5.400000000000001243 ) ;
#1022 = AXIS2_PLACEMENT_3D ( 'NONE', #1095, #573, #831 ) ;
#1023 = CARTESIAN_POINT ( 'NONE',  ( -0.6891439320191214968, 7.000000000000000000, -6.468533265269728716 ) ) ;
#1024 = EDGE_CURVE ( 'NONE', #1017, #1499, #813, .T. ) ;
#1025 = CARTESIAN_POINT ( 'NONE',  ( 0.000000000000000000, 7.000000000000000000, 0.000000000000000000 ) ) ;
#1026 = ADVANCED_FACE ( 'NONE', ( #1238 ), #1268, .T. ) ;
#1027 = DIRECTION ( 'NONE',  ( -0.8090169943749470072, 0.000000000000000000, 0.5877852522924736922 ) ) ;
#1028 = ORIENTED_EDGE ( 'NONE', *, *, #23, .T. ) ;
#1029 = VECTOR ( 'NONE', #822, 1000.000000000000000 ) ;
#1030 = CYLINDRICAL_SURFACE ( 'NONE', #811, 5.400000000000003020 ) ;
#1031 = AXIS2_PLACEMENT_3D ( 'NONE', #1206, #1340, #561 ) ;
#1032 = CYLINDRICAL_SURFACE ( 'NONE', #137, 5.000000000000000000 ) ;
#1033 = CARTESIAN_POINT ( 'NONE',  ( -0.6891439320177764616, 7.000000000000000000, 6.468533265268413324 ) ) ;
#1034 = LINE ( 'NONE', #640, #1545 ) ;
#1035 = EDGE_LOOP ( 'NONE', ( #1616, #338, #1321, #57 ) ) ;
#1036 = ORIENTED_EDGE ( 'NONE', *, *, #718, .F. ) ;
#1037 = CARTESIAN_POINT ( 'NONE',  ( 0.3100000000016619461, 7.000000000000000000, 7.539999999999661640 ) ) ;
#1038 = LINE ( 'NONE', #1542, #611 ) ;
#1039 = DIRECTION ( 'NONE',  ( 0.000000000000000000, 0.000000000000000000, -1.000000000000000000 ) ) ;
#1040 = AXIS2_PLACEMENT_3D ( 'NONE', #1399, #1142, #1541 ) ;
#1041 = VERTEX_POINT ( 'NONE', #513 ) ;
#1042 = APPLICATION_PROTOCOL_DEFINITION ( 'draft international standard', 'automotive_design', 1998, #966 ) ;
#1043 = AXIS2_PLACEMENT_3D ( 'NONE', #1105, #208, #706 ) ;
#1044 = AXIS2_PLACEMENT_3D ( 'NONE', #440, #1289, #1050 ) ;
#1045 = CARTESIAN_POINT ( 'NONE',  ( 4.359637609864068786, 7.000000000000000000, 4.828084700334398960 ) ) ;
#1046 = AXIS2_PLACEMENT_3D ( 'NONE', #1186, #38, #1448 ) ;
#1047 = EDGE_CURVE ( 'NONE', #844, #839, #961, .T. ) ;
#1048 = DIRECTION ( 'NONE',  ( 0.000000000000000000, 1.000000000000000000, -0.000000000000000000 ) ) ;
#1049 = DIRECTION ( 'NONE',  ( 0.000000000000000000, 0.000000000000000000, -1.000000000000000000 ) ) ;
#1050 = DIRECTION ( 'NONE',  ( 0.3090169943749487280, 0.000000000000000000, 0.9510565162951530871 ) ) ;
#1051 = DIRECTION ( 'NONE',  ( 0.000000000000000000, 1.000000000000000000, -0.000000000000000000 ) ) ;
#1052 = ADVANCED_FACE ( 'NONE', ( #1145 ), #1032, .T. ) ;
#1053 = ADVANCED_FACE ( 'NONE', ( #1176 ), #792, .T. ) ;
#1054 = CARTESIAN_POINT ( 'NONE',  ( 0.6891439320194392426, 0.000000000000000000, -6.468533265268753496 ) ) ;
#1055 = DIRECTION ( 'NONE',  ( 0.8090169943749468962, 0.000000000000000000, 0.5877852522924736922 ) ) ;
#1056 = DIRECTION ( 'NONE',  ( 0.000000000000000000, 1.000000000000000000, -0.000000000000000000 ) ) ;
#1057 = DIRECTION ( 'NONE',  ( -0.000000000000000000, -1.000000000000000000, 0.000000000000000000 ) ) ;
#1058 = CARTESIAN_POINT ( 'NONE',  ( -0.6891439320191214968, 0.000000000000000000, -6.468533265269728716 ) ) ;
#1059 = VECTOR ( 'NONE', #652, 1000.000000000000000 ) ;
#1060 = ORIENTED_EDGE ( 'NONE', *, *, #111, .F. ) ;
#1061 = DIRECTION ( 'NONE',  ( -0.000000000000000000, -1.000000000000000000, -0.000000000000000000 ) ) ;
#1062 = CARTESIAN_POINT ( 'NONE',  ( 4.359637609862407004, 7.000000000000000000, -4.828084700334738244 ) ) ;
#1063 = EDGE_CURVE ( 'NONE', #1573, #1258, #653, .T. ) ;
#1064 = CARTESIAN_POINT ( 'NONE',  ( -1.039999999999999147, 0.000000000000000000, -4.890644129355560032 ) ) ;
#1065 = VERTEX_POINT ( 'NONE', #518 ) ;
#1066 = VECTOR ( 'NONE', #911, 1000.000000000000000 ) ;
#1067 = EDGE_LOOP ( 'NONE', ( #360, #347, #1405, #244 ) ) ;
#1068 = CYLINDRICAL_SURFACE ( 'NONE', #448, 5.400000000000002132 ) ;
#1069 = AXIS2_PLACEMENT_3D ( 'NONE', #1248, #1121, #1372 ) ;
#1070 = AXIS2_PLACEMENT_3D ( 'NONE', #1054, #393, #25 ) ;
#1071 = FACE_OUTER_BOUND ( 'NONE', #723, .T. ) ;
#1072 = VECTOR ( 'NONE', #405, 1000.000000000000000 ) ;
#1073 = VECTOR ( 'NONE', #1129, 1000.000000000000000 ) ;
#1074 = DIRECTION ( 'NONE',  ( 1.000000000000000000, 0.000000000000000000, -0.000000000000000000 ) ) ;
#1075 = VERTEX_POINT ( 'NONE', #147 ) ;
#1076 = DIRECTION ( 'NONE',  ( 8.834239923955958731E-16, 0.000000000000000000, 1.000000000000000000 ) ) ;
#1077 = CARTESIAN_POINT ( 'NONE',  ( 5.938983526242360256, 7.000000000000000000, 2.654301534859054623 ) ) ;
#1078 = CARTESIAN_POINT ( 'NONE',  ( 5.938983526242360256, 0.000000000000000000, 2.654301534859054623 ) ) ;
#1079 = EDGE_CURVE ( 'NONE', #803, #99, #710, .T. ) ;
#1080 = EDGE_LOOP ( 'NONE', ( #1500, #1609, #501, #800 ) ) ;
#1081 = EDGE_CURVE ( 'NONE', #490, #1181, #42, .T. ) ;
#1082 = EDGE_LOOP ( 'NONE', ( #1126, #1475, #362, #759 ) ) ;
#1083 = CIRCLE ( 'NONE', #90, 2.750000000000000000 ) ;
#1084 = DIRECTION ( 'NONE',  ( -0.000000000000000000, -1.000000000000000000, -0.000000000000000000 ) ) ;
#1085 = AXIS2_PLACEMENT_3D ( 'NONE', #1012, #1130, #1274 ) ;
#1086 = DIRECTION ( 'NONE',  ( 0.000000000000000000, 0.000000000000000000, -1.000000000000000000 ) ) ;
#1087 = ORIENTED_EDGE ( 'NONE', *, *, #943, .T. ) ;
#1088 = ORIENTED_EDGE ( 'NONE', *, *, #843, .F. ) ;
#1089 = VERTEX_POINT ( 'NONE', #1550 ) ;
#1090 = EDGE_CURVE ( 'NONE', #588, #28, #250, .T. ) ;
#1091 = AXIS2_PLACEMENT_3D ( 'NONE', #21, #1526, #1555 ) ;
#1092 = EDGE_CURVE ( 'NONE', #392, #1491, #1301, .T. ) ;
#1093 = CARTESIAN_POINT ( 'NONE',  ( 7.075170864610151433, 7.000000000000000000, 2.624815657637589172 ) ) ;
#1094 = AXIS2_PLACEMENT_3D ( 'NONE', #941, #1570, #1445 ) ;
#1095 = CARTESIAN_POINT ( 'NONE',  ( 0.000000000000000000, 7.000000000000000000, 0.000000000000000000 ) ) ;
#1096 = AXIS2_PLACEMENT_3D ( 'NONE', #1316, #815, #660 ) ;
#1097 = CARTESIAN_POINT ( 'NONE',  ( -4.682696070539879685, 7.000000000000000000, 5.917774709376620201 ) ) ;
#1098 = AXIS2_PLACEMENT_3D ( 'NONE', #825, #68, #319 ) ;
#1099 = VERTEX_POINT ( 'NONE', #1557 ) ;
#1100 = ORIENTED_EDGE ( 'NONE', *, *, #1313, .T. ) ;
#1101 = CARTESIAN_POINT ( 'NONE',  ( -0.3099999999983381049, 7.000000000000000000, 7.539999999999661640 ) ) ;
#1102 = DIRECTION ( 'NONE',  ( -0.000000000000000000, -1.000000000000000000, 0.000000000000000000 ) ) ;
#1103 = EDGE_CURVE ( 'NONE', #1619, #990, #1221, .T. ) ;
#1104 = DIRECTION ( 'NONE',  ( 0.000000000000000000, 0.000000000000000000, 1.000000000000000000 ) ) ;
#1105 = CARTESIAN_POINT ( 'NONE',  ( 0.000000000000000000, 7.000000000000000000, 0.000000000000000000 ) ) ;
#1106 = FACE_OUTER_BOUND ( 'NONE', #409, .T. ) ;
#1107 = CIRCLE ( 'NONE', #1314, 5.400000000000002132 ) ;
#1108 = ORIENTED_EDGE ( 'NONE', *, *, #786, .T. ) ;
#1109 = ORIENTED_EDGE ( 'NONE', *, *, #877, .F. ) ;
#1110 = ORIENTED_EDGE ( 'NONE', *, *, #159, .T. ) ;
#1111 = CARTESIAN_POINT ( 'NONE',  ( 3.244579304715553114, 7.000000000000000000, 5.638221980229169539 ) ) ;
#1112 = DIRECTION ( 'NONE',  ( 0.000000000000000000, 0.000000000000000000, 1.000000000000000000 ) ) ;
#1113 = CIRCLE ( 'NONE', #1537, 5.400000000000000355 ) ;
#1114 = LINE ( 'NONE', #1097, #713 ) ;
#1115 = ORIENTED_EDGE ( 'NONE', *, *, #994, .T. ) ;
#1116 = ORIENTED_EDGE ( 'NONE', *, *, #843, .T. ) ;
#1117 = LINE ( 'NONE', #1482, #828 ) ;
#1118 = ADVANCED_FACE ( 'NONE', ( #678 ), #1422, .T. ) ;
#1119 = ORIENTED_EDGE ( 'NONE', *, *, #1610, .F. ) ;
#1120 = CARTESIAN_POINT ( 'NONE',  ( -4.972656642254231762, 7.000000000000000000, -0.5221933724635658969 ) ) ;
#1121 = DIRECTION ( 'NONE',  ( -0.000000000000000000, -1.000000000000000000, -0.000000000000000000 ) ) ;
#1122 = CARTESIAN_POINT ( 'NONE',  ( 0.000000000000000000, 2.000000000000000000, -1.750000000000000000 ) ) ;
#1123 = CARTESIAN_POINT ( 'NONE',  ( 2.033270819295768472, 7.000000000000000000, -4.567910876472997650 ) ) ;
#1124 = ORIENTED_EDGE ( 'NONE', *, *, #183, .T. ) ;
#1125 = EDGE_CURVE ( 'NONE', #320, #954, #1625, .T. ) ;
#1126 = ORIENTED_EDGE ( 'NONE', *, *, #1610, .T. ) ;
#1127 = VERTEX_POINT ( 'NONE', #784 ) ;
#1128 = CARTESIAN_POINT ( 'NONE',  ( 4.329901293954933728, 0.000000000000000000, 2.500390926356794719 ) ) ;
#1129 = DIRECTION ( 'NONE',  ( -0.000000000000000000, -1.000000000000000000, -0.000000000000000000 ) ) ;
#1130 = DIRECTION ( 'NONE',  ( -0.000000000000000000, -1.000000000000000000, -0.000000000000000000 ) ) ;
#1131 = LINE ( 'NONE', #249, #663 ) ;
#1132 = CARTESIAN_POINT ( 'NONE',  ( -4.972656642254231762, 0.000000000000000000, -0.5221933724635658969 ) ) ;
#1133 = VERTEX_POINT ( 'NONE', #1292 ) ;
#1134 = ORIENTED_EDGE ( 'NONE', *, *, #1588, .T. ) ;
#1135 = ORIENTED_EDGE ( 'NONE', *, *, #1558, .T. ) ;
#1136 = CARTESIAN_POINT ( 'NONE',  ( -3.716026167594937313, 7.000000000000000000, 3.345317551705619952 ) ) ;
#1137 = DIRECTION ( 'NONE',  ( 0.000000000000000000, 0.000000000000000000, 1.000000000000000000 ) ) ;
#1138 = CYLINDRICAL_SURFACE ( 'NONE', #1428, 5.400000000000002132 ) ;
#1139 = CARTESIAN_POINT ( 'NONE',  ( -4.359637609860744334, 0.000000000000000000, 4.828084700334400736 ) ) ;
#1140 = ORIENTED_EDGE ( 'NONE', *, *, #1618, .T. ) ;
#1141 = ORIENTED_EDGE ( 'NONE', *, *, #742, .T. ) ;
#1142 = DIRECTION ( 'NONE',  ( -0.000000000000000000, -1.000000000000000000, 0.000000000000000000 ) ) ;
#1143 = CARTESIAN_POINT ( 'NONE',  ( -3.244579304713892220, 7.000000000000000000, -5.638221980229507047 ) ) ;
#1144 = EDGE_CURVE ( 'NONE', #891, #297, #768, .T. ) ;
#1145 = FACE_OUTER_BOUND ( 'NONE', #1215, .T. ) ;
#1146 = CARTESIAN_POINT ( 'NONE',  ( 0.000000000000000000, 7.000000000000000000, -7.540000000000000036 ) ) ;
#1147 = EDGE_CURVE ( 'NONE', #1348, #1065, #1175, .T. ) ;
#1148 = ORIENTED_EDGE ( 'NONE', *, *, #1329, .F. ) ;
#1149 = AXIS2_PLACEMENT_3D ( 'NONE', #533, #935, #1189 ) ;
#1150 = CARTESIAN_POINT ( 'NONE',  ( 4.431900802285358765, 7.000000000000000000, 6.099988137587248005 ) ) ;
#1151 = VECTOR ( 'NONE', #534, 1000.000000000000000 ) ;
#1152 = VECTOR ( 'NONE', #974, 1000.000000000000000 ) ;
#1153 = EDGE_CURVE ( 'NONE', #1416, #1127, #1038, .T. ) ;
#1154 = DIRECTION ( 'NONE',  ( -0.000000000000000000, -1.000000000000000000, 0.000000000000000000 ) ) ;
#1155 = ADVANCED_FACE ( 'NONE', ( #945 ), #1068, .T. ) ;
#1156 = UNCERTAINTY_MEASURE_WITH_UNIT (LENGTH_MEASURE( 1.000000000000000082E-05 ), #522, 'distance_accuracy_value', 'NONE');
#1157 =( LENGTH_UNIT ( ) NAMED_UNIT ( * ) SI_UNIT ( .MILLI., .METRE. ) );
#1158 = FACE_OUTER_BOUND ( 'NONE', #469, .T. ) ;
#1159 = DIRECTION ( 'NONE',  ( 0.000000000000000000, 0.000000000000000000, 1.000000000000000000 ) ) ;
#1160 = ORIENTED_EDGE ( 'NONE', *, *, #1395, .T. ) ;
#1161 = CYLINDRICAL_SURFACE ( 'NONE', #48, 5.000000000000000000 ) ;
#1162 = DIRECTION ( 'NONE',  ( -0.000000000000000000, -1.000000000000000000, 0.000000000000000000 ) ) ;
#1163 = ADVANCED_FACE ( 'NONE', ( #644 ), #927, .F. ) ;
#1164 = CIRCLE ( 'NONE', #438, 5.400000000000002132 ) ;
#1165 = EDGE_CURVE ( 'NONE', #829, #942, #826, .T. ) ;
#1166 = CARTESIAN_POINT ( 'NONE',  ( 5.938983526242360256, 7.000000000000000000, 2.654301534859054623 ) ) ;
#1167 = LINE ( 'NONE', #1191, #1460 ) ;
#1168 = DIRECTION ( 'NONE',  ( 0.000000000000000000, 1.000000000000000000, -0.000000000000000000 ) ) ;
#1169 = ADVANCED_FACE ( 'NONE', ( #1451 ), #1161, .T. ) ;
#1170 = ADVANCED_FACE ( 'NONE', ( #182 ), #683, .F. ) ;
#1171 = ORIENTED_EDGE ( 'NONE', *, *, #1212, .T. ) ;
#1172 = CARTESIAN_POINT ( 'NONE',  ( 0.000000000000000000, 0.000000000000000000, 0.000000000000000000 ) ) ;
#1173 = CARTESIAN_POINT ( 'NONE',  ( 4.181105534030417736, 7.000000000000000000, 6.282201565796974307 ) ) ;
#1174 = CIRCLE ( 'NONE', #1440, 5.400000000000003020 ) ;
#1175 = CIRCLE ( 'NONE', #989, 5.400000000000002132 ) ;
#1176 = FACE_OUTER_BOUND ( 'NONE', #386, .T. ) ;
#1177 = AXIS2_PLACEMENT_3D ( 'NONE', #724, #1631, #482 ) ;
#1178 = DIRECTION ( 'NONE',  ( 0.000000000000000000, 1.000000000000000000, -0.000000000000000000 ) ) ;
#1179 = CYLINDRICAL_SURFACE ( 'NONE', #1331, 2.750000000000000000 ) ;
#1180 = CARTESIAN_POINT ( 'NONE',  ( -3.244579304713892220, 0.000000000000000000, -5.638221980229507047 ) ) ;
#1181 = VERTEX_POINT ( 'NONE', #1553 ) ;
#1182 = AXIS2_PLACEMENT_3D ( 'NONE', #1220, #1486, #85 ) ;
#1183 = CARTESIAN_POINT ( 'NONE',  ( 0.000000000000000000, 7.000000000000000000, 0.000000000000000000 ) ) ;
#1184 = CARTESIAN_POINT ( 'NONE',  ( 5.938983526242872735, 0.000000000000000000, -2.654301534860973089 ) ) ;
#1185 = DIRECTION ( 'NONE',  ( 0.000000000000000000, 0.000000000000000000, 1.000000000000000000 ) ) ;
#1186 = CARTESIAN_POINT ( 'NONE',  ( 0.000000000000000000, 7.000000000000000000, 0.000000000000000000 ) ) ;
#1187 = VERTEX_POINT ( 'NONE', #953 ) ;
#1188 = ORIENTED_EDGE ( 'NONE', *, *, #1606, .T. ) ;
#1189 = DIRECTION ( 'NONE',  ( 0.8090169943749468962, 0.000000000000000000, -0.5877852522924736922 ) ) ;
#1190 = EDGE_CURVE ( 'NONE', #1181, #1511, #106, .T. ) ;
#1191 = CARTESIAN_POINT ( 'NONE',  ( 4.329901293954933728, 7.000000000000000000, 2.500390926356794719 ) ) ;
#1192 = EDGE_CURVE ( 'NONE', #1390, #1651, #922, .T. ) ;
#1193 = LINE ( 'NONE', #707, #887 ) ;
#1194 = CARTESIAN_POINT ( 'NONE',  ( 0.000000000000000000, 2.000000000000000000, 0.000000000000000000 ) ) ;
#1195 = VERTEX_POINT ( 'NONE', #546 ) ;
#1196 = CARTESIAN_POINT ( 'NONE',  ( 0.000000000000000000, 7.000000000000000000, -7.540000000000000036 ) ) ;
#1197 = AXIS2_PLACEMENT_3D ( 'NONE', #1647, #1503, #602 ) ;
#1198 = CIRCLE ( 'NONE', #662, 2.750000000000000000 ) ;
#1199 = LINE ( 'NONE', #51, #1477 ) ;
#1200 = DIRECTION ( 'NONE',  ( 7.067391939164765407E-15, 0.000000000000000000, 1.000000000000000000 ) ) ;
#1201 = AXIS2_PLACEMENT_3D ( 'NONE', #145, #1162, #1517 ) ;
#1202 = CIRCLE ( 'NONE', #478, 5.400000000000002132 ) ;
#1203 = FACE_OUTER_BOUND ( 'NONE', #211, .T. ) ;
#1204 = EDGE_LOOP ( 'NONE', ( #1225, #697 ) ) ;
#1205 = ORIENTED_EDGE ( 'NONE', *, *, #1210, .T. ) ;
#1206 = CARTESIAN_POINT ( 'NONE',  ( 4.431900802285358765, 7.000000000000000000, 6.099988137587248005 ) ) ;
#1207 = CARTESIAN_POINT ( 'NONE',  ( -7.266761401120443331, 0.000000000000000000, 2.035160617536175831 ) ) ;
#1208 = ORIENTED_EDGE ( 'NONE', *, *, #968, .T. ) ;
#1209 = ORIENTED_EDGE ( 'NONE', *, *, #333, .F. ) ;
#1210 = EDGE_CURVE ( 'NONE', #369, #763, #1198, .T. ) ;
#1211 = ORIENTED_EDGE ( 'NONE', *, *, #639, .F. ) ;
#1212 = EDGE_CURVE ( 'NONE', #1416, #598, #577, .T. ) ;
#1213 = PLANE ( 'NONE',  #1031 ) ;
#1214 = DIRECTION ( 'NONE',  ( 0.000000000000000000, -1.000000000000000000, 0.000000000000000000 ) ) ;
#1215 = EDGE_LOOP ( 'NONE', ( #1188, #188, #1309, #96 ) ) ;
#1216 = ORIENTED_EDGE ( 'NONE', *, *, #127, .F. ) ;
#1217 = ORIENTED_EDGE ( 'NONE', *, *, #1103, .T. ) ;
#1218 = DIRECTION ( 'NONE',  ( -0.000000000000000000, -1.000000000000000000, -0.000000000000000000 ) ) ;
#1219 = CARTESIAN_POINT ( 'NONE',  ( 0.000000000000000000, 7.000000000000000000, 0.000000000000000000 ) ) ;
#1220 = CARTESIAN_POINT ( 'NONE',  ( -7.170966132864598386, 7.000000000000000000, -2.329988137586814112 ) ) ;
#1221 = CIRCLE ( 'NONE', #1070, 5.400000000000003908 ) ;
#1222 = VECTOR ( 'NONE', #378, 1000.000000000000000 ) ;
#1223 = DIRECTION ( 'NONE',  ( -0.9510565162951539753, 0.000000000000000000, -0.3090169943749461745 ) ) ;
#1224 = AXIS2_PLACEMENT_3D ( 'NONE', #1391, #620, #1237 ) ;
#1225 = ORIENTED_EDGE ( 'NONE', *, *, #1508, .T. ) ;
#1226 = ORIENTED_EDGE ( 'NONE', *, *, #1421, .F. ) ;
#1227 = CARTESIAN_POINT ( 'NONE',  ( -1.039999999998330926, 7.000000000000000000, 4.890644129355914416 ) ) ;
#1228 = CARTESIAN_POINT ( 'NONE',  ( 6.364897899370607348, 7.000000000000000000, -1.343471880436269528 ) ) ;
#1229 = PRODUCT ( 'Spur Gear', 'Spur Gear', '', ( #512 ) ) ;
#1230 = FACE_OUTER_BOUND ( 'NONE', #166, .T. ) ;
#1231 = PLANE ( 'NONE',  #295 ) ;
#1232 = ORIENTED_EDGE ( 'NONE', *, *, #1505, .T. ) ;
#1233 = EDGE_LOOP ( 'NONE', ( #1116, #608, #564, #345 ) ) ;
#1234 = DIRECTION ( 'NONE',  ( -0.000000000000000000, -1.000000000000000000, 0.000000000000000000 ) ) ;
#1235 = EDGE_LOOP ( 'NONE', ( #428, #1574, #484, #521, #1397, #471, #1253, #1593, #367, #1134, #1241, #1337, #288, #1140, #892, #1493, #711, #1361, #848, #818, #454, #173, #649, #515, #1506, #170, #382, #1244, #998, #1273, #1232, #1437, #780, #511, #391, #819, #741, #81, #1528, #909, #305, #1259 ) ) ;
#1236 = FACE_OUTER_BOUND ( 'NONE', #1016, .T. ) ;
#1237 = DIRECTION ( 'NONE',  ( 0.000000000000000000, 0.000000000000000000, 1.000000000000000000 ) ) ;
#1238 = FACE_OUTER_BOUND ( 'NONE', #999, .T. ) ;
#1239 = CARTESIAN_POINT ( 'NONE',  ( -7.075170864607975396, 0.000000000000000000, 2.624815657639171018 ) ) ;
#1240 = PLANE ( 'NONE',  #991 ) ;
#1241 = ORIENTED_EDGE ( 'NONE', *, *, #842, .T. ) ;
#1242 = DIRECTION ( 'NONE',  ( 0.000000000000000000, 0.000000000000000000, 1.000000000000000000 ) ) ;
#1243 = ORIENTED_EDGE ( 'NONE', *, *, #1605, .F. ) ;
#1244 = ORIENTED_EDGE ( 'NONE', *, *, #751, .T. ) ;
#1245 = DIRECTION ( 'NONE',  ( 0.000000000000000000, 0.000000000000000000, -1.000000000000000000 ) ) ;
#1246 = LINE ( 'NONE', #235, #1577 ) ;
#1247 = CIRCLE ( 'NONE', #1040, 5.400000000000003020 ) ;
#1248 = CARTESIAN_POINT ( 'NONE',  ( 0.000000000000000000, 7.000000000000000000, 0.000000000000000000 ) ) ;
#1249 = DIRECTION ( 'NONE',  ( 9.637352644315594750E-16, 0.000000000000000000, 1.000000000000000000 ) ) ;
#1250 = EDGE_LOOP ( 'NONE', ( #607, #1659, #434, #1473 ) ) ;
#1251 = AXIS2_PLACEMENT_3D ( 'NONE', #539, #174, #167 ) ;
#1252 = CIRCLE ( 'NONE', #449, 5.400000000000001243 ) ;
#1253 = ORIENTED_EDGE ( 'NONE', *, *, #606, .T. ) ;
#1254 = VERTEX_POINT ( 'NONE', #304 ) ;
#1255 = CARTESIAN_POINT ( 'NONE',  ( 0.000000000000000000, 0.000000000000000000, 0.000000000000000000 ) ) ;
#1256 = DIRECTION ( 'NONE',  ( -0.000000000000000000, -1.000000000000000000, -0.000000000000000000 ) ) ;
#1257 = CARTESIAN_POINT ( 'NONE',  ( 4.972656642254110970, 7.000000000000000000, -0.5221933724647173092 ) ) ;
#1258 = VERTEX_POINT ( 'NONE', #655 ) ;
#1259 = ORIENTED_EDGE ( 'NONE', *, *, #135, .F. ) ;
#1260 = ADVANCED_FACE ( 'NONE', ( #1203 ), #18, .T. ) ;
#1261 = VERTEX_POINT ( 'NONE', #45 ) ;
#1262 = ADVANCED_FACE ( 'NONE', ( #1585 ), #1179, .F. ) ;
#1263 = ORIENTED_EDGE ( 'NONE', *, *, #1618, .F. ) ;
#1264 = DIRECTION ( 'NONE',  ( -0.000000000000000000, -1.000000000000000000, -0.000000000000000000 ) ) ;
#1265 = CARTESIAN_POINT ( 'NONE',  ( 0.3099999999999999978, 0.000000000000000000, -7.540000000000000036 ) ) ;
#1266 = FACE_OUTER_BOUND ( 'NONE', #268, .T. ) ;
#1267 = ADVANCED_FACE ( 'NONE', ( #808 ), #947, .F. ) ;
#1268 = CYLINDRICAL_SURFACE ( 'NONE', #372, 5.400000000000001243 ) ;
#1269 = CARTESIAN_POINT ( 'NONE',  ( 3.367778697655221012E-16, 2.000000000000000000, 2.750000000000000000 ) ) ;
#1270 = DIRECTION ( 'NONE',  ( 0.000000000000000000, 0.000000000000000000, -1.000000000000000000 ) ) ;
#1271 = DIRECTION ( 'NONE',  ( -0.000000000000000000, -1.000000000000000000, -0.000000000000000000 ) ) ;
#1272 = CARTESIAN_POINT ( 'NONE',  ( -4.181105534028757731, 7.000000000000000000, -6.282201565797312703 ) ) ;
#1273 = ORIENTED_EDGE ( 'NONE', *, *, #1589, .T. ) ;
#1274 = DIRECTION ( 'NONE',  ( 0.000000000000000000, 0.000000000000000000, -1.000000000000000000 ) ) ;
#1275 = LINE ( 'NONE', #3, #274 ) ;
#1276 = AXIS2_PLACEMENT_3D ( 'NONE', #1023, #761, #755 ) ;
#1277 = DIRECTION ( 'NONE',  ( -0.000000000000000000, -1.000000000000000000, -0.000000000000000000 ) ) ;
#1278 = VECTOR ( 'NONE', #536, 1000.000000000000114 ) ;
#1279 = APPLICATION_PROTOCOL_DEFINITION ( 'draft international standard', 'automotive_design', 1998, #190 ) ;
#1280 = AXIS2_PLACEMENT_3D ( 'NONE', #1228, #474, #866 ) ;
#1281 = DIRECTION ( 'NONE',  ( -0.000000000000000000, -1.000000000000000000, 0.000000000000000000 ) ) ;
#1282 = EDGE_CURVE ( 'NONE', #1339, #39, #1435, .T. ) ;
#1283 = DIRECTION ( 'NONE',  ( -0.000000000000000000, -1.000000000000000000, -0.000000000000000000 ) ) ;
#1284 = ADVANCED_FACE ( 'NONE', ( #55 ), #1562, .F. ) ;
#1285 = ORIENTED_EDGE ( 'NONE', *, *, #1313, .F. ) ;
#1286 = DIRECTION ( 'NONE',  ( 1.000000000000000000, -0.000000000000000000, 0.000000000000000000 ) ) ;
#1287 = PRESENTATION_STYLE_ASSIGNMENT (( #1551 ) ) ;
#1288 = CARTESIAN_POINT ( 'NONE',  ( 0.000000000000000000, 2.000000000000000000, -1.750000000000000000 ) ) ;
#1289 = DIRECTION ( 'NONE',  ( -0.9510565162951531981, 0.000000000000000000, 0.3090169943749487835 ) ) ;
#1290 = PRESENTATION_LAYER_ASSIGNMENT (  '', '', ( #1373 ) ) ;
#1291 = CARTESIAN_POINT ( 'NONE',  ( -4.329901293953828834, 7.000000000000000000, 2.500390926358708299 ) ) ;
#1292 = CARTESIAN_POINT ( 'NONE',  ( -1.039999999999999147, 7.000000000000000000, -4.890644129355560032 ) ) ;
#1293 = DIRECTION ( 'NONE',  ( 0.000000000000000000, 0.000000000000000000, -1.000000000000000000 ) ) ;
#1294 = FACE_OUTER_BOUND ( 'NONE', #1384, .T. ) ;
#1295 = CARTESIAN_POINT ( 'NONE',  ( 0.6891439320207829455, 7.000000000000000000, 6.468533265269390320 ) ) ;
#1296 = CARTESIAN_POINT ( 'NONE',  ( -0.3099999999999999978, 0.000000000000000000, -7.540000000000000036 ) ) ;
#1297 = ORIENTED_EDGE ( 'NONE', *, *, #666, .F. ) ;
#1298 = CARTESIAN_POINT ( 'NONE',  ( 4.181105534030417736, 0.000000000000000000, 6.282201565796974307 ) ) ;
#1299 = ADVANCED_FACE ( 'NONE', ( #674 ), #1317, .T. ) ;
#1300 = ORIENTED_EDGE ( 'NONE', *, *, #814, .F. ) ;
#1301 = CIRCLE ( 'NONE', #767, 5.400000000000002132 ) ;
#1302 = AXIS2_PLACEMENT_3D ( 'NONE', #1394, #489, #498 ) ;
#1303 = VECTOR ( 'NONE', #1502, 1000.000000000000000 ) ;
#1304 = DIRECTION ( 'NONE',  ( -0.000000000000000000, -1.000000000000000000, -0.000000000000000000 ) ) ;
#1305 = CIRCLE ( 'NONE', #108, 5.400000000000002132 ) ;
#1306 = CARTESIAN_POINT ( 'NONE',  ( 3.716026167595732677, 7.000000000000000000, -3.345317551704736658 ) ) ;
#1307 = FACE_OUTER_BOUND ( 'NONE', #979, .T. ) ;
#1308 = CARTESIAN_POINT ( 'NONE',  ( -2.033270819296078002, 7.000000000000000000, -4.567910876472859982 ) ) ;
#1309 = ORIENTED_EDGE ( 'NONE', *, *, #606, .F. ) ;
#1310 = ADVANCED_FACE ( 'NONE', ( #787 ), #1454, .T. ) ;
#1311 = ADVANCED_FACE ( 'NONE', ( #151, #423 ), #415, .T. ) ;
#1312 = VERTEX_POINT ( 'NONE', #294 ) ;
#1313 = EDGE_CURVE ( 'NONE', #954, #1254, #798, .T. ) ;
#1314 = AXIS2_PLACEMENT_3D ( 'NONE', #956, #830, #1470 ) ;
#1315 = DIRECTION ( 'NONE',  ( 1.766847984791191746E-15, 0.000000000000000000, 1.000000000000000000 ) ) ;
#1316 = CARTESIAN_POINT ( 'NONE',  ( 0.000000000000000000, 0.000000000000000000, 0.000000000000000000 ) ) ;
#1317 = CYLINDRICAL_SURFACE ( 'NONE', #526, 5.000000000000000000 ) ;
#1318 = VERTEX_POINT ( 'NONE', #1064 ) ;
#1319 = VERTEX_POINT ( 'NONE', #1366 ) ;
#1320 = MECHANICAL_DESIGN_GEOMETRIC_PRESENTATION_REPRESENTATION (  '', ( #1373 ), #1504 ) ;
#1321 = ORIENTED_EDGE ( 'NONE', *, *, #516, .T. ) ;
#1322 = DIRECTION ( 'NONE',  ( 0.000000000000000000, 0.000000000000000000, -1.000000000000000000 ) ) ;
#1323 = LINE ( 'NONE', #148, #612 ) ;
#1324 = DIRECTION ( 'NONE',  ( 0.000000000000000000, 0.000000000000000000, 1.000000000000000000 ) ) ;
#1325 = CARTESIAN_POINT ( 'NONE',  ( -4.431900802284945762, 0.000000000000000000, -6.099988137586679571 ) ) ;
#1326 = DIRECTION ( 'NONE',  ( 0.000000000000000000, 0.000000000000000000, 1.000000000000000000 ) ) ;
#1327 = ORIENTED_EDGE ( 'NONE', *, *, #227, .T. ) ;
#1328 = ORIENTED_EDGE ( 'NONE', *, *, #544, .F. ) ;
#1329 = EDGE_CURVE ( 'NONE', #570, #1195, #688, .T. ) ;
#1330 = AXIS2_PLACEMENT_3D ( 'NONE', #952, #439, #452 ) ;
#1331 = AXIS2_PLACEMENT_3D ( 'NONE', #27, #37, #1429 ) ;
#1332 = CARTESIAN_POINT ( 'NONE',  ( -4.972656642254087878, 7.000000000000000000, 0.5221933724649338027 ) ) ;
#1333 = VECTOR ( 'NONE', #1404, 1000.000000000000000 ) ;
#1334 = ADVANCED_FACE ( 'NONE', ( #1106 ), #1231, .F. ) ;
#1335 = DIRECTION ( 'NONE',  ( -0.3090169943749461745, 0.000000000000000000, 0.9510565162951539753 ) ) ;
#1336 = ORIENTED_EDGE ( 'NONE', *, *, #646, .F. ) ;
#1337 = ORIENTED_EDGE ( 'NONE', *, *, #53, .T. ) ;
#1338 = ADVANCED_FACE ( 'NONE', ( #459 ), #86, .F. ) ;
#1339 = VERTEX_POINT ( 'NONE', #1207 ) ;
#1340 = DIRECTION ( 'NONE',  ( -0.5877852522924738032, 0.000000000000000000, -0.8090169943749470072 ) ) ;
#1341 = EDGE_CURVE ( 'NONE', #221, #1195, #569, .T. ) ;
#1342 = CARTESIAN_POINT ( 'NONE',  ( 1.039999999999999147, 7.000000000000000000, -4.890644129355560032 ) ) ;
#1343 = ORIENTED_EDGE ( 'NONE', *, *, #1190, .T. ) ;
#1344 = ORIENTED_EDGE ( 'NONE', *, *, #1588, .F. ) ;
#1345 = CLOSED_SHELL ( 'NONE', ( #686, #1155, #1053, #1262, #1382, #1170, #717, #1299, #24, #1163, #403, #1052, #14, #835, #97, #969, #540, #863, #1026, #198, #1310, #1334, #775, #505, #621, #1516, #205, #343, #766, #859, #703, #486, #799, #1338, #1260, #900, #238, #1267, #1118, #1169, #913, #377, #1561, #1002, #566, #1311, #617, #1446, #1284 ) ) ;
#1346 = FACE_OUTER_BOUND ( 'NONE', #47, .T. ) ;
#1347 = LINE ( 'NONE', #1615, #770 ) ;
#1348 = VERTEX_POINT ( 'NONE', #595 ) ;
#1349 = ORIENTED_EDGE ( 'NONE', *, *, #1210, .F. ) ;
#1350 = ORIENTED_EDGE ( 'NONE', *, *, #1092, .T. ) ;
#1351 = CIRCLE ( 'NONE', #955, 5.000000000000000000 ) ;
#1352 = CARTESIAN_POINT ( 'NONE',  ( 2.033270819297513743, 0.000000000000000000, 4.567910876472221382 ) ) ;
#1353 = LINE ( 'NONE', #1003, #1629 ) ;
#1354 = CARTESIAN_POINT ( 'NONE',  ( 0.000000000000000000, 2.000000000000000000, 0.000000000000000000 ) ) ;
#1355 = AXIS2_PLACEMENT_3D ( 'NONE', #1139, #109, #997 ) ;
#1356 = FACE_OUTER_BOUND ( 'NONE', #1368, .T. ) ;
#1357 = AXIS2_PLACEMENT_3D ( 'NONE', #726, #716, #463 ) ;
#1358 = ORIENTED_EDGE ( 'NONE', *, *, #307, .T. ) ;
#1359 = EDGE_LOOP ( 'NONE', ( #443, #1449, #1209, #882 ) ) ;
#1360 = CARTESIAN_POINT ( 'NONE',  ( 3.244579304715038859, 7.000000000000000000, -5.638221980231087116 ) ) ;
#1361 = ORIENTED_EDGE ( 'NONE', *, *, #627, .T. ) ;
#1362 = EDGE_CURVE ( 'NONE', #1651, #297, #230, .T. ) ;
#1363 = CARTESIAN_POINT ( 'NONE',  ( -7.170966132864598386, 7.000000000000000000, -2.329988137586814112 ) ) ;
#1364 = DIRECTION ( 'NONE',  ( 0.000000000000000000, 0.000000000000000000, -1.000000000000000000 ) ) ;
#1365 = CIRCLE ( 'NONE', #406, 1.750000000000000000 ) ;
#1366 = CARTESIAN_POINT ( 'NONE',  ( -4.329901293954515396, 7.000000000000000000, -2.500390926357519916 ) ) ;
#1367 = VECTOR ( 'NONE', #572, 1000.000000000000000 ) ;
#1368 = EDGE_LOOP ( 'NONE', ( #1450, #1612, #387, #491 ) ) ;
#1369 = ORIENTED_EDGE ( 'NONE', *, *, #591, .F. ) ;
#1370 = CYLINDRICAL_SURFACE ( 'NONE', #10, 5.000000000000000000 ) ;
#1371 = DIRECTION ( 'NONE',  ( -0.000000000000000000, -1.000000000000000000, -0.000000000000000000 ) ) ;
#1372 = DIRECTION ( 'NONE',  ( 0.000000000000000000, 0.000000000000000000, -1.000000000000000000 ) ) ;
#1373 = STYLED_ITEM ( 'NONE', ( #1287 ), #153 ) ;
#1374 = ORIENTED_EDGE ( 'NONE', *, *, #1434, .F. ) ;
#1375 = DIRECTION ( 'NONE',  ( -0.000000000000000000, -1.000000000000000000, -0.000000000000000000 ) ) ;
#1376 = ORIENTED_EDGE ( 'NONE', *, *, #1386, .T. ) ;
#1377 = VERTEX_POINT ( 'NONE', #196 ) ;
#1378 = ORIENTED_EDGE ( 'NONE', *, *, #693, .T. ) ;
#1379 = DIRECTION ( 'NONE',  ( -0.000000000000000000, -1.000000000000000000, -0.000000000000000000 ) ) ;
#1380 = CARTESIAN_POINT ( 'NONE',  ( 0.000000000000000000, 0.000000000000000000, 0.000000000000000000 ) ) ;
#1381 = DIRECTION ( 'NONE',  ( -0.000000000000000000, -1.000000000000000000, 0.000000000000000000 ) ) ;
#1382 = ADVANCED_FACE ( 'NONE', ( #1356 ), #729, .F. ) ;
#1383 = CARTESIAN_POINT ( 'NONE',  ( 7.170966132866001708, 0.000000000000000000, 2.329988137587270192 ) ) ;
#1384 = EDGE_LOOP ( 'NONE', ( #455, #810, #256, #1108 ) ) ;
#1385 = AXIS2_PLACEMENT_3D ( 'NONE', #302, #777, #1049 ) ;
#1386 = EDGE_CURVE ( 'NONE', #862, #1041, #745, .T. ) ;
#1387 = AXIS2_PLACEMENT_3D ( 'NONE', #549, #32, #429 ) ;
#1388 = CIRCLE ( 'NONE', #376, 5.000000000000000000 ) ;
#1389 = ORIENTED_EDGE ( 'NONE', *, *, #1589, .F. ) ;
#1390 = VERTEX_POINT ( 'NONE', #1628 ) ;
#1391 = CARTESIAN_POINT ( 'NONE',  ( 0.000000000000000000, 0.000000000000000000, 0.000000000000000000 ) ) ;
#1392 = DIRECTION ( 'NONE',  ( 0.000000000000000000, 0.000000000000000000, 1.000000000000000000 ) ) ;
#1393 = LINE ( 'NONE', #1122, #542 ) ;
#1394 = CARTESIAN_POINT ( 'NONE',  ( -4.359637609862407004, 7.000000000000000000, -4.828084700334738244 ) ) ;
#1395 = EDGE_CURVE ( 'NONE', #624, #987, #960, .T. ) ;
#1396 = AXIS2_PLACEMENT_3D ( 'NONE', #582, #727, #195 ) ;
#1397 = ORIENTED_EDGE ( 'NONE', *, *, #333, .T. ) ;
#1398 = ORIENTED_EDGE ( 'NONE', *, *, #1329, .T. ) ;
#1399 = CARTESIAN_POINT ( 'NONE',  ( -3.244579304713377077, 0.000000000000000000, 5.638221980230748720 ) ) ;
#1400 = DIRECTION ( 'NONE',  ( -1.060108790874715008E-14, 0.000000000000000000, 1.000000000000000000 ) ) ;
#1401 = CIRCLE ( 'NONE', #65, 5.000000000000000000 ) ;
#1402 = CARTESIAN_POINT ( 'NONE',  ( 4.972656642254322357, 7.000000000000000000, 0.5221933724626975915 ) ) ;
#1403 = AXIS2_PLACEMENT_3D ( 'NONE', #714, #1218, #1245 ) ;
#1404 = DIRECTION ( 'NONE',  ( -0.000000000000000000, -1.000000000000000000, -0.000000000000000000 ) ) ;
#1405 = ORIENTED_EDGE ( 'NONE', *, *, #1582, .F. ) ;
#1406 = ORIENTED_EDGE ( 'NONE', *, *, #1024, .F. ) ;
#1407 = LINE ( 'NONE', #1037, #1411 ) ;
#1408 = EDGE_CURVE ( 'NONE', #1089, #331, #1479, .T. ) ;
#1409 = DIRECTION ( 'NONE',  ( 0.000000000000000000, 1.000000000000000000, -0.000000000000000000 ) ) ;
#1410 = FACE_OUTER_BOUND ( 'NONE', #120, .T. ) ;
#1411 = VECTOR ( 'NONE', #657, 1000.000000000000000 ) ;
#1412 = DIRECTION ( 'NONE',  ( 0.000000000000000000, 0.000000000000000000, -1.000000000000000000 ) ) ;
#1413 = AXIS2_PLACEMENT_3D ( 'NONE', #487, #1409, #636 ) ;
#1414 = DIRECTION ( 'NONE',  ( 0.000000000000000000, 0.000000000000000000, 1.000000000000000000 ) ) ;
#1415 = ORIENTED_EDGE ( 'NONE', *, *, #1558, .F. ) ;
#1416 = VERTEX_POINT ( 'NONE', #1465 ) ;
#1417 = CIRCLE ( 'NONE', #824, 5.400000000000000355 ) ;
#1418 = VECTOR ( 'NONE', #1277, 1000.000000000000000 ) ;
#1419 = VECTOR ( 'NONE', #1379, 1000.000000000000000 ) ;
#1420 = EDGE_CURVE ( 'NONE', #1000, #1041, #861, .T. ) ;
#1421 = EDGE_CURVE ( 'NONE', #932, #1474, #1114, .T. ) ;
#1422 = CYLINDRICAL_SURFACE ( 'NONE', #1546, 5.400000000000002132 ) ;
#1423 = DIRECTION ( 'NONE',  ( -0.3090169943749461745, 0.000000000000000000, 0.9510565162951539753 ) ) ;
#1424 = FILL_AREA_STYLE ('',( #402 ) ) ;
#1425 = DIRECTION ( 'NONE',  ( -0.000000000000000000, -1.000000000000000000, 0.000000000000000000 ) ) ;
#1426 = DIRECTION ( 'NONE',  ( 0.000000000000000000, 0.000000000000000000, 1.000000000000000000 ) ) ;
#1427 = DIRECTION ( 'NONE',  ( -0.000000000000000000, -1.000000000000000000, -0.000000000000000000 ) ) ;
#1428 = AXIS2_PLACEMENT_3D ( 'NONE', #508, #465, #107 ) ;
#1429 = DIRECTION ( 'NONE',  ( 0.000000000000000000, 0.000000000000000000, -1.000000000000000000 ) ) ;
#1430 = DIRECTION ( 'NONE',  ( -3.533695969582383887E-15, 0.000000000000000000, 1.000000000000000000 ) ) ;
#1431 = DIRECTION ( 'NONE',  ( -0.000000000000000000, -1.000000000000000000, -0.000000000000000000 ) ) ;
#1432 = LINE ( 'NONE', #1306, #527 ) ;
#1433 = CYLINDRICAL_SURFACE ( 'NONE', #1385, 5.400000000000002132 ) ;
#1434 = EDGE_CURVE ( 'NONE', #297, #1318, #1021, .T. ) ;
#1435 = LINE ( 'NONE', #187, #1278 ) ;
#1436 = EDGE_LOOP ( 'NONE', ( #962, #1300, #197, #1358 ) ) ;
#1437 = ORIENTED_EDGE ( 'NONE', *, *, #893, .T. ) ;
#1438 = VECTOR ( 'NONE', #776, 1000.000000000000000 ) ;
#1439 = EDGE_CURVE ( 'NONE', #874, #1312, #218, .T. ) ;
#1440 = AXIS2_PLACEMENT_3D ( 'NONE', #1543, #543, #1200 ) ;
#1441 = VECTOR ( 'NONE', #445, 1000.000000000000000 ) ;
#1442 = DIRECTION ( 'NONE',  ( -0.000000000000000000, -1.000000000000000000, -0.000000000000000000 ) ) ;
#1443 = FACE_OUTER_BOUND ( 'NONE', #632, .T. ) ;
#1444 = DIRECTION ( 'NONE',  ( -1.060108790874715008E-14, 0.000000000000000000, 1.000000000000000000 ) ) ;
#1445 = DIRECTION ( 'NONE',  ( 0.000000000000000000, 0.000000000000000000, -1.000000000000000000 ) ) ;
#1446 = ADVANCED_FACE ( 'NONE', ( #1458, #1488 ), #1240, .F. ) ;
#1447 = EDGE_CURVE ( 'NONE', #28, #990, #1347, .T. ) ;
#1448 = DIRECTION ( 'NONE',  ( 0.000000000000000000, 0.000000000000000000, 1.000000000000000000 ) ) ;
#1449 = ORIENTED_EDGE ( 'NONE', *, *, #284, .F. ) ;
#1450 = ORIENTED_EDGE ( 'NONE', *, *, #1655, .F. ) ;
#1451 = FACE_OUTER_BOUND ( 'NONE', #1466, .T. ) ;
#1452 = CARTESIAN_POINT ( 'NONE',  ( 0.000000000000000000, 2.000000000000000000, -2.750000000000000000 ) ) ;
#1453 = EDGE_CURVE ( 'NONE', #242, #987, #638, .T. ) ;
#1454 = CYLINDRICAL_SURFACE ( 'NONE', #193, 5.400000000000002132 ) ;
#1455 = VERTEX_POINT ( 'NONE', #1123 ) ;
#1456 = ORIENTED_EDGE ( 'NONE', *, *, #1453, .F. ) ;
#1457 = DIRECTION ( 'NONE',  ( 0.000000000000000000, 1.000000000000000000, -0.000000000000000000 ) ) ;
#1458 = FACE_BOUND ( 'NONE', #1204, .T. ) ;
#1459 = ORIENTED_EDGE ( 'NONE', *, *, #2, .F. ) ;
#1460 = VECTOR ( 'NONE', #43, 1000.000000000000000 ) ;
#1461 = AXIS2_PLACEMENT_3D ( 'NONE', #694, #1223, #1335 ) ;
#1462 = LINE ( 'NONE', #719, #807 ) ;
#1463 = AXIS2_PLACEMENT_3D ( 'NONE', #1360, #1234, #988 ) ;
#1464 = DIRECTION ( 'NONE',  ( -0.000000000000000000, -1.000000000000000000, -0.000000000000000000 ) ) ;
#1465 = CARTESIAN_POINT ( 'NONE',  ( -0.3099999999983381049, 0.000000000000000000, 7.539999999999661640 ) ) ;
#1466 = EDGE_LOOP ( 'NONE', ( #1087, #963, #1601, #63 ) ) ;
#1467 = ORIENTED_EDGE ( 'NONE', *, *, #520, .T. ) ;
#1468 = ORIENTED_EDGE ( 'NONE', *, *, #1047, .T. ) ;
#1469 = AXIS2_PLACEMENT_3D ( 'NONE', #590, #1478, #342 ) ;
#1470 = DIRECTION ( 'NONE',  ( 0.000000000000000000, 0.000000000000000000, 1.000000000000000000 ) ) ;
#1471 = CARTESIAN_POINT ( 'NONE',  ( 0.000000000000000000, 0.000000000000000000, 0.000000000000000000 ) ) ;
#1472 = CARTESIAN_POINT ( 'NONE',  ( 4.359637609862407004, 0.000000000000000000, -4.828084700334738244 ) ) ;
#1473 = ORIENTED_EDGE ( 'NONE', *, *, #949, .T. ) ;
#1474 = VERTEX_POINT ( 'NONE', #589 ) ;
#1475 = ORIENTED_EDGE ( 'NONE', *, *, #356, .F. ) ;
#1476 = CARTESIAN_POINT ( 'NONE',  ( 4.972656642254322357, 0.000000000000000000, 0.5221933724626975915 ) ) ;
#1477 = VECTOR ( 'NONE', #44, 1000.000000000000000 ) ;
#1478 = DIRECTION ( 'NONE',  ( 0.000000000000000000, 1.000000000000000000, -0.000000000000000000 ) ) ;
#1479 = LINE ( 'NONE', #977, #1441 ) ;
#1480 = ORIENTED_EDGE ( 'NONE', *, *, #949, .F. ) ;
#1481 = EDGE_CURVE ( 'NONE', #987, #222, #1658, .T. ) ;
#1482 = CARTESIAN_POINT ( 'NONE',  ( 1.040000000001661817, 7.000000000000000000, 4.890644129355206537 ) ) ;
#1483 = EDGE_CURVE ( 'NONE', #942, #829, #139, .T. ) ;
#1484 = ORIENTED_EDGE ( 'NONE', *, *, #854, .F. ) ;
#1485 = DIRECTION ( 'NONE',  ( 0.000000000000000000, 0.000000000000000000, 1.000000000000000000 ) ) ;
#1486 = DIRECTION ( 'NONE',  ( 0.9510565162951539753, -0.000000000000000000, 0.3090169943749461745 ) ) ;
#1487 = CIRCLE ( 'NONE', #1330, 5.400000000000003020 ) ;
#1488 = FACE_OUTER_BOUND ( 'NONE', #575, .T. ) ;
#1489 = AXIS2_PLACEMENT_3D ( 'NONE', #970, #585, #1086 ) ;
#1490 = VERTEX_POINT ( 'NONE', #82 ) ;
#1491 = VERTEX_POINT ( 'NONE', #846 ) ;
#1492 = EDGE_CURVE ( 'NONE', #1099, #1511, #1603, .T. ) ;
#1493 = ORIENTED_EDGE ( 'NONE', *, *, #270, .T. ) ;
#1494 = DIRECTION ( 'NONE',  ( 0.000000000000000000, 0.000000000000000000, 1.000000000000000000 ) ) ;
#1495 = DIRECTION ( 'NONE',  ( -0.000000000000000000, -1.000000000000000000, -0.000000000000000000 ) ) ;
#1496 = DIRECTION ( 'NONE',  ( 0.000000000000000000, 0.000000000000000000, -1.000000000000000000 ) ) ;
#1497 = DIRECTION ( 'NONE',  ( -0.8090169943749470072, 0.000000000000000000, -0.5877852522924736922 ) ) ;
#1498 = VERTEX_POINT ( 'NONE', #102 ) ;
#1499 = VERTEX_POINT ( 'NONE', #1476 ) ;
#1500 = ORIENTED_EDGE ( 'NONE', *, *, #433, .T. ) ;
#1501 = CARTESIAN_POINT ( 'NONE',  ( 1.039999999999999147, 7.000000000000000000, -4.890644129355560032 ) ) ;
#1502 = DIRECTION ( 'NONE',  ( 0.3090169943749461745, 0.000000000000000000, -0.9510565162951539753 ) ) ;
#1503 = DIRECTION ( 'NONE',  ( 0.000000000000000000, 1.000000000000000000, -0.000000000000000000 ) ) ;
#1504 =( GEOMETRIC_REPRESENTATION_CONTEXT ( 3 ) GLOBAL_UNCERTAINTY_ASSIGNED_CONTEXT ( ( #394 ) ) GLOBAL_UNIT_ASSIGNED_CONTEXT ( ( #1157, #1559, #33 ) ) REPRESENTATION_CONTEXT ( 'NONE', 'WORKASPACE' ) );
#1505 = EDGE_CURVE ( 'NONE', #530, #593, #1202, .T. ) ;
#1506 = ORIENTED_EDGE ( 'NONE', *, *, #227, .F. ) ;
#1507 = LINE ( 'NONE', #1383, #138 ) ;
#1508 = EDGE_CURVE ( 'NONE', #681, #1000, #374, .T. ) ;
#1509 = ORIENTED_EDGE ( 'NONE', *, *, #910, .T. ) ;
#1510 = ORIENTED_EDGE ( 'NONE', *, *, #550, .F. ) ;
#1511 = VERTEX_POINT ( 'NONE', #858 ) ;
#1512 = DIRECTION ( 'NONE',  ( -0.000000000000000000, -1.000000000000000000, -0.000000000000000000 ) ) ;
#1513 = FACE_OUTER_BOUND ( 'NONE', #1067, .T. ) ;
#1514 = CIRCLE ( 'NONE', #1091, 5.400000000000002132 ) ;
#1515 = DIRECTION ( 'NONE',  ( 0.000000000000000000, 1.000000000000000000, -0.000000000000000000 ) ) ;
#1516 = ADVANCED_FACE ( 'NONE', ( #1513 ), #72, .F. ) ;
#1517 = DIRECTION ( 'NONE',  ( -3.533695969582383887E-15, 0.000000000000000000, 1.000000000000000000 ) ) ;
#1518 = VECTOR ( 'NONE', #603, 1000.000000000000000 ) ;
#1519 = CIRCLE ( 'NONE', #322, 1.750000000000000000 ) ;
#1520 = VECTOR ( 'NONE', #1607, 1000.000000000000000 ) ;
#1521 = CIRCLE ( 'NONE', #1043, 5.000000000000000000 ) ;
#1522 = CARTESIAN_POINT ( 'NONE',  ( 0.000000000000000000, 7.000000000000000000, 0.000000000000000000 ) ) ;
#1523 = VERTEX_POINT ( 'NONE', #734 ) ;
#1524 = ORIENTED_EDGE ( 'NONE', *, *, #31, .T. ) ;
#1525 = DIRECTION ( 'NONE',  ( 0.000000000000000000, 0.000000000000000000, -1.000000000000000000 ) ) ;
#1526 = DIRECTION ( 'NONE',  ( 0.000000000000000000, 1.000000000000000000, -0.000000000000000000 ) ) ;
#1527 = CARTESIAN_POINT ( 'NONE',  ( 3.244579304715553114, 0.000000000000000000, 5.638221980229169539 ) ) ;
#1528 = ORIENTED_EDGE ( 'NONE', *, *, #544, .T. ) ;
#1529 = DIRECTION ( 'NONE',  ( 0.000000000000000000, 1.000000000000000000, -0.000000000000000000 ) ) ;
#1530 = CIRCLE ( 'NONE', #563, 5.400000000000002132 ) ;
#1531 = CIRCLE ( 'NONE', #1396, 5.400000000000000355 ) ;
#1532 = EDGE_LOOP ( 'NONE', ( #141, #1608, #339, #1343 ) ) ;
#1533 = ORIENTED_EDGE ( 'NONE', *, *, #133, .F. ) ;
#1534 = SHAPE_DEFINITION_REPRESENTATION ( #399, #1548 ) ;
#1535 = DIRECTION ( 'NONE',  ( 0.000000000000000000, 0.000000000000000000, 1.000000000000000000 ) ) ;
#1536 = CARTESIAN_POINT ( 'NONE',  ( 6.364897899371950274, 0.000000000000000000, 1.343471880434954357 ) ) ;
#1537 = AXIS2_PLACEMENT_3D ( 'NONE', #1634, #895, #883 ) ;
#1538 = EDGE_CURVE ( 'NONE', #1075, #865, #601, .T. ) ;
#1539 = VERTEX_POINT ( 'NONE', #1120 ) ;
#1540 = CARTESIAN_POINT ( 'NONE',  ( -4.329901293954515396, 0.000000000000000000, -2.500390926357519916 ) ) ;
#1541 = DIRECTION ( 'NONE',  ( 0.000000000000000000, 0.000000000000000000, 1.000000000000000000 ) ) ;
#1542 = CARTESIAN_POINT ( 'NONE',  ( 0.000000000000000000, 0.000000000000000000, 7.539999999999661640 ) ) ;
#1543 = CARTESIAN_POINT ( 'NONE',  ( -5.938983526241211841, 0.000000000000000000, 2.654301534860635137 ) ) ;
#1544 = ORIENTED_EDGE ( 'NONE', *, *, #1483, .F. ) ;
#1545 = VECTOR ( 'NONE', #509, 1000.000000000000114 ) ;
#1546 = AXIS2_PLACEMENT_3D ( 'NONE', #1166, #1442, #918 ) ;
#1547 = AXIS2_PLACEMENT_3D ( 'NONE', #919, #560, #1426 ) ;
#1548 = ADVANCED_BREP_SHAPE_REPRESENTATION ( 'Spur Gear', ( #153, #820 ), #604 ) ;
#1549 = CARTESIAN_POINT ( 'NONE',  ( -4.359637609862407004, 7.000000000000000000, -4.828084700334738244 ) ) ;
#1550 = CARTESIAN_POINT ( 'NONE',  ( -7.075170864608490540, 7.000000000000000000, -2.624815657637926680 ) ) ;
#1551 = SURFACE_STYLE_USAGE ( .BOTH. , #920 ) ;
#1552 = CARTESIAN_POINT ( 'NONE',  ( -6.364897899368946455, 7.000000000000000000, 1.343471880435931798 ) ) ;
#1553 = CARTESIAN_POINT ( 'NONE',  ( 7.075170864609638066, 0.000000000000000000, -2.624815657639508970 ) ) ;
#1554 = ORIENTED_EDGE ( 'NONE', *, *, #1192, .F. ) ;
#1555 = DIRECTION ( 'NONE',  ( 0.000000000000000000, 0.000000000000000000, 1.000000000000000000 ) ) ;
#1556 = LINE ( 'NONE', #782, #35 ) ;
#1557 = CARTESIAN_POINT ( 'NONE',  ( 5.938983526242360256, 7.000000000000000000, -2.745698465140947508 ) ) ;
#1558 = EDGE_CURVE ( 'NONE', #1312, #161, #1353, .T. ) ;
#1559 =( NAMED_UNIT ( * ) PLANE_ANGLE_UNIT ( ) SI_UNIT ( $, .RADIAN. ) );
#1560 = FACE_OUTER_BOUND ( 'NONE', #1250, .T. ) ;
#1561 = ADVANCED_FACE ( 'NONE', ( #1635 ), #1621, .T. ) ;
#1562 = CYLINDRICAL_SURFACE ( 'NONE', #324, 1.750000000000000000 ) ;
#1563 = DIRECTION ( 'NONE',  ( -0.000000000000000000, -1.000000000000000000, 0.000000000000000000 ) ) ;
#1564 = EDGE_LOOP ( 'NONE', ( #571, #289, #1350, #695 ) ) ;
#1565 = CARTESIAN_POINT ( 'NONE',  ( -0.6891439320191214968, 7.000000000000000000, -6.468533265269728716 ) ) ;
#1566 = CARTESIAN_POINT ( 'NONE',  ( 4.682696070541540578, 7.000000000000000000, -5.917774709376957709 ) ) ;
#1567 = EDGE_CURVE ( 'NONE', #1455, #221, #75, .T. ) ;
#1568 = LINE ( 'NONE', #917, #1072 ) ;
#1569 = DIRECTION ( 'NONE',  ( 0.000000000000000000, -1.000000000000000000, 0.000000000000000000 ) ) ;
#1570 = DIRECTION ( 'NONE',  ( -0.000000000000000000, -1.000000000000000000, -0.000000000000000000 ) ) ;
#1571 = CIRCLE ( 'NONE', #821, 5.400000000000003020 ) ;
#1572 = ORIENTED_EDGE ( 'NONE', *, *, #853, .F. ) ;
#1573 = VERTEX_POINT ( 'NONE', #348 ) ;
#1574 = ORIENTED_EDGE ( 'NONE', *, *, #426, .T. ) ;
#1575 = AXIS2_PLACEMENT_3D ( 'NONE', #659, #1425, #671 ) ;
#1576 = AXIS2_PLACEMENT_3D ( 'NONE', #1025, #1529, #1014 ) ;
#1577 = VECTOR ( 'NONE', #1645, 1000.000000000000000 ) ;
#1578 = DIRECTION ( 'NONE',  ( 0.000000000000000000, 1.000000000000000000, -0.000000000000000000 ) ) ;
#1579 = CARTESIAN_POINT ( 'NONE',  ( 0.000000000000000000, 7.000000000000000000, 0.000000000000000000 ) ) ;
#1580 = DIRECTION ( 'NONE',  ( 0.000000000000000000, 1.000000000000000000, -0.000000000000000000 ) ) ;
#1581 = CARTESIAN_POINT ( 'NONE',  ( 4.359637609864068786, 0.000000000000000000, 4.828084700334398960 ) ) ;
#1582 = EDGE_CURVE ( 'NONE', #803, #901, #1246, .T. ) ;
#1583 = EDGE_CURVE ( 'NONE', #1539, #597, #993, .T. ) ;
#1584 = CARTESIAN_POINT ( 'NONE',  ( -2.033270819294709764, 0.000000000000000000, 4.567910876473469273 ) ) ;
#1585 = FACE_OUTER_BOUND ( 'NONE', #323, .T. ) ;
#1586 = ORIENTED_EDGE ( 'NONE', *, *, #1063, .F. ) ;
#1587 = ORIENTED_EDGE ( 'NONE', *, *, #433, .F. ) ;
#1588 = EDGE_CURVE ( 'NONE', #1089, #1639, #609, .T. ) ;
#1589 = EDGE_CURVE ( 'NONE', #844, #530, #225, .T. ) ;
#1590 = CARTESIAN_POINT ( 'NONE',  ( 0.000000000000000000, 0.000000000000000000, -1.750000000000000000 ) ) ;
#1591 = DIRECTION ( 'NONE',  ( 0.000000000000000000, 0.000000000000000000, -1.000000000000000000 ) ) ;
#1592 = EDGE_LOOP ( 'NONE', ( #243, #1141, #6, #788 ) ) ;
#1593 = ORIENTED_EDGE ( 'NONE', *, *, #742, .F. ) ;
#1594 = VECTOR ( 'NONE', #1423, 1000.000000000000000 ) ;
#1595 = CARTESIAN_POINT ( 'NONE',  ( -3.716026167594937313, 0.000000000000000000, 3.345317551705619952 ) ) ;
#1596 = CIRCLE ( 'NONE', #1547, 5.400000000000002132 ) ;
#1597 = EDGE_CURVE ( 'NONE', #530, #1017, #363, .T. ) ;
#1598 = CARTESIAN_POINT ( 'NONE',  ( -4.181105534028757731, 0.000000000000000000, -6.282201565797312703 ) ) ;
#1599 = CARTESIAN_POINT ( 'NONE',  ( 0.000000000000000000, 7.000000000000000000, 0.000000000000000000 ) ) ;
#1600 = ORIENTED_EDGE ( 'NONE', *, *, #685, .F. ) ;
#1601 = ORIENTED_EDGE ( 'NONE', *, *, #923, .F. ) ;
#1602 = LINE ( 'NONE', #1101, #286 ) ;
#1603 = LINE ( 'NONE', #982, #1152 ) ;
#1604 = CARTESIAN_POINT ( 'NONE',  ( 5.938983526242360256, 7.000000000000000000, 2.654301534859054623 ) ) ;
#1605 = EDGE_CURVE ( 'NONE', #488, #1254, #578, .T. ) ;
#1606 = EDGE_CURVE ( 'NONE', #990, #257, #1351, .T. ) ;
#1607 = DIRECTION ( 'NONE',  ( -0.000000000000000000, -1.000000000000000000, -0.000000000000000000 ) ) ;
#1608 = ORIENTED_EDGE ( 'NONE', *, *, #74, .F. ) ;
#1609 = ORIENTED_EDGE ( 'NONE', *, *, #1538, .F. ) ;
#1610 = EDGE_CURVE ( 'NONE', #110, #242, #1019, .T. ) ;
#1611 = VERTEX_POINT ( 'NONE', #781 ) ;
#1612 = ORIENTED_EDGE ( 'NONE', *, *, #1165, .T. ) ;
#1613 = CARTESIAN_POINT ( 'NONE',  ( 0.000000000000000000, 7.000000000000000000, 0.000000000000000000 ) ) ;
#1614 = CARTESIAN_POINT ( 'NONE',  ( 3.367778697655221012E-16, 7.000000000000000000, 2.750000000000000000 ) ) ;
#1615 = CARTESIAN_POINT ( 'NONE',  ( -3.716026167595942731, 7.000000000000000000, -3.345317551704503067 ) ) ;
#1616 = ORIENTED_EDGE ( 'NONE', *, *, #898, .F. ) ;
#1617 = ORIENTED_EDGE ( 'NONE', *, *, #670, .F. ) ;
#1618 = EDGE_CURVE ( 'NONE', #468, #130, #15, .T. ) ;
#1619 = VERTEX_POINT ( 'NONE', #124 ) ;
#1620 = PRODUCT_DEFINITION_FORMATION_WITH_SPECIFIED_SOURCE ( 'ANY', '', #1229, .NOT_KNOWN. ) ;
#1621 = CYLINDRICAL_SURFACE ( 'NONE', #1280, 5.400000000000002132 ) ;
#1622 = AXIS2_PLACEMENT_3D ( 'NONE', #247, #1256, #896 ) ;
#1623 = CARTESIAN_POINT ( 'NONE',  ( -5.938983526240698474, 0.000000000000000000, -2.654301534859391687 ) ) ;
#1624 = EDGE_CURVE ( 'NONE', #1339, #881, #1247, .T. ) ;
#1625 = CIRCLE ( 'NONE', #1575, 5.400000000000000355 ) ;
#1626 = CARTESIAN_POINT ( 'NONE',  ( 4.181105534029073034, 0.000000000000000000, -6.282201565798291476 ) ) ;
#1627 = AXIS2_PLACEMENT_3D ( 'NONE', #155, #413, #1055 ) ;
#1628 = CARTESIAN_POINT ( 'NONE',  ( 0.3099999999999999978, 7.000000000000000000, -7.540000000000000036 ) ) ;
#1629 = VECTOR ( 'NONE', #1371, 1000.000000000000000 ) ;
#1630 = ORIENTED_EDGE ( 'NONE', *, *, #1362, .T. ) ;
#1631 = DIRECTION ( 'NONE',  ( -0.000000000000000000, -1.000000000000000000, -0.000000000000000000 ) ) ;
#1632 = EDGE_LOOP ( 'NONE', ( #774, #1216, #1327, #1135 ) ) ;
#1633 = ORIENTED_EDGE ( 'NONE', *, *, #841, .T. ) ;
#1634 = CARTESIAN_POINT ( 'NONE',  ( 6.364897899371950274, 7.000000000000000000, 1.343471880434954357 ) ) ;
#1635 = FACE_OUTER_BOUND ( 'NONE', #1436, .T. ) ;
#1636 = EDGE_CURVE ( 'NONE', #1511, #689, #1514, .T. ) ;
#1637 = DIRECTION ( 'NONE',  ( -0.000000000000000000, -1.000000000000000000, 0.000000000000000000 ) ) ;
#1638 = LINE ( 'NONE', #1005, #855 ) ;
#1639 = VERTEX_POINT ( 'NONE', #904 ) ;
#1640 = ORIENTED_EDGE ( 'NONE', *, *, #84, .T. ) ;
#1641 = EDGE_LOOP ( 'NONE', ( #1630, #948, #547, #752 ) ) ;
#1642 = CARTESIAN_POINT ( 'NONE',  ( 7.075170864610151433, 0.000000000000000000, 2.624815657637589172 ) ) ;
#1643 = EDGE_CURVE ( 'NONE', #901, #1127, #1407, .T. ) ;
#1644 = EDGE_CURVE ( 'NONE', #1490, #214, #502, .T. ) ;
#1645 = DIRECTION ( 'NONE',  ( 1.000000000000000000, -0.000000000000000000, 0.000000000000000000 ) ) ;
#1646 = CIRCLE ( 'NONE', #204, 5.400000000000002132 ) ;
#1647 = CARTESIAN_POINT ( 'NONE',  ( 0.000000000000000000, 7.000000000000000000, 0.000000000000000000 ) ) ;
#1648 = DIRECTION ( 'NONE',  ( 0.000000000000000000, 0.000000000000000000, -1.000000000000000000 ) ) ;
#1649 = DIRECTION ( 'NONE',  ( 0.000000000000000000, 1.000000000000000000, -0.000000000000000000 ) ) ;
#1650 = ORIENTED_EDGE ( 'NONE', *, *, #715, .F. ) ;
#1651 = VERTEX_POINT ( 'NONE', #1265 ) ;
#1652 = CARTESIAN_POINT ( 'NONE',  ( -4.682696070539879685, 7.000000000000000000, 5.917774709376620201 ) ) ;
#1653 = ORIENTED_EDGE ( 'NONE', *, *, #1090, .F. ) ;
#1654 = CARTESIAN_POINT ( 'NONE',  ( 2.033270819295768472, 0.000000000000000000, -4.567910876472997650 ) ) ;
#1655 = EDGE_CURVE ( 'NONE', #829, #369, #410, .T. ) ;
#1656 = AXIS2_PLACEMENT_3D ( 'NONE', #1045, #1281, #144 ) ;
#1657 = AXIS2_PLACEMENT_3D ( 'NONE', #1184, #156, #1444 ) ;
#1658 = CIRCLE ( 'NONE', #1224, 5.000000000000000000 ) ;
#1659 = ORIENTED_EDGE ( 'NONE', *, *, #786, .F. ) ;
ENDSEC;
END-ISO-10303-21;
