ISO-10303-21;
HEADER;
FILE_DESCRIPTION (( 'STEP AP214' ),
    '1' );
FILE_NAME ('Waist_Cover.STEP',
    '2026-08-29T02:47:42',
    ( '' ),
    ( '' ),
    'SwSTEP 2.0',
    'SolidWorks 2025',
    '' );
FILE_SCHEMA (( 'AUTOMOTIVE_DESIGN' ));
ENDSEC;

DATA;
#1 = DIRECTION ( 'NONE',  ( 0.000000000000000000, -0.8436525123164420048, 0.5368895961574928766 ) ) ;
#2 = DIRECTION ( 'NONE',  ( 0.000000000000000000, 0.000000000000000000, -1.000000000000000000 ) ) ;
#3 = ORIENTED_EDGE ( 'NONE', *, *, #1234, .F. ) ;
#4 = CARTESIAN_POINT ( 'NONE',  ( 60.09628015917051158, 67.26808566471785866, 9.867028764553793962 ) ) ;
#5 = CARTESIAN_POINT ( 'NONE',  ( 64.35549604574572413, 30.72444489248363553, -55.17469064595476169 ) ) ;
#6 = AXIS2_PLACEMENT_3D ( 'NONE', #127, #1477, #1314 ) ;
#7 = ADVANCED_FACE ( 'NONE', ( #1211 ), #1358, .F. ) ;
#8 = FACE_OUTER_BOUND ( 'NONE', #259, .T. ) ;
#9 = ORIENTED_EDGE ( 'NONE', *, *, #1034, .F. ) ;
#10 = CARTESIAN_POINT ( 'NONE',  ( 60.02122687701599801, 71.62224311576912328, -5.825521459058926155 ) ) ;
#11 = EDGE_CURVE ( 'NONE', #1011, #1395, #575, .T. ) ;
#12 = CARTESIAN_POINT ( 'NONE',  ( 63.97070050593642065, 15.04272243486488136, -36.45175790253134807 ) ) ;
#13 = DIRECTION ( 'NONE',  ( -0.000000000000000000, -0.000000000000000000, 1.000000000000000000 ) ) ;
#14 = ORIENTED_EDGE ( 'NONE', *, *, #1842, .F. ) ;
#15 = ORIENTED_EDGE ( 'NONE', *, *, #1706, .F. ) ;
#16 = CARTESIAN_POINT ( 'NONE',  ( 60.99733484735362055, 46.17586880644989833, -55.87739388849257693 ) ) ;
#17 = CARTESIAN_POINT ( 'NONE',  ( 63.43777771295694379, 31.74559149032408456, -55.39990056055967926 ) ) ;
#18 = CARTESIAN_POINT ( 'NONE',  ( 62.04371866596169838, 32.70742301879543135, 33.52902705324746080 ) ) ;
#19 = VECTOR ( 'NONE', #123, 1000.000000000000000 ) ;
#20 = EDGE_CURVE ( 'NONE', #1682, #1011, #1343, .T. ) ;
#21 = CARTESIAN_POINT ( 'NONE',  ( 61.70537212854441833, 36.57587789762575170, -46.06716758896815378 ) ) ;
#22 = ORIENTED_EDGE ( 'NONE', *, *, #349, .T. ) ;
#23 = DIRECTION ( 'NONE',  ( -0.000000000000000000, -0.000000000000000000, 1.000000000000000000 ) ) ;
#24 = VECTOR ( 'NONE', #852, 1000.000000000000114 ) ;
#25 = CARTESIAN_POINT ( 'NONE',  ( 60.02222205276888189, 71.53281584586484598, 3.893896213983152776 ) ) ;
#26 = DIRECTION ( 'NONE',  ( 1.000000000000000000, -0.000000000000000000, -0.000000000000000000 ) ) ;
#27 = DIRECTION ( 'NONE',  ( 0.000000000000000000, 1.000000000000000000, -6.630094960539628661E-14 ) ) ;
#28 = VECTOR ( 'NONE', #1138, 1000.000000000000000 ) ;
#29 = EDGE_LOOP ( 'NONE', ( #1877, #1097, #1003, #1238 ) ) ;
#30 = ORIENTED_EDGE ( 'NONE', *, *, #579, .F. ) ;
#31 = DIRECTION ( 'NONE',  ( 0.7071067811865457964, 0.3796382741914710590, 0.5965524124240249026 ) ) ;
#32 = ORIENTED_EDGE ( 'NONE', *, *, #976, .F. ) ;
#33 = FACE_OUTER_BOUND ( 'NONE', #1121, .T. ) ;
#34 = CARTESIAN_POINT ( 'NONE',  ( 65.58628615110679050, 30.11355638845020621, -55.02826380939267636 ) ) ;
#35 = CARTESIAN_POINT ( 'NONE',  ( 63.11095621400330913, 37.40340632051513836, -56.16921563665425765 ) ) ;
#36 = CARTESIAN_POINT ( 'NONE',  ( 60.46551950330291447, 56.03884432117444447, -42.18276785676537344 ) ) ;
#37 = B_SPLINE_CURVE_WITH_KNOTS ( 'NONE', 3,
 ( #403, #1448, #1764, #1905, #1473, #988, #1883, #1745, #1155, #1438 ),
 .UNSPECIFIED., .F., .F.,
 ( 4, 2, 2, 2, 4 ),
 ( 5.204170427930421283E-18, 0.001574441980172429541, 0.003148883960344853877, 0.004723325940517282551, 0.006297767920689712091 ),
 .UNSPECIFIED. ) ;
#38 = DIRECTION ( 'NONE',  ( -0.000000000000000000, -0.000000000000000000, 1.000000000000000000 ) ) ;
#39 = ORIENTED_EDGE ( 'NONE', *, *, #543, .F. ) ;
#40 = LINE ( 'NONE', #1830, #602 ) ;
#41 = LINE ( 'NONE', #809, #1431 ) ;
#42 = CARTESIAN_POINT ( 'NONE',  ( 64.18394365469147544, 39.13401278271812345, -56.25121968435911413 ) ) ;
#43 = CARTESIAN_POINT ( 'NONE',  ( 60.11622938247727888, 66.38758848585972316, -33.04333757712595343 ) ) ;
#44 = VECTOR ( 'NONE', #70, 1000.000000000000114 ) ;
#45 = ORIENTED_EDGE ( 'NONE', *, *, #1108, .F. ) ;
#46 = CARTESIAN_POINT ( 'NONE',  ( 88.09999999999998010, 40.28000000000000114, -13.90999999999999481 ) ) ;
#47 = B_SPLINE_CURVE_WITH_KNOTS ( 'NONE', 3,
 ( #671, #49, #1538, #1239, #1257, #324, #642, #1839, #943, #1846, #790, #1391, #1530, #190, #1865, #181, #1549, #1082, #953, #798, #332, #1222, #935, #1414 ),
 .UNSPECIFIED., .F., .F.,
 ( 4, 2, 2, 2, 2, 2, 2, 2, 2, 2, 2, 4 ),
 ( 0.01795889149776742910, 0.02315171750370290799, 0.02574813050667065784, 0.02834454350963840769, 0.03353736951557391432, 0.03873019552150942790, 0.04132660852447718469, 0.04392302152744494148, 0.04911584753338045506, 0.05171226053634821185, 0.05430867353931596864, 0.05950149954525146140 ),
 .UNSPECIFIED. ) ;
#48 = ORIENTED_EDGE ( 'NONE', *, *, #1393, .F. ) ;
#49 = CARTESIAN_POINT ( 'NONE',  ( 59.99193318797175323, 74.44278261866359969, 4.473826781097512750 ) ) ;
#50 = CARTESIAN_POINT ( 'NONE',  ( 63.67246486563915653, 17.43705991987803472, -41.67803882504220780 ) ) ;
#51 = EDGE_CURVE ( 'NONE', #1063, #410, #493, .T. ) ;
#52 = ORIENTED_EDGE ( 'NONE', *, *, #829, .T. ) ;
#53 = CARTESIAN_POINT ( 'NONE',  ( 89.00000000000000000, 11.64000000000066315, -36.00000000000001421 ) ) ;
#54 = CARTESIAN_POINT ( 'NONE',  ( 62.44273638084116129, 28.51408357910739610, 42.83602464692880574 ) ) ;
#55 = ORIENTED_EDGE ( 'NONE', *, *, #104, .F. ) ;
#56 = CARTESIAN_POINT ( 'NONE',  ( 0.000000000000000000, 0.000000000000000000, 0.000000000000000000 ) ) ;
#57 = LINE ( 'NONE', #188, #185 ) ;
#58 = VERTEX_POINT ( 'NONE', #1553 ) ;
#59 = FACE_OUTER_BOUND ( 'NONE', #1592, .T. ) ;
#60 = CARTESIAN_POINT ( 'NONE',  ( 84.00099999999999056, 40.28000000000000114, -13.90999999999999481 ) ) ;
#61 = CARTESIAN_POINT ( 'NONE',  ( 63.86134279633298405, 38.81076361744389658, -56.24123569556537916 ) ) ;
#62 = ADVANCED_FACE ( 'NONE', ( #1071 ), #1707, .T. ) ;
#63 = CARTESIAN_POINT ( 'NONE',  ( 60.93768869835503921, 47.15080178631132668, -45.53151566208413925 ) ) ;
#64 = CARTESIAN_POINT ( 'NONE',  ( 60.40860917017031539, 57.37244411331577965, -48.70073196496311851 ) ) ;
#65 = CARTESIAN_POINT ( 'NONE',  ( 66.49999999999995737, 30.00000000000000355, -56.26741655800941544 ) ) ;
#66 = VERTEX_POINT ( 'NONE', #1252 ) ;
#67 = ORIENTED_EDGE ( 'NONE', *, *, #1687, .F. ) ;
#68 = CARTESIAN_POINT ( 'NONE',  ( 59.98372858294442977, 76.00931490745560382, -9.832651423377358313 ) ) ;
#69 = CARTESIAN_POINT ( 'NONE',  ( 60.26872124958257615, 61.08791683434123598, 18.78694819754721124 ) ) ;
#70 = DIRECTION ( 'NONE',  ( 0.7071067811865496822, -0.3796382741914687275, -0.5965524124240217940 ) ) ;
#71 = CARTESIAN_POINT ( 'NONE',  ( 60.83481676467497579, 48.84786188324609668, -45.12360403353916638 ) ) ;
#72 = DIRECTION ( 'NONE',  ( 1.000000000000000000, 0.000000000000000000, 0.000000000000000000 ) ) ;
#73 = EDGE_CURVE ( 'NONE', #1658, #98, #1535, .T. ) ;
#74 = CARTESIAN_POINT ( 'NONE',  ( 88.09999999999998010, 11.64000000000000057, -48.72498568747121794 ) ) ;
#75 = PRESENTATION_LAYER_ASSIGNMENT (  '', '', ( #1709 ) ) ;
#76 = FACE_BOUND ( 'NONE', #517, .T. ) ;
#77 = LINE ( 'NONE', #1723, #148 ) ;
#78 = LINE ( 'NONE', #1281, #484 ) ;
#79 = EDGE_CURVE ( 'NONE', #251, #938, #601, .T. ) ;
#80 = CIRCLE ( 'NONE', #687, 32.35641655800941408 ) ;
#81 = CARTESIAN_POINT ( 'NONE',  ( 63.89310919018215174, 15.65823326396940907, -43.84039303474718707 ) ) ;
#82 = CARTESIAN_POINT ( 'NONE',  ( 75.62848979567574759, 39.82101899808060352, -56.26402088413994562 ) ) ;
#83 = B_SPLINE_CURVE_WITH_KNOTS ( 'NONE', 3,
 ( #1313, #1590, #720, #404, #1925, #1304, #95, #699, #1019, #397 ),
 .UNSPECIFIED., .F., .F.,
 ( 4, 2, 2, 2, 4 ),
 ( 7.757919228897728493E-18, 0.008979445748883702408, 0.01122430718610463452, 0.01346916862332556489, 0.01795889149776742910 ),
 .UNSPECIFIED. ) ;
#84 = VERTEX_POINT ( 'NONE', #1696 ) ;
#85 = CARTESIAN_POINT ( 'NONE',  ( 60.01349470566815825, 72.06874341559749553, 14.18463066048215637 ) ) ;
#86 = LINE ( 'NONE', #547, #24 ) ;
#87 = AXIS2_PLACEMENT_3D ( 'NONE', #1851, #329, #969 ) ;
#88 = EDGE_CURVE ( 'NONE', #503, #1387, #1021, .T. ) ;
#89 = CARTESIAN_POINT ( 'NONE',  ( 89.00000000000000000, 40.28000000000000114, -13.90999999999999481 ) ) ;
#90 = CARTESIAN_POINT ( 'NONE',  ( 60.08197518539737558, 67.83481770272615563, -37.18035733842300061 ) ) ;
#91 = UNCERTAINTY_MEASURE_WITH_UNIT (LENGTH_MEASURE( 1.000000000000000082E-05 ), #1339, 'distance_accuracy_value', 'NONE');
#92 = CARTESIAN_POINT ( 'NONE',  ( 83.99999999999998579, 11.86000000000000121, 0.7699999999999997957 ) ) ;
#93 = DIRECTION ( 'NONE',  ( 0.000000000000000000, 0.000000000000000000, 1.000000000000000000 ) ) ;
#94 = CARTESIAN_POINT ( 'NONE',  ( 61.43673853775494820, 39.92287683517804453, -52.68935394153303520 ) ) ;
#95 = CARTESIAN_POINT ( 'NONE',  ( 60.03597399694698566, 70.55865583231565097, 10.29406271548296381 ) ) ;
#96 = DIRECTION ( 'NONE',  ( 1.000000000000000000, -0.000000000000000000, -0.000000000000000000 ) ) ;
#97 = VECTOR ( 'NONE', #1603, 1000.000000000000000 ) ;
#98 = VERTEX_POINT ( 'NONE', #967 ) ;
#99 = DIRECTION ( 'NONE',  ( 0.000000000000000000, -1.000000000000000000, 0.000000000000000000 ) ) ;
#100 = CARTESIAN_POINT ( 'NONE',  ( 83.99999999999998579, 3.999999999999954259, -3.965082230804081705E-15 ) ) ;
#101 = DIRECTION ( 'NONE',  ( 0.000000000000000000, 1.000000000000000000, -6.629419235792965992E-14 ) ) ;
#102 = LINE ( 'NONE', #264, #417 ) ;
#103 = CARTESIAN_POINT ( 'NONE',  ( 84.00099999999999056, 11.86000000000000654, 39.60000000000000142 ) ) ;
#104 = EDGE_CURVE ( 'NONE', #426, #1140, #1526, .T. ) ;
#105 = ORIENTED_EDGE ( 'NONE', *, *, #543, .T. ) ;
#106 = CARTESIAN_POINT ( 'NONE',  ( 76.82482215715327811, 30.87376774059736917, -55.20910763565964174 ) ) ;
#107 = CARTESIAN_POINT ( 'NONE',  ( 89.00000000000000000, 19.72412276318912916, -38.89786912685008957 ) ) ;
#108 = EDGE_CURVE ( 'NONE', #917, #767, #268, .T. ) ;
#109 = EDGE_LOOP ( 'NONE', ( #321, #497, #221, #1777, #1633, #1230, #1886, #797, #1324 ) ) ;
#110 = VECTOR ( 'NONE', #423, 1000.000000000000000 ) ;
#111 = CARTESIAN_POINT ( 'NONE',  ( 64.41539131245276906, 11.64000000000017465, -39.59999999999994458 ) ) ;
#112 = FACE_OUTER_BOUND ( 'NONE', #1608, .T. ) ;
#113 = VECTOR ( 'NONE', #26, 1000.000000000000000 ) ;
#114 = DIRECTION ( 'NONE',  ( 0.000000000000000000, -0.5368895961574928766, -0.8436525123164420048 ) ) ;
#115 = CARTESIAN_POINT ( 'NONE',  ( 64.16880724767021604, 30.87949091742941476, -44.87121011067581833 ) ) ;
#116 = VERTEX_POINT ( 'NONE', #1835 ) ;
#117 = CIRCLE ( 'NONE', #214, 500.0000000000000000 ) ;
#118 = CARTESIAN_POINT ( 'NONE',  ( 74.49999999999995737, 30.00000000000000355, -54.99999420340203926 ) ) ;
#119 = DIRECTION ( 'NONE',  ( 0.000000000000000000, -6.630094960539835658E-14, -1.000000000000000000 ) ) ;
#120 = DIRECTION ( 'NONE',  ( 0.000000000000000000, 0.000000000000000000, -1.000000000000000000 ) ) ;
#121 = PLANE ( 'NONE',  #1208 ) ;
#122 = CARTESIAN_POINT ( 'NONE',  ( 77.99999999999995737, 33.27003636918919938, -45.49881786719755183 ) ) ;
#123 = DIRECTION ( 'NONE',  ( -0.000000000000000000, -0.000000000000000000, 1.000000000000000000 ) ) ;
#124 = ADVANCED_FACE ( 'NONE', ( #939 ), #795, .F. ) ;
#125 = ORIENTED_EDGE ( 'NONE', *, *, #748, .T. ) ;
#126 = CARTESIAN_POINT ( 'NONE',  ( 77.14563016430643927, 31.19727661747449332, -55.28145915696170221 ) ) ;
#127 = CARTESIAN_POINT ( 'NONE',  ( 89.00000000000000000, 11.86000000000000121, 0.7699999999999997957 ) ) ;
#128 = ORIENTED_EDGE ( 'NONE', *, *, #289, .F. ) ;
#129 = CARTESIAN_POINT ( 'NONE',  ( 57.99999999999999289, 40.28000000000000114, -13.90999999999999481 ) ) ;
#130 = CARTESIAN_POINT ( 'NONE',  ( 77.88791583843462263, 37.40820062514291067, -46.13951633017992293 ) ) ;
#131 = PRODUCT_DEFINITION_FORMATION_WITH_SPECIFIED_SOURCE ( 'ANY', '', #146, .NOT_KNOWN. ) ;
#132 = CARTESIAN_POINT ( 'NONE',  ( 60.91055381146867376, 47.56310942433976408, -55.65948144601473047 ) ) ;
#133 = DIRECTION ( 'NONE',  ( 1.000000000000000000, 0.000000000000000000, 0.000000000000000000 ) ) ;
#134 = EDGE_LOOP ( 'NONE', ( #414, #981, #1600, #1845, #1111, #262 ) ) ;
#135 = CARTESIAN_POINT ( 'NONE',  ( 63.39828623766102567, 19.72412276318915403, -38.89786912685006826 ) ) ;
#136 = EDGE_CURVE ( 'NONE', #1754, #1067, #37, .T. ) ;
#137 = CARTESIAN_POINT ( 'NONE',  ( 64.37311546265021889, 11.95525440001991946, -46.00000000000000711 ) ) ;
#138 = DIRECTION ( 'NONE',  ( 0.000000000000000000, 0.000000000000000000, -1.000000000000000000 ) ) ;
#139 = ORIENTED_EDGE ( 'NONE', *, *, #1885, .F. ) ;
#140 = CARTESIAN_POINT ( 'NONE',  ( 63.03390305243719638, 22.89678488567979642, -52.56047022833134008 ) ) ;
#141 = DIRECTION ( 'NONE',  ( 1.000000000000000000, 0.000000000000000000, 0.000000000000000000 ) ) ;
#142 = CONICAL_SURFACE ( 'NONE', #1743, 12.72498568747120551, 0.7853981633974456145 ) ;
#143 = VERTEX_POINT ( 'NONE', #1126 ) ;
#144 = CARTESIAN_POINT ( 'NONE',  ( 63.17721743129013845, 32.37749973240334356, -45.28729482437474729 ) ) ;
#145 = ADVANCED_FACE ( 'NONE', ( #696 ), #978, .T. ) ;
#146 = PRODUCT ( 'Waist_Cover', 'Waist_Cover', '', ( #1227 ) ) ;
#147 = CARTESIAN_POINT ( 'NONE',  ( 61.41144248456309640, 40.27999999999999403, -46.26641655800941066 ) ) ;
#148 = VECTOR ( 'NONE', #509, 1000.000000000000000 ) ;
#149 = DIRECTION ( 'NONE',  ( -1.000000000000000000, -0.000000000000000000, -0.000000000000000000 ) ) ;
#150 = CARTESIAN_POINT ( 'NONE',  ( 78.99999999999995737, 11.86000000000000654, 46.00000000000000000 ) ) ;
#151 = VERTEX_POINT ( 'NONE', #412 ) ;
#152 = EDGE_CURVE ( 'NONE', #1540, #1380, #102, .T. ) ;
#153 = CARTESIAN_POINT ( 'NONE',  ( 60.10992379493900017, 66.65254420179583406, 10.54814791952246367 ) ) ;
#154 = DIRECTION ( 'NONE',  ( -1.000000000000000000, 8.673617379884043361E-16, 0.000000000000000000 ) ) ;
#155 = CARTESIAN_POINT ( 'NONE',  ( 89.00000000000000000, 11.86000000000000121, 0.7699999999999997957 ) ) ;
#156 = CARTESIAN_POINT ( 'NONE',  ( 60.16876564890873169, 64.29090941502866485, 7.849408990804424668 ) ) ;
#157 = CARTESIAN_POINT ( 'NONE',  ( 63.78042064946318135, 16.55829979846030042, -36.97694009076387545 ) ) ;
#158 = CARTESIAN_POINT ( 'NONE',  ( 60.00000000000000000, 73.55458317610201391, -154.0000000000000284 ) ) ;
#159 = EDGE_LOOP ( 'NONE', ( #945, #1186, #177, #496 ) ) ;
#160 = CARTESIAN_POINT ( 'NONE',  ( 62.75239133364573973, 25.49296251169734617, -53.62622513408581426 ) ) ;
#161 = CARTESIAN_POINT ( 'NONE',  ( 83.99999999999998579, 4.000000000000000000, 46.00000000000000000 ) ) ;
#162 = EDGE_CURVE ( 'NONE', #632, #1679, #1147, .T. ) ;
#163 = CARTESIAN_POINT ( 'NONE',  ( 63.46441903143453089, 19.15725728460620658, 38.91928923994272083 ) ) ;
#164 = CARTESIAN_POINT ( 'NONE',  ( 60.01839870148551626, 71.83018038336841471, -21.29552140191730203 ) ) ;
#165 = ORIENTED_EDGE ( 'NONE', *, *, #273, .T. ) ;
#166 = ORIENTED_EDGE ( 'NONE', *, *, #1184, .T. ) ;
#167 = CARTESIAN_POINT ( 'NONE',  ( 57.99999999999999289, 40.28000000000000114, -13.90999999999999481 ) ) ;
#168 = EDGE_CURVE ( 'NONE', #1627, #635, #1134, .T. ) ;
#169 = EDGE_CURVE ( 'NONE', #1063, #769, #1501, .T. ) ;
#170 = CARTESIAN_POINT ( 'NONE',  ( 61.48616882193029909, 39.20474736730941601, -56.34693634768617443 ) ) ;
#171 = CARTESIAN_POINT ( 'NONE',  ( 41.49999999999997868, 11.64000000000000057, -48.72498568747121794 ) ) ;
#172 = ORIENTED_EDGE ( 'NONE', *, *, #840, .F. ) ;
#173 = DIRECTION ( 'NONE',  ( -0.000000000000000000, -0.000000000000000000, 1.000000000000000000 ) ) ;
#174 = AXIS2_PLACEMENT_3D ( 'NONE', #1027, #1619, #566 ) ;
#175 = ORIENTED_EDGE ( 'NONE', *, *, #1384, .T. ) ;
#176 = CARTESIAN_POINT ( 'NONE',  ( 62.02273730472872870, 32.90086697281221007, -45.46843257990363441 ) ) ;
#177 = ORIENTED_EDGE ( 'NONE', *, *, #1273, .T. ) ;
#178 = SHAPE_DEFINITION_REPRESENTATION ( #304, #590 ) ;
#179 = CARTESIAN_POINT ( 'NONE',  ( 559.9793796504070542, 78.09549986705461322, -154.0000000000000284 ) ) ;
#180 = VECTOR ( 'NONE', #1453, 1000.000000000000000 ) ;
#181 = CARTESIAN_POINT ( 'NONE',  ( 59.97945265736386489, 78.45214626577454453, -20.83447097264403070 ) ) ;
#182 = DIRECTION ( 'NONE',  ( 1.000000000000000000, 0.000000000000000000, 0.000000000000000000 ) ) ;
#183 = ADVANCED_FACE ( 'NONE', ( #233 ), #686, .F. ) ;
#184 = CARTESIAN_POINT ( 'NONE',  ( 62.75464468577406052, 25.48323969961171187, 33.26794799620182630 ) ) ;
#185 = VECTOR ( 'NONE', #1564, 1000.000000000000000 ) ;
#186 = ORIENTED_EDGE ( 'NONE', *, *, #507, .F. ) ;
#187 = CARTESIAN_POINT ( 'NONE',  ( 63.08715250491162152, 22.39656201725917128, 44.80742877254359513 ) ) ;
#188 = CARTESIAN_POINT ( 'NONE',  ( 57.99999999999999289, 11.86000000000000654, 39.60000000000000142 ) ) ;
#189 = VERTEX_POINT ( 'NONE', #1917 ) ;
#190 = CARTESIAN_POINT ( 'NONE',  ( 59.98000605458128831, 78.88913741113087497, -17.39600467192301636 ) ) ;
#191 = CARTESIAN_POINT ( 'NONE',  ( 57.99999999999999289, 11.64000000000000057, -42.39999999999999858 ) ) ;
#192 = ORIENTED_EDGE ( 'NONE', *, *, #273, .F. ) ;
#193 = LINE ( 'NONE', #1834, #1930 ) ;
#194 = AXIS2_PLACEMENT_3D ( 'NONE', #89, #1109, #249 ) ;
#195 = PRODUCT_RELATED_PRODUCT_CATEGORY ( 'part', '', ( #146 ) ) ;
#196 = DIRECTION ( 'NONE',  ( -0.000000000000000000, -0.000000000000000000, 1.000000000000000000 ) ) ;
#197 = ORIENTED_EDGE ( 'NONE', *, *, #487, .F. ) ;
#198 = ADVANCED_FACE ( 'NONE', ( #1282 ), #394, .F. ) ;
#199 = CARTESIAN_POINT ( 'NONE',  ( 62.21823173627738868, 30.79751252664958372, 37.89566674958575732 ) ) ;
#200 = VERTEX_POINT ( 'NONE', #544 ) ;
#201 = DIRECTION ( 'NONE',  ( -0.000000000000000000, -0.000000000000000000, 1.000000000000000000 ) ) ;
#202 = DIRECTION ( 'NONE',  ( 0.7071067811865495711, -7.009341333409685975E-16, -0.7071067811865455743 ) ) ;
#203 = ORIENTED_EDGE ( 'NONE', *, *, #805, .T. ) ;
#204 = CARTESIAN_POINT ( 'NONE',  ( 63.35302976708284461, 38.04889853030350366, -56.20814657981149765 ) ) ;
#205 = CARTESIAN_POINT ( 'NONE',  ( 62.81042915233857116, 24.96075861568872156, 44.06443508634778539 ) ) ;
#206 = AXIS2_PLACEMENT_3D ( 'NONE', #1349, #598, #1667 ) ;
#207 = AXIS2_PLACEMENT_3D ( 'NONE', #822, #979, #1579 ) ;
#208 = LINE ( 'NONE', #1400, #934 ) ;
#209 = ORIENTED_EDGE ( 'NONE', *, *, #1364, .T. ) ;
#210 = CARTESIAN_POINT ( 'NONE',  ( 60.00000000000000000, 40.28000000000000114, -13.90999999999999481 ) ) ;
#211 = CARTESIAN_POINT ( 'NONE',  ( 74.49999999999995737, 36.50000000000000000, -56.26741655800941544 ) ) ;
#212 = AXIS2_PLACEMENT_3D ( 'NONE', #60, #364, #499 ) ;
#213 = ADVANCED_FACE ( 'NONE', ( #999 ), #142, .F. ) ;
#214 = AXIS2_PLACEMENT_3D ( 'NONE', #1249, #1233, #1681 ) ;
#215 = DIRECTION ( 'NONE',  ( 0.000000000000000000, 0.000000000000000000, -1.000000000000000000 ) ) ;
#216 = CARTESIAN_POINT ( 'NONE',  ( 63.83000889804520028, 16.12560865016191158, 45.84824147891634993 ) ) ;
#217 = PLANE ( 'NONE',  #1171 ) ;
#218 = VERTEX_POINT ( 'NONE', #1596 ) ;
#219 = CARTESIAN_POINT ( 'NONE',  ( 59.99999999999992184, 73.55458317610221286, -0.2840686134947095765 ) ) ;
#220 = CARTESIAN_POINT ( 'NONE',  ( 61.43241121475146826, 39.99800644503872604, -49.87220782547153419 ) ) ;
#221 = ORIENTED_EDGE ( 'NONE', *, *, #983, .T. ) ;
#222 = CYLINDRICAL_SURFACE ( 'NONE', #1323, 32.35641655800941408 ) ;
#223 = EDGE_CURVE ( 'NONE', #240, #535, #343, .T. ) ;
#224 = CARTESIAN_POINT ( 'NONE',  ( 64.38593885708753817, 11.86000000000001009, 46.00000000000000000 ) ) ;
#225 = CARTESIAN_POINT ( 'NONE',  ( 84.00099999999999056, 4.000000000000000000, 42.39999999999999858 ) ) ;
#226 = DIRECTION ( 'NONE',  ( -0.000000000000000000, -0.000000000000000000, 1.000000000000000000 ) ) ;
#227 = ORIENTED_EDGE ( 'NONE', *, *, #1055, .T. ) ;
#228 = ORIENTED_EDGE ( 'NONE', *, *, #1735, .T. ) ;
#229 = ADVANCED_FACE ( 'NONE', ( #1493, #1665 ), #456, .T. ) ;
#230 = CARTESIAN_POINT ( 'NONE',  ( 78.99999999999995737, 63.02071938050821132, 21.82409724188639899 ) ) ;
#231 = CARTESIAN_POINT ( 'NONE',  ( 88.09999999999998010, 30.77462047262844536, 30.49187800890826594 ) ) ;
#232 = CARTESIAN_POINT ( 'NONE',  ( 74.49999999999995737, 30.00000000000000355, -56.26741655800941544 ) ) ;
#233 = FACE_OUTER_BOUND ( 'NONE', #29, .T. ) ;
#234 = CARTESIAN_POINT ( 'NONE',  ( 74.95872038856174413, 39.97729837525291430, -56.26535826226711379 ) ) ;
#235 = CARTESIAN_POINT ( 'NONE',  ( 60.03482855242250338, 70.44505374198334380, 15.91848616246542925 ) ) ;
#236 = ORIENTED_EDGE ( 'NONE', *, *, #645, .T. ) ;
#237 = LINE ( 'NONE', #388, #1467 ) ;
#238 = VERTEX_POINT ( 'NONE', #1321 ) ;
#239 = VECTOR ( 'NONE', #948, 1000.000000000000114 ) ;
#240 = VERTEX_POINT ( 'NONE', #1648 ) ;
#241 = DIRECTION ( 'NONE',  ( -1.000000000000000000, 0.000000000000000000, -0.000000000000000000 ) ) ;
#242 = CARTESIAN_POINT ( 'NONE',  ( 64.35891023914635412, 39.27827279253152426, -46.25116131672834285 ) ) ;
#243 = DIRECTION ( 'NONE',  ( 1.000000000000000000, -4.336808689942021680E-16, 0.000000000000000000 ) ) ;
#244 = CARTESIAN_POINT ( 'NONE',  ( 84.00099999999999056, 61.08791683434123598, 18.78694819754720768 ) ) ;
#245 = DIRECTION ( 'NONE',  ( -0.000000000000000000, 0.000000000000000000, 1.000000000000000000 ) ) ;
#246 = ORIENTED_EDGE ( 'NONE', *, *, #450, .T. ) ;
#247 = CARTESIAN_POINT ( 'NONE',  ( 89.00000000000000000, 11.64000000000000057, -48.72498568747121794 ) ) ;
#248 = LINE ( 'NONE', #1305, #180 ) ;
#249 = DIRECTION ( 'NONE',  ( 0.000000000000000000, 0.000000000000000000, -1.000000000000000000 ) ) ;
#250 = CARTESIAN_POINT ( 'NONE',  ( 60.19832133612356273, 63.29087629266292936, -41.54799295198127851 ) ) ;
#251 = VERTEX_POINT ( 'NONE', #1060 ) ;
#252 = EDGE_CURVE ( 'NONE', #1936, #218, #437, .T. ) ;
#253 = B_SPLINE_CURVE_WITH_KNOTS ( 'NONE', 3,
 ( #677, #1148, #1570, #1906, #386, #1439, #1127, #1253, #1272, #1588, #1408, #1728, #526, #515, #1292, #94, #697, #1033, #990, #370, #1263, #1636, #1783, #1283, #813, #64, #554, #1104, #667, #1896, #1872, #545, #1718, #968 ),
 .UNSPECIFIED., .F., .F.,
 ( 4, 2, 2, 2, 2, 2, 2, 2, 2, 2, 2, 2, 2, 2, 2, 2, 4 ),
 ( 0.02024023482300011181, 0.02439496460455280874, 0.02647232949532914853, 0.02854969438610548832, 0.03685915394921080585, 0.03893651883998713176, 0.04101388373076345767, 0.04516861351231610255, 0.04932334329386874050, 0.05140070818464506641, 0.05347807307542137845, 0.06178753263852664046, 0.06386489752930295249, 0.06594226242007926453, 0.07009699220163188860, 0.07840645176473713673, 0.08671591132784238487 ),
 .UNSPECIFIED. ) ;
#254 = CARTESIAN_POINT ( 'NONE',  ( 65.35474926848334576, 30.18461168100602166, -44.65133567348019739 ) ) ;
#255 = CARTESIAN_POINT ( 'NONE',  ( 83.99999999999998579, -3.049843681848177763E-12, -45.99999999999922551 ) ) ;
#256 = CARTESIAN_POINT ( 'NONE',  ( 78.99999999999995737, 36.14351643420338434, 38.92840313207268821 ) ) ;
#257 = DIRECTION ( 'NONE',  ( 0.7071067811865499042, 0.4492215681958491857, 0.5460769017891700106 ) ) ;
#258 = AXIS2_PLACEMENT_3D ( 'NONE', #129, #1933, #1328 ) ;
#259 = EDGE_LOOP ( 'NONE', ( #1256, #1690, #1331, #172 ) ) ;
#260 = FACE_OUTER_BOUND ( 'NONE', #950, .T. ) ;
#261 = CARTESIAN_POINT ( 'NONE',  ( 62.99999999999994316, 36.72983335718586062, -46.07189614363421271 ) ) ;
#262 = ORIENTED_EDGE ( 'NONE', *, *, #1914, .T. ) ;
#263 = FACE_OUTER_BOUND ( 'NONE', #1509, .T. ) ;
#264 = CARTESIAN_POINT ( 'NONE',  ( 64.10463044775561059, 13.99999999999999822, -154.0000000000000284 ) ) ;
#265 = ORIENTED_EDGE ( 'NONE', *, *, #1882, .F. ) ;
#266 = CARTESIAN_POINT ( 'NONE',  ( 74.73539942341440678, 30.00000000000000355, -44.58994935581586105 ) ) ;
#267 = CARTESIAN_POINT ( 'NONE',  ( 78.99999999999995737, 11.64000000000000057, -48.72498568747121794 ) ) ;
#268 = CIRCLE ( 'NONE', #1164, 500.0000000000000000 ) ;
#269 = FACE_OUTER_BOUND ( 'NONE', #1316, .T. ) ;
#270 = CARTESIAN_POINT ( 'NONE',  ( 60.25057645497219028, 61.62011536982893745, -42.85760298583447536 ) ) ;
#271 = CIRCLE ( 'NONE', #1291, 42.35641655800941408 ) ;
#272 = CARTESIAN_POINT ( 'NONE',  ( 77.82431397571835419, 32.38170606876931856, -45.28836533460913216 ) ) ;
#273 = EDGE_CURVE ( 'NONE', #1776, #1354, #318, .T. ) ;
#274 = CARTESIAN_POINT ( 'NONE',  ( 63.70617082434634426, 31.37946131646057069, -45.01879687919413442 ) ) ;
#275 = VECTOR ( 'NONE', #1739, 1000.000000000000000 ) ;
#276 = ORIENTED_EDGE ( 'NONE', *, *, #674, .F. ) ;
#277 = LINE ( 'NONE', #1778, #1261 ) ;
#278 = DIRECTION ( 'NONE',  ( 0.000000000000000000, 0.000000000000000000, -1.000000000000000000 ) ) ;
#279 = CARTESIAN_POINT ( 'NONE',  ( 74.73143547566789380, 40.00000000000000000, -46.26520502910506139 ) ) ;
#280 = VECTOR ( 'NONE', #658, 1000.000000000000000 ) ;
#281 = CARTESIAN_POINT ( 'NONE',  ( 60.04240377475583301, 70.09967777080859719, 6.265827550342604191 ) ) ;
#282 = EDGE_CURVE ( 'NONE', #756, #1247, #1460, .T. ) ;
#283 = CARTESIAN_POINT ( 'NONE',  ( 62.67649560790866303, 26.20490539565827248, 36.89924860200427759 ) ) ;
#284 = CARTESIAN_POINT ( 'NONE',  ( 60.02661087140049290, 71.22208849185093982, -23.38173344725007397 ) ) ;
#285 = CARTESIAN_POINT ( 'NONE',  ( 63.49580330442651643, 18.89451869963165365, -38.21540840164468023 ) ) ;
#286 = DIRECTION ( 'NONE',  ( -1.000000000000000000, 0.000000000000000000, 0.000000000000000000 ) ) ;
#287 = AXIS2_PLACEMENT_3D ( 'NONE', #1611, #994, #1594 ) ;
#288 = ORIENTED_EDGE ( 'NONE', *, *, #787, .F. ) ;
#289 = EDGE_CURVE ( 'NONE', #503, #1463, #1424, .T. ) ;
#290 = CARTESIAN_POINT ( 'NONE',  ( 60.32214959425547107, 59.58462596510025833, 16.42472116306117158 ) ) ;
#291 = CARTESIAN_POINT ( 'NONE',  ( 76.81415198778070419, 39.13568506397607649, -56.25126443388160880 ) ) ;
#292 = ORIENTED_EDGE ( 'NONE', *, *, #487, .T. ) ;
#293 = CARTESIAN_POINT ( 'NONE',  ( 63.90585280288008363, 15.53033357915056278, 39.46960397507689322 ) ) ;
#294 = ORIENTED_EDGE ( 'NONE', *, *, #630, .F. ) ;
#295 = CARTESIAN_POINT ( 'NONE',  ( 62.44336741093295728, 28.51043169405789612, -44.06405220262313094 ) ) ;
#296 = EDGE_CURVE ( 'NONE', #1721, #1529, #1053, .T. ) ;
#297 = EDGE_LOOP ( 'NONE', ( #1229, #1214, #680, #1767 ) ) ;
#298 =( NAMED_UNIT ( * ) SI_UNIT ( $, .STERADIAN. ) SOLID_ANGLE_UNIT ( ) );
#299 = LINE ( 'NONE', #611, #1210 ) ;
#300 = ORIENTED_EDGE ( 'NONE', *, *, #1833, .F. ) ;
#301 = CARTESIAN_POINT ( 'NONE',  ( 60.16839675937591636, 64.34402743757291887, 12.81080752935473299 ) ) ;
#302 = LINE ( 'NONE', #626, #1359 ) ;
#303 = CARTESIAN_POINT ( 'NONE',  ( 63.02241502731786937, 33.04371754643150183, -45.44770037622028269 ) ) ;
#304 = PRODUCT_DEFINITION_SHAPE ( 'NONE', 'NONE',  #1207 ) ;
#305 = ORIENTED_EDGE ( 'NONE', *, *, #314, .T. ) ;
#306 = FACE_OUTER_BOUND ( 'NONE', #786, .T. ) ;
#307 = CARTESIAN_POINT ( 'NONE',  ( 89.00000000000000000, 40.28000000000000114, -13.90999999999999481 ) ) ;
#308 = CARTESIAN_POINT ( 'NONE',  ( 60.64098661282262981, 52.37354157670923627, -54.50933330828043211 ) ) ;
#309 = CARTESIAN_POINT ( 'NONE',  ( 66.26654905198962808, 30.00000000000000355, -54.99999420340203216 ) ) ;
#310 = ADVANCED_FACE ( 'NONE', ( #8 ), #887, .F. ) ;
#311 = CARTESIAN_POINT ( 'NONE',  ( 84.00099999999999056, 11.86000000000000654, 39.60000000000000142 ) ) ;
#312 = EDGE_CURVE ( 'NONE', #1004, #58, #1676, .T. ) ;
#313 = ORIENTED_EDGE ( 'NONE', *, *, #1169, .F. ) ;
#314 = EDGE_CURVE ( 'NONE', #520, #1936, #1807, .T. ) ;
#315 = CARTESIAN_POINT ( 'NONE',  ( 65.50000000000001421, 4.000000000000000000, -154.0000000000000284 ) ) ;
#316 = CARTESIAN_POINT ( 'NONE',  ( 60.75043534778301080, 50.32987854455934240, -55.06294893236155730 ) ) ;
#317 = CYLINDRICAL_SURFACE ( 'NONE', #583, 499.9999999999998863 ) ;
#318 = LINE ( 'NONE', #1506, #924 ) ;
#319 = CARTESIAN_POINT ( 'NONE',  ( 60.05771155389378890, 69.20356350566886761, 0.6966327386191878412 ) ) ;
#320 = ORIENTED_EDGE ( 'NONE', *, *, #1459, .F. ) ;
#321 = ORIENTED_EDGE ( 'NONE', *, *, #136, .F. ) ;
#322 = CARTESIAN_POINT ( 'NONE',  ( 63.87315004568906573, 15.78664644105835357, 42.26027305004314627 ) ) ;
#323 = ORIENTED_EDGE ( 'NONE', *, *, #805, .F. ) ;
#324 = CARTESIAN_POINT ( 'NONE',  ( 59.98018857844527219, 77.15059561122168930, -1.935524305166920422 ) ) ;
#325 = DIRECTION ( 'NONE',  ( 0.000000000000000000, 0.000000000000000000, -1.000000000000000000 ) ) ;
#326 = CYLINDRICAL_SURFACE ( 'NONE', #800, 2.724985687471225049 ) ;
#327 = VECTOR ( 'NONE', #1524, 1000.000000000000000 ) ;
#328 = CARTESIAN_POINT ( 'NONE',  ( 60.22535290745418735, 62.36772950453303110, -37.61815709911363825 ) ) ;
#329 = DIRECTION ( 'NONE',  ( 0.000000000000000000, 0.000000000000000000, -1.000000000000000000 ) ) ;
#330 = VECTOR ( 'NONE', #1237, 1000.000000000000000 ) ;
#331 = ORIENTED_EDGE ( 'NONE', *, *, #296, .F. ) ;
#332 = CARTESIAN_POINT ( 'NONE',  ( 59.98264423752610952, 76.25653462317009712, -28.34976472134028924 ) ) ;
#333 = CARTESIAN_POINT ( 'NONE',  ( 60.98934755520517825, 45.08771655381043786, 33.23642933947115097 ) ) ;
#334 = CARTESIAN_POINT ( 'NONE',  ( 78.99999999999995737, 11.86000000000000121, 0.7699999999999997957 ) ) ;
#335 = EDGE_CURVE ( 'NONE', #218, #669, #1656, .T. ) ;
#336 = CARTESIAN_POINT ( 'NONE',  ( 57.99999999999999289, 4.000000000000000000, 42.39999999999999858 ) ) ;
#337 = LINE ( 'NONE', #1555, #330 ) ;
#338 = ORIENTED_EDGE ( 'NONE', *, *, #1375, .F. ) ;
#339 = ORIENTED_EDGE ( 'NONE', *, *, #512, .F. ) ;
#340 = CARTESIAN_POINT ( 'NONE',  ( 59.98283550224515892, 76.23651092028033815, -12.75120858014761360 ) ) ;
#341 = FACE_OUTER_BOUND ( 'NONE', #1666, .T. ) ;
#342 = ORIENTED_EDGE ( 'NONE', *, *, #1385, .F. ) ;
#343 = B_SPLINE_CURVE_WITH_KNOTS ( 'NONE', 3,
 ( #706, #1018, #857, #1115, #254, #846, #1290, #1616, #115, #564, #274, #872, #1795, #144, #444, #303, #1802, #1044 ),
 .UNSPECIFIED., .F., .F.,
 ( 4, 2, 2, 2, 2, 2, 2, 2, 4 ),
 ( 0.000000000000000000, 0.0006954252103028269686, 0.001390850420605653937, 0.002086275630908481123, 0.002781700841211307874, 0.003477126051514134626, 0.004172551261816962245, 0.004867976472119788997, 0.005563401682422615749 ),
 .UNSPECIFIED. ) ;
#344 = B_SPLINE_CURVE_WITH_KNOTS ( 'NONE', 3,
 ( #906, #1821, #1193, #1172, #1491, #1032, #742, #1654, #1355, #1520, #1332, #308, #584, #316, #913, #132, #16, #1050, #170, #1929, #1782, #770, #1800, #1937, #1514, #1182, #160, #140, #1791, #442, #1042, #1644 ),
 .UNSPECIFIED., .F., .F.,
 ( 4, 2, 2, 2, 2, 2, 2, 2, 2, 2, 2, 2, 2, 2, 2, 4 ),
 ( 0.000000000000000000, 0.008404172350327447291, 0.01260625852549117007, 0.01470730161307302539, 0.01680834470065488417, 0.02521251705098227422, 0.02731356013856412260, 0.02941460322614597098, 0.03361668940130967814, 0.04202086175163707166, 0.04412190483921894085, 0.04622294792680080311, 0.05042503410196453456, 0.05462712027712825213, 0.05882920645229197665, 0.06723337880261942567 ),
 .UNSPECIFIED. ) ;
#345 = LINE ( 'NONE', #1552, #44 ) ;
#346 = CONICAL_SURFACE ( 'NONE', #6, 35.23000000000002530, 0.7853981633974456145 ) ;
#347 = CARTESIAN_POINT ( 'NONE',  ( 62.59663494187677202, 27.00085899860727068, 43.39389348884347442 ) ) ;
#348 = EDGE_LOOP ( 'NONE', ( #1548, #421, #1688, #300 ) ) ;
#349 = EDGE_CURVE ( 'NONE', #577, #1226, #1357, .T. ) ;
#350 = CARTESIAN_POINT ( 'NONE',  ( 61.90897743845486190, 34.21071388803641611, 35.89125408773348624 ) ) ;
#351 = ORIENTED_EDGE ( 'NONE', *, *, #1010, .F. ) ;
#352 = CARTESIAN_POINT ( 'NONE',  ( 59.98479196276621650, 75.76750990132396169, -8.092594003064945696 ) ) ;
#353 = CARTESIAN_POINT ( 'NONE',  ( 62.52750076264442214, 27.67651544386810514, -47.59251991756236322 ) ) ;
#354 = VERTEX_POINT ( 'NONE', #774 ) ;
#355 = CARTESIAN_POINT ( 'NONE',  ( 83.99999999999998579, 11.64000000000000057, -48.72498568747121794 ) ) ;
#356 = CARTESIAN_POINT ( 'NONE',  ( 60.12874513456286962, 65.86228541278890702, -33.74056887091722245 ) ) ;
#357 = VECTOR ( 'NONE', #1125, 1000.000000000000000 ) ;
#358 = AXIS2_PLACEMENT_3D ( 'NONE', #247, #1284, #1452 ) ;
#359 = ORIENTED_EDGE ( 'NONE', *, *, #420, .F. ) ;
#360 = DIRECTION ( 'NONE',  ( 0.000000000000000000, 0.000000000000000000, -1.000000000000000000 ) ) ;
#361 = ORIENTED_EDGE ( 'NONE', *, *, #752, .T. ) ;
#362 = EDGE_CURVE ( 'NONE', #58, #644, #1786, .T. ) ;
#363 = DIRECTION ( 'NONE',  ( 0.000000000000000000, 0.5368895961574927655, 0.8436525123164421158 ) ) ;
#364 = DIRECTION ( 'NONE',  ( -1.000000000000000000, -0.000000000000000000, -0.000000000000000000 ) ) ;
#365 = VECTOR ( 'NONE', #1677, 1000.000000000000000 ) ;
#366 = VERTEX_POINT ( 'NONE', #1931 ) ;
#367 = CARTESIAN_POINT ( 'NONE',  ( 63.02252185673881968, 36.95706293493378070, -56.13646310885754076 ) ) ;
#368 = CARTESIAN_POINT ( 'NONE',  ( 61.74245700611955101, 36.14351643420338434, 38.92840313207268821 ) ) ;
#369 = VECTOR ( 'NONE', #1351, 1000.000000000000000 ) ;
#370 = CARTESIAN_POINT ( 'NONE',  ( 61.04503280734688531, 45.46115201371768677, -52.32487989730331179 ) ) ;
#371 = ORIENTED_EDGE ( 'NONE', *, *, #692, .T. ) ;
#372 = PLANE ( 'NONE',  #87 ) ;
#373 = ORIENTED_EDGE ( 'NONE', *, *, #889, .T. ) ;
#374 = DIRECTION ( 'NONE',  ( 0.000000000000000000, 0.000000000000000000, 1.000000000000000000 ) ) ;
#375 = CARTESIAN_POINT ( 'NONE',  ( 62.32817919697925646, 29.66961955306116749, -48.29412475993097331 ) ) ;
#376 = VERTEX_POINT ( 'NONE', #434 ) ;
#377 = CARTESIAN_POINT ( 'NONE',  ( 88.09999999999998010, 14.00000000000000000, -36.22075997188420615 ) ) ;
#378 = CARTESIAN_POINT ( 'NONE',  ( 84.00099999999999056, 11.86000000000000121, 0.7699999999999997957 ) ) ;
#379 = DIRECTION ( 'NONE',  ( -1.000000000000000000, -0.000000000000000000, -0.000000000000000000 ) ) ;
#380 = AXIS2_PLACEMENT_3D ( 'NONE', #1248, #363, #1566 ) ;
#381 = CARTESIAN_POINT ( 'NONE',  ( 89.00000000000000000, 40.28000000000000114, -13.90999999999999481 ) ) ;
#382 = CARTESIAN_POINT ( 'NONE',  ( 41.49999999999997868, 57.65182341893328299, 13.38757211872197317 ) ) ;
#383 = CARTESIAN_POINT ( 'NONE',  ( 63.02242087680041749, 36.95615430461527495, -46.09602014138121717 ) ) ;
#384 = FACE_OUTER_BOUND ( 'NONE', #159, .T. ) ;
#385 = CARTESIAN_POINT ( 'NONE',  ( 64.04485559216965385, 14.46036154616360214, -43.01649853120336076 ) ) ;
#386 = CARTESIAN_POINT ( 'NONE',  ( 63.34563816652796930, 20.17058963673433425, -47.04847229061659419 ) ) ;
#387 = CARTESIAN_POINT ( 'NONE',  ( 77.29204655573276739, 31.37724184063704058, -55.32067953296419205 ) ) ;
#388 = CARTESIAN_POINT ( 'NONE',  ( 60.00000000000000000, 73.55458317610201391, -154.0000000000000284 ) ) ;
#389 = EDGE_LOOP ( 'NONE', ( #1861, #125, #292, #664, #915, #1049, #472, #1505 ) ) ;
#390 = DIRECTION ( 'NONE',  ( 0.000000000000000000, -1.000000000000000000, 6.630094960539835658E-14 ) ) ;
#391 = CARTESIAN_POINT ( 'NONE',  ( 65.58705280092820544, 39.88670920602358905, -46.26405794158112883 ) ) ;
#392 = EDGE_CURVE ( 'NONE', #1081, #1679, #956, .T. ) ;
#393 = DIRECTION ( 'NONE',  ( 0.000000000000000000, 0.000000000000000000, 1.000000000000000000 ) ) ;
#394 = PLANE ( 'NONE',  #548 ) ;
#395 = PLANE ( 'NONE',  #1804 ) ;
#396 = EDGE_CURVE ( 'NONE', #1380, #84, #1497, .T. ) ;
#397 = CARTESIAN_POINT ( 'NONE',  ( 59.99999999999995737, 73.55458317610221286, 5.961133306246090946 ) ) ;
#398 = DIRECTION ( 'NONE',  ( 0.000000000000000000, 0.000000000000000000, -1.000000000000000000 ) ) ;
#399 = ORIENTED_EDGE ( 'NONE', *, *, #965, .F. ) ;
#400 = DIRECTION ( 'NONE',  ( -0.000000000000000000, 0.8436525123164420048, -0.5368895961574928766 ) ) ;
#401 = CARTESIAN_POINT ( 'NONE',  ( 76.25447198157719697, 39.53714187271948788, -46.25813820765030471 ) ) ;
#402 = FILL_AREA_STYLE_COLOUR ( '', #1651 ) ;
#403 = CARTESIAN_POINT ( 'NONE',  ( 64.41539131245276906, 11.64000000000017465, -39.59999999999994458 ) ) ;
#404 = CARTESIAN_POINT ( 'NONE',  ( 60.06958325097158280, 68.58398746656447997, 12.57596324544695143 ) ) ;
#405 = ORIENTED_EDGE ( 'NONE', *, *, #1322, .T. ) ;
#406 = CARTESIAN_POINT ( 'NONE',  ( 84.00099999999999056, 4.000000000000424549, -39.59999999999948983 ) ) ;
#407 = ADVANCED_FACE ( 'NONE', ( #1070 ), #326, .F. ) ;
#408 = DIRECTION ( 'NONE',  ( -0.000000000000000000, 0.8436525123164420048, -0.5368895961574927655 ) ) ;
#409 = CARTESIAN_POINT ( 'NONE',  ( 74.49999999999995737, 40.00000000000000000, -46.26520502910506139 ) ) ;
#410 = VERTEX_POINT ( 'NONE', #1242 ) ;
#411 = CARTESIAN_POINT ( 'NONE',  ( 62.99999999999995737, 33.50000000000000000, -45.54809874937849656 ) ) ;
#412 = CARTESIAN_POINT ( 'NONE',  ( 88.09999999999998010, 14.00000000000000000, -36.22075997188420615 ) ) ;
#413 = ORIENTED_EDGE ( 'NONE', *, *, #1086, .T. ) ;
#414 = ORIENTED_EDGE ( 'NONE', *, *, #1826, .F. ) ;
#415 = CARTESIAN_POINT ( 'NONE',  ( 77.99999999999995737, 33.26959162516327950, -55.68289410716335652 ) ) ;
#416 = DIRECTION ( 'NONE',  ( 0.000000000000000000, -1.000000000000000000, -0.000000000000000000 ) ) ;
#417 = VECTOR ( 'NONE', #553, 1000.000000000000000 ) ;
#418 = CARTESIAN_POINT ( 'NONE',  ( 78.99999999999995737, 63.02071938050821132, 21.82409724188639899 ) ) ;
#419 = CARTESIAN_POINT ( 'NONE',  ( 60.04027883848110037, 70.28275209763853582, -33.73928334195077383 ) ) ;
#420 = EDGE_CURVE ( 'NONE', #1192, #649, #1101, .T. ) ;
#421 = ORIENTED_EDGE ( 'NONE', *, *, #1117, .T. ) ;
#422 = CIRCLE ( 'NONE', #358, 12.72498568747121261 ) ;
#423 = DIRECTION ( 'NONE',  ( 0.000000000000000000, -1.000000000000000000, 0.000000000000000000 ) ) ;
#424 = CARTESIAN_POINT ( 'NONE',  ( 60.10089677026859079, 66.93369661090434874, 19.09378025279834645 ) ) ;
#425 = EDGE_CURVE ( 'NONE', #910, #1098, #193, .T. ) ;
#426 = VERTEX_POINT ( 'NONE', #1849 ) ;
#427 = CARTESIAN_POINT ( 'NONE',  ( 64.33228218888066863, 12.26203959757573969, -46.05326334072481842 ) ) ;
#428 = DIRECTION ( 'NONE',  ( 0.000000000000000000, 0.000000000000000000, -1.000000000000000000 ) ) ;
#429 = AXIS2_PLACEMENT_3D ( 'NONE', #406, #119, #721 ) ;
#430 = CARTESIAN_POINT ( 'NONE',  ( 89.00000000000000000, 40.28000000000000114, 36.00000000000002132 ) ) ;
#431 = FACE_OUTER_BOUND ( 'NONE', #1181, .T. ) ;
#432 = ORIENTED_EDGE ( 'NONE', *, *, #1613, .T. ) ;
#433 = ADVANCED_FACE ( 'NONE', ( #1383, #628 ), #222, .F. ) ;
#434 = CARTESIAN_POINT ( 'NONE',  ( 78.99999999999995737, 6.500000000000017764, 46.00000000000000000 ) ) ;
#435 = B_SPLINE_CURVE_WITH_KNOTS ( 'NONE', 3,
 ( #992, #415, #1609, #1137, #838, #1476, #1748, #387, #126, #106, #1768, #1165, #1432, #1158, #1150, #118 ),
 .UNSPECIFIED., .F., .F.,
 ( 4, 2, 2, 2, 2, 2, 2, 4 ),
 ( 0.000000000000000000, 0.0006902581105441981616, 0.001380516221088396323, 0.002070774331632594268, 0.002761032442176792646, 0.003451290552720990591, 0.004141548663265188536, 0.005522064884353580089 ),
 .UNSPECIFIED. ) ;
#436 = CARTESIAN_POINT ( 'NONE',  ( 60.06642405931469852, 68.73635828495733335, -29.40755736897827077 ) ) ;
#437 = B_SPLINE_CURVE_WITH_KNOTS ( 'NONE', 3,
 ( #466, #1923, #879, #283, #573, #918, #733, #163, #755, #293, #585, #617 ),
 .UNSPECIFIED., .F., .F.,
 ( 4, 2, 2, 2, 2, 4 ),
 ( 6.938893903907228378E-18, 0.005495567209511677785, 0.01099113441902334863, 0.01373891802377918969, 0.01648670162853502902, 0.02198226883804671461 ),
 .UNSPECIFIED. ) ;
#438 = ORIENTED_EDGE ( 'NONE', *, *, #983, .F. ) ;
#439 = CYLINDRICAL_SURFACE ( 'NONE', #1174, 499.9999999999998863 ) ;
#440 = VECTOR ( 'NONE', #1286, 1000.000000000000000 ) ;
#441 = ORIENTED_EDGE ( 'NONE', *, *, #1108, .T. ) ;
#442 = CARTESIAN_POINT ( 'NONE',  ( 63.61121111230422542, 17.88843678955954530, -49.97380804391330145 ) ) ;
#443 = FACE_OUTER_BOUND ( 'NONE', #921, .T. ) ;
#444 = CARTESIAN_POINT ( 'NONE',  ( 63.11078328143336336, 32.59722596722805577, -45.34191549889115436 ) ) ;
#445 = ORIENTED_EDGE ( 'NONE', *, *, #663, .T. ) ;
#446 = CARTESIAN_POINT ( 'NONE',  ( 60.12711467346691308, 65.93895824277966256, 5.806645447871394694 ) ) ;
#447 =( BOUNDED_CURVE ( )  B_SPLINE_CURVE ( 3, ( #1703, #333, #1550, #972 ),
 .UNSPECIFIED., .F., .F. ) 
 B_SPLINE_CURVE_WITH_KNOTS ( ( 4, 4 ),
 ( 1.486793601163649114, 1.540642196313885215 ),
 .UNSPECIFIED. ) 
 CURVE ( )  GEOMETRIC_REPRESENTATION_ITEM ( )  RATIONAL_B_SPLINE_CURVE ( ( 1.000000000000000000, 0.9997583753303931342, 0.9997583753303931342, 1.000000000000000000 ) ) 
 REPRESENTATION_ITEM ( '' )  );
#448 = FACE_OUTER_BOUND ( 'NONE', #850, .T. ) ;
#449 = DIRECTION ( 'NONE',  ( 1.000000000000000000, 0.000000000000000000, 0.000000000000000000 ) ) ;
#450 = EDGE_CURVE ( 'NONE', #577, #1721, #1131, .T. ) ;
#451 = CARTESIAN_POINT ( 'NONE',  ( 60.01656497821088720, 71.98338420258943415, 3.078841356698982068 ) ) ;
#452 = LINE ( 'NONE', #161, #1775 ) ;
#453 = AXIS2_PLACEMENT_3D ( 'NONE', #1270, #844, #101 ) ;
#454 = EDGE_CURVE ( 'NONE', #354, #1852, #1824, .T. ) ;
#455 = ORIENTED_EDGE ( 'NONE', *, *, #674, .T. ) ;
#456 = CYLINDRICAL_SURFACE ( 'NONE', #1862, 499.9999999999998863 ) ;
#457 = VERTEX_POINT ( 'NONE', #1714 ) ;
#458 = ORIENTED_EDGE ( 'NONE', *, *, #1034, .T. ) ;
#459 = CARTESIAN_POINT ( 'NONE',  ( 60.01070473631547486, 72.49769627775145864, -17.02554655246924398 ) ) ;
#460 = ORIENTED_EDGE ( 'NONE', *, *, #748, .F. ) ;
#461 = CARTESIAN_POINT ( 'NONE',  ( 102.7322330470336169, 3.999999999999972466, 18.73223304703372705 ) ) ;
#462 = LINE ( 'NONE', #1168, #751 ) ;
#463 = CARTESIAN_POINT ( 'NONE',  ( 59.99999999999992184, 73.55458317610221286, -0.2840686134947095765 ) ) ;
#464 = CARTESIAN_POINT ( 'NONE',  ( 89.00000000000000000, 4.000000000000000000, 46.00000000000000000 ) ) ;
#465 = ORIENTED_EDGE ( 'NONE', *, *, #73, .F. ) ;
#466 = CARTESIAN_POINT ( 'NONE',  ( 62.04371866596169838, 32.70742301879543135, 33.52902705324746080 ) ) ;
#467 = ORIENTED_EDGE ( 'NONE', *, *, #425, .F. ) ;
#468 = CARTESIAN_POINT ( 'NONE',  ( 60.08289267666268785, 67.91279381842356599, 2.945667788666932019 ) ) ;
#469 = EDGE_CURVE ( 'NONE', #1412, #897, #1102, .T. ) ;
#470 = FACE_OUTER_BOUND ( 'NONE', #1413, .T. ) ;
#471 = EDGE_CURVE ( 'NONE', #942, #457, #1085, .T. ) ;
#472 = ORIENTED_EDGE ( 'NONE', *, *, #1160, .T. ) ;
#473 = CARTESIAN_POINT ( 'NONE',  ( 60.00000000000000000, 73.55458317610201391, -27.53593138650577998 ) ) ;
#474 = CARTESIAN_POINT ( 'NONE',  ( 77.53753075052505039, 38.25394886960698670, -56.21836548179383897 ) ) ;
#475 = CARTESIAN_POINT ( 'NONE',  ( 62.90344125128552122, 24.09551426326972745, 33.81544559527436178 ) ) ;
#476 = CARTESIAN_POINT ( 'NONE',  ( 60.04546569751265395, 69.94317990704749377, -0.8685851227238806649 ) ) ;
#477 = CARTESIAN_POINT ( 'NONE',  ( 84.00099999999999056, 11.64000000000000057, -42.39999999999999858 ) ) ;
#478 = ORIENTED_EDGE ( 'NONE', *, *, #1486, .F. ) ;
#479 = CARTESIAN_POINT ( 'NONE',  ( 59.98636898772659265, 75.44937174932724133, -21.41473997343220503 ) ) ;
#480 = CARTESIAN_POINT ( 'NONE',  ( 77.99999999999995737, 36.50000000000000000, -56.09741072447577181 ) ) ;
#481 = ORIENTED_EDGE ( 'NONE', *, *, #923, .T. ) ;
#482 = EDGE_CURVE ( 'NONE', #649, #1004, #345, .T. ) ;
#483 = CARTESIAN_POINT ( 'NONE',  ( 64.36002454735708511, 39.27911809499656215, -56.25478355514479745 ) ) ;
#484 = VECTOR ( 'NONE', #1726, 1000.000000000000000 ) ;
#485 = CARTESIAN_POINT ( 'NONE',  ( 61.28057146355222784, 42.00543256626470168, -46.26641655800941066 ) ) ;
#486 = CARTESIAN_POINT ( 'NONE',  ( 77.99999999999995737, 40.28000000000000114, -13.90999999999999481 ) ) ;
#487 = EDGE_CURVE ( 'NONE', #366, #1404, #78, .T. ) ;
#488 = ORIENTED_EDGE ( 'NONE', *, *, #469, .F. ) ;
#489 = CARTESIAN_POINT ( 'NONE',  ( 59.98283655614289245, 76.23622747672207822, -16.23635573865582415 ) ) ;
#490 = CARTESIAN_POINT ( 'NONE',  ( 60.54180906406516982, 54.34992990555090842, -47.02925737139894835 ) ) ;
#491 = DIRECTION ( 'NONE',  ( -1.000000000000000000, -0.000000000000000000, -0.000000000000000000 ) ) ;
#492 = ADVANCED_FACE ( 'NONE', ( #384 ), #1113, .F. ) ;
#493 = LINE ( 'NONE', #1094, #1231 ) ;
#494 = ORIENTED_EDGE ( 'NONE', *, *, #79, .T. ) ;
#495 = CARTESIAN_POINT ( 'NONE',  ( 62.05665080758552676, 32.53469490519130858, 36.95785098837128402 ) ) ;
#496 = ORIENTED_EDGE ( 'NONE', *, *, #829, .F. ) ;
#497 = ORIENTED_EDGE ( 'NONE', *, *, #569, .F. ) ;
#498 = CARTESIAN_POINT ( 'NONE',  ( 59.98965898275793762, 74.88499296476639699, -23.69255598858757139 ) ) ;
#499 = DIRECTION ( 'NONE',  ( 0.000000000000000000, 0.000000000000000000, 1.000000000000000000 ) ) ;
#500 = DIRECTION ( 'NONE',  ( 0.000000000000000000, -0.8436525123164418938, 0.5368895961574928766 ) ) ;
#501 = AXIS2_PLACEMENT_3D ( 'NONE', #461, #749, #1478 ) ;
#502 = CARTESIAN_POINT ( 'NONE',  ( 60.99146615805321403, 46.29540810399576856, -45.70533040080874798 ) ) ;
#503 = VERTEX_POINT ( 'NONE', #704 ) ;
#504 = DIRECTION ( 'NONE',  ( 0.000000000000000000, 0.000000000000000000, -1.000000000000000000 ) ) ;
#505 = ORIENTED_EDGE ( 'NONE', *, *, #223, .F. ) ;
#506 = ORIENTED_EDGE ( 'NONE', *, *, #1808, .F. ) ;
#507 = EDGE_CURVE ( 'NONE', #151, #143, #1577, .T. ) ;
#508 = FACE_OUTER_BOUND ( 'NONE', #1649, .T. ) ;
#509 = DIRECTION ( 'NONE',  ( -0.000000000000000000, -0.000000000000000000, 1.000000000000000000 ) ) ;
#510 = CARTESIAN_POINT ( 'NONE',  ( 66.26870709644236968, 40.00000000000000711, -56.26549106828553448 ) ) ;
#511 = ADVANCED_FACE ( 'NONE', ( #263 ), #987, .T. ) ;
#512 = EDGE_CURVE ( 'NONE', #238, #1776, #1425, .T. ) ;
#513 = CARTESIAN_POINT ( 'NONE',  ( 61.89579350915499845, 34.32243668659633329, 40.08731483563509101 ) ) ;
#514 = VECTOR ( 'NONE', #1009, 1000.000000000000114 ) ;
#515 = CARTESIAN_POINT ( 'NONE',  ( 61.77062090623368107, 35.78787560719460004, -52.43029006436240991 ) ) ;
#516 = AXIS2_PLACEMENT_3D ( 'NONE', #1938, #596, #154 ) ;
#517 = EDGE_LOOP ( 'NONE', ( #488, #1838, #701, #893, #1565, #1668, #1421, #288 ) ) ;
#518 = DIRECTION ( 'NONE',  ( 0.000000000000000000, 0.000000000000000000, -1.000000000000000000 ) ) ;
#519 = EDGE_LOOP ( 'NONE', ( #894, #1805, #1217, #359 ) ) ;
#520 = VERTEX_POINT ( 'NONE', #695 ) ;
#521 = CARTESIAN_POINT ( 'NONE',  ( 93.64297739604479887, 16.85414861350465898, 46.00000000000000000 ) ) ;
#522 = CARTESIAN_POINT ( 'NONE',  ( 62.79648663557538413, 25.09015008789281254, -46.50782134775052157 ) ) ;
#523 = AXIS2_PLACEMENT_3D ( 'NONE', #631, #668, #360 ) ;
#524 = DIRECTION ( 'NONE',  ( 0.000000000000000000, 0.000000000000000000, -1.000000000000000000 ) ) ;
#525 = AXIS2_PLACEMENT_3D ( 'NONE', #486, #1546, #1388 ) ;
#526 = CARTESIAN_POINT ( 'NONE',  ( 61.95136588833839397, 33.72689499615934494, -52.11470736928713166 ) ) ;
#527 = VERTEX_POINT ( 'NONE', #975 ) ;
#528 = CARTESIAN_POINT ( 'NONE',  ( 89.00000000000000000, 57.65182341893329010, 13.38757211872198738 ) ) ;
#529 = LINE ( 'NONE', #230, #1793 ) ;
#530 = CARTESIAN_POINT ( 'NONE',  ( 60.74888548069142047, 50.35802014379096647, -48.43237842371387814 ) ) ;
#531 = DIRECTION ( 'NONE',  ( 0.000000000000000000, 0.000000000000000000, 1.000000000000000000 ) ) ;
#532 = CARTESIAN_POINT ( 'NONE',  ( 77.99999999999995737, 33.50000000000000000, -56.26741655800941544 ) ) ;
#533 = CARTESIAN_POINT ( 'NONE',  ( 76.63401304165965655, 39.28358188350941305, -56.25488545531030127 ) ) ;
#534 =( BOUNDED_CURVE ( )  B_SPLINE_CURVE ( 3, ( #1057, #1810, #1360, #582 ),
 .UNSPECIFIED., .F., .T. ) 
 B_SPLINE_CURVE_WITH_KNOTS ( ( 4, 4 ),
 ( 1.476012710117199811, 1.529897572906278258 ),
 .UNSPECIFIED. ) 
 CURVE ( )  GEOMETRIC_REPRESENTATION_ITEM ( )  RATIONAL_B_SPLINE_CURVE ( ( 1.000000000000000000, 0.9997580497665788934, 0.9997580497665788934, 1.000000000000000000 ) ) 
 REPRESENTATION_ITEM ( '' )  );
#535 = VERTEX_POINT ( 'NONE', #411 ) ;
#536 = DIRECTION ( 'NONE',  ( -1.000000000000000000, -0.000000000000000000, -0.000000000000000000 ) ) ;
#537 = DIRECTION ( 'NONE',  ( -0.000000000000000000, -0.5773502691896283956, -0.8164965809277241471 ) ) ;
#538 = ORIENTED_EDGE ( 'NONE', *, *, #1634, .F. ) ;
#539 = APPLICATION_CONTEXT ( 'automotive_design' ) ;
#540 = DIRECTION ( 'NONE',  ( -0.000000000000000000, 0.000000000000000000, 1.000000000000000000 ) ) ;
#541 = CARTESIAN_POINT ( 'NONE',  ( 62.99999999999995737, 36.50000000000000000, -46.04486101534321563 ) ) ;
#542 = PRESENTATION_STYLE_ASSIGNMENT (( #1458 ) ) ;
#543 = EDGE_CURVE ( 'NONE', #810, #1618, #1734, .T. ) ;
#544 = CARTESIAN_POINT ( 'NONE',  ( 65.50000000000001421, 4.000000000000000000, -42.39999999999949409 ) ) ;
#545 = CARTESIAN_POINT ( 'NONE',  ( 60.03442173751819411, 70.43081162710990384, -38.42289865541712857 ) ) ;
#546 = CARTESIAN_POINT ( 'NONE',  ( 76.07265171597302356, 30.36476843778147838, -44.70991425792020380 ) ) ;
#547 = CARTESIAN_POINT ( 'NONE',  ( 104.4999999999997300, 3.999999999999934275, -20.49999999999986144 ) ) ;
#548 = AXIS2_PLACEMENT_3D ( 'NONE', #244, #1895, #1271 ) ;
#549 = ORIENTED_EDGE ( 'NONE', *, *, #923, .F. ) ;
#550 = CARTESIAN_POINT ( 'NONE',  ( 84.00099999999999056, 11.64000000000018709, -39.59999999999999432 ) ) ;
#551 = CYLINDRICAL_SURFACE ( 'NONE', #868, 3.500000000000003109 ) ;
#552 = CARTESIAN_POINT ( 'NONE',  ( 83.99999999999998579, 28.05093679197338830, 44.07841661814588718 ) ) ;
#553 = DIRECTION ( 'NONE',  ( -0.000000000000000000, -0.000000000000000000, 1.000000000000000000 ) ) ;
#554 = CARTESIAN_POINT ( 'NONE',  ( 60.38298072093964208, 58.00023831899498816, -48.38526054691362077 ) ) ;
#555 = EDGE_CURVE ( 'NONE', #772, #98, #685, .T. ) ;
#556 = ORIENTED_EDGE ( 'NONE', *, *, #1735, .F. ) ;
#557 = CARTESIAN_POINT ( 'NONE',  ( 77.29717805992090973, 31.38411486691323304, -45.02011677678285650 ) ) ;
#558 = LINE ( 'NONE', #1434, #1024 ) ;
#559 = PLANE ( 'NONE',  #1825 ) ;
#560 = CARTESIAN_POINT ( 'NONE',  ( 60.01112322672719301, 72.42049081100765306, -30.09109386772234274 ) ) ;
#561 = ORIENTED_EDGE ( 'NONE', *, *, #1330, .T. ) ;
#562 = MANIFOLD_SOLID_BREP ( 'Cut-Extrude2', #676 ) ;
#563 = CARTESIAN_POINT ( 'NONE',  ( 62.99999999999995737, 40.28000000000000114, -13.90999999999999481 ) ) ;
#564 = CARTESIAN_POINT ( 'NONE',  ( 63.84984789334821897, 31.20256201129190288, -44.96746644673491033 ) ) ;
#565 = ORIENTED_EDGE ( 'NONE', *, *, #660, .F. ) ;
#566 = DIRECTION ( 'NONE',  ( 0.000000000000000000, 0.000000000000000000, -1.000000000000000000 ) ) ;
#567 = AXIS2_PLACEMENT_3D ( 'NONE', #758, #149, #1780 ) ;
#568 = CARTESIAN_POINT ( 'NONE',  ( 60.00000000000000000, 73.55458317610201391, -40.11816930066430587 ) ) ;
#569 = EDGE_CURVE ( 'NONE', #238, #1754, #1864, .T. ) ;
#570 = PLANE ( 'NONE',  #501 ) ;
#571 = CARTESIAN_POINT ( 'NONE',  ( 63.89310919018215174, 15.65823326396940907, -43.84039303474718707 ) ) ;
#572 = ORIENTED_EDGE ( 'NONE', *, *, #1086, .F. ) ;
#573 = CARTESIAN_POINT ( 'NONE',  ( 62.85765872133170262, 24.49390852463846358, 37.53294889108214250 ) ) ;
#574 = ADVANCED_FACE ( 'NONE', ( #1288 ), #1904, .F. ) ;
#575 = B_SPLINE_CURVE_WITH_KNOTS ( 'NONE', 3,
 ( #147, #747, #777, #21, #900, #176, #1187, #295, #909, #1054, #1797, #1932, #1036, #135 ),
 .UNSPECIFIED., .F., .F.,
 ( 4, 2, 2, 2, 2, 2, 4 ),
 ( 0.08296150057726865701, 0.08573802035445904357, 0.08851454013164941625, 0.09406757968603017550, 0.09684409946322054819, 0.09962061924041093475, 0.1051736587947916801 ),
 .UNSPECIFIED. ) ;
#576 = ORIENTED_EDGE ( 'NONE', *, *, #1206, .F. ) ;
#577 = VERTEX_POINT ( 'NONE', #1008 ) ;
#578 = CARTESIAN_POINT ( 'NONE',  ( 57.99999999999999289, 11.86000000000000654, 39.60000000000000142 ) ) ;
#579 = EDGE_CURVE ( 'NONE', #527, #116, #1606, .T. ) ;
#580 = AXIS2_PLACEMENT_3D ( 'NONE', #1035, #1639, #1939 ) ;
#581 = LINE ( 'NONE', #891, #1482 ) ;
#582 = CARTESIAN_POINT ( 'NONE',  ( 60.39749838039487884, 57.65182341893328299, 13.38757211872197317 ) ) ;
#583 = AXIS2_PLACEMENT_3D ( 'NONE', #914, #1503, #182 ) ;
#584 = CARTESIAN_POINT ( 'NONE',  ( 60.67628319934040348, 51.69689325016042858, -54.70485032579964013 ) ) ;
#585 = CARTESIAN_POINT ( 'NONE',  ( 64.13977215222337236, 13.70189150104171105, 39.60000000000001563 ) ) ;
#586 = VECTOR ( 'NONE', #1582, 1000.000000000000000 ) ;
#587 = CIRCLE ( 'NONE', #1145, 38.75641655800941976 ) ;
#588 = VERTEX_POINT ( 'NONE', #1299 ) ;
#589 = EDGE_LOOP ( 'NONE', ( #1518, #1144, #52, #659, #432, #227, #789, #458 ) ) ;
#590 = ADVANCED_BREP_SHAPE_REPRESENTATION ( 'Waist_Cover', ( #562, #1573 ), #1311 ) ;
#591 = ORIENTED_EDGE ( 'NONE', *, *, #1740, .T. ) ;
#592 = CYLINDRICAL_SURFACE ( 'NONE', #567, 9.124985687471220075 ) ;
#593 = LINE ( 'NONE', #1499, #930 ) ;
#594 = ORIENTED_EDGE ( 'NONE', *, *, #282, .F. ) ;
#595 = DIRECTION ( 'NONE',  ( 0.000000000000000000, 0.000000000000000000, 1.000000000000000000 ) ) ;
#596 = DIRECTION ( 'NONE',  ( 8.673617379884043361E-16, 1.000000000000000000, 0.000000000000000000 ) ) ;
#597 = DIRECTION ( 'NONE',  ( 1.000000000000000000, 0.000000000000000000, 0.000000000000000000 ) ) ;
#598 = DIRECTION ( 'NONE',  ( -1.000000000000000000, -0.000000000000000000, -0.000000000000000000 ) ) ;
#599 = CARTESIAN_POINT ( 'NONE',  ( 57.99999999999999289, 34.21071388803641611, 35.89125408773348624 ) ) ;
#600 = DIRECTION ( 'NONE',  ( -1.000000000000000000, 0.000000000000000000, 0.000000000000000000 ) ) ;
#601 =( BOUNDED_CURVE ( )  B_SPLINE_CURVE ( 3, ( #1689, #958, #1563, #1087 ),
 .UNSPECIFIED., .F., .T. ) 
 B_SPLINE_CURVE_WITH_KNOTS ( ( 4, 4 ),
 ( 1.482913673608623695, 1.536774597875288917 ),
 .UNSPECIFIED. ) 
 CURVE ( )  GEOMETRIC_REPRESENTATION_ITEM ( )  RATIONAL_B_SPLINE_CURVE ( ( 1.000000000000000000, 0.9997582646801657091, 0.9997582646801657091, 1.000000000000000000 ) ) 
 REPRESENTATION_ITEM ( '' )  );
#602 = VECTOR ( 'NONE', #1074, 1000.000000000000000 ) ;
#603 = ORIENTED_EDGE ( 'NONE', *, *, #845, .F. ) ;
#604 = CARTESIAN_POINT ( 'NONE',  ( 60.06013974656748644, 69.03250946295428037, 7.758340577204091204 ) ) ;
#605 = CARTESIAN_POINT ( 'NONE',  ( 77.82049086082872691, 37.62968318293538772, -56.18394275257710291 ) ) ;
#606 = DIRECTION ( 'NONE',  ( 0.000000000000000000, 0.000000000000000000, -1.000000000000000000 ) ) ;
#607 = VERTEX_POINT ( 'NONE', #1916 ) ;
#608 = EDGE_LOOP ( 'NONE', ( #1630, #1410, #209, #594 ) ) ;
#609 = ORIENTED_EDGE ( 'NONE', *, *, #1393, .T. ) ;
#610 = CARTESIAN_POINT ( 'NONE',  ( 64.03667884403577659, 14.52570749151449014, -36.31998000423115514 ) ) ;
#611 = CARTESIAN_POINT ( 'NONE',  ( 74.49999999999995737, 40.00000000000000000, -56.26741655800941544 ) ) ;
#612 = ORIENTED_EDGE ( 'NONE', *, *, #1613, .F. ) ;
#613 = VECTOR ( 'NONE', #1755, 1000.000000000000000 ) ;
#614 = CARTESIAN_POINT ( 'NONE',  ( 60.21756788357082257, 62.60107186318766992, 14.34021982348683544 ) ) ;
#615 = DIRECTION ( 'NONE',  ( 0.000000000000000000, 1.000000000000000000, -6.630094960539835658E-14 ) ) ;
#616 = CIRCLE ( 'NONE', #174, 41.63000000000000256 ) ;
#617 = CARTESIAN_POINT ( 'NONE',  ( 64.38593885708753817, 11.86000000000000654, 39.60000000000000142 ) ) ;
#618 = ORIENTED_EDGE ( 'NONE', *, *, #1427, .F. ) ;
#619 = AXIS2_PLACEMENT_3D ( 'NONE', #1729, #1020, #1601 ) ;
#620 = EDGE_CURVE ( 'NONE', #1899, #577, #271, .T. ) ;
#621 = EDGE_LOOP ( 'NONE', ( #1246, #741, #941, #1672 ) ) ;
#622 = PLANE ( 'NONE',  #1264 ) ;
#623 = ORIENTED_EDGE ( 'NONE', *, *, #845, .T. ) ;
#624 = CIRCLE ( 'NONE', #1720, 32.35641655800941408 ) ;
#625 = CARTESIAN_POINT ( 'NONE',  ( 60.00319891200359024, 73.20236573896957566, 0.5760478861046763877 ) ) ;
#626 = CARTESIAN_POINT ( 'NONE',  ( 83.99999999999998579, 39.99999999999999289, -56.26549106828552027 ) ) ;
#627 = ORIENTED_EDGE ( 'NONE', *, *, #1273, .F. ) ;
#628 = FACE_BOUND ( 'NONE', #589, .T. ) ;
#629 = ORIENTED_EDGE ( 'NONE', *, *, #362, .T. ) ;
#630 = EDGE_CURVE ( 'NONE', #635, #888, #1819, .T. ) ;
#631 = CARTESIAN_POINT ( 'NONE',  ( 41.49999999999997868, 40.28000000000000114, -13.90999999999999481 ) ) ;
#632 = VERTEX_POINT ( 'NONE', #874 ) ;
#633 = DIRECTION ( 'NONE',  ( 0.7071067811865455743, -4.688185106508340326E-14, -0.7071067811865495711 ) ) ;
#634 = DIRECTION ( 'NONE',  ( -1.000000000000000000, -0.000000000000000000, -0.000000000000000000 ) ) ;
#635 = VERTEX_POINT ( 'NONE', #1294 ) ;
#636 = AXIS2_PLACEMENT_3D ( 'NONE', #962, #201, #652 ) ;
#637 = CARTESIAN_POINT ( 'NONE',  ( 62.97986899111509018, 23.39642828828977628, 34.06581593416446907 ) ) ;
#638 = EDGE_CURVE ( 'NONE', #867, #410, #1046, .T. ) ;
#639 = DIRECTION ( 'NONE',  ( -0.000000000000000000, 6.630094960539628661E-14, 1.000000000000000000 ) ) ;
#640 = CARTESIAN_POINT ( 'NONE',  ( 63.39828623766102567, 19.72412276318915403, -38.89786912685006826 ) ) ;
#641 = ORIENTED_EDGE ( 'NONE', *, *, #136, .T. ) ;
#642 = CARTESIAN_POINT ( 'NONE',  ( 59.97979389814180706, 77.41156900412055109, -2.771589308611726032 ) ) ;
#643 = CARTESIAN_POINT ( 'NONE',  ( 61.59829846228310402, 37.88612677469819801, -49.79352033258192733 ) ) ;
#644 = VERTEX_POINT ( 'NONE', #1738 ) ;
#645 = EDGE_CURVE ( 'NONE', #1627, #1412, #435, .T. ) ;
#646 = CARTESIAN_POINT ( 'NONE',  ( 66.49999999999995737, 40.00000000000000711, -56.26549106828552027 ) ) ;
#647 = VECTOR ( 'NONE', #491, 1000.000000000000000 ) ;
#648 = CARTESIAN_POINT ( 'NONE',  ( 60.26731928502506008, 61.07252198913391084, -38.76178404383956888 ) ) ;
#649 = VERTEX_POINT ( 'NONE', #256 ) ;
#650 = CARTESIAN_POINT ( 'NONE',  ( 61.74245700611955101, 36.14351643420338434, 38.92840313207268821 ) ) ;
#651 = ORIENTED_EDGE ( 'NONE', *, *, #1480, .F. ) ;
#652 = DIRECTION ( 'NONE',  ( 1.000000000000000000, 0.000000000000000000, 0.000000000000000000 ) ) ;
#653 = CARTESIAN_POINT ( 'NONE',  ( 61.94957598643322427, 33.73136201287108094, -49.29247545228870564 ) ) ;
#654 = ORIENTED_EDGE ( 'NONE', *, *, #20, .F. ) ;
#655 = DIRECTION ( 'NONE',  ( 0.000000000000000000, 0.000000000000000000, 1.000000000000000000 ) ) ;
#656 = CARTESIAN_POINT ( 'NONE',  ( 64.09930517139591188, 14.00467732295089895, 46.00000000000000000 ) ) ;
#657 = VERTEX_POINT ( 'NONE', #1908 ) ;
#658 = DIRECTION ( 'NONE',  ( 1.000000000000000000, -0.000000000000000000, -0.000000000000000000 ) ) ;
#659 = ORIENTED_EDGE ( 'NONE', *, *, #223, .T. ) ;
#660 = EDGE_CURVE ( 'NONE', #938, #1338, #83, .T. ) ;
#661 = PLANE ( 'NONE',  #380 ) ;
#662 = CARTESIAN_POINT ( 'NONE',  ( 63.40605848161182223, 19.61679501775980938, -43.47116359504031635 ) ) ;
#663 = EDGE_CURVE ( 'NONE', #1852, #116, #616, .T. ) ;
#664 = ORIENTED_EDGE ( 'NONE', *, *, #1634, .T. ) ;
#665 = CARTESIAN_POINT ( 'NONE',  ( 62.34397097922317244, 29.50933461010959036, 31.29708964027804541 ) ) ;
#666 = CARTESIAN_POINT ( 'NONE',  ( 60.78673409078972156, 49.68110684380536668, -44.88264198865378063 ) ) ;
#667 = CARTESIAN_POINT ( 'NONE',  ( 60.26906009138754428, 61.03955203279720365, -46.66701298731082659 ) ) ;
#668 = DIRECTION ( 'NONE',  ( 1.000000000000000000, -0.000000000000000000, -0.000000000000000000 ) ) ;
#669 = VERTEX_POINT ( 'NONE', #578 ) ;
#670 = ORIENTED_EDGE ( 'NONE', *, *, #1504, .T. ) ;
#671 = CARTESIAN_POINT ( 'NONE',  ( 59.99999999999995737, 73.55458317610221286, 5.961133306246090946 ) ) ;
#672 = DIRECTION ( 'NONE',  ( -0.000000000000000000, -0.000000000000000000, 1.000000000000000000 ) ) ;
#673 = DIRECTION ( 'NONE',  ( -4.336808689942021680E-16, -1.000000000000000000, 0.000000000000000000 ) ) ;
#674 = EDGE_CURVE ( 'NONE', #938, #354, #277, .T. ) ;
#675 = CARTESIAN_POINT ( 'NONE',  ( 559.9793796504070542, 78.09549986705461322, -154.0000000000000284 ) ) ;
#676 = CLOSED_SHELL ( 'NONE', ( #1326, #229, #62, #1254, #574, #511, #1378, #1041, #717, #407, #1816, #1202, #820, #1765, #1533, #1915, #1794, #1416, #124, #734, #183, #145, #198, #991, #7, #1790, #310, #1724, #433, #835, #1545, #1753, #1760, #1646, #1602, #1302, #1541, #213, #1701, #1935, #1684, #492, #1848, #1763, #1061, #864, #904, #1523 ) ) ;
#677 = CARTESIAN_POINT ( 'NONE',  ( 63.89310919018215174, 15.65823326396940907, -43.84039303474718707 ) ) ;
#678 = VECTOR ( 'NONE', #379, 1000.000000000000000 ) ;
#679 = ORIENTED_EDGE ( 'NONE', *, *, #1621, .F. ) ;
#680 = ORIENTED_EDGE ( 'NONE', *, *, #1673, .F. ) ;
#681 = PLANE ( 'NONE',  #873 ) ;
#682 = FACE_OUTER_BOUND ( 'NONE', #1581, .T. ) ;
#683 = CARTESIAN_POINT ( 'NONE',  ( 60.67593421675251619, 51.70376880563150479, -48.01071272457870975 ) ) ;
#684 = VECTOR ( 'NONE', #428, 1000.000000000000000 ) ;
#685 = LINE ( 'NONE', #1017, #613 ) ;
#686 = PLANE ( 'NONE',  #1615 ) ;
#687 = AXIS2_PLACEMENT_3D ( 'NONE', #951, #931, #518 ) ;
#688 = CARTESIAN_POINT ( 'NONE',  ( 76.05243655460176910, 39.64524993418531551, -56.26175133295238595 ) ) ;
#689 = ORIENTED_EDGE ( 'NONE', *, *, #1243, .T. ) ;
#690 = CARTESIAN_POINT ( 'NONE',  ( 77.15175738714266629, 31.20436592050283053, -44.96799612071936991 ) ) ;
#691 = DIRECTION ( 'NONE',  ( 0.000000000000000000, -0.8436525123164420048, 0.5368895961574927655 ) ) ;
#692 = EDGE_CURVE ( 'NONE', #1336, #1880, #882, .T. ) ;
#693 = LINE ( 'NONE', #984, #1037 ) ;
#694 = CARTESIAN_POINT ( 'NONE',  ( 76.63511971010066759, 39.28274442101769637, -46.25129504223201593 ) ) ;
#695 = CARTESIAN_POINT ( 'NONE',  ( 60.32214959425547107, 59.58462596510025833, 16.42472116306117158 ) ) ;
#696 = FACE_OUTER_BOUND ( 'NONE', #1547, .T. ) ;
#697 = CARTESIAN_POINT ( 'NONE',  ( 61.33285150918221262, 41.30465604479449837, -52.67769138959890540 ) ) ;
#698 = AXIS2_PLACEMENT_3D ( 'NONE', #430, #1344, #1361 ) ;
#699 = CARTESIAN_POINT ( 'NONE',  ( 60.01638687963561125, 71.94266659857142088, 8.491577498053251460 ) ) ;
#700 = CARTESIAN_POINT ( 'NONE',  ( 66.49999999999995737, 40.00000000000000711, -46.26520502910506849 ) ) ;
#701 = ORIENTED_EDGE ( 'NONE', *, *, #1398, .F. ) ;
#702 = DIRECTION ( 'NONE',  ( 0.000000000000000000, 0.000000000000000000, 1.000000000000000000 ) ) ;
#703 = DIRECTION ( 'NONE',  ( 0.000000000000000000, -9.912705577010318647E-16, -1.000000000000000000 ) ) ;
#704 = CARTESIAN_POINT ( 'NONE',  ( 64.38593885708753817, 11.86000000000001009, 46.00000000000000000 ) ) ;
#705 = EDGE_CURVE ( 'NONE', #1679, #1537, #422, .T. ) ;
#706 = CARTESIAN_POINT ( 'NONE',  ( 66.49999999999995737, 30.00000000000000355, -44.58994935581585395 ) ) ;
#707 = CARTESIAN_POINT ( 'NONE',  ( 88.09999999999998010, 40.28000000000000114, -46.26641655800941066 ) ) ;
#708 = ORIENTED_EDGE ( 'NONE', *, *, #1095, .T. ) ;
#709 = CARTESIAN_POINT ( 'NONE',  ( 76.83227787904861827, 30.88041358949261550, -44.87149273357075430 ) ) ;
#710 = DIRECTION ( 'NONE',  ( -1.000000000000000000, 0.000000000000000000, 0.000000000000000000 ) ) ;
#711 = VECTOR ( 'NONE', #1664, 1000.000000000000000 ) ;
#712 = ORIENTED_EDGE ( 'NONE', *, *, #818, .T. ) ;
#713 = CARTESIAN_POINT ( 'NONE',  ( 84.00099999999999056, 4.000000000000238920, -42.39999999999948699 ) ) ;
#714 = CARTESIAN_POINT ( 'NONE',  ( 66.49999999999995737, 36.50000000000000000, -56.26741655800941544 ) ) ;
#715 = DIRECTION ( 'NONE',  ( -1.000000000000000000, -0.000000000000000000, -0.000000000000000000 ) ) ;
#716 = VECTOR ( 'NONE', #1560, 1000.000000000000000 ) ;
#717 = ADVANCED_FACE ( 'NONE', ( #1274 ), #395, .F. ) ;
#718 = CARTESIAN_POINT ( 'NONE',  ( 89.00000000000000000, 11.64000000000000057, -48.72498568747121794 ) ) ;
#719 = ORIENTED_EDGE ( 'NONE', *, *, #1687, .T. ) ;
#720 = CARTESIAN_POINT ( 'NONE',  ( 60.12205060959276182, 65.97011028582272729, 15.26314100296310983 ) ) ;
#721 = DIRECTION ( 'NONE',  ( 0.000000000000000000, 1.000000000000000000, -6.630094960539835658E-14 ) ) ;
#722 = FACE_OUTER_BOUND ( 'NONE', #134, .T. ) ;
#723 = CARTESIAN_POINT ( 'NONE',  ( 64.74151627289793964, 39.53492999182358858, -46.25809180455230774 ) ) ;
#724 = EDGE_CURVE ( 'NONE', #1540, #151, #837, .T. ) ;
#725 = CARTESIAN_POINT ( 'NONE',  ( 77.89016515482978775, 32.60123006709861926, -45.34288145666390335 ) ) ;
#726 = DIRECTION ( 'NONE',  ( -1.000000000000000000, 0.000000000000000000, -0.000000000000000000 ) ) ;
#727 = CARTESIAN_POINT ( 'NONE',  ( 74.96918509324839874, 30.02368668915088534, -44.59791552679139670 ) ) ;
#728 = AXIS2_PLACEMENT_3D ( 'NONE', #1201, #1350, #1029 ) ;
#729 = DIRECTION ( 'NONE',  ( 1.000000000000000000, -0.000000000000000000, -0.000000000000000000 ) ) ;
#730 = APPLICATION_PROTOCOL_DEFINITION ( 'draft international standard', 'automotive_design', 1998, #1040 ) ;
#731 = DIRECTION ( 'NONE',  ( 0.000000000000000000, -1.000000000000000000, 9.912705577010318647E-16 ) ) ;
#732 = CARTESIAN_POINT ( 'NONE',  ( 57.99999999999999289, 4.000000000000000000, 42.39999999999999858 ) ) ;
#733 = CARTESIAN_POINT ( 'NONE',  ( 63.25387101080291785, 20.95889492859213377, 38.53014227289125415 ) ) ;
#734 = ADVANCED_FACE ( 'NONE', ( #431 ), #1737, .F. ) ;
#735 = ORIENTED_EDGE ( 'NONE', *, *, #569, .T. ) ;
#736 = CARTESIAN_POINT ( 'NONE',  ( 60.03238883097559153, 70.81362370623267566, -24.62570671140316847 ) ) ;
#737 = ORIENTED_EDGE ( 'NONE', *, *, #1859, .T. ) ;
#738 = AXIS2_PLACEMENT_3D ( 'NONE', #675, #196, #1078 ) ;
#739 = LINE ( 'NONE', #1809, #848 ) ;
#740 = CARTESIAN_POINT ( 'NONE',  ( 57.99999999999999289, 59.58462596510025833, 16.42472116306117158 ) ) ;
#741 = ORIENTED_EDGE ( 'NONE', *, *, #169, .T. ) ;
#742 = CARTESIAN_POINT ( 'NONE',  ( 60.20120157839413366, 63.19127016510795158, -49.54203706788898387 ) ) ;
#743 = PLANE ( 'NONE',  #516 ) ;
#744 = DIRECTION ( 'NONE',  ( -0.000000000000000000, 0.000000000000000000, 1.000000000000000000 ) ) ;
#745 = AXIS2_PLACEMENT_3D ( 'NONE', #211, #672, #1258 ) ;
#746 = AXIS2_PLACEMENT_3D ( 'NONE', #892, #286, #1065 ) ;
#747 = CARTESIAN_POINT ( 'NONE',  ( 61.48152144419034926, 39.35606345379823523, -46.26641655800941777 ) ) ;
#748 = EDGE_CURVE ( 'NONE', #1063, #366, #253, .T. ) ;
#749 = DIRECTION ( 'NONE',  ( -0.4999999999999990008, 0.7071067811865465735, -0.5000000000000025535 ) ) ;
#750 = CARTESIAN_POINT ( 'NONE',  ( 57.99999999999999289, 11.64000000000018709, -39.59999999999999432 ) ) ;
#751 = VECTOR ( 'NONE', #1781, 1000.000000000000000 ) ;
#752 = EDGE_CURVE ( 'NONE', #66, #1658, #1136, .T. ) ;
#753 = DIRECTION ( 'NONE',  ( -1.000000000000000000, -0.000000000000000000, -0.000000000000000000 ) ) ;
#754 = CARTESIAN_POINT ( 'NONE',  ( 83.99999999999998579, 11.64000000000000057, -45.99999999999999289 ) ) ;
#755 = CARTESIAN_POINT ( 'NONE',  ( 63.57257563521643817, 18.25303212617287585, 39.08107528295477096 ) ) ;
#756 = VERTEX_POINT ( 'NONE', #707 ) ;
#757 = CARTESIAN_POINT ( 'NONE',  ( 60.13374033263130514, 65.66920147873564417, 6.152832878939211270 ) ) ;
#758 = CARTESIAN_POINT ( 'NONE',  ( 84.00099999999999056, 11.64000000000000057, -48.72498568747121794 ) ) ;
#759 = CARTESIAN_POINT ( 'NONE',  ( 62.99999999999995737, 36.50000000000000000, -46.04486101534321563 ) ) ;
#760 = AXIS2_PLACEMENT_3D ( 'NONE', #210, #1402, #1381 ) ;
#761 = ORIENTED_EDGE ( 'NONE', *, *, #335, .T. ) ;
#762 = ORIENTED_EDGE ( 'NONE', *, *, #1504, .F. ) ;
#763 = LINE ( 'NONE', #1635, #1064 ) ;
#764 = CARTESIAN_POINT ( 'NONE',  ( 66.03719073235333781, 30.02312195876157475, -55.00579841361882671 ) ) ;
#765 = EDGE_CURVE ( 'NONE', #218, #772, #927, .T. ) ;
#766 = DIRECTION ( 'NONE',  ( 0.000000000000000000, -6.629121854625663796E-14, -1.000000000000000000 ) ) ;
#767 = VERTEX_POINT ( 'NONE', #828 ) ;
#768 = FACE_OUTER_BOUND ( 'NONE', #389, .T. ) ;
#769 = VERTEX_POINT ( 'NONE', #1418 ) ;
#770 = CARTESIAN_POINT ( 'NONE',  ( 61.96350512748959005, 33.59069185777153876, -55.74078475348249384 ) ) ;
#771 = DIRECTION ( 'NONE',  ( 1.000000000000000000, -0.000000000000000000, -0.000000000000000000 ) ) ;
#772 = VERTEX_POINT ( 'NONE', #1746 ) ;
#773 = ORIENTED_EDGE ( 'NONE', *, *, #1885, .T. ) ;
#774 = CARTESIAN_POINT ( 'NONE',  ( 57.99999999999999289, 61.08791683434123598, 18.78694819754720768 ) ) ;
#775 = EDGE_LOOP ( 'NONE', ( #1522, #1300, #1464, #762 ) ) ;
#776 = EDGE_CURVE ( 'NONE', #657, #810, #856, .T. ) ;
#777 = CARTESIAN_POINT ( 'NONE',  ( 61.55430928850893224, 38.43046721714500791, -46.22691780444765186 ) ) ;
#778 = AXIS2_PLACEMENT_3D ( 'NONE', #1014, #416, #278 ) ;
#779 = CARTESIAN_POINT ( 'NONE',  ( 41.49999999999997868, 40.28000000000000114, -46.26641655800941066 ) ) ;
#780 = AXIS2_PLACEMENT_3D ( 'NONE', #307, #449, #1369 ) ;
#781 = CARTESIAN_POINT ( 'NONE',  ( 60.39749838039487884, 57.65182341893328299, 13.38757211872197317 ) ) ;
#782 = CARTESIAN_POINT ( 'NONE',  ( 41.49999999999997158, 30.00000000000001776, -44.58994935581586105 ) ) ;
#783 = EDGE_CURVE ( 'NONE', #457, #1463, #452, .T. ) ;
#784 = CARTESIAN_POINT ( 'NONE',  ( 62.47328101121588162, 28.20031352848718598, 32.01707205545383772 ) ) ;
#785 = CARTESIAN_POINT ( 'NONE',  ( 62.64918690621364306, 26.49179671626991350, 43.57130186189824883 ) ) ;
#786 = EDGE_LOOP ( 'NONE', ( #1574, #32, #556, #1157 ) ) ;
#787 = EDGE_CURVE ( 'NONE', #897, #1899, #977, .T. ) ;
#788 = LINE ( 'NONE', #1245, #1433 ) ;
#789 = ORIENTED_EDGE ( 'NONE', *, *, #1589, .T. ) ;
#790 = CARTESIAN_POINT ( 'NONE',  ( 59.98026466829455217, 79.03625335807382157, -12.15267428871027278 ) ) ;
#791 = CARTESIAN_POINT ( 'NONE',  ( 61.65512222674355058, 37.18804432467932486, -49.74003213129878276 ) ) ;
#792 = ORIENTED_EDGE ( 'NONE', *, *, #1678, .T. ) ;
#793 = AXIS2_PLACEMENT_3D ( 'NONE', #1297, #1722, #374 ) ;
#794 = DIRECTION ( 'NONE',  ( 0.000000000000000000, 0.8436525123164420048, -0.5368895961574928766 ) ) ;
#795 = CYLINDRICAL_SURFACE ( 'NONE', #1772, 38.83000000000000540 ) ;
#796 = FACE_OUTER_BOUND ( 'NONE', #348, .T. ) ;
#797 = ORIENTED_EDGE ( 'NONE', *, *, #1442, .T. ) ;
#798 = CARTESIAN_POINT ( 'NONE',  ( 59.98161121799412143, 76.57387341103309097, -27.53289465952756032 ) ) ;
#799 = ORIENTED_EDGE ( 'NONE', *, *, #783, .F. ) ;
#800 = AXIS2_PLACEMENT_3D ( 'NONE', #355, #1396, #655 ) ;
#801 = CARTESIAN_POINT ( 'NONE',  ( 62.22368217087220899, 30.77462047262844891, 30.49187800890826594 ) ) ;
#802 = AXIS2_PLACEMENT_3D ( 'NONE', #92, #998, #531 ) ;
#803 = CARTESIAN_POINT ( 'NONE',  ( 60.37177642869471583, 58.27654414888301204, -40.81403163081170504 ) ) ;
#804 = ORIENTED_EDGE ( 'NONE', *, *, #11, .F. ) ;
#805 = EDGE_CURVE ( 'NONE', #1354, #867, #1813, .T. ) ;
#806 = DIRECTION ( 'NONE',  ( -1.000000000000000000, -0.000000000000000000, -0.000000000000000000 ) ) ;
#807 = VERTEX_POINT ( 'NONE', #1792 ) ;
#808 = CYLINDRICAL_SURFACE ( 'NONE', #636, 3.500000000000003109 ) ;
#809 = CARTESIAN_POINT ( 'NONE',  ( 88.99999999999998579, 6.500000000000005329, 36.00000000000002842 ) ) ;
#810 = VERTEX_POINT ( 'NONE', #480 ) ;
#811 = CARTESIAN_POINT ( 'NONE',  ( 63.72910989831009942, 16.95796078892058034, 35.66036152607763654 ) ) ;
#812 = CARTESIAN_POINT ( 'NONE',  ( 60.34394671881008776, 58.99274033164822129, -40.32063524121368658 ) ) ;
#813 = CARTESIAN_POINT ( 'NONE',  ( 60.46261652625502592, 56.10906959836962926, -49.29343160399651680 ) ) ;
#814 = CARTESIAN_POINT ( 'NONE',  ( 57.99999999999999289, 4.000000000000238920, -42.39999999999948699 ) ) ;
#815 = ORIENTED_EDGE ( 'NONE', *, *, #976, .T. ) ;
#816 = PLANE ( 'NONE',  #1220 ) ;
#817 = CARTESIAN_POINT ( 'NONE',  ( 61.16833396424414104, 43.51919925167297265, -49.83085474443348772 ) ) ;
#818 = EDGE_CURVE ( 'NONE', #942, #1081, #1205, .T. ) ;
#819 = FILL_AREA_STYLE ('',( #402 ) ) ;
#820 = ADVANCED_FACE ( 'NONE', ( #1531 ), #317, .F. ) ;
#821 = CARTESIAN_POINT ( 'NONE',  ( 57.99999999999999289, 11.64000000000000057, -48.72498568747121794 ) ) ;
#822 = CARTESIAN_POINT ( 'NONE',  ( 559.9793796504070542, 78.09549986705461322, 39.59999999999999432 ) ) ;
#823 = FACE_OUTER_BOUND ( 'NONE', #1771, .T. ) ;
#824 = PLANE ( 'NONE',  #1447 ) ;
#825 = CARTESIAN_POINT ( 'NONE',  ( 60.98484287585340269, 46.28576777302274081, -49.47174821307896764 ) ) ;
#826 = ORIENTED_EDGE ( 'NONE', *, *, #88, .F. ) ;
#827 = CARTESIAN_POINT ( 'NONE',  ( 84.00099999999999056, 11.86000000000000654, 42.39999999999999858 ) ) ;
#828 = CARTESIAN_POINT ( 'NONE',  ( 65.50000000000001421, 4.000000000000000000, -45.99999999999948841 ) ) ;
#829 = EDGE_CURVE ( 'NONE', #888, #240, #1521, .T. ) ;
#830 = CARTESIAN_POINT ( 'NONE',  ( 76.27821755630236567, 30.47665594594649008, -44.74586262640101353 ) ) ;
#831 = DIRECTION ( 'NONE',  ( 0.000000000000000000, 0.000000000000000000, 1.000000000000000000 ) ) ;
#832 = ORIENTED_EDGE ( 'NONE', *, *, #392, .F. ) ;
#833 = FACE_OUTER_BOUND ( 'NONE', #1320, .T. ) ;
#834 = CARTESIAN_POINT ( 'NONE',  ( 64.94519410323013631, 39.64398389545071666, -46.26028370549285285 ) ) ;
#835 = ADVANCED_FACE ( 'NONE', ( #1075 ), #1069, .T. ) ;
#836 = DIRECTION ( 'NONE',  ( -1.000000000000000000, -0.000000000000000000, -0.000000000000000000 ) ) ;
#837 = LINE ( 'NONE', #1000, #1711 ) ;
#838 = CARTESIAN_POINT ( 'NONE',  ( 77.82309681340092311, 32.37792298088971421, -55.52333174614364708 ) ) ;
#839 = FACE_OUTER_BOUND ( 'NONE', #1512, .T. ) ;
#840 = EDGE_CURVE ( 'NONE', #1380, #143, #886, .T. ) ;
#841 = ORIENTED_EDGE ( 'NONE', *, *, #168, .T. ) ;
#842 = DIRECTION ( 'NONE',  ( -1.000000000000000000, -0.000000000000000000, -0.000000000000000000 ) ) ;
#843 = CARTESIAN_POINT ( 'NONE',  ( 66.03969664002882212, 39.97726798668971782, -46.26503200838988050 ) ) ;
#844 = DIRECTION ( 'NONE',  ( 0.000000000000000000, -6.630094960539835658E-14, -1.000000000000000000 ) ) ;
#845 = EDGE_CURVE ( 'NONE', #632, #917, #1492, .T. ) ;
#846 = CARTESIAN_POINT ( 'NONE',  ( 64.92880370066673379, 30.36396091658239271, -44.70965508243560294 ) ) ;
#847 = CARTESIAN_POINT ( 'NONE',  ( 74.49999999999995737, 40.00000000000000000, -56.26549106828551317 ) ) ;
#848 = VECTOR ( 'NONE', #1, 999.9999999999998863 ) ;
#849 = ORIENTED_EDGE ( 'NONE', *, *, #312, .T. ) ;
#850 = EDGE_LOOP ( 'NONE', ( #14, #641, #1454, #1199 ) ) ;
#851 = CARTESIAN_POINT ( 'NONE',  ( 60.00000000000000000, 73.55458317610201391, 12.29816930066431802 ) ) ;
#852 = DIRECTION ( 'NONE',  ( 0.7071067811865495711, 7.009341333409684003E-16, 0.7071067811865455743 ) ) ;
#853 = CYLINDRICAL_SURFACE ( 'NONE', #728, 3.500000000000003109 ) ;
#854 = CARTESIAN_POINT ( 'NONE',  ( 66.26856483699195621, 40.00000000000002132, -46.26520502910505428 ) ) ;
#855 = CARTESIAN_POINT ( 'NONE',  ( 84.00099999999999056, 11.86000000000000654, 42.39999999999999858 ) ) ;
#856 = B_SPLINE_CURVE_WITH_KNOTS ( 'NONE', 3,
 ( #847, #1597, #234, #1429, #82, #688, #1884, #533, #291, #1223, #1043, #474, #1059, #605, #896, #926, #1801, #1183 ),
 .UNSPECIFIED., .F., .F.,
 ( 4, 2, 2, 2, 2, 2, 2, 2, 4 ),
 ( 0.000000000000000000, 0.0006840326116450941643, 0.001368065223290188329, 0.002052097834935282493, 0.002736130446580376657, 0.003420163058225470822, 0.004104195669870564986, 0.004788228281515659150, 0.005472260893160753314 ),
 .UNSPECIFIED. ) ;
#857 = CARTESIAN_POINT ( 'NONE',  ( 66.03379320276521014, 30.02347379006277706, -44.59784280921940081 ) ) ;
#858 = EDGE_CURVE ( 'NONE', #1721, #657, #302, .T. ) ;
#859 = ORIENTED_EDGE ( 'NONE', *, *, #512, .T. ) ;
#860 = EDGE_LOOP ( 'NONE', ( #48, #1259, #22, #612 ) ) ;
#861 = CARTESIAN_POINT ( 'NONE',  ( 77.54628283689920920, 31.76180096854997004, -45.12564388935047077 ) ) ;
#862 = DIRECTION ( 'NONE',  ( -0.000000000000000000, 0.5368895961574927655, 0.8436525123164420048 ) ) ;
#863 = VECTOR ( 'NONE', #715, 1000.000000000000000 ) ;
#864 = ADVANCED_FACE ( 'NONE', ( #443 ), #743, .F. ) ;
#865 = CARTESIAN_POINT ( 'NONE',  ( 57.99999999999999289, 11.86000000000000654, 42.39999999999999858 ) ) ;
#866 = CARTESIAN_POINT ( 'NONE',  ( 60.02409910939071835, 71.39973636063682250, -31.93552813918102018 ) ) ;
#867 = VERTEX_POINT ( 'NONE', #191 ) ;
#868 = AXIS2_PLACEMENT_3D ( 'NONE', #714, #1913, #1921 ) ;
#869 = DIRECTION ( 'NONE',  ( 0.000000000000000000, -1.769272763184855146E-14, 1.000000000000000000 ) ) ;
#870 = CIRCLE ( 'NONE', #1870, 12.72498568747122683 ) ;
#871 = VECTOR ( 'NONE', #1855, 1000.000000000000000 ) ;
#872 = CARTESIAN_POINT ( 'NONE',  ( 63.45427964002865906, 31.76053075336848153, -45.12530835798102657 ) ) ;
#873 = AXIS2_PLACEMENT_3D ( 'NONE', #1266, #862, #691 ) ;
#874 = CARTESIAN_POINT ( 'NONE',  ( 78.99999999999995737, 11.64000000000000057, -45.99999999999999289 ) ) ;
#875 = FACE_OUTER_BOUND ( 'NONE', #519, .T. ) ;
#876 = DIRECTION ( 'NONE',  ( -1.000000000000000000, -0.000000000000000000, -0.000000000000000000 ) ) ;
#877 = CARTESIAN_POINT ( 'NONE',  ( 75.62917140145579253, 39.82079641254789237, -46.26327755173647205 ) ) ;
#878 = CARTESIAN_POINT ( 'NONE',  ( 78.99999999999995737, 13.37117042065832528, -46.62056273293934083 ) ) ;
#879 = CARTESIAN_POINT ( 'NONE',  ( 62.34076956257786151, 29.53001807767038045, 35.39469316095979678 ) ) ;
#880 = CARTESIAN_POINT ( 'NONE',  ( 60.02841448009861125, 71.09180262179543774, -23.79743476105626598 ) ) ;
#881 = VECTOR ( 'NONE', #1920, 1000.000000000000000 ) ;
#882 = B_SPLINE_CURVE_WITH_KNOTS ( 'NONE', 3,
 ( #1599, #1918, #424, #235, #85, #851 ),
 .UNSPECIFIED., .F., .F.,
 ( 4, 2, 4 ),
 ( 0.000000000000000000, 0.007101906546155003878, 0.01420381309231000776 ),
 .UNSPECIFIED. ) ;
#883 = CARTESIAN_POINT ( 'NONE',  ( 63.60324313987091216, 17.99835578779251222, -37.65157056673267988 ) ) ;
#884 = CARTESIAN_POINT ( 'NONE',  ( 60.00000000000000000, 0.000000000000000000, 0.000000000000000000 ) ) ;
#885 = DIRECTION ( 'NONE',  ( 1.000000000000000000, 0.000000000000000000, 0.000000000000000000 ) ) ;
#886 = LINE ( 'NONE', #1362, #113 ) ;
#887 = CYLINDRICAL_SURFACE ( 'NONE', #580, 35.22999999999999687 ) ;
#888 = VERTEX_POINT ( 'NONE', #1879 ) ;
#889 = EDGE_CURVE ( 'NONE', #769, #200, #117, .T. ) ;
#890 = AXIS2_PLACEMENT_3D ( 'NONE', #155, #597, #606 ) ;
#891 = CARTESIAN_POINT ( 'NONE',  ( 83.99999999999998579, 63.02071938050821132, 21.82409724188639899 ) ) ;
#892 = CARTESIAN_POINT ( 'NONE',  ( 78.99999999999995737, 40.28000000000000114, -13.90999999999999481 ) ) ;
#893 = ORIENTED_EDGE ( 'NONE', *, *, #776, .F. ) ;
#894 = ORIENTED_EDGE ( 'NONE', *, *, #1139, .T. ) ;
#895 = CARTESIAN_POINT ( 'NONE',  ( 60.13325750216545629, 65.68753040122734888, 11.53667639423187730 ) ) ;
#896 = CARTESIAN_POINT ( 'NONE',  ( 77.88753138979592450, 37.40971348104812932, -56.16965780185476831 ) ) ;
#897 = VERTEX_POINT ( 'NONE', #1713 ) ;
#898 = CARTESIAN_POINT ( 'NONE',  ( 559.9793796504070542, 78.09549986705461322, -154.0000000000000284 ) ) ;
#899 = ORIENTED_EDGE ( 'NONE', *, *, #776, .T. ) ;
#900 = CARTESIAN_POINT ( 'NONE',  ( 61.78382547030186345, 35.64514156662644240, -45.94619709707238542 ) ) ;
#901 = EDGE_LOOP ( 'NONE', ( #1911, #3, #1309, #128, #947, #1647, #371, #1156, #565, #1853 ) ) ;
#902 = CARTESIAN_POINT ( 'NONE',  ( 64.41539131245293959, 11.64000000000000057, -45.99999999999999289 ) ) ;
#903 = CARTESIAN_POINT ( 'NONE',  ( 83.99999999999998579, 4.000000000000000000, -45.99999999999948841 ) ) ;
#904 = ADVANCED_FACE ( 'NONE', ( #1083 ), #944, .F. ) ;
#905 = ORIENTED_EDGE ( 'NONE', *, *, #692, .F. ) ;
#906 = CARTESIAN_POINT ( 'NONE',  ( 60.00000000000000000, 73.55458317610201391, -40.11816930066430587 ) ) ;
#907 = CARTESIAN_POINT ( 'NONE',  ( 62.99999999999998579, 33.26968203667566115, -55.68290876839945014 ) ) ;
#908 = CARTESIAN_POINT ( 'NONE',  ( 60.32214959425547107, 59.58462596510025833, 16.42472116306117158 ) ) ;
#909 = CARTESIAN_POINT ( 'NONE',  ( 62.52962886850833968, 27.65277182355813679, -43.71531314927833023 ) ) ;
#910 = VERTEX_POINT ( 'NONE', #231 ) ;
#911 = LINE ( 'NONE', #779, #1686 ) ;
#912 = ORIENTED_EDGE ( 'NONE', *, *, #425, .T. ) ;
#913 = CARTESIAN_POINT ( 'NONE',  ( 60.78938955135696887, 49.63792209748552864, -55.22579035572977801 ) ) ;
#914 = CARTESIAN_POINT ( 'NONE',  ( 559.9793796504070542, 78.09549986705461322, -154.0000000000000284 ) ) ;
#915 = ORIENTED_EDGE ( 'NONE', *, *, #1876, .F. ) ;
#916 = EDGE_CURVE ( 'NONE', #1387, #1336, #447, .T. ) ;
#917 = VERTEX_POINT ( 'NONE', #1268 ) ;
#918 = CARTESIAN_POINT ( 'NONE',  ( 63.15177478092938657, 21.85392233637494641, 38.30306149621714695 ) ) ;
#919 = CARTESIAN_POINT ( 'NONE',  ( 60.03155219193563852, 70.86608220018118232, -3.317996834870966083 ) ) ;
#920 = ORIENTED_EDGE ( 'NONE', *, *, #818, .F. ) ;
#921 = EDGE_LOOP ( 'NONE', ( #331, #986, #708, #1799 ) ) ;
#922 = CARTESIAN_POINT ( 'NONE',  ( 63.40333384337511546, 19.64881477265451792, 41.71136874211084233 ) ) ;
#923 = EDGE_CURVE ( 'NONE', #632, #1941, #1423, .T. ) ;
#924 = VECTOR ( 'NONE', #766, 1000.000000000000000 ) ;
#925 = CARTESIAN_POINT ( 'NONE',  ( 59.98351335549472907, 76.01295893179842267, -18.54579244156942508 ) ) ;
#926 = CARTESIAN_POINT ( 'NONE',  ( 77.97747517971102127, 36.95838183749713579, -56.13658019557436063 ) ) ;
#927 = CIRCLE ( 'NONE', #207, 499.9999999999998863 ) ;
#928 = CARTESIAN_POINT ( 'NONE',  ( 62.99999999999995737, 36.50000000000000000, -56.09741072447577181 ) ) ;
#929 = CARTESIAN_POINT ( 'NONE',  ( 61.41144248456309640, 40.27999999999999403, -46.26641655800941066 ) ) ;
#930 = VECTOR ( 'NONE', #1798, 1000.000000000000000 ) ;
#931 = DIRECTION ( 'NONE',  ( -1.000000000000000000, -0.000000000000000000, -0.000000000000000000 ) ) ;
#932 = ORIENTED_EDGE ( 'NONE', *, *, #555, .F. ) ;
#933 = ORIENTED_EDGE ( 'NONE', *, *, #1322, .F. ) ;
#934 = VECTOR ( 'NONE', #806, 1000.000000000000000 ) ;
#935 = CARTESIAN_POINT ( 'NONE',  ( 59.99193727985966973, 74.44233207977018196, -32.29458121687390104 ) ) ;
#936 = CARTESIAN_POINT ( 'NONE',  ( 60.64096035353234981, 52.37434581840099668, -47.77866918096674453 ) ) ;
#937 = CARTESIAN_POINT ( 'NONE',  ( 63.21540107462135438, 21.28390159544911597, 34.74842733573382958 ) ) ;
#938 = VERTEX_POINT ( 'NONE', #69 ) ;
#939 = FACE_OUTER_BOUND ( 'NONE', #1513, .T. ) ;
#940 = CYLINDRICAL_SURFACE ( 'NONE', #523, 32.35641655800941408 ) ;
#941 = ORIENTED_EDGE ( 'NONE', *, *, #1375, .T. ) ;
#942 = VERTEX_POINT ( 'NONE', #1240 ) ;
#943 = CARTESIAN_POINT ( 'NONE',  ( 59.97945281267919171, 78.45228622404046348, -6.986509695985966495 ) ) ;
#944 = CYLINDRICAL_SURFACE ( 'NONE', #745, 3.500000000000003109 ) ;
#945 = ORIENTED_EDGE ( 'NONE', *, *, #1409, .F. ) ;
#946 = VECTOR ( 'NONE', #99, 1000.000000000000000 ) ;
#947 = ORIENTED_EDGE ( 'NONE', *, *, #88, .T. ) ;
#948 = DIRECTION ( 'NONE',  ( -0.7071067811865495711, 7.009341333409684989E-16, 0.7071067811865455743 ) ) ;
#949 = CARTESIAN_POINT ( 'NONE',  ( 60.65069816367248023, 52.14230562286934401, -44.06317685530364514 ) ) ;
#950 = EDGE_LOOP ( 'NONE', ( #627, #961, #609, #505 ) ) ;
#951 = CARTESIAN_POINT ( 'NONE',  ( 77.99999999999995737, 40.28000000000000114, -13.90999999999999481 ) ) ;
#952 = EDGE_LOOP ( 'NONE', ( #561, #912, #175, #1457, #1250, #1195 ) ) ;
#953 = CARTESIAN_POINT ( 'NONE',  ( 59.98018458247956630, 77.15278257694261299, -25.87772372317292735 ) ) ;
#954 = CARTESIAN_POINT ( 'NONE',  ( 60.48290316838237146, 55.62756022959307245, -46.45638136011376673 ) ) ;
#955 = AXIS2_PLACEMENT_3D ( 'NONE', #821, #1569, #1417 ) ;
#956 = LINE ( 'NONE', #53, #1900 ) ;
#957 = MECHANICAL_DESIGN_GEOMETRIC_PRESENTATION_REPRESENTATION (  '', ( #1709 ), #1617 ) ;
#958 = CARTESIAN_POINT ( 'NONE',  ( 61.12099047574573518, 43.15397234762870227, 30.19987955544075930 ) ) ;
#959 = LINE ( 'NONE', #477, #365 ) ;
#960 = EDGE_LOOP ( 'NONE', ( #339, #735, #1180, #1890 ) ) ;
#961 = ORIENTED_EDGE ( 'NONE', *, *, #787, .T. ) ;
#962 = CARTESIAN_POINT ( 'NONE',  ( 74.49999999999995737, 33.50000000000000000, -56.26741655800941544 ) ) ;
#963 = B_SPLINE_CURVE_WITH_KNOTS ( 'NONE', 3,
 ( #902, #137, #427, #1047, #1927, #1038 ),
 .UNSPECIFIED., .F., .F.,
 ( 4, 2, 4 ),
 ( 0.000000000000000000, 0.0009407381466455865069, 0.001881476293291173014 ),
 .UNSPECIFIED. ) ;
#964 = CARTESIAN_POINT ( 'NONE',  ( 62.19914582502931211, 31.01364690995888296, -48.67979909388269277 ) ) ;
#965 = EDGE_CURVE ( 'NONE', #1338, #1028, #1567, .T. ) ;
#966 = CARTESIAN_POINT ( 'NONE',  ( 65.58752281876401469, 39.88682838790759178, -56.26461587524187991 ) ) ;
#967 = CARTESIAN_POINT ( 'NONE',  ( 57.99999999999999289, 4.000000000000000000, 39.60000000000000142 ) ) ;
#968 = CARTESIAN_POINT ( 'NONE',  ( 60.00000000000000000, 73.55458317610201391, -33.78113330624642430 ) ) ;
#969 = DIRECTION ( 'NONE',  ( -1.000000000000000000, 0.000000000000000000, -0.000000000000000000 ) ) ;
#970 = ORIENTED_EDGE ( 'NONE', *, *, #705, .T. ) ;
#971 = FACE_OUTER_BOUND ( 'NONE', #860, .T. ) ;
#972 = CARTESIAN_POINT ( 'NONE',  ( 60.20668032272019587, 63.02071938050821132, 21.82409724188639544 ) ) ;
#973 = ORIENTED_EDGE ( 'NONE', *, *, #660, .T. ) ;
#974 = AXIS2_PLACEMENT_3D ( 'NONE', #1444, #842, #702 ) ;
#975 = CARTESIAN_POINT ( 'NONE',  ( 64.38593885708753817, 11.86000000000001009, 42.39999999999999147 ) ) ;
#976 = EDGE_CURVE ( 'NONE', #376, #644, #41, .T. ) ;
#977 = B_SPLINE_CURVE_WITH_KNOTS ( 'NONE', 3,
 ( #1194, #309, #764, #34, #1356, #1051, #1345, #5, #1655, #1831, #17, #1822, #1671, #1333, #907, #1515 ),
 .UNSPECIFIED., .F., .F.,
 ( 4, 2, 2, 2, 2, 2, 2, 4 ),
 ( 0.000000000000000000, 0.0006902548557597197685, 0.001380509711519439537, 0.002070764567279159089, 0.002761019423038879074, 0.004141529134558318177, 0.004831783990318049005, 0.005522038846077779832 ),
 .UNSPECIFIED. ) ;
#978 = CYLINDRICAL_SURFACE ( 'NONE', #1650, 41.63000000000000256 ) ;
#979 = DIRECTION ( 'NONE',  ( -0.000000000000000000, 0.000000000000000000, 1.000000000000000000 ) ) ;
#980 = ORIENTED_EDGE ( 'NONE', *, *, #1398, .T. ) ;
#981 = ORIENTED_EDGE ( 'NONE', *, *, #1007, .T. ) ;
#982 = CARTESIAN_POINT ( 'NONE',  ( 89.00000000000000000, -5.767799632680342903, 18.65071137898790710 ) ) ;
#983 = EDGE_CURVE ( 'NONE', #238, #772, #77, .T. ) ;
#984 = CARTESIAN_POINT ( 'NONE',  ( 57.99999999999999289, 59.58462596510026543, 16.42472116306116803 ) ) ;
#985 = CARTESIAN_POINT ( 'NONE',  ( 63.35222145434077134, 38.04724027607578307, -46.18998694897794621 ) ) ;
#986 = ORIENTED_EDGE ( 'NONE', *, *, #858, .T. ) ;
#987 = CYLINDRICAL_SURFACE ( 'NONE', #802, 45.23000000000000398 ) ;
#988 = CARTESIAN_POINT ( 'NONE',  ( 63.94895538661501888, 15.21410798425400479, -40.31249302380693678 ) ) ;
#989 = AXIS2_PLACEMENT_3D ( 'NONE', #1628, #744, #133 ) ;
#990 = CARTESIAN_POINT ( 'NONE',  ( 61.13769335115085823, 44.07410763160741141, -52.48657425165261259 ) ) ;
#991 = ADVANCED_FACE ( 'NONE', ( #341 ), #1403, .T. ) ;
#992 = CARTESIAN_POINT ( 'NONE',  ( 77.99999999999995737, 33.50000000000000000, -55.72025739738531769 ) ) ;
#993 = FACE_OUTER_BOUND ( 'NONE', #1119, .T. ) ;
#994 = DIRECTION ( 'NONE',  ( -1.000000000000000000, -0.000000000000000000, -0.000000000000000000 ) ) ;
#995 = CARTESIAN_POINT ( 'NONE',  ( 77.82101588572052719, 37.62812077978841074, -46.15825126952177726 ) ) ;
#996 = PRODUCT_DEFINITION_CONTEXT ( 'detailed design', #539, 'design' ) ;
#997 = VECTOR ( 'NONE', #1519, 1000.000000000000114 ) ;
#998 = DIRECTION ( 'NONE',  ( -1.000000000000000000, -0.000000000000000000, -0.000000000000000000 ) ) ;
#999 = FACE_OUTER_BOUND ( 'NONE', #775, .T. ) ;
#1000 = CARTESIAN_POINT ( 'NONE',  ( 41.49999999999997868, 14.00000000000000000, -36.22075997188420615 ) ) ;
#1001 = DIRECTION ( 'NONE',  ( -1.000000000000000000, -0.000000000000000000, -0.000000000000000000 ) ) ;
#1002 = FACE_OUTER_BOUND ( 'NONE', #1170, .T. ) ;
#1003 = ORIENTED_EDGE ( 'NONE', *, *, #579, .T. ) ;
#1004 = VERTEX_POINT ( 'NONE', #1392 ) ;
#1005 = LINE ( 'NONE', #865, #946 ) ;
#1006 = CARTESIAN_POINT ( 'NONE',  ( 41.49999999999997868, 30.77462047262844891, 30.49187800890826594 ) ) ;
#1007 = EDGE_CURVE ( 'NONE', #1067, #189, #1773, .T. ) ;
#1008 = CARTESIAN_POINT ( 'NONE',  ( 62.99999999999995737, 36.50000000000000000, -56.09741072447577181 ) ) ;
#1009 = DIRECTION ( 'NONE',  ( 0.7071067811865495711, 4.685744681384387225E-14, 0.7071067811865455743 ) ) ;
#1010 = EDGE_CURVE ( 'NONE', #84, #910, #1733, .T. ) ;
#1011 = VERTEX_POINT ( 'NONE', #1595 ) ;
#1012 = ORIENTED_EDGE ( 'NONE', *, *, #362, .F. ) ;
#1013 = CARTESIAN_POINT ( 'NONE',  ( 76.65777292878749449, 30.73473637160677896, -44.82672558374987659 ) ) ;
#1014 = CARTESIAN_POINT ( 'NONE',  ( 41.49999999999997868, 14.00000000000000000, 35.93494419162356479 ) ) ;
#1015 = CARTESIAN_POINT ( 'NONE',  ( 57.99999999999999289, 4.000000000000424549, -39.59999999999948983 ) ) ;
#1016 = CARTESIAN_POINT ( 'NONE',  ( 74.95900065274989288, 39.97727067726962957, -46.26503099284684595 ) ) ;
#1017 = CARTESIAN_POINT ( 'NONE',  ( 84.00099999999999056, 4.000000000000000000, 39.60000000000000142 ) ) ;
#1018 = CARTESIAN_POINT ( 'NONE',  ( 66.26475721483211601, 30.00000000000000000, -44.58994935581585395 ) ) ;
#1019 = CARTESIAN_POINT ( 'NONE',  ( 60.00697457423862602, 72.78664499566320956, 7.247060105956616205 ) ) ;
#1020 = DIRECTION ( 'NONE',  ( 1.000000000000000000, 0.000000000000000000, 0.000000000000000000 ) ) ;
#1021 = B_SPLINE_CURVE_WITH_KNOTS ( 'NONE', 3,
 ( #224, #656, #216, #1397, #187, #205, #1407, #785, #347, #54, #1244, #1857, #513, #368 ),
 .UNSPECIFIED., .F., .F.,
 ( 4, 2, 2, 2, 2, 2, 4 ),
 ( 5.204170427930421283E-18, 0.006399950298318202342, 0.01279990059663639948, 0.01439988817121594898, 0.01599987574579549848, 0.01919985089495459402, 0.02559980119327280590 ),
 .UNSPECIFIED. ) ;
#1022 = CARTESIAN_POINT ( 'NONE',  ( 62.99999999999995737, 33.50000000000000000, -55.72025739738531769 ) ) ;
#1023 = CARTESIAN_POINT ( 'NONE',  ( 60.21484661996290555, 62.74211058861823886, -41.99590092070726399 ) ) ;
#1024 = VECTOR ( 'NONE', #729, 1000.000000000000000 ) ;
#1025 = CARTESIAN_POINT ( 'NONE',  ( 61.22858520790704517, 41.64994813577490618, 27.83811921075116658 ) ) ;
#1026 = CIRCLE ( 'NONE', #1269, 2.724985687471225049 ) ;
#1027 = CARTESIAN_POINT ( 'NONE',  ( 57.99999999999999289, 11.86000000000000121, 0.7699999999999997957 ) ) ;
#1028 = VERTEX_POINT ( 'NONE', #1287 ) ;
#1029 = DIRECTION ( 'NONE',  ( 1.000000000000000000, 0.000000000000000000, 0.000000000000000000 ) ) ;
#1030 = LINE ( 'NONE', #150, #997 ) ;
#1031 = ORIENTED_EDGE ( 'NONE', *, *, #1731, .F. ) ;
#1032 = CARTESIAN_POINT ( 'NONE',  ( 60.18385443068385143, 63.78569018207995356, -49.15269071446800098 ) ) ;
#1033 = CARTESIAN_POINT ( 'NONE',  ( 61.18543160198212405, 43.38125287280068676, -52.54836245048092991 ) ) ;
#1034 = EDGE_CURVE ( 'NONE', #607, #1618, #1318, .T. ) ;
#1035 = CARTESIAN_POINT ( 'NONE',  ( 41.49999999999997868, 11.86000000000000121, 0.7699999999999997957 ) ) ;
#1036 = CARTESIAN_POINT ( 'NONE',  ( 63.22854849407033839, 21.16812765887132741, -40.08575702614686520 ) ) ;
#1037 = VECTOR ( 'NONE', #408, 1000.000000000000114 ) ;
#1038 = CARTESIAN_POINT ( 'NONE',  ( 64.18631679281277513, 13.37117042065833239, -46.62056273293935504 ) ) ;
#1039 = DIRECTION ( 'NONE',  ( 1.000000000000000000, 0.000000000000000000, 0.000000000000000000 ) ) ;
#1040 = APPLICATION_CONTEXT ( 'automotive_design' ) ;
#1041 = ADVANCED_FACE ( 'NONE', ( #1445 ), #121, .T. ) ;
#1042 = CARTESIAN_POINT ( 'NONE',  ( 63.90129928097161383, 15.55442525500621720, -48.41658295874186280 ) ) ;
#1043 = CARTESIAN_POINT ( 'NONE',  ( 77.28180293135521595, 38.63646955248243842, -56.23495104063434979 ) ) ;
#1044 = CARTESIAN_POINT ( 'NONE',  ( 62.99999999999995737, 33.50000000000000000, -45.54809874937849656 ) ) ;
#1045 = CARTESIAN_POINT ( 'NONE',  ( 60.01434292180838526, 72.17880733839800200, -19.60204251790706920 ) ) ;
#1046 = CIRCLE ( 'NONE', #1558, 6.324985687471216700 ) ;
#1047 = CARTESIAN_POINT ( 'NONE',  ( 64.25376381586411867, 12.85591434911882835, -46.26600503389475705 ) ) ;
#1048 = LINE ( 'NONE', #158, #684 ) ;
#1049 = ORIENTED_EDGE ( 'NONE', *, *, #108, .T. ) ;
#1050 = CARTESIAN_POINT ( 'NONE',  ( 61.27599245962183971, 42.00246541490868424, -56.32377980193005129 ) ) ;
#1051 = CARTESIAN_POINT ( 'NONE',  ( 64.93733219021275715, 30.35975833556927128, -55.08843112814706444 ) ) ;
#1052 = ORIENTED_EDGE ( 'NONE', *, *, #1706, .T. ) ;
#1053 = LINE ( 'NONE', #1335, #327 ) ;
#1054 = CARTESIAN_POINT ( 'NONE',  ( 62.70411503030806699, 25.96072680287212719, -42.94036338822659360 ) ) ;
#1055 = EDGE_CURVE ( 'NONE', #1226, #1529, #1394, .T. ) ;
#1056 = CARTESIAN_POINT ( 'NONE',  ( 78.99999999999995737, 4.000000000000000000, -45.99999999999948841 ) ) ;
#1057 = CARTESIAN_POINT ( 'NONE',  ( 62.22368217087220899, 30.77462047262844891, 30.49187800890826594 ) ) ;
#1058 = FACE_OUTER_BOUND ( 'NONE', #1557, .T. ) ;
#1059 = CARTESIAN_POINT ( 'NONE',  ( 77.64614044424635608, 38.05036897406123586, -56.20821699040224928 ) ) ;
#1060 = CARTESIAN_POINT ( 'NONE',  ( 61.90897743845486190, 34.21071388803641611, 35.89125408773348624 ) ) ;
#1061 = ADVANCED_FACE ( 'NONE', ( #112 ), #551, .F. ) ;
#1062 = EDGE_LOOP ( 'NONE', ( #651, #494, #455, #1657 ) ) ;
#1063 = VERTEX_POINT ( 'NONE', #571 ) ;
#1064 = VECTOR ( 'NONE', #753, 1000.000000000000000 ) ;
#1065 = DIRECTION ( 'NONE',  ( 0.000000000000000000, 0.000000000000000000, -1.000000000000000000 ) ) ;
#1066 = ORIENTED_EDGE ( 'NONE', *, *, #1740, .F. ) ;
#1067 = VERTEX_POINT ( 'NONE', #1632 ) ;
#1068 = CARTESIAN_POINT ( 'NONE',  ( 59.98811717234704588, 75.10545778621981583, -4.665382964638964403 ) ) ;
#1069 = CYLINDRICAL_SURFACE ( 'NONE', #1200, 12.72498568747122683 ) ;
#1070 = FACE_OUTER_BOUND ( 'NONE', #1373, .T. ) ;
#1071 = FACE_OUTER_BOUND ( 'NONE', #901, .T. ) ;
#1072 = FACE_OUTER_BOUND ( 'NONE', #1593, .T. ) ;
#1073 = ORIENTED_EDGE ( 'NONE', *, *, #1882, .T. ) ;
#1074 = DIRECTION ( 'NONE',  ( -1.000000000000000000, -0.000000000000000000, -0.000000000000000000 ) ) ;
#1075 = FACE_OUTER_BOUND ( 'NONE', #1757, .T. ) ;
#1076 = ORIENTED_EDGE ( 'NONE', *, *, #73, .T. ) ;
#1077 = CARTESIAN_POINT ( 'NONE',  ( 57.99999999999999289, 61.08791683434123598, 18.78694819754720768 ) ) ;
#1078 = DIRECTION ( 'NONE',  ( 1.000000000000000000, 0.000000000000000000, 0.000000000000000000 ) ) ;
#1079 = ORIENTED_EDGE ( 'NONE', *, *, #162, .T. ) ;
#1080 = LINE ( 'NONE', #65, #1471 ) ;
#1081 = VERTEX_POINT ( 'NONE', #1213 ) ;
#1082 = CARTESIAN_POINT ( 'NONE',  ( 59.97979266951161748, 77.41260074056381768, -25.04487047572280289 ) ) ;
#1083 = FACE_OUTER_BOUND ( 'NONE', #1212, .T. ) ;
#1084 = EDGE_CURVE ( 'NONE', #66, #1463, #1511, .T. ) ;
#1085 = LINE ( 'NONE', #1695, #239 ) ;
#1086 = EDGE_CURVE ( 'NONE', #84, #1682, #534, .T. ) ;
#1087 = CARTESIAN_POINT ( 'NONE',  ( 60.26872124958257615, 61.08791683434123598, 18.78694819754721124 ) ) ;
#1088 = DIRECTION ( 'NONE',  ( 1.000000000000000000, 0.000000000000000000, 0.000000000000000000 ) ) ;
#1089 = CARTESIAN_POINT ( 'NONE',  ( 62.57673496136155222, 27.18891364033830271, 39.48770373507543496 ) ) ;
#1090 = ORIENTED_EDGE ( 'NONE', *, *, #471, .T. ) ;
#1091 = CARTESIAN_POINT ( 'NONE',  ( 59.99305842204832828, 74.38186336547677513, -25.36805389098006813 ) ) ;
#1092 = CARTESIAN_POINT ( 'NONE',  ( 60.78689972627505256, 49.68193072541448174, -48.62250201301975494 ) ) ;
#1093 = CARTESIAN_POINT ( 'NONE',  ( 63.38074648855389626, 19.85525213974376513, 35.11242965848066433 ) ) ;
#1094 = CARTESIAN_POINT ( 'NONE',  ( 84.00099999999999056, 15.65823326396941262, -43.84039303474720128 ) ) ;
#1095 = EDGE_CURVE ( 'NONE', #657, #607, #299, .T. ) ;
#1096 = LINE ( 'NONE', #1379, #1875 ) ;
#1097 = ORIENTED_EDGE ( 'NONE', *, *, #1234, .T. ) ;
#1098 = VERTEX_POINT ( 'NONE', #1489 ) ;
#1099 = CARTESIAN_POINT ( 'NONE',  ( 89.00000000000000000, 11.64000000000066315, -36.00000000000001421 ) ) ;
#1100 = CARTESIAN_POINT ( 'NONE',  ( 62.72907859211468207, 25.72604210362719002, -46.79673205349028819 ) ) ;
#1101 = CIRCLE ( 'NONE', #1494, 45.23000000000000398 ) ;
#1102 = LINE ( 'NONE', #1841, #647 ) ;
#1103 = CARTESIAN_POINT ( 'NONE',  ( 60.17288473576709151, 64.17321044558873666, -35.74583959651648968 ) ) ;
#1104 = CARTESIAN_POINT ( 'NONE',  ( 60.31080895478554993, 59.85146251507383397, -47.39104128018490059 ) ) ;
#1105 = CIRCLE ( 'NONE', #1112, 500.0000000000000000 ) ;
#1106 = LINE ( 'NONE', #1719, #280 ) ;
#1107 = ORIENTED_EDGE ( 'NONE', *, *, #1409, .T. ) ;
#1108 = EDGE_CURVE ( 'NONE', #410, #354, #587, .T. ) ;
#1109 = DIRECTION ( 'NONE',  ( 1.000000000000000000, 0.000000000000000000, 0.000000000000000000 ) ) ;
#1110 = CARTESIAN_POINT ( 'NONE',  ( 78.99999999999995737, 4.000000000000000000, -45.99999999999948841 ) ) ;
#1111 = ORIENTED_EDGE ( 'NONE', *, *, #1486, .T. ) ;
#1112 = AXIS2_PLACEMENT_3D ( 'NONE', #1179, #2, #600 ) ;
#1113 = PLANE ( 'NONE',  #1836 ) ;
#1114 = CIRCLE ( 'NONE', #746, 42.35641655800942118 ) ;
#1115 = CARTESIAN_POINT ( 'NONE',  ( 65.58000046460092847, 30.11515375223128288, -44.62833209889021902 ) ) ;
#1116 = DIRECTION ( 'NONE',  ( 0.000000000000000000, -1.000000000000000000, 6.630094960539628661E-14 ) ) ;
#1117 = EDGE_CURVE ( 'NONE', #1011, #756, #911, .T. ) ;
#1118 = B_SPLINE_CURVE_WITH_KNOTS ( 'NONE', 3,
 ( #473, #1481, #1091, #498, #1232, #1371, #479, #925, #489, #340, #1702, #68, #1559, #352, #1854, #1068, #1670, #219 ),
 .UNSPECIFIED., .F., .F.,
 ( 4, 2, 2, 2, 2, 2, 2, 2, 4 ),
 ( 0.06707656619471775994, 0.07055464502567401763, 0.07229368444115215342, 0.07403272385663027533, 0.08098888151854274908, 0.08446696034949897902, 0.08620599976497710093, 0.08794503918045522284, 0.09490119684236769659 ),
 .UNSPECIFIED. ) ;
#1119 = EDGE_LOOP ( 'NONE', ( #478, #305, #1052, #1189 ) ) ;
#1120 = CARTESIAN_POINT ( 'NONE',  ( 78.99999999999995737, 63.02071938050821132, 21.82409724188639899 ) ) ;
#1121 = EDGE_LOOP ( 'NONE', ( #1162, #236, #1107, #294 ) ) ;
#1122 = DIRECTION ( 'NONE',  ( -1.000000000000000000, -0.000000000000000000, -0.000000000000000000 ) ) ;
#1123 = CARTESIAN_POINT ( 'NONE',  ( 77.28288552139342471, 38.63506570741674295, -46.22514547737818447 ) ) ;
#1124 = AXIS2_PLACEMENT_3D ( 'NONE', #1141, #1278, #120 ) ;
#1125 = DIRECTION ( 'NONE',  ( -0.000000000000000000, -0.000000000000000000, 1.000000000000000000 ) ) ;
#1126 = CARTESIAN_POINT ( 'NONE',  ( 88.09999999999998010, 14.00000000000000000, 35.93494419162355769 ) ) ;
#1127 = CARTESIAN_POINT ( 'NONE',  ( 63.13720125684260864, 21.98636765808676685, -48.08430201848536001 ) ) ;
#1128 = CARTESIAN_POINT ( 'NONE',  ( 57.99999999999999289, 11.64000000000000057, -48.72498568747121794 ) ) ;
#1129 = CARTESIAN_POINT ( 'NONE',  ( 83.99999999999998579, 36.14351643420338434, 38.92840313207268821 ) ) ;
#1130 = ORIENTED_EDGE ( 'NONE', *, *, #454, .F. ) ;
#1131 = B_SPLINE_CURVE_WITH_KNOTS ( 'NONE', 3,
 ( #928, #1366, #367, #35, #1561, #204, #1685, #1224, #61, #42, #483, #1251, #1235, #1856, #966, #1218, #510, #646 ),
 .UNSPECIFIED., .F., .F.,
 ( 4, 2, 2, 2, 2, 2, 2, 2, 4 ),
 ( 0.000000000000000000, 0.0006840389663296519160, 0.001368077932659303832, 0.002052116898988955856, 0.002736155865318607664, 0.003420194831648259472, 0.004104233797977911713, 0.004788272764307563087, 0.005472311730637215328 ),
 .UNSPECIFIED. ) ;
#1132 = DIRECTION ( 'NONE',  ( 0.000000000000000000, 0.000000000000000000, -1.000000000000000000 ) ) ;
#1133 = CARTESIAN_POINT ( 'NONE',  ( 64.18279207418466115, 39.13300841354375592, -46.24648582018875231 ) ) ;
#1134 = LINE ( 'NONE', #532, #19 ) ;
#1135 = VECTOR ( 'NONE', #393, 1000.000000000000000 ) ;
#1136 = LINE ( 'NONE', #225, #678 ) ;
#1137 = CARTESIAN_POINT ( 'NONE',  ( 77.88950840248334373, 32.59854581822384034, -55.56467945412111220 ) ) ;
#1138 = DIRECTION ( 'NONE',  ( -1.000000000000000000, -0.000000000000000000, -0.000000000000000000 ) ) ;
#1139 = EDGE_CURVE ( 'NONE', #1192, #58, #1030, .T. ) ;
#1140 = VERTEX_POINT ( 'NONE', #750 ) ;
#1141 = CARTESIAN_POINT ( 'NONE',  ( 57.99999999999999289, 11.86000000000000121, 0.7699999999999997957 ) ) ;
#1142 = CARTESIAN_POINT ( 'NONE',  ( 76.05331893772211060, 39.64482386552416671, -46.26030119724724443 ) ) ;
#1143 = EDGE_LOOP ( 'NONE', ( #1191, #591, #1073, #1543 ) ) ;
#1144 = ORIENTED_EDGE ( 'NONE', *, *, #630, .T. ) ;
#1145 = AXIS2_PLACEMENT_3D ( 'NONE', #167, #1653, #138 ) ;
#1146 = DIRECTION ( 'NONE',  ( 0.000000000000000000, 0.8436525123164420048, -0.5368895961574928766 ) ) ;
#1147 = LINE ( 'NONE', #1727, #514 ) ;
#1148 = CARTESIAN_POINT ( 'NONE',  ( 63.75908693108780767, 16.72308773774792101, -44.71637880716104263 ) ) ;
#1149 = ORIENTED_EDGE ( 'NONE', *, *, #1177, .F. ) ;
#1150 = CARTESIAN_POINT ( 'NONE',  ( 74.96707141451946654, 30.00000000000000355, -54.99999420340206768 ) ) ;
#1151 = CARTESIAN_POINT ( 'NONE',  ( 74.49999999999995737, 30.00000000000000355, -54.99999420340203926 ) ) ;
#1152 = CARTESIAN_POINT ( 'NONE',  ( 57.99999999999999289, 11.64000000000000057, -48.72498568747121794 ) ) ;
#1153 = CARTESIAN_POINT ( 'NONE',  ( 60.12237627620495317, 65.95028514862455893, -39.24423375024329630 ) ) ;
#1154 = DIRECTION ( 'NONE',  ( 1.000000000000000000, 0.000000000000000000, 0.000000000000000000 ) ) ;
#1155 = CARTESIAN_POINT ( 'NONE',  ( 63.72249392236081889, 17.02772254139106423, -41.34130387345823010 ) ) ;
#1156 = ORIENTED_EDGE ( 'NONE', *, *, #1177, .T. ) ;
#1157 = ORIENTED_EDGE ( 'NONE', *, *, #471, .F. ) ;
#1158 = CARTESIAN_POINT ( 'NONE',  ( 75.43035739511161353, 30.09495818977988435, -55.02403845667731730 ) ) ;
#1159 = PLANE ( 'NONE',  #619 ) ;
#1160 = EDGE_CURVE ( 'NONE', #767, #200, #462, .T. ) ;
#1161 = CARTESIAN_POINT ( 'NONE',  ( 77.13809175085215486, 38.81141708971512116, -46.23347639501196937 ) ) ;
#1162 = ORIENTED_EDGE ( 'NONE', *, *, #168, .F. ) ;
#1163 = CARTESIAN_POINT ( 'NONE',  ( 89.00000000000000000, 4.000000000000000000, 36.00000000000002132 ) ) ;
#1164 = AXIS2_PLACEMENT_3D ( 'NONE', #1871, #639, #1225 ) ;
#1165 = CARTESIAN_POINT ( 'NONE',  ( 76.26897906102496449, 30.47122461184314446, -55.11523506450360799 ) ) ;
#1166 = VECTOR ( 'NONE', #615, 1000.000000000000000 ) ;
#1167 = LINE ( 'NONE', #418, #881 ) ;
#1168 = CARTESIAN_POINT ( 'NONE',  ( 65.50000000000001421, 4.000000000000000000, -154.0000000000000284 ) ) ;
#1169 = EDGE_CURVE ( 'NONE', #1490, #1640, #1114, .T. ) ;
#1170 = EDGE_LOOP ( 'NONE', ( #39, #980, #841, #1342 ) ) ;
#1171 = AXIS2_PLACEMENT_3D ( 'NONE', #1691, #31, #1411 ) ;
#1172 = CARTESIAN_POINT ( 'NONE',  ( 60.10942704405389492, 66.64251346812065435, -47.09203176611544706 ) ) ;
#1173 = CARTESIAN_POINT ( 'NONE',  ( 88.09999999999998010, 40.28000000000000114, -13.90999999999999481 ) ) ;
#1174 = AXIS2_PLACEMENT_3D ( 'NONE', #179, #1661, #1039 ) ;
#1175 = VERTEX_POINT ( 'NONE', #740 ) ;
#1176 = CARTESIAN_POINT ( 'NONE',  ( 60.04165583455127120, 70.19806965388127651, -26.26355582442950976 ) ) ;
#1177 = EDGE_CURVE ( 'NONE', #1880, #1338, #1048, .T. ) ;
#1178 = CARTESIAN_POINT ( 'NONE',  ( 62.04371866596169838, 32.70742301879543135, 33.52902705324746080 ) ) ;
#1179 = CARTESIAN_POINT ( 'NONE',  ( 559.9793796504070542, 78.09549986705461322, 42.39999999999999147 ) ) ;
#1180 = ORIENTED_EDGE ( 'NONE', *, *, #1842, .T. ) ;
#1181 = EDGE_LOOP ( 'NONE', ( #1828, #1785, #1571, #1485 ) ) ;
#1182 = CARTESIAN_POINT ( 'NONE',  ( 62.61469966568015622, 26.81023488290728096, -54.09179138228587647 ) ) ;
#1183 = CARTESIAN_POINT ( 'NONE',  ( 77.99999999999995737, 36.50000000000000000, -56.09741072447577181 ) ) ;
#1184 = EDGE_CURVE ( 'NONE', #1537, #1430, #1779, .T. ) ;
#1185 = CARTESIAN_POINT ( 'NONE',  ( 60.65459004344562288, 50.61118284832562608, 22.13530482253387888 ) ) ;
#1186 = ORIENTED_EDGE ( 'NONE', *, *, #469, .T. ) ;
#1187 = CARTESIAN_POINT ( 'NONE',  ( 62.18813727871745556, 31.11753842165827777, -44.99688839022277165 ) ) ;
#1188 = VECTOR ( 'NONE', #1660, 1000.000000000000000 ) ;
#1189 = ORIENTED_EDGE ( 'NONE', *, *, #1747, .T. ) ;
#1190 = LINE ( 'NONE', #903, #369 ) ;
#1191 = ORIENTED_EDGE ( 'NONE', *, *, #1472, .F. ) ;
#1192 = VERTEX_POINT ( 'NONE', #1329 ) ;
#1193 = CARTESIAN_POINT ( 'NONE',  ( 60.04288401554595822, 69.84553036032949080, -44.36978886241575992 ) ) ;
#1194 = CARTESIAN_POINT ( 'NONE',  ( 66.49999999999995737, 30.00000000000000355, -54.99999420340203926 ) ) ;
#1195 = ORIENTED_EDGE ( 'NONE', *, *, #507, .T. ) ;
#1196 = ORIENTED_EDGE ( 'NONE', *, *, #1265, .T. ) ;
#1197 = CARTESIAN_POINT ( 'NONE',  ( 60.01017534485056615, 72.54579631092818204, -10.92855346510388870 ) ) ;
#1198 = VECTOR ( 'NONE', #500, 1000.000000000000114 ) ;
#1199 = ORIENTED_EDGE ( 'NONE', *, *, #104, .T. ) ;
#1200 = AXIS2_PLACEMENT_3D ( 'NONE', #171, #771, #325 ) ;
#1201 = CARTESIAN_POINT ( 'NONE',  ( 66.49999999999995737, 33.50000000000000000, -56.26741655800941544 ) ) ;
#1202 = ADVANCED_FACE ( 'NONE', ( #470 ), #622, .F. ) ;
#1203 = ORIENTED_EDGE ( 'NONE', *, *, #1184, .F. ) ;
#1204 = CARTESIAN_POINT ( 'NONE',  ( 60.14151412107560191, 65.35890123735771340, 11.86065477561274051 ) ) ;
#1205 = LINE ( 'NONE', #464, #711 ) ;
#1206 = EDGE_CURVE ( 'NONE', #1140, #1776, #593, .T. ) ;
#1207 = PRODUCT_DEFINITION ( 'UNKNOWN', '', #131, #996 ) ;
#1208 = AXIS2_PLACEMENT_3D ( 'NONE', #100, #731, #703 ) ;
#1209 = DIRECTION ( 'NONE',  ( -0.000000000000000000, -0.000000000000000000, 1.000000000000000000 ) ) ;
#1210 = VECTOR ( 'NONE', #23, 1000.000000000000000 ) ;
#1211 = FACE_OUTER_BOUND ( 'NONE', #621, .T. ) ;
#1212 = EDGE_LOOP ( 'NONE', ( #1327, #899, #105, #9 ) ) ;
#1213 = CARTESIAN_POINT ( 'NONE',  ( 89.00000000000000000, 4.000000000000000000, -35.99999999999950262 ) ) ;
#1214 = ORIENTED_EDGE ( 'NONE', *, *, #965, .T. ) ;
#1215 = PLANE ( 'NONE',  #698 ) ;
#1216 = CARTESIAN_POINT ( 'NONE',  ( 57.99999999999999289, 4.000000000000238920, -42.39999999999948699 ) ) ;
#1217 = ORIENTED_EDGE ( 'NONE', *, *, #482, .F. ) ;
#1218 = CARTESIAN_POINT ( 'NONE',  ( 66.03996089521240265, 39.97729566725053019, -56.26535904632118701 ) ) ;
#1219 = CARTESIAN_POINT ( 'NONE',  ( 60.33700548093797522, 59.13008769252706287, 12.44682376880641961 ) ) ;
#1220 = AXIS2_PLACEMENT_3D ( 'NONE', #1712, #633, #1693 ) ;
#1221 = DIRECTION ( 'NONE',  ( -1.000000000000000000, 0.000000000000000000, 0.000000000000000000 ) ) ;
#1222 = CARTESIAN_POINT ( 'NONE',  ( 59.98712516203317335, 75.22943663334450548, -30.75128262803286461 ) ) ;
#1223 = CARTESIAN_POINT ( 'NONE',  ( 77.13697141075704167, 38.81268609151049986, -56.24130189855549133 ) ) ;
#1224 = CARTESIAN_POINT ( 'NONE',  ( 63.71371875484919656, 38.63047147547015925, -56.23471331186837574 ) ) ;
#1225 = DIRECTION ( 'NONE',  ( 0.000000000000000000, -1.000000000000000000, 6.629419235792965992E-14 ) ) ;
#1226 = VERTEX_POINT ( 'NONE', #759 ) ;
#1227 = PRODUCT_CONTEXT ( 'NONE', #1040, 'mechanical' ) ;
#1228 = CARTESIAN_POINT ( 'NONE',  ( 59.99999999999995737, 73.55458317610221286, 5.961133306246090946 ) ) ;
#1229 = ORIENTED_EDGE ( 'NONE', *, *, #1678, .F. ) ;
#1230 = ORIENTED_EDGE ( 'NONE', *, *, #314, .F. ) ;
#1231 = VECTOR ( 'NONE', #1262, 1000.000000000000000 ) ;
#1232 = CARTESIAN_POINT ( 'NONE',  ( 59.98869852524334334, 75.03956781673232967, -23.12850530000528337 ) ) ;
#1233 = DIRECTION ( 'NONE',  ( -0.000000000000000000, 6.630094960539835658E-14, 1.000000000000000000 ) ) ;
#1234 = EDGE_CURVE ( 'NONE', #66, #527, #1105, .T. ) ;
#1235 = CARTESIAN_POINT ( 'NONE',  ( 64.94609339265646497, 39.64441808650435917, -56.26173809371950796 ) ) ;
#1236 = CARTESIAN_POINT ( 'NONE',  ( 61.01893068066991788, 45.86733336906924308, -45.78330782823373823 ) ) ;
#1237 = DIRECTION ( 'NONE',  ( -0.000000000000000000, 1.000000000000000000, 0.000000000000000000 ) ) ;
#1238 = ORIENTED_EDGE ( 'NONE', *, *, #1808, .T. ) ;
#1239 = CARTESIAN_POINT ( 'NONE',  ( 59.98264985827260887, 76.25509160129570319, 0.5332818546393224279 ) ) ;
#1240 = CARTESIAN_POINT ( 'NONE',  ( 89.00000000000000000, 4.000000000000000000, 32.46446609406726935 ) ) ;
#1241 = ORIENTED_EDGE ( 'NONE', *, *, #638, .F. ) ;
#1242 = CARTESIAN_POINT ( 'NONE',  ( 57.99999999999999289, 15.65823326396941262, -43.84039303474720128 ) ) ;
#1243 = EDGE_CURVE ( 'NONE', #1941, #767, #1190, .T. ) ;
#1244 = CARTESIAN_POINT ( 'NONE',  ( 62.34490644170699625, 29.50648206034150434, 42.42935588476576214 ) ) ;
#1245 = CARTESIAN_POINT ( 'NONE',  ( 60.00000000000000000, 73.55458317610201391, -154.0000000000000284 ) ) ;
#1246 = ORIENTED_EDGE ( 'NONE', *, *, #51, .F. ) ;
#1247 = VERTEX_POINT ( 'NONE', #1789 ) ;
#1248 = CARTESIAN_POINT ( 'NONE',  ( 41.49999999999997868, 57.65182341893328299, 13.38757211872198027 ) ) ;
#1249 = CARTESIAN_POINT ( 'NONE',  ( 559.9793796504070542, 78.09549986705461322, -42.40000000000440394 ) ) ;
#1250 = ORIENTED_EDGE ( 'NONE', *, *, #1562, .T. ) ;
#1251 = CARTESIAN_POINT ( 'NONE',  ( 64.74245894321431649, 39.53546401025678847, -56.26006641175197132 ) ) ;
#1252 = CARTESIAN_POINT ( 'NONE',  ( 65.50000000000000000, 4.000000000000003553, 42.39999999999999147 ) ) ;
#1253 = CARTESIAN_POINT ( 'NONE',  ( 62.79290241067634071, 25.06941176279285344, -49.66442745446897078 ) ) ;
#1254 = ADVANCED_FACE ( 'NONE', ( #768 ), #439, .T. ) ;
#1255 = DIRECTION ( 'NONE',  ( 0.000000000000000000, 0.000000000000000000, 1.000000000000000000 ) ) ;
#1256 = ORIENTED_EDGE ( 'NONE', *, *, #396, .T. ) ;
#1257 = CARTESIAN_POINT ( 'NONE',  ( 59.98161913768908704, 76.57122989898422816, -0.2800505756087122711 ) ) ;
#1258 = DIRECTION ( 'NONE',  ( 1.000000000000000000, 0.000000000000000000, 0.000000000000000000 ) ) ;
#1259 = ORIENTED_EDGE ( 'NONE', *, *, #620, .T. ) ;
#1260 = CARTESIAN_POINT ( 'NONE',  ( 84.00099999999999056, 4.000000000000424549, -39.59999999999948983 ) ) ;
#1261 = VECTOR ( 'NONE', #1001, 1000.000000000000000 ) ;
#1262 = DIRECTION ( 'NONE',  ( -1.000000000000000000, -0.000000000000000000, -0.000000000000000000 ) ) ;
#1263 = CARTESIAN_POINT ( 'NONE',  ( 61.00004169887070304, 46.15657011364635309, -52.22465518175730637 ) ) ;
#1264 = AXIS2_PLACEMENT_3D ( 'NONE', #884, #1340, #1934 ) ;
#1265 = EDGE_CURVE ( 'NONE', #527, #251, #1869, .T. ) ;
#1266 = CARTESIAN_POINT ( 'NONE',  ( 84.00099999999999056, 59.58462596510026543, 16.42472116306116803 ) ) ;
#1267 = CYLINDRICAL_SURFACE ( 'NONE', #974, 42.35641655800941408 ) ;
#1268 = CARTESIAN_POINT ( 'NONE',  ( 64.41539131245293959, 11.64000000000000057, -45.99999999999999289 ) ) ;
#1269 = AXIS2_PLACEMENT_3D ( 'NONE', #267, #96, #398 ) ;
#1270 = CARTESIAN_POINT ( 'NONE',  ( 559.9793796504070542, 78.09549986705461322, -39.60000000000440679 ) ) ;
#1271 = DIRECTION ( 'NONE',  ( 0.000000000000000000, 0.8436525123164418938, -0.5368895961574928766 ) ) ;
#1272 = CARTESIAN_POINT ( 'NONE',  ( 62.52407707533894410, 27.64278686361707571, -50.65311682966102325 ) ) ;
#1273 = EDGE_CURVE ( 'NONE', #897, #240, #1080, .T. ) ;
#1274 = FACE_OUTER_BOUND ( 'NONE', #1353, .T. ) ;
#1275 = CARTESIAN_POINT ( 'NONE',  ( 78.99999999999995737, 13.37117042065832528, -46.62056273293934083 ) ) ;
#1276 = ORIENTED_EDGE ( 'NONE', *, *, #392, .T. ) ;
#1277 = ORIENTED_EDGE ( 'NONE', *, *, #1480, .T. ) ;
#1278 = DIRECTION ( 'NONE',  ( -1.000000000000000000, -0.000000000000000000, -0.000000000000000000 ) ) ;
#1279 = CARTESIAN_POINT ( 'NONE',  ( 77.99999999999997158, 36.72984279809711694, -46.07189725416163384 ) ) ;
#1280 = VECTOR ( 'NONE', #1122, 1000.000000000000000 ) ;
#1281 = CARTESIAN_POINT ( 'NONE',  ( 60.00000000000000000, 73.55458317610201391, -154.0000000000000284 ) ) ;
#1282 = FACE_OUTER_BOUND ( 'NONE', #1062, .T. ) ;
#1283 = CARTESIAN_POINT ( 'NONE',  ( 60.49106498574301582, 55.47166542479804008, -49.57166600326170425 ) ) ;
#1284 = DIRECTION ( 'NONE',  ( -1.000000000000000000, -0.000000000000000000, -0.000000000000000000 ) ) ;
#1285 = FACE_OUTER_BOUND ( 'NONE', #960, .T. ) ;
#1286 = DIRECTION ( 'NONE',  ( 1.000000000000000000, -0.000000000000000000, -0.000000000000000000 ) ) ;
#1287 = CARTESIAN_POINT ( 'NONE',  ( 59.99999999999992184, 73.55458317610221286, -0.2840686134947095765 ) ) ;
#1288 = FACE_OUTER_BOUND ( 'NONE', #1143, .T. ) ;
#1289 = VECTOR ( 'NONE', #1850, 1000.000000000000000 ) ;
#1290 = CARTESIAN_POINT ( 'NONE',  ( 64.72728090418567604, 30.47339768327883291, -44.74482615362256865 ) ) ;
#1291 = AXIS2_PLACEMENT_3D ( 'NONE', #563, #1154, #869 ) ;
#1292 = CARTESIAN_POINT ( 'NONE',  ( 61.65562312844546966, 37.16448665514946725, -52.56565166538528189 ) ) ;
#1293 = ORIENTED_EDGE ( 'NONE', *, *, #420, .T. ) ;
#1294 = CARTESIAN_POINT ( 'NONE',  ( 77.99999999999995737, 33.50000000000000000, -45.54809874937849656 ) ) ;
#1295 = DIRECTION ( 'NONE',  ( 0.000000000000000000, 0.000000000000000000, 1.000000000000000000 ) ) ;
#1296 = ORIENTED_EDGE ( 'NONE', *, *, #1894, .T. ) ;
#1297 = CARTESIAN_POINT ( 'NONE',  ( 88.09999999999998010, 11.86000000000000121, 0.7699999999999997957 ) ) ;
#1298 = CARTESIAN_POINT ( 'NONE',  ( 77.97757600156805324, 36.95745738287210003, -46.09617195449209248 ) ) ;
#1299 = CARTESIAN_POINT ( 'NONE',  ( 64.18631679281277513, 13.37117042065833239, -46.62056273293935504 ) ) ;
#1300 = ORIENTED_EDGE ( 'NONE', *, *, #705, .F. ) ;
#1301 = DIRECTION ( 'NONE',  ( 0.000000000000000000, 0.000000000000000000, -1.000000000000000000 ) ) ;
#1302 = ADVANCED_FACE ( 'NONE', ( #823 ), #217, .T. ) ;
#1303 = ORIENTED_EDGE ( 'NONE', *, *, #1910, .F. ) ;
#1304 = CARTESIAN_POINT ( 'NONE',  ( 60.04340706231067770, 70.07884431993430496, 10.88227764598134684 ) ) ;
#1305 = CARTESIAN_POINT ( 'NONE',  ( 84.00099999999999056, 34.21071388803641611, 35.89125408773348624 ) ) ;
#1306 = B_SPLINE_CURVE_WITH_KNOTS ( 'NONE', 3,
 ( #1631, #285, #883, #157, #1510, #12, #610, #1623 ),
 .UNSPECIFIED., .F., .F.,
 ( 4, 2, 2, 4 ),
 ( 0.000000000000000000, 0.003189773070078811158, 0.004784659605118220423, 0.006379546140157626652 ),
 .UNSPECIFIED. ) ;
#1307 = CYLINDRICAL_SURFACE ( 'NONE', #287, 35.95641655800942260 ) ;
#1308 = CARTESIAN_POINT ( 'NONE',  ( 65.36651812031581699, 39.81922806385931324, -46.26325426497290039 ) ) ;
#1309 = ORIENTED_EDGE ( 'NONE', *, *, #1084, .T. ) ;
#1310 = CARTESIAN_POINT ( 'NONE',  ( 77.97756045387930612, 33.04439001445907564, -45.44784222942743668 ) ) ;
#1311 =( GEOMETRIC_REPRESENTATION_CONTEXT ( 3 ) GLOBAL_UNCERTAINTY_ASSIGNED_CONTEXT ( ( #91 ) ) GLOBAL_UNIT_ASSIGNED_CONTEXT ( ( #1339, #1788, #298 ) ) REPRESENTATION_CONTEXT ( 'NONE', 'WORKASPACE' ) );
#1312 = DIRECTION ( 'NONE',  ( 1.000000000000000000, -0.000000000000000000, -0.000000000000000000 ) ) ;
#1313 = CARTESIAN_POINT ( 'NONE',  ( 60.26872124958257615, 61.08791683434123598, 18.78694819754721124 ) ) ;
#1314 = DIRECTION ( 'NONE',  ( 0.000000000000000000, 0.000000000000000000, 1.000000000000000000 ) ) ;
#1315 = EDGE_CURVE ( 'NONE', #1618, #635, #80, .T. ) ;
#1316 = EDGE_LOOP ( 'NONE', ( #338, #373, #737, #203 ) ) ;
#1317 = CARTESIAN_POINT ( 'NONE',  ( 77.64694214414092244, 38.04872791297512435, -46.19008051747187693 ) ) ;
#1318 = B_SPLINE_CURVE_WITH_KNOTS ( 'NONE', 3,
 ( #409, #279, #1016, #1928, #877, #1142, #401, #694, #1479, #1161, #1123, #1752, #1317, #995, #130, #1298, #1279, #1892 ),
 .UNSPECIFIED., .F., .F.,
 ( 4, 2, 2, 2, 2, 2, 2, 2, 4 ),
 ( 0.000000000000000000, 0.0006844550193624944013, 0.001368910038724988803, 0.002053365058087483312, 0.002737820077449977605, 0.003422275096812471898, 0.004106730116174966624, 0.004791185135537460484, 0.005475640154899955210 ),
 .UNSPECIFIED. ) ;
#1319 = CARTESIAN_POINT ( 'NONE',  ( 60.15907280730263551, 64.68753101129713912, 12.49739223720361814 ) ) ;
#1320 = EDGE_LOOP ( 'NONE', ( #192, #576, #55, #1725, #1500, #1031, #1704, #465, #506, #1401, #1130, #45, #1241, #323 ) ) ;
#1321 = CARTESIAN_POINT ( 'NONE',  ( 65.49999999999994316, 4.000000000000420108, -39.59999999999949694 ) ) ;
#1322 = EDGE_CURVE ( 'NONE', #376, #1192, #337, .T. ) ;
#1323 = AXIS2_PLACEMENT_3D ( 'NONE', #1405, #1705, #215 ) ;
#1324 = ORIENTED_EDGE ( 'NONE', *, *, #1007, .F. ) ;
#1325 = CARTESIAN_POINT ( 'NONE',  ( 60.10885245089718865, 66.71497039555578112, 4.753298194811007349 ) ) ;
#1326 = ADVANCED_FACE ( 'NONE', ( #796 ), #940, .F. ) ;
#1327 = ORIENTED_EDGE ( 'NONE', *, *, #1095, .F. ) ;
#1328 = DIRECTION ( 'NONE',  ( 0.000000000000000000, 0.000000000000000000, -1.000000000000000000 ) ) ;
#1329 = CARTESIAN_POINT ( 'NONE',  ( 78.99999999999995737, 11.86000000000000654, 46.00000000000000000 ) ) ;
#1330 = EDGE_CURVE ( 'NONE', #143, #910, #1626, .T. ) ;
#1331 = ORIENTED_EDGE ( 'NONE', *, *, #1330, .F. ) ;
#1332 = CARTESIAN_POINT ( 'NONE',  ( 60.47295105750490762, 55.72305724848096986, -53.45080721731660134 ) ) ;
#1333 = CARTESIAN_POINT ( 'NONE',  ( 63.02251396315600118, 33.04235941942759069, -55.64409339789597198 ) ) ;
#1334 = ORIENTED_EDGE ( 'NONE', *, *, #1139, .F. ) ;
#1335 = CARTESIAN_POINT ( 'NONE',  ( 66.49999999999995737, 40.00000000000000711, -56.26741655800941544 ) ) ;
#1336 = VERTEX_POINT ( 'NONE', #1829 ) ;
#1337 = CARTESIAN_POINT ( 'NONE',  ( 60.09243137664649481, 67.45216389487869435, 3.678799536436876405 ) ) ;
#1338 = VERTEX_POINT ( 'NONE', #1228 ) ;
#1339 =( LENGTH_UNIT ( ) NAMED_UNIT ( * ) SI_UNIT ( .MILLI., .METRE. ) );
#1340 = DIRECTION ( 'NONE',  ( 1.000000000000000000, -0.000000000000000000, 0.000000000000000000 ) ) ;
#1341 = ORIENTED_EDGE ( 'NONE', *, *, #482, .T. ) ;
#1342 = ORIENTED_EDGE ( 'NONE', *, *, #1315, .F. ) ;
#1343 = B_SPLINE_CURVE_WITH_KNOTS ( 'NONE', 3,
 ( #1508, #1219, #1827, #1517, #156, #757, #446, #1815, #1325, #1337, #468, #319, #476, #919, #1652, #10, #1367, #1525, #1197, #1942, #1806, #1629, #459, #1045, #164, #284, #880, #736, #1641, #1176, #1787, #436, #1496, #43, #356, #1544, #1103, #328, #648, #812, #803, #1386, #36, #1717, #949, #666, #71, #1675, #63, #502, #1236, #1376, #485, #929 ),
 .UNSPECIFIED., .F., .F.,
 ( 4, 2, 2, 2, 2, 2, 2, 2, 2, 2, 2, 2, 2, 2, 2, 2, 2, 2, 2, 2, 2, 2, 2, 2, 2, 2, 4 ),
 ( 0.000000000000000000, 0.005185093786079297135, 0.01037018757215859427, 0.01166646101867842636, 0.01296273446519825498, 0.01555528135823789661, 0.02074037514431717466, 0.02333292203735681455, 0.02592546893039645098, 0.03111056271647572730, 0.03370310960951537066, 0.03629565650255501402, 0.04148075028863429381, 0.04277702373515412243, 0.04407329718167394411, 0.04666584407471359441, 0.05185093786079286726, 0.05444348475383251063, 0.05703603164687214705, 0.06222112543295141990, 0.06481367232599107020, 0.06740621921903071356, 0.07259131300511002804, 0.07518385989814967141, 0.07648013334466949309, 0.07777640679118931477, 0.08296150057726865701 ),
 .UNSPECIFIED. ) ;
#1344 = DIRECTION ( 'NONE',  ( 0.7071067811865455743, 0.000000000000000000, 0.7071067811865495711 ) ) ;
#1345 = CARTESIAN_POINT ( 'NONE',  ( 64.73604261124630455, 30.46832427602594606, -55.11454279574895310 ) ) ;
#1346 = DIRECTION ( 'NONE',  ( 1.000000000000000000, 0.000000000000000000, 0.000000000000000000 ) ) ;
#1347 = EDGE_CURVE ( 'NONE', #1192, #503, #208, .T. ) ;
#1348 = ORIENTED_EDGE ( 'NONE', *, *, #51, .T. ) ;
#1349 = CARTESIAN_POINT ( 'NONE',  ( 84.00099999999999056, 11.64000000000000057, -48.72498568747121794 ) ) ;
#1350 = DIRECTION ( 'NONE',  ( -0.000000000000000000, -0.000000000000000000, 1.000000000000000000 ) ) ;
#1351 = DIRECTION ( 'NONE',  ( -1.000000000000000000, -0.000000000000000000, -0.000000000000000000 ) ) ;
#1352 = EDGE_CURVE ( 'NONE', #98, #669, #57, .T. ) ;
#1353 = EDGE_LOOP ( 'NONE', ( #603, #481, #689, #1940 ) ) ;
#1354 = VERTEX_POINT ( 'NONE', #814 ) ;
#1355 = CARTESIAN_POINT ( 'NONE',  ( 60.25859005004437563, 61.37686856286134685, -50.64532046280384492 ) ) ;
#1356 = CARTESIAN_POINT ( 'NONE',  ( 65.36232193410573643, 30.18205831679414430, -55.04521555332890159 ) ) ;
#1357 = LINE ( 'NONE', #1814, #1585 ) ;
#1358 = CYLINDRICAL_SURFACE ( 'NONE', #206, 6.324985687471216700 ) ;
#1359 = VECTOR ( 'NONE', #141, 1000.000000000000000 ) ;
#1360 = CARTESIAN_POINT ( 'NONE',  ( 60.76474437909308079, 48.67743726172044205, 19.09875591698721919 ) ) ;
#1361 = DIRECTION ( 'NONE',  ( -0.000000000000000000, 1.000000000000000000, 0.000000000000000000 ) ) ;
#1362 = CARTESIAN_POINT ( 'NONE',  ( 41.49999999999997868, 14.00000000000000000, 35.93494419162356479 ) ) ;
#1363 = ORIENTED_EDGE ( 'NONE', *, *, #1169, .T. ) ;
#1364 = EDGE_CURVE ( 'NONE', #1395, #1247, #1106, .T. ) ;
#1365 = CONICAL_SURFACE ( 'NONE', #1622, 32.35641655800943539, 0.7853981633974456145 ) ;
#1366 = CARTESIAN_POINT ( 'NONE',  ( 62.99999999999997158, 36.73036000033564363, -56.11805102418402669 ) ) ;
#1367 = CARTESIAN_POINT ( 'NONE',  ( 60.01864181807091825, 71.82733902585705721, -6.667696052326121503 ) ) ;
#1368 = VECTOR ( 'NONE', #257, 1000.000000000000114 ) ;
#1369 = DIRECTION ( 'NONE',  ( 0.000000000000000000, 0.000000000000000000, -1.000000000000000000 ) ) ;
#1370 = ORIENTED_EDGE ( 'NONE', *, *, #1894, .F. ) ;
#1371 = CARTESIAN_POINT ( 'NONE',  ( 59.98705246939913849, 75.32192945668923301, -21.98908254226039105 ) ) ;
#1372 = DIRECTION ( 'NONE',  ( -1.000000000000000000, 0.000000000000000000, 0.000000000000000000 ) ) ;
#1373 = EDGE_LOOP ( 'NONE', ( #679, #670, #623, #1700 ) ) ;
#1374 = DIRECTION ( 'NONE',  ( 0.000000000000000000, 0.000000000000000000, -1.000000000000000000 ) ) ;
#1375 = EDGE_CURVE ( 'NONE', #769, #867, #959, .T. ) ;
#1376 = CARTESIAN_POINT ( 'NONE',  ( 61.15914582987420545, 43.72510618755720202, -46.12928915529400342 ) ) ;
#1377 = CIRCLE ( 'NONE', #1124, 38.83000000000000540 ) ;
#1378 = ADVANCED_FACE ( 'NONE', ( #1072 ), #372, .F. ) ;
#1379 = CARTESIAN_POINT ( 'NONE',  ( 62.99999999999995737, 33.50000000000000000, -56.26741655800941544 ) ) ;
#1380 = VERTEX_POINT ( 'NONE', #1572 ) ;
#1381 = DIRECTION ( 'NONE',  ( 0.000000000000000000, 0.000000000000000000, -1.000000000000000000 ) ) ;
#1382 = CARTESIAN_POINT ( 'NONE',  ( 60.26970627136132208, 61.04908960259209749, -43.26986150727442038 ) ) ;
#1383 = FACE_OUTER_BOUND ( 'NONE', #608, .T. ) ;
#1384 = EDGE_CURVE ( 'NONE', #1098, #756, #624, .T. ) ;
#1385 = EDGE_CURVE ( 'NONE', #189, #366, #788, .T. ) ;
#1386 = CARTESIAN_POINT ( 'NONE',  ( 60.43266376875578771, 56.79698220596906566, -41.74687874209525518 ) ) ;
#1387 = VERTEX_POINT ( 'NONE', #650 ) ;
#1388 = DIRECTION ( 'NONE',  ( 0.000000000000000000, 0.000000000000000000, -1.000000000000000000 ) ) ;
#1389 = ORIENTED_EDGE ( 'NONE', *, *, #1347, .T. ) ;
#1390 = VECTOR ( 'NONE', #1868, 1000.000000000000000 ) ;
#1391 = CARTESIAN_POINT ( 'NONE',  ( 59.98026512849516934, 79.03649790677056330, -14.78325844893827501 ) ) ;
#1392 = CARTESIAN_POINT ( 'NONE',  ( 89.00000000000000000, 30.77462047262846667, 30.49187800890827660 ) ) ;
#1393 = EDGE_CURVE ( 'NONE', #1899, #535, #1096, .T. ) ;
#1394 = B_SPLINE_CURVE_WITH_KNOTS ( 'NONE', 3,
 ( #541, #261, #383, #1612, #1469, #985, #1604, #1742, #1902, #1133, #242, #723, #834, #1308, #391, #843, #854, #1456 ),
 .UNSPECIFIED., .F., .F.,
 ( 4, 2, 2, 2, 2, 2, 2, 2, 4 ),
 ( 0.000000000000000000, 0.0006844659207874753334, 0.001368931841574950667, 0.002053397762362426000, 0.002737863683149901334, 0.003422329603937376667, 0.004106795524724852001, 0.004791261445512327334, 0.005475727366299802668 ),
 .UNSPECIFIED. ) ;
#1395 = VERTEX_POINT ( 'NONE', #640 ) ;
#1396 = DIRECTION ( 'NONE',  ( -1.000000000000000000, -0.000000000000000000, -0.000000000000000000 ) ) ;
#1397 = CARTESIAN_POINT ( 'NONE',  ( 63.32392913957205138, 20.32155250946379965, 45.25196714532098952 ) ) ;
#1398 = EDGE_CURVE ( 'NONE', #810, #1627, #1716, .T. ) ;
#1399 = APPLICATION_PROTOCOL_DEFINITION ( 'draft international standard', 'automotive_design', 1998, #539 ) ;
#1400 = CARTESIAN_POINT ( 'NONE',  ( 83.99999999999998579, 11.86000000000000654, 46.00000000000000000 ) ) ;
#1401 = ORIENTED_EDGE ( 'NONE', *, *, #663, .F. ) ;
#1402 = DIRECTION ( 'NONE',  ( 1.000000000000000000, -0.000000000000000000, 0.000000000000000000 ) ) ;
#1403 = CYLINDRICAL_SURFACE ( 'NONE', #212, 38.75641655800941976 ) ;
#1404 = VERTEX_POINT ( 'NONE', #568 ) ;
#1405 = CARTESIAN_POINT ( 'NONE',  ( 41.49999999999997868, 40.28000000000000114, -13.90999999999999481 ) ) ;
#1406 = EDGE_CURVE ( 'NONE', #644, #942, #1749, .T. ) ;
#1407 = CARTESIAN_POINT ( 'NONE',  ( 62.75604765433384813, 25.47211236136830692, 43.90642675606157042 ) ) ;
#1408 = CARTESIAN_POINT ( 'NONE',  ( 62.13878828489789186, 31.67118043639945313, -51.70466052162516490 ) ) ;
#1409 = EDGE_CURVE ( 'NONE', #1412, #888, #1620, .T. ) ;
#1410 = ORIENTED_EDGE ( 'NONE', *, *, #11, .T. ) ;
#1411 = DIRECTION ( 'NONE',  ( 0.000000000000000000, 0.8436525123164420048, -0.5368895961574928766 ) ) ;
#1412 = VERTEX_POINT ( 'NONE', #1151 ) ;
#1413 = EDGE_LOOP ( 'NONE', ( #1149, #67, #197, #342, #1580, #399 ) ) ;
#1414 = CARTESIAN_POINT ( 'NONE',  ( 60.00000000000000000, 73.55458317610201391, -33.78113330624642430 ) ) ;
#1415 = CARTESIAN_POINT ( 'NONE',  ( 60.33117395161531249, 59.30663007758901983, -44.45213279059984046 ) ) ;
#1416 = ADVANCED_FACE ( 'NONE', ( #993 ), #681, .F. ) ;
#1417 = DIRECTION ( 'NONE',  ( 0.000000000000000000, 0.000000000000000000, -1.000000000000000000 ) ) ;
#1418 = CARTESIAN_POINT ( 'NONE',  ( 64.41539131245293959, 11.63999999999999702, -42.39999999999999858 ) ) ;
#1419 = ORIENTED_EDGE ( 'NONE', *, *, #1243, .F. ) ;
#1420 = DIRECTION ( 'NONE',  ( 0.000000000000000000, 0.000000000000000000, -1.000000000000000000 ) ) ;
#1421 = ORIENTED_EDGE ( 'NONE', *, *, #620, .F. ) ;
#1422 = PLANE ( 'NONE',  #194 ) ;
#1423 = LINE ( 'NONE', #1110, #871 ) ;
#1424 = CIRCLE ( 'NONE', #989, 499.9999999999998863 ) ;
#1425 = LINE ( 'NONE', #1260, #1390 ) ;
#1426 = VECTOR ( 'NONE', #1372, 1000.000000000000000 ) ;
#1427 = EDGE_CURVE ( 'NONE', #1640, #1537, #1874, .T. ) ;
#1428 = DIRECTION ( 'NONE',  ( -1.000000000000000000, -0.000000000000000000, -0.000000000000000000 ) ) ;
#1429 = CARTESIAN_POINT ( 'NONE',  ( 75.40615912318392589, 39.88834827443832864, -56.26462915342887072 ) ) ;
#1430 = VERTEX_POINT ( 'NONE', #528 ) ;
#1431 = VECTOR ( 'NONE', #202, 1000.000000000000114 ) ;
#1432 = CARTESIAN_POINT ( 'NONE',  ( 76.06412732290965550, 30.36057738258707417, -55.08862772588634726 ) ) ;
#1433 = VECTOR ( 'NONE', #504, 1000.000000000000000 ) ;
#1434 = CARTESIAN_POINT ( 'NONE',  ( 41.49999999999997868, 40.00000000000002842, -46.26520502910506849 ) ) ;
#1435 = DIRECTION ( 'NONE',  ( 0.8164965809277262565, 0.5773502691896255090, -0.000000000000000000 ) ) ;
#1436 = CARTESIAN_POINT ( 'NONE',  ( 60.00000000000000000, 73.55458317610201391, -27.53593138650577998 ) ) ;
#1437 =( LENGTH_UNIT ( ) NAMED_UNIT ( * ) SI_UNIT ( .MILLI., .METRE. ) );
#1438 = CARTESIAN_POINT ( 'NONE',  ( 63.67246486563915653, 17.43705991987803472, -41.67803882504220780 ) ) ;
#1439 = CARTESIAN_POINT ( 'NONE',  ( 63.20646869904626897, 21.37651406531017173, -47.75087691581239113 ) ) ;
#1440 = DIRECTION ( 'NONE',  ( 0.000000000000000000, 0.000000000000000000, -1.000000000000000000 ) ) ;
#1441 = LINE ( 'NONE', #1898, #275 ) ;
#1442 = EDGE_CURVE ( 'NONE', #1028, #189, #237, .T. ) ;
#1443 = ORIENTED_EDGE ( 'NONE', *, *, #152, .T. ) ;
#1444 = CARTESIAN_POINT ( 'NONE',  ( 83.99999999999998579, 40.28000000000000114, -13.90999999999999481 ) ) ;
#1445 = FACE_OUTER_BOUND ( 'NONE', #1495, .T. ) ;
#1446 = UNCERTAINTY_MEASURE_WITH_UNIT (LENGTH_MEASURE( 1.000000000000000082E-05 ), #1437, 'distance_accuracy_value', 'NONE');
#1447 = AXIS2_PLACEMENT_3D ( 'NONE', #713, #1741, #390 ) ;
#1448 = CARTESIAN_POINT ( 'NONE',  ( 64.34463842575658532, 12.16760994632212878, -39.60000000000000142 ) ) ;
#1449 = DIRECTION ( 'NONE',  ( 1.000000000000000000, -0.000000000000000000, -0.000000000000000000 ) ) ;
#1450 = ORIENTED_EDGE ( 'NONE', *, *, #724, .T. ) ;
#1451 = ORIENTED_EDGE ( 'NONE', *, *, #1406, .T. ) ;
#1452 = DIRECTION ( 'NONE',  ( 0.000000000000000000, 0.000000000000000000, -1.000000000000000000 ) ) ;
#1453 = DIRECTION ( 'NONE',  ( -1.000000000000000000, -0.000000000000000000, -0.000000000000000000 ) ) ;
#1454 = ORIENTED_EDGE ( 'NONE', *, *, #1826, .T. ) ;
#1455 = FACE_OUTER_BOUND ( 'NONE', #1551, .T. ) ;
#1456 = CARTESIAN_POINT ( 'NONE',  ( 66.49999999999995737, 40.00000000000000711, -46.26520502910506849 ) ) ;
#1457 = ORIENTED_EDGE ( 'NONE', *, *, #282, .T. ) ;
#1458 = SURFACE_STYLE_USAGE ( .BOTH. , #1881 ) ;
#1459 = EDGE_CURVE ( 'NONE', #1941, #1081, #86, .T. ) ;
#1460 = CIRCLE ( 'NONE', #1556, 32.35641655800941408 ) ;
#1461 = DIRECTION ( 'NONE',  ( 0.000000000000000000, 0.000000000000000000, 1.000000000000000000 ) ) ;
#1462 = VECTOR ( 'NONE', #634, 1000.000000000000000 ) ;
#1463 = VERTEX_POINT ( 'NONE', #1888 ) ;
#1464 = ORIENTED_EDGE ( 'NONE', *, *, #162, .F. ) ;
#1465 = CARTESIAN_POINT ( 'NONE',  ( 74.49999999999995737, 30.00000000000000355, -44.58994935581586105 ) ) ;
#1466 = PLANE ( 'NONE',  #429 ) ;
#1467 = VECTOR ( 'NONE', #1420, 1000.000000000000000 ) ;
#1468 = CARTESIAN_POINT ( 'NONE',  ( 84.00099999999999056, 17.43705991987804538, -41.67803882504220070 ) ) ;
#1469 = CARTESIAN_POINT ( 'NONE',  ( 63.17742315807794995, 37.62380842404165548, -46.15790566413225093 ) ) ;
#1470 = CARTESIAN_POINT ( 'NONE',  ( 77.99999999999995737, 33.50000000000000000, -45.54809874937849656 ) ) ;
#1471 = VECTOR ( 'NONE', #226, 1000.000000000000000 ) ;
#1472 = EDGE_CURVE ( 'NONE', #649, #1387, #1591, .T. ) ;
#1473 = CARTESIAN_POINT ( 'NONE',  ( 64.07602664112867785, 14.21971639169606760, -39.95632877562160701 ) ) ;
#1474 = ORIENTED_EDGE ( 'NONE', *, *, #1055, .F. ) ;
#1475 = ORIENTED_EDGE ( 'NONE', *, *, #1472, .T. ) ;
#1476 = CARTESIAN_POINT ( 'NONE',  ( 77.64935221955261113, 31.95610561719724174, -55.44101229845600187 ) ) ;
#1477 = DIRECTION ( 'NONE',  ( -1.000000000000000000, 0.000000000000000000, 0.000000000000000000 ) ) ;
#1478 = DIRECTION ( 'NONE',  ( -0.7071067811865495711, 7.009341333409684989E-16, 0.7071067811865455743 ) ) ;
#1479 = CARTESIAN_POINT ( 'NONE',  ( 76.81529028270750814, 39.13469314253887177, -46.24654487148448112 ) ) ;
#1480 = EDGE_CURVE ( 'NONE', #251, #1852, #248, .T. ) ;
#1481 = CARTESIAN_POINT ( 'NONE',  ( 59.99600916976334020, 73.99399507502324980, -26.46288563539456362 ) ) ;
#1482 = VECTOR ( 'NONE', #876, 1000.000000000000000 ) ;
#1483 = DIRECTION ( 'NONE',  ( 0.000000000000000000, 0.000000000000000000, 1.000000000000000000 ) ) ;
#1484 = ORIENTED_EDGE ( 'NONE', *, *, #289, .T. ) ;
#1485 = ORIENTED_EDGE ( 'NONE', *, *, #1352, .T. ) ;
#1486 = EDGE_CURVE ( 'NONE', #520, #1175, #1441, .T. ) ;
#1487 = EDGE_LOOP ( 'NONE', ( #773, #1203, #618, #313 ) ) ;
#1488 = CARTESIAN_POINT ( 'NONE',  ( 84.00099999999999056, 4.000000000000238920, -42.39999999999948699 ) ) ;
#1489 = CARTESIAN_POINT ( 'NONE',  ( 88.09999999999998010, 57.65182341893328299, 13.38757211872197317 ) ) ;
#1490 = VERTEX_POINT ( 'NONE', #1120 ) ;
#1491 = CARTESIAN_POINT ( 'NONE',  ( 60.13598676278554223, 65.52834752026747367, -47.94794581809068035 ) ) ;
#1492 = LINE ( 'NONE', #754, #1462 ) ;
#1493 = FACE_BOUND ( 'NONE', #1823, .T. ) ;
#1494 = AXIS2_PLACEMENT_3D ( 'NONE', #334, #1568, #1374 ) ;
#1495 = EDGE_LOOP ( 'NONE', ( #920, #1090, #1766, #1710, #361, #1076, #932, #438, #859, #165, #1796, #1750, #1419, #1873 ) ) ;
#1496 = CARTESIAN_POINT ( 'NONE',  ( 60.08298130248546443, 67.86966701435088112, -30.90294942498147890 ) ) ;
#1497 = B_SPLINE_CURVE_WITH_KNOTS ( 'NONE', 3,
 ( #1674, #1532, #811, #1093, #937, #637, #475, #184, #1542, #784, #665, #801 ),
 .UNSPECIFIED., .F., .F.,
 ( 4, 2, 2, 2, 2, 4 ),
 ( 0.000000000000000000, 0.004449717325346135184, 0.008899434650692270368, 0.01112429331336533753, 0.01334915197603840122, 0.01779886930138453033 ),
 .UNSPECIFIED. ) ;
#1498 = LINE ( 'NONE', #1488, #1188 ) ;
#1499 = CARTESIAN_POINT ( 'NONE',  ( 57.99999999999999289, 4.000000000000424549, -39.59999999999948983 ) ) ;
#1500 = ORIENTED_EDGE ( 'NONE', *, *, #1747, .F. ) ;
#1501 = B_SPLINE_CURVE_WITH_KNOTS ( 'NONE', 3,
 ( #81, #1736, #385, #1587, #1756, #1607 ),
 .UNSPECIFIED., .F., .F.,
 ( 4, 2, 4 ),
 ( 3.469446951953614189E-18, 0.002182963836794516929, 0.004365927673589030389 ),
 .UNSPECIFIED. ) ;
#1502 = CARTESIAN_POINT ( 'NONE',  ( 77.99999999999995737, 33.50000000000000000, -55.72025739738531769 ) ) ;
#1503 = DIRECTION ( 'NONE',  ( -0.000000000000000000, -0.000000000000000000, 1.000000000000000000 ) ) ;
#1504 = EDGE_CURVE ( 'NONE', #1640, #632, #1026, .T. ) ;
#1505 = ORIENTED_EDGE ( 'NONE', *, *, #889, .F. ) ;
#1506 = CARTESIAN_POINT ( 'NONE',  ( 57.99999999999999289, 4.000000000000424549, -39.59999999999948983 ) ) ;
#1507 = ORIENTED_EDGE ( 'NONE', *, *, #1621, .T. ) ;
#1508 = CARTESIAN_POINT ( 'NONE',  ( 60.39749838039487884, 57.65182341893328299, 13.38757211872197317 ) ) ;
#1509 = EDGE_LOOP ( 'NONE', ( #1598, #1293, #1475, #826 ) ) ;
#1510 = CARTESIAN_POINT ( 'NONE',  ( 63.84251560262126191, 16.05942438363479496, -36.78014042488673851 ) ) ;
#1511 = LINE ( 'NONE', #315, #1715 ) ;
#1512 = EDGE_LOOP ( 'NONE', ( #1443, #1554, #186, #1638 ) ) ;
#1513 = EDGE_LOOP ( 'NONE', ( #15, #1534, #761, #1659 ) ) ;
#1514 = CARTESIAN_POINT ( 'NONE',  ( 62.34639893698450663, 29.48254061668134796, -54.89079796520283594 ) ) ;
#1515 = CARTESIAN_POINT ( 'NONE',  ( 62.99999999999995737, 33.50000000000000000, -55.72025739738531769 ) ) ;
#1516 = DIRECTION ( 'NONE',  ( -1.000000000000000000, -0.000000000000000000, -0.000000000000000000 ) ) ;
#1517 = CARTESIAN_POINT ( 'NONE',  ( 60.20284456903301162, 63.09278724321904264, 9.100868612480006448 ) ) ;
#1518 = ORIENTED_EDGE ( 'NONE', *, *, #1315, .T. ) ;
#1519 = DIRECTION ( 'NONE',  ( 0.7071067811865495711, 0.000000000000000000, -0.7071067811865455743 ) ) ;
#1520 = CARTESIAN_POINT ( 'NONE',  ( 60.36547620896265443, 58.29573845611920291, -52.34733778454427977 ) ) ;
#1521 = LINE ( 'NONE', #782, #1426 ) ;
#1522 = ORIENTED_EDGE ( 'NONE', *, *, #1427, .T. ) ;
#1523 = ADVANCED_FACE ( 'NONE', ( #1002 ), #1159, .F. ) ;
#1524 = DIRECTION ( 'NONE',  ( -0.000000000000000000, -0.000000000000000000, 1.000000000000000000 ) ) ;
#1525 = CARTESIAN_POINT ( 'NONE',  ( 60.01238890658545699, 72.34006562561921783, -9.210917218633987602 ) ) ;
#1526 = CIRCLE ( 'NONE', #955, 9.124985687471220075 ) ;
#1527 = AXIS2_PLACEMENT_3D ( 'NONE', #103, #245, #72 ) ;
#1528 = CARTESIAN_POINT ( 'NONE',  ( 63.18244717028662194, 21.55865004677403007, 41.30216994175962242 ) ) ;
#1529 = VERTEX_POINT ( 'NONE', #700 ) ;
#1530 = CARTESIAN_POINT ( 'NONE',  ( 59.98020652708757439, 79.00672583590940690, -15.65883567969023460 ) ) ;
#1531 = FACE_OUTER_BOUND ( 'NONE', #297, .T. ) ;
#1532 = CARTESIAN_POINT ( 'NONE',  ( 63.91212438816346264, 15.48932287318529255, 35.84430986752940385 ) ) ;
#1533 = ADVANCED_FACE ( 'NONE', ( #1285 ), #1466, .F. ) ;
#1534 = ORIENTED_EDGE ( 'NONE', *, *, #252, .T. ) ;
#1535 = LINE ( 'NONE', #336, #1289 ) ;
#1536 = DIRECTION ( 'NONE',  ( -1.000000000000000000, 0.000000000000000000, 0.000000000000000000 ) ) ;
#1537 = VERTEX_POINT ( 'NONE', #107 ) ;
#1538 = CARTESIAN_POINT ( 'NONE',  ( 59.98712685589534743, 75.22935836277927990, 2.931178776821723009 ) ) ;
#1539 = CARTESIAN_POINT ( 'NONE',  ( 60.00000000000000000, 73.55458317610201391, -154.0000000000000284 ) ) ;
#1540 = VERTEX_POINT ( 'NONE', #1769 ) ;
#1541 = ADVANCED_FACE ( 'NONE', ( #1919 ), #1365, .T. ) ;
#1542 = CARTESIAN_POINT ( 'NONE',  ( 62.68226866785356322, 26.17204313367492574, 32.97056576990264176 ) ) ;
#1543 = ORIENTED_EDGE ( 'NONE', *, *, #916, .F. ) ;
#1544 = CARTESIAN_POINT ( 'NONE',  ( 60.15715075651394272, 64.75204209491734275, -35.09546540414387295 ) ) ;
#1545 = ADVANCED_FACE ( 'NONE', ( #839 ), #1610, .F. ) ;
#1546 = DIRECTION ( 'NONE',  ( -1.000000000000000000, -0.000000000000000000, -0.000000000000000000 ) ) ;
#1547 = EDGE_LOOP ( 'NONE', ( #30, #1196, #1277, #445 ) ) ;
#1548 = ORIENTED_EDGE ( 'NONE', *, *, #20, .T. ) ;
#1549 = CARTESIAN_POINT ( 'NONE',  ( 59.97916641960981821, 78.10541395819193156, -22.53091055019979194 ) ) ;
#1550 = CARTESIAN_POINT ( 'NONE',  ( 60.47729827033280969, 54.04894945751834712, 27.53361610237813295 ) ) ;
#1551 = EDGE_LOOP ( 'NONE', ( #629, #1451, #712, #1276, #970, #166, #1296, #849 ) ) ;
#1552 = CARTESIAN_POINT ( 'NONE',  ( 78.99999999999995737, 36.14351643420338434, 38.92840313207268821 ) ) ;
#1553 = CARTESIAN_POINT ( 'NONE',  ( 89.00000000000000000, 11.86000000000000654, 36.00000000000002842 ) ) ;
#1554 = ORIENTED_EDGE ( 'NONE', *, *, #840, .T. ) ;
#1555 = CARTESIAN_POINT ( 'NONE',  ( 78.99999999999995737, 11.86000000000000654, 46.00000000000000000 ) ) ;
#1556 = AXIS2_PLACEMENT_3D ( 'NONE', #1173, #1774, #1483 ) ;
#1557 = EDGE_LOOP ( 'NONE', ( #933, #815, #1012, #1334 ) ) ;
#1558 = AXIS2_PLACEMENT_3D ( 'NONE', #1128, #536, #1440 ) ;
#1559 = CARTESIAN_POINT ( 'NONE',  ( 59.98402786410279930, 75.93785153973917090, -9.249185146386786016 ) ) ;
#1560 = DIRECTION ( 'NONE',  ( 0.000000000000000000, 0.000000000000000000, -1.000000000000000000 ) ) ;
#1561 = CARTESIAN_POINT ( 'NONE',  ( 63.17794409047622395, 37.62536786787313758, -56.18367911713365004 ) ) ;
#1562 = EDGE_CURVE ( 'NONE', #1247, #151, #870, .T. ) ;
#1563 = CARTESIAN_POINT ( 'NONE',  ( 60.57410621154582486, 52.11520624313882166, 24.49706568717758870 ) ) ;
#1564 = DIRECTION ( 'NONE',  ( -0.000000000000000000, 1.000000000000000000, -0.000000000000000000 ) ) ;
#1565 = ORIENTED_EDGE ( 'NONE', *, *, #858, .F. ) ;
#1566 = DIRECTION ( 'NONE',  ( 0.000000000000000000, -0.8436525123164421158, 0.5368895961574927655 ) ) ;
#1567 = LINE ( 'NONE', #1539, #716 ) ;
#1568 = DIRECTION ( 'NONE',  ( -1.000000000000000000, 0.000000000000000000, 0.000000000000000000 ) ) ;
#1569 = DIRECTION ( 'NONE',  ( 1.000000000000000000, 0.000000000000000000, 0.000000000000000000 ) ) ;
#1570 = CARTESIAN_POINT ( 'NONE',  ( 63.62257137487171832, 17.83535203434192340, -45.53636401573949399 ) ) ;
#1571 = ORIENTED_EDGE ( 'NONE', *, *, #555, .T. ) ;
#1572 = CARTESIAN_POINT ( 'NONE',  ( 64.10463044775561059, 14.00000000000000000, 35.93494419162356479 ) ) ;
#1573 = AXIS2_PLACEMENT_3D ( 'NONE', #56, #1817, #1088 ) ;
#1574 = ORIENTED_EDGE ( 'NONE', *, *, #1406, .F. ) ;
#1575 = DIRECTION ( 'NONE',  ( 1.000000000000000000, 0.000000000000000000, 0.000000000000000000 ) ) ;
#1576 = CARTESIAN_POINT ( 'NONE',  ( 61.48702807742439802, 39.28994364166896958, -49.85965158224715310 ) ) ;
#1577 = LINE ( 'NONE', #377, #1135 ) ;
#1578 = CARTESIAN_POINT ( 'NONE',  ( 84.00099999999999056, 11.86000000000000121, 0.7699999999999997957 ) ) ;
#1579 = DIRECTION ( 'NONE',  ( 1.000000000000000000, 0.000000000000000000, 0.000000000000000000 ) ) ;
#1580 = ORIENTED_EDGE ( 'NONE', *, *, #1442, .F. ) ;
#1581 = EDGE_LOOP ( 'NONE', ( #265, #1363, #1507, #538, #719, #905 ) ) ;
#1582 = DIRECTION ( 'NONE',  ( -0.000000000000000000, -0.000000000000000000, 1.000000000000000000 ) ) ;
#1583 = LINE ( 'NONE', #521, #1698 ) ;
#1584 = CARTESIAN_POINT ( 'NONE',  ( 60.02901266337383390, 71.04042383086722623, -32.54228212090880845 ) ) ;
#1585 = VECTOR ( 'NONE', #173, 1000.000000000000000 ) ;
#1586 = SURFACE_STYLE_FILL_AREA ( #819 ) ;
#1587 = CARTESIAN_POINT ( 'NONE',  ( 64.22366927439516360, 13.08197349318971270, -42.52321357707472771 ) ) ;
#1588 = CARTESIAN_POINT ( 'NONE',  ( 62.20240874315474855, 30.99411317046434888, -51.54393585673921763 ) ) ;
#1589 = EDGE_CURVE ( 'NONE', #1529, #607, #558, .T. ) ;
#1590 = CARTESIAN_POINT ( 'NONE',  ( 60.18157427262094217, 63.64843781791783073, 17.15746561229346412 ) ) ;
#1591 = LINE ( 'NONE', #1129, #28 ) ;
#1592 = EDGE_LOOP ( 'NONE', ( #320, #549, #1079, #832 ) ) ;
#1593 = EDGE_LOOP ( 'NONE', ( #799, #228, #405, #1389, #1484 ) ) ;
#1594 = DIRECTION ( 'NONE',  ( 0.000000000000000000, 0.000000000000000000, 1.000000000000000000 ) ) ;
#1595 = CARTESIAN_POINT ( 'NONE',  ( 61.41144248456309640, 40.27999999999999403, -46.26641655800941066 ) ) ;
#1596 = CARTESIAN_POINT ( 'NONE',  ( 64.38593885708753817, 11.86000000000000654, 39.60000000000000142 ) ) ;
#1597 = CARTESIAN_POINT ( 'NONE',  ( 74.73129310410797643, 40.00000000000000000, -56.26549106828549895 ) ) ;
#1598 = ORIENTED_EDGE ( 'NONE', *, *, #1347, .F. ) ;
#1599 = CARTESIAN_POINT ( 'NONE',  ( 60.20668032272019587, 63.02071938050821132, 21.82409724188639544 ) ) ;
#1600 = ORIENTED_EDGE ( 'NONE', *, *, #1673, .T. ) ;
#1601 = DIRECTION ( 'NONE',  ( 0.000000000000000000, 0.000000000000000000, -1.000000000000000000 ) ) ;
#1602 = ADVANCED_FACE ( 'NONE', ( #875 ), #346, .T. ) ;
#1603 = DIRECTION ( 'NONE',  ( -1.000000000000000000, -0.000000000000000000, -0.000000000000000000 ) ) ;
#1604 = CARTESIAN_POINT ( 'NONE',  ( 63.45930648350194048, 38.24827596562066390, -46.20312855578793432 ) ) ;
#1605 = CIRCLE ( 'NONE', #258, 35.95641655800942260 ) ;
#1606 = LINE ( 'NONE', #855, #863 ) ;
#1607 = CARTESIAN_POINT ( 'NONE',  ( 64.41539131245293959, 11.63999999999999702, -42.39999999999999858 ) ) ;
#1608 = EDGE_LOOP ( 'NONE', ( #1867, #246, #1692, #1474 ) ) ;
#1609 = CARTESIAN_POINT ( 'NONE',  ( 77.97747257165674739, 33.04330385843304896, -55.64424598248944420 ) ) ;
#1610 = PLANE ( 'NONE',  #778 ) ;
#1611 = CARTESIAN_POINT ( 'NONE',  ( 84.00099999999999056, 40.28000000000000114, -13.90999999999999481 ) ) ;
#1612 = CARTESIAN_POINT ( 'NONE',  ( 63.11059455560467768, 37.40197784963715577, -46.13894399837116111 ) ) ;
#1613 = EDGE_CURVE ( 'NONE', #535, #1226, #1922, .T. ) ;
#1614 =( NAMED_UNIT ( * ) SI_UNIT ( $, .STERADIAN. ) SOLID_ANGLE_UNIT ( ) );
#1615 = AXIS2_PLACEMENT_3D ( 'NONE', #827, #524, #726 ) ;
#1616 = CARTESIAN_POINT ( 'NONE',  ( 64.34660952934854095, 30.73128837594917329, -44.82566042062119749 ) ) ;
#1617 =( GEOMETRIC_REPRESENTATION_CONTEXT ( 3 ) GLOBAL_UNCERTAINTY_ASSIGNED_CONTEXT ( ( #1446 ) ) GLOBAL_UNIT_ASSIGNED_CONTEXT ( ( #1437, #1744, #1614 ) ) REPRESENTATION_CONTEXT ( 'NONE', 'WORKASPACE' ) );
#1618 = VERTEX_POINT ( 'NONE', #1625 ) ;
#1619 = DIRECTION ( 'NONE',  ( 1.000000000000000000, 0.000000000000000000, 0.000000000000000000 ) ) ;
#1620 = LINE ( 'NONE', #1759, #586 ) ;
#1621 = EDGE_CURVE ( 'NONE', #1640, #588, #763, .T. ) ;
#1622 = AXIS2_PLACEMENT_3D ( 'NONE', #381, #710, #1295 ) ;
#1623 = CARTESIAN_POINT ( 'NONE',  ( 64.10463044775561059, 13.99999999999999822, -36.22075997188420615 ) ) ;
#1624 = CARTESIAN_POINT ( 'NONE',  ( 60.00481032779791946, 73.02494018284949107, -28.82932185888662246 ) ) ;
#1625 = CARTESIAN_POINT ( 'NONE',  ( 77.99999999999995737, 36.50000000000000000, -46.04486101534321563 ) ) ;
#1626 = CIRCLE ( 'NONE', #1784, 35.22999999999999687 ) ;
#1627 = VERTEX_POINT ( 'NONE', #1502 ) ;
#1628 = CARTESIAN_POINT ( 'NONE',  ( 559.9793796504070542, 78.09549986705461322, 46.00000000000000000 ) ) ;
#1629 = CARTESIAN_POINT ( 'NONE',  ( 60.00991232604474845, 72.56982113276175994, -16.16063930900113377 ) ) ;
#1630 = ORIENTED_EDGE ( 'NONE', *, *, #1117, .F. ) ;
#1631 = CARTESIAN_POINT ( 'NONE',  ( 63.39828623766102567, 19.72412276318915403, -38.89786912685006826 ) ) ;
#1632 = CARTESIAN_POINT ( 'NONE',  ( 63.67246486563915653, 17.43705991987803472, -41.67803882504220780 ) ) ;
#1633 = ORIENTED_EDGE ( 'NONE', *, *, #252, .F. ) ;
#1634 = EDGE_CURVE ( 'NONE', #1404, #588, #344, .T. ) ;
#1635 = CARTESIAN_POINT ( 'NONE',  ( 83.99999999999998579, 13.37117042065832528, -46.62056273293934083 ) ) ;
#1636 = CARTESIAN_POINT ( 'NONE',  ( 60.78467264366629763, 49.59561428833391972, -51.63362670956740175 ) ) ;
#1637 = AXIS2_PLACEMENT_3D ( 'NONE', #1926, #885, #595 ) ;
#1638 = ORIENTED_EDGE ( 'NONE', *, *, #724, .F. ) ;
#1639 = DIRECTION ( 'NONE',  ( 1.000000000000000000, -0.000000000000000000, -0.000000000000000000 ) ) ;
#1640 = VERTEX_POINT ( 'NONE', #878 ) ;
#1641 = CARTESIAN_POINT ( 'NONE',  ( 60.03456444120465818, 70.66542449904957834, -25.03899616765026437 ) ) ;
#1642 = CARTESIAN_POINT ( 'NONE',  ( 60.00000000000000000, 73.55458317610201391, 12.29816930066431802 ) ) ;
#1643 = CARTESIAN_POINT ( 'NONE',  ( 64.38593885708753817, 11.86000000000001009, 42.39999999999999147 ) ) ;
#1644 = CARTESIAN_POINT ( 'NONE',  ( 64.18631679281277513, 13.37117042065833239, -46.62056273293935504 ) ) ;
#1645 = DIRECTION ( 'NONE',  ( -1.000000000000000000, -0.000000000000000000, -0.000000000000000000 ) ) ;
#1646 = ADVANCED_FACE ( 'NONE', ( #1058 ), #1215, .T. ) ;
#1647 = ORIENTED_EDGE ( 'NONE', *, *, #916, .T. ) ;
#1648 = CARTESIAN_POINT ( 'NONE',  ( 66.49999999999995737, 30.00000000000000355, -44.58994935581585395 ) ) ;
#1649 = EDGE_LOOP ( 'NONE', ( #413, #1863, #467, #351 ) ) ;
#1650 = AXIS2_PLACEMENT_3D ( 'NONE', #1578, #836, #93 ) ;
#1651 = COLOUR_RGB ( '',0.7921568627450980005, 0.8196078431372548767, 0.9333333333333333481 ) ;
#1652 = CARTESIAN_POINT ( 'NONE',  ( 60.02767028174552166, 71.14237992684786605, -4.152515587621482318 ) ) ;
#1653 = DIRECTION ( 'NONE',  ( 1.000000000000000000, 0.000000000000000000, 0.000000000000000000 ) ) ;
#1654 = CARTESIAN_POINT ( 'NONE',  ( 60.23858994063583339, 61.98629627894064242, -50.28863477423014672 ) ) ;
#1655 = CARTESIAN_POINT ( 'NONE',  ( 64.17660382848882250, 30.87253332857039467, -55.20882514421211340 ) ) ;
#1656 = LINE ( 'NONE', #311, #1803 ) ;
#1657 = ORIENTED_EDGE ( 'NONE', *, *, #454, .T. ) ;
#1658 = VERTEX_POINT ( 'NONE', #732 ) ;
#1659 = ORIENTED_EDGE ( 'NONE', *, *, #1731, .T. ) ;
#1660 = DIRECTION ( 'NONE',  ( -1.000000000000000000, -0.000000000000000000, -0.000000000000000000 ) ) ;
#1661 = DIRECTION ( 'NONE',  ( -0.000000000000000000, -0.000000000000000000, 1.000000000000000000 ) ) ;
#1662 = EDGE_CURVE ( 'NONE', #520, #1028, #1844, .T. ) ;
#1663 = CARTESIAN_POINT ( 'NONE',  ( 60.26490455148518777, 61.12982040900101310, 15.44137931454014101 ) ) ;
#1664 = DIRECTION ( 'NONE',  ( 0.000000000000000000, 0.000000000000000000, -1.000000000000000000 ) ) ;
#1665 = FACE_OUTER_BOUND ( 'NONE', #109, .T. ) ;
#1666 = EDGE_LOOP ( 'NONE', ( #276, #973, #792, #460, #1348, #441 ) ) ;
#1667 = DIRECTION ( 'NONE',  ( 0.000000000000000000, 0.000000000000000000, 1.000000000000000000 ) ) ;
#1668 = ORIENTED_EDGE ( 'NONE', *, *, #450, .F. ) ;
#1669 = CARTESIAN_POINT ( 'NONE',  ( 64.12207372410985329, 13.83431633218251733, 42.40000000000001279 ) ) ;
#1670 = CARTESIAN_POINT ( 'NONE',  ( 59.99196690185699055, 74.43907053835101806, -2.443990564408577093 ) ) ;
#1671 = CARTESIAN_POINT ( 'NONE',  ( 63.11168157599113471, 32.59355513407943761, -55.56377003634864309 ) ) ;
#1672 = ORIENTED_EDGE ( 'NONE', *, *, #638, .T. ) ;
#1673 = EDGE_CURVE ( 'NONE', #189, #1028, #1118, .T. ) ;
#1674 = CARTESIAN_POINT ( 'NONE',  ( 64.10463044775561059, 14.00000000000000000, 35.93494419162356479 ) ) ;
#1675 = CARTESIAN_POINT ( 'NONE',  ( 60.91136969937164736, 47.57827210930459216, -45.43559003537212249 ) ) ;
#1676 = CIRCLE ( 'NONE', #890, 35.23000000000002530 ) ;
#1677 = DIRECTION ( 'NONE',  ( -1.000000000000000000, -0.000000000000000000, -0.000000000000000000 ) ) ;
#1678 = EDGE_CURVE ( 'NONE', #1338, #366, #47, .T. ) ;
#1679 = VERTEX_POINT ( 'NONE', #1099 ) ;
#1680 = CARTESIAN_POINT ( 'NONE',  ( 66.49999999999995737, 40.00000000000000711, -56.26549106828552027 ) ) ;
#1681 = DIRECTION ( 'NONE',  ( 0.000000000000000000, -1.000000000000000000, 6.629419235792965992E-14 ) ) ;
#1682 = VERTEX_POINT ( 'NONE', #781 ) ;
#1683 = VECTOR ( 'NONE', #537, 1000.000000000000114 ) ;
#1684 = ADVANCED_FACE ( 'NONE', ( #33 ), #808, .F. ) ;
#1685 = CARTESIAN_POINT ( 'NONE',  ( 63.46024148486464611, 38.24989715541612156, -56.21816686794051776 ) ) ;
#1686 = VECTOR ( 'NONE', #1818, 1000.000000000000000 ) ;
#1687 = EDGE_CURVE ( 'NONE', #1404, #1880, #1730, .T. ) ;
#1688 = ORIENTED_EDGE ( 'NONE', *, *, #1384, .F. ) ;
#1689 = CARTESIAN_POINT ( 'NONE',  ( 61.90897743845486190, 34.21071388803641611, 35.89125408773348624 ) ) ;
#1690 = ORIENTED_EDGE ( 'NONE', *, *, #1010, .T. ) ;
#1691 = CARTESIAN_POINT ( 'NONE',  ( 89.00000000000000000, 57.65182341893330431, 13.38757211872198383 ) ) ;
#1692 = ORIENTED_EDGE ( 'NONE', *, *, #296, .T. ) ;
#1693 = DIRECTION ( 'NONE',  ( 0.000000000000000000, -1.000000000000000000, 6.630094960539628661E-14 ) ) ;
#1694 = CARTESIAN_POINT ( 'NONE',  ( 60.37758352389666072, 58.10591166031046129, -45.16782171101748133 ) ) ;
#1695 = CARTESIAN_POINT ( 'NONE',  ( 102.7322330470336169, 3.999999999999972466, 18.73223304703372349 ) ) ;
#1696 = CARTESIAN_POINT ( 'NONE',  ( 62.22368217087220899, 30.77462047262844891, 30.49187800890826594 ) ) ;
#1697 = ORIENTED_EDGE ( 'NONE', *, *, #1364, .F. ) ;
#1698 = VECTOR ( 'NONE', #1435, 1000.000000000000114 ) ;
#1699 = CARTESIAN_POINT ( 'NONE',  ( 88.09999999999998010, 11.86000000000000121, 0.7699999999999997957 ) ) ;
#1700 = ORIENTED_EDGE ( 'NONE', *, *, #1876, .T. ) ;
#1701 = ADVANCED_FACE ( 'NONE', ( #59 ), #816, .T. ) ;
#1702 = CARTESIAN_POINT ( 'NONE',  ( 59.98303407637011020, 76.18044664219698348, -11.58596977275471929 ) ) ;
#1703 = CARTESIAN_POINT ( 'NONE',  ( 61.74245700611955101, 36.14351643420338434, 38.92840313207268821 ) ) ;
#1704 = ORIENTED_EDGE ( 'NONE', *, *, #1352, .F. ) ;
#1705 = DIRECTION ( 'NONE',  ( 1.000000000000000000, -0.000000000000000000, -0.000000000000000000 ) ) ;
#1706 = EDGE_CURVE ( 'NONE', #1936, #807, #40, .T. ) ;
#1707 = CYLINDRICAL_SURFACE ( 'NONE', #738, 499.9999999999998863 ) ;
#1708 = CARTESIAN_POINT ( 'NONE',  ( 62.87105600873243816, 24.39059838237894340, 40.48154658797477623 ) ) ;
#1709 = STYLED_ITEM ( 'NONE', ( #542 ), #562 ) ;
#1710 = ORIENTED_EDGE ( 'NONE', *, *, #1084, .F. ) ;
#1711 = VECTOR ( 'NONE', #1449, 1000.000000000000000 ) ;
#1712 = CARTESIAN_POINT ( 'NONE',  ( 89.00000000000000000, 40.27999999999853742, -36.00000000000191136 ) ) ;
#1713 = CARTESIAN_POINT ( 'NONE',  ( 66.49999999999995737, 30.00000000000000355, -54.99999420340203926 ) ) ;
#1714 = CARTESIAN_POINT ( 'NONE',  ( 75.46446609406719119, 4.000000000000000000, 46.00000000000000000 ) ) ;
#1715 = VECTOR ( 'NONE', #13, 1000.000000000000000 ) ;
#1716 = CIRCLE ( 'NONE', #525, 42.35641655800942118 ) ;
#1717 = CARTESIAN_POINT ( 'NONE',  ( 60.57094119396528953, 53.73196707274360762, -43.38870097093441558 ) ) ;
#1718 = CARTESIAN_POINT ( 'NONE',  ( 60.01308462460566773, 72.11389554879362151, -36.19359159671466841 ) ) ;
#1719 = CARTESIAN_POINT ( 'NONE',  ( 41.49999999999997868, 19.72412276318915403, -38.89786912685006826 ) ) ;
#1720 = AXIS2_PLACEMENT_3D ( 'NONE', #46, #1536, #1837 ) ;
#1721 = VERTEX_POINT ( 'NONE', #1680 ) ;
#1722 = DIRECTION ( 'NONE',  ( -1.000000000000000000, 0.000000000000000000, 0.000000000000000000 ) ) ;
#1723 = CARTESIAN_POINT ( 'NONE',  ( 65.50000000000001421, 4.000000000000000000, -154.0000000000000284 ) ) ;
#1724 = ADVANCED_FACE ( 'NONE', ( #508 ), #661, .F. ) ;
#1725 = ORIENTED_EDGE ( 'NONE', *, *, #1914, .F. ) ;
#1726 = DIRECTION ( 'NONE',  ( 0.000000000000000000, 0.000000000000000000, -1.000000000000000000 ) ) ;
#1727 = CARTESIAN_POINT ( 'NONE',  ( 78.99999999999995737, 11.64000000000000057, -45.99999999999999289 ) ) ;
#1728 = CARTESIAN_POINT ( 'NONE',  ( 62.01311038124773489, 33.03924041384983923, -51.99043511882574364 ) ) ;
#1729 = CARTESIAN_POINT ( 'NONE',  ( 77.99999999999995737, 36.50000000000000000, -56.26741655800941544 ) ) ;
#1730 = CIRCLE ( 'NONE', #760, 42.35641655800942118 ) ;
#1731 = EDGE_CURVE ( 'NONE', #669, #807, #1377, .T. ) ;
#1732 = LINE ( 'NONE', #382, #440 ) ;
#1733 = LINE ( 'NONE', #1006, #1811 ) ;
#1734 = LINE ( 'NONE', #1893, #357 ) ;
#1735 = EDGE_CURVE ( 'NONE', #457, #376, #1583, .T. ) ;
#1736 = CARTESIAN_POINT ( 'NONE',  ( 63.96452360624607536, 15.09082035098267838, -43.37361973276107108 ) ) ;
#1737 = PLANE ( 'NONE',  #1527 ) ;
#1738 = CARTESIAN_POINT ( 'NONE',  ( 89.00000000000000000, 6.500000000000007994, 36.00000000000002132 ) ) ;
#1739 = DIRECTION ( 'NONE',  ( -1.000000000000000000, -0.000000000000000000, -0.000000000000000000 ) ) ;
#1740 = EDGE_CURVE ( 'NONE', #649, #1490, #529, .T. ) ;
#1741 = DIRECTION ( 'NONE',  ( -0.000000000000000000, 6.630094960539835658E-14, 1.000000000000000000 ) ) ;
#1742 = CARTESIAN_POINT ( 'NONE',  ( 63.71261795950888995, 38.62903435237381444, -46.22483199558491407 ) ) ;
#1743 = AXIS2_PLACEMENT_3D ( 'NONE', #718, #1312, #1301 ) ;
#1744 =( NAMED_UNIT ( * ) PLANE_ANGLE_UNIT ( ) SI_UNIT ( $, .RADIAN. ) );
#1745 = CARTESIAN_POINT ( 'NONE',  ( 63.77579772449526274, 16.59579203619325227, -41.04532311992263516 ) ) ;
#1746 = CARTESIAN_POINT ( 'NONE',  ( 65.50000000000000000, 4.000000000000003553, 39.59999999999999432 ) ) ;
#1747 = EDGE_CURVE ( 'NONE', #807, #1175, #693, .T. ) ;
#1748 = CARTESIAN_POINT ( 'NONE',  ( 77.54306672591496863, 31.75604728442817759, -55.40030865550001238 ) ) ;
#1749 = LINE ( 'NONE', #982, #1683 ) ;
#1750 = ORIENTED_EDGE ( 'NONE', *, *, #1160, .F. ) ;
#1751 = PLANE ( 'NONE',  #793 ) ;
#1752 = CARTESIAN_POINT ( 'NONE',  ( 77.53848028252497215, 38.25231132304590886, -46.20338809540405833 ) ) ;
#1753 = ADVANCED_FACE ( 'NONE', ( #1455 ), #1422, .T. ) ;
#1754 = VERTEX_POINT ( 'NONE', #111 ) ;
#1755 = DIRECTION ( 'NONE',  ( -1.000000000000000000, -0.000000000000000000, -0.000000000000000000 ) ) ;
#1756 = CARTESIAN_POINT ( 'NONE',  ( 64.31728860527593383, 12.37155974949580539, -42.39999999999999858 ) ) ;
#1757 = EDGE_LOOP ( 'NONE', ( #1832, #1450, #1820, #1697 ) ) ;
#1758 = CARTESIAN_POINT ( 'NONE',  ( 77.65178989909119878, 31.96121308890073465, -45.17951618468119790 ) ) ;
#1759 = CARTESIAN_POINT ( 'NONE',  ( 74.49999999999995737, 30.00000000000000355, -56.26741655800941544 ) ) ;
#1760 = ADVANCED_FACE ( 'NONE', ( #1891 ), #1751, .T. ) ;
#1761 = PLANE ( 'NONE',  #1889 ) ;
#1762 = DIRECTION ( 'NONE',  ( 1.000000000000000000, -0.000000000000000000, -0.000000000000000000 ) ) ;
#1763 = ADVANCED_FACE ( 'NONE', ( #971 ), #1761, .F. ) ;
#1764 = CARTESIAN_POINT ( 'NONE',  ( 64.27575317574701330, 12.68768529342938045, -39.64541278470790076 ) ) ;
#1765 = ADVANCED_FACE ( 'NONE', ( #833 ), #559, .F. ) ;
#1766 = ORIENTED_EDGE ( 'NONE', *, *, #783, .T. ) ;
#1767 = ORIENTED_EDGE ( 'NONE', *, *, #1385, .T. ) ;
#1768 = CARTESIAN_POINT ( 'NONE',  ( 76.64966728468677104, 30.72841239802944457, -55.17561093232708203 ) ) ;
#1769 = CARTESIAN_POINT ( 'NONE',  ( 64.10463044775561059, 13.99999999999999822, -36.22075997188420615 ) ) ;
#1770 = CARTESIAN_POINT ( 'NONE',  ( 60.04659223462529383, 69.88717461034329403, -34.32503623277317217 ) ) ;
#1771 = EDGE_LOOP ( 'NONE', ( #1341, #1370, #139, #1066 ) ) ;
#1772 = AXIS2_PLACEMENT_3D ( 'NONE', #378, #1428, #1461 ) ;
#1773 = B_SPLINE_CURVE_WITH_KNOTS ( 'NONE', 3,
 ( #50, #662, #1866, #522, #1100, #1840, #353, #375, #964, #653, #1847, #791, #643, #1576, #220, #817, #825, #1092, #530, #683, #936, #490, #954, #1694, #1415, #1382, #270, #1023, #250, #1153, #90, #1770, #419, #1584, #866, #560, #1624, #1436 ),
 .UNSPECIFIED., .F., .F.,
 ( 4, 2, 2, 2, 2, 2, 2, 2, 2, 2, 2, 2, 2, 2, 2, 2, 2, 2, 4 ),
 ( 9.813077866773594792E-18, 0.008384570774339621113, 0.01048071346792452466, 0.01257685616150942647, 0.01676914154867923529, 0.02096142693584904237, 0.02305756962943395980, 0.02515371232301887722, 0.03353828309735857466, 0.03563442579094350943, 0.03773056848452845807, 0.04192285387169835537, 0.04611513925886824572, 0.04821128195245319437, 0.05030742464603812913, 0.05869199542037793066, 0.06078813811396289318, 0.06288428080754784877, 0.06707656619471775994 ),
 .UNSPECIFIED. ) ;
#1774 = DIRECTION ( 'NONE',  ( -1.000000000000000000, 0.000000000000000000, 0.000000000000000000 ) ) ;
#1775 = VECTOR ( 'NONE', #1645, 1000.000000000000000 ) ;
#1776 = VERTEX_POINT ( 'NONE', #1015 ) ;
#1777 = ORIENTED_EDGE ( 'NONE', *, *, #765, .F. ) ;
#1778 = CARTESIAN_POINT ( 'NONE',  ( 84.00099999999999056, 61.08791683434123598, 18.78694819754720768 ) ) ;
#1779 = CIRCLE ( 'NONE', #780, 32.35641655800944250 ) ;
#1780 = DIRECTION ( 'NONE',  ( 0.000000000000000000, 0.000000000000000000, 1.000000000000000000 ) ) ;
#1781 = DIRECTION ( 'NONE',  ( -0.000000000000000000, -0.000000000000000000, 1.000000000000000000 ) ) ;
#1782 = CARTESIAN_POINT ( 'NONE',  ( 61.84094113252091063, 34.98418715528971745, -55.93993888679435855 ) ) ;
#1783 = CARTESIAN_POINT ( 'NONE',  ( 60.64083765151772809, 52.25656766976767642, -50.87379835321844013 ) ) ;
#1784 = AXIS2_PLACEMENT_3D ( 'NONE', #1699, #1221, #1255 ) ;
#1785 = ORIENTED_EDGE ( 'NONE', *, *, #765, .T. ) ;
#1786 = LINE ( 'NONE', #1163, #110 ) ;
#1787 = CARTESIAN_POINT ( 'NONE',  ( 60.04714470650312563, 69.85537615820878443, -27.06237800812776584 ) ) ;
#1788 =( NAMED_UNIT ( * ) PLANE_ANGLE_UNIT ( ) SI_UNIT ( $, .RADIAN. ) );
#1789 = CARTESIAN_POINT ( 'NONE',  ( 88.09999999999998010, 19.72412276318916113, -38.89786912685007536 ) ) ;
#1790 = ADVANCED_FACE ( 'NONE', ( #269 ), #824, .F. ) ;
#1791 = CARTESIAN_POINT ( 'NONE',  ( 63.17830987153577382, 21.61311887845681312, -51.95723584348446167 ) ) ;
#1792 = CARTESIAN_POINT ( 'NONE',  ( 57.99999999999999289, 32.70742301879543135, 33.52902705324746080 ) ) ;
#1793 = VECTOR ( 'NONE', #400, 1000.000000000000000 ) ;
#1794 = ADVANCED_FACE ( 'NONE', ( #722 ), #1307, .F. ) ;
#1795 = CARTESIAN_POINT ( 'NONE',  ( 63.34881250982865453, 31.96022461006025495, -45.17924173106941765 ) ) ;
#1796 = ORIENTED_EDGE ( 'NONE', *, *, #1859, .F. ) ;
#1797 = CARTESIAN_POINT ( 'NONE',  ( 62.79234081897405417, 25.12654210751532347, -42.51376394953145166 ) ) ;
#1798 = DIRECTION ( 'NONE',  ( -0.000000000000000000, -1.000000000000000000, 6.630094960539835658E-14 ) ) ;
#1799 = ORIENTED_EDGE ( 'NONE', *, *, #1589, .F. ) ;
#1800 = CARTESIAN_POINT ( 'NONE',  ( 62.02583144493880241, 32.89881945786043360, -55.62419485917292405 ) ) ;
#1801 = CARTESIAN_POINT ( 'NONE',  ( 77.99999999999998579, 36.73036557371878530, -56.11805152356023285 ) ) ;
#1802 = CARTESIAN_POINT ( 'NONE',  ( 62.99999999999995737, 33.27018692404507050, -45.49885013089111396 ) ) ;
#1803 = VECTOR ( 'NONE', #1516, 1000.000000000000000 ) ;
#1804 = AXIS2_PLACEMENT_3D ( 'NONE', #255, #1858, #1116 ) ;
#1805 = ORIENTED_EDGE ( 'NONE', *, *, #312, .F. ) ;
#1806 = CARTESIAN_POINT ( 'NONE',  ( 60.00909615573075939, 72.64416935659660624, -14.41839742574200933 ) ) ;
#1807 =( BOUNDED_CURVE ( )  B_SPLINE_CURVE ( 3, ( #908, #1185, #1025, #18 ),
 .UNSPECIFIED., .F., .T. ) 
 B_SPLINE_CURVE_WITH_KNOTS ( ( 4, 4 ),
 ( 4.749419190470747232, 4.803290269266607737 ),
 .UNSPECIFIED. ) 
 CURVE ( )  GEOMETRIC_REPRESENTATION_ITEM ( )  RATIONAL_B_SPLINE_CURVE ( ( 1.000000000000000000, 0.9997581735272058623, 0.9997581735272058623, 1.000000000000000000 ) ) 
 REPRESENTATION_ITEM ( '' )  );
#1808 = EDGE_CURVE ( 'NONE', #116, #1658, #1005, .T. ) ;
#1809 = CARTESIAN_POINT ( 'NONE',  ( 89.00000000000000000, 30.77462047262846312, 30.49187800890827660 ) ) ;
#1810 = CARTESIAN_POINT ( 'NONE',  ( 61.37361962676052229, 39.71620143985321505, 24.80157101115923624 ) ) ;
#1811 = VECTOR ( 'NONE', #1762, 1000.000000000000000 ) ;
#1812 = CARTESIAN_POINT ( 'NONE',  ( 60.00706234579109832, 72.81762701021322925, 1.420627158871356821 ) ) ;
#1813 = LINE ( 'NONE', #1216, #1166 ) ;
#1814 = CARTESIAN_POINT ( 'NONE',  ( 62.99999999999995737, 36.50000000000000000, -56.26741655800941544 ) ) ;
#1815 = CARTESIAN_POINT ( 'NONE',  ( 60.11467909418066569, 66.46152184257603324, 5.107259524665804129 ) ) ;
#1816 = ADVANCED_FACE ( 'NONE', ( #76, #682 ), #1267, .T. ) ;
#1817 = DIRECTION ( 'NONE',  ( 0.000000000000000000, 0.000000000000000000, 1.000000000000000000 ) ) ;
#1818 = DIRECTION ( 'NONE',  ( 1.000000000000000000, -0.000000000000000000, -0.000000000000000000 ) ) ;
#1819 = B_SPLINE_CURVE_WITH_KNOTS ( 'NONE', 3,
 ( #1470, #122, #1310, #725, #272, #1758, #861, #557, #690, #709, #1013, #830, #546, #1897, #1887, #727, #266, #1465 ),
 .UNSPECIFIED., .F., .F.,
 ( 4, 2, 2, 2, 2, 2, 2, 2, 4 ),
 ( 0.000000000000000000, 0.0006954378762348155298, 0.001390875752469631060, 0.002086313628704446373, 0.002781751504939262119, 0.003477189381174077866, 0.004172627257408892745, 0.004868065133643708492, 0.005563503009878524239 ),
 .UNSPECIFIED. ) ;
#1820 = ORIENTED_EDGE ( 'NONE', *, *, #1562, .F. ) ;
#1821 = CARTESIAN_POINT ( 'NONE',  ( 60.01596900253998257, 71.79631000639491845, -42.35051930422771704 ) ) ;
#1822 = CARTESIAN_POINT ( 'NONE',  ( 63.17848544937496058, 32.37357657672244216, -55.52249789020539339 ) ) ;
#1823 = EDGE_LOOP ( 'NONE', ( #1907, #1924, #1303, #804, #654, #572 ) ) ;
#1824 = LINE ( 'NONE', #1077, #1198 ) ;
#1825 = AXIS2_PLACEMENT_3D ( 'NONE', #1152, #1575, #1132 ) ;
#1826 = EDGE_CURVE ( 'NONE', #1067, #426, #1878, .T. ) ;
#1827 = CARTESIAN_POINT ( 'NONE',  ( 60.28697421534990042, 60.51237288281907922, 11.39957177898833685 ) ) ;
#1828 = ORIENTED_EDGE ( 'NONE', *, *, #335, .F. ) ;
#1829 = CARTESIAN_POINT ( 'NONE',  ( 60.20668032272019587, 63.02071938050821132, 21.82409724188639544 ) ) ;
#1830 = CARTESIAN_POINT ( 'NONE',  ( 84.00099999999999056, 32.70742301879543135, 33.52902705324746080 ) ) ;
#1831 = CARTESIAN_POINT ( 'NONE',  ( 63.69575179137208920, 31.35682583501206366, -55.31715447576074496 ) ) ;
#1832 = ORIENTED_EDGE ( 'NONE', *, *, #1910, .T. ) ;
#1833 = EDGE_CURVE ( 'NONE', #1682, #1098, #1732, .T. ) ;
#1834 = CARTESIAN_POINT ( 'NONE',  ( 88.09999999999998010, 30.77462047262844536, 30.49187800890826594 ) ) ;
#1835 = CARTESIAN_POINT ( 'NONE',  ( 57.99999999999999289, 11.86000000000000654, 42.39999999999999858 ) ) ;
#1836 = AXIS2_PLACEMENT_3D ( 'NONE', #232, #673, #243 ) ;
#1837 = DIRECTION ( 'NONE',  ( 0.000000000000000000, 0.000000000000000000, 1.000000000000000000 ) ) ;
#1838 = ORIENTED_EDGE ( 'NONE', *, *, #645, .F. ) ;
#1839 = CARTESIAN_POINT ( 'NONE',  ( 59.97916569622326932, 78.10556062079292872, -5.289215336172988557 ) ) ;
#1840 = CARTESIAN_POINT ( 'NONE',  ( 62.59467612314037410, 27.01831605577879358, -47.33876866668952488 ) ) ;
#1841 = CARTESIAN_POINT ( 'NONE',  ( 83.99999999999998579, 30.00000000000000000, -54.99999420340203926 ) ) ;
#1842 = EDGE_CURVE ( 'NONE', #1754, #1140, #1901, .T. ) ;
#1843 = CARTESIAN_POINT ( 'NONE',  ( 62.48415981777811368, 28.10228794287876752, 39.11340732714285195 ) ) ;
#1844 = B_SPLINE_CURVE_WITH_KNOTS ( 'NONE', 3,
 ( #290, #1663, #614, #301, #1319, #1204, #895, #153, #4, #604, #281, #25, #451, #1812, #625, #463 ),
 .UNSPECIFIED., .F., .F.,
 ( 4, 2, 2, 2, 2, 2, 2, 4 ),
 ( 0.1754100134374532161, 0.1809075358127701927, 0.1822819164065994368, 0.1836562970004286810, 0.1864050581880871138, 0.1919025805634040349, 0.1946513417510624677, 0.1974001029387209005 ),
 .UNSPECIFIED. ) ;
#1845 = ORIENTED_EDGE ( 'NONE', *, *, #1662, .F. ) ;
#1846 = CARTESIAN_POINT ( 'NONE',  ( 59.98000140005959935, 78.91762121072716241, -10.41824102546978104 ) ) ;
#1847 = CARTESIAN_POINT ( 'NONE',  ( 61.82903764034092120, 35.10505234156170928, -49.51946238523329669 ) ) ;
#1848 = ADVANCED_FACE ( 'NONE', ( #260 ), #853, .F. ) ;
#1849 = CARTESIAN_POINT ( 'NONE',  ( 57.99999999999999289, 17.43705991987804538, -41.67803882504220070 ) ) ;
#1850 = DIRECTION ( 'NONE',  ( 0.000000000000000000, 0.000000000000000000, -1.000000000000000000 ) ) ;
#1851 = CARTESIAN_POINT ( 'NONE',  ( 83.99999999999998579, 0.000000000000000000, 46.00000000000000000 ) ) ;
#1852 = VERTEX_POINT ( 'NONE', #599 ) ;
#1853 = ORIENTED_EDGE ( 'NONE', *, *, #79, .F. ) ;
#1854 = CARTESIAN_POINT ( 'NONE',  ( 59.98525726276204750, 75.66851419818684121, -7.518194528038591784 ) ) ;
#1855 = DIRECTION ( 'NONE',  ( 0.000000000000000000, -1.000000000000000000, 6.630094960539628661E-14 ) ) ;
#1856 = CARTESIAN_POINT ( 'NONE',  ( 65.36719593344824375, 39.81944962213396622, -56.26400308444554810 ) ) ;
#1857 = CARTESIAN_POINT ( 'NONE',  ( 62.06477122793349821, 32.43491480750325451, 41.10627682399643135 ) ) ;
#1858 = DIRECTION ( 'NONE',  ( -0.000000000000000000, 6.630094960539628661E-14, 1.000000000000000000 ) ) ;
#1859 = EDGE_CURVE ( 'NONE', #200, #1354, #1498, .T. ) ;
#1860 = CARTESIAN_POINT ( 'NONE',  ( 62.77029188447488650, 25.33192807851391137, 40.17232645107863931 ) ) ;
#1861 = ORIENTED_EDGE ( 'NONE', *, *, #169, .F. ) ;
#1862 = AXIS2_PLACEMENT_3D ( 'NONE', #898, #1209, #1346 ) ;
#1863 = ORIENTED_EDGE ( 'NONE', *, *, #1833, .T. ) ;
#1864 = CIRCLE ( 'NONE', #453, 500.0000000000000000 ) ;
#1865 = CARTESIAN_POINT ( 'NONE',  ( 59.97986429409699127, 78.80132624846163480, -18.25943152259127089 ) ) ;
#1866 = CARTESIAN_POINT ( 'NONE',  ( 63.13406996675632854, 21.96103955702756139, -44.97524206323884499 ) ) ;
#1867 = ORIENTED_EDGE ( 'NONE', *, *, #349, .F. ) ;
#1868 = DIRECTION ( 'NONE',  ( -1.000000000000000000, -0.000000000000000000, -0.000000000000000000 ) ) ;
#1869 = B_SPLINE_CURVE_WITH_KNOTS ( 'NONE', 3,
 ( #1643, #1669, #322, #922, #1528, #1708, #1860, #1089, #1843, #199, #495, #350 ),
 .UNSPECIFIED., .F., .F.,
 ( 4, 2, 2, 2, 2, 4 ),
 ( 5.204170427930421283E-18, 0.005891561782476163744, 0.01178312356495232228, 0.01472890445619039375, 0.01767468534742846348, 0.02356624712990462028 ),
 .UNSPECIFIED. ) ;
#1870 = AXIS2_PLACEMENT_3D ( 'NONE', #74, #1909, #831 ) ;
#1871 = CARTESIAN_POINT ( 'NONE',  ( 559.9793796504070542, 78.09549986705461322, -46.00000000000439826 ) ) ;
#1872 = CARTESIAN_POINT ( 'NONE',  ( 60.10829266280551053, 66.58008488671386260, -42.51522989272869779 ) ) ;
#1873 = ORIENTED_EDGE ( 'NONE', *, *, #1459, .T. ) ;
#1874 = LINE ( 'NONE', #1275, #1368 ) ;
#1875 = VECTOR ( 'NONE', #38, 1000.000000000000000 ) ;
#1876 = EDGE_CURVE ( 'NONE', #917, #588, #963, .T. ) ;
#1877 = ORIENTED_EDGE ( 'NONE', *, *, #752, .F. ) ;
#1878 = LINE ( 'NONE', #1468, #1280 ) ;
#1879 = CARTESIAN_POINT ( 'NONE',  ( 74.49999999999995737, 30.00000000000000355, -44.58994935581586105 ) ) ;
#1880 = VERTEX_POINT ( 'NONE', #1642 ) ;
#1881 = SURFACE_SIDE_STYLE ('',( #1586 ) ) ;
#1882 = EDGE_CURVE ( 'NONE', #1490, #1336, #581, .T. ) ;
#1883 = CARTESIAN_POINT ( 'NONE',  ( 63.88902913473232559, 15.68898654816029037, -40.53091467299861250 ) ) ;
#1884 = CARTESIAN_POINT ( 'NONE',  ( 76.25350329411725170, 39.53769089304613971, -56.26010213064373033 ) ) ;
#1885 = EDGE_CURVE ( 'NONE', #1490, #1430, #1167, .T. ) ;
#1886 = ORIENTED_EDGE ( 'NONE', *, *, #1662, .T. ) ;
#1887 = CARTESIAN_POINT ( 'NONE',  ( 75.42831971684017844, 30.11723317530768540, -44.62902167349601257 ) ) ;
#1888 = CARTESIAN_POINT ( 'NONE',  ( 65.50000000000001421, 4.000000000000000000, 46.00000000000000000 ) ) ;
#1889 = AXIS2_PLACEMENT_3D ( 'NONE', #1912, #241, #540 ) ;
#1890 = ORIENTED_EDGE ( 'NONE', *, *, #1206, .T. ) ;
#1891 = FACE_OUTER_BOUND ( 'NONE', #952, .T. ) ;
#1892 = CARTESIAN_POINT ( 'NONE',  ( 77.99999999999995737, 36.50000000000000000, -46.04486101534321563 ) ) ;
#1893 = CARTESIAN_POINT ( 'NONE',  ( 77.99999999999995737, 36.50000000000000000, -56.26741655800941544 ) ) ;
#1894 = EDGE_CURVE ( 'NONE', #1430, #1004, #739, .T. ) ;
#1895 = DIRECTION ( 'NONE',  ( 0.000000000000000000, -0.5368895961574928766, -0.8436525123164418938 ) ) ;
#1896 = CARTESIAN_POINT ( 'NONE',  ( 60.15983285160105964, 64.46993716141273012, -44.31708911892280867 ) ) ;
#1897 = CARTESIAN_POINT ( 'NONE',  ( 75.64879780830521838, 30.18591280076741867, -44.65176212974689918 ) ) ;
#1898 = CARTESIAN_POINT ( 'NONE',  ( 84.00099999999999056, 59.58462596510025833, 16.42472116306117158 ) ) ;
#1899 = VERTEX_POINT ( 'NONE', #1022 ) ;
#1900 = VECTOR ( 'NONE', #27, 1000.000000000000000 ) ;
#1901 = LINE ( 'NONE', #550, #97 ) ;
#1902 = CARTESIAN_POINT ( 'NONE',  ( 63.86020044870377177, 38.80946838173418456, -46.23338846189164997 ) ) ;
#1903 = AXIS2_PLACEMENT_3D ( 'NONE', #552, #114, #1146 ) ;
#1904 = PLANE ( 'NONE',  #1903 ) ;
#1905 = CARTESIAN_POINT ( 'NONE',  ( 64.14149553717109598, 13.71335804545763359, -39.82344228275774611 ) ) ;
#1906 = CARTESIAN_POINT ( 'NONE',  ( 63.41531166833494382, 19.57654547046367810, -46.68055262955564899 ) ) ;
#1907 = ORIENTED_EDGE ( 'NONE', *, *, #396, .F. ) ;
#1908 = CARTESIAN_POINT ( 'NONE',  ( 74.49999999999995737, 40.00000000000000000, -56.26549106828551317 ) ) ;
#1909 = DIRECTION ( 'NONE',  ( 1.000000000000000000, -0.000000000000000000, -0.000000000000000000 ) ) ;
#1910 = EDGE_CURVE ( 'NONE', #1395, #1540, #1306, .T. ) ;
#1911 = ORIENTED_EDGE ( 'NONE', *, *, #1265, .F. ) ;
#1912 = CARTESIAN_POINT ( 'NONE',  ( 62.99999999999995737, 36.50000000000000000, -56.26741655800941544 ) ) ;
#1913 = DIRECTION ( 'NONE',  ( -0.000000000000000000, -0.000000000000000000, 1.000000000000000000 ) ) ;
#1914 = EDGE_CURVE ( 'NONE', #1175, #426, #1605, .T. ) ;
#1915 = ADVANCED_FACE ( 'NONE', ( #448 ), #592, .T. ) ;
#1916 = CARTESIAN_POINT ( 'NONE',  ( 74.49999999999995737, 40.00000000000000000, -46.26520502910506139 ) ) ;
#1917 = CARTESIAN_POINT ( 'NONE',  ( 60.00000000000000000, 73.55458317610201391, -27.53593138650577998 ) ) ;
#1918 = CARTESIAN_POINT ( 'NONE',  ( 60.14559041202434742, 65.04602711864717435, 20.53521747474334092 ) ) ;
#1919 = FACE_OUTER_BOUND ( 'NONE', #1487, .T. ) ;
#1920 = DIRECTION ( 'NONE',  ( 0.7071067811865491270, -0.3796382741914692271, -0.5965524124240221271 ) ) ;
#1921 = DIRECTION ( 'NONE',  ( 1.000000000000000000, 0.000000000000000000, 0.000000000000000000 ) ) ;
#1922 = CIRCLE ( 'NONE', #1637, 32.35641655800941408 ) ;
#1923 = CARTESIAN_POINT ( 'NONE',  ( 62.18621491237142607, 31.14414985168006922, 34.52387396844469691 ) ) ;
#1924 = ORIENTED_EDGE ( 'NONE', *, *, #152, .F. ) ;
#1925 = CARTESIAN_POINT ( 'NONE',  ( 60.06020273938628407, 69.09216657462765454, 12.02235837626454362 ) ) ;
#1926 = CARTESIAN_POINT ( 'NONE',  ( 62.99999999999995737, 40.28000000000000114, -13.90999999999999481 ) ) ;
#1927 = CARTESIAN_POINT ( 'NONE',  ( 64.21822637132629552, 13.12674073245584161, -46.41948649717807740 ) ) ;
#1928 = CARTESIAN_POINT ( 'NONE',  ( 75.40670624864374361, 39.88821143686374882, -46.26407512683240242 ) ) ;
#1929 = CARTESIAN_POINT ( 'NONE',  ( 61.78054433094865061, 35.68773255562608426, -56.02265944229639416 ) ) ;
#1930 = VECTOR ( 'NONE', #794, 999.9999999999998863 ) ;
#1931 = CARTESIAN_POINT ( 'NONE',  ( 60.00000000000000000, 73.55458317610201391, -33.78113330624642430 ) ) ;
#1932 = CARTESIAN_POINT ( 'NONE',  ( 63.05488749790695380, 22.69967537294136051, -41.13736677132480679 ) ) ;
#1933 = DIRECTION ( 'NONE',  ( -1.000000000000000000, -0.000000000000000000, -0.000000000000000000 ) ) ;
#1934 = DIRECTION ( 'NONE',  ( 0.000000000000000000, 0.000000000000000000, -1.000000000000000000 ) ) ;
#1935 = ADVANCED_FACE ( 'NONE', ( #306 ), #570, .F. ) ;
#1936 = VERTEX_POINT ( 'NONE', #1178 ) ;
#1937 = CARTESIAN_POINT ( 'NONE',  ( 62.21578830978044294, 30.83757463342826810, -55.22423541672670666 ) ) ;
#1938 = CARTESIAN_POINT ( 'NONE',  ( 74.49999999999995737, 40.00000000000000000, -56.26741655800941544 ) ) ;
#1939 = DIRECTION ( 'NONE',  ( 0.000000000000000000, 0.000000000000000000, -1.000000000000000000 ) ) ;
#1940 = ORIENTED_EDGE ( 'NONE', *, *, #108, .F. ) ;
#1941 = VERTEX_POINT ( 'NONE', #1056 ) ;
#1942 = CARTESIAN_POINT ( 'NONE',  ( 60.00907641790826830, 72.64600434211629931, -13.53893257032264508 ) ) ;
ENDSEC;
END-ISO-10303-21;
