ISO-10303-21;
HEADER;
FILE_DESCRIPTION (( 'STEP AP214' ),
    '1' );
FILE_NAME ('Waist.STEP',
    '2026-08-29T02:21:25',
    ( '' ),
    ( '' ),
    'SwSTEP 2.0',
    'SolidWorks 2025',
    '' );
FILE_SCHEMA (( 'AUTOMOTIVE_DESIGN' ));
ENDSEC;

DATA;
#1 = DIRECTION ( 'NONE',  ( 0.000000000000000000, 0.000000000000000000, -1.000000000000000000 ) ) ;
#2 = CARTESIAN_POINT ( 'NONE',  ( 12.55502273356087883, 22.69882414462041353, -41.13588806731837622 ) ) ;
#3 = VERTEX_POINT ( 'NONE', #2237 ) ;
#4 = VERTEX_POINT ( 'NONE', #344 ) ;
#5 = CARTESIAN_POINT ( 'NONE',  ( 9.502784030893252520, 73.20188630851140488, 6.770956923635322866 ) ) ;
#6 = CARTESIAN_POINT ( 'NONE',  ( -136.5042866136667499, 0.000000000000000000, 36.00000000000000000 ) ) ;
#7 = ORIENTED_EDGE ( 'NONE', *, *, #485, .T. ) ;
#8 = CARTESIAN_POINT ( 'NONE',  ( 9.551350463228466481, 69.60461224143344339, -34.55273298984415931 ) ) ;
#9 = CARTESIAN_POINT ( 'NONE',  ( 13.16470443846290372, 17.50058944330335109, -41.60081188898130478 ) ) ;
#10 = LINE ( 'NONE', #1149, #1412 ) ;
#11 = CARTESIAN_POINT ( 'NONE',  ( 8.500000000000000000, 4.000000000000000000, -31.99999999999999289 ) ) ;
#12 = VECTOR ( 'NONE', #2274, 1000.000000000000000 ) ;
#13 = CARTESIAN_POINT ( 'NONE',  ( -2.500000000000030198, 4.000000000000000000, 46.00000000000000000 ) ) ;
#14 = DIRECTION ( 'NONE',  ( -0.000000000000000000, 0.000000000000000000, -1.000000000000000000 ) ) ;
#15 = VECTOR ( 'NONE', #3429, 1000.000000000000000 ) ;
#16 = ORIENTED_EDGE ( 'NONE', *, *, #2632, .F. ) ;
#17 = ADVANCED_FACE ( 'NONE', ( #2837 ), #1675, .T. ) ;
#18 = CARTESIAN_POINT ( 'NONE',  ( 6.123233995736766085E-15, 4.000000000000000000, 50.00000000000000000 ) ) ;
#19 = VECTOR ( 'NONE', #1200, 1000.000000000000000 ) ;
#20 = DIRECTION ( 'NONE',  ( 1.000000000000000000, 0.000000000000000000, -0.000000000000000000 ) ) ;
#21 = CARTESIAN_POINT ( 'NONE',  ( 11.68783083057715366, 31.11989707635544278, -44.99911149470884197 ) ) ;
#22 = EDGE_CURVE ( 'NONE', #3141, #2030, #3379, .T. ) ;
#23 = EDGE_CURVE ( 'NONE', #739, #2066, #843, .T. ) ;
#24 = ORIENTED_EDGE ( 'NONE', *, *, #2945, .F. ) ;
#25 = VERTEX_POINT ( 'NONE', #2546 ) ;
#26 = CARTESIAN_POINT ( 'NONE',  ( 14.76812681526328852, 5.563953991847495395, 35.18350376501833665 ) ) ;
#27 = AXIS2_PLACEMENT_3D ( 'NONE', #1997, #560, #611 ) ;
#28 = ORIENTED_EDGE ( 'NONE', *, *, #1564, .F. ) ;
#29 = ORIENTED_EDGE ( 'NONE', *, *, #2357, .F. ) ;
#30 = AXIS2_PLACEMENT_3D ( 'NONE', #1739, #662, #686 ) ;
#31 = CARTESIAN_POINT ( 'NONE',  ( 10.89411465157437853, 40.50416361931139875, -49.77091946234488518 ) ) ;
#32 = LINE ( 'NONE', #2210, #1822 ) ;
#33 = CARTESIAN_POINT ( 'NONE',  ( 4.500000000000001776, 5.656854249492381470, 36.00000000000000000 ) ) ;
#34 = CIRCLE ( 'NONE', #1025, 1.050000000000000266 ) ;
#35 = CARTESIAN_POINT ( 'NONE',  ( 17.00000000000000000, 11.63999999999984603, -42.49999999999999289 ) ) ;
#36 = DIRECTION ( 'NONE',  ( 0.000000000000000000, 0.000000000000000000, 1.000000000000000000 ) ) ;
#37 = AXIS2_PLACEMENT_3D ( 'NONE', #2529, #889, #2782 ) ;
#38 = FACE_OUTER_BOUND ( 'NONE', #1063, .T. ) ;
#39 = ORIENTED_EDGE ( 'NONE', *, *, #2600, .F. ) ;
#40 = DIRECTION ( 'NONE',  ( 0.000000000000000000, 0.000000000000000000, -1.000000000000000000 ) ) ;
#41 = DIRECTION ( 'NONE',  ( 0.000000000000000000, -6.630094960539626136E-14, -1.000000000000000000 ) ) ;
#42 = AXIS2_PLACEMENT_3D ( 'NONE', #2032, #2104, #3147 ) ;
#43 = DIRECTION ( 'NONE',  ( -0.000000000000000000, -1.000000000000000000, -0.000000000000000000 ) ) ;
#44 = VERTEX_POINT ( 'NONE', #1728 ) ;
#45 = EDGE_LOOP ( 'NONE', ( #2650, #1340, #2846, #1028 ) ) ;
#46 = ADVANCED_FACE ( 'NONE', ( #3095 ), #2067, .F. ) ;
#47 = FACE_OUTER_BOUND ( 'NONE', #1674, .T. ) ;
#48 = ORIENTED_EDGE ( 'NONE', *, *, #135, .F. ) ;
#49 = EDGE_CURVE ( 'NONE', #533, #2868, #3441, .T. ) ;
#50 = CARTESIAN_POINT ( 'NONE',  ( -7.500000000000000000, 40.28000000000000114, -13.90999999999999481 ) ) ;
#51 = DIRECTION ( 'NONE',  ( -0.000000000000000000, 1.000000000000000000, -0.000000000000000000 ) ) ;
#52 =( BOUNDED_CURVE ( )  B_SPLINE_CURVE ( 3, ( #773, #3262, #2392, #2174 ),
 .UNSPECIFIED., .F., .T. ) 
 B_SPLINE_CURVE_WITH_KNOTS ( ( 4, 4 ),
 ( 0.000000000000000000, 1.387550285146678108 ),
 .UNSPECIFIED. ) 
 CURVE ( )  GEOMETRIC_REPRESENTATION_ITEM ( )  RATIONAL_B_SPLINE_CURVE ( ( 1.000000000000000000, 0.8458916708742574286, 0.8458916708742574286, 1.000000000000000000 ) ) 
 REPRESENTATION_ITEM ( '' )  );
#53 = CARTESIAN_POINT ( 'NONE',  ( -2.500000000000030198, 4.000000000000008882, -46.00000000000000000 ) ) ;
#54 = DIRECTION ( 'NONE',  ( -0.000000000000000000, 1.000000000000000000, -0.000000000000000000 ) ) ;
#55 = DIRECTION ( 'NONE',  ( -0.000000000000000000, 1.000000000000000000, -0.000000000000000000 ) ) ;
#56 = ORIENTED_EDGE ( 'NONE', *, *, #2142, .T. ) ;
#57 = LINE ( 'NONE', #289, #3210 ) ;
#58 = LINE ( 'NONE', #1944, #3506 ) ;
#59 = DIRECTION ( 'NONE',  ( 0.000000000000000000, 0.000000000000000000, -1.000000000000000000 ) ) ;
#60 = EDGE_LOOP ( 'NONE', ( #1085, #572, #3348, #2153, #2871 ) ) ;
#61 = EDGE_LOOP ( 'NONE', ( #2753, #1514, #388, #1155 ) ) ;
#62 = DIRECTION ( 'NONE',  ( 0.000000000000000000, 0.000000000000000000, 1.000000000000000000 ) ) ;
#63 = ORIENTED_EDGE ( 'NONE', *, *, #575, .T. ) ;
#64 = EDGE_CURVE ( 'NONE', #994, #1266, #308, .T. ) ;
#65 = ORIENTED_EDGE ( 'NONE', *, *, #1430, .T. ) ;
#66 = CARTESIAN_POINT ( 'NONE',  ( -7.500000000000000000, 40.28000000000000114, -22.91000000000000014 ) ) ;
#67 = FACE_OUTER_BOUND ( 'NONE', #154, .T. ) ;
#68 = DIRECTION ( 'NONE',  ( 0.000000000000000000, 0.000000000000000000, 1.000000000000000000 ) ) ;
#69 = CARTESIAN_POINT ( 'NONE',  ( -136.5042866136667499, 4.000000000000008882, -46.00000000000000000 ) ) ;
#70 =( BOUNDED_CURVE ( )  B_SPLINE_CURVE ( 3, ( #302, #590, #33, #2211 ),
 .UNSPECIFIED., .F., .T. ) 
 B_SPLINE_CURVE_WITH_KNOTS ( ( 4, 4 ),
 ( 1.570796326794896558, 3.141592653589793116 ),
 .UNSPECIFIED. ) 
 CURVE ( )  GEOMETRIC_REPRESENTATION_ITEM ( )  RATIONAL_B_SPLINE_CURVE ( ( 1.000000000000000000, 0.8047378541243649375, 0.8047378541243649375, 1.000000000000000000 ) ) 
 REPRESENTATION_ITEM ( '' )  );
#71 = ORIENTED_EDGE ( 'NONE', *, *, #2518, .F. ) ;
#72 = DIRECTION ( 'NONE',  ( 1.000000000000000000, -0.000000000000000000, 0.000000000000000000 ) ) ;
#73 = PLANE ( 'NONE',  #979 ) ;
#74 = CARTESIAN_POINT ( 'NONE',  ( -2.500000000000030198, 11.86000000000000121, 0.7699999999999997957 ) ) ;
#75 = DIRECTION ( 'NONE',  ( 0.000000000000000000, 0.000000000000000000, -1.000000000000000000 ) ) ;
#76 = ORIENTED_EDGE ( 'NONE', *, *, #986, .T. ) ;
#77 = VECTOR ( 'NONE', #2308, 1000.000000000000000 ) ;
#78 = ORIENTED_EDGE ( 'NONE', *, *, #2653, .F. ) ;
#79 = CARTESIAN_POINT ( 'NONE',  ( -7.500000000000000000, 0.000000000000000000, 1.050000000000000266 ) ) ;
#80 = ORIENTED_EDGE ( 'NONE', *, *, #139, .T. ) ;
#81 = ORIENTED_EDGE ( 'NONE', *, *, #290, .T. ) ;
#82 = DIRECTION ( 'NONE',  ( 0.000000000000000000, 0.000000000000000000, 1.000000000000000000 ) ) ;
#83 = DIRECTION ( 'NONE',  ( 0.000000000000000000, -1.000000000000000000, 6.630094960539626136E-14 ) ) ;
#84 = CIRCLE ( 'NONE', #1940, 1.299999999999997380 ) ;
#85 = ADVANCED_FACE ( 'NONE', ( #614 ), #1942, .F. ) ;
#86 = DIRECTION ( 'NONE',  ( 0.7071067811865489050, 0.000000000000000000, -0.7071067811865461294 ) ) ;
#87 = EDGE_CURVE ( 'NONE', #768, #981, #57, .T. ) ;
#88 = DIRECTION ( 'NONE',  ( -0.000000000000000000, 1.000000000000000000, -0.000000000000000000 ) ) ;
#89 = ORIENTED_EDGE ( 'NONE', *, *, #1254, .T. ) ;
#90 = B_SPLINE_CURVE_WITH_KNOTS ( 'NONE', 3,
 ( #1089, #1952, #1968, #1932, #3351, #2193, #1699, #3049, #2756, #278, #26, #805, #2995, #3278, #1144, #1912, #1105, #2793 ),
 .UNSPECIFIED., .F., .F.,
 ( 4, 2, 2, 2, 2, 2, 2, 2, 4 ),
 ( 0.000000000000000000, 0.0007851736108946024946, 0.001570347221789204989, 0.002355520832683807592, 0.003140694443578409979, 0.003925868054473012798, 0.004711041665367615185, 0.005496215276262217571, 0.006281388887156819957 ),
 .UNSPECIFIED. ) ;
#91 = CARTESIAN_POINT ( 'NONE',  ( 0.000000000000000000, -1.951563910473907981E-14, -48.00000000000000000 ) ) ;
#92 = EDGE_CURVE ( 'NONE', #2937, #3527, #2494, .T. ) ;
#93 = CARTESIAN_POINT ( 'NONE',  ( 4.500000000000000888, 12.52421356237315386, 8.073961030678923123 ) ) ;
#94 = CARTESIAN_POINT ( 'NONE',  ( 3.612708057484692590E-16, -13.49999999999999822, -2.950000000000000622 ) ) ;
#95 = DIRECTION ( 'NONE',  ( 0.000000000000000000, 0.000000000000000000, 1.000000000000000000 ) ) ;
#96 = VERTEX_POINT ( 'NONE', #632 ) ;
#97 = AXIS2_PLACEMENT_3D ( 'NONE', #1709, #306, #14 ) ;
#98 = EDGE_LOOP ( 'NONE', ( #119, #389, #2190, #3238, #116, #2794, #2919, #276 ) ) ;
#99 = CIRCLE ( 'NONE', #741, 500.0000000000000000 ) ;
#100 = DIRECTION ( 'NONE',  ( 0.000000000000000000, -0.8436525123164421158, 0.5368895961574927655 ) ) ;
#101 = VERTEX_POINT ( 'NONE', #18 ) ;
#102 = VECTOR ( 'NONE', #3325, 1000.000000000000000 ) ;
#103 = EDGE_LOOP ( 'NONE', ( #2748, #1826, #235, #2009 ) ) ;
#104 =( NAMED_UNIT ( * ) PLANE_ANGLE_UNIT ( ) SI_UNIT ( $, .RADIAN. ) );
#105 = CARTESIAN_POINT ( 'NONE',  ( 12.41272807865625438, 24.01214123748231088, 44.34021287072219053 ) ) ;
#106 = CIRCLE ( 'NONE', #3274, 50.00000000000000000 ) ;
#107 = DIRECTION ( 'NONE',  ( 0.000000000000000000, -1.000000000000000000, 0.000000000000000000 ) ) ;
#108 = DIRECTION ( 'NONE',  ( 0.000000000000000000, 0.000000000000000000, 1.000000000000000000 ) ) ;
#109 = VERTEX_POINT ( 'NONE', #1711 ) ;
#110 = CARTESIAN_POINT ( 'NONE',  ( 9.500496800807523456, 82.69156462649804951, -14.60983805124418211 ) ) ;
#111 = ADVANCED_FACE ( 'NONE', ( #2532 ), #1424, .T. ) ;
#112 = PLANE ( 'NONE',  #1786 ) ;
#113 = CARTESIAN_POINT ( 'NONE',  ( 0.000000000000000000, 4.000000000000000000, -50.00000000000000000 ) ) ;
#114 = CARTESIAN_POINT ( 'NONE',  ( 0.000000000000000000, -1.500000000000001332, 9.800000000000002487 ) ) ;
#115 = ORIENTED_EDGE ( 'NONE', *, *, #3403, .T. ) ;
#116 = ORIENTED_EDGE ( 'NONE', *, *, #403, .F. ) ;
#117 = CARTESIAN_POINT ( 'NONE',  ( -5.000000000000000000, 46.46533905932746933, -27.16716446627516390 ) ) ;
#118 = EDGE_LOOP ( 'NONE', ( #1291, #2275, #238, #48 ) ) ;
#119 = ORIENTED_EDGE ( 'NONE', *, *, #710, .T. ) ;
#120 = AXIS2_PLACEMENT_3D ( 'NONE', #1388, #2746, #2492 ) ;
#121 = PRESENTATION_STYLE_ASSIGNMENT (( #1774 ) ) ;
#122 = FACE_OUTER_BOUND ( 'NONE', #1572, .T. ) ;
#123 = CARTESIAN_POINT ( 'NONE',  ( -136.5042866136667499, 63.02071938050821132, 21.82409724188639899 ) ) ;
#124 = DIRECTION ( 'NONE',  ( -1.000000000000000000, 0.000000000000000000, -0.000000000000000000 ) ) ;
#125 = CARTESIAN_POINT ( 'NONE',  ( 3.499999999999985789, 9.000000000000001776, 11.00000000000000355 ) ) ;
#126 = ORIENTED_EDGE ( 'NONE', *, *, #177, .T. ) ;
#127 = CARTESIAN_POINT ( 'NONE',  ( 9.496268651559388374, 82.20729559743072912, -7.788084887749278984 ) ) ;
#128 = CYLINDRICAL_SURFACE ( 'NONE', #2582, 42.35641655800942118 ) ;
#129 = DIRECTION ( 'NONE',  ( 0.000000000000000000, 0.000000000000000000, 1.000000000000000000 ) ) ;
#130 = CARTESIAN_POINT ( 'NONE',  ( 0.000000000000000000, -1.951563910473907981E-14, 0.000000000000000000 ) ) ;
#131 = ORIENTED_EDGE ( 'NONE', *, *, #2201, .F. ) ;
#132 = ORIENTED_EDGE ( 'NONE', *, *, #641, .F. ) ;
#133 = VECTOR ( 'NONE', #1824, 1000.000000000000000 ) ;
#134 = ADVANCED_FACE ( 'NONE', ( #1157 ), #1193, .F. ) ;
#135 = EDGE_CURVE ( 'NONE', #3389, #1266, #1321, .T. ) ;
#136 = CARTESIAN_POINT ( 'NONE',  ( -5.000000000000000000, 12.52421356237315386, 6.773961030678926853 ) ) ;
#137 = VECTOR ( 'NONE', #3109, 1000.000000000000000 ) ;
#138 = ORIENTED_EDGE ( 'NONE', *, *, #1802, .F. ) ;
#139 = EDGE_CURVE ( 'NONE', #456, #348, #3328, .T. ) ;
#140 = EDGE_LOOP ( 'NONE', ( #588, #197, #2630, #293, #3259, #257, #2940 ) ) ;
#141 = VECTOR ( 'NONE', #1236, 1000.000000000000000 ) ;
#142 = CARTESIAN_POINT ( 'NONE',  ( -5.000000000000000000, 53.53640687119290931, -20.09609665440966708 ) ) ;
#143 = CARTESIAN_POINT ( 'NONE',  ( 0.000000000000000000, -11.00000000000000000, 2.950000000000000622 ) ) ;
#144 = DIRECTION ( 'NONE',  ( 0.000000000000000000, 0.000000000000000000, 1.000000000000000000 ) ) ;
#145 = DIRECTION ( 'NONE',  ( -1.000000000000000000, 0.000000000000000000, 0.000000000000000000 ) ) ;
#146 = DIRECTION ( 'NONE',  ( 0.000000000000000000, 0.000000000000000000, 1.000000000000000000 ) ) ;
#147 = EDGE_LOOP ( 'NONE', ( #2881, #1328, #1345, #2356 ) ) ;
#148 = VECTOR ( 'NONE', #689, 1000.000000000000000 ) ;
#149 = CARTESIAN_POINT ( 'NONE',  ( 9.737243775629981002, 61.91483871284098939, -50.39435338576576129 ) ) ;
#150 = CARTESIAN_POINT ( 'NONE',  ( 509.4793796504069974, 78.09549986705438585, -56.26641655800941777 ) ) ;
#151 = CIRCLE ( 'NONE', #1884, 37.35641655800942829 ) ;
#152 = DIRECTION ( 'NONE',  ( 0.000000000000000000, 0.000000000000000000, -1.000000000000000000 ) ) ;
#153 = CARTESIAN_POINT ( 'NONE',  ( 17.00000000000000000, 61.14160579395698392, 18.87131344877884587 ) ) ;
#154 = EDGE_LOOP ( 'NONE', ( #673, #1257, #2738, #2172 ) ) ;
#155 = DIRECTION ( 'NONE',  ( 0.000000000000000000, 0.7071067811865455743, 0.7071067811865495711 ) ) ;
#156 = ORIENTED_EDGE ( 'NONE', *, *, #549, .F. ) ;
#157 = ORIENTED_EDGE ( 'NONE', *, *, #1454, .T. ) ;
#158 = EDGE_CURVE ( 'NONE', #393, #2148, #1285, .T. ) ;
#159 = VECTOR ( 'NONE', #1931, 1000.000000000000114 ) ;
#160 = CARTESIAN_POINT ( 'NONE',  ( 12.35861855768217055, 24.50010420805980260, -49.44254639235101223 ) ) ;
#161 = CARTESIAN_POINT ( 'NONE',  ( 13.88593885708755415, 11.86000000000000476, 36.00000000000000000 ) ) ;
#162 = EDGE_CURVE ( 'NONE', #2636, #839, #948, .T. ) ;
#163 = CARTESIAN_POINT ( 'NONE',  ( 9.897498380394830875, 57.65182341893329721, 13.38757211872197317 ) ) ;
#164 = CARTESIAN_POINT ( 'NONE',  ( 13.44579513509385293, 15.23715639809696754, -36.49681511188627780 ) ) ;
#165 = LINE ( 'NONE', #630, #1811 ) ;
#166 = ORIENTED_EDGE ( 'NONE', *, *, #1976, .T. ) ;
#167 = CARTESIAN_POINT ( 'NONE',  ( 9.563731659599282509, 68.90168690536692964, 17.31804059326929135 ) ) ;
#168 = CARTESIAN_POINT ( 'NONE',  ( -2.999999999999999112, 9.000000000000001776, 11.00000000000000355 ) ) ;
#169 = LINE ( 'NONE', #1554, #2271 ) ;
#170 = DIRECTION ( 'NONE',  ( 1.000000000000000000, 0.000000000000000000, 0.000000000000000000 ) ) ;
#171 = ORIENTED_EDGE ( 'NONE', *, *, #618, .F. ) ;
#172 = DIRECTION ( 'NONE',  ( 1.000000000000000000, -0.000000000000000000, -0.000000000000000000 ) ) ;
#173 = VERTEX_POINT ( 'NONE', #2659 ) ;
#174 = EDGE_LOOP ( 'NONE', ( #1991, #3081, #2395, #2143 ) ) ;
#175 = DIRECTION ( 'NONE',  ( 0.000000000000000000, 6.630094960539387585E-14, 1.000000000000000000 ) ) ;
#176 = DIRECTION ( 'NONE',  ( 0.000000000000000000, 0.000000000000000000, -1.000000000000000000 ) ) ;
#177 = EDGE_CURVE ( 'NONE', #2789, #3141, #3318, .T. ) ;
#178 = LINE ( 'NONE', #1295, #2977 ) ;
#179 = CARTESIAN_POINT ( 'NONE',  ( 9.897498380394830875, 57.65182341893329721, 13.38757211872197317 ) ) ;
#180 = EDGE_CURVE ( 'NONE', #2575, #3295, #1550, .T. ) ;
#181 = ORIENTED_EDGE ( 'NONE', *, *, #3185, .T. ) ;
#182 = DIRECTION ( 'NONE',  ( 0.000000000000000000, -1.000000000000000000, 0.000000000000000000 ) ) ;
#183 = ADVANCED_FACE ( 'NONE', ( #779 ), #2459, .F. ) ;
#184 = DIRECTION ( 'NONE',  ( 0.000000000000000000, 0.000000000000000000, 1.000000000000000000 ) ) ;
#185 = LINE ( 'NONE', #523, #708 ) ;
#186 = CARTESIAN_POINT ( 'NONE',  ( 4.500000000000000888, 34.34137802864856326, -34.34137802864836431 ) ) ;
#187 = ORIENTED_EDGE ( 'NONE', *, *, #688, .F. ) ;
#188 = CARTESIAN_POINT ( 'NONE',  ( 15.00000000000000000, 3.999999999999998224, -56.26641655800941777 ) ) ;
#189 = VERTEX_POINT ( 'NONE', #3520 ) ;
#190 = VECTOR ( 'NONE', #1075, 1000.000000000000000 ) ;
#191 = EDGE_LOOP ( 'NONE', ( #640, #720, #880, #2823 ) ) ;
#192 = CARTESIAN_POINT ( 'NONE',  ( -5.000000000000000000, 54.95062043356598735, -13.73213562373081764 ) ) ;
#193 = VECTOR ( 'NONE', #2250, 1000.000000000000000 ) ;
#194 = CIRCLE ( 'NONE', #1539, 2.950000000000000622 ) ;
#195 = CARTESIAN_POINT ( 'NONE',  ( 12.34595969786407110, 24.62101881349649801, -46.18910563967639860 ) ) ;
#196 = CARTESIAN_POINT ( 'NONE',  ( 9.669239534172634265, 64.30466371769919931, 7.781378081051999018 ) ) ;
#197 = ORIENTED_EDGE ( 'NONE', *, *, #1714, .T. ) ;
#198 = FACE_OUTER_BOUND ( 'NONE', #2891, .T. ) ;
#199 = EDGE_CURVE ( 'NONE', #101, #2594, #2984, .T. ) ;
#200 = EDGE_CURVE ( 'NONE', #553, #1172, #2438, .T. ) ;
#201 = CARTESIAN_POINT ( 'NONE',  ( -2.500000000000030198, 13.37117042065832351, -46.62056273293934083 ) ) ;
#202 = LINE ( 'NONE', #1369, #3416 ) ;
#203 = VECTOR ( 'NONE', #3149, 1000.000000000000000 ) ;
#204 = EDGE_CURVE ( 'NONE', #719, #2463, #2743, .T. ) ;
#205 = ORIENTED_EDGE ( 'NONE', *, *, #1828, .T. ) ;
#206 = STYLED_ITEM ( 'NONE', ( #121 ), #1446 ) ;
#207 = DIRECTION ( 'NONE',  ( -0.000000000000000000, -0.000000000000000000, 1.000000000000000000 ) ) ;
#208 = CIRCLE ( 'NONE', #2184, 1.050000000000000488 ) ;
#209 = EDGE_LOOP ( 'NONE', ( #451, #462, #2667, #3118 ) ) ;
#210 = VERTEX_POINT ( 'NONE', #1900 ) ;
#211 = CARTESIAN_POINT ( 'NONE',  ( 17.00000000000000000, 11.63999999999977142, -39.49999999999999289 ) ) ;
#212 = AXIS2_PLACEMENT_3D ( 'NONE', #3541, #797, #3000 ) ;
#213 = CYLINDRICAL_SURFACE ( 'NONE', #377, 32.35641655800941408 ) ;
#214 = PLANE ( 'NONE',  #772 ) ;
#215 = AXIS2_PLACEMENT_3D ( 'NONE', #2269, #1112, #2783 ) ;
#216 = DIRECTION ( 'NONE',  ( -1.000000000000000000, -0.000000000000000000, 0.000000000000000000 ) ) ;
#217 = VECTOR ( 'NONE', #2832, 1000.000000000000000 ) ;
#218 = CARTESIAN_POINT ( 'NONE',  ( 9.567369922986683761, 68.70542830264439260, -29.39194886986248179 ) ) ;
#219 = DIRECTION ( 'NONE',  ( 0.000000000000000000, 0.000000000000000000, -1.000000000000000000 ) ) ;
#220 = CIRCLE ( 'NONE', #1503, 32.35641655800941408 ) ;
#221 = CARTESIAN_POINT ( 'NONE',  ( 13.71822625431446951, 13.12674162877481798, -46.41948723452076564 ) ) ;
#222 = CARTESIAN_POINT ( 'NONE',  ( -2.999999999999999112, 4.000000000000007994, 11.00000000000000355 ) ) ;
#223 = EDGE_CURVE ( 'NONE', #1558, #927, #446, .T. ) ;
#224 = ORIENTED_EDGE ( 'NONE', *, *, #2479, .F. ) ;
#225 = CARTESIAN_POINT ( 'NONE',  ( 12.32374258422625246, 24.82621573188812292, -53.36563488117333520 ) ) ;
#226 = ORIENTED_EDGE ( 'NONE', *, *, #1733, .T. ) ;
#227 = EDGE_LOOP ( 'NONE', ( #542, #1766 ) ) ;
#228 = CARTESIAN_POINT ( 'NONE',  ( 10.89297291752095553, 40.51843937363183556, -52.77132451343030795 ) ) ;
#229 = CARTESIAN_POINT ( 'NONE',  ( 22.50000000000000355, -22.36067977499790160, 10.00000000000000000 ) ) ;
#230 = CARTESIAN_POINT ( 'NONE',  ( 12.22876750129469947, 25.72068733185862754, -46.70018638650741138 ) ) ;
#231 = CARTESIAN_POINT ( 'NONE',  ( 9.540744527622520010, 70.22683238931497840, -26.28398214176331749 ) ) ;
#232 = PLANE ( 'NONE',  #3496 ) ;
#233 = PLANE ( 'NONE',  #1494 ) ;
#234 = LINE ( 'NONE', #222, #1181 ) ;
#235 = ORIENTED_EDGE ( 'NONE', *, *, #158, .T. ) ;
#236 = VECTOR ( 'NONE', #1587, 1000.000000000000000 ) ;
#237 = CARTESIAN_POINT ( 'NONE',  ( 11.28411032553746374, 35.64189820921083651, -45.94559259249496108 ) ) ;
#238 = ORIENTED_EDGE ( 'NONE', *, *, #64, .T. ) ;
#239 = VERTEX_POINT ( 'NONE', #795 ) ;
#240 = ADVANCED_FACE ( 'NONE', ( #2709, #2129 ), #2182, .T. ) ;
#241 = ADVANCED_FACE ( 'NONE', ( #1299 ), #2999, .F. ) ;
#242 = CARTESIAN_POINT ( 'NONE',  ( 9.491741009161390963, 74.51673021080426906, -32.33354819270127223 ) ) ;
#243 = CARTESIAN_POINT ( 'NONE',  ( 12.50000000000000000, -22.36067977499790160, -10.00000000000000000 ) ) ;
#244 = VECTOR ( 'NONE', #515, 1000.000000000000000 ) ;
#245 = CARTESIAN_POINT ( 'NONE',  ( 9.535067274791119374, 70.62571210949921863, -33.02015944023865046 ) ) ;
#246 = DIRECTION ( 'NONE',  ( -0.000000000000000000, 1.000000000000000000, -0.000000000000000000 ) ) ;
#247 = LINE ( 'NONE', #1008, #3016 ) ;
#248 = DIRECTION ( 'NONE',  ( 0.000000000000000000, 1.000000000000000000, 8.828109292502822465E-16 ) ) ;
#249 = AXIS2_PLACEMENT_3D ( 'NONE', #1798, #3150, #945 ) ;
#250 = CARTESIAN_POINT ( 'NONE',  ( 0.000000000000000000, -1.500000000000001332, 11.30000000000000249 ) ) ;
#251 = AXIS2_PLACEMENT_3D ( 'NONE', #717, #2099, #2118 ) ;
#252 = DIRECTION ( 'NONE',  ( -0.000000000000000000, 1.000000000000000000, -0.000000000000000000 ) ) ;
#253 = ORIENTED_EDGE ( 'NONE', *, *, #469, .T. ) ;
#254 = CARTESIAN_POINT ( 'NONE',  ( 11.09371808451279406, 37.94643315076518064, -46.18549472077705076 ) ) ;
#255 = EDGE_LOOP ( 'NONE', ( #3523, #684, #131, #413, #1792, #899 ) ) ;
#256 = AXIS2_PLACEMENT_3D ( 'NONE', #487, #471, #775 ) ;
#257 = ORIENTED_EDGE ( 'NONE', *, *, #3002, .T. ) ;
#258 = CARTESIAN_POINT ( 'NONE',  ( 5.000000000000000000, 3.999999999999994671, 39.49999999999999289 ) ) ;
#259 = CARTESIAN_POINT ( 'NONE',  ( 9.487730395831809105, 75.13851099396099187, 3.308045599352359645 ) ) ;
#260 = VECTOR ( 'NONE', #3470, 1000.000000000000000 ) ;
#261 = DIRECTION ( 'NONE',  ( 1.000000000000000000, 0.000000000000000000, 0.000000000000000000 ) ) ;
#262 = ORIENTED_EDGE ( 'NONE', *, *, #408, .F. ) ;
#263 = ADVANCED_FACE ( 'NONE', ( #198 ), #2691, .F. ) ;
#264 = EDGE_CURVE ( 'NONE', #1737, #1289, #1318, .T. ) ;
#265 = CARTESIAN_POINT ( 'NONE',  ( 9.602500486607576491, 66.99238269431616288, 10.01710791662098465 ) ) ;
#266 = LINE ( 'NONE', #3570, #3082 ) ;
#267 = CARTESIAN_POINT ( 'NONE',  ( 4.500000000000000888, 22.68204083039845642, 35.64189149498145781 ) ) ;
#268 = DIRECTION ( 'NONE',  ( 0.000000000000000000, 0.000000000000000000, -1.000000000000000000 ) ) ;
#269 = CARTESIAN_POINT ( 'NONE',  ( 11.69091396082689194, 31.09449012336468954, 34.43694456629296496 ) ) ;
#270 = DIRECTION ( 'NONE',  ( 0.000000000000000000, 0.000000000000000000, -1.000000000000000000 ) ) ;
#271 = ORIENTED_EDGE ( 'NONE', *, *, #2613, .F. ) ;
#272 = VERTEX_POINT ( 'NONE', #521 ) ;
#273 = DIRECTION ( 'NONE',  ( 1.000000000000000000, -0.000000000000000000, 0.000000000000000000 ) ) ;
#274 = LINE ( 'NONE', #2203, #3200 ) ;
#275 = ORIENTED_EDGE ( 'NONE', *, *, #867, .T. ) ;
#276 = ORIENTED_EDGE ( 'NONE', *, *, #615, .T. ) ;
#277 = CYLINDRICAL_SURFACE ( 'NONE', #985, 1.650000000000000133 ) ;
#278 = CARTESIAN_POINT ( 'NONE',  ( 14.79772249410648577, 5.362474811636539052, 35.01850995017142054 ) ) ;
#279 = ORIENTED_EDGE ( 'NONE', *, *, #1756, .F. ) ;
#280 =( BOUNDED_CURVE ( )  B_SPLINE_CURVE ( 3, ( #3253, #1636, #1888, #1871 ),
 .UNSPECIFIED., .F., .F. ) 
 B_SPLINE_CURVE_WITH_KNOTS ( ( 4, 4 ),
 ( 1.570796326794897002, 3.141592653589794004 ),
 .UNSPECIFIED. ) 
 CURVE ( )  GEOMETRIC_REPRESENTATION_ITEM ( )  RATIONAL_B_SPLINE_CURVE ( ( 1.000000000000000000, 0.8047378541243649375, 0.8047378541243649375, 1.000000000000000000 ) ) 
 REPRESENTATION_ITEM ( '' )  );
#281 = CARTESIAN_POINT ( 'NONE',  ( 9.489106176018941241, 74.97241142183838747, -22.99260478586955969 ) ) ;
#282 = EDGE_CURVE ( 'NONE', #3504, #862, #34, .T. ) ;
#283 = LINE ( 'NONE', #3281, #193 ) ;
#284 = DIRECTION ( 'NONE',  ( 0.000000000000000000, 0.000000000000000000, -1.000000000000000000 ) ) ;
#285 = ADVANCED_FACE ( 'NONE', ( #1869 ), #232, .T. ) ;
#286 = CARTESIAN_POINT ( 'NONE',  ( 7.500000000000000000, -18.50000000000000000, 2.755455298081544383E-15 ) ) ;
#287 = CARTESIAN_POINT ( 'NONE',  ( 3.499999999999985789, 9.000000000000001776, 11.00000000000000355 ) ) ;
#288 = ORIENTED_EDGE ( 'NONE', *, *, #87, .T. ) ;
#289 = CARTESIAN_POINT ( 'NONE',  ( -136.5042866136667499, 57.65182341893329721, 13.38757211872197317 ) ) ;
#290 = EDGE_CURVE ( 'NONE', #3575, #1449, #2411, .T. ) ;
#291 = DIRECTION ( 'NONE',  ( 0.000000000000000000, -3.548298019043469326E-16, -1.000000000000000000 ) ) ;
#292 = LINE ( 'NONE', #3545, #1420 ) ;
#293 = ORIENTED_EDGE ( 'NONE', *, *, #2071, .F. ) ;
#294 = CIRCLE ( 'NONE', #3127, 1.299999999999992051 ) ;
#295 = EDGE_LOOP ( 'NONE', ( #1102, #2824, #3121, #132 ) ) ;
#296 = CARTESIAN_POINT ( 'NONE',  ( 9.557817998091117317, 69.22780761664220961, 12.01848438827636834 ) ) ;
#297 = DIRECTION ( 'NONE',  ( -1.000000000000000000, 0.000000000000000000, 8.673617379884035472E-17 ) ) ;
#298 = EDGE_LOOP ( 'NONE', ( #157, #431 ) ) ;
#299 = VERTEX_POINT ( 'NONE', #2396 ) ;
#300 = CARTESIAN_POINT ( 'NONE',  ( 9.746968577808564405, 61.60800490059266821, 15.01853664724345450 ) ) ;
#301 = CARTESIAN_POINT ( 'NONE',  ( 0.000000000000000000, -17.49999999999999645, 0.000000000000000000 ) ) ;
#302 = CARTESIAN_POINT ( 'NONE',  ( 8.500000000000000000, 4.000000000000000000, 32.00000000000000000 ) ) ;
#303 = CARTESIAN_POINT ( 'NONE',  ( -2.999999999999999112, -11.00000000000000000, 4.500000000000000000 ) ) ;
#304 = AXIS2_PLACEMENT_3D ( 'NONE', #1197, #635, #1748 ) ;
#305 = FACE_OUTER_BOUND ( 'NONE', #1692, .T. ) ;
#306 = DIRECTION ( 'NONE',  ( 1.000000000000000000, 0.000000000000000000, -0.000000000000000000 ) ) ;
#307 = EDGE_LOOP ( 'NONE', ( #2635, #1487, #3378, #2523 ) ) ;
#308 = LINE ( 'NONE', #91, #442 ) ;
#309 = ADVANCED_FACE ( 'NONE', ( #2149 ), #3218, .F. ) ;
#310 = AXIS2_PLACEMENT_3D ( 'NONE', #2537, #623, #603 ) ;
#311 = FACE_OUTER_BOUND ( 'NONE', #2115, .T. ) ;
#312 = EDGE_CURVE ( 'NONE', #2241, #3158, #208, .T. ) ;
#313 = DIRECTION ( 'NONE',  ( 0.7071067811865474617, 0.7071067811865474617, 0.000000000000000000 ) ) ;
#314 = ORIENTED_EDGE ( 'NONE', *, *, #2735, .F. ) ;
#315 = ORIENTED_EDGE ( 'NONE', *, *, #2601, .T. ) ;
#316 = DIRECTION ( 'NONE',  ( 0.000000000000000000, 0.000000000000000000, -1.000000000000000000 ) ) ;
#317 = CIRCLE ( 'NONE', #2810, 500.0000000000000000 ) ;
#318 = EDGE_LOOP ( 'NONE', ( #1966, #2309, #2683, #1509 ) ) ;
#319 = VECTOR ( 'NONE', #1703, 1000.000000000000000 ) ;
#320 = CARTESIAN_POINT ( 'NONE',  ( 9.946412425792312106, 56.38839303256979463, -46.03629077789121737 ) ) ;
#321 = DIRECTION ( 'NONE',  ( 1.000000000000000000, -0.000000000000000000, 0.000000000000000000 ) ) ;
#322 = DIRECTION ( 'NONE',  ( -1.000000000000000000, 0.000000000000000000, -0.000000000000000000 ) ) ;
#323 = AXIS2_PLACEMENT_3D ( 'NONE', #876, #1173, #1981 ) ;
#324 = DIRECTION ( 'NONE',  ( 0.000000000000000000, 0.000000000000000000, -1.000000000000000000 ) ) ;
#325 = CARTESIAN_POINT ( 'NONE',  ( 13.40706039738372191, 15.52089657037962311, 39.36993852537136718 ) ) ;
#326 = VECTOR ( 'NONE', #2834, 1000.000000000000000 ) ;
#327 = PLANE ( 'NONE',  #2189 ) ;
#328 = EDGE_LOOP ( 'NONE', ( #410, #3217 ) ) ;
#329 = CARTESIAN_POINT ( 'NONE',  ( -5.000000000000000000, 53.53640687119290931, -20.09609665440966708 ) ) ;
#330 = DIRECTION ( 'NONE',  ( 1.000000000000000000, 0.000000000000000000, -0.000000000000000000 ) ) ;
#331 = ADVANCED_FACE ( 'NONE', ( #3283 ), #809, .F. ) ;
#332 = AXIS2_PLACEMENT_3D ( 'NONE', #2730, #1610, #2700 ) ;
#333 = CARTESIAN_POINT ( 'NONE',  ( 14.79738456591329943, 5.364772466589994515, -35.02053512813262159 ) ) ;
#334 = VERTEX_POINT ( 'NONE', #2424 ) ;
#335 = EDGE_LOOP ( 'NONE', ( #2785, #1394 ) ) ;
#336 = DIRECTION ( 'NONE',  ( 1.000000000000000000, 0.000000000000000000, 0.000000000000000000 ) ) ;
#337 = ORIENTED_EDGE ( 'NONE', *, *, #3528, .F. ) ;
#338 = LINE ( 'NONE', #2339, #1833 ) ;
#339 = DIRECTION ( 'NONE',  ( -0.000000000000000000, -1.000000000000000000, 0.000000000000000000 ) ) ;
#340 = DIRECTION ( 'NONE',  ( 0.000000000000000000, -0.8436525123164420048, 0.5368895961574928766 ) ) ;
#341 = CARTESIAN_POINT ( 'NONE',  ( 4.500000000000000888, 5.759999999999970477, 5.760000000000006004 ) ) ;
#342 = LINE ( 'NONE', #69, #3535 ) ;
#343 = ORIENTED_EDGE ( 'NONE', *, *, #1607, .T. ) ;
#344 = CARTESIAN_POINT ( 'NONE',  ( 0.000000000000000000, -13.49999999999999822, 2.950000000000000622 ) ) ;
#345 = CARTESIAN_POINT ( 'NONE',  ( -136.5042866136667499, 13.37117042065832173, -46.62056273293934083 ) ) ;
#346 = CARTESIAN_POINT ( 'NONE',  ( 2.212329089443973107, 11.10999999999999943, 0.4099999999999999756 ) ) ;
#347 = ORIENTED_EDGE ( 'NONE', *, *, #1165, .T. ) ;
#348 = VERTEX_POINT ( 'NONE', #577 ) ;
#349 = DIRECTION ( 'NONE',  ( 1.000000000000000000, 0.000000000000000000, 0.000000000000000000 ) ) ;
#350 = ORIENTED_EDGE ( 'NONE', *, *, #1756, .T. ) ;
#351 = ORIENTED_EDGE ( 'NONE', *, *, #1326, .T. ) ;
#352 = ADVANCED_FACE ( 'NONE', ( #1439, #1706, #2509 ), #3319, .T. ) ;
#353 = CARTESIAN_POINT ( 'NONE',  ( 5.000000000000000000, 40.28000000000000114, -13.90999999999999481 ) ) ;
#354 = DIRECTION ( 'NONE',  ( 0.000000000000000000, -1.000000000000000000, 0.000000000000000000 ) ) ;
#355 = EDGE_CURVE ( 'NONE', #3440, #1720, #1975, .T. ) ;
#356 = CARTESIAN_POINT ( 'NONE',  ( 12.89998275542231099, 19.70155947838266997, 41.76858202262933162 ) ) ;
#357 = AXIS2_PLACEMENT_3D ( 'NONE', #1902, #2987, #509 ) ;
#358 = CARTESIAN_POINT ( 'NONE',  ( -2.500000000000030198, 0.000000000000000000, 46.00000000000000000 ) ) ;
#359 = CARTESIAN_POINT ( 'NONE',  ( -7.500000000000000000, -18.50000000000000000, 0.000000000000000000 ) ) ;
#360 = ORIENTED_EDGE ( 'NONE', *, *, #2150, .T. ) ;
#361 = AXIS2_PLACEMENT_3D ( 'NONE', #130, #2723, #2196 ) ;
#362 = DIRECTION ( 'NONE',  ( 0.000000000000000000, 0.000000000000000000, -1.000000000000000000 ) ) ;
#363 = LINE ( 'NONE', #385, #849 ) ;
#364 = VECTOR ( 'NONE', #3129, 1000.000000000000000 ) ;
#365 = DIRECTION ( 'NONE',  ( 0.000000000000000000, -6.563037150778914284E-14, -1.000000000000000000 ) ) ;
#366 = FACE_OUTER_BOUND ( 'NONE', #2704, .T. ) ;
#367 = VERTEX_POINT ( 'NONE', #1687 ) ;
#368 = VECTOR ( 'NONE', #2207, 1000.000000000000000 ) ;
#369 = ORIENTED_EDGE ( 'NONE', *, *, #2337, .F. ) ;
#370 = DIRECTION ( 'NONE',  ( 0.000000000000000000, -1.000000000000000000, 0.000000000000000000 ) ) ;
#371 = ORIENTED_EDGE ( 'NONE', *, *, #1564, .T. ) ;
#372 = ORIENTED_EDGE ( 'NONE', *, *, #1690, .F. ) ;
#373 = CARTESIAN_POINT ( 'NONE',  ( 13.55059378787837865, 14.41577631983331109, -43.10675427862395281 ) ) ;
#374 = CARTESIAN_POINT ( 'NONE',  ( 13.88593885708755415, 11.86000000000000654, 46.00000000000000000 ) ) ;
#375 = ADVANCED_FACE ( 'NONE', ( #2779 ), #3571, .F. ) ;
#376 = CARTESIAN_POINT ( 'NONE',  ( 12.67613148943445722, 21.63770756688023766, 41.35041667671553256 ) ) ;
#377 = AXIS2_PLACEMENT_3D ( 'NONE', #1576, #3447, #467 ) ;
#378 = ADVANCED_FACE ( 'NONE', ( #1401 ), #3056, .T. ) ;
#379 = CYLINDRICAL_SURFACE ( 'NONE', #1259, 38.85641655800940697 ) ;
#380 = DIRECTION ( 'NONE',  ( -1.000000000000000000, -0.000000000000000000, 0.000000000000000000 ) ) ;
#381 = AXIS2_PLACEMENT_3D ( 'NONE', #1854, #1054, #1651 ) ;
#382 = ORIENTED_EDGE ( 'NONE', *, *, #1414, .T. ) ;
#383 = CARTESIAN_POINT ( 'NONE',  ( 10.02441341821170262, 54.73060158003606546, -53.74158836384385296 ) ) ;
#384 = VECTOR ( 'NONE', #1803, 1000.000000000000000 ) ;
#385 = CARTESIAN_POINT ( 'NONE',  ( 17.00000000000000000, 3.999999999999996447, 42.49999999999999289 ) ) ;
#386 = CARTESIAN_POINT ( 'NONE',  ( 3.499999999999985789, 9.000000000000001776, 11.00000000000000355 ) ) ;
#387 = PLANE ( 'NONE',  #304 ) ;
#388 = ORIENTED_EDGE ( 'NONE', *, *, #780, .F. ) ;
#389 = ORIENTED_EDGE ( 'NONE', *, *, #200, .T. ) ;
#390 = DIRECTION ( 'NONE',  ( 1.000000000000000000, -0.000000000000000000, -0.000000000000000000 ) ) ;
#391 = VERTEX_POINT ( 'NONE', #2798 ) ;
#392 = VECTOR ( 'NONE', #3363, 1000.000000000000000 ) ;
#393 = VERTEX_POINT ( 'NONE', #628 ) ;
#394 = CARTESIAN_POINT ( 'NONE',  ( -136.5042866136667499, 11.64000000000000057, -48.72498568747121794 ) ) ;
#395 = DIRECTION ( 'NONE',  ( 0.000000000000000000, 0.000000000000000000, -1.000000000000000000 ) ) ;
#396 = CARTESIAN_POINT ( 'NONE',  ( 13.62142453097220773, 13.83917378568492573, 42.50000000000000711 ) ) ;
#397 = EDGE_CURVE ( 'NONE', #2766, #3257, #672, .T. ) ;
#398 = CARTESIAN_POINT ( 'NONE',  ( 10.61723207449846385, 43.20768748251925473, 30.28422814906453553 ) ) ;
#399 = LINE ( 'NONE', #706, #77 ) ;
#400 = EDGE_CURVE ( 'NONE', #2926, #1298, #3151, .T. ) ;
#401 = EDGE_LOOP ( 'NONE', ( #2333, #1846, #2625, #845 ) ) ;
#402 = CARTESIAN_POINT ( 'NONE',  ( 9.622629979963424063, 66.11889437229091016, -47.47700579340094151 ) ) ;
#403 = EDGE_CURVE ( 'NONE', #3360, #2784, #610, .T. ) ;
#404 = EDGE_CURVE ( 'NONE', #2263, #2302, #2929, .T. ) ;
#405 = DIRECTION ( 'NONE',  ( 0.000000000000000000, 0.000000000000000000, 1.000000000000000000 ) ) ;
#406 = LINE ( 'NONE', #113, #3410 ) ;
#407 = DIRECTION ( 'NONE',  ( 0.000000000000000000, 0.000000000000000000, -1.000000000000000000 ) ) ;
#408 = EDGE_CURVE ( 'NONE', #1837, #927, #2528, .T. ) ;
#409 = VERTEX_POINT ( 'NONE', #53 ) ;
#410 = ORIENTED_EDGE ( 'NONE', *, *, #780, .T. ) ;
#411 = CARTESIAN_POINT ( 'NONE',  ( -136.5042866136667499, 19.72412276318913626, -38.89786912685006115 ) ) ;
#412 = ORIENTED_EDGE ( 'NONE', *, *, #1806, .T. ) ;
#413 = ORIENTED_EDGE ( 'NONE', *, *, #1904, .F. ) ;
#414 = CYLINDRICAL_SURFACE ( 'NONE', #2513, 1.299999999999999156 ) ;
#415 = CARTESIAN_POINT ( 'NONE',  ( -7.500000000000000000, 40.28000000000000114, -13.90999999999999481 ) ) ;
#416 = CARTESIAN_POINT ( 'NONE',  ( 13.01519766393992583, 18.72984271022693648, 41.94242661837888875 ) ) ;
#417 = CARTESIAN_POINT ( 'NONE',  ( 11.40424984158411270, 34.26440284765216404, 35.97561933896513153 ) ) ;
#418 = CYLINDRICAL_SURFACE ( 'NONE', #3482, 1.050000000000000266 ) ;
#419 = ORIENTED_EDGE ( 'NONE', *, *, #1603, .F. ) ;
#420 = CARTESIAN_POINT ( 'NONE',  ( 9.592342132940498090, 67.45846735833605123, -46.40190364301431458 ) ) ;
#421 = CARTESIAN_POINT ( 'NONE',  ( 17.00000000000000000, 11.64000000000000057, -48.72498568747121794 ) ) ;
#422 = DIRECTION ( 'NONE',  ( 0.000000000000000000, 1.000000000000000000, 0.000000000000000000 ) ) ;
#423 = CARTESIAN_POINT ( 'NONE',  ( -5.000000000000000000, 11.10999999999999943, 0.4099999999999999756 ) ) ;
#424 = ADVANCED_FACE ( 'NONE', ( #67 ), #1169, .F. ) ;
#425 = ORIENTED_EDGE ( 'NONE', *, *, #737, .T. ) ;
#426 = VECTOR ( 'NONE', #861, 1000.000000000000000 ) ;
#427 = ADVANCED_FACE ( 'NONE', ( #3356 ), #1724, .F. ) ;
#428 = DIRECTION ( 'NONE',  ( 0.000000000000000000, 0.000000000000000000, -1.000000000000000000 ) ) ;
#429 = AXIS2_PLACEMENT_3D ( 'NONE', #687, #703, #3390 ) ;
#430 = ORIENTED_EDGE ( 'NONE', *, *, #23, .F. ) ;
#431 = ORIENTED_EDGE ( 'NONE', *, *, #2856, .T. ) ;
#432 = AXIS2_PLACEMENT_3D ( 'NONE', #1681, #3294, #316 ) ;
#433 = CARTESIAN_POINT ( 'NONE',  ( 13.14263643573970874, 17.64624059407442758, -45.60528447288636755 ) ) ;
#434 = CARTESIAN_POINT ( 'NONE',  ( 17.00000000000000000, 3.999999999999994671, 39.49999999999999289 ) ) ;
#435 = CARTESIAN_POINT ( 'NONE',  ( -2.999999999999999112, 4.000000000000007994, 11.00000000000000355 ) ) ;
#436 = CARTESIAN_POINT ( 'NONE',  ( 11.33192929330192911, 35.02536998414501568, -49.46260325577797090 ) ) ;
#437 = FACE_BOUND ( 'NONE', #2703, .T. ) ;
#438 = VERTEX_POINT ( 'NONE', #1458 ) ;
#439 = CIRCLE ( 'NONE', #1721, 1.299999999999999156 ) ;
#440 = CARTESIAN_POINT ( 'NONE',  ( 9.612001211947598378, 66.57158075754544768, -47.12363683134580583 ) ) ;
#441 = DIRECTION ( 'NONE',  ( 0.000000000000000000, 0.000000000000000000, -1.000000000000000000 ) ) ;
#442 = VECTOR ( 'NONE', #1962, 1000.000000000000000 ) ;
#443 = DIRECTION ( 'NONE',  ( 1.000000000000000000, 0.000000000000000000, 0.000000000000000000 ) ) ;
#444 = CARTESIAN_POINT ( 'NONE',  ( -136.5042866136667499, 40.28000000000000114, -46.26641655800941066 ) ) ;
#445 = ORIENTED_EDGE ( 'NONE', *, *, #2432, .F. ) ;
#446 = CIRCLE ( 'NONE', #1204, 6.224985687471221496 ) ;
#447 = ADVANCED_FACE ( 'NONE', ( #2543 ), #906, .F. ) ;
#448 = DIRECTION ( 'NONE',  ( -0.000000000000000000, 1.000000000000000000, -0.000000000000000000 ) ) ;
#449 = ORIENTED_EDGE ( 'NONE', *, *, #1754, .F. ) ;
#450 = EDGE_CURVE ( 'NONE', #2332, #2478, #2285, .T. ) ;
#451 = ORIENTED_EDGE ( 'NONE', *, *, #2497, .T. ) ;
#452 = CARTESIAN_POINT ( 'NONE',  ( 5.000000000000000000, 34.26440284765216404, 35.97561933896513153 ) ) ;
#453 = CARTESIAN_POINT ( 'NONE',  ( -5.000000000000000000, 46.46533905932746933, -27.16716446627516390 ) ) ;
#454 = CARTESIAN_POINT ( 'NONE',  ( 15.00000000000000000, 3.999999999999998224, -56.26641655800941777 ) ) ;
#455 = CARTESIAN_POINT ( 'NONE',  ( 9.523458995471917987, 71.45529474223712896, -22.58339026100227542 ) ) ;
#456 = VERTEX_POINT ( 'NONE', #2212 ) ;
#457 = CARTESIAN_POINT ( 'NONE',  ( 9.556222792808922506, 69.32017294260967333, 16.92928849700421878 ) ) ;
#458 = DIRECTION ( 'NONE',  ( -1.000000000000000000, 0.000000000000000000, -0.000000000000000000 ) ) ;
#459 = DIRECTION ( 'NONE',  ( 0.000000000000000000, 0.000000000000000000, -1.000000000000000000 ) ) ;
#460 = CIRCLE ( 'NONE', #751, 500.0000000000000000 ) ;
#461 = CARTESIAN_POINT ( 'NONE',  ( 10.48934755520518181, 45.08771655381050181, 33.23642933947114386 ) ) ;
#462 = ORIENTED_EDGE ( 'NONE', *, *, #355, .T. ) ;
#463 = EDGE_CURVE ( 'NONE', #679, #2663, #1783, .T. ) ;
#464 = CARTESIAN_POINT ( 'NONE',  ( 13.63868650534358906, 13.73495328955486805, -39.72565527758975890 ) ) ;
#465 = ORIENTED_EDGE ( 'NONE', *, *, #2879, .T. ) ;
#466 = ORIENTED_EDGE ( 'NONE', *, *, #3245, .F. ) ;
#467 = DIRECTION ( 'NONE',  ( 0.000000000000000000, 0.000000000000000000, -1.000000000000000000 ) ) ;
#468 = FACE_OUTER_BOUND ( 'NONE', #3175, .T. ) ;
#469 = EDGE_CURVE ( 'NONE', #1182, #348, #3409, .T. ) ;
#470 = ADVANCED_FACE ( 'NONE', ( #1207 ), #987, .F. ) ;
#471 = DIRECTION ( 'NONE',  ( -1.000000000000000000, 0.000000000000000000, 0.000000000000000000 ) ) ;
#472 = CARTESIAN_POINT ( 'NONE',  ( 9.930513464217140651, 56.80524657599372063, -41.78173537467981191 ) ) ;
#473 = ORIENTED_EDGE ( 'NONE', *, *, #1213, .T. ) ;
#474 = DIRECTION ( 'NONE',  ( -0.000000000000000000, 0.000000000000000000, -1.000000000000000000 ) ) ;
#475 = LINE ( 'NONE', #1586, #788 ) ;
#476 = PLANE ( 'NONE',  #357 ) ;
#477 = EDGE_LOOP ( 'NONE', ( #2685, #847 ) ) ;
#478 = DIRECTION ( 'NONE',  ( 1.000000000000000000, 0.000000000000000000, 0.000000000000000000 ) ) ;
#479 = ORIENTED_EDGE ( 'NONE', *, *, #1623, .F. ) ;
#480 = AXIS2_PLACEMENT_3D ( 'NONE', #1428, #2991, #1908 ) ;
#481 = ORIENTED_EDGE ( 'NONE', *, *, #1319, .F. ) ;
#482 = DIRECTION ( 'NONE',  ( 0.000000000000000000, 1.000000000000000000, -6.629419235792965992E-14 ) ) ;
#483 = AXIS2_PLACEMENT_3D ( 'NONE', #3448, #2031, #963 ) ;
#484 = LINE ( 'NONE', #1034, #2729 ) ;
#485 = EDGE_CURVE ( 'NONE', #2127, #1045, #99, .T. ) ;
#486 = AXIS2_PLACEMENT_3D ( 'NONE', #1062, #2731, #1408 ) ;
#487 = CARTESIAN_POINT ( 'NONE',  ( -4.999999999999999112, 40.28000000000000114, -13.90999999999999481 ) ) ;
#488 = EDGE_CURVE ( 'NONE', #994, #2442, #1092, .T. ) ;
#489 = CARTESIAN_POINT ( 'NONE',  ( 9.612371545758485070, 66.51264300732316315, 5.110614570523381417 ) ) ;
#490 = DIRECTION ( 'NONE',  ( 1.000000000000000000, -0.000000000000000000, -0.000000000000000000 ) ) ;
#491 = CARTESIAN_POINT ( 'NONE',  ( 13.68631679281279112, 13.37117042065832351, -46.62056273293934083 ) ) ;
#492 = DIRECTION ( 'NONE',  ( 0.000000000000000000, 1.000000000000000000, 9.082321863752923808E-16 ) ) ;
#493 = AXIS2_PLACEMENT_3D ( 'NONE', #2089, #2544, #2895 ) ;
#494 = VERTEX_POINT ( 'NONE', #2894 ) ;
#495 = AXIS2_PLACEMENT_3D ( 'NONE', #1293, #2705, #2420 ) ;
#496 = CARTESIAN_POINT ( 'NONE',  ( -2.999999999999999112, -11.00000000000000000, -4.500000000000000000 ) ) ;
#497 = CARTESIAN_POINT ( 'NONE',  ( 12.81637355835474779, 20.41554158384859718, -51.33898592557223850 ) ) ;
#498 = VECTOR ( 'NONE', #2056, 1000.000000000000000 ) ;
#499 = EDGE_LOOP ( 'NONE', ( #1772, #3365, #1098, #2025 ) ) ;
#500 = EDGE_LOOP ( 'NONE', ( #3413, #602, #2085, #224 ) ) ;
#501 = LINE ( 'NONE', #211, #244 ) ;
#502 = CARTESIAN_POINT ( 'NONE',  ( 0.000000000000000000, 4.000000000000000000, 0.000000000000000000 ) ) ;
#503 = CARTESIAN_POINT ( 'NONE',  ( -2.500000000000030198, 11.64000000000000057, -48.72498568747121794 ) ) ;
#504 = DIRECTION ( 'NONE',  ( 0.000000000000000000, -1.000000000000000000, 0.000000000000000000 ) ) ;
#505 = VECTOR ( 'NONE', #1110, 1000.000000000000000 ) ;
#506 = CARTESIAN_POINT ( 'NONE',  ( 9.627865873462008395, 65.87048283390220149, -33.78712064158313666 ) ) ;
#507 = DIRECTION ( 'NONE',  ( -0.000000000000000000, 1.000000000000000000, -0.000000000000000000 ) ) ;
#508 = DIRECTION ( 'NONE',  ( 1.000000000000000000, -0.000000000000000000, -0.000000000000000000 ) ) ;
#509 = DIRECTION ( 'NONE',  ( 0.000000000000000000, -0.8436525123164418938, 0.5368895961574928766 ) ) ;
#510 = EDGE_LOOP ( 'NONE', ( #513, #1753 ) ) ;
#511 = EDGE_CURVE ( 'NONE', #299, #2463, #1963, .T. ) ;
#512 = CARTESIAN_POINT ( 'NONE',  ( 6.500000000000000888, 40.28000000000000114, -13.90999999999999481 ) ) ;
#513 = ORIENTED_EDGE ( 'NONE', *, *, #1341, .T. ) ;
#514 = VERTEX_POINT ( 'NONE', #2620 ) ;
#515 = DIRECTION ( 'NONE',  ( -1.000000000000000000, 0.000000000000000000, 0.000000000000000000 ) ) ;
#516 = CARTESIAN_POINT ( 'NONE',  ( 9.889013999904815222, 57.73340480522033857, -48.72559065238505838 ) ) ;
#517 = DIRECTION ( 'NONE',  ( 1.000000000000000000, 0.000000000000000000, 0.000000000000000000 ) ) ;
#518 = CARTESIAN_POINT ( 'NONE',  ( 9.517707335415591885, 71.87405917676757383, -30.90989702078934087 ) ) ;
#519 = CARTESIAN_POINT ( 'NONE',  ( 9.703942721254335879, 63.09963487090508494, 9.045709837908509243 ) ) ;
#520 = LINE ( 'NONE', #153, #1303 ) ;
#521 = CARTESIAN_POINT ( 'NONE',  ( 13.40110912895753259, 15.59470374054412112, -43.91761997080809721 ) ) ;
#522 = CARTESIAN_POINT ( 'NONE',  ( 17.00000000000000000, 11.86000000000000121, 0.7699999999999997957 ) ) ;
#523 = CARTESIAN_POINT ( 'NONE',  ( -5.000000000000000000, 11.10999999999999943, 0.4099999999999999756 ) ) ;
#524 = ORIENTED_EDGE ( 'NONE', *, *, #290, .F. ) ;
#525 = ADVANCED_FACE ( 'NONE', ( #2050, #2362 ), #1814, .T. ) ;
#526 = DIRECTION ( 'NONE',  ( 0.000000000000000000, 0.000000000000000000, -1.000000000000000000 ) ) ;
#527 = ORIENTED_EDGE ( 'NONE', *, *, #223, .F. ) ;
#528 = ADVANCED_FACE ( 'NONE', ( #3126 ), #2909, .F. ) ;
#529 = ORIENTED_EDGE ( 'NONE', *, *, #450, .F. ) ;
#530 = FACE_OUTER_BOUND ( 'NONE', #191, .T. ) ;
#531 = FACE_OUTER_BOUND ( 'NONE', #2098, .T. ) ;
#532 = VECTOR ( 'NONE', #1715, 1000.000000000000000 ) ;
#533 = VERTEX_POINT ( 'NONE', #645 ) ;
#534 = CARTESIAN_POINT ( 'NONE',  ( 9.823205373509491523, 59.52661554912610598, -44.18745807526773461 ) ) ;
#535 = FACE_BOUND ( 'NONE', #2504, .T. ) ;
#536 = CARTESIAN_POINT ( 'NONE',  ( -2.710505431213761085E-15, -18.50000000000000000, 7.500000000000000000 ) ) ;
#537 = CARTESIAN_POINT ( 'NONE',  ( 5.000000000000000000, 11.64000000000000057, -48.72498568747121794 ) ) ;
#538 = VECTOR ( 'NONE', #1127, 1000.000000000000000 ) ;
#539 = CARTESIAN_POINT ( 'NONE',  ( 11.54861546700945674, 32.65373405917968341, 33.44466180201580130 ) ) ;
#540 = VECTOR ( 'NONE', #1294, 1000.000000000000000 ) ;
#541 = DIRECTION ( 'NONE',  ( 0.000000000000000000, 0.000000000000000000, 1.000000000000000000 ) ) ;
#542 = ORIENTED_EDGE ( 'NONE', *, *, #2026, .T. ) ;
#543 = ORIENTED_EDGE ( 'NONE', *, *, #1005, .F. ) ;
#544 = DIRECTION ( 'NONE',  ( -0.7071067811865461294, 0.000000000000000000, -0.7071067811865489050 ) ) ;
#545 = DIRECTION ( 'NONE',  ( 0.000000000000000000, 0.7071067811865454633, 0.7071067811865495711 ) ) ;
#546 = ORIENTED_EDGE ( 'NONE', *, *, #2807, .F. ) ;
#547 = COLOUR_RGB ( '',0.7921568627450980005, 0.8196078431372548767, 0.9333333333333333481 ) ;
#548 = ORIENTED_EDGE ( 'NONE', *, *, #1685, .F. ) ;
#549 = EDGE_CURVE ( 'NONE', #981, #239, #3512, .T. ) ;
#550 = CARTESIAN_POINT ( 'NONE',  ( 9.479396396021435578, 77.87469377686522876, -23.75377668568366119 ) ) ;
#551 = VECTOR ( 'NONE', #2762, 1000.000000000000000 ) ;
#552 = CARTESIAN_POINT ( 'NONE',  ( 0.000000000000000000, 9.000000000000001776, 2.250000000000000000 ) ) ;
#553 = VERTEX_POINT ( 'NONE', #1741 ) ;
#554 = EDGE_CURVE ( 'NONE', #391, #2647, #2639, .T. ) ;
#555 = CARTESIAN_POINT ( 'NONE',  ( 9.680045541831404421, 63.92405952924404033, -40.87317743688609539 ) ) ;
#556 = DIRECTION ( 'NONE',  ( -0.000000000000000000, 1.000000000000000000, -0.000000000000000000 ) ) ;
#557 = ADVANCED_FACE ( 'NONE', ( #1100 ), #1082, .T. ) ;
#558 = FACE_OUTER_BOUND ( 'NONE', #1710, .T. ) ;
#559 = DIRECTION ( 'NONE',  ( 1.000000000000000000, 0.000000000000000000, -0.000000000000000000 ) ) ;
#560 = DIRECTION ( 'NONE',  ( 0.000000000000000000, -1.000000000000000000, 0.000000000000000000 ) ) ;
#561 = CARTESIAN_POINT ( 'NONE',  ( 2.488975700772329436, 12.60276425789714416, -1.082764257897131710 ) ) ;
#562 = ORIENTED_EDGE ( 'NONE', *, *, #3167, .F. ) ;
#563 = AXIS2_PLACEMENT_3D ( 'NONE', #2347, #2884, #405 ) ;
#564 = CARTESIAN_POINT ( 'NONE',  ( 7.500000000000000000, -18.50000000000000000, 2.755455298081544383E-15 ) ) ;
#565 = DIRECTION ( 'NONE',  ( 1.000000000000000000, 0.000000000000000000, 0.000000000000000000 ) ) ;
#566 = FACE_OUTER_BOUND ( 'NONE', #2236, .T. ) ;
#567 = ORIENTED_EDGE ( 'NONE', *, *, #1802, .T. ) ;
#568 = VERTEX_POINT ( 'NONE', #496 ) ;
#569 = CARTESIAN_POINT ( 'NONE',  ( 9.640349531309272635, 65.39868506977182960, -43.56324686706317806 ) ) ;
#570 = CARTESIAN_POINT ( 'NONE',  ( 4.500000000000000888, 53.53640687119290931, -21.39609665440966424 ) ) ;
#571 = VECTOR ( 'NONE', #365, 1000.000000000000000 ) ;
#572 = ORIENTED_EDGE ( 'NONE', *, *, #1925, .T. ) ;
#573 = CARTESIAN_POINT ( 'NONE',  ( 9.492392102894575245, 74.37028783574139368, -2.529732156047041602 ) ) ;
#574 = CARTESIAN_POINT ( 'NONE',  ( 5.970153145843346361E-15, 0.000000000000000000, 48.00000000000000000 ) ) ;
#575 = EDGE_CURVE ( 'NONE', #2718, #2041, #2248, .T. ) ;
#576 = FACE_OUTER_BOUND ( 'NONE', #3222, .T. ) ;
#577 = CARTESIAN_POINT ( 'NONE',  ( 9.706680322720206533, 63.02071938050821132, 21.82409724188639544 ) ) ;
#578 = ADVANCED_FACE ( 'NONE', ( #3524 ), #1061, .F. ) ;
#579 = CARTESIAN_POINT ( 'NONE',  ( 5.000000000000000000, 3.999999999999568789, -42.49999999999948841 ) ) ;
#580 = DIRECTION ( 'NONE',  ( 0.000000000000000000, 1.000000000000000000, 0.000000000000000000 ) ) ;
#581 = EDGE_LOOP ( 'NONE', ( #883, #115, #1752, #786 ) ) ;
#582 = DIRECTION ( 'NONE',  ( -0.000000000000000000, 1.000000000000000000, -0.000000000000000000 ) ) ;
#583 = CARTESIAN_POINT ( 'NONE',  ( -2.500000000000030198, 11.86000000000000121, 46.00000000000000000 ) ) ;
#584 = LINE ( 'NONE', #3275, #1987 ) ;
#585 = ORIENTED_EDGE ( 'NONE', *, *, #2807, .T. ) ;
#586 = ORIENTED_EDGE ( 'NONE', *, *, #820, .F. ) ;
#587 = CARTESIAN_POINT ( 'NONE',  ( -2.500000000000030198, 0.000000000000000000, 46.00000000000000000 ) ) ;
#588 = ORIENTED_EDGE ( 'NONE', *, *, #1905, .F. ) ;
#589 = LINE ( 'NONE', #2487, #319 ) ;
#590 = CARTESIAN_POINT ( 'NONE',  ( 6.156854249492381470, 4.000000000000000888, 34.34314575050761675 ) ) ;
#591 = DIRECTION ( 'NONE',  ( 1.000000000000000000, 0.000000000000000000, 0.000000000000000000 ) ) ;
#592 = CIRCLE ( 'NONE', #716, 1.650000000000000133 ) ;
#593 = ADVANCED_FACE ( 'NONE', ( #3061 ), #1713, .T. ) ;
#594 = CARTESIAN_POINT ( 'NONE',  ( 509.4793796504069974, 78.09549986705438585, -35.99999999999993605 ) ) ;
#595 = CARTESIAN_POINT ( 'NONE',  ( 1.971731607135829759E-15, 0.000000000000000000, -8.300000000000002487 ) ) ;
#596 = VERTEX_POINT ( 'NONE', #1964 ) ;
#597 = CARTESIAN_POINT ( 'NONE',  ( 10.73827124722947524, 42.56312799982676154, -56.26641655800944619 ) ) ;
#598 = DIRECTION ( 'NONE',  ( 1.000000000000000000, 0.000000000000000000, 0.000000000000000000 ) ) ;
#599 = EDGE_CURVE ( 'NONE', #1749, #2520, #1983, .T. ) ;
#600 = CARTESIAN_POINT ( 'NONE',  ( 14.87651933603374310, 4.828641060249217354, -34.45185703161305213 ) ) ;
#601 = ORIENTED_EDGE ( 'NONE', *, *, #180, .F. ) ;
#602 = ORIENTED_EDGE ( 'NONE', *, *, #1690, .T. ) ;
#603 = DIRECTION ( 'NONE',  ( 0.000000000000000000, 0.000000000000000000, -1.000000000000000000 ) ) ;
#604 = AXIS2_PLACEMENT_3D ( 'NONE', #1708, #3039, #3017 ) ;
#605 = ORIENTED_EDGE ( 'NONE', *, *, #3532, .F. ) ;
#606 = AXIS2_PLACEMENT_3D ( 'NONE', #2927, #1596, #2375 ) ;
#607 =( NAMED_UNIT ( * ) SI_UNIT ( $, .STERADIAN. ) SOLID_ANGLE_UNIT ( ) );
#608 = LINE ( 'NONE', #2777, #3019 ) ;
#609 = VECTOR ( 'NONE', #762, 1000.000000000000000 ) ;
#610 = LINE ( 'NONE', #303, #3556 ) ;
#611 = DIRECTION ( 'NONE',  ( 0.000000000000000000, 0.000000000000000000, -1.000000000000000000 ) ) ;
#612 = CARTESIAN_POINT ( 'NONE',  ( 0.000000000000000000, -18.50000000000000000, 0.000000000000000000 ) ) ;
#613 = VERTEX_POINT ( 'NONE', #835 ) ;
#614 = FACE_OUTER_BOUND ( 'NONE', #45, .T. ) ;
#615 = EDGE_CURVE ( 'NONE', #2937, #1106, #1657, .T. ) ;
#616 = CARTESIAN_POINT ( 'NONE',  ( -5.000000000000000000, 19.59528137423860272, 15.14502884254440396 ) ) ;
#617 = CARTESIAN_POINT ( 'NONE',  ( -2.500000000000030198, 40.28000000000000114, -56.26641655800941777 ) ) ;
#618 = EDGE_CURVE ( 'NONE', #1544, #2766, #3079, .T. ) ;
#619 = ADVANCED_FACE ( 'NONE', ( #3098 ), #73, .T. ) ;
#620 = ORIENTED_EDGE ( 'NONE', *, *, #2961, .F. ) ;
#621 = VERTEX_POINT ( 'NONE', #1695 ) ;
#622 = ADVANCED_FACE ( 'NONE', ( #311 ), #1924, .F. ) ;
#623 = DIRECTION ( 'NONE',  ( 1.000000000000000000, 0.000000000000000000, 0.000000000000000000 ) ) ;
#624 = ORIENTED_EDGE ( 'NONE', *, *, #2760, .F. ) ;
#625 = CIRCLE ( 'NONE', #1734, 1.050000000000000266 ) ;
#626 = CARTESIAN_POINT ( 'NONE',  ( 13.47146688531210401, 15.03626358852594969, -43.45822796940462496 ) ) ;
#627 = CARTESIAN_POINT ( 'NONE',  ( 13.66255474415784299, 13.53142546470687613, 36.00000000000000711 ) ) ;
#628 = CARTESIAN_POINT ( 'NONE',  ( 4.500000000000000888, -11.00000000000000000, -4.500000000000000000 ) ) ;
#629 = PLANE ( 'NONE',  #901 ) ;
#630 = CARTESIAN_POINT ( 'NONE',  ( -7.500000000000000000, 6.500000000000000888, 41.00000000000000711 ) ) ;
#631 = ORIENTED_EDGE ( 'NONE', *, *, #3146, .F. ) ;
#632 = CARTESIAN_POINT ( 'NONE',  ( 13.68631679281279112, 13.37117042065832351, -46.62056273293934083 ) ) ;
#633 = LINE ( 'NONE', #1746, #3321 ) ;
#634 = CARTESIAN_POINT ( 'NONE',  ( 9.540763287287500560, 70.10713177946580288, -38.95330015271159851 ) ) ;
#635 = DIRECTION ( 'NONE',  ( -1.000000000000000000, -0.000000000000000000, 0.000000000000000000 ) ) ;
#636 = ORIENTED_EDGE ( 'NONE', *, *, #3355, .F. ) ;
#637 = EDGE_LOOP ( 'NONE', ( #1405, #2419 ) ) ;
#638 = EDGE_CURVE ( 'NONE', #2903, #96, #1195, .T. ) ;
#639 = CARTESIAN_POINT ( 'NONE',  ( -2.500000000000030198, 13.37117042065832173, -46.62056273293934083 ) ) ;
#640 = ORIENTED_EDGE ( 'NONE', *, *, #1165, .F. ) ;
#641 = EDGE_CURVE ( 'NONE', #568, #393, #2257, .T. ) ;
#642 = ORIENTED_EDGE ( 'NONE', *, *, #2781, .T. ) ;
#643 = DIRECTION ( 'NONE',  ( 0.000000000000000000, 0.000000000000000000, -1.000000000000000000 ) ) ;
#644 = CARTESIAN_POINT ( 'NONE',  ( 12.82302040619145878, 20.35837087514396515, 45.20740363955474805 ) ) ;
#645 = CARTESIAN_POINT ( 'NONE',  ( -7.500000000000000000, -18.50000000000000000, -1.050000000000000266 ) ) ;
#646 = CARTESIAN_POINT ( 'NONE',  ( 10.07131577537931477, 52.16892134958860083, 24.58141429890071095 ) ) ;
#647 = FACE_BOUND ( 'NONE', #2040, .T. ) ;
#648 = ORIENTED_EDGE ( 'NONE', *, *, #1005, .T. ) ;
#649 = AXIS2_PLACEMENT_3D ( 'NONE', #897, #2259, #95 ) ;
#650 = CARTESIAN_POINT ( 'NONE',  ( 9.482102768601894383, 76.34909655600570488, -36.14476668506640067 ) ) ;
#651 = DIRECTION ( 'NONE',  ( -1.000000000000000000, 0.000000000000000000, -0.000000000000000000 ) ) ;
#652 = VECTOR ( 'NONE', #2875, 1000.000000000000000 ) ;
#653 = PLANE ( 'NONE',  #3279 ) ;
#654 = CARTESIAN_POINT ( 'NONE',  ( 14.92010562489498682, 4.535004314521136060, -34.01566994515978593 ) ) ;
#655 = ORIENTED_EDGE ( 'NONE', *, *, #1454, .F. ) ;
#656 = CIRCLE ( 'NONE', #432, 1.299999999999999156 ) ;
#657 = ORIENTED_EDGE ( 'NONE', *, *, #690, .F. ) ;
#658 = DIRECTION ( 'NONE',  ( 0.000000000000000000, 0.000000000000000000, -1.000000000000000000 ) ) ;
#659 = ORIENTED_EDGE ( 'NONE', *, *, #3449, .F. ) ;
#660 = ADVANCED_FACE ( 'NONE', ( #3288 ), #877, .F. ) ;
#661 = ORIENTED_EDGE ( 'NONE', *, *, #450, .T. ) ;
#662 = DIRECTION ( 'NONE',  ( 1.000000000000000000, 0.000000000000000000, 0.000000000000000000 ) ) ;
#663 = CIRCLE ( 'NONE', #2684, 1.050000000000000266 ) ;
#664 = CARTESIAN_POINT ( 'NONE',  ( 12.58445575366583924, 22.45641193257714718, 44.74449828701200005 ) ) ;
#665 = EDGE_CURVE ( 'NONE', #1612, #3462, #1116, .T. ) ;
#666 = EDGE_CURVE ( 'NONE', #2663, #679, #744, .T. ) ;
#667 = CARTESIAN_POINT ( 'NONE',  ( -7.500000000000000000, 55.72115102918352392, 20.54283786085846231 ) ) ;
#668 = B_SPLINE_CURVE_WITH_KNOTS ( 'NONE', 3,
 ( #1565, #2125, #2671, #195, #230, #2176, #1817, #3232, #1866, #2911, #436, #868, #1955, #2209, #31, #3053, #3553, #1630, #3280, #1147, #320, #534, #1364, #3012, #2996, #850, #555, #1934, #2506, #8, #3315, #245, #1416, #518, #1971, #1437, #1126, #2758, #3296, #281, #1398, #2265, #2453, #1648, #2249, #1090, #1915, #2740, #2229, #1379, #573, #2721, #2194, #2795, #1684, #791, #806, #2775, #265, #1897, #2526, #2468, #300, #3569 ),
 .UNSPECIFIED., .F., .F.,
 ( 4, 2, 2, 2, 2, 2, 2, 2, 2, 2, 2, 2, 2, 2, 2, 2, 2, 2, 2, 2, 2, 2, 2, 2, 2, 2, 2, 2, 2, 2, 2, 4 ),
 ( 1.561251128379126385E-17, 0.007284157261359808233, 0.01092623589203969500, 0.01274727520737963492, 0.01456831452271957483, 0.02185247178407934143, 0.02367351109941928655, 0.02549455041475922473, 0.02913662904543910803, 0.03642078630679889545, 0.04370494356815867593, 0.04734702219883859392, 0.04916806151417854598, 0.05098910082951851191, 0.05827325809087843117, 0.06009429740621841792, 0.06191533672155841161, 0.06555741535223835736, 0.06919949398291833087, 0.07102053329825831762, 0.07284157261359830438, 0.08012572987495823751, 0.08376780850563822489, 0.08558884782097821164, 0.08740988713631819840, 0.09469404439767815929, 0.09833612302835816055, 0.1019782016590381479, 0.1056202802897181353, 0.1074413196050581221, 0.1092623589203981088, 0.1165465161817580420 ),
 .UNSPECIFIED. ) ;
#669 = EDGE_CURVE ( 'NONE', #2636, #959, #2417, .T. ) ;
#670 = CARTESIAN_POINT ( 'NONE',  ( -2.488975700772329436, 12.60276425789714416, -1.082764257897131710 ) ) ;
#671 = LINE ( 'NONE', #125, #1634 ) ;
#672 = CIRCLE ( 'NONE', #2982, 1.299999999999999156 ) ;
#673 = ORIENTED_EDGE ( 'NONE', *, *, #463, .F. ) ;
#674 = CARTESIAN_POINT ( 'NONE',  ( 9.496295773267043216, 73.78204644109082722, -39.92692767073390314 ) ) ;
#675 = VECTOR ( 'NONE', #2986, 1000.000000000000114 ) ;
#676 = FACE_OUTER_BOUND ( 'NONE', #2300, .T. ) ;
#677 = FACE_OUTER_BOUND ( 'NONE', #209, .T. ) ;
#678 = CARTESIAN_POINT ( 'NONE',  ( -136.5042866136667499, 40.28000000000000114, -13.90999999999999481 ) ) ;
#679 = VERTEX_POINT ( 'NONE', #616 ) ;
#680 =( BOUNDED_CURVE ( )  B_SPLINE_CURVE ( 3, ( #794, #733, #461, #975 ),
 .UNSPECIFIED., .F., .T. ) 
 B_SPLINE_CURVE_WITH_KNOTS ( ( 4, 4 ),
 ( 4.742543110865700129, 4.796391706015937118 ),
 .UNSPECIFIED. ) 
 CURVE ( )  GEOMETRIC_REPRESENTATION_ITEM ( )  RATIONAL_B_SPLINE_CURVE ( ( 1.000000000000000000, 0.9997583753303931342, 0.9997583753303931342, 1.000000000000000000 ) ) 
 REPRESENTATION_ITEM ( '' )  );
#681 = EDGE_LOOP ( 'NONE', ( #1520, #3330, #166, #3459, #2316, #1377, #382, #3046 ) ) ;
#682 = VECTOR ( 'NONE', #291, 1000.000000000000000 ) ;
#683 = PLANE ( 'NONE',  #1308 ) ;
#684 = ORIENTED_EDGE ( 'NONE', *, *, #3071, .T. ) ;
#685 = ORIENTED_EDGE ( 'NONE', *, *, #1642, .F. ) ;
#686 = DIRECTION ( 'NONE',  ( 0.000000000000000000, 0.000000000000000000, -1.000000000000000000 ) ) ;
#687 = CARTESIAN_POINT ( 'NONE',  ( 8.500000000000000000, 8.000000000000000000, -10.99999999999999645 ) ) ;
#688 = EDGE_CURVE ( 'NONE', #802, #3344, #1391, .T. ) ;
#689 = DIRECTION ( 'NONE',  ( 0.000000000000000000, -0.7071067811865496822, 0.7071067811865453523 ) ) ;
#690 = EDGE_CURVE ( 'NONE', #1544, #1948, #857, .T. ) ;
#691 = CARTESIAN_POINT ( 'NONE',  ( -7.500000000000000000, 11.86000000000000121, 0.7699999999999997957 ) ) ;
#692 = ORIENTED_EDGE ( 'NONE', *, *, #599, .T. ) ;
#693 = CARTESIAN_POINT ( 'NONE',  ( 9.558287123745412117, 69.17203002377786447, -44.90371507455554223 ) ) ;
#694 = EDGE_CURVE ( 'NONE', #1551, #1767, #58, .T. ) ;
#695 = CARTESIAN_POINT ( 'NONE',  ( 0.000000000000000000, -6.505213034913026604E-16, 11.30000000000000249 ) ) ;
#696 = CARTESIAN_POINT ( 'NONE',  ( 12.50000000000000000, -22.36067977499790160, -10.00000000000000000 ) ) ;
#697 = FACE_OUTER_BOUND ( 'NONE', #1985, .T. ) ;
#698 = ORIENTED_EDGE ( 'NONE', *, *, #2600, .T. ) ;
#699 = CARTESIAN_POINT ( 'NONE',  ( 11.15231077851460029, 37.22372954616766805, -56.16038028843175312 ) ) ;
#700 = ORIENTED_EDGE ( 'NONE', *, *, #882, .F. ) ;
#701 = ORIENTED_EDGE ( 'NONE', *, *, #3400, .F. ) ;
#702 = DIRECTION ( 'NONE',  ( 0.000000000000000000, 0.000000000000000000, -1.000000000000000000 ) ) ;
#703 = DIRECTION ( 'NONE',  ( -0.000000000000000000, -0.000000000000000000, -1.000000000000000000 ) ) ;
#704 = CARTESIAN_POINT ( 'NONE',  ( 11.55210243054547270, 32.58427840525227737, 37.04482890120261374 ) ) ;
#705 = FACE_OUTER_BOUND ( 'NONE', #3565, .T. ) ;
#706 = CARTESIAN_POINT ( 'NONE',  ( 6.500000000000000888, 40.28000000000000114, -4.909999999999988596 ) ) ;
#707 = ORIENTED_EDGE ( 'NONE', *, *, #2289, .T. ) ;
#708 = VECTOR ( 'NONE', #1078, 1000.000000000000000 ) ;
#709 = CARTESIAN_POINT ( 'NONE',  ( 9.498473441629773362, 82.46532564977201218, -10.06418740679865920 ) ) ;
#710 = EDGE_CURVE ( 'NONE', #1106, #553, #1175, .T. ) ;
#711 = CARTESIAN_POINT ( 'NONE',  ( -2.710505431213761085E-15, 0.000000000000000000, 7.500000000000000000 ) ) ;
#712 = DIRECTION ( 'NONE',  ( 0.000000000000000000, -1.000000000000000000, 0.000000000000000000 ) ) ;
#713 = AXIS2_PLACEMENT_3D ( 'NONE', #915, #43, #2386 ) ;
#714 = CARTESIAN_POINT ( 'NONE',  ( -136.5042866136667499, 11.86000000000000121, 36.00000000000000000 ) ) ;
#715 = ORIENTED_EDGE ( 'NONE', *, *, #846, .F. ) ;
#716 = AXIS2_PLACEMENT_3D ( 'NONE', #612, #1726, #2818 ) ;
#717 = CARTESIAN_POINT ( 'NONE',  ( 509.4793796504069974, 78.09549986705438585, 35.99999999999999289 ) ) ;
#718 = VECTOR ( 'NONE', #3554, 1000.000000000000000 ) ;
#719 = VERTEX_POINT ( 'NONE', #896 ) ;
#720 = ORIENTED_EDGE ( 'NONE', *, *, #264, .T. ) ;
#721 = AXIS2_PLACEMENT_3D ( 'NONE', #1434, #2773, #517 ) ;
#722 = CARTESIAN_POINT ( 'NONE',  ( 12.16507575983106193, 26.33777066507485642, -50.18494745760192899 ) ) ;
#723 = DIRECTION ( 'NONE',  ( 0.000000000000000000, -0.000000000000000000, 1.000000000000000000 ) ) ;
#724 = LINE ( 'NONE', #1000, #2235 ) ;
#725 = CARTESIAN_POINT ( 'NONE',  ( 10.03533923175323395, 54.51083030043836430, -42.98174040395733897 ) ) ;
#726 = EDGE_LOOP ( 'NONE', ( #2374, #1114, #1276, #937 ) ) ;
#727 = AXIS2_PLACEMENT_3D ( 'NONE', #353, #3428, #2068 ) ;
#728 = CARTESIAN_POINT ( 'NONE',  ( 9.479147650765554545, 78.02150614930913264, -33.16942887799864792 ) ) ;
#729 = ADVANCED_FACE ( 'NONE', ( #2001 ), #112, .F. ) ;
#730 = CARTESIAN_POINT ( 'NONE',  ( 13.75386020696525868, 12.85518201476041789, -46.26564981266830756 ) ) ;
#731 = AXIS2_PLACEMENT_3D ( 'NONE', #894, #2256, #858 ) ;
#732 = CYLINDRICAL_SURFACE ( 'NONE', #921, 50.00000000000000000 ) ;
#733 = CARTESIAN_POINT ( 'NONE',  ( 9.977298270332809693, 54.04894945751856739, 27.53361610237802992 ) ) ;
#734 = ORIENTED_EDGE ( 'NONE', *, *, #799, .F. ) ;
#735 = UNCERTAINTY_MEASURE_WITH_UNIT (LENGTH_MEASURE( 1.000000000000000082E-05 ), #1311, 'distance_accuracy_value', 'NONE');
#736 = EDGE_CURVE ( 'NONE', #1697, #409, #2606, .T. ) ;
#737 = EDGE_CURVE ( 'NONE', #1498, #768, #220, .T. ) ;
#738 = LINE ( 'NONE', #188, #3369 ) ;
#739 = VERTEX_POINT ( 'NONE', #2095 ) ;
#740 = ORIENTED_EDGE ( 'NONE', *, *, #1864, .F. ) ;
#741 = AXIS2_PLACEMENT_3D ( 'NONE', #1757, #943, #3465 ) ;
#742 = CARTESIAN_POINT ( 'NONE',  ( 11.60190792586745800, 32.00340802847600941, -51.96590643382966590 ) ) ;
#743 = CARTESIAN_POINT ( 'NONE',  ( -136.5042866136667499, 11.64000000000000057, -45.99999999999999289 ) ) ;
#744 = CIRCLE ( 'NONE', #2137, 1.299999999999992051 ) ;
#745 = DIRECTION ( 'NONE',  ( -0.000000000000000000, 1.000000000000000000, -0.000000000000000000 ) ) ;
#746 = CARTESIAN_POINT ( 'NONE',  ( 9.770251280425489071, 61.03965287872452450, -38.73267564306229360 ) ) ;
#747 = ORIENTED_EDGE ( 'NONE', *, *, #1027, .F. ) ;
#748 = DIRECTION ( 'NONE',  ( 0.000000000000000000, -0.000000000000000000, -1.000000000000000000 ) ) ;
#749 = CARTESIAN_POINT ( 'NONE',  ( 5.000000000000000000, 34.26440284765216404, 35.97561933896513153 ) ) ;
#750 = CARTESIAN_POINT ( 'NONE',  ( -7.500000000000000000, 11.64000000000000057, 41.00000000000000711 ) ) ;
#751 = AXIS2_PLACEMENT_3D ( 'NONE', #2369, #3133, #974 ) ;
#752 = ORIENTED_EDGE ( 'NONE', *, *, #1382, .F. ) ;
#753 = CARTESIAN_POINT ( 'NONE',  ( 11.73162931438145584, 30.63072917446152132, -55.22356545355508928 ) ) ;
#754 = EDGE_LOOP ( 'NONE', ( #2906, #3104 ) ) ;
#755 = VERTEX_POINT ( 'NONE', #695 ) ;
#756 = ADVANCED_FACE ( 'NONE', ( #973 ), #2312, .F. ) ;
#757 = CARTESIAN_POINT ( 'NONE',  ( 10.74597645728270479, 42.50400712014224780, -52.72530695786214494 ) ) ;
#758 = DIRECTION ( 'NONE',  ( 0.000000000000000000, 1.000000000000000000, 0.000000000000000000 ) ) ;
#759 = DIRECTION ( 'NONE',  ( 1.000000000000000000, -0.000000000000000000, 0.000000000000000000 ) ) ;
#760 = CARTESIAN_POINT ( 'NONE',  ( 9.565919879885907307, 68.78320368122608386, 1.428102693665330269 ) ) ;
#761 = ORIENTED_EDGE ( 'NONE', *, *, #2452, .F. ) ;
#762 = DIRECTION ( 'NONE',  ( 0.000000000000000000, -1.000000000000000000, 0.000000000000000000 ) ) ;
#763 = PLANE ( 'NONE',  #2631 ) ;
#764 = CARTESIAN_POINT ( 'NONE',  ( 12.89828623766103810, 19.72412276318913626, -38.89786912685006115 ) ) ;
#765 = ORIENTED_EDGE ( 'NONE', *, *, #2178, .F. ) ;
#766 = CIRCLE ( 'NONE', #3006, 48.00000000000000000 ) ;
#767 = CARTESIAN_POINT ( 'NONE',  ( 11.40796307550259847, 34.20591287381905232, -55.84607948768834973 ) ) ;
#768 = VERTEX_POINT ( 'NONE', #3155 ) ;
#769 = AXIS2_PLACEMENT_3D ( 'NONE', #2021, #2840, #75 ) ;
#770 = EDGE_LOOP ( 'NONE', ( #692, #3160, #2215, #543, #546 ) ) ;
#771 = CARTESIAN_POINT ( 'NONE',  ( 10.65404667979171371, 43.81733079899277783, -52.62735319158979053 ) ) ;
#772 = AXIS2_PLACEMENT_3D ( 'NONE', #434, #3214, #3244 ) ;
#773 = CARTESIAN_POINT ( 'NONE',  ( 0.000000000000000000, 12.94999999999999574, 2.250000000000000000 ) ) ;
#774 = AXIS2_PLACEMENT_3D ( 'NONE', #243, #297, #1411 ) ;
#775 = DIRECTION ( 'NONE',  ( 0.000000000000000000, 0.000000000000000000, 1.000000000000000000 ) ) ;
#776 = CARTESIAN_POINT ( 'NONE',  ( 9.707733587924325391, 62.97393567723779029, -36.98963306696828113 ) ) ;
#777 = ADVANCED_FACE ( 'NONE', ( #676 ), #912, .T. ) ;
#778 = ADVANCED_FACE ( 'NONE', ( #1821 ), #128, .T. ) ;
#779 = FACE_OUTER_BOUND ( 'NONE', #1508, .T. ) ;
#780 = EDGE_CURVE ( 'NONE', #1266, #3389, #3047, .T. ) ;
#781 = FACE_OUTER_BOUND ( 'NONE', #60, .T. ) ;
#782 = CARTESIAN_POINT ( 'NONE',  ( -5.000000000000000000, 46.46533905932746933, -28.46716446627516461 ) ) ;
#783 = EDGE_LOOP ( 'NONE', ( #1861, #2972, #1531, #2366 ) ) ;
#784 = DIRECTION ( 'NONE',  ( 1.000000000000000000, 0.000000000000000000, 0.000000000000000000 ) ) ;
#785 = AXIS2_PLACEMENT_3D ( 'NONE', #2566, #1482, #3060 ) ;
#786 = ORIENTED_EDGE ( 'NONE', *, *, #204, .F. ) ;
#787 = ORIENTED_EDGE ( 'NONE', *, *, #1164, .F. ) ;
#788 = VECTOR ( 'NONE', #2678, 1000.000000000000000 ) ;
#789 = CARTESIAN_POINT ( 'NONE',  ( 4.500000000000000888, 5.350000000000032507, -5.350000000000002309 ) ) ;
#790 = DIRECTION ( 'NONE',  ( 0.000000000000000000, -1.000000000000000000, 0.000000000000000000 ) ) ;
#791 = CARTESIAN_POINT ( 'NONE',  ( 9.556302799111438873, 69.29889701672487945, 7.186458712895442247 ) ) ;
#792 = VECTOR ( 'NONE', #544, 1000.000000000000114 ) ;
#793 = CARTESIAN_POINT ( 'NONE',  ( -2.999999999999999112, 9.000000000000001776, 11.00000000000000355 ) ) ;
#794 = CARTESIAN_POINT ( 'NONE',  ( 9.706680322720206533, 63.02071938050821132, 21.82409724188639544 ) ) ;
#795 = CARTESIAN_POINT ( 'NONE',  ( 11.72368217087216280, 30.77462047262845957, 30.49187800890825173 ) ) ;
#796 = ADVANCED_FACE ( 'NONE', ( #3456 ), #3113, .F. ) ;
#797 = DIRECTION ( 'NONE',  ( 1.000000000000000000, 0.000000000000000000, 0.000000000000000000 ) ) ;
#798 = CARTESIAN_POINT ( 'NONE',  ( 0.000000000000000000, -18.50000000000000000, 0.000000000000000000 ) ) ;
#799 = EDGE_CURVE ( 'NONE', #1222, #3480, #1668, .T. ) ;
#800 = EDGE_LOOP ( 'NONE', ( #1253, #970, #624, #747 ) ) ;
#801 = CARTESIAN_POINT ( 'NONE',  ( 4.500000000000000888, -11.00000000000000000, 0.000000000000000000 ) ) ;
#802 = VERTEX_POINT ( 'NONE', #1214 ) ;
#803 = ORIENTED_EDGE ( 'NONE', *, *, #355, .F. ) ;
#804 = CARTESIAN_POINT ( 'NONE',  ( 4.500000000000000888, 8.000000000000000000, 11.00000000000000355 ) ) ;
#805 = CARTESIAN_POINT ( 'NONE',  ( 14.70421022195599825, 6.001252206007727352, 35.47476957966031819 ) ) ;
#806 = CARTESIAN_POINT ( 'NONE',  ( 9.569546014066002471, 68.56820730113533102, 8.156813657276835272 ) ) ;
#807 = LINE ( 'NONE', #2230, #3424 ) ;
#808 = DIRECTION ( 'NONE',  ( 0.000000000000000000, 1.000000000000000000, 0.000000000000000000 ) ) ;
#809 = CYLINDRICAL_SURFACE ( 'NONE', #903, 1.299999999999999156 ) ;
#810 = EDGE_CURVE ( 'NONE', #1809, #2531, #3173, .T. ) ;
#811 = FACE_OUTER_BOUND ( 'NONE', #1226, .T. ) ;
#812 = DIRECTION ( 'NONE',  ( -0.000000000000000000, -1.000000000000000000, -0.000000000000000000 ) ) ;
#813 = ADVANCED_FACE ( 'NONE', ( #2900 ), #1269, .T. ) ;
#814 = ORIENTED_EDGE ( 'NONE', *, *, #2495, .F. ) ;
#815 = CARTESIAN_POINT ( 'NONE',  ( -5.000000000000000000, 19.59528137423860272, 13.84502884254441213 ) ) ;
#816 = CARTESIAN_POINT ( 'NONE',  ( 11.05653571481217767, 38.41065104917581863, -46.21574057448730599 ) ) ;
#817 = EDGE_CURVE ( 'NONE', #839, #438, #3433, .T. ) ;
#818 = ORIENTED_EDGE ( 'NONE', *, *, #404, .T. ) ;
#819 = ORIENTED_EDGE ( 'NONE', *, *, #3223, .T. ) ;
#820 = EDGE_CURVE ( 'NONE', #1172, #2108, #2861, .T. ) ;
#821 = CARTESIAN_POINT ( 'NONE',  ( 9.479725095293154880, 78.69006321647616176, -7.999891905368962775 ) ) ;
#822 = FACE_OUTER_BOUND ( 'NONE', #2246, .T. ) ;
#823 = VECTOR ( 'NONE', #1974, 999.9999999999998863 ) ;
#824 = ORIENTED_EDGE ( 'NONE', *, *, #200, .F. ) ;
#825 = CIRCLE ( 'NONE', #1361, 40.23000000000001108 ) ;
#826 = DIRECTION ( 'NONE',  ( 0.000000000000000000, 0.000000000000000000, 1.000000000000000000 ) ) ;
#827 = CARTESIAN_POINT ( 'NONE',  ( -7.500000000000000000, 6.500000000000000888, 41.00000000000000711 ) ) ;
#828 = DIRECTION ( 'NONE',  ( 1.000000000000000000, 0.000000000000000000, 0.000000000000000000 ) ) ;
#829 = CARTESIAN_POINT ( 'NONE',  ( 6.156854249492383246, 4.000000000000000888, -34.34314575050760965 ) ) ;
#830 = CIRCLE ( 'NONE', #1528, 38.73000000000000398 ) ;
#831 = CARTESIAN_POINT ( 'NONE',  ( 13.64040490753086310, 13.69715704020680036, 39.49999999999998579 ) ) ;
#832 = CARTESIAN_POINT ( 'NONE',  ( 11.54861546700945674, 32.65373405917968341, 33.44466180201580130 ) ) ;
#833 = ORIENTED_EDGE ( 'NONE', *, *, #1142, .T. ) ;
#834 = CARTESIAN_POINT ( 'NONE',  ( -2.999999999999999112, 0.000000000000000000, 0.000000000000000000 ) ) ;
#835 = CARTESIAN_POINT ( 'NONE',  ( 12.50000000000000178, 0.000000000000000000, 9.999999999999996447 ) ) ;
#836 = CYLINDRICAL_SURFACE ( 'NONE', #480, 2.250000000000000000 ) ;
#837 = ORIENTED_EDGE ( 'NONE', *, *, #3555, .T. ) ;
#838 = CIRCLE ( 'NONE', #256, 9.000000000000007105 ) ;
#839 = VERTEX_POINT ( 'NONE', #93 ) ;
#840 = EDGE_CURVE ( 'NONE', #568, #3360, #633, .T. ) ;
#841 = EDGE_CURVE ( 'NONE', #719, #2716, #363, .T. ) ;
#842 = CARTESIAN_POINT ( 'NONE',  ( 9.480397749065497592, 79.11068437816193466, -11.96884182838509325 ) ) ;
#843 = CIRCLE ( 'NONE', #1943, 9.000000000000007105 ) ;
#844 = PLANE ( 'NONE',  #1363 ) ;
#845 = ORIENTED_EDGE ( 'NONE', *, *, #3350, .T. ) ;
#846 = EDGE_CURVE ( 'NONE', #996, #3292, #929, .T. ) ;
#847 = ORIENTED_EDGE ( 'NONE', *, *, #1186, .T. ) ;
#848 = VECTOR ( 'NONE', #871, 1000.000000000000000 ) ;
#849 = VECTOR ( 'NONE', #3396, 1000.000000000000000 ) ;
#850 = CARTESIAN_POINT ( 'NONE',  ( 9.693371150534643377, 63.46090125747760879, -41.27247414816858395 ) ) ;
#851 = CARTESIAN_POINT ( 'NONE',  ( -2.710505431213761085E-15, -18.50000000000000000, 7.500000000000000000 ) ) ;
#852 = CARTESIAN_POINT ( 'NONE',  ( -2.710505431213761085E-15, 0.000000000000000000, 8.550000000000000711 ) ) ;
#853 = DIRECTION ( 'NONE',  ( -0.000000000000000000, 0.000000000000000000, 1.000000000000000000 ) ) ;
#854 = CYLINDRICAL_SURFACE ( 'NONE', #2510, 2.950000000000000622 ) ;
#855 = DIRECTION ( 'NONE',  ( 0.000000000000000000, 1.000000000000000000, 0.000000000000000000 ) ) ;
#856 = ORIENTED_EDGE ( 'NONE', *, *, #2110, .F. ) ;
#857 = CIRCLE ( 'NONE', #3332, 1.299999999999999156 ) ;
#858 = DIRECTION ( 'NONE',  ( 0.000000000000000000, 0.000000000000000000, -1.000000000000000000 ) ) ;
#859 = DIRECTION ( 'NONE',  ( 0.000000000000000000, 1.000000000000000000, -6.630094960539626136E-14 ) ) ;
#860 = CIRCLE ( 'NONE', #863, 50.00000000000000000 ) ;
#861 = DIRECTION ( 'NONE',  ( 1.000000000000000000, -0.000000000000000000, 0.000000000000000000 ) ) ;
#862 = VERTEX_POINT ( 'NONE', #3203 ) ;
#863 = AXIS2_PLACEMENT_3D ( 'NONE', #2569, #422, #129 ) ;
#864 = ORIENTED_EDGE ( 'NONE', *, *, #1324, .T. ) ;
#865 = DIRECTION ( 'NONE',  ( 1.000000000000000000, -0.000000000000000000, 0.000000000000000000 ) ) ;
#866 = ORIENTED_EDGE ( 'NONE', *, *, #1666, .T. ) ;
#867 = EDGE_CURVE ( 'NONE', #2903, #25, #1040, .T. ) ;
#868 = CARTESIAN_POINT ( 'NONE',  ( 11.08472664484790826, 38.05627217024665754, -49.70256069109851182 ) ) ;
#869 = FACE_BOUND ( 'NONE', #3313, .T. ) ;
#870 = CARTESIAN_POINT ( 'NONE',  ( 4.500000000000000888, 19.72412276318913626, -38.89786912685006115 ) ) ;
#871 = DIRECTION ( 'NONE',  ( -1.000000000000000000, 0.000000000000000000, 0.000000000000000000 ) ) ;
#872 = CARTESIAN_POINT ( 'NONE',  ( 15.00000000000023448, 3.999999999999765965, -39.49999999999948841 ) ) ;
#873 = CARTESIAN_POINT ( 'NONE',  ( 2.212329089443973107, 11.10999999999999943, 0.4099999999999999756 ) ) ;
#874 = ORIENTED_EDGE ( 'NONE', *, *, #2013, .T. ) ;
#875 = AXIS2_PLACEMENT_3D ( 'NONE', #2475, #2530, #270 ) ;
#876 = CARTESIAN_POINT ( 'NONE',  ( 0.000000000000000000, -1.500000000000000000, 0.000000000000000000 ) ) ;
#877 = PLANE ( 'NONE',  #2078 ) ;
#878 = CARTESIAN_POINT ( 'NONE',  ( 14.93882793002318543, 4.409320289215419741, -33.78193661564183969 ) ) ;
#879 = EDGE_LOOP ( 'NONE', ( #2592, #3011, #3020, #2859 ) ) ;
#880 = ORIENTED_EDGE ( 'NONE', *, *, #1099, .T. ) ;
#881 = LINE ( 'NONE', #587, #1017 ) ;
#882 = EDGE_CURVE ( 'NONE', #2260, #1431, #1880, .T. ) ;
#883 = ORIENTED_EDGE ( 'NONE', *, *, #841, .T. ) ;
#884 = LINE ( 'NONE', #3105, #2181 ) ;
#885 = AXIS2_PLACEMENT_3D ( 'NONE', #2114, #3174, #3014 ) ;
#886 = LINE ( 'NONE', #3088, #1306 ) ;
#887 = CARTESIAN_POINT ( 'NONE',  ( -2.500000000000030198, 28.05093679197338830, 44.07841661814588718 ) ) ;
#888 = ADVANCED_FACE ( 'NONE', ( #3236 ), #1057, .T. ) ;
#889 = DIRECTION ( 'NONE',  ( 0.000000000000000000, 1.000000000000000000, 0.000000000000000000 ) ) ;
#890 = EDGE_CURVE ( 'NONE', #96, #2974, #2951, .T. ) ;
#891 = DIRECTION ( 'NONE',  ( -0.000000000000000000, 1.000000000000000000, -0.000000000000000000 ) ) ;
#892 = AXIS2_PLACEMENT_3D ( 'NONE', #2687, #2123, #1332 ) ;
#893 = ORIENTED_EDGE ( 'NONE', *, *, #3449, .T. ) ;
#894 = CARTESIAN_POINT ( 'NONE',  ( -7.500000000000000000, -18.50000000000000000, 0.000000000000000000 ) ) ;
#895 = AXIS2_PLACEMENT_3D ( 'NONE', #2826, #370, #1488 ) ;
#896 = CARTESIAN_POINT ( 'NONE',  ( 15.00000000000001421, 3.999999999999996447, 42.49999999999999289 ) ) ;
#897 = CARTESIAN_POINT ( 'NONE',  ( 1.843143693225357538E-15, -18.50000000000000000, -7.250000000000000888 ) ) ;
#898 = ORIENTED_EDGE ( 'NONE', *, *, #3142, .T. ) ;
#899 = ORIENTED_EDGE ( 'NONE', *, *, #3146, .T. ) ;
#900 = CARTESIAN_POINT ( 'NONE',  ( -2.500000000000030198, 36.14351643420338434, 38.92840313207268821 ) ) ;
#901 = AXIS2_PLACEMENT_3D ( 'NONE', #358, #86, #1209 ) ;
#902 = ORIENTED_EDGE ( 'NONE', *, *, #935, .T. ) ;
#903 = AXIS2_PLACEMENT_3D ( 'NONE', #2965, #490, #1602 ) ;
#904 = DIRECTION ( 'NONE',  ( 1.000000000000000000, -0.000000000000000000, -0.000000000000000000 ) ) ;
#905 = CARTESIAN_POINT ( 'NONE',  ( 13.04525182755992851, 18.48145687626623968, 35.38225799556885676 ) ) ;
#906 = CYLINDRICAL_SURFACE ( 'NONE', #3326, 1.299999999999997380 ) ;
#907 = FACE_OUTER_BOUND ( 'NONE', #770, .T. ) ;
#908 = CARTESIAN_POINT ( 'NONE',  ( 0.000000000000000000, 4.000000000000000000, -31.99999999999999289 ) ) ;
#909 = ORIENTED_EDGE ( 'NONE', *, *, #1115, .F. ) ;
#910 = CARTESIAN_POINT ( 'NONE',  ( 0.000000000000000000, 4.000000000000000000, -4.500000000000000000 ) ) ;
#911 = EDGE_CURVE ( 'NONE', #2903, #210, #1778, .T. ) ;
#912 = CYLINDRICAL_SURFACE ( 'NONE', #563, 9.800000000000002487 ) ;
#913 = CARTESIAN_POINT ( 'NONE',  ( 9.479933465891262401, 77.32220165350085495, -25.66294393813254970 ) ) ;
#914 = ADVANCED_FACE ( 'NONE', ( #1621, #1604 ), #1320, .T. ) ;
#915 = CARTESIAN_POINT ( 'NONE',  ( 0.000000000000000000, -1.500000000000001332, 0.000000000000000000 ) ) ;
#916 = EDGE_LOOP ( 'NONE', ( #3171, #2887, #3005, #982, #2461, #2555, #803 ) ) ;
#917 = ORIENTED_EDGE ( 'NONE', *, *, #3231, .T. ) ;
#918 = DIRECTION ( 'NONE',  ( 1.000000000000000000, 0.000000000000000000, -0.000000000000000000 ) ) ;
#919 = ORIENTED_EDGE ( 'NONE', *, *, #1344, .F. ) ;
#920 = ORIENTED_EDGE ( 'NONE', *, *, #3029, .F. ) ;
#921 = AXIS2_PLACEMENT_3D ( 'NONE', #3204, #1229, #152 ) ;
#922 = DIRECTION ( 'NONE',  ( 0.000000000000000000, -1.000000000000000000, 0.000000000000000000 ) ) ;
#923 = CARTESIAN_POINT ( 'NONE',  ( -7.500000000000000000, 11.86000000000000121, 41.00000000000000711 ) ) ;
#924 = CARTESIAN_POINT ( 'NONE',  ( 12.56780237257163080, 22.59964764556274019, 41.10637869815960244 ) ) ;
#925 = DIRECTION ( 'NONE',  ( 0.000000000000000000, 0.000000000000000000, -1.000000000000000000 ) ) ;
#926 = LINE ( 'NONE', #2034, #364 ) ;
#927 = VERTEX_POINT ( 'NONE', #2934 ) ;
#928 = CARTESIAN_POINT ( 'NONE',  ( 9.489250701096144880, 81.24035475294205355, -24.71013140939722419 ) ) ;
#929 = LINE ( 'NONE', #2037, #1546 ) ;
#930 = PLANE ( 'NONE',  #2593 ) ;
#931 = EDGE_CURVE ( 'NONE', #2401, #3575, #2151, .T. ) ;
#932 = CYLINDRICAL_SURFACE ( 'NONE', #769, 3.999999999999996447 ) ;
#933 = ORIENTED_EDGE ( 'NONE', *, *, #3467, .F. ) ;
#934 = ORIENTED_EDGE ( 'NONE', *, *, #2220, .F. ) ;
#935 = EDGE_CURVE ( 'NONE', #621, #2302, #3270, .T. ) ;
#936 = LINE ( 'NONE', #1220, #2170 ) ;
#937 = ORIENTED_EDGE ( 'NONE', *, *, #2581, .F. ) ;
#938 = ADVANCED_FACE ( 'NONE', ( #1338 ), #763, .F. ) ;
#939 = ORIENTED_EDGE ( 'NONE', *, *, #2337, .T. ) ;
#940 = CARTESIAN_POINT ( 'NONE',  ( -5.000000000000000000, 46.46533905932746933, -25.86716446627516675 ) ) ;
#941 = CARTESIAN_POINT ( 'NONE',  ( 13.59928655884131565, 14.00481658754468128, 46.00000000000000000 ) ) ;
#942 = B_SPLINE_CURVE_WITH_KNOTS ( 'NONE', 3,
 ( #2053, #1883, #2963, #2689, #1037, #2948, #3248, #2931, #725, #472, #2708, #3485, #2394, #746, #3199, #1836, #776, #2981, #506, #1581, #1867, #218, #1619, #231, #2409, #455, #1021, #2147, #2162, #3233, #1350, #2673, #2997, #3216, #1566, #2126, #2107, #3519, #3537, #1053, #1315, #1852, #760, #2436, #489, #1074, #196, #519, #3503, #2657, #1600, #179 ),
 .UNSPECIFIED., .F., .F.,
 ( 4, 2, 2, 2, 2, 2, 2, 2, 2, 2, 2, 2, 2, 2, 2, 2, 2, 2, 2, 2, 2, 2, 2, 2, 2, 4 ),
 ( 0.02225407911718901149, 0.02743630836554708172, 0.03261853761390515194, 0.03520965223808419226, 0.03780076686226323257, 0.04298299611062128545, 0.04427855342271079520, 0.04557411073480029801, 0.04816522535897928281, 0.05334745460733726630, 0.05593856923151625804, 0.05852968385569524978, 0.06371191310405321939, 0.06500747041614271526, 0.06630302772823221114, 0.06889414235241118900, 0.07407637160076913085, 0.07666748622494810872, 0.07925860084912707271, 0.08444083009748501456, 0.08703194472166395079, 0.08962305934584291478, 0.09480528859420081500, 0.09739640321837977899, 0.09998751784255874298, 0.1051697470909166432 ),
 .UNSPECIFIED. ) ;
#943 = DIRECTION ( 'NONE',  ( 0.000000000000000000, 6.630094960539626136E-14, 1.000000000000000000 ) ) ;
#944 = CARTESIAN_POINT ( 'NONE',  ( 1.843143693225357538E-15, 0.000000000000000000, -6.200000000000001066 ) ) ;
#945 = DIRECTION ( 'NONE',  ( 0.000000000000000000, 0.000000000000000000, 1.000000000000000000 ) ) ;
#946 = VERTEX_POINT ( 'NONE', #2164 ) ;
#947 =( GEOMETRIC_REPRESENTATION_CONTEXT ( 3 ) GLOBAL_UNCERTAINTY_ASSIGNED_CONTEXT ( ( #735 ) ) GLOBAL_UNIT_ASSIGNED_CONTEXT ( ( #1311, #3008, #1087 ) ) REPRESENTATION_CONTEXT ( 'NONE', 'WORKASPACE' ) );
#948 = LINE ( 'NONE', #1568, #498 ) ;
#949 = DIRECTION ( 'NONE',  ( 1.000000000000000000, -0.000000000000000000, 0.000000000000000000 ) ) ;
#950 = CIRCLE ( 'NONE', #429, 4.000000000000000000 ) ;
#951 = CARTESIAN_POINT ( 'NONE',  ( 4.500000000000000888, 8.000000000000000000, -10.99999999999999645 ) ) ;
#952 = CARTESIAN_POINT ( 'NONE',  ( -5.000000000000000000, 46.46533905932746933, -28.46716446627516461 ) ) ;
#953 = ADVANCED_FACE ( 'NONE', ( #2952 ), #2710, .F. ) ;
#954 = ORIENTED_EDGE ( 'NONE', *, *, #575, .F. ) ;
#955 = VECTOR ( 'NONE', #3085, 1000.000000000000114 ) ;
#956 = EDGE_LOOP ( 'NONE', ( #819, #2186, #1853, #445 ) ) ;
#957 = DIRECTION ( 'NONE',  ( -0.000000000000000000, 0.5368895961574927655, 0.8436525123164421158 ) ) ;
#958 = ORIENTED_EDGE ( 'NONE', *, *, #2587, .F. ) ;
#959 = VERTEX_POINT ( 'NONE', #2967 ) ;
#960 = ADVANCED_FACE ( 'NONE', ( #781 ), #233, .F. ) ;
#961 = CYLINDRICAL_SURFACE ( 'NONE', #1081, 12.72498568747122683 ) ;
#962 = CIRCLE ( 'NONE', #2973, 1.650000000000000133 ) ;
#963 = DIRECTION ( 'NONE',  ( 0.000000000000000000, 0.000000000000000000, 1.000000000000000000 ) ) ;
#964 = EDGE_CURVE ( 'NONE', #2499, #3075, #1079, .T. ) ;
#965 = CARTESIAN_POINT ( 'NONE',  ( -136.5042866136667499, 11.86000000000000121, 0.7699999999999997957 ) ) ;
#966 = AXIS2_PLACEMENT_3D ( 'NONE', #2962, #745, #2161 ) ;
#967 = DIRECTION ( 'NONE',  ( -0.000000000000000000, 1.000000000000000000, -0.000000000000000000 ) ) ;
#968 = CARTESIAN_POINT ( 'NONE',  ( -2.581917517303288864E-15, -18.50000000000000000, 6.449999999999999289 ) ) ;
#969 = AXIS2_PLACEMENT_3D ( 'NONE', #329, #3043, #362 ) ;
#970 = ORIENTED_EDGE ( 'NONE', *, *, #2883, .T. ) ;
#971 = CARTESIAN_POINT ( 'NONE',  ( 9.489812482045225650, 81.35631639887253641, -3.329619756757425719 ) ) ;
#972 = CIRCLE ( 'NONE', #1609, 500.0000000000000000 ) ;
#973 = FACE_OUTER_BOUND ( 'NONE', #2317, .T. ) ;
#974 = DIRECTION ( 'NONE',  ( 0.000000000000000000, 1.000000000000000000, 9.020562075079396891E-16 ) ) ;
#975 = CARTESIAN_POINT ( 'NONE',  ( 11.24245700611942134, 36.14351643420338434, 38.92840313207268821 ) ) ;
#976 = AXIS2_PLACEMENT_3D ( 'NONE', #887, #2816, #340 ) ;
#977 = ORIENTED_EDGE ( 'NONE', *, *, #2672, .F. ) ;
#978 = ORIENTED_EDGE ( 'NONE', *, *, #1043, .T. ) ;
#979 = AXIS2_PLACEMENT_3D ( 'NONE', #1676, #2821, #565 ) ;
#980 = CARTESIAN_POINT ( 'NONE',  ( 13.21522795979191400, 17.08676648517679553, -41.26038694590831568 ) ) ;
#981 = VERTEX_POINT ( 'NONE', #3507 ) ;
#982 = ORIENTED_EDGE ( 'NONE', *, *, #1905, .T. ) ;
#983 = CARTESIAN_POINT ( 'NONE',  ( 10.24654945968239872, 50.29323743901249344, -51.54860189895605771 ) ) ;
#984 = CARTESIAN_POINT ( 'NONE',  ( 11.72368217087216280, 30.77462047262845957, 30.49187800890825173 ) ) ;
#985 = AXIS2_PLACEMENT_3D ( 'NONE', #1395, #1121, #1644 ) ;
#986 = EDGE_CURVE ( 'NONE', #3344, #1435, #1286, .T. ) ;
#987 = CYLINDRICAL_SURFACE ( 'NONE', #3168, 35.22999999999999687 ) ;
#988 = LINE ( 'NONE', #1743, #2168 ) ;
#989 = ORIENTED_EDGE ( 'NONE', *, *, #1685, .T. ) ;
#990 = CARTESIAN_POINT ( 'NONE',  ( 9.484543126320632567, 75.73203626664904675, -37.11602405769271940 ) ) ;
#991 = DIRECTION ( 'NONE',  ( -1.000000000000000000, 0.000000000000000000, 0.000000000000000000 ) ) ;
#992 = DIRECTION ( 'NONE',  ( 1.000000000000000000, 0.000000000000000000, 0.000000000000000000 ) ) ;
#993 = CARTESIAN_POINT ( 'NONE',  ( 22.50000000000000355, 4.000000000000000000, 10.00000000000000000 ) ) ;
#994 = VERTEX_POINT ( 'NONE', #2130 ) ;
#995 = CARTESIAN_POINT ( 'NONE',  ( 10.91144248456320653, 40.28000000000000114, -56.26641655800941777 ) ) ;
#996 = VERTEX_POINT ( 'NONE', #3220 ) ;
#997 = VERTEX_POINT ( 'NONE', #749 ) ;
#998 = LINE ( 'NONE', #192, #1950 ) ;
#999 = CARTESIAN_POINT ( 'NONE',  ( 1.843143693225357538E-15, -18.50000000000000000, -7.250000000000000888 ) ) ;
#1000 = CARTESIAN_POINT ( 'NONE',  ( 7.500000000000000000, -18.50000000000000000, -1.049999999999997602 ) ) ;
#1001 = CARTESIAN_POINT ( 'NONE',  ( -136.5042866136667499, 28.05093679197338830, 44.07841661814588718 ) ) ;
#1002 = EDGE_LOOP ( 'NONE', ( #1953, #1198 ) ) ;
#1003 = CARTESIAN_POINT ( 'NONE',  ( 9.975663088072947104, 55.79908759098511695, -53.33729720470657298 ) ) ;
#1004 = EDGE_CURVE ( 'NONE', #2463, #2223, #475, .T. ) ;
#1005 = EDGE_CURVE ( 'NONE', #1120, #2990, #3072, .T. ) ;
#1006 = DIRECTION ( 'NONE',  ( 0.000000000000000000, 1.000000000000000000, -0.000000000000000000 ) ) ;
#1007 = FACE_OUTER_BOUND ( 'NONE', #3064, .T. ) ;
#1008 = CARTESIAN_POINT ( 'NONE',  ( 5.000000000000000000, 3.999999999999996447, 42.49999999999999289 ) ) ;
#1009 = VERTEX_POINT ( 'NONE', #3300 ) ;
#1010 = PRODUCT_DEFINITION_FORMATION_WITH_SPECIFIED_SOURCE ( 'ANY', '', #2131, .NOT_KNOWN. ) ;
#1011 = VECTOR ( 'NONE', #1760, 1000.000000000000000 ) ;
#1012 = B_SPLINE_CURVE_WITH_KNOTS ( 'NONE', 3,
 ( #1639, #2481, #2, #1139, #1356, #3045, #2498, #21, #2219, #237, #1891, #254, #816, #2240, #1083, #1371 ),
 .UNSPECIFIED., .F., .F.,
 ( 4, 2, 2, 2, 2, 2, 2, 4 ),
 ( 0.000000000000000000, 0.005563519779297246802, 0.008345279668945874973, 0.01112703955859450401, 0.01669055933789175689, 0.01947231922754037378, 0.02086319917236469437, 0.02225407911718901149 ),
 .UNSPECIFIED. ) ;
#1013 = DIRECTION ( 'NONE',  ( 0.000000000000000000, -0.7071067811865495711, 0.7071067811865454633 ) ) ;
#1014 = CIRCLE ( 'NONE', #3540, 1.050000000000000266 ) ;
#1015 = ORIENTED_EDGE ( 'NONE', *, *, #1156, .F. ) ;
#1016 = EDGE_LOOP ( 'NONE', ( #2571, #2403 ) ) ;
#1017 = VECTOR ( 'NONE', #2466, 1000.000000000000000 ) ;
#1018 = CARTESIAN_POINT ( 'NONE',  ( 5.000000000000000000, 15.59470374054411046, -43.91761997080809010 ) ) ;
#1019 = CARTESIAN_POINT ( 'NONE',  ( 13.91539131245289695, 11.64000000000000234, -35.99999999999999289 ) ) ;
#1020 = FACE_BOUND ( 'NONE', #3406, .T. ) ;
#1021 = CARTESIAN_POINT ( 'NONE',  ( 9.521961326346678689, 71.56931789150669943, -22.16271929681579067 ) ) ;
#1022 = ORIENTED_EDGE ( 'NONE', *, *, #964, .F. ) ;
#1023 = CARTESIAN_POINT ( 'NONE',  ( -7.500000000000007105, 11.64000000000000057, -48.72498568747121794 ) ) ;
#1024 = CARTESIAN_POINT ( 'NONE',  ( -2.500000000000030198, 40.28000000000000114, -13.90999999999999481 ) ) ;
#1025 = AXIS2_PLACEMENT_3D ( 'NONE', #564, #1633, #1095 ) ;
#1026 = FACE_OUTER_BOUND ( 'NONE', #1933, .T. ) ;
#1027 = EDGE_CURVE ( 'NONE', #2035, #1009, #2048, .T. ) ;
#1028 = ORIENTED_EDGE ( 'NONE', *, *, #1801, .F. ) ;
#1029 = EDGE_CURVE ( 'NONE', #1767, #3352, #2745, .T. ) ;
#1030 = LINE ( 'NONE', #2923, #1827 ) ;
#1031 = VERTEX_POINT ( 'NONE', #3358 ) ;
#1032 = ORIENTED_EDGE ( 'NONE', *, *, #549, .T. ) ;
#1033 = CARTESIAN_POINT ( 'NONE',  ( 5.000000000000000000, 11.64000000000000057, -48.72498568747121794 ) ) ;
#1034 = CARTESIAN_POINT ( 'NONE',  ( 17.00000000000000000, 59.53093700548451039, 16.34035591182952629 ) ) ;
#1035 = VECTOR ( 'NONE', #3415, 1000.000000000000114 ) ;
#1036 = FACE_OUTER_BOUND ( 'NONE', #3130, .T. ) ;
#1037 = CARTESIAN_POINT ( 'NONE',  ( 10.33380038739502815, 48.83032812497501141, -45.16515803245295047 ) ) ;
#1038 = ORIENTED_EDGE ( 'NONE', *, *, #1643, .T. ) ;
#1039 = DIRECTION ( 'NONE',  ( 1.000000000000000000, 0.000000000000000000, 0.000000000000000000 ) ) ;
#1040 = LINE ( 'NONE', #201, #675 ) ;
#1041 = CARTESIAN_POINT ( 'NONE',  ( 4.500000000000000888, 54.95062043356599446, -13.73213562373081587 ) ) ;
#1042 = VERTEX_POINT ( 'NONE', #579 ) ;
#1043 = EDGE_CURVE ( 'NONE', #210, #1182, #3161, .T. ) ;
#1044 = CARTESIAN_POINT ( 'NONE',  ( 13.18916917072678885, 17.26373338095082488, -49.54925058623949496 ) ) ;
#1045 = VERTEX_POINT ( 'NONE', #872 ) ;
#1046 = ORIENTED_EDGE ( 'NONE', *, *, #3052, .T. ) ;
#1047 = EDGE_CURVE ( 'NONE', #1889, #2616, #972, .T. ) ;
#1048 = EDGE_CURVE ( 'NONE', #862, #3504, #663, .T. ) ;
#1049 = CARTESIAN_POINT ( 'NONE',  ( 10.94364396382028559, 39.85203412751609164, -52.76972271441151463 ) ) ;
#1050 = CYLINDRICAL_SURFACE ( 'NONE', #1071, 1.299999999999999156 ) ;
#1051 = ADVANCED_FACE ( 'NONE', ( #811 ), #3153, .F. ) ;
#1052 = CARTESIAN_POINT ( 'NONE',  ( 2.020667218593133001E-16, -18.50000000000000000, 1.650000000000000133 ) ) ;
#1053 = CARTESIAN_POINT ( 'NONE',  ( 9.540531418998840607, 70.26985185518356047, -1.732239932886250777 ) ) ;
#1054 = DIRECTION ( 'NONE',  ( 0.000000000000000000, 0.7071067811865454633, 0.7071067811865495711 ) ) ;
#1055 = VECTOR ( 'NONE', #492, 1000.000000000000000 ) ;
#1056 = B_SPLINE_CURVE_WITH_KNOTS ( 'NONE', 3,
 ( #3243, #433, #3213, #3516, #160, #722, #1832, #3481, #2975, #742, #2943, #2405, #3500, #1049, #228, #757, #771, #1862, #983, #3293, #516, #1375, #1360, #1628, #1088, #569, #1895, #1104, #634, #1680, #3566, #2206, #2191, #242, #2755, #3009, #2225, #913, #2465, #550, #2296, #1067, #2173, #3311, #842, #1951, #1911, #821, #1661, #2736, #1464, #2484, #259, #2772, #5, #2719, #3260, #2449, #296, #2020, #1347, #2994, #3549, #3530 ),
 .UNSPECIFIED., .F., .F.,
 ( 4, 2, 2, 2, 2, 2, 2, 2, 2, 2, 2, 2, 2, 2, 2, 2, 2, 2, 2, 2, 2, 2, 2, 2, 2, 2, 2, 2, 2, 2, 2, 4 ),
 ( 0.000000000000000000, 0.007893673509994411641, 0.01184051026499162787, 0.01381392864249023772, 0.01578734701998884757, 0.02368102052998330431, 0.02565443890748191763, 0.02762785728498052748, 0.03157469403997775065, 0.03946836754997219004, 0.04736204105996662250, 0.05130887781496384914, 0.05328229619246247634, 0.05525571456996109659, 0.06314938807995564007, 0.06512280645745427421, 0.06709622483495293610, 0.07104306158995021825, 0.07498989834494751427, 0.07696331672244616229, 0.07893673509994481030, 0.08683040860993938848, 0.09077724536493668450, 0.09275066374243531864, 0.09472408211993396665, 0.1026177556299285448, 0.1065645923849258409, 0.1105114291399231230, 0.1144582658949204051, 0.1164316842724190393, 0.1184051026499176734, 0.1262987761599120851 ),
 .UNSPECIFIED. ) ;
#1057 = CYLINDRICAL_SURFACE ( 'NONE', #2521, 38.73000000000000398 ) ;
#1058 = DIRECTION ( 'NONE',  ( 0.000000000000000000, 0.000000000000000000, -1.000000000000000000 ) ) ;
#1059 = ORIENTED_EDGE ( 'NONE', *, *, #3350, .F. ) ;
#1060 = ADVANCED_FACE ( 'NONE', ( #1919 ), #1387, .T. ) ;
#1061 = CYLINDRICAL_SURFACE ( 'NONE', #1151, 4.000000000000000000 ) ;
#1062 = CARTESIAN_POINT ( 'NONE',  ( -2.710505431213761085E-15, 0.000000000000000000, 7.500000000000000000 ) ) ;
#1063 = EDGE_LOOP ( 'NONE', ( #1613, #351, #655, #761 ) ) ;
#1064 = AXIS2_PLACEMENT_3D ( 'NONE', #801, #1965, #2187 ) ;
#1065 = ORIENTED_EDGE ( 'NONE', *, *, #1828, .F. ) ;
#1066 = DIRECTION ( 'NONE',  ( 1.000000000000000000, 0.000000000000000000, 0.000000000000000000 ) ) ;
#1067 = CARTESIAN_POINT ( 'NONE',  ( 9.479492242425841653, 78.77094561894175229, -19.85730278573426943 ) ) ;
#1068 = AXIS2_PLACEMENT_3D ( 'NONE', #851, #3036, #1417 ) ;
#1069 = DIRECTION ( 'NONE',  ( 1.000000000000000000, 0.000000000000000000, 0.000000000000000000 ) ) ;
#1070 = EDGE_CURVE ( 'NONE', #2401, #1009, #317, .T. ) ;
#1071 = AXIS2_PLACEMENT_3D ( 'NONE', #453, #2928, #176 ) ;
#1072 = ADVANCED_FACE ( 'NONE', ( #305 ), #854, .F. ) ;
#1073 = LINE ( 'NONE', #454, #3436 ) ;
#1074 = CARTESIAN_POINT ( 'NONE',  ( 9.653815652237241807, 64.87798629441392961, 7.128682802492885884 ) ) ;
#1075 = DIRECTION ( 'NONE',  ( 1.000000000000000000, 0.000000000000000000, 0.000000000000000000 ) ) ;
#1076 = DIRECTION ( 'NONE',  ( -1.000000000000000000, -0.000000000000000000, -0.000000000000000000 ) ) ;
#1077 = CARTESIAN_POINT ( 'NONE',  ( 17.00000000000000000, 3.999999999999994671, 39.49999999999999289 ) ) ;
#1078 = DIRECTION ( 'NONE',  ( 1.000000000000000000, -0.000000000000000000, -0.000000000000000000 ) ) ;
#1079 = CIRCLE ( 'NONE', #212, 9.000000000000005329 ) ;
#1080 = EDGE_LOOP ( 'NONE', ( #2156, #715, #2120, #1316 ) ) ;
#1081 = AXIS2_PLACEMENT_3D ( 'NONE', #394, #2304, #643 ) ;
#1082 = PLANE ( 'NONE',  #3388 ) ;
#1083 = CARTESIAN_POINT ( 'NONE',  ( 10.94694918521630100, 39.81187178372795188, -46.26641655800940356 ) ) ;
#1084 = AXIS2_PLACEMENT_3D ( 'NONE', #2292, #582, #2820 ) ;
#1085 = ORIENTED_EDGE ( 'NONE', *, *, #736, .F. ) ;
#1086 = ORIENTED_EDGE ( 'NONE', *, *, #2539, .T. ) ;
#1087 =( NAMED_UNIT ( * ) SI_UNIT ( $, .STERADIAN. ) SOLID_ANGLE_UNIT ( ) );
#1088 = CARTESIAN_POINT ( 'NONE',  ( 9.667560775872853895, 64.36921669473669283, -44.40545914439373121 ) ) ;
#1089 = CARTESIAN_POINT ( 'NONE',  ( 15.00000000000000000, 4.000000000000000000, 32.00000000000000000 ) ) ;
#1090 = CARTESIAN_POINT ( 'NONE',  ( 9.483946799600579070, 75.95779277042178990, -10.28311555632962815 ) ) ;
#1091 = EDGE_CURVE ( 'NONE', #596, #3292, #2474, .T. ) ;
#1092 = CIRCLE ( 'NONE', #1894, 48.00000000000000000 ) ;
#1093 = CARTESIAN_POINT ( 'NONE',  ( 4.500000000000001776, 40.10137802864853285, -28.58137802864835564 ) ) ;
#1094 = DIRECTION ( 'NONE',  ( 1.000000000000000000, 0.000000000000000000, 0.000000000000000000 ) ) ;
#1095 = DIRECTION ( 'NONE',  ( 0.000000000000000000, 0.000000000000000000, -1.000000000000000000 ) ) ;
#1096 = CARTESIAN_POINT ( 'NONE',  ( 13.07456247167681340, 18.23658901450121306, 38.98240822043945286 ) ) ;
#1097 = CARTESIAN_POINT ( 'NONE',  ( 0.000000000000000000, 0.000000000000000000, 0.000000000000000000 ) ) ;
#1098 = ORIENTED_EDGE ( 'NONE', *, *, #1694, .F. ) ;
#1099 = EDGE_CURVE ( 'NONE', #1289, #2767, #2983, .T. ) ;
#1100 = FACE_OUTER_BOUND ( 'NONE', #1967, .T. ) ;
#1101 = DIRECTION ( 'NONE',  ( 0.000000000000000000, -0.7071067811865454633, -0.7071067811865495711 ) ) ;
#1102 = ORIENTED_EDGE ( 'NONE', *, *, #840, .T. ) ;
#1103 = ORIENTED_EDGE ( 'NONE', *, *, #3033, .F. ) ;
#1104 = CARTESIAN_POINT ( 'NONE',  ( 9.570569277066192981, 68.34787020900769505, -40.91007650484115032 ) ) ;
#1105 = CARTESIAN_POINT ( 'NONE',  ( 14.45435164450742427, 7.737187616143261337, 36.00000000000001421 ) ) ;
#1106 = VERTEX_POINT ( 'NONE', #3573 ) ;
#1107 = DIRECTION ( 'NONE',  ( -1.000000000000000000, -0.000000000000000000, 0.000000000000000000 ) ) ;
#1108 = LINE ( 'NONE', #3068, #718 ) ;
#1109 = DIRECTION ( 'NONE',  ( 0.000000000000000000, 1.000000000000000000, 0.000000000000000000 ) ) ;
#1110 = DIRECTION ( 'NONE',  ( -1.000000000000000000, 0.000000000000000000, 0.000000000000000000 ) ) ;
#1111 = LINE ( 'NONE', #1403, #1890 ) ;
#1112 = DIRECTION ( 'NONE',  ( -0.000000000000000000, 1.000000000000000000, -0.000000000000000000 ) ) ;
#1113 = EDGE_LOOP ( 'NONE', ( #1819, #1393 ) ) ;
#1114 = ORIENTED_EDGE ( 'NONE', *, *, #1300, .T. ) ;
#1115 = EDGE_CURVE ( 'NONE', #755, #3303, #3090, .T. ) ;
#1116 = LINE ( 'NONE', #2750, #2877 ) ;
#1117 = EDGE_CURVE ( 'NONE', #2865, #391, #1111, .T. ) ;
#1118 = LINE ( 'NONE', #3327, #426 ) ;
#1119 = ORIENTED_EDGE ( 'NONE', *, *, #2961, .T. ) ;
#1120 = VERTEX_POINT ( 'NONE', #13 ) ;
#1121 = DIRECTION ( 'NONE',  ( 0.000000000000000000, -1.000000000000000000, 0.000000000000000000 ) ) ;
#1122 = DIRECTION ( 'NONE',  ( -0.000000000000000000, 1.000000000000000000, -0.000000000000000000 ) ) ;
#1123 = AXIS2_PLACEMENT_3D ( 'NONE', #1250, #1632, #3458 ) ;
#1124 = VERTEX_POINT ( 'NONE', #1132 ) ;
#1125 = AXIS2_PLACEMENT_3D ( 'NONE', #415, #2049, #1223 ) ;
#1126 = CARTESIAN_POINT ( 'NONE',  ( 9.496992557874804675, 73.88087847639243932, -26.48561770455302167 ) ) ;
#1127 = DIRECTION ( 'NONE',  ( 0.000000000000000000, -1.000000000000000000, 6.630094960539387585E-14 ) ) ;
#1128 = DIRECTION ( 'NONE',  ( 8.673617379884035472E-17, -0.000000000000000000, 1.000000000000000000 ) ) ;
#1129 = EDGE_CURVE ( 'NONE', #3544, #1498, #1427, .T. ) ;
#1130 = DIRECTION ( 'NONE',  ( 0.000000000000000000, 0.000000000000000000, -1.000000000000000000 ) ) ;
#1131 = VECTOR ( 'NONE', #1392, 1000.000000000000000 ) ;
#1132 = CARTESIAN_POINT ( 'NONE',  ( 9.824141505384853090, 59.53093700548451039, 16.34035591182952629 ) ) ;
#1133 = FACE_OUTER_BOUND ( 'NONE', #2483, .T. ) ;
#1134 = ORIENTED_EDGE ( 'NONE', *, *, #3375, .F. ) ;
#1135 = ORIENTED_EDGE ( 'NONE', *, *, #3071, .F. ) ;
#1136 = DIRECTION ( 'NONE',  ( 1.000000000000000000, -0.000000000000000000, 0.000000000000000000 ) ) ;
#1137 = AXIS2_PLACEMENT_3D ( 'NONE', #1024, #508, #1839 ) ;
#1138 = EDGE_CURVE ( 'NONE', #272, #1558, #3392, .T. ) ;
#1139 = CARTESIAN_POINT ( 'NONE',  ( 12.29440736452505334, 25.10724288811437788, -42.50331027282913965 ) ) ;
#1140 = ORIENTED_EDGE ( 'NONE', *, *, #810, .F. ) ;
#1141 = CONICAL_SURFACE ( 'NONE', #2739, 42.35641655800942118, 0.7853981633974497223 ) ;
#1142 = EDGE_CURVE ( 'NONE', #438, #839, #1268, .T. ) ;
#1143 = VERTEX_POINT ( 'NONE', #2583 ) ;
#1144 = CARTESIAN_POINT ( 'NONE',  ( 14.56494260054249601, 6.963458077996487638, 35.87223493421426213 ) ) ;
#1145 = ORIENTED_EDGE ( 'NONE', *, *, #3532, .T. ) ;
#1146 = VECTOR ( 'NONE', #2199, 1000.000000000000000 ) ;
#1147 = CARTESIAN_POINT ( 'NONE',  ( 10.04619716118432571, 54.18039601848218467, -47.05382102120603349 ) ) ;
#1148 = CYLINDRICAL_SURFACE ( 'NONE', #1068, 1.050000000000000488 ) ;
#1149 = CARTESIAN_POINT ( 'NONE',  ( 17.00000000000000000, 32.65373405917968341, 33.44466180201580130 ) ) ;
#1150 = CARTESIAN_POINT ( 'NONE',  ( -5.000000000000000000, 11.10999999999999943, 0.4099999999999999756 ) ) ;
#1151 = AXIS2_PLACEMENT_3D ( 'NONE', #3255, #1136, #2517 ) ;
#1152 = CARTESIAN_POINT ( 'NONE',  ( -2.500000000000030198, 40.28000000000000114, -13.90999999999999481 ) ) ;
#1153 = LINE ( 'NONE', #3377, #2383 ) ;
#1154 = AXIS2_PLACEMENT_3D ( 'NONE', #3301, #1939, #2234 ) ;
#1155 = ORIENTED_EDGE ( 'NONE', *, *, #64, .F. ) ;
#1156 = EDGE_CURVE ( 'NONE', #299, #3547, #1174, .T. ) ;
#1157 = FACE_OUTER_BOUND ( 'NONE', #1203, .T. ) ;
#1158 = DIRECTION ( 'NONE',  ( 0.000000000000000000, 0.000000000000000000, 1.000000000000000000 ) ) ;
#1159 = CARTESIAN_POINT ( 'NONE',  ( 0.000000000000000000, -13.49999999999999822, 0.000000000000000000 ) ) ;
#1160 = EDGE_LOOP ( 'NONE', ( #1909, #2208 ) ) ;
#1161 = ORIENTED_EDGE ( 'NONE', *, *, #1296, .F. ) ;
#1162 = CYLINDRICAL_SURFACE ( 'NONE', #3427, 9.224985687471223272 ) ;
#1163 = ORIENTED_EDGE ( 'NONE', *, *, #1414, .F. ) ;
#1164 = EDGE_CURVE ( 'NONE', #739, #2499, #1529, .T. ) ;
#1165 = EDGE_CURVE ( 'NONE', #1737, #2536, #962, .T. ) ;
#1166 = CARTESIAN_POINT ( 'NONE',  ( 4.500000000000000888, 46.46533905932746933, -28.46716446627516461 ) ) ;
#1167 = ADVANCED_FACE ( 'NONE', ( #2015 ), #379, .F. ) ;
#1168 = CARTESIAN_POINT ( 'NONE',  ( -10.00000000000000178, 4.000000000000000000, 38.50000000000000000 ) ) ;
#1169 = CYLINDRICAL_SURFACE ( 'NONE', #2749, 1.299999999999992051 ) ;
#1170 = CARTESIAN_POINT ( 'NONE',  ( -7.500000000000000000, 11.63999999999999346, -40.99999999999999289 ) ) ;
#1171 = CARTESIAN_POINT ( 'NONE',  ( 0.000000000000000000, 0.000000000000000000, 0.000000000000000000 ) ) ;
#1172 = VERTEX_POINT ( 'NONE', #2343 ) ;
#1173 = DIRECTION ( 'NONE',  ( -0.000000000000000000, 1.000000000000000000, -0.000000000000000000 ) ) ;
#1174 =( BOUNDED_CURVE ( )  B_SPLINE_CURVE ( 3, ( #417, #398, #646, #2074 ),
 .UNSPECIFIED., .F., .F. ) 
 B_SPLINE_CURVE_WITH_KNOTS ( ( 4, 4 ),
 ( 1.483021467013981409, 1.536882037772066889 ),
 .UNSPECIFIED. ) 
 CURVE ( )  GEOMETRIC_REPRESENTATION_ITEM ( )  RATIONAL_B_SPLINE_CURVE ( ( 1.000000000000000000, 0.9997582678531548028, 0.9997582678531548028, 1.000000000000000000 ) ) 
 REPRESENTATION_ITEM ( '' )  );
#1175 = LINE ( 'NONE', #2273, #392 ) ;
#1176 = FACE_OUTER_BOUND ( 'NONE', #1469, .T. ) ;
#1177 = ORIENTED_EDGE ( 'NONE', *, *, #986, .F. ) ;
#1178 = ORIENTED_EDGE ( 'NONE', *, *, #2139, .T. ) ;
#1179 = CIRCLE ( 'NONE', #3188, 9.800000000000002487 ) ;
#1180 = DIRECTION ( 'NONE',  ( 1.000000000000000000, -0.000000000000000000, -0.000000000000000000 ) ) ;
#1181 = VECTOR ( 'NONE', #812, 1000.000000000000000 ) ;
#1182 = VERTEX_POINT ( 'NONE', #2033 ) ;
#1183 = CARTESIAN_POINT ( 'NONE',  ( 13.81883899354994227, 12.35999837988579131, -42.49999999999998579 ) ) ;
#1184 = VECTOR ( 'NONE', #2081, 1000.000000000000000 ) ;
#1185 = CARTESIAN_POINT ( 'NONE',  ( 4.500000000000000888, 10.00000000000001599, -10.99999999999999645 ) ) ;
#1186 = EDGE_CURVE ( 'NONE', #1744, #4, #2799, .T. ) ;
#1187 = CARTESIAN_POINT ( 'NONE',  ( -5.000000000000000000, 12.52421356237315386, 6.773961030678926853 ) ) ;
#1188 = EDGE_CURVE ( 'NONE', #3225, #1202, #1425, .T. ) ;
#1189 = CARTESIAN_POINT ( 'NONE',  ( -2.212329089443973107, 11.10999999999999943, 0.4099999999999999756 ) ) ;
#1190 = LINE ( 'NONE', #1653, #2695 ) ;
#1191 = AXIS2_PLACEMENT_3D ( 'NONE', #1849, #758, #723 ) ;
#1192 = VERTEX_POINT ( 'NONE', #944 ) ;
#1193 = CYLINDRICAL_SURFACE ( 'NONE', #2299, 499.9999999999998863 ) ;
#1194 = AXIS2_PLACEMENT_3D ( 'NONE', #2715, #784, #526 ) ;
#1195 = LINE ( 'NONE', #345, #2014 ) ;
#1196 = DIRECTION ( 'NONE',  ( 1.000000000000000000, -0.000000000000000000, -0.000000000000000000 ) ) ;
#1197 = CARTESIAN_POINT ( 'NONE',  ( -5.000000000000000000, 19.59528137423860272, 13.84502884254441213 ) ) ;
#1198 = ORIENTED_EDGE ( 'NONE', *, *, #2922, .T. ) ;
#1199 = EDGE_LOOP ( 'NONE', ( #2814, #585, #2350, #977 ) ) ;
#1200 = DIRECTION ( 'NONE',  ( 1.000000000000000000, -0.000000000000000000, -0.000000000000000000 ) ) ;
#1201 = AXIS2_PLACEMENT_3D ( 'NONE', #3518, #216, #3215 ) ;
#1202 = VERTEX_POINT ( 'NONE', #1263 ) ;
#1203 = EDGE_LOOP ( 'NONE', ( #1831, #1860, #1941, #3564, #1914, #156, #1807, #3102, #919, #2754, #2204, #1432, #2004, #2477, #1791, #3515, #3066 ) ) ;
#1204 = AXIS2_PLACEMENT_3D ( 'NONE', #537, #1039, #3539 ) ;
#1205 = CARTESIAN_POINT ( 'NONE',  ( -5.000000000000000000, 53.53640687119290931, -21.39609665440966424 ) ) ;
#1206 = CARTESIAN_POINT ( 'NONE',  ( 1.843143693225357538E-15, 0.000000000000000000, -7.250000000000000888 ) ) ;
#1207 = FACE_OUTER_BOUND ( 'NONE', #2535, .T. ) ;
#1208 = ADVANCED_FACE ( 'NONE', ( #705 ), #1141, .T. ) ;
#1209 = DIRECTION ( 'NONE',  ( 0.000000000000000000, -1.000000000000000000, 0.000000000000000000 ) ) ;
#1210 = DIRECTION ( 'NONE',  ( 0.000000000000000000, -1.000000000000000000, 0.000000000000000000 ) ) ;
#1211 = VERTEX_POINT ( 'NONE', #3128 ) ;
#1212 = CARTESIAN_POINT ( 'NONE',  ( 9.679510297013971254, 63.83229830591487541, -49.18855347149181512 ) ) ;
#1213 = EDGE_CURVE ( 'NONE', #2389, #1930, #1779, .T. ) ;
#1214 = CARTESIAN_POINT ( 'NONE',  ( 8.500000000000000000, 4.000000000000000000, 11.00000000000000355 ) ) ;
#1215 = FACE_BOUND ( 'NONE', #510, .T. ) ;
#1216 = CARTESIAN_POINT ( 'NONE',  ( 5.000000000000000000, 59.53093700548451039, 16.34035591182952629 ) ) ;
#1217 = AXIS2_PLACEMENT_3D ( 'NONE', #1747, #3277, #2548 ) ;
#1218 = EDGE_LOOP ( 'NONE', ( #1903, #1679, #3140, #2371 ) ) ;
#1219 = ORIENTED_EDGE ( 'NONE', *, *, #2432, .T. ) ;
#1220 = CARTESIAN_POINT ( 'NONE',  ( -136.5042866136667499, 11.86000000000000121, 46.00000000000000000 ) ) ;
#1221 = ORIENTED_EDGE ( 'NONE', *, *, #1815, .F. ) ;
#1222 = VERTEX_POINT ( 'NONE', #1797 ) ;
#1223 = DIRECTION ( 'NONE',  ( 0.000000000000000000, 0.000000000000000000, -1.000000000000000000 ) ) ;
#1224 = DIRECTION ( 'NONE',  ( 1.000000000000000000, -0.000000000000000000, -0.000000000000000000 ) ) ;
#1225 = CARTESIAN_POINT ( 'NONE',  ( 1.200153863164406542E-15, -1.500000000000001332, -9.800000000000002487 ) ) ;
#1226 = EDGE_LOOP ( 'NONE', ( #958, #818, #3117, #909 ) ) ;
#1227 = CARTESIAN_POINT ( 'NONE',  ( 9.480142479266733702, 79.09592721315047470, 3.081281992784631552 ) ) ;
#1228 = DIRECTION ( 'NONE',  ( 0.000000000000000000, 0.7071067811865496822, -0.7071067811865453523 ) ) ;
#1229 = DIRECTION ( 'NONE',  ( -0.000000000000000000, -1.000000000000000000, -0.000000000000000000 ) ) ;
#1230 = CIRCLE ( 'NONE', #1913, 11.30000000000000249 ) ;
#1231 = LINE ( 'NONE', #1448, #532 ) ;
#1232 = EDGE_CURVE ( 'NONE', #959, #2636, #84, .T. ) ;
#1233 = VERTEX_POINT ( 'NONE', #2288 ) ;
#1234 = ORIENTED_EDGE ( 'NONE', *, *, #615, .F. ) ;
#1235 = ADVANCED_FACE ( 'NONE', ( #907 ), #629, .F. ) ;
#1236 = DIRECTION ( 'NONE',  ( 1.000000000000000000, 0.000000000000000000, 0.000000000000000000 ) ) ;
#1237 = EDGE_LOOP ( 'NONE', ( #7, #65, #2482, #1678 ) ) ;
#1238 = VERTEX_POINT ( 'NONE', #1512 ) ;
#1239 = DIRECTION ( 'NONE',  ( 0.000000000000000000, 0.000000000000000000, -1.000000000000000000 ) ) ;
#1240 = AXIS2_PLACEMENT_3D ( 'NONE', #2165, #252, #2661 ) ;
#1241 = DIRECTION ( 'NONE',  ( -0.000000000000000000, 0.000000000000000000, 1.000000000000000000 ) ) ;
#1242 = DIRECTION ( 'NONE',  ( 0.000000000000000000, 0.000000000000000000, -1.000000000000000000 ) ) ;
#1243 = DIRECTION ( 'NONE',  ( 0.000000000000000000, -0.000000000000000000, 1.000000000000000000 ) ) ;
#1244 = VERTEX_POINT ( 'NONE', #2307 ) ;
#1245 = AXIS2_PLACEMENT_3D ( 'NONE', #678, #1787, #407 ) ;
#1246 = CARTESIAN_POINT ( 'NONE',  ( 9.480356149901174589, 79.48344712922711608, -30.10503660938031345 ) ) ;
#1247 = DIRECTION ( 'NONE',  ( -0.000000000000000000, -0.000000000000000000, 1.000000000000000000 ) ) ;
#1248 = AXIS2_PLACEMENT_3D ( 'NONE', #3464, #1879, #1313 ) ;
#1249 = CARTESIAN_POINT ( 'NONE',  ( -5.000000000000000000, 0.000000000000000000, 0.000000000000000000 ) ) ;
#1250 = CARTESIAN_POINT ( 'NONE',  ( -2.710505431213761085E-15, -18.50000000000000000, 7.500000000000000000 ) ) ;
#1251 = ORIENTED_EDGE ( 'NONE', *, *, #3494, .F. ) ;
#1252 = CIRCLE ( 'NONE', #1480, 4.000000000000000000 ) ;
#1253 = ORIENTED_EDGE ( 'NONE', *, *, #3528, .T. ) ;
#1254 = EDGE_CURVE ( 'NONE', #553, #3026, #1759, .T. ) ;
#1255 = CARTESIAN_POINT ( 'NONE',  ( 17.00000000000000000, 11.64000000000000057, -48.72498568747121794 ) ) ;
#1256 = ORIENTED_EDGE ( 'NONE', *, *, #1004, .T. ) ;
#1257 = ORIENTED_EDGE ( 'NONE', *, *, #1336, .T. ) ;
#1258 = FACE_OUTER_BOUND ( 'NONE', #2446, .T. ) ;
#1259 = AXIS2_PLACEMENT_3D ( 'NONE', #2052, #145, #68 ) ;
#1260 = CARTESIAN_POINT ( 'NONE',  ( 8.500000000000000000, 8.000000000000000000, 0.000000000000000000 ) ) ;
#1261 = DIRECTION ( 'NONE',  ( 1.000000000000000000, 0.000000000000000000, 0.000000000000000000 ) ) ;
#1262 = CIRCLE ( 'NONE', #966, 2.950000000000000622 ) ;
#1263 = CARTESIAN_POINT ( 'NONE',  ( 2.755455298081544285E-16, 13.77000000000001911, -2.250000000000000000 ) ) ;
#1264 = FACE_OUTER_BOUND ( 'NONE', #1218, .T. ) ;
#1265 = VECTOR ( 'NONE', #248, 1000.000000000000000 ) ;
#1266 = VERTEX_POINT ( 'NONE', #2323 ) ;
#1267 = CARTESIAN_POINT ( 'NONE',  ( 9.483794953571528907, 80.29188894656502384, -27.99179089065380666 ) ) ;
#1268 = CIRCLE ( 'NONE', #3267, 1.299999999999997380 ) ;
#1269 = CYLINDRICAL_SURFACE ( 'NONE', #1768, 6.224985687471221496 ) ;
#1270 = CARTESIAN_POINT ( 'NONE',  ( 2.020667218593133001E-16, -13.49999999999999822, 1.650000000000000133 ) ) ;
#1271 = CARTESIAN_POINT ( 'NONE',  ( -5.000000000000000000, 53.53640687119290931, -18.79609665440966637 ) ) ;
#1272 = ORIENTED_EDGE ( 'NONE', *, *, #1402, .F. ) ;
#1273 = VECTOR ( 'NONE', #1312, 1000.000000000000000 ) ;
#1274 = CIRCLE ( 'NONE', #1217, 9.800000000000002487 ) ;
#1275 = CARTESIAN_POINT ( 'NONE',  ( 13.77426483649719380, 12.69892440885536722, -39.54590859835358430 ) ) ;
#1276 = ORIENTED_EDGE ( 'NONE', *, *, #1047, .T. ) ;
#1277 = ORIENTED_EDGE ( 'NONE', *, *, #3514, .T. ) ;
#1278 = DIRECTION ( 'NONE',  ( 0.000000000000000000, 0.000000000000000000, -1.000000000000000000 ) ) ;
#1279 = CARTESIAN_POINT ( 'NONE',  ( 22.50000000000000355, 0.000000000000000000, -10.00000000000000000 ) ) ;
#1280 = ADVANCED_FACE ( 'NONE', ( #2878 ), #2602, .F. ) ;
#1281 = CARTESIAN_POINT ( 'NONE',  ( 12.06548269875043289, 27.27582964045567948, 39.59771581093913539 ) ) ;
#1282 = CARTESIAN_POINT ( 'NONE',  ( 12.96539236941396922, 19.15323274938529252, -38.42823544260510715 ) ) ;
#1283 = FACE_BOUND ( 'NONE', #1990, .T. ) ;
#1284 = ORIENTED_EDGE ( 'NONE', *, *, #2377, .T. ) ;
#1285 = LINE ( 'NONE', #2382, #260 ) ;
#1286 = LINE ( 'NONE', #3489, #2690 ) ;
#1287 = CARTESIAN_POINT ( 'NONE',  ( -10.00000000000000000, 4.000000000000000000, -38.49999999999998579 ) ) ;
#1288 = CARTESIAN_POINT ( 'NONE',  ( -5.000000000000000000, 12.52421356237315386, 5.473961030678929696 ) ) ;
#1289 = VERTEX_POINT ( 'NONE', #1052 ) ;
#1290 = CARTESIAN_POINT ( 'NONE',  ( 13.44431829828817548, 15.25065408380525689, -40.21919380927435839 ) ) ;
#1291 = ORIENTED_EDGE ( 'NONE', *, *, #3399, .F. ) ;
#1292 = ORIENTED_EDGE ( 'NONE', *, *, #599, .F. ) ;
#1293 = CARTESIAN_POINT ( 'NONE',  ( -2.999999999999999112, 9.000000000000001776, -10.99999999999999645 ) ) ;
#1294 = DIRECTION ( 'NONE',  ( -0.000000000000000000, 1.000000000000000000, -0.000000000000000000 ) ) ;
#1295 = CARTESIAN_POINT ( 'NONE',  ( -5.000000000000000000, 19.59528137423860272, 15.14502884254440396 ) ) ;
#1296 = EDGE_CURVE ( 'NONE', #4, #1744, #1262, .T. ) ;
#1297 = PLANE ( 'NONE',  #2621 ) ;
#1298 = VERTEX_POINT ( 'NONE', #3502 ) ;
#1299 = FACE_OUTER_BOUND ( 'NONE', #783, .T. ) ;
#1300 = EDGE_CURVE ( 'NONE', #2926, #1889, #1881, .T. ) ;
#1301 = DIRECTION ( 'NONE',  ( 0.000000000000000000, 0.000000000000000000, 1.000000000000000000 ) ) ;
#1302 = CARTESIAN_POINT ( 'NONE',  ( 12.50000000000000178, -22.36067977499790160, 10.00000000000000000 ) ) ;
#1303 = VECTOR ( 'NONE', #2370, 1000.000000000000000 ) ;
#1304 = LINE ( 'NONE', #1537, #2277 ) ;
#1305 = ORIENTED_EDGE ( 'NONE', *, *, #3355, .T. ) ;
#1306 = VECTOR ( 'NONE', #339, 1000.000000000000000 ) ;
#1307 = CARTESIAN_POINT ( 'NONE',  ( 13.43915776639785165, 15.26442650793308431, -48.17802005394182885 ) ) ;
#1308 = AXIS2_PLACEMENT_3D ( 'NONE', #1327, #2633, #155 ) ;
#1309 = ORIENTED_EDGE ( 'NONE', *, *, #162, .T. ) ;
#1310 = EDGE_LOOP ( 'NONE', ( #2076, #1655, #1292, #372 ) ) ;
#1311 =( LENGTH_UNIT ( ) NAMED_UNIT ( * ) SI_UNIT ( .MILLI., .METRE. ) );
#1312 = DIRECTION ( 'NONE',  ( 1.000000000000000000, -0.000000000000000000, -0.000000000000000000 ) ) ;
#1313 = DIRECTION ( 'NONE',  ( 1.000000000000000000, 0.000000000000000000, 0.000000000000000000 ) ) ;
#1314 = CARTESIAN_POINT ( 'NONE',  ( 1.843143693225357538E-15, 0.000000000000000000, -7.250000000000000888 ) ) ;
#1315 = CARTESIAN_POINT ( 'NONE',  ( 9.545891548789448677, 69.93177428600692735, -0.9301440101760583001 ) ) ;
#1316 = ORIENTED_EDGE ( 'NONE', *, *, #3307, .T. ) ;
#1317 = PRESENTATION_LAYER_ASSIGNMENT (  '', '', ( #206 ) ) ;
#1318 = LINE ( 'NONE', #3268, #609 ) ;
#1319 = EDGE_CURVE ( 'NONE', #3402, #2320, #1548, .T. ) ;
#1320 = PLANE ( 'NONE',  #3443 ) ;
#1321 = CIRCLE ( 'NONE', #323, 49.49999999999998579 ) ;
#1322 = DIRECTION ( 'NONE',  ( -1.000000000000000000, 0.000000000000000000, -0.000000000000000000 ) ) ;
#1323 = EDGE_LOOP ( 'NONE', ( #2055, #1389, #3486, #2550 ) ) ;
#1324 = EDGE_CURVE ( 'NONE', #2030, #1192, #3261, .T. ) ;
#1325 = VECTOR ( 'NONE', #2726, 1000.000000000000000 ) ;
#1326 = EDGE_CURVE ( 'NONE', #862, #3405, #724, .T. ) ;
#1327 = CARTESIAN_POINT ( 'NONE',  ( -5.000000000000000000, 40.10137802864853285, -28.58137802864835564 ) ) ;
#1328 = ORIENTED_EDGE ( 'NONE', *, *, #49, .T. ) ;
#1329 = PRODUCT_DEFINITION_SHAPE ( 'NONE', 'NONE',  #3148 ) ;
#1330 = ORIENTED_EDGE ( 'NONE', *, *, #1949, .F. ) ;
#1331 = DIRECTION ( 'NONE',  ( 1.000000000000000000, 0.000000000000000000, 0.000000000000000000 ) ) ;
#1332 = DIRECTION ( 'NONE',  ( 0.000000000000000000, 0.000000000000000000, -1.000000000000000000 ) ) ;
#1333 = AXIS2_PLACEMENT_3D ( 'NONE', #2239, #330, #2768 ) ;
#1334 = CARTESIAN_POINT ( 'NONE',  ( 0.000000000000000000, -18.50000000000000000, 0.000000000000000000 ) ) ;
#1335 = DIRECTION ( 'NONE',  ( 0.000000000000000000, 1.000000000000000000, 0.000000000000000000 ) ) ;
#1336 = EDGE_CURVE ( 'NONE', #679, #1233, #178, .T. ) ;
#1337 = DIRECTION ( 'NONE',  ( 0.000000000000000000, 0.000000000000000000, 1.000000000000000000 ) ) ;
#1338 = FACE_OUTER_BOUND ( 'NONE', #726, .T. ) ;
#1339 = CARTESIAN_POINT ( 'NONE',  ( 11.24245700611942134, 36.14351643420338434, 38.92840313207268821 ) ) ;
#1340 = ORIENTED_EDGE ( 'NONE', *, *, #3096, .T. ) ;
#1341 = EDGE_CURVE ( 'NONE', #2066, #739, #838, .T. ) ;
#1342 = CARTESIAN_POINT ( 'NONE',  ( 12.44623895910246958, 23.69617029898579119, -52.90376872223646387 ) ) ;
#1343 = ORIENTED_EDGE ( 'NONE', *, *, #2397, .T. ) ;
#1344 = EDGE_CURVE ( 'NONE', #2616, #1873, #1455, .T. ) ;
#1345 = ORIENTED_EDGE ( 'NONE', *, *, #1801, .T. ) ;
#1346 = CARTESIAN_POINT ( 'NONE',  ( 0.000000000000000000, 0.000000000000000000, 0.000000000000000000 ) ) ;
#1347 = CARTESIAN_POINT ( 'NONE',  ( 9.583957063129227905, 67.85858874741272473, 13.47039599778676511 ) ) ;
#1348 = FACE_OUTER_BOUND ( 'NONE', #401, .T. ) ;
#1349 = CARTESIAN_POINT ( 'NONE',  ( 12.89828623766103810, 19.72412276318913626, -38.89786912685006115 ) ) ;
#1350 = CARTESIAN_POINT ( 'NONE',  ( 9.513139505953846609, 72.28429979920503001, -18.74852773814465934 ) ) ;
#1351 = CARTESIAN_POINT ( 'NONE',  ( 6.123233995736766085E-15, 4.000000000000000000, 50.00000000000000000 ) ) ;
#1352 = CARTESIAN_POINT ( 'NONE',  ( 13.91539131245289695, 11.64000000000000057, -45.99999999999999289 ) ) ;
#1353 = FACE_OUTER_BOUND ( 'NONE', #879, .T. ) ;
#1354 = ORIENTED_EDGE ( 'NONE', *, *, #2013, .F. ) ;
#1355 = AXIS2_PLACEMENT_3D ( 'NONE', #1670, #1109, #3298 ) ;
#1356 = CARTESIAN_POINT ( 'NONE',  ( 12.20738600635264071, 25.92959985659014421, -42.92486943927088561 ) ) ;
#1357 = ORIENTED_EDGE ( 'NONE', *, *, #2781, .F. ) ;
#1358 = ORIENTED_EDGE ( 'NONE', *, *, #3264, .T. ) ;
#1359 = ADVANCED_FACE ( 'NONE', ( #1036 ), #3484, .T. ) ;
#1360 = CARTESIAN_POINT ( 'NONE',  ( 9.729796091811884651, 62.23678887759595568, -45.99556823291927543 ) ) ;
#1361 = AXIS2_PLACEMENT_3D ( 'NONE', #691, #2380, #2091 ) ;
#1362 = CARTESIAN_POINT ( 'NONE',  ( 0.000000000000000000, 0.000000000000000000, 0.000000000000000000 ) ) ;
#1363 = AXIS2_PLACEMENT_3D ( 'NONE', #1362, #2262, #2524 ) ;
#1364 = CARTESIAN_POINT ( 'NONE',  ( 9.786571813358509786, 60.54349814696860221, -43.51699935032004163 ) ) ;
#1365 = FACE_OUTER_BOUND ( 'NONE', #3177, .T. ) ;
#1366 = LINE ( 'NONE', #3538, #1184 ) ;
#1367 = DIRECTION ( 'NONE',  ( 1.000000000000000000, 0.000000000000000000, 0.000000000000000000 ) ) ;
#1368 = DIRECTION ( 'NONE',  ( -1.000000000000000000, 0.000000000000000000, 0.000000000000000000 ) ) ;
#1369 = CARTESIAN_POINT ( 'NONE',  ( 22.50000000000000355, 4.000000000000000000, 0.000000000000000000 ) ) ;
#1370 = ORIENTED_EDGE ( 'NONE', *, *, #1603, .T. ) ;
#1371 = CARTESIAN_POINT ( 'NONE',  ( 10.91144248456315324, 40.28000000000000114, -46.26641655800941066 ) ) ;
#1372 = AXIS2_PLACEMENT_3D ( 'NONE', #3070, #3341, #1419 ) ;
#1373 = ORIENTED_EDGE ( 'NONE', *, *, #911, .T. ) ;
#1374 = ORIENTED_EDGE ( 'NONE', *, *, #2847, .T. ) ;
#1375 = CARTESIAN_POINT ( 'NONE',  ( 9.765844131175368759, 61.13467705691218868, -46.72211588104908486 ) ) ;
#1376 = CARTESIAN_POINT ( 'NONE',  ( 1.843143693225357538E-15, -18.50000000000000000, -6.200000000000001066 ) ) ;
#1377 = ORIENTED_EDGE ( 'NONE', *, *, #2293, .T. ) ;
#1378 = VECTOR ( 'NONE', #55, 1000.000000000000000 ) ;
#1379 = CARTESIAN_POINT ( 'NONE',  ( 9.488385911977253784, 75.06053949880796949, -4.857998142664577301 ) ) ;
#1380 = VECTOR ( 'NONE', #2496, 1000.000000000000000 ) ;
#1381 = DIRECTION ( 'NONE',  ( -0.000000000000000000, 0.5368895961574928766, 0.8436525123164420048 ) ) ;
#1382 = EDGE_CURVE ( 'NONE', #210, #456, #1580, .T. ) ;
#1383 = ADVANCED_FACE ( 'NONE', ( #1020, #2422 ), #3536, .F. ) ;
#1384 = DIRECTION ( 'NONE',  ( 0.000000000000000000, 0.000000000000000000, 1.000000000000000000 ) ) ;
#1385 = DIRECTION ( 'NONE',  ( 1.000000000000000000, -0.000000000000000000, -0.000000000000000000 ) ) ;
#1386 = EDGE_CURVE ( 'NONE', #1211, #3178, #1073, .T. ) ;
#1387 = PLANE ( 'NONE',  #604 ) ;
#1388 = CARTESIAN_POINT ( 'NONE',  ( 0.000000000000000000, -1.500000000000001332, 0.000000000000000000 ) ) ;
#1389 = ORIENTED_EDGE ( 'NONE', *, *, #1232, .F. ) ;
#1390 = EDGE_LOOP ( 'NONE', ( #2291, #1593, #2757, #734 ) ) ;
#1391 = LINE ( 'NONE', #2480, #102 ) ;
#1392 = DIRECTION ( 'NONE',  ( -1.000000000000000000, 0.000000000000000000, -0.000000000000000000 ) ) ;
#1393 = ORIENTED_EDGE ( 'NONE', *, *, #1682, .T. ) ;
#1394 = ORIENTED_EDGE ( 'NONE', *, *, #1712, .T. ) ;
#1395 = CARTESIAN_POINT ( 'NONE',  ( 0.000000000000000000, -13.49999999999999822, 0.000000000000000000 ) ) ;
#1396 = CYLINDRICAL_SURFACE ( 'NONE', #721, 4.000000000000000000 ) ;
#1397 = ORIENTED_EDGE ( 'NONE', *, *, #2264, .F. ) ;
#1398 = CARTESIAN_POINT ( 'NONE',  ( 9.488195674123101497, 75.12325647058032985, -22.39575819462185891 ) ) ;
#1399 = DIRECTION ( 'NONE',  ( -0.000000000000000000, 1.000000000000000000, -0.000000000000000000 ) ) ;
#1400 = CARTESIAN_POINT ( 'NONE',  ( 9.766896840783578781, 61.14160579395698392, 18.87131344877884587 ) ) ;
#1401 = FACE_OUTER_BOUND ( 'NONE', #1810, .T. ) ;
#1402 = EDGE_CURVE ( 'NONE', #2332, #1124, #668, .T. ) ;
#1403 = CARTESIAN_POINT ( 'NONE',  ( -2.500000000000030198, 36.14351643420338434, 38.92840313207268821 ) ) ;
#1404 = DIRECTION ( 'NONE',  ( 0.000000000000000000, 0.000000000000000000, -1.000000000000000000 ) ) ;
#1405 = ORIENTED_EDGE ( 'NONE', *, *, #177, .F. ) ;
#1406 = DIRECTION ( 'NONE',  ( 1.000000000000000000, 0.000000000000000000, 0.000000000000000000 ) ) ;
#1407 = CARTESIAN_POINT ( 'NONE',  ( 17.00000000000000000, 11.63999999999984603, -42.49999999999999289 ) ) ;
#1408 = DIRECTION ( 'NONE',  ( 0.000000000000000000, 0.000000000000000000, -1.000000000000000000 ) ) ;
#1409 = ORIENTED_EDGE ( 'NONE', *, *, #1925, .F. ) ;
#1410 = ORIENTED_EDGE ( 'NONE', *, *, #3451, .T. ) ;
#1411 = DIRECTION ( 'NONE',  ( 8.673617379884035472E-17, 0.000000000000000000, 1.000000000000000000 ) ) ;
#1412 = VECTOR ( 'NONE', #2251, 1000.000000000000000 ) ;
#1413 = ORIENTED_EDGE ( 'NONE', *, *, #2201, .T. ) ;
#1414 = EDGE_CURVE ( 'NONE', #3, #25, #151, .T. ) ;
#1415 = CIRCLE ( 'NONE', #892, 50.00000000000000000 ) ;
#1416 = CARTESIAN_POINT ( 'NONE',  ( 9.530354653294581979, 70.94935184850196208, -32.49623366835091787 ) ) ;
#1417 = DIRECTION ( 'NONE',  ( 0.000000000000000000, 0.000000000000000000, 1.000000000000000000 ) ) ;
#1418 = DIRECTION ( 'NONE',  ( 0.000000000000000000, 0.000000000000000000, 1.000000000000000000 ) ) ;
#1419 = DIRECTION ( 'NONE',  ( 1.224646799147353454E-16, 0.000000000000000000, -1.000000000000000000 ) ) ;
#1420 = VECTOR ( 'NONE', #313, 1000.000000000000114 ) ;
#1421 = DIRECTION ( 'NONE',  ( 0.000000000000000000, 0.000000000000000000, -1.000000000000000000 ) ) ;
#1422 = DIRECTION ( 'NONE',  ( 0.000000000000000000, 0.8436525123164420048, -0.5368895961574926545 ) ) ;
#1423 = VERTEX_POINT ( 'NONE', #3337 ) ;
#1424 = PLANE ( 'NONE',  #3097 ) ;
#1425 =( BOUNDED_CURVE ( )  B_SPLINE_CURVE ( 3, ( #1189, #670, #3169, #2817 ),
 .UNSPECIFIED., .F., .F. ) 
 B_SPLINE_CURVE_WITH_KNOTS ( ( 4, 4 ),
 ( 4.529142938736470114, 6.283185307179586232 ),
 .UNSPECIFIED. ) 
 CURVE ( )  GEOMETRIC_REPRESENTATION_ITEM ( )  RATIONAL_B_SPLINE_CURVE ( ( 1.000000000000000000, 0.7596294687389084643, 0.7596294687389084643, 1.000000000000000000 ) ) 
 REPRESENTATION_ITEM ( '' )  );
#1426 = DIRECTION ( 'NONE',  ( -1.000000000000000000, -0.000000000000000000, -0.000000000000000000 ) ) ;
#1427 = CIRCLE ( 'NONE', #493, 32.35641655800941408 ) ;
#1428 = CARTESIAN_POINT ( 'NONE',  ( 0.000000000000000000, -22.36067977499790160, 0.000000000000000000 ) ) ;
#1429 = EDGE_CURVE ( 'NONE', #1298, #1031, #3035, .T. ) ;
#1430 = EDGE_CURVE ( 'NONE', #1045, #367, #589, .T. ) ;
#1431 = VERTEX_POINT ( 'NONE', #1166 ) ;
#1432 = ORIENTED_EDGE ( 'NONE', *, *, #2976, .F. ) ;
#1433 = AXIS2_PLACEMENT_3D ( 'NONE', #2950, #474, #1584 ) ;
#1434 = CARTESIAN_POINT ( 'NONE',  ( 8.500000000000000000, 8.000000000000000000, 0.000000000000000000 ) ) ;
#1435 = VERTEX_POINT ( 'NONE', #2046 ) ;
#1436 = AXIS2_PLACEMENT_3D ( 'NONE', #2644, #651, #441 ) ;
#1437 = CARTESIAN_POINT ( 'NONE',  ( 9.500840394585317483, 73.43588407249782790, -27.61565788375314767 ) ) ;
#1438 = DIRECTION ( 'NONE',  ( 0.000000000000000000, -0.8436525123164420048, 0.5368895961574928766 ) ) ;
#1439 = FACE_BOUND ( 'NONE', #3329, .T. ) ;
#1440 = DIRECTION ( 'NONE',  ( 0.000000000000000000, -1.000000000000000000, 0.000000000000000000 ) ) ;
#1441 = CARTESIAN_POINT ( 'NONE',  ( 0.000000000000000000, -18.50000000000000000, 9.800000000000002487 ) ) ;
#1442 = ORIENTED_EDGE ( 'NONE', *, *, #3331, .T. ) ;
#1443 = B_SPLINE_CURVE_WITH_KNOTS ( 'NONE', 3,
 ( #1573, #1307, #1044, #497, #3495, #1342, #225, #1829, #753, #767, #2428, #699, #3460, #1859, #2971, #995 ),
 .UNSPECIFIED., .F., .F.,
 ( 4, 2, 2, 2, 2, 2, 2, 4 ),
 ( 1.734723475976807094E-18, 0.007287230816022774102, 0.01093084622403416376, 0.01457446163204555341, 0.02186169244806832751, 0.02550530785607971890, 0.02732711556008541459, 0.02914892326409111029 ),
 .UNSPECIFIED. ) ;
#1444 = CARTESIAN_POINT ( 'NONE',  ( 1.971731607135829759E-15, -18.50000000000000000, -8.300000000000002487 ) ) ;
#1445 = CARTESIAN_POINT ( 'NONE',  ( -5.000000000000000000, 53.53640687119290931, -20.09609665440966708 ) ) ;
#1446 = MANIFOLD_SOLID_BREP ( 'Fillet3', #2867 ) ;
#1447 = ADVANCED_FACE ( 'NONE', ( #2010 ), #1722, .F. ) ;
#1448 = CARTESIAN_POINT ( 'NONE',  ( 22.50000000000000355, -22.36067977499790160, -10.00000000000000000 ) ) ;
#1449 = VERTEX_POINT ( 'NONE', #2852 ) ;
#1450 = ORIENTED_EDGE ( 'NONE', *, *, #3099, .F. ) ;
#1451 = EDGE_CURVE ( 'NONE', #272, #1837, #2947, .T. ) ;
#1452 = LINE ( 'NONE', #1769, #141 ) ;
#1453 = ORIENTED_EDGE ( 'NONE', *, *, #710, .F. ) ;
#1454 = EDGE_CURVE ( 'NONE', #173, #3405, #3314, .T. ) ;
#1455 = B_SPLINE_CURVE_WITH_KNOTS ( 'NONE', 3,
 ( #2393, #1599, #1618, #3263, #164, #1835, #2688, #2435, #1282, #1349 ),
 .UNSPECIFIED., .F., .F.,
 ( 4, 2, 2, 2, 4 ),
 ( 0.000000000000000000, 0.002195099881908572047, 0.004390199763817144094, 0.006585299645725721344, 0.008780399527634298595 ),
 .UNSPECIFIED. ) ;
#1456 = FACE_OUTER_BOUND ( 'NONE', #3207, .T. ) ;
#1457 = CARTESIAN_POINT ( 'NONE',  ( 12.48584426856379004, 23.32316991096307746, 34.12438709438538353 ) ) ;
#1458 = CARTESIAN_POINT ( 'NONE',  ( 4.500000000000000888, 12.52421356237315386, 5.473961030678929696 ) ) ;
#1459 = DIRECTION ( 'NONE',  ( 0.000000000000000000, 0.000000000000000000, 1.000000000000000000 ) ) ;
#1460 = DIRECTION ( 'NONE',  ( 0.000000000000000000, 0.000000000000000000, -1.000000000000000000 ) ) ;
#1461 = VERTEX_POINT ( 'NONE', #940 ) ;
#1462 = DIRECTION ( 'NONE',  ( 0.000000000000000000, 0.000000000000000000, 1.000000000000000000 ) ) ;
#1463 = CARTESIAN_POINT ( 'NONE',  ( -2.999999999999999112, 4.000000000000007994, 11.00000000000000355 ) ) ;
#1464 = CARTESIAN_POINT ( 'NONE',  ( 9.479125520085952772, 77.22289911966741727, -1.578692561912347081 ) ) ;
#1465 = CARTESIAN_POINT ( 'NONE',  ( 14.41714023157608615, 7.999999999999992895, -36.00000000000000000 ) ) ;
#1466 = ORIENTED_EDGE ( 'NONE', *, *, #1129, .F. ) ;
#1467 = ORIENTED_EDGE ( 'NONE', *, *, #92, .F. ) ;
#1468 = PLANE ( 'NONE',  #2849 ) ;
#1469 = EDGE_LOOP ( 'NONE', ( #3136, #934, #2319, #1521 ) ) ;
#1470 = EDGE_CURVE ( 'NONE', #2697, #1244, #338, .T. ) ;
#1471 = VERTEX_POINT ( 'NONE', #2283 ) ;
#1472 =( LENGTH_UNIT ( ) NAMED_UNIT ( * ) SI_UNIT ( .MILLI., .METRE. ) );
#1473 = CONICAL_SURFACE ( 'NONE', #1989, 42.35641655800942118, 0.7853981633974497223 ) ;
#1474 = CARTESIAN_POINT ( 'NONE',  ( 11.39580022599390041, 34.32235691498984664, 40.08736560125831971 ) ) ;
#1475 = EDGE_CURVE ( 'NONE', #1857, #1461, #1717, .T. ) ;
#1476 = CARTESIAN_POINT ( 'NONE',  ( 11.72368217087216280, 30.77462047262845957, 30.49187800890825173 ) ) ;
#1477 = AXIS2_PLACEMENT_3D ( 'NONE', #301, #51, #1956 ) ;
#1478 = DIRECTION ( 'NONE',  ( 0.000000000000000000, 0.000000000000000000, -1.000000000000000000 ) ) ;
#1479 = CARTESIAN_POINT ( 'NONE',  ( -7.500000000000000000, -18.50000000000000000, 0.000000000000000000 ) ) ;
#1480 = AXIS2_PLACEMENT_3D ( 'NONE', #2664, #2154, #478 ) ;
#1481 = VERTEX_POINT ( 'NONE', #2874 ) ;
#1482 = DIRECTION ( 'NONE',  ( 0.000000000000000000, -1.000000000000000000, 0.000000000000000000 ) ) ;
#1483 = CARTESIAN_POINT ( 'NONE',  ( -136.5042866136667499, 40.28000000000000114, -13.90999999999999481 ) ) ;
#1484 = CARTESIAN_POINT ( 'NONE',  ( -7.500000000000000000, 11.63999999999999524, -41.00000000000000711 ) ) ;
#1485 = CARTESIAN_POINT ( 'NONE',  ( 4.500000000000000888, 53.53640687119290931, -18.79609665440966637 ) ) ;
#1486 = ORIENTED_EDGE ( 'NONE', *, *, #2293, .F. ) ;
#1487 = ORIENTED_EDGE ( 'NONE', *, *, #2698, .T. ) ;
#1488 = DIRECTION ( 'NONE',  ( 0.000000000000000000, 0.000000000000000000, -1.000000000000000000 ) ) ;
#1489 = CIRCLE ( 'NONE', #3493, 9.224985687471223272 ) ;
#1490 = ORIENTED_EDGE ( 'NONE', *, *, #22, .F. ) ;
#1491 = ORIENTED_EDGE ( 'NONE', *, *, #931, .T. ) ;
#1492 = CARTESIAN_POINT ( 'NONE',  ( 13.72667397021731972, 13.05918194465428783, -42.62126707099874778 ) ) ;
#1493 = CARTESIAN_POINT ( 'NONE',  ( 12.64342464586561476, 21.93223228750289877, 44.86751806151495714 ) ) ;
#1494 = AXIS2_PLACEMENT_3D ( 'NONE', #2398, #1635, #1855 ) ;
#1495 = CARTESIAN_POINT ( 'NONE',  ( -2.999999999999999112, 9.000000000000001776, -10.99999999999999645 ) ) ;
#1496 = ADVANCED_FACE ( 'NONE', ( #1456 ), #961, .T. ) ;
#1497 = CARTESIAN_POINT ( 'NONE',  ( 0.000000000000000000, 0.000000000000000000, 0.000000000000000000 ) ) ;
#1498 = VERTEX_POINT ( 'NONE', #1510 ) ;
#1499 = CARTESIAN_POINT ( 'NONE',  ( 9.496009756256894363, 82.17584552038600521, -20.24142948302324641 ) ) ;
#1500 = EDGE_CURVE ( 'NONE', #1558, #3577, #1770, .T. ) ;
#1501 = DIRECTION ( 'NONE',  ( -0.000000000000000000, 1.000000000000000000, -0.000000000000000000 ) ) ;
#1502 = CARTESIAN_POINT ( 'NONE',  ( -2.999999999999999112, 4.000000000000007994, 11.00000000000000355 ) ) ;
#1503 = AXIS2_PLACEMENT_3D ( 'NONE', #1784, #949, #2057 ) ;
#1504 = CARTESIAN_POINT ( 'NONE',  ( 14.56401107608094136, 6.969949156962522707, -35.87378519192522219 ) ) ;
#1505 = ORIENTED_EDGE ( 'NONE', *, *, #1954, .T. ) ;
#1506 = ORIENTED_EDGE ( 'NONE', *, *, #1429, .T. ) ;
#1507 = FACE_OUTER_BOUND ( 'NONE', #2827, .T. ) ;
#1508 = EDGE_LOOP ( 'NONE', ( #2841, #740, #3432, #1893 ) ) ;
#1509 = ORIENTED_EDGE ( 'NONE', *, *, #1996, .F. ) ;
#1510 = CARTESIAN_POINT ( 'NONE',  ( 4.500000000000000888, 40.28000000000000114, -46.26641655800941066 ) ) ;
#1511 = DIRECTION ( 'NONE',  ( 0.000000000000000000, 0.000000000000000000, -1.000000000000000000 ) ) ;
#1512 = CARTESIAN_POINT ( 'NONE',  ( 22.50000000000000711, 0.000000000000000000, 10.00000000000000000 ) ) ;
#1513 = FACE_BOUND ( 'NONE', #1016, .T. ) ;
#1514 = ORIENTED_EDGE ( 'NONE', *, *, #3399, .T. ) ;
#1515 = DIRECTION ( 'NONE',  ( 0.000000000000000000, 0.000000000000000000, 1.000000000000000000 ) ) ;
#1516 = ADVANCED_FACE ( 'NONE', ( #1258 ), #414, .F. ) ;
#1517 = DIRECTION ( 'NONE',  ( 1.000000000000000000, 0.000000000000000000, 0.000000000000000000 ) ) ;
#1518 = LINE ( 'NONE', #2607, #2776 ) ;
#1519 = CYLINDRICAL_SURFACE ( 'NONE', #2552, 2.500000000000000444 ) ;
#1520 = ORIENTED_EDGE ( 'NONE', *, *, #1029, .T. ) ;
#1521 = ORIENTED_EDGE ( 'NONE', *, *, #1300, .F. ) ;
#1522 = PLANE ( 'NONE',  #1707 ) ;
#1523 = ORIENTED_EDGE ( 'NONE', *, *, #1843, .T. ) ;
#1524 = ORIENTED_EDGE ( 'NONE', *, *, #1541, .T. ) ;
#1525 = DIRECTION ( 'NONE',  ( -0.000000000000000000, -0.7071067811865495711, 0.7071067811865454633 ) ) ;
#1526 = LINE ( 'NONE', #2831, #3139 ) ;
#1527 = CARTESIAN_POINT ( 'NONE',  ( 13.37089628027565880, 15.80397790135011959, 42.35990440419251257 ) ) ;
#1528 = AXIS2_PLACEMENT_3D ( 'NONE', #2063, #349, #3138 ) ;
#1529 = LINE ( 'NONE', #2622, #203 ) ;
#1530 = PLANE ( 'NONE',  #3302 ) ;
#1531 = ORIENTED_EDGE ( 'NONE', *, *, #1470, .F. ) ;
#1532 = VECTOR ( 'NONE', #1128, 1000.000000000000000 ) ;
#1533 = CARTESIAN_POINT ( 'NONE',  ( 9.886795950708192393, 57.88799699736635063, -52.44974943179663285 ) ) ;
#1534 = DIRECTION ( 'NONE',  ( 0.000000000000000000, -1.000000000000000000, 0.000000000000000000 ) ) ;
#1535 = AXIS2_PLACEMENT_3D ( 'NONE', #1001, #1381, #1704 ) ;
#1536 = CARTESIAN_POINT ( 'NONE',  ( 2.212329089443973107, 11.10999999999999943, 0.4099999999999999756 ) ) ;
#1537 = CARTESIAN_POINT ( 'NONE',  ( 0.000000000000000000, -22.36067977499790160, 2.250000000000000000 ) ) ;
#1538 = ORIENTED_EDGE ( 'NONE', *, *, #618, .T. ) ;
#1539 = AXIS2_PLACEMENT_3D ( 'NONE', #1736, #2335, #62 ) ;
#1540 = EDGE_CURVE ( 'NONE', #2992, #44, #884, .T. ) ;
#1541 = EDGE_CURVE ( 'NONE', #3527, #1143, #2557, .T. ) ;
#1542 = CARTESIAN_POINT ( 'NONE',  ( -7.500000000000000000, 40.28000000000000114, -4.909999999999988596 ) ) ;
#1543 = ORIENTED_EDGE ( 'NONE', *, *, #1070, .T. ) ;
#1544 = VERTEX_POINT ( 'NONE', #1205 ) ;
#1545 = CARTESIAN_POINT ( 'NONE',  ( 5.000000000000000000, 11.63999999999977142, -39.49999999999999289 ) ) ;
#1546 = VECTOR ( 'NONE', #1501, 1000.000000000000000 ) ;
#1547 = AXIS2_PLACEMENT_3D ( 'NONE', #3198, #504, #2930 ) ;
#1548 = LINE ( 'NONE', #2640, #2920 ) ;
#1549 = PLANE ( 'NONE',  #2112 ) ;
#1550 = CIRCLE ( 'NONE', #2804, 2.950000000000000622 ) ;
#1551 = VERTEX_POINT ( 'NONE', #2907 ) ;
#1552 = CARTESIAN_POINT ( 'NONE',  ( 9.491963076036944003, 81.64467083645145351, -23.03995007569357867 ) ) ;
#1553 = DIRECTION ( 'NONE',  ( 0.000000000000000000, 0.000000000000000000, -1.000000000000000000 ) ) ;
#1554 = CARTESIAN_POINT ( 'NONE',  ( 4.500000000000000888, 10.00000000000001599, -10.99999999999999645 ) ) ;
#1555 = LINE ( 'NONE', #186, #2618 ) ;
#1556 = ORIENTED_EDGE ( 'NONE', *, *, #911, .F. ) ;
#1557 = CARTESIAN_POINT ( 'NONE',  ( 13.26908741664400182, 16.64991705472589700, -40.96101163521596078 ) ) ;
#1558 = VERTEX_POINT ( 'NONE', #1018 ) ;
#1559 = AXIS2_PLACEMENT_3D ( 'NONE', #74, #1196, #2839 ) ;
#1560 = ORIENTED_EDGE ( 'NONE', *, *, #2220, .T. ) ;
#1561 = ADVANCED_FACE ( 'NONE', ( #1562 ), #3179, .T. ) ;
#1562 = FACE_OUTER_BOUND ( 'NONE', #499, .T. ) ;
#1563 = LINE ( 'NONE', #2376, #3197 ) ;
#1564 = EDGE_CURVE ( 'NONE', #2478, #1640, #1489, .T. ) ;
#1565 = CARTESIAN_POINT ( 'NONE',  ( 13.16470443846290372, 17.50058944330335109, -41.60081188898130478 ) ) ;
#1566 = CARTESIAN_POINT ( 'NONE',  ( 9.510517153517982436, 72.51453905230526686, -10.97113124167686671 ) ) ;
#1567 = ORIENTED_EDGE ( 'NONE', *, *, #2613, .T. ) ;
#1568 = CARTESIAN_POINT ( 'NONE',  ( -5.000000000000000000, 12.52421356237315386, 8.073961030678923123 ) ) ;
#1569 = DIRECTION ( 'NONE',  ( 0.000000000000000000, 9.082321863752915919E-16, -1.000000000000000000 ) ) ;
#1570 = LINE ( 'NONE', #750, #236 ) ;
#1571 = LINE ( 'NONE', #1271, #133 ) ;
#1572 = EDGE_LOOP ( 'NONE', ( #71, #2597, #3211, #1761 ) ) ;
#1573 = CARTESIAN_POINT ( 'NONE',  ( 13.68631679281279112, 13.37117042065832351, -46.62056273293934083 ) ) ;
#1574 = ORIENTED_EDGE ( 'NONE', *, *, #3438, .T. ) ;
#1575 = ORIENTED_EDGE ( 'NONE', *, *, #2179, .T. ) ;
#1576 = CARTESIAN_POINT ( 'NONE',  ( -136.5042866136667499, 40.28000000000000114, -13.90999999999999481 ) ) ;
#1577 = CARTESIAN_POINT ( 'NONE',  ( 4.500000000000000888, 30.77462047262846667, 30.49187800890825173 ) ) ;
#1578 = ADVANCED_FACE ( 'NONE', ( #2087 ), #2406, .T. ) ;
#1579 = CIRCLE ( 'NONE', #2780, 7.724985687471209062 ) ;
#1580 = LINE ( 'NONE', #2980, #2862 ) ;
#1581 = CARTESIAN_POINT ( 'NONE',  ( 9.594392305670314869, 67.36022418389048028, -31.64014133262559625 ) ) ;
#1582 = EDGE_CURVE ( 'NONE', #997, #3577, #2686, .T. ) ;
#1583 = ORIENTED_EDGE ( 'NONE', *, *, #2139, .F. ) ;
#1584 = DIRECTION ( 'NONE',  ( 1.000000000000000000, 0.000000000000000000, 0.000000000000000000 ) ) ;
#1585 = ADVANCED_FACE ( 'NONE', ( #1878 ), #213, .F. ) ;
#1586 = CARTESIAN_POINT ( 'NONE',  ( 17.00000000000000000, 11.86000000000000654, 42.50000000000000000 ) ) ;
#1587 = DIRECTION ( 'NONE',  ( 0.000000000000000000, 1.000000000000000000, -0.000000000000000000 ) ) ;
#1588 = CIRCLE ( 'NONE', #2670, 50.00000000000000000 ) ;
#1589 = ORIENTED_EDGE ( 'NONE', *, *, #1714, .F. ) ;
#1590 = AXIS2_PLACEMENT_3D ( 'NONE', #1260, #1241, #2321 ) ;
#1591 = FACE_OUTER_BOUND ( 'NONE', #140, .T. ) ;
#1592 = AXIS2_PLACEMENT_3D ( 'NONE', #503, #1616, #2706 ) ;
#1593 = ORIENTED_EDGE ( 'NONE', *, *, #312, .T. ) ;
#1594 = ORIENTED_EDGE ( 'NONE', *, *, #2672, .T. ) ;
#1595 = CARTESIAN_POINT ( 'NONE',  ( 5.000000000000000000, 61.14160579395698392, 18.87131344877884587 ) ) ;
#1596 = DIRECTION ( 'NONE',  ( 1.000000000000000000, -0.000000000000000000, -0.000000000000000000 ) ) ;
#1597 = DIRECTION ( 'NONE',  ( -8.673617379884035472E-17, 0.000000000000000000, -1.000000000000000000 ) ) ;
#1598 = VECTOR ( 'NONE', #2268, 1000.000000000000000 ) ;
#1599 = CARTESIAN_POINT ( 'NONE',  ( 13.81674776733605725, 12.37559282135700478, -35.99999999999999289 ) ) ;
#1600 = CARTESIAN_POINT ( 'NONE',  ( 9.837034809209256991, 59.12937099790520534, 12.44727986403577091 ) ) ;
#1601 = VECTOR ( 'NONE', #1224, 1000.000000000000000 ) ;
#1602 = DIRECTION ( 'NONE',  ( 0.000000000000000000, 0.000000000000000000, -1.000000000000000000 ) ) ;
#1603 = EDGE_CURVE ( 'NONE', #1461, #1857, #2005, .T. ) ;
#1604 = FACE_OUTER_BOUND ( 'NONE', #295, .T. ) ;
#1605 = AXIS2_PLACEMENT_3D ( 'NONE', #2163, #507, #1620 ) ;
#1606 = CARTESIAN_POINT ( 'NONE',  ( -2.500000000000030198, 4.177868057326346293E-14, -46.00000000000000711 ) ) ;
#1607 = EDGE_CURVE ( 'NONE', #1837, #3178, #2002, .T. ) ;
#1608 = ORIENTED_EDGE ( 'NONE', *, *, #1754, .T. ) ;
#1609 = AXIS2_PLACEMENT_3D ( 'NONE', #594, #2253, #2764 ) ;
#1610 = DIRECTION ( 'NONE',  ( 0.000000000000000000, 1.000000000000000000, 0.000000000000000000 ) ) ;
#1611 = CARTESIAN_POINT ( 'NONE',  ( 13.38357292113414942, 15.73233516628605777, -40.44058137176421042 ) ) ;
#1612 = VERTEX_POINT ( 'NONE', #2102 ) ;
#1613 = ORIENTED_EDGE ( 'NONE', *, *, #282, .T. ) ;
#1614 = VECTOR ( 'NONE', #1729, 1000.000000000000000 ) ;
#1615 = DIRECTION ( 'NONE',  ( 0.000000000000000000, 0.000000000000000000, -1.000000000000000000 ) ) ;
#1616 = DIRECTION ( 'NONE',  ( -1.000000000000000000, -0.000000000000000000, -0.000000000000000000 ) ) ;
#1617 = ADVANCED_FACE ( 'NONE', ( #3229 ), #3463, .F. ) ;
#1618 = CARTESIAN_POINT ( 'NONE',  ( 13.72117044388114593, 13.10074631335481676, -36.06330039344803851 ) ) ;
#1619 = CARTESIAN_POINT ( 'NONE',  ( 9.559991894754578112, 69.10970829977175356, -28.62506845910825248 ) ) ;
#1620 = DIRECTION ( 'NONE',  ( 0.000000000000000000, 0.000000000000000000, 1.000000000000000000 ) ) ;
#1621 = FACE_BOUND ( 'NONE', #1002, .T. ) ;
#1622 = CARTESIAN_POINT ( 'NONE',  ( 0.000000000000000000, 4.000000000000000000, 4.500000000000000000 ) ) ;
#1623 = EDGE_CURVE ( 'NONE', #1948, #1544, #439, .T. ) ;
#1624 = ORIENTED_EDGE ( 'NONE', *, *, #199, .F. ) ;
#1625 = PLANE ( 'NONE',  #1064 ) ;
#1626 = ORIENTED_EDGE ( 'NONE', *, *, #2985, .T. ) ;
#1627 = ORIENTED_EDGE ( 'NONE', *, *, #264, .F. ) ;
#1628 = CARTESIAN_POINT ( 'NONE',  ( 9.682321264341483769, 63.84114355240603800, -44.81524893867117498 ) ) ;
#1629 = LINE ( 'NONE', #3312, #368 ) ;
#1630 = CARTESIAN_POINT ( 'NONE',  ( 10.43175353744905998, 47.15561445207126212, -49.18440527151846453 ) ) ;
#1631 = LINE ( 'NONE', #2722, #3366 ) ;
#1632 = DIRECTION ( 'NONE',  ( 0.000000000000000000, -1.000000000000000000, 0.000000000000000000 ) ) ;
#1633 = DIRECTION ( 'NONE',  ( 0.000000000000000000, -1.000000000000000000, 0.000000000000000000 ) ) ;
#1634 = VECTOR ( 'NONE', #146, 1000.000000000000000 ) ;
#1635 = DIRECTION ( 'NONE',  ( 0.7071067811865497932, -6.422171378778515878E-16, 0.7071067811865453523 ) ) ;
#1636 = CARTESIAN_POINT ( 'NONE',  ( -8.535533905932735976, 3.999999999999999112, -39.96446609406725514 ) ) ;
#1637 = ORIENTED_EDGE ( 'NONE', *, *, #511, .T. ) ;
#1638 = CIRCLE ( 'NONE', #713, 9.800000000000002487 ) ;
#1639 = CARTESIAN_POINT ( 'NONE',  ( 12.89828623766103810, 19.72412276318913626, -38.89786912685006115 ) ) ;
#1640 = VERTEX_POINT ( 'NONE', #1545 ) ;
#1641 = ORIENTED_EDGE ( 'NONE', *, *, #2653, .T. ) ;
#1642 = EDGE_CURVE ( 'NONE', #2697, #2006, #998, .T. ) ;
#1643 = EDGE_CURVE ( 'NONE', #1720, #2389, #2391, .T. ) ;
#1644 = DIRECTION ( 'NONE',  ( 0.000000000000000000, 0.000000000000000000, -1.000000000000000000 ) ) ;
#1645 = CIRCLE ( 'NONE', #1248, 499.9999999999998863 ) ;
#1646 = DIRECTION ( 'NONE',  ( 0.000000000000000000, 0.000000000000000000, -1.000000000000000000 ) ) ;
#1647 = EDGE_LOOP ( 'NONE', ( #1845, #1698, #898, #1505 ) ) ;
#1648 = CARTESIAN_POINT ( 'NONE',  ( 9.483154734789009055, 76.15242415798695674, -13.33657244143633669 ) ) ;
#1649 = PLANE ( 'NONE',  #2222 ) ;
#1650 = DIRECTION ( 'NONE',  ( -0.000000000000000000, 1.000000000000000000, -0.000000000000000000 ) ) ;
#1651 = DIRECTION ( 'NONE',  ( 0.000000000000000000, -0.7071067811865495711, 0.7071067811865454633 ) ) ;
#1652 = CARTESIAN_POINT ( 'NONE',  ( 0.000000000000000000, -17.49999999999999645, 0.000000000000000000 ) ) ;
#1653 = CARTESIAN_POINT ( 'NONE',  ( -5.000000000000000000, 11.10999999999999943, 0.4099999999999999756 ) ) ;
#1654 = AXIS2_PLACEMENT_3D ( 'NONE', #2540, #1794, #3407 ) ;
#1655 = ORIENTED_EDGE ( 'NONE', *, *, #2247, .F. ) ;
#1656 = ORIENTED_EDGE ( 'NONE', *, *, #1694, .T. ) ;
#1657 = LINE ( 'NONE', #1463, #682 ) ;
#1658 = CARTESIAN_POINT ( 'NONE',  ( 15.00000000000006928, 3.999999999999573230, -42.49999999999948841 ) ) ;
#1659 = ORIENTED_EDGE ( 'NONE', *, *, #408, .T. ) ;
#1660 = ORIENTED_EDGE ( 'NONE', *, *, #3167, .T. ) ;
#1661 = CARTESIAN_POINT ( 'NONE',  ( 9.479603000636110721, 78.58373805419607550, -7.346397514955407715 ) ) ;
#1662 = CARTESIAN_POINT ( 'NONE',  ( 0.000000000000000000, -18.50000000000000000, -1.650000000000000133 ) ) ;
#1663 = VERTEX_POINT ( 'NONE', #2144 ) ;
#1664 = EDGE_CURVE ( 'NONE', #272, #3547, #1056, .T. ) ;
#1665 = AXIS2_PLACEMENT_3D ( 'NONE', #3038, #559, #144 ) ;
#1666 = EDGE_CURVE ( 'NONE', #1930, #2092, #3114, .T. ) ;
#1667 = CARTESIAN_POINT ( 'NONE',  ( 8.500000000000000000, 4.000000000000000000, -10.99999999999999645 ) ) ;
#1668 = CIRCLE ( 'NONE', #2073, 1.050000000000000488 ) ;
#1669 = DIRECTION ( 'NONE',  ( -1.000000000000000000, 0.000000000000000000, 0.000000000000000000 ) ) ;
#1670 = CARTESIAN_POINT ( 'NONE',  ( 0.000000000000000000, -1.500000000000001332, 0.000000000000000000 ) ) ;
#1671 = DIRECTION ( 'NONE',  ( 0.000000000000000000, 1.000000000000000000, 0.000000000000000000 ) ) ;
#1672 = CARTESIAN_POINT ( 'NONE',  ( -2.500000000000030198, 4.000000000000000000, 46.00000000000000000 ) ) ;
#1673 = CARTESIAN_POINT ( 'NONE',  ( 2.755455298081544285E-16, 9.000000000000001776, -2.250000000000000000 ) ) ;
#1674 = EDGE_LOOP ( 'NONE', ( #1046, #2924, #28, #529 ) ) ;
#1675 = PLANE ( 'NONE',  #969 ) ;
#1676 = CARTESIAN_POINT ( 'NONE',  ( -136.5042866136667499, 0.000000000000000000, 46.00000000000000000 ) ) ;
#1677 = CARTESIAN_POINT ( 'NONE',  ( -2.710505431213761085E-15, -18.50000000000000000, 8.550000000000000711 ) ) ;
#1678 = ORIENTED_EDGE ( 'NONE', *, *, #3576, .F. ) ;
#1679 = ORIENTED_EDGE ( 'NONE', *, *, #1048, .T. ) ;
#1680 = CARTESIAN_POINT ( 'NONE',  ( 9.515689980956031135, 72.05719324642477375, -36.28116045093219100 ) ) ;
#1681 = CARTESIAN_POINT ( 'NONE',  ( 4.500000000000000888, 46.46533905932746933, -27.16716446627516390 ) ) ;
#1682 = EDGE_CURVE ( 'NONE', #621, #2770, #1274, .T. ) ;
#1683 = EDGE_LOOP ( 'NONE', ( #1910, #3059, #2658, #1119, #3387, #1453 ) ) ;
#1684 = CARTESIAN_POINT ( 'NONE',  ( 9.534212491747785734, 70.65958533869368807, 5.175013726513697954 ) ) ;
#1685 = EDGE_CURVE ( 'NONE', #44, #2320, #3048, .T. ) ;
#1686 = LINE ( 'NONE', #2195, #2282 ) ;
#1687 = CARTESIAN_POINT ( 'NONE',  ( 5.000000000000000000, 3.999999999999765965, -39.49999999999948841 ) ) ;
#1688 = ADVANCED_FACE ( 'NONE', ( #530 ), #277, .F. ) ;
#1689 = CARTESIAN_POINT ( 'NONE',  ( 509.4793796504069974, 78.09549986705438585, 39.50000000000006395 ) ) ;
#1690 = EDGE_CURVE ( 'NONE', #2865, #1749, #3051, .T. ) ;
#1691 = DIRECTION ( 'NONE',  ( 0.000000000000000000, 0.000000000000000000, 1.000000000000000000 ) ) ;
#1692 = EDGE_LOOP ( 'NONE', ( #1103, #1161, #1626, #3192 ) ) ;
#1693 = DIRECTION ( 'NONE',  ( 1.000000000000000000, 0.000000000000000000, 0.000000000000000000 ) ) ;
#1694 = EDGE_CURVE ( 'NONE', #1663, #2594, #106, .T. ) ;
#1695 = CARTESIAN_POINT ( 'NONE',  ( 1.200153863164406542E-15, -18.50000000000000000, -9.800000000000002487 ) ) ;
#1696 = DIRECTION ( 'NONE',  ( -0.7071067811865460184, -0.3796382741914706704, -0.5965524124240249026 ) ) ;
#1697 = VERTEX_POINT ( 'NONE', #1287 ) ;
#1698 = ORIENTED_EDGE ( 'NONE', *, *, #2699, .F. ) ;
#1699 = CARTESIAN_POINT ( 'NONE',  ( 14.92056450691919345, 4.531921152920312501, 34.01023242687021053 ) ) ;
#1700 = CONICAL_SURFACE ( 'NONE', #361, 48.00000000000000000, 0.7853981633974506105 ) ;
#1701 = ORIENTED_EDGE ( 'NONE', *, *, #841, .F. ) ;
#1702 = VECTOR ( 'NONE', #3431, 1000.000000000000000 ) ;
#1703 = DIRECTION ( 'NONE',  ( -1.000000000000000000, 0.000000000000000000, 0.000000000000000000 ) ) ;
#1704 = DIRECTION ( 'NONE',  ( 0.000000000000000000, -0.8436525123164420048, 0.5368895961574928766 ) ) ;
#1705 = CARTESIAN_POINT ( 'NONE',  ( -7.500000000000000000, 6.500000000000000888, 41.00000000000000711 ) ) ;
#1706 = FACE_OUTER_BOUND ( 'NONE', #335, .T. ) ;
#1707 = AXIS2_PLACEMENT_3D ( 'NONE', #3404, #2574, #918 ) ;
#1708 = CARTESIAN_POINT ( 'NONE',  ( -136.5042866136667499, 4.177868057326346293E-14, -46.00000000000000711 ) ) ;
#1709 = CARTESIAN_POINT ( 'NONE',  ( 22.50000000000000355, -22.36067977499790160, -10.00000000000000000 ) ) ;
#1710 = EDGE_LOOP ( 'NONE', ( #3276, #2101, #562, #814 ) ) ;
#1711 = CARTESIAN_POINT ( 'NONE',  ( 4.500000000000000888, 11.64000000000000057, -35.99999999999999289 ) ) ;
#1712 = EDGE_CURVE ( 'NONE', #101, #334, #860, .T. ) ;
#1713 = PLANE ( 'NONE',  #3561 ) ;
#1714 = EDGE_CURVE ( 'NONE', #3334, #2674, #2278, .T. ) ;
#1715 = DIRECTION ( 'NONE',  ( -0.000000000000000000, 1.000000000000000000, -0.000000000000000000 ) ) ;
#1716 = ORIENTED_EDGE ( 'NONE', *, *, #3403, .F. ) ;
#1717 = CIRCLE ( 'NONE', #30, 1.299999999999999156 ) ;
#1718 = ORIENTED_EDGE ( 'NONE', *, *, #2976, .T. ) ;
#1719 = CARTESIAN_POINT ( 'NONE',  ( 4.500000000000000888, 8.000000000000000000, -36.00000000000000000 ) ) ;
#1720 = VERTEX_POINT ( 'NONE', #1840 ) ;
#1721 = AXIS2_PLACEMENT_3D ( 'NONE', #2668, #1848, #702 ) ;
#1722 = PLANE ( 'NONE',  #1654 ) ;
#1723 = CARTESIAN_POINT ( 'NONE',  ( 15.00000000000001421, 3.999999999999989786, 39.50000000000000000 ) ) ;
#1724 = PLANE ( 'NONE',  #976 ) ;
#1725 = DIRECTION ( 'NONE',  ( 0.000000000000000000, 0.000000000000000000, 1.000000000000000000 ) ) ;
#1726 = DIRECTION ( 'NONE',  ( 0.000000000000000000, -1.000000000000000000, 0.000000000000000000 ) ) ;
#1727 = ORIENTED_EDGE ( 'NONE', *, *, #2179, .F. ) ;
#1728 = CARTESIAN_POINT ( 'NONE',  ( 4.500000000000000888, 8.000000000000000000, 36.00000000000000000 ) ) ;
#1729 = DIRECTION ( 'NONE',  ( 1.000000000000000000, -0.000000000000000000, -0.000000000000000000 ) ) ;
#1730 = ADVANCED_FACE ( 'NONE', ( #1007 ), #653, .T. ) ;
#1731 = CARTESIAN_POINT ( 'NONE',  ( 14.99607394989839371, 4.026186562016659920, -32.52828682096735946 ) ) ;
#1732 = ORIENTED_EDGE ( 'NONE', *, *, #1623, .T. ) ;
#1733 = EDGE_CURVE ( 'NONE', #2941, #2957, #625, .T. ) ;
#1734 = AXIS2_PLACEMENT_3D ( 'NONE', #3156, #712, #1823 ) ;
#1735 = EDGE_LOOP ( 'NONE', ( #3371, #2415, #601, #3123 ) ) ;
#1736 = CARTESIAN_POINT ( 'NONE',  ( 0.000000000000000000, -11.00000000000000000, 0.000000000000000000 ) ) ;
#1737 = VERTEX_POINT ( 'NONE', #1270 ) ;
#1738 = ADVANCED_FACE ( 'NONE', ( #2885 ), #732, .T. ) ;
#1739 = CARTESIAN_POINT ( 'NONE',  ( -5.000000000000000000, 46.46533905932746933, -27.16716446627516390 ) ) ;
#1740 = DIRECTION ( 'NONE',  ( -0.000000000000000000, -0.7071067811865454633, -0.7071067811865495711 ) ) ;
#1741 = CARTESIAN_POINT ( 'NONE',  ( -2.999999999999999112, 9.000000000000001776, -10.99999999999999645 ) ) ;
#1742 = CARTESIAN_POINT ( 'NONE',  ( 4.500000000000000888, 12.52421356237315386, 6.773961030678926853 ) ) ;
#1743 = CARTESIAN_POINT ( 'NONE',  ( -5.000000000000000000, 19.59528137423860272, 12.54502884254441852 ) ) ;
#1744 = VERTEX_POINT ( 'NONE', #94 ) ;
#1745 = ORIENTED_EDGE ( 'NONE', *, *, #1582, .T. ) ;
#1746 = CARTESIAN_POINT ( 'NONE',  ( -2.999999999999999112, -11.00000000000000000, 0.000000000000000000 ) ) ;
#1747 = CARTESIAN_POINT ( 'NONE',  ( 0.000000000000000000, -18.50000000000000000, 0.000000000000000000 ) ) ;
#1748 = DIRECTION ( 'NONE',  ( 0.000000000000000000, 0.000000000000000000, 1.000000000000000000 ) ) ;
#1749 = VERTEX_POINT ( 'NONE', #2348 ) ;
#1750 = ORIENTED_EDGE ( 'NONE', *, *, #3451, .F. ) ;
#1751 = DIRECTION ( 'NONE',  ( 0.000000000000000000, 0.000000000000000000, 1.000000000000000000 ) ) ;
#1752 = ORIENTED_EDGE ( 'NONE', *, *, #1004, .F. ) ;
#1753 = ORIENTED_EDGE ( 'NONE', *, *, #23, .T. ) ;
#1754 = EDGE_CURVE ( 'NONE', #1211, #2974, #460, .T. ) ;
#1755 = CARTESIAN_POINT ( 'NONE',  ( 11.85851084786207288, 29.35639361348728471, 31.39441932129447821 ) ) ;
#1756 = EDGE_CURVE ( 'NONE', #367, #1042, #2863, .T. ) ;
#1757 = CARTESIAN_POINT ( 'NONE',  ( 509.4793796504069974, 78.09549986705438585, -39.50000000000439826 ) ) ;
#1758 = VECTOR ( 'NONE', #1438, 1000.000000000000000 ) ;
#1759 = LINE ( 'NONE', #1495, #1601 ) ;
#1760 = DIRECTION ( 'NONE',  ( -0.000000000000000000, 1.000000000000000000, -0.000000000000000000 ) ) ;
#1761 = ORIENTED_EDGE ( 'NONE', *, *, #2847, .F. ) ;
#1762 = CARTESIAN_POINT ( 'NONE',  ( 9.481302967618402633, 79.53847643827462832, 2.031313562914939919 ) ) ;
#1763 = DIRECTION ( 'NONE',  ( 0.000000000000000000, 0.000000000000000000, -1.000000000000000000 ) ) ;
#1764 = CARTESIAN_POINT ( 'NONE',  ( 5.000000000000000000, 3.999999999999765965, -39.49999999999948841 ) ) ;
#1765 = FACE_OUTER_BOUND ( 'NONE', #2134, .T. ) ;
#1766 = ORIENTED_EDGE ( 'NONE', *, *, #2587, .T. ) ;
#1767 = VERTEX_POINT ( 'NONE', #1484 ) ;
#1768 = AXIS2_PLACEMENT_3D ( 'NONE', #421, #991, #3186 ) ;
#1769 = CARTESIAN_POINT ( 'NONE',  ( -136.5042866136667499, 36.14351643420338434, 38.92840313207268821 ) ) ;
#1770 = CIRCLE ( 'NONE', #727, 38.85641655800940697 ) ;
#1771 = EDGE_LOOP ( 'NONE', ( #89, #1575, #586, #824 ) ) ;
#1772 = ORIENTED_EDGE ( 'NONE', *, *, #1712, .F. ) ;
#1773 = AXIS2_PLACEMENT_3D ( 'NONE', #3235, #1367, #2457 ) ;
#1774 = SURFACE_STYLE_USAGE ( .BOTH. , #2617 ) ;
#1775 = CARTESIAN_POINT ( 'NONE',  ( 12.94656632530056939, 19.30520468665019607, 45.39579797276319084 ) ) ;
#1776 = ADVANCED_FACE ( 'NONE', ( #1215, #677 ), #930, .F. ) ;
#1777 = DIRECTION ( 'NONE',  ( 0.000000000000000000, -0.000000000000000000, 1.000000000000000000 ) ) ;
#1778 = CIRCLE ( 'NONE', #1137, 42.35641655800941408 ) ;
#1779 = LINE ( 'NONE', #341, #148 ) ;
#1780 = CARTESIAN_POINT ( 'NONE',  ( -2.999999999999999112, 4.000000000000007994, 11.00000000000000355 ) ) ;
#1781 = EDGE_LOOP ( 'NONE', ( #933, #1466, #2171, #181 ) ) ;
#1782 = DIRECTION ( 'NONE',  ( -0.000000000000000000, -1.000000000000000000, 0.000000000000000000 ) ) ;
#1783 = CIRCLE ( 'NONE', #1665, 1.299999999999992051 ) ;
#1784 = CARTESIAN_POINT ( 'NONE',  ( 4.500000000000000888, 40.28000000000000114, -13.90999999999999481 ) ) ;
#1785 = CARTESIAN_POINT ( 'NONE',  ( 2.005705213675528675, 12.22492685594192707, 1.524926855941926895 ) ) ;
#1786 = AXIS2_PLACEMENT_3D ( 'NONE', #2368, #3435, #1228 ) ;
#1787 = DIRECTION ( 'NONE',  ( 1.000000000000000000, 0.000000000000000000, 0.000000000000000000 ) ) ;
#1788 = VERTEX_POINT ( 'NONE', #1502 ) ;
#1789 = ORIENTED_EDGE ( 'NONE', *, *, #1156, .T. ) ;
#1790 = CARTESIAN_POINT ( 'NONE',  ( 4.500000000000000888, 8.000000000000000000, -36.00000000000000000 ) ) ;
#1791 = ORIENTED_EDGE ( 'NONE', *, *, #1402, .T. ) ;
#1792 = ORIENTED_EDGE ( 'NONE', *, *, #820, .T. ) ;
#1793 =( BOUNDED_CURVE ( )  B_SPLINE_CURVE ( 3, ( #2214, #3041, #561, #873 ),
 .UNSPECIFIED., .F., .F. ) 
 B_SPLINE_CURVE_WITH_KNOTS ( ( 4, 4 ),
 ( 1.224646799147352468E-16, 1.754042368443116340 ),
 .UNSPECIFIED. ) 
 CURVE ( )  GEOMETRIC_REPRESENTATION_ITEM ( )  RATIONAL_B_SPLINE_CURVE ( ( 1.000000000000000000, 0.7596294687389084643, 0.7596294687389084643, 1.000000000000000000 ) ) 
 REPRESENTATION_ITEM ( '' )  );
#1794 = DIRECTION ( 'NONE',  ( 0.000000000000000000, 1.000000000000000000, 0.000000000000000000 ) ) ;
#1795 = LINE ( 'NONE', #2853, #3250 ) ;
#1796 = DIRECTION ( 'NONE',  ( 0.000000000000000000, -1.000000000000000000, 0.000000000000000000 ) ) ;
#1797 = CARTESIAN_POINT ( 'NONE',  ( -2.581917517303288864E-15, 0.000000000000000000, 6.449999999999999289 ) ) ;
#1798 = CARTESIAN_POINT ( 'NONE',  ( 7.500000000000000000, -18.50000000000000000, 2.755455298081544383E-15 ) ) ;
#1799 = ORIENTED_EDGE ( 'NONE', *, *, #799, .T. ) ;
#1800 = CARTESIAN_POINT ( 'NONE',  ( 9.485707038163186056, 80.73421531433321263, -1.155699005524603251 ) ) ;
#1801 = EDGE_CURVE ( 'NONE', #2868, #2941, #3397, .T. ) ;
#1802 = EDGE_CURVE ( 'NONE', #2478, #3242, #2476, .T. ) ;
#1803 = DIRECTION ( 'NONE',  ( -0.000000000000000000, 1.000000000000000000, -0.000000000000000000 ) ) ;
#1804 = DIRECTION ( 'NONE',  ( 0.000000000000000000, 0.000000000000000000, -1.000000000000000000 ) ) ;
#1805 = CARTESIAN_POINT ( 'NONE',  ( -2.999999999999999112, -11.00000000000000000, 4.500000000000000000 ) ) ;
#1806 = EDGE_CURVE ( 'NONE', #334, #1663, #406, .T. ) ;
#1807 = ORIENTED_EDGE ( 'NONE', *, *, #2311, .F. ) ;
#1808 = CARTESIAN_POINT ( 'NONE',  ( 0.000000000000000000, -17.49999999999999645, 2.950000000000000622 ) ) ;
#1809 = VERTEX_POINT ( 'NONE', #951 ) ;
#1810 = EDGE_LOOP ( 'NONE', ( #2167, #1370 ) ) ;
#1811 = VECTOR ( 'NONE', #2075, 1000.000000000000000 ) ;
#1812 = DIRECTION ( 'NONE',  ( 0.000000000000000000, 0.000000000000000000, -1.000000000000000000 ) ) ;
#1813 = CARTESIAN_POINT ( 'NONE',  ( 12.31751137941069274, 24.87542554923119198, 33.54945057594471791 ) ) ;
#1814 = PLANE ( 'NONE',  #42 ) ;
#1815 = EDGE_CURVE ( 'NONE', #1120, #946, #1518, .T. ) ;
#1816 = AXIS2_PLACEMENT_3D ( 'NONE', #2508, #828, #284 ) ;
#1817 = CARTESIAN_POINT ( 'NONE',  ( 11.99575876005039987, 27.99176602951645521, -47.60058726294537479 ) ) ;
#1818 = FACE_OUTER_BOUND ( 'NONE', #3526, .T. ) ;
#1819 = ORIENTED_EDGE ( 'NONE', *, *, #1850, .T. ) ;
#1820 = CARTESIAN_POINT ( 'NONE',  ( 9.497984859727372609, 82.40936127189222304, -9.492939129004152932 ) ) ;
#1821 = FACE_OUTER_BOUND ( 'NONE', #2610, .T. ) ;
#1822 = VECTOR ( 'NONE', #1669, 1000.000000000000000 ) ;
#1823 = DIRECTION ( 'NONE',  ( 0.000000000000000000, 0.000000000000000000, -1.000000000000000000 ) ) ;
#1824 = DIRECTION ( 'NONE',  ( 1.000000000000000000, -0.000000000000000000, -0.000000000000000000 ) ) ;
#1825 = ADVANCED_FACE ( 'NONE', ( #2096 ), #2080, .F. ) ;
#1826 = ORIENTED_EDGE ( 'NONE', *, *, #2258, .F. ) ;
#1827 = VECTOR ( 'NONE', #172, 1000.000000000000000 ) ;
#1828 = EDGE_CURVE ( 'NONE', #3402, #2531, #169, .T. ) ;
#1829 = CARTESIAN_POINT ( 'NONE',  ( 11.96121588219895848, 28.28532905302271416, -54.60638910633363707 ) ) ;
#1830 = EDGE_LOOP ( 'NONE', ( #2890, #2771 ) ) ;
#1831 = ORIENTED_EDGE ( 'NONE', *, *, #1070, .F. ) ;
#1832 = CARTESIAN_POINT ( 'NONE',  ( 12.10063144719748429, 26.96061127355810783, -50.41826989421861072 ) ) ;
#1833 = VECTOR ( 'NONE', #1525, 1000.000000000000000 ) ;
#1834 = LINE ( 'NONE', #743, #2790 ) ;
#1835 = CARTESIAN_POINT ( 'NONE',  ( 13.27203350044462482, 16.62389717456601801, -36.99347006793919235 ) ) ;
#1836 = CARTESIAN_POINT ( 'NONE',  ( 9.726978584855618948, 62.34868349141712685, -37.58838229352566884 ) ) ;
#1837 = VERTEX_POINT ( 'NONE', #2385 ) ;
#1838 = CARTESIAN_POINT ( 'NONE',  ( 9.499545924876825254, 82.58619156951385776, -11.77108350973399453 ) ) ;
#1839 = DIRECTION ( 'NONE',  ( 0.000000000000000000, 1.802037073614204227E-15, 1.000000000000000000 ) ) ;
#1840 = CARTESIAN_POINT ( 'NONE',  ( -5.000000000000000000, 40.10137802864853285, -28.58137802864835564 ) ) ;
#1841 = DIRECTION ( 'NONE',  ( 1.000000000000000000, -0.000000000000000000, -0.000000000000000000 ) ) ;
#1842 = EDGE_LOOP ( 'NONE', ( #1637, #1256, #1450, #369 ) ) ;
#1843 = EDGE_CURVE ( 'NONE', #2092, #2006, #3474, .T. ) ;
#1844 = CARTESIAN_POINT ( 'NONE',  ( 14.41714023157608615, 7.999999999999992895, 35.99999999999999289 ) ) ;
#1845 = ORIENTED_EDGE ( 'NONE', *, *, #665, .T. ) ;
#1846 = ORIENTED_EDGE ( 'NONE', *, *, #1540, .T. ) ;
#1847 = EDGE_CURVE ( 'NONE', #409, #1551, #2426, .T. ) ;
#1848 = DIRECTION ( 'NONE',  ( 1.000000000000000000, 0.000000000000000000, 0.000000000000000000 ) ) ;
#1849 = CARTESIAN_POINT ( 'NONE',  ( 0.000000000000000000, 0.000000000000000000, 0.000000000000000000 ) ) ;
#1850 = EDGE_CURVE ( 'NONE', #2770, #621, #1179, .T. ) ;
#1851 = DIRECTION ( 'NONE',  ( 0.000000000000000000, -1.000000000000000000, 0.000000000000000000 ) ) ;
#1852 = CARTESIAN_POINT ( 'NONE',  ( 9.558619269239578387, 69.18638763697151717, 0.6545162503259752684 ) ) ;
#1853 = ORIENTED_EDGE ( 'NONE', *, *, #1117, .F. ) ;
#1854 = CARTESIAN_POINT ( 'NONE',  ( -5.000000000000000000, 25.95924240491745749, 15.25924240491754347 ) ) ;
#1855 = DIRECTION ( 'NONE',  ( 0.000000000000000000, 1.000000000000000000, 9.082321863752923808E-16 ) ) ;
#1856 = DIRECTION ( 'NONE',  ( 1.000000000000000000, -0.000000000000000000, 0.000000000000000000 ) ) ;
#1857 = VERTEX_POINT ( 'NONE', #782 ) ;
#1858 = DIRECTION ( 'NONE',  ( 0.000000000000000000, 0.5368895961574927655, 0.8436525123164421158 ) ) ;
#1859 = CARTESIAN_POINT ( 'NONE',  ( 11.00569042366573314, 39.05249650758314317, -56.25303444463254721 ) ) ;
#1860 = ORIENTED_EDGE ( 'NONE', *, *, #2289, .F. ) ;
#1861 = ORIENTED_EDGE ( 'NONE', *, *, #1843, .F. ) ;
#1862 = CARTESIAN_POINT ( 'NONE',  ( 10.39565070710724015, 47.72686052206319829, -52.13650303848805123 ) ) ;
#1863 = LINE ( 'NONE', #1279, #2966 ) ;
#1864 = EDGE_CURVE ( 'NONE', #25, #1767, #1579, .T. ) ;
#1865 = ADVANCED_FACE ( 'NONE', ( #2132 ), #2969, .F. ) ;
#1866 = CARTESIAN_POINT ( 'NONE',  ( 11.82393271055954642, 29.72815732580988168, -48.18404709059600322 ) ) ;
#1867 = CARTESIAN_POINT ( 'NONE',  ( 9.584544898356242015, 67.83172366562681077, -30.89817936244941876 ) ) ;
#1868 = VECTOR ( 'NONE', #3560, 1000.000000000000000 ) ;
#1869 = FACE_OUTER_BOUND ( 'NONE', #2949, .T. ) ;
#1870 = CARTESIAN_POINT ( 'NONE',  ( -136.5042866136667499, 3.269635870951050520E-14, -36.00000000000000711 ) ) ;
#1871 = CARTESIAN_POINT ( 'NONE',  ( -7.500000000000000000, 6.500000000000000888, -41.00000000000000000 ) ) ;
#1872 = CIRCLE ( 'NONE', #3479, 1.650000000000000133 ) ;
#1873 = VERTEX_POINT ( 'NONE', #764 ) ;
#1874 = AXIS2_PLACEMENT_3D ( 'NONE', #1206, #354, #395 ) ;
#1875 = DIRECTION ( 'NONE',  ( -0.000000000000000000, 1.000000000000000000, -0.000000000000000000 ) ) ;
#1876 = ORIENTED_EDGE ( 'NONE', *, *, #3438, .F. ) ;
#1877 = ORIENTED_EDGE ( 'NONE', *, *, #1232, .T. ) ;
#1878 = FACE_OUTER_BOUND ( 'NONE', #1781, .T. ) ;
#1879 = DIRECTION ( 'NONE',  ( -0.000000000000000000, 0.000000000000000000, 1.000000000000000000 ) ) ;
#1880 = CIRCLE ( 'NONE', #2242, 1.299999999999999156 ) ;
#1881 = LINE ( 'NONE', #3466, #2122 ) ;
#1882 = EDGE_CURVE ( 'NONE', #2784, #1143, #3221, .T. ) ;
#1883 = CARTESIAN_POINT ( 'NONE',  ( 10.77914935364120197, 42.02418197873512895, -46.26641655800941066 ) ) ;
#1884 = AXIS2_PLACEMENT_3D ( 'NONE', #50, #1107, #826 ) ;
#1885 = CARTESIAN_POINT ( 'NONE',  ( -2.999999999999999112, 9.000000000000001776, 11.00000000000000355 ) ) ;
#1886 = CARTESIAN_POINT ( 'NONE',  ( 13.83237411587337995, 12.26134759341693226, -46.05310854915726537 ) ) ;
#1887 = VECTOR ( 'NONE', #1918, 1000.000000000000000 ) ;
#1888 = CARTESIAN_POINT ( 'NONE',  ( -7.500000000000000000, 5.035533905932736864, -41.00000000000000711 ) ) ;
#1889 = VERTEX_POINT ( 'NONE', #3522 ) ;
#1890 = VECTOR ( 'NONE', #2491, 1000.000000000000000 ) ;
#1891 = CARTESIAN_POINT ( 'NONE',  ( 11.20675846073856263, 36.55930091446034425, -46.06518147564404586 ) ) ;
#1892 = VERTEX_POINT ( 'NONE', #1339 ) ;
#1893 = ORIENTED_EDGE ( 'NONE', *, *, #2698, .F. ) ;
#1894 = AXIS2_PLACEMENT_3D ( 'NONE', #3391, #1796, #2560 ) ;
#1895 = CARTESIAN_POINT ( 'NONE',  ( 9.627876250663280899, 65.90065526704394472, -43.13053907814342836 ) ) ;
#1896 = LINE ( 'NONE', #229, #540 ) ;
#1897 = CARTESIAN_POINT ( 'NONE',  ( 9.621695494406440119, 66.15945681706196524, 10.91562380515450137 ) ) ;
#1898 = CARTESIAN_POINT ( 'NONE',  ( 4.500000000000000888, 8.000000000000000000, 11.00000000000000355 ) ) ;
#1899 = DIRECTION ( 'NONE',  ( 0.000000000000000000, 0.000000000000000000, -1.000000000000000000 ) ) ;
#1900 = CARTESIAN_POINT ( 'NONE',  ( -2.500000000000030198, 40.28000000000000114, -56.26641655800941777 ) ) ;
#1901 = CARTESIAN_POINT ( 'NONE',  ( 1.200153863164406542E-15, -18.50000000000000000, -9.800000000000002487 ) ) ;
#1902 = CARTESIAN_POINT ( 'NONE',  ( 17.00000000000000000, 34.26440284765216404, 35.97561933896513153 ) ) ;
#1903 = ORIENTED_EDGE ( 'NONE', *, *, #1326, .F. ) ;
#1904 = EDGE_CURVE ( 'NONE', #1172, #1788, #234, .T. ) ;
#1905 = EDGE_CURVE ( 'NONE', #3334, #1930, #185, .T. ) ;
#1906 = ADVANCED_FACE ( 'NONE', ( #1353 ), #2185, .F. ) ;
#1907 = APPLICATION_CONTEXT ( 'automotive_design' ) ;
#1908 = DIRECTION ( 'NONE',  ( 0.000000000000000000, 0.000000000000000000, 1.000000000000000000 ) ) ;
#1909 = ORIENTED_EDGE ( 'NONE', *, *, #2023, .T. ) ;
#1910 = ORIENTED_EDGE ( 'NONE', *, *, #2945, .T. ) ;
#1911 = CARTESIAN_POINT ( 'NONE',  ( 9.479970862875871873, 78.86962707171147713, -9.316198039733329495 ) ) ;
#1912 = CARTESIAN_POINT ( 'NONE',  ( 14.49135828355855260, 7.477328885380272183, 35.97434742413923203 ) ) ;
#1913 = AXIS2_PLACEMENT_3D ( 'NONE', #1171, #580, #1691 ) ;
#1914 = ORIENTED_EDGE ( 'NONE', *, *, #2591, .F. ) ;
#1915 = CARTESIAN_POINT ( 'NONE',  ( 9.484236605376288765, 75.89009765894724069, -9.669800981837932241 ) ) ;
#1916 = FACE_OUTER_BOUND ( 'NONE', #1390, .T. ) ;
#1917 = FACE_OUTER_BOUND ( 'NONE', #3163, .T. ) ;
#1918 = DIRECTION ( 'NONE',  ( -0.000000000000000000, -0.000000000000000000, 1.000000000000000000 ) ) ;
#1919 = FACE_OUTER_BOUND ( 'NONE', #2044, .T. ) ;
#1920 = CARTESIAN_POINT ( 'NONE',  ( -2.581917517303288864E-15, -18.50000000000000000, 6.449999999999999289 ) ) ;
#1921 = AXIS2_PLACEMENT_3D ( 'NONE', #3271, #3508, #2953 ) ;
#1922 = ORIENTED_EDGE ( 'NONE', *, *, #2400, .F. ) ;
#1924 = CYLINDRICAL_SURFACE ( 'NONE', #2989, 9.000000000000007105 ) ;
#1923 = CIRCLE ( 'NONE', #2340, 12.72498568747122683 ) ;
#1925 = EDGE_CURVE ( 'NONE', #1697, #3352, #280, .T. ) ;
#1926 = CARTESIAN_POINT ( 'NONE',  ( 12.50000000000000178, 0.000000000000000000, 10.00000000000000000 ) ) ;
#1927 = EDGE_LOOP ( 'NONE', ( #1876, #685, #3190, #1038 ) ) ;
#1928 = AXIS2_PLACEMENT_3D ( 'NONE', #359, #1210, #3182 ) ;
#1929 = ADVANCED_FACE ( 'NONE', ( #1026 ), #476, .F. ) ;
#1930 = VERTEX_POINT ( 'NONE', #2200 ) ;
#1931 = DIRECTION ( 'NONE',  ( 0.000000000000000000, 0.7071067811865455743, 0.7071067811865495711 ) ) ;
#1932 = CARTESIAN_POINT ( 'NONE',  ( 14.98073479279735309, 4.128663251830191783, 33.03983405544594376 ) ) ;
#1933 = EDGE_LOOP ( 'NONE', ( #939, #1745, #1750, #1015 ) ) ;
#1934 = CARTESIAN_POINT ( 'NONE',  ( 9.618063346566938066, 66.18206169950143192, -38.82417047063457005 ) ) ;
#1935 = CARTESIAN_POINT ( 'NONE',  ( -8.535533905932735976, 3.999999999999999112, 39.96446609406725514 ) ) ;
#1936 = DIRECTION ( 'NONE',  ( 0.000000000000000000, 0.000000000000000000, -1.000000000000000000 ) ) ;
#1937 = CARTESIAN_POINT ( 'NONE',  ( 17.00000000000000000, 17.50058944330335109, -41.60081188898130478 ) ) ;
#1938 = CARTESIAN_POINT ( 'NONE',  ( 12.18036473397086006, 26.16797627760791300, 36.80619829543604737 ) ) ;
#1939 = DIRECTION ( 'NONE',  ( 0.000000000000000000, 1.000000000000000000, 0.000000000000000000 ) ) ;
#1940 = AXIS2_PLACEMENT_3D ( 'NONE', #3376, #2563, #1459 ) ;
#1941 = ORIENTED_EDGE ( 'NONE', *, *, #2808, .T. ) ;
#1942 = CYLINDRICAL_SURFACE ( 'NONE', #1084, 1.050000000000000266 ) ;
#1943 = AXIS2_PLACEMENT_3D ( 'NONE', #3324, #2515, #1462 ) ;
#1944 = CARTESIAN_POINT ( 'NONE',  ( -2.500000000000030198, 11.64000000000000057, -45.99999999999999289 ) ) ;
#1945 = LINE ( 'NONE', #3062, #2679 ) ;
#1946 = ORIENTED_EDGE ( 'NONE', *, *, #3514, .F. ) ;
#1947 = VECTOR ( 'NONE', #2019, 1000.000000000000000 ) ;
#1948 = VERTEX_POINT ( 'NONE', #3001 ) ;
#1949 = EDGE_CURVE ( 'NONE', #3462, #596, #202, .T. ) ;
#1950 = VECTOR ( 'NONE', #3194, 1000.000000000000000 ) ;
#1951 = CARTESIAN_POINT ( 'NONE',  ( 9.480094724851502619, 78.94296634166694560, -9.980826990166589141 ) ) ;
#1952 = CARTESIAN_POINT ( 'NONE',  ( 14.99999999999999822, 4.000000000000000888, 32.26551082901626444 ) ) ;
#1953 = ORIENTED_EDGE ( 'NONE', *, *, #180, .T. ) ;
#1954 = EDGE_CURVE ( 'NONE', #613, #1612, #2727, .T. ) ;
#1955 = CARTESIAN_POINT ( 'NONE',  ( 11.03616600700138228, 38.66531419093936961, -49.73527306095272849 ) ) ;
#1956 = DIRECTION ( 'NONE',  ( 0.000000000000000000, 0.000000000000000000, 1.000000000000000000 ) ) ;
#1957 = CARTESIAN_POINT ( 'NONE',  ( 7.500000000000000000, -18.50000000000000000, 1.050000000000003153 ) ) ;
#1958 = DIRECTION ( 'NONE',  ( -1.000000000000000000, 0.000000000000000000, -0.000000000000000000 ) ) ;
#1959 = CARTESIAN_POINT ( 'NONE',  ( 0.000000000000000000, 4.000000000000000000, -10.00000000000000000 ) ) ;
#1960 = FACE_OUTER_BOUND ( 'NONE', #3272, .T. ) ;
#1961 = EDGE_LOOP ( 'NONE', ( #920, #2345, #917, #700 ) ) ;
#1962 = DIRECTION ( 'NONE',  ( 0.000000000000000000, -0.7071067811865459074, -0.7071067811865491270 ) ) ;
#1963 = B_SPLINE_CURVE_WITH_KNOTS ( 'NONE', 3,
 ( #2876, #704, #2322, #1281, #2580, #924, #376, #356, #416, #1527, #396, #3450 ),
 .UNSPECIFIED., .F., .F.,
 ( 4, 2, 2, 2, 2, 4 ),
 ( 0.000000000000000000, 0.005905166103191162967, 0.01181033220638232593, 0.01476291525797790438, 0.01771549830957348456, 0.02362066441276464146 ),
 .UNSPECIFIED. ) ;
#1964 = CARTESIAN_POINT ( 'NONE',  ( 22.50000000000000355, 4.000000000000000000, -10.00000000000000000 ) ) ;
#1965 = DIRECTION ( 'NONE',  ( -1.000000000000000000, 0.000000000000000000, 0.000000000000000000 ) ) ;
#1966 = ORIENTED_EDGE ( 'NONE', *, *, #1336, .F. ) ;
#1967 = EDGE_LOOP ( 'NONE', ( #3212, #698, #1354, #337 ) ) ;
#1968 = CARTESIAN_POINT ( 'NONE',  ( 14.99607601284251857, 4.026173499415350854, 32.52650358388743257 ) ) ;
#1969 = ORIENTED_EDGE ( 'NONE', *, *, #2677, .T. ) ;
#1970 = ORIENTED_EDGE ( 'NONE', *, *, #1451, .T. ) ;
#1971 = CARTESIAN_POINT ( 'NONE',  ( 9.511198811008318543, 72.43247206556469564, -29.82779654124539093 ) ) ;
#1972 = CARTESIAN_POINT ( 'NONE',  ( 13.88593885708755415, 11.86000000000001009, 42.49999999999999289 ) ) ;
#1973 = EDGE_CURVE ( 'NONE', #2442, #994, #766, .T. ) ;
#1974 = DIRECTION ( 'NONE',  ( 0.000000000000000000, -0.8436525123164421158, 0.5368895961574927655 ) ) ;
#1975 = LINE ( 'NONE', #1150, #551 ) ;
#1976 = EDGE_CURVE ( 'NONE', #3498, #2520, #1570, .T. ) ;
#1977 = CARTESIAN_POINT ( 'NONE',  ( 12.75656846030836888, 20.93548605719118783, 38.43289180068574495 ) ) ;
#1978 = DIRECTION ( 'NONE',  ( 1.000000000000000000, 0.000000000000000000, 0.000000000000000000 ) ) ;
#1979 = PRODUCT_RELATED_PRODUCT_CATEGORY ( 'part', '', ( #2131 ) ) ;
#1980 = ORIENTED_EDGE ( 'NONE', *, *, #1138, .F. ) ;
#1981 = DIRECTION ( 'NONE',  ( 0.000000000000000000, 0.000000000000000000, -1.000000000000000000 ) ) ;
#1982 = APPLICATION_CONTEXT ( 'automotive_design' ) ;
#1983 = LINE ( 'NONE', #583, #792 ) ;
#1984 = CARTESIAN_POINT ( 'NONE',  ( 14.96886441612052998, 4.208013244489653637, -33.29965969916715096 ) ) ;
#1985 = EDGE_LOOP ( 'NONE', ( #1163, #1442, #1556, #275 ) ) ;
#1986 = ORIENTED_EDGE ( 'NONE', *, *, #3264, .F. ) ;
#1987 = VECTOR ( 'NONE', #1696, 1000.000000000000114 ) ;
#1988 = CARTESIAN_POINT ( 'NONE',  ( -2.999999999999999112, 4.000000000000000000, -10.99999999999999645 ) ) ;
#1989 = AXIS2_PLACEMENT_3D ( 'NONE', #3439, #1841, #1899 ) ;
#1990 = EDGE_LOOP ( 'NONE', ( #2024, #2336 ) ) ;
#1991 = ORIENTED_EDGE ( 'NONE', *, *, #737, .F. ) ;
#1992 = CARTESIAN_POINT ( 'NONE',  ( 4.500000000000000888, 4.000000000000000000, -0.000000000000000000 ) ) ;
#1993 = DIRECTION ( 'NONE',  ( -0.000000000000000000, 1.000000000000000000, -0.000000000000000000 ) ) ;
#1994 = DIRECTION ( 'NONE',  ( 0.000000000000000000, -0.000000000000000000, 1.000000000000000000 ) ) ;
#1995 = AXIS2_PLACEMENT_3D ( 'NONE', #3477, #1013, #1101 ) ;
#1996 = EDGE_CURVE ( 'NONE', #1233, #1481, #294, .T. ) ;
#1997 = CARTESIAN_POINT ( 'NONE',  ( 0.000000000000000000, -18.50000000000000000, 0.000000000000000000 ) ) ;
#1998 = CARTESIAN_POINT ( 'NONE',  ( 4.500000000000000888, -11.00000000000000000, 4.500000000000000000 ) ) ;
#1999 = ORIENTED_EDGE ( 'NONE', *, *, #1386, .T. ) ;
#2000 = DIRECTION ( 'NONE',  ( -0.000000000000000000, 1.000000000000000000, -0.000000000000000000 ) ) ;
#2001 = FACE_OUTER_BOUND ( 'NONE', #916, .T. ) ;
#2002 = CIRCLE ( 'NONE', #2064, 500.0000000000000000 ) ;
#2003 = CARTESIAN_POINT ( 'NONE',  ( 15.00000000000000000, 4.000000000000000000, -31.99999999999999289 ) ) ;
#2004 = ORIENTED_EDGE ( 'NONE', *, *, #485, .F. ) ;
#2005 = CIRCLE ( 'NONE', #3546, 1.299999999999999156 ) ;
#2006 = VERTEX_POINT ( 'NONE', #1041 ) ;
#2007 = B_SPLINE_CURVE_WITH_KNOTS ( 'NONE', 3,
 ( #3297, #1474, #3125, #3180, #2893, #105, #3145, #664, #1493, #644, #1775, #2619, #941, #374 ),
 .UNSPECIFIED., .F., .F.,
 ( 4, 2, 2, 2, 2, 2, 4 ),
 ( 9.813077866773594792E-18, 0.006399381968949199515, 0.01279876393789840250, 0.01439860943013570801, 0.01599845492237301353, 0.01919814590684761763, 0.02559752787579683275 ),
 .UNSPECIFIED. ) ;
#2008 = DIRECTION ( 'NONE',  ( 0.000000000000000000, 0.000000000000000000, -1.000000000000000000 ) ) ;
#2009 = ORIENTED_EDGE ( 'NONE', *, *, #2414, .T. ) ;
#2010 = FACE_OUTER_BOUND ( 'NONE', #298, .T. ) ;
#2011 = CARTESIAN_POINT ( 'NONE',  ( 13.14445016600076777, 17.66102097023013684, 35.52907076015355159 ) ) ;
#2012 = CARTESIAN_POINT ( 'NONE',  ( 12.50000000000000178, -22.36067977499790160, 10.00000000000000000 ) ) ;
#2013 = EDGE_CURVE ( 'NONE', #3241, #3242, #2152, .T. ) ;
#2014 = VECTOR ( 'NONE', #598, 1000.000000000000000 ) ;
#2015 = FACE_OUTER_BOUND ( 'NONE', #3478, .T. ) ;
#2016 = CARTESIAN_POINT ( 'NONE',  ( 0.000000000000000000, -18.50000000000000000, 0.000000000000000000 ) ) ;
#2017 = ORIENTED_EDGE ( 'NONE', *, *, #404, .F. ) ;
#2018 = CARTESIAN_POINT ( 'NONE',  ( 509.4793796504069974, 78.09549986705438585, -56.26641655800941777 ) ) ;
#2019 = DIRECTION ( 'NONE',  ( 1.000000000000000000, -0.000000000000000000, -0.000000000000000000 ) ) ;
#2020 = CARTESIAN_POINT ( 'NONE',  ( 9.574644789481972396, 68.32514499291903576, 12.99226218758130180 ) ) ;
#2021 = CARTESIAN_POINT ( 'NONE',  ( -136.5042866136667499, 8.000000000000000000, -31.99999999999999289 ) ) ;
#2022 = EDGE_CURVE ( 'NONE', #2990, #1697, #1153, .T. ) ;
#2023 = EDGE_CURVE ( 'NONE', #1481, #1233, #3122, .T. ) ;
#2024 = ORIENTED_EDGE ( 'NONE', *, *, #3339, .F. ) ;
#2025 = ORIENTED_EDGE ( 'NONE', *, *, #1806, .F. ) ;
#2026 = EDGE_CURVE ( 'NONE', #755, #2263, #1230, .T. ) ;
#2027 =( BOUNDED_CURVE ( )  B_SPLINE_CURVE ( 3, ( #2638, #2652, #3483, #3010 ),
 .UNSPECIFIED., .F., .T. ) 
 B_SPLINE_CURVE_WITH_KNOTS ( ( 4, 4 ),
 ( 1.479787214296866660, 1.533658664913185143 ),
 .UNSPECIFIED. ) 
 CURVE ( )  GEOMETRIC_REPRESENTATION_ITEM ( )  RATIONAL_B_SPLINE_CURVE ( ( 1.000000000000000000, 0.9997581701892032102, 0.9997581701892032102, 1.000000000000000000 ) ) 
 REPRESENTATION_ITEM ( '' )  );
#2028 = CYLINDRICAL_SURFACE ( 'NONE', #2792, 1.299999999999999156 ) ;
#2029 = ORIENTED_EDGE ( 'NONE', *, *, #2559, .T. ) ;
#2030 = VERTEX_POINT ( 'NONE', #595 ) ;
#2031 = DIRECTION ( 'NONE',  ( 0.000000000000000000, 1.000000000000000000, 0.000000000000000000 ) ) ;
#2032 = CARTESIAN_POINT ( 'NONE',  ( -7.500000000000000000, 11.64000000000000057, -48.72498568747121794 ) ) ;
#2033 = CARTESIAN_POINT ( 'NONE',  ( -2.500000000000030198, 63.02071938050821132, 21.82409724188639899 ) ) ;
#2034 = CARTESIAN_POINT ( 'NONE',  ( 15.00000000000000000, 3.999999999999998224, -56.26641655800941777 ) ) ;
#2035 = VERTEX_POINT ( 'NONE', #832 ) ;
#2036 = CARTESIAN_POINT ( 'NONE',  ( 9.494790119984081400, 82.02745644228730271, -6.664211424972021014 ) ) ;
#2037 = CARTESIAN_POINT ( 'NONE',  ( 12.50000000000000000, -22.36067977499790160, -10.00000000000000000 ) ) ;
#2038 = DIRECTION ( 'NONE',  ( 0.000000000000000000, 0.000000000000000000, -1.000000000000000000 ) ) ;
#2039 = CARTESIAN_POINT ( 'NONE',  ( 0.000000000000000000, -13.49999999999999822, -1.650000000000000133 ) ) ;
#2040 = EDGE_LOOP ( 'NONE', ( #2298, #2205 ) ) ;
#2041 = VERTEX_POINT ( 'NONE', #1673 ) ;
#2042 = EDGE_CURVE ( 'NONE', #3303, #2302, #2829, .T. ) ;
#2043 = DIRECTION ( 'NONE',  ( -1.000000000000000000, 0.000000000000000000, 0.000000000000000000 ) ) ;
#2044 = EDGE_LOOP ( 'NONE', ( #2429, #2493, #2270, #449 ) ) ;
#2045 = ORIENTED_EDGE ( 'NONE', *, *, #2601, .F. ) ;
#2046 = CARTESIAN_POINT ( 'NONE',  ( 15.00000000000000000, 4.000000000000000000, 32.00000000000000000 ) ) ;
#2047 = AXIS2_PLACEMENT_3D ( 'NONE', #536, #1650, #3317 ) ;
#2048 = B_SPLINE_CURVE_WITH_KNOTS ( 'NONE', 3,
 ( #539, #269, #3342, #1938, #3559, #3057, #1977, #3091, #1096, #325, #831, #2511 ),
 .UNSPECIFIED., .F., .F.,
 ( 4, 2, 2, 2, 2, 4 ),
 ( 0.000000000000000000, 0.005481441348932822831, 0.01096288269786564566, 0.01370360337233205751, 0.01644432404679846763, 0.02192576539573129479 ),
 .UNSPECIFIED. ) ;
#2049 = DIRECTION ( 'NONE',  ( 1.000000000000000000, 0.000000000000000000, 0.000000000000000000 ) ) ;
#2050 = FACE_OUTER_BOUND ( 'NONE', #681, .T. ) ;
#2051 = CIRCLE ( 'NONE', #483, 11.30000000000000249 ) ;
#2052 = CARTESIAN_POINT ( 'NONE',  ( 17.00000000000000000, 40.28000000000000114, -13.90999999999999481 ) ) ;
#2053 = CARTESIAN_POINT ( 'NONE',  ( 10.91144248456315324, 40.28000000000000114, -46.26641655800941066 ) ) ;
#2054 = CIRCLE ( 'NONE', #251, 499.9999999999998863 ) ;
#2055 = ORIENTED_EDGE ( 'NONE', *, *, #162, .F. ) ;
#2056 = DIRECTION ( 'NONE',  ( 1.000000000000000000, -0.000000000000000000, -0.000000000000000000 ) ) ;
#2057 = DIRECTION ( 'NONE',  ( 0.000000000000000000, 0.000000000000000000, -1.000000000000000000 ) ) ;
#2058 = DIRECTION ( 'NONE',  ( 0.000000000000000000, 0.000000000000000000, -1.000000000000000000 ) ) ;
#2059 = DIRECTION ( 'NONE',  ( 0.000000000000000000, 0.000000000000000000, -1.000000000000000000 ) ) ;
#2060 = ORIENTED_EDGE ( 'NONE', *, *, #2397, .F. ) ;
#2061 = ORIENTED_EDGE ( 'NONE', *, *, #2469, .T. ) ;
#2062 = AXIS2_PLACEMENT_3D ( 'NONE', #250, #1368, #2458 ) ;
#2063 = CARTESIAN_POINT ( 'NONE',  ( 5.000000000000000000, 11.86000000000000121, 0.7699999999999997957 ) ) ;
#2064 = AXIS2_PLACEMENT_3D ( 'NONE', #2121, #175, #482 ) ;
#2065 = ORIENTED_EDGE ( 'NONE', *, *, #2026, .F. ) ;
#2066 = VERTEX_POINT ( 'NONE', #2254 ) ;
#2067 = CONICAL_SURFACE ( 'NONE', #785, 48.00000000000000000, 0.7853981633974506105 ) ;
#2068 = DIRECTION ( 'NONE',  ( 0.000000000000000000, 0.000000000000000000, -1.000000000000000000 ) ) ;
#2069 = CARTESIAN_POINT ( 'NONE',  ( -2.710505431213761085E-15, -18.50000000000000000, 8.550000000000000711 ) ) ;
#2070 = ADVANCED_FACE ( 'NONE', ( #3092 ), #3343, .F. ) ;
#2071 = EDGE_CURVE ( 'NONE', #3440, #3225, #1190, .T. ) ;
#2072 = DIRECTION ( 'NONE',  ( 0.000000000000000000, 0.000000000000000000, -1.000000000000000000 ) ) ;
#2073 = AXIS2_PLACEMENT_3D ( 'NONE', #711, #3132, #2079 ) ;
#2074 = CARTESIAN_POINT ( 'NONE',  ( 9.766896840783578781, 61.14160579395698392, 18.87131344877884587 ) ) ;
#2075 = DIRECTION ( 'NONE',  ( -0.000000000000000000, -0.000000000000000000, 1.000000000000000000 ) ) ;
#2076 = ORIENTED_EDGE ( 'NONE', *, *, #1117, .T. ) ;
#2077 = CARTESIAN_POINT ( 'NONE',  ( 9.604691306167406850, 66.77309737252207356, 19.21686412468696048 ) ) ;
#2078 = AXIS2_PLACEMENT_3D ( 'NONE', #1407, #2805, #3022 ) ;
#2079 = DIRECTION ( 'NONE',  ( 0.000000000000000000, 0.000000000000000000, -1.000000000000000000 ) ) ;
#2080 = PLANE ( 'NONE',  #2833 ) ;
#2081 = DIRECTION ( 'NONE',  ( 8.659560562354952580E-17, -0.7071067811865459074, 0.7071067811865491270 ) ) ;
#2082 = ORIENTED_EDGE ( 'NONE', *, *, #3245, .T. ) ;
#2083 = ORIENTED_EDGE ( 'NONE', *, *, #3099, .T. ) ;
#2084 = CYLINDRICAL_SURFACE ( 'NONE', #3542, 1.299999999999992051 ) ;
#2085 = ORIENTED_EDGE ( 'NONE', *, *, #2899, .T. ) ;
#2086 = EDGE_LOOP ( 'NONE', ( #1284, #989, #481, #205, #1140, #1374, #2809, #1358, #2430, #425, #1145, #642 ) ) ;
#2087 = FACE_OUTER_BOUND ( 'NONE', #1310, .T. ) ;
#2088 = CARTESIAN_POINT ( 'NONE',  ( 12.00384135240606831, 27.89203018401043366, 32.18445034482319045 ) ) ;
#2089 = CARTESIAN_POINT ( 'NONE',  ( 4.500000000000000888, 40.28000000000000114, -13.90999999999999481 ) ) ;
#2090 = EDGE_CURVE ( 'NONE', #2241, #1222, #3574, .T. ) ;
#2091 = DIRECTION ( 'NONE',  ( 0.000000000000000000, 0.000000000000000000, 1.000000000000000000 ) ) ;
#2092 = VERTEX_POINT ( 'NONE', #3018 ) ;
#2093 = CARTESIAN_POINT ( 'NONE',  ( 9.479416510727689982, 77.49244591867663701, -34.17322888029860906 ) ) ;
#2094 = ADVANCED_FACE ( 'NONE', ( #38 ), #2765, .F. ) ;
#2095 = CARTESIAN_POINT ( 'NONE',  ( -4.999999999999999112, 40.28000000000000114, -22.91000000000000014 ) ) ;
#2096 = FACE_OUTER_BOUND ( 'NONE', #1080, .T. ) ;
#2097 = LINE ( 'NONE', #444, #3137 ) ;
#2098 = EDGE_LOOP ( 'NONE', ( #3425, #2325, #1567, #3032 ) ) ;
#2099 = DIRECTION ( 'NONE',  ( -0.000000000000000000, 0.000000000000000000, 1.000000000000000000 ) ) ;
#2100 = EDGE_LOOP ( 'NONE', ( #2932, #2045, #3509, #271 ) ) ;
#2101 = ORIENTED_EDGE ( 'NONE', *, *, #2090, .T. ) ;
#2102 = CARTESIAN_POINT ( 'NONE',  ( 12.50000000000000178, 4.000000000000000000, 10.00000000000000000 ) ) ;
#2103 = CARTESIAN_POINT ( 'NONE',  ( -5.000000000000000000, 54.95062043356598735, -13.73213562373081764 ) ) ;
#2104 = DIRECTION ( 'NONE',  ( -1.000000000000000000, -0.000000000000000000, 0.000000000000000000 ) ) ;
#2105 = CIRCLE ( 'NONE', #3361, 1.299999999999999156 ) ;
#2106 = DIRECTION ( 'NONE',  ( 0.000000000000000000, 0.000000000000000000, 1.000000000000000000 ) ) ;
#2107 = CARTESIAN_POINT ( 'NONE',  ( 9.514447238788507732, 72.17134816554113286, -8.375558570961288751 ) ) ;
#2108 = VERTEX_POINT ( 'NONE', #287 ) ;
#2109 = CARTESIAN_POINT ( 'NONE',  ( 9.488328006841781459, 81.09113484884633749, -25.26082266810169585 ) ) ;
#2110 = EDGE_CURVE ( 'NONE', #1202, #3334, #1793, .T. ) ;
#2111 = DIRECTION ( 'NONE',  ( 0.000000000000000000, 0.000000000000000000, -1.000000000000000000 ) ) ;
#2112 = AXIS2_PLACEMENT_3D ( 'NONE', #2016, #2324, #2603 ) ;
#2113 = DIRECTION ( 'NONE',  ( 0.000000000000000000, 0.000000000000000000, -1.000000000000000000 ) ) ;
#2114 = CARTESIAN_POINT ( 'NONE',  ( 17.00000000000000000, 40.28000000000000114, -13.90999999999999481 ) ) ;
#2115 = EDGE_LOOP ( 'NONE', ( #787, #3349, #3086, #1022 ) ) ;
#2116 = ADVANCED_FACE ( 'NONE', ( #1960 ), #327, .T. ) ;
#2117 = CIRCLE ( 'NONE', #895, 1.050000000000000266 ) ;
#2118 = DIRECTION ( 'NONE',  ( 1.000000000000000000, 0.000000000000000000, 0.000000000000000000 ) ) ;
#2119 = ORIENTED_EDGE ( 'NONE', *, *, #817, .T. ) ;
#2120 = ORIENTED_EDGE ( 'NONE', *, *, #3189, .T. ) ;
#2121 = CARTESIAN_POINT ( 'NONE',  ( 509.4793796504069974, 78.09549986705438585, -42.50000000000440536 ) ) ;
#2122 = VECTOR ( 'NONE', #759, 1000.000000000000000 ) ;
#2123 = DIRECTION ( 'NONE',  ( 0.000000000000000000, -1.000000000000000000, 0.000000000000000000 ) ) ;
#2124 = AXIS2_PLACEMENT_3D ( 'NONE', #3299, #1671, #1994 ) ;
#2125 = CARTESIAN_POINT ( 'NONE',  ( 12.93350573796711522, 19.39426841969831372, -43.15861709306241778 ) ) ;
#2126 = CARTESIAN_POINT ( 'NONE',  ( 9.512856812211655466, 72.30873642509654076, -9.234264709702404872 ) ) ;
#2127 = VERTEX_POINT ( 'NONE', #3058 ) ;
#2128 = ADVANCED_FACE ( 'NONE', ( #1133 ), #2801, .F. ) ;
#2129 = FACE_OUTER_BOUND ( 'NONE', #3568, .T. ) ;
#2130 = CARTESIAN_POINT ( 'NONE',  ( 0.000000000000000000, 0.000000000000000000, -48.00000000000000000 ) ) ;
#2131 = PRODUCT ( 'Waist', 'Waist', '', ( #3529 ) ) ;
#2132 = FACE_OUTER_BOUND ( 'NONE', #3087, .T. ) ;
#2133 = AXIS2_PLACEMENT_3D ( 'NONE', #435, #1777, #2855 ) ;
#2134 = EDGE_LOOP ( 'NONE', ( #1490, #1969, #2390, #2573 ) ) ;
#2135 = CIRCLE ( 'NONE', #2416, 2.250000000000000000 ) ;
#2136 = CARTESIAN_POINT ( 'NONE',  ( 17.00000000000000000, 32.65373405917968341, 33.44466180201580130 ) ) ;
#2137 = AXIS2_PLACEMENT_3D ( 'NONE', #815, #20, #2218 ) ;
#2138 = VECTOR ( 'NONE', #3030, 1000.000000000000000 ) ;
#2139 = EDGE_CURVE ( 'NONE', #2770, #3303, #2512, .T. ) ;
#2140 = LINE ( 'NONE', #2418, #3533 ) ;
#2141 = ORIENTED_EDGE ( 'NONE', *, *, #2542, .T. ) ;
#2142 = EDGE_CURVE ( 'NONE', #2041, #2718, #2135, .T. ) ;
#2143 = ORIENTED_EDGE ( 'NONE', *, *, #87, .F. ) ;
#2144 = CARTESIAN_POINT ( 'NONE',  ( 0.000000000000000000, -1.500000000000000000, -50.00000000000000000 ) ) ;
#2145 = DIRECTION ( 'NONE',  ( 0.000000000000000000, -5.782411586589351722E-16, -1.000000000000000000 ) ) ;
#2146 = DIRECTION ( 'NONE',  ( 1.000000000000000000, 0.000000000000000000, 0.000000000000000000 ) ) ;
#2147 = CARTESIAN_POINT ( 'NONE',  ( 9.519244838107228546, 71.78085126998696808, -21.31440133798523817 ) ) ;
#2148 = VERTEX_POINT ( 'NONE', #1998 ) ;
#2149 = FACE_OUTER_BOUND ( 'NONE', #174, .T. ) ;
#2150 = EDGE_CURVE ( 'NONE', #2767, #1289, #592, .T. ) ;
#2151 = LINE ( 'NONE', #1077, #2175 ) ;
#2152 = LINE ( 'NONE', #3237, #2713 ) ;
#2153 = ORIENTED_EDGE ( 'NONE', *, *, #694, .F. ) ;
#2154 = DIRECTION ( 'NONE',  ( 0.000000000000000000, -0.000000000000000000, 1.000000000000000000 ) ) ;
#2155 = ORIENTED_EDGE ( 'NONE', *, *, #2988, .F. ) ;
#2156 = ORIENTED_EDGE ( 'NONE', *, *, #1091, .T. ) ;
#2157 = EDGE_CURVE ( 'NONE', #409, #1211, #342, .T. ) ;
#2158 = DIRECTION ( 'NONE',  ( 1.000000000000000000, 0.000000000000000000, 0.000000000000000000 ) ) ;
#2159 = DIRECTION ( 'NONE',  ( -1.000000000000000000, 0.000000000000000000, 0.000000000000000000 ) ) ;
#2160 = VECTOR ( 'NONE', #1856, 1000.000000000000000 ) ;
#2161 = DIRECTION ( 'NONE',  ( 0.000000000000000000, 0.000000000000000000, -1.000000000000000000 ) ) ;
#2162 = CARTESIAN_POINT ( 'NONE',  ( 9.518026911890490993, 71.87830062604778902, -20.88677516876995099 ) ) ;
#2163 = CARTESIAN_POINT ( 'NONE',  ( 1.843143693225357538E-15, -18.50000000000000000, -7.250000000000000888 ) ) ;
#2164 = CARTESIAN_POINT ( 'NONE',  ( 15.00000000000000000, 3.999999999999998224, 46.00000000000000000 ) ) ;
#2165 = CARTESIAN_POINT ( 'NONE',  ( 0.000000000000000000, -22.36067977499790160, 0.000000000000000000 ) ) ;
#2166 = TOROIDAL_SURFACE ( 'NONE', #1355, 11.30000000000000249, 1.500000000000000000 ) ;
#2167 = ORIENTED_EDGE ( 'NONE', *, *, #1475, .T. ) ;
#2168 = VECTOR ( 'NONE', #2835, 1000.000000000000000 ) ;
#2169 = CARTESIAN_POINT ( 'NONE',  ( 1.971731607135829759E-15, -18.50000000000000000, -8.300000000000002487 ) ) ;
#2170 = VECTOR ( 'NONE', #3370, 1000.000000000000000 ) ;
#2171 = ORIENTED_EDGE ( 'NONE', *, *, #2921, .T. ) ;
#2172 = ORIENTED_EDGE ( 'NONE', *, *, #2244, .F. ) ;
#2173 = CARTESIAN_POINT ( 'NONE',  ( 9.480352463981592592, 79.08294257810568695, -17.24032331735932289 ) ) ;
#2174 = CARTESIAN_POINT ( 'NONE',  ( -2.212329089443973107, 11.10999999999999943, 0.4099999999999999756 ) ) ;
#2175 = VECTOR ( 'NONE', #2660, 1000.000000000000000 ) ;
#2176 = CARTESIAN_POINT ( 'NONE',  ( 12.05400784313240692, 27.41687962058740169, -47.38528293455498641 ) ) ;
#2177 = FACE_BOUND ( 'NONE', #2733, .T. ) ;
#2178 = EDGE_CURVE ( 'NONE', #3352, #3498, #165, .T. ) ;
#2179 = EDGE_CURVE ( 'NONE', #3026, #2108, #671, .T. ) ;
#2180 = DIRECTION ( 'NONE',  ( -0.000000000000000000, 1.000000000000000000, -0.000000000000000000 ) ) ;
#2181 = VECTOR ( 'NONE', #2830, 1000.000000000000000 ) ;
#2182 = PLANE ( 'NONE',  #2456 ) ;
#2183 = DIRECTION ( 'NONE',  ( 0.000000000000000000, 1.000000000000000000, 9.082321863752915919E-16 ) ) ;
#2184 = AXIS2_PLACEMENT_3D ( 'NONE', #3558, #2197, #219 ) ;
#2185 = PLANE ( 'NONE',  #1921 ) ;
#2186 = ORIENTED_EDGE ( 'NONE', *, *, #554, .F. ) ;
#2187 = DIRECTION ( 'NONE',  ( 0.000000000000000000, 0.000000000000000000, 1.000000000000000000 ) ) ;
#2188 = ORIENTED_EDGE ( 'NONE', *, *, #669, .T. ) ;
#2189 = AXIS2_PLACEMENT_3D ( 'NONE', #3322, #1978, #1404 ) ;
#2190 = ORIENTED_EDGE ( 'NONE', *, *, #1904, .T. ) ;
#2191 = CARTESIAN_POINT ( 'NONE',  ( 9.500253278309990890, 73.51458415401256730, -34.05257810686264719 ) ) ;
#2192 = ADVANCED_FACE ( 'NONE', ( #1264 ), #3170, .F. ) ;
#2193 = CARTESIAN_POINT ( 'NONE',  ( 14.93897293041558072, 4.408346598972424424, 33.78020108922267184 ) ) ;
#2194 = CARTESIAN_POINT ( 'NONE',  ( 9.510954066950359831, 72.44676236676536973, 1.979528861588170985 ) ) ;
#2195 = CARTESIAN_POINT ( 'NONE',  ( 17.00000000000000000, 34.26440284765216404, 35.97561933896513153 ) ) ;
#2196 = DIRECTION ( 'NONE',  ( 0.000000000000000000, 0.000000000000000000, -1.000000000000000000 ) ) ;
#2197 = DIRECTION ( 'NONE',  ( 0.000000000000000000, -1.000000000000000000, 0.000000000000000000 ) ) ;
#2198 = ADVANCED_FACE ( 'NONE', ( #1818 ), #1530, .F. ) ;
#2199 = DIRECTION ( 'NONE',  ( 0.000000000000000000, -1.000000000000000000, -9.082321863752923808E-16 ) ) ;
#2200 = CARTESIAN_POINT ( 'NONE',  ( 4.500000000000000888, 11.11000000000000476, 0.4100000000000041389 ) ) ;
#2201 = EDGE_CURVE ( 'NONE', #1788, #802, #2623, .T. ) ;
#2202 = ORIENTED_EDGE ( 'NONE', *, *, #2327, .T. ) ;
#2203 = CARTESIAN_POINT ( 'NONE',  ( 4.500000000000000888, 3.269635870951050520E-14, -36.00000000000000711 ) ) ;
#2204 = ORIENTED_EDGE ( 'NONE', *, *, #3289, .T. ) ;
#2205 = ORIENTED_EDGE ( 'NONE', *, *, #1048, .F. ) ;
#2206 = CARTESIAN_POINT ( 'NONE',  ( 9.503568438512251859, 73.16385132602898977, -34.62031565918127995 ) ) ;
#2207 = DIRECTION ( 'NONE',  ( -1.000000000000000000, 0.000000000000000000, 0.000000000000000000 ) ) ;
#2208 = ORIENTED_EDGE ( 'NONE', *, *, #1996, .T. ) ;
#2209 = CARTESIAN_POINT ( 'NONE',  ( 10.94085708082501185, 39.88924012134005892, -49.76951347789086100 ) ) ;
#2210 = CARTESIAN_POINT ( 'NONE',  ( 17.00000000000000000, 3.999999999999568789, -42.49999999999948841 ) ) ;
#2211 = CARTESIAN_POINT ( 'NONE',  ( 4.500000000000000888, 8.000000000000000000, 36.00000000000000000 ) ) ;
#2212 = CARTESIAN_POINT ( 'NONE',  ( 10.91144248456320653, 40.28000000000000114, -56.26641655800941777 ) ) ;
#2213 = DIRECTION ( 'NONE',  ( -0.7071067811865461294, 0.000000000000000000, -0.7071067811865489050 ) ) ;
#2214 = CARTESIAN_POINT ( 'NONE',  ( 2.755455298081544285E-16, 13.77000000000001911, -2.250000000000000000 ) ) ;
#2215 = ORIENTED_EDGE ( 'NONE', *, *, #2473, .T. ) ;
#2216 = EDGE_CURVE ( 'NONE', #2066, #3075, #399, .T. ) ;
#2217 = ORIENTED_EDGE ( 'NONE', *, *, #3400, .T. ) ;
#2218 = DIRECTION ( 'NONE',  ( 0.000000000000000000, 0.000000000000000000, 1.000000000000000000 ) ) ;
#2219 = CARTESIAN_POINT ( 'NONE',  ( 11.52181404496768735, 32.91141481586317497, -45.47034852237855063 ) ) ;
#2220 = EDGE_CURVE ( 'NONE', #1471, #1298, #2365, .T. ) ;
#2221 = ORIENTED_EDGE ( 'NONE', *, *, #1949, .T. ) ;
#2222 = AXIS2_PLACEMENT_3D ( 'NONE', #3054, #321, #2741 ) ;
#2223 = VERTEX_POINT ( 'NONE', #3453 ) ;
#2224 = ADVANCED_FACE ( 'NONE', ( #1283, #2912, #437, #647, #2344, #1513 ), #1549, .T. ) ;
#2225 = CARTESIAN_POINT ( 'NONE',  ( 9.481173698450103160, 76.69166774649505669, -27.53911247793622152 ) ) ;
#2226 = AXIS2_PLACEMENT_3D ( 'NONE', #6, #2737, #261 ) ;
#2227 = LINE ( 'NONE', #3065, #2561 ) ;
#2228 = ORIENTED_EDGE ( 'NONE', *, *, #2581, .T. ) ;
#2229 = CARTESIAN_POINT ( 'NONE',  ( 9.485464216047024166, 75.62622287432536439, -7.852070034491941186 ) ) ;
#2230 = CARTESIAN_POINT ( 'NONE',  ( 4.500000000000000888, -11.00000000000000000, 4.500000000000000000 ) ) ;
#2231 = CYLINDRICAL_SURFACE ( 'NONE', #2047, 1.050000000000000488 ) ;
#2232 = DIRECTION ( 'NONE',  ( -0.000000000000000000, 1.000000000000000000, -0.000000000000000000 ) ) ;
#2233 = VECTOR ( 'NONE', #2213, 1000.000000000000114 ) ;
#2234 = DIRECTION ( 'NONE',  ( 0.000000000000000000, -0.000000000000000000, 1.000000000000000000 ) ) ;
#2235 = VECTOR ( 'NONE', #2408, 1000.000000000000000 ) ;
#2236 = EDGE_LOOP ( 'NONE', ( #3385, #2202, #3042, #2525, #659 ) ) ;
#2237 = CARTESIAN_POINT ( 'NONE',  ( -7.500000000000000000, 40.28000000000000114, -51.26641655800942488 ) ) ;
#2238 = AXIS2_PLACEMENT_3D ( 'NONE', #3089, #3107, #1130 ) ;
#2239 = CARTESIAN_POINT ( 'NONE',  ( -5.000000000000000000, 12.52421356237315386, 6.773961030678926853 ) ) ;
#2240 = CARTESIAN_POINT ( 'NONE',  ( 10.98319221996440831, 39.34282641273329517, -46.25620604079175280 ) ) ;
#2241 = VERTEX_POINT ( 'NONE', #968 ) ;
#2242 = AXIS2_PLACEMENT_3D ( 'NONE', #3521, #458, #2111 ) ;
#2243 = ORIENTED_EDGE ( 'NONE', *, *, #666, .T. ) ;
#2244 = EDGE_CURVE ( 'NONE', #2663, #1481, #988, .T. ) ;
#2245 = FACE_BOUND ( 'NONE', #227, .T. ) ;
#2246 = EDGE_LOOP ( 'NONE', ( #1135, #548, #1946, #187 ) ) ;
#2247 = EDGE_CURVE ( 'NONE', #2520, #391, #825, .T. ) ;
#2248 = CIRCLE ( 'NONE', #332, 2.250000000000000000 ) ;
#2249 = CARTESIAN_POINT ( 'NONE',  ( 9.483300853620683313, 76.11261282465106603, -12.11757595369242324 ) ) ;
#2250 = DIRECTION ( 'NONE',  ( 1.000000000000000000, -0.000000000000000000, 0.000000000000000000 ) ) ;
#2251 = DIRECTION ( 'NONE',  ( -1.000000000000000000, 0.000000000000000000, 0.000000000000000000 ) ) ;
#2252 = CARTESIAN_POINT ( 'NONE',  ( 4.500000000000000888, 53.53640687119290931, -20.09609665440966708 ) ) ;
#2253 = DIRECTION ( 'NONE',  ( 0.000000000000000000, 9.082321863752915919E-16, -1.000000000000000000 ) ) ;
#2254 = CARTESIAN_POINT ( 'NONE',  ( -4.999999999999999112, 40.28000000000000114, -4.909999999999988596 ) ) ;
#2255 = ORIENTED_EDGE ( 'NONE', *, *, #3331, .F. ) ;
#2256 = DIRECTION ( 'NONE',  ( 0.000000000000000000, -1.000000000000000000, 0.000000000000000000 ) ) ;
#2257 = LINE ( 'NONE', #3044, #1380 ) ;
#2258 = EDGE_CURVE ( 'NONE', #393, #3527, #2584, .T. ) ;
#2259 = DIRECTION ( 'NONE',  ( -0.000000000000000000, 1.000000000000000000, -0.000000000000000000 ) ) ;
#2260 = VERTEX_POINT ( 'NONE', #2896 ) ;
#2261 = B_SPLINE_CURVE_WITH_KNOTS ( 'NONE', 3,
 ( #3511, #980, #1557, #1611, #1290, #2939, #464, #1275, #2702, #2956 ),
 .UNSPECIFIED., .F., .F.,
 ( 4, 2, 2, 2, 4 ),
 ( 3.469446951953613804E-18, 0.001591627500947429994, 0.003183255001894856519, 0.004774882502842282828, 0.006366510003789709569 ),
 .UNSPECIFIED. ) ;
#2262 = DIRECTION ( 'NONE',  ( 0.000000000000000000, 1.000000000000000000, 0.000000000000000000 ) ) ;
#2263 = VERTEX_POINT ( 'NONE', #2564 ) ;
#2264 = EDGE_CURVE ( 'NONE', #2868, #533, #3021, .T. ) ;
#2265 = CARTESIAN_POINT ( 'NONE',  ( 9.484359411615152169, 75.79935234682400846, -19.39692089750437276 ) ) ;
#2266 = CARTESIAN_POINT ( 'NONE',  ( 5.000000000000000000, 17.50058944330335109, -41.60081188898130478 ) ) ;
#2267 = CARTESIAN_POINT ( 'NONE',  ( -5.000000000000000000, 19.59528137423860272, 13.84502884254441213 ) ) ;
#2268 = DIRECTION ( 'NONE',  ( -1.000000000000000000, 0.000000000000000000, 0.000000000000000000 ) ) ;
#2269 = CARTESIAN_POINT ( 'NONE',  ( 7.500000000000000000, -18.50000000000000000, 2.755455298081544383E-15 ) ) ;
#2270 = ORIENTED_EDGE ( 'NONE', *, *, #2655, .T. ) ;
#2271 = VECTOR ( 'NONE', #2645, 1000.000000000000000 ) ;
#2272 = CARTESIAN_POINT ( 'NONE',  ( 10.30581602663825080, 49.27303541913406093, -55.36217862836098647 ) ) ;
#2273 = CARTESIAN_POINT ( 'NONE',  ( -2.999999999999999112, 9.000000000000001776, -10.99999999999999645 ) ) ;
#2274 = DIRECTION ( 'NONE',  ( 1.000000000000000000, -0.000000000000000000, -0.000000000000000000 ) ) ;
#2275 = ORIENTED_EDGE ( 'NONE', *, *, #488, .F. ) ;
#2276 = ORIENTED_EDGE ( 'NONE', *, *, #2157, .T. ) ;
#2277 = VECTOR ( 'NONE', #2180, 1000.000000000000000 ) ;
#2278 =( BOUNDED_CURVE ( )  B_SPLINE_CURVE ( 3, ( #1536, #1785, #3187, #2628 ),
 .UNSPECIFIED., .F., .F. ) 
 B_SPLINE_CURVE_WITH_KNOTS ( ( 4, 4 ),
 ( 4.895635022032908346, 6.283185307179586232 ),
 .UNSPECIFIED. ) 
 CURVE ( )  GEOMETRIC_REPRESENTATION_ITEM ( )  RATIONAL_B_SPLINE_CURVE ( ( 1.000000000000000000, 0.8458916708742574286, 0.8458916708742574286, 1.000000000000000000 ) ) 
 REPRESENTATION_ITEM ( '' )  );
#2279 = CARTESIAN_POINT ( 'NONE',  ( -136.5042866136667499, 22.68204083039845642, 35.64189149498145781 ) ) ;
#2280 = EDGE_LOOP ( 'NONE', ( #2905, #1309, #2447, #3419 ) ) ;
#2281 = ORIENTED_EDGE ( 'NONE', *, *, #3029, .T. ) ;
#2282 = VECTOR ( 'NONE', #2507, 1000.000000000000000 ) ;
#2283 = CARTESIAN_POINT ( 'NONE',  ( 15.00000000000000000, 4.000000000000000000, -31.99999999999999289 ) ) ;
#2284 = CARTESIAN_POINT ( 'NONE',  ( -5.000000000000000000, 11.10999999999999943, 0.4099999999999999756 ) ) ;
#2285 = LINE ( 'NONE', #1937, #505 ) ;
#2286 = VECTOR ( 'NONE', #448, 1000.000000000000000 ) ;
#2287 = ADVANCED_FACE ( 'NONE', ( #3412 ), #418, .F. ) ;
#2288 = CARTESIAN_POINT ( 'NONE',  ( 4.500000000000000888, 19.59528137423860272, 15.14502884254440396 ) ) ;
#2289 = EDGE_CURVE ( 'NONE', #1435, #2401, #926, .T. ) ;
#2290 = DIRECTION ( 'NONE',  ( 1.000000000000000000, 0.000000000000000000, 0.000000000000000000 ) ) ;
#2291 = ORIENTED_EDGE ( 'NONE', *, *, #2090, .F. ) ;
#2292 = CARTESIAN_POINT ( 'NONE',  ( -7.500000000000000000, -18.50000000000000000, 0.000000000000000000 ) ) ;
#2293 = EDGE_CURVE ( 'NONE', #2647, #3, #2500, .T. ) ;
#2294 = DIRECTION ( 'NONE',  ( 0.000000000000000000, 0.000000000000000000, -1.000000000000000000 ) ) ;
#2295 = AXIS2_PLACEMENT_3D ( 'NONE', #3144, #922, #1239 ) ;
#2296 = CARTESIAN_POINT ( 'NONE',  ( 9.479361457550067982, 78.03819081401400126, -23.10695718787219732 ) ) ;
#2297 = CARTESIAN_POINT ( 'NONE',  ( 14.70366840051523205, 6.004975708910031962, -35.47674317959138079 ) ) ;
#2298 = ORIENTED_EDGE ( 'NONE', *, *, #282, .F. ) ;
#2299 = AXIS2_PLACEMENT_3D ( 'NONE', #2018, #3111, #3345 ) ;
#2300 = EDGE_LOOP ( 'NONE', ( #2545, #2303, #1178, #3003 ) ) ;
#2301 = CARTESIAN_POINT ( 'NONE',  ( -7.500000000000000000, 0.000000000000000000, -1.050000000000000266 ) ) ;
#2302 = VERTEX_POINT ( 'NONE', #1225 ) ;
#2303 = ORIENTED_EDGE ( 'NONE', *, *, #1850, .F. ) ;
#2304 = DIRECTION ( 'NONE',  ( 1.000000000000000000, 0.000000000000000000, 0.000000000000000000 ) ) ;
#2305 = CARTESIAN_POINT ( 'NONE',  ( -7.500000000000000000, 0.000000000000000000, 0.000000000000000000 ) ) ;
#2306 = AXIS2_PLACEMENT_3D ( 'NONE', #2588, #1534, #1553 ) ;
#2307 = CARTESIAN_POINT ( 'NONE',  ( -5.000000000000000000, 25.95924240491745749, 15.25924240491754347 ) ) ;
#2308 = DIRECTION ( 'NONE',  ( -1.000000000000000000, -0.000000000000000000, -0.000000000000000000 ) ) ;
#2309 = ORIENTED_EDGE ( 'NONE', *, *, #666, .F. ) ;
#2310 = CARTESIAN_POINT ( 'NONE',  ( 9.482929811720044455, 75.89890220848053559, 9.122918132225667165 ) ) ;
#2311 = EDGE_CURVE ( 'NONE', #3426, #981, #942, .T. ) ;
#2312 = CYLINDRICAL_SURFACE ( 'NONE', #2306, 1.650000000000000133 ) ;
#2313 = DIRECTION ( 'NONE',  ( -1.000000000000000000, 0.000000000000000000, 0.000000000000000000 ) ) ;
#2314 = ADVANCED_FACE ( 'NONE', ( #2177, #3265 ), #1297, .F. ) ;
#2315 = CARTESIAN_POINT ( 'NONE',  ( 14.60040101550170277, 6.717239467298806943, -35.79773160657243380 ) ) ;
#2316 = ORIENTED_EDGE ( 'NONE', *, *, #554, .T. ) ;
#2317 = EDGE_LOOP ( 'NONE', ( #1627, #466, #2712, #360 ) ) ;
#2318 = LINE ( 'NONE', #1719, #3024 ) ;
#2319 = ORIENTED_EDGE ( 'NONE', *, *, #3289, .F. ) ;
#2320 = VERTEX_POINT ( 'NONE', #1898 ) ;
#2321 = DIRECTION ( 'NONE',  ( 1.000000000000000000, 0.000000000000000000, 0.000000000000000000 ) ) ;
#2322 = CARTESIAN_POINT ( 'NONE',  ( 11.71333198757896810, 30.84948885341776403, 37.98073274855692461 ) ) ;
#2323 = CARTESIAN_POINT ( 'NONE',  ( 0.000000000000000000, -1.500000000000000000, -49.49999999999998579 ) ) ;
#2324 = DIRECTION ( 'NONE',  ( 0.000000000000000000, -1.000000000000000000, 0.000000000000000000 ) ) ;
#2325 = ORIENTED_EDGE ( 'NONE', *, *, #1954, .F. ) ;
#2326 = CARTESIAN_POINT ( 'NONE',  ( 9.519275121450894162, 71.73026523053270864, 14.48461300436839494 ) ) ;
#2327 = EDGE_CURVE ( 'NONE', #2041, #1202, #1631, .T. ) ;
#2328 = CARTESIAN_POINT ( 'NONE',  ( -2.500000000000028422, 4.000000000000000000, -46.00000000000000711 ) ) ;
#2329 = DIRECTION ( 'NONE',  ( -0.000000000000000000, -1.000000000000000000, -0.000000000000000000 ) ) ;
#2330 = ADVANCED_FACE ( 'NONE', ( #1365 ), #3468, .T. ) ;
#2331 = LINE ( 'NONE', #617, #2439 ) ;
#2332 = VERTEX_POINT ( 'NONE', #9 ) ;
#2333 = ORIENTED_EDGE ( 'NONE', *, *, #3027, .T. ) ;
#2334 = ADVANCED_FACE ( 'NONE', ( #1916 ), #1148, .F. ) ;
#2335 = DIRECTION ( 'NONE',  ( -0.000000000000000000, -1.000000000000000000, 0.000000000000000000 ) ) ;
#2336 = ORIENTED_EDGE ( 'NONE', *, *, #312, .F. ) ;
#2337 = EDGE_CURVE ( 'NONE', #299, #997, #1686, .T. ) ;
#2338 = EDGE_LOOP ( 'NONE', ( #3101, #1732 ) ) ;
#2339 = CARTESIAN_POINT ( 'NONE',  ( -5.000000000000000000, 25.95924240491745749, 15.25924240491754347 ) ) ;
#2340 = AXIS2_PLACEMENT_3D ( 'NONE', #2534, #2822, #59 ) ;
#2341 = CARTESIAN_POINT ( 'NONE',  ( -136.5042866136667499, 11.64000000000000057, -35.99999999999999289 ) ) ;
#2342 = CIRCLE ( 'NONE', #1874, 1.050000000000000488 ) ;
#2343 = CARTESIAN_POINT ( 'NONE',  ( -2.999999999999999112, 9.000000000000001776, 11.00000000000000355 ) ) ;
#2344 = FACE_OUTER_BOUND ( 'NONE', #1113, .T. ) ;
#2345 = ORIENTED_EDGE ( 'NONE', *, *, #1475, .F. ) ;
#2346 = CARTESIAN_POINT ( 'NONE',  ( 9.509978823646147106, 72.34541326024627494, -41.67675486835733523 ) ) ;
#2347 = CARTESIAN_POINT ( 'NONE',  ( 0.000000000000000000, -18.50000000000000000, 0.000000000000000000 ) ) ;
#2348 = CARTESIAN_POINT ( 'NONE',  ( -2.500000000000030198, 11.86000000000000121, 46.00000000000000000 ) ) ;
#2349 = LINE ( 'NONE', #714, #2725 ) ;
#2350 = ORIENTED_EDGE ( 'NONE', *, *, #1815, .T. ) ;
#2351 = ORIENTED_EDGE ( 'NONE', *, *, #2022, .F. ) ;
#2352 = AXIS2_PLACEMENT_3D ( 'NONE', #1152, #3284, #1725 ) ;
#2353 = FACE_OUTER_BOUND ( 'NONE', #307, .T. ) ;
#2354 = VECTOR ( 'NONE', #3067, 1000.000000000000000 ) ;
#2355 = ORIENTED_EDGE ( 'NONE', *, *, #2591, .T. ) ;
#2356 = ORIENTED_EDGE ( 'NONE', *, *, #2559, .F. ) ;
#2357 = EDGE_CURVE ( 'NONE', #3178, #1042, #32, .T. ) ;
#2358 = VECTOR ( 'NONE', #2000, 1000.000000000000000 ) ;
#2359 = DIRECTION ( 'NONE',  ( 0.000000000000000000, 0.8436525123164420048, -0.5368895961574928766 ) ) ;
#2360 = LINE ( 'NONE', #2341, #15 ) ;
#2361 = EDGE_CURVE ( 'NONE', #3360, #2148, #283, .T. ) ;
#2362 = FACE_BOUND ( 'NONE', #754, .T. ) ;
#2363 = AXIS2_PLACEMENT_3D ( 'NONE', #3251, #2412, #1301 ) ;
#2364 = CARTESIAN_POINT ( 'NONE',  ( 17.00000000000000000, 15.59470374054411046, -43.91761997080809010 ) ) ;
#2365 = LINE ( 'NONE', #908, #137 ) ;
#2366 = ORIENTED_EDGE ( 'NONE', *, *, #1642, .T. ) ;
#2367 = CARTESIAN_POINT ( 'NONE',  ( 9.499253252091005351, 82.55365615024524573, -11.20260819788328810 ) ) ;
#2368 = CARTESIAN_POINT ( 'NONE',  ( -5.000000000000000000, 11.10999999999999943, 0.4099999999999999756 ) ) ;
#2369 = CARTESIAN_POINT ( 'NONE',  ( 509.4793796504069974, 78.09549986705438585, -45.99999999999993605 ) ) ;
#2370 = DIRECTION ( 'NONE',  ( -1.000000000000000000, 0.000000000000000000, 0.000000000000000000 ) ) ;
#2371 = ORIENTED_EDGE ( 'NONE', *, *, #2856, .F. ) ;
#2372 = PLANE ( 'NONE',  #1995 ) ;
#2373 = ORIENTED_EDGE ( 'NONE', *, *, #2022, .T. ) ;
#2374 = ORIENTED_EDGE ( 'NONE', *, *, #3115, .F. ) ;
#2375 = DIRECTION ( 'NONE',  ( 0.000000000000000000, 0.000000000000000000, -1.000000000000000000 ) ) ;
#2376 = CARTESIAN_POINT ( 'NONE',  ( 5.000000000000000000, 3.999999999999996447, 42.49999999999999289 ) ) ;
#2377 = EDGE_CURVE ( 'NONE', #514, #44, #886, .T. ) ;
#2378 = CARTESIAN_POINT ( 'NONE',  ( 10.26474437909308612, 48.67743726172037810, 19.09875591698723696 ) ) ;
#2379 = DIRECTION ( 'NONE',  ( -0.000000000000000000, 1.000000000000000000, -0.000000000000000000 ) ) ;
#2380 = DIRECTION ( 'NONE',  ( -1.000000000000000000, -0.000000000000000000, 0.000000000000000000 ) ) ;
#2381 = ORIENTED_EDGE ( 'NONE', *, *, #2522, .F. ) ;
#2382 = CARTESIAN_POINT ( 'NONE',  ( 4.500000000000000888, -11.00000000000000000, 0.000000000000000000 ) ) ;
#2383 = VECTOR ( 'NONE', #1460, 1000.000000000000000 ) ;
#2384 = DIRECTION ( 'NONE',  ( 1.000000000000000000, -0.000000000000000000, 0.000000000000000000 ) ) ;
#2385 = CARTESIAN_POINT ( 'NONE',  ( 13.91539131245289695, 11.63999999999984603, -42.49999999999999289 ) ) ;
#2386 = DIRECTION ( 'NONE',  ( 0.000000000000000000, 0.000000000000000000, 1.000000000000000000 ) ) ;
#2387 = ORIENTED_EDGE ( 'NONE', *, *, #2812, .T. ) ;
#2388 = DIRECTION ( 'NONE',  ( 1.000000000000000000, -0.000000000000000000, -0.000000000000000000 ) ) ;
#2389 = VERTEX_POINT ( 'NONE', #1093 ) ;
#2390 = ORIENTED_EDGE ( 'NONE', *, *, #2735, .T. ) ;
#2391 = LINE ( 'NONE', #2959, #1273 ) ;
#2392 = CARTESIAN_POINT ( 'NONE',  ( -2.005705213675528675, 12.22492685594192707, 1.524926855941926895 ) ) ;
#2393 = CARTESIAN_POINT ( 'NONE',  ( 13.91539131245289695, 11.64000000000000234, -35.99999999999999289 ) ) ;
#2394 = CARTESIAN_POINT ( 'NONE',  ( 9.793835461651543284, 60.36214650218555988, -39.28391979160038261 ) ) ;
#2395 = ORIENTED_EDGE ( 'NONE', *, *, #2311, .T. ) ;
#2396 = CARTESIAN_POINT ( 'NONE',  ( 11.40424984158411270, 34.26440284765216404, 35.97561933896513153 ) ) ;
#2397 = EDGE_CURVE ( 'NONE', #927, #1042, #2759, .T. ) ;
#2398 = CARTESIAN_POINT ( 'NONE',  ( -2.500000000000030198, 4.177868057326346293E-14, -46.00000000000000711 ) ) ;
#2399 = CIRCLE ( 'NONE', #2445, 35.22999999999999687 ) ;
#2400 = EDGE_CURVE ( 'NONE', #568, #2937, #608, .T. ) ;
#2401 = VERTEX_POINT ( 'NONE', #1723 ) ;
#2402 = DIRECTION ( 'NONE',  ( 1.000000000000000000, -0.000000000000000000, -0.000000000000000000 ) ) ;
#2403 = ORIENTED_EDGE ( 'NONE', *, *, #1099, .F. ) ;
#2404 = ORIENTED_EDGE ( 'NONE', *, *, #2812, .F. ) ;
#2405 = CARTESIAN_POINT ( 'NONE',  ( 11.10000047607239004, 37.86579971526190747, -52.69694255574388109 ) ) ;
#2406 = CONICAL_SURFACE ( 'NONE', #606, 45.22999999999999687, 0.7853981633974497223 ) ;
#2407 = CARTESIAN_POINT ( 'NONE',  ( 0.000000000000000000, 12.94999999999999574, 2.250000000000000000 ) ) ;
#2408 = DIRECTION ( 'NONE',  ( -0.000000000000000000, 1.000000000000000000, -0.000000000000000000 ) ) ;
#2409 = CARTESIAN_POINT ( 'NONE',  ( 9.531719593375282074, 70.84457193521402019, -24.66958965043909657 ) ) ;
#2410 = ORIENTED_EDGE ( 'NONE', *, *, #2539, .F. ) ;
#2411 = LINE ( 'NONE', #3505, #1265 ) ;
#2412 = DIRECTION ( 'NONE',  ( -1.000000000000000000, 0.000000000000000000, 0.000000000000000000 ) ) ;
#2413 = DIRECTION ( 'NONE',  ( 0.000000000000000000, 0.000000000000000000, -1.000000000000000000 ) ) ;
#2414 = EDGE_CURVE ( 'NONE', #2148, #1143, #807, .T. ) ;
#2415 = ORIENTED_EDGE ( 'NONE', *, *, #3033, .T. ) ;
#2416 = AXIS2_PLACEMENT_3D ( 'NONE', #3359, #855, #541 ) ;
#2417 = CIRCLE ( 'NONE', #1333, 1.299999999999997380 ) ;
#2418 = CARTESIAN_POINT ( 'NONE',  ( -5.000000000000000000, 25.95924240491745749, 15.25924240491754347 ) ) ;
#2419 = ORIENTED_EDGE ( 'NONE', *, *, #2677, .F. ) ;
#2420 = DIRECTION ( 'NONE',  ( -1.000000000000000000, 0.000000000000000000, 0.000000000000000000 ) ) ;
#2421 = PLANE ( 'NONE',  #1191 ) ;
#2422 = FACE_OUTER_BOUND ( 'NONE', #477, .T. ) ;
#2423 = DIRECTION ( 'NONE',  ( 0.000000000000000000, -0.000000000000000000, 1.000000000000000000 ) ) ;
#2424 = CARTESIAN_POINT ( 'NONE',  ( 0.000000000000000000, 4.000000000000000000, -50.00000000000000000 ) ) ;
#2425 = DIRECTION ( 'NONE',  ( 0.000000000000000000, 0.000000000000000000, 1.000000000000000000 ) ) ;
#2426 = LINE ( 'NONE', #1606, #1055 ) ;
#2427 = ORIENTED_EDGE ( 'NONE', *, *, #1344, .T. ) ;
#2428 = CARTESIAN_POINT ( 'NONE',  ( 11.30352072182463630, 35.40720757010486608, -56.00274898892438102 ) ) ;
#2429 = ORIENTED_EDGE ( 'NONE', *, *, #2157, .F. ) ;
#2430 = ORIENTED_EDGE ( 'NONE', *, *, #1129, .T. ) ;
#2431 = ADVANCED_FACE ( 'NONE', ( #3354 ), #2488, .F. ) ;
#2432 = EDGE_CURVE ( 'NONE', #1182, #2865, #3013, .T. ) ;
#2433 = DIRECTION ( 'NONE',  ( 0.000000000000000000, -1.000000000000000000, 0.000000000000000000 ) ) ;
#2434 = CARTESIAN_POINT ( 'NONE',  ( -5.000000000000000000, 12.52421356237315386, 8.073961030678923123 ) ) ;
#2435 = CARTESIAN_POINT ( 'NONE',  ( 13.03719923805587477, 18.55083403652451679, -38.01545072107758472 ) ) ;
#2436 = CARTESIAN_POINT ( 'NONE',  ( 9.591141243406504202, 67.48920068751954204, 3.685635193409296573 ) ) ;
#2437 = CARTESIAN_POINT ( 'NONE',  ( 6.062001655779396933E-15, -1.500000000000000000, 49.49999999999998579 ) ) ;
#2438 = LINE ( 'NONE', #1885, #1887 ) ;
#2439 = VECTOR ( 'NONE', #3418, 1000.000000000000000 ) ;
#2440 = DIRECTION ( 'NONE',  ( -1.000000000000000000, 0.000000000000000000, 0.000000000000000000 ) ) ;
#2441 = DIRECTION ( 'NONE',  ( 0.000000000000000000, 0.7071067811865495711, -0.7071067811865455743 ) ) ;
#2442 = VERTEX_POINT ( 'NONE', #574 ) ;
#2443 = VECTOR ( 'NONE', #1597, 1000.000000000000000 ) ;
#2444 = FACE_OUTER_BOUND ( 'NONE', #103, .T. ) ;
#2445 = AXIS2_PLACEMENT_3D ( 'NONE', #3567, #865, #1646 ) ;
#2446 = EDGE_LOOP ( 'NONE', ( #1134, #657, #1538, #3476 ) ) ;
#2447 = ORIENTED_EDGE ( 'NONE', *, *, #1142, .F. ) ;
#2448 = DIRECTION ( 'NONE',  ( 0.000000000000000000, 0.000000000000000000, 1.000000000000000000 ) ) ;
#2449 = CARTESIAN_POINT ( 'NONE',  ( 9.550277008717984017, 69.66509578154929727, 11.52173366326935344 ) ) ;
#2450 = CARTESIAN_POINT ( 'NONE',  ( 5.000000000000000000, 3.999999999999996447, 42.49999999999999289 ) ) ;
#2451 = ADVANCED_FACE ( 'NONE', ( #2815, #535, #3338, #869, #3316, #2796 ), #1649, .T. ) ;
#2452 = EDGE_CURVE ( 'NONE', #3504, #173, #266, .T. ) ;
#2453 = CARTESIAN_POINT ( 'NONE',  ( 9.483411149422453335, 76.08717342844011000, -16.98197696327910577 ) ) ;
#2454 = CARTESIAN_POINT ( 'NONE',  ( -2.500000000000030198, 28.05093679197338830, 44.07841661814588718 ) ) ;
#2455 = LINE ( 'NONE', #3475, #190 ) ;
#2456 = AXIS2_PLACEMENT_3D ( 'NONE', #2675, #182, #748 ) ;
#2457 = DIRECTION ( 'NONE',  ( 0.000000000000000000, 0.000000000000000000, -1.000000000000000000 ) ) ;
#2458 = DIRECTION ( 'NONE',  ( 0.000000000000000000, 0.000000000000000000, 1.000000000000000000 ) ) ;
#2459 = CONICAL_SURFACE ( 'NONE', #3552, 7.724985687471215279, 0.7853981633974500554 ) ;
#2460 = CARTESIAN_POINT ( 'NONE',  ( 4.500000000000000888, 20.60924240491743475, 20.60924240491755199 ) ) ;
#2461 = ORIENTED_EDGE ( 'NONE', *, *, #1213, .F. ) ;
#2462 = LINE ( 'NONE', #2751, #3305 ) ;
#2463 = VERTEX_POINT ( 'NONE', #1972 ) ;
#2464 = ORIENTED_EDGE ( 'NONE', *, *, #890, .F. ) ;
#2465 = CARTESIAN_POINT ( 'NONE',  ( 9.479682454800787639, 77.51686870870929624, -25.03099583599528444 ) ) ;
#2466 = DIRECTION ( 'NONE',  ( 0.000000000000000000, -1.000000000000000000, 0.000000000000000000 ) ) ;
#2467 = ORIENTED_EDGE ( 'NONE', *, *, #1540, .F. ) ;
#2468 = CARTESIAN_POINT ( 'NONE',  ( 9.688559465113605995, 63.52700001996680612, 13.49989061607381480 ) ) ;
#2469 = EDGE_CURVE ( 'NONE', #719, #946, #1108, .T. ) ;
#2470 = CARTESIAN_POINT ( 'NONE',  ( 5.000000000000000000, 11.63999999999984603, -42.49999999999999289 ) ) ;
#2471 = DIRECTION ( 'NONE',  ( 0.000000000000000000, 1.000000000000000000, 0.000000000000000000 ) ) ;
#2472 = DIRECTION ( 'NONE',  ( 0.000000000000000000, 0.000000000000000000, -1.000000000000000000 ) ) ;
#2473 = EDGE_CURVE ( 'NONE', #3498, #2990, #2752, .T. ) ;
#2474 = LINE ( 'NONE', #1959, #1598 ) ;
#2475 = CARTESIAN_POINT ( 'NONE',  ( 4.500000000000000888, 19.59528137423860272, 13.84502884254441213 ) ) ;
#2476 = CIRCLE ( 'NONE', #3472, 35.85641655800942118 ) ;
#2477 = ORIENTED_EDGE ( 'NONE', *, *, #3052, .F. ) ;
#2478 = VERTEX_POINT ( 'NONE', #2266 ) ;
#2479 = EDGE_CURVE ( 'NONE', #1892, #1423, #2007, .T. ) ;
#2480 = CARTESIAN_POINT ( 'NONE',  ( 8.500000000000000000, 4.000000000000000000, 36.00000000000000000 ) ) ;
#2481 = CARTESIAN_POINT ( 'NONE',  ( 12.72821565892786388, 21.17095917745402645, -40.08808633034180247 ) ) ;
#2482 = ORIENTED_EDGE ( 'NONE', *, *, #2542, .F. ) ;
#2483 = EDGE_LOOP ( 'NONE', ( #1086, #864 ) ) ;
#2484 = CARTESIAN_POINT ( 'NONE',  ( 9.484810279202143590, 75.71128303214445054, 2.096240911528020945 ) ) ;
#2485 = PLANE ( 'NONE',  #2226 ) ;
#2486 = ORIENTED_EDGE ( 'NONE', *, *, #397, .F. ) ;
#2487 = CARTESIAN_POINT ( 'NONE',  ( 17.00000000000000000, 3.999999999999765965, -39.49999999999948841 ) ) ;
#2488 = CYLINDRICAL_SURFACE ( 'NONE', #1477, 2.950000000000000622 ) ;
#2489 = CYLINDRICAL_SURFACE ( 'NONE', #1816, 45.22999999999999687 ) ;
#2490 = CARTESIAN_POINT ( 'NONE',  ( 4.500000000000003553, 5.656854249492381470, -35.99999999999999289 ) ) ;
#2491 = DIRECTION ( 'NONE',  ( -0.7071067811865476838, -0.3796382741914696712, -0.5965524124240234594 ) ) ;
#2492 = DIRECTION ( 'NONE',  ( 0.000000000000000000, 0.000000000000000000, 1.000000000000000000 ) ) ;
#2493 = ORIENTED_EDGE ( 'NONE', *, *, #1847, .T. ) ;
#2494 = LINE ( 'NONE', #910, #2516 ) ;
#2495 = EDGE_CURVE ( 'NONE', #3158, #3480, #2579, .T. ) ;
#2496 = DIRECTION ( 'NONE',  ( 1.000000000000000000, -0.000000000000000000, 0.000000000000000000 ) ) ;
#2497 = EDGE_CURVE ( 'NONE', #1244, #3440, #2908, .T. ) ;
#2498 = CARTESIAN_POINT ( 'NONE',  ( 11.94664379735014315, 28.47735713608330954, -44.05151581388957283 ) ) ;
#2499 = VERTEX_POINT ( 'NONE', #66 ) ;
#2500 = CIRCLE ( 'NONE', #2845, 37.35641655800942829 ) ;
#2501 = EDGE_LOOP ( 'NONE', ( #1659, #1343, #29, #2514 ) ) ;
#2502 = VECTOR ( 'NONE', #1875, 1000.000000000000000 ) ;
#2503 = FACE_OUTER_BOUND ( 'NONE', #1830, .T. ) ;
#2504 = EDGE_LOOP ( 'NONE', ( #833, #2119 ) ) ;
#2505 = EDGE_LOOP ( 'NONE', ( #3323, #765, #1409, #2351 ) ) ;
#2506 = CARTESIAN_POINT ( 'NONE',  ( 9.583205734027297140, 67.80531337108210721, -37.01850346751601961 ) ) ;
#2507 = DIRECTION ( 'NONE',  ( -1.000000000000000000, 0.000000000000000000, 0.000000000000000000 ) ) ;
#2508 = CARTESIAN_POINT ( 'NONE',  ( -136.5042866136667499, 11.86000000000000121, 0.7699999999999997957 ) ) ;
#2509 = FACE_BOUND ( 'NONE', #2585, .T. ) ;
#2510 = AXIS2_PLACEMENT_3D ( 'NONE', #1652, #54, #36 ) ;
#2511 = CARTESIAN_POINT ( 'NONE',  ( 13.88593885708755415, 11.86000000000000654, 39.50000000000000000 ) ) ;
#2512 = LINE ( 'NONE', #1441, #1378 ) ;
#2513 = AXIS2_PLACEMENT_3D ( 'NONE', #142, #904, #3353 ) ;
#2514 = ORIENTED_EDGE ( 'NONE', *, *, #1607, .F. ) ;
#2515 = DIRECTION ( 'NONE',  ( -1.000000000000000000, 0.000000000000000000, 0.000000000000000000 ) ) ;
#2516 = VECTOR ( 'NONE', #72, 1000.000000000000000 ) ;
#2517 = DIRECTION ( 'NONE',  ( 0.000000000000000000, 0.000000000000000000, -1.000000000000000000 ) ) ;
#2518 = EDGE_CURVE ( 'NONE', #1031, #1809, #950, .T. ) ;
#2519 = CARTESIAN_POINT ( 'NONE',  ( 14.85192551164531949, 4.994770861230342085, -34.65266930404359869 ) ) ;
#2520 = VERTEX_POINT ( 'NONE', #923 ) ;
#2521 = AXIS2_PLACEMENT_3D ( 'NONE', #522, #2440, #2425 ) ;
#2522 = EDGE_CURVE ( 'NONE', #3075, #2499, #2676, .T. ) ;
#2523 = ORIENTED_EDGE ( 'NONE', *, *, #890, .T. ) ;
#2524 = DIRECTION ( 'NONE',  ( 0.000000000000000000, -0.000000000000000000, 1.000000000000000000 ) ) ;
#2525 = ORIENTED_EDGE ( 'NONE', *, *, #2666, .F. ) ;
#2526 = CARTESIAN_POINT ( 'NONE',  ( 9.632140484295668159, 65.72894947510900465, 11.35680105525016259 ) ) ;
#2527 = CARTESIAN_POINT ( 'NONE',  ( -7.500000000000000000, 5.035533905932736864, 41.00000000000000711 ) ) ;
#2528 = LINE ( 'NONE', #35, #848 ) ;
#2529 = CARTESIAN_POINT ( 'NONE',  ( 0.000000000000000000, -1.500000000000001332, 0.000000000000000000 ) ) ;
#2530 = DIRECTION ( 'NONE',  ( -1.000000000000000000, 0.000000000000000000, -0.000000000000000000 ) ) ;
#2531 = VERTEX_POINT ( 'NONE', #1185 ) ;
#2532 = FACE_OUTER_BOUND ( 'NONE', #98, .T. ) ;
#2533 = DIRECTION ( 'NONE',  ( 1.000000000000000000, 0.000000000000000000, 0.000000000000000000 ) ) ;
#2534 = CARTESIAN_POINT ( 'NONE',  ( 4.500000000000000888, 11.64000000000000057, -48.72498568747121794 ) ) ;
#2535 = EDGE_LOOP ( 'NONE', ( #2355, #1059, #1357, #2217 ) ) ;
#2536 = VERTEX_POINT ( 'NONE', #3166 ) ;
#2537 = CARTESIAN_POINT ( 'NONE',  ( -136.5042866136667499, 11.64000000000000057, -48.72498568747121794 ) ) ;
#2538 = ORIENTED_EDGE ( 'NONE', *, *, #2327, .F. ) ;
#2539 = EDGE_CURVE ( 'NONE', #1192, #2030, #2342, .T. ) ;
#2540 = CARTESIAN_POINT ( 'NONE',  ( 0.000000000000000000, 0.000000000000000000, 0.000000000000000000 ) ) ;
#2541 = CARTESIAN_POINT ( 'NONE',  ( 12.85168447131974823, 20.11610895919819342, 35.02914125558199743 ) ) ;
#2542 = EDGE_CURVE ( 'NONE', #1640, #367, #1795, .T. ) ;
#2543 = FACE_OUTER_BOUND ( 'NONE', #1323, .T. ) ;
#2544 = DIRECTION ( 'NONE',  ( 1.000000000000000000, -0.000000000000000000, 0.000000000000000000 ) ) ;
#2545 = ORIENTED_EDGE ( 'NONE', *, *, #935, .F. ) ;
#2546 = CARTESIAN_POINT ( 'NONE',  ( -7.500000000000000000, 16.54764659192372278, -42.75921592989470810 ) ) ;
#2547 = CARTESIAN_POINT ( 'NONE',  ( -5.000000000000000000, 53.53640687119290931, -21.39609665440966424 ) ) ;
#2548 = DIRECTION ( 'NONE',  ( 0.000000000000000000, 0.000000000000000000, -1.000000000000000000 ) ) ;
#2549 = CARTESIAN_POINT ( 'NONE',  ( 14.67031155844000345, 6.234205094544654102, -35.59863978354086100 ) ) ;
#2550 = ORIENTED_EDGE ( 'NONE', *, *, #817, .F. ) ;
#2551 = EDGE_LOOP ( 'NONE', ( #1624, #2747, #412, #78 ) ) ;
#2552 = AXIS2_PLACEMENT_3D ( 'NONE', #2608, #1384, #2742 ) ;
#2553 = FACE_OUTER_BOUND ( 'NONE', #581, .T. ) ;
#2554 = ORIENTED_EDGE ( 'NONE', *, *, #92, .T. ) ;
#2555 = ORIENTED_EDGE ( 'NONE', *, *, #1643, .F. ) ;
#2556 = VECTOR ( 'NONE', #1740, 1000.000000000000000 ) ;
#2557 = LINE ( 'NONE', #1992, #3093 ) ;
#2558 = CYLINDRICAL_SURFACE ( 'NONE', #1590, 4.000000000000000000 ) ;
#2559 = EDGE_CURVE ( 'NONE', #2957, #2941, #1014, .T. ) ;
#2560 = DIRECTION ( 'NONE',  ( 0.000000000000000000, 0.000000000000000000, -1.000000000000000000 ) ) ;
#2561 = VECTOR ( 'NONE', #1122, 1000.000000000000000 ) ;
#2562 = EDGE_CURVE ( 'NONE', #1788, #2784, #1526, .T. ) ;
#2563 = DIRECTION ( 'NONE',  ( 1.000000000000000000, 0.000000000000000000, -0.000000000000000000 ) ) ;
#2564 = CARTESIAN_POINT ( 'NONE',  ( 1.383850883036509462E-15, -6.505213034913026604E-16, -11.30000000000000249 ) ) ;
#2565 = ORIENTED_EDGE ( 'NONE', *, *, #931, .F. ) ;
#2566 = CARTESIAN_POINT ( 'NONE',  ( 0.000000000000000000, -1.951563910473907981E-14, 0.000000000000000000 ) ) ;
#2567 = CARTESIAN_POINT ( 'NONE',  ( 4.500000000000000888, 9.000000000000001776, -10.99999999999999645 ) ) ;
#2568 = MECHANICAL_DESIGN_GEOMETRIC_PRESENTATION_REPRESENTATION (  '', ( #206 ), #3374 ) ;
#2569 = CARTESIAN_POINT ( 'NONE',  ( 0.000000000000000000, 4.000000000000000000, 0.000000000000000000 ) ) ;
#2570 = LINE ( 'NONE', #2039, #2786 ) ;
#2571 = ORIENTED_EDGE ( 'NONE', *, *, #2150, .F. ) ;
#2572 = AXIS2_PLACEMENT_3D ( 'NONE', #2012, #853, #591 ) ;
#2573 = ORIENTED_EDGE ( 'NONE', *, *, #1324, .F. ) ;
#2574 = DIRECTION ( 'NONE',  ( 0.000000000000000000, -0.000000000000000000, 1.000000000000000000 ) ) ;
#2575 = VERTEX_POINT ( 'NONE', #143 ) ;
#2576 = EDGE_LOOP ( 'NONE', ( #2387, #2993 ) ) ;
#2577 = SURFACE_STYLE_FILL_AREA ( #3124 ) ;
#2578 = ADVANCED_FACE ( 'NONE', ( #122 ), #2558, .F. ) ;
#2579 = LINE ( 'NONE', #2069, #652 ) ;
#2580 = CARTESIAN_POINT ( 'NONE',  ( 12.25639410741185742, 25.43694278604887415, 40.27875645617175593 ) ) ;
#2581 = EDGE_CURVE ( 'NONE', #109, #2616, #2360, .T. ) ;
#2582 = AXIS2_PLACEMENT_3D ( 'NONE', #1483, #1517, #1763 ) ;
#2583 = CARTESIAN_POINT ( 'NONE',  ( 4.500000000000000888, 4.000000000000000000, 4.500000000000000000 ) ) ;
#2584 = LINE ( 'NONE', #2641, #1011 ) ;
#2585 = EDGE_LOOP ( 'NONE', ( #76, #707, #1491, #16, #1701, #2061, #1221, #648, #2373, #2612, #2276, #1999, #3384, #279, #3469, #1718, #1560, #1506, #24, #1234, #2554, #1524, #2914, #2596, #1413, #3063 ) ) ;
#2586 = CARTESIAN_POINT ( 'NONE',  ( 9.499535299289030732, 82.59358924775520450, -16.86932065372906564 ) ) ;
#2587 = EDGE_CURVE ( 'NONE', #2263, #755, #2051, .T. ) ;
#2588 = CARTESIAN_POINT ( 'NONE',  ( 0.000000000000000000, -13.49999999999999822, 0.000000000000000000 ) ) ;
#2589 = CARTESIAN_POINT ( 'NONE',  ( -7.500000000000000000, -18.50000000000000000, 1.050000000000000266 ) ) ;
#2590 = DIRECTION ( 'NONE',  ( 0.000000000000000000, -1.000000000000000000, 0.000000000000000000 ) ) ;
#2591 = EDGE_CURVE ( 'NONE', #239, #189, #3227, .T. ) ;
#2592 = ORIENTED_EDGE ( 'NONE', *, *, #1882, .T. ) ;
#2593 = AXIS2_PLACEMENT_3D ( 'NONE', #1249, #2313, #2917 ) ;
#2594 = VERTEX_POINT ( 'NONE', #3230 ) ;
#2595 = CARTESIAN_POINT ( 'NONE',  ( -7.500000000000000000, -18.50000000000000000, 1.050000000000000266 ) ) ;
#2596 = ORIENTED_EDGE ( 'NONE', *, *, #2562, .F. ) ;
#2597 = ORIENTED_EDGE ( 'NONE', *, *, #1429, .F. ) ;
#2598 = FILL_AREA_STYLE_COLOUR ( '', #547 ) ;
#2599 = DIRECTION ( 'NONE',  ( 0.000000000000000000, -3.548298019043469326E-16, -1.000000000000000000 ) ) ;
#2600 = EDGE_CURVE ( 'NONE', #1124, #3242, #484, .T. ) ;
#2601 = EDGE_CURVE ( 'NONE', #494, #1238, #1863, .T. ) ;
#2602 = PLANE ( 'NONE',  #1201 ) ;
#2603 = DIRECTION ( 'NONE',  ( 0.000000000000000000, -0.000000000000000000, -1.000000000000000000 ) ) ;
#2604 = ORIENTED_EDGE ( 'NONE', *, *, #511, .F. ) ;
#2605 = CARTESIAN_POINT ( 'NONE',  ( 9.489418960019261107, 74.62066109747840414, 10.98823582607144900 ) ) ;
#2606 = LINE ( 'NONE', #2328, #1035 ) ;
#2607 = CARTESIAN_POINT ( 'NONE',  ( -136.5042866136667499, 4.000000000000000000, 46.00000000000000000 ) ) ;
#2608 = CARTESIAN_POINT ( 'NONE',  ( -10.00000000000000000, 6.500000000000000888, 0.000000000000000000 ) ) ;
#2609 = ADVANCED_FACE ( 'NONE', ( #468 ), #2421, .F. ) ;
#2610 = EDGE_LOOP ( 'NONE', ( #1373, #3234, #2155, #2958 ) ) ;
#2611 = UNCERTAINTY_MEASURE_WITH_UNIT (LENGTH_MEASURE( 1.000000000000000082E-05 ), #1472, 'distance_accuracy_value', 'NONE');
#2612 = ORIENTED_EDGE ( 'NONE', *, *, #736, .T. ) ;
#2613 = EDGE_CURVE ( 'NONE', #613, #996, #2669, .T. ) ;
#2614 = LINE ( 'NONE', #3162, #955 ) ;
#2615 = ORIENTED_EDGE ( 'NONE', *, *, #2469, .F. ) ;
#2616 = VERTEX_POINT ( 'NONE', #1019 ) ;
#2617 = SURFACE_SIDE_STYLE ('',( #2577 ) ) ;
#2618 = VECTOR ( 'NONE', #2902, 1000.000000000000114 ) ;
#2619 = CARTESIAN_POINT ( 'NONE',  ( 13.32887106982984271, 16.13416596428220728, 45.84820399525415269 ) ) ;
#2620 = CARTESIAN_POINT ( 'NONE',  ( 4.500000000000000888, 11.86000000000000121, 36.00000000000000000 ) ) ;
#2621 = AXIS2_PLACEMENT_3D ( 'NONE', #793, #1335, #2423 ) ;
#2622 = CARTESIAN_POINT ( 'NONE',  ( 6.500000000000000888, 40.28000000000000114, -22.91000000000000014 ) ) ;
#2623 = LINE ( 'NONE', #1780, #1702 ) ;
#2624 = AXIS2_PLACEMENT_3D ( 'NONE', #999, #790, #2978 ) ;
#2625 = ORIENTED_EDGE ( 'NONE', *, *, #2377, .F. ) ;
#2626 = CARTESIAN_POINT ( 'NONE',  ( 9.544458688594689377, 69.99049415018309617, -44.11979817784460778 ) ) ;
#2627 = CARTESIAN_POINT ( 'NONE',  ( 0.000000000000000000, -1.500000000000000000, 0.000000000000000000 ) ) ;
#2628 = CARTESIAN_POINT ( 'NONE',  ( 0.000000000000000000, 12.94999999999999574, 2.250000000000000000 ) ) ;
#2629 = CARTESIAN_POINT ( 'NONE',  ( 8.500000000000000000, 4.000000000000000000, 32.00000000000000000 ) ) ;
#2630 = ORIENTED_EDGE ( 'NONE', *, *, #2666, .T. ) ;
#2631 = AXIS2_PLACEMENT_3D ( 'NONE', #1870, #1569, #2183 ) ;
#2632 = EDGE_CURVE ( 'NONE', #2716, #3575, #1563, .T. ) ;
#2633 = DIRECTION ( 'NONE',  ( 0.000000000000000000, 0.7071067811865495711, -0.7071067811865455743 ) ) ;
#2634 = AXIS2_PLACEMENT_3D ( 'NONE', #1314, #1851, #2946 ) ;
#2635 = ORIENTED_EDGE ( 'NONE', *, *, #2655, .F. ) ;
#2636 = VERTEX_POINT ( 'NONE', #2434 ) ;
#2637 = CARTESIAN_POINT ( 'NONE',  ( -5.000000000000000000, 46.46533905932746933, -27.16716446627516390 ) ) ;
#2638 = CARTESIAN_POINT ( 'NONE',  ( 11.54861546700945674, 32.65373405917968341, 33.44466180201580130 ) ) ;
#2639 = LINE ( 'NONE', #667, #217 ) ;
#2640 = CARTESIAN_POINT ( 'NONE',  ( 4.500000000000000888, 4.000000000000007994, 11.00000000000000355 ) ) ;
#2641 = CARTESIAN_POINT ( 'NONE',  ( 4.500000000000000888, -11.00000000000000000, -4.500000000000000000 ) ) ;
#2642 = ORIENTED_EDGE ( 'NONE', *, *, #1682, .F. ) ;
#2643 = CARTESIAN_POINT ( 'NONE',  ( 9.479142232399698997, 78.12016833534825366, 5.155716076964631966 ) ) ;
#2644 = CARTESIAN_POINT ( 'NONE',  ( 4.500000000000000888, 12.52421356237315386, 6.773961030678926853 ) ) ;
#2645 = DIRECTION ( 'NONE',  ( 0.000000000000000000, 0.000000000000000000, -1.000000000000000000 ) ) ;
#2646 = FACE_OUTER_BOUND ( 'NONE', #2505, .T. ) ;
#2647 = VERTEX_POINT ( 'NONE', #2944 ) ;
#2648 = CARTESIAN_POINT ( 'NONE',  ( 3.499999999999985789, 9.000000000000001776, -10.99999999999999645 ) ) ;
#2649 = VERTEX_POINT ( 'NONE', #1577 ) ;
#2650 = ORIENTED_EDGE ( 'NONE', *, *, #2264, .T. ) ;
#2651 = DIRECTION ( 'NONE',  ( -0.000000000000000000, -1.000000000000000000, -0.000000000000000000 ) ) ;
#2652 = CARTESIAN_POINT ( 'NONE',  ( 10.73251216419659393, 41.59623296954834615, 27.75377063706918790 ) ) ;
#2653 = EDGE_CURVE ( 'NONE', #2594, #1663, #1415, .T. ) ;
#2654 = ADVANCED_FACE ( 'NONE', ( #3531 ), #214, .T. ) ;
#2655 = EDGE_CURVE ( 'NONE', #1551, #2974, #1834, .T. ) ;
#2656 = DIRECTION ( 'NONE',  ( 1.000000000000000000, -0.000000000000000000, -0.000000000000000000 ) ) ;
#2657 = CARTESIAN_POINT ( 'NONE',  ( 9.786750355942951174, 60.51795316094897714, 11.39615581157009849 ) ) ;
#2658 = ORIENTED_EDGE ( 'NONE', *, *, #810, .T. ) ;
#2659 = CARTESIAN_POINT ( 'NONE',  ( 7.500000000000000000, 0.000000000000000000, 1.050000000000003153 ) ) ;
#2660 = DIRECTION ( 'NONE',  ( -1.000000000000000000, 0.000000000000000000, 0.000000000000000000 ) ) ;
#2661 = DIRECTION ( 'NONE',  ( 0.000000000000000000, 0.000000000000000000, 1.000000000000000000 ) ) ;
#2662 = CARTESIAN_POINT ( 'NONE',  ( 10.91144248456315324, 40.28000000000000114, -46.26641655800941066 ) ) ;
#2663 = VERTEX_POINT ( 'NONE', #3517 ) ;
#2664 = CARTESIAN_POINT ( 'NONE',  ( 8.500000000000000000, 8.000000000000000000, 11.00000000000000355 ) ) ;
#2665 = ORIENTED_EDGE ( 'NONE', *, *, #22, .T. ) ;
#2666 = EDGE_CURVE ( 'NONE', #2674, #3225, #52, .T. ) ;
#2667 = ORIENTED_EDGE ( 'NONE', *, *, #3078, .T. ) ;
#2668 = CARTESIAN_POINT ( 'NONE',  ( -5.000000000000000000, 53.53640687119290931, -20.09609665440966708 ) ) ;
#2669 = LINE ( 'NONE', #2960, #2443 ) ;
#2670 = AXIS2_PLACEMENT_3D ( 'NONE', #3055, #2471, #1418 ) ;
#2671 = CARTESIAN_POINT ( 'NONE',  ( 12.69803127455509006, 21.41286287383318410, -44.49693711872079405 ) ) ;
#2672 = EDGE_CURVE ( 'NONE', #1423, #946, #1645, .T. ) ;
#2673 = CARTESIAN_POINT ( 'NONE',  ( 9.509496065883457305, 72.60361220285881245, -16.17213217422969151 ) ) ;
#2674 = VERTEX_POINT ( 'NONE', #2407 ) ;
#2675 = CARTESIAN_POINT ( 'NONE',  ( 0.000000000000000000, -1.500000000000000000, 0.000000000000000000 ) ) ;
#2676 = CIRCLE ( 'NONE', #1125, 9.000000000000005329 ) ;
#2677 = EDGE_CURVE ( 'NONE', #3141, #2789, #2910, .T. ) ;
#2678 = DIRECTION ( 'NONE',  ( -1.000000000000000000, 0.000000000000000000, 0.000000000000000000 ) ) ;
#2679 = VECTOR ( 'NONE', #3525, 1000.000000000000000 ) ;
#2680 = CARTESIAN_POINT ( 'NONE',  ( 4.500000000000000888, 19.59528137423860272, 13.84502884254441213 ) ) ;
#2681 = ORIENTED_EDGE ( 'NONE', *, *, #2808, .F. ) ;
#2682 = CARTESIAN_POINT ( 'NONE',  ( 13.91539131245289695, 11.64000000000000057, -45.99999999999999289 ) ) ;
#2683 = ORIENTED_EDGE ( 'NONE', *, *, #2244, .T. ) ;
#2684 = AXIS2_PLACEMENT_3D ( 'NONE', #286, #1440, #1421 ) ;
#2685 = ORIENTED_EDGE ( 'NONE', *, *, #1296, .T. ) ;
#2686 = LINE ( 'NONE', #452, #3550 ) ;
#2687 = CARTESIAN_POINT ( 'NONE',  ( 0.000000000000000000, -1.500000000000000000, 0.000000000000000000 ) ) ;
#2688 = CARTESIAN_POINT ( 'NONE',  ( 13.19052124367531498, 17.28616881677982775, -37.29806379357447810 ) ) ;
#2689 = CARTESIAN_POINT ( 'NONE',  ( 10.43502493330305825, 47.14974658305171573, -45.57568014090254138 ) ) ;
#2690 = VECTOR ( 'NONE', #2384, 1000.000000000000000 ) ;
#2691 = CYLINDRICAL_SURFACE ( 'NONE', #1605, 1.050000000000000488 ) ;
#2692 = ADVANCED_FACE ( 'NONE', ( #3501 ), #1050, .F. ) ;
#2693 = CARTESIAN_POINT ( 'NONE',  ( 0.000000000000000000, -11.00000000000000000, 0.000000000000000000 ) ) ;
#2694 = DIRECTION ( 'NONE',  ( 0.000000000000000000, -1.000000000000000000, 0.000000000000000000 ) ) ;
#2695 = VECTOR ( 'NONE', #3074, 1000.000000000000000 ) ;
#2696 = VECTOR ( 'NONE', #3181, 1000.000000000000000 ) ;
#2697 = VERTEX_POINT ( 'NONE', #2103 ) ;
#2698 = EDGE_CURVE ( 'NONE', #1551, #2903, #2913, .T. ) ;
#2699 = EDGE_CURVE ( 'NONE', #1238, #3462, #1896, .T. ) ;
#2700 = DIRECTION ( 'NONE',  ( 0.000000000000000000, 0.000000000000000000, 1.000000000000000000 ) ) ;
#2701 = EDGE_CURVE ( 'NONE', #2035, #1124, #2027, .T. ) ;
#2702 = CARTESIAN_POINT ( 'NONE',  ( 13.84386367972835785, 12.17338728954325511, -39.49999999999997158 ) ) ;
#2703 = EDGE_LOOP ( 'NONE', ( #1397, #3193 ) ) ;
#2704 = EDGE_LOOP ( 'NONE', ( #2243, #3007 ) ) ;
#2705 = DIRECTION ( 'NONE',  ( -0.000000000000000000, 0.000000000000000000, -1.000000000000000000 ) ) ;
#2706 = DIRECTION ( 'NONE',  ( 0.000000000000000000, 0.000000000000000000, 1.000000000000000000 ) ) ;
#2707 = DIRECTION ( 'NONE',  ( -0.000000000000000000, -0.000000000000000000, 1.000000000000000000 ) ) ;
#2708 = CARTESIAN_POINT ( 'NONE',  ( 9.870636244670317083, 58.26979754293031988, -40.86089284338659411 ) ) ;
#2709 = FACE_BOUND ( 'NONE', #328, .T. ) ;
#2710 = CYLINDRICAL_SURFACE ( 'NONE', #2363, 41.73000000000000398 ) ;
#2711 = DIRECTION ( 'NONE',  ( -0.000000000000000000, 0.000000000000000000, -1.000000000000000000 ) ) ;
#2712 = ORIENTED_EDGE ( 'NONE', *, *, #3273, .T. ) ;
#2713 = VECTOR ( 'NONE', #1422, 1000.000000000000227 ) ;
#2714 = ADVANCED_FACE ( 'NONE', ( #1348 ), #2485, .F. ) ;
#2715 = CARTESIAN_POINT ( 'NONE',  ( 5.000000000000000000, 11.86000000000000121, 0.7699999999999997957 ) ) ;
#2716 = VERTEX_POINT ( 'NONE', #2450 ) ;
#2717 = ADVANCED_FACE ( 'NONE', ( #531 ), #2720, .F. ) ;
#2718 = VERTEX_POINT ( 'NONE', #552 ) ;
#2719 = CARTESIAN_POINT ( 'NONE',  ( 9.519390749947211461, 71.72736673471047197, 8.950789637290167633 ) ) ;
#2720 = PLANE ( 'NONE',  #774 ) ;
#2721 = CARTESIAN_POINT ( 'NONE',  ( 9.505380225809341610, 72.97533094883286253, 0.8613183454748946088 ) ) ;
#2722 = CARTESIAN_POINT ( 'NONE',  ( 2.755455298081544285E-16, -22.36067977499790160, -2.250000000000000000 ) ) ;
#2723 = DIRECTION ( 'NONE',  ( 0.000000000000000000, -1.000000000000000000, 0.000000000000000000 ) ) ;
#2724 = DIRECTION ( 'NONE',  ( 1.000000000000000000, 0.000000000000000000, -0.000000000000000000 ) ) ;
#2725 = VECTOR ( 'NONE', #1094, 1000.000000000000000 ) ;
#2726 = DIRECTION ( 'NONE',  ( -0.000000000000000000, 1.000000000000000000, -0.000000000000000000 ) ) ;
#2727 = LINE ( 'NONE', #1302, #1868 ) ;
#2728 = ORIENTED_EDGE ( 'NONE', *, *, #204, .T. ) ;
#2729 = VECTOR ( 'NONE', #2159, 1000.000000000000000 ) ;
#2730 = CARTESIAN_POINT ( 'NONE',  ( 0.000000000000000000, 9.000000000000001776, 0.000000000000000000 ) ) ;
#2731 = DIRECTION ( 'NONE',  ( 0.000000000000000000, -1.000000000000000000, 0.000000000000000000 ) ) ;
#2732 = CIRCLE ( 'NONE', #1194, 41.73000000000000398 ) ;
#2733 = EDGE_LOOP ( 'NONE', ( #63, #56 ) ) ;
#2734 = ORIENTED_EDGE ( 'NONE', *, *, #397, .T. ) ;
#2735 = EDGE_CURVE ( 'NONE', #2789, #1192, #2227, .T. ) ;
#2736 = CARTESIAN_POINT ( 'NONE',  ( 9.479154771914771516, 77.97082818963859552, -4.101815737134906215 ) ) ;
#2737 = DIRECTION ( 'NONE',  ( -0.000000000000000000, 0.000000000000000000, 1.000000000000000000 ) ) ;
#2738 = ORIENTED_EDGE ( 'NONE', *, *, #2023, .F. ) ;
#2739 = AXIS2_PLACEMENT_3D ( 'NONE', #3108, #3411, #1478 ) ;
#2740 = CARTESIAN_POINT ( 'NONE',  ( 9.484995126329119230, 75.72435838903230376, -8.455112156678270097 ) ) ;
#2741 = DIRECTION ( 'NONE',  ( 0.000000000000000000, 0.000000000000000000, -1.000000000000000000 ) ) ;
#2742 = DIRECTION ( 'NONE',  ( 1.000000000000000000, 0.000000000000000000, 0.000000000000000000 ) ) ;
#2743 = CIRCLE ( 'NONE', #1433, 499.9999999999998863 ) ;
#2744 = DIRECTION ( 'NONE',  ( 1.000000000000000000, -0.000000000000000000, -0.000000000000000000 ) ) ;
#2745 = LINE ( 'NONE', #1170, #1146 ) ;
#2746 = DIRECTION ( 'NONE',  ( -0.000000000000000000, -1.000000000000000000, -0.000000000000000000 ) ) ;
#2747 = ORIENTED_EDGE ( 'NONE', *, *, #3488, .F. ) ;
#2748 = ORIENTED_EDGE ( 'NONE', *, *, #1541, .F. ) ;
#2749 = AXIS2_PLACEMENT_3D ( 'NONE', #2267, #2744, #268 ) ;
#2750 = CARTESIAN_POINT ( 'NONE',  ( 0.000000000000000000, 4.000000000000000000, 10.00000000000000000 ) ) ;
#2751 = CARTESIAN_POINT ( 'NONE',  ( -5.000000000000000000, 40.10137802864853285, -28.58137802864835564 ) ) ;
#2752 =( BOUNDED_CURVE ( )  B_SPLINE_CURVE ( 3, ( #827, #2527, #1935, #1168 ),
 .UNSPECIFIED., .F., .F. ) 
 B_SPLINE_CURVE_WITH_KNOTS ( ( 4, 4 ),
 ( 0.000000000000000000, 1.570796326794897002 ),
 .UNSPECIFIED. ) 
 CURVE ( )  GEOMETRIC_REPRESENTATION_ITEM ( )  RATIONAL_B_SPLINE_CURVE ( ( 1.000000000000000000, 0.8047378541243649375, 0.8047378541243649375, 1.000000000000000000 ) ) 
 REPRESENTATION_ITEM ( '' )  );
#2753 = ORIENTED_EDGE ( 'NONE', *, *, #1973, .F. ) ;
#2754 = ORIENTED_EDGE ( 'NONE', *, *, #1047, .F. ) ;
#2755 = CARTESIAN_POINT ( 'NONE',  ( 9.487926274839162843, 75.12191502122293230, -31.16092391492996327 ) ) ;
#2756 = CARTESIAN_POINT ( 'NONE',  ( 14.85218037166715632, 4.993047142912040215, 34.65069348544606243 ) ) ;
#2757 = ORIENTED_EDGE ( 'NONE', *, *, #2495, .T. ) ;
#2758 = CARTESIAN_POINT ( 'NONE',  ( 9.492539790549226808, 74.46265304861243806, -24.75432965209905589 ) ) ;
#2759 = LINE ( 'NONE', #2470, #538 ) ;
#2760 = EDGE_CURVE ( 'NONE', #1009, #1449, #1629, .T. ) ;
#2761 = FACE_OUTER_BOUND ( 'NONE', #500, .T. ) ;
#2762 = DIRECTION ( 'NONE',  ( 0.000000000000000000, 0.7071067811865496822, -0.7071067811865453523 ) ) ;
#2763 = ADVANCED_FACE ( 'NONE', ( #3031, #2245, #2503 ), #844, .F. ) ;
#2764 = DIRECTION ( 'NONE',  ( 0.000000000000000000, 1.000000000000000000, 9.020562075079396891E-16 ) ) ;
#2765 = CYLINDRICAL_SURFACE ( 'NONE', #215, 1.050000000000000266 ) ;
#2766 = VERTEX_POINT ( 'NONE', #570 ) ;
#2767 = VERTEX_POINT ( 'NONE', #1662 ) ;
#2768 = DIRECTION ( 'NONE',  ( 0.000000000000000000, 0.000000000000000000, 1.000000000000000000 ) ) ;
#2769 = CYLINDRICAL_SURFACE ( 'NONE', #2968, 9.000000000000007105 ) ;
#2770 = VERTEX_POINT ( 'NONE', #3333 ) ;
#2771 = ORIENTED_EDGE ( 'NONE', *, *, #1973, .T. ) ;
#2772 = CARTESIAN_POINT ( 'NONE',  ( 9.496718710811514086, 73.88457748980323458, 5.642730108843769798 ) ) ;
#2773 = DIRECTION ( 'NONE',  ( -0.000000000000000000, 0.000000000000000000, 1.000000000000000000 ) ) ;
#2774 = ORIENTED_EDGE ( 'NONE', *, *, #3231, .F. ) ;
#2775 = CARTESIAN_POINT ( 'NONE',  ( 9.593721563372088923, 67.39589209949058102, 9.558747010847248760 ) ) ;
#2776 = VECTOR ( 'NONE', #443, 1000.000000000000000 ) ;
#2777 = CARTESIAN_POINT ( 'NONE',  ( -2.999999999999999112, -11.00000000000000000, -4.500000000000000000 ) ) ;
#2778 = CARTESIAN_POINT ( 'NONE',  ( 12.50000000000000000, 4.000000000000000000, -1.084202172485504434E-15 ) ) ;
#2779 = FACE_OUTER_BOUND ( 'NONE', #1647, .T. ) ;
#2780 = AXIS2_PLACEMENT_3D ( 'NONE', #2935, #3490, #3543 ) ;
#2781 = EDGE_CURVE ( 'NONE', #2649, #514, #2399, .T. ) ;
#2782 = DIRECTION ( 'NONE',  ( 0.000000000000000000, 0.000000000000000000, 1.000000000000000000 ) ) ;
#2783 = DIRECTION ( 'NONE',  ( 0.000000000000000000, 0.000000000000000000, 1.000000000000000000 ) ) ;
#2784 = VERTEX_POINT ( 'NONE', #3551 ) ;
#2785 = ORIENTED_EDGE ( 'NONE', *, *, #3488, .T. ) ;
#2787 = CARTESIAN_POINT ( 'NONE',  ( 17.00000000000000000, 11.63999999999976964, -39.49999999999999289 ) ) ;
#2786 = VECTOR ( 'NONE', #3364, 1000.000000000000000 ) ;
#2788 = DIRECTION ( 'NONE',  ( 0.000000000000000000, 0.000000000000000000, 1.000000000000000000 ) ) ;
#2789 = VERTEX_POINT ( 'NONE', #1376 ) ;
#2790 = VECTOR ( 'NONE', #1069, 1000.000000000000000 ) ;
#2791 = ORIENTED_EDGE ( 'NONE', *, *, #2479, .T. ) ;
#2792 = AXIS2_PLACEMENT_3D ( 'NONE', #117, #1180, #2008 ) ;
#2793 = CARTESIAN_POINT ( 'NONE',  ( 14.41714023157608615, 7.999999999999992895, 35.99999999999999289 ) ) ;
#2794 = ORIENTED_EDGE ( 'NONE', *, *, #840, .F. ) ;
#2795 = CARTESIAN_POINT ( 'NONE',  ( 9.525367401937126388, 71.28958681997336555, 4.133925677571641089 ) ) ;
#2796 = FACE_BOUND ( 'NONE', #1160, .T. ) ;
#2797 = CARTESIAN_POINT ( 'NONE',  ( 4.500000000000000888, 53.53640687119290931, -20.09609665440966708 ) ) ;
#2798 = CARTESIAN_POINT ( 'NONE',  ( -7.500000000000000000, 33.45906845341593794, 34.71014057049050194 ) ) ;
#2799 = CIRCLE ( 'NONE', #3258, 2.950000000000000622 ) ;
#2800 = DIRECTION ( 'NONE',  ( -0.000000000000000000, 8.828109292502822465E-16, -1.000000000000000000 ) ) ;
#2801 = PLANE ( 'NONE',  #1154 ) ;
#2802 = EDGE_LOOP ( 'NONE', ( #430, #3309, #2381, #3164 ) ) ;
#2803 = CARTESIAN_POINT ( 'NONE',  ( 10.58300956981902807, 44.81798496408510601, -56.08303038143080954 ) ) ;
#2804 = AXIS2_PLACEMENT_3D ( 'NONE', #3154, #1782, #1515 ) ;
#2805 = DIRECTION ( 'NONE',  ( 0.000000000000000000, -6.630094960539387585E-14, -1.000000000000000000 ) ) ;
#2806 = CARTESIAN_POINT ( 'NONE',  ( 14.99999999999999822, 4.000000000000000888, -32.26556066149414193 ) ) ;
#2807 = EDGE_CURVE ( 'NONE', #1749, #1120, #881, .T. ) ;
#2808 = EDGE_CURVE ( 'NONE', #1435, #2992, #90, .T. ) ;
#2809 = ORIENTED_EDGE ( 'NONE', *, *, #3115, .T. ) ;
#2810 = AXIS2_PLACEMENT_3D ( 'NONE', #1689, #2800, #3320 ) ;
#2811 = ORIENTED_EDGE ( 'NONE', *, *, #1091, .F. ) ;
#2812 = EDGE_CURVE ( 'NONE', #1431, #2260, #656, .T. ) ;
#2813 = DIRECTION ( 'NONE',  ( 0.000000000000000000, 0.000000000000000000, -1.000000000000000000 ) ) ;
#2814 = ORIENTED_EDGE ( 'NONE', *, *, #2899, .F. ) ;
#2815 = FACE_OUTER_BOUND ( 'NONE', #2086, .T. ) ;
#2816 = DIRECTION ( 'NONE',  ( 0.7071067811865477948, -0.3796382741914700043, -0.5965524124240232373 ) ) ;
#2817 = CARTESIAN_POINT ( 'NONE',  ( 2.755455298081544285E-16, 13.77000000000001911, -2.250000000000000000 ) ) ;
#2818 = DIRECTION ( 'NONE',  ( 0.000000000000000000, 0.000000000000000000, -1.000000000000000000 ) ) ;
#2819 = ORIENTED_EDGE ( 'NONE', *, *, #3336, .T. ) ;
#2820 = DIRECTION ( 'NONE',  ( 0.000000000000000000, 0.000000000000000000, 1.000000000000000000 ) ) ;
#2821 = DIRECTION ( 'NONE',  ( -0.000000000000000000, 0.000000000000000000, 1.000000000000000000 ) ) ;
#2822 = DIRECTION ( 'NONE',  ( -1.000000000000000000, 0.000000000000000000, -0.000000000000000000 ) ) ;
#2823 = ORIENTED_EDGE ( 'NONE', *, *, #3273, .F. ) ;
#2824 = ORIENTED_EDGE ( 'NONE', *, *, #2361, .T. ) ;
#2825 = ADVANCED_FACE ( 'NONE', ( #822 ), #1396, .F. ) ;
#2826 = CARTESIAN_POINT ( 'NONE',  ( 7.500000000000000000, 0.000000000000000000, 2.755455298081544383E-15 ) ) ;
#2827 = EDGE_LOOP ( 'NONE', ( #419, #2281, #2404, #2774 ) ) ;
#2828 = ADVANCED_FACE ( 'NONE', ( #47 ), #1162, .F. ) ;
#2829 = CIRCLE ( 'NONE', #120, 9.800000000000002487 ) ;
#2830 = DIRECTION ( 'NONE',  ( -1.000000000000000000, -0.000000000000000000, -0.000000000000000000 ) ) ;
#2831 = CARTESIAN_POINT ( 'NONE',  ( -2.999999999999999112, 4.000000000000007994, 11.00000000000000355 ) ) ;
#2832 = DIRECTION ( 'NONE',  ( 0.000000000000000000, 0.8436525123164420048, -0.5368895961574928766 ) ) ;
#2833 = AXIS2_PLACEMENT_3D ( 'NONE', #696, #1804, #2901 ) ;
#2834 = DIRECTION ( 'NONE',  ( -1.000000000000000000, 0.000000000000000000, 0.000000000000000000 ) ) ;
#2835 = DIRECTION ( 'NONE',  ( 1.000000000000000000, -0.000000000000000000, -0.000000000000000000 ) ) ;
#2836 = EDGE_LOOP ( 'NONE', ( #2221, #3454, #315, #3513 ) ) ;
#2837 = FACE_OUTER_BOUND ( 'NONE', #2338, .T. ) ;
#2838 = DIRECTION ( 'NONE',  ( 0.000000000000000000, 0.000000000000000000, 1.000000000000000000 ) ) ;
#2839 = DIRECTION ( 'NONE',  ( 0.000000000000000000, -8.821277901274943209E-16, 1.000000000000000000 ) ) ;
#2840 = DIRECTION ( 'NONE',  ( 1.000000000000000000, -0.000000000000000000, 0.000000000000000000 ) ) ;
#2841 = ORIENTED_EDGE ( 'NONE', *, *, #694, .T. ) ;
#2842 = ORIENTED_EDGE ( 'NONE', *, *, #1043, .F. ) ;
#2843 = VECTOR ( 'NONE', #2998, 1000.000000000000000 ) ;
#2844 = FACE_OUTER_BOUND ( 'NONE', #2280, .T. ) ;
#2845 = AXIS2_PLACEMENT_3D ( 'NONE', #2858, #380, #108 ) ;
#2846 = ORIENTED_EDGE ( 'NONE', *, *, #1733, .F. ) ;
#2847 = EDGE_CURVE ( 'NONE', #1809, #2926, #2318, .T. ) ;
#2848 = EDGE_LOOP ( 'NONE', ( #2615, #2728, #2604, #1789, #2954, #1970, #343, #2872, #1608, #2464, #3310, #80, #1305, #2791, #1594 ) ) ;
#2849 = AXIS2_PLACEMENT_3D ( 'NONE', #2279, #957, #100 ) ;
#2850 = ADVANCED_FACE ( 'NONE', ( #2844 ), #2889, .F. ) ;
#2851 = B_SPLINE_CURVE_WITH_KNOTS ( 'NONE', 3,
 ( #1465, #2886, #3347, #1504, #2315, #2549, #2297, #3134, #333, #2519, #600, #654, #878, #1984, #2864, #1731, #2806, #2003 ),
 .UNSPECIFIED., .F., .F.,
 ( 4, 2, 2, 2, 2, 2, 2, 2, 4 ),
 ( 5.204170427930421283E-18, 0.0007851780736042451858, 0.001570356147208485167, 0.002355534220812725149, 0.003140712294416965131, 0.003925890368021205112, 0.004711068441625445094, 0.005496246515229685076, 0.006281424588833925057 ),
 .UNSPECIFIED. ) ;
#2852 = CARTESIAN_POINT ( 'NONE',  ( 5.000000000000000000, 11.86000000000000654, 39.50000000000000000 ) ) ;
#2853 = CARTESIAN_POINT ( 'NONE',  ( 5.000000000000000000, 11.63999999999976964, -39.49999999999999289 ) ) ;
#2854 = ADVANCED_FACE ( 'NONE', ( #2353 ), #3120, .F. ) ;
#2855 = DIRECTION ( 'NONE',  ( 1.000000000000000000, 0.000000000000000000, -0.000000000000000000 ) ) ;
#2856 = EDGE_CURVE ( 'NONE', #3405, #173, #2117, .T. ) ;
#2857 = CARTESIAN_POINT ( 'NONE',  ( 0.000000000000000000, -13.49999999999999822, 0.000000000000000000 ) ) ;
#2858 = CARTESIAN_POINT ( 'NONE',  ( -7.500000000000000000, 40.28000000000000114, -13.90999999999999481 ) ) ;
#2859 = ORIENTED_EDGE ( 'NONE', *, *, #403, .T. ) ;
#2860 = CARTESIAN_POINT ( 'NONE',  ( 9.494503381292282995, 81.99125284801704083, -21.36259968819511101 ) ) ;
#2861 = LINE ( 'NONE', #168, #1947 ) ;
#2862 = VECTOR ( 'NONE', #2146, 1000.000000000000000 ) ;
#2863 = LINE ( 'NONE', #1764, #571 ) ;
#2864 = CARTESIAN_POINT ( 'NONE',  ( 14.98043553776390269, 4.130663211630298370, -33.04809972009996244 ) ) ;
#2865 = VERTEX_POINT ( 'NONE', #900 ) ;
#2866 = PRODUCT_DEFINITION_CONTEXT ( 'detailed design', #1982, 'design' ) ;
#2867 = CLOSED_SHELL ( 'NONE', ( #3228, #3357, #1688, #1051, #1359, #3572, #263, #85, #2094, #424, #331, #2925, #2850, #3368, #309, #3119, #1561, #778, #2431, #2763, #1072, #352, #3077, #241, #2964, #729, #134, #3335, #1738, #525, #622, #1776, #938, #1496, #1585, #2714, #2942, #470, #2330, #3510, #619, #1060, #2854, #796, #960, #183, #1208, #427, #1578, #1235, #1929, #953, #2870, #2654, #888, #557, #3422, #2828, #593, #660, #813, #1167, #2116, #2451, #1280, #447, #378, #2692, #17, #1516, #3246, #3073, #1617, #528, #2314, #111, #1730, #2192, #2287, #3287, #2334, #777, #2224, #2609, #2128, #2198, #1447, #3492, #285, #3206, #1906, #914, #1383, #756, #240, #46, #1865, #2070, #375, #2717, #1825, #3471, #2825, #578, #2578, #3269 ) ) ;
#2868 = VERTEX_POINT ( 'NONE', #2595 ) ;
#2869 = LINE ( 'NONE', #411, #3084 ) ;
#2870 = ADVANCED_FACE ( 'NONE', ( #2553 ), #1522, .F. ) ;
#2871 = ORIENTED_EDGE ( 'NONE', *, *, #1847, .F. ) ;
#2872 = ORIENTED_EDGE ( 'NONE', *, *, #1386, .F. ) ;
#2873 = VECTOR ( 'NONE', #891, 1000.000000000000000 ) ;
#2874 = CARTESIAN_POINT ( 'NONE',  ( 4.500000000000000888, 19.59528137423860272, 12.54502884254441852 ) ) ;
#2875 = DIRECTION ( 'NONE',  ( -0.000000000000000000, 1.000000000000000000, -0.000000000000000000 ) ) ;
#2876 = CARTESIAN_POINT ( 'NONE',  ( 11.40424984158411270, 34.26440284765216404, 35.97561933896513153 ) ) ;
#2877 = VECTOR ( 'NONE', #273, 1000.000000000000000 ) ;
#2878 = FACE_OUTER_BOUND ( 'NONE', #3083, .T. ) ;
#2879 = EDGE_CURVE ( 'NONE', #2865, #1892, #1452, .T. ) ;
#2880 = DIRECTION ( 'NONE',  ( 0.000000000000000000, 1.000000000000000000, 0.000000000000000000 ) ) ;
#2881 = ORIENTED_EDGE ( 'NONE', *, *, #3096, .F. ) ;
#2882 = CARTESIAN_POINT ( 'NONE',  ( 9.542463848267807691, 70.14255429058499658, 16.13365508356133304 ) ) ;
#2883 = EDGE_CURVE ( 'NONE', #3241, #1449, #830, .T. ) ;
#2884 = DIRECTION ( 'NONE',  ( -0.000000000000000000, 1.000000000000000000, -0.000000000000000000 ) ) ;
#2885 = FACE_OUTER_BOUND ( 'NONE', #2551, .T. ) ;
#2886 = CARTESIAN_POINT ( 'NONE',  ( 14.45435848497371367, 7.737139304103999748, -35.99999999999999289 ) ) ;
#2887 = ORIENTED_EDGE ( 'NONE', *, *, #1188, .T. ) ;
#2888 = ORIENTED_EDGE ( 'NONE', *, *, #469, .F. ) ;
#2889 = CYLINDRICAL_SURFACE ( 'NONE', #3252, 1.299999999999997380 ) ;
#2890 = ORIENTED_EDGE ( 'NONE', *, *, #488, .T. ) ;
#2891 = EDGE_LOOP ( 'NONE', ( #126, #2665, #2410, #314 ) ) ;
#2892 = CARTESIAN_POINT ( 'NONE',  ( 13.40110912895753259, 15.59470374054412112, -43.91761997080809721 ) ) ;
#2893 = CARTESIAN_POINT ( 'NONE',  ( 12.13654723260452251, 26.57502229596999754, 43.59268556409482898 ) ) ;
#2894 = CARTESIAN_POINT ( 'NONE',  ( 22.50000000000000711, 0.000000000000000000, -10.00000000000000000 ) ) ;
#2895 = DIRECTION ( 'NONE',  ( 0.000000000000000000, 0.000000000000000000, -1.000000000000000000 ) ) ;
#2896 = CARTESIAN_POINT ( 'NONE',  ( 4.500000000000000888, 46.46533905932746933, -25.86716446627516675 ) ) ;
#2897 = ORIENTED_EDGE ( 'NONE', *, *, #3223, .F. ) ;
#2898 = CARTESIAN_POINT ( 'NONE',  ( 9.510396563469900144, 72.48080709482483996, 13.63012215176652475 ) ) ;
#2899 = EDGE_CURVE ( 'NONE', #1749, #1423, #936, .T. ) ;
#2900 = FACE_OUTER_BOUND ( 'NONE', #3025, .T. ) ;
#2901 = DIRECTION ( 'NONE',  ( -1.000000000000000000, 0.000000000000000000, -0.000000000000000000 ) ) ;
#2902 = DIRECTION ( 'NONE',  ( 0.000000000000000000, -0.7071067811865455743, -0.7071067811865495711 ) ) ;
#2903 = VERTEX_POINT ( 'NONE', #639 ) ;
#2904 = CARTESIAN_POINT ( 'NONE',  ( 3.612708057484692590E-16, -17.49999999999999645, -2.950000000000000622 ) ) ;
#2905 = ORIENTED_EDGE ( 'NONE', *, *, #669, .F. ) ;
#2906 = ORIENTED_EDGE ( 'NONE', *, *, #2522, .T. ) ;
#2907 = CARTESIAN_POINT ( 'NONE',  ( -2.500000000000030198, 11.64000000000000057, -45.99999999999999289 ) ) ;
#2908 = LINE ( 'NONE', #2284, #2556 ) ;
#2909 = PLANE ( 'NONE',  #2133 ) ;
#2910 = CIRCLE ( 'NONE', #2624, 1.050000000000000488 ) ;
#2911 = CARTESIAN_POINT ( 'NONE',  ( 11.54379857805121823, 32.64600925871489068, -49.02851455098338107 ) ) ;
#2912 = FACE_BOUND ( 'NONE', #637, .T. ) ;
#2913 = CIRCLE ( 'NONE', #1592, 2.724985687471225049 ) ;
#2914 = ORIENTED_EDGE ( 'NONE', *, *, #1882, .F. ) ;
#2915 = CARTESIAN_POINT ( 'NONE',  ( 9.706680322720206533, 63.02071938050821132, 21.82409724188639544 ) ) ;
#2916 = DIRECTION ( 'NONE',  ( -0.000000000000000000, 1.000000000000000000, -0.000000000000000000 ) ) ;
#2917 = DIRECTION ( 'NONE',  ( 0.000000000000000000, 0.000000000000000000, 1.000000000000000000 ) ) ;
#2918 = LINE ( 'NONE', #1288, #2843 ) ;
#2919 = ORIENTED_EDGE ( 'NONE', *, *, #2400, .T. ) ;
#2920 = VECTOR ( 'NONE', #3247, 1000.000000000000000 ) ;
#2921 = EDGE_CURVE ( 'NONE', #3544, #1873, #2869, .T. ) ;
#2922 = EDGE_CURVE ( 'NONE', #3295, #2575, #194, .T. ) ;
#2923 = CARTESIAN_POINT ( 'NONE',  ( -5.000000000000000000, 46.46533905932746933, -25.86716446627516675 ) ) ;
#2924 = ORIENTED_EDGE ( 'NONE', *, *, #3576, .T. ) ;
#2925 = ADVANCED_FACE ( 'NONE', ( #1507 ), #2028, .F. ) ;
#2926 = VERTEX_POINT ( 'NONE', #1790 ) ;
#2927 = CARTESIAN_POINT ( 'NONE',  ( -2.500000000000030198, 11.86000000000000121, 0.7699999999999997957 ) ) ;
#2928 = DIRECTION ( 'NONE',  ( 1.000000000000000000, -0.000000000000000000, -0.000000000000000000 ) ) ;
#2929 = CIRCLE ( 'NONE', #1372, 1.499999999999999556 ) ;
#2930 = DIRECTION ( 'NONE',  ( 0.000000000000000000, -0.000000000000000000, -1.000000000000000000 ) ) ;
#2931 = CARTESIAN_POINT ( 'NONE',  ( 10.07278708191140559, 53.72967886129025317, -43.35138244436404875 ) ) ;
#2932 = ORIENTED_EDGE ( 'NONE', *, *, #3142, .F. ) ;
#2933 = CARTESIAN_POINT ( 'NONE',  ( 9.479313870292518374, 77.59256545555278706, 6.168031649232331048 ) ) ;
#2934 = CARTESIAN_POINT ( 'NONE',  ( 5.000000000000000000, 11.63999999999984603, -42.49999999999999289 ) ) ;
#2935 = CARTESIAN_POINT ( 'NONE',  ( -7.500000000000000000, 11.64000000000000057, -48.72498568747121794 ) ) ;
#2936 = CARTESIAN_POINT ( 'NONE',  ( 7.500000000000000000, 0.000000000000000000, -1.049999999999997602 ) ) ;
#2937 = VERTEX_POINT ( 'NONE', #3444 ) ;
#2938 = ADVANCED_BREP_SHAPE_REPRESENTATION ( 'Waist', ( #1446, #3421 ), #947 ) ;
#2939 = CARTESIAN_POINT ( 'NONE',  ( 13.57270771739278814, 14.24544532954855036, -39.85949229889813239 ) ) ;
#2940 = ORIENTED_EDGE ( 'NONE', *, *, #1666, .F. ) ;
#2941 = VERTEX_POINT ( 'NONE', #79 ) ;
#2942 = ADVANCED_FACE ( 'NONE', ( #3423 ), #1468, .F. ) ;
#2943 = CARTESIAN_POINT ( 'NONE',  ( 11.36946752258954163, 34.58153420095036523, -52.43655298612043936 ) ) ;
#2944 = CARTESIAN_POINT ( 'NONE',  ( -7.500000000000000000, 60.33627139972075071, 17.60583468030419496 ) ) ;
#2945 = EDGE_CURVE ( 'NONE', #1106, #1031, #3103, .T. ) ;
#2946 = DIRECTION ( 'NONE',  ( 0.000000000000000000, 0.000000000000000000, -1.000000000000000000 ) ) ;
#2947 = B_SPLINE_CURVE_WITH_KNOTS ( 'NONE', 3,
 ( #2892, #626, #373, #1492, #1183, #3165 ),
 .UNSPECIFIED., .F., .F.,
 ( 4, 2, 4 ),
 ( 1.262897753262582698E-17, 0.002148464523598198322, 0.004296929047196384500 ),
 .UNSPECIFIED. ) ;
#2948 = CARTESIAN_POINT ( 'NONE',  ( 10.19622085231444863, 51.31832237718388257, -44.33789776050126363 ) ) ;
#2949 = EDGE_LOOP ( 'NONE', ( #1467, #1922, #3420, #3445 ) ) ;
#2950 = CARTESIAN_POINT ( 'NONE',  ( 509.4793796504069974, 78.09549986705438585, 42.49999999999999289 ) ) ;
#2951 = B_SPLINE_CURVE_WITH_KNOTS ( 'NONE', 3,
 ( #491, #221, #730, #1886, #3473, #1352 ),
 .UNSPECIFIED., .F., .F.,
 ( 4, 2, 4 ),
 ( 0.000000000000000000, 0.0009407076923448715825, 0.001881415384689743165 ),
 .UNSPECIFIED. ) ;
#2952 = FACE_OUTER_BOUND ( 'NONE', #1842, .T. ) ;
#2953 = DIRECTION ( 'NONE',  ( 1.000000000000000000, 0.000000000000000000, -0.000000000000000000 ) ) ;
#2954 = ORIENTED_EDGE ( 'NONE', *, *, #1664, .F. ) ;
#2955 = DIRECTION ( 'NONE',  ( 0.000000000000000000, -0.8436525123164420048, 0.5368895961574926545 ) ) ;
#2956 = CARTESIAN_POINT ( 'NONE',  ( 13.91539131245295202, 11.63999999999977497, -39.49999999999999289 ) ) ;
#2957 = VERTEX_POINT ( 'NONE', #2301 ) ;
#2958 = ORIENTED_EDGE ( 'NONE', *, *, #638, .F. ) ;
#2959 = CARTESIAN_POINT ( 'NONE',  ( -5.000000000000000000, 40.10137802864853285, -28.58137802864835564 ) ) ;
#2960 = CARTESIAN_POINT ( 'NONE',  ( 12.50000000000000000, 0.000000000000000000, -10.00000000000000000 ) ) ;
#2961 = EDGE_CURVE ( 'NONE', #2531, #3026, #2614, .T. ) ;
#2962 = CARTESIAN_POINT ( 'NONE',  ( 0.000000000000000000, -13.49999999999999822, 0.000000000000000000 ) ) ;
#2963 = CARTESIAN_POINT ( 'NONE',  ( 10.65770228240768702, 43.74667442715577437, -46.12631396229873815 ) ) ;
#2964 = ADVANCED_FACE ( 'NONE', ( #3386 ), #683, .F. ) ;
#2965 = CARTESIAN_POINT ( 'NONE',  ( -5.000000000000000000, 53.53640687119290931, -20.09609665440966708 ) ) ;
#2966 = VECTOR ( 'NONE', #3195, 1000.000000000000000 ) ;
#2967 = CARTESIAN_POINT ( 'NONE',  ( -5.000000000000000000, 12.52421356237315386, 5.473961030678929696 ) ) ;
#2968 = AXIS2_PLACEMENT_3D ( 'NONE', #512, #3290, #2788 ) ;
#2969 = CYLINDRICAL_SURFACE ( 'NONE', #1240, 2.250000000000000000 ) ;
#2970 = ORIENTED_EDGE ( 'NONE', *, *, #139, .F. ) ;
#2971 = CARTESIAN_POINT ( 'NONE',  ( 10.95795333237113134, 39.66679066708168477, -56.26641655800943909 ) ) ;
#2972 = ORIENTED_EDGE ( 'NONE', *, *, #3002, .F. ) ;
#2973 = AXIS2_PLACEMENT_3D ( 'NONE', #2857, #107, #1242 ) ;
#2974 = VERTEX_POINT ( 'NONE', #2682 ) ;
#2975 = CARTESIAN_POINT ( 'NONE',  ( 11.91080081602395779, 28.84194194443251291, -51.05061443671384325 ) ) ;
#2976 = EDGE_CURVE ( 'NONE', #1045, #1471, #738, .T. ) ;
#2977 = VECTOR ( 'NONE', #2656, 1000.000000000000000 ) ;
#2978 = DIRECTION ( 'NONE',  ( 0.000000000000000000, 0.000000000000000000, -1.000000000000000000 ) ) ;
#2979 = VECTOR ( 'NONE', #3015, 1000.000000000000000 ) ;
#2980 = CARTESIAN_POINT ( 'NONE',  ( -136.5042866136667499, 40.28000000000000114, -56.26641655800941777 ) ) ;
#2981 = CARTESIAN_POINT ( 'NONE',  ( 9.655461203057866371, 64.77295528508983580, -35.12364608195208859 ) ) ;
#2982 = AXIS2_PLACEMENT_3D ( 'NONE', #2252, #1958, #324 ) ;
#2983 = CIRCLE ( 'NONE', #27, 1.650000000000000133 ) ;
#2984 = LINE ( 'NONE', #1351, #2979 ) ;
#2985 = EDGE_CURVE ( 'NONE', #4, #2575, #3224, .T. ) ;
#2986 = DIRECTION ( 'NONE',  ( -0.7071067811865461294, 0.4492215681958509066, 0.5460769017891733412 ) ) ;
#2987 = DIRECTION ( 'NONE',  ( 0.000000000000000000, 0.5368895961574928766, 0.8436525123164418938 ) ) ;
#2988 = EDGE_CURVE ( 'NONE', #96, #456, #1443, .T. ) ;
#2989 = AXIS2_PLACEMENT_3D ( 'NONE', #3346, #1426, #1158 ) ;
#2990 = VERTEX_POINT ( 'NONE', #3191 ) ;
#2991 = DIRECTION ( 'NONE',  ( -0.000000000000000000, 1.000000000000000000, -0.000000000000000000 ) ) ;
#2992 = VERTEX_POINT ( 'NONE', #1844 ) ;
#2993 = ORIENTED_EDGE ( 'NONE', *, *, #882, .T. ) ;
#2994 = CARTESIAN_POINT ( 'NONE',  ( 9.635102233152533557, 65.47233461525593157, 15.79292809475744264 ) ) ;
#2995 = CARTESIAN_POINT ( 'NONE',  ( 14.67053784920199888, 6.232652909232665905, 35.59774845126729304 ) ) ;
#2996 = CARTESIAN_POINT ( 'NONE',  ( 9.722088403412428192, 62.51103278715223865, -42.04965806179389176 ) ) ;
#2997 = CARTESIAN_POINT ( 'NONE',  ( 9.508719955034258930, 72.67852808580830981, -14.44590810771477685 ) ) ;
#2998 = DIRECTION ( 'NONE',  ( 1.000000000000000000, -0.000000000000000000, -0.000000000000000000 ) ) ;
#2999 = PLANE ( 'NONE',  #381 ) ;
#3000 = DIRECTION ( 'NONE',  ( 0.000000000000000000, 0.000000000000000000, -1.000000000000000000 ) ) ;
#3001 = CARTESIAN_POINT ( 'NONE',  ( -5.000000000000000000, 53.53640687119290931, -18.79609665440966637 ) ) ;
#3002 = EDGE_CURVE ( 'NONE', #1244, #2092, #2140, .T. ) ;
#3003 = ORIENTED_EDGE ( 'NONE', *, *, #2042, .T. ) ;
#3004 = LINE ( 'NONE', #952, #12 ) ;
#3005 = ORIENTED_EDGE ( 'NONE', *, *, #2110, .T. ) ;
#3006 = AXIS2_PLACEMENT_3D ( 'NONE', #1097, #3285, #459 ) ;
#3007 = ORIENTED_EDGE ( 'NONE', *, *, #463, .T. ) ;
#3008 =( NAMED_UNIT ( * ) PLANE_ANGLE_UNIT ( ) SI_UNIT ( $, .RADIAN. ) );
#3009 = CARTESIAN_POINT ( 'NONE',  ( 9.482641429847014081, 76.20938633685545938, -28.76370713733788875 ) ) ;
#3010 = CARTESIAN_POINT ( 'NONE',  ( 9.824141505384853090, 59.53093700548451039, 16.34035591182952629 ) ) ;
#3011 = ORIENTED_EDGE ( 'NONE', *, *, #2414, .F. ) ;
#3012 = CARTESIAN_POINT ( 'NONE',  ( 9.737502315062965152, 62.02379244500908584, -42.42780826632714763 ) ) ;
#3013 = LINE ( 'NONE', #2454, #1758 ) ;
#3014 = DIRECTION ( 'NONE',  ( 0.000000000000000000, 0.000000000000000000, 1.000000000000000000 ) ) ;
#3015 = DIRECTION ( 'NONE',  ( -0.000000000000000000, -1.000000000000000000, -0.000000000000000000 ) ) ;
#3016 = VECTOR ( 'NONE', #808, 1000.000000000000000 ) ;
#3017 = DIRECTION ( 'NONE',  ( 0.000000000000000000, 1.000000000000000000, 9.082321863752923808E-16 ) ) ;
#3018 = CARTESIAN_POINT ( 'NONE',  ( 4.500000000000000888, 25.95924240491746815, 15.25924240491755057 ) ) ;
#3019 = VECTOR ( 'NONE', #1993, 1000.000000000000000 ) ;
#3020 = ORIENTED_EDGE ( 'NONE', *, *, #2361, .F. ) ;
#3021 = CIRCLE ( 'NONE', #1928, 1.050000000000000266 ) ;
#3022 = DIRECTION ( 'NONE',  ( 0.000000000000000000, 1.000000000000000000, -6.630094960539387585E-14 ) ) ;
#3023 = FACE_OUTER_BOUND ( 'NONE', #2802, .T. ) ;
#3024 = VECTOR ( 'NONE', #2813, 1000.000000000000000 ) ;
#3025 = EDGE_LOOP ( 'NONE', ( #3461, #3226, #262, #3446 ) ) ;
#3026 = VERTEX_POINT ( 'NONE', #2648 ) ;
#3027 = EDGE_CURVE ( 'NONE', #189, #2992, #2054, .T. ) ;
#3028 = APPLICATION_PROTOCOL_DEFINITION ( 'draft international standard', 'automotive_design', 1998, #1982 ) ;
#3029 = EDGE_CURVE ( 'NONE', #1461, #2260, #1030, .T. ) ;
#3030 = DIRECTION ( 'NONE',  ( 0.000000000000000000, 0.000000000000000000, -1.000000000000000000 ) ) ;
#3031 = FACE_BOUND ( 'NONE', #2100, .T. ) ;
#3032 = ORIENTED_EDGE ( 'NONE', *, *, #846, .T. ) ;
#3033 = EDGE_CURVE ( 'NONE', #1744, #3295, #3209, .T. ) ;
#3034 = AXIS2_PLACEMENT_3D ( 'NONE', #502, #2651, #1278 ) ;
#3035 = LINE ( 'NONE', #1667, #2354 ) ;
#3036 = DIRECTION ( 'NONE',  ( -0.000000000000000000, 1.000000000000000000, -0.000000000000000000 ) ) ;
#3037 = CARTESIAN_POINT ( 'NONE',  ( 4.500000000000000888, 4.000000000000000000, -4.500000000000000000 ) ) ;
#3038 = CARTESIAN_POINT ( 'NONE',  ( -5.000000000000000000, 19.59528137423860272, 13.84502884254441213 ) ) ;
#3039 = DIRECTION ( 'NONE',  ( 0.000000000000000000, 9.082321863752923808E-16, -1.000000000000000000 ) ) ;
#3040 = AXIS2_PLACEMENT_3D ( 'NONE', #150, #1247, #3380 ) ;
#3041 = CARTESIAN_POINT ( 'NONE',  ( 1.518182623143421006, 13.77000000000001734, -2.250000000000000000 ) ) ;
#3042 = ORIENTED_EDGE ( 'NONE', *, *, #1188, .F. ) ;
#3043 = DIRECTION ( 'NONE',  ( 1.000000000000000000, 0.000000000000000000, 0.000000000000000000 ) ) ;
#3044 = CARTESIAN_POINT ( 'NONE',  ( 0.000000000000000000, -11.00000000000000000, -4.500000000000000000 ) ) ;
#3045 = CARTESIAN_POINT ( 'NONE',  ( 12.03357661724164629, 27.61392073839154548, -43.69870707151562783 ) ) ;
#3046 = ORIENTED_EDGE ( 'NONE', *, *, #1864, .T. ) ;
#3047 = CIRCLE ( 'NONE', #3219, 49.49999999999998579 ) ;
#3048 = LINE ( 'NONE', #804, #2138 ) ;
#3049 = CARTESIAN_POINT ( 'NONE',  ( 14.87725492193561294, 4.823677428665567923, 34.44531802071497850 ) ) ;
#3050 = EDGE_LOOP ( 'NONE', ( #1543, #3442, #524, #2565 ) ) ;
#3051 = CIRCLE ( 'NONE', #1559, 45.22999999999999687 ) ;
#3052 = EDGE_CURVE ( 'NONE', #2332, #2127, #2261, .T. ) ;
#3053 = CARTESIAN_POINT ( 'NONE',  ( 10.75823289151709261, 42.33633440020044958, -49.72824730137024574 ) ) ;
#3054 = CARTESIAN_POINT ( 'NONE',  ( 4.500000000000000888, 0.000000000000000000, 0.000000000000000000 ) ) ;
#3055 = CARTESIAN_POINT ( 'NONE',  ( 0.000000000000000000, 4.000000000000000000, 0.000000000000000000 ) ) ;
#3056 = PLANE ( 'NONE',  #2238 ) ;
#3057 = CARTESIAN_POINT ( 'NONE',  ( 12.65469059384929018, 21.82820633419993683, 38.20639574462293808 ) ) ;
#3058 = CARTESIAN_POINT ( 'NONE',  ( 13.91539131245295202, 11.63999999999977497, -39.49999999999999289 ) ) ;
#3059 = ORIENTED_EDGE ( 'NONE', *, *, #2518, .T. ) ;
#3060 = DIRECTION ( 'NONE',  ( 0.000000000000000000, 0.000000000000000000, -1.000000000000000000 ) ) ;
#3061 = FACE_OUTER_BOUND ( 'NONE', #1237, .T. ) ;
#3062 = CARTESIAN_POINT ( 'NONE',  ( -7.500000000000000000, -18.50000000000000000, -1.050000000000000266 ) ) ;
#3063 = ORIENTED_EDGE ( 'NONE', *, *, #688, .T. ) ;
#3064 = EDGE_LOOP ( 'NONE', ( #620, #1065, #631, #1727 ) ) ;
#3065 = CARTESIAN_POINT ( 'NONE',  ( 1.843143693225357538E-15, -18.50000000000000000, -6.200000000000001066 ) ) ;
#3066 = ORIENTED_EDGE ( 'NONE', *, *, #1027, .T. ) ;
#3067 = DIRECTION ( 'NONE',  ( -0.000000000000000000, -0.000000000000000000, 1.000000000000000000 ) ) ;
#3068 = CARTESIAN_POINT ( 'NONE',  ( 15.00000000000000000, 3.999999999999998224, -56.26641655800941777 ) ) ;
#3069 = LINE ( 'NONE', #2778, #1532 ) ;
#3070 = CARTESIAN_POINT ( 'NONE',  ( 1.383850883036509462E-15, -1.500000000000001332, -11.30000000000000249 ) ) ;
#3071 = EDGE_CURVE ( 'NONE', #2320, #802, #1252, .T. ) ;
#3072 = LINE ( 'NONE', #1672, #2233 ) ;
#3073 = ADVANCED_FACE ( 'NONE', ( #3240 ), #2084, .F. ) ;
#3074 = DIRECTION ( 'NONE',  ( 1.000000000000000000, -0.000000000000000000, -0.000000000000000000 ) ) ;
#3075 = VERTEX_POINT ( 'NONE', #1542 ) ;
#3076 = CARTESIAN_POINT ( 'NONE',  ( 10.91144248456320653, 40.28000000000000114, -56.26641655800941777 ) ) ;
#3077 = ADVANCED_FACE ( 'NONE', ( #1591 ), #2372, .F. ) ;
#3078 = EDGE_CURVE ( 'NONE', #1720, #2697, #2462, .T. ) ;
#3079 = LINE ( 'NONE', #2547, #1614 ) ;
#3080 = CYLINDRICAL_SURFACE ( 'NONE', #649, 1.050000000000000488 ) ;
#3081 = ORIENTED_EDGE ( 'NONE', *, *, #3467, .T. ) ;
#3082 = VECTOR ( 'NONE', #556, 1000.000000000000000 ) ;
#3083 = EDGE_LOOP ( 'NONE', ( #1877, #2188 ) ) ;
#3084 = VECTOR ( 'NONE', #336, 1000.000000000000000 ) ;
#3085 = DIRECTION ( 'NONE',  ( -0.7071067811865474617, -0.7071067811865474617, 0.000000000000000000 ) ) ;
#3086 = ORIENTED_EDGE ( 'NONE', *, *, #2216, .T. ) ;
#3087 = EDGE_LOOP ( 'NONE', ( #2538, #954, #893, #1589, #856 ) ) ;
#3088 = CARTESIAN_POINT ( 'NONE',  ( 4.500000000000000888, 0.000000000000000000, 36.00000000000000000 ) ) ;
#3089 = CARTESIAN_POINT ( 'NONE',  ( -5.000000000000000000, 46.46533905932746933, -27.16716446627516390 ) ) ;
#3090 = CIRCLE ( 'NONE', #2062, 1.499999999999999556 ) ;
#3091 = CARTESIAN_POINT ( 'NONE',  ( 12.96665177249418299, 19.13848679335958991, 38.82103804054921170 ) ) ;
#3092 = FACE_OUTER_BOUND ( 'NONE', #2836, .T. ) ;
#3093 = VECTOR ( 'NONE', #82, 1000.000000000000000 ) ;
#3094 = EDGE_LOOP ( 'NONE', ( #479, #3562, #2486, #171 ) ) ;
#3095 = FACE_OUTER_BOUND ( 'NONE', #118, .T. ) ;
#3096 = EDGE_CURVE ( 'NONE', #533, #2957, #1945, .T. ) ;
#3097 = AXIS2_PLACEMENT_3D ( 'NONE', #834, #1693, #40 ) ;
#3098 = FACE_OUTER_BOUND ( 'NONE', #1199, .T. ) ;
#3099 = EDGE_CURVE ( 'NONE', #997, #2223, #2732, .T. ) ;
#3100 = CARTESIAN_POINT ( 'NONE',  ( 12.50000000000000000, 4.000000000000000000, -10.00000000000000000 ) ) ;
#3101 = ORIENTED_EDGE ( 'NONE', *, *, #690, .T. ) ;
#3102 = ORIENTED_EDGE ( 'NONE', *, *, #3185, .F. ) ;
#3103 = LINE ( 'NONE', #1988, #19 ) ;
#3104 = ORIENTED_EDGE ( 'NONE', *, *, #964, .T. ) ;
#3105 = CARTESIAN_POINT ( 'NONE',  ( -136.5042866136667499, 8.000000000000000000, 36.00000000000000000 ) ) ;
#3106 = CARTESIAN_POINT ( 'NONE',  ( 13.44941869063815076, 15.19055814118547865, 35.88165134387489275 ) ) ;
#3107 = DIRECTION ( 'NONE',  ( 1.000000000000000000, 0.000000000000000000, 0.000000000000000000 ) ) ;
#3108 = CARTESIAN_POINT ( 'NONE',  ( -2.500000000000030198, 40.28000000000000114, -13.90999999999999481 ) ) ;
#3109 = DIRECTION ( 'NONE',  ( -1.000000000000000000, 0.000000000000000000, -0.000000000000000000 ) ) ;
#3110 = ORIENTED_EDGE ( 'NONE', *, *, #1664, .T. ) ;
#3111 = DIRECTION ( 'NONE',  ( -0.000000000000000000, -0.000000000000000000, 1.000000000000000000 ) ) ;
#3112 = VECTOR ( 'NONE', #3437, 1000.000000000000000 ) ;
#3113 = CYLINDRICAL_SURFACE ( 'NONE', #3040, 499.9999999999998863 ) ;
#3114 = LINE ( 'NONE', #789, #159 ) ;
#3115 = EDGE_CURVE ( 'NONE', #2926, #109, #274, .T. ) ;
#3116 = CARTESIAN_POINT ( 'NONE',  ( 5.000000000000000000, 32.65373405917968341, 33.44466180201580130 ) ) ;
#3117 = ORIENTED_EDGE ( 'NONE', *, *, #2042, .F. ) ;
#3118 = ORIENTED_EDGE ( 'NONE', *, *, #1470, .T. ) ;
#3119 = ADVANCED_FACE ( 'NONE', ( #3023 ), #2769, .F. ) ;
#3120 = CYLINDRICAL_SURFACE ( 'NONE', #310, 2.724985687471225049 ) ;
#3121 = ORIENTED_EDGE ( 'NONE', *, *, #158, .F. ) ;
#3122 = CIRCLE ( 'NONE', #875, 1.299999999999992051 ) ;
#3123 = ORIENTED_EDGE ( 'NONE', *, *, #2985, .F. ) ;
#3124 = FILL_AREA_STYLE ('',( #2598 ) ) ;
#3125 = CARTESIAN_POINT ( 'NONE',  ( 11.56418849447736363, 32.44193464054107778, 41.10182546692580274 ) ) ;
#3126 = FACE_OUTER_BOUND ( 'NONE', #255, .T. ) ;
#3127 = AXIS2_PLACEMENT_3D ( 'NONE', #2680, #1322, #2413 ) ;
#3128 = CARTESIAN_POINT ( 'NONE',  ( 15.00000000000000000, 3.999999999999998224, -45.99999999999948841 ) ) ;
#3129 = DIRECTION ( 'NONE',  ( -0.000000000000000000, -0.000000000000000000, 1.000000000000000000 ) ) ;
#3130 = EDGE_LOOP ( 'NONE', ( #2642, #902, #2819, #1583 ) ) ;
#3131 = DIRECTION ( 'NONE',  ( 0.000000000000000000, -1.000000000000000000, 0.000000000000000000 ) ) ;
#3132 = DIRECTION ( 'NONE',  ( 0.000000000000000000, -1.000000000000000000, 0.000000000000000000 ) ) ;
#3133 = DIRECTION ( 'NONE',  ( 0.000000000000000000, 9.082321863752923808E-16, -1.000000000000000000 ) ) ;
#3134 = CARTESIAN_POINT ( 'NONE',  ( 14.76711225768902125, 5.570879169058444269, -35.18861051989107835 ) ) ;
#3135 = ORIENTED_EDGE ( 'NONE', *, *, #2883, .F. ) ;
#3136 = ORIENTED_EDGE ( 'NONE', *, *, #400, .T. ) ;
#3137 = VECTOR ( 'NONE', #170, 1000.000000000000000 ) ;
#3138 = DIRECTION ( 'NONE',  ( 0.000000000000000000, 0.000000000000000000, -1.000000000000000000 ) ) ;
#3139 = VECTOR ( 'NONE', #2599, 1000.000000000000000 ) ;
#3140 = ORIENTED_EDGE ( 'NONE', *, *, #2452, .T. ) ;
#3141 = VERTEX_POINT ( 'NONE', #2169 ) ;
#3142 = EDGE_CURVE ( 'NONE', #1238, #613, #3563, .T. ) ;
#3143 = CIRCLE ( 'NONE', #486, 1.050000000000000488 ) ;
#3144 = CARTESIAN_POINT ( 'NONE',  ( 7.500000000000000000, 0.000000000000000000, 2.755455298081544383E-15 ) ) ;
#3145 = CARTESIAN_POINT ( 'NONE',  ( 12.46915217400261255, 23.49598261294805113, 44.48091801907680320 ) ) ;
#3146 = EDGE_CURVE ( 'NONE', #2108, #3402, #292, .T. ) ;
#3147 = DIRECTION ( 'NONE',  ( 0.000000000000000000, 0.000000000000000000, 1.000000000000000000 ) ) ;
#3148 = PRODUCT_DEFINITION ( 'UNKNOWN', '', #1010, #2866 ) ;
#3149 = DIRECTION ( 'NONE',  ( -1.000000000000000000, -0.000000000000000000, -0.000000000000000000 ) ) ;
#3150 = DIRECTION ( 'NONE',  ( -0.000000000000000000, 1.000000000000000000, -0.000000000000000000 ) ) ;
#3151 =( BOUNDED_CURVE ( )  B_SPLINE_CURVE ( 3, ( #3373, #2490, #829, #11 ),
 .UNSPECIFIED., .F., .F. ) 
 B_SPLINE_CURVE_WITH_KNOTS ( ( 4, 4 ),
 ( 3.141592653589793116, 4.712388980384689674 ),
 .UNSPECIFIED. ) 
 CURVE ( )  GEOMETRIC_REPRESENTATION_ITEM ( )  RATIONAL_B_SPLINE_CURVE ( ( 1.000000000000000000, 0.8047378541243649375, 0.8047378541243649375, 1.000000000000000000 ) ) 
 REPRESENTATION_ITEM ( '' )  );
#3152 = ORIENTED_EDGE ( 'NONE', *, *, #1115, .T. ) ;
#3153 = TOROIDAL_SURFACE ( 'NONE', #37, 11.30000000000000249, 1.500000000000000000 ) ;
#3154 = CARTESIAN_POINT ( 'NONE',  ( 0.000000000000000000, -11.00000000000000000, 0.000000000000000000 ) ) ;
#3155 = CARTESIAN_POINT ( 'NONE',  ( 4.500000000000000888, 57.65182341893329721, 13.38757211872197317 ) ) ;
#3156 = CARTESIAN_POINT ( 'NONE',  ( -7.500000000000000000, 0.000000000000000000, 0.000000000000000000 ) ) ;
#3157 = FACE_OUTER_BOUND ( 'NONE', #3183, .T. ) ;
#3158 = VERTEX_POINT ( 'NONE', #1677 ) ;
#3159 = AXIS2_PLACEMENT_3D ( 'NONE', #3395, #3131, #3172 ) ;
#3160 = ORIENTED_EDGE ( 'NONE', *, *, #1976, .F. ) ;
#3161 = CIRCLE ( 'NONE', #2352, 42.35641655800941408 ) ;
#3162 = CARTESIAN_POINT ( 'NONE',  ( 0.2499999999999932832, 5.750000000000008882, -10.99999999999999645 ) ) ;
#3163 = EDGE_LOOP ( 'NONE', ( #661, #567, #39, #1272 ) ) ;
#3164 = ORIENTED_EDGE ( 'NONE', *, *, #2216, .F. ) ;
#3165 = CARTESIAN_POINT ( 'NONE',  ( 13.91539131245289695, 11.63999999999984603, -42.49999999999999289 ) ) ;
#3166 = CARTESIAN_POINT ( 'NONE',  ( 0.000000000000000000, -13.49999999999999822, -1.650000000000000133 ) ) ;
#3167 = EDGE_CURVE ( 'NONE', #3480, #1222, #3143, .T. ) ;
#3168 = AXIS2_PLACEMENT_3D ( 'NONE', #965, #1261, #2072 ) ;
#3169 = CARTESIAN_POINT ( 'NONE',  ( -1.518182623143421006, 13.77000000000001734, -2.250000000000000000 ) ) ;
#3170 = CYLINDRICAL_SURFACE ( 'NONE', #249, 1.050000000000000266 ) ;
#3171 = ORIENTED_EDGE ( 'NONE', *, *, #2071, .T. ) ;
#3172 = DIRECTION ( 'NONE',  ( 0.000000000000000000, 0.000000000000000000, -1.000000000000000000 ) ) ;
#3173 = LINE ( 'NONE', #2567, #384 ) ;
#3174 = DIRECTION ( 'NONE',  ( -1.000000000000000000, 0.000000000000000000, 0.000000000000000000 ) ) ;
#3175 = EDGE_LOOP ( 'NONE', ( #1660, #1799 ) ) ;
#3176 = CARTESIAN_POINT ( 'NONE',  ( -5.000000000000000000, 19.59528137423860272, 13.84502884254441213 ) ) ;
#3177 = EDGE_LOOP ( 'NONE', ( #2888, #1219, #465, #636 ) ) ;
#3178 = VERTEX_POINT ( 'NONE', #1658 ) ;
#3179 = CYLINDRICAL_SURFACE ( 'NONE', #3034, 50.00000000000000000 ) ;
#3180 = CARTESIAN_POINT ( 'NONE',  ( 11.93456783556849565, 28.56827666733931537, 42.85450629209893236 ) ) ;
#3181 = DIRECTION ( 'NONE',  ( 1.000000000000000000, 0.000000000000000000, 0.000000000000000000 ) ) ;
#3182 = DIRECTION ( 'NONE',  ( 0.000000000000000000, 0.000000000000000000, -1.000000000000000000 ) ) ;
#3183 = EDGE_LOOP ( 'NONE', ( #752, #978, #253, #2970 ) ) ;
#3184 = CARTESIAN_POINT ( 'NONE',  ( 9.583294562289086826, 67.89325107833705886, -46.03316649811834793 ) ) ;
#3185 = EDGE_CURVE ( 'NONE', #1873, #3426, #1012, .T. ) ;
#3186 = DIRECTION ( 'NONE',  ( 0.000000000000000000, 0.000000000000000000, 1.000000000000000000 ) ) ;
#3187 = CARTESIAN_POINT ( 'NONE',  ( 1.133911513363423662, 12.94999999999999396, 2.250000000000000000 ) ) ;
#3188 = AXIS2_PLACEMENT_3D ( 'NONE', #798, #2694, #1058 ) ;
#3189 = EDGE_CURVE ( 'NONE', #996, #494, #1118, .T. ) ;
#3190 = ORIENTED_EDGE ( 'NONE', *, *, #3078, .F. ) ;
#3191 = CARTESIAN_POINT ( 'NONE',  ( -10.00000000000000178, 4.000000000000000000, 38.50000000000000000 ) ) ;
#3192 = ORIENTED_EDGE ( 'NONE', *, *, #2922, .F. ) ;
#3193 = ORIENTED_EDGE ( 'NONE', *, *, #49, .F. ) ;
#3194 = DIRECTION ( 'NONE',  ( 1.000000000000000000, -0.000000000000000000, -0.000000000000000000 ) ) ;
#3195 = DIRECTION ( 'NONE',  ( 0.000000000000000000, -0.000000000000000000, 1.000000000000000000 ) ) ;
#3196 = CARTESIAN_POINT ( 'NONE',  ( 10.87361962676049565, 39.71620143985330031, 24.80157101115915808 ) ) ;
#3197 = VECTOR ( 'NONE', #2145, 1000.000000000000000 ) ;
#3198 = CARTESIAN_POINT ( 'NONE',  ( 0.000000000000000000, -13.49999999999999822, 0.000000000000000000 ) ) ;
#3199 = CARTESIAN_POINT ( 'NONE',  ( 9.759034080982413428, 61.37179294655361872, -38.45104081792281647 ) ) ;
#3200 = VECTOR ( 'NONE', #3256, 1000.000000000000000 ) ;
#3201 = ORIENTED_EDGE ( 'NONE', *, *, #1500, .F. ) ;
#3202 = CARTESIAN_POINT ( 'NONE',  ( 9.846564226079086879, 58.91077176949274019, -51.96571485370890997 ) ) ;
#3203 = CARTESIAN_POINT ( 'NONE',  ( 7.500000000000000000, -18.50000000000000000, -1.049999999999997602 ) ) ;
#3204 = CARTESIAN_POINT ( 'NONE',  ( 0.000000000000000000, 4.000000000000000000, 0.000000000000000000 ) ) ;
#3205 = CYLINDRICAL_SURFACE ( 'NONE', #885, 35.85641655800941408 ) ;
#3206 = ADVANCED_FACE ( 'NONE', ( #2444 ), #1625, .T. ) ;
#3207 = EDGE_LOOP ( 'NONE', ( #2427, #3304, #1986, #2228 ) ) ;
#3208 = AXIS2_PLACEMENT_3D ( 'NONE', #1334, #2379, #2106 ) ;
#3209 = LINE ( 'NONE', #2904, #2286 ) ;
#3210 = VECTOR ( 'NONE', #1406, 1000.000000000000000 ) ;
#3211 = ORIENTED_EDGE ( 'NONE', *, *, #400, .F. ) ;
#3212 = ORIENTED_EDGE ( 'NONE', *, *, #2701, .T. ) ;
#3213 = CARTESIAN_POINT ( 'NONE',  ( 12.88001517774272742, 19.83309167563345099, -47.05525715012252874 ) ) ;
#3214 = DIRECTION ( 'NONE',  ( 0.000000000000000000, -8.828109292502822465E-16, 1.000000000000000000 ) ) ;
#3215 = DIRECTION ( 'NONE',  ( 0.000000000000000000, 0.000000000000000000, 1.000000000000000000 ) ) ;
#3216 = CARTESIAN_POINT ( 'NONE',  ( 9.509777940207882807, 72.58202540705079286, -11.84351049711784043 ) ) ;
#3217 = ORIENTED_EDGE ( 'NONE', *, *, #135, .T. ) ;
#3218 = CYLINDRICAL_SURFACE ( 'NONE', #1773, 32.35641655800941408 ) ;
#3219 = AXIS2_PLACEMENT_3D ( 'NONE', #2627, #2916, #2294 ) ;
#3220 = CARTESIAN_POINT ( 'NONE',  ( 12.50000000000000000, 0.000000000000000000, -10.00000000000000000 ) ) ;
#3221 = LINE ( 'NONE', #1622, #2160 ) ;
#3222 = EDGE_LOOP ( 'NONE', ( #2017, #2065, #3152, #3291 ) ) ;
#3223 = EDGE_CURVE ( 'NONE', #1182, #2647, #584, .T. ) ;
#3224 = LINE ( 'NONE', #1808, #2502 ) ;
#3225 = VERTEX_POINT ( 'NONE', #3308 ) ;
#3226 = ORIENTED_EDGE ( 'NONE', *, *, #223, .T. ) ;
#3227 = B_SPLINE_CURVE_WITH_KNOTS ( 'NONE', 3,
 ( #984, #1755, #2088, #1813, #1457, #3372, #2541, #905, #2011, #3106, #627, #161 ),
 .UNSPECIFIED., .F., .F.,
 ( 4, 2, 2, 2, 2, 4 ),
 ( 0.000000000000000000, 0.004986960109160862992, 0.009973920218321725983, 0.01246740027290214881, 0.01496088032748256989, 0.01994784043664342074 ),
 .UNSPECIFIED. ) ;
#3228 = ADVANCED_FACE ( 'NONE', ( #566 ), #836, .F. ) ;
#3229 = FACE_OUTER_BOUND ( 'NONE', #1683, .T. ) ;
#3230 = CARTESIAN_POINT ( 'NONE',  ( 6.123233995736766085E-15, -1.500000000000000000, 50.00000000000000000 ) ) ;
#3231 = EDGE_CURVE ( 'NONE', #1857, #1431, #3004, .T. ) ;
#3232 = CARTESIAN_POINT ( 'NONE',  ( 11.88072235819113409, 29.14743085890251351, -47.99991446973967157 ) ) ;
#3233 = CARTESIAN_POINT ( 'NONE',  ( 9.514779481072761058, 72.14320857408461052, -19.60515924068188198 ) ) ;
#3234 = ORIENTED_EDGE ( 'NONE', *, *, #1382, .T. ) ;
#3235 = CARTESIAN_POINT ( 'NONE',  ( -136.5042866136667499, 40.28000000000000114, -13.90999999999999481 ) ) ;
#3236 = FACE_OUTER_BOUND ( 'NONE', #800, .T. ) ;
#3237 = CARTESIAN_POINT ( 'NONE',  ( 5.000000000000000000, 32.65373405917968341, 33.44466180201580130 ) ) ;
#3238 = ORIENTED_EDGE ( 'NONE', *, *, #2562, .T. ) ;
#3239 = VECTOR ( 'NONE', #2441, 1000.000000000000114 ) ;
#3240 = FACE_OUTER_BOUND ( 'NONE', #318, .T. ) ;
#3241 = VERTEX_POINT ( 'NONE', #3116 ) ;
#3242 = VERTEX_POINT ( 'NONE', #1216 ) ;
#3243 = CARTESIAN_POINT ( 'NONE',  ( 13.40110912895753259, 15.59470374054412112, -43.91761997080809721 ) ) ;
#3244 = DIRECTION ( 'NONE',  ( 0.000000000000000000, -1.000000000000000000, -8.828109292502822465E-16 ) ) ;
#3245 = EDGE_CURVE ( 'NONE', #2536, #1737, #1872, .T. ) ;
#3246 = ADVANCED_FACE ( 'NONE', ( #366 ), #387, .F. ) ;
#3247 = DIRECTION ( 'NONE',  ( -0.000000000000000000, -1.000000000000000000, -0.000000000000000000 ) ) ;
#3248 = CARTESIAN_POINT ( 'NONE',  ( 10.15318027077651486, 52.13428750603778639, -44.02917544408117578 ) ) ;
#3249 = CARTESIAN_POINT ( 'NONE',  ( 0.000000000000000000, -11.00000000000000000, -4.500000000000000000 ) ) ;
#3250 = VECTOR ( 'NONE', #83, 1000.000000000000000 ) ;
#3251 = CARTESIAN_POINT ( 'NONE',  ( 17.00000000000000000, 11.86000000000000121, 0.7699999999999997957 ) ) ;
#3252 = AXIS2_PLACEMENT_3D ( 'NONE', #136, #390, #658 ) ;
#3253 = CARTESIAN_POINT ( 'NONE',  ( -10.00000000000000000, 4.000000000000000000, -38.49999999999998579 ) ) ;
#3254 = ORIENTED_EDGE ( 'NONE', *, *, #1582, .F. ) ;
#3255 = CARTESIAN_POINT ( 'NONE',  ( 0.000000000000000000, 8.000000000000000000, 32.00000000000000000 ) ) ;
#3256 = DIRECTION ( 'NONE',  ( 0.000000000000000000, 1.000000000000000000, 9.082321863752915919E-16 ) ) ;
#3257 = VERTEX_POINT ( 'NONE', #1485 ) ;
#3258 = AXIS2_PLACEMENT_3D ( 'NONE', #3430, #967, #925 ) ;
#3259 = ORIENTED_EDGE ( 'NONE', *, *, #2497, .F. ) ;
#3260 = CARTESIAN_POINT ( 'NONE',  ( 9.529929773962194872, 70.93553527793028479, 10.00239340752192163 ) ) ;
#3261 = CIRCLE ( 'NONE', #2634, 1.050000000000000488 ) ;
#3262 = CARTESIAN_POINT ( 'NONE',  ( -1.133911513363423662, 12.94999999999999396, 2.250000000000000000 ) ) ;
#3263 = CARTESIAN_POINT ( 'NONE',  ( 13.53576226534083027, 14.53097862931756268, -36.31151329487728674 ) ) ;
#3264 = EDGE_CURVE ( 'NONE', #109, #3544, #1923, .T. ) ;
#3265 = FACE_OUTER_BOUND ( 'NONE', #1771, .T. ) ;
#3266 = CARTESIAN_POINT ( 'NONE',  ( -7.500000000000000000, 6.500000000000000888, -41.00000000000000000 ) ) ;
#3267 = AXIS2_PLACEMENT_3D ( 'NONE', #1742, #124, #3452 ) ;
#3268 = CARTESIAN_POINT ( 'NONE',  ( 2.020667218593133001E-16, -13.49999999999999822, 1.650000000000000133 ) ) ;
#3269 = ADVANCED_FACE ( 'NONE', ( #1176 ), #932, .F. ) ;
#3270 = LINE ( 'NONE', #1901, #1325 ) ;
#3271 = CARTESIAN_POINT ( 'NONE',  ( 0.000000000000000000, -11.00000000000000000, 4.500000000000000000 ) ) ;
#3272 = EDGE_LOOP ( 'NONE', ( #3254, #2083, #1716, #3367, #81, #3135, #874, #138, #371, #2141, #350, #2060, #527, #3491 ) ) ;
#3273 = EDGE_CURVE ( 'NONE', #2536, #2767, #2570, .T. ) ;
#3274 = AXIS2_PLACEMENT_3D ( 'NONE', #3381, #2433, #2113 ) ;
#3275 = CARTESIAN_POINT ( 'NONE',  ( -2.500000000000030198, 63.02071938050821132, 21.82409724188639899 ) ) ;
#3276 = ORIENTED_EDGE ( 'NONE', *, *, #3339, .T. ) ;
#3277 = DIRECTION ( 'NONE',  ( 0.000000000000000000, -1.000000000000000000, 0.000000000000000000 ) ) ;
#3278 = CARTESIAN_POINT ( 'NONE',  ( 14.60112772085173916, 6.712207251198843316, 35.79590562237460460 ) ) ;
#3279 = AXIS2_PLACEMENT_3D ( 'NONE', #386, #3457, #2058 ) ;
#3280 = CARTESIAN_POINT ( 'NONE',  ( 10.29094476157743010, 49.52379294146192734, -48.64163073355111777 ) ) ;
#3281 = CARTESIAN_POINT ( 'NONE',  ( 0.000000000000000000, -11.00000000000000000, 4.500000000000000000 ) ) ;
#3282 = CARTESIAN_POINT ( 'NONE',  ( 4.500000000000000888, 10.00000000000001599, 11.00000000000000355 ) ) ;
#3283 = FACE_OUTER_BOUND ( 'NONE', #3094, .T. ) ;
#3284 = DIRECTION ( 'NONE',  ( 1.000000000000000000, -0.000000000000000000, -0.000000000000000000 ) ) ;
#3285 = DIRECTION ( 'NONE',  ( 0.000000000000000000, -1.000000000000000000, 0.000000000000000000 ) ) ;
#3286 = EDGE_LOOP ( 'NONE', ( #2734, #837 ) ) ;
#3287 = ADVANCED_FACE ( 'NONE', ( #1765 ), #3080, .F. ) ;
#3288 = FACE_OUTER_BOUND ( 'NONE', #2501, .T. ) ;
#3289 = EDGE_CURVE ( 'NONE', #1889, #1471, #2851, .T. ) ;
#3290 = DIRECTION ( 'NONE',  ( -1.000000000000000000, -0.000000000000000000, -0.000000000000000000 ) ) ;
#3291 = ORIENTED_EDGE ( 'NONE', *, *, #3336, .F. ) ;
#3292 = VERTEX_POINT ( 'NONE', #3100 ) ;
#3293 = CARTESIAN_POINT ( 'NONE',  ( 9.991055921442116627, 55.34030277304191259, -49.82819256731115587 ) ) ;
#3294 = DIRECTION ( 'NONE',  ( -1.000000000000000000, 0.000000000000000000, -0.000000000000000000 ) ) ;
#3295 = VERTEX_POINT ( 'NONE', #3398 ) ;
#3296 = CARTESIAN_POINT ( 'NONE',  ( 9.491277376197349014, 74.64226447622513660, -24.17118414338026611 ) ) ;
#3297 = CARTESIAN_POINT ( 'NONE',  ( 11.24245700611942134, 36.14351643420338434, 38.92840313207268821 ) ) ;
#3298 = DIRECTION ( 'NONE',  ( 0.000000000000000000, 0.000000000000000000, 1.000000000000000000 ) ) ;
#3299 = CARTESIAN_POINT ( 'NONE',  ( 0.000000000000000000, 4.000000000000000000, 0.000000000000000000 ) ) ;
#3300 = CARTESIAN_POINT ( 'NONE',  ( 13.88593885708755415, 11.86000000000000654, 39.50000000000000000 ) ) ;
#3301 = CARTESIAN_POINT ( 'NONE',  ( 0.000000000000000000, 0.000000000000000000, 0.000000000000000000 ) ) ;
#3302 = AXIS2_PLACEMENT_3D ( 'NONE', #1497, #2880, #1243 ) ;
#3303 = VERTEX_POINT ( 'NONE', #114 ) ;
#3304 = ORIENTED_EDGE ( 'NONE', *, *, #2921, .F. ) ;
#3305 = VECTOR ( 'NONE', #545, 1000.000000000000227 ) ;
#3306 = DIRECTION ( 'NONE',  ( -0.7071067811865455743, -7.359808400080218543E-16, 0.7071067811865493491 ) ) ;
#3307 = EDGE_CURVE ( 'NONE', #494, #596, #1231, .T. ) ;
#3308 = CARTESIAN_POINT ( 'NONE',  ( -2.212329089443973107, 11.10999999999999943, 0.4099999999999999756 ) ) ;
#3309 = ORIENTED_EDGE ( 'NONE', *, *, #1164, .T. ) ;
#3310 = ORIENTED_EDGE ( 'NONE', *, *, #2988, .T. ) ;
#3311 = CARTESIAN_POINT ( 'NONE',  ( 9.480499060092773433, 79.15378435270825719, -13.28986096254602423 ) ) ;
#3312 = CARTESIAN_POINT ( 'NONE',  ( 17.00000000000000000, 11.86000000000000654, 39.50000000000000000 ) ) ;
#3313 = EDGE_LOOP ( 'NONE', ( #1574, #473, #866, #1523 ) ) ;
#3314 = CIRCLE ( 'NONE', #2295, 1.050000000000000266 ) ;
#3315 = CARTESIAN_POINT ( 'NONE',  ( 9.545573206156651835, 69.95287252490389562, -34.04904350719655071 ) ) ;
#3316 = FACE_BOUND ( 'NONE', #2576, .T. ) ;
#3317 = DIRECTION ( 'NONE',  ( 0.000000000000000000, 0.000000000000000000, 1.000000000000000000 ) ) ;
#3318 = CIRCLE ( 'NONE', #3159, 1.050000000000000488 ) ;
#3319 = PLANE ( 'NONE',  #2124 ) ;
#3320 = DIRECTION ( 'NONE',  ( 0.000000000000000000, -1.000000000000000000, -8.881784197001252323E-16 ) ) ;
#3321 = VECTOR ( 'NONE', #2838, 1000.000000000000000 ) ;
#3322 = CARTESIAN_POINT ( 'NONE',  ( 5.000000000000000000, 40.28000000000000114, -13.90999999999999481 ) ) ;
#3323 = ORIENTED_EDGE ( 'NONE', *, *, #2473, .F. ) ;
#3324 = CARTESIAN_POINT ( 'NONE',  ( -4.999999999999999112, 40.28000000000000114, -13.90999999999999481 ) ) ;
#3325 = DIRECTION ( 'NONE',  ( -0.000000000000000000, -0.000000000000000000, 1.000000000000000000 ) ) ;
#3326 = AXIS2_PLACEMENT_3D ( 'NONE', #1187, #1385, #2472 ) ;
#3327 = CARTESIAN_POINT ( 'NONE',  ( 12.50000000000000000, 0.000000000000000000, -10.00000000000000000 ) ) ;
#3328 = B_SPLINE_CURVE_WITH_KNOTS ( 'NONE', 3,
 ( #3076, #597, #2803, #2272, #3362, #383, #1003, #1533, #3202, #149, #1212, #402, #440, #420, #3184, #693, #2626, #2346, #674, #990, #650, #2093, #728, #1246, #1267, #2109, #928, #3434, #1552, #2860, #1499, #2586, #110, #1838, #2367, #709, #1820, #127, #2036, #971, #1800, #1762, #1227, #2643, #2933, #2310, #2605, #2898, #2326, #3414, #2882, #457, #167, #2077, #3455, #2915 ),
 .UNSPECIFIED., .F., .F.,
 ( 4, 2, 2, 2, 2, 2, 2, 2, 2, 2, 2, 2, 2, 2, 2, 2, 2, 2, 2, 2, 2, 2, 2, 2, 2, 2, 2, 4 ),
 ( 0.02914892326409111376, 0.03593195795718752417, 0.04271499265028394499, 0.04610650999683214846, 0.04949802734338035193, 0.05628106203647677275, 0.05797682070975088142, 0.05967257938302497622, 0.06306409672957317969, 0.06984713142266958663, 0.07323864876921780398, 0.07663016611576600745, 0.08341320080886245603, 0.08510895948213656470, 0.08680471815541068725, 0.09019623550195889072, 0.09697927019505532542, 0.09867502886832943410, 0.1003707875416035428, 0.1037623048881517324, 0.1105453395812481532, 0.1139368569277963567, 0.1173283742743445462, 0.1241114089674409671, 0.1275029263139891844, 0.1291986849872632792, 0.1308944436605373740, 0.1376774783536338365 ),
 .UNSPECIFIED. ) ;
#3329 = EDGE_LOOP ( 'NONE', ( #1330, #3394, #1251, #2811 ) ) ;
#3330 = ORIENTED_EDGE ( 'NONE', *, *, #2178, .T. ) ;
#3331 = EDGE_CURVE ( 'NONE', #3, #210, #2331, .T. ) ;
#3332 = AXIS2_PLACEMENT_3D ( 'NONE', #1445, #2533, #1 ) ;
#3333 = CARTESIAN_POINT ( 'NONE',  ( 0.000000000000000000, -18.50000000000000000, 9.800000000000002487 ) ) ;
#3334 = VERTEX_POINT ( 'NONE', #346 ) ;
#3335 = ADVANCED_FACE ( 'NONE', ( #3157 ), #3382, .T. ) ;
#3336 = EDGE_CURVE ( 'NONE', #2302, #3303, #1638, .T. ) ;
#3337 = CARTESIAN_POINT ( 'NONE',  ( 13.88593885708755415, 11.86000000000000654, 46.00000000000000000 ) ) ;
#3338 = FACE_BOUND ( 'NONE', #3286, .T. ) ;
#3339 = EDGE_CURVE ( 'NONE', #3158, #2241, #3534, .T. ) ;
#3340 = LINE ( 'NONE', #267, #823 ) ;
#3341 = DIRECTION ( 'NONE',  ( 1.000000000000000000, -0.000000000000000000, 1.224646799147353207E-16 ) ) ;
#3342 = CARTESIAN_POINT ( 'NONE',  ( 11.84522641911613583, 29.48451879521817531, 35.30551954127201242 ) ) ;
#3343 = PLANE ( 'NONE',  #97 ) ;
#3344 = VERTEX_POINT ( 'NONE', #2629 ) ;
#3345 = DIRECTION ( 'NONE',  ( 1.000000000000000000, 0.000000000000000000, 0.000000000000000000 ) ) ;
#3346 = CARTESIAN_POINT ( 'NONE',  ( 6.500000000000000888, 40.28000000000000114, -13.90999999999999481 ) ) ;
#3347 = CARTESIAN_POINT ( 'NONE',  ( 14.49117429432635085, 7.478628134858624321, -35.97434118196468944 ) ) ;
#3348 = ORIENTED_EDGE ( 'NONE', *, *, #1029, .F. ) ;
#3349 = ORIENTED_EDGE ( 'NONE', *, *, #1341, .F. ) ;
#3350 = EDGE_CURVE ( 'NONE', #514, #189, #2349, .T. ) ;
#3351 = CARTESIAN_POINT ( 'NONE',  ( 14.96912409309230441, 4.206274778631344802, 33.29488957673382288 ) ) ;
#3352 = VERTEX_POINT ( 'NONE', #3266 ) ;
#3353 = DIRECTION ( 'NONE',  ( 0.000000000000000000, 0.000000000000000000, -1.000000000000000000 ) ) ;
#3354 = FACE_OUTER_BOUND ( 'NONE', #1735, .T. ) ;
#3355 = EDGE_CURVE ( 'NONE', #348, #1892, #680, .T. ) ;
#3356 = FACE_OUTER_BOUND ( 'NONE', #956, .T. ) ;
#3357 = ADVANCED_FACE ( 'NONE', ( #3557 ), #1700, .F. ) ;
#3358 = CARTESIAN_POINT ( 'NONE',  ( 8.500000000000000000, 4.000000000000000000, -10.99999999999999645 ) ) ;
#3359 = CARTESIAN_POINT ( 'NONE',  ( 0.000000000000000000, 9.000000000000001776, 0.000000000000000000 ) ) ;
#3360 = VERTEX_POINT ( 'NONE', #1805 ) ;
#3361 = AXIS2_PLACEMENT_3D ( 'NONE', #2797, #322, #1936 ) ;
#3362 = CARTESIAN_POINT ( 'NONE',  ( 10.18389409826685998, 51.47323153550964747, -54.82472555611489895 ) ) ;
#3363 = DIRECTION ( 'NONE',  ( -0.000000000000000000, 1.000000000000000000, -0.000000000000000000 ) ) ;
#3364 = DIRECTION ( 'NONE',  ( 0.000000000000000000, -1.000000000000000000, 0.000000000000000000 ) ) ;
#3365 = ORIENTED_EDGE ( 'NONE', *, *, #199, .T. ) ;
#3366 = VECTOR ( 'NONE', #246, 1000.000000000000000 ) ;
#3367 = ORIENTED_EDGE ( 'NONE', *, *, #2632, .T. ) ;
#3368 = ADVANCED_FACE ( 'NONE', ( #697 ), #1473, .T. ) ;
#3369 = VECTOR ( 'NONE', #207, 1000.000000000000000 ) ;
#3370 = DIRECTION ( 'NONE',  ( 1.000000000000000000, 0.000000000000000000, 0.000000000000000000 ) ) ;
#3371 = ORIENTED_EDGE ( 'NONE', *, *, #1186, .F. ) ;
#3372 = CARTESIAN_POINT ( 'NONE',  ( 12.75759373806054775, 20.92808795178868309, 34.82311008720132151 ) ) ;
#3373 = CARTESIAN_POINT ( 'NONE',  ( 4.500000000000000888, 8.000000000000000000, -36.00000000000000000 ) ) ;
#3374 =( GEOMETRIC_REPRESENTATION_CONTEXT ( 3 ) GLOBAL_UNCERTAINTY_ASSIGNED_CONTEXT ( ( #2611 ) ) GLOBAL_UNIT_ASSIGNED_CONTEXT ( ( #1472, #104, #607 ) ) REPRESENTATION_CONTEXT ( 'NONE', 'WORKASPACE' ) );
#3375 = EDGE_CURVE ( 'NONE', #1948, #3257, #1571, .T. ) ;
#3376 = CARTESIAN_POINT ( 'NONE',  ( -5.000000000000000000, 12.52421356237315386, 6.773961030678926853 ) ) ;
#3377 = CARTESIAN_POINT ( 'NONE',  ( -10.00000000000000000, 4.000000000000000000, -41.00000000000000000 ) ) ;
#3378 = ORIENTED_EDGE ( 'NONE', *, *, #638, .T. ) ;
#3379 = LINE ( 'NONE', #1444, #2358 ) ;
#3380 = DIRECTION ( 'NONE',  ( 1.000000000000000000, 0.000000000000000000, 0.000000000000000000 ) ) ;
#3381 = CARTESIAN_POINT ( 'NONE',  ( 0.000000000000000000, -1.500000000000000000, 0.000000000000000000 ) ) ;
#3382 = CYLINDRICAL_SURFACE ( 'NONE', #1245, 42.35641655800942118 ) ;
#3383 = EDGE_CURVE ( 'NONE', #959, #438, #2918, .T. ) ;
#3384 = ORIENTED_EDGE ( 'NONE', *, *, #2357, .T. ) ;
#3385 = ORIENTED_EDGE ( 'NONE', *, *, #2142, .F. ) ;
#3386 = FACE_OUTER_BOUND ( 'NONE', #1927, .T. ) ;
#3387 = ORIENTED_EDGE ( 'NONE', *, *, #1254, .F. ) ;
#3388 = AXIS2_PLACEMENT_3D ( 'NONE', #2136, #1858, #2955 ) ;
#3389 = VERTEX_POINT ( 'NONE', #2437 ) ;
#3390 = DIRECTION ( 'NONE',  ( -1.000000000000000000, 0.000000000000000000, 0.000000000000000000 ) ) ;
#3391 = CARTESIAN_POINT ( 'NONE',  ( 0.000000000000000000, 0.000000000000000000, 0.000000000000000000 ) ) ;
#3392 = LINE ( 'NONE', #2364, #326 ) ;
#3393 = DIRECTION ( 'NONE',  ( 0.000000000000000000, 0.000000000000000000, 1.000000000000000000 ) ) ;
#3394 = ORIENTED_EDGE ( 'NONE', *, *, #665, .F. ) ;
#3395 = CARTESIAN_POINT ( 'NONE',  ( 1.843143693225357538E-15, -18.50000000000000000, -7.250000000000000888 ) ) ;
#3396 = DIRECTION ( 'NONE',  ( -1.000000000000000000, 0.000000000000000000, 0.000000000000000000 ) ) ;
#3397 = LINE ( 'NONE', #2589, #3112 ) ;
#3398 = CARTESIAN_POINT ( 'NONE',  ( 3.612708057484692590E-16, -11.00000000000000000, -2.950000000000000622 ) ) ;
#3399 = EDGE_CURVE ( 'NONE', #2442, #3389, #1366, .T. ) ;
#3400 = EDGE_CURVE ( 'NONE', #2649, #239, #2455, .T. ) ;
#3401 = EDGE_LOOP ( 'NONE', ( #1277, #2467, #2681, #1177 ) ) ;
#3402 = VERTEX_POINT ( 'NONE', #3282 ) ;
#3403 = EDGE_CURVE ( 'NONE', #2716, #2223, #247, .T. ) ;
#3404 = CARTESIAN_POINT ( 'NONE',  ( 17.00000000000000000, 3.999999999999996447, 42.49999999999999289 ) ) ;
#3405 = VERTEX_POINT ( 'NONE', #2936 ) ;
#3406 = EDGE_LOOP ( 'NONE', ( #2082, #347 ) ) ;
#3407 = DIRECTION ( 'NONE',  ( 0.000000000000000000, -0.000000000000000000, 1.000000000000000000 ) ) ;
#3408 = DIRECTION ( 'NONE',  ( 0.000000000000000000, -1.000000000000000000, 0.000000000000000000 ) ) ;
#3409 = LINE ( 'NONE', #123, #2696 ) ;
#3410 = VECTOR ( 'NONE', #2329, 1000.000000000000000 ) ;
#3411 = DIRECTION ( 'NONE',  ( 1.000000000000000000, -0.000000000000000000, -0.000000000000000000 ) ) ;
#3412 = FACE_OUTER_BOUND ( 'NONE', #147, .T. ) ;
#3413 = ORIENTED_EDGE ( 'NONE', *, *, #2879, .F. ) ;
#3414 = CARTESIAN_POINT ( 'NONE',  ( 9.536206158218215378, 70.54706547938958749, 15.72608565039805839 ) ) ;
#3415 = DIRECTION ( 'NONE',  ( 0.7071067811865453523, -0.000000000000000000, -0.7071067811865497932 ) ) ;
#3416 = VECTOR ( 'NONE', #2711, 1000.000000000000000 ) ;
#3417 = CARTESIAN_POINT ( 'NONE',  ( 5.000000000000000000, 40.28000000000000114, -13.90999999999999481 ) ) ;
#3418 = DIRECTION ( 'NONE',  ( 0.7071067811865465735, 0.000000000000000000, -0.7071067811865485719 ) ) ;
#3419 = ORIENTED_EDGE ( 'NONE', *, *, #3383, .F. ) ;
#3420 = ORIENTED_EDGE ( 'NONE', *, *, #641, .T. ) ;
#3421 = AXIS2_PLACEMENT_3D ( 'NONE', #1346, #2448, #1066 ) ;
#3422 = ADVANCED_FACE ( 'NONE', ( #1917 ), #3205, .T. ) ;
#3423 = FACE_OUTER_BOUND ( 'NONE', #3497, .T. ) ;
#3424 = VECTOR ( 'NONE', #1399, 1000.000000000000000 ) ;
#3425 = ORIENTED_EDGE ( 'NONE', *, *, #3494, .T. ) ;
#3426 = VERTEX_POINT ( 'NONE', #2662 ) ;
#3427 = AXIS2_PLACEMENT_3D ( 'NONE', #1255, #2043, #1751 ) ;
#3428 = DIRECTION ( 'NONE',  ( 1.000000000000000000, 0.000000000000000000, 0.000000000000000000 ) ) ;
#3429 = DIRECTION ( 'NONE',  ( 1.000000000000000000, 0.000000000000000000, 0.000000000000000000 ) ) ;
#3430 = CARTESIAN_POINT ( 'NONE',  ( 0.000000000000000000, -13.49999999999999822, 0.000000000000000000 ) ) ;
#3431 = DIRECTION ( 'NONE',  ( 1.000000000000000000, -0.000000000000000000, -0.000000000000000000 ) ) ;
#3432 = ORIENTED_EDGE ( 'NONE', *, *, #867, .F. ) ;
#3433 = CIRCLE ( 'NONE', #1436, 1.299999999999997380 ) ;
#3434 = CARTESIAN_POINT ( 'NONE',  ( 9.491068528964431650, 81.51718087634468191, -23.59960336230253120 ) ) ;
#3435 = DIRECTION ( 'NONE',  ( 0.000000000000000000, -0.7071067811865453523, -0.7071067811865496822 ) ) ;
#3436 = VECTOR ( 'NONE', #2707, 1000.000000000000000 ) ;
#3437 = DIRECTION ( 'NONE',  ( -0.000000000000000000, 1.000000000000000000, -0.000000000000000000 ) ) ;
#3438 = EDGE_CURVE ( 'NONE', #2006, #2389, #1555, .T. ) ;
#3439 = CARTESIAN_POINT ( 'NONE',  ( -2.500000000000030198, 40.28000000000000114, -13.90999999999999481 ) ) ;
#3440 = VERTEX_POINT ( 'NONE', #423 ) ;
#3441 = CIRCLE ( 'NONE', #731, 1.050000000000000266 ) ;
#3442 = ORIENTED_EDGE ( 'NONE', *, *, #2760, .T. ) ;
#3443 = AXIS2_PLACEMENT_3D ( 'NONE', #2693, #1006, #184 ) ;
#3444 = CARTESIAN_POINT ( 'NONE',  ( -2.999999999999999112, 4.000000000000002665, -4.500000000000000888 ) ) ;
#3445 = ORIENTED_EDGE ( 'NONE', *, *, #2258, .T. ) ;
#3446 = ORIENTED_EDGE ( 'NONE', *, *, #1451, .F. ) ;
#3447 = DIRECTION ( 'NONE',  ( 1.000000000000000000, 0.000000000000000000, 0.000000000000000000 ) ) ;
#3448 = CARTESIAN_POINT ( 'NONE',  ( 0.000000000000000000, 0.000000000000000000, 0.000000000000000000 ) ) ;
#3449 = EDGE_CURVE ( 'NONE', #2718, #2674, #1304, .T. ) ;
#3450 = CARTESIAN_POINT ( 'NONE',  ( 13.88593885708755415, 11.86000000000001009, 42.49999999999999289 ) ) ;
#3451 = EDGE_CURVE ( 'NONE', #3547, #3577, #520, .T. ) ;
#3452 = DIRECTION ( 'NONE',  ( 0.000000000000000000, 0.000000000000000000, -1.000000000000000000 ) ) ;
#3453 = CARTESIAN_POINT ( 'NONE',  ( 5.000000000000000000, 11.86000000000000654, 42.50000000000000000 ) ) ;
#3454 = ORIENTED_EDGE ( 'NONE', *, *, #3307, .F. ) ;
#3455 = CARTESIAN_POINT ( 'NONE',  ( 9.648329349558489199, 64.95522339477317075, 20.59300379544833248 ) ) ;
#3456 = FACE_OUTER_BOUND ( 'NONE', #2848, .T. ) ;
#3457 = DIRECTION ( 'NONE',  ( 0.7071067811865475727, -0.7071067811865475727, 0.000000000000000000 ) ) ;
#3458 = DIRECTION ( 'NONE',  ( 0.000000000000000000, 0.000000000000000000, -1.000000000000000000 ) ) ;
#3459 = ORIENTED_EDGE ( 'NONE', *, *, #2247, .T. ) ;
#3460 = CARTESIAN_POINT ( 'NONE',  ( 11.10281622301398841, 37.83167008215652061, -56.20001077579226489 ) ) ;
#3461 = ORIENTED_EDGE ( 'NONE', *, *, #1138, .T. ) ;
#3462 = VERTEX_POINT ( 'NONE', #993 ) ;
#3463 = PLANE ( 'NONE',  #495 ) ;
#3464 = CARTESIAN_POINT ( 'NONE',  ( 509.4793796504069974, 78.09549986705438585, 46.00000000000000000 ) ) ;
#3465 = DIRECTION ( 'NONE',  ( 0.000000000000000000, 1.000000000000000000, -6.629419235792965992E-14 ) ) ;
#3466 = CARTESIAN_POINT ( 'NONE',  ( -136.5042866136667499, 8.000000000000003553, -36.00000000000000000 ) ) ;
#3467 = EDGE_CURVE ( 'NONE', #1498, #3426, #2097, .T. ) ;
#3468 = PLANE ( 'NONE',  #1535 ) ;
#3469 = ORIENTED_EDGE ( 'NONE', *, *, #1430, .F. ) ;
#3470 = DIRECTION ( 'NONE',  ( 0.000000000000000000, 0.000000000000000000, 1.000000000000000000 ) ) ;
#3471 = ADVANCED_FACE ( 'NONE', ( #2646 ), #1519, .F. ) ;
#3472 = AXIS2_PLACEMENT_3D ( 'NONE', #3417, #992, #2038 ) ;
#3473 = CARTESIAN_POINT ( 'NONE',  ( 13.87311552129440706, 11.95525396270473450, -45.99999999999999289 ) ) ;
#3474 = LINE ( 'NONE', #2460, #3239 ) ;
#3475 = CARTESIAN_POINT ( 'NONE',  ( -136.5042866136667499, 30.77462047262846667, 30.49187800890825173 ) ) ;
#3476 = ORIENTED_EDGE ( 'NONE', *, *, #3555, .F. ) ;
#3477 = CARTESIAN_POINT ( 'NONE',  ( -5.000000000000000000, 11.10999999999999943, 0.4099999999999999756 ) ) ;
#3478 = EDGE_LOOP ( 'NONE', ( #3110, #1410, #3201, #1980 ) ) ;
#3479 = AXIS2_PLACEMENT_3D ( 'NONE', #1159, #2590, #2059 ) ;
#3480 = VERTEX_POINT ( 'NONE', #852 ) ;
#3481 = CARTESIAN_POINT ( 'NONE',  ( 11.97349429569969281, 28.21273698156656806, -50.85104830617460436 ) ) ;
#3482 = AXIS2_PLACEMENT_3D ( 'NONE', #1479, #88, #3393 ) ;
#3483 = CARTESIAN_POINT ( 'NONE',  ( 10.15754846695963565, 50.55746771201879852, 22.05095622981137637 ) ) ;
#3484 = CYLINDRICAL_SURFACE ( 'NONE', #3208, 9.800000000000002487 ) ;
#3485 = CARTESIAN_POINT ( 'NONE',  ( 9.806219637312276305, 60.01635863925410064, -39.55379455934048849 ) ) ;
#3486 = ORIENTED_EDGE ( 'NONE', *, *, #3383, .T. ) ;
#3487 = DIRECTION ( 'NONE',  ( 0.000000000000000000, 0.000000000000000000, 1.000000000000000000 ) ) ;
#3488 = EDGE_CURVE ( 'NONE', #334, #101, #1588, .T. ) ;
#3489 = CARTESIAN_POINT ( 'NONE',  ( 0.000000000000000000, 4.000000000000000000, 32.00000000000000000 ) ) ;
#3490 = DIRECTION ( 'NONE',  ( 1.000000000000000000, 0.000000000000000000, -0.000000000000000000 ) ) ;
#3491 = ORIENTED_EDGE ( 'NONE', *, *, #1500, .T. ) ;
#3492 = ADVANCED_FACE ( 'NONE', ( #576 ), #2166, .F. ) ;
#3493 = AXIS2_PLACEMENT_3D ( 'NONE', #1033, #2158, #1615 ) ;
#3494 = EDGE_CURVE ( 'NONE', #3292, #1612, #3069, .T. ) ;
#3495 = CARTESIAN_POINT ( 'NONE',  ( 12.69245595182407982, 21.49176814364396293, -51.89078132986885095 ) ) ;
#3496 = AXIS2_PLACEMENT_3D ( 'NONE', #3249, #1337, #2724 ) ;
#3497 = EDGE_LOOP ( 'NONE', ( #1032, #701, #605, #288 ) ) ;
#3498 = VERTEX_POINT ( 'NONE', #1705 ) ;
#3499 = APPLICATION_PROTOCOL_DEFINITION ( 'draft international standard', 'automotive_design', 1998, #1907 ) ;
#3500 = CARTESIAN_POINT ( 'NONE',  ( 11.04715931496376058, 38.52576193744890531, -52.73246582906418922 ) ) ;
#3501 = FACE_OUTER_BOUND ( 'NONE', #1961, .T. ) ;
#3502 = CARTESIAN_POINT ( 'NONE',  ( 8.500000000000000000, 4.000000000000000000, -31.99999999999999289 ) ) ;
#3503 = CARTESIAN_POINT ( 'NONE',  ( 9.723197541899077478, 62.46917834908826705, 9.655604194991042277 ) ) ;
#3504 = VERTEX_POINT ( 'NONE', #1957 ) ;
#3505 = CARTESIAN_POINT ( 'NONE',  ( 5.000000000000000000, 3.999999999999994671, 39.49999999999999289 ) ) ;
#3506 = VECTOR ( 'NONE', #3306, 1000.000000000000114 ) ;
#3507 = CARTESIAN_POINT ( 'NONE',  ( 9.897498380394830875, 57.65182341893329721, 13.38757211872197317 ) ) ;
#3508 = DIRECTION ( 'NONE',  ( 0.000000000000000000, 0.000000000000000000, 1.000000000000000000 ) ) ;
#3509 = ORIENTED_EDGE ( 'NONE', *, *, #3189, .F. ) ;
#3510 = ADVANCED_FACE ( 'NONE', ( #2761 ), #2489, .T. ) ;
#3511 = CARTESIAN_POINT ( 'NONE',  ( 13.16470443846290372, 17.50058944330335109, -41.60081188898130478 ) ) ;
#3512 =( BOUNDED_CURVE ( )  B_SPLINE_CURVE ( 3, ( #163, #2378, #3196, #1476 ),
 .UNSPECIFIED., .F., .F. ) 
 B_SPLINE_CURVE_WITH_KNOTS ( ( 4, 4 ),
 ( 4.753287734273308196, 4.807172597062385755 ),
 .UNSPECIFIED. ) 
 CURVE ( )  GEOMETRIC_REPRESENTATION_ITEM ( )  RATIONAL_B_SPLINE_CURVE ( ( 1.000000000000000000, 0.9997580497665788934, 0.9997580497665788934, 1.000000000000000000 ) ) 
 REPRESENTATION_ITEM ( '' )  );
#3513 = ORIENTED_EDGE ( 'NONE', *, *, #2699, .T. ) ;
#3514 = EDGE_CURVE ( 'NONE', #3344, #44, #70, .T. ) ;
#3515 = ORIENTED_EDGE ( 'NONE', *, *, #2701, .F. ) ;
#3516 = CARTESIAN_POINT ( 'NONE',  ( 12.48866571789656810, 23.30873581237549885, -48.88875148664134684 ) ) ;
#3517 = CARTESIAN_POINT ( 'NONE',  ( -5.000000000000000000, 19.59528137423860272, 12.54502884254441852 ) ) ;
#3518 = CARTESIAN_POINT ( 'NONE',  ( -5.000000000000000000, 12.52421356237315386, 6.773961030678926853 ) ) ;
#3519 = CARTESIAN_POINT ( 'NONE',  ( 9.520697963619799253, 71.65861669605997974, -5.827806250505538799 ) ) ;
#3520 = CARTESIAN_POINT ( 'NONE',  ( 13.88593885708755415, 11.86000000000000476, 36.00000000000000000 ) ) ;
#3521 = CARTESIAN_POINT ( 'NONE',  ( 4.500000000000000888, 46.46533905932746933, -27.16716446627516390 ) ) ;
#3522 = CARTESIAN_POINT ( 'NONE',  ( 14.41714023157608615, 7.999999999999992895, -36.00000000000000000 ) ) ;
#3523 = ORIENTED_EDGE ( 'NONE', *, *, #1319, .T. ) ;
#3524 = FACE_OUTER_BOUND ( 'NONE', #3401, .T. ) ;
#3525 = DIRECTION ( 'NONE',  ( -0.000000000000000000, 1.000000000000000000, -0.000000000000000000 ) ) ;
#3526 = EDGE_LOOP ( 'NONE', ( #226, #2029 ) ) ;
#3527 = VERTEX_POINT ( 'NONE', #3037 ) ;
#3528 = EDGE_CURVE ( 'NONE', #2035, #3241, #10, .T. ) ;
#3529 = PRODUCT_CONTEXT ( 'NONE', #1907, 'mechanical' ) ;
#3530 = CARTESIAN_POINT ( 'NONE',  ( 9.766896840783578781, 61.14160579395698392, 18.87131344877884587 ) ) ;
#3531 = FACE_OUTER_BOUND ( 'NONE', #3050, .T. ) ;
#3532 = EDGE_CURVE ( 'NONE', #768, #2649, #3340, .T. ) ;
#3533 = VECTOR ( 'NONE', #2402, 1000.000000000000000 ) ;
#3534 = CIRCLE ( 'NONE', #1123, 1.050000000000000488 ) ;
#3535 = VECTOR ( 'NONE', #2290, 1000.000000000000000 ) ;
#3536 = PLANE ( 'NONE',  #1547 ) ;
#3537 = CARTESIAN_POINT ( 'NONE',  ( 9.526788974254424502, 71.18333470598308566, -4.166948895962269361 ) ) ;
#3538 = CARTESIAN_POINT ( 'NONE',  ( 5.878304635907295789E-15, -1.951563910473907981E-14, 48.00000000000000000 ) ) ;
#3539 = DIRECTION ( 'NONE',  ( 0.000000000000000000, 0.000000000000000000, -1.000000000000000000 ) ) ;
#3540 = AXIS2_PLACEMENT_3D ( 'NONE', #2305, #3408, #1511 ) ;
#3541 = CARTESIAN_POINT ( 'NONE',  ( -7.500000000000000000, 40.28000000000000114, -13.90999999999999481 ) ) ;
#3542 = AXIS2_PLACEMENT_3D ( 'NONE', #3176, #2388, #428 ) ;
#3543 = DIRECTION ( 'NONE',  ( 0.000000000000000000, 1.055432419805552011E-14, 1.000000000000000000 ) ) ;
#3544 = VERTEX_POINT ( 'NONE', #870 ) ;
#3545 = CARTESIAN_POINT ( 'NONE',  ( -2.250000000000003109, 3.250000000000011990, 11.00000000000000355 ) ) ;
#3546 = AXIS2_PLACEMENT_3D ( 'NONE', #2637, #1331, #1812 ) ;
#3547 = VERTEX_POINT ( 'NONE', #1400 ) ;
#3548 = SHAPE_DEFINITION_REPRESENTATION ( #1329, #2938 ) ;
#3549 = CARTESIAN_POINT ( 'NONE',  ( 9.690524513067432011, 63.39266418422785421, 17.43876887333382797 ) ) ;
#3550 = VECTOR ( 'NONE', #2359, 999.9999999999998863 ) ;
#3551 = CARTESIAN_POINT ( 'NONE',  ( -2.999999999999999112, 4.000000000000000000, 4.500000000000000000 ) ) ;
#3552 = AXIS2_PLACEMENT_3D ( 'NONE', #1023, #1076, #3487 ) ;
#3553 = CARTESIAN_POINT ( 'NONE',  ( 10.67286864822335524, 43.54818461034892607, -49.63772538207564367 ) ) ;
#3554 = DIRECTION ( 'NONE',  ( -0.000000000000000000, -0.000000000000000000, 1.000000000000000000 ) ) ;
#3555 = EDGE_CURVE ( 'NONE', #3257, #2766, #2105, .T. ) ;
#3556 = VECTOR ( 'NONE', #2232, 1000.000000000000000 ) ;
#3557 = FACE_OUTER_BOUND ( 'NONE', #61, .T. ) ;
#3558 = CARTESIAN_POINT ( 'NONE',  ( -2.710505431213761085E-15, -18.50000000000000000, 7.500000000000000000 ) ) ;
#3559 = CARTESIAN_POINT ( 'NONE',  ( 12.36118235713828284, 24.46138916759879933, 37.43826620558363771 ) ) ;
#3560 = DIRECTION ( 'NONE',  ( -0.000000000000000000, 1.000000000000000000, -0.000000000000000000 ) ) ;
#3561 = AXIS2_PLACEMENT_3D ( 'NONE', #2787, #41, #859 ) ;
#3562 = ORIENTED_EDGE ( 'NONE', *, *, #3375, .T. ) ;
#3563 = LINE ( 'NONE', #1926, #1131 ) ;
#3564 = ORIENTED_EDGE ( 'NONE', *, *, #3027, .F. ) ;
#3565 = EDGE_LOOP ( 'NONE', ( #2255, #1486, #2897, #2842 ) ) ;
#3566 = CARTESIAN_POINT ( 'NONE',  ( 9.511293114731563136, 72.43463419299263251, -35.73531449143724359 ) ) ;
#3567 = CARTESIAN_POINT ( 'NONE',  ( 4.500000000000000888, 11.86000000000000121, 0.7699999999999997957 ) ) ;
#3568 = EDGE_LOOP ( 'NONE', ( #1656, #1641 ) ) ;
#3569 = CARTESIAN_POINT ( 'NONE',  ( 9.824141505384853090, 59.53093700548451039, 16.34035591182952629 ) ) ;
#3570 = CARTESIAN_POINT ( 'NONE',  ( 7.500000000000000000, -18.50000000000000000, 1.050000000000003153 ) ) ;
#3571 = PLANE ( 'NONE',  #2572 ) ;
#3572 = ADVANCED_FACE ( 'NONE', ( #558 ), #2231, .F. ) ;
#3573 = CARTESIAN_POINT ( 'NONE',  ( -2.999999999999999112, 4.000000000000000000, -10.99999999999999645 ) ) ;
#3574 = LINE ( 'NONE', #1920, #2873 ) ;
#3575 = VERTEX_POINT ( 'NONE', #258 ) ;
#3576 = EDGE_CURVE ( 'NONE', #2127, #1640, #501, .T. ) ;
#3577 = VERTEX_POINT ( 'NONE', #1595 ) ;
ENDSEC;
END-ISO-10303-21;
